main_category,sub_category,sub_category_image_url,product_name,brand,price,original_price,quantity,rating,stock_status,product_url,image_url
"Atta, Rice, Oil & Dals",Top Picks,"https://cdn.zeptonow.com/production/tr:w-90,ar-120-121,pr-true,f-auto,q-80/cms/sub_category/14.png",Naga Ragi Flour,Naga,47,49,1 pack (500 g),4.7 (2.2k),In Stock,https://www.zeptonow.com/pn/naga-ragi-flour/pvid/c9479639-bc8f-4065-8e5d-0b255f52a645,"https://cdn.zeptonow.com/production/tr:w-1280,ar-2400-2400,pr-true,f-auto,q-80/cms/product_variant/ddaa0ba3-3796-4aca-b268-f1c14c384ad6.jpeg"
"Atta, Rice, Oil & Dals",Top Picks,"https://cdn.zeptonow.com/production/tr:w-90,ar-120-121,pr-true,f-auto,q-80/cms/sub_category/14.png",Safe Harvest Pesticide-Free Groundnut | Natural and Delicious,Delicious,150,169,1 pack (500 g),4.7 (3.2k),In Stock,https://www.zeptonow.com/pn/safe-harvest-pesticide-free-groundnut-natural-and-delicious/pvid/62290a21-87ee-40d6-a6b0-e1db889606e5,"https://cdn.zeptonow.com/production/tr:w-1280,ar-1200-1200,pr-true,f-auto,q-80/cms/product_variant/5dc29c32-ba42-4822-afaa-597b02ef9250.jpg"
"Atta, Rice, Oil & Dals",Top Picks,"https://cdn.zeptonow.com/production/tr:w-90,ar-120-121,pr-true,f-auto,q-80/cms/sub_category/14.png",Anveshan A2 Desi Cow Ghee,Anveshan,1849,2160,1 pc (1 L),4.5 (84),In Stock,https://www.zeptonow.com/pn/anveshan-a2-desi-cow-ghee/pvid/45cd34e6-ffcc-4e43-83f5-a203b62934a1,"https://cdn.zeptonow.com/production/tr:w-1280,ar-2400-2400,pr-true,f-auto,q-80/cms/product_variant/9975d5bd-bd6c-4a1e-868b-af6ddd0539d0.jpeg"
"Atta, Rice, Oil & Dals",Top Picks,"https://cdn.zeptonow.com/production/tr:w-90,ar-120-121,pr-true,f-auto,q-80/cms/sub_category/14.png",Naga Sooji,Naga,92,102,1 pack (1 kg),4.7 (7.2k),In Stock,https://www.zeptonow.com/pn/naga-sooji/pvid/f26524c0-116a-4b51-b14c-063ab8367829,"https://cdn.zeptonow.com/production/tr:w-1280,ar-2400-2400,pr-true,f-auto,q-80/cms/product_variant/ef4fa976-d642-45fa-892a-07ff722c8c3c.jpeg"
"Atta, Rice, Oil & Dals",Top Picks,"https://cdn.zeptonow.com/production/tr:w-90,ar-120-121,pr-true,f-auto,q-80/cms/sub_category/14.png",Aashirvaad Multigrain Atta | 3 Rotis Fulfils 35% Daily Fibre,Aashirvaad,362,406,1 pack (5 kg),4.7 (26.9k),In Stock,https://www.zeptonow.com/pn/aashirvaad-multigrain-atta-3-rotis-fulfils-35-daily-fibre/pvid/16806c97-f2dc-4374-9a1c-c2a45376d0f8,"https://cdn.zeptonow.com/production/tr:w-1280,ar-2400-2400,pr-true,f-auto,q-80/cms/product_variant/a2cddf8f-bad7-47e2-94cc-977b81db0c07.jpeg"
"Atta, Rice, Oil & Dals",Top Picks,"https://cdn.zeptonow.com/production/tr:w-90,ar-120-121,pr-true,f-auto,q-80/cms/sub_category/14.png",Naga Samba Rava,Naga,82,93,1 pack (500 g),4.8 (3.3k),In Stock,https://www.zeptonow.com/pn/naga-samba-rava/pvid/3db73049-af91-47db-be27-10d78b4c2f00,"https://cdn.zeptonow.com/production/tr:w-1280,ar-2400-2400,pr-true,f-auto,q-80/cms/product_variant/a30a607b-00dc-45c4-9046-51c953ef98c3.jpeg"
"Atta, Rice, Oil & Dals",Top Picks,"https://cdn.zeptonow.com/production/tr:w-90,ar-120-121,pr-true,f-auto,q-80/cms/sub_category/14.png",Naga Sooji,Naga,48,50,1 pack (500 g),4.7 (10.6k),In Stock,https://www.zeptonow.com/pn/naga-sooji/pvid/60146a21-233a-4cf4-8137-6cf37ef4e817,"https://cdn.zeptonow.com/production/tr:w-1280,ar-1200-1200,pr-true,f-auto,q-80/cms/product_variant/55205b0d-6f41-41a1-b093-93cc677e5e31.jpeg"
"Atta, Rice, Oil & Dals",Top Picks,"https://cdn.zeptonow.com/production/tr:w-90,ar-120-121,pr-true,f-auto,q-80/cms/sub_category/14.png",Tata Sampann Unpolished Toor Dal-Arhar Dal,Tata,196,210,1 pack (1 kg),4.7 (31.2k),In Stock,https://www.zeptonow.com/pn/tata-sampann-unpolished-toor-dal-arhar-dal/pvid/1b3c9c59-924f-436c-91fb-910bcc3dee01,"https://cdn.zeptonow.com/production/tr:w-1280,ar-1200-1200,pr-true,f-auto,q-80/cms/product_variant/ddae04ed-05ae-4b5a-846e-0f579b5d2fb5.jpeg"
"Atta, Rice, Oil & Dals",Top Picks,"https://cdn.zeptonow.com/production/tr:w-90,ar-120-121,pr-true,f-auto,q-80/cms/sub_category/14.png",Pillsbury Atta/Godihittu - Chakki Fresh,Pillsbury,294,355,1 pack (5 kg),4.6 (12.6k),In Stock,https://www.zeptonow.com/pn/pillsbury-attagodihittu-chakki-fresh/pvid/9a99b440-cf97-4601-b478-1b6b7ef3f17c,"https://cdn.zeptonow.com/production/tr:w-1280,ar-1000-1000,pr-true,f-auto,q-80/cms/product_variant/d273138c-cf6d-498a-998b-186d94a9542a.jpeg"
"Atta, Rice, Oil & Dals",Top Picks,"https://cdn.zeptonow.com/production/tr:w-90,ar-120-121,pr-true,f-auto,q-80/cms/sub_category/14.png",Daawat Sona Masuri | Raw,Daawat,1966,2250,1 pack (26 kg),4 (236),In Stock,https://www.zeptonow.com/pn/daawat-sona-masuri-raw/pvid/71ccd2b2-8cc0-4044-8ddc-bad69e098709,"https://cdn.zeptonow.com/production/tr:w-1280,ar-2400-2400,pr-true,f-auto,q-80/cms/product_variant/e6361fe3-4d80-4220-80b7-c4339ffe9944.jpeg"
"Atta, Rice, Oil & Dals",Top Picks,"https://cdn.zeptonow.com/production/tr:w-90,ar-120-121,pr-true,f-auto,q-80/cms/sub_category/14.png",Pillsbury Chakki Fresh Atta,Pillsbury,63,73,1 pack (1 kg),4.6 (23.5k),In Stock,https://www.zeptonow.com/pn/pillsbury-chakki-fresh-atta/pvid/74a23b37-47f9-4a66-a2fe-e185ee6c5fbd,"https://cdn.zeptonow.com/production/tr:w-1280,ar-1000-1000,pr-true,f-auto,q-80/cms/product_variant/21ccab3e-f9ff-42f0-8054-b971ed9e75b5.jpeg"
"Atta, Rice, Oil & Dals",Top Picks,"https://cdn.zeptonow.com/production/tr:w-90,ar-120-121,pr-true,f-auto,q-80/cms/sub_category/14.png",Borges Extra Light Olive Oil,Borges,670,1300,1 pc (500 ml),3.9 (216),In Stock,https://www.zeptonow.com/pn/borges-extra-light-olive-oil/pvid/ff36eb28-0dd6-48fc-bcb0-13416c30ab7d,"https://cdn.zeptonow.com/production/tr:w-1280,ar-2400-2400,pr-true,f-auto,q-80/cms/product_variant/7f5dabaa-a37d-4ea7-b089-61e09299f646.jpeg"
"Atta, Rice, Oil & Dals",Top Picks,"https://cdn.zeptonow.com/production/tr:w-90,ar-120-121,pr-true,f-auto,q-80/cms/sub_category/14.png",Daily Good Corn Flour / Starch,Daily Good,73,75,1 pack (500 g),4.5 (12.3k),In Stock,https://www.zeptonow.com/pn/daily-good-corn-flour-starch/pvid/31ad3e8b-e689-48c1-956c-ca36d9fcac2c,"https://cdn.zeptonow.com/production/tr:w-1280,ar-1200-1200,pr-true,f-auto,q-80/cms/product_variant/79030d20-a349-43ad-a39d-deff2f566eb3.jpeg"
"Atta, Rice, Oil & Dals",Top Picks,"https://cdn.zeptonow.com/production/tr:w-90,ar-120-121,pr-true,f-auto,q-80/cms/sub_category/14.png",Naga Maida,Naga,44,47.5,1 pack (500 g),4.7 (5.4k),In Stock,https://www.zeptonow.com/pn/naga-maida/pvid/75f93281-d30f-4f0a-bd36-b558f8da1d7f,"https://cdn.zeptonow.com/production/tr:w-1280,ar-900-900,pr-true,f-auto,q-80/cms/product_variant/88074d20-0b8d-4ff5-8000-699fa2d6b993.png"
"Atta, Rice, Oil & Dals",Top Picks,"https://cdn.zeptonow.com/production/tr:w-90,ar-120-121,pr-true,f-auto,q-80/cms/sub_category/14.png",Naga Idiyappam / Kozhukattai Flour,Naga,48,50,1 pack (500 g),4.7 (570),In Stock,https://www.zeptonow.com/pn/naga-idiyappam-kozhukattai-flour/pvid/3811a914-0aef-46e3-9eb6-7849d6552c21,"https://cdn.zeptonow.com/production/tr:w-1280,ar-900-900,pr-true,f-auto,q-80/inventory/product/e17cdda1-8813-406f-b82b-28346764c5b6-Photo.jpeg"
"Atta, Rice, Oil & Dals",Top Picks,"https://cdn.zeptonow.com/production/tr:w-90,ar-120-121,pr-true,f-auto,q-80/cms/sub_category/14.png",Tata Sampann Unpolished Moong Dal,Tata,176,200,1 pack (1 kg),4.8 (12.8k),In Stock,https://www.zeptonow.com/pn/tata-sampann-unpolished-moong-dal/pvid/21a538c3-2470-4930-b670-1866caf5027b,"https://cdn.zeptonow.com/production/tr:w-1280,ar-1200-1200,pr-true,f-auto,q-80/cms/product_variant/b8b26745-9a95-47de-ae89-08760ffd68e6.jpeg"
"Atta, Rice, Oil & Dals",Top Picks,"https://cdn.zeptonow.com/production/tr:w-90,ar-120-121,pr-true,f-auto,q-80/cms/sub_category/14.png","Aashirvaad Atta - Superior MP Whole Wheat, No Maida | Pouch",Aashirvaad,557,638,1 pack (10 kg),4.7 (80.8k),In Stock,https://www.zeptonow.com/pn/aashirvaad-atta-superior-mp-whole-wheat-no-maida-pouch/pvid/d156ac8e-53c1-4f40-aea8-3de5b28f948d,"https://cdn.zeptonow.com/production/tr:w-1280,ar-1200-1200,pr-true,f-auto,q-80/cms/product_variant/9f97fd13-a517-40c4-b0ff-25cf05a0ac82.jpg"
"Atta, Rice, Oil & Dals",Top Picks,"https://cdn.zeptonow.com/production/tr:w-90,ar-120-121,pr-true,f-auto,q-80/cms/sub_category/14.png",Anveshan A2 Desi Gir Cow Ghee,Anveshan,1949,2795,1 pc (1 L),4.5 (183),In Stock,https://www.zeptonow.com/pn/anveshan-a2-desi-gir-cow-ghee/pvid/42bea882-94db-4a0c-8feb-ae53a8fd5ba5,"https://cdn.zeptonow.com/production/tr:w-1280,ar-2400-2400,pr-true,f-auto,q-80/cms/product_variant/da655358-1fb4-4186-92f3-eaa2b2ad857e.jpg"
"Atta, Rice, Oil & Dals",Top Picks,"https://cdn.zeptonow.com/production/tr:w-90,ar-120-121,pr-true,f-auto,q-80/cms/sub_category/14.png",Borges Extra Virgin Olive Oil,Borges,1399,2300,1 pc (1 L),4.4 (808),In Stock,https://www.zeptonow.com/pn/borges-extra-virgin-olive-oil/pvid/9f2234df-575c-4565-95dc-ab0fb7087e9f,"https://cdn.zeptonow.com/production/tr:w-1280,ar-2400-2400,pr-true,f-auto,q-80/cms/product_variant/6c309cb8-d548-401e-a0b9-fa2e276458f6.jpg"
"Atta, Rice, Oil & Dals",Top Picks,"https://cdn.zeptonow.com/production/tr:w-90,ar-120-121,pr-true,f-auto,q-80/cms/sub_category/14.png",Fortune Maida,Fortune,39,44,1 pack (500 g),4.7 (24.5k),In Stock,https://www.zeptonow.com/pn/fortune-maida/pvid/a60c8e00-5cd4-4137-9d5c-c9f16d1e0c2f,"https://cdn.zeptonow.com/production/tr:w-1280,ar-2000-2000,pr-true,f-auto,q-80/cms/product_variant/2f8daef3-6fac-4449-be27-da086faa92b1.jpeg"
"Atta, Rice, Oil & Dals",Top Picks,"https://cdn.zeptonow.com/production/tr:w-90,ar-120-121,pr-true,f-auto,q-80/cms/sub_category/14.png",Manna Foods Sprouted Ragi Flour,Manna,208,349,1 pack (1 kg),4.9 (155),In Stock,https://www.zeptonow.com/pn/manna-foods-sprouted-ragi-flour/pvid/60afeef9-39ef-4d38-95cf-ee3bb12054cf,"https://cdn.zeptonow.com/production/tr:w-1280,ar-1021-1021,pr-true,f-auto,q-80/cms/product_variant/9f22a9d0-95b0-4e9f-9089-71be9f9067f9.jpeg"
"Atta, Rice, Oil & Dals",Top Picks,"https://cdn.zeptonow.com/production/tr:w-90,ar-120-121,pr-true,f-auto,q-80/cms/sub_category/14.png",Puramate Corn Flour,Puramate,31,33,1 pack (100 g),4.7 (9.7k),In Stock,https://www.zeptonow.com/pn/puramate-corn-flour/pvid/eb96d63f-1c2d-436a-85f5-582ddbce6df3,"https://cdn.zeptonow.com/production/tr:w-1280,ar-2400-2400,pr-true,f-auto,q-80/cms/product_variant/5d563c99-d32b-4279-86d9-e4d52d79cbd5.jpg"
"Atta, Rice, Oil & Dals",Top Picks,"https://cdn.zeptonow.com/production/tr:w-90,ar-120-121,pr-true,f-auto,q-80/cms/sub_category/14.png",Aashirvaad Organic Moong Dal (Split) | 100% Organic Moong Dal Rich in Protein,Aashirvaad,227,310,1 pack (1 kg),4.6 (107),In Stock,https://www.zeptonow.com/pn/aashirvaad-organic-moong-dal-split-100-organic-moong-dal-rich-in-protein/pvid/b92f5d76-960b-4892-9152-fa37db898bee,"https://cdn.zeptonow.com/production/tr:w-1280,ar-2400-2400,pr-true,f-auto,q-80/cms/product_variant/85f2fcc6-93b2-4e6e-9f1c-5d5f4549b559.jpg"
"Atta, Rice, Oil & Dals",Top Picks,"https://cdn.zeptonow.com/production/tr:w-90,ar-120-121,pr-true,f-auto,q-80/cms/sub_category/14.png",Tata Simply Better Pure and Unrefined Cold Pressed Mustard Oil,Tata,1119,1500,1 pc (5 L),4.7 (138),In Stock,https://www.zeptonow.com/pn/tata-simply-better-pure-and-unrefined-cold-pressed-mustard-oil/pvid/16ee6374-0465-4939-90c3-001f66d7146f,"https://cdn.zeptonow.com/production/tr:w-1280,ar-2400-2400,pr-true,f-auto,q-80/cms/product_variant/07b2bd65-2e94-4b10-8abf-42350469367c.jpeg"
"Atta, Rice, Oil & Dals",Top Picks,"https://cdn.zeptonow.com/production/tr:w-90,ar-120-121,pr-true,f-auto,q-80/cms/sub_category/14.png",Naga Rice Flour,Naga,38,40,1 pack (500 g),4.6 (1.4k),In Stock,https://www.zeptonow.com/pn/naga-rice-flour/pvid/7573f938-382b-4d1d-8baa-5571925bee82,"https://cdn.zeptonow.com/production/tr:w-1280,ar-1500-1500,pr-true,f-auto,q-80/cms/product_variant/4e3c5755-caa6-4195-91b4-8eb4b13a7275.jpeg"
"Atta, Rice, Oil & Dals",Top Picks,"https://cdn.zeptonow.com/production/tr:w-90,ar-120-121,pr-true,f-auto,q-80/cms/sub_category/14.png",Daily Good Sooji / Rava,Daily Good,48,55,1 pack (500 g),4.5 (33.9k),In Stock,https://www.zeptonow.com/pn/daily-good-sooji-rava/pvid/f44d8388-2647-441b-bc03-1c4a0d52580b,"https://cdn.zeptonow.com/production/tr:w-1280,ar-1200-1200,pr-true,f-auto,q-80/cms/product_variant/3dbc0338-2093-4ee9-acb1-b6754fbde59d.jpeg"
"Atta, Rice, Oil & Dals",Top Picks,"https://cdn.zeptonow.com/production/tr:w-90,ar-120-121,pr-true,f-auto,q-80/cms/sub_category/14.png",Tata Sampann Unpolished Kabuli Chana,Tata,103,114,1 pack (500 g),4.7 (7.1k),In Stock,https://www.zeptonow.com/pn/tata-sampann-unpolished-kabuli-chana/pvid/dcc7365d-436a-4627-9a61-955653c25cee,"https://cdn.zeptonow.com/production/tr:w-1280,ar-1200-1200,pr-true,f-auto,q-80/cms/product_variant/f81a9cf9-bea5-4cce-8380-64627cd0cd3c.jpeg"
"Atta, Rice, Oil & Dals",Top Picks,"https://cdn.zeptonow.com/production/tr:w-90,ar-120-121,pr-true,f-auto,q-80/cms/sub_category/14.png",Mr.Gold Gingelly Oil Pouch,Mr.Gold,373,375,1 pack (1 L),4.7 (1.5k),In Stock,https://www.zeptonow.com/pn/mrgold-gingelly-oil-pouch/pvid/034f67d2-9d53-45cb-8036-c0d434cbae2b,"https://cdn.zeptonow.com/production/tr:w-1280,ar-2400-2400,pr-true,f-auto,q-80/cms/product_variant/16e4f79d-b3a2-4ea8-abcf-d9a3997edd24.jpeg"
"Atta, Rice, Oil & Dals",Top Picks,"https://cdn.zeptonow.com/production/tr:w-90,ar-120-121,pr-true,f-auto,q-80/cms/sub_category/14.png",Daily Good Rice Flour,Daily Good,63,65,1 pack (500 g),4.6 (12.8k),In Stock,https://www.zeptonow.com/pn/daily-good-rice-flour/pvid/763dbe3b-38b6-4c72-a3cb-040ab964a239,"https://cdn.zeptonow.com/production/tr:w-1280,ar-2400-2400,pr-true,f-auto,q-80/cms/product_variant/e50d565f-629b-4bc2-bc12-c16ee3d7ba34.jpeg"
"Atta, Rice, Oil & Dals",Top Picks,"https://cdn.zeptonow.com/production/tr:w-90,ar-120-121,pr-true,f-auto,q-80/cms/sub_category/14.png",Tata Sampann Fine Besan,Tata,64,75,1 pack (500 g),4.7 (18.0k),In Stock,https://www.zeptonow.com/pn/tata-sampann-fine-besan/pvid/b3939770-63ce-4c56-9a14-90e2f2baeffc,"https://cdn.zeptonow.com/production/tr:w-1280,ar-1200-1200,pr-true,f-auto,q-80/cms/product_variant/5db2d64a-776f-454f-9f31-bed23c5ab990.jpeg"
"Atta, Rice, Oil & Dals",Top Picks,"https://cdn.zeptonow.com/production/tr:w-90,ar-120-121,pr-true,f-auto,q-80/cms/sub_category/14.png",Naga Whole Wheat Atta,Naga,312,355,1 pack (5 kg),5 (721),In Stock,https://www.zeptonow.com/pn/naga-whole-wheat-atta/pvid/d24f7ced-80f4-491f-b657-9f9ca0342c7c,"https://cdn.zeptonow.com/production/tr:w-1280,ar-1000-1000,pr-true,f-auto,q-80/cms/product_variant/8b3a7aed-6cb3-406b-9271-3f0dac87f1fa.jpeg"
"Atta, Rice, Oil & Dals",Top Picks,"https://cdn.zeptonow.com/production/tr:w-90,ar-120-121,pr-true,f-auto,q-80/cms/sub_category/14.png",Mr.Gold Refined Sunflower Oil Jar,Mr.Gold,750,875,1 pc (5 L),4.6 (869),In Stock,https://www.zeptonow.com/pn/mrgold-refined-sunflower-oil-jar/pvid/fe55305b-bbd4-4326-9b22-761141ae7b41,"https://cdn.zeptonow.com/production/tr:w-1280,ar-2400-2400,pr-true,f-auto,q-80/cms/product_variant/3d63658d-f611-4276-b15a-589182a5cbe2.jpeg"
"Atta, Rice, Oil & Dals",Top Picks,"https://cdn.zeptonow.com/production/tr:w-90,ar-120-121,pr-true,f-auto,q-80/cms/sub_category/14.png",Tata Sampann Unpolished Green Moong,Tata,87,93,1 pack (500 g),4.7 (16.1k),In Stock,https://www.zeptonow.com/pn/tata-sampann-unpolished-green-moong/pvid/36153031-3e4e-4f9c-9082-16ec095479b4,"https://cdn.zeptonow.com/production/tr:w-1280,ar-1200-1200,pr-true,f-auto,q-80/cms/product_variant/5dc00146-1475-4b01-92a7-f0c0f993b582.jpeg"
"Atta, Rice, Oil & Dals",Top Picks,"https://cdn.zeptonow.com/production/tr:w-90,ar-120-121,pr-true,f-auto,q-80/cms/sub_category/14.png",Double Horse Appam/Idiyappam/Pathiri Rice Flour,Double Horse,99,109,1 pack (1 kg),4.8 (1.2k),In Stock,https://www.zeptonow.com/pn/double-horse-appamidiyappampathiri-rice-flour/pvid/01ab828f-7a5d-4391-b667-9822a7127c48,"https://cdn.zeptonow.com/production/tr:w-1280,ar-2400-2400,pr-true,f-auto,q-80/cms/product_variant/a5376a8c-1fca-4bc2-b67b-27a5d40e49b0.jpeg"
"Atta, Rice, Oil & Dals",Top Picks,"https://cdn.zeptonow.com/production/tr:w-90,ar-120-121,pr-true,f-auto,q-80/cms/sub_category/14.png",Mr.Gold Coconut Oil Pouch,Mr.Gold,462,600,1 pack (1 L),5 (1.4k),In Stock,https://www.zeptonow.com/pn/mrgold-coconut-oil-pouch/pvid/8625bec7-d418-4763-8303-707b485936c4,"https://cdn.zeptonow.com/production/tr:w-1280,ar-1200-1200,pr-true,f-auto,q-80/cms/product_variant/2afdf294-7c42-4a35-b0dd-cb483f0ef210.jpeg"
"Atta, Rice, Oil & Dals",Top Picks,"https://cdn.zeptonow.com/production/tr:w-90,ar-120-121,pr-true,f-auto,q-80/cms/sub_category/14.png","Aashirvaad Organic Pure Cow Ghee, Certified Organic",Aashirvaad,695,799,1 pc (500 ml),4.6 (306),In Stock,https://www.zeptonow.com/pn/aashirvaad-organic-pure-cow-ghee-certified-organic/pvid/3f7963e6-b84d-4b93-b714-833caedcefe7,"https://cdn.zeptonow.com/production/tr:w-1280,ar-1200-1200,pr-true,f-auto,q-80/cms/product_variant/98599f6d-7dbf-4633-ad3b-d7a92a5a9a1e.jpg"
"Atta, Rice, Oil & Dals",Top Picks,"https://cdn.zeptonow.com/production/tr:w-90,ar-120-121,pr-true,f-auto,q-80/cms/sub_category/14.png",Dehaat Honest Farms Raw Peanuts,Dehaat,98,148,1 pack (500 g),4.5 (4.4k),In Stock,https://www.zeptonow.com/pn/dehaat-honest-farms-raw-peanuts/pvid/10b2c93e-8226-4066-876c-9f3e65e42145,"https://cdn.zeptonow.com/production/tr:w-1280,ar-2400-2400,pr-true,f-auto,q-80/cms/product_variant/bd2aca06-12cd-47b2-98ed-b8a82c83ae04.jpeg"
"Atta, Rice, Oil & Dals",Top Picks,"https://cdn.zeptonow.com/production/tr:w-90,ar-120-121,pr-true,f-auto,q-80/cms/sub_category/14.png",Naga Maida,Naga,81,92,1 pack (1 kg),4.7 (4.5k),In Stock,https://www.zeptonow.com/pn/naga-maida/pvid/4102910e-33bb-4e40-890b-7c8b13fd8000,"https://cdn.zeptonow.com/production/tr:w-1280,ar-1200-1200,pr-true,f-auto,q-80/cms/product_variant/4418ac61-5f6a-494a-84ed-ea6ebad67898.jpg"
"Atta, Rice, Oil & Dals",Top Picks,"https://cdn.zeptonow.com/production/tr:w-90,ar-120-121,pr-true,f-auto,q-80/cms/sub_category/14.png",Mr.Gold Refinfed Sunflower Pouch,Mr.Gold,143,170,1 pack (1 L),4.8 (30.5k),In Stock,https://www.zeptonow.com/pn/mrgold-refinfed-sunflower-pouch/pvid/a253f493-93cf-4b27-97d3-b602aec52562,"https://cdn.zeptonow.com/production/tr:w-1280,ar-2400-2400,pr-true,f-auto,q-80/cms/product_variant/15ea40ab-7da6-46f3-9146-26b234a186ae.jpeg"
"Atta, Rice, Oil & Dals",Top Picks,"https://cdn.zeptonow.com/production/tr:w-90,ar-120-121,pr-true,f-auto,q-80/cms/sub_category/14.png",Fortune Chakki Fresh Atta,Fortune,503,628,1 pack (10 kg),4.6 (43.5k),In Stock,https://www.zeptonow.com/pn/fortune-chakki-fresh-atta/pvid/09100e95-eb80-4089-8f4a-7cad4fc65be7,"https://cdn.zeptonow.com/production/tr:w-1280,ar-2400-2400,pr-true,f-auto,q-80/cms/product_variant/78fa179e-d738-47f6-912b-cd80abf651ba.jpeg"
"Atta, Rice, Oil & Dals",Top Picks,"https://cdn.zeptonow.com/production/tr:w-90,ar-120-121,pr-true,f-auto,q-80/cms/sub_category/14.png",Annapurna Roasted Suji Rava / Roasted Sooji,Annapurna,38,40,1 pack (500 g),4.4 (1.1k),In Stock,https://www.zeptonow.com/pn/annapurna-roasted-suji-rava-roasted-sooji/pvid/5979988c-b198-42d1-bfe6-af9fb6e819a0,"https://cdn.zeptonow.com/production/tr:w-1280,ar-1200-1200,pr-true,f-auto,q-80/cms/product_variant/10b4bfc6-b4f8-478d-bd0d-7871b770f44e.jpg"
"Atta, Rice, Oil & Dals",Top Picks,"https://cdn.zeptonow.com/production/tr:w-90,ar-120-121,pr-true,f-auto,q-80/cms/sub_category/14.png","Aashirvaad Atta - Superior MP Whole Wheat, No Maida | Pouch",Aashirvaad,68,73,1 pack (1 kg),4.7 (121.2k),In Stock,https://www.zeptonow.com/pn/aashirvaad-atta-superior-mp-whole-wheat-no-maida-pouch/pvid/ae6045b0-0526-4401-8a18-cb55592249e6,"https://cdn.zeptonow.com/production/tr:w-1280,ar-1200-1200,pr-true,f-auto,q-80/cms/product_variant/fe012e99-e612-4ef9-a3b7-f260f37479f6.jpg"
"Atta, Rice, Oil & Dals",Top Picks,"https://cdn.zeptonow.com/production/tr:w-90,ar-120-121,pr-true,f-auto,q-80/cms/sub_category/14.png",Tata Sampann Unpolished Moong Dal,Tata,94,100,1 pack (500 g),4.7 (27.5k),In Stock,https://www.zeptonow.com/pn/tata-sampann-unpolished-moong-dal/pvid/cfc5e58e-1b02-4f88-9ae4-85630c217570,"https://cdn.zeptonow.com/production/tr:w-1280,ar-1200-1200,pr-true,f-auto,q-80/cms/product_variant/b885574e-f5d7-4560-850d-67d4e530efe7.jpeg"
"Atta, Rice, Oil & Dals",Top Picks,"https://cdn.zeptonow.com/production/tr:w-90,ar-120-121,pr-true,f-auto,q-80/cms/sub_category/14.png","Aashirvaad Pure Cow Ghee, PET Jar, Rich Aroma",Aashirvaad,173,192,1 pc (200 ml),4.9 (484),In Stock,https://www.zeptonow.com/pn/aashirvaad-pure-cow-ghee-pet-jar-rich-aroma/pvid/591e9be3-fae3-476c-8386-75ef8a17658f,"https://cdn.zeptonow.com/production/tr:w-1280,ar-1425-1425,pr-true,f-auto,q-80/cms/product_variant/4164e3da-0391-445d-8f23-33ff56613869.jpeg"
"Atta, Rice, Oil & Dals",Top Picks,"https://cdn.zeptonow.com/production/tr:w-90,ar-120-121,pr-true,f-auto,q-80/cms/sub_category/14.png",Double Horse Puttupodi White,Double Horse,109,120,1 pack (1 kg),4.7 (1.5k),In Stock,https://www.zeptonow.com/pn/double-horse-puttupodi-white/pvid/ee8247f7-5218-46b7-bb7f-ecd34ebb0429,"https://cdn.zeptonow.com/production/tr:w-1280,ar-1200-1200,pr-true,f-auto,q-80/cms/product_variant/4b0ffd55-0160-40ad-8a46-5cae26ef9fe0.jpeg"
"Atta, Rice, Oil & Dals",Top Picks,"https://cdn.zeptonow.com/production/tr:w-90,ar-120-121,pr-true,f-auto,q-80/cms/sub_category/14.png",Anveshan Desi Buffalo Ghee,Anveshan,999,1450,1 pc (1 L),4.7 (132),In Stock,https://www.zeptonow.com/pn/anveshan-desi-buffalo-ghee/pvid/aaffddbe-d9c7-4dfa-bb0d-5ef88a6598d6,"https://cdn.zeptonow.com/production/tr:w-1280,ar-1500-1500,pr-true,f-auto,q-80/cms/product_variant/0dfe57f1-e1cb-4ab1-b54a-9646ed7fd16b.jpg"
"Atta, Rice, Oil & Dals",Top Picks,"https://cdn.zeptonow.com/production/tr:w-90,ar-120-121,pr-true,f-auto,q-80/cms/sub_category/14.png",Natureland Organics Ragi Flour,Natureland,64,79,1 pack (500 g),4.6 (268),In Stock,https://www.zeptonow.com/pn/natureland-organics-ragi-flour/pvid/648580fb-c4df-4531-a966-3ef06a289d04,"https://cdn.zeptonow.com/production/tr:w-1280,ar-1200-1200,pr-true,f-auto,q-80/cms/product_variant/576ed213-113c-4797-9102-f7c6d3ac16d3.jpg"
"Atta, Rice, Oil & Dals",Top Picks,"https://cdn.zeptonow.com/production/tr:w-90,ar-120-121,pr-true,f-auto,q-80/cms/sub_category/14.png",Safe Harvest Pesticide-Free Groundnut | Natural and Delicious,Delicious,76,88,1 pack (250 g),4.7 (3.1k),In Stock,https://www.zeptonow.com/pn/safe-harvest-pesticide-free-groundnut-natural-and-delicious/pvid/49087375-201e-44d8-a369-4b6c393f7dfa,"https://cdn.zeptonow.com/production/tr:w-1280,ar-1200-1200,pr-true,f-auto,q-80/cms/product_variant/a180fffa-99e2-4c1d-aff7-d6381e869344.jpeg"
"Atta, Rice, Oil & Dals",Top Picks,"https://cdn.zeptonow.com/production/tr:w-90,ar-120-121,pr-true,f-auto,q-80/cms/sub_category/14.png",Organic Tattva Wheat Flour | Chakki Atta,Organic Tattva,326,449,1 pack (5 kg),4.3 (1.4k),In Stock,https://www.zeptonow.com/pn/organic-tattva-wheat-flour-chakki-atta/pvid/3587eb86-cc71-4dda-aee1-786f8e1ae3dc,"https://cdn.zeptonow.com/production/tr:w-1280,ar-1500-1500,pr-true,f-auto,q-80/cms/product_variant/0c49eaf5-bbfb-4bad-9b8f-afe4172ecceb.jpeg"
"Atta, Rice, Oil & Dals",Top Picks,"https://cdn.zeptonow.com/production/tr:w-90,ar-120-121,pr-true,f-auto,q-80/cms/sub_category/14.png","Aashirvaad Pure Cow Ghee, Pouch, Rich Aroma",Aashirvaad,695,780,1 pack (1 L),4.8 (2.2k),In Stock,https://www.zeptonow.com/pn/aashirvaad-pure-cow-ghee-pouch-rich-aroma/pvid/cf9fc46a-6fc6-44b8-bb65-efba05dac42c,"https://cdn.zeptonow.com/production/tr:w-1280,ar-1200-1200,pr-true,f-auto,q-80/cms/product_variant/7149ea20-17b0-4aeb-ba64-d9b20e3192d7.jpg"
"Atta, Rice, Oil & Dals",Top Picks,"https://cdn.zeptonow.com/production/tr:w-90,ar-120-121,pr-true,f-auto,q-80/cms/sub_category/14.png",Mr. Gold Groundnut Oil Pouch,Mr.,173,205,1 pack (1 L),4.8 (9.1k),In Stock,https://www.zeptonow.com/pn/mr-gold-groundnut-oil-pouch/pvid/1a43c02f-652c-4878-b342-983cecfa392b,"https://cdn.zeptonow.com/production/tr:w-1280,ar-1200-1200,pr-true,f-auto,q-80/cms/product_variant/9b74ec86-a1c0-4a9d-9a67-1b57bbc43c61.jpeg"
"Atta, Rice, Oil & Dals",Top Picks,"https://cdn.zeptonow.com/production/tr:w-90,ar-120-121,pr-true,f-auto,q-80/cms/sub_category/14.png",Double Horse Chemba Puttu Podi,Double Horse,72,75,1 pack (500 g),4.8 (816),In Stock,https://www.zeptonow.com/pn/double-horse-chemba-puttu-podi/pvid/9700dff4-c354-44b3-bb48-a795f7079786,"https://cdn.zeptonow.com/production/tr:w-1280,ar-1500-1500,pr-true,f-auto,q-80/cms/product_variant/6d4af176-5f33-47f9-b62f-4ea8402b300f.jpeg"
"Atta, Rice, Oil & Dals",Top Picks,"https://cdn.zeptonow.com/production/tr:w-90,ar-120-121,pr-true,f-auto,q-80/cms/sub_category/14.png",Anveshan A2 Gir Cow Ghee,Anveshan,338,370,1 pc (150 ml),4.4 (411),In Stock,https://www.zeptonow.com/pn/anveshan-a2-gir-cow-ghee/pvid/c5375c8e-f3bb-4868-8bd1-3cb55d2ada31,"https://cdn.zeptonow.com/production/tr:w-1280,ar-2400-2400,pr-true,f-auto,q-80/cms/product_variant/cbbd5da0-71f9-4c39-ab15-0139be2bdfbf.jpg"
"Atta, Rice, Oil & Dals",Top Picks,"https://cdn.zeptonow.com/production/tr:w-90,ar-120-121,pr-true,f-auto,q-80/cms/sub_category/14.png",Daawat Super Basmati Rice | Long Grain,Daawat,164,200,1 pack (1 kg),4.7 (8.5k),In Stock,https://www.zeptonow.com/pn/daawat-super-basmati-rice-long-grain/pvid/e2acbaf7-88ed-4603-bd53-33868c3f1ae0,"https://cdn.zeptonow.com/production/tr:w-1280,ar-1200-1200,pr-true,f-auto,q-80/cms/product_variant/24004eb3-af64-4709-a20a-1aa8ae7a9c93.jpeg"
"Atta, Rice, Oil & Dals",Top Picks,"https://cdn.zeptonow.com/production/tr:w-90,ar-120-121,pr-true,f-auto,q-80/cms/sub_category/14.png",Daily Good Bansi Rava / Sooji / Dalia,Daily Good,40,55,1 pack (500 g),4.7 (4.6k),In Stock,https://www.zeptonow.com/pn/daily-good-bansi-rava-sooji-dalia/pvid/1e60e40a-41a5-4708-a74d-f7fd379fce56,"https://cdn.zeptonow.com/production/tr:w-1280,ar-1200-1200,pr-true,f-auto,q-80/cms/product_variant/7599c5ac-e5b2-4a61-b3b1-705f416e2f51.jpeg"
"Atta, Rice, Oil & Dals",Top Picks,"https://cdn.zeptonow.com/production/tr:w-90,ar-120-121,pr-true,f-auto,q-80/cms/sub_category/14.png",Weikfield Corn Starch,Weikfield,94,95,1 pack (500 g),4.8 (4.7k),In Stock,https://www.zeptonow.com/pn/weikfield-corn-starch/pvid/7ff95977-a477-4d2a-acec-61fc8d1bcea2,"https://cdn.zeptonow.com/production/tr:w-1280,ar-1000-1000,pr-true,f-auto,q-80/cms/product_variant/39dc65e7-d2f5-4999-ac2b-85e01fe0b097.jpeg"
"Atta, Rice, Oil & Dals",Top Picks,"https://cdn.zeptonow.com/production/tr:w-90,ar-120-121,pr-true,f-auto,q-80/cms/sub_category/14.png",Tata Simply Better Cold Pressed Sesame-Gingelly-Til Oil,Tata,479,649,1 pc (1 L),4.8 (763),In Stock,https://www.zeptonow.com/pn/tata-simply-better-cold-pressed-sesame-gingelly-til-oil/pvid/9012a1d3-3726-40dd-b454-ad238198f933,"https://cdn.zeptonow.com/production/tr:w-1280,ar-2400-2400,pr-true,f-auto,q-80/cms/product_variant/f9764082-31c5-41eb-b60a-5a98b887bb03.jpeg"
"Atta, Rice, Oil & Dals",Top Picks,"https://cdn.zeptonow.com/production/tr:w-90,ar-120-121,pr-true,f-auto,q-80/cms/sub_category/14.png",Anveshan A2 Desi Cow Ghee,Anveshan,259,300,1 pc (150 ml),4.5 (383),In Stock,https://www.zeptonow.com/pn/anveshan-a2-desi-cow-ghee/pvid/7158f073-9919-430c-b329-aac11abee944,"https://cdn.zeptonow.com/production/tr:w-1280,ar-1200-1200,pr-true,f-auto,q-80/cms/product_variant/c9b51640-669f-4aaa-9279-bd743e69768f.jpg"
"Atta, Rice, Oil & Dals",Top Picks,"https://cdn.zeptonow.com/production/tr:w-90,ar-120-121,pr-true,f-auto,q-80/cms/sub_category/14.png",Dehaat Honest Farms Unpolished Toor Dal | Arhar Dal,Dehaat,182,280,1 pack (1 kg),4.9 (635),In Stock,https://www.zeptonow.com/pn/dehaat-honest-farms-unpolished-toor-dal-arhar-dal/pvid/77996009-de73-4aad-a183-cb82a3830882,"https://cdn.zeptonow.com/production/tr:w-1280,ar-900-900,pr-true,f-auto,q-80/inventory/product/b5bf0605-87bd-41a2-8b7d-6537b36325d9-/tmp/20230425-1314261.jpeg"
"Atta, Rice, Oil & Dals",Top Picks,"https://cdn.zeptonow.com/production/tr:w-90,ar-120-121,pr-true,f-auto,q-80/cms/sub_category/14.png",Natureland - Organic Bajra Flour,Natureland,59,70,1 pack (500 g),4.8 (113),In Stock,https://www.zeptonow.com/pn/natureland-organic-bajra-flour/pvid/81159131-03d2-4c85-8d89-aa3cbdf2683e,"https://cdn.zeptonow.com/production/tr:w-1280,ar-2400-2400,pr-true,f-auto,q-80/cms/product_variant/8836d920-b0f9-4efe-bebe-487fc86428fa.jpeg"
"Atta, Rice, Oil & Dals",Top Picks,"https://cdn.zeptonow.com/production/tr:w-90,ar-120-121,pr-true,f-auto,q-80/cms/sub_category/14.png",Brahmins Extra Rosted Puttu Powder,Brahmins,115,135,1 pack (1 kg),4.9 (120),In Stock,https://www.zeptonow.com/pn/brahmins-extra-rosted-puttu-powder/pvid/d14ce465-7c34-4d3e-adbd-7fe8a2e7a32a,"https://cdn.zeptonow.com/production/tr:w-1280,ar-2400-2400,pr-true,f-auto,q-80/cms/product_variant/04d79245-8093-4528-aa8c-7728071baf3d.jpeg"
"Atta, Rice, Oil & Dals",Top Picks,"https://cdn.zeptonow.com/production/tr:w-90,ar-120-121,pr-true,f-auto,q-80/cms/sub_category/14.png",Tata Simply Better Cold Pressed Virgin Coconut Oil,Tata,612,849,1 pc (1 L),4.8 (689),In Stock,https://www.zeptonow.com/pn/tata-simply-better-cold-pressed-virgin-coconut-oil/pvid/c69adc79-9e64-412f-b85c-7b1e24d9bd9c,"https://cdn.zeptonow.com/production/tr:w-1280,ar-1499-1499,pr-true,f-auto,q-80/cms/product_variant/be6d0314-e33e-4f61-b52a-3cb79db57d37.jpeg"
"Atta, Rice, Oil & Dals",Top Picks,"https://cdn.zeptonow.com/production/tr:w-90,ar-120-121,pr-true,f-auto,q-80/cms/sub_category/14.png",Tata Sampann Unpolished Chana Dal,Tata,121,148,1 pack (1 kg),4.7 (7.0k),In Stock,https://www.zeptonow.com/pn/tata-sampann-unpolished-chana-dal/pvid/84ac8cee-78fd-4a25-962c-0020060df6da,"https://cdn.zeptonow.com/production/tr:w-1280,ar-1200-1200,pr-true,f-auto,q-80/cms/product_variant/471e7327-81df-4439-8f63-ea25e28679eb.jpeg"
"Atta, Rice, Oil & Dals",Top Picks,"https://cdn.zeptonow.com/production/tr:w-90,ar-120-121,pr-true,f-auto,q-80/cms/sub_category/14.png",Natureland Organics Whole Wheat Flour,Natureland,320,399,1 pack (5 kg),4.4 (269),In Stock,https://www.zeptonow.com/pn/natureland-organics-whole-wheat-flour/pvid/02c15aab-2d35-4e54-adb5-f01d10996ad9,"https://cdn.zeptonow.com/production/tr:w-1280,ar-2400-2400,pr-true,f-auto,q-80/cms/product_variant/ff8073c3-8c94-4c3d-ba17-0b3e454463db.jpeg"
"Atta, Rice, Oil & Dals",Top Picks,"https://cdn.zeptonow.com/production/tr:w-90,ar-120-121,pr-true,f-auto,q-80/cms/sub_category/14.png",Aashirvaad Svasti Pure Cow Ghee - Pet Pack,Aashirvaad,440,463,1 pc (500 ml),5 (62),In Stock,https://www.zeptonow.com/pn/aashirvaad-svasti-pure-cow-ghee-pet-pack/pvid/a2e1c461-d61a-47c4-af28-f2006e8b3f70,"https://cdn.zeptonow.com/production/tr:w-1280,ar-2400-2400,pr-true,f-auto,q-80/cms/product_variant/77674992-2af7-49cd-8150-0e7fa8b67fc2.jpeg"
"Atta, Rice, Oil & Dals",Top Picks,"https://cdn.zeptonow.com/production/tr:w-90,ar-120-121,pr-true,f-auto,q-80/cms/sub_category/14.png",Daawat Biryani Basmati Rice | Long Grain,Daawat,243,250,1 pack (1 kg),4.9 (3.5k),In Stock,https://www.zeptonow.com/pn/daawat-biryani-basmati-rice-long-grain/pvid/3e01e4c1-b31d-4305-810f-5c3a03a7401f,"https://cdn.zeptonow.com/production/tr:w-1280,ar-1200-1200,pr-true,f-auto,q-80/cms/product_variant/d7d7226f-637f-428b-b3f3-229865307473.jpeg"
"Atta, Rice, Oil & Dals",Top Picks,"https://cdn.zeptonow.com/production/tr:w-90,ar-120-121,pr-true,f-auto,q-80/cms/sub_category/14.png",Organic Tattva Ragi Atta,Organic Tattva,79,80,1 pack (500 g),4.8 (2.0k),In Stock,https://www.zeptonow.com/pn/organic-tattva-ragi-atta/pvid/c0781799-72e5-4bb2-8b82-d96ffe9aab6f,"https://cdn.zeptonow.com/production/tr:w-1280,ar-1500-1500,pr-true,f-auto,q-80/cms/product_variant/028f1b8a-4a58-4e3b-9d1c-172be891c1b1.jpeg"
"Atta, Rice, Oil & Dals",Top Picks,"https://cdn.zeptonow.com/production/tr:w-90,ar-120-121,pr-true,f-auto,q-80/cms/sub_category/14.png",Nirapara Chemba Puttu Podi,Nirapara,150,159,1 pack (1 kg),5 (65),In Stock,https://www.zeptonow.com/pn/nirapara-chemba-puttu-podi/pvid/5d2799a5-0761-4db2-bc1b-37c211e6dc52,"https://cdn.zeptonow.com/production/tr:w-1280,ar-1000-1000,pr-true,f-auto,q-80/cms/product_variant/b7535b45-a5e3-4c56-9cb9-98664a218d1c.jpg"
"Atta, Rice, Oil & Dals",Top Picks,"https://cdn.zeptonow.com/production/tr:w-90,ar-120-121,pr-true,f-auto,q-80/cms/sub_category/14.png",Daily Good Idli Rava - Sooji,Daily Good,39,55,1 pack (500 g),4.6 (7.5k),In Stock,https://www.zeptonow.com/pn/daily-good-idli-rava-sooji/pvid/d380073e-b868-464d-b272-f08d98867b3b,"https://cdn.zeptonow.com/production/tr:w-1280,ar-1000-1000,pr-true,f-auto,q-80/cms/product_variant/1e5c7b84-94dc-41e5-95bf-344040ea9463.jpeg"
"Atta, Rice, Oil & Dals",Top Picks,"https://cdn.zeptonow.com/production/tr:w-90,ar-120-121,pr-true,f-auto,q-80/cms/sub_category/14.png",Fortune Besan,Fortune,68,85,1 pack (500 g),4.7 (59.6k),In Stock,https://www.zeptonow.com/pn/fortune-besan/pvid/66ba554d-5f06-47ba-91fd-50ba62096bec,"https://cdn.zeptonow.com/production/tr:w-1280,ar-1200-1200,pr-true,f-auto,q-80/cms/product_variant/6f971b32-5b4b-4c79-86e8-cc431619abba.jpeg"
"Atta, Rice, Oil & Dals",Top Picks,"https://cdn.zeptonow.com/production/tr:w-90,ar-120-121,pr-true,f-auto,q-80/cms/sub_category/14.png",Tata Simply Better Pure and Unrefined Cold Pressed Virgin Coconut Oil,Tata,369,499,1 pc (500 ml),4.7 (387),In Stock,https://www.zeptonow.com/pn/tata-simply-better-pure-and-unrefined-cold-pressed-virgin-coconut-oil/pvid/85fc43ac-0cd9-4cf7-8a70-bba8562bb2a6,"https://cdn.zeptonow.com/production/tr:w-1280,ar-1000-1000,pr-true,f-auto,q-80/cms/product_variant/2aaf91bf-1745-4220-bb4a-22cb184128e3.jpg"
"Atta, Rice, Oil & Dals",Top Picks,"https://cdn.zeptonow.com/production/tr:w-90,ar-120-121,pr-true,f-auto,q-80/cms/sub_category/14.png",Tata Sampann Kala Chana,Tata,140,149,1 pack (1 kg),4.7 (12.3k),In Stock,https://www.zeptonow.com/pn/tata-sampann-kala-chana/pvid/97297b75-435c-4e46-81f4-07589994fb70,"https://cdn.zeptonow.com/production/tr:w-1280,ar-1200-1200,pr-true,f-auto,q-80/cms/product_variant/31f34492-299b-4d80-9e76-8cbfd2fcb8ab.jpeg"
"Atta, Rice, Oil & Dals",Top Picks,"https://cdn.zeptonow.com/production/tr:w-90,ar-120-121,pr-true,f-auto,q-80/cms/sub_category/14.png","Aashirvaad Pure Cow Ghee, PET Jar, Rich Aroma",Aashirvaad,819,910,1 pc (1 L),4.3 (353),In Stock,https://www.zeptonow.com/pn/aashirvaad-pure-cow-ghee-pet-jar-rich-aroma/pvid/c621e50d-9d9c-42e2-92e5-fa8dbbc723a8,"https://cdn.zeptonow.com/production/tr:w-1280,ar-1200-1200,pr-true,f-auto,q-80/cms/product_variant/cf8b1336-f94e-427a-b22e-10a21b0334bf.jpg"
"Atta, Rice, Oil & Dals",Top Picks,"https://cdn.zeptonow.com/production/tr:w-90,ar-120-121,pr-true,f-auto,q-80/cms/sub_category/14.png",Daawat Pulav Basmati Rice | Long Grain,Daawat,152,177,1 pack (1 kg),4.7 (13.0k),In Stock,https://www.zeptonow.com/pn/daawat-pulav-basmati-rice-long-grain/pvid/deb559af-97ec-4725-86e9-ca42cec0dcb5,"https://cdn.zeptonow.com/production/tr:w-1280,ar-1200-1200,pr-true,f-auto,q-80/cms/product_variant/2c0a3eaf-da4f-4709-9c7b-1c3b73c98ee0.jpeg"
"Atta, Rice, Oil & Dals",Top Picks,"https://cdn.zeptonow.com/production/tr:w-90,ar-120-121,pr-true,f-auto,q-80/cms/sub_category/14.png",Double Horse Ragi Puttu Podi,Double Horse,63,70,1 pack (500 g),5 (305),In Stock,https://www.zeptonow.com/pn/double-horse-ragi-puttu-podi/pvid/e8cb2bda-5c5e-4bcd-891d-6417d62eed11,"https://cdn.zeptonow.com/production/tr:w-1280,ar-784-784,pr-true,f-auto,q-80/cms/product_variant/ce1c099d-a996-48f1-9b79-5c867210d99b.jpg"
"Atta, Rice, Oil & Dals",Top Picks,"https://cdn.zeptonow.com/production/tr:w-90,ar-120-121,pr-true,f-auto,q-80/cms/sub_category/14.png",Barosi Cow Ghee,Barosi,899,1059,1 pc (1 L),4.3 (313),In Stock,https://www.zeptonow.com/pn/barosi-cow-ghee/pvid/1df074bd-bf1d-47c7-b3d0-2ffa63a52ed1,"https://cdn.zeptonow.com/production/tr:w-1280,ar-1200-1200,pr-true,f-auto,q-80/cms/product_variant/56379fb2-f1e1-4647-a712-1d49ad823a7f.jpg"
"Atta, Rice, Oil & Dals",Top Picks,"https://cdn.zeptonow.com/production/tr:w-90,ar-120-121,pr-true,f-auto,q-80/cms/sub_category/14.png",Tata Sampann Unpolished Urad Dal Whole,Tata,223,235,1 pack (1 kg),4.7 (848),In Stock,https://www.zeptonow.com/pn/tata-sampann-unpolished-urad-dal-whole/pvid/31fdc8f2-657b-4396-a1a2-8c6010d03de3,"https://cdn.zeptonow.com/production/tr:w-1280,ar-1200-1200,pr-true,f-auto,q-80/cms/product_variant/96fd69b1-200f-4cd4-a726-d5ec860947d4.jpeg"
"Atta, Rice, Oil & Dals",Top Picks,"https://cdn.zeptonow.com/production/tr:w-90,ar-120-121,pr-true,f-auto,q-80/cms/sub_category/14.png",Indic Wisdom Wood Pressed Virgin Coconut Oil | Cold Pressed - Extracted on Wooden Churner,Indic,598,780,1 pc (1 L),4.5 (546),In Stock,https://www.zeptonow.com/pn/indic-wisdom-wood-pressed-virgin-coconut-oil-cold-pressed-extracted-on-wooden-churner/pvid/fe79c0b1-1d9e-4c38-9dfc-9c05e6b5deb4,"https://cdn.zeptonow.com/production/tr:w-1280,ar-1200-1200,pr-true,f-auto,q-80/cms/product_variant/3995c082-a01f-468c-ad26-5d0e211ca9d0.jpeg"
"Atta, Rice, Oil & Dals",Top Picks,"https://cdn.zeptonow.com/production/tr:w-90,ar-120-121,pr-true,f-auto,q-80/cms/sub_category/14.png",Aashirvaad 90% Lower Cholesterol Cow Ghee,Aashirvaad,473,550,1 pack (500 ml),5 (305),In Stock,https://www.zeptonow.com/pn/aashirvaad-90-lower-cholesterol-cow-ghee/pvid/0aad41c7-60a3-4e57-a897-889974509bb4,"https://cdn.zeptonow.com/production/tr:w-1280,ar-901-902,pr-true,f-auto,q-80/cms/product_variant/9b46eec0-0446-416f-8901-07b589da881c.jpg"
"Atta, Rice, Oil & Dals",Top Picks,"https://cdn.zeptonow.com/production/tr:w-90,ar-120-121,pr-true,f-auto,q-80/cms/sub_category/14.png",Nirapara White Puttu Podi,Nirapara,101,125,1 pack (1 kg),5 (118),In Stock,https://www.zeptonow.com/pn/nirapara-white-puttu-podi/pvid/0d38b5ea-1bb5-48b2-a9b5-e7a8d561b30f,"https://cdn.zeptonow.com/production/tr:w-1280,ar-1500-1500,pr-true,f-auto,q-80/cms/product_variant/bd0f242a-dfd6-47d4-b46c-a5c0bf766917.jpg"
"Atta, Rice, Oil & Dals",Top Picks,"https://cdn.zeptonow.com/production/tr:w-90,ar-120-121,pr-true,f-auto,q-80/cms/sub_category/14.png",Daawat Rozana Super Basmati Rice | Medium Grain,Daawat,90,100,1 pack (1 kg),4.3 (60.4k),In Stock,https://www.zeptonow.com/pn/daawat-rozana-super-basmati-rice-medium-grain/pvid/6b78d070-ba4c-459c-9d4d-fe058f71d5cf,"https://cdn.zeptonow.com/production/tr:w-1280,ar-1200-1200,pr-true,f-auto,q-80/cms/product_variant/5d54de62-a150-4261-9dd8-acb311a47b51.jpeg"
"Atta, Rice, Oil & Dals",Top Picks,"https://cdn.zeptonow.com/production/tr:w-90,ar-120-121,pr-true,f-auto,q-80/cms/sub_category/14.png",Vijay Gold Ragi Sprouted Flour Ragi Malt,Vijay,72,85,1 pack (400 g),4.5 (114),In Stock,https://www.zeptonow.com/pn/vijay-gold-ragi-sprouted-flour-ragi-malt/pvid/80c36c9f-faef-42cc-b6f5-26f06f6607d0,"https://cdn.zeptonow.com/production/tr:w-1280,ar-2250-2250,pr-true,f-auto,q-80/inventory/product/d0dbdf09-81eb-4a29-b12a-72996c1dff9a-/tmp/20230524-0903521.jpeg"
"Atta, Rice, Oil & Dals",Top Picks,"https://cdn.zeptonow.com/production/tr:w-90,ar-120-121,pr-true,f-auto,q-80/cms/sub_category/14.png",Tata Simply Better Extra Virgin Olive Oil,Tata,720,999,1 pc (500 ml),4.5 (50),In Stock,https://www.zeptonow.com/pn/tata-simply-better-extra-virgin-olive-oil/pvid/0b98f786-1544-43f6-a11c-1f50a16e7fbf,"https://cdn.zeptonow.com/production/tr:w-1280,ar-1200-1200,pr-true,f-auto,q-80/cms/product_variant/c3e6a426-2294-4d32-a82d-4f867283bfa8.jpeg"
"Atta, Rice, Oil & Dals",Top Picks,"https://cdn.zeptonow.com/production/tr:w-90,ar-120-121,pr-true,f-auto,q-80/cms/sub_category/14.png",TWF Khapli (Emmer) Flour,TWF,181,299,1 pack (1 kg),4.7 (91),In Stock,https://www.zeptonow.com/pn/twf-khapli-emmer-flour/pvid/33a250de-fddf-44d7-a1e6-9074350eee2d,"https://cdn.zeptonow.com/production/tr:w-1280,ar-2400-2400,pr-true,f-auto,q-80/cms/product_variant/d64d7f39-19f9-4eea-b491-2fe856890bcc.jpeg"
"Atta, Rice, Oil & Dals",Top Picks,"https://cdn.zeptonow.com/production/tr:w-90,ar-120-121,pr-true,f-auto,q-80/cms/sub_category/14.png",Safe Harvest Pesticide-Free Roasted Sooji,Safe,60,66,1 pack (500 g),4.6 (1.8k),In Stock,https://www.zeptonow.com/pn/safe-harvest-pesticide-free-roasted-sooji/pvid/82f40ed9-e970-42ab-8285-1984f831732b,"https://cdn.zeptonow.com/production/tr:w-1280,ar-2400-2400,pr-true,f-auto,q-80/cms/product_variant/66d01c8f-42d7-476c-8473-3147ad6aa86b.jpeg"
"Atta, Rice, Oil & Dals",Top Picks,"https://cdn.zeptonow.com/production/tr:w-90,ar-120-121,pr-true,f-auto,q-80/cms/sub_category/14.png",Mr.Gold Refined Rice Bran Oil Pouch,Mr.Gold,135,180,1 pack (1 L),4.8 (11.9k),In Stock,https://www.zeptonow.com/pn/mrgold-refined-rice-bran-oil-pouch/pvid/592af9ec-306b-42d6-a16a-4f3f7d9ff6b9,"https://cdn.zeptonow.com/production/tr:w-1280,ar-1200-1200,pr-true,f-auto,q-80/cms/product_variant/8c374825-24ed-43ac-9bdc-431e06ce8ea3.jpg"
"Atta, Rice, Oil & Dals",Top Picks,"https://cdn.zeptonow.com/production/tr:w-90,ar-120-121,pr-true,f-auto,q-80/cms/sub_category/14.png","Aashirvaad Pure Cow Ghee, Tetrapack, Rich Aroma",Aashirvaad,719,790,1 pack (1 L),4.9 (652),In Stock,https://www.zeptonow.com/pn/aashirvaad-pure-cow-ghee-tetrapack-rich-aroma/pvid/9b5b0e26-8ed5-4afe-9561-f0909d0faf11,"https://cdn.zeptonow.com/production/tr:w-1280,ar-1500-1500,pr-true,f-auto,q-80/cms/product_variant/ce2ea1e4-bf5f-49fe-88b4-bb3a3165d3cc.jpg"
"Atta, Rice, Oil & Dals",Top Picks,"https://cdn.zeptonow.com/production/tr:w-90,ar-120-121,pr-true,f-auto,q-80/cms/sub_category/14.png",Indic Wisdom Wood Pressed Groundnut Oil | Cold Pressed - Extracted on Wooden Churner,Indic,299,470,1 pc (1 L),4.7 (1.9k),In Stock,https://www.zeptonow.com/pn/indic-wisdom-wood-pressed-groundnut-oil-cold-pressed-extracted-on-wooden-churner/pvid/ab549fb1-6a6f-4284-bc64-72961cab34ac,"https://cdn.zeptonow.com/production/tr:w-1280,ar-1200-1200,pr-true,f-auto,q-80/cms/product_variant/477001eb-3b7e-4213-ad57-af11e6aaafa2.jpeg"
"Atta, Rice, Oil & Dals",Top Picks,"https://cdn.zeptonow.com/production/tr:w-90,ar-120-121,pr-true,f-auto,q-80/cms/sub_category/14.png","Annapurna Chakki Whole Wheat Atta/ 100% Whole Wheat, No Maida",Annapurna,63,73,1 pack (1 kg),4.6 (6.6k),In Stock,https://www.zeptonow.com/pn/annapurna-chakki-whole-wheat-atta-100-whole-wheat-no-maida/pvid/f56a2319-09f3-491d-978e-2e186e50fbe7,"https://cdn.zeptonow.com/production/tr:w-1280,ar-1200-1200,pr-true,f-auto,q-80/cms/product_variant/22707aeb-f7d0-4115-afe7-69452ee464c0.jpg"
"Atta, Rice, Oil & Dals",Top Picks,"https://cdn.zeptonow.com/production/tr:w-90,ar-120-121,pr-true,f-auto,q-80/cms/sub_category/14.png",Popular Essentials Rice Flour,Popular Essentials,74,80,1 pack (1 kg),4.5 (763),In Stock,https://www.zeptonow.com/pn/popular-essentials-rice-flour/pvid/2ce9ff37-2509-42a5-8ad8-324edbc04a9a,"https://cdn.zeptonow.com/production/tr:w-1280,ar-2400-2400,pr-true,f-auto,q-80/cms/product_variant/8416ef6f-0e0d-41d4-9eb2-30ae1cfc7165.jpeg"
"Atta, Rice, Oil & Dals",Top Picks,"https://cdn.zeptonow.com/production/tr:w-90,ar-120-121,pr-true,f-auto,q-80/cms/sub_category/14.png",Barosi A2 Desi Cow Ghee,Barosi,419,649,1 pc (300 ml),5 (220),In Stock,https://www.zeptonow.com/pn/barosi-a2-desi-cow-ghee/pvid/3abaf32c-dfa8-4edf-af59-1c2af1676e4b,"https://cdn.zeptonow.com/production/tr:w-1280,ar-2048-2048,pr-true,f-auto,q-80/cms/product_variant/81b08347-5787-4a40-963e-32fda257fa51.jpeg"
"Atta, Rice, Oil & Dals",Top Picks,"https://cdn.zeptonow.com/production/tr:w-90,ar-120-121,pr-true,f-auto,q-80/cms/sub_category/14.png",Daawat Rozana Basmati Rice Gold | Medium Grain,Daawat,111,120,1 pack (1 kg),4.6 (10.3k),In Stock,https://www.zeptonow.com/pn/daawat-rozana-basmati-rice-gold-medium-grain/pvid/abed6972-164e-4af0-b674-41260b3829fe,"https://cdn.zeptonow.com/production/tr:w-1280,ar-1200-1200,pr-true,f-auto,q-80/cms/product_variant/17056693-c18c-4dee-8111-8d7153510c9d.jpeg"
"Atta, Rice, Oil & Dals",Top Picks,"https://cdn.zeptonow.com/production/tr:w-90,ar-120-121,pr-true,f-auto,q-80/cms/sub_category/14.png",Tata Simply Better Virgin Coldpressed Coconut Oil,Tata,219,275,1 pc (250 ml),4.3 (73),In Stock,https://www.zeptonow.com/pn/tata-simply-better-virgin-coldpressed-coconut-oil/pvid/001cb5a2-f484-4b13-99b5-92cf25f6b55b,"https://cdn.zeptonow.com/production/tr:w-1280,ar-1200-1200,pr-true,f-auto,q-80/cms/product_variant/b353e59c-f1df-4ec3-acb2-629c6685c0c3.jpeg"
"Atta, Rice, Oil & Dals",Top Picks,"https://cdn.zeptonow.com/production/tr:w-90,ar-120-121,pr-true,f-auto,q-80/cms/sub_category/14.png",Organic Tattva Jowar Flour,Organic Tattva,68,80,1 pack (500 g),4.6 (323),In Stock,https://www.zeptonow.com/pn/organic-tattva-jowar-flour/pvid/76f03c75-396d-4c1a-89c3-44f50a7a5458,"https://cdn.zeptonow.com/production/tr:w-1280,ar-1500-1500,pr-true,f-auto,q-80/cms/product_variant/d6819d2b-2e95-497e-b274-30ebd89f9f3a.jpeg"
"Atta, Rice, Oil & Dals",Top Picks,"https://cdn.zeptonow.com/production/tr:w-90,ar-120-121,pr-true,f-auto,q-80/cms/sub_category/14.png",Organic Tattva Organic Multigrain Flour,Organic Tattva,513,625,1 pack (5 kg),5 (233),In Stock,https://www.zeptonow.com/pn/organic-tattva-organic-multigrain-flour/pvid/614e1f29-4932-4360-aa70-df2076d02f9a,"https://cdn.zeptonow.com/production/tr:w-1280,ar-1500-1500,pr-true,f-auto,q-80/cms/product_variant/383e704b-5143-4289-9218-e1ac8fb9a5a1.jpeg"
"Atta, Rice, Oil & Dals",Top Picks,"https://cdn.zeptonow.com/production/tr:w-90,ar-120-121,pr-true,f-auto,q-80/cms/sub_category/14.png",Vijay sattu,Vijay,92,105,1 pack (500 g),5 (91),In Stock,https://www.zeptonow.com/pn/vijay-sattu/pvid/28cc7363-38ae-4234-bce3-14a865796bb9,"https://cdn.zeptonow.com/production/tr:w-1280,ar-2400-2400,pr-true,f-auto,q-80/cms/product_variant/d70c9be3-55d3-496b-bc07-94af08fcf6a0.jpeg"
"Atta, Rice, Oil & Dals",Top Picks,"https://cdn.zeptonow.com/production/tr:w-90,ar-120-121,pr-true,f-auto,q-80/cms/sub_category/14.png",Dehaat Honest Farms Unpolished Kabuli Chana,Dehaat,118,175,1 pack (500 g),5 (1.4k),In Stock,https://www.zeptonow.com/pn/dehaat-honest-farms-unpolished-kabuli-chana/pvid/f40010df-331c-44de-a034-18af39d0573d,"https://cdn.zeptonow.com/production/tr:w-1280,ar-1500-1500,pr-true,f-auto,q-80/cms/product_variant/bccbe4a1-1876-42b1-ac35-72576ef4380b.jpg"
"Atta, Rice, Oil & Dals",Top Picks,"https://cdn.zeptonow.com/production/tr:w-90,ar-120-121,pr-true,f-auto,q-80/cms/sub_category/14.png",Tata Simply Better Pure And Unrefined Cold Pressed Sesame-Gingelly Oil,Tata,269,340,1 pc (500 ml),4.3 (439),In Stock,https://www.zeptonow.com/pn/tata-simply-better-pure-and-unrefined-cold-pressed-sesame-gingelly-oil/pvid/0e83be8b-ea49-4ccb-915e-f482bbefcdcf,"https://cdn.zeptonow.com/production/tr:w-1280,ar-1000-1000,pr-true,f-auto,q-80/cms/product_variant/bf7e6bd6-2a8d-440a-85b0-387ed6923cfd.jpg"
"Atta, Rice, Oil & Dals",Top Picks,"https://cdn.zeptonow.com/production/tr:w-90,ar-120-121,pr-true,f-auto,q-80/cms/sub_category/14.png",Pride Of Cows Pure Cow Ghee - Single Origin Jar,Pride,1475,2200,1 pc (1 L),4.8 (100),In Stock,https://www.zeptonow.com/pn/pride-of-cows-pure-cow-ghee-single-origin-jar/pvid/88f7b083-15a6-468c-9ed5-f33606bb3645,"https://cdn.zeptonow.com/production/tr:w-1280,ar-2400-2400,pr-true,f-auto,q-80/cms/product_variant/621b1ae6-361a-49a7-b5d1-cb1b5ef02a50.jpg"
"Atta, Rice, Oil & Dals",Top Picks,"https://cdn.zeptonow.com/production/tr:w-90,ar-120-121,pr-true,f-auto,q-80/cms/sub_category/14.png",Tata Sampann Unpolished Chana Dal,Tata,67,75,1 pack (500 g),4.7 (15.3k),In Stock,https://www.zeptonow.com/pn/tata-sampann-unpolished-chana-dal/pvid/2aa43aa2-14b5-45ee-b2c4-502193df52c3,"https://cdn.zeptonow.com/production/tr:w-1280,ar-1200-1200,pr-true,f-auto,q-80/cms/product_variant/13b8f221-4f40-4ef1-a16f-64b5eae71de1.jpeg"
"Atta, Rice, Oil & Dals",Top Picks,"https://cdn.zeptonow.com/production/tr:w-90,ar-120-121,pr-true,f-auto,q-80/cms/sub_category/14.png",Double Horse Bansi Wheat Rava,Double Horse,67,75,1 pack (500 g),4.7 (977),In Stock,https://www.zeptonow.com/pn/double-horse-bansi-wheat-rava/pvid/216f7570-179e-4325-b0fe-a315da4516cc,"https://cdn.zeptonow.com/production/tr:w-1280,ar-1000-1000,pr-true,f-auto,q-80/cms/product_variant/113a7c86-acf0-4075-a9aa-6f1ff03cd893.jpeg"
"Atta, Rice, Oil & Dals",Top Picks,"https://cdn.zeptonow.com/production/tr:w-90,ar-120-121,pr-true,f-auto,q-80/cms/sub_category/14.png",Akshayakalpa Organic Cow Ghee,Akshayakalpa,681,799,1 pc (490 ml),4.3 (547),In Stock,https://www.zeptonow.com/pn/akshayakalpa-organic-cow-ghee/pvid/b56ae70b-e7a7-4f6f-8c54-7f74f4c95074,"https://cdn.zeptonow.com/production/tr:w-1280,ar-2000-2000,pr-true,f-auto,q-80/cms/product_variant/052f6076-5799-412f-a049-c2bb0eab2aa5.jpeg"
"Atta, Rice, Oil & Dals",Top Picks,"https://cdn.zeptonow.com/production/tr:w-90,ar-120-121,pr-true,f-auto,q-80/cms/sub_category/14.png",Brahmins Fried Rava,Brahmins,124,160,1 pack (1 kg),5 (154),In Stock,https://www.zeptonow.com/pn/brahmins-fried-rava/pvid/3a5e7901-4955-4556-84c8-03dfb387ad2c,"https://cdn.zeptonow.com/production/tr:w-1280,ar-1500-1500,pr-true,f-auto,q-80/cms/product_variant/3263ceb9-a75d-43cd-ba33-e313a711ead8.jpg"
"Atta, Rice, Oil & Dals",Top Picks,"https://cdn.zeptonow.com/production/tr:w-90,ar-120-121,pr-true,f-auto,q-80/cms/sub_category/14.png",Organic Tattva Besan,Organic Tattva,103,125,1 pack (500 g),5 (315),In Stock,https://www.zeptonow.com/pn/organic-tattva-besan/pvid/c2ae7098-c188-41cf-8198-2dfe01045799,"https://cdn.zeptonow.com/production/tr:w-1280,ar-1500-1500,pr-true,f-auto,q-80/cms/product_variant/72ca1c0d-5266-4c0d-ace3-d690904ea913.jpeg"
"Atta, Rice, Oil & Dals",Top Picks,"https://cdn.zeptonow.com/production/tr:w-90,ar-120-121,pr-true,f-auto,q-80/cms/sub_category/14.png",Tata Simply Better Extra Virgin Olive Oil,Tata,1119,1499,1 pc (1 L),4.4 (427),In Stock,https://www.zeptonow.com/pn/tata-simply-better-extra-virgin-olive-oil/pvid/572f2830-2f06-4c20-aa57-47c7850d85fd,"https://cdn.zeptonow.com/production/tr:w-1280,ar-1000-1000,pr-true,f-auto,q-80/cms/product_variant/d1076739-abb2-466f-9733-afb0276cce79.jpg"
"Atta, Rice, Oil & Dals",Top Picks,"https://cdn.zeptonow.com/production/tr:w-90,ar-120-121,pr-true,f-auto,q-80/cms/sub_category/14.png",Natureland Organics Wheat Suji,Natureland,61,75,1 pack (500 g),5 (182),In Stock,https://www.zeptonow.com/pn/natureland-organics-wheat-suji/pvid/156d55ad-3bee-4c4f-b5db-be48ff7a4f93,"https://cdn.zeptonow.com/production/tr:w-1280,ar-1500-1500,pr-true,f-auto,q-80/cms/product_variant/ecdb0727-46bf-47a0-914b-ae22b74c81c0.jpg"
"Atta, Rice, Oil & Dals",Top Picks,"https://cdn.zeptonow.com/production/tr:w-90,ar-120-121,pr-true,f-auto,q-80/cms/sub_category/14.png",Tata Sampann Unpolished Urad Kali,Tata,94,99,1 pack (500 g),4.7 (1.5k),In Stock,https://www.zeptonow.com/pn/tata-sampann-unpolished-urad-kali/pvid/6abe2e64-5533-4a56-8b41-ee6091443ab7,"https://cdn.zeptonow.com/production/tr:w-1280,ar-1200-1200,pr-true,f-auto,q-80/cms/product_variant/e0f8a038-6898-42ac-8b15-94a5db676bc3.jpeg"
"Atta, Rice, Oil & Dals",Top Picks,"https://cdn.zeptonow.com/production/tr:w-90,ar-120-121,pr-true,f-auto,q-80/cms/sub_category/14.png",Aashirvaad Organic Arhar/Tur Dal | 100% Organic Arhar/Tur Dal Rich in Protein,Aashirvaad,157,195,1 pack (500 g),4.5 (929),In Stock,https://www.zeptonow.com/pn/aashirvaad-organic-arhartur-dal-100-organic-arhartur-dal-rich-in-protein/pvid/c39ccbe5-bd16-47c7-a697-b802141d6694,"https://cdn.zeptonow.com/production/tr:w-1280,ar-2400-2400,pr-true,f-auto,q-80/cms/product_variant/93733696-0546-4e56-bb44-76b341de2369.jpg"
"Atta, Rice, Oil & Dals",Top Picks,"https://cdn.zeptonow.com/production/tr:w-90,ar-120-121,pr-true,f-auto,q-80/cms/sub_category/14.png",Let's Try Sattu | No Preservatives | 100% Pure & Healthy,Let's,74,110,1 pack (500 g),4.4 (4.2k),In Stock,https://www.zeptonow.com/pn/lets-try-sattu-no-preservatives-100-pure-healthy/pvid/5d3363e4-260c-4ca2-9540-a2cbd28375de,"https://cdn.zeptonow.com/production/tr:w-1280,ar-1200-1200,pr-true,f-auto,q-80/cms/product_variant/aef2a07a-c23a-40e1-a206-d1c839b110e8.jpeg"
"Atta, Rice, Oil & Dals",Top Picks,"https://cdn.zeptonow.com/production/tr:w-90,ar-120-121,pr-true,f-auto,q-80/cms/sub_category/14.png",Tata Sampann Unpolished Masoor Dal,Tata,151,164,1 pack (1 kg),4.6 (7.5k),In Stock,https://www.zeptonow.com/pn/tata-sampann-unpolished-masoor-dal/pvid/a89b1796-6ef8-4f1c-8b42-4945e67e536f,"https://cdn.zeptonow.com/production/tr:w-1280,ar-1200-1200,pr-true,f-auto,q-80/cms/product_variant/4778a086-28f2-4794-874a-113378384273.jpeg"
"Atta, Rice, Oil & Dals",Top Picks,"https://cdn.zeptonow.com/production/tr:w-90,ar-120-121,pr-true,f-auto,q-80/cms/sub_category/14.png",Organic Tattva Organic Suji,Organic Tattva,66,75,1 pack (500 g),4.7 (1.1k),In Stock,https://www.zeptonow.com/pn/organic-tattva-organic-suji/pvid/226523cf-f83b-4c63-9257-6711b5c1233d,"https://cdn.zeptonow.com/production/tr:w-1280,ar-1500-1500,pr-true,f-auto,q-80/cms/product_variant/cce2f02f-8906-4f70-8b93-715cc6d7aeba.jpeg"
"Atta, Rice, Oil & Dals",Top Picks,"https://cdn.zeptonow.com/production/tr:w-90,ar-120-121,pr-true,f-auto,q-80/cms/sub_category/14.png",Pillsbury Atta With Multigrains,Pillsbury,332,406,1 pack (5 kg),4.5 (1.8k),In Stock,https://www.zeptonow.com/pn/pillsbury-atta-with-multigrains/pvid/8ad80401-e58f-4d29-8d64-feb8c9359248,"https://cdn.zeptonow.com/production/tr:w-1280,ar-1000-1000,pr-true,f-auto,q-80/cms/product_variant/dea86948-c585-4f74-b784-b8541e20c4a4.jpeg"
"Atta, Rice, Oil & Dals",Top Picks,"https://cdn.zeptonow.com/production/tr:w-90,ar-120-121,pr-true,f-auto,q-80/cms/sub_category/14.png",Kapiva A2 Cow Desi Ghee,Kapiva,999,1149,1 pc (500 ml),4.9 (212),In Stock,https://www.zeptonow.com/pn/kapiva-a2-cow-desi-ghee/pvid/caecc422-ba93-4729-b950-bea9152879ee,"https://cdn.zeptonow.com/production/tr:w-1280,ar-1500-1500,pr-true,f-auto,q-80/cms/product_variant/ccb89566-fb4f-4970-af98-1f7d778e88f6.jpeg"
"Atta, Rice, Oil & Dals",Top Picks,"https://cdn.zeptonow.com/production/tr:w-90,ar-120-121,pr-true,f-auto,q-80/cms/sub_category/14.png",Anveshan Wood Pressed Black Sesame Oil,Anveshan,548,645,1 pc (1 L),4.4 (290),In Stock,https://www.zeptonow.com/pn/anveshan-wood-pressed-black-sesame-oil/pvid/c9902bf3-8c04-4f13-b1ed-636a8444f5e5,"https://cdn.zeptonow.com/production/tr:w-1280,ar-1200-1200,pr-true,f-auto,q-80/cms/product_variant/69d596bf-0ac7-4f65-b293-35ecc8972c56.jpeg"
"Atta, Rice, Oil & Dals",Top Picks,"https://cdn.zeptonow.com/production/tr:w-90,ar-120-121,pr-true,f-auto,q-80/cms/sub_category/14.png",Annapurna Maida / Refined Wheat Flour,Annapurna,35,35,1 pack (500 g),4.6 (1.3k),In Stock,https://www.zeptonow.com/pn/annapurna-maida-refined-wheat-flour/pvid/b9175898-4b88-40e3-9024-c720996d4281,"https://cdn.zeptonow.com/production/tr:w-1280,ar-1200-1200,pr-true,f-auto,q-80/cms/product_variant/72a1bacf-b8cf-4c10-b540-06293b14514c.jpg"
"Atta, Rice, Oil & Dals",Top Picks,"https://cdn.zeptonow.com/production/tr:w-90,ar-120-121,pr-true,f-auto,q-80/cms/sub_category/14.png",Daawat Rozana Mini Mogra Rice,Daawat,334,360,1 pack (5 kg),4.2 (12.5k),In Stock,https://www.zeptonow.com/pn/daawat-rozana-mini-mogra-rice/pvid/3f3e18bb-6556-4a3f-9be6-c27897f3f814,"https://cdn.zeptonow.com/production/tr:w-1280,ar-1200-1200,pr-true,f-auto,q-80/cms/product_variant/2bc4faef-ae09-4892-93e9-a2786f884455.jpeg"
"Atta, Rice, Oil & Dals",Top Picks,"https://cdn.zeptonow.com/production/tr:w-90,ar-120-121,pr-true,f-auto,q-80/cms/sub_category/14.png",Tata Simply Better Cold Pressed Mustard-Kachi Ghani Sarson Oil,Tata,234,350,1 pc (1 L),4.6 (4.2k),In Stock,https://www.zeptonow.com/pn/tata-simply-better-cold-pressed-mustard-kachi-ghani-sarson-oil/pvid/5734e812-e9b5-4170-8a82-20f8b23cd628,"https://cdn.zeptonow.com/production/tr:w-1280,ar-2400-2400,pr-true,f-auto,q-80/cms/product_variant/ad686461-fc89-476a-8ebd-959fee8c4c02.jpeg"
"Atta, Rice, Oil & Dals",Top Picks,"https://cdn.zeptonow.com/production/tr:w-90,ar-120-121,pr-true,f-auto,q-80/cms/sub_category/14.png",Akshayakalpa Organic Desi Cow Ghee,Akshayakalpa,641,689,1 pc (300 ml),4.6 (83),In Stock,https://www.zeptonow.com/pn/akshayakalpa-organic-desi-cow-ghee/pvid/47bb462f-188e-4b3c-9e9f-72098e150b27,"https://cdn.zeptonow.com/production/tr:w-1280,ar-1000-1000,pr-true,f-auto,q-80/cms/product_variant/c62b1b52-bdf3-49d5-bae3-c8740ad62f87.jpeg"
"Atta, Rice, Oil & Dals",Top Picks,"https://cdn.zeptonow.com/production/tr:w-90,ar-120-121,pr-true,f-auto,q-80/cms/sub_category/14.png",Anveshan Wood Cold Pressed Sunflower Oil,Anveshan,339,475,1 pc (1 L),4.8 (536),In Stock,https://www.zeptonow.com/pn/anveshan-wood-cold-pressed-sunflower-oil/pvid/5b7315cb-12d0-45b7-aff9-5d917fcdea5d,"https://cdn.zeptonow.com/production/tr:w-1280,ar-2048-2048,pr-true,f-auto,q-80/cms/product_variant/88325e81-c2c8-4c7b-bbf6-b863bc7d6bdd.jpeg"
"Atta, Rice, Oil & Dals",Top Picks,"https://cdn.zeptonow.com/production/tr:w-90,ar-120-121,pr-true,f-auto,q-80/cms/sub_category/14.png",Anveshan Wood Pressed Groundnut Peanut Oil | Bottle,Anveshan,329,475,1 pc (1 L),4.6 (800),In Stock,https://www.zeptonow.com/pn/anveshan-wood-pressed-groundnut-peanut-oil-bottle/pvid/b3544e58-33eb-46ab-98a3-f6bb6d342d6d,"https://cdn.zeptonow.com/production/tr:w-1280,ar-2048-2048,pr-true,f-auto,q-80/cms/product_variant/3c1e6e0e-d03a-4cc5-b60d-da4e766d7723.jpeg"
"Atta, Rice, Oil & Dals",Top Picks,"https://cdn.zeptonow.com/production/tr:w-90,ar-120-121,pr-true,f-auto,q-80/cms/sub_category/14.png",Godrej Jersey Cow Ghee,Godrej Jersey,592,779,1 pack (1 L),5 (510),In Stock,https://www.zeptonow.com/pn/godrej-jersey-cow-ghee/pvid/747a6ed8-9239-4ef4-bfa2-1aa548be8f84,"https://cdn.zeptonow.com/production/tr:w-1280,ar-1200-1200,pr-true,f-auto,q-80/cms/product_variant/8527b24d-752c-4427-842a-9c8898484ee5.jpg"
"Atta, Rice, Oil & Dals",Top Picks,"https://cdn.zeptonow.com/production/tr:w-90,ar-120-121,pr-true,f-auto,q-80/cms/sub_category/14.png",Daawat Rozana Super 90,Daawat,699,980,1 pack (10 kg),4.2 (525),In Stock,https://www.zeptonow.com/pn/daawat-rozana-super-90/pvid/e8ae4671-7e51-4d77-8238-0def4e7f2141,"https://cdn.zeptonow.com/production/tr:w-1280,ar-3600-4790,pr-true,f-auto,q-80/cms/product_variant/8e272a11-d1ec-4a01-b701-ef93649587a9.jpg"
"Atta, Rice, Oil & Dals",Top Picks,"https://cdn.zeptonow.com/production/tr:w-90,ar-120-121,pr-true,f-auto,q-80/cms/sub_category/14.png",Organic Tattva Rice Flour,Organic Tattva,60,70,1 pack (500 g),4.4 (383),In Stock,https://www.zeptonow.com/pn/organic-tattva-rice-flour/pvid/aa32268b-fa84-4350-a3b6-15bf0c5bd0ad,"https://cdn.zeptonow.com/production/tr:w-1280,ar-1500-1500,pr-true,f-auto,q-80/cms/product_variant/2e738126-65e5-496b-a98b-f783eb43d6c7.jpeg"
"Atta, Rice, Oil & Dals",Top Picks,"https://cdn.zeptonow.com/production/tr:w-90,ar-120-121,pr-true,f-auto,q-80/cms/sub_category/14.png",Indic Wisdom Wood Pressed White Sesame Oil | Bottle,Indic,319,370,1 pc (500 ml),4.6 (309),In Stock,https://www.zeptonow.com/pn/indic-wisdom-wood-pressed-white-sesame-oil-bottle/pvid/e202db9c-2892-46fb-b00f-a381fad204e3,"https://cdn.zeptonow.com/production/tr:w-1280,ar-1200-1200,pr-true,f-auto,q-80/cms/product_variant/8a89cd8a-c127-4c59-b025-86432232358e.jpeg"
"Atta, Rice, Oil & Dals",Top Picks,"https://cdn.zeptonow.com/production/tr:w-90,ar-120-121,pr-true,f-auto,q-80/cms/sub_category/14.png",Tata Sampann Unpolished Masoor - Whole,Tata,78,83,1 pack (500 g),4.7 (8.9k),In Stock,https://www.zeptonow.com/pn/tata-sampann-unpolished-masoor-whole/pvid/1facfe3f-48a0-4425-9f3f-4dfe3c594096,"https://cdn.zeptonow.com/production/tr:w-1280,ar-1200-1200,pr-true,f-auto,q-80/cms/product_variant/8c03e555-38b0-4d47-b938-77c2a85b1f56.jpeg"
"Atta, Rice, Oil & Dals",Top Picks,"https://cdn.zeptonow.com/production/tr:w-90,ar-120-121,pr-true,f-auto,q-80/cms/sub_category/14.png",Tata Sampann Unpolished Toor Dal | Arhar Dal,Tata,89,106,1 pack (500 g),4.7 (32.5k),In Stock,https://www.zeptonow.com/pn/tata-sampann-unpolished-toor-dal-arhar-dal/pvid/b112aa30-e6ab-4f7c-9326-16c1733a057a,"https://cdn.zeptonow.com/production/tr:w-1280,ar-1200-1200,pr-true,f-auto,q-80/cms/product_variant/06e24ca7-b039-42c9-abfc-11eb81cdc3f9.jpeg"
"Atta, Rice, Oil & Dals",Top Picks,"https://cdn.zeptonow.com/production/tr:w-90,ar-120-121,pr-true,f-auto,q-80/cms/sub_category/14.png",Daawat Brown Basmati Rice | Long Grain,Daawat,173,200,1 pack (1 kg),4.5 (1.8k),In Stock,https://www.zeptonow.com/pn/daawat-brown-basmati-rice-long-grain/pvid/e50ec9ff-deff-4c5e-9335-d7f1334da3ca,"https://cdn.zeptonow.com/production/tr:w-1280,ar-2400-2400,pr-true,f-auto,q-80/cms/product_variant/2750596f-963d-4a86-9f36-8629a6ffa2cd.jpeg"
"Atta, Rice, Oil & Dals",Top Picks,"https://cdn.zeptonow.com/production/tr:w-90,ar-120-121,pr-true,f-auto,q-80/cms/sub_category/14.png",TWF Highland Sharbati Roti Atta,TWF,91,249,1 pack (1 kg),4.5 (78),In Stock,https://www.zeptonow.com/pn/twf-highland-sharbati-roti-atta/pvid/17308431-81f2-4152-b3b9-32c5ac325d1d,"https://cdn.zeptonow.com/production/tr:w-1280,ar-1563-1563,pr-true,f-auto,q-80/cms/product_variant/8edfc1c3-3ca7-47d8-b888-3aaaba3178ce.jpeg"
"Atta, Rice, Oil & Dals",Top Picks,"https://cdn.zeptonow.com/production/tr:w-90,ar-120-121,pr-true,f-auto,q-80/cms/sub_category/14.png",Amul High Aroma Cow Ghee | Jar,Amul,353,365,1 pc (500 ml),4.7 (4.5k),In Stock,https://www.zeptonow.com/pn/amul-high-aroma-cow-ghee-jar/pvid/1bbd0481-00ce-49e2-bf43-69c5ca93ebab,"https://cdn.zeptonow.com/production/tr:w-1280,ar-1200-1200,pr-true,f-auto,q-80/cms/product_variant/459d07bd-1dd6-408d-babe-eee05e28b6d5.jpg"
"Atta, Rice, Oil & Dals",Top Picks,"https://cdn.zeptonow.com/production/tr:w-90,ar-120-121,pr-true,f-auto,q-80/cms/sub_category/14.png",Double Horse Rice Palada,Double Horse,61,68,1 pack (200 g),4.9 (115),In Stock,https://www.zeptonow.com/pn/double-horse-rice-palada/pvid/cda0046a-97e2-401f-b47e-c4a3950b08db,"https://cdn.zeptonow.com/production/tr:w-1280,ar-1500-1500,pr-true,f-auto,q-80/cms/product_variant/57c19647-4696-4887-b963-b04a9b2aba52.jpeg"
"Atta, Rice, Oil & Dals",Top Picks,"https://cdn.zeptonow.com/production/tr:w-90,ar-120-121,pr-true,f-auto,q-80/cms/sub_category/14.png",Dehaat Honest Farms Unpolished Toor Dal | Arhar Dal,Dehaat,100,168,1 pack (500 g),4.3 (1.6k),In Stock,https://www.zeptonow.com/pn/dehaat-honest-farms-unpolished-toor-dal-arhar-dal/pvid/97339c20-e09d-426d-9390-a129c01b1abd,"https://cdn.zeptonow.com/production/tr:w-1280,ar-2400-2400,pr-true,f-auto,q-80/cms/product_variant/29e7be0f-6926-4a96-bd84-3421d9257964.jpg"
"Atta, Rice, Oil & Dals",Top Picks,"https://cdn.zeptonow.com/production/tr:w-90,ar-120-121,pr-true,f-auto,q-80/cms/sub_category/14.png",Daawat Super Basmati Rice | Long Grain,Daawat,813,995,1 pack (5 kg),4.7 (5.2k),In Stock,https://www.zeptonow.com/pn/daawat-super-basmati-rice-long-grain/pvid/2da2dcca-ab8e-4e00-afbc-7dd0652fcaca,"https://cdn.zeptonow.com/production/tr:w-1280,ar-1200-1200,pr-true,f-auto,q-80/cms/product_variant/be974ffd-8985-42cf-b4eb-23fe5a8c9b52.jpeg"
"Atta, Rice, Oil & Dals",Top Picks,"https://cdn.zeptonow.com/production/tr:w-90,ar-120-121,pr-true,f-auto,q-80/cms/sub_category/14.png",24 Mantra Organic Rice Flour,24 Mantra,54,55,1 pack (500 g),4.7 (273),In Stock,https://www.zeptonow.com/pn/24-mantra-organic-rice-flour/pvid/86d1f213-58df-4bca-869e-652e69d1b217,"https://cdn.zeptonow.com/production/tr:w-1280,ar-1200-1200,pr-true,f-auto,q-80/cms/product_variant/9af2948f-0f33-44b6-b7e4-fc0675822634.jpeg"
"Atta, Rice, Oil & Dals",Top Picks,"https://cdn.zeptonow.com/production/tr:w-90,ar-120-121,pr-true,f-auto,q-80/cms/sub_category/14.png",Daawat Pulav Basmati Rice | Long Grain,Daawat,78,90,1 pack (500 g),4.7 (10.4k),In Stock,https://www.zeptonow.com/pn/daawat-pulav-basmati-rice-long-grain/pvid/96b12acf-bdcd-47bb-a9e9-a04364fd30e1,"https://cdn.zeptonow.com/production/tr:w-1280,ar-1200-1200,pr-true,f-auto,q-80/cms/product_variant/1c78f506-d35a-4fa5-a720-1e9ac7996c53.jpeg"
"Atta, Rice, Oil & Dals",Top Picks,"https://cdn.zeptonow.com/production/tr:w-90,ar-120-121,pr-true,f-auto,q-80/cms/sub_category/14.png",Organic Tattva Wheat Maida,Organic Tattva,55,65,1 pack (500 g),4.9 (846),In Stock,https://www.zeptonow.com/pn/organic-tattva-wheat-maida/pvid/14a972ad-ca1a-4012-bc34-c1c3fd7dc85a,"https://cdn.zeptonow.com/production/tr:w-1280,ar-1500-1500,pr-true,f-auto,q-80/cms/product_variant/7fbc31cc-7efa-4337-9daf-e2d3e308fcc1.jpeg"
"Atta, Rice, Oil & Dals",Top Picks,"https://cdn.zeptonow.com/production/tr:w-90,ar-120-121,pr-true,f-auto,q-80/cms/sub_category/14.png",Naga Bajji Bonda Mix,Naga,90,104,1 pack (500 g),4.2 (281),In Stock,https://www.zeptonow.com/pn/naga-bajji-bonda-mix/pvid/6d0465bf-3301-45a8-9d08-9265b26f06a3,"https://cdn.zeptonow.com/production/tr:w-1280,ar-2400-2400,pr-true,f-auto,q-80/cms/product_variant/4d474bdd-09b5-4747-bbbf-70e0abff47bf.jpeg"
"Atta, Rice, Oil & Dals",Top Picks,"https://cdn.zeptonow.com/production/tr:w-90,ar-120-121,pr-true,f-auto,q-80/cms/sub_category/14.png",Safe Harvest Pesticide-Free Goodness Mung Dal | Natural and Delicious | No Artificial Flavors,Delicious,124,140,1 pack (500 g),5 (178),In Stock,https://www.zeptonow.com/pn/safe-harvest-pesticide-free-goodness-mung-dal-natural-and-delicious-no-artificial-flavors/pvid/0b02d086-3077-4dde-95d9-ff203dc5875f,"https://cdn.zeptonow.com/production/tr:w-1280,ar-2400-2400,pr-true,f-auto,q-80/cms/product_variant/42298e1a-9b7c-4c9e-b1f8-02ae5d40e08b.jpeg"
"Atta, Rice, Oil & Dals",Top Picks,"https://cdn.zeptonow.com/production/tr:w-90,ar-120-121,pr-true,f-auto,q-80/cms/sub_category/14.png",Amul Pure Ghee | Carton,Amul,609,650,1 pack (1 L),4.6 (20.5k),In Stock,https://www.zeptonow.com/pn/amul-pure-ghee-carton/pvid/dcbca8b6-4855-4198-be37-607595d8d6ca,"https://cdn.zeptonow.com/production/tr:w-1280,ar-3000-3000,pr-true,f-auto,q-80/cms/product_variant/d68fe0ad-3e23-4af3-9646-a8786bc09c95.jpeg"
"Atta, Rice, Oil & Dals",Top Picks,"https://cdn.zeptonow.com/production/tr:w-90,ar-120-121,pr-true,f-auto,q-80/cms/sub_category/14.png",Anveshan Extra Virgin Olive Oil,Anveshan,379,570,1 pc (250 ml),4.8 (336),In Stock,https://www.zeptonow.com/pn/anveshan-extra-virgin-olive-oil/pvid/ad2d2d54-4fa6-440a-b454-3d701e6ee6a2,"https://cdn.zeptonow.com/production/tr:w-1280,ar-2048-2048,pr-true,f-auto,q-80/cms/product_variant/849bac70-3ee3-49dd-bfa8-400fbe61592c.jpeg"
"Atta, Rice, Oil & Dals",Top Picks,"https://cdn.zeptonow.com/production/tr:w-90,ar-120-121,pr-true,f-auto,q-80/cms/sub_category/14.png",Amul High Aroma Ghee,Amul,152,152,1 pc (200 ml),4.5 (434),In Stock,https://www.zeptonow.com/pn/amul-high-aroma-ghee/pvid/a676211d-7fa5-4276-9b99-3e34698cd36c,"https://cdn.zeptonow.com/production/tr:w-1280,ar-3000-3000,pr-true,f-auto,q-80/inventory/product/a676211d-7fa5-4276-9b99-3e34698cd36c-1wAUaRqDLMXgbYIkLjDG9gFC4Z1KQJo8l.jpeg"
"Atta, Rice, Oil & Dals",Top Picks,"https://cdn.zeptonow.com/production/tr:w-90,ar-120-121,pr-true,f-auto,q-80/cms/sub_category/14.png",Safe Harvest Pesticide-Free Wheat Daliya,Safe,59,69,1 pack (500 g),5 (404),In Stock,https://www.zeptonow.com/pn/safe-harvest-pesticide-free-wheat-daliya/pvid/c1f037a1-2c4f-4a5c-bc3f-cba1719152e8,"https://cdn.zeptonow.com/production/tr:w-1280,ar-2400-2400,pr-true,f-auto,q-80/cms/product_variant/63c8ae87-a4ad-4993-9e58-3b309ed622bd.jpeg"
"Atta, Rice, Oil & Dals",Top Picks,"https://cdn.zeptonow.com/production/tr:w-90,ar-120-121,pr-true,f-auto,q-80/cms/sub_category/14.png",Aashirvaad Organic Chana Dal (Split) | 100% Organic Chana Dal Rich in Protein,Aashirvaad,168,240,1 pack (1 kg),5 (149),In Stock,https://www.zeptonow.com/pn/aashirvaad-organic-chana-dal-split-100-organic-chana-dal-rich-in-protein/pvid/7b8d618d-b4ec-464c-aca6-4603f710076d,"https://cdn.zeptonow.com/production/tr:w-1280,ar-750-750,pr-true,f-auto,q-80/cms/product_variant/930812e8-4fa9-4a09-a61f-9c520e05b777.jpeg"
"Atta, Rice, Oil & Dals",Top Picks,"https://cdn.zeptonow.com/production/tr:w-90,ar-120-121,pr-true,f-auto,q-80/cms/sub_category/14.png",Tata Sampann Unpolished Urad Kali,Tata,187,206,1 pack (1 kg),4.5 (185),In Stock,https://www.zeptonow.com/pn/tata-sampann-unpolished-urad-kali/pvid/067d6aa1-2446-4e58-b4f1-9f0a96945054,"https://cdn.zeptonow.com/production/tr:w-1280,ar-1500-1500,pr-true,f-auto,q-80/cms/product_variant/06fea2ce-ab7b-4127-b0ef-bcb461626289.jpg"
"Atta, Rice, Oil & Dals",Top Picks,"https://cdn.zeptonow.com/production/tr:w-90,ar-120-121,pr-true,f-auto,q-80/cms/sub_category/14.png",Aavin Ghee | Jar,Aavin,347,365,1 pc (500 ml),4.6 (2.4k),In Stock,https://www.zeptonow.com/pn/aavin-ghee-jar/pvid/00414316-f114-4f26-91d0-6b0d810b2980,"https://cdn.zeptonow.com/production/tr:w-1280,ar-500-500,pr-true,f-auto,q-80/inventory/product/64bf3059-7f66-4f99-96d1-55b25bd70f04-a73e3faf-ef2b-4e06-88eb-c83b12bdc95c.jpeg"
"Atta, Rice, Oil & Dals",Top Picks,"https://cdn.zeptonow.com/production/tr:w-90,ar-120-121,pr-true,f-auto,q-80/cms/sub_category/14.png",Daawat Jasmine Rice,Daawat,234,250,1 pack (500 g),5 (92),In Stock,https://www.zeptonow.com/pn/daawat-jasmine-rice/pvid/89b5c297-775d-49d0-81a6-21b57a757936,"https://cdn.zeptonow.com/production/tr:w-1280,ar-2400-2400,pr-true,f-auto,q-80/cms/product_variant/d62d8e75-ea90-4447-802d-f31f06b589a0.jpeg"
"Atta, Rice, Oil & Dals",Top Picks,"https://cdn.zeptonow.com/production/tr:w-90,ar-120-121,pr-true,f-auto,q-80/cms/sub_category/14.png",Dehaat Honest Farms Unpolished Chana Dal,Dehaat,68,105,1 pack (500 g),4.4 (1.2k),In Stock,https://www.zeptonow.com/pn/dehaat-honest-farms-unpolished-chana-dal/pvid/1868d27f-e131-4925-a952-bc9aaf9af9b4,"https://cdn.zeptonow.com/production/tr:w-1280,ar-2400-2400,pr-true,f-auto,q-80/cms/product_variant/6b9d69a3-3d10-4f03-9536-3c658d3e7e3f.jpg"
"Atta, Rice, Oil & Dals",Top Picks,"https://cdn.zeptonow.com/production/tr:w-90,ar-120-121,pr-true,f-auto,q-80/cms/sub_category/14.png",Safe Harvest Pesticide-Free Jowar Atta | Gluten Free,Safe,51,65,1 pack (500 g),4.3 (73),In Stock,https://www.zeptonow.com/pn/safe-harvest-pesticide-free-jowar-atta-gluten-free/pvid/61572503-1852-4fc3-a4bf-2e5720b26101,"https://cdn.zeptonow.com/production/tr:w-1280,ar-819-1123,pr-true,f-auto,q-80/inventory/product/61572503-1852-4fc3-a4bf-2e5720b26101-1LQFag80Cn5Rf8zH7ymjKT1keoyg8KQZp.jpeg"
"Atta, Rice, Oil & Dals",Top Picks,"https://cdn.zeptonow.com/production/tr:w-90,ar-120-121,pr-true,f-auto,q-80/cms/sub_category/14.png",GRB Ghee - Bottle,GRB,186,202,1 pc (200 ml),4.8 (5.9k),In Stock,https://www.zeptonow.com/pn/grb-ghee-bottle/pvid/f49468a7-657c-49ea-93af-43e3905d5218,"https://cdn.zeptonow.com/production/tr:w-1280,ar-1200-1200,pr-true,f-auto,q-80/cms/product_variant/a4f03a33-9477-4662-a823-a20f8f8345e8.jpg"
"Atta, Rice, Oil & Dals",Top Picks,"https://cdn.zeptonow.com/production/tr:w-90,ar-120-121,pr-true,f-auto,q-80/cms/sub_category/14.png",Indic Wisdom Wood Pressed White Sesame Oil | Cold Pressed - Extracted on Wooden Churner,Indic,500,680,1 pc (1 L),4.9 (420),In Stock,https://www.zeptonow.com/pn/indic-wisdom-wood-pressed-white-sesame-oil-cold-pressed-extracted-on-wooden-churner/pvid/e364760c-8322-49d2-a040-b9698348075e,"https://cdn.zeptonow.com/production/tr:w-1280,ar-1200-1200,pr-true,f-auto,q-80/cms/product_variant/5ab01bf9-9b0e-4b32-bb87-18d138d1aaf9.jpeg"
"Atta, Rice, Oil & Dals",Top Picks,"https://cdn.zeptonow.com/production/tr:w-90,ar-120-121,pr-true,f-auto,q-80/cms/sub_category/14.png",Tata Sampann Organic Kabuli Chana,Tata,131,148,1 pack (500 g),5 (162),In Stock,https://www.zeptonow.com/pn/tata-sampann-organic-kabuli-chana/pvid/1728ed58-e9e1-4bc6-937a-96c7e6965e3b,"https://cdn.zeptonow.com/production/tr:w-1280,ar-1000-1000,pr-true,f-auto,q-80/cms/product_variant/1dbdb593-5b70-4d4f-bb6f-8be8393d407f.jpg"
"Atta, Rice, Oil & Dals",Top Picks,"https://cdn.zeptonow.com/production/tr:w-90,ar-120-121,pr-true,f-auto,q-80/cms/sub_category/14.png",Borges Classic Olive Oil,Borges,699,950,1 pc (500 ml),4.8 (128),In Stock,https://www.zeptonow.com/pn/borges-classic-olive-oil/pvid/1139e01c-08aa-48fe-9365-f8e3787710b8,"https://cdn.zeptonow.com/production/tr:w-1280,ar-2400-2400,pr-true,f-auto,q-80/cms/product_variant/15ff2b9b-c063-438f-9d7c-106a677ea1ad.jpeg"
"Atta, Rice, Oil & Dals",Top Picks,"https://cdn.zeptonow.com/production/tr:w-90,ar-120-121,pr-true,f-auto,q-80/cms/sub_category/14.png",Dehaat Honest Farms Unpolished Urad Whole,Dehaat,195,290,1 pack (1 kg),4.9 (570),In Stock,https://www.zeptonow.com/pn/dehaat-honest-farms-unpolished-urad-whole/pvid/fba57f61-f699-49ec-81fd-d67f98955800,"https://cdn.zeptonow.com/production/tr:w-1280,ar-1080-1080,pr-true,f-auto,q-80/inventory/product/5247dd2f-f9b7-48ff-a68c-80d95a74a5d9-/tmp/20230425-1319201.jpeg"
"Atta, Rice, Oil & Dals",Top Picks,"https://cdn.zeptonow.com/production/tr:w-90,ar-120-121,pr-true,f-auto,q-80/cms/sub_category/14.png",Patanjali Wheat Flour Atta With Bran Traditional Chakki Gehu Atta For Soft and Fluffy Roti,Patanjali,290,315,1 pack (5 kg),4.6 (4.3k),In Stock,https://www.zeptonow.com/pn/patanjali-wheat-flour-atta-with-bran-traditional-chakki-gehu-atta-for-soft-and-fluffy-roti/pvid/0de96881-8bea-4c43-99a2-3b6e7a8a4404,"https://cdn.zeptonow.com/production/tr:w-1280,ar-2400-2400,pr-true,f-auto,q-80/cms/product_variant/7fe2cd95-1d71-4365-ab1e-5a920822b1c0.jpg"
"Atta, Rice, Oil & Dals",Top Picks,"https://cdn.zeptonow.com/production/tr:w-90,ar-120-121,pr-true,f-auto,q-80/cms/sub_category/14.png",Gulab Cold Pressed Groundnut Oil Bottle,Gulab,279,390,1 pc (1 L),4.5 (138),In Stock,https://www.zeptonow.com/pn/gulab-cold-pressed-groundnut-oil-bottle/pvid/659c3780-ca7c-401f-8242-408e785a3506,"https://cdn.zeptonow.com/production/tr:w-1280,ar-2400-2400,pr-true,f-auto,q-80/cms/product_variant/0a27376d-7ad3-49c8-a538-2e03f2df32db.jpeg"
"Atta, Rice, Oil & Dals",Top Picks,"https://cdn.zeptonow.com/production/tr:w-90,ar-120-121,pr-true,f-auto,q-80/cms/sub_category/14.png",Floryo Freshly Milled Premium Rice Atta | Chawal-Akki-Arici-Biyyam,Floryo,39,59,1 pack (500 g),4.2 (112),In Stock,https://www.zeptonow.com/pn/floryo-freshly-milled-premium-rice-atta-chawal-akki-arici-biyyam/pvid/52cec4e9-2d62-461d-85da-ca5d3110e77e,"https://cdn.zeptonow.com/production/tr:w-1280,ar-2400-2400,pr-true,f-auto,q-80/cms/product_variant/be8557dd-d073-4638-8483-a60a932c735d.jpeg"
"Atta, Rice, Oil & Dals",Top Picks,"https://cdn.zeptonow.com/production/tr:w-90,ar-120-121,pr-true,f-auto,q-80/cms/sub_category/14.png",Annapurna 100% Chana Dal Besan / Fine Besan / Gram Flour,Annapurna,75,80,1 pack (500 g),4.5 (273),In Stock,https://www.zeptonow.com/pn/annapurna-100-chana-dal-besan-fine-besan-gram-flour/pvid/1fca5ef8-1785-466f-8d3c-80ba5361e69e,"https://cdn.zeptonow.com/production/tr:w-1280,ar-1200-1200,pr-true,f-auto,q-80/cms/product_variant/d8f7e1d3-6979-43a2-8226-89a8f68bafa8.jpg"
"Atta, Rice, Oil & Dals",Top Picks,"https://cdn.zeptonow.com/production/tr:w-90,ar-120-121,pr-true,f-auto,q-80/cms/sub_category/14.png",Floryo 100% Whole Mp Lokwan Wheat Atta,Floryo,53,80,1 pack (1 kg),4.9 (590),In Stock,https://www.zeptonow.com/pn/floryo-100-whole-mp-lokwan-wheat-atta/pvid/b080fad1-923c-466a-89c6-f352549bd0c6,"https://cdn.zeptonow.com/production/tr:w-1280,ar-500-500,pr-true,f-auto,q-80/cms/product_variant/db3424b5-3f11-434b-b03a-c069815769a8.jpg"
"Atta, Rice, Oil & Dals",Top Picks,"https://cdn.zeptonow.com/production/tr:w-90,ar-120-121,pr-true,f-auto,q-80/cms/sub_category/14.png",24 Mantra Organic Jowar Flour,24 Mantra,60,75,1 pack (500 g),4.5 (310),In Stock,https://www.zeptonow.com/pn/24-mantra-organic-jowar-flour/pvid/2a5b413f-36d2-4bb8-ada0-16ecf7a71df7,"https://cdn.zeptonow.com/production/tr:w-1280,ar-1200-1200,pr-true,f-auto,q-80/cms/product_variant/c2ce53c6-70bd-4afa-bb1a-40e8b6feab30.jpeg"
"Atta, Rice, Oil & Dals",Top Picks,"https://cdn.zeptonow.com/production/tr:w-90,ar-120-121,pr-true,f-auto,q-80/cms/sub_category/14.png",Akshayakalpa Organic Cow Ghee,Akshayakalpa,301,329,1 pc (195 ml),4.7 (868),In Stock,https://www.zeptonow.com/pn/akshayakalpa-organic-cow-ghee/pvid/3bfd8c98-3004-46ad-bf6f-102e3c378113,"https://cdn.zeptonow.com/production/tr:w-1280,ar-2000-2000,pr-true,f-auto,q-80/cms/product_variant/728d9c02-33ce-4de5-a18a-3212a4e75f38.jpeg"
"Atta, Rice, Oil & Dals",Top Picks,"https://cdn.zeptonow.com/production/tr:w-90,ar-120-121,pr-true,f-auto,q-80/cms/sub_category/14.png",Daawat Rozana Basmati Rice Gold | Medium Grain,Daawat,488,600,1 pack (5 kg),4.6 (7.1k),In Stock,https://www.zeptonow.com/pn/daawat-rozana-basmati-rice-gold-medium-grain/pvid/43e7fb9a-67eb-4447-998f-7853d8aac77c,"https://cdn.zeptonow.com/production/tr:w-1280,ar-1200-1200,pr-true,f-auto,q-80/cms/product_variant/4fca667e-7ef0-4a44-a279-d04fc15a08ef.jpeg"
"Atta, Rice, Oil & Dals",Top Picks,"https://cdn.zeptonow.com/production/tr:w-90,ar-120-121,pr-true,f-auto,q-80/cms/sub_category/14.png",Safe Harvest Pesticide-Free Goodness Mung Whole | Vegan | Gluten Free,Safe,113,122,1 pack (500 g),5 (127),In Stock,https://www.zeptonow.com/pn/safe-harvest-pesticide-free-goodness-mung-whole-vegan-gluten-free/pvid/0598a942-4ab0-4f0c-9730-431f64ca4fbe,"https://cdn.zeptonow.com/production/tr:w-1280,ar-1021-1021,pr-true,f-auto,q-80/cms/product_variant/44810f08-df65-4d8e-9698-1405cd84ade0.jpeg"
"Atta, Rice, Oil & Dals",Top Picks,"https://cdn.zeptonow.com/production/tr:w-90,ar-120-121,pr-true,f-auto,q-80/cms/sub_category/14.png",Aroga Foods Cold Pressed Seasme | Til Oil,Aroga,369,770,1 pack (1 L),4.7 (307),In Stock,https://www.zeptonow.com/pn/aroga-foods-cold-pressed-seasme-til-oil/pvid/91f1c5d7-1c84-4d64-9d5d-8bd5fa538887,"https://cdn.zeptonow.com/production/tr:w-1280,ar-2400-2400,pr-true,f-auto,q-80/cms/product_variant/d8dde307-f65d-43a8-bb81-1efe3dffe207.jpeg"
"Atta, Rice, Oil & Dals",Top Picks,"https://cdn.zeptonow.com/production/tr:w-90,ar-120-121,pr-true,f-auto,q-80/cms/sub_category/14.png",Daawat Quick Cooking Red Rice,Daawat,229,299,1 pc (1 kg),4.6 (129),In Stock,https://www.zeptonow.com/pn/daawat-quick-cooking-red-rice/pvid/f1c6ce3f-91c2-4a16-bfa8-bf723ec9cafe,"https://cdn.zeptonow.com/production/tr:w-1280,ar-2400-2400,pr-true,f-auto,q-80/cms/product_variant/17be5a0c-525a-4ce3-89bf-02ead8289459.jpg"
"Atta, Rice, Oil & Dals",Top Picks,"https://cdn.zeptonow.com/production/tr:w-90,ar-120-121,pr-true,f-auto,q-80/cms/sub_category/14.png",Dawaat Biryani Kit Hyderabadi Ready to cook,Dawaat,139,165,1 pack (334 g),4.6 (1.0k),In Stock,https://www.zeptonow.com/pn/dawaat-biryani-kit-hyderabadi-ready-to-cook/pvid/d0f87453-fc41-40b7-86df-95630f4cde4f,"https://cdn.zeptonow.com/production/tr:w-1280,ar-1201-1201,pr-true,f-auto,q-80/cms/product_variant/5a91eb2b-d308-4b6d-a125-eca122c76d14.jpg"
"Atta, Rice, Oil & Dals",Top Picks,"https://cdn.zeptonow.com/production/tr:w-90,ar-120-121,pr-true,f-auto,q-80/cms/sub_category/14.png",Gulab Mustard Oil Cold Pressed Bottle,Gulab,205,290,1 pc (1 L),4.3 (134),In Stock,https://www.zeptonow.com/pn/gulab-mustard-oil-cold-pressed-bottle/pvid/512ec914-40c7-4747-ab71-6eb97774f256,"https://cdn.zeptonow.com/production/tr:w-1280,ar-2400-2400,pr-true,f-auto,q-80/cms/product_variant/da576c29-da8b-4070-bcc1-d10e4876f05a.jpeg"
"Atta, Rice, Oil & Dals",Top Picks,"https://cdn.zeptonow.com/production/tr:w-90,ar-120-121,pr-true,f-auto,q-80/cms/sub_category/14.png",Udhayakrishna Ghee | Jar,Udhayakrishna,470,505,1 pc (500 ml),5 (347),In Stock,https://www.zeptonow.com/pn/udhayakrishna-ghee-jar/pvid/96711695-bb74-4bc2-b4f4-83c05eb009d4,"https://cdn.zeptonow.com/production/tr:w-1280,ar-1200-1200,pr-true,f-auto,q-80/cms/product_variant/36cdd759-4e28-485f-98f6-35c20eff5f34.jpeg"
"Atta, Rice, Oil & Dals",Top Picks,"https://cdn.zeptonow.com/production/tr:w-90,ar-120-121,pr-true,f-auto,q-80/cms/sub_category/14.png",Daawat Biryani Kit Kolkata Ready to cook,Daawat,154,165,1 pack (334 g),3.9 (416),In Stock,https://www.zeptonow.com/pn/daawat-biryani-kit-kolkata-ready-to-cook/pvid/996f1746-f4dc-446b-95f0-95e79569e738,"https://cdn.zeptonow.com/production/tr:w-1280,ar-1200-1200,pr-true,f-auto,q-80/cms/product_variant/819836ee-04d6-49d7-b6a6-f20d162c78fc.png"
"Atta, Rice, Oil & Dals",Top Picks,"https://cdn.zeptonow.com/production/tr:w-90,ar-120-121,pr-true,f-auto,q-80/cms/sub_category/14.png",Tata Sampann Unpolished Rajma | Chitra,Tata,97,106,1 pack (500 g),4.6 (4.6k),In Stock,https://www.zeptonow.com/pn/tata-sampann-unpolished-rajma-chitra/pvid/2e047530-c785-4480-ad13-80874d0a0a02,"https://cdn.zeptonow.com/production/tr:w-1280,ar-1200-1200,pr-true,f-auto,q-80/cms/product_variant/84228a75-41e1-4c2a-acb2-28f9e8a9ad23.jpeg"
"Atta, Rice, Oil & Dals",Top Picks,"https://cdn.zeptonow.com/production/tr:w-90,ar-120-121,pr-true,f-auto,q-80/cms/sub_category/14.png",Tata Sampann 100% Chana Dal Fine Besan,Tata,103,149,1 pack (1 kg),4.7 (10.3k),In Stock,https://www.zeptonow.com/pn/tata-sampann-100-chana-dal-fine-besan/pvid/4f369899-59a5-4be6-a03b-812952277617,"https://cdn.zeptonow.com/production/tr:w-1280,ar-1200-1200,pr-true,f-auto,q-80/cms/product_variant/557d8ecc-d23f-4fc1-8863-5ba93a973134.jpeg"
"Atta, Rice, Oil & Dals",Top Picks,"https://cdn.zeptonow.com/production/tr:w-90,ar-120-121,pr-true,f-auto,q-80/cms/sub_category/14.png",Anveshan Wood Cold Pressed Mustard Oil,Anveshan,221,435,1 pc (1 L),4.7 (532),In Stock,https://www.zeptonow.com/pn/anveshan-wood-cold-pressed-mustard-oil/pvid/5b8e3941-f08f-41a4-b43c-c6cc3e15d6cf,"https://cdn.zeptonow.com/production/tr:w-1280,ar-2048-2048,pr-true,f-auto,q-80/cms/product_variant/58b3515a-bb60-4d65-9a25-73e8be445d5e.jpeg"
"Atta, Rice, Oil & Dals",Top Picks,"https://cdn.zeptonow.com/production/tr:w-90,ar-120-121,pr-true,f-auto,q-80/cms/sub_category/14.png",Dawaat Biryani Kit Lucknowi Ready to cook,Dawaat,154,165,1 pack (334 g),4.7 (536),In Stock,https://www.zeptonow.com/pn/dawaat-biryani-kit-lucknowi-ready-to-cook/pvid/4e108d5c-4745-4a99-93c2-9c8153c1892f,"https://cdn.zeptonow.com/production/tr:w-1280,ar-2400-2400,pr-true,f-auto,q-80/cms/product_variant/567b002a-410d-46c7-bfd8-b49fae472864.jpeg"
"Atta, Rice, Oil & Dals",Top Picks,"https://cdn.zeptonow.com/production/tr:w-90,ar-120-121,pr-true,f-auto,q-80/cms/sub_category/14.png",Anveshan Groundnut Oil Spray Can,Anveshan,309,500,1 pc (200 ml),4.5 (767),In Stock,https://www.zeptonow.com/pn/anveshan-groundnut-oil-spray-can/pvid/36e8052a-e66a-4278-beb5-fc1cfb17f1a3,"https://cdn.zeptonow.com/production/tr:w-1280,ar-2400-2400,pr-true,f-auto,q-80/cms/product_variant/61d538b0-cfa1-4ae2-a4e1-c86413bc61d2.jpg"
"Atta, Rice, Oil & Dals",Top Picks,"https://cdn.zeptonow.com/production/tr:w-90,ar-120-121,pr-true,f-auto,q-80/cms/sub_category/14.png",Grb Ghee | Pouch,Grb,805,883,1 pack (1 L),4.8 (658),In Stock,https://www.zeptonow.com/pn/grb-ghee-pouch/pvid/66181880-adfd-43a3-8f74-1a8d8ec2980c,"https://cdn.zeptonow.com/production/tr:w-1280,ar-1200-1200,pr-true,f-auto,q-80/cms/product_variant/d208b6fc-a439-4dcb-9399-479f55fb49d3.jpg"
"Atta, Rice, Oil & Dals",Top Picks,"https://cdn.zeptonow.com/production/tr:w-90,ar-120-121,pr-true,f-auto,q-80/cms/sub_category/14.png",Floryo Freshly Milled Barley Atta | Jau/ Jave/ Barli,Floryo,53,81,1 pack (500 g),5 (153),In Stock,https://www.zeptonow.com/pn/floryo-freshly-milled-barley-atta-jau-jave-barli/pvid/8cc5f369-616d-4b6b-ac26-6fb8b2cc5893,"https://cdn.zeptonow.com/production/tr:w-1280,ar-4167-4167,pr-true,f-auto,q-80/cms/product_variant/303d3644-b94d-4d7d-99ca-a1dacb5e50be.jpg"
"Atta, Rice, Oil & Dals",Top Picks,"https://cdn.zeptonow.com/production/tr:w-90,ar-120-121,pr-true,f-auto,q-80/cms/sub_category/14.png",Daily Good Jowar Flour / Sorghum Millet,Daily Good,36,75,1 pack (500 g),4.6 (6.2k),In Stock,https://www.zeptonow.com/pn/daily-good-jowar-flour-sorghum-millet/pvid/295dca45-3a22-4ce7-a3ca-5345c2549eb0,"https://cdn.zeptonow.com/production/tr:w-1280,ar-1200-1200,pr-true,f-auto,q-80/cms/product_variant/73dcbd1b-482b-4878-8659-d2b21ebf3cdb.jpeg"
"Atta, Rice, Oil & Dals",Top Picks,"https://cdn.zeptonow.com/production/tr:w-90,ar-120-121,pr-true,f-auto,q-80/cms/sub_category/14.png",Tata Simply Better 100% Cold Pressed Sunflower Oil,Tata,469,649,1 pc (1 L),4.9 (163),In Stock,https://www.zeptonow.com/pn/tata-simply-better-100-cold-pressed-sunflower-oil/pvid/a1e13922-6c7a-4c61-8687-3debff01f1fa,"https://cdn.zeptonow.com/production/tr:w-1280,ar-1200-1200,pr-true,f-auto,q-80/cms/product_variant/3e98e075-e057-434f-93e8-047f6a650fb8.jpg"
"Atta, Rice, Oil & Dals",Top Picks,"https://cdn.zeptonow.com/production/tr:w-90,ar-120-121,pr-true,f-auto,q-80/cms/sub_category/14.png",Tata Sampann Organic Chana Dal,Tata,191,222,1 pack (1 kg),4.7 (107),In Stock,https://www.zeptonow.com/pn/tata-sampann-organic-chana-dal/pvid/184f8da7-2eff-4213-bf09-aa1fcd56a65b,"https://cdn.zeptonow.com/production/tr:w-1280,ar-1001-1001,pr-true,f-auto,q-80/cms/product_variant/4e3fce41-004a-4f67-b888-c193720e738d.jpg"
"Atta, Rice, Oil & Dals",Top Picks,"https://cdn.zeptonow.com/production/tr:w-90,ar-120-121,pr-true,f-auto,q-80/cms/sub_category/14.png",GRB Ghee - Bottle,GRB,446,489,1 pc (500 ml),4.8 (6.3k),In Stock,https://www.zeptonow.com/pn/grb-ghee-bottle/pvid/cb7edd0f-981f-4073-8b2b-451002019f5f,"https://cdn.zeptonow.com/production/tr:w-1280,ar-2400-2400,pr-true,f-auto,q-80/cms/product_variant/2943dc55-10d5-4e34-8637-3875bad57808.jpeg"
"Atta, Rice, Oil & Dals",Top Picks,"https://cdn.zeptonow.com/production/tr:w-90,ar-120-121,pr-true,f-auto,q-80/cms/sub_category/14.png",Naga Murukku Flour,Naga,40,55,1 pack (500 g),4.5 (376),In Stock,https://www.zeptonow.com/pn/naga-murukku-flour/pvid/8f1eec25-be48-4df6-a7d8-0b2f14adb05a,"https://cdn.zeptonow.com/production/tr:w-1280,ar-1100-1100,pr-true,f-auto,q-80/cms/product_variant/9052ac90-ec3d-47b2-b1af-be07ed509670.jpg"
"Atta, Rice, Oil & Dals",Top Picks,"https://cdn.zeptonow.com/production/tr:w-90,ar-120-121,pr-true,f-auto,q-80/cms/sub_category/14.png",Nandini Pure Ghee - Pouch,Nandini,650,670,1 pack (1 L),4.7 (17.8k),In Stock,https://www.zeptonow.com/pn/nandini-pure-ghee-pouch/pvid/d5d4fb94-62a0-4c01-8257-45ea83ee98a4,"https://cdn.zeptonow.com/production/tr:w-1280,ar-1000-1000,pr-true,f-auto,q-80/cms/product_variant/0019d761-4681-4c88-87c1-fc2da3750007.png"
"Atta, Rice, Oil & Dals",Top Picks,"https://cdn.zeptonow.com/production/tr:w-90,ar-120-121,pr-true,f-auto,q-80/cms/sub_category/14.png",Borges Extra Virgin Olive Oil,Borges,1425,2300,1 pc (500 ml),5 (74),In Stock,https://www.zeptonow.com/pn/borges-extra-virgin-olive-oil/pvid/8546b13c-dc23-41bc-beaf-5f48baf28ac4,"https://cdn.zeptonow.com/production/tr:w-1280,ar-2000-2000,pr-true,f-auto,q-80/cms/product_variant/61253db9-d800-4937-add2-7d32f03e6e12.jpeg"
"Atta, Rice, Oil & Dals",Top Picks,"https://cdn.zeptonow.com/production/tr:w-90,ar-120-121,pr-true,f-auto,q-80/cms/sub_category/14.png",Sugar Watchers Low Gi 7 Grain Atta - Diabetic Friendly Pouch,Sugar,550,845,1 pack (5 kg),4.1 (61),In Stock,https://www.zeptonow.com/pn/sugar-watchers-low-gi-7-grain-atta-diabetic-friendly-pouch/pvid/c12d3cba-7d49-43b8-bec9-dfb6909ffbc1,"https://cdn.zeptonow.com/production/tr:w-1280,ar-1080-1080,pr-true,f-auto,q-80/cms/product_variant/b1851e0f-5453-4915-bc51-3782d97cd8da.jpg"
"Atta, Rice, Oil & Dals",Top Picks,"https://cdn.zeptonow.com/production/tr:w-90,ar-120-121,pr-true,f-auto,q-80/cms/sub_category/14.png",Vijay Akki Tari,Vijay,62,72,1 pack (1 kg),5 (97),In Stock,https://www.zeptonow.com/pn/vijay-akki-tari/pvid/6efb2f27-bc7a-454b-b322-082bbbea563b,"https://cdn.zeptonow.com/production/tr:w-1280,ar-2400-2400,pr-true,f-auto,q-80/cms/product_variant/481cff2b-c214-4d44-9b31-15623f5620db.jpeg"
"Atta, Rice, Oil & Dals",Top Picks,"https://cdn.zeptonow.com/production/tr:w-90,ar-120-121,pr-true,f-auto,q-80/cms/sub_category/14.png",Tata Sampann Unpolished Kali Masoor Dal,Tata,149,159,1 pack (1 kg),4.7 (3.2k),In Stock,https://www.zeptonow.com/pn/tata-sampann-unpolished-kali-masoor-dal/pvid/c8ce58b7-0810-478f-bfe6-9d153716edb3,"https://cdn.zeptonow.com/production/tr:w-1280,ar-1200-1200,pr-true,f-auto,q-80/cms/product_variant/224bfedb-d82b-4902-9f60-5feedf60b1ae.jpeg"
"Atta, Rice, Oil & Dals",Top Picks,"https://cdn.zeptonow.com/production/tr:w-90,ar-120-121,pr-true,f-auto,q-80/cms/sub_category/14.png",Heritage Cow Ghee | Jar,Heritage,317,390,1 pc (500 ml),4.8 (2.5k),In Stock,https://www.zeptonow.com/pn/heritage-cow-ghee-jar/pvid/f6fc21b2-57f3-40b6-b50a-5abc41c2de5b,"https://cdn.zeptonow.com/production/tr:w-1280,ar-1200-1200,pr-true,f-auto,q-80/cms/product_variant/bb886ac4-5e63-47e9-8f78-1a0c8b442dba.jpg"
"Atta, Rice, Oil & Dals",Top Picks,"https://cdn.zeptonow.com/production/tr:w-90,ar-120-121,pr-true,f-auto,q-80/cms/sub_category/14.png",Daawat Thai Green Curry Meal Kit is a convenience Meal Kit,Daawat,236,275,1 pack (401 g),4.3 (686),In Stock,https://www.zeptonow.com/pn/daawat-thai-green-curry-meal-kit-is-a-convenience-meal-kit/pvid/f3e637f4-ca9d-4ba2-a64d-911edce18229,"https://cdn.zeptonow.com/production/tr:w-1280,ar-3900-4200,pr-true,f-auto,q-80/cms/product_variant/9677a331-e001-451a-acc6-4c193cb9574e.jpeg"
"Atta, Rice, Oil & Dals",Top Picks,"https://cdn.zeptonow.com/production/tr:w-90,ar-120-121,pr-true,f-auto,q-80/cms/sub_category/14.png",Daily Good Sattu Flour / Chana Sattu,Daily Good,70,110,1 pack (500 g),4.4 (3.6k),In Stock,https://www.zeptonow.com/pn/daily-good-sattu-flour-chana-sattu/pvid/a5b9d61d-6325-44a2-b71a-eef719285527,"https://cdn.zeptonow.com/production/tr:w-1280,ar-1200-1200,pr-true,f-auto,q-80/cms/product_variant/ade4d063-d162-49bd-bda9-0e12de132f7f.jpeg"
"Atta, Rice, Oil & Dals",Top Picks,"https://cdn.zeptonow.com/production/tr:w-90,ar-120-121,pr-true,f-auto,q-80/cms/sub_category/14.png",Tata Sampann Unpolished Kabuli Chana | Medium Size,Tata,156,188,1 pack (1 kg),4.8 (469),In Stock,https://www.zeptonow.com/pn/tata-sampann-unpolished-kabuli-chana-medium-size/pvid/ea6f2d5d-4f9d-4323-9513-09b1b8029e12,"https://cdn.zeptonow.com/production/tr:w-1280,ar-1200-1200,pr-true,f-auto,q-80/cms/product_variant/dd1b6731-4ccf-4f6d-9d3b-bf7628ebe0ff.jpeg"
"Atta, Rice, Oil & Dals",Top Picks,"https://cdn.zeptonow.com/production/tr:w-90,ar-120-121,pr-true,f-auto,q-80/cms/sub_category/14.png",Pillsbury Gold Sharbati Atta,Pillsbury,69,83,1 pack (1 kg),4.1 (223),In Stock,https://www.zeptonow.com/pn/pillsbury-gold-sharbati-atta/pvid/543a4b2e-4188-428e-a304-41b4ee1ab9fb,"https://cdn.zeptonow.com/production/tr:w-1280,ar-1500-1500,pr-true,f-auto,q-80/cms/product_variant/80ea0eed-afec-441a-a762-e0a56e670793.jpeg"
"Atta, Rice, Oil & Dals",Top Picks,"https://cdn.zeptonow.com/production/tr:w-90,ar-120-121,pr-true,f-auto,q-80/cms/sub_category/14.png",Aavin Ghee | Jar,Aavin,160,160,1 pc (200 ml),4.6 (2.9k),In Stock,https://www.zeptonow.com/pn/aavin-ghee-jar/pvid/3d426546-e075-42db-a067-8c81f8caddba,"https://cdn.zeptonow.com/production/tr:w-1280,ar-1200-1200,pr-true,f-auto,q-80/cms/product_variant/26d9aad4-9337-4523-ac4d-b89ed672356b.jpg"
"Atta, Rice, Oil & Dals",Top Picks,"https://cdn.zeptonow.com/production/tr:w-90,ar-120-121,pr-true,f-auto,q-80/cms/sub_category/14.png",Borges Extra Virgin Olive Oil,Borges,399,750,1 pc (250 ml),4.4 (431),In Stock,https://www.zeptonow.com/pn/borges-extra-virgin-olive-oil/pvid/45ba57f9-a238-482c-b5c3-54be77be1e4e,"https://cdn.zeptonow.com/production/tr:w-1280,ar-2400-2400,pr-true,f-auto,q-80/cms/product_variant/c7d1a466-19eb-44f7-9ece-4cbf083b71ee.jpeg"
"Atta, Rice, Oil & Dals",Top Picks,"https://cdn.zeptonow.com/production/tr:w-90,ar-120-121,pr-true,f-auto,q-80/cms/sub_category/14.png",Himalayan Natives Cow Ghee Original | Jar,Himalayan,279,299,1 pc (250 ml),4.2 (1.6k),In Stock,https://www.zeptonow.com/pn/himalayan-natives-cow-ghee-original-jar/pvid/139a9a35-4c8c-418a-9c4f-5f7c456c950b,"https://cdn.zeptonow.com/production/tr:w-1280,ar-1080-1080,pr-true,f-auto,q-80/cms/product_variant/a3e122ab-a6b2-491a-8c93-9f5da8331bc0.jpeg"
"Atta, Rice, Oil & Dals",Top Picks,"https://cdn.zeptonow.com/production/tr:w-90,ar-120-121,pr-true,f-auto,q-80/cms/sub_category/14.png",Tata Sampann Unpolished Moong Chilka,Tata,88,94,1 pack (500 g),4.8 (1.9k),In Stock,https://www.zeptonow.com/pn/tata-sampann-unpolished-moong-chilka/pvid/4f0a080a-4ba6-4a40-82aa-7c8743e1b15f,"https://cdn.zeptonow.com/production/tr:w-1280,ar-1200-1200,pr-true,f-auto,q-80/cms/product_variant/e7c7a041-e4bd-4672-8722-d40e255467db.jpeg"
"Atta, Rice, Oil & Dals",Top Picks,"https://cdn.zeptonow.com/production/tr:w-90,ar-120-121,pr-true,f-auto,q-80/cms/sub_category/14.png",Aavin Agmark Ghee Special Grade,Aavin,683,700,1 pc (1 L),4.3 (508),In Stock,https://www.zeptonow.com/pn/aavin-agmark-ghee-special-grade/pvid/ec07b309-869d-4c11-aca3-e27362fb5205,"https://cdn.zeptonow.com/production/tr:w-1280,ar-2400-2400,pr-true,f-auto,q-80/cms/product_variant/2baf15d8-fce4-4046-8126-3ddc18ab1c9a.jpeg"
"Atta, Rice, Oil & Dals",Top Picks,"https://cdn.zeptonow.com/production/tr:w-90,ar-120-121,pr-true,f-auto,q-80/cms/sub_category/14.png",Indic Wisdom Wood Pressed Mustard Oil | Cold Pressed - Extracted on Wooden Churner,Indic,269,430,1 pc (1 L),4.7 (552),In Stock,https://www.zeptonow.com/pn/indic-wisdom-wood-pressed-mustard-oil-cold-pressed-extracted-on-wooden-churner/pvid/64af75f0-8f55-49f3-9c91-c4ab743b7a04,"https://cdn.zeptonow.com/production/tr:w-1280,ar-1200-1200,pr-true,f-auto,q-80/cms/product_variant/35d1db8c-d01d-4919-a15d-3dd916b54673.jpeg"
"Atta, Rice, Oil & Dals",Top Picks,"https://cdn.zeptonow.com/production/tr:w-90,ar-120-121,pr-true,f-auto,q-80/cms/sub_category/14.png",Nandini Pure Ghee - Pouch,Nandini,332,335,1 pack (500 ml),4.7 (22.1k),In Stock,https://www.zeptonow.com/pn/nandini-pure-ghee-pouch/pvid/d70b85f2-2d12-42b6-a8df-e115df06045b,"https://cdn.zeptonow.com/production/tr:w-1280,ar-1500-1500,pr-true,f-auto,q-80/cms/product_variant/516449ad-3591-4757-bb9a-48f1039d635b.jpg"
"Atta, Rice, Oil & Dals",Top Picks,"https://cdn.zeptonow.com/production/tr:w-90,ar-120-121,pr-true,f-auto,q-80/cms/sub_category/14.png",Pride Of Cows Pure Cow Ghee - Single Origin Jar,Pride,771,1150,1 pc (500 ml),5 (147),In Stock,https://www.zeptonow.com/pn/pride-of-cows-pure-cow-ghee-single-origin-jar/pvid/5054ad43-b0ae-4a35-bf50-23fb3b5864d3,"https://cdn.zeptonow.com/production/tr:w-1280,ar-4500-4500,pr-true,f-auto,q-80/cms/product_variant/0feb76c7-3762-4b60-8797-dfc05c49b1bf.jpeg"
"Atta, Rice, Oil & Dals",Top Picks,"https://cdn.zeptonow.com/production/tr:w-90,ar-120-121,pr-true,f-auto,q-80/cms/sub_category/14.png",Tata Sampann Unpolished Kabuli Chana,Tata,185,226,1 pack (1 kg),4.6 (663),In Stock,https://www.zeptonow.com/pn/tata-sampann-unpolished-kabuli-chana/pvid/32462fbf-8a4e-4aa4-b635-1ccca0f1b041,"https://cdn.zeptonow.com/production/tr:w-1280,ar-1200-1200,pr-true,f-auto,q-80/cms/product_variant/966a7e25-9e23-424c-b535-19c387038221.jpeg"
"Atta, Rice, Oil & Dals",Top Picks,"https://cdn.zeptonow.com/production/tr:w-90,ar-120-121,pr-true,f-auto,q-80/cms/sub_category/14.png",Aroga Foods Cold Pressed Sunflower Oil,Aroga,299,555,1 pc (1 L),4.2 (96),In Stock,https://www.zeptonow.com/pn/aroga-foods-cold-pressed-sunflower-oil/pvid/209f1ba7-cc8a-4b2b-8032-2a8fa2e59da2,"https://cdn.zeptonow.com/production/tr:w-1280,ar-2400-2400,pr-true,f-auto,q-80/cms/product_variant/3a82f176-c2c1-4a65-a9be-018c7504c4f4.jpeg"
"Atta, Rice, Oil & Dals",Top Picks,"https://cdn.zeptonow.com/production/tr:w-90,ar-120-121,pr-true,f-auto,q-80/cms/sub_category/14.png",RKG Ghee | Jar,RKG,776,970,1 pc (1 L),5 (62),In Stock,https://www.zeptonow.com/pn/rkg-ghee-jar/pvid/fc358ebe-c678-4752-a2bb-b93f87c55d62,"https://cdn.zeptonow.com/production/tr:w-1280,ar-900-900,pr-true,f-auto,q-80/cms/product_variant/17d4c4d4-dcc2-40e5-a441-0df2f24142b4.jpeg"
"Atta, Rice, Oil & Dals",Top Picks,"https://cdn.zeptonow.com/production/tr:w-90,ar-120-121,pr-true,f-auto,q-80/cms/sub_category/14.png",Tata Sampann Easy Cook Kabuli Chana,Tata,117,126,1 pack (200 g),5 (63),In Stock,https://www.zeptonow.com/pn/tata-sampann-easy-cook-kabuli-chana/pvid/57dafc8a-542c-4347-929e-9b364c9b0b68,"https://cdn.zeptonow.com/production/tr:w-1280,ar-1200-1200,pr-true,f-auto,q-80/cms/product_variant/33d38a47-b862-42a7-9baf-a4c152e92f70.jpg"
"Atta, Rice, Oil & Dals",Top Picks,"https://cdn.zeptonow.com/production/tr:w-90,ar-120-121,pr-true,f-auto,q-80/cms/sub_category/14.png",Milky Mist Agmark Ghee,Milky Mist,341,439,1 pc (500 ml),4.2 (903),In Stock,https://www.zeptonow.com/pn/milky-mist-agmark-ghee/pvid/825144bf-25f0-42df-841a-e10661566fa3,"https://cdn.zeptonow.com/production/tr:w-1280,ar-2400-2400,pr-true,f-auto,q-80/cms/product_variant/3b903dd8-e33d-4b22-8014-85cdbcb77609.jpeg"
"Atta, Rice, Oil & Dals",Top Picks,"https://cdn.zeptonow.com/production/tr:w-90,ar-120-121,pr-true,f-auto,q-80/cms/sub_category/14.png",Smart One Kurnool Sona Masoori Steam Rice,Smart One,1488,2600,1 pack (26 kg),4.6 (623),In Stock,https://www.zeptonow.com/pn/smart-one-kurnool-sona-masoori-steam-rice/pvid/bd72ba5e-eb40-4b67-8541-82fd64e30a7f,"https://cdn.zeptonow.com/production/tr:w-1280,ar-2400-2400,pr-true,f-auto,q-80/cms/product_variant/94c20d5e-9138-4112-9bbd-9aa79b6ac608.jpeg"
"Atta, Rice, Oil & Dals",Top Picks,"https://cdn.zeptonow.com/production/tr:w-90,ar-120-121,pr-true,f-auto,q-80/cms/sub_category/14.png",Conscious Food Organic Mustard Oil,Conscious,281,425,1 pc (1 L),5 (108),In Stock,https://www.zeptonow.com/pn/conscious-food-organic-mustard-oil/pvid/6be0ded8-72fc-4c0e-a61f-ecb8bec2a457,"https://cdn.zeptonow.com/production/tr:w-1280,ar-1080-1080,pr-true,f-auto,q-80/cms/product_variant/a1e312bf-0e35-462a-af28-559da5301750.jpeg"
"Atta, Rice, Oil & Dals",Top Picks,"https://cdn.zeptonow.com/production/tr:w-90,ar-120-121,pr-true,f-auto,q-80/cms/sub_category/14.png",Godrej Jersey Cow Ghee Jar,Godrej Jersey,638,799,1 pc (1 L),5 (72),In Stock,https://www.zeptonow.com/pn/godrej-jersey-cow-ghee-jar/pvid/72053b9e-f2cc-40b4-ba35-5d37530932a1,"https://cdn.zeptonow.com/production/tr:w-1280,ar-3000-3000,pr-true,f-auto,q-80/cms/product_variant/1615a2ba-b969-401c-ab7d-df196eb3aa3a.jpg"
"Atta, Rice, Oil & Dals",Top Picks,"https://cdn.zeptonow.com/production/tr:w-90,ar-120-121,pr-true,f-auto,q-80/cms/sub_category/14.png",Dehaat Honest Farms Unpolished Chana,Dehaat,127,198,1 pack (1 kg),4.6 (1.2k),In Stock,https://www.zeptonow.com/pn/dehaat-honest-farms-unpolished-chana/pvid/658e3e13-2276-486b-8119-c368fba2d90c,"https://cdn.zeptonow.com/production/tr:w-1280,ar-1487-1432,pr-true,f-auto,q-80/cms/product_variant/c84dd47e-aebf-4601-8dd8-af26c03d943e.jpeg"
"Atta, Rice, Oil & Dals",Top Picks,"https://cdn.zeptonow.com/production/tr:w-90,ar-120-121,pr-true,f-auto,q-80/cms/sub_category/14.png",RKG Ghee | Jar,RKG,167,208,1 pc (200 ml),4.9 (331),In Stock,https://www.zeptonow.com/pn/rkg-ghee-jar/pvid/81636921-4db1-4105-a956-d84b4a67ae01,"https://cdn.zeptonow.com/production/tr:w-1280,ar-900-900,pr-true,f-auto,q-80/cms/product_variant/79964806-4771-48bd-84f7-7e2befe2f736.jpeg"
"Atta, Rice, Oil & Dals",Top Picks,"https://cdn.zeptonow.com/production/tr:w-90,ar-120-121,pr-true,f-auto,q-80/cms/sub_category/14.png",Anveshan Wood-Pressed Sunflower Oil Hdpe Can,Anveshan,1499,2150,1 pack (5 L),5 (47),In Stock,https://www.zeptonow.com/pn/anveshan-wood-pressed-sunflower-oil-hdpe-can/pvid/995fd94a-6934-4c91-b21c-1c19ee841679,"https://cdn.zeptonow.com/production/tr:w-1280,ar-2400-2400,pr-true,f-auto,q-80/cms/product_variant/c034c667-17ce-449a-9a99-88ab96f52dd4.jpg"
"Atta, Rice, Oil & Dals",Top Picks,"https://cdn.zeptonow.com/production/tr:w-90,ar-120-121,pr-true,f-auto,q-80/cms/sub_category/14.png",Indrizo Premium Raw Rice,Indrizo,456,670,1 pack (5 kg),5 (340),In Stock,https://www.zeptonow.com/pn/indrizo-premium-raw-rice/pvid/b0efd6e5-2d15-468c-bde2-0af7faf43fe9,"https://cdn.zeptonow.com/production/tr:w-1280,ar-2400-2400,pr-true,f-auto,q-80/cms/product_variant/526a6908-aba9-473b-957d-86d26df39387.jpeg"
"Atta, Rice, Oil & Dals",Top Picks,"https://cdn.zeptonow.com/production/tr:w-90,ar-120-121,pr-true,f-auto,q-80/cms/sub_category/14.png",Nutty Yogi Sugar Control Atta,Nutty,114,189,1 pack (500 g),4.3 (190),In Stock,https://www.zeptonow.com/pn/nutty-yogi-sugar-control-atta/pvid/173352ca-0725-4a2c-bb5d-83119115e2a2,"https://cdn.zeptonow.com/production/tr:w-1280,ar-1200-1200,pr-true,f-auto,q-80/cms/product_variant/687a0912-14be-4ede-ad27-df429bd01df4.jpg"
"Atta, Rice, Oil & Dals",Top Picks,"https://cdn.zeptonow.com/production/tr:w-90,ar-120-121,pr-true,f-auto,q-80/cms/sub_category/14.png",Tata Sampann Easy Cook Kabuli Chana,Tata,239,264,1 pack (500 g),4.5 (182),In Stock,https://www.zeptonow.com/pn/tata-sampann-easy-cook-kabuli-chana/pvid/4150c66f-5615-4a10-9888-6991e2cef881,"https://cdn.zeptonow.com/production/tr:w-1280,ar-1200-1200,pr-true,f-auto,q-80/cms/product_variant/71c0eed6-00bf-41a9-8eba-35a803ad3d49.jpg"
"Atta, Rice, Oil & Dals",Top Picks,"https://cdn.zeptonow.com/production/tr:w-90,ar-120-121,pr-true,f-auto,q-80/cms/sub_category/14.png",Zeeba Premium Basmati Rice,Zeeba,1507,1999,1 pack (10 kg),3.9 (89),In Stock,https://www.zeptonow.com/pn/zeeba-premium-basmati-rice/pvid/85e2ad85-9f28-46c9-bed5-7079bd76602a,"https://cdn.zeptonow.com/production/tr:w-1280,ar-1674-1992,pr-true,f-auto,q-80/cms/product_variant/5ff2e3d2-f741-4a43-971e-5ec11b34e85c.jpeg"
"Atta, Rice, Oil & Dals",Top Picks,"https://cdn.zeptonow.com/production/tr:w-90,ar-120-121,pr-true,f-auto,q-80/cms/sub_category/14.png",Daily Good Ponni Steam Rice,Daily Good,2071,2600,1 pack (26 kg),4.2 (490),In Stock,https://www.zeptonow.com/pn/daily-good-ponni-steam-rice/pvid/061c8ae4-8a7d-42a1-93f2-4dbe4d0a5800,"https://cdn.zeptonow.com/production/tr:w-1280,ar-2250-2250,pr-true,f-auto,q-80/cms/product_variant/1436f736-efd2-4b5b-9503-2fa34906511f.jpeg"
"Atta, Rice, Oil & Dals",Top Picks,"https://cdn.zeptonow.com/production/tr:w-90,ar-120-121,pr-true,f-auto,q-80/cms/sub_category/14.png",Daily Good Sona Masoori Steam Rice,Daily Good,2118,2600,1 pack (26 kg),4.7 (66),In Stock,https://www.zeptonow.com/pn/daily-good-sona-masoori-steam-rice/pvid/aa683645-861c-4367-bcdf-734d6e4dcd3f,"https://cdn.zeptonow.com/production/tr:w-1280,ar-2250-2250,pr-true,f-auto,q-80/cms/product_variant/61884505-f285-4524-a0ec-28d9bca33746.jpeg"
"Atta, Rice, Oil & Dals",Top Picks,"https://cdn.zeptonow.com/production/tr:w-90,ar-120-121,pr-true,f-auto,q-80/cms/sub_category/14.png",Borges Extra Light Olive Oil,Borges,2499,4200,1 pc (2 L),4.5 (231),In Stock,https://www.zeptonow.com/pn/borges-extra-light-olive-oil/pvid/8ee6be52-eec0-49a6-b42f-9b39b4323ee6,"https://cdn.zeptonow.com/production/tr:w-1280,ar-2400-2400,pr-true,f-auto,q-80/cms/product_variant/085f2f0e-dc72-48ee-bd79-30c3d9cf82cb.jpeg"
"Atta, Rice, Oil & Dals",Top Picks,"https://cdn.zeptonow.com/production/tr:w-90,ar-120-121,pr-true,f-auto,q-80/cms/sub_category/14.png",Daily Good Sona Masoori Raw Rice,Daily Good,2067,2600,1 pack (26 kg),5 (146),In Stock,https://www.zeptonow.com/pn/daily-good-sona-masoori-raw-rice/pvid/2315c5c9-8398-4e89-93f6-38e2ccdaab86,"https://cdn.zeptonow.com/production/tr:w-1280,ar-2250-2250,pr-true,f-auto,q-80/cms/product_variant/f483c2fc-7527-45a2-82ca-3d4e02e5a9fe.jpeg"
"Atta, Rice, Oil & Dals",Top Picks,"https://cdn.zeptonow.com/production/tr:w-90,ar-120-121,pr-true,f-auto,q-80/cms/sub_category/14.png",Daily Good Ponni Boiled Rice,Daily Good,1798,2600,1 pack (26 kg),4.4 (236),In Stock,https://www.zeptonow.com/pn/daily-good-ponni-boiled-rice/pvid/70599e09-fc85-435b-b61a-e983fc352019,"https://cdn.zeptonow.com/production/tr:w-1280,ar-2250-2250,pr-true,f-auto,q-80/cms/product_variant/2c41688f-c883-4470-84b7-61ddb3e500e1.jpeg"
"Atta, Rice, Oil & Dals",Top Picks,"https://cdn.zeptonow.com/production/tr:w-90,ar-120-121,pr-true,f-auto,q-80/cms/sub_category/14.png",GRB Ghee - Standee Pouch,GRB,443,481,1 pack (500 ml),4.3 (1.2k),In Stock,https://www.zeptonow.com/pn/grb-ghee-standee-pouch/pvid/2c1c8cef-ca10-44c3-9d87-f1ec734b3812,"https://cdn.zeptonow.com/production/tr:w-1280,ar-1200-1200,pr-true,f-auto,q-80/cms/product_variant/37bdfafe-29ad-4007-9ba0-6d543411bca8.jpg"
"Atta, Rice, Oil & Dals",Top Picks,"https://cdn.zeptonow.com/production/tr:w-90,ar-120-121,pr-true,f-auto,q-80/cms/sub_category/14.png",Tata Sampann Unpolished Gulbarga Toor Dal,Tata,218,246,1 pack (1 kg),4.3 (197),In Stock,https://www.zeptonow.com/pn/tata-sampann-unpolished-gulbarga-toor-dal/pvid/96889412-a885-4049-99c8-0163cacfc9d6,"https://cdn.zeptonow.com/production/tr:w-1280,ar-1200-1200,pr-true,f-auto,q-80/cms/product_variant/880112f2-ba99-4d04-b485-1f45e419ecf5.jpeg"
"Atta, Rice, Oil & Dals",Top Picks,"https://cdn.zeptonow.com/production/tr:w-90,ar-120-121,pr-true,f-auto,q-80/cms/sub_category/14.png",Daily Good Pure Cow Ghee,Daily Good,574,700,1 pack (900 ml),4.7 (1.0k),In Stock,https://www.zeptonow.com/pn/daily-good-pure-cow-ghee/pvid/621f94af-46a9-40d5-a128-fb075335926a,"https://cdn.zeptonow.com/production/tr:w-1280,ar-4500-4500,pr-true,f-auto,q-80/cms/product_variant/93f47312-239a-44c3-863c-e4df988f31ab.jpeg"
"Atta, Rice, Oil & Dals",Top Picks,"https://cdn.zeptonow.com/production/tr:w-90,ar-120-121,pr-true,f-auto,q-80/cms/sub_category/14.png","Organic India Pure Cow Ghee, Lab tested on 600+ Parameters, Certified Organic",Organic,626,849,1 pc (500 ml),4.6 (657),In Stock,https://www.zeptonow.com/pn/organic-india-pure-cow-ghee-lab-tested-on-600-parameters-certified-organic/pvid/a15ae993-8e4e-4076-877a-0efc89c4734a,"https://cdn.zeptonow.com/production/tr:w-1280,ar-2400-2400,pr-true,f-auto,q-80/cms/product_variant/c5877cd6-d733-4359-a6b6-f82c295bd872.jpeg"
"Atta, Rice, Oil & Dals",Top Picks,"https://cdn.zeptonow.com/production/tr:w-90,ar-120-121,pr-true,f-auto,q-80/cms/sub_category/14.png",Smart One Sona Masoori Steam Rice,Smart One,1659,2600,1 pack (26 kg),5 (87),In Stock,https://www.zeptonow.com/pn/smart-one-sona-masoori-steam-rice/pvid/ee5d8f92-d5bc-4b15-8c2c-e82234d45e9c,"https://cdn.zeptonow.com/production/tr:w-1280,ar-1500-1500,pr-true,f-auto,q-80/cms/product_variant/eff5170b-d787-4a1e-ae36-fb22d171f9bb.jpeg"
"Atta, Rice, Oil & Dals",Top Picks,"https://cdn.zeptonow.com/production/tr:w-90,ar-120-121,pr-true,f-auto,q-80/cms/sub_category/14.png",Daily Good Ponni Raw Rice,Daily Good,484,500,1 pack (5 kg),4.7 (437),In Stock,https://www.zeptonow.com/pn/daily-good-ponni-raw-rice/pvid/8d459c3c-6992-47c0-9cbe-1716d3891106,"https://cdn.zeptonow.com/production/tr:w-1280,ar-1000-1000,pr-true,f-auto,q-80/cms/product_variant/8944fe03-22ca-45d6-b23f-95fa9d363f59.jpeg"
"Atta, Rice, Oil & Dals",Top Picks,"https://cdn.zeptonow.com/production/tr:w-90,ar-120-121,pr-true,f-auto,q-80/cms/sub_category/14.png",Daily Good Ponni Raw Rice,Daily Good,1960,2600,1 pack (26 kg),4.7 (174),In Stock,https://www.zeptonow.com/pn/daily-good-ponni-raw-rice/pvid/75812685-0ba0-4792-99f2-c88329613142,"https://cdn.zeptonow.com/production/tr:w-1280,ar-2250-2250,pr-true,f-auto,q-80/cms/product_variant/35ce60d9-d1ed-4d01-ab02-74af87a91fa8.jpeg"
"Atta, Rice, Oil & Dals",Top Picks,"https://cdn.zeptonow.com/production/tr:w-90,ar-120-121,pr-true,f-auto,q-80/cms/sub_category/14.png",Daily Good Lachkari Kolam Raw Rice,Daily Good,1679,3600,1 pack (26 kg),4.2 (85),In Stock,https://www.zeptonow.com/pn/daily-good-lachkari-kolam-raw-rice/pvid/790e8586-943b-489f-b84c-0195ae1fe711,"https://cdn.zeptonow.com/production/tr:w-1280,ar-2250-2250,pr-true,f-auto,q-80/cms/product_variant/6c40cbe4-3762-42a9-9771-bf22da0c01a8.jpeg"
"Atta, Rice, Oil & Dals",Top Picks,"https://cdn.zeptonow.com/production/tr:w-90,ar-120-121,pr-true,f-auto,q-80/cms/sub_category/14.png",Del Monte Extra Light Olive Oil,Del Monte,1029,2199,1 pc (1 L),5 (72),In Stock,https://www.zeptonow.com/pn/del-monte-extra-light-olive-oil/pvid/dec9534b-d7a4-4af8-bd31-463a35f54537,"https://cdn.zeptonow.com/production/tr:w-1280,ar-1080-1080,pr-true,f-auto,q-80/cms/product_variant/289598bd-4ac7-4189-b4eb-adb28f29b260.jpeg"
"Atta, Rice, Oil & Dals",Top Picks,"https://cdn.zeptonow.com/production/tr:w-90,ar-120-121,pr-true,f-auto,q-80/cms/sub_category/14.png",Daily Good Tamil Ponni Boiled Rice,Daily Good,480,500,1 pack (5 kg),3.9 (667),In Stock,https://www.zeptonow.com/pn/daily-good-tamil-ponni-boiled-rice/pvid/cb453954-a287-4471-8083-ca8107fac74c,"https://cdn.zeptonow.com/production/tr:w-1280,ar-1200-1200,pr-true,f-auto,q-80/cms/product_variant/fa219d6f-8b12-4a69-9130-45de8038c91a.jpeg"
"Atta, Rice, Oil & Dals",Top Picks,"https://cdn.zeptonow.com/production/tr:w-90,ar-120-121,pr-true,f-auto,q-80/cms/sub_category/14.png",Himalayan Natives 100% Natural Pahadi Ghee | Jar,Himalayan,839,1199,1 pc (1 L),4.8 (212),In Stock,https://www.zeptonow.com/pn/himalayan-natives-100-natural-pahadi-ghee-jar/pvid/aeb9f8a1-2173-4676-8c47-2c3a81c40782,"https://cdn.zeptonow.com/production/tr:w-1280,ar-1080-1080,pr-true,f-auto,q-80/cms/product_variant/43405db4-604b-4596-8dcb-df82abd19eef.jpeg"
"Atta, Rice, Oil & Dals",Top Picks,"https://cdn.zeptonow.com/production/tr:w-90,ar-120-121,pr-true,f-auto,q-80/cms/sub_category/14.png",Pride Of Cows Pure Cow Ghee - Single Origin,Pride,424,550,1 pc (200 ml),4.9 (79),In Stock,https://www.zeptonow.com/pn/pride-of-cows-pure-cow-ghee-single-origin/pvid/61b8c4ff-0b75-4da9-93a3-127bda93ce88,"https://cdn.zeptonow.com/production/tr:w-1280,ar-4500-4500,pr-true,f-auto,q-80/cms/product_variant/7f2d7bdc-fb29-4c60-9d70-ea88d518c4b1.jpeg"
"Atta, Rice, Oil & Dals",Top Picks,"https://cdn.zeptonow.com/production/tr:w-90,ar-120-121,pr-true,f-auto,q-80/cms/sub_category/14.png",Idhayam Gingelly Oil Can,Idhayam,1949,1988,1 pc (5 L),4.2 (190),In Stock,https://www.zeptonow.com/pn/idhayam-gingelly-oil-can/pvid/a3286a81-7ed7-45a8-aa7b-eaa6ff6e6847,"https://cdn.zeptonow.com/production/tr:w-1280,ar-2400-2400,pr-true,f-auto,q-80/cms/product_variant/b643da93-0b02-4a18-81cb-9bf436fc3d38.jpeg"
"Atta, Rice, Oil & Dals",Top Picks,"https://cdn.zeptonow.com/production/tr:w-90,ar-120-121,pr-true,f-auto,q-80/cms/sub_category/14.png",Daily Good Biryani Basmati Rice | Long Grain,Daily Good,1099,1250,1 pack (5 kg),5 (333),In Stock,https://www.zeptonow.com/pn/daily-good-biryani-basmati-rice-long-grain/pvid/03cb5377-4879-4805-9827-533f24d82739,"https://cdn.zeptonow.com/production/tr:w-1280,ar-2400-2400,pr-true,f-auto,q-80/cms/product_variant/e05d4366-6dab-4c44-9ef8-b85095f4a9ea.jpg"
"Atta, Rice, Oil & Dals",Top Picks,"https://cdn.zeptonow.com/production/tr:w-90,ar-120-121,pr-true,f-auto,q-80/cms/sub_category/14.png",Daily Good Super Basmati Rice | Long Grain,Daily Good,1090,1125,1 pack (5 kg),4.6 (232),In Stock,https://www.zeptonow.com/pn/daily-good-super-basmati-rice-long-grain/pvid/a0c0b2fa-9f63-4fba-8f11-622a3ccb98b5,"https://cdn.zeptonow.com/production/tr:w-1280,ar-2400-2400,pr-true,f-auto,q-80/cms/product_variant/35b031e5-b965-4853-b59d-37cb8ac0c348.jpg"
"Atta, Rice, Oil & Dals",Top Picks,"https://cdn.zeptonow.com/production/tr:w-90,ar-120-121,pr-true,f-auto,q-80/cms/sub_category/14.png",Natureland Cold Pressed Organic Mustard Oil,Natureland,1047,1825,1 pc (5 L),4.9 (116),In Stock,https://www.zeptonow.com/pn/natureland-cold-pressed-organic-mustard-oil/pvid/60fc6828-a222-4183-bc01-a6f2bc40f975,"https://cdn.zeptonow.com/production/tr:w-1280,ar-2000-2000,pr-true,f-auto,q-80/cms/product_variant/1f5b5679-6161-4383-af36-2b0f62682484.jpg"
"Atta, Rice, Oil & Dals",Top Picks,"https://cdn.zeptonow.com/production/tr:w-90,ar-120-121,pr-true,f-auto,q-80/cms/sub_category/14.png",Himalayan Natives Cow Ghee Original | Jar,Himalayan,819,1049,1 pc (1 L),4.2 (1.3k),In Stock,https://www.zeptonow.com/pn/himalayan-natives-cow-ghee-original-jar/pvid/1884d4f5-2190-477d-82ab-e3455d3bcf14,"https://cdn.zeptonow.com/production/tr:w-1280,ar-1080-1080,pr-true,f-auto,q-80/cms/product_variant/1f76950a-1d20-48b5-aebc-6e9fa4e8b384.jpeg"
"Atta, Rice, Oil & Dals",Top Picks,"https://cdn.zeptonow.com/production/tr:w-90,ar-120-121,pr-true,f-auto,q-80/cms/sub_category/14.png",Parry's Urad Dal Whole,Parry's,157,199,1 pack (1 kg),4.8 (1.5k),In Stock,https://www.zeptonow.com/pn/parrys-urad-dal-whole/pvid/4461b2f4-4bf6-43c5-ab8f-72cab28247eb,"https://cdn.zeptonow.com/production/tr:w-1280,ar-1080-1080,pr-true,f-auto,q-80/cms/product_variant/cf0c4080-12a7-4132-9c2d-300157ecc260.jpg"
"Atta, Rice, Oil & Dals",Top Picks,"https://cdn.zeptonow.com/production/tr:w-90,ar-120-121,pr-true,f-auto,q-80/cms/sub_category/14.png",Udhaiyam Idly Rice,Udhaiyam,314,365,1 pack (5 kg),4.6 (2.2k),In Stock,https://www.zeptonow.com/pn/udhaiyam-idly-rice/pvid/47eb848e-4050-4e3f-9892-786c8ab66338,"https://cdn.zeptonow.com/production/tr:w-1280,ar-2400-2400,pr-true,f-auto,q-80/cms/product_variant/7d9706be-6c43-4b37-8d1f-98d96c0c1983.jpeg"
"Atta, Rice, Oil & Dals",Top Picks,"https://cdn.zeptonow.com/production/tr:w-90,ar-120-121,pr-true,f-auto,q-80/cms/sub_category/14.png",Udhaiyam Toor Dhall,Udhaiyam,155,168,1 pack (1 kg),4.8 (4.5k),In Stock,https://www.zeptonow.com/pn/udhaiyam-toor-dhall/pvid/ede88290-547b-4c67-bf28-2decb09f5e24,"https://cdn.zeptonow.com/production/tr:w-1280,ar-2400-2400,pr-true,f-auto,q-80/cms/product_variant/547d0187-a700-4a30-a18a-73c7632cce80.jpeg"
"Atta, Rice, Oil & Dals",Top Picks,"https://cdn.zeptonow.com/production/tr:w-90,ar-120-121,pr-true,f-auto,q-80/cms/sub_category/14.png",Fortune Sunlite Refined Sunflower Oil | Pouch,Fortune,143,180,1 pack (800 g),4.7 (193.3k),In Stock,https://www.zeptonow.com/pn/fortune-sunlite-refined-sunflower-oil-pouch/pvid/a83155e4-81b3-49c4-8121-a6cc86e3b0ce,"https://cdn.zeptonow.com/production/tr:w-1280,ar-1100-1100,pr-true,f-auto,q-80/cms/product_variant/342f2aaf-9153-402b-b629-65c08ddd1bb1.jpg"
"Atta, Rice, Oil & Dals",Top Picks,"https://cdn.zeptonow.com/production/tr:w-90,ar-120-121,pr-true,f-auto,q-80/cms/sub_category/14.png",Parry's Ponni Boiled Rice Manachanallur Ponni,Parry's,334,480,1 pack (5 kg),4.6 (328),In Stock,https://www.zeptonow.com/pn/parrys-ponni-boiled-rice-manachanallur-ponni/pvid/e25d28d8-f8b2-4390-b519-708778fb5840,"https://cdn.zeptonow.com/production/tr:w-1280,ar-2400-2400,pr-true,f-auto,q-80/cms/product_variant/85c612dc-8166-4f15-82c6-dae4908be530.jpeg"
"Atta, Rice, Oil & Dals",Top Picks,"https://cdn.zeptonow.com/production/tr:w-90,ar-120-121,pr-true,f-auto,q-80/cms/sub_category/14.png",Paras Nandan Cow Ghee poly pack,Paras,593,750,1 pack (1 L),4.6 (414),In Stock,https://www.zeptonow.com/pn/paras-nandan-cow-ghee-poly-pack/pvid/88ed0aa3-8896-4ce8-be5d-2412711a54c7,"https://cdn.zeptonow.com/production/tr:w-1280,ar-2400-2400,pr-true,f-auto,q-80/cms/product_variant/a295bd95-d957-4437-b99e-5f9261ea664f.jpeg"
"Atta, Rice, Oil & Dals",Top Picks,"https://cdn.zeptonow.com/production/tr:w-90,ar-120-121,pr-true,f-auto,q-80/cms/sub_category/14.png",Udhaiyam Orid Dhall Whole,Udhaiyam,150,165,1 pack (1 kg),4.8 (10.1k),In Stock,https://www.zeptonow.com/pn/udhaiyam-orid-dhall-whole/pvid/a1dca9a5-2d49-4044-95a1-6a32ea15cfa0,"https://cdn.zeptonow.com/production/tr:w-1280,ar-2400-2400,pr-true,f-auto,q-80/cms/product_variant/e512d4ad-6325-4c79-9f98-e95b282c33b1.jpeg"
"Atta, Rice, Oil & Dals",Top Picks,"https://cdn.zeptonow.com/production/tr:w-90,ar-120-121,pr-true,f-auto,q-80/cms/sub_category/14.png",777 Gingelly Oil,777,161,189,1 pack (500 ml),4.8 (2.4k),In Stock,https://www.zeptonow.com/pn/777-gingelly-oil/pvid/1ec869ef-4099-4845-b07f-297db6a4809b,"https://cdn.zeptonow.com/production/tr:w-1280,ar-2400-2400,pr-true,f-auto,q-80/cms/product_variant/34f5e21a-c538-449d-98c6-396532de8407.jpeg"
"Atta, Rice, Oil & Dals",Top Picks,"https://cdn.zeptonow.com/production/tr:w-90,ar-120-121,pr-true,f-auto,q-80/cms/sub_category/14.png",Daily Good Sona Masoori Raw Rice,Daily Good,892,1000,1 pack (10 kg),4.4 (219),In Stock,https://www.zeptonow.com/pn/daily-good-sona-masoori-raw-rice/pvid/35485dd9-898a-49e5-b47c-938fadcc0742,"https://cdn.zeptonow.com/production/tr:w-1280,ar-2250-2250,pr-true,f-auto,q-80/cms/product_variant/d8e28a46-d3e9-46d9-adfd-8f7eee627212.jpeg"
"Atta, Rice, Oil & Dals",Top Picks,"https://cdn.zeptonow.com/production/tr:w-90,ar-120-121,pr-true,f-auto,q-80/cms/sub_category/14.png",Heritage Buffalo Ghee Special Grade With Milk Fat | Pouch,Heritage,332,375,1 pack (500 ml),4.3 (975),In Stock,https://www.zeptonow.com/pn/heritage-buffalo-ghee-special-grade-with-milk-fat-pouch/pvid/96b7626f-9be2-421c-a1db-4d622cb8d99a,"https://cdn.zeptonow.com/production/tr:w-1280,ar-980-980,pr-true,f-auto,q-80/cms/product_variant/afd9db8b-afa7-47a1-aa3e-ff49812542d7.jpg"
"Atta, Rice, Oil & Dals",Top Picks,"https://cdn.zeptonow.com/production/tr:w-90,ar-120-121,pr-true,f-auto,q-80/cms/sub_category/14.png",Fortune Sunlite Refined Sunflower Oil | Jar,Fortune,719,930,1 pc (4.35 Kg),4.7 (11.2k),In Stock,https://www.zeptonow.com/pn/fortune-sunlite-refined-sunflower-oil-jar/pvid/e29f5028-b7a0-4b9a-a33d-e5af1b3df583,"https://cdn.zeptonow.com/production/tr:w-1280,ar-1200-1200,pr-true,f-auto,q-80/cms/product_variant/76c6b48b-c30d-4c8c-b69d-d881f582223e.jpeg"
"Atta, Rice, Oil & Dals",Top Picks,"https://cdn.zeptonow.com/production/tr:w-90,ar-120-121,pr-true,f-auto,q-80/cms/sub_category/14.png",Idhayam Oil - Mantra GroundNut | Pouch,Idhayam,208,225,1 pack (1 L),4.8 (2.4k),In Stock,https://www.zeptonow.com/pn/idhayam-oil-mantra-groundnut-pouch/pvid/a3f1d54d-d94f-47a3-bbc8-b52d3503a893,"https://cdn.zeptonow.com/production/tr:w-1280,ar-1000-1000,pr-true,f-auto,q-80/cms/product_variant/ecb7a039-73c6-4cd8-bda0-a13b97ca9002.jpeg"
"Atta, Rice, Oil & Dals",Top Picks,"https://cdn.zeptonow.com/production/tr:w-90,ar-120-121,pr-true,f-auto,q-80/cms/sub_category/14.png",Nutralite Doodhshakti Pure Ghee - 1 L,Nutralite,573,660,1 pack (1 L),4.5 (1.3k),In Stock,https://www.zeptonow.com/pn/nutralite-doodhshakti-pure-ghee-1-l/pvid/9987df70-6c46-4528-a3cd-5c8b30ea5779,"https://cdn.zeptonow.com/production/tr:w-1280,ar-2400-2400,pr-true,f-auto,q-80/cms/product_variant/4b0a7bfb-c41e-47d2-a6ec-c40becbedde9.jpeg"
"Atta, Rice, Oil & Dals",Top Picks,"https://cdn.zeptonow.com/production/tr:w-90,ar-120-121,pr-true,f-auto,q-80/cms/sub_category/14.png",Daily Good Ponni Raw Rice,Daily Good,795,1000,1 pack (10 kg),4.9 (108),In Stock,https://www.zeptonow.com/pn/daily-good-ponni-raw-rice/pvid/3b1b0379-66b8-45a6-8637-4d53fb06b1d8,"https://cdn.zeptonow.com/production/tr:w-1280,ar-2400-2400,pr-true,f-auto,q-80/cms/product_variant/4e4152c3-28bf-487e-b138-70cb8e813f64.jpeg"
"Atta, Rice, Oil & Dals",Top Picks,"https://cdn.zeptonow.com/production/tr:w-90,ar-120-121,pr-true,f-auto,q-80/cms/sub_category/14.png",Parry's Toor Dal Unpolished,Parry's,153,210,1 pack (1 kg),4.6 (1.9k),In Stock,https://www.zeptonow.com/pn/parrys-toor-dal-unpolished/pvid/c371ebd6-d641-4c9f-bf7d-10a0b22286f7,"https://cdn.zeptonow.com/production/tr:w-1280,ar-1080-1080,pr-true,f-auto,q-80/cms/product_variant/69312f56-4765-47cd-b03f-d898a22551ea.jpg"
"Atta, Rice, Oil & Dals",Top Picks,"https://cdn.zeptonow.com/production/tr:w-90,ar-120-121,pr-true,f-auto,q-80/cms/sub_category/14.png",KLF Coconad 100% Pure Coconut Oil | Bottle,KLF,265,350,1 pc (500 ml),4.5 (2.2k),In Stock,https://www.zeptonow.com/pn/klf-coconad-100-pure-coconut-oil-bottle/pvid/dfd809bd-950e-4f1b-82db-28b53448729b,"https://cdn.zeptonow.com/production/tr:w-1280,ar-2400-2400,pr-true,f-auto,q-80/cms/product_variant/8fd96238-5810-43a5-a8a1-bd718c517aeb.jpeg"
"Atta, Rice, Oil & Dals",Top Picks,"https://cdn.zeptonow.com/production/tr:w-90,ar-120-121,pr-true,f-auto,q-80/cms/sub_category/14.png",Udhaiyam Dhall Moong,Udhaiyam,161,175,1 pack (1 kg),4.8 (1.0k),In Stock,https://www.zeptonow.com/pn/udhaiyam-dhall-moong/pvid/99369800-1182-46d3-baac-ef7fe860f932,"https://cdn.zeptonow.com/production/tr:w-1280,ar-2400-2400,pr-true,f-auto,q-80/cms/product_variant/d75d8142-489e-4dcc-9186-bd8888d38f94.jpg"
"Atta, Rice, Oil & Dals",Top Picks,"https://cdn.zeptonow.com/production/tr:w-90,ar-120-121,pr-true,f-auto,q-80/cms/sub_category/14.png",SVS Groundnut Oil | Pouch,SVS,181,200,1 pack (1 L),4.8 (3.9k),In Stock,https://www.zeptonow.com/pn/svs-groundnut-oil-pouch/pvid/a462863e-d6a4-4d12-b8bd-8d2eab8fec4a,"https://cdn.zeptonow.com/production/tr:w-1280,ar-1200-1200,pr-true,f-auto,q-80/cms/product_variant/23a26db4-29a8-4557-ad65-34e385d3bf30.jpeg"
"Atta, Rice, Oil & Dals",Top Picks,"https://cdn.zeptonow.com/production/tr:w-90,ar-120-121,pr-true,f-auto,q-80/cms/sub_category/14.png",Smart One Ponni Raw Rice,Smart One,1759,2225,1 pack (26 kg),4.4 (91),In Stock,https://www.zeptonow.com/pn/smart-one-ponni-raw-rice/pvid/d71c6a4f-2f45-41f6-b7e3-4200059bccb9,"https://cdn.zeptonow.com/production/tr:w-1280,ar-1500-1500,pr-true,f-auto,q-80/cms/product_variant/7d2fd287-fdef-4c69-ac92-b234332d81f2.jpeg"
"Atta, Rice, Oil & Dals",Top Picks,"https://cdn.zeptonow.com/production/tr:w-90,ar-120-121,pr-true,f-auto,q-80/cms/sub_category/14.png",Gramiyaa Sesame - Gingelly Oil - Wood Cold Pressed,Gramiyaa,549,690,1 pc (1 L),4.8 (319),In Stock,https://www.zeptonow.com/pn/gramiyaa-sesame-gingelly-oil-wood-cold-pressed/pvid/6782a7d8-5047-47c5-b4fe-a7dc3c9ca994,"https://cdn.zeptonow.com/production/tr:w-1280,ar-1080-1080,pr-true,f-auto,q-80/cms/product_variant/7d730101-3587-4ebf-a29a-711c86a1dd96.jpeg"
"Atta, Rice, Oil & Dals",Top Picks,"https://cdn.zeptonow.com/production/tr:w-90,ar-120-121,pr-true,f-auto,q-80/cms/sub_category/14.png",Jivika A2 Desi Buffalo Ghee | Traditionally Churned Bilona Method,Jivika,789,1399,1 pc (1 L),4.2 (161),In Stock,https://www.zeptonow.com/pn/jivika-a2-desi-buffalo-ghee-traditionally-churned-bilona-method/pvid/b94b30e6-dfb6-4a48-b21d-2089e4b71152,"https://cdn.zeptonow.com/production/tr:w-1280,ar-2400-2400,pr-true,f-auto,q-80/cms/product_variant/1d4ea585-fa02-499d-823f-895d053af8c3.jpeg"
"Atta, Rice, Oil & Dals",Top Picks,"https://cdn.zeptonow.com/production/tr:w-90,ar-120-121,pr-true,f-auto,q-80/cms/sub_category/14.png",Daily Good Kurnool Sona Masoori Steam Rice,Daily Good,676,1000,1 pack (10 kg),4.9 (777),In Stock,https://www.zeptonow.com/pn/daily-good-kurnool-sona-masoori-steam-rice/pvid/806c6b9f-4e47-4d55-b970-4761ef0b784e,"https://cdn.zeptonow.com/production/tr:w-1280,ar-2400-2400,pr-true,f-auto,q-80/cms/product_variant/8830e925-ab30-4484-ba8f-a530827de4d0.jpeg"
"Atta, Rice, Oil & Dals",Top Picks,"https://cdn.zeptonow.com/production/tr:w-90,ar-120-121,pr-true,f-auto,q-80/cms/sub_category/14.png",Smart One Sona Masoori Boiled Rice,Smart One,1614,2600,1 pack (26 kg),4.7 (322),In Stock,https://www.zeptonow.com/pn/smart-one-sona-masoori-boiled-rice/pvid/fd83868b-a630-4084-b886-ce514761d683,"https://cdn.zeptonow.com/production/tr:w-1280,ar-1500-1500,pr-true,f-auto,q-80/cms/product_variant/c1d0e876-4094-4721-a213-007255e45745.jpeg"
"Atta, Rice, Oil & Dals",Top Picks,"https://cdn.zeptonow.com/production/tr:w-90,ar-120-121,pr-true,f-auto,q-80/cms/sub_category/14.png",KLF Coconad Pure Coconut Cooking Oil | Pouch,KLF,506,675,1 pack (1 L),4.8 (2.5k),In Stock,https://www.zeptonow.com/pn/klf-coconad-pure-coconut-cooking-oil-pouch/pvid/1d015506-79d3-4227-8f1e-7879201daad5,"https://cdn.zeptonow.com/production/tr:w-1280,ar-2400-2400,pr-true,f-auto,q-80/cms/product_variant/b15fc23c-4dc9-4cff-84da-7f8a85f5db36.jpeg"
"Atta, Rice, Oil & Dals",Top Picks,"https://cdn.zeptonow.com/production/tr:w-90,ar-120-121,pr-true,f-auto,q-80/cms/sub_category/14.png",Fortune Pure Groundnut Oil Pouch,Fortune,167,240,1 pack (870 g),4.7 (4.7k),In Stock,https://www.zeptonow.com/pn/fortune-pure-groundnut-oil-pouch/pvid/7d3b6e0c-f6c0-4c04-b827-94e00323d429,"https://cdn.zeptonow.com/production/tr:w-1280,ar-2559-3541,pr-true,f-auto,q-80/cms/product_variant/53985a0f-e2a4-4393-b71b-c79a729e9e40.jpg"
"Atta, Rice, Oil & Dals",Top Picks,"https://cdn.zeptonow.com/production/tr:w-90,ar-120-121,pr-true,f-auto,q-80/cms/sub_category/14.png",Daily Good Makai Popcorn | Popcorn Kernals,Daily Good,59,60,1 pack (200 g),4.6 (2.1k),In Stock,https://www.zeptonow.com/pn/daily-good-makai-popcorn-popcorn-kernals/pvid/2e69fdfc-e891-46c7-8e45-9aeb2a2a11db,"https://cdn.zeptonow.com/production/tr:w-1280,ar-1200-1200,pr-true,f-auto,q-80/cms/product_variant/647a27fc-3d82-4883-a351-4f5af6101ce1.jpeg"
"Atta, Rice, Oil & Dals",Top Picks,"https://cdn.zeptonow.com/production/tr:w-90,ar-120-121,pr-true,f-auto,q-80/cms/sub_category/14.png",Patanjali Cow Ghee Desi Danedar Rich Aroma Natural Healthy,Patanjali,776,880,1 pc (1 L),4.3 (1.3k),In Stock,https://www.zeptonow.com/pn/patanjali-cow-ghee-desi-danedar-rich-aroma-natural-healthy/pvid/74e06cae-42dc-4b1e-95fc-8f7fbcf43ed8,"https://cdn.zeptonow.com/production/tr:w-1280,ar-2000-2000,pr-true,f-auto,q-80/cms/product_variant/79f4509e-5654-4d60-8188-c5d655b12114.jpeg"
"Atta, Rice, Oil & Dals",Top Picks,"https://cdn.zeptonow.com/production/tr:w-90,ar-120-121,pr-true,f-auto,q-80/cms/sub_category/14.png",Milky Mist Ghee | Pouch,Milky Mist,307,419,1 pack (500 ml),4.7 (125),In Stock,https://www.zeptonow.com/pn/milky-mist-ghee-pouch/pvid/f12517fb-cc87-4dc1-8465-f72461062a93,"https://cdn.zeptonow.com/production/tr:w-1280,ar-1600-1600,pr-true,f-auto,q-80/cms/product_variant/4b3295ce-7598-4b2f-b9c4-f4030baed759.jpeg"
"Atta, Rice, Oil & Dals",Top Picks,"https://cdn.zeptonow.com/production/tr:w-90,ar-120-121,pr-true,f-auto,q-80/cms/sub_category/14.png",Daily Good Ponni Steam Rice,Daily Good,637,1000,1 pack (10 kg),4.6 (500),In Stock,https://www.zeptonow.com/pn/daily-good-ponni-steam-rice/pvid/67f26af0-54f5-42a1-923f-24ce644ee6f3,"https://cdn.zeptonow.com/production/tr:w-1280,ar-2250-2250,pr-true,f-auto,q-80/cms/product_variant/6d6b010a-36ee-42bd-a19d-fb198b8d2c10.jpeg"
"Atta, Rice, Oil & Dals",Top Picks,"https://cdn.zeptonow.com/production/tr:w-90,ar-120-121,pr-true,f-auto,q-80/cms/sub_category/14.png",Akshayakalpa Organic Cold Pressed Coconut Oil,Akshayakalpa,665,700,1 pc (1 L),4.9 (56),In Stock,https://www.zeptonow.com/pn/akshayakalpa-organic-cold-pressed-coconut-oil/pvid/84c36720-6b0f-4937-a541-8e2c0c519711,"https://cdn.zeptonow.com/production/tr:w-1280,ar-1000-1000,pr-true,f-auto,q-80/cms/product_variant/3fb0acbd-9ab3-48c9-af8d-2e4b35c01e4e.jpg"
"Atta, Rice, Oil & Dals",Top Picks,"https://cdn.zeptonow.com/production/tr:w-90,ar-120-121,pr-true,f-auto,q-80/cms/sub_category/14.png",Godrej Jersey Buffalo Ghee Jar,Godrej Jersey,645,799,1 pc (1 L),4.9 (66),In Stock,https://www.zeptonow.com/pn/godrej-jersey-buffalo-ghee-jar/pvid/189d21e6-a343-4939-84ec-e80bb7c82a92,"https://cdn.zeptonow.com/production/tr:w-1280,ar-3000-3000,pr-true,f-auto,q-80/cms/product_variant/2dc06bed-442a-42d8-a307-47abc5f7bb65.jpg"
"Atta, Rice, Oil & Dals",Top Picks,"https://cdn.zeptonow.com/production/tr:w-90,ar-120-121,pr-true,f-auto,q-80/cms/sub_category/14.png",Patanjali Cow Ghee,Patanjali,165,165,1 pack (200 ml),4.4 (1.9k),In Stock,https://www.zeptonow.com/pn/patanjali-cow-ghee/pvid/6bf66aa6-78ea-4b05-8201-e1874e4c9083,"https://cdn.zeptonow.com/production/tr:w-1280,ar-2000-2000,pr-true,f-auto,q-80/cms/product_variant/3ff685d0-b5a2-4074-b0a9-2add97e3bdeb.jpeg"
"Atta, Rice, Oil & Dals",Top Picks,"https://cdn.zeptonow.com/production/tr:w-90,ar-120-121,pr-true,f-auto,q-80/cms/sub_category/14.png",Fortune Kachi Ghani Mustard Oil | Bottle,Fortune,208,250,1 pc (1 L),4.7 (349.1k),In Stock,https://www.zeptonow.com/pn/fortune-kachi-ghani-mustard-oil-bottle/pvid/d442ea2f-fd6c-45c9-8a02-44b6c9e74361,"https://cdn.zeptonow.com/production/tr:w-1280,ar-2400-2400,pr-true,f-auto,q-80/cms/product_variant/146167aa-45ac-45c8-a3bc-55087e0099b7.jpeg"
"Atta, Rice, Oil & Dals",Top Picks,"https://cdn.zeptonow.com/production/tr:w-90,ar-120-121,pr-true,f-auto,q-80/cms/sub_category/14.png",Daily Good Horse Gram / Kulthi Bean,Daily Good,73,100,1 pack (500 g),4.7 (2.7k),In Stock,https://www.zeptonow.com/pn/daily-good-horse-gram-kulthi-bean/pvid/f78b7d20-ac97-44f2-9817-ae1da319caa2,"https://cdn.zeptonow.com/production/tr:w-1280,ar-1200-1200,pr-true,f-auto,q-80/cms/product_variant/7e4aca1f-ddfd-447f-96c6-96626e69e560.jpg"
"Atta, Rice, Oil & Dals",Top Picks,"https://cdn.zeptonow.com/production/tr:w-90,ar-120-121,pr-true,f-auto,q-80/cms/sub_category/14.png",Idhayam Gingelly Oil | Pouch,Idhayam,396,398,1 pack (1 L),4.8 (5.3k),In Stock,https://www.zeptonow.com/pn/idhayam-gingelly-oil-pouch/pvid/d922a957-64e2-4668-9266-1606b1d8dfcb,"https://cdn.zeptonow.com/production/tr:w-1280,ar-2400-2400,pr-true,f-auto,q-80/cms/product_variant/d127e937-5868-4582-b115-dfd51ec97424.jpeg"
"Atta, Rice, Oil & Dals",Top Picks,"https://cdn.zeptonow.com/production/tr:w-90,ar-120-121,pr-true,f-auto,q-80/cms/sub_category/14.png",Daily Good Sona Masoori Steam Rice,Daily Good,420,500,1 pack (5 kg),4.4 (2.2k),In Stock,https://www.zeptonow.com/pn/daily-good-sona-masoori-steam-rice/pvid/0bb3643e-b91d-4883-bce3-a20ac78490ad,"https://cdn.zeptonow.com/production/tr:w-1280,ar-1200-1200,pr-true,f-auto,q-80/cms/product_variant/1065c250-875c-4f93-8070-51148062abb0.jpeg"
"Atta, Rice, Oil & Dals",Top Picks,"https://cdn.zeptonow.com/production/tr:w-90,ar-120-121,pr-true,f-auto,q-80/cms/sub_category/14.png",Patanjali Cow Ghee Desi Danedar Rich Aroma Natural And Healthy | Tetra Pack,Patanjali,390,390,1 pack (500 ml),4.6 (7.4k),In Stock,https://www.zeptonow.com/pn/patanjali-cow-ghee-desi-danedar-rich-aroma-natural-and-healthy-tetra-pack/pvid/98a3a0a6-8325-4cf6-901f-fe7e438fbe0c,"https://cdn.zeptonow.com/production/tr:w-1280,ar-2000-2000,pr-true,f-auto,q-80/cms/product_variant/5ee978fd-6da7-43b7-9562-fb8bc68fc20a.jpeg"
"Atta, Rice, Oil & Dals",Top Picks,"https://cdn.zeptonow.com/production/tr:w-90,ar-120-121,pr-true,f-auto,q-80/cms/sub_category/14.png",Udhaiyam Dhall - Toor,Udhaiyam,80,84,1 pack (500 g),4.8 (8.9k),In Stock,https://www.zeptonow.com/pn/udhaiyam-dhall-toor/pvid/e9e6e633-ebc9-4454-a5f2-ffcdc66e636a,"https://cdn.zeptonow.com/production/tr:w-1280,ar-1500-1500,pr-true,f-auto,q-80/cms/product_variant/8e5557d1-63bb-41c8-8b9e-3df01b672cf0.jpeg"
"Atta, Rice, Oil & Dals",Top Picks,"https://cdn.zeptonow.com/production/tr:w-90,ar-120-121,pr-true,f-auto,q-80/cms/sub_category/14.png",Gowardhan Pure Cow Ghee | Jar,Gowardhan,728,799,1 pc (1 L),4.8 (9.2k),In Stock,https://www.zeptonow.com/pn/gowardhan-pure-cow-ghee-jar/pvid/32fe31b9-7ec7-445a-8497-96acee80b8d3,"https://cdn.zeptonow.com/production/tr:w-1280,ar-2400-2400,pr-true,f-auto,q-80/cms/product_variant/e60339ba-2ffb-45b1-a9cd-6d4ca188f188.jpeg"
"Atta, Rice, Oil & Dals",Top Picks,"https://cdn.zeptonow.com/production/tr:w-90,ar-120-121,pr-true,f-auto,q-80/cms/sub_category/14.png",Gold Winner Refined Sunflower Oil - Jar,Gold Winner,756,900,1 pc (5 L),4.8 (10.9k),In Stock,https://www.zeptonow.com/pn/gold-winner-refined-sunflower-oil-jar/pvid/2b798ea3-d301-4b17-b24e-d7326fa77d88,"https://cdn.zeptonow.com/production/tr:w-1280,ar-2400-2400,pr-true,f-auto,q-80/cms/product_variant/20cf57d2-c936-47e5-9dea-fb19195b426a.jpeg"
"Atta, Rice, Oil & Dals",Top Picks,"https://cdn.zeptonow.com/production/tr:w-90,ar-120-121,pr-true,f-auto,q-80/cms/sub_category/14.png",Udhaiyam Fried Gram Dal- Split,Udhaiyam,74,76,1 pack (500 g),4.8 (2.7k),In Stock,https://www.zeptonow.com/pn/udhaiyam-fried-gram-dal-split/pvid/5d5b4074-2fe7-421d-8e9f-fd1f96c85165,"https://cdn.zeptonow.com/production/tr:w-1280,ar-2400-2400,pr-true,f-auto,q-80/cms/product_variant/adf8a030-afc3-4efb-ae7f-cd4b6c1f25bc.jpeg"
"Atta, Rice, Oil & Dals",Top Picks,"https://cdn.zeptonow.com/production/tr:w-90,ar-120-121,pr-true,f-auto,q-80/cms/sub_category/14.png",Himalayan Natives Organic Bilona Cow Ghee Jar,Himalayan,299,499,1 pack (250 ml),4.6 (372),In Stock,https://www.zeptonow.com/pn/himalayan-natives-organic-bilona-cow-ghee-jar/pvid/78ae25c2-d0cd-46fb-98da-fd697189e1de,"https://cdn.zeptonow.com/production/tr:w-1280,ar-1080-1080,pr-true,f-auto,q-80/cms/product_variant/9acdf32a-e2f2-45cb-9800-1bef134bf609.jpeg"
"Atta, Rice, Oil & Dals",Top Picks,"https://cdn.zeptonow.com/production/tr:w-90,ar-120-121,pr-true,f-auto,q-80/cms/sub_category/14.png",Manna Foxtail Millet,Manna,290,349,1 pack (1 kg),5 (100),In Stock,https://www.zeptonow.com/pn/manna-foxtail-millet/pvid/4e8a8c84-6ca1-4cc2-954e-26d3d9310bef,"https://cdn.zeptonow.com/production/tr:w-1280,ar-1200-1200,pr-true,f-auto,q-80/cms/product_variant/d59eb30e-3262-481d-92ae-aff21603009c.jpg"
"Atta, Rice, Oil & Dals",Top Picks,"https://cdn.zeptonow.com/production/tr:w-90,ar-120-121,pr-true,f-auto,q-80/cms/sub_category/14.png",Daily Good Unpolished Red Lobiya | Cowpea,Daily Good,86,140,1 pack (500 g),4.8 (468),In Stock,https://www.zeptonow.com/pn/daily-good-unpolished-red-lobiya-cowpea/pvid/5f6271ea-8d17-4267-a82c-ef98d28b39bf,"https://cdn.zeptonow.com/production/tr:w-1280,ar-2400-2400,pr-true,f-auto,q-80/cms/product_variant/f8a1b668-6b11-47cb-8dc0-55b240e1202c.jpeg"
"Atta, Rice, Oil & Dals",Top Picks,"https://cdn.zeptonow.com/production/tr:w-90,ar-120-121,pr-true,f-auto,q-80/cms/sub_category/14.png",Idhayam Gingelly Oil Bottle,Idhayam,199,201,1 pc (500 ml),4.7 (1.1k),In Stock,https://www.zeptonow.com/pn/idhayam-gingelly-oil-bottle/pvid/0a8fc29a-42b9-4bc7-ab6f-28773192cb05,"https://cdn.zeptonow.com/production/tr:w-1280,ar-600-800,pr-true,f-auto,q-80/cms/product_variant/2fc090b4-571f-4ec2-a60a-22e7106b2963.jpg"
"Atta, Rice, Oil & Dals",Top Picks,"https://cdn.zeptonow.com/production/tr:w-90,ar-120-121,pr-true,f-auto,q-80/cms/sub_category/14.png",VKR SIVAJI Premium Boiled Ponni Rice,VKR,744,840,1 pack (10 kg),4.7 (3.5k),In Stock,https://www.zeptonow.com/pn/vkr-sivaji-premium-boiled-ponni-rice/pvid/2bdc7ed9-4954-4457-ac67-f0421ca611d7,"https://cdn.zeptonow.com/production/tr:w-1280,ar-2400-2400,pr-true,f-auto,q-80/cms/product_variant/a2c5c15c-b1a7-4299-aa65-460850c27997.jpeg"
"Atta, Rice, Oil & Dals",Top Picks,"https://cdn.zeptonow.com/production/tr:w-90,ar-120-121,pr-true,f-auto,q-80/cms/sub_category/14.png",Jivika Natural Cow Ghee | Traditionally Churned Bilona Method A2 Ghee,Jivika,829,1399,1 pc (1 L),4.6 (91),In Stock,https://www.zeptonow.com/pn/jivika-natural-cow-ghee-traditionally-churned-bilona-method-a2-ghee/pvid/3db0e53b-fe4e-4ab4-9a57-2ed8213691ba,"https://cdn.zeptonow.com/production/tr:w-1280,ar-2400-2400,pr-true,f-auto,q-80/cms/product_variant/29f5ff1e-aa2a-4a32-be84-6e623c51ac2d.jpeg"
"Atta, Rice, Oil & Dals",Top Picks,"https://cdn.zeptonow.com/production/tr:w-90,ar-120-121,pr-true,f-auto,q-80/cms/sub_category/14.png",Udhaiyam Dhall - Moong,Udhaiyam,84,88,1 pack (500 g),4.8 (5.5k),In Stock,https://www.zeptonow.com/pn/udhaiyam-dhall-moong/pvid/3648b529-c498-42e2-84c0-67729f093657,"https://cdn.zeptonow.com/production/tr:w-1280,ar-2400-2400,pr-true,f-auto,q-80/cms/product_variant/99874b89-22c5-4ce6-8bea-69448b8db9c4.jpeg"
"Atta, Rice, Oil & Dals",Top Picks,"https://cdn.zeptonow.com/production/tr:w-90,ar-120-121,pr-true,f-auto,q-80/cms/sub_category/14.png",Fortune Rice Bran - Pouch,Fortune,158,199,1 pack (870 g),4.7 (45.0k),In Stock,https://www.zeptonow.com/pn/fortune-rice-bran-pouch/pvid/ad326d96-9833-47b0-8728-71d8d07a1282,"https://cdn.zeptonow.com/production/tr:w-1280,ar-2400-2400,pr-true,f-auto,q-80/cms/product_variant/7e20208a-5fc9-4ca0-b185-2de397691865.jpg"
"Atta, Rice, Oil & Dals",Top Picks,"https://cdn.zeptonow.com/production/tr:w-90,ar-120-121,pr-true,f-auto,q-80/cms/sub_category/14.png",Cardia Filtered Groundnut Oil Standup | Pouch,Cardia,176,228,1 pack (1 L),4.9 (2.3k),In Stock,https://www.zeptonow.com/pn/cardia-filtered-groundnut-oil-standup-pouch/pvid/6783e3d8-00e1-46ab-b8b7-1548983bd27f,"https://cdn.zeptonow.com/production/tr:w-1280,ar-2400-2400,pr-true,f-auto,q-80/cms/product_variant/c5122d66-0589-4d9d-9974-4a7154fae61b.jpeg"
"Atta, Rice, Oil & Dals",Top Picks,"https://cdn.zeptonow.com/production/tr:w-90,ar-120-121,pr-true,f-auto,q-80/cms/sub_category/14.png",Indrizo Seeragasamba Biryani Rice,Indrizo,214,270,1 pack (1 kg),4.5 (679),In Stock,https://www.zeptonow.com/pn/indrizo-seeragasamba-biryani-rice/pvid/a9ed713b-b363-46a9-9ba1-48bf7044e8ad,"https://cdn.zeptonow.com/production/tr:w-1280,ar-2400-2400,pr-true,f-auto,q-80/cms/product_variant/4c93d5c8-27d9-411b-b7fe-a752ed323802.jpeg"
"Atta, Rice, Oil & Dals",Top Picks,"https://cdn.zeptonow.com/production/tr:w-90,ar-120-121,pr-true,f-auto,q-80/cms/sub_category/14.png",Godrej Jersey Cow Ghee | Jar,Godrej Jersey,340,410,1 pc (500 ml),5 (108),In Stock,https://www.zeptonow.com/pn/godrej-jersey-cow-ghee-jar/pvid/9a67dfaf-1d80-4aeb-a85f-22ab2dbd05af,"https://cdn.zeptonow.com/production/tr:w-1280,ar-2400-2400,pr-true,f-auto,q-80/cms/product_variant/65c79344-0f62-4889-9df5-ce2fb00a8bc4.jpeg"
"Atta, Rice, Oil & Dals",Top Picks,"https://cdn.zeptonow.com/production/tr:w-90,ar-120-121,pr-true,f-auto,q-80/cms/sub_category/14.png",Daily Good Kurnool Sona Masoori Raw Rice,Daily Good,443,500,1 pack (5 kg),4.3 (1.2k),In Stock,https://www.zeptonow.com/pn/daily-good-kurnool-sona-masoori-raw-rice/pvid/0fb44653-b847-4452-986d-9269234aef6c,"https://cdn.zeptonow.com/production/tr:w-1280,ar-2400-2400,pr-true,f-auto,q-80/cms/product_variant/6be0e04f-30e2-41f3-9e40-e7b98d2120fc.jpeg"
"Atta, Rice, Oil & Dals",Oil,"https://cdn.zeptonow.com/production/tr:w-90,ar-120-121,pr-true,f-auto,q-80/cms/sub_category/19.png",Borges Extra Light Olive Oil,Borges,670,1300,1 pc (500 ml),3.9 (216),In Stock,https://www.zeptonow.com/pn/borges-extra-light-olive-oil/pvid/ff36eb28-0dd6-48fc-bcb0-13416c30ab7d,"https://cdn.zeptonow.com/production/tr:w-1280,ar-2400-2400,pr-true,f-auto,q-80/cms/product_variant/7f5dabaa-a37d-4ea7-b089-61e09299f646.jpeg"
"Atta, Rice, Oil & Dals",Oil,"https://cdn.zeptonow.com/production/tr:w-90,ar-120-121,pr-true,f-auto,q-80/cms/sub_category/19.png",Borges Extra Virgin Olive Oil,Borges,1399,2300,1 pc (1 L),4.4 (808),In Stock,https://www.zeptonow.com/pn/borges-extra-virgin-olive-oil/pvid/9f2234df-575c-4565-95dc-ab0fb7087e9f,"https://cdn.zeptonow.com/production/tr:w-1280,ar-2400-2400,pr-true,f-auto,q-80/cms/product_variant/6c309cb8-d548-401e-a0b9-fa2e276458f6.jpg"
"Atta, Rice, Oil & Dals",Oil,"https://cdn.zeptonow.com/production/tr:w-90,ar-120-121,pr-true,f-auto,q-80/cms/sub_category/19.png",Tata Simply Better Pure and Unrefined Cold Pressed Mustard Oil,Tata,1119,1500,1 pc (5 L),4.7 (138),In Stock,https://www.zeptonow.com/pn/tata-simply-better-pure-and-unrefined-cold-pressed-mustard-oil/pvid/16ee6374-0465-4939-90c3-001f66d7146f,"https://cdn.zeptonow.com/production/tr:w-1280,ar-2400-2400,pr-true,f-auto,q-80/cms/product_variant/07b2bd65-2e94-4b10-8abf-42350469367c.jpeg"
"Atta, Rice, Oil & Dals",Oil,"https://cdn.zeptonow.com/production/tr:w-90,ar-120-121,pr-true,f-auto,q-80/cms/sub_category/19.png",Mr.Gold Gingelly Oil Pouch,Mr.Gold,373,375,1 pack (1 L),4.7 (1.5k),In Stock,https://www.zeptonow.com/pn/mrgold-gingelly-oil-pouch/pvid/034f67d2-9d53-45cb-8036-c0d434cbae2b,"https://cdn.zeptonow.com/production/tr:w-1280,ar-2400-2400,pr-true,f-auto,q-80/cms/product_variant/16e4f79d-b3a2-4ea8-abcf-d9a3997edd24.jpeg"
"Atta, Rice, Oil & Dals",Oil,"https://cdn.zeptonow.com/production/tr:w-90,ar-120-121,pr-true,f-auto,q-80/cms/sub_category/19.png",Mr.Gold Refined Sunflower Oil Jar,Mr.Gold,750,875,1 pc (5 L),4.6 (869),In Stock,https://www.zeptonow.com/pn/mrgold-refined-sunflower-oil-jar/pvid/fe55305b-bbd4-4326-9b22-761141ae7b41,"https://cdn.zeptonow.com/production/tr:w-1280,ar-2400-2400,pr-true,f-auto,q-80/cms/product_variant/3d63658d-f611-4276-b15a-589182a5cbe2.jpeg"
"Atta, Rice, Oil & Dals",Oil,"https://cdn.zeptonow.com/production/tr:w-90,ar-120-121,pr-true,f-auto,q-80/cms/sub_category/19.png",Mr.Gold Coconut Oil Pouch,Mr.Gold,462,600,1 pack (1 L),5 (1.4k),In Stock,https://www.zeptonow.com/pn/mrgold-coconut-oil-pouch/pvid/8625bec7-d418-4763-8303-707b485936c4,"https://cdn.zeptonow.com/production/tr:w-1280,ar-1200-1200,pr-true,f-auto,q-80/cms/product_variant/2afdf294-7c42-4a35-b0dd-cb483f0ef210.jpeg"
"Atta, Rice, Oil & Dals",Oil,"https://cdn.zeptonow.com/production/tr:w-90,ar-120-121,pr-true,f-auto,q-80/cms/sub_category/19.png",Mr.Gold Refinfed Sunflower Pouch,Mr.Gold,143,170,1 pack (1 L),4.8 (30.5k),In Stock,https://www.zeptonow.com/pn/mrgold-refinfed-sunflower-pouch/pvid/a253f493-93cf-4b27-97d3-b602aec52562,"https://cdn.zeptonow.com/production/tr:w-1280,ar-2400-2400,pr-true,f-auto,q-80/cms/product_variant/15ea40ab-7da6-46f3-9146-26b234a186ae.jpeg"
"Atta, Rice, Oil & Dals",Oil,"https://cdn.zeptonow.com/production/tr:w-90,ar-120-121,pr-true,f-auto,q-80/cms/sub_category/19.png",Mr. Gold Groundnut Oil Pouch,Mr.,173,205,1 pack (1 L),4.8 (9.1k),In Stock,https://www.zeptonow.com/pn/mr-gold-groundnut-oil-pouch/pvid/1a43c02f-652c-4878-b342-983cecfa392b,"https://cdn.zeptonow.com/production/tr:w-1280,ar-1200-1200,pr-true,f-auto,q-80/cms/product_variant/9b74ec86-a1c0-4a9d-9a67-1b57bbc43c61.jpeg"
"Atta, Rice, Oil & Dals",Oil,"https://cdn.zeptonow.com/production/tr:w-90,ar-120-121,pr-true,f-auto,q-80/cms/sub_category/19.png",Tata Simply Better Cold Pressed Sesame-Gingelly-Til Oil,Tata,479,649,1 pc (1 L),4.8 (763),In Stock,https://www.zeptonow.com/pn/tata-simply-better-cold-pressed-sesame-gingelly-til-oil/pvid/9012a1d3-3726-40dd-b454-ad238198f933,"https://cdn.zeptonow.com/production/tr:w-1280,ar-2400-2400,pr-true,f-auto,q-80/cms/product_variant/f9764082-31c5-41eb-b60a-5a98b887bb03.jpeg"
"Atta, Rice, Oil & Dals",Oil,"https://cdn.zeptonow.com/production/tr:w-90,ar-120-121,pr-true,f-auto,q-80/cms/sub_category/19.png",Tata Simply Better Cold Pressed Virgin Coconut Oil,Tata,612,849,1 pc (1 L),4.8 (689),In Stock,https://www.zeptonow.com/pn/tata-simply-better-cold-pressed-virgin-coconut-oil/pvid/c69adc79-9e64-412f-b85c-7b1e24d9bd9c,"https://cdn.zeptonow.com/production/tr:w-1280,ar-1499-1499,pr-true,f-auto,q-80/cms/product_variant/be6d0314-e33e-4f61-b52a-3cb79db57d37.jpeg"
"Atta, Rice, Oil & Dals",Oil,"https://cdn.zeptonow.com/production/tr:w-90,ar-120-121,pr-true,f-auto,q-80/cms/sub_category/19.png",Tata Simply Better Pure and Unrefined Cold Pressed Virgin Coconut Oil,Tata,369,499,1 pc (500 ml),4.7 (387),In Stock,https://www.zeptonow.com/pn/tata-simply-better-pure-and-unrefined-cold-pressed-virgin-coconut-oil/pvid/85fc43ac-0cd9-4cf7-8a70-bba8562bb2a6,"https://cdn.zeptonow.com/production/tr:w-1280,ar-1000-1000,pr-true,f-auto,q-80/cms/product_variant/2aaf91bf-1745-4220-bb4a-22cb184128e3.jpg"
"Atta, Rice, Oil & Dals",Oil,"https://cdn.zeptonow.com/production/tr:w-90,ar-120-121,pr-true,f-auto,q-80/cms/sub_category/19.png",Indic Wisdom Wood Pressed Virgin Coconut Oil | Cold Pressed - Extracted on Wooden Churner,Indic,598,780,1 pc (1 L),4.5 (546),In Stock,https://www.zeptonow.com/pn/indic-wisdom-wood-pressed-virgin-coconut-oil-cold-pressed-extracted-on-wooden-churner/pvid/fe79c0b1-1d9e-4c38-9dfc-9c05e6b5deb4,"https://cdn.zeptonow.com/production/tr:w-1280,ar-1200-1200,pr-true,f-auto,q-80/cms/product_variant/3995c082-a01f-468c-ad26-5d0e211ca9d0.jpeg"
"Atta, Rice, Oil & Dals",Oil,"https://cdn.zeptonow.com/production/tr:w-90,ar-120-121,pr-true,f-auto,q-80/cms/sub_category/19.png",Tata Simply Better Extra Virgin Olive Oil,Tata,720,999,1 pc (500 ml),4.5 (50),In Stock,https://www.zeptonow.com/pn/tata-simply-better-extra-virgin-olive-oil/pvid/0b98f786-1544-43f6-a11c-1f50a16e7fbf,"https://cdn.zeptonow.com/production/tr:w-1280,ar-1200-1200,pr-true,f-auto,q-80/cms/product_variant/c3e6a426-2294-4d32-a82d-4f867283bfa8.jpeg"
"Atta, Rice, Oil & Dals",Oil,"https://cdn.zeptonow.com/production/tr:w-90,ar-120-121,pr-true,f-auto,q-80/cms/sub_category/19.png",Mr.Gold Refined Rice Bran Oil Pouch,Mr.Gold,135,180,1 pack (1 L),4.8 (11.9k),In Stock,https://www.zeptonow.com/pn/mrgold-refined-rice-bran-oil-pouch/pvid/592af9ec-306b-42d6-a16a-4f3f7d9ff6b9,"https://cdn.zeptonow.com/production/tr:w-1280,ar-1200-1200,pr-true,f-auto,q-80/cms/product_variant/8c374825-24ed-43ac-9bdc-431e06ce8ea3.jpg"
"Atta, Rice, Oil & Dals",Oil,"https://cdn.zeptonow.com/production/tr:w-90,ar-120-121,pr-true,f-auto,q-80/cms/sub_category/19.png",Indic Wisdom Wood Pressed Groundnut Oil | Cold Pressed - Extracted on Wooden Churner,Indic,299,470,1 pc (1 L),4.7 (1.9k),In Stock,https://www.zeptonow.com/pn/indic-wisdom-wood-pressed-groundnut-oil-cold-pressed-extracted-on-wooden-churner/pvid/ab549fb1-6a6f-4284-bc64-72961cab34ac,"https://cdn.zeptonow.com/production/tr:w-1280,ar-1200-1200,pr-true,f-auto,q-80/cms/product_variant/477001eb-3b7e-4213-ad57-af11e6aaafa2.jpeg"
"Atta, Rice, Oil & Dals",Oil,"https://cdn.zeptonow.com/production/tr:w-90,ar-120-121,pr-true,f-auto,q-80/cms/sub_category/19.png",Tata Simply Better Virgin Coldpressed Coconut Oil,Tata,219,275,1 pc (250 ml),4.3 (73),In Stock,https://www.zeptonow.com/pn/tata-simply-better-virgin-coldpressed-coconut-oil/pvid/001cb5a2-f484-4b13-99b5-92cf25f6b55b,"https://cdn.zeptonow.com/production/tr:w-1280,ar-1200-1200,pr-true,f-auto,q-80/cms/product_variant/b353e59c-f1df-4ec3-acb2-629c6685c0c3.jpeg"
"Atta, Rice, Oil & Dals",Oil,"https://cdn.zeptonow.com/production/tr:w-90,ar-120-121,pr-true,f-auto,q-80/cms/sub_category/19.png",Tata Simply Better Pure And Unrefined Cold Pressed Sesame-Gingelly Oil,Tata,269,340,1 pc (500 ml),4.3 (439),In Stock,https://www.zeptonow.com/pn/tata-simply-better-pure-and-unrefined-cold-pressed-sesame-gingelly-oil/pvid/0e83be8b-ea49-4ccb-915e-f482bbefcdcf,"https://cdn.zeptonow.com/production/tr:w-1280,ar-1000-1000,pr-true,f-auto,q-80/cms/product_variant/bf7e6bd6-2a8d-440a-85b0-387ed6923cfd.jpg"
"Atta, Rice, Oil & Dals",Oil,"https://cdn.zeptonow.com/production/tr:w-90,ar-120-121,pr-true,f-auto,q-80/cms/sub_category/19.png",Tata Simply Better Extra Virgin Olive Oil,Tata,1119,1499,1 pc (1 L),4.4 (427),In Stock,https://www.zeptonow.com/pn/tata-simply-better-extra-virgin-olive-oil/pvid/572f2830-2f06-4c20-aa57-47c7850d85fd,"https://cdn.zeptonow.com/production/tr:w-1280,ar-1000-1000,pr-true,f-auto,q-80/cms/product_variant/d1076739-abb2-466f-9733-afb0276cce79.jpg"
"Atta, Rice, Oil & Dals",Oil,"https://cdn.zeptonow.com/production/tr:w-90,ar-120-121,pr-true,f-auto,q-80/cms/sub_category/19.png",Anveshan Wood Pressed Black Sesame Oil,Anveshan,548,645,1 pc (1 L),4.4 (290),In Stock,https://www.zeptonow.com/pn/anveshan-wood-pressed-black-sesame-oil/pvid/c9902bf3-8c04-4f13-b1ed-636a8444f5e5,"https://cdn.zeptonow.com/production/tr:w-1280,ar-1200-1200,pr-true,f-auto,q-80/cms/product_variant/69d596bf-0ac7-4f65-b293-35ecc8972c56.jpeg"
"Atta, Rice, Oil & Dals",Oil,"https://cdn.zeptonow.com/production/tr:w-90,ar-120-121,pr-true,f-auto,q-80/cms/sub_category/19.png",Tata Simply Better Cold Pressed Mustard-Kachi Ghani Sarson Oil,Tata,234,350,1 pc (1 L),4.6 (4.2k),In Stock,https://www.zeptonow.com/pn/tata-simply-better-cold-pressed-mustard-kachi-ghani-sarson-oil/pvid/5734e812-e9b5-4170-8a82-20f8b23cd628,"https://cdn.zeptonow.com/production/tr:w-1280,ar-2400-2400,pr-true,f-auto,q-80/cms/product_variant/ad686461-fc89-476a-8ebd-959fee8c4c02.jpeg"
"Atta, Rice, Oil & Dals",Oil,"https://cdn.zeptonow.com/production/tr:w-90,ar-120-121,pr-true,f-auto,q-80/cms/sub_category/19.png",Anveshan Wood Cold Pressed Sunflower Oil,Anveshan,339,475,1 pc (1 L),4.8 (536),In Stock,https://www.zeptonow.com/pn/anveshan-wood-cold-pressed-sunflower-oil/pvid/5b7315cb-12d0-45b7-aff9-5d917fcdea5d,"https://cdn.zeptonow.com/production/tr:w-1280,ar-2048-2048,pr-true,f-auto,q-80/cms/product_variant/88325e81-c2c8-4c7b-bbf6-b863bc7d6bdd.jpeg"
"Atta, Rice, Oil & Dals",Oil,"https://cdn.zeptonow.com/production/tr:w-90,ar-120-121,pr-true,f-auto,q-80/cms/sub_category/19.png",Anveshan Wood Pressed Groundnut Peanut Oil | Bottle,Anveshan,329,475,1 pc (1 L),4.6 (800),In Stock,https://www.zeptonow.com/pn/anveshan-wood-pressed-groundnut-peanut-oil-bottle/pvid/b3544e58-33eb-46ab-98a3-f6bb6d342d6d,"https://cdn.zeptonow.com/production/tr:w-1280,ar-2048-2048,pr-true,f-auto,q-80/cms/product_variant/3c1e6e0e-d03a-4cc5-b60d-da4e766d7723.jpeg"
"Atta, Rice, Oil & Dals",Oil,"https://cdn.zeptonow.com/production/tr:w-90,ar-120-121,pr-true,f-auto,q-80/cms/sub_category/19.png",Indic Wisdom Wood Pressed White Sesame Oil | Bottle,Indic,319,370,1 pc (500 ml),4.6 (309),In Stock,https://www.zeptonow.com/pn/indic-wisdom-wood-pressed-white-sesame-oil-bottle/pvid/e202db9c-2892-46fb-b00f-a381fad204e3,"https://cdn.zeptonow.com/production/tr:w-1280,ar-1200-1200,pr-true,f-auto,q-80/cms/product_variant/8a89cd8a-c127-4c59-b025-86432232358e.jpeg"
"Atta, Rice, Oil & Dals",Oil,"https://cdn.zeptonow.com/production/tr:w-90,ar-120-121,pr-true,f-auto,q-80/cms/sub_category/19.png",Anveshan Extra Virgin Olive Oil,Anveshan,379,570,1 pc (250 ml),4.8 (336),In Stock,https://www.zeptonow.com/pn/anveshan-extra-virgin-olive-oil/pvid/ad2d2d54-4fa6-440a-b454-3d701e6ee6a2,"https://cdn.zeptonow.com/production/tr:w-1280,ar-2048-2048,pr-true,f-auto,q-80/cms/product_variant/849bac70-3ee3-49dd-bfa8-400fbe61592c.jpeg"
"Atta, Rice, Oil & Dals",Oil,"https://cdn.zeptonow.com/production/tr:w-90,ar-120-121,pr-true,f-auto,q-80/cms/sub_category/19.png",Indic Wisdom Wood Pressed White Sesame Oil | Cold Pressed - Extracted on Wooden Churner,Indic,500,680,1 pc (1 L),4.9 (420),In Stock,https://www.zeptonow.com/pn/indic-wisdom-wood-pressed-white-sesame-oil-cold-pressed-extracted-on-wooden-churner/pvid/e364760c-8322-49d2-a040-b9698348075e,"https://cdn.zeptonow.com/production/tr:w-1280,ar-1200-1200,pr-true,f-auto,q-80/cms/product_variant/5ab01bf9-9b0e-4b32-bb87-18d138d1aaf9.jpeg"
"Atta, Rice, Oil & Dals",Oil,"https://cdn.zeptonow.com/production/tr:w-90,ar-120-121,pr-true,f-auto,q-80/cms/sub_category/19.png",Borges Classic Olive Oil,Borges,699,950,1 pc (500 ml),4.8 (128),In Stock,https://www.zeptonow.com/pn/borges-classic-olive-oil/pvid/1139e01c-08aa-48fe-9365-f8e3787710b8,"https://cdn.zeptonow.com/production/tr:w-1280,ar-2400-2400,pr-true,f-auto,q-80/cms/product_variant/15ff2b9b-c063-438f-9d7c-106a677ea1ad.jpeg"
"Atta, Rice, Oil & Dals",Oil,"https://cdn.zeptonow.com/production/tr:w-90,ar-120-121,pr-true,f-auto,q-80/cms/sub_category/19.png",Gulab Cold Pressed Groundnut Oil Bottle,Gulab,279,390,1 pc (1 L),4.5 (138),In Stock,https://www.zeptonow.com/pn/gulab-cold-pressed-groundnut-oil-bottle/pvid/659c3780-ca7c-401f-8242-408e785a3506,"https://cdn.zeptonow.com/production/tr:w-1280,ar-2400-2400,pr-true,f-auto,q-80/cms/product_variant/0a27376d-7ad3-49c8-a538-2e03f2df32db.jpeg"
"Atta, Rice, Oil & Dals",Oil,"https://cdn.zeptonow.com/production/tr:w-90,ar-120-121,pr-true,f-auto,q-80/cms/sub_category/19.png",Aroga Foods Cold Pressed Seasme | Til Oil,Aroga,369,770,1 pack (1 L),4.7 (307),In Stock,https://www.zeptonow.com/pn/aroga-foods-cold-pressed-seasme-til-oil/pvid/91f1c5d7-1c84-4d64-9d5d-8bd5fa538887,"https://cdn.zeptonow.com/production/tr:w-1280,ar-2400-2400,pr-true,f-auto,q-80/cms/product_variant/d8dde307-f65d-43a8-bb81-1efe3dffe207.jpeg"
"Atta, Rice, Oil & Dals",Oil,"https://cdn.zeptonow.com/production/tr:w-90,ar-120-121,pr-true,f-auto,q-80/cms/sub_category/19.png",Gulab Mustard Oil Cold Pressed Bottle,Gulab,205,290,1 pc (1 L),4.3 (134),In Stock,https://www.zeptonow.com/pn/gulab-mustard-oil-cold-pressed-bottle/pvid/512ec914-40c7-4747-ab71-6eb97774f256,"https://cdn.zeptonow.com/production/tr:w-1280,ar-2400-2400,pr-true,f-auto,q-80/cms/product_variant/da576c29-da8b-4070-bcc1-d10e4876f05a.jpeg"
"Atta, Rice, Oil & Dals",Oil,"https://cdn.zeptonow.com/production/tr:w-90,ar-120-121,pr-true,f-auto,q-80/cms/sub_category/19.png",Anveshan Wood Cold Pressed Mustard Oil,Anveshan,221,435,1 pc (1 L),4.7 (532),In Stock,https://www.zeptonow.com/pn/anveshan-wood-cold-pressed-mustard-oil/pvid/5b8e3941-f08f-41a4-b43c-c6cc3e15d6cf,"https://cdn.zeptonow.com/production/tr:w-1280,ar-2048-2048,pr-true,f-auto,q-80/cms/product_variant/58b3515a-bb60-4d65-9a25-73e8be445d5e.jpeg"
"Atta, Rice, Oil & Dals",Oil,"https://cdn.zeptonow.com/production/tr:w-90,ar-120-121,pr-true,f-auto,q-80/cms/sub_category/19.png",Anveshan Groundnut Oil Spray Can,Anveshan,309,500,1 pc (200 ml),4.5 (767),In Stock,https://www.zeptonow.com/pn/anveshan-groundnut-oil-spray-can/pvid/36e8052a-e66a-4278-beb5-fc1cfb17f1a3,"https://cdn.zeptonow.com/production/tr:w-1280,ar-2400-2400,pr-true,f-auto,q-80/cms/product_variant/61d538b0-cfa1-4ae2-a4e1-c86413bc61d2.jpg"
"Atta, Rice, Oil & Dals",Oil,"https://cdn.zeptonow.com/production/tr:w-90,ar-120-121,pr-true,f-auto,q-80/cms/sub_category/19.png",Tata Simply Better 100% Cold Pressed Sunflower Oil,Tata,469,649,1 pc (1 L),4.9 (163),In Stock,https://www.zeptonow.com/pn/tata-simply-better-100-cold-pressed-sunflower-oil/pvid/a1e13922-6c7a-4c61-8687-3debff01f1fa,"https://cdn.zeptonow.com/production/tr:w-1280,ar-1200-1200,pr-true,f-auto,q-80/cms/product_variant/3e98e075-e057-434f-93e8-047f6a650fb8.jpg"
"Atta, Rice, Oil & Dals",Oil,"https://cdn.zeptonow.com/production/tr:w-90,ar-120-121,pr-true,f-auto,q-80/cms/sub_category/19.png",Borges Extra Virgin Olive Oil,Borges,1425,2300,1 pc (500 ml),5 (74),In Stock,https://www.zeptonow.com/pn/borges-extra-virgin-olive-oil/pvid/8546b13c-dc23-41bc-beaf-5f48baf28ac4,"https://cdn.zeptonow.com/production/tr:w-1280,ar-2000-2000,pr-true,f-auto,q-80/cms/product_variant/61253db9-d800-4937-add2-7d32f03e6e12.jpeg"
"Atta, Rice, Oil & Dals",Oil,"https://cdn.zeptonow.com/production/tr:w-90,ar-120-121,pr-true,f-auto,q-80/cms/sub_category/19.png",Borges Extra Virgin Olive Oil,Borges,399,750,1 pc (250 ml),4.4 (431),In Stock,https://www.zeptonow.com/pn/borges-extra-virgin-olive-oil/pvid/45ba57f9-a238-482c-b5c3-54be77be1e4e,"https://cdn.zeptonow.com/production/tr:w-1280,ar-2400-2400,pr-true,f-auto,q-80/cms/product_variant/c7d1a466-19eb-44f7-9ece-4cbf083b71ee.jpeg"
"Atta, Rice, Oil & Dals",Oil,"https://cdn.zeptonow.com/production/tr:w-90,ar-120-121,pr-true,f-auto,q-80/cms/sub_category/19.png",Indic Wisdom Wood Pressed Mustard Oil | Cold Pressed - Extracted on Wooden Churner,Indic,269,430,1 pc (1 L),4.7 (552),In Stock,https://www.zeptonow.com/pn/indic-wisdom-wood-pressed-mustard-oil-cold-pressed-extracted-on-wooden-churner/pvid/64af75f0-8f55-49f3-9c91-c4ab743b7a04,"https://cdn.zeptonow.com/production/tr:w-1280,ar-1200-1200,pr-true,f-auto,q-80/cms/product_variant/35d1db8c-d01d-4919-a15d-3dd916b54673.jpeg"
"Atta, Rice, Oil & Dals",Oil,"https://cdn.zeptonow.com/production/tr:w-90,ar-120-121,pr-true,f-auto,q-80/cms/sub_category/19.png",Aroga Foods Cold Pressed Sunflower Oil,Aroga,299,555,1 pc (1 L),4.2 (96),In Stock,https://www.zeptonow.com/pn/aroga-foods-cold-pressed-sunflower-oil/pvid/209f1ba7-cc8a-4b2b-8032-2a8fa2e59da2,"https://cdn.zeptonow.com/production/tr:w-1280,ar-2400-2400,pr-true,f-auto,q-80/cms/product_variant/3a82f176-c2c1-4a65-a9be-018c7504c4f4.jpeg"
"Atta, Rice, Oil & Dals",Oil,"https://cdn.zeptonow.com/production/tr:w-90,ar-120-121,pr-true,f-auto,q-80/cms/sub_category/19.png",Conscious Food Organic Mustard Oil,Conscious,281,425,1 pc (1 L),5 (108),In Stock,https://www.zeptonow.com/pn/conscious-food-organic-mustard-oil/pvid/6be0ded8-72fc-4c0e-a61f-ecb8bec2a457,"https://cdn.zeptonow.com/production/tr:w-1280,ar-1080-1080,pr-true,f-auto,q-80/cms/product_variant/a1e312bf-0e35-462a-af28-559da5301750.jpeg"
"Atta, Rice, Oil & Dals",Oil,"https://cdn.zeptonow.com/production/tr:w-90,ar-120-121,pr-true,f-auto,q-80/cms/sub_category/19.png",Anveshan Wood-Pressed Sunflower Oil Hdpe Can,Anveshan,1499,2150,1 pack (5 L),5 (47),In Stock,https://www.zeptonow.com/pn/anveshan-wood-pressed-sunflower-oil-hdpe-can/pvid/995fd94a-6934-4c91-b21c-1c19ee841679,"https://cdn.zeptonow.com/production/tr:w-1280,ar-2400-2400,pr-true,f-auto,q-80/cms/product_variant/c034c667-17ce-449a-9a99-88ab96f52dd4.jpg"
"Atta, Rice, Oil & Dals",Oil,"https://cdn.zeptonow.com/production/tr:w-90,ar-120-121,pr-true,f-auto,q-80/cms/sub_category/19.png",Borges Extra Light Olive Oil,Borges,2499,4200,1 pc (2 L),4.5 (231),In Stock,https://www.zeptonow.com/pn/borges-extra-light-olive-oil/pvid/8ee6be52-eec0-49a6-b42f-9b39b4323ee6,"https://cdn.zeptonow.com/production/tr:w-1280,ar-2400-2400,pr-true,f-auto,q-80/cms/product_variant/085f2f0e-dc72-48ee-bd79-30c3d9cf82cb.jpeg"
"Atta, Rice, Oil & Dals",Oil,"https://cdn.zeptonow.com/production/tr:w-90,ar-120-121,pr-true,f-auto,q-80/cms/sub_category/19.png",Del Monte Extra Light Olive Oil,Del Monte,1029,2199,1 pc (1 L),5 (72),In Stock,https://www.zeptonow.com/pn/del-monte-extra-light-olive-oil/pvid/dec9534b-d7a4-4af8-bd31-463a35f54537,"https://cdn.zeptonow.com/production/tr:w-1280,ar-1080-1080,pr-true,f-auto,q-80/cms/product_variant/289598bd-4ac7-4189-b4eb-adb28f29b260.jpeg"
"Atta, Rice, Oil & Dals",Oil,"https://cdn.zeptonow.com/production/tr:w-90,ar-120-121,pr-true,f-auto,q-80/cms/sub_category/19.png",Idhayam Gingelly Oil Can,Idhayam,1949,1988,1 pc (5 L),4.2 (190),In Stock,https://www.zeptonow.com/pn/idhayam-gingelly-oil-can/pvid/a3286a81-7ed7-45a8-aa7b-eaa6ff6e6847,"https://cdn.zeptonow.com/production/tr:w-1280,ar-2400-2400,pr-true,f-auto,q-80/cms/product_variant/b643da93-0b02-4a18-81cb-9bf436fc3d38.jpeg"
"Atta, Rice, Oil & Dals",Oil,"https://cdn.zeptonow.com/production/tr:w-90,ar-120-121,pr-true,f-auto,q-80/cms/sub_category/19.png",Natureland Cold Pressed Organic Mustard Oil,Natureland,1047,1825,1 pc (5 L),4.9 (116),In Stock,https://www.zeptonow.com/pn/natureland-cold-pressed-organic-mustard-oil/pvid/60fc6828-a222-4183-bc01-a6f2bc40f975,"https://cdn.zeptonow.com/production/tr:w-1280,ar-2000-2000,pr-true,f-auto,q-80/cms/product_variant/1f5b5679-6161-4383-af36-2b0f62682484.jpg"
"Atta, Rice, Oil & Dals",Oil,"https://cdn.zeptonow.com/production/tr:w-90,ar-120-121,pr-true,f-auto,q-80/cms/sub_category/19.png",Fortune Sunlite Refined Sunflower Oil | Pouch,Fortune,143,180,1 pack (800 g),4.7 (193.3k),In Stock,https://www.zeptonow.com/pn/fortune-sunlite-refined-sunflower-oil-pouch/pvid/a83155e4-81b3-49c4-8121-a6cc86e3b0ce,"https://cdn.zeptonow.com/production/tr:w-1280,ar-1100-1100,pr-true,f-auto,q-80/cms/product_variant/342f2aaf-9153-402b-b629-65c08ddd1bb1.jpg"
"Atta, Rice, Oil & Dals",Oil,"https://cdn.zeptonow.com/production/tr:w-90,ar-120-121,pr-true,f-auto,q-80/cms/sub_category/19.png",777 Gingelly Oil,777,161,189,1 pack (500 ml),4.8 (2.4k),In Stock,https://www.zeptonow.com/pn/777-gingelly-oil/pvid/1ec869ef-4099-4845-b07f-297db6a4809b,"https://cdn.zeptonow.com/production/tr:w-1280,ar-2400-2400,pr-true,f-auto,q-80/cms/product_variant/34f5e21a-c538-449d-98c6-396532de8407.jpeg"
"Atta, Rice, Oil & Dals",Oil,"https://cdn.zeptonow.com/production/tr:w-90,ar-120-121,pr-true,f-auto,q-80/cms/sub_category/19.png",Fortune Sunlite Refined Sunflower Oil | Jar,Fortune,719,930,1 pc (4.35 Kg),4.7 (11.2k),In Stock,https://www.zeptonow.com/pn/fortune-sunlite-refined-sunflower-oil-jar/pvid/e29f5028-b7a0-4b9a-a33d-e5af1b3df583,"https://cdn.zeptonow.com/production/tr:w-1280,ar-1200-1200,pr-true,f-auto,q-80/cms/product_variant/76c6b48b-c30d-4c8c-b69d-d881f582223e.jpeg"
"Atta, Rice, Oil & Dals",Oil,"https://cdn.zeptonow.com/production/tr:w-90,ar-120-121,pr-true,f-auto,q-80/cms/sub_category/19.png",Idhayam Oil - Mantra GroundNut | Pouch,Idhayam,208,225,1 pack (1 L),4.8 (2.4k),In Stock,https://www.zeptonow.com/pn/idhayam-oil-mantra-groundnut-pouch/pvid/a3f1d54d-d94f-47a3-bbc8-b52d3503a893,"https://cdn.zeptonow.com/production/tr:w-1280,ar-1000-1000,pr-true,f-auto,q-80/cms/product_variant/ecb7a039-73c6-4cd8-bda0-a13b97ca9002.jpeg"
"Atta, Rice, Oil & Dals",Oil,"https://cdn.zeptonow.com/production/tr:w-90,ar-120-121,pr-true,f-auto,q-80/cms/sub_category/19.png",KLF Coconad 100% Pure Coconut Oil | Bottle,KLF,265,350,1 pc (500 ml),4.5 (2.2k),In Stock,https://www.zeptonow.com/pn/klf-coconad-100-pure-coconut-oil-bottle/pvid/dfd809bd-950e-4f1b-82db-28b53448729b,"https://cdn.zeptonow.com/production/tr:w-1280,ar-2400-2400,pr-true,f-auto,q-80/cms/product_variant/8fd96238-5810-43a5-a8a1-bd718c517aeb.jpeg"
"Atta, Rice, Oil & Dals",Oil,"https://cdn.zeptonow.com/production/tr:w-90,ar-120-121,pr-true,f-auto,q-80/cms/sub_category/19.png",SVS Groundnut Oil | Pouch,SVS,181,200,1 pack (1 L),4.8 (3.9k),In Stock,https://www.zeptonow.com/pn/svs-groundnut-oil-pouch/pvid/a462863e-d6a4-4d12-b8bd-8d2eab8fec4a,"https://cdn.zeptonow.com/production/tr:w-1280,ar-1200-1200,pr-true,f-auto,q-80/cms/product_variant/23a26db4-29a8-4557-ad65-34e385d3bf30.jpeg"
"Atta, Rice, Oil & Dals",Oil,"https://cdn.zeptonow.com/production/tr:w-90,ar-120-121,pr-true,f-auto,q-80/cms/sub_category/19.png",Gramiyaa Sesame - Gingelly Oil - Wood Cold Pressed,Gramiyaa,549,690,1 pc (1 L),4.8 (319),In Stock,https://www.zeptonow.com/pn/gramiyaa-sesame-gingelly-oil-wood-cold-pressed/pvid/6782a7d8-5047-47c5-b4fe-a7dc3c9ca994,"https://cdn.zeptonow.com/production/tr:w-1280,ar-1080-1080,pr-true,f-auto,q-80/cms/product_variant/7d730101-3587-4ebf-a29a-711c86a1dd96.jpeg"
"Atta, Rice, Oil & Dals",Oil,"https://cdn.zeptonow.com/production/tr:w-90,ar-120-121,pr-true,f-auto,q-80/cms/sub_category/19.png",KLF Coconad Pure Coconut Cooking Oil | Pouch,KLF,506,675,1 pack (1 L),4.8 (2.5k),In Stock,https://www.zeptonow.com/pn/klf-coconad-pure-coconut-cooking-oil-pouch/pvid/1d015506-79d3-4227-8f1e-7879201daad5,"https://cdn.zeptonow.com/production/tr:w-1280,ar-2400-2400,pr-true,f-auto,q-80/cms/product_variant/b15fc23c-4dc9-4cff-84da-7f8a85f5db36.jpeg"
"Atta, Rice, Oil & Dals",Oil,"https://cdn.zeptonow.com/production/tr:w-90,ar-120-121,pr-true,f-auto,q-80/cms/sub_category/19.png",Fortune Pure Groundnut Oil Pouch,Fortune,167,240,1 pack (870 g),4.7 (4.7k),In Stock,https://www.zeptonow.com/pn/fortune-pure-groundnut-oil-pouch/pvid/7d3b6e0c-f6c0-4c04-b827-94e00323d429,"https://cdn.zeptonow.com/production/tr:w-1280,ar-2559-3541,pr-true,f-auto,q-80/cms/product_variant/53985a0f-e2a4-4393-b71b-c79a729e9e40.jpg"
"Atta, Rice, Oil & Dals",Oil,"https://cdn.zeptonow.com/production/tr:w-90,ar-120-121,pr-true,f-auto,q-80/cms/sub_category/19.png",Akshayakalpa Organic Cold Pressed Coconut Oil,Akshayakalpa,665,700,1 pc (1 L),4.9 (56),In Stock,https://www.zeptonow.com/pn/akshayakalpa-organic-cold-pressed-coconut-oil/pvid/84c36720-6b0f-4937-a541-8e2c0c519711,"https://cdn.zeptonow.com/production/tr:w-1280,ar-1000-1000,pr-true,f-auto,q-80/cms/product_variant/3fb0acbd-9ab3-48c9-af8d-2e4b35c01e4e.jpg"
"Atta, Rice, Oil & Dals",Oil,"https://cdn.zeptonow.com/production/tr:w-90,ar-120-121,pr-true,f-auto,q-80/cms/sub_category/19.png",Fortune Kachi Ghani Mustard Oil | Bottle,Fortune,208,250,1 pc (1 L),4.7 (349.1k),In Stock,https://www.zeptonow.com/pn/fortune-kachi-ghani-mustard-oil-bottle/pvid/d442ea2f-fd6c-45c9-8a02-44b6c9e74361,"https://cdn.zeptonow.com/production/tr:w-1280,ar-2400-2400,pr-true,f-auto,q-80/cms/product_variant/146167aa-45ac-45c8-a3bc-55087e0099b7.jpeg"
"Atta, Rice, Oil & Dals",Oil,"https://cdn.zeptonow.com/production/tr:w-90,ar-120-121,pr-true,f-auto,q-80/cms/sub_category/19.png",Idhayam Gingelly Oil | Pouch,Idhayam,396,398,1 pack (1 L),4.8 (5.3k),In Stock,https://www.zeptonow.com/pn/idhayam-gingelly-oil-pouch/pvid/d922a957-64e2-4668-9266-1606b1d8dfcb,"https://cdn.zeptonow.com/production/tr:w-1280,ar-2400-2400,pr-true,f-auto,q-80/cms/product_variant/d127e937-5868-4582-b115-dfd51ec97424.jpeg"
"Atta, Rice, Oil & Dals",Oil,"https://cdn.zeptonow.com/production/tr:w-90,ar-120-121,pr-true,f-auto,q-80/cms/sub_category/19.png",Gold Winner Refined Sunflower Oil - Jar,Gold Winner,756,900,1 pc (5 L),4.8 (10.9k),In Stock,https://www.zeptonow.com/pn/gold-winner-refined-sunflower-oil-jar/pvid/2b798ea3-d301-4b17-b24e-d7326fa77d88,"https://cdn.zeptonow.com/production/tr:w-1280,ar-2400-2400,pr-true,f-auto,q-80/cms/product_variant/20cf57d2-c936-47e5-9dea-fb19195b426a.jpeg"
"Atta, Rice, Oil & Dals",Oil,"https://cdn.zeptonow.com/production/tr:w-90,ar-120-121,pr-true,f-auto,q-80/cms/sub_category/19.png",Idhayam Gingelly Oil Bottle,Idhayam,199,201,1 pc (500 ml),4.7 (1.1k),In Stock,https://www.zeptonow.com/pn/idhayam-gingelly-oil-bottle/pvid/0a8fc29a-42b9-4bc7-ab6f-28773192cb05,"https://cdn.zeptonow.com/production/tr:w-1280,ar-600-800,pr-true,f-auto,q-80/cms/product_variant/2fc090b4-571f-4ec2-a60a-22e7106b2963.jpg"
"Atta, Rice, Oil & Dals",Oil,"https://cdn.zeptonow.com/production/tr:w-90,ar-120-121,pr-true,f-auto,q-80/cms/sub_category/19.png",Fortune Rice Bran - Pouch,Fortune,158,199,1 pack (870 g),4.7 (45.0k),In Stock,https://www.zeptonow.com/pn/fortune-rice-bran-pouch/pvid/ad326d96-9833-47b0-8728-71d8d07a1282,"https://cdn.zeptonow.com/production/tr:w-1280,ar-2400-2400,pr-true,f-auto,q-80/cms/product_variant/7e20208a-5fc9-4ca0-b185-2de397691865.jpg"
"Atta, Rice, Oil & Dals",Oil,"https://cdn.zeptonow.com/production/tr:w-90,ar-120-121,pr-true,f-auto,q-80/cms/sub_category/19.png",Cardia Filtered Groundnut Oil Standup | Pouch,Cardia,176,228,1 pack (1 L),4.9 (2.3k),In Stock,https://www.zeptonow.com/pn/cardia-filtered-groundnut-oil-standup-pouch/pvid/6783e3d8-00e1-46ab-b8b7-1548983bd27f,"https://cdn.zeptonow.com/production/tr:w-1280,ar-2400-2400,pr-true,f-auto,q-80/cms/product_variant/c5122d66-0589-4d9d-9974-4a7154fae61b.jpeg"
"Atta, Rice, Oil & Dals",Oil,"https://cdn.zeptonow.com/production/tr:w-90,ar-120-121,pr-true,f-auto,q-80/cms/sub_category/19.png",Kapiva Kerala Virgin Coconut Oil,Kapiva,469,499,1 pc (500 ml),4.3 (179),In Stock,https://www.zeptonow.com/pn/kapiva-kerala-virgin-coconut-oil/pvid/a191f303-345c-4ad7-ba62-fa5f71eccffd,"https://cdn.zeptonow.com/production/tr:w-1280,ar-2400-2400,pr-true,f-auto,q-80/cms/product_variant/a1d8975b-7db0-4c3f-a2d4-28a421bd3660.jpg"
"Atta, Rice, Oil & Dals",Oil,"https://cdn.zeptonow.com/production/tr:w-90,ar-120-121,pr-true,f-auto,q-80/cms/sub_category/19.png",Idhayam Gingelly Oil | Pouch,Idhayam,199,201,1 pack (500 ml),4.8 (6.4k),In Stock,https://www.zeptonow.com/pn/idhayam-gingelly-oil-pouch/pvid/93bbdbc1-61f4-412f-8b34-3e5e88ce7d68,"https://cdn.zeptonow.com/production/tr:w-1280,ar-1000-1000,pr-true,f-auto,q-80/cms/product_variant/c4de7527-3658-40d5-b3cf-d529f623c333.jpeg"
"Atta, Rice, Oil & Dals",Oil,"https://cdn.zeptonow.com/production/tr:w-90,ar-120-121,pr-true,f-auto,q-80/cms/sub_category/19.png",Gramiyaa Groundnut Oil - Wood Cold Pressed,Gramiyaa,359,490,1 pack (1 L),4.9 (499),In Stock,https://www.zeptonow.com/pn/gramiyaa-groundnut-oil-wood-cold-pressed/pvid/54dda022-0620-488c-ab93-2937e038268c,"https://cdn.zeptonow.com/production/tr:w-1280,ar-1080-1080,pr-true,f-auto,q-80/cms/product_variant/a5646479-17e4-43ed-ac58-ed9f8b8c285f.jpeg"
"Atta, Rice, Oil & Dals",Oil,"https://cdn.zeptonow.com/production/tr:w-90,ar-120-121,pr-true,f-auto,q-80/cms/sub_category/19.png",Sunland Refined Sunflower Oil Pouch,Sunland,148,162,1 pack (1 L),4.7 (2.7k),In Stock,https://www.zeptonow.com/pn/sunland-refined-sunflower-oil-pouch/pvid/1200eeb0-edb6-4aa6-9e1a-0ec6b24255b2,"https://cdn.zeptonow.com/production/tr:w-1280,ar-2400-2400,pr-true,f-auto,q-80/cms/product_variant/5fa086e9-09ba-48c2-8275-5da8588f3fe0.jpeg"
"Atta, Rice, Oil & Dals",Oil,"https://cdn.zeptonow.com/production/tr:w-90,ar-120-121,pr-true,f-auto,q-80/cms/sub_category/19.png",Fortune Sunlite Refined Sunflower Oil Pet Bottle,Fortune,275,450,1 pc (1.74 kg),4.8 (1.3k),In Stock,https://www.zeptonow.com/pn/fortune-sunlite-refined-sunflower-oil-pet-bottle/pvid/fcedee03-f255-4d74-9c52-391fd0afccf6,"https://cdn.zeptonow.com/production/tr:w-1280,ar-2400-2400,pr-true,f-auto,q-80/cms/product_variant/46bd72c3-b5a7-480c-a713-ee0fd81cfb12.jpeg"
"Atta, Rice, Oil & Dals",Oil,"https://cdn.zeptonow.com/production/tr:w-90,ar-120-121,pr-true,f-auto,q-80/cms/sub_category/19.png",Be-Rite Ref. Sunflower Oil 1 L,Be-Rite,138,173,1 pack (1 L),4.6 (2.6k),In Stock,https://www.zeptonow.com/pn/be-rite-ref-sunflower-oil-1-l/pvid/0e4478d1-bf64-45c4-a8d3-12f5a6369331,"https://cdn.zeptonow.com/production/tr:w-1280,ar-1080-1080,pr-true,f-auto,q-80/cms/product_variant/8c40d9f5-2fdc-4fdc-9c20-4bf2451aa393.jpg"
"Atta, Rice, Oil & Dals",Oil,"https://cdn.zeptonow.com/production/tr:w-90,ar-120-121,pr-true,f-auto,q-80/cms/sub_category/19.png",KLF Tilnad Pure Gingelly/Til Oil | Bottle,KLF,165,215,1 pc (500 ml),4.8 (1.4k),In Stock,https://www.zeptonow.com/pn/klf-tilnad-pure-gingellytil-oil-bottle/pvid/59f23e9a-b16c-4117-acc1-5ef6e6760fab,"https://cdn.zeptonow.com/production/tr:w-1280,ar-2400-2400,pr-true,f-auto,q-80/cms/product_variant/d6736bad-17c8-4cd8-b03a-d188d46d3b5b.jpeg"
"Atta, Rice, Oil & Dals",Oil,"https://cdn.zeptonow.com/production/tr:w-90,ar-120-121,pr-true,f-auto,q-80/cms/sub_category/19.png",Akshayakalpa Organic Cold Pressed Virgin Coconut Oil,Akshayakalpa,275,289,1 pc (200 ml),4.5 (50),In Stock,https://www.zeptonow.com/pn/akshayakalpa-organic-cold-pressed-virgin-coconut-oil/pvid/01f63514-460a-4087-9dbb-c97b005ee83a,"https://cdn.zeptonow.com/production/tr:w-1280,ar-1000-1000,pr-true,f-auto,q-80/cms/product_variant/259c2c30-ed7a-4be0-b7d5-6f64bcb56faf.jpg"
"Atta, Rice, Oil & Dals",Oil,"https://cdn.zeptonow.com/production/tr:w-90,ar-120-121,pr-true,f-auto,q-80/cms/sub_category/19.png",Klf Nirmal Tilnad Gingelly/ Sesame Oil Pet Bottle,Klf,69,88,1 pc (200 ml),4.8 (208),In Stock,https://www.zeptonow.com/pn/klf-nirmal-tilnad-gingelly-sesame-oil-pet-bottle/pvid/3406f37c-c395-4462-9313-563f94073a3b,"https://cdn.zeptonow.com/production/tr:w-1280,ar-3000-3000,pr-true,f-auto,q-80/cms/product_variant/c12318fa-1fea-4dc5-ac95-595ecb2637f1.jpg"
"Atta, Rice, Oil & Dals",Oil,"https://cdn.zeptonow.com/production/tr:w-90,ar-120-121,pr-true,f-auto,q-80/cms/sub_category/19.png",Organic Tattva Cold Pressed Groundnut Oil,Organic Tattva,352,515,1 pc (1 L),5 (177),In Stock,https://www.zeptonow.com/pn/organic-tattva-cold-pressed-groundnut-oil/pvid/fcb20855-853b-4845-aa1e-02f9eca33695,"https://cdn.zeptonow.com/production/tr:w-1280,ar-1500-1500,pr-true,f-auto,q-80/cms/product_variant/81e8c63b-d4ae-4fc6-b4f7-8a64d9ffdce3.jpeg"
"Atta, Rice, Oil & Dals",Oil,"https://cdn.zeptonow.com/production/tr:w-90,ar-120-121,pr-true,f-auto,q-80/cms/sub_category/19.png",Gramiyaa Sesame - Gingelly Oil - Wood Cold Pressed,Gramiyaa,299,380,1 pc (500 ml),4.3 (528),In Stock,https://www.zeptonow.com/pn/gramiyaa-sesame-gingelly-oil-wood-cold-pressed/pvid/70486324-461f-4596-be5f-ca577b760a1f,"https://cdn.zeptonow.com/production/tr:w-1280,ar-1000-1000,pr-true,f-auto,q-80/cms/product_variant/54a2628c-cc2c-4287-a0a2-917b0a52f0fc.jpg"
"Atta, Rice, Oil & Dals",Oil,"https://cdn.zeptonow.com/production/tr:w-90,ar-120-121,pr-true,f-auto,q-80/cms/sub_category/19.png",Sundrop Superlite Advanced Refined Sunflower Oil | Jar,Sundrop,570,609,1 pc (3 L),4.7 (820),In Stock,https://www.zeptonow.com/pn/sundrop-superlite-advanced-refined-sunflower-oil-jar/pvid/dde337b5-609e-44d6-a730-d9b0cd03cd94,"https://cdn.zeptonow.com/production/tr:w-1280,ar-2400-2400,pr-true,f-auto,q-80/cms/product_variant/2525944f-6107-4b52-be8c-b6f29fb4157e.jpg"
"Atta, Rice, Oil & Dals",Oil,"https://cdn.zeptonow.com/production/tr:w-90,ar-120-121,pr-true,f-auto,q-80/cms/sub_category/19.png",Akshayakalpa Organic Cold Pressed Virgin Coconut Oil,Akshayakalpa,665,699,1 pc (500 ml),4.7 (439),In Stock,https://www.zeptonow.com/pn/akshayakalpa-organic-cold-pressed-virgin-coconut-oil/pvid/fe3b7750-2f2a-4743-a83d-6f015ce5e08b,"https://cdn.zeptonow.com/production/tr:w-1280,ar-1000-1000,pr-true,f-auto,q-80/cms/product_variant/c334f645-83fe-4570-a384-9e96d43715ee.jpg"
"Atta, Rice, Oil & Dals",Oil,"https://cdn.zeptonow.com/production/tr:w-90,ar-120-121,pr-true,f-auto,q-80/cms/sub_category/19.png",24 Mantra Organic Sunflower Oil | Bottle,24 Mantra,353,375,1 pc (1 L),4.3 (76),In Stock,https://www.zeptonow.com/pn/24-mantra-organic-sunflower-oil-bottle/pvid/199dfb62-de20-4cf2-bbbf-b97d3f65c5a5,"https://cdn.zeptonow.com/production/tr:w-1280,ar-2000-2000,pr-true,f-auto,q-80/cms/product_variant/69d289eb-4dd3-47ae-a599-70cc02b7a3bf.jpeg"
"Atta, Rice, Oil & Dals",Oil,"https://cdn.zeptonow.com/production/tr:w-90,ar-120-121,pr-true,f-auto,q-80/cms/sub_category/19.png",Sunland Refined Sunflower Oil Can,Sunland,552,810,1 pc (5 L),4.8 (187),In Stock,https://www.zeptonow.com/pn/sunland-refined-sunflower-oil-can/pvid/e5cf1d52-c345-4d63-8904-b52ef5cfe92f,"https://cdn.zeptonow.com/production/tr:w-1280,ar-1500-1500,pr-true,f-auto,q-80/cms/product_variant/aa9898e8-00df-4ee1-8d20-4f7fa2fbc9b6.jpeg"
"Atta, Rice, Oil & Dals",Oil,"https://cdn.zeptonow.com/production/tr:w-90,ar-120-121,pr-true,f-auto,q-80/cms/sub_category/19.png",Gramiyaa Coconut Oil - Wood Cold Pressed,Gramiyaa,659,750,1 pc (1 L),4.4 (283),In Stock,https://www.zeptonow.com/pn/gramiyaa-coconut-oil-wood-cold-pressed/pvid/cc0060a3-0d3f-48da-bcd4-296fccfffc7d,"https://cdn.zeptonow.com/production/tr:w-1280,ar-1080-1080,pr-true,f-auto,q-80/cms/product_variant/b71eb2a0-1243-482d-99cb-ca02be6c7a94.jpeg"
"Atta, Rice, Oil & Dals",Oil,"https://cdn.zeptonow.com/production/tr:w-90,ar-120-121,pr-true,f-auto,q-80/cms/sub_category/19.png",Sundrop Super Lite Advanced - Sunflower Oil | Pouch,Sundrop,218,230,1 pack (1 L),4.7 (1.7k),In Stock,https://www.zeptonow.com/pn/sundrop-super-lite-advanced-sunflower-oil-pouch/pvid/95982346-e006-459f-b90d-3691e87329da,"https://cdn.zeptonow.com/production/tr:w-1280,ar-2400-2400,pr-true,f-auto,q-80/cms/product_variant/bfe9a2a2-dafc-4221-a933-97fdf47705f7.jpeg"
"Atta, Rice, Oil & Dals",Oil,"https://cdn.zeptonow.com/production/tr:w-90,ar-120-121,pr-true,f-auto,q-80/cms/sub_category/19.png",Saffola Tasty + Refined Rice bran & Corn Oil | 50% More Oryzanol | Multi-Source Edible Oil,Saffola,176,177,1 pack (1 L),4.7 (1.7k),In Stock,https://www.zeptonow.com/pn/saffola-tasty-refined-rice-bran-corn-oil-50-more-oryzanol-multi-source-edible-oil/pvid/19823d3a-a52a-43e9-84b3-498de8bcda2f,"https://cdn.zeptonow.com/production/tr:w-1280,ar-2400-2400,pr-true,f-auto,q-80/cms/product_variant/e4691c58-2701-48c3-a89e-f826e11110e1.jpeg"
"Atta, Rice, Oil & Dals",Oil,"https://cdn.zeptonow.com/production/tr:w-90,ar-120-121,pr-true,f-auto,q-80/cms/sub_category/19.png",KLF Nirmal Virgin Coconut Oil,KLF,224,309,1 pc (250 ml),4.8 (317),In Stock,https://www.zeptonow.com/pn/klf-nirmal-virgin-coconut-oil/pvid/444ffb15-09cf-4530-82ac-63b722c6bf1e,"https://cdn.zeptonow.com/production/tr:w-1280,ar-2400-2400,pr-true,f-auto,q-80/cms/product_variant/c144d4ac-c927-4014-98f2-5e1c321d35d2.jpeg"
"Atta, Rice, Oil & Dals",Oil,"https://cdn.zeptonow.com/production/tr:w-90,ar-120-121,pr-true,f-auto,q-80/cms/sub_category/19.png",Organic Tattva Cold Pressed Sunflower Oil,Organic Tattva,458,599,1 pc (1 L),4.4 (187),In Stock,https://www.zeptonow.com/pn/organic-tattva-cold-pressed-sunflower-oil/pvid/46b5c8a6-4b6d-41a7-8d6d-4f572a69cb47,"https://cdn.zeptonow.com/production/tr:w-1280,ar-1000-1000,pr-true,f-auto,q-80/cms/product_variant/e41f4681-97af-4830-a3b4-20bc72d39616.jpeg"
"Atta, Rice, Oil & Dals",Oil,"https://cdn.zeptonow.com/production/tr:w-90,ar-120-121,pr-true,f-auto,q-80/cms/sub_category/19.png",Gold Winner Refined Sunflower Oil - Pouch,Gold Winner,147,175,1 pack (1 L),4.8 (133.4k),In Stock,https://www.zeptonow.com/pn/gold-winner-refined-sunflower-oil-pouch/pvid/93a89783-ffa6-4983-9a85-82e701b2ff89,"https://cdn.zeptonow.com/production/tr:w-1280,ar-2400-2400,pr-true,f-auto,q-80/cms/product_variant/2cddf6a5-7153-422c-bcaa-1317348d4bbb.jpeg"
"Atta, Rice, Oil & Dals",Oil,"https://cdn.zeptonow.com/production/tr:w-90,ar-120-121,pr-true,f-auto,q-80/cms/sub_category/19.png",Gold Winner Refined Sunflower Oil Pet Bottle,Gold Winner,359,359,1 pc (2 L),4.7 (163),In Stock,https://www.zeptonow.com/pn/gold-winner-refined-sunflower-oil-pet-bottle/pvid/85cc8943-9b18-42a0-b28e-ebded4b69e90,"https://cdn.zeptonow.com/production/tr:w-1280,ar-2400-2400,pr-true,f-auto,q-80/cms/product_variant/d1c4f356-ea70-427e-96b7-76fbd3d1abba.jpeg"
"Atta, Rice, Oil & Dals",Oil,"https://cdn.zeptonow.com/production/tr:w-90,ar-120-121,pr-true,f-auto,q-80/cms/sub_category/19.png",24 Mantra Organic Groundnut Oil Cold Pressed | Bottle,24 Mantra,370,510,1 pc (1 L),4.9 (54),In Stock,https://www.zeptonow.com/pn/24-mantra-organic-groundnut-oil-cold-pressed-bottle/pvid/97ee7db3-2b41-4b8c-b069-551f3a93ef1a,"https://cdn.zeptonow.com/production/tr:w-1280,ar-1200-1200,pr-true,f-auto,q-80/cms/product_variant/53aa4ddc-8b96-4a48-bc61-25ef80c93480.jpeg"
"Atta, Rice, Oil & Dals",Oil,"https://cdn.zeptonow.com/production/tr:w-90,ar-120-121,pr-true,f-auto,q-80/cms/sub_category/19.png",Saffola Active Rice Bran & Soyabean Oil | Rich in Omega 3 & Oryzanol,Saffola,819,935,1 pack (4.25 kg),4.6 (1.9k),In Stock,https://www.zeptonow.com/pn/saffola-active-rice-bran-soyabean-oil-rich-in-omega-3-oryzanol/pvid/78579bf1-1e88-4094-8181-d3a2ced0b045,"https://cdn.zeptonow.com/production/tr:w-1280,ar-1500-1500,pr-true,f-auto,q-80/cms/product_variant/557f1fca-96aa-4e29-ac59-ed3442fb72ce.jpeg"
"Atta, Rice, Oil & Dals",Oil,"https://cdn.zeptonow.com/production/tr:w-90,ar-120-121,pr-true,f-auto,q-80/cms/sub_category/19.png",Figaro Extra Virgin Olive Oil,Figaro,1140,1999,1 pc (1 L),4.6 (1.2k),In Stock,https://www.zeptonow.com/pn/figaro-extra-virgin-olive-oil/pvid/49985600-a0f1-4934-acb6-e47e72a5d62f,"https://cdn.zeptonow.com/production/tr:w-1280,ar-2400-2400,pr-true,f-auto,q-80/cms/product_variant/63c18599-3830-42b8-a8b7-9ab1ab0f0e7b.jpeg"
"Atta, Rice, Oil & Dals",Oil,"https://cdn.zeptonow.com/production/tr:w-90,ar-120-121,pr-true,f-auto,q-80/cms/sub_category/19.png","Saffola Gold Oil, Power of 3, Pouch",Saffola,187,207,1 pack (1 L),4.7 (15.4k),In Stock,https://www.zeptonow.com/pn/saffola-gold-oil-power-of-3-pouch/pvid/e2eeab46-1109-41ae-b90b-a9c3a429e62e,"https://cdn.zeptonow.com/production/tr:w-1280,ar-2400-2400,pr-true,f-auto,q-80/cms/product_variant/0dbe339b-01d0-479d-8f09-d5369503d815.jpeg"
"Atta, Rice, Oil & Dals",Oil,"https://cdn.zeptonow.com/production/tr:w-90,ar-120-121,pr-true,f-auto,q-80/cms/sub_category/19.png",Sundrop Heart Oil - Vegetable | Jar,Sundrop,550,589,1 pc (3 L),4.5 (493),In Stock,https://www.zeptonow.com/pn/sundrop-heart-oil-vegetable-jar/pvid/534d92dc-1b3d-4749-a1cd-fdd7002a22e7,"https://cdn.zeptonow.com/production/tr:w-1280,ar-2400-2400,pr-true,f-auto,q-80/cms/product_variant/6fc49477-65a2-41dc-956a-799f44753510.jpeg"
"Atta, Rice, Oil & Dals",Oil,"https://cdn.zeptonow.com/production/tr:w-90,ar-120-121,pr-true,f-auto,q-80/cms/sub_category/19.png",Saffola Gold Oil Power of 3,Saffola,1096,1122,2 pcs (6 L),4.5 (6.0k),In Stock,https://www.zeptonow.com/pn/saffola-gold-oil-power-of-3/pvid/e519dbb8-61d1-48b7-b61d-aa17446fd420,"https://cdn.zeptonow.com/production/tr:w-1280,ar-1500-1500,pr-true,f-auto,q-80/cms/product_variant/78b908a9-5528-4485-b2cf-81809e859247.jpeg"
"Atta, Rice, Oil & Dals",Oil,"https://cdn.zeptonow.com/production/tr:w-90,ar-120-121,pr-true,f-auto,q-80/cms/sub_category/19.png",Sundrop Lite Oil | Bottle,Sundrop,187,200,1 pc (1 L),4.6 (1.1k),In Stock,https://www.zeptonow.com/pn/sundrop-lite-oil-bottle/pvid/48e07191-1911-425e-a71f-7b302308c306,"https://cdn.zeptonow.com/production/tr:w-1280,ar-2400-2400,pr-true,f-auto,q-80/cms/product_variant/80ca4333-e91b-4702-a1ad-0eeb265bfe64.jpeg"
"Atta, Rice, Oil & Dals",Oil,"https://cdn.zeptonow.com/production/tr:w-90,ar-120-121,pr-true,f-auto,q-80/cms/sub_category/19.png",Natureland Organics Groundnut Oil,Natureland,334,495,1 pc (1 L),4.9 (161),In Stock,https://www.zeptonow.com/pn/natureland-organics-groundnut-oil/pvid/9b73f32b-d011-4fe8-ac32-032e56432153,"https://cdn.zeptonow.com/production/tr:w-1280,ar-2000-2000,pr-true,f-auto,q-80/cms/product_variant/ca43f1c8-50e7-41b0-8142-5a609b0f1ba29b73f32b-d011-4fe8-ac32-032e564321532023-11-06 15:19:39.887780413 +0000 UTC m=+22487.690780995.jpg"
"Atta, Rice, Oil & Dals",Oil,"https://cdn.zeptonow.com/production/tr:w-90,ar-120-121,pr-true,f-auto,q-80/cms/sub_category/19.png",Idhayam Gingelly Oil Can,Idhayam,792,805,1 pc (2 L),5 (126),In Stock,https://www.zeptonow.com/pn/idhayam-gingelly-oil-can/pvid/47d5c1d3-9088-443a-9bc8-534a0aab3119,"https://cdn.zeptonow.com/production/tr:w-1280,ar-1875-2500,pr-true,f-auto,q-80/cms/product_variant/96f2a2b3-829c-43d1-bd0b-145ee1279e2a.jpg"
"Atta, Rice, Oil & Dals",Oil,"https://cdn.zeptonow.com/production/tr:w-90,ar-120-121,pr-true,f-auto,q-80/cms/sub_category/19.png",Cardia Adv Gingelly Oil Pillow Pouch,Cardia,348,391,1 pack (1 L),4.7 (353),In Stock,https://www.zeptonow.com/pn/cardia-adv-gingelly-oil-pillow-pouch/pvid/7182fe3f-2d45-4995-b806-d858a1530d24,"https://cdn.zeptonow.com/production/tr:w-1280,ar-2126-3240,pr-true,f-auto,q-80/cms/product_variant/adc7a496-1364-46b2-a068-c59c5f912d19.jpg"
"Atta, Rice, Oil & Dals",Oil,"https://cdn.zeptonow.com/production/tr:w-90,ar-120-121,pr-true,f-auto,q-80/cms/sub_category/19.png",Gramiyaa Coconut Oil - Wood Cold Pressed,Gramiyaa,349,460,1 pc (500 ml),4.6 (57),In Stock,https://www.zeptonow.com/pn/gramiyaa-coconut-oil-wood-cold-pressed/pvid/39ab30ac-96f3-43fd-ae41-92e396c498d2,"https://cdn.zeptonow.com/production/tr:w-1280,ar-1080-1080,pr-true,f-auto,q-80/cms/product_variant/f0f4994a-e65c-4355-a9d2-3acd8b4492c8.jpeg"
"Atta, Rice, Oil & Dals",Oil,"https://cdn.zeptonow.com/production/tr:w-90,ar-120-121,pr-true,f-auto,q-80/cms/sub_category/19.png",Saffola Gold Oil Power of 3,Saffola,535,621,1 pc (3 L),4.5 (5.5k),In Stock,https://www.zeptonow.com/pn/saffola-gold-oil-power-of-3/pvid/b1058a4f-09d1-4435-8bf4-581a07406fa9,"https://cdn.zeptonow.com/production/tr:w-1280,ar-1500-1500,pr-true,f-auto,q-80/cms/product_variant/a74e3a1f-8681-405c-9361-7c90636c9708.jpeg"
"Atta, Rice, Oil & Dals",Oil,"https://cdn.zeptonow.com/production/tr:w-90,ar-120-121,pr-true,f-auto,q-80/cms/sub_category/19.png",Gramiyaa Wood Cold Pressed Groundnut Oil,Gramiyaa,199,270,1 pc (500 ml),4.7 (947),In Stock,https://www.zeptonow.com/pn/gramiyaa-wood-cold-pressed-groundnut-oil/pvid/e230353e-b102-4faa-9de7-423155d072d1,"https://cdn.zeptonow.com/production/tr:w-1280,ar-1080-1080,pr-true,f-auto,q-80/cms/product_variant/f8c0cf86-d3fb-45e8-9f59-65389a1eec99.jpeg"
"Atta, Rice, Oil & Dals",Oil,"https://cdn.zeptonow.com/production/tr:w-90,ar-120-121,pr-true,f-auto,q-80/cms/sub_category/19.png",Saffola Total Refined Rice bran & Sunflower oil | Helps Manage Cholesterol | Heart Pro,Saffola,215,227,1 pack (1 L),4.9 (1.3k),In Stock,https://www.zeptonow.com/pn/saffola-total-refined-rice-bran-sunflower-oil-helps-manage-cholesterol-heart-pro/pvid/ae016e0e-310b-4e1f-b45f-81d1c8f1182e,"https://cdn.zeptonow.com/production/tr:w-1280,ar-2400-2400,pr-true,f-auto,q-80/cms/product_variant/0bd5668e-ddb4-4d4b-b8a0-a208d8194382.jpeg"
"Atta, Rice, Oil & Dals",Oil,"https://cdn.zeptonow.com/production/tr:w-90,ar-120-121,pr-true,f-auto,q-80/cms/sub_category/19.png",Fortune Xpert Total Balance,Fortune,171,200,1 pack (1 L),4.4 (1.8k),In Stock,https://www.zeptonow.com/pn/fortune-xpert-total-balance/pvid/570adbd2-758b-420f-b7e5-b7cadeb57553,"https://cdn.zeptonow.com/production/tr:w-1280,ar-2400-2400,pr-true,f-auto,q-80/cms/product_variant/2e25f49c-77f2-47ef-bae6-a776919738fd.jpeg"
"Atta, Rice, Oil & Dals",Oil,"https://cdn.zeptonow.com/production/tr:w-90,ar-120-121,pr-true,f-auto,q-80/cms/sub_category/19.png",Sundrop Oil - Heart | Pouch,Sundrop,202,215,1 pack (1 L),4.1 (696),In Stock,https://www.zeptonow.com/pn/sundrop-oil-heart-pouch/pvid/c56eef0b-6af2-408c-aa79-7f319a1d9298,"https://cdn.zeptonow.com/production/tr:w-1280,ar-2400-2400,pr-true,f-auto,q-80/cms/product_variant/806689c3-9557-4518-91d3-d9ba214f34f1.jpg"
"Atta, Rice, Oil & Dals",Oil,"https://cdn.zeptonow.com/production/tr:w-90,ar-120-121,pr-true,f-auto,q-80/cms/sub_category/19.png",Saffola Tasty + Refined Rice bran & Corn Oil | 50% More Oryzanol | Multi-Source Edible Oil,Saffola,875,890,1 pc (5 L),4.9 (260),In Stock,https://www.zeptonow.com/pn/saffola-tasty-refined-rice-bran-corn-oil-50-more-oryzanol-multi-source-edible-oil/pvid/5e7b1f49-e860-4546-b553-8656d1ed6d6a,"https://cdn.zeptonow.com/production/tr:w-1280,ar-1200-1200,pr-true,f-auto,q-80/cms/product_variant/f273679c-935d-4593-9ee7-a29c17318dbb.jpeg"
"Atta, Rice, Oil & Dals",Oil,"https://cdn.zeptonow.com/production/tr:w-90,ar-120-121,pr-true,f-auto,q-80/cms/sub_category/19.png",Cardia Coldpressed Gingelly Oil Standup Pouch,Cardia,355,394,1 pc (1 L),4.4 (129),In Stock,https://www.zeptonow.com/pn/cardia-coldpressed-gingelly-oil-standup-pouch/pvid/4aaff351-3205-4e56-9bc6-0bcbed40dfcf,"https://cdn.zeptonow.com/production/tr:w-1280,ar-287-445,pr-true,f-auto,q-80/inventory/product/c85cf070-7c7a-463b-b4aa-80ea915ad85e-2e572798-46eb-41f7-a6c6-0f6fef012f81.jpeg"
"Atta, Rice, Oil & Dals",Oil,"https://cdn.zeptonow.com/production/tr:w-90,ar-120-121,pr-true,f-auto,q-80/cms/sub_category/19.png",Fortune Xpert Pro Sugar Conscious,Fortune,922,1100,1 pc (5 L),4.6 (278),In Stock,https://www.zeptonow.com/pn/fortune-xpert-pro-sugar-conscious/pvid/a308c984-b8bb-4e3d-85df-f8c0667da37c,"https://cdn.zeptonow.com/production/tr:w-1280,ar-2400-2400,pr-true,f-auto,q-80/cms/product_variant/474b9098-ea7c-4b64-bd9f-4d8c7c9b6a94.jpeg"
"Atta, Rice, Oil & Dals",Oil,"https://cdn.zeptonow.com/production/tr:w-90,ar-120-121,pr-true,f-auto,q-80/cms/sub_category/19.png",Patanjali Fortified Sunflower Oil Bottle,Patanjali,180,180,1 pc (1 L),4.5 (782),In Stock,https://www.zeptonow.com/pn/patanjali-fortified-sunflower-oil-bottle/pvid/7a3a6346-2cfc-461e-aeb2-8319f61be691,"https://cdn.zeptonow.com/production/tr:w-1280,ar-2000-2000,pr-true,f-auto,q-80/cms/product_variant/e6f043ae-f442-47fc-8ffb-4cf482b89a86.jpg"
"Atta, Rice, Oil & Dals",Oil,"https://cdn.zeptonow.com/production/tr:w-90,ar-120-121,pr-true,f-auto,q-80/cms/sub_category/19.png",Fortune Xpert Pro Immunity Oil,Fortune,839,950,1 pc (5 L),4.4 (821),In Stock,https://www.zeptonow.com/pn/fortune-xpert-pro-immunity-oil/pvid/08ddfc24-1a23-4e7c-a4cd-14d17b28240f,"https://cdn.zeptonow.com/production/tr:w-1280,ar-2400-2400,pr-true,f-auto,q-80/cms/product_variant/ebefcc82-f48a-4332-952b-c0ad585ca468.jpg"
"Atta, Rice, Oil & Dals",Oil,"https://cdn.zeptonow.com/production/tr:w-90,ar-120-121,pr-true,f-auto,q-80/cms/sub_category/19.png",Sundrop Heart Plus Jar,Sundrop,885,965,1 pack (5 L),4.7 (183),In Stock,https://www.zeptonow.com/pn/sundrop-heart-plus-jar/pvid/2af643f9-e138-4554-af39-ae172eac5c66,"https://cdn.zeptonow.com/production/tr:w-1280,ar-4428-4522,pr-true,f-auto,q-80/cms/product_variant/0149c827-da2d-40b8-941f-490a5a43197f.jpg"
"Atta, Rice, Oil & Dals",Oil,"https://cdn.zeptonow.com/production/tr:w-90,ar-120-121,pr-true,f-auto,q-80/cms/sub_category/19.png",Patanjali Groundnut Oil Polypack,Patanjali,185,185,1 pack (1 L),4.3 (904),In Stock,https://www.zeptonow.com/pn/patanjali-groundnut-oil-polypack/pvid/06f1a1fc-74d4-43da-9d71-43ce8796bae0,"https://cdn.zeptonow.com/production/tr:w-1280,ar-500-500,pr-true,f-auto,q-80/cms/product_variant/a9a60729-58ea-444a-bc96-9721e358792c.jpg"
"Atta, Rice, Oil & Dals",Oil,"https://cdn.zeptonow.com/production/tr:w-90,ar-120-121,pr-true,f-auto,q-80/cms/sub_category/19.png",Saffola Active Rice Bran & Soyabean Oil | Rich in Omega 3 & Oryzanol,Saffola,147,187,1 pack (850 g),4.8 (22.9k),In Stock,https://www.zeptonow.com/pn/saffola-active-rice-bran-soyabean-oil-rich-in-omega-3-oryzanol/pvid/aaa43e9e-89dc-4c74-acc9-1aa50c57ff1c,"https://cdn.zeptonow.com/production/tr:w-1280,ar-1500-1500,pr-true,f-auto,q-80/cms/product_variant/a3f8d3e1-feae-4763-a2af-294cdff84d35.jpeg"
"Atta, Rice, Oil & Dals",Oil,"https://cdn.zeptonow.com/production/tr:w-90,ar-120-121,pr-true,f-auto,q-80/cms/sub_category/19.png",Patanjali Groundnut Oil Bottle,Patanjali,190,190,1 pc (1 L),4.3 (766),In Stock,https://www.zeptonow.com/pn/patanjali-groundnut-oil-bottle/pvid/226c6448-382c-4179-a84b-715c797cec32,"https://cdn.zeptonow.com/production/tr:w-1280,ar-2000-2000,pr-true,f-auto,q-80/cms/product_variant/8d4b6a9a-4182-43b1-81d7-13c74c573de8.jpg"
"Atta, Rice, Oil & Dals",Oil,"https://cdn.zeptonow.com/production/tr:w-90,ar-120-121,pr-true,f-auto,q-80/cms/sub_category/19.png",Dabur Cold Pressed Mustard Oil,Dabur,264,330,1 pc (1 L),4.2 (746),In Stock,https://www.zeptonow.com/pn/dabur-cold-pressed-mustard-oil/pvid/2cd78083-0ade-4edd-a5e7-74c90c7eeca6,"https://cdn.zeptonow.com/production/tr:w-1280,ar-2400-2400,pr-true,f-auto,q-80/cms/product_variant/b4c22c30-07cb-4b95-a7e0-4b2b716cfc0c.jpeg"
"Atta, Rice, Oil & Dals",Oil,"https://cdn.zeptonow.com/production/tr:w-90,ar-120-121,pr-true,f-auto,q-80/cms/sub_category/19.png",Be-Rite Ref.Sunflower Oil 2 L,Be-Rite,289,401,1 pc (2 L),4.9 (81),In Stock,https://www.zeptonow.com/pn/be-rite-refsunflower-oil-2-l/pvid/84acaf8c-3e49-48f3-b2ce-f590aaed1ec2,"https://cdn.zeptonow.com/production/tr:w-1280,ar-1080-1080,pr-true,f-auto,q-80/cms/product_variant/a370845a-30f5-4158-b1fb-cd88b16ce74a.jpg"
"Atta, Rice, Oil & Dals",Oil,"https://cdn.zeptonow.com/production/tr:w-90,ar-120-121,pr-true,f-auto,q-80/cms/sub_category/19.png",Gold Winner Refined Groundnut Oil | Pouch,Gold Winner,174,211,1 pack (1 L),4.6 (299),In Stock,https://www.zeptonow.com/pn/gold-winner-refined-groundnut-oil-pouch/pvid/5ea8532f-d30a-4e6c-b12c-86a4eac8741b,"https://cdn.zeptonow.com/production/tr:w-1280,ar-1000-1000,pr-true,f-auto,q-80/cms/product_variant/741038a3-abe8-4593-85e0-3961668b58ca.jpeg"
"Atta, Rice, Oil & Dals",Oil,"https://cdn.zeptonow.com/production/tr:w-90,ar-120-121,pr-true,f-auto,q-80/cms/sub_category/19.png",Saffola Gold Oil Power of 3,Saffola,359,429,1 pc (2 L),4.5 (5.4k),In Stock,https://www.zeptonow.com/pn/saffola-gold-oil-power-of-3/pvid/4a0955ba-8d0a-4cef-a8e9-6a1e5c1b9f81,"https://cdn.zeptonow.com/production/tr:w-1280,ar-1500-1500,pr-true,f-auto,q-80/cms/product_variant/1b575206-4974-4742-8c59-5470b94d443b.jpeg"
"Atta, Rice, Oil & Dals",Oil,"https://cdn.zeptonow.com/production/tr:w-90,ar-120-121,pr-true,f-auto,q-80/cms/sub_category/19.png",Saffola Total Refined Rice bran & Sunflower oil | Helps Manage Cholesterol | Heart Pro,Saffola,1102,1235,1 pc (5 L),4.2 (267),In Stock,https://www.zeptonow.com/pn/saffola-total-refined-rice-bran-sunflower-oil-helps-manage-cholesterol-heart-pro/pvid/7535f744-da57-4afe-86c1-f4fdb9e558e8,"https://cdn.zeptonow.com/production/tr:w-1280,ar-500-500,pr-true,f-auto,q-80/cms/product_variant/df848726-62a2-4997-8b15-9affda9668e4.jpeg"
"Atta, Rice, Oil & Dals",Oil,"https://cdn.zeptonow.com/production/tr:w-90,ar-120-121,pr-true,f-auto,q-80/cms/sub_category/19.png",Jivika Cold Pressed Peanut Oil | Groundnut Cooking Oil,Jivika,299,490,1 pc (1 L),4.7 (197),In Stock,https://www.zeptonow.com/pn/jivika-cold-pressed-peanut-oil-groundnut-cooking-oil/pvid/6a7cbbeb-8a52-4f3e-b33e-b3df7978fb83,"https://cdn.zeptonow.com/production/tr:w-1280,ar-2400-2400,pr-true,f-auto,q-80/cms/product_variant/8dc0d4fe-a0f3-4b77-a7e1-4269eef3b988.jpeg"
"Atta, Rice, Oil & Dals",Oil,"https://cdn.zeptonow.com/production/tr:w-90,ar-120-121,pr-true,f-auto,q-80/cms/sub_category/19.png",Two Brothers Woodpressed Coconut Oil Single-filtered | Plastic bottle,Two Brothers,879,945,1 pc (1 L),4.6 (892),In Stock,https://www.zeptonow.com/pn/two-brothers-woodpressed-coconut-oil-single-filtered-plastic-bottle/pvid/cee0e4b1-9d87-4a04-8b44-8f83f781f8fa,"https://cdn.zeptonow.com/production/tr:w-1280,ar-2000-2000,pr-true,f-auto,q-80/cms/product_variant/88559ab2-88c8-4579-8081-6f884fbce8cb.jpeg"
"Atta, Rice, Oil & Dals",Oil,"https://cdn.zeptonow.com/production/tr:w-90,ar-120-121,pr-true,f-auto,q-80/cms/sub_category/19.png",Sunpure Heart Sunflower Cooking Oil Pouch,Sunpure,144,190,1 pack (1 L),4.6 (1.5k),In Stock,https://www.zeptonow.com/pn/sunpure-heart-sunflower-cooking-oil-pouch/pvid/96ec51bd-e1e2-4b5f-bdf7-ee2cf500268b,"https://cdn.zeptonow.com/production/tr:w-1280,ar-3308-3308,pr-true,f-auto,q-80/cms/product_variant/ae89e508-d701-4d43-b553-91a79660cc01.jpg"
"Atta, Rice, Oil & Dals",Oil,"https://cdn.zeptonow.com/production/tr:w-90,ar-120-121,pr-true,f-auto,q-80/cms/sub_category/19.png",Oleev Gold Multi-Source Oil Jar,Oleev,827,1099,1 pack (5 L),4.6 (135),In Stock,https://www.zeptonow.com/pn/oleev-gold-multi-source-oil-jar/pvid/14e1aa44-15b0-4b0e-92a4-bd14e3836695,"https://cdn.zeptonow.com/production/tr:w-1280,ar-3600-3600,pr-true,f-auto,q-80/cms/product_variant/515b88b3-b948-423e-82a3-574d0e184668.jpeg"
"Atta, Rice, Oil & Dals",Oil,"https://cdn.zeptonow.com/production/tr:w-90,ar-120-121,pr-true,f-auto,q-80/cms/sub_category/19.png",24 Mantra Organic Mustard Oil | Cold Pressed,24 Mantra,244,340,1 pc (1 L),4.5 (107),In Stock,https://www.zeptonow.com/pn/24-mantra-organic-mustard-oil-cold-pressed/pvid/abf91fe8-3ae5-47f8-9c40-545ba4464450,"https://cdn.zeptonow.com/production/tr:w-1280,ar-1200-1200,pr-true,f-auto,q-80/cms/product_variant/f9a7bed3-ebad-49b2-8574-547a988ffd83.jpeg"
"Atta, Rice, Oil & Dals",Oil,"https://cdn.zeptonow.com/production/tr:w-90,ar-120-121,pr-true,f-auto,q-80/cms/sub_category/19.png","Saffola Gold Oil, Power of 3, Pouch 1 l Combo",Saffola,372,414,1 l X 2,4.7 (996),In Stock,https://www.zeptonow.com/pn/saffola-gold-oil-power-of-3-pouch-1-l-combo/pvid/7d67d587-3500-4421-93ef-ece0fd01be1c,"https://cdn.zeptonow.com/production/tr:w-1280,ar-1500-1500,pr-true,f-auto,q-80/inventory/product/c3c59857-e312-47b2-9b73-c36090960316-133.jpg"
"Atta, Rice, Oil & Dals",Oil,"https://cdn.zeptonow.com/production/tr:w-90,ar-120-121,pr-true,f-auto,q-80/cms/sub_category/19.png",Mr.Gold Refinfed Sunflower Pouch 1 l Combo,Mr.Gold,284,340,1 l X 2,4.7 (727),In Stock,https://www.zeptonow.com/pn/mrgold-refinfed-sunflower-pouch-1-l-combo/pvid/8702ac51-af2e-4b38-908c-263cf14184bd,"https://cdn.zeptonow.com/production/tr:w-1280,ar-1500-1500,pr-true,f-auto,q-80/cms/product_variant/50b91fce-6ed4-496c-8552-d83acab1e0f0.jpg"
"Atta, Rice, Oil & Dals",Oil,"https://cdn.zeptonow.com/production/tr:w-90,ar-120-121,pr-true,f-auto,q-80/cms/sub_category/19.png",Mr.Gold Refined Rice Bran Oil Pouch 1 l Combo,Mr.Gold,268,360,1 l X 2,4.4 (841),In Stock,https://www.zeptonow.com/pn/mrgold-refined-rice-bran-oil-pouch-1-l-combo/pvid/274e3d2d-7f26-4726-bec7-55e572581bed,"https://cdn.zeptonow.com/production/tr:w-1280,ar-1500-1500,pr-true,f-auto,q-80/cms/product_variant/b2bf512d-9afa-4fb5-b99a-1a8f509e3ee9.jpg"
"Atta, Rice, Oil & Dals",Oil,"https://cdn.zeptonow.com/production/tr:w-90,ar-120-121,pr-true,f-auto,q-80/cms/sub_category/19.png",Fortune Sunlite Refined Sunflower Oil | Pouch 1 l Combo,Fortune,284,360,870 g X 2,4.7 (241),In Stock,https://www.zeptonow.com/pn/fortune-sunlite-refined-sunflower-oil-pouch-1-l-combo/pvid/e619343a-e80d-471c-9e93-dabef3a1f263,"https://cdn.zeptonow.com/production/tr:w-1280,ar-1500-1500,pr-true,f-auto,q-80/inventory/product/ce31f2ce-b092-4afd-9901-88ff6465b391-2897.jpg"
"Atta, Rice, Oil & Dals",Oil,"https://cdn.zeptonow.com/production/tr:w-90,ar-120-121,pr-true,f-auto,q-80/cms/sub_category/19.png",Mr.Gold Refinfed Sunflower Pouch 1 l Combo,Mr.Gold,423,510,1 l X 3,4.3 (922),In Stock,https://www.zeptonow.com/pn/mrgold-refinfed-sunflower-pouch-1-l-combo/pvid/d0f125e5-a85c-44c2-95ce-d439e689fbfa,"https://cdn.zeptonow.com/production/tr:w-1280,ar-1500-1500,pr-true,f-auto,q-80/cms/product_variant/afef0b93-5f70-4943-b714-f95863017080.jpg"
"Atta, Rice, Oil & Dals",Oil,"https://cdn.zeptonow.com/production/tr:w-90,ar-120-121,pr-true,f-auto,q-80/cms/sub_category/19.png",SVS Groundnut Oil | Pouch 1 l Combo,SVS,360,400,1 l X 2,4.2 (549),In Stock,https://www.zeptonow.com/pn/svs-groundnut-oil-pouch-1-l-combo/pvid/2408fa3e-8d1d-4724-9a46-1e18178caf9c,"https://cdn.zeptonow.com/production/tr:w-1280,ar-1494-1494,pr-true,f-auto,q-80/cms/product_variant/6e9ee1fd-7e03-4a76-9dbc-dad680d5bb8b.jpg"
"Atta, Rice, Oil & Dals",Oil,"https://cdn.zeptonow.com/production/tr:w-90,ar-120-121,pr-true,f-auto,q-80/cms/sub_category/19.png",Mr.Gold Refined Rice Bran Oil Pouch 1 l Combo,Mr.Gold,399,540,1 l X 3,4.5 (648),In Stock,https://www.zeptonow.com/pn/mrgold-refined-rice-bran-oil-pouch-1-l-combo/pvid/6dec870e-64f0-47e7-9ce9-5bf7e12968b6,"https://cdn.zeptonow.com/production/tr:w-1280,ar-1500-1500,pr-true,f-auto,q-80/cms/product_variant/78fdc16e-54b1-43a6-8d69-4c59ffd8ba39.jpg"
"Atta, Rice, Oil & Dals",Oil,"https://cdn.zeptonow.com/production/tr:w-90,ar-120-121,pr-true,f-auto,q-80/cms/sub_category/19.png",Saffola Active | Rich in Omega 3 and Oryzanol | Edible Oil Pouch 1 l Combo,Saffola,292,374,1 l X 2,4.4 (470),In Stock,https://www.zeptonow.com/pn/saffola-active-rich-in-omega-3-and-oryzanol-edible-oil-pouch-1-l-combo/pvid/b697954b-4fc6-4cd1-bf85-3974d266942f,"https://cdn.zeptonow.com/production/tr:w-1280,ar-1500-1500,pr-true,f-auto,q-80/inventory/product/9b718b88-65ce-41dc-ac55-2d04ce1dbe08-467.jpg"
"Atta, Rice, Oil & Dals",Oil,"https://cdn.zeptonow.com/production/tr:w-90,ar-120-121,pr-true,f-auto,q-80/cms/sub_category/19.png",Borges Extra Virgin Olive Oil - Bottle 250 ml Combo,Borges,724,1500,250 ml X 2,4.6 (498),In Stock,https://www.zeptonow.com/pn/borges-extra-virgin-olive-oil-bottle-250-ml-combo/pvid/77a078ac-3fad-44a0-ac6b-8b2c78f858af,"https://cdn.zeptonow.com/production/tr:w-1280,ar-1500-1500,pr-true,f-auto,q-80/cms/product_variant/86842bdc-356c-4c27-a7f8-a91bb12bea33.jpg"
"Atta, Rice, Oil & Dals",Oil,"https://cdn.zeptonow.com/production/tr:w-90,ar-120-121,pr-true,f-auto,q-80/cms/sub_category/19.png",Fortune Rice Bran - Pouch 1 l Combo,Fortune,314,398,870 g X 2,4.4 (650),In Stock,https://www.zeptonow.com/pn/fortune-rice-bran-pouch-1-l-combo/pvid/225221a2-0cc2-4a3e-af36-5cff1b30f405,"https://cdn.zeptonow.com/production/tr:w-1280,ar-1494-1494,pr-true,f-auto,q-80/cms/product_variant/88852c01-d1c4-43c3-8ab9-5a6ea17a76dc.jpg"
"Atta, Rice, Oil & Dals",Oil,"https://cdn.zeptonow.com/production/tr:w-90,ar-120-121,pr-true,f-auto,q-80/cms/sub_category/19.png",Cardia Filtered Groundnut Oil Standup | Pouch 1 l Combo,Cardia,334,456,1 l X 2,4.2 (282),In Stock,https://www.zeptonow.com/pn/cardia-filtered-groundnut-oil-standup-pouch-1-l-combo/pvid/fdfeacd6-7e5e-4b54-a612-52c6570d865b,"https://cdn.zeptonow.com/production/tr:w-1280,ar-1200-1200,pr-true,f-auto,q-80/cms/product_variant/7fa6976c-96dd-43b0-87c0-7efa74351741.jpg"
"Atta, Rice, Oil & Dals",Oil,"https://cdn.zeptonow.com/production/tr:w-90,ar-120-121,pr-true,f-auto,q-80/cms/sub_category/19.png",Mr. Gold Groundnut Oil Pouch 1 l Combo,Mr.,344,410,1 l X 2,4.7 (909),In Stock,https://www.zeptonow.com/pn/mr-gold-groundnut-oil-pouch-1-l-combo/pvid/3e6b8bcb-3f25-48a8-9c86-2e525376c38e,"https://cdn.zeptonow.com/production/tr:w-1280,ar-1494-1494,pr-true,f-auto,q-80/cms/product_variant/87eadc85-520d-4483-8143-b00a1016068b.jpg"
"Atta, Rice, Oil & Dals",Oil,"https://cdn.zeptonow.com/production/tr:w-90,ar-120-121,pr-true,f-auto,q-80/cms/sub_category/19.png","Gold Winner Refined Sunflower Oil (Pouch)(1 l), Daawat Rozana Super Basmati Rice(1 kg) & Parrys White Label Sugar(1 kg) Combo",Gold Winner,570,690,3 combo,4.4 (957),In Stock,https://www.zeptonow.com/pn/gold-winner-refined-sunflower-oil-pouch1-l-daawat-rozana-super-basmati-rice1-kg-parrys-white-label-sugar1-kg-combo/pvid/58a2c7de-86b1-4d2f-a534-895c97bf1e29,"https://cdn.zeptonow.com/production/tr:w-1280,ar-1000-1000,pr-true,f-auto,q-80/cms/product_variant/c355a437-16b9-4e62-92da-4326e8cbcbf6.jpeg"
"Atta, Rice, Oil & Dals",Oil,"https://cdn.zeptonow.com/production/tr:w-90,ar-120-121,pr-true,f-auto,q-80/cms/sub_category/19.png",Sunland Refined Sunflower Oil Pouch 1 l Combo,Sunland,294,324,1 l X 2,4.7 (483),In Stock,https://www.zeptonow.com/pn/sunland-refined-sunflower-oil-pouch-1-l-combo/pvid/89b87e0a-aed5-4efb-964a-6fa9fd9b95c4,"https://cdn.zeptonow.com/production/tr:w-1280,ar-1500-1500,pr-true,f-auto,q-80/cms/product_variant/762d05aa-7827-4196-a485-d03bc4a16bd5.jpg"
"Atta, Rice, Oil & Dals",Oil,"https://cdn.zeptonow.com/production/tr:w-90,ar-120-121,pr-true,f-auto,q-80/cms/sub_category/19.png",Saffola Tasty + | 50% More Oryzanol | Edible Oil - Pouch 1 l Combo,Saffola,522,531,1 l X 3,4.5 (207),In Stock,https://www.zeptonow.com/pn/saffola-tasty-50-more-oryzanol-edible-oil-pouch-1-l-combo/pvid/2800c67e-feab-4d48-be9c-bbfa8bb18ae4,"https://cdn.zeptonow.com/production/tr:w-1280,ar-1500-1500,pr-true,f-auto,q-80/cms/product_variant/993d59e7-6116-4b99-8520-822c5eff9982.jpg"
"Atta, Rice, Oil & Dals",Oil,"https://cdn.zeptonow.com/production/tr:w-90,ar-120-121,pr-true,f-auto,q-80/cms/sub_category/19.png",Fortune Sunlite Refined Sunflower Oil | Pouch 1 l Combo,Fortune,414,540,870 g X 3,4.5 (266),In Stock,https://www.zeptonow.com/pn/fortune-sunlite-refined-sunflower-oil-pouch-1-l-combo/pvid/bf3491f0-e960-4de5-8902-7ed43d5235df,"https://cdn.zeptonow.com/production/tr:w-1280,ar-1494-1494,pr-true,f-auto,q-80/cms/product_variant/22035037-d950-422e-92ba-0c0b89ca2fec.jpg"
"Atta, Rice, Oil & Dals",Oil,"https://cdn.zeptonow.com/production/tr:w-90,ar-120-121,pr-true,f-auto,q-80/cms/sub_category/19.png",Indic Wisdom Wood Pressed Mustard Oil | Cold Pressed - Extracted on Wooden Churner 1 l Combo,Indic,492,860,1 l X 2,4.6 (851),In Stock,https://www.zeptonow.com/pn/indic-wisdom-wood-pressed-mustard-oil-cold-pressed-extracted-on-wooden-churner-1-l-combo/pvid/c15b3dc0-9b42-4385-a375-37681ebb6b74,"https://cdn.zeptonow.com/production/tr:w-1280,ar-1494-1494,pr-true,f-auto,q-80/cms/product_variant/b236988d-faa5-4ac0-9dc8-6ea3981323bb.jpg"
"Atta, Rice, Oil & Dals",Oil,"https://cdn.zeptonow.com/production/tr:w-90,ar-120-121,pr-true,f-auto,q-80/cms/sub_category/19.png",Fortune Rice Bran - Pouch 1 l Combo,Fortune,468,597,870 g X 3,4.7 (143),In Stock,https://www.zeptonow.com/pn/fortune-rice-bran-pouch-1-l-combo/pvid/f207270f-57c3-46f5-b79c-6344bceab96e,"https://cdn.zeptonow.com/production/tr:w-1280,ar-1500-1500,pr-true,f-auto,q-80/cms/product_variant/833c9954-89dc-4295-abfe-a51c5acd8f49.jpg"
"Atta, Rice, Oil & Dals",Oil,"https://cdn.zeptonow.com/production/tr:w-90,ar-120-121,pr-true,f-auto,q-80/cms/sub_category/19.png","Fortune Sunlite Refined Sunflower Oil (Pouch)(1 l), Aashirvaad Superior MP Whole Wheat Atta(10 kg) & Parrys White Label Sugar(1 kg) Combo",Aashirvaad,1011,1243,3 combo,4.3 (943),In Stock,https://www.zeptonow.com/pn/fortune-sunlite-refined-sunflower-oil-pouch1-l-aashirvaad-superior-mp-whole-wheat-atta10-kg-parrys-white-label-sugar1-kg-combo/pvid/ebce4b36-d14d-4f45-bb1b-72244387114a,"https://cdn.zeptonow.com/production/tr:w-1280,ar-1500-1500,pr-true,f-auto,q-80/cms/product_variant/cfe40e5f-1873-454a-bf8b-3e30b798b99b.jpg"
"Atta, Rice, Oil & Dals",Oil,"https://cdn.zeptonow.com/production/tr:w-90,ar-120-121,pr-true,f-auto,q-80/cms/sub_category/19.png",Idhayam Oil - Mantra GroundNut | Pouch 1 l Combo,Idhayam,414,450,1 l X 2,4.5 (667),In Stock,https://www.zeptonow.com/pn/idhayam-oil-mantra-groundnut-pouch-1-l-combo/pvid/01efc70a-a6b8-4fa8-b081-924fd156c9a4,"https://cdn.zeptonow.com/production/tr:w-1280,ar-1500-1500,pr-true,f-auto,q-80/inventory/product/953093d8-65f7-421f-b1e8-049fdc3faca6-466.jpg"
"Atta, Rice, Oil & Dals",Oil,"https://cdn.zeptonow.com/production/tr:w-90,ar-120-121,pr-true,f-auto,q-80/cms/sub_category/19.png","Saffola Total Oil, Heart Pro, Power of 6, Edible Oil - Pouch 1 l Combo",Saffola,428,454,1 l X 2,4.7 (465),In Stock,https://www.zeptonow.com/pn/saffola-total-oil-heart-pro-power-of-6-edible-oil-pouch-1-l-combo/pvid/37f688c0-6c55-4d21-ad74-366da970cf80,"https://cdn.zeptonow.com/production/tr:w-1280,ar-1494-1494,pr-true,f-auto,q-80/cms/product_variant/acaabbfb-8f93-42a0-b3fe-d17d9bc3e153.jpg"
"Atta, Rice, Oil & Dals",Oil,"https://cdn.zeptonow.com/production/tr:w-90,ar-120-121,pr-true,f-auto,q-80/cms/sub_category/19.png",Mr. Gold Groundnut Oil Pouch 1 l Combo,Mr.,513,615,1 l X 3,4.7 (944),In Stock,https://www.zeptonow.com/pn/mr-gold-groundnut-oil-pouch-1-l-combo/pvid/dfa61bda-da26-447e-8412-d66ac23e4bc2,"https://cdn.zeptonow.com/production/tr:w-1280,ar-1494-1494,pr-true,f-auto,q-80/cms/product_variant/71bdac56-b8db-48c5-a3ff-e190466d9ae2.jpg"
"Atta, Rice, Oil & Dals",Oil,"https://cdn.zeptonow.com/production/tr:w-90,ar-120-121,pr-true,f-auto,q-80/cms/sub_category/19.png",Saffola Tasty + | 50% More Oryzanol | Edible Oil - Pouch 1 l Combo,Saffola,350,354,1 l X 2,4.4 (594),In Stock,https://www.zeptonow.com/pn/saffola-tasty-50-more-oryzanol-edible-oil-pouch-1-l-combo/pvid/d77117cf-afc6-4022-a14c-5ac4134e689f,"https://cdn.zeptonow.com/production/tr:w-1280,ar-1500-1500,pr-true,f-auto,q-80/inventory/product/8cfecd5c-459e-46a5-b200-3e38a50a66d4-474.jpg"
"Atta, Rice, Oil & Dals",Oil,"https://cdn.zeptonow.com/production/tr:w-90,ar-120-121,pr-true,f-auto,q-80/cms/sub_category/19.png",Sunland Refined Sunflower Oil Pouch 1 l Combo,Sunland,438,486,1 l X 3,4.7 (581),In Stock,https://www.zeptonow.com/pn/sunland-refined-sunflower-oil-pouch-1-l-combo/pvid/6de7f964-0d5e-4285-a7cc-19ec72d94020,"https://cdn.zeptonow.com/production/tr:w-1280,ar-1500-1500,pr-true,f-auto,q-80/cms/product_variant/df81e4e1-a3cc-4750-a945-604e3daf0fa5.jpg"
"Atta, Rice, Oil & Dals",Oil,"https://cdn.zeptonow.com/production/tr:w-90,ar-120-121,pr-true,f-auto,q-80/cms/sub_category/19.png",Fortune Kachi Ghani Mustard Oil | Bottle 1 l Combo,Fortune,414,500,1 l X 2,4.6 (732),In Stock,https://www.zeptonow.com/pn/fortune-kachi-ghani-mustard-oil-bottle-1-l-combo/pvid/01f15fc1-cd1b-4516-b427-6b8882089650,"https://cdn.zeptonow.com/production/tr:w-1280,ar-1500-1500,pr-true,f-auto,q-80/cms/product_variant/6559.jpg"
"Atta, Rice, Oil & Dals",Oil,"https://cdn.zeptonow.com/production/tr:w-90,ar-120-121,pr-true,f-auto,q-80/cms/sub_category/19.png","Fortune Sunlite Refined Sunflower Oil (Pouch)(1 l), Udhaiyam Ponni Rice(5 kg) & Parrys White Label Sugar(1 kg) Combo",Fortune,866,1065,3 combo,4.5 (238),In Stock,https://www.zeptonow.com/pn/fortune-sunlite-refined-sunflower-oil-pouch1-l-udhaiyam-ponni-rice5-kg-parrys-white-label-sugar1-kg-combo/pvid/eab341c9-6819-4fb6-8837-6e13418e5ca4,"https://cdn.zeptonow.com/production/tr:w-1280,ar-1500-1500,pr-true,f-auto,q-80/cms/product_variant/fd416cc5-d7f0-4971-ba92-f20ddd50f341.jpg"
"Atta, Rice, Oil & Dals",Oil,"https://cdn.zeptonow.com/production/tr:w-90,ar-120-121,pr-true,f-auto,q-80/cms/sub_category/19.png",Fortune Kachi Ghani Mustard Oil | Bottle 1 l Combo,Fortune,618,750,1 l X 3,4.7 (243),In Stock,https://www.zeptonow.com/pn/fortune-kachi-ghani-mustard-oil-bottle-1-l-combo/pvid/1b452e5c-65e7-4a2b-add6-08f833011e79,"https://cdn.zeptonow.com/production/tr:w-1280,ar-1494-1494,pr-true,f-auto,q-80/cms/product_variant/457c0640-ed31-40ee-9904-df24f5a753e1.jpg"
"Atta, Rice, Oil & Dals",Oil,"https://cdn.zeptonow.com/production/tr:w-90,ar-120-121,pr-true,f-auto,q-80/cms/sub_category/19.png","Saffola Gold Oil, Power of 3, Pouch 1 l Combo",Saffola,555,621,1 l X 3,4.6 (162),In Stock,https://www.zeptonow.com/pn/saffola-gold-oil-power-of-3-pouch-1-l-combo/pvid/0fc1bb86-1d07-49d0-bc39-d19422e26015,"https://cdn.zeptonow.com/production/tr:w-1280,ar-1494-1494,pr-true,f-auto,q-80/cms/product_variant/68d3eeb2-a253-43f0-a5f3-c3e01d56c3b7.jpg"
"Atta, Rice, Oil & Dals",Oil,"https://cdn.zeptonow.com/production/tr:w-90,ar-120-121,pr-true,f-auto,q-80/cms/sub_category/19.png",KLF Coconad Pure Coconut Cooking Oil | Pouch 1 l Combo,KLF,946,1350,1 l X 2,4.5 (652),In Stock,https://www.zeptonow.com/pn/klf-coconad-pure-coconut-cooking-oil-pouch-1-l-combo/pvid/16e0dd95-f268-45f8-a010-462fa67a3a91,"https://cdn.zeptonow.com/production/tr:w-1280,ar-1500-1500,pr-true,f-auto,q-80/cms/product_variant/83d0be97-8f1b-4f32-986b-6ca0f4163e89.jpg"
"Atta, Rice, Oil & Dals",Oil,"https://cdn.zeptonow.com/production/tr:w-90,ar-120-121,pr-true,f-auto,q-80/cms/sub_category/19.png",777 Gingelly Oil 500 ml Combo,777,322,378,500 ml X 2,4.2 (56),In Stock,https://www.zeptonow.com/pn/777-gingelly-oil-500-ml-combo/pvid/00c79563-6cba-4c72-84d9-091eb26c2abe,"https://cdn.zeptonow.com/production/tr:w-1280,ar-1500-1500,pr-true,f-auto,q-80/cms/product_variant/a78586d9-cef8-40d4-ba7a-81efed84687a.jpg"
"Atta, Rice, Oil & Dals",Oil,"https://cdn.zeptonow.com/production/tr:w-90,ar-120-121,pr-true,f-auto,q-80/cms/sub_category/19.png",Fortune Sunlite Refined Sunflower Oil - Jar 5 l Combo,Fortune,1436,1860,5 l X 2,4.4 (578),In Stock,https://www.zeptonow.com/pn/fortune-sunlite-refined-sunflower-oil-jar-5-l-combo/pvid/eb3872a8-6ca0-440c-8a05-ec12d286be0a,"https://cdn.zeptonow.com/production/tr:w-1280,ar-1500-1500,pr-true,f-auto,q-80/cms/product_variant/47279917-1239-43ea-bf7a-8b4163f59e23.jpg"
"Atta, Rice, Oil & Dals",Oil,"https://cdn.zeptonow.com/production/tr:w-90,ar-120-121,pr-true,f-auto,q-80/cms/sub_category/19.png",Fortune Ricebran Oil 1 L(1l) & Fortune Kachi Ghani Mustard Oil  1 L Pet(1l) Combo,Fortune,366,449,2 combo,4.7 (268),In Stock,https://www.zeptonow.com/pn/fortune-ricebran-oil-1-l1l-fortune-kachi-ghani-mustard-oil-1-l-pet1l-combo/pvid/85153f4e-e15f-4afc-9fa0-d93f1a210adf,"https://cdn.zeptonow.com/production/tr:w-1280,ar-1494-1494,pr-true,f-auto,q-80/cms/product_variant/d7458547-9661-471e-b756-aa12f40091ed.jpg"
"Atta, Rice, Oil & Dals",Oil,"https://cdn.zeptonow.com/production/tr:w-90,ar-120-121,pr-true,f-auto,q-80/cms/sub_category/19.png",Tata Simply Better Cold Pressed Mustard-Kachi Ghani Sarson Oil 1 l Combo,Tata,430,700,1 l X 2,4.7 (247),In Stock,https://www.zeptonow.com/pn/tata-simply-better-cold-pressed-mustard-kachi-ghani-sarson-oil-1-l-combo/pvid/dbc63fed-3828-46e8-88cb-a18ec78ea816,"https://cdn.zeptonow.com/production/tr:w-1280,ar-1500-1500,pr-true,f-auto,q-80/cms/product_variant/d8654e2e-60cf-4c06-bcac-8e8cf49a98b8.jpg"
"Atta, Rice, Oil & Dals",Oil,"https://cdn.zeptonow.com/production/tr:w-90,ar-120-121,pr-true,f-auto,q-80/cms/sub_category/19.png",KLF Coconad 100% Pure Coconut Oil | Bottle 500 ml Combo,KLF,496,700,500 ml X 2,4.4 (116),In Stock,https://www.zeptonow.com/pn/klf-coconad-100-pure-coconut-oil-bottle-500-ml-combo/pvid/fb92976d-3fa5-4973-8eb5-6f917ee74ac7,"https://cdn.zeptonow.com/production/tr:w-1280,ar-1500-1500,pr-true,f-auto,q-80/cms/product_variant/b99ef92a-20dd-44ac-9c37-a08970a349f7.jpg"
"Atta, Rice, Oil & Dals",Oil,"https://cdn.zeptonow.com/production/tr:w-90,ar-120-121,pr-true,f-auto,q-80/cms/sub_category/19.png",Anveshan Wood Cold Pressed Mustard Oil 1 l Combo,Anveshan,400,870,1 l X 2,4.2 (823),In Stock,https://www.zeptonow.com/pn/anveshan-wood-cold-pressed-mustard-oil-1-l-combo/pvid/7836711e-d6d4-4513-b348-67a12800c282,"https://cdn.zeptonow.com/production/tr:w-1280,ar-2400-2400,pr-true,f-auto,q-80/cms/product_variant/e1cb029f-c064-4804-b77c-14a5cabef53d.jpeg"
"Atta, Rice, Oil & Dals",Oil,"https://cdn.zeptonow.com/production/tr:w-90,ar-120-121,pr-true,f-auto,q-80/cms/sub_category/19.png",Gramiyaa Wood Cold Pressed Groundnut Oil 1 l X 2 Combo,Gramiyaa,718,980,1 l X 2,4.5 (769),In Stock,https://www.zeptonow.com/pn/gramiyaa-wood-cold-pressed-groundnut-oil-1-l-x-2-combo/pvid/7fe0cebc-b569-4303-988a-9f342f3756d4,"https://cdn.zeptonow.com/production/tr:w-1280,ar-1200-1200,pr-true,f-auto,q-80/cms/product_variant/f01179c1-1770-4fdd-8a88-54cf7fb982d0.jpg"
"Atta, Rice, Oil & Dals",Oil,"https://cdn.zeptonow.com/production/tr:w-90,ar-120-121,pr-true,f-auto,q-80/cms/sub_category/19.png","Gold Winner Refined Sunflower Oil (Pouch)(1 l), Udhaiyam Idly Rice(5 kg) & Parrys White Label Sugar(1 kg) Combo",Gold Winner,789,955,3 combo,4.7 (200),In Stock,https://www.zeptonow.com/pn/gold-winner-refined-sunflower-oil-pouch1-l-udhaiyam-idly-rice5-kg-parrys-white-label-sugar1-kg-combo/pvid/1c248bfc-5a75-4cb5-a67b-4e2f86dbe221,"https://cdn.zeptonow.com/production/tr:w-1280,ar-1000-1000,pr-true,f-auto,q-80/cms/product_variant/25fb956c-a331-4820-8461-a02b93f63813.jpeg"
"Atta, Rice, Oil & Dals",Oil,"https://cdn.zeptonow.com/production/tr:w-90,ar-120-121,pr-true,f-auto,q-80/cms/sub_category/19.png",Gramiyaa Wood Cold Pressed Groundnut Oil (1l) & Gramiyaa Wood Cold Pressed Sesame Oil (500ml) Combo,Gramiyaa,658,870,2 combo,4.3 (265),In Stock,https://www.zeptonow.com/pn/gramiyaa-wood-cold-pressed-groundnut-oil-1l-gramiyaa-wood-cold-pressed-sesame-oil-500ml-combo/pvid/4fc8e048-821e-4b53-8b7d-cd6d8e51efa5,"https://cdn.zeptonow.com/production/tr:w-1280,ar-1200-1200,pr-true,f-auto,q-80/cms/product_variant/8267a583-dd5b-46b6-bf84-187f600d8967.jpg"
"Atta, Rice, Oil & Dals",Oil,"https://cdn.zeptonow.com/production/tr:w-90,ar-120-121,pr-true,f-auto,q-80/cms/sub_category/19.png",Fortune Xpert Total Balance 1 l Combo,Fortune,330,400,1 l X 2,4.7 (414),In Stock,https://www.zeptonow.com/pn/fortune-xpert-total-balance-1-l-combo/pvid/f8f262e6-93e6-4702-9795-2045ffa0db33,"https://cdn.zeptonow.com/production/tr:w-1280,ar-1500-1500,pr-true,f-auto,q-80/cms/product_variant/a9a334fe-2f4d-4ba1-97e8-ac199b253e9b.jpg"
"Atta, Rice, Oil & Dals",Oil,"https://cdn.zeptonow.com/production/tr:w-90,ar-120-121,pr-true,f-auto,q-80/cms/sub_category/19.png",Saffola Active | Rich in Omega 3 and Oryzanol | Edible Oil Jar 5 l Combo,Saffola,1636,1870,5 l X 2,4.3 (408),In Stock,https://www.zeptonow.com/pn/saffola-active-rich-in-omega-3-and-oryzanol-edible-oil-jar-5-l-combo/pvid/dac18e73-3b8a-409e-9125-5ed0c9d73c11,"https://cdn.zeptonow.com/production/tr:w-1280,ar-1500-1500,pr-true,f-auto,q-80/cms/product_variant/4f1fe90b-3b79-4fc9-84cf-27b81cb175c9.jpg"
"Atta, Rice, Oil & Dals",Oil,"https://cdn.zeptonow.com/production/tr:w-90,ar-120-121,pr-true,f-auto,q-80/cms/sub_category/19.png",Anveshan Wood Cold Pressed Sunflower Oil 1 l Combo,Anveshan,630,950,1 l X 2,4.5 (250),In Stock,https://www.zeptonow.com/pn/anveshan-wood-cold-pressed-sunflower-oil-1-l-combo/pvid/b23668ae-d7ec-434d-9c6b-9a8c260d4e61,"https://cdn.zeptonow.com/production/tr:w-1280,ar-1500-1500,pr-true,f-auto,q-80/cms/product_variant/6606735f-c390-4474-8c17-1d43dd416e1d.jpg"
"Atta, Rice, Oil & Dals",Oil,"https://cdn.zeptonow.com/production/tr:w-90,ar-120-121,pr-true,f-auto,q-80/cms/sub_category/19.png",Mr.Gold Gingelly Oil Pouch 1 l Combo,Mr.Gold,744,750,1 l X 2,4.5 (175),In Stock,https://www.zeptonow.com/pn/mrgold-gingelly-oil-pouch-1-l-combo/pvid/c83e5ffb-bb8f-4519-b262-2d416a3b0521,"https://cdn.zeptonow.com/production/tr:w-1280,ar-1494-1494,pr-true,f-auto,q-80/cms/product_variant/f835d345-c573-469c-8aee-c5370517ddd3.jpg"
"Atta, Rice, Oil & Dals",Oil,"https://cdn.zeptonow.com/production/tr:w-90,ar-120-121,pr-true,f-auto,q-80/cms/sub_category/19.png",Sundrop Super Lite Advanced - Sunflower Oil | Pouch 1 l Combo,Sundrop,434,460,1 l X 2,4.2 (862),In Stock,https://www.zeptonow.com/pn/sundrop-super-lite-advanced-sunflower-oil-pouch-1-l-combo/pvid/a51936f2-a11e-4613-a147-b6b7904dc7ee,"https://cdn.zeptonow.com/production/tr:w-1280,ar-1500-1500,pr-true,f-auto,q-80/inventory/product/ead786d9-cbc1-4250-a754-ad9e2a4d62a3-2902.jpg"
"Atta, Rice, Oil & Dals",Oil,"https://cdn.zeptonow.com/production/tr:w-90,ar-120-121,pr-true,f-auto,q-80/cms/sub_category/19.png",Gold Winner Refined Sunflower Oil - Jar 5 l Combo,Gold Winner,1510,1800,5 l X 2,4.2 (214),In Stock,https://www.zeptonow.com/pn/gold-winner-refined-sunflower-oil-jar-5-l-combo/pvid/6cd70188-bbec-41db-a25c-452084dbd454,"https://cdn.zeptonow.com/production/tr:w-1280,ar-1500-1500,pr-true,f-auto,q-80/cms/product_variant/cb99b41c-78ac-4544-ba5a-5915d7cb4e04.jpg"
"Atta, Rice, Oil & Dals",Oil,"https://cdn.zeptonow.com/production/tr:w-90,ar-120-121,pr-true,f-auto,q-80/cms/sub_category/19.png",Anveshan Wood Pressed Groundnut Peanut Oil | Bottle 1 l Combo,Anveshan,612,950,1 l X 2,4.5 (84),In Stock,https://www.zeptonow.com/pn/anveshan-wood-pressed-groundnut-peanut-oil-bottle-1-l-combo/pvid/a6dd4789-126b-4e56-ae30-5ed3b043ba62,"https://cdn.zeptonow.com/production/tr:w-1280,ar-2400-2400,pr-true,f-auto,q-80/cms/product_variant/9ecbedcd-f481-4652-b4db-cbc1eb02eba8.jpg"
"Atta, Rice, Oil & Dals",Oil,"https://cdn.zeptonow.com/production/tr:w-90,ar-120-121,pr-true,f-auto,q-80/cms/sub_category/19.png",Tata Simply Better Extra Virgin Olive Oil 1 l Combo,Tata,2088,2998,1 l X 2,4.2 (392),In Stock,https://www.zeptonow.com/pn/tata-simply-better-extra-virgin-olive-oil-1-l-combo/pvid/2c3ea4e7-029e-4d2b-ba13-aab67a95bff7,"https://cdn.zeptonow.com/production/tr:w-1280,ar-1500-1500,pr-true,f-auto,q-80/cms/product_variant/85e5368c-5220-483a-8dbe-a2d1caf273a3.jpg"
"Atta, Rice, Oil & Dals",Oil,"https://cdn.zeptonow.com/production/tr:w-90,ar-120-121,pr-true,f-auto,q-80/cms/sub_category/19.png",Earthen Story Organic Cold Pressed Extra Virgin Coconut Oil,Earthen,425,650,1 pc (500 ml),5 (49),Sold Out,https://www.zeptonow.com/pn/earthen-story-organic-cold-pressed-extra-virgin-coconut-oil/pvid/671dbea4-bc15-4037-beb5-6de5a646ebe8,"https://cdn.zeptonow.com/production/tr:w-1280,ar-679-669,pr-true,f-auto,q-80/cms/product_variant/fc257c33-6fa6-44fa-a4a0-cdb248e136ff.jpg"
"Atta, Rice, Oil & Dals",Oil,"https://cdn.zeptonow.com/production/tr:w-90,ar-120-121,pr-true,f-auto,q-80/cms/sub_category/19.png",Tata Simply Better Pure and Unrefined Cold Pressed Groundnut | Peanut Oil,Tata,1399,1900,1 pc (5 L),4.5 (191),Sold Out,https://www.zeptonow.com/pn/tata-simply-better-pure-and-unrefined-cold-pressed-groundnut-peanut-oil/pvid/c183a502-c856-40b3-a829-0e47b13020a4,"https://cdn.zeptonow.com/production/tr:w-1280,ar-2400-2400,pr-true,f-auto,q-80/cms/product_variant/b111075e-679d-45b6-885e-417898e9f374.jpeg"
"Atta, Rice, Oil & Dals",Oil,"https://cdn.zeptonow.com/production/tr:w-90,ar-120-121,pr-true,f-auto,q-80/cms/sub_category/19.png",Aroga Foods Cold Pressed Coconut Oil,Aroga,499,650,1 pc (1 L),4.4 (166),Sold Out,https://www.zeptonow.com/pn/aroga-foods-cold-pressed-coconut-oil/pvid/fb25df5a-a17c-43a5-b4dc-97048b84d54a,"https://cdn.zeptonow.com/production/tr:w-1280,ar-2400-2400,pr-true,f-auto,q-80/cms/product_variant/684c630a-be70-4b73-b317-5b9809c8dad7.jpeg"
"Atta, Rice, Oil & Dals",Oil,"https://cdn.zeptonow.com/production/tr:w-90,ar-120-121,pr-true,f-auto,q-80/cms/sub_category/19.png",Tata Simply Better Extra Virgin Olive Oil,Tata,396,549,1 pc (250 ml),4.7 (63),Sold Out,https://www.zeptonow.com/pn/tata-simply-better-extra-virgin-olive-oil/pvid/6b9644a6-86f1-4951-a01f-25300299a33f,"https://cdn.zeptonow.com/production/tr:w-1280,ar-1200-1200,pr-true,f-auto,q-80/cms/product_variant/c238ecd0-7e06-4681-9f84-fb141f981098.jpeg"
"Atta, Rice, Oil & Dals",Oil,"https://cdn.zeptonow.com/production/tr:w-90,ar-120-121,pr-true,f-auto,q-80/cms/sub_category/19.png",Indic Wisdom Wood Pressed Groundnut Oil | Cold Pressed - Extracted on Wooden Churner,Indic,1405,2250,1 pc (5 L),4.3 (384),Sold Out,https://www.zeptonow.com/pn/indic-wisdom-wood-pressed-groundnut-oil-cold-pressed-extracted-on-wooden-churner/pvid/e9a7a177-a3c5-4958-b98f-724c9531d1c8,"https://cdn.zeptonow.com/production/tr:w-1280,ar-1200-1200,pr-true,f-auto,q-80/cms/product_variant/2bb2c65f-8a32-4741-9d12-5c2bc0cb3fcc.jpeg"
"Atta, Rice, Oil & Dals",Oil,"https://cdn.zeptonow.com/production/tr:w-90,ar-120-121,pr-true,f-auto,q-80/cms/sub_category/19.png",Aroga Foods Cold Pressed Groundnut Oil,Aroga,279,520,1 pc (1 L),4.7 (149),Sold Out,https://www.zeptonow.com/pn/aroga-foods-cold-pressed-groundnut-oil/pvid/a01ef424-9440-40a3-b9d5-5197ed2c18d9,"https://cdn.zeptonow.com/production/tr:w-1280,ar-2400-2400,pr-true,f-auto,q-80/cms/product_variant/2f744508-55a5-4b78-a53c-b8b75282e582.jpeg"
"Atta, Rice, Oil & Dals",Oil,"https://cdn.zeptonow.com/production/tr:w-90,ar-120-121,pr-true,f-auto,q-80/cms/sub_category/19.png",Tata Simply Cold Pressed Groundnut/ Peanut Oil,Tata,315,500,1 pc (1 L),4.9 (3.9k),Sold Out,https://www.zeptonow.com/pn/tata-simply-cold-pressed-groundnut-peanut-oil/pvid/4afd1a1f-c443-439a-8228-41a91f1b085c,"https://cdn.zeptonow.com/production/tr:w-1280,ar-2400-2400,pr-true,f-auto,q-80/cms/product_variant/8abb25d5-7411-422f-8a60-b16482062bd5.jpeg"
"Atta, Rice, Oil & Dals",Oil,"https://cdn.zeptonow.com/production/tr:w-90,ar-120-121,pr-true,f-auto,q-80/cms/sub_category/19.png",Anveshan Cold Pressed Virgin Coconut Oil,Anveshan,431,440,1 pc (250 ml),5 (196),Sold Out,https://www.zeptonow.com/pn/anveshan-cold-pressed-virgin-coconut-oil/pvid/958d7c22-0f6f-42f9-8b0c-e03dc7732e15,"https://cdn.zeptonow.com/production/tr:w-1280,ar-2048-2048,pr-true,f-auto,q-80/cms/product_variant/d3b1f4cb-9a62-46ed-901a-7c833cd66169.jpeg"
"Atta, Rice, Oil & Dals",Oil,"https://cdn.zeptonow.com/production/tr:w-90,ar-120-121,pr-true,f-auto,q-80/cms/sub_category/19.png",Indic Wisdom Wood Pressed Coconut Oil | Bottle,Indic,324,430,1 pc (500 ml),4.6 (176),Sold Out,https://www.zeptonow.com/pn/indic-wisdom-wood-pressed-coconut-oil-bottle/pvid/876901bb-a984-4a65-b182-9cde0d1861cf,"https://cdn.zeptonow.com/production/tr:w-1280,ar-1200-1200,pr-true,f-auto,q-80/cms/product_variant/68c5a073-9b9e-4729-8b21-c9cd314ef0ad.jpeg"
"Atta, Rice, Oil & Dals",Oil,"https://cdn.zeptonow.com/production/tr:w-90,ar-120-121,pr-true,f-auto,q-80/cms/sub_category/19.png",Anveshan Extra Virgin Olive Oil Spray Can,Anveshan,499,700,1 pc (200 ml),4.4 (889),Sold Out,https://www.zeptonow.com/pn/anveshan-extra-virgin-olive-oil-spray-can/pvid/c0fee28a-6679-40e2-96c7-54f2577ffc46,"https://cdn.zeptonow.com/production/tr:w-1280,ar-2400-2400,pr-true,f-auto,q-80/cms/product_variant/b6573daa-1727-4cf4-8c5c-eab7b389ffb6.jpg"
"Atta, Rice, Oil & Dals",Oil,"https://cdn.zeptonow.com/production/tr:w-90,ar-120-121,pr-true,f-auto,q-80/cms/sub_category/19.png",Indic Wisdom Wood Pressed Sunflower Oil | Cold Pressed - Extracted on Wooden Churner,Indic,339,470,1 pack (1 L),4.6 (660),Sold Out,https://www.zeptonow.com/pn/indic-wisdom-wood-pressed-sunflower-oil-cold-pressed-extracted-on-wooden-churner/pvid/9685255d-aaf0-4e0a-86bc-62f7d9f0f737,"https://cdn.zeptonow.com/production/tr:w-1280,ar-1200-1200,pr-true,f-auto,q-80/cms/product_variant/acaa2a1a-fda9-45da-b234-374ce4126aa7.jpeg"
"Atta, Rice, Oil & Dals",Oil,"https://cdn.zeptonow.com/production/tr:w-90,ar-120-121,pr-true,f-auto,q-80/cms/sub_category/19.png",Aroga Foods Cold Pressed Mustard Oil,Aroga,199,435,1 pc (1 L),4.4 (130),Sold Out,https://www.zeptonow.com/pn/aroga-foods-cold-pressed-mustard-oil/pvid/89901578-3c96-4253-b8b2-7c8105cf064e,"https://cdn.zeptonow.com/production/tr:w-1280,ar-1000-1000,pr-true,f-auto,q-80/cms/product_variant/222f3016-7388-49c0-b0bb-8f8f22f6c492.jpeg"
"Atta, Rice, Oil & Dals",Oil,"https://cdn.zeptonow.com/production/tr:w-90,ar-120-121,pr-true,f-auto,q-80/cms/sub_category/19.png",Conscious Food Natural Groundnut Oil Cold Pressed | Bottle,Conscious,192,295,1 pc (500 ml),4.3 (56),Sold Out,https://www.zeptonow.com/pn/conscious-food-natural-groundnut-oil-cold-pressed-bottle/pvid/8d99f532-14da-47ca-b6d3-53f50335e4d3,"https://cdn.zeptonow.com/production/tr:w-1280,ar-1080-1080,pr-true,f-auto,q-80/cms/product_variant/f8e2c276-2d19-4e39-8668-dd556219e54d.jpeg"
"Atta, Rice, Oil & Dals",Oil,"https://cdn.zeptonow.com/production/tr:w-90,ar-120-121,pr-true,f-auto,q-80/cms/sub_category/19.png",Conscious Food Organic Mustard Oil | Bottle,Conscious,164,240,1 pc (500 ml),4.7 (223),Sold Out,https://www.zeptonow.com/pn/conscious-food-organic-mustard-oil-bottle/pvid/e45280ba-8978-421f-bbfd-100cb74c69ca,"https://cdn.zeptonow.com/production/tr:w-1280,ar-1080-1080,pr-true,f-auto,q-80/cms/product_variant/012db76c-6e57-4353-a666-f9ae5f4a2af2.jpeg"
"Atta, Rice, Oil & Dals",Oil,"https://cdn.zeptonow.com/production/tr:w-90,ar-120-121,pr-true,f-auto,q-80/cms/sub_category/19.png",Borges Extra Light Olive Oil,Borges,1249,2200,1 pc (1 L),4.5 (565),Sold Out,https://www.zeptonow.com/pn/borges-extra-light-olive-oil/pvid/cae5bb67-ad43-4baf-baad-09870f426081,"https://cdn.zeptonow.com/production/tr:w-1280,ar-1500-1500,pr-true,f-auto,q-80/cms/product_variant/f27142e2-8ace-4bd3-b356-391dc1ecfefa.jpeg"
"Atta, Rice, Oil & Dals",Oil,"https://cdn.zeptonow.com/production/tr:w-90,ar-120-121,pr-true,f-auto,q-80/cms/sub_category/19.png",Del Monte Extra Virgin Olive Oil,Del Monte,384,749,1 pc (250 ml),5 (206),Sold Out,https://www.zeptonow.com/pn/del-monte-extra-virgin-olive-oil/pvid/cdb3de89-1e2f-45ed-9d83-2b139dd85807,"https://cdn.zeptonow.com/production/tr:w-1280,ar-2400-2400,pr-true,f-auto,q-80/cms/product_variant/8d7072a3-bdd7-40e0-81ed-f1f42d29279a.jpeg"
"Atta, Rice, Oil & Dals",Oil,"https://cdn.zeptonow.com/production/tr:w-90,ar-120-121,pr-true,f-auto,q-80/cms/sub_category/19.png",Patanjali Sesame Oil Bottle,Patanjali,260,260,1 pc (1 L),4.4 (951),Sold Out,https://www.zeptonow.com/pn/patanjali-sesame-oil-bottle/pvid/777e2941-2d79-46a6-9c13-e0fa1aa4c186,"https://cdn.zeptonow.com/production/tr:w-1280,ar-2000-2000,pr-true,f-auto,q-80/cms/product_variant/d985e8fc-7bed-421c-8ff3-91c33e4fe5f0.jpg"
"Atta, Rice, Oil & Dals",Oil,"https://cdn.zeptonow.com/production/tr:w-90,ar-120-121,pr-true,f-auto,q-80/cms/sub_category/19.png",Oleev Pomace Olive Oil,Oleev,587,1200,1 pc (1 L),4.5 (377),Sold Out,https://www.zeptonow.com/pn/oleev-pomace-olive-oil/pvid/b90a826a-c179-44eb-abd8-a959ff8722a3,"https://cdn.zeptonow.com/production/tr:w-1280,ar-2400-2400,pr-true,f-auto,q-80/cms/product_variant/9ec1e135-43b6-4829-8785-e93b838147fa.jpeg"
"Atta, Rice, Oil & Dals",Oil,"https://cdn.zeptonow.com/production/tr:w-90,ar-120-121,pr-true,f-auto,q-80/cms/sub_category/19.png",Patanjali Kachi Ghani Mustard Oil,Patanjali,187,200,1 pc (1 L),4.7 (12.5k),Sold Out,https://www.zeptonow.com/pn/patanjali-kachi-ghani-mustard-oil/pvid/97b5fe64-4447-49d3-9987-bad85048f4a4,"https://cdn.zeptonow.com/production/tr:w-1280,ar-1200-1200,pr-true,f-auto,q-80/cms/product_variant/3bc58fb8-66d5-4b0e-9ab4-ab3faa975210.jpeg"
"Atta, Rice, Oil & Dals",Oil,"https://cdn.zeptonow.com/production/tr:w-90,ar-120-121,pr-true,f-auto,q-80/cms/sub_category/19.png",Idhayam Gingelly Oil Bottle,Idhayam,396,398,1 pc (1 L),4.8 (540),Sold Out,https://www.zeptonow.com/pn/idhayam-gingelly-oil-bottle/pvid/647ab4e7-d828-403b-8a74-79415ad72303,"https://cdn.zeptonow.com/production/tr:w-1280,ar-1500-1500,pr-true,f-auto,q-80/cms/product_variant/6d8a1605-4370-49d6-90dd-ddb93f7c15d8.jpeg"
"Atta, Rice, Oil & Dals",Oil,"https://cdn.zeptonow.com/production/tr:w-90,ar-120-121,pr-true,f-auto,q-80/cms/sub_category/19.png",Jivika Natural Cold Pressed Sesame Oil | Til Cooking Oil,Jivika,339,525,1 pc (1 L),4.6 (235),Sold Out,https://www.zeptonow.com/pn/jivika-natural-cold-pressed-sesame-oil-til-cooking-oil/pvid/40d48943-cdb6-417c-bd9a-ab1e6418d49d,"https://cdn.zeptonow.com/production/tr:w-1280,ar-2400-2400,pr-true,f-auto,q-80/cms/product_variant/53e1e218-490e-4691-b38f-72cb0932f296.jpeg"
"Atta, Rice, Oil & Dals",Oil,"https://cdn.zeptonow.com/production/tr:w-90,ar-120-121,pr-true,f-auto,q-80/cms/sub_category/19.png",Orysa Refined Rice Bran Oil | Pouch,Orysa,141,168,1 pack (1 L),4.6 (420),Sold Out,https://www.zeptonow.com/pn/orysa-refined-rice-bran-oil-pouch/pvid/cd088b14-4b83-4568-9754-0c9e368d6d22,"https://cdn.zeptonow.com/production/tr:w-1280,ar-1500-1500,pr-true,f-auto,q-80/cms/product_variant/3f3b8336-c19c-4e79-a30e-e8df8d1d060d.jpeg"
"Atta, Rice, Oil & Dals",Oil,"https://cdn.zeptonow.com/production/tr:w-90,ar-120-121,pr-true,f-auto,q-80/cms/sub_category/19.png",Figaro Pure Olive Oil,Figaro,190,225,1 pc (100 ml),4.7 (462),Sold Out,https://www.zeptonow.com/pn/figaro-pure-olive-oil/pvid/11ca5348-4be9-48ed-bcf1-f6a650736bc3,"https://cdn.zeptonow.com/production/tr:w-1280,ar-980-980,pr-true,f-auto,q-80/cms/product_variant/e14c7e08-0962-487a-9ee4-b33e60f65309.jpeg"
"Atta, Rice, Oil & Dals",Oil,"https://cdn.zeptonow.com/production/tr:w-90,ar-120-121,pr-true,f-auto,q-80/cms/sub_category/19.png",Fortune Rice Bran Health Oil | Jar,Fortune,809,1025,1 pc (4.35 kg),4.8 (3.2k),Sold Out,https://www.zeptonow.com/pn/fortune-rice-bran-health-oil-jar/pvid/1077a55a-8193-4845-bab0-6a5bbea0fae6,"https://cdn.zeptonow.com/production/tr:w-1280,ar-3899-5129,pr-true,f-auto,q-80/cms/product_variant/b1676cb2-8453-49f5-9f71-c373816bc748.jpeg"
"Atta, Rice, Oil & Dals",Oil,"https://cdn.zeptonow.com/production/tr:w-90,ar-120-121,pr-true,f-auto,q-80/cms/sub_category/19.png",Klf Nirmal Tilnad Gingelly/ Sesame Oil Pouch,Klf,328,420,1 pack (1 L),4.4 (171),Sold Out,https://www.zeptonow.com/pn/klf-nirmal-tilnad-gingelly-sesame-oil-pouch/pvid/55e4d651-06f4-426d-adc5-e80b94b91456,"https://cdn.zeptonow.com/production/tr:w-1280,ar-2500-2500,pr-true,f-auto,q-80/cms/product_variant/e6a57c10-9b1a-4ad1-b486-51e21330fd9d.jpg"
"Atta, Rice, Oil & Dals",Oil,"https://cdn.zeptonow.com/production/tr:w-90,ar-120-121,pr-true,f-auto,q-80/cms/sub_category/19.png",Fortune Xpert Total Balance,Fortune,878,1000,1 pc (5 L),5 (305),Sold Out,https://www.zeptonow.com/pn/fortune-xpert-total-balance/pvid/090f9119-9981-45eb-a7af-4a38adb09dad,"https://cdn.zeptonow.com/production/tr:w-1280,ar-2400-2400,pr-true,f-auto,q-80/cms/product_variant/6a4a56f2-a3f0-4981-9233-45d4fe699c70.jpeg"
"Atta, Rice, Oil & Dals",Oil,"https://cdn.zeptonow.com/production/tr:w-90,ar-120-121,pr-true,f-auto,q-80/cms/sub_category/19.png",Be-Rite Ref.Sunflower Oil 5L,Be-Rite,695,960,1 pc (5 L),4.6 (187),Sold Out,https://www.zeptonow.com/pn/be-rite-refsunflower-oil-5l/pvid/51bf5ee9-78f7-40b1-ae4d-736e95b9b9d2,"https://cdn.zeptonow.com/production/tr:w-1280,ar-1080-1080,pr-true,f-auto,q-80/cms/product_variant/06f2c96b-7b52-4530-a97c-bc52642be115.jpg"
"Atta, Rice, Oil & Dals",Oil,"https://cdn.zeptonow.com/production/tr:w-90,ar-120-121,pr-true,f-auto,q-80/cms/sub_category/19.png",Gold Winner Refined Sunflower Oil - Pouch,Gold Winner,76,93,1 pack (500 ml),4.8 (2.9k),Sold Out,https://www.zeptonow.com/pn/gold-winner-refined-sunflower-oil-pouch/pvid/4bc11fb1-9f16-4dbe-9e51-f6d29d5118dd,"https://cdn.zeptonow.com/production/tr:w-1280,ar-1200-1200,pr-true,f-auto,q-80/cms/product_variant/6de0d8bc-f604-4538-ac26-fb16ac0496e3.jpeg"
"Atta, Rice, Oil & Dals",Oil,"https://cdn.zeptonow.com/production/tr:w-90,ar-120-121,pr-true,f-auto,q-80/cms/sub_category/19.png",Gold Winner Vanaspathi Oil | Pouch,Gold Winner,76,92,1 pack (500 ml),3.9 (342),Sold Out,https://www.zeptonow.com/pn/gold-winner-vanaspathi-oil-pouch/pvid/8eef6944-184d-407e-8a58-df361911445c,"https://cdn.zeptonow.com/production/tr:w-1280,ar-2400-2400,pr-true,f-auto,q-80/cms/product_variant/6da5293b-4286-487b-917f-0dfc4f4d0e36.jpeg"
"Atta, Rice, Oil & Dals",Oil,"https://cdn.zeptonow.com/production/tr:w-90,ar-120-121,pr-true,f-auto,q-80/cms/sub_category/19.png",Freedom Refined Sunflower Oil,Freedom,145,173,1 pack (1 L),4.8 (248.1k),Sold Out,https://www.zeptonow.com/pn/freedom-refined-sunflower-oil/pvid/e069e1ad-fd71-46cb-b700-4ec05ff7f76e,"https://cdn.zeptonow.com/production/tr:w-1280,ar-954-954,pr-true,f-auto,q-80/cms/product_variant/456f5285-2b1d-47f5-b6f7-adf2ece7e6e9.jpeg"
"Atta, Rice, Oil & Dals",Oil,"https://cdn.zeptonow.com/production/tr:w-90,ar-120-121,pr-true,f-auto,q-80/cms/sub_category/19.png",Natureland Organic Coconut Oil,Natureland,248,425,1 pc (400 ml),4.9 (142),Sold Out,https://www.zeptonow.com/pn/natureland-organic-coconut-oil/pvid/5058c36a-c98f-4c82-8533-f7f3d6745415,"https://cdn.zeptonow.com/production/tr:w-1280,ar-1500-1466,pr-true,f-auto,q-80/cms/product_variant/8808f0a6-4140-465f-a4e8-59681d43a244.jpg"
"Atta, Rice, Oil & Dals",Oil,"https://cdn.zeptonow.com/production/tr:w-90,ar-120-121,pr-true,f-auto,q-80/cms/sub_category/19.png",Saffola Gold Refined Cooking Oil | Balance Of Good Fats | Triple Anti-Oxidant System,Saffola,602,651,1 pc (3 L),3.9 (57),Sold Out,https://www.zeptonow.com/pn/saffola-gold-refined-cooking-oil-balance-of-good-fats-triple-anti-oxidant-system/pvid/1c62a825-004c-4b08-92f0-042f242102f1,"https://cdn.zeptonow.com/production/tr:w-1280,ar-1500-1500,pr-true,f-auto,q-80/cms/product_variant/24d3e5e8-cf19-42e9-81c5-66123c6ccbaa.jpeg"
"Atta, Rice, Oil & Dals",Oil,"https://cdn.zeptonow.com/production/tr:w-90,ar-120-121,pr-true,f-auto,q-80/cms/sub_category/19.png",Gramiyaa Mustard - Sarson Oil - Wood Cold Pressed,Gramiyaa,339,490,1 pc (1 L),4.7 (302),Sold Out,https://www.zeptonow.com/pn/gramiyaa-mustard-sarson-oil-wood-cold-pressed/pvid/fbd121af-59d2-4abf-af3a-21412ce952b2,"https://cdn.zeptonow.com/production/tr:w-1280,ar-1080-1080,pr-true,f-auto,q-80/cms/product_variant/e2593f5d-4aa6-4794-ac25-fbfad2a7cb1f.jpeg"
"Atta, Rice, Oil & Dals",Oil,"https://cdn.zeptonow.com/production/tr:w-90,ar-120-121,pr-true,f-auto,q-80/cms/sub_category/19.png",Two Brothers Woodpressed Black Mustard Oil Single-Filtered | Plastic Bottle,Two Brothers,273,599,1 pc (1 L),4.1 (65),Sold Out,https://www.zeptonow.com/pn/two-brothers-woodpressed-black-mustard-oil-single-filtered-plastic-bottle/pvid/8a407820-d5dc-486f-956e-cefe14a0aff1,"https://cdn.zeptonow.com/production/tr:w-1280,ar-1500-1500,pr-true,f-auto,q-80/cms/product_variant/0165039d-1488-4ffc-938d-f27f660aa07e.jpeg"
"Atta, Rice, Oil & Dals",Oil,"https://cdn.zeptonow.com/production/tr:w-90,ar-120-121,pr-true,f-auto,q-80/cms/sub_category/19.png",Daily Good Refined Rice bran Oil,Daily Good,150,199,1 pack (1 L),4.7 (7.3k),Sold Out,https://www.zeptonow.com/pn/daily-good-refined-rice-bran-oil/pvid/0281821d-12cd-4c1e-bf8a-e8f31a81eb5a,"https://cdn.zeptonow.com/production/tr:w-1280,ar-1080-1080,pr-true,f-auto,q-80/cms/product_variant/05763fa5-b679-471a-ade9-0d6e0c2d2bbe.jpg"
"Atta, Rice, Oil & Dals",Oil,"https://cdn.zeptonow.com/production/tr:w-90,ar-120-121,pr-true,f-auto,q-80/cms/sub_category/19.png",Daily Good Refined Sunflower Oil,Daily Good,148,195,1 pack (1 L),4.6 (12.2k),Sold Out,https://www.zeptonow.com/pn/daily-good-refined-sunflower-oil/pvid/8731f20e-bda7-4314-b213-ebea3d4460da,"https://cdn.zeptonow.com/production/tr:w-1280,ar-2400-2400,pr-true,f-auto,q-80/cms/product_variant/e210fbcd-ccaa-4137-97b9-25c3f599adf2.jpeg"
"Atta, Rice, Oil & Dals",Oil,"https://cdn.zeptonow.com/production/tr:w-90,ar-120-121,pr-true,f-auto,q-80/cms/sub_category/19.png",Figaro Extra Virgin Olive Oil,Figaro,276,599,1 pc (250 ml),4.6 (1.7k),Sold Out,https://www.zeptonow.com/pn/figaro-extra-virgin-olive-oil/pvid/a1eec578-d6fe-4779-af60-f0e0933f11f9,"https://cdn.zeptonow.com/production/tr:w-1280,ar-2400-2400,pr-true,f-auto,q-80/cms/product_variant/220e226a-adb1-4c81-bb70-ac7b6dc2c988.jpeg"
"Atta, Rice, Oil & Dals",Oil,"https://cdn.zeptonow.com/production/tr:w-90,ar-120-121,pr-true,f-auto,q-80/cms/sub_category/19.png",Sunpure Heart Sunflower Cooking Oil,Sunpure,294,370,1 pc (2 L),4.7 (365),Sold Out,https://www.zeptonow.com/pn/sunpure-heart-sunflower-cooking-oil/pvid/1075d780-69f3-40ff-b06d-245de89ea01f,"https://cdn.zeptonow.com/production/tr:w-1280,ar-3201-3201,pr-true,f-auto,q-80/cms/product_variant/601774d6-b245-4310-a5dc-e664c71230d1.jpg"
"Atta, Rice, Oil & Dals",Oil,"https://cdn.zeptonow.com/production/tr:w-90,ar-120-121,pr-true,f-auto,q-80/cms/sub_category/19.png",Freedom Refined Sunflower Oil,Freedom,720,890,1 pc (5 L),4.8 (114.3k),Sold Out,https://www.zeptonow.com/pn/freedom-refined-sunflower-oil/pvid/3db52f35-ae55-435a-8269-5c1323e41256,"https://cdn.zeptonow.com/production/tr:w-1280,ar-954-954,pr-true,f-auto,q-80/cms/product_variant/844ec28c-ccea-413f-b861-64fe08c70324.jpeg"
"Atta, Rice, Oil & Dals",Oil,"https://cdn.zeptonow.com/production/tr:w-90,ar-120-121,pr-true,f-auto,q-80/cms/sub_category/19.png",Figaro Pure Olive Oil,Figaro,426,499,1 pc (200 ml),4.7 (757),Sold Out,https://www.zeptonow.com/pn/figaro-pure-olive-oil/pvid/a42c1315-fc66-44d3-b8c9-fd898d92ad8e,"https://cdn.zeptonow.com/production/tr:w-1280,ar-2400-2400,pr-true,f-auto,q-80/cms/product_variant/114d4a4e-63aa-45ae-b82e-efd85651efb1.jpeg"
"Atta, Rice, Oil & Dals",Atta,"https://cdn.zeptonow.com/production/tr:w-90,ar-120-120,pr-true,f-auto,q-80/cms/sub_category/30388500-f133-4f7f-8e15-2b2c5ec804a7.png","Aashirvaad Atta - Superior MP Whole Wheat, No Maida | Pouch",Aashirvaad,68,73,1 pack (1 kg),4.7 (121.2k),In Stock,https://www.zeptonow.com/pn/aashirvaad-atta-superior-mp-whole-wheat-no-maida-pouch/pvid/ae6045b0-0526-4401-8a18-cb55592249e6,"https://cdn.zeptonow.com/production/tr:w-1280,ar-1200-1200,pr-true,f-auto,q-80/cms/product_variant/fe012e99-e612-4ef9-a3b7-f260f37479f6.jpg"
"Atta, Rice, Oil & Dals",Atta,"https://cdn.zeptonow.com/production/tr:w-90,ar-120-120,pr-true,f-auto,q-80/cms/sub_category/30388500-f133-4f7f-8e15-2b2c5ec804a7.png",Pillsbury Chakki Fresh Atta,Pillsbury,63,73,1 pack (1 kg),4.6 (23.5k),In Stock,https://www.zeptonow.com/pn/pillsbury-chakki-fresh-atta/pvid/74a23b37-47f9-4a66-a2fe-e185ee6c5fbd,"https://cdn.zeptonow.com/production/tr:w-1280,ar-1000-1000,pr-true,f-auto,q-80/cms/product_variant/21ccab3e-f9ff-42f0-8054-b971ed9e75b5.jpeg"
"Atta, Rice, Oil & Dals",Atta,"https://cdn.zeptonow.com/production/tr:w-90,ar-120-120,pr-true,f-auto,q-80/cms/sub_category/30388500-f133-4f7f-8e15-2b2c5ec804a7.png","Annapurna Chakki Whole Wheat Atta/ 100% Whole Wheat, No Maida",Annapurna,63,73,1 pack (1 kg),4.6 (6.6k),In Stock,https://www.zeptonow.com/pn/annapurna-chakki-whole-wheat-atta-100-whole-wheat-no-maida/pvid/f56a2319-09f3-491d-978e-2e186e50fbe7,"https://cdn.zeptonow.com/production/tr:w-1280,ar-1200-1200,pr-true,f-auto,q-80/cms/product_variant/22707aeb-f7d0-4115-afe7-69452ee464c0.jpg"
"Atta, Rice, Oil & Dals",Atta,"https://cdn.zeptonow.com/production/tr:w-90,ar-120-120,pr-true,f-auto,q-80/cms/sub_category/30388500-f133-4f7f-8e15-2b2c5ec804a7.png","Aashirvaad Atta - Superior MP Whole Wheat, No Maida | Pouch",Aashirvaad,557,638,1 pack (10 kg),4.7 (80.8k),In Stock,https://www.zeptonow.com/pn/aashirvaad-atta-superior-mp-whole-wheat-no-maida-pouch/pvid/d156ac8e-53c1-4f40-aea8-3de5b28f948d,"https://cdn.zeptonow.com/production/tr:w-1280,ar-1200-1200,pr-true,f-auto,q-80/cms/product_variant/9f97fd13-a517-40c4-b0ff-25cf05a0ac82.jpg"
"Atta, Rice, Oil & Dals",Atta,"https://cdn.zeptonow.com/production/tr:w-90,ar-120-120,pr-true,f-auto,q-80/cms/sub_category/30388500-f133-4f7f-8e15-2b2c5ec804a7.png",Pillsbury Atta/Godihittu - Chakki Fresh,Pillsbury,294,355,1 pack (5 kg),4.6 (12.6k),In Stock,https://www.zeptonow.com/pn/pillsbury-attagodihittu-chakki-fresh/pvid/9a99b440-cf97-4601-b478-1b6b7ef3f17c,"https://cdn.zeptonow.com/production/tr:w-1280,ar-1000-1000,pr-true,f-auto,q-80/cms/product_variant/d273138c-cf6d-498a-998b-186d94a9542a.jpeg"
"Atta, Rice, Oil & Dals",Atta,"https://cdn.zeptonow.com/production/tr:w-90,ar-120-120,pr-true,f-auto,q-80/cms/sub_category/30388500-f133-4f7f-8e15-2b2c5ec804a7.png",Aashirvaad Multigrain Atta | 3 Rotis Fulfils 35% Daily Fibre,Aashirvaad,362,406,1 pack (5 kg),4.7 (26.9k),In Stock,https://www.zeptonow.com/pn/aashirvaad-multigrain-atta-3-rotis-fulfils-35-daily-fibre/pvid/16806c97-f2dc-4374-9a1c-c2a45376d0f8,"https://cdn.zeptonow.com/production/tr:w-1280,ar-2400-2400,pr-true,f-auto,q-80/cms/product_variant/a2cddf8f-bad7-47e2-94cc-977b81db0c07.jpeg"
"Atta, Rice, Oil & Dals",Atta,"https://cdn.zeptonow.com/production/tr:w-90,ar-120-120,pr-true,f-auto,q-80/cms/sub_category/30388500-f133-4f7f-8e15-2b2c5ec804a7.png",Pillsbury Gold Sharbati Atta,Pillsbury,69,83,1 pack (1 kg),4.1 (223),In Stock,https://www.zeptonow.com/pn/pillsbury-gold-sharbati-atta/pvid/543a4b2e-4188-428e-a304-41b4ee1ab9fb,"https://cdn.zeptonow.com/production/tr:w-1280,ar-1500-1500,pr-true,f-auto,q-80/cms/product_variant/80ea0eed-afec-441a-a762-e0a56e670793.jpeg"
"Atta, Rice, Oil & Dals",Atta,"https://cdn.zeptonow.com/production/tr:w-90,ar-120-120,pr-true,f-auto,q-80/cms/sub_category/30388500-f133-4f7f-8e15-2b2c5ec804a7.png",Naga Bajji Bonda Mix,Naga,90,104,1 pack (500 g),4.2 (281),In Stock,https://www.zeptonow.com/pn/naga-bajji-bonda-mix/pvid/6d0465bf-3301-45a8-9d08-9265b26f06a3,"https://cdn.zeptonow.com/production/tr:w-1280,ar-2400-2400,pr-true,f-auto,q-80/cms/product_variant/4d474bdd-09b5-4747-bbbf-70e0abff47bf.jpeg"
"Atta, Rice, Oil & Dals",Atta,"https://cdn.zeptonow.com/production/tr:w-90,ar-120-120,pr-true,f-auto,q-80/cms/sub_category/30388500-f133-4f7f-8e15-2b2c5ec804a7.png",Naga Murukku Flour,Naga,40,55,1 pack (500 g),4.5 (376),In Stock,https://www.zeptonow.com/pn/naga-murukku-flour/pvid/8f1eec25-be48-4df6-a7d8-0b2f14adb05a,"https://cdn.zeptonow.com/production/tr:w-1280,ar-1100-1100,pr-true,f-auto,q-80/cms/product_variant/9052ac90-ec3d-47b2-b1af-be07ed509670.jpg"
"Atta, Rice, Oil & Dals",Atta,"https://cdn.zeptonow.com/production/tr:w-90,ar-120-120,pr-true,f-auto,q-80/cms/sub_category/30388500-f133-4f7f-8e15-2b2c5ec804a7.png",TWF Highland Sharbati Roti Atta,TWF,91,249,1 pack (1 kg),4.5 (78),In Stock,https://www.zeptonow.com/pn/twf-highland-sharbati-roti-atta/pvid/17308431-81f2-4152-b3b9-32c5ac325d1d,"https://cdn.zeptonow.com/production/tr:w-1280,ar-1563-1563,pr-true,f-auto,q-80/cms/product_variant/8edfc1c3-3ca7-47d8-b888-3aaaba3178ce.jpeg"
"Atta, Rice, Oil & Dals",Atta,"https://cdn.zeptonow.com/production/tr:w-90,ar-120-120,pr-true,f-auto,q-80/cms/sub_category/30388500-f133-4f7f-8e15-2b2c5ec804a7.png",TWF Khapli (Emmer) Flour,TWF,181,299,1 pack (1 kg),4.7 (91),In Stock,https://www.zeptonow.com/pn/twf-khapli-emmer-flour/pvid/33a250de-fddf-44d7-a1e6-9074350eee2d,"https://cdn.zeptonow.com/production/tr:w-1280,ar-2400-2400,pr-true,f-auto,q-80/cms/product_variant/d64d7f39-19f9-4eea-b491-2fe856890bcc.jpeg"
"Atta, Rice, Oil & Dals",Atta,"https://cdn.zeptonow.com/production/tr:w-90,ar-120-120,pr-true,f-auto,q-80/cms/sub_category/30388500-f133-4f7f-8e15-2b2c5ec804a7.png",Floryo 100% Whole Mp Lokwan Wheat Atta,Floryo,53,80,1 pack (1 kg),4.9 (590),In Stock,https://www.zeptonow.com/pn/floryo-100-whole-mp-lokwan-wheat-atta/pvid/b080fad1-923c-466a-89c6-f352549bd0c6,"https://cdn.zeptonow.com/production/tr:w-1280,ar-500-500,pr-true,f-auto,q-80/cms/product_variant/db3424b5-3f11-434b-b03a-c069815769a8.jpg"
"Atta, Rice, Oil & Dals",Atta,"https://cdn.zeptonow.com/production/tr:w-90,ar-120-120,pr-true,f-auto,q-80/cms/sub_category/30388500-f133-4f7f-8e15-2b2c5ec804a7.png",Pillsbury Atta With Multigrains,Pillsbury,332,406,1 pack (5 kg),4.5 (1.8k),In Stock,https://www.zeptonow.com/pn/pillsbury-atta-with-multigrains/pvid/8ad80401-e58f-4d29-8d64-feb8c9359248,"https://cdn.zeptonow.com/production/tr:w-1280,ar-1000-1000,pr-true,f-auto,q-80/cms/product_variant/dea86948-c585-4f74-b784-b8541e20c4a4.jpeg"
"Atta, Rice, Oil & Dals",Atta,"https://cdn.zeptonow.com/production/tr:w-90,ar-120-120,pr-true,f-auto,q-80/cms/sub_category/30388500-f133-4f7f-8e15-2b2c5ec804a7.png",Naga Whole Wheat Atta,Naga,312,355,1 pack (5 kg),5 (721),In Stock,https://www.zeptonow.com/pn/naga-whole-wheat-atta/pvid/d24f7ced-80f4-491f-b657-9f9ca0342c7c,"https://cdn.zeptonow.com/production/tr:w-1280,ar-1000-1000,pr-true,f-auto,q-80/cms/product_variant/8b3a7aed-6cb3-406b-9271-3f0dac87f1fa.jpeg"
"Atta, Rice, Oil & Dals",Atta,"https://cdn.zeptonow.com/production/tr:w-90,ar-120-120,pr-true,f-auto,q-80/cms/sub_category/30388500-f133-4f7f-8e15-2b2c5ec804a7.png",Organic Tattva Wheat Flour | Chakki Atta,Organic Tattva,326,449,1 pack (5 kg),4.3 (1.4k),In Stock,https://www.zeptonow.com/pn/organic-tattva-wheat-flour-chakki-atta/pvid/3587eb86-cc71-4dda-aee1-786f8e1ae3dc,"https://cdn.zeptonow.com/production/tr:w-1280,ar-1500-1500,pr-true,f-auto,q-80/cms/product_variant/0c49eaf5-bbfb-4bad-9b8f-afe4172ecceb.jpeg"
"Atta, Rice, Oil & Dals",Atta,"https://cdn.zeptonow.com/production/tr:w-90,ar-120-120,pr-true,f-auto,q-80/cms/sub_category/30388500-f133-4f7f-8e15-2b2c5ec804a7.png",Fortune Chakki Fresh Atta,Fortune,503,628,1 pack (10 kg),4.6 (43.5k),In Stock,https://www.zeptonow.com/pn/fortune-chakki-fresh-atta/pvid/09100e95-eb80-4089-8f4a-7cad4fc65be7,"https://cdn.zeptonow.com/production/tr:w-1280,ar-2400-2400,pr-true,f-auto,q-80/cms/product_variant/78fa179e-d738-47f6-912b-cd80abf651ba.jpeg"
"Atta, Rice, Oil & Dals",Atta,"https://cdn.zeptonow.com/production/tr:w-90,ar-120-120,pr-true,f-auto,q-80/cms/sub_category/30388500-f133-4f7f-8e15-2b2c5ec804a7.png",Patanjali Wheat Flour Atta With Bran Traditional Chakki Gehu Atta For Soft and Fluffy Roti,Patanjali,290,315,1 pack (5 kg),4.6 (4.3k),In Stock,https://www.zeptonow.com/pn/patanjali-wheat-flour-atta-with-bran-traditional-chakki-gehu-atta-for-soft-and-fluffy-roti/pvid/0de96881-8bea-4c43-99a2-3b6e7a8a4404,"https://cdn.zeptonow.com/production/tr:w-1280,ar-2400-2400,pr-true,f-auto,q-80/cms/product_variant/7fe2cd95-1d71-4365-ab1e-5a920822b1c0.jpg"
"Atta, Rice, Oil & Dals",Atta,"https://cdn.zeptonow.com/production/tr:w-90,ar-120-120,pr-true,f-auto,q-80/cms/sub_category/30388500-f133-4f7f-8e15-2b2c5ec804a7.png",Natureland Organics Whole Wheat Flour,Natureland,320,399,1 pack (5 kg),4.4 (269),In Stock,https://www.zeptonow.com/pn/natureland-organics-whole-wheat-flour/pvid/02c15aab-2d35-4e54-adb5-f01d10996ad9,"https://cdn.zeptonow.com/production/tr:w-1280,ar-2400-2400,pr-true,f-auto,q-80/cms/product_variant/ff8073c3-8c94-4c3d-ba17-0b3e454463db.jpeg"
"Atta, Rice, Oil & Dals",Atta,"https://cdn.zeptonow.com/production/tr:w-90,ar-120-120,pr-true,f-auto,q-80/cms/sub_category/30388500-f133-4f7f-8e15-2b2c5ec804a7.png",Organic Tattva Organic Multigrain Flour,Organic Tattva,513,625,1 pack (5 kg),5 (233),In Stock,https://www.zeptonow.com/pn/organic-tattva-organic-multigrain-flour/pvid/614e1f29-4932-4360-aa70-df2076d02f9a,"https://cdn.zeptonow.com/production/tr:w-1280,ar-1500-1500,pr-true,f-auto,q-80/cms/product_variant/383e704b-5143-4289-9218-e1ac8fb9a5a1.jpeg"
"Atta, Rice, Oil & Dals",Atta,"https://cdn.zeptonow.com/production/tr:w-90,ar-120-120,pr-true,f-auto,q-80/cms/sub_category/30388500-f133-4f7f-8e15-2b2c5ec804a7.png",Nutty Yogi Sugar Control Atta,Nutty,114,189,1 pack (500 g),4.3 (190),In Stock,https://www.zeptonow.com/pn/nutty-yogi-sugar-control-atta/pvid/173352ca-0725-4a2c-bb5d-83119115e2a2,"https://cdn.zeptonow.com/production/tr:w-1280,ar-1200-1200,pr-true,f-auto,q-80/cms/product_variant/687a0912-14be-4ede-ad27-df429bd01df4.jpg"
"Atta, Rice, Oil & Dals",Atta,"https://cdn.zeptonow.com/production/tr:w-90,ar-120-120,pr-true,f-auto,q-80/cms/sub_category/30388500-f133-4f7f-8e15-2b2c5ec804a7.png",Sugar Watchers Low Gi 7 Grain Atta - Diabetic Friendly Pouch,Sugar,550,845,1 pack (5 kg),4.1 (61),In Stock,https://www.zeptonow.com/pn/sugar-watchers-low-gi-7-grain-atta-diabetic-friendly-pouch/pvid/c12d3cba-7d49-43b8-bec9-dfb6909ffbc1,"https://cdn.zeptonow.com/production/tr:w-1280,ar-1080-1080,pr-true,f-auto,q-80/cms/product_variant/b1851e0f-5453-4915-bc51-3782d97cd8da.jpg"
"Atta, Rice, Oil & Dals",Atta,"https://cdn.zeptonow.com/production/tr:w-90,ar-120-120,pr-true,f-auto,q-80/cms/sub_category/30388500-f133-4f7f-8e15-2b2c5ec804a7.png",Pillsbury Chakki Fresh Atta 1 kg Combo,Pillsbury,110,146,1 kg X 2,4.5 (490),In Stock,https://www.zeptonow.com/pn/pillsbury-chakki-fresh-atta-1-kg-combo/pvid/0af9bcad-1e0f-46ff-8d37-0b12c3181978,"https://cdn.zeptonow.com/production/tr:w-1280,ar-1500-1500,pr-true,f-auto,q-80/inventory/product/f405065f-d04d-4cdd-a646-1ea514e16472-443.jpg"
"Atta, Rice, Oil & Dals",Atta,"https://cdn.zeptonow.com/production/tr:w-90,ar-120-120,pr-true,f-auto,q-80/cms/sub_category/30388500-f133-4f7f-8e15-2b2c5ec804a7.png","Annapurna Chakki Whole Wheat Atta/ 100% Whole Wheat, No Maida 1 kg Combo",Annapurna,96,146,1 kg X 2,4.6 (313),In Stock,https://www.zeptonow.com/pn/annapurna-chakki-whole-wheat-atta-100-whole-wheat-no-maida-1-kg-combo/pvid/895858f2-5982-4bd8-a5f9-0e74dfadaf81,"https://cdn.zeptonow.com/production/tr:w-1280,ar-1500-1500,pr-true,f-auto,q-80/cms/product_variant/0370570b-2391-49db-936f-fd26cf8224df.jpg"
"Atta, Rice, Oil & Dals",Atta,"https://cdn.zeptonow.com/production/tr:w-90,ar-120-120,pr-true,f-auto,q-80/cms/sub_category/30388500-f133-4f7f-8e15-2b2c5ec804a7.png","Annapurna Chakki Whole Wheat Atta/ 100% Whole Wheat, No Maida 1 kg Combo",Annapurna,189,219,1 kg X 3,4.5 (233),In Stock,https://www.zeptonow.com/pn/annapurna-chakki-whole-wheat-atta-100-whole-wheat-no-maida-1-kg-combo/pvid/f6f53c98-bdbe-45d9-89b4-92b52cb85d0d,"https://cdn.zeptonow.com/production/tr:w-1280,ar-1500-1500,pr-true,f-auto,q-80/cms/product_variant/a9bc9d3d-4447-42a3-b5ea-94470b5ddd12.jpg"
"Atta, Rice, Oil & Dals",Atta,"https://cdn.zeptonow.com/production/tr:w-90,ar-120-120,pr-true,f-auto,q-80/cms/sub_category/30388500-f133-4f7f-8e15-2b2c5ec804a7.png",Aashirvaad Atta with Multigrains | Take Care of Your Digestion with High Fibre Atta 5 kg Combo,Aashirvaad,724,812,5 kg X 2,4.2 (953),In Stock,https://www.zeptonow.com/pn/aashirvaad-atta-with-multigrains-take-care-of-your-digestion-with-high-fibre-atta-5-kg-combo/pvid/6846710c-0e23-4bb1-921d-01f28010115e,"https://cdn.zeptonow.com/production/tr:w-1280,ar-1200-1200,pr-true,f-auto,q-80/cms/product_variant/517462c8-5fea-43df-b531-e2944416b8b7.jpg"
"Atta, Rice, Oil & Dals",Atta,"https://cdn.zeptonow.com/production/tr:w-90,ar-120-120,pr-true,f-auto,q-80/cms/sub_category/30388500-f133-4f7f-8e15-2b2c5ec804a7.png",Naga Poori Atta,Naga,33,37,1 pack (500 g),4.6 (124),Sold Out,https://www.zeptonow.com/pn/naga-poori-atta/pvid/8df97514-98c5-4c54-a1a1-df6e08abc4ce,"https://cdn.zeptonow.com/production/tr:w-1280,ar-1200-1200,pr-true,f-auto,q-80/cms/product_variant/86176611-5b97-478a-b40c-165e849bb1a0.jpeg"
"Atta, Rice, Oil & Dals",Atta,"https://cdn.zeptonow.com/production/tr:w-90,ar-120-120,pr-true,f-auto,q-80/cms/sub_category/30388500-f133-4f7f-8e15-2b2c5ec804a7.png",Naga Bajji Bonda Mix,Naga,38,42,1 pack (200 g),4.5 (143),Sold Out,https://www.zeptonow.com/pn/naga-bajji-bonda-mix/pvid/877705ed-47e2-41c3-aa0a-629c4c331d6e,"https://cdn.zeptonow.com/production/tr:w-1280,ar-1200-1200,pr-true,f-auto,q-80/cms/product_variant/2ebc3b71-6f6a-47e1-b028-224910a3dd87.jpg"
"Atta, Rice, Oil & Dals",Atta,"https://cdn.zeptonow.com/production/tr:w-90,ar-120-120,pr-true,f-auto,q-80/cms/sub_category/30388500-f133-4f7f-8e15-2b2c5ec804a7.png","Aashirvaad Organic 100% Organic Whole Wheat Atta, 0% Maida",Aashirvaad,71,84,1 pack (1 kg),4.8 (363),Sold Out,https://www.zeptonow.com/pn/aashirvaad-organic-100-organic-whole-wheat-atta-0-maida/pvid/d7ab0955-f1a3-44cc-a849-fa43a4bee931,"https://cdn.zeptonow.com/production/tr:w-1280,ar-1200-1200,pr-true,f-auto,q-80/cms/product_variant/0b227397-3789-4e58-954e-d3c2729e7007.jpg"
"Atta, Rice, Oil & Dals",Atta,"https://cdn.zeptonow.com/production/tr:w-90,ar-120-120,pr-true,f-auto,q-80/cms/sub_category/30388500-f133-4f7f-8e15-2b2c5ec804a7.png",Whole Wheat Chakki Atta,Whole,242,299,1 pack (5 kg),4.5 (24.5k),Sold Out,https://www.zeptonow.com/pn/whole-wheat-chakki-atta/pvid/7a7f3d8e-301b-4112-81e8-ac503c3dcb60,"https://cdn.zeptonow.com/production/tr:w-1280,ar-663-663,pr-true,f-auto,q-80/cms/product_variant/4aa97588-3f93-4780-8dff-532a2dc7a477.jpg"
"Atta, Rice, Oil & Dals",Atta,"https://cdn.zeptonow.com/production/tr:w-90,ar-120-120,pr-true,f-auto,q-80/cms/sub_category/30388500-f133-4f7f-8e15-2b2c5ec804a7.png",Aashirvaad Select Atta | Made from 100% MP Sharbati Wheat for Softer Rotis,Aashirvaad,360,406,1 pack (5 kg),4.7 (27.6k),Sold Out,https://www.zeptonow.com/pn/aashirvaad-select-atta-made-from-100-mp-sharbati-wheat-for-softer-rotis/pvid/2e1f7fe5-2d09-4282-81c7-b4eaf6b1d86d,"https://cdn.zeptonow.com/production/tr:w-1280,ar-1200-1200,pr-true,f-auto,q-80/cms/product_variant/612cf188-70bf-4fa6-8a17-c797ffb86103.jpg"
"Atta, Rice, Oil & Dals",Atta,"https://cdn.zeptonow.com/production/tr:w-90,ar-120-120,pr-true,f-auto,q-80/cms/sub_category/30388500-f133-4f7f-8e15-2b2c5ec804a7.png","Aashirvaad Organic 100% Organic Whole Wheat Atta, 0% Maida",Aashirvaad,329,411,1 pack (5 kg),4.7 (3.7k),Sold Out,https://www.zeptonow.com/pn/aashirvaad-organic-100-organic-whole-wheat-atta-0-maida/pvid/6b81904d-64e3-48a8-8218-0811995b817a,"https://cdn.zeptonow.com/production/tr:w-1280,ar-1200-1200,pr-true,f-auto,q-80/cms/product_variant/e033e992-2f91-4dd1-b3eb-2c6da5313c3b.jpg"
"Atta, Rice, Oil & Dals",Atta,"https://cdn.zeptonow.com/production/tr:w-90,ar-120-120,pr-true,f-auto,q-80/cms/sub_category/30388500-f133-4f7f-8e15-2b2c5ec804a7.png",Daily Good MP Whole Wheat Atta,Daily Good,62,85,1 pack (1 kg),4.6 (4.4k),Sold Out,https://www.zeptonow.com/pn/daily-good-mp-whole-wheat-atta/pvid/f124462d-54ad-4d87-855e-813eed88b225,"https://cdn.zeptonow.com/production/tr:w-1280,ar-1200-1200,pr-true,f-auto,q-80/cms/product_variant/16493fdf-6531-4c07-ba03-afbe78187758.jpg"
"Atta, Rice, Oil & Dals",Atta,"https://cdn.zeptonow.com/production/tr:w-90,ar-120-120,pr-true,f-auto,q-80/cms/sub_category/30388500-f133-4f7f-8e15-2b2c5ec804a7.png",Naga Whole Wheat Atta,Naga,477,638,1 pack (10 kg),4.9 (223),Sold Out,https://www.zeptonow.com/pn/naga-whole-wheat-atta/pvid/3417c602-5e28-4af8-b024-c52d0cd8ac1f,"https://cdn.zeptonow.com/production/tr:w-1280,ar-900-900,pr-true,f-auto,q-80/inventory/product/91e89f3e-44cc-4481-b38e-902a69f260ae-Photo.jpeg"
"Atta, Rice, Oil & Dals",Atta,"https://cdn.zeptonow.com/production/tr:w-90,ar-120-120,pr-true,f-auto,q-80/cms/sub_category/30388500-f133-4f7f-8e15-2b2c5ec804a7.png","Two Brothers Stoneground Khapli | Emmer Wheat Atta, High Fibre",Two Brothers,240,259,1 pack (1 kg),4.1 (98),Sold Out,https://www.zeptonow.com/pn/two-brothers-stoneground-khapli-emmer-wheat-atta-high-fibre/pvid/85c59164-fd81-4251-a567-6755b388ab12,"https://cdn.zeptonow.com/production/tr:w-1280,ar-2000-2000,pr-true,f-auto,q-80/cms/product_variant/07951f8e-9387-4af9-9904-4df51ca53813.jpeg"
"Atta, Rice, Oil & Dals",Atta,"https://cdn.zeptonow.com/production/tr:w-90,ar-120-120,pr-true,f-auto,q-80/cms/sub_category/30388500-f133-4f7f-8e15-2b2c5ec804a7.png",Daily Good MP Whole Wheat Atta,Daily Good,275,340,1 pack (5 kg),4.6 (3.7k),Sold Out,https://www.zeptonow.com/pn/daily-good-mp-whole-wheat-atta/pvid/c6aa94dc-7403-4cc7-bb0b-3d00f9df9939,"https://cdn.zeptonow.com/production/tr:w-1280,ar-1200-1200,pr-true,f-auto,q-80/cms/product_variant/7bcc2749-15dc-4bd2-afca-93874ba1f2d2.png"
"Atta, Rice, Oil & Dals",Atta,"https://cdn.zeptonow.com/production/tr:w-90,ar-120-120,pr-true,f-auto,q-80/cms/sub_category/30388500-f133-4f7f-8e15-2b2c5ec804a7.png",Fortune Chakki Fresh Atta,Fortune,258,360,1 pack (5 kg),4.6 (59.2k),Sold Out,https://www.zeptonow.com/pn/fortune-chakki-fresh-atta/pvid/14a11cfe-fd72-4901-bf2e-22bc0aba21c0,"https://cdn.zeptonow.com/production/tr:w-1280,ar-2400-2400,pr-true,f-auto,q-80/cms/product_variant/f8264d67-ee8e-4539-86a2-01747779e133.jpeg"
"Atta, Rice, Oil & Dals",Atta,"https://cdn.zeptonow.com/production/tr:w-90,ar-120-120,pr-true,f-auto,q-80/cms/sub_category/30388500-f133-4f7f-8e15-2b2c5ec804a7.png",Organic Tattva Multigrain Flour,Organic Tattva,101,125,1 pack (1 kg),4.4 (345),Sold Out,https://www.zeptonow.com/pn/organic-tattva-multigrain-flour/pvid/c52204c0-8e23-404f-bc7e-dc0450a71696,"https://cdn.zeptonow.com/production/tr:w-1280,ar-1500-1500,pr-true,f-auto,q-80/cms/product_variant/081abe61-a7b6-4ae9-8121-6abedd77a70f.jpeg"
"Atta, Rice, Oil & Dals",Atta,"https://cdn.zeptonow.com/production/tr:w-90,ar-120-120,pr-true,f-auto,q-80/cms/sub_category/30388500-f133-4f7f-8e15-2b2c5ec804a7.png",Annapurna Millet Power Atta | 40% Millets - Jowar - Ragi - Little Millet,Annapurna,101,119,1 pack (1 kg),3.9 (61),Sold Out,https://www.zeptonow.com/pn/annapurna-millet-power-atta-40-millets-jowar-ragi-little-millet/pvid/c9c8db33-7c69-4833-bf9b-befec94e17ef,"https://cdn.zeptonow.com/production/tr:w-1280,ar-1500-1500,pr-true,f-auto,q-80/cms/product_variant/6f7d4885-ab12-48d3-bdc6-fb3a43cdf08d.jpeg"
"Atta, Rice, Oil & Dals",Atta,"https://cdn.zeptonow.com/production/tr:w-90,ar-120-120,pr-true,f-auto,q-80/cms/sub_category/30388500-f133-4f7f-8e15-2b2c5ec804a7.png",Annapurna Protein Power Atta | 25% Daily Protein | 13.5 G Protein in 3 Chapatis,Annapurna,122,139,1 pack (1 kg),4.7 (708),Sold Out,https://www.zeptonow.com/pn/annapurna-protein-power-atta-25-daily-protein-135-g-protein-in-3-chapatis/pvid/7df2bc99-f9fa-4203-ab36-63bffbf00b83,"https://cdn.zeptonow.com/production/tr:w-1280,ar-1500-1500,pr-true,f-auto,q-80/cms/product_variant/13f484d1-b6a8-49cd-ac41-8f53749abd48.jpeg"
"Atta, Rice, Oil & Dals",Atta,"https://cdn.zeptonow.com/production/tr:w-90,ar-120-120,pr-true,f-auto,q-80/cms/sub_category/30388500-f133-4f7f-8e15-2b2c5ec804a7.png",Natureland Fresh Chakki Organic Atta,Natureland,166,248,1 pack (3 kg),4.9 (221),Sold Out,https://www.zeptonow.com/pn/natureland-fresh-chakki-organic-atta/pvid/73d659b8-5fce-41c2-b85d-4778eff07d2e,"https://cdn.zeptonow.com/production/tr:w-1280,ar-2000-2000,pr-true,f-auto,q-80/cms/product_variant/2a5d8273-c7a8-487d-b990-ad0b9d0a22ee.jpg"
"Atta, Rice, Oil & Dals",Atta,"https://cdn.zeptonow.com/production/tr:w-90,ar-120-120,pr-true,f-auto,q-80/cms/sub_category/30388500-f133-4f7f-8e15-2b2c5ec804a7.png",Annapurna Nutri Power Atta | High Fiber High Protein | Better Sugar Control,Annapurna,84,99,1 pack (1 kg),4.7 (49),Sold Out,https://www.zeptonow.com/pn/annapurna-nutri-power-atta-high-fiber-high-protein-better-sugar-control/pvid/8cd0244d-692c-4d6d-b6a7-47db7644751d,"https://cdn.zeptonow.com/production/tr:w-1280,ar-1500-1500,pr-true,f-auto,q-80/cms/product_variant/0eccecd5-b125-453b-8d78-edf28fcd231c.jpeg"
"Atta, Rice, Oil & Dals",Atta,"https://cdn.zeptonow.com/production/tr:w-90,ar-120-120,pr-true,f-auto,q-80/cms/sub_category/30388500-f133-4f7f-8e15-2b2c5ec804a7.png",Two Brothers Khapli | Emmer Long Wheat Atta Stoneground,Two Brothers,474,499,1 pack (2 kg),4.2 (526),Sold Out,https://www.zeptonow.com/pn/two-brothers-khapli-emmer-long-wheat-atta-stoneground/pvid/370fe3c6-58c9-42a1-af1f-8ce189a3efae,"https://cdn.zeptonow.com/production/tr:w-1280,ar-1500-1500,pr-true,f-auto,q-80/cms/product_variant/4729b40c-b51a-4d66-9e41-39b392c1e0bf.jpeg"
"Atta, Rice, Oil & Dals",Atta,"https://cdn.zeptonow.com/production/tr:w-90,ar-120-120,pr-true,f-auto,q-80/cms/sub_category/30388500-f133-4f7f-8e15-2b2c5ec804a7.png",Annapurna Chakki Whole Wheat Atta | No Maida | 10 Kg,Annapurna,510,633,1 pack (10 kg),4 (667),Sold Out,https://www.zeptonow.com/pn/annapurna-chakki-whole-wheat-atta-no-maida-10-kg/pvid/ff3d3dba-8efb-434a-b978-5421aca71de5,"https://cdn.zeptonow.com/production/tr:w-1280,ar-1200-1200,pr-true,f-auto,q-80/cms/product_variant/59b6e770-e50c-4091-af95-e2326fe2867b.jpg"
"Atta, Rice, Oil & Dals",Atta,"https://cdn.zeptonow.com/production/tr:w-90,ar-120-120,pr-true,f-auto,q-80/cms/sub_category/30388500-f133-4f7f-8e15-2b2c5ec804a7.png",Pillsbury Gold Sharbati Atta,Pillsbury,328,406,1 pack (5 kg),4.2 (1.1k),Sold Out,https://www.zeptonow.com/pn/pillsbury-gold-sharbati-atta/pvid/219eef0d-a48a-428a-b4e8-ed6cf810ebda,"https://cdn.zeptonow.com/production/tr:w-1280,ar-1200-1200,pr-true,f-auto,q-80/cms/product_variant/d93f6400-65b5-4aef-94c8-a2663808c819.jpg"
"Atta, Rice, Oil & Dals",Atta,"https://cdn.zeptonow.com/production/tr:w-90,ar-120-120,pr-true,f-auto,q-80/cms/sub_category/30388500-f133-4f7f-8e15-2b2c5ec804a7.png",Nutty Yogi Gluten Free Super Lite Flour,Nutty,229,289,1 pack (1 kg),5 (59),Sold Out,https://www.zeptonow.com/pn/nutty-yogi-gluten-free-super-lite-flour/pvid/4a74ef0d-9c60-4921-8e28-d98ee2dda403,"https://cdn.zeptonow.com/production/tr:w-1280,ar-1200-1200,pr-true,f-auto,q-80/cms/product_variant/67045073-c63a-4074-b047-f6fece20011f.jpg"
"Atta, Rice, Oil & Dals",Atta,"https://cdn.zeptonow.com/production/tr:w-90,ar-120-120,pr-true,f-auto,q-80/cms/sub_category/30388500-f133-4f7f-8e15-2b2c5ec804a7.png",Earthen Story Certified Organic Khapli Atta,Earthen,550,550,1 pack (1.8 kg),4.5 (422),Sold Out,https://www.zeptonow.com/pn/earthen-story-certified-organic-khapli-atta/pvid/9ed41838-2a14-4aa6-9f1d-0926d1d63afa,"https://cdn.zeptonow.com/production/tr:w-1280,ar-1500-1500,pr-true,f-auto,q-80/cms/product_variant/f2d527f9-c79f-41d1-ad89-ccdfaa223f40.jpeg"
"Atta, Rice, Oil & Dals",Atta,"https://cdn.zeptonow.com/production/tr:w-90,ar-120-120,pr-true,f-auto,q-80/cms/sub_category/30388500-f133-4f7f-8e15-2b2c5ec804a7.png",Earthen Story Certified Organic Multigrain Atta,Earthen,450,450,1 pack (1.8 kg),4 (57),Sold Out,https://www.zeptonow.com/pn/earthen-story-certified-organic-multigrain-atta/pvid/a9802528-bbd8-4f7e-99b1-8a4d949a97a1,"https://cdn.zeptonow.com/production/tr:w-1280,ar-1500-1500,pr-true,f-auto,q-80/cms/product_variant/bf4c77a3-906a-4087-9f8e-46ccfd8d714f.jpeg"
"Atta, Rice, Oil & Dals",Atta,"https://cdn.zeptonow.com/production/tr:w-90,ar-120-120,pr-true,f-auto,q-80/cms/sub_category/30388500-f133-4f7f-8e15-2b2c5ec804a7.png",Aashirvaad Superior MP Atta,Aashirvaad,110,110,1 pack (2 kg),4.7 (426),Sold Out,https://www.zeptonow.com/pn/aashirvaad-superior-mp-atta/pvid/dc7e77e0-3cb3-4a6f-a0fb-bf35f131e184,"https://cdn.zeptonow.com/production/tr:w-1280,ar-2001-2001,pr-true,f-auto,q-80/cms/product_variant/6a2da313-e704-48cc-a9fa-5c4d71e2e7d7.jpeg"
"Atta, Rice, Oil & Dals",Atta,"https://cdn.zeptonow.com/production/tr:w-90,ar-120-120,pr-true,f-auto,q-80/cms/sub_category/30388500-f133-4f7f-8e15-2b2c5ec804a7.png",Aashirvaad Select Atta | Made from 100% MP Sharbati Wheat for Softer Rotis,Aashirvaad,74,83,1 pack (1 kg),4.7 (26.6k),Sold Out,https://www.zeptonow.com/pn/aashirvaad-select-atta-made-from-100-mp-sharbati-wheat-for-softer-rotis/pvid/4d8d3c69-074d-45bb-ab13-77f6f0e082ab,"https://cdn.zeptonow.com/production/tr:w-1280,ar-1200-1200,pr-true,f-auto,q-80/cms/product_variant/7682cd63-5264-4898-b907-310ac214cd78.jpg"
"Atta, Rice, Oil & Dals",Atta,"https://cdn.zeptonow.com/production/tr:w-90,ar-120-120,pr-true,f-auto,q-80/cms/sub_category/30388500-f133-4f7f-8e15-2b2c5ec804a7.png","Aashirvaad Atta - Superior MP Whole Wheat, No Maida | Pouch",Aashirvaad,313,355,1 pack (5 kg),4.7 (85.6k),Sold Out,https://www.zeptonow.com/pn/aashirvaad-atta-superior-mp-whole-wheat-no-maida-pouch/pvid/56d997f6-b45a-48bf-823d-c9b5acd6ac8f,"https://cdn.zeptonow.com/production/tr:w-1280,ar-1200-1200,pr-true,f-auto,q-80/cms/product_variant/328d7299-f9c2-40ad-a90e-355d3bf810c4.jpg"
"Atta, Rice, Oil & Dals",Atta,"https://cdn.zeptonow.com/production/tr:w-90,ar-120-120,pr-true,f-auto,q-80/cms/sub_category/30388500-f133-4f7f-8e15-2b2c5ec804a7.png",Naga Whole Wheat Atta,Naga,67,73,1 pack (1 kg),5 (2.6k),Sold Out,https://www.zeptonow.com/pn/naga-whole-wheat-atta/pvid/78812cba-0b0f-4698-92ed-8757e43b76c4,"https://cdn.zeptonow.com/production/tr:w-1280,ar-1200-1200,pr-true,f-auto,q-80/cms/product_variant/a8e70bb1-7bd2-4dd2-b61c-f40c9d477872.jpg"
"Atta, Rice, Oil & Dals",Atta,"https://cdn.zeptonow.com/production/tr:w-90,ar-120-120,pr-true,f-auto,q-80/cms/sub_category/30388500-f133-4f7f-8e15-2b2c5ec804a7.png",Aashirvaad Multigrain Atta | 3 Rotis Fulfils 35% Daily Fibre,Aashirvaad,79,83,1 pack (1 kg),4.7 (26.1k),Sold Out,https://www.zeptonow.com/pn/aashirvaad-multigrain-atta-3-rotis-fulfils-35-daily-fibre/pvid/ef3f1913-a6e6-4bf6-a940-dc6d4651e88e,"https://cdn.zeptonow.com/production/tr:w-1280,ar-1200-1200,pr-true,f-auto,q-80/cms/product_variant/52d6e592-5950-4d8b-9ecc-caca271ef6f4.jpg"
"Atta, Rice, Oil & Dals","Besan, Sooji & Maida","https://cdn.zeptonow.com/production/tr:w-90,ar-120-120,pr-true,f-auto,q-80/cms/sub_category/766a8e53-bf65-498e-9b51-5c6829f8dcb2.png",Naga Sooji,Naga,48,50,1 pack (500 g),4.7 (10.6k),In Stock,https://www.zeptonow.com/pn/naga-sooji/pvid/60146a21-233a-4cf4-8137-6cf37ef4e817,"https://cdn.zeptonow.com/production/tr:w-1280,ar-1200-1200,pr-true,f-auto,q-80/cms/product_variant/55205b0d-6f41-41a1-b093-93cc677e5e31.jpeg"
"Atta, Rice, Oil & Dals","Besan, Sooji & Maida","https://cdn.zeptonow.com/production/tr:w-90,ar-120-120,pr-true,f-auto,q-80/cms/sub_category/766a8e53-bf65-498e-9b51-5c6829f8dcb2.png",Naga Maida,Naga,44,47.5,1 pack (500 g),4.7 (5.4k),In Stock,https://www.zeptonow.com/pn/naga-maida/pvid/75f93281-d30f-4f0a-bd36-b558f8da1d7f,"https://cdn.zeptonow.com/production/tr:w-1280,ar-900-900,pr-true,f-auto,q-80/cms/product_variant/88074d20-0b8d-4ff5-8000-699fa2d6b993.png"
"Atta, Rice, Oil & Dals","Besan, Sooji & Maida","https://cdn.zeptonow.com/production/tr:w-90,ar-120-120,pr-true,f-auto,q-80/cms/sub_category/766a8e53-bf65-498e-9b51-5c6829f8dcb2.png",Annapurna Roasted Suji Rava / Roasted Sooji,Annapurna,38,40,1 pack (500 g),4.4 (1.1k),In Stock,https://www.zeptonow.com/pn/annapurna-roasted-suji-rava-roasted-sooji/pvid/5979988c-b198-42d1-bfe6-af9fb6e819a0,"https://cdn.zeptonow.com/production/tr:w-1280,ar-1200-1200,pr-true,f-auto,q-80/cms/product_variant/10b4bfc6-b4f8-478d-bd0d-7871b770f44e.jpg"
"Atta, Rice, Oil & Dals","Besan, Sooji & Maida","https://cdn.zeptonow.com/production/tr:w-90,ar-120-120,pr-true,f-auto,q-80/cms/sub_category/766a8e53-bf65-498e-9b51-5c6829f8dcb2.png",Naga Samba Rava,Naga,82,93,1 pack (500 g),4.8 (3.3k),In Stock,https://www.zeptonow.com/pn/naga-samba-rava/pvid/3db73049-af91-47db-be27-10d78b4c2f00,"https://cdn.zeptonow.com/production/tr:w-1280,ar-2400-2400,pr-true,f-auto,q-80/cms/product_variant/a30a607b-00dc-45c4-9046-51c953ef98c3.jpeg"
"Atta, Rice, Oil & Dals","Besan, Sooji & Maida","https://cdn.zeptonow.com/production/tr:w-90,ar-120-120,pr-true,f-auto,q-80/cms/sub_category/766a8e53-bf65-498e-9b51-5c6829f8dcb2.png",Tata Sampann Fine Besan,Tata,64,75,1 pack (500 g),4.7 (18.0k),In Stock,https://www.zeptonow.com/pn/tata-sampann-fine-besan/pvid/b3939770-63ce-4c56-9a14-90e2f2baeffc,"https://cdn.zeptonow.com/production/tr:w-1280,ar-1200-1200,pr-true,f-auto,q-80/cms/product_variant/5db2d64a-776f-454f-9f31-bed23c5ab990.jpeg"
"Atta, Rice, Oil & Dals","Besan, Sooji & Maida","https://cdn.zeptonow.com/production/tr:w-90,ar-120-120,pr-true,f-auto,q-80/cms/sub_category/766a8e53-bf65-498e-9b51-5c6829f8dcb2.png",Naga Sooji,Naga,92,102,1 pack (1 kg),4.7 (7.2k),In Stock,https://www.zeptonow.com/pn/naga-sooji/pvid/f26524c0-116a-4b51-b14c-063ab8367829,"https://cdn.zeptonow.com/production/tr:w-1280,ar-2400-2400,pr-true,f-auto,q-80/cms/product_variant/ef4fa976-d642-45fa-892a-07ff722c8c3c.jpeg"
"Atta, Rice, Oil & Dals","Besan, Sooji & Maida","https://cdn.zeptonow.com/production/tr:w-90,ar-120-120,pr-true,f-auto,q-80/cms/sub_category/766a8e53-bf65-498e-9b51-5c6829f8dcb2.png",Naga Maida,Naga,81,92,1 pack (1 kg),4.7 (4.5k),In Stock,https://www.zeptonow.com/pn/naga-maida/pvid/4102910e-33bb-4e40-890b-7c8b13fd8000,"https://cdn.zeptonow.com/production/tr:w-1280,ar-1200-1200,pr-true,f-auto,q-80/cms/product_variant/4418ac61-5f6a-494a-84ed-ea6ebad67898.jpg"
"Atta, Rice, Oil & Dals","Besan, Sooji & Maida","https://cdn.zeptonow.com/production/tr:w-90,ar-120-120,pr-true,f-auto,q-80/cms/sub_category/766a8e53-bf65-498e-9b51-5c6829f8dcb2.png",Fortune Maida,Fortune,39,44,1 pack (500 g),4.7 (24.5k),In Stock,https://www.zeptonow.com/pn/fortune-maida/pvid/a60c8e00-5cd4-4137-9d5c-c9f16d1e0c2f,"https://cdn.zeptonow.com/production/tr:w-1280,ar-2000-2000,pr-true,f-auto,q-80/cms/product_variant/2f8daef3-6fac-4449-be27-da086faa92b1.jpeg"
"Atta, Rice, Oil & Dals","Besan, Sooji & Maida","https://cdn.zeptonow.com/production/tr:w-90,ar-120-120,pr-true,f-auto,q-80/cms/sub_category/766a8e53-bf65-498e-9b51-5c6829f8dcb2.png",Annapurna Maida / Refined Wheat Flour,Annapurna,35,35,1 pack (500 g),4.6 (1.3k),In Stock,https://www.zeptonow.com/pn/annapurna-maida-refined-wheat-flour/pvid/b9175898-4b88-40e3-9024-c720996d4281,"https://cdn.zeptonow.com/production/tr:w-1280,ar-1200-1200,pr-true,f-auto,q-80/cms/product_variant/72a1bacf-b8cf-4c10-b540-06293b14514c.jpg"
"Atta, Rice, Oil & Dals","Besan, Sooji & Maida","https://cdn.zeptonow.com/production/tr:w-90,ar-120-120,pr-true,f-auto,q-80/cms/sub_category/766a8e53-bf65-498e-9b51-5c6829f8dcb2.png",Fortune Besan,Fortune,68,85,1 pack (500 g),4.7 (59.6k),In Stock,https://www.zeptonow.com/pn/fortune-besan/pvid/66ba554d-5f06-47ba-91fd-50ba62096bec,"https://cdn.zeptonow.com/production/tr:w-1280,ar-1200-1200,pr-true,f-auto,q-80/cms/product_variant/6f971b32-5b4b-4c79-86e8-cc431619abba.jpeg"
"Atta, Rice, Oil & Dals","Besan, Sooji & Maida","https://cdn.zeptonow.com/production/tr:w-90,ar-120-120,pr-true,f-auto,q-80/cms/sub_category/766a8e53-bf65-498e-9b51-5c6829f8dcb2.png",Daily Good Bansi Rava / Sooji / Dalia,Daily Good,40,55,1 pack (500 g),4.7 (4.6k),In Stock,https://www.zeptonow.com/pn/daily-good-bansi-rava-sooji-dalia/pvid/1e60e40a-41a5-4708-a74d-f7fd379fce56,"https://cdn.zeptonow.com/production/tr:w-1280,ar-1200-1200,pr-true,f-auto,q-80/cms/product_variant/7599c5ac-e5b2-4a61-b3b1-705f416e2f51.jpeg"
"Atta, Rice, Oil & Dals","Besan, Sooji & Maida","https://cdn.zeptonow.com/production/tr:w-90,ar-120-120,pr-true,f-auto,q-80/cms/sub_category/766a8e53-bf65-498e-9b51-5c6829f8dcb2.png",Daily Good Sooji / Rava,Daily Good,48,55,1 pack (500 g),4.5 (33.9k),In Stock,https://www.zeptonow.com/pn/daily-good-sooji-rava/pvid/f44d8388-2647-441b-bc03-1c4a0d52580b,"https://cdn.zeptonow.com/production/tr:w-1280,ar-1200-1200,pr-true,f-auto,q-80/cms/product_variant/3dbc0338-2093-4ee9-acb1-b6754fbde59d.jpeg"
"Atta, Rice, Oil & Dals","Besan, Sooji & Maida","https://cdn.zeptonow.com/production/tr:w-90,ar-120-120,pr-true,f-auto,q-80/cms/sub_category/766a8e53-bf65-498e-9b51-5c6829f8dcb2.png",Daily Good Idli Rava - Sooji,Daily Good,39,55,1 pack (500 g),4.6 (7.5k),In Stock,https://www.zeptonow.com/pn/daily-good-idli-rava-sooji/pvid/d380073e-b868-464d-b272-f08d98867b3b,"https://cdn.zeptonow.com/production/tr:w-1280,ar-1000-1000,pr-true,f-auto,q-80/cms/product_variant/1e5c7b84-94dc-41e5-95bf-344040ea9463.jpeg"
"Atta, Rice, Oil & Dals","Besan, Sooji & Maida","https://cdn.zeptonow.com/production/tr:w-90,ar-120-120,pr-true,f-auto,q-80/cms/sub_category/766a8e53-bf65-498e-9b51-5c6829f8dcb2.png",Double Horse Bansi Wheat Rava,Double Horse,67,75,1 pack (500 g),4.7 (977),In Stock,https://www.zeptonow.com/pn/double-horse-bansi-wheat-rava/pvid/216f7570-179e-4325-b0fe-a315da4516cc,"https://cdn.zeptonow.com/production/tr:w-1280,ar-1000-1000,pr-true,f-auto,q-80/cms/product_variant/113a7c86-acf0-4075-a9aa-6f1ff03cd893.jpeg"
"Atta, Rice, Oil & Dals","Besan, Sooji & Maida","https://cdn.zeptonow.com/production/tr:w-90,ar-120-120,pr-true,f-auto,q-80/cms/sub_category/766a8e53-bf65-498e-9b51-5c6829f8dcb2.png",Tata Sampann 100% Chana Dal Fine Besan,Tata,103,149,1 pack (1 kg),4.7 (10.3k),In Stock,https://www.zeptonow.com/pn/tata-sampann-100-chana-dal-fine-besan/pvid/4f369899-59a5-4be6-a03b-812952277617,"https://cdn.zeptonow.com/production/tr:w-1280,ar-1200-1200,pr-true,f-auto,q-80/cms/product_variant/557d8ecc-d23f-4fc1-8863-5ba93a973134.jpeg"
"Atta, Rice, Oil & Dals","Besan, Sooji & Maida","https://cdn.zeptonow.com/production/tr:w-90,ar-120-120,pr-true,f-auto,q-80/cms/sub_category/766a8e53-bf65-498e-9b51-5c6829f8dcb2.png",Safe Harvest Pesticide-Free Wheat Daliya,Safe,59,69,1 pack (500 g),5 (404),In Stock,https://www.zeptonow.com/pn/safe-harvest-pesticide-free-wheat-daliya/pvid/c1f037a1-2c4f-4a5c-bc3f-cba1719152e8,"https://cdn.zeptonow.com/production/tr:w-1280,ar-2400-2400,pr-true,f-auto,q-80/cms/product_variant/63c8ae87-a4ad-4993-9e58-3b309ed622bd.jpeg"
"Atta, Rice, Oil & Dals","Besan, Sooji & Maida","https://cdn.zeptonow.com/production/tr:w-90,ar-120-120,pr-true,f-auto,q-80/cms/sub_category/766a8e53-bf65-498e-9b51-5c6829f8dcb2.png",Safe Harvest Pesticide-Free Roasted Sooji,Safe,60,66,1 pack (500 g),4.6 (1.8k),In Stock,https://www.zeptonow.com/pn/safe-harvest-pesticide-free-roasted-sooji/pvid/82f40ed9-e970-42ab-8285-1984f831732b,"https://cdn.zeptonow.com/production/tr:w-1280,ar-2400-2400,pr-true,f-auto,q-80/cms/product_variant/66d01c8f-42d7-476c-8473-3147ad6aa86b.jpeg"
"Atta, Rice, Oil & Dals","Besan, Sooji & Maida","https://cdn.zeptonow.com/production/tr:w-90,ar-120-120,pr-true,f-auto,q-80/cms/sub_category/766a8e53-bf65-498e-9b51-5c6829f8dcb2.png",Double Horse Ragi Puttu Podi,Double Horse,63,70,1 pack (500 g),5 (305),In Stock,https://www.zeptonow.com/pn/double-horse-ragi-puttu-podi/pvid/e8cb2bda-5c5e-4bcd-891d-6417d62eed11,"https://cdn.zeptonow.com/production/tr:w-1280,ar-784-784,pr-true,f-auto,q-80/cms/product_variant/ce1c099d-a996-48f1-9b79-5c867210d99b.jpg"
"Atta, Rice, Oil & Dals","Besan, Sooji & Maida","https://cdn.zeptonow.com/production/tr:w-90,ar-120-120,pr-true,f-auto,q-80/cms/sub_category/766a8e53-bf65-498e-9b51-5c6829f8dcb2.png",Organic Tattva Organic Suji,Organic Tattva,66,75,1 pack (500 g),4.7 (1.1k),In Stock,https://www.zeptonow.com/pn/organic-tattva-organic-suji/pvid/226523cf-f83b-4c63-9257-6711b5c1233d,"https://cdn.zeptonow.com/production/tr:w-1280,ar-1500-1500,pr-true,f-auto,q-80/cms/product_variant/cce2f02f-8906-4f70-8b93-715cc6d7aeba.jpeg"
"Atta, Rice, Oil & Dals","Besan, Sooji & Maida","https://cdn.zeptonow.com/production/tr:w-90,ar-120-120,pr-true,f-auto,q-80/cms/sub_category/766a8e53-bf65-498e-9b51-5c6829f8dcb2.png",Organic Tattva Wheat Maida,Organic Tattva,55,65,1 pack (500 g),4.9 (846),In Stock,https://www.zeptonow.com/pn/organic-tattva-wheat-maida/pvid/14a972ad-ca1a-4012-bc34-c1c3fd7dc85a,"https://cdn.zeptonow.com/production/tr:w-1280,ar-1500-1500,pr-true,f-auto,q-80/cms/product_variant/7fbc31cc-7efa-4337-9daf-e2d3e308fcc1.jpeg"
"Atta, Rice, Oil & Dals","Besan, Sooji & Maida","https://cdn.zeptonow.com/production/tr:w-90,ar-120-120,pr-true,f-auto,q-80/cms/sub_category/766a8e53-bf65-498e-9b51-5c6829f8dcb2.png",Nirapara White Puttu Podi,Nirapara,101,125,1 pack (1 kg),5 (118),In Stock,https://www.zeptonow.com/pn/nirapara-white-puttu-podi/pvid/0d38b5ea-1bb5-48b2-a9b5-e7a8d561b30f,"https://cdn.zeptonow.com/production/tr:w-1280,ar-1500-1500,pr-true,f-auto,q-80/cms/product_variant/bd0f242a-dfd6-47d4-b46c-a5c0bf766917.jpg"
"Atta, Rice, Oil & Dals","Besan, Sooji & Maida","https://cdn.zeptonow.com/production/tr:w-90,ar-120-120,pr-true,f-auto,q-80/cms/sub_category/766a8e53-bf65-498e-9b51-5c6829f8dcb2.png",Natureland Organics Wheat Suji,Natureland,61,75,1 pack (500 g),5 (182),In Stock,https://www.zeptonow.com/pn/natureland-organics-wheat-suji/pvid/156d55ad-3bee-4c4f-b5db-be48ff7a4f93,"https://cdn.zeptonow.com/production/tr:w-1280,ar-1500-1500,pr-true,f-auto,q-80/cms/product_variant/ecdb0727-46bf-47a0-914b-ae22b74c81c0.jpg"
"Atta, Rice, Oil & Dals","Besan, Sooji & Maida","https://cdn.zeptonow.com/production/tr:w-90,ar-120-120,pr-true,f-auto,q-80/cms/sub_category/766a8e53-bf65-498e-9b51-5c6829f8dcb2.png",Brahmins Extra Rosted Puttu Powder,Brahmins,115,135,1 pack (1 kg),4.9 (120),In Stock,https://www.zeptonow.com/pn/brahmins-extra-rosted-puttu-powder/pvid/d14ce465-7c34-4d3e-adbd-7fe8a2e7a32a,"https://cdn.zeptonow.com/production/tr:w-1280,ar-2400-2400,pr-true,f-auto,q-80/cms/product_variant/04d79245-8093-4528-aa8c-7728071baf3d.jpeg"
"Atta, Rice, Oil & Dals","Besan, Sooji & Maida","https://cdn.zeptonow.com/production/tr:w-90,ar-120-120,pr-true,f-auto,q-80/cms/sub_category/766a8e53-bf65-498e-9b51-5c6829f8dcb2.png",Organic Tattva Besan,Organic Tattva,103,125,1 pack (500 g),5 (315),In Stock,https://www.zeptonow.com/pn/organic-tattva-besan/pvid/c2ae7098-c188-41cf-8198-2dfe01045799,"https://cdn.zeptonow.com/production/tr:w-1280,ar-1500-1500,pr-true,f-auto,q-80/cms/product_variant/72ca1c0d-5266-4c0d-ace3-d690904ea913.jpeg"
"Atta, Rice, Oil & Dals","Besan, Sooji & Maida","https://cdn.zeptonow.com/production/tr:w-90,ar-120-120,pr-true,f-auto,q-80/cms/sub_category/766a8e53-bf65-498e-9b51-5c6829f8dcb2.png",Daily Good Sattu Flour / Chana Sattu,Daily Good,70,110,1 pack (500 g),4.4 (3.6k),In Stock,https://www.zeptonow.com/pn/daily-good-sattu-flour-chana-sattu/pvid/a5b9d61d-6325-44a2-b71a-eef719285527,"https://cdn.zeptonow.com/production/tr:w-1280,ar-1200-1200,pr-true,f-auto,q-80/cms/product_variant/ade4d063-d162-49bd-bda9-0e12de132f7f.jpeg"
"Atta, Rice, Oil & Dals","Besan, Sooji & Maida","https://cdn.zeptonow.com/production/tr:w-90,ar-120-120,pr-true,f-auto,q-80/cms/sub_category/766a8e53-bf65-498e-9b51-5c6829f8dcb2.png",Annapurna 100% Chana Dal Besan / Fine Besan / Gram Flour,Annapurna,75,80,1 pack (500 g),4.5 (273),In Stock,https://www.zeptonow.com/pn/annapurna-100-chana-dal-besan-fine-besan-gram-flour/pvid/1fca5ef8-1785-466f-8d3c-80ba5361e69e,"https://cdn.zeptonow.com/production/tr:w-1280,ar-1200-1200,pr-true,f-auto,q-80/cms/product_variant/d8f7e1d3-6979-43a2-8226-89a8f68bafa8.jpg"
"Atta, Rice, Oil & Dals","Besan, Sooji & Maida","https://cdn.zeptonow.com/production/tr:w-90,ar-120-120,pr-true,f-auto,q-80/cms/sub_category/766a8e53-bf65-498e-9b51-5c6829f8dcb2.png",Nirapara Chemba Puttu Podi,Nirapara,150,159,1 pack (1 kg),5 (65),In Stock,https://www.zeptonow.com/pn/nirapara-chemba-puttu-podi/pvid/5d2799a5-0761-4db2-bc1b-37c211e6dc52,"https://cdn.zeptonow.com/production/tr:w-1280,ar-1000-1000,pr-true,f-auto,q-80/cms/product_variant/b7535b45-a5e3-4c56-9cb9-98664a218d1c.jpg"
"Atta, Rice, Oil & Dals","Besan, Sooji & Maida","https://cdn.zeptonow.com/production/tr:w-90,ar-120-120,pr-true,f-auto,q-80/cms/sub_category/766a8e53-bf65-498e-9b51-5c6829f8dcb2.png",Brahmins Fried Rava,Brahmins,124,160,1 pack (1 kg),5 (154),In Stock,https://www.zeptonow.com/pn/brahmins-fried-rava/pvid/3a5e7901-4955-4556-84c8-03dfb387ad2c,"https://cdn.zeptonow.com/production/tr:w-1280,ar-1500-1500,pr-true,f-auto,q-80/cms/product_variant/3263ceb9-a75d-43cd-ba33-e313a711ead8.jpg"
"Atta, Rice, Oil & Dals","Besan, Sooji & Maida","https://cdn.zeptonow.com/production/tr:w-90,ar-120-120,pr-true,f-auto,q-80/cms/sub_category/766a8e53-bf65-498e-9b51-5c6829f8dcb2.png",Vijay sattu,Vijay,92,105,1 pack (500 g),5 (91),In Stock,https://www.zeptonow.com/pn/vijay-sattu/pvid/28cc7363-38ae-4234-bce3-14a865796bb9,"https://cdn.zeptonow.com/production/tr:w-1280,ar-2400-2400,pr-true,f-auto,q-80/cms/product_variant/d70c9be3-55d3-496b-bc07-94af08fcf6a0.jpeg"
"Atta, Rice, Oil & Dals","Besan, Sooji & Maida","https://cdn.zeptonow.com/production/tr:w-90,ar-120-120,pr-true,f-auto,q-80/cms/sub_category/766a8e53-bf65-498e-9b51-5c6829f8dcb2.png",Let's Try Sattu | No Preservatives | 100% Pure & Healthy,Let's,74,110,1 pack (500 g),4.4 (4.2k),In Stock,https://www.zeptonow.com/pn/lets-try-sattu-no-preservatives-100-pure-healthy/pvid/5d3363e4-260c-4ca2-9540-a2cbd28375de,"https://cdn.zeptonow.com/production/tr:w-1280,ar-1200-1200,pr-true,f-auto,q-80/cms/product_variant/aef2a07a-c23a-40e1-a206-d1c839b110e8.jpeg"
"Atta, Rice, Oil & Dals","Besan, Sooji & Maida","https://cdn.zeptonow.com/production/tr:w-90,ar-120-120,pr-true,f-auto,q-80/cms/sub_category/766a8e53-bf65-498e-9b51-5c6829f8dcb2.png",Naga Sooji 500 g Combo,Naga,88,100,500 g X 2,4.2 (967),In Stock,https://www.zeptonow.com/pn/naga-sooji-500-g-combo/pvid/09b1b282-e48f-48fe-bf92-9cbb17097f38,"https://cdn.zeptonow.com/production/tr:w-1280,ar-1494-1494,pr-true,f-auto,q-80/cms/product_variant/03767c59-6a3b-4f37-9a4b-eea40c2f593d.jpg"
"Atta, Rice, Oil & Dals","Besan, Sooji & Maida","https://cdn.zeptonow.com/production/tr:w-90,ar-120-120,pr-true,f-auto,q-80/cms/sub_category/766a8e53-bf65-498e-9b51-5c6829f8dcb2.png",Fortune Maida 500 g Combo,Fortune,72,88,500 g X 2,4.5 (153),In Stock,https://www.zeptonow.com/pn/fortune-maida-500-g-combo/pvid/8a790a8c-6650-4335-b3cd-31cb8f00ca63,"https://cdn.zeptonow.com/production/tr:w-1280,ar-1500-1500,pr-true,f-auto,q-80/inventory/product/756025f5-c297-426b-8401-305e2eb48bbe-2889.jpg"
"Atta, Rice, Oil & Dals","Besan, Sooji & Maida","https://cdn.zeptonow.com/production/tr:w-90,ar-120-120,pr-true,f-auto,q-80/cms/sub_category/766a8e53-bf65-498e-9b51-5c6829f8dcb2.png",Tata Sampann Fine Besan 500 g Combo,Tata,116,150,500 g X 2,4.2 (293),In Stock,https://www.zeptonow.com/pn/tata-sampann-fine-besan-500-g-combo/pvid/61cb5061-177b-4767-9011-bdc934f8cb6d,"https://cdn.zeptonow.com/production/tr:w-1280,ar-1500-1500,pr-true,f-auto,q-80/cms/product_variant/6546.jpg"
"Atta, Rice, Oil & Dals","Besan, Sooji & Maida","https://cdn.zeptonow.com/production/tr:w-90,ar-120-120,pr-true,f-auto,q-80/cms/sub_category/766a8e53-bf65-498e-9b51-5c6829f8dcb2.png",Naga Maida 500gm x 2 Combo,Naga,82,95,500 g X 2,4.6 (931),In Stock,https://www.zeptonow.com/pn/naga-maida-500gm-x-2-combo/pvid/3161ca32-171c-485a-b209-96e7b29d7ff9,"https://cdn.zeptonow.com/production/tr:w-1280,ar-1500-1500,pr-true,f-auto,q-80/inventory/product/5226e378-43e4-497f-8687-ff2b43469f5a-2999.jpg"
"Atta, Rice, Oil & Dals","Besan, Sooji & Maida","https://cdn.zeptonow.com/production/tr:w-90,ar-120-120,pr-true,f-auto,q-80/cms/sub_category/766a8e53-bf65-498e-9b51-5c6829f8dcb2.png",Daily Good Idli Rava / Sooji(500gms) & Daily Good Bansi Rava / Sooji / Dalia(500gms) Combo,Daily Good,79,110,2 combo,4.4 (684),In Stock,https://www.zeptonow.com/pn/daily-good-idli-rava-sooji500gms-daily-good-bansi-rava-sooji-dalia500gms-combo/pvid/2221b816-7d30-45dd-a7f0-8c7c07f15bae,"https://cdn.zeptonow.com/production/tr:w-1280,ar-1494-1494,pr-true,f-auto,q-80/cms/product_variant/c94da064-0374-4e29-9054-e62e35591559.jpg"
"Atta, Rice, Oil & Dals","Besan, Sooji & Maida","https://cdn.zeptonow.com/production/tr:w-90,ar-120-120,pr-true,f-auto,q-80/cms/sub_category/766a8e53-bf65-498e-9b51-5c6829f8dcb2.png",Naga Maida 500 g Combo,Naga,156,190,500 g X 4,4.7 (535),In Stock,https://www.zeptonow.com/pn/naga-maida-500-g-combo/pvid/823b9e22-61e4-4cd6-8934-4bf88fcee3c8,"https://cdn.zeptonow.com/production/tr:w-1280,ar-1500-1500,pr-true,f-auto,q-80/cms/product_variant/9a8f7026-6ce1-41ae-b40b-8fb1149dd4c3.jpg"
"Atta, Rice, Oil & Dals","Besan, Sooji & Maida","https://cdn.zeptonow.com/production/tr:w-90,ar-120-120,pr-true,f-auto,q-80/cms/sub_category/766a8e53-bf65-498e-9b51-5c6829f8dcb2.png",Naga Maida 1 kg Combo,Naga,150,184,1 kg X 2,4.3 (118),In Stock,https://www.zeptonow.com/pn/naga-maida-1-kg-combo/pvid/c9fdc59b-dcf4-4809-906e-164f05c4408c,"https://cdn.zeptonow.com/production/tr:w-1280,ar-1494-1494,pr-true,f-auto,q-80/cms/product_variant/2eb619d4-e381-4b24-bd52-f266181242c7.jpg"
"Atta, Rice, Oil & Dals","Besan, Sooji & Maida","https://cdn.zeptonow.com/production/tr:w-90,ar-120-120,pr-true,f-auto,q-80/cms/sub_category/766a8e53-bf65-498e-9b51-5c6829f8dcb2.png",Fortune Maida 500 g Combo,Fortune,99,132,500 g X 3,4.7 (727),In Stock,https://www.zeptonow.com/pn/fortune-maida-500-g-combo/pvid/c84e2ed9-4216-4a66-b186-44bffddaa9b7,"https://cdn.zeptonow.com/production/tr:w-1280,ar-1500-1500,pr-true,f-auto,q-80/cms/product_variant/2ec7c8ae-df1f-45ab-9098-1c5e4eeca543.jpg"
"Atta, Rice, Oil & Dals","Besan, Sooji & Maida","https://cdn.zeptonow.com/production/tr:w-90,ar-120-120,pr-true,f-auto,q-80/cms/sub_category/766a8e53-bf65-498e-9b51-5c6829f8dcb2.png",Daily Good Sooji / Rava 500 g Combo,Daily Good,96,110,500 g X 2,4.3 (778),In Stock,https://www.zeptonow.com/pn/daily-good-sooji-rava-500-g-combo/pvid/dad5c22f-29ef-4002-9afc-54ac6cf5ce3b,"https://cdn.zeptonow.com/production/tr:w-1280,ar-1500-1500,pr-true,f-auto,q-80/cms/product_variant/9ed45c6c-22f8-450b-bd9d-544ee1940839.jpg"
"Atta, Rice, Oil & Dals","Besan, Sooji & Maida","https://cdn.zeptonow.com/production/tr:w-90,ar-120-120,pr-true,f-auto,q-80/cms/sub_category/766a8e53-bf65-498e-9b51-5c6829f8dcb2.png",Daily Good Idli Rava - Sooji 500 g Combo,Daily Good,72,110,500 g X 2,4.2 (508),In Stock,https://www.zeptonow.com/pn/daily-good-idli-rava-sooji-500-g-combo/pvid/2095590e-ae75-48d9-bf35-7944c1445d38,"https://cdn.zeptonow.com/production/tr:w-1280,ar-1500-1500,pr-true,f-auto,q-80/cms/product_variant/8394336a-89bb-42aa-9bd0-257813ff6619.jpg"
"Atta, Rice, Oil & Dals","Besan, Sooji & Maida","https://cdn.zeptonow.com/production/tr:w-90,ar-120-120,pr-true,f-auto,q-80/cms/sub_category/766a8e53-bf65-498e-9b51-5c6829f8dcb2.png","Aashirvaad Atta - Superior Mp Whole Wheat, No Maida (Pouch)(10kg) & Aashirvaad Himalayan Pink Salt(1kg) Combo",Aashirvaad,585,758,2 combo,4.4 (725),In Stock,https://www.zeptonow.com/pn/aashirvaad-atta-superior-mp-whole-wheat-no-maida-pouch10kg-aashirvaad-himalayan-pink-salt1kg-combo/pvid/15230695-7894-4726-9a9f-f3bd3fc86eae,"https://cdn.zeptonow.com/production/tr:w-1280,ar-1494-1494,pr-true,f-auto,q-80/cms/product_variant/78c909ed-bede-4bc9-9a85-9a89da60e183.jpg"
"Atta, Rice, Oil & Dals","Besan, Sooji & Maida","https://cdn.zeptonow.com/production/tr:w-90,ar-120-120,pr-true,f-auto,q-80/cms/sub_category/766a8e53-bf65-498e-9b51-5c6829f8dcb2.png","Aashirvaad Atta - Superior MP Whole Wheat, No Maida | Pouch 10 kg Combo",Aashirvaad,1114,1276,10 kg X 2,4.3 (899),In Stock,https://www.zeptonow.com/pn/aashirvaad-atta-superior-mp-whole-wheat-no-maida-pouch-10-kg-combo/pvid/50cd52d9-9cad-46e5-b93a-a1804209d89c,"https://cdn.zeptonow.com/production/tr:w-1280,ar-1200-1200,pr-true,f-auto,q-80/cms/product_variant/7ad0587c-d250-4d1a-9efa-675e25132b46.jpg"
"Atta, Rice, Oil & Dals","Besan, Sooji & Maida","https://cdn.zeptonow.com/production/tr:w-90,ar-120-120,pr-true,f-auto,q-80/cms/sub_category/766a8e53-bf65-498e-9b51-5c6829f8dcb2.png",Naga Maida 1 kg Combo,Naga,486,552,1kg X 6,4.5 (324),In Stock,https://www.zeptonow.com/pn/naga-maida-1-kg-combo/pvid/3b53d12d-a4ec-4110-a0ed-06a6fd5410a7,"https://cdn.zeptonow.com/production/tr:w-1280,ar-1500-1500,pr-true,f-auto,q-80/cms/product_variant/feea3f35-9997-40ac-ad4e-dc5a772a56f2.jpg"
"Atta, Rice, Oil & Dals","Besan, Sooji & Maida","https://cdn.zeptonow.com/production/tr:w-90,ar-120-120,pr-true,f-auto,q-80/cms/sub_category/766a8e53-bf65-498e-9b51-5c6829f8dcb2.png",Organic Tattva Wheat Maida 500 g Combo,Organic Tattva,102,130,500 g X 2,4.4 (869),In Stock,https://www.zeptonow.com/pn/organic-tattva-wheat-maida-500-g-combo/pvid/d576b74f-aeec-4d6c-9e7b-360e526e5ec4,"https://cdn.zeptonow.com/production/tr:w-1280,ar-1494-1494,pr-true,f-auto,q-80/cms/product_variant/1e263a9f-8839-40d7-84b1-a1d2843535fe.jpg"
"Atta, Rice, Oil & Dals","Besan, Sooji & Maida","https://cdn.zeptonow.com/production/tr:w-90,ar-120-120,pr-true,f-auto,q-80/cms/sub_category/766a8e53-bf65-498e-9b51-5c6829f8dcb2.png",Fortune Besan(500gms) & Red Label Natural Care Tea(250gms) Combo,Fortune,223,245,2 combo,4.4 (777),In Stock,https://www.zeptonow.com/pn/fortune-besan500gms-red-label-natural-care-tea250gms-combo/pvid/7eec440e-0864-41eb-96e0-889a7d59cf16,"https://cdn.zeptonow.com/production/tr:w-1280,ar-1494-1494,pr-true,f-auto,q-80/cms/product_variant/b2551b3b-90f7-49c3-ac90-4c7c524dc85f.jpg"
"Atta, Rice, Oil & Dals","Besan, Sooji & Maida","https://cdn.zeptonow.com/production/tr:w-90,ar-120-120,pr-true,f-auto,q-80/cms/sub_category/766a8e53-bf65-498e-9b51-5c6829f8dcb2.png",Fortune Besan(500gms) & Tata Tea Gold(250gms) Combo,Fortune,205,235,2 combo,4.6 (942),In Stock,https://www.zeptonow.com/pn/fortune-besan500gms-tata-tea-gold250gms-combo/pvid/17007a5b-69a0-4f91-86f7-3b382cfb14cf,"https://cdn.zeptonow.com/production/tr:w-1280,ar-1494-1494,pr-true,f-auto,q-80/cms/product_variant/f2f23cf1-17cd-4c1e-8a3c-fcdaa7a29e5b.jpg"
"Atta, Rice, Oil & Dals","Besan, Sooji & Maida","https://cdn.zeptonow.com/production/tr:w-90,ar-120-120,pr-true,f-auto,q-80/cms/sub_category/766a8e53-bf65-498e-9b51-5c6829f8dcb2.png",Fortune Besan(500gms) & Brooke Bond Red Label Tea(250gms) Combo,Fortune,203,225,2 combo,4.4 (645),In Stock,https://www.zeptonow.com/pn/fortune-besan500gms-brooke-bond-red-label-tea250gms-combo/pvid/31f39b6a-054b-4488-818a-a32baa545778,"https://cdn.zeptonow.com/production/tr:w-1280,ar-1494-1494,pr-true,f-auto,q-80/cms/product_variant/d6f4ee8f-1ce8-4a86-b45c-85a271fa9b2b.jpg"
"Atta, Rice, Oil & Dals","Besan, Sooji & Maida","https://cdn.zeptonow.com/production/tr:w-90,ar-120-120,pr-true,f-auto,q-80/cms/sub_category/766a8e53-bf65-498e-9b51-5c6829f8dcb2.png",Fortune Besan(500gms) & Nescafe Classic Instant Coffee Powder Pouch(45gms) Combo,Fortune,296,320,2 combo,4.6 (909),In Stock,https://www.zeptonow.com/pn/fortune-besan500gms-nescafe-classic-instant-coffee-powder-pouch45gms-combo/pvid/20f887b5-9812-43ff-916f-d71525d120ed,"https://cdn.zeptonow.com/production/tr:w-1280,ar-1494-1494,pr-true,f-auto,q-80/cms/product_variant/9c03fe1e-53fc-44d1-840e-674d7085442c.jpg"
"Atta, Rice, Oil & Dals","Besan, Sooji & Maida","https://cdn.zeptonow.com/production/tr:w-90,ar-120-120,pr-true,f-auto,q-80/cms/sub_category/766a8e53-bf65-498e-9b51-5c6829f8dcb2.png",Double Horse Bansi Wheat Rava 500 g Combo,Double Horse,67,75,500 g,4.3 (922),In Stock,https://www.zeptonow.com/pn/double-horse-bansi-wheat-rava-500-g-combo/pvid/b2ff095a-a1d3-4f8f-b3d1-6612481c4c46,"https://cdn.zeptonow.com/production/tr:w-1280,ar-1000-1000,pr-true,f-auto,q-80/cms/product_variant/50cb7263-4e9c-41dc-9bdb-8a5892a5ad24.jpeg"
"Atta, Rice, Oil & Dals","Besan, Sooji & Maida","https://cdn.zeptonow.com/production/tr:w-90,ar-120-120,pr-true,f-auto,q-80/cms/sub_category/766a8e53-bf65-498e-9b51-5c6829f8dcb2.png",Daily Good Wheat Samba Daliya,Daily Good,76,115,1 pack (500 g),4.6 (234),Sold Out,https://www.zeptonow.com/pn/daily-good-wheat-samba-daliya/pvid/221f7933-edb3-4217-9e45-52995f823faf,"https://cdn.zeptonow.com/production/tr:w-1280,ar-1200-1200,pr-true,f-auto,q-80/cms/product_variant/66c669fc-abcd-4b16-aab2-b877964f9652.jpeg"
"Atta, Rice, Oil & Dals","Besan, Sooji & Maida","https://cdn.zeptonow.com/production/tr:w-90,ar-120-120,pr-true,f-auto,q-80/cms/sub_category/766a8e53-bf65-498e-9b51-5c6829f8dcb2.png",Rajdhani Besan,Rajdhani,57,81,1 pack (500 g),4.7 (63.9k),Sold Out,https://www.zeptonow.com/pn/rajdhani-besan/pvid/7ec4149a-d673-4485-bcf4-cb9aec6184dd,"https://cdn.zeptonow.com/production/tr:w-1280,ar-2501-2487,pr-true,f-auto,q-80/cms/product_variant/c389b6cd-843a-48d4-a60d-08604c3c5cb6.jpg"
"Atta, Rice, Oil & Dals","Besan, Sooji & Maida","https://cdn.zeptonow.com/production/tr:w-90,ar-120-120,pr-true,f-auto,q-80/cms/sub_category/766a8e53-bf65-498e-9b51-5c6829f8dcb2.png",Floryo 100% Whole Chana Besan,Floryo,75,89,1 pack (500 g),4.7 (140),Sold Out,https://www.zeptonow.com/pn/floryo-100-whole-chana-besan/pvid/a716c114-81ba-4e6e-b1a6-b2a3750b4219,"https://cdn.zeptonow.com/production/tr:w-1280,ar-900-900,pr-true,f-auto,q-80/cms/product_variant/94e81a26-62ee-4997-a843-c3506b7fd3e1.jpg"
"Atta, Rice, Oil & Dals","Besan, Sooji & Maida","https://cdn.zeptonow.com/production/tr:w-90,ar-120-120,pr-true,f-auto,q-80/cms/sub_category/766a8e53-bf65-498e-9b51-5c6829f8dcb2.png",Popular Essentials Idli Sooji,Popular Essentials,78,80,1 pack (1 kg),4.1 (957),Sold Out,https://www.zeptonow.com/pn/popular-essentials-idli-sooji/pvid/6aa99c45-390c-4682-b696-b9a24ee8bb0e,"https://cdn.zeptonow.com/production/tr:w-1280,ar-2400-2400,pr-true,f-auto,q-80/cms/product_variant/c674da5f-e171-42dc-87a1-1f74dd336c5b.jpeg"
"Atta, Rice, Oil & Dals","Besan, Sooji & Maida","https://cdn.zeptonow.com/production/tr:w-90,ar-120-120,pr-true,f-auto,q-80/cms/sub_category/766a8e53-bf65-498e-9b51-5c6829f8dcb2.png",Daily Good Wheat Daliya/Lapsi,Daily Good,39,40,1 pack (500 g),4.5 (1.7k),Sold Out,https://www.zeptonow.com/pn/daily-good-wheat-daliyalapsi/pvid/60f61724-28dc-4b48-ae22-c826f084f562,"https://cdn.zeptonow.com/production/tr:w-1280,ar-1200-1200,pr-true,f-auto,q-80/cms/product_variant/6b8294f1-f18e-444b-b551-6b3bc1f75e9e.jpeg"
"Atta, Rice, Oil & Dals","Besan, Sooji & Maida","https://cdn.zeptonow.com/production/tr:w-90,ar-120-120,pr-true,f-auto,q-80/cms/sub_category/766a8e53-bf65-498e-9b51-5c6829f8dcb2.png",Brahmins Chemba Puttu Powder,Brahmins,140,170,1 pack (1 kg),4.7 (100),Sold Out,https://www.zeptonow.com/pn/brahmins-chemba-puttu-powder/pvid/20d3c179-096b-41e8-bb94-3a5776ec456a,"https://cdn.zeptonow.com/production/tr:w-1280,ar-2400-2400,pr-true,f-auto,q-80/cms/product_variant/cb39f9f9-ef7c-40f9-bc90-ff21184113ae.jpeg"
"Atta, Rice, Oil & Dals","Besan, Sooji & Maida","https://cdn.zeptonow.com/production/tr:w-90,ar-120-120,pr-true,f-auto,q-80/cms/sub_category/766a8e53-bf65-498e-9b51-5c6829f8dcb2.png",Rajdhani Besan Gram Flour,Rajdhani,114,160,1 pack (1 kg),4.7 (36.4k),Sold Out,https://www.zeptonow.com/pn/rajdhani-besan-gram-flour/pvid/40b8a38c-9ce2-4b31-b59d-e3dc578c60c9,"https://cdn.zeptonow.com/production/tr:w-1280,ar-2581-2581,pr-true,f-auto,q-80/cms/product_variant/e54c5c4e-d87e-4af3-b6c1-948722ad35fa.jpg"
"Atta, Rice, Oil & Dals","Besan, Sooji & Maida","https://cdn.zeptonow.com/production/tr:w-90,ar-120-120,pr-true,f-auto,q-80/cms/sub_category/766a8e53-bf65-498e-9b51-5c6829f8dcb2.png",Popular Essentials Maida,Popular Essentials,65,80,1 pack (1 kg),4.7 (536),Sold Out,https://www.zeptonow.com/pn/popular-essentials-maida/pvid/1db5d00f-2279-4dd4-9bcb-e66a358cd53a,"https://cdn.zeptonow.com/production/tr:w-1280,ar-2400-2400,pr-true,f-auto,q-80/cms/product_variant/87297509-ce2a-4ee6-8c84-cb373e989548.jpeg"
"Atta, Rice, Oil & Dals","Besan, Sooji & Maida","https://cdn.zeptonow.com/production/tr:w-90,ar-120-120,pr-true,f-auto,q-80/cms/sub_category/766a8e53-bf65-498e-9b51-5c6829f8dcb2.png",Rajdhani Mota Besan,Rajdhani,66,81,1 pack (500 g),4.7 (226),Sold Out,https://www.zeptonow.com/pn/rajdhani-mota-besan/pvid/66971a59-af0e-4c82-ac4f-69a30c7f842e,"https://cdn.zeptonow.com/production/tr:w-1280,ar-1021-1021,pr-true,f-auto,q-80/cms/product_variant/20d8d08e-90af-4d76-bba6-2908ead5a692.jpeg"
"Atta, Rice, Oil & Dals","Besan, Sooji & Maida","https://cdn.zeptonow.com/production/tr:w-90,ar-120-120,pr-true,f-auto,q-80/cms/sub_category/766a8e53-bf65-498e-9b51-5c6829f8dcb2.png",Daily Good Besan / Gram Flour / Chana Besan,Daily Good,57,100,1 pack (500 g),4.7 (14.9k),Sold Out,https://www.zeptonow.com/pn/daily-good-besan-gram-flour-chana-besan/pvid/c0ab0003-97bb-4579-94c1-03a985fe80c7,"https://cdn.zeptonow.com/production/tr:w-1280,ar-1200-1200,pr-true,f-auto,q-80/cms/product_variant/ef653219-26e1-4ce3-9185-79109072ebec.jpeg"
"Atta, Rice, Oil & Dals","Besan, Sooji & Maida","https://cdn.zeptonow.com/production/tr:w-90,ar-120-120,pr-true,f-auto,q-80/cms/sub_category/766a8e53-bf65-498e-9b51-5c6829f8dcb2.png",Vijay Bansi Sooji,Vijay,62,75,1 pack (1 kg),4.2 (113),Sold Out,https://www.zeptonow.com/pn/vijay-bansi-sooji/pvid/8cf69faa-a030-4842-b35a-a248a559b77f,"https://cdn.zeptonow.com/production/tr:w-1280,ar-2400-2400,pr-true,f-auto,q-80/cms/product_variant/c271aa77-25d5-4606-aecd-5cfa6aaf8300.jpeg"
"Atta, Rice, Oil & Dals","Besan, Sooji & Maida","https://cdn.zeptonow.com/production/tr:w-90,ar-120-120,pr-true,f-auto,q-80/cms/sub_category/766a8e53-bf65-498e-9b51-5c6829f8dcb2.png","Aashirvaad, Gram Flour",Aashirvaad,67,80,1 pack (500 g),4.9 (408),Sold Out,https://www.zeptonow.com/pn/aashirvaad-gram-flour/pvid/282d262f-15a2-42b4-9663-a312a851adeb,"https://cdn.zeptonow.com/production/tr:w-1280,ar-2560-2560,pr-true,f-auto,q-80/cms/product_variant/5706555d-f2c3-46ec-8090-58065c6bd5eb.jpg"
"Atta, Rice, Oil & Dals","Besan, Sooji & Maida","https://cdn.zeptonow.com/production/tr:w-90,ar-120-120,pr-true,f-auto,q-80/cms/sub_category/766a8e53-bf65-498e-9b51-5c6829f8dcb2.png",Daily Good Maida - Refined Wheat Flour,Daily Good,36,50,1 pack (500 g),4.6 (30.9k),Sold Out,https://www.zeptonow.com/pn/daily-good-maida-refined-wheat-flour/pvid/cceca12e-71b0-424f-822a-9dca0b884dcf,"https://cdn.zeptonow.com/production/tr:w-1280,ar-1200-1200,pr-true,f-auto,q-80/cms/product_variant/417a2068-465f-49f8-8f6c-4d994e73ff53.jpeg"
"Atta, Rice, Oil & Dals","Besan, Sooji & Maida","https://cdn.zeptonow.com/production/tr:w-90,ar-120-120,pr-true,f-auto,q-80/cms/sub_category/766a8e53-bf65-498e-9b51-5c6829f8dcb2.png",Daily Good Sooji / Rava,Daily Good,68,100,1 pack (1 kg),4.6 (14.0k),Sold Out,https://www.zeptonow.com/pn/daily-good-sooji-rava/pvid/6431a78f-cf70-42c1-baaa-3099d5999298,"https://cdn.zeptonow.com/production/tr:w-1280,ar-1200-1200,pr-true,f-auto,q-80/cms/product_variant/2ae1e647-e558-426d-af12-c02883cbea0b.jpeg"
"Atta, Rice, Oil & Dals","Besan, Sooji & Maida","https://cdn.zeptonow.com/production/tr:w-90,ar-120-120,pr-true,f-auto,q-80/cms/sub_category/766a8e53-bf65-498e-9b51-5c6829f8dcb2.png",Naga Gram Flour,Naga,80,84,1 pack (500 g),3.9 (132),Sold Out,https://www.zeptonow.com/pn/naga-gram-flour/pvid/26cc5689-8eb5-4dc5-97c8-f4f2b754fd93,"https://cdn.zeptonow.com/production/tr:w-1280,ar-1200-1200,pr-true,f-auto,q-80/cms/product_variant/a714a526-fdc6-4c88-8f5a-92a970d9484c.jpeg"
"Atta, Rice, Oil & Dals","Besan, Sooji & Maida","https://cdn.zeptonow.com/production/tr:w-90,ar-120-120,pr-true,f-auto,q-80/cms/sub_category/766a8e53-bf65-498e-9b51-5c6829f8dcb2.png",Aashirvaad Double Roasted Suji Rava,Aashirvaad,71,95,1 pack (1 kg),4.8 (3.4k),Sold Out,https://www.zeptonow.com/pn/aashirvaad-double-roasted-suji-rava/pvid/1045b469-dd9a-4140-98e8-35470661d412,"https://cdn.zeptonow.com/production/tr:w-1280,ar-1200-1200,pr-true,f-auto,q-80/cms/product_variant/58a86ac1-e75b-4d5d-8b99-dca5145707f8.jpg"
"Atta, Rice, Oil & Dals","Besan, Sooji & Maida","https://cdn.zeptonow.com/production/tr:w-90,ar-120-120,pr-true,f-auto,q-80/cms/sub_category/766a8e53-bf65-498e-9b51-5c6829f8dcb2.png",Popular Essentials Upma Sooji,Popular Essentials,41,42,1 pack (500 g),4.6 (5.3k),Sold Out,https://www.zeptonow.com/pn/popular-essentials-upma-sooji/pvid/9bafb142-e822-4356-a20c-1b2fd44542d9,"https://cdn.zeptonow.com/production/tr:w-1280,ar-3375-3375,pr-true,f-auto,q-80/cms/product_variant/30236d9d-95a3-484a-b129-f6799ab4606f.jpeg"
"Atta, Rice, Oil & Dals","Besan, Sooji & Maida","https://cdn.zeptonow.com/production/tr:w-90,ar-120-120,pr-true,f-auto,q-80/cms/sub_category/766a8e53-bf65-498e-9b51-5c6829f8dcb2.png",Rajdhani Chana Sattu,Rajdhani,69,99,1 pack (500 g),4.7 (13.9k),Sold Out,https://www.zeptonow.com/pn/rajdhani-chana-sattu/pvid/54e461e8-132f-4220-9f68-e0f5a0eabcde,"https://cdn.zeptonow.com/production/tr:w-1280,ar-2400-2400,pr-true,f-auto,q-80/cms/product_variant/5e5cd5ea-0551-431b-ac5c-bc8262359e63.jpeg"
"Atta, Rice, Oil & Dals","Besan, Sooji & Maida","https://cdn.zeptonow.com/production/tr:w-90,ar-120-120,pr-true,f-auto,q-80/cms/sub_category/766a8e53-bf65-498e-9b51-5c6829f8dcb2.png",Daily Good Sooji Rava Barik / Chiroti Sooji,Daily Good,35,55,1 pack (500 g),4.6 (8.5k),Sold Out,https://www.zeptonow.com/pn/daily-good-sooji-rava-barik-chiroti-sooji/pvid/0c544670-ba54-47d6-ab35-363c730826e4,"https://cdn.zeptonow.com/production/tr:w-1280,ar-1200-1200,pr-true,f-auto,q-80/cms/product_variant/2ba5dd5c-8b76-4591-bab3-3dccf67b611d.jpeg"
"Atta, Rice, Oil & Dals","Besan, Sooji & Maida","https://cdn.zeptonow.com/production/tr:w-90,ar-120-120,pr-true,f-auto,q-80/cms/sub_category/766a8e53-bf65-498e-9b51-5c6829f8dcb2.png",Natureland Organics Chana Besan,Natureland,77,125,1 pack (500 g),4.9 (136),Sold Out,https://www.zeptonow.com/pn/natureland-organics-chana-besan/pvid/51312af5-65ae-40e9-8ab1-6d8668dddc2a,"https://cdn.zeptonow.com/production/tr:w-1280,ar-2400-2400,pr-true,f-auto,q-80/cms/product_variant/a085daa2-38ac-434f-8d87-6990274a72e2.jpeg"
"Atta, Rice, Oil & Dals",Ghee,"https://cdn.zeptonow.com/production/tr:w-90,ar-120-121,pr-true,f-auto,q-80/cms/sub_category/20.png",Anveshan A2 Desi Cow Ghee,Anveshan,1849,2160,1 pc (1 L),4.5 (84),In Stock,https://www.zeptonow.com/pn/anveshan-a2-desi-cow-ghee/pvid/45cd34e6-ffcc-4e43-83f5-a203b62934a1,"https://cdn.zeptonow.com/production/tr:w-1280,ar-2400-2400,pr-true,f-auto,q-80/cms/product_variant/9975d5bd-bd6c-4a1e-868b-af6ddd0539d0.jpeg"
"Atta, Rice, Oil & Dals",Ghee,"https://cdn.zeptonow.com/production/tr:w-90,ar-120-121,pr-true,f-auto,q-80/cms/sub_category/20.png",Anveshan A2 Desi Gir Cow Ghee,Anveshan,1949,2795,1 pc (1 L),4.5 (183),In Stock,https://www.zeptonow.com/pn/anveshan-a2-desi-gir-cow-ghee/pvid/42bea882-94db-4a0c-8feb-ae53a8fd5ba5,"https://cdn.zeptonow.com/production/tr:w-1280,ar-2400-2400,pr-true,f-auto,q-80/cms/product_variant/da655358-1fb4-4186-92f3-eaa2b2ad857e.jpg"
"Atta, Rice, Oil & Dals",Ghee,"https://cdn.zeptonow.com/production/tr:w-90,ar-120-121,pr-true,f-auto,q-80/cms/sub_category/20.png","Aashirvaad Organic Pure Cow Ghee, Certified Organic",Aashirvaad,695,799,1 pc (500 ml),4.6 (306),In Stock,https://www.zeptonow.com/pn/aashirvaad-organic-pure-cow-ghee-certified-organic/pvid/3f7963e6-b84d-4b93-b714-833caedcefe7,"https://cdn.zeptonow.com/production/tr:w-1280,ar-1200-1200,pr-true,f-auto,q-80/cms/product_variant/98599f6d-7dbf-4633-ad3b-d7a92a5a9a1e.jpg"
"Atta, Rice, Oil & Dals",Ghee,"https://cdn.zeptonow.com/production/tr:w-90,ar-120-121,pr-true,f-auto,q-80/cms/sub_category/20.png","Aashirvaad Pure Cow Ghee, PET Jar, Rich Aroma",Aashirvaad,173,192,1 pc (200 ml),4.9 (484),In Stock,https://www.zeptonow.com/pn/aashirvaad-pure-cow-ghee-pet-jar-rich-aroma/pvid/591e9be3-fae3-476c-8386-75ef8a17658f,"https://cdn.zeptonow.com/production/tr:w-1280,ar-1425-1425,pr-true,f-auto,q-80/cms/product_variant/4164e3da-0391-445d-8f23-33ff56613869.jpeg"
"Atta, Rice, Oil & Dals",Ghee,"https://cdn.zeptonow.com/production/tr:w-90,ar-120-121,pr-true,f-auto,q-80/cms/sub_category/20.png",Anveshan Desi Buffalo Ghee,Anveshan,999,1450,1 pc (1 L),4.7 (132),In Stock,https://www.zeptonow.com/pn/anveshan-desi-buffalo-ghee/pvid/aaffddbe-d9c7-4dfa-bb0d-5ef88a6598d6,"https://cdn.zeptonow.com/production/tr:w-1280,ar-1500-1500,pr-true,f-auto,q-80/cms/product_variant/0dfe57f1-e1cb-4ab1-b54a-9646ed7fd16b.jpg"
"Atta, Rice, Oil & Dals",Ghee,"https://cdn.zeptonow.com/production/tr:w-90,ar-120-121,pr-true,f-auto,q-80/cms/sub_category/20.png","Aashirvaad Pure Cow Ghee, Pouch, Rich Aroma",Aashirvaad,695,780,1 pack (1 L),4.8 (2.2k),In Stock,https://www.zeptonow.com/pn/aashirvaad-pure-cow-ghee-pouch-rich-aroma/pvid/cf9fc46a-6fc6-44b8-bb65-efba05dac42c,"https://cdn.zeptonow.com/production/tr:w-1280,ar-1200-1200,pr-true,f-auto,q-80/cms/product_variant/7149ea20-17b0-4aeb-ba64-d9b20e3192d7.jpg"
"Atta, Rice, Oil & Dals",Ghee,"https://cdn.zeptonow.com/production/tr:w-90,ar-120-121,pr-true,f-auto,q-80/cms/sub_category/20.png",Anveshan A2 Gir Cow Ghee,Anveshan,338,370,1 pc (150 ml),4.4 (411),In Stock,https://www.zeptonow.com/pn/anveshan-a2-gir-cow-ghee/pvid/c5375c8e-f3bb-4868-8bd1-3cb55d2ada31,"https://cdn.zeptonow.com/production/tr:w-1280,ar-2400-2400,pr-true,f-auto,q-80/cms/product_variant/cbbd5da0-71f9-4c39-ab15-0139be2bdfbf.jpg"
"Atta, Rice, Oil & Dals",Ghee,"https://cdn.zeptonow.com/production/tr:w-90,ar-120-121,pr-true,f-auto,q-80/cms/sub_category/20.png",Anveshan A2 Desi Cow Ghee,Anveshan,259,300,1 pc (150 ml),4.5 (383),In Stock,https://www.zeptonow.com/pn/anveshan-a2-desi-cow-ghee/pvid/7158f073-9919-430c-b329-aac11abee944,"https://cdn.zeptonow.com/production/tr:w-1280,ar-1200-1200,pr-true,f-auto,q-80/cms/product_variant/c9b51640-669f-4aaa-9279-bd743e69768f.jpg"
"Atta, Rice, Oil & Dals",Ghee,"https://cdn.zeptonow.com/production/tr:w-90,ar-120-121,pr-true,f-auto,q-80/cms/sub_category/20.png",Aashirvaad Svasti Pure Cow Ghee - Pet Pack,Aashirvaad,440,463,1 pc (500 ml),5 (62),In Stock,https://www.zeptonow.com/pn/aashirvaad-svasti-pure-cow-ghee-pet-pack/pvid/a2e1c461-d61a-47c4-af28-f2006e8b3f70,"https://cdn.zeptonow.com/production/tr:w-1280,ar-2400-2400,pr-true,f-auto,q-80/cms/product_variant/77674992-2af7-49cd-8150-0e7fa8b67fc2.jpeg"
"Atta, Rice, Oil & Dals",Ghee,"https://cdn.zeptonow.com/production/tr:w-90,ar-120-121,pr-true,f-auto,q-80/cms/sub_category/20.png","Aashirvaad Pure Cow Ghee, PET Jar, Rich Aroma",Aashirvaad,819,910,1 pc (1 L),4.3 (353),In Stock,https://www.zeptonow.com/pn/aashirvaad-pure-cow-ghee-pet-jar-rich-aroma/pvid/c621e50d-9d9c-42e2-92e5-fa8dbbc723a8,"https://cdn.zeptonow.com/production/tr:w-1280,ar-1200-1200,pr-true,f-auto,q-80/cms/product_variant/cf8b1336-f94e-427a-b22e-10a21b0334bf.jpg"
"Atta, Rice, Oil & Dals",Ghee,"https://cdn.zeptonow.com/production/tr:w-90,ar-120-121,pr-true,f-auto,q-80/cms/sub_category/20.png",Barosi Cow Ghee,Barosi,899,1059,1 pc (1 L),4.3 (313),In Stock,https://www.zeptonow.com/pn/barosi-cow-ghee/pvid/1df074bd-bf1d-47c7-b3d0-2ffa63a52ed1,"https://cdn.zeptonow.com/production/tr:w-1280,ar-1200-1200,pr-true,f-auto,q-80/cms/product_variant/56379fb2-f1e1-4647-a712-1d49ad823a7f.jpg"
"Atta, Rice, Oil & Dals",Ghee,"https://cdn.zeptonow.com/production/tr:w-90,ar-120-121,pr-true,f-auto,q-80/cms/sub_category/20.png",Aashirvaad 90% Lower Cholesterol Cow Ghee,Aashirvaad,473,550,1 pack (500 ml),5 (305),In Stock,https://www.zeptonow.com/pn/aashirvaad-90-lower-cholesterol-cow-ghee/pvid/0aad41c7-60a3-4e57-a897-889974509bb4,"https://cdn.zeptonow.com/production/tr:w-1280,ar-901-902,pr-true,f-auto,q-80/cms/product_variant/9b46eec0-0446-416f-8901-07b589da881c.jpg"
"Atta, Rice, Oil & Dals",Ghee,"https://cdn.zeptonow.com/production/tr:w-90,ar-120-121,pr-true,f-auto,q-80/cms/sub_category/20.png","Aashirvaad Pure Cow Ghee, Tetrapack, Rich Aroma",Aashirvaad,719,790,1 pack (1 L),4.9 (652),In Stock,https://www.zeptonow.com/pn/aashirvaad-pure-cow-ghee-tetrapack-rich-aroma/pvid/9b5b0e26-8ed5-4afe-9561-f0909d0faf11,"https://cdn.zeptonow.com/production/tr:w-1280,ar-1500-1500,pr-true,f-auto,q-80/cms/product_variant/ce2ea1e4-bf5f-49fe-88b4-bb3a3165d3cc.jpg"
"Atta, Rice, Oil & Dals",Ghee,"https://cdn.zeptonow.com/production/tr:w-90,ar-120-121,pr-true,f-auto,q-80/cms/sub_category/20.png",Barosi A2 Desi Cow Ghee,Barosi,419,649,1 pc (300 ml),5 (220),In Stock,https://www.zeptonow.com/pn/barosi-a2-desi-cow-ghee/pvid/3abaf32c-dfa8-4edf-af59-1c2af1676e4b,"https://cdn.zeptonow.com/production/tr:w-1280,ar-2048-2048,pr-true,f-auto,q-80/cms/product_variant/81b08347-5787-4a40-963e-32fda257fa51.jpeg"
"Atta, Rice, Oil & Dals",Ghee,"https://cdn.zeptonow.com/production/tr:w-90,ar-120-121,pr-true,f-auto,q-80/cms/sub_category/20.png",Pride Of Cows Pure Cow Ghee - Single Origin Jar,Pride,1475,2200,1 pc (1 L),4.8 (100),In Stock,https://www.zeptonow.com/pn/pride-of-cows-pure-cow-ghee-single-origin-jar/pvid/88f7b083-15a6-468c-9ed5-f33606bb3645,"https://cdn.zeptonow.com/production/tr:w-1280,ar-2400-2400,pr-true,f-auto,q-80/cms/product_variant/621b1ae6-361a-49a7-b5d1-cb1b5ef02a50.jpg"
"Atta, Rice, Oil & Dals",Ghee,"https://cdn.zeptonow.com/production/tr:w-90,ar-120-121,pr-true,f-auto,q-80/cms/sub_category/20.png",Akshayakalpa Organic Cow Ghee,Akshayakalpa,681,799,1 pc (490 ml),4.3 (547),In Stock,https://www.zeptonow.com/pn/akshayakalpa-organic-cow-ghee/pvid/b56ae70b-e7a7-4f6f-8c54-7f74f4c95074,"https://cdn.zeptonow.com/production/tr:w-1280,ar-2000-2000,pr-true,f-auto,q-80/cms/product_variant/052f6076-5799-412f-a049-c2bb0eab2aa5.jpeg"
"Atta, Rice, Oil & Dals",Ghee,"https://cdn.zeptonow.com/production/tr:w-90,ar-120-121,pr-true,f-auto,q-80/cms/sub_category/20.png",Kapiva A2 Cow Desi Ghee,Kapiva,999,1149,1 pc (500 ml),4.9 (212),In Stock,https://www.zeptonow.com/pn/kapiva-a2-cow-desi-ghee/pvid/caecc422-ba93-4729-b950-bea9152879ee,"https://cdn.zeptonow.com/production/tr:w-1280,ar-1500-1500,pr-true,f-auto,q-80/cms/product_variant/ccb89566-fb4f-4970-af98-1f7d778e88f6.jpeg"
"Atta, Rice, Oil & Dals",Ghee,"https://cdn.zeptonow.com/production/tr:w-90,ar-120-121,pr-true,f-auto,q-80/cms/sub_category/20.png",Akshayakalpa Organic Desi Cow Ghee,Akshayakalpa,641,689,1 pc (300 ml),4.6 (83),In Stock,https://www.zeptonow.com/pn/akshayakalpa-organic-desi-cow-ghee/pvid/47bb462f-188e-4b3c-9e9f-72098e150b27,"https://cdn.zeptonow.com/production/tr:w-1280,ar-1000-1000,pr-true,f-auto,q-80/cms/product_variant/c62b1b52-bdf3-49d5-bae3-c8740ad62f87.jpeg"
"Atta, Rice, Oil & Dals",Ghee,"https://cdn.zeptonow.com/production/tr:w-90,ar-120-121,pr-true,f-auto,q-80/cms/sub_category/20.png",Godrej Jersey Cow Ghee,Godrej Jersey,592,779,1 pack (1 L),5 (510),In Stock,https://www.zeptonow.com/pn/godrej-jersey-cow-ghee/pvid/747a6ed8-9239-4ef4-bfa2-1aa548be8f84,"https://cdn.zeptonow.com/production/tr:w-1280,ar-1200-1200,pr-true,f-auto,q-80/cms/product_variant/8527b24d-752c-4427-842a-9c8898484ee5.jpg"
"Atta, Rice, Oil & Dals",Ghee,"https://cdn.zeptonow.com/production/tr:w-90,ar-120-121,pr-true,f-auto,q-80/cms/sub_category/20.png",Amul High Aroma Cow Ghee | Jar,Amul,353,365,1 pc (500 ml),4.7 (4.5k),In Stock,https://www.zeptonow.com/pn/amul-high-aroma-cow-ghee-jar/pvid/1bbd0481-00ce-49e2-bf43-69c5ca93ebab,"https://cdn.zeptonow.com/production/tr:w-1280,ar-1200-1200,pr-true,f-auto,q-80/cms/product_variant/459d07bd-1dd6-408d-babe-eee05e28b6d5.jpg"
"Atta, Rice, Oil & Dals",Ghee,"https://cdn.zeptonow.com/production/tr:w-90,ar-120-121,pr-true,f-auto,q-80/cms/sub_category/20.png",Amul Pure Ghee | Carton,Amul,609,650,1 pack (1 L),4.6 (20.5k),In Stock,https://www.zeptonow.com/pn/amul-pure-ghee-carton/pvid/dcbca8b6-4855-4198-be37-607595d8d6ca,"https://cdn.zeptonow.com/production/tr:w-1280,ar-3000-3000,pr-true,f-auto,q-80/cms/product_variant/d68fe0ad-3e23-4af3-9646-a8786bc09c95.jpeg"
"Atta, Rice, Oil & Dals",Ghee,"https://cdn.zeptonow.com/production/tr:w-90,ar-120-121,pr-true,f-auto,q-80/cms/sub_category/20.png",Amul High Aroma Ghee,Amul,152,152,1 pc (200 ml),4.5 (434),In Stock,https://www.zeptonow.com/pn/amul-high-aroma-ghee/pvid/a676211d-7fa5-4276-9b99-3e34698cd36c,"https://cdn.zeptonow.com/production/tr:w-1280,ar-3000-3000,pr-true,f-auto,q-80/inventory/product/a676211d-7fa5-4276-9b99-3e34698cd36c-1wAUaRqDLMXgbYIkLjDG9gFC4Z1KQJo8l.jpeg"
"Atta, Rice, Oil & Dals",Ghee,"https://cdn.zeptonow.com/production/tr:w-90,ar-120-121,pr-true,f-auto,q-80/cms/sub_category/20.png",Aavin Ghee | Jar,Aavin,347,365,1 pc (500 ml),4.6 (2.4k),In Stock,https://www.zeptonow.com/pn/aavin-ghee-jar/pvid/00414316-f114-4f26-91d0-6b0d810b2980,"https://cdn.zeptonow.com/production/tr:w-1280,ar-500-500,pr-true,f-auto,q-80/inventory/product/64bf3059-7f66-4f99-96d1-55b25bd70f04-a73e3faf-ef2b-4e06-88eb-c83b12bdc95c.jpeg"
"Atta, Rice, Oil & Dals",Ghee,"https://cdn.zeptonow.com/production/tr:w-90,ar-120-121,pr-true,f-auto,q-80/cms/sub_category/20.png",GRB Ghee - Bottle,GRB,186,202,1 pc (200 ml),4.8 (5.9k),In Stock,https://www.zeptonow.com/pn/grb-ghee-bottle/pvid/f49468a7-657c-49ea-93af-43e3905d5218,"https://cdn.zeptonow.com/production/tr:w-1280,ar-1200-1200,pr-true,f-auto,q-80/cms/product_variant/a4f03a33-9477-4662-a823-a20f8f8345e8.jpg"
"Atta, Rice, Oil & Dals",Ghee,"https://cdn.zeptonow.com/production/tr:w-90,ar-120-121,pr-true,f-auto,q-80/cms/sub_category/20.png",Akshayakalpa Organic Cow Ghee,Akshayakalpa,301,329,1 pc (195 ml),4.7 (868),In Stock,https://www.zeptonow.com/pn/akshayakalpa-organic-cow-ghee/pvid/3bfd8c98-3004-46ad-bf6f-102e3c378113,"https://cdn.zeptonow.com/production/tr:w-1280,ar-2000-2000,pr-true,f-auto,q-80/cms/product_variant/728d9c02-33ce-4de5-a18a-3212a4e75f38.jpeg"
"Atta, Rice, Oil & Dals",Ghee,"https://cdn.zeptonow.com/production/tr:w-90,ar-120-121,pr-true,f-auto,q-80/cms/sub_category/20.png",Udhayakrishna Ghee | Jar,Udhayakrishna,470,505,1 pc (500 ml),5 (347),In Stock,https://www.zeptonow.com/pn/udhayakrishna-ghee-jar/pvid/96711695-bb74-4bc2-b4f4-83c05eb009d4,"https://cdn.zeptonow.com/production/tr:w-1280,ar-1200-1200,pr-true,f-auto,q-80/cms/product_variant/36cdd759-4e28-485f-98f6-35c20eff5f34.jpeg"
"Atta, Rice, Oil & Dals",Ghee,"https://cdn.zeptonow.com/production/tr:w-90,ar-120-121,pr-true,f-auto,q-80/cms/sub_category/20.png",Grb Ghee | Pouch,Grb,805,883,1 pack (1 L),4.8 (658),In Stock,https://www.zeptonow.com/pn/grb-ghee-pouch/pvid/66181880-adfd-43a3-8f74-1a8d8ec2980c,"https://cdn.zeptonow.com/production/tr:w-1280,ar-1200-1200,pr-true,f-auto,q-80/cms/product_variant/d208b6fc-a439-4dcb-9399-479f55fb49d3.jpg"
"Atta, Rice, Oil & Dals",Ghee,"https://cdn.zeptonow.com/production/tr:w-90,ar-120-121,pr-true,f-auto,q-80/cms/sub_category/20.png",GRB Ghee - Bottle,GRB,446,489,1 pc (500 ml),4.8 (6.3k),In Stock,https://www.zeptonow.com/pn/grb-ghee-bottle/pvid/cb7edd0f-981f-4073-8b2b-451002019f5f,"https://cdn.zeptonow.com/production/tr:w-1280,ar-2400-2400,pr-true,f-auto,q-80/cms/product_variant/2943dc55-10d5-4e34-8637-3875bad57808.jpeg"
"Atta, Rice, Oil & Dals",Ghee,"https://cdn.zeptonow.com/production/tr:w-90,ar-120-121,pr-true,f-auto,q-80/cms/sub_category/20.png",Nandini Pure Ghee - Pouch,Nandini,650,670,1 pack (1 L),4.7 (17.8k),In Stock,https://www.zeptonow.com/pn/nandini-pure-ghee-pouch/pvid/d5d4fb94-62a0-4c01-8257-45ea83ee98a4,"https://cdn.zeptonow.com/production/tr:w-1280,ar-1000-1000,pr-true,f-auto,q-80/cms/product_variant/0019d761-4681-4c88-87c1-fc2da3750007.png"
"Atta, Rice, Oil & Dals",Ghee,"https://cdn.zeptonow.com/production/tr:w-90,ar-120-121,pr-true,f-auto,q-80/cms/sub_category/20.png",Heritage Cow Ghee | Jar,Heritage,317,390,1 pc (500 ml),4.8 (2.5k),In Stock,https://www.zeptonow.com/pn/heritage-cow-ghee-jar/pvid/f6fc21b2-57f3-40b6-b50a-5abc41c2de5b,"https://cdn.zeptonow.com/production/tr:w-1280,ar-1200-1200,pr-true,f-auto,q-80/cms/product_variant/bb886ac4-5e63-47e9-8f78-1a0c8b442dba.jpg"
"Atta, Rice, Oil & Dals",Ghee,"https://cdn.zeptonow.com/production/tr:w-90,ar-120-121,pr-true,f-auto,q-80/cms/sub_category/20.png",Aavin Ghee | Jar,Aavin,160,160,1 pc (200 ml),4.6 (2.9k),In Stock,https://www.zeptonow.com/pn/aavin-ghee-jar/pvid/3d426546-e075-42db-a067-8c81f8caddba,"https://cdn.zeptonow.com/production/tr:w-1280,ar-1200-1200,pr-true,f-auto,q-80/cms/product_variant/26d9aad4-9337-4523-ac4d-b89ed672356b.jpg"
"Atta, Rice, Oil & Dals",Ghee,"https://cdn.zeptonow.com/production/tr:w-90,ar-120-121,pr-true,f-auto,q-80/cms/sub_category/20.png",Himalayan Natives Cow Ghee Original | Jar,Himalayan,279,299,1 pc (250 ml),4.2 (1.6k),In Stock,https://www.zeptonow.com/pn/himalayan-natives-cow-ghee-original-jar/pvid/139a9a35-4c8c-418a-9c4f-5f7c456c950b,"https://cdn.zeptonow.com/production/tr:w-1280,ar-1080-1080,pr-true,f-auto,q-80/cms/product_variant/a3e122ab-a6b2-491a-8c93-9f5da8331bc0.jpeg"
"Atta, Rice, Oil & Dals",Ghee,"https://cdn.zeptonow.com/production/tr:w-90,ar-120-121,pr-true,f-auto,q-80/cms/sub_category/20.png",Aavin Agmark Ghee Special Grade,Aavin,683,700,1 pc (1 L),4.3 (508),In Stock,https://www.zeptonow.com/pn/aavin-agmark-ghee-special-grade/pvid/ec07b309-869d-4c11-aca3-e27362fb5205,"https://cdn.zeptonow.com/production/tr:w-1280,ar-2400-2400,pr-true,f-auto,q-80/cms/product_variant/2baf15d8-fce4-4046-8126-3ddc18ab1c9a.jpeg"
"Atta, Rice, Oil & Dals",Ghee,"https://cdn.zeptonow.com/production/tr:w-90,ar-120-121,pr-true,f-auto,q-80/cms/sub_category/20.png",Nandini Pure Ghee - Pouch,Nandini,332,335,1 pack (500 ml),4.7 (22.1k),In Stock,https://www.zeptonow.com/pn/nandini-pure-ghee-pouch/pvid/d70b85f2-2d12-42b6-a8df-e115df06045b,"https://cdn.zeptonow.com/production/tr:w-1280,ar-1500-1500,pr-true,f-auto,q-80/cms/product_variant/516449ad-3591-4757-bb9a-48f1039d635b.jpg"
"Atta, Rice, Oil & Dals",Ghee,"https://cdn.zeptonow.com/production/tr:w-90,ar-120-121,pr-true,f-auto,q-80/cms/sub_category/20.png",Pride Of Cows Pure Cow Ghee - Single Origin Jar,Pride,771,1150,1 pc (500 ml),5 (147),In Stock,https://www.zeptonow.com/pn/pride-of-cows-pure-cow-ghee-single-origin-jar/pvid/5054ad43-b0ae-4a35-bf50-23fb3b5864d3,"https://cdn.zeptonow.com/production/tr:w-1280,ar-4500-4500,pr-true,f-auto,q-80/cms/product_variant/0feb76c7-3762-4b60-8797-dfc05c49b1bf.jpeg"
"Atta, Rice, Oil & Dals",Ghee,"https://cdn.zeptonow.com/production/tr:w-90,ar-120-121,pr-true,f-auto,q-80/cms/sub_category/20.png",RKG Ghee | Jar,RKG,776,970,1 pc (1 L),5 (62),In Stock,https://www.zeptonow.com/pn/rkg-ghee-jar/pvid/fc358ebe-c678-4752-a2bb-b93f87c55d62,"https://cdn.zeptonow.com/production/tr:w-1280,ar-900-900,pr-true,f-auto,q-80/cms/product_variant/17d4c4d4-dcc2-40e5-a441-0df2f24142b4.jpeg"
"Atta, Rice, Oil & Dals",Ghee,"https://cdn.zeptonow.com/production/tr:w-90,ar-120-121,pr-true,f-auto,q-80/cms/sub_category/20.png",Milky Mist Agmark Ghee,Milky Mist,341,439,1 pc (500 ml),4.2 (903),In Stock,https://www.zeptonow.com/pn/milky-mist-agmark-ghee/pvid/825144bf-25f0-42df-841a-e10661566fa3,"https://cdn.zeptonow.com/production/tr:w-1280,ar-2400-2400,pr-true,f-auto,q-80/cms/product_variant/3b903dd8-e33d-4b22-8014-85cdbcb77609.jpeg"
"Atta, Rice, Oil & Dals",Ghee,"https://cdn.zeptonow.com/production/tr:w-90,ar-120-121,pr-true,f-auto,q-80/cms/sub_category/20.png",Godrej Jersey Cow Ghee Jar,Godrej Jersey,638,799,1 pc (1 L),5 (72),In Stock,https://www.zeptonow.com/pn/godrej-jersey-cow-ghee-jar/pvid/72053b9e-f2cc-40b4-ba35-5d37530932a1,"https://cdn.zeptonow.com/production/tr:w-1280,ar-3000-3000,pr-true,f-auto,q-80/cms/product_variant/1615a2ba-b969-401c-ab7d-df196eb3aa3a.jpg"
"Atta, Rice, Oil & Dals",Ghee,"https://cdn.zeptonow.com/production/tr:w-90,ar-120-121,pr-true,f-auto,q-80/cms/sub_category/20.png",RKG Ghee | Jar,RKG,167,208,1 pc (200 ml),4.9 (331),In Stock,https://www.zeptonow.com/pn/rkg-ghee-jar/pvid/81636921-4db1-4105-a956-d84b4a67ae01,"https://cdn.zeptonow.com/production/tr:w-1280,ar-900-900,pr-true,f-auto,q-80/cms/product_variant/79964806-4771-48bd-84f7-7e2befe2f736.jpeg"
"Atta, Rice, Oil & Dals",Ghee,"https://cdn.zeptonow.com/production/tr:w-90,ar-120-121,pr-true,f-auto,q-80/cms/sub_category/20.png",GRB Ghee - Standee Pouch,GRB,443,481,1 pack (500 ml),4.3 (1.2k),In Stock,https://www.zeptonow.com/pn/grb-ghee-standee-pouch/pvid/2c1c8cef-ca10-44c3-9d87-f1ec734b3812,"https://cdn.zeptonow.com/production/tr:w-1280,ar-1200-1200,pr-true,f-auto,q-80/cms/product_variant/37bdfafe-29ad-4007-9ba0-6d543411bca8.jpg"
"Atta, Rice, Oil & Dals",Ghee,"https://cdn.zeptonow.com/production/tr:w-90,ar-120-121,pr-true,f-auto,q-80/cms/sub_category/20.png",Daily Good Pure Cow Ghee,Daily Good,574,700,1 pack (900 ml),4.7 (1.0k),In Stock,https://www.zeptonow.com/pn/daily-good-pure-cow-ghee/pvid/621f94af-46a9-40d5-a128-fb075335926a,"https://cdn.zeptonow.com/production/tr:w-1280,ar-4500-4500,pr-true,f-auto,q-80/cms/product_variant/93f47312-239a-44c3-863c-e4df988f31ab.jpeg"
"Atta, Rice, Oil & Dals",Ghee,"https://cdn.zeptonow.com/production/tr:w-90,ar-120-121,pr-true,f-auto,q-80/cms/sub_category/20.png","Organic India Pure Cow Ghee, Lab tested on 600+ Parameters, Certified Organic",Organic,626,849,1 pc (500 ml),4.6 (657),In Stock,https://www.zeptonow.com/pn/organic-india-pure-cow-ghee-lab-tested-on-600-parameters-certified-organic/pvid/a15ae993-8e4e-4076-877a-0efc89c4734a,"https://cdn.zeptonow.com/production/tr:w-1280,ar-2400-2400,pr-true,f-auto,q-80/cms/product_variant/c5877cd6-d733-4359-a6b6-f82c295bd872.jpeg"
"Atta, Rice, Oil & Dals",Ghee,"https://cdn.zeptonow.com/production/tr:w-90,ar-120-121,pr-true,f-auto,q-80/cms/sub_category/20.png",Himalayan Natives 100% Natural Pahadi Ghee | Jar,Himalayan,839,1199,1 pc (1 L),4.8 (212),In Stock,https://www.zeptonow.com/pn/himalayan-natives-100-natural-pahadi-ghee-jar/pvid/aeb9f8a1-2173-4676-8c47-2c3a81c40782,"https://cdn.zeptonow.com/production/tr:w-1280,ar-1080-1080,pr-true,f-auto,q-80/cms/product_variant/43405db4-604b-4596-8dcb-df82abd19eef.jpeg"
"Atta, Rice, Oil & Dals",Ghee,"https://cdn.zeptonow.com/production/tr:w-90,ar-120-121,pr-true,f-auto,q-80/cms/sub_category/20.png",Pride Of Cows Pure Cow Ghee - Single Origin,Pride,424,550,1 pc (200 ml),4.9 (79),In Stock,https://www.zeptonow.com/pn/pride-of-cows-pure-cow-ghee-single-origin/pvid/61b8c4ff-0b75-4da9-93a3-127bda93ce88,"https://cdn.zeptonow.com/production/tr:w-1280,ar-4500-4500,pr-true,f-auto,q-80/cms/product_variant/7f2d7bdc-fb29-4c60-9d70-ea88d518c4b1.jpeg"
"Atta, Rice, Oil & Dals",Ghee,"https://cdn.zeptonow.com/production/tr:w-90,ar-120-121,pr-true,f-auto,q-80/cms/sub_category/20.png",Himalayan Natives Cow Ghee Original | Jar,Himalayan,819,1049,1 pc (1 L),4.2 (1.3k),In Stock,https://www.zeptonow.com/pn/himalayan-natives-cow-ghee-original-jar/pvid/1884d4f5-2190-477d-82ab-e3455d3bcf14,"https://cdn.zeptonow.com/production/tr:w-1280,ar-1080-1080,pr-true,f-auto,q-80/cms/product_variant/1f76950a-1d20-48b5-aebc-6e9fa4e8b384.jpeg"
"Atta, Rice, Oil & Dals",Ghee,"https://cdn.zeptonow.com/production/tr:w-90,ar-120-121,pr-true,f-auto,q-80/cms/sub_category/20.png",Paras Nandan Cow Ghee poly pack,Paras,593,750,1 pack (1 L),4.6 (414),In Stock,https://www.zeptonow.com/pn/paras-nandan-cow-ghee-poly-pack/pvid/88ed0aa3-8896-4ce8-be5d-2412711a54c7,"https://cdn.zeptonow.com/production/tr:w-1280,ar-2400-2400,pr-true,f-auto,q-80/cms/product_variant/a295bd95-d957-4437-b99e-5f9261ea664f.jpeg"
"Atta, Rice, Oil & Dals",Ghee,"https://cdn.zeptonow.com/production/tr:w-90,ar-120-121,pr-true,f-auto,q-80/cms/sub_category/20.png",Heritage Buffalo Ghee Special Grade With Milk Fat | Pouch,Heritage,332,375,1 pack (500 ml),4.3 (975),In Stock,https://www.zeptonow.com/pn/heritage-buffalo-ghee-special-grade-with-milk-fat-pouch/pvid/96b7626f-9be2-421c-a1db-4d622cb8d99a,"https://cdn.zeptonow.com/production/tr:w-1280,ar-980-980,pr-true,f-auto,q-80/cms/product_variant/afd9db8b-afa7-47a1-aa3e-ff49812542d7.jpg"
"Atta, Rice, Oil & Dals",Ghee,"https://cdn.zeptonow.com/production/tr:w-90,ar-120-121,pr-true,f-auto,q-80/cms/sub_category/20.png",Nutralite Doodhshakti Pure Ghee - 1 L,Nutralite,573,660,1 pack (1 L),4.5 (1.3k),In Stock,https://www.zeptonow.com/pn/nutralite-doodhshakti-pure-ghee-1-l/pvid/9987df70-6c46-4528-a3cd-5c8b30ea5779,"https://cdn.zeptonow.com/production/tr:w-1280,ar-2400-2400,pr-true,f-auto,q-80/cms/product_variant/4b0a7bfb-c41e-47d2-a6ec-c40becbedde9.jpeg"
"Atta, Rice, Oil & Dals",Ghee,"https://cdn.zeptonow.com/production/tr:w-90,ar-120-121,pr-true,f-auto,q-80/cms/sub_category/20.png",Jivika A2 Desi Buffalo Ghee | Traditionally Churned Bilona Method,Jivika,789,1399,1 pc (1 L),4.2 (161),In Stock,https://www.zeptonow.com/pn/jivika-a2-desi-buffalo-ghee-traditionally-churned-bilona-method/pvid/b94b30e6-dfb6-4a48-b21d-2089e4b71152,"https://cdn.zeptonow.com/production/tr:w-1280,ar-2400-2400,pr-true,f-auto,q-80/cms/product_variant/1d4ea585-fa02-499d-823f-895d053af8c3.jpeg"
"Atta, Rice, Oil & Dals",Ghee,"https://cdn.zeptonow.com/production/tr:w-90,ar-120-121,pr-true,f-auto,q-80/cms/sub_category/20.png",Patanjali Cow Ghee Desi Danedar Rich Aroma Natural Healthy,Patanjali,776,880,1 pc (1 L),4.3 (1.3k),In Stock,https://www.zeptonow.com/pn/patanjali-cow-ghee-desi-danedar-rich-aroma-natural-healthy/pvid/74e06cae-42dc-4b1e-95fc-8f7fbcf43ed8,"https://cdn.zeptonow.com/production/tr:w-1280,ar-2000-2000,pr-true,f-auto,q-80/cms/product_variant/79f4509e-5654-4d60-8188-c5d655b12114.jpeg"
"Atta, Rice, Oil & Dals",Ghee,"https://cdn.zeptonow.com/production/tr:w-90,ar-120-121,pr-true,f-auto,q-80/cms/sub_category/20.png",Milky Mist Ghee | Pouch,Milky Mist,307,419,1 pack (500 ml),4.7 (125),In Stock,https://www.zeptonow.com/pn/milky-mist-ghee-pouch/pvid/f12517fb-cc87-4dc1-8465-f72461062a93,"https://cdn.zeptonow.com/production/tr:w-1280,ar-1600-1600,pr-true,f-auto,q-80/cms/product_variant/4b3295ce-7598-4b2f-b9c4-f4030baed759.jpeg"
"Atta, Rice, Oil & Dals",Ghee,"https://cdn.zeptonow.com/production/tr:w-90,ar-120-121,pr-true,f-auto,q-80/cms/sub_category/20.png",Godrej Jersey Buffalo Ghee Jar,Godrej Jersey,645,799,1 pc (1 L),4.9 (66),In Stock,https://www.zeptonow.com/pn/godrej-jersey-buffalo-ghee-jar/pvid/189d21e6-a343-4939-84ec-e80bb7c82a92,"https://cdn.zeptonow.com/production/tr:w-1280,ar-3000-3000,pr-true,f-auto,q-80/cms/product_variant/2dc06bed-442a-42d8-a307-47abc5f7bb65.jpg"
"Atta, Rice, Oil & Dals",Ghee,"https://cdn.zeptonow.com/production/tr:w-90,ar-120-121,pr-true,f-auto,q-80/cms/sub_category/20.png",Patanjali Cow Ghee,Patanjali,165,165,1 pack (200 ml),4.4 (1.9k),In Stock,https://www.zeptonow.com/pn/patanjali-cow-ghee/pvid/6bf66aa6-78ea-4b05-8201-e1874e4c9083,"https://cdn.zeptonow.com/production/tr:w-1280,ar-2000-2000,pr-true,f-auto,q-80/cms/product_variant/3ff685d0-b5a2-4074-b0a9-2add97e3bdeb.jpeg"
"Atta, Rice, Oil & Dals",Ghee,"https://cdn.zeptonow.com/production/tr:w-90,ar-120-121,pr-true,f-auto,q-80/cms/sub_category/20.png",Patanjali Cow Ghee Desi Danedar Rich Aroma Natural And Healthy | Tetra Pack,Patanjali,390,390,1 pack (500 ml),4.6 (7.4k),In Stock,https://www.zeptonow.com/pn/patanjali-cow-ghee-desi-danedar-rich-aroma-natural-and-healthy-tetra-pack/pvid/98a3a0a6-8325-4cf6-901f-fe7e438fbe0c,"https://cdn.zeptonow.com/production/tr:w-1280,ar-2000-2000,pr-true,f-auto,q-80/cms/product_variant/5ee978fd-6da7-43b7-9562-fb8bc68fc20a.jpeg"
"Atta, Rice, Oil & Dals",Ghee,"https://cdn.zeptonow.com/production/tr:w-90,ar-120-121,pr-true,f-auto,q-80/cms/sub_category/20.png",Gowardhan Pure Cow Ghee | Jar,Gowardhan,728,799,1 pc (1 L),4.8 (9.2k),In Stock,https://www.zeptonow.com/pn/gowardhan-pure-cow-ghee-jar/pvid/32fe31b9-7ec7-445a-8497-96acee80b8d3,"https://cdn.zeptonow.com/production/tr:w-1280,ar-2400-2400,pr-true,f-auto,q-80/cms/product_variant/e60339ba-2ffb-45b1-a9cd-6d4ca188f188.jpeg"
"Atta, Rice, Oil & Dals",Ghee,"https://cdn.zeptonow.com/production/tr:w-90,ar-120-121,pr-true,f-auto,q-80/cms/sub_category/20.png",Himalayan Natives Organic Bilona Cow Ghee Jar,Himalayan,299,499,1 pack (250 ml),4.6 (372),In Stock,https://www.zeptonow.com/pn/himalayan-natives-organic-bilona-cow-ghee-jar/pvid/78ae25c2-d0cd-46fb-98da-fd697189e1de,"https://cdn.zeptonow.com/production/tr:w-1280,ar-1080-1080,pr-true,f-auto,q-80/cms/product_variant/9acdf32a-e2f2-45cb-9800-1bef134bf609.jpeg"
"Atta, Rice, Oil & Dals",Ghee,"https://cdn.zeptonow.com/production/tr:w-90,ar-120-121,pr-true,f-auto,q-80/cms/sub_category/20.png",Jivika Natural Cow Ghee | Traditionally Churned Bilona Method A2 Ghee,Jivika,829,1399,1 pc (1 L),4.6 (91),In Stock,https://www.zeptonow.com/pn/jivika-natural-cow-ghee-traditionally-churned-bilona-method-a2-ghee/pvid/3db0e53b-fe4e-4ab4-9a57-2ed8213691ba,"https://cdn.zeptonow.com/production/tr:w-1280,ar-2400-2400,pr-true,f-auto,q-80/cms/product_variant/29f5ff1e-aa2a-4a32-be84-6e623c51ac2d.jpeg"
"Atta, Rice, Oil & Dals",Ghee,"https://cdn.zeptonow.com/production/tr:w-90,ar-120-121,pr-true,f-auto,q-80/cms/sub_category/20.png",Godrej Jersey Cow Ghee | Jar,Godrej Jersey,340,410,1 pc (500 ml),5 (108),In Stock,https://www.zeptonow.com/pn/godrej-jersey-cow-ghee-jar/pvid/9a67dfaf-1d80-4aeb-a85f-22ab2dbd05af,"https://cdn.zeptonow.com/production/tr:w-1280,ar-2400-2400,pr-true,f-auto,q-80/cms/product_variant/65c79344-0f62-4889-9df5-ce2fb00a8bc4.jpeg"
"Atta, Rice, Oil & Dals",Ghee,"https://cdn.zeptonow.com/production/tr:w-90,ar-120-121,pr-true,f-auto,q-80/cms/sub_category/20.png",Himalayan Natives A2 Badri Cow Ghee | Jar,Himalayan,959,2100,1 pc (500 ml),5 (79),In Stock,https://www.zeptonow.com/pn/himalayan-natives-a2-badri-cow-ghee-jar/pvid/f2518db2-bcbf-4a3c-a021-11408a44e494,"https://cdn.zeptonow.com/production/tr:w-1280,ar-1080-1080,pr-true,f-auto,q-80/cms/product_variant/70946cd6-9f30-4669-9b0a-bc2dd5325990.jpeg"
"Atta, Rice, Oil & Dals",Ghee,"https://cdn.zeptonow.com/production/tr:w-90,ar-120-121,pr-true,f-auto,q-80/cms/sub_category/20.png",Godrej Jersey Cow Ghee | Pouch,Godrej Jersey,318,399,1 pack (500 ml),5 (172),In Stock,https://www.zeptonow.com/pn/godrej-jersey-cow-ghee-pouch/pvid/5c015abc-4876-4db4-82b9-f5dac453434f,"https://cdn.zeptonow.com/production/tr:w-1280,ar-1200-1200,pr-true,f-auto,q-80/cms/product_variant/5a4541b7-63e9-4542-954d-a281e2cb735d.jpg"
"Atta, Rice, Oil & Dals",Ghee,"https://cdn.zeptonow.com/production/tr:w-90,ar-120-121,pr-true,f-auto,q-80/cms/sub_category/20.png",Shubhkart Darshana Puja Ghee 500 ml Combo,Shan,308,350,500 ml X 2,4.6 (441),In Stock,https://www.zeptonow.com/pn/shubhkart-darshana-puja-ghee-500-ml-combo/pvid/13db4a87-6bde-4d03-b662-9d83d983c20b,"https://cdn.zeptonow.com/production/tr:w-1280,ar-1500-1500,pr-true,f-auto,q-80/cms/product_variant/608d0a14-274b-4f55-ab03-075be3d1e773.jpg"
"Atta, Rice, Oil & Dals",Ghee,"https://cdn.zeptonow.com/production/tr:w-90,ar-120-121,pr-true,f-auto,q-80/cms/sub_category/20.png",Nandini Pure Ghee (Pouch)(500 ml) & Parry's Amrit Jaggery Powder(500 gms) Combo,Nandini,374,390,2 combo,4.2 (841),In Stock,https://www.zeptonow.com/pn/nandini-pure-ghee-pouch500-ml-parrys-amrit-jaggery-powder500-gms-combo/pvid/84cd9a5f-eab2-4b35-bf4c-b3dbf7a9f58b,"https://cdn.zeptonow.com/production/tr:w-1280,ar-1000-1000,pr-true,f-auto,q-80/cms/product_variant/b41fd362-9a04-4582-90e7-09ea35751205.jpeg"
"Atta, Rice, Oil & Dals",Ghee,"https://cdn.zeptonow.com/production/tr:w-90,ar-120-121,pr-true,f-auto,q-80/cms/sub_category/20.png",Heritage Cow Ghee | Jar 500 ml Combo,Heritage,596,780,500 ml X 2,4.5 (728),In Stock,https://www.zeptonow.com/pn/heritage-cow-ghee-jar-500-ml-combo/pvid/394ce07e-66f9-4660-aa1a-d3fdeec2ded8,"https://cdn.zeptonow.com/production/tr:w-1280,ar-1200-1200,pr-true,f-auto,q-80/cms/product_variant/8d0d2ab2-f683-4c83-8427-7c7d3145b0e0.jpg"
"Atta, Rice, Oil & Dals",Ghee,"https://cdn.zeptonow.com/production/tr:w-90,ar-120-121,pr-true,f-auto,q-80/cms/sub_category/20.png",Amul High Aroma Cow Ghee | Jar 500 ml Combo,Amul,670,730,500 ml X 2,4.5 (897),In Stock,https://www.zeptonow.com/pn/amul-high-aroma-cow-ghee-jar-500-ml-combo/pvid/15707e51-154d-4b67-9074-aa3a61864179,"https://cdn.zeptonow.com/production/tr:w-1280,ar-1200-1200,pr-true,f-auto,q-80/cms/product_variant/632abbf6-cca5-4e1f-b194-89f57452e56f.jpg"
"Atta, Rice, Oil & Dals",Ghee,"https://cdn.zeptonow.com/production/tr:w-90,ar-120-121,pr-true,f-auto,q-80/cms/sub_category/20.png",Akshayakalpa Organic Cow Ghee 195 ml X 2 Combo,Akshayakalpa,602,658,195 ml X 2,4.7 (274),In Stock,https://www.zeptonow.com/pn/akshayakalpa-organic-cow-ghee-195-ml-x-2-combo/pvid/ade766ee-30eb-4285-a0dd-336d56bf4ba2,"https://cdn.zeptonow.com/production/tr:w-1280,ar-1200-1200,pr-true,f-auto,q-80/cms/product_variant/85d822d9-d5ec-481f-903c-0e5b15d2bdc4.jpg"
"Atta, Rice, Oil & Dals",Ghee,"https://cdn.zeptonow.com/production/tr:w-90,ar-120-121,pr-true,f-auto,q-80/cms/sub_category/20.png",Nutralite Doodhshakti Pure Ghee - 1 L 1 l Combo,Nutralite,1054,1320,1 l X 2,4.5 (343),In Stock,https://www.zeptonow.com/pn/nutralite-doodhshakti-pure-ghee-1-l-1-l-combo/pvid/e82a5cbd-a246-4bef-aed3-75f03ca571ab,"https://cdn.zeptonow.com/production/tr:w-1280,ar-1200-1200,pr-true,f-auto,q-80/cms/product_variant/c9382d49-dc49-4089-a747-e9976fab2514.jpg"
"Atta, Rice, Oil & Dals",Ghee,"https://cdn.zeptonow.com/production/tr:w-90,ar-120-121,pr-true,f-auto,q-80/cms/sub_category/20.png",Aavin Agmark Ghee Special Grade 1 l Combo,Aavin,1316,1400,1 l X 2,4.5 (75),In Stock,https://www.zeptonow.com/pn/aavin-agmark-ghee-special-grade-1-l-combo/pvid/35a6a647-0635-496e-b0fb-e30235530b7a,"https://cdn.zeptonow.com/production/tr:w-1280,ar-1500-1500,pr-true,f-auto,q-80/inventory/product/0386f12f-312f-4279-b121-db08b43a5d40-3000.jpg"
"Atta, Rice, Oil & Dals",Ghee,"https://cdn.zeptonow.com/production/tr:w-90,ar-120-121,pr-true,f-auto,q-80/cms/sub_category/20.png",GRB Ghee - Standee Pouch 500 ml Combo,GRB,832,962,500 ml X 2,4.7 (498),In Stock,https://www.zeptonow.com/pn/grb-ghee-standee-pouch-500-ml-combo/pvid/2ee3275e-b332-4a70-828a-acdb47d35488,"https://cdn.zeptonow.com/production/tr:w-1280,ar-1200-1200,pr-true,f-auto,q-80/cms/product_variant/2acf867b-217a-40e8-9a7f-53831616e223.jpg"
"Atta, Rice, Oil & Dals",Ghee,"https://cdn.zeptonow.com/production/tr:w-90,ar-120-121,pr-true,f-auto,q-80/cms/sub_category/20.png",Anveshan A2 Desi Gir Cow Ghee 1 l Combo,Anveshan,3618,5590,1 l X 2,4.4 (172),In Stock,https://www.zeptonow.com/pn/anveshan-a2-desi-gir-cow-ghee-1-l-combo/pvid/a1265ade-5312-450d-bce1-b82922cd3b35,"https://cdn.zeptonow.com/production/tr:w-1280,ar-1500-1500,pr-true,f-auto,q-80/cms/product_variant/a5480686-fbaf-4840-9931-ce6a831eedb5.jpg"
"Atta, Rice, Oil & Dals",Ghee,"https://cdn.zeptonow.com/production/tr:w-90,ar-120-121,pr-true,f-auto,q-80/cms/sub_category/20.png",Akshayakalpa Organic Cow Ghee 490 ml Combo,Akshayakalpa,1362,1598,490 ml X 2,4.4 (423),In Stock,https://www.zeptonow.com/pn/akshayakalpa-organic-cow-ghee-490-ml-combo/pvid/b8702527-7ff4-45a0-8db5-29ef4e2a838c,"https://cdn.zeptonow.com/production/tr:w-1280,ar-1500-1500,pr-true,f-auto,q-80/cms/product_variant/7a8df00c-800e-4168-a633-b4b3ee7091a3.jpg"
"Atta, Rice, Oil & Dals",Ghee,"https://cdn.zeptonow.com/production/tr:w-90,ar-120-121,pr-true,f-auto,q-80/cms/sub_category/20.png","Organic India Pure Cow Ghee, Lab tested on 600+ Parameters, Certified Organic 500 ml Combo",Organic,1168,1698,500 ml X 2,4.7 (567),In Stock,https://www.zeptonow.com/pn/organic-india-pure-cow-ghee-lab-tested-on-600-parameters-certified-organic-500-ml-combo/pvid/d6f29aaa-2d8e-492d-a435-d70829335455,"https://cdn.zeptonow.com/production/tr:w-1280,ar-1500-1500,pr-true,f-auto,q-80/cms/product_variant/e8408bbb-0cc6-4455-8142-a1385935aacb.jpg"
"Atta, Rice, Oil & Dals",Ghee,"https://cdn.zeptonow.com/production/tr:w-90,ar-120-121,pr-true,f-auto,q-80/cms/sub_category/20.png","Aashirvaad Pure Cow Ghee, Pouch, Rich Aroma, Combo",Aashirvaad,1334,1560,1 l X 2,4.2 (238),In Stock,https://www.zeptonow.com/pn/aashirvaad-pure-cow-ghee-pouch-rich-aroma-combo/pvid/929bebfb-5be7-432f-a1b3-f140a07ed644,"https://cdn.zeptonow.com/production/tr:w-1280,ar-1200-1200,pr-true,f-auto,q-80/cms/product_variant/d6e2864c-a3f4-4ea9-b700-eb65a18b096e.jpg"
"Atta, Rice, Oil & Dals",Ghee,"https://cdn.zeptonow.com/production/tr:w-90,ar-120-121,pr-true,f-auto,q-80/cms/sub_category/20.png",Akshayakalpa Organic Cow Ghee 490 ml X 2 Combo,Akshayakalpa,1362,1598,490 ml X 2,4.5 (442),In Stock,https://www.zeptonow.com/pn/akshayakalpa-organic-cow-ghee-490-ml-x-2-combo/pvid/9d5b2221-82ef-4ad6-a032-956d572c9b2f,"https://cdn.zeptonow.com/production/tr:w-1280,ar-1200-1200,pr-true,f-auto,q-80/cms/product_variant/85e0d023-8523-4330-9d2f-aa4e64a2f53f.jpg"
"Atta, Rice, Oil & Dals",Ghee,"https://cdn.zeptonow.com/production/tr:w-90,ar-120-121,pr-true,f-auto,q-80/cms/sub_category/20.png",Akshayakalpa Organic Desi Cow Ghee 300 ml X 2 Combo,Akshayakalpa,1282,1378,300 ml X 2,4.3 (713),In Stock,https://www.zeptonow.com/pn/akshayakalpa-organic-desi-cow-ghee-300-ml-x-2-combo/pvid/17b2c345-607d-4766-b48b-0a0af5b2d247,"https://cdn.zeptonow.com/production/tr:w-1280,ar-1200-1200,pr-true,f-auto,q-80/cms/product_variant/873b9e27-4b26-4cfd-95be-00409e37ee12.jpg"
"Atta, Rice, Oil & Dals",Ghee,"https://cdn.zeptonow.com/production/tr:w-90,ar-120-121,pr-true,f-auto,q-80/cms/sub_category/20.png",Mother Dairy Ghee | Jar,Mother Dairy,171,190,1 pc (200 ml),5 (151),Sold Out,https://www.zeptonow.com/pn/mother-dairy-ghee-jar/pvid/cd190317-f0a6-4c46-9d0d-0329d744f74d,"https://cdn.zeptonow.com/production/tr:w-1280,ar-600-600,pr-true,f-auto,q-80/inventory/product/cd190317-f0a6-4c46-9d0d-0329d744f74d-19lvLLETNzqZqd_MqkyStyeiHyW_Yuf3C.jpeg"
"Atta, Rice, Oil & Dals",Ghee,"https://cdn.zeptonow.com/production/tr:w-90,ar-120-121,pr-true,f-auto,q-80/cms/sub_category/20.png",Earthen Story A2 Gir Cow Bilona Ghee,Earthen,849,1250,1 pc (500 ml),5 (76),Sold Out,https://www.zeptonow.com/pn/earthen-story-a2-gir-cow-bilona-ghee/pvid/8c31eed3-1033-43ac-86c0-e9ace7513a55,"https://cdn.zeptonow.com/production/tr:w-1280,ar-1500-1500,pr-true,f-auto,q-80/cms/product_variant/9c9e9273-eee3-4810-8899-2f468b3173fa.jpeg"
"Atta, Rice, Oil & Dals",Ghee,"https://cdn.zeptonow.com/production/tr:w-90,ar-120-121,pr-true,f-auto,q-80/cms/sub_category/20.png",Anveshan A2 Desi Cow Ghee,Anveshan,929,1110,1 pc (500 ml),4.3 (544),Sold Out,https://www.zeptonow.com/pn/anveshan-a2-desi-cow-ghee/pvid/4ac4f80d-287b-4719-ac33-0b5a8ab73e78,"https://cdn.zeptonow.com/production/tr:w-1280,ar-2048-2048,pr-true,f-auto,q-80/cms/product_variant/f5f473f0-e245-4bb4-a4af-747bfbb840b3.jpeg"
"Atta, Rice, Oil & Dals",Ghee,"https://cdn.zeptonow.com/production/tr:w-90,ar-120-121,pr-true,f-auto,q-80/cms/sub_category/20.png",Barosi A2 Desi Cow Ghee,Barosi,1509,2049,1 pc (1 L),4.8 (535),Sold Out,https://www.zeptonow.com/pn/barosi-a2-desi-cow-ghee/pvid/da36a2c7-58ce-4be7-a15e-62634319c937,"https://cdn.zeptonow.com/production/tr:w-1280,ar-1200-1200,pr-true,f-auto,q-80/cms/product_variant/4451ca3d-566a-4221-b53e-3658933be85f.jpg"
"Atta, Rice, Oil & Dals",Ghee,"https://cdn.zeptonow.com/production/tr:w-90,ar-120-121,pr-true,f-auto,q-80/cms/sub_category/20.png",Anveshan A2 Desi Cow Ghee,Anveshan,540,580,1 pc (250 ml),4.3 (523),Sold Out,https://www.zeptonow.com/pn/anveshan-a2-desi-cow-ghee/pvid/0ebdeb7d-6406-4335-8571-25f4563cd1a8,"https://cdn.zeptonow.com/production/tr:w-1280,ar-980-980,pr-true,f-auto,q-80/cms/product_variant/13457404-ea53-43f4-8256-4bda4da1b542.jpg"
"Atta, Rice, Oil & Dals",Ghee,"https://cdn.zeptonow.com/production/tr:w-90,ar-120-121,pr-true,f-auto,q-80/cms/sub_category/20.png",Anveshan A2 Gir Cow Ghee Traditional Bilona Method Cultured Curd Based Immunity Booster,Anveshan,999,1425,1 pc (500 ml),4.7 (289),Sold Out,https://www.zeptonow.com/pn/anveshan-a2-gir-cow-ghee-traditional-bilona-method-cultured-curd-based-immunity-booster/pvid/03e6da4e-0dc4-4aeb-844d-e57f79569a61,"https://cdn.zeptonow.com/production/tr:w-1280,ar-2048-2048,pr-true,f-auto,q-80/cms/product_variant/2ce3b8cb-8d8a-4f93-b829-79c38598e7ce.jpeg"
"Atta, Rice, Oil & Dals",Ghee,"https://cdn.zeptonow.com/production/tr:w-90,ar-120-121,pr-true,f-auto,q-80/cms/sub_category/20.png",Barosi A2 Desi Cow Ghee,Barosi,809,999,1 pc (500 ml),4.2 (543),Sold Out,https://www.zeptonow.com/pn/barosi-a2-desi-cow-ghee/pvid/11585894-ca1f-459e-b3f2-8bdcf94caab8,"https://cdn.zeptonow.com/production/tr:w-1280,ar-1200-1200,pr-true,f-auto,q-80/cms/product_variant/8c86138d-bcfb-49bb-a260-a6765efc2bea.jpg"
"Atta, Rice, Oil & Dals",Ghee,"https://cdn.zeptonow.com/production/tr:w-90,ar-120-121,pr-true,f-auto,q-80/cms/sub_category/20.png",Two Brothers A2 Cow Cultured Ghee Desi Gir Cow | Jar,Two Brothers,1758,1850,1 pc (500 ml),4.9 (115),Sold Out,https://www.zeptonow.com/pn/two-brothers-a2-cow-cultured-ghee-desi-gir-cow-jar/pvid/42512c87-0b73-46a9-86c0-5bb8739c13dd,"https://cdn.zeptonow.com/production/tr:w-1280,ar-679-679,pr-true,f-auto,q-80/cms/product_variant/7cd81f8f-2e03-4703-824c-b07390f9e089.jpeg"
"Atta, Rice, Oil & Dals",Ghee,"https://cdn.zeptonow.com/production/tr:w-90,ar-120-121,pr-true,f-auto,q-80/cms/sub_category/20.png",Two Brothers A2 Cow Cultured Ghee Desi Gir Cow | Jar,Two Brothers,969,999,1 pc (250 ml),4.8 (95),Sold Out,https://www.zeptonow.com/pn/two-brothers-a2-cow-cultured-ghee-desi-gir-cow-jar/pvid/0bc2416e-3ff4-432e-808d-9e5b450f3395,"https://cdn.zeptonow.com/production/tr:w-1280,ar-1500-1500,pr-true,f-auto,q-80/cms/product_variant/f301549d-8547-448e-8cf9-68adf576ba2e.jpeg"
"Atta, Rice, Oil & Dals",Ghee,"https://cdn.zeptonow.com/production/tr:w-90,ar-120-121,pr-true,f-auto,q-80/cms/sub_category/20.png",Kapiva Organic Cow Ghee,Kapiva,699,799,1 pc (500 ml),4.7 (217),Sold Out,https://www.zeptonow.com/pn/kapiva-organic-cow-ghee/pvid/e5adb906-d1bd-41bd-aa4d-11678acfa6f3,"https://cdn.zeptonow.com/production/tr:w-1280,ar-1500-1500,pr-true,f-auto,q-80/cms/product_variant/a8adea19-d62b-4659-9b9a-e2d7db767929.jpeg"
"Atta, Rice, Oil & Dals",Ghee,"https://cdn.zeptonow.com/production/tr:w-90,ar-120-121,pr-true,f-auto,q-80/cms/sub_category/20.png",Amul High Aroma Ghee Pouch,Amul,657,670,1 pack (1 L),4.8 (330),Sold Out,https://www.zeptonow.com/pn/amul-high-aroma-ghee-pouch/pvid/720a6930-074f-4c88-9dbc-85694cdc95a1,"https://cdn.zeptonow.com/production/tr:w-1280,ar-3000-3000,pr-true,f-auto,q-80/cms/product_variant/7f85a33b-deec-47ef-bc45-54afbec7666b.jpg"
"Atta, Rice, Oil & Dals",Ghee,"https://cdn.zeptonow.com/production/tr:w-90,ar-120-121,pr-true,f-auto,q-80/cms/sub_category/20.png",Amul High Aroma Ghee | Tin,Amul,699,725,1 pc (1 L),4.7 (950),Sold Out,https://www.zeptonow.com/pn/amul-high-aroma-ghee-tin/pvid/17eacecc-19a9-400d-b0f1-c7a45c5ac9cf,"https://cdn.zeptonow.com/production/tr:w-1280,ar-1200-1200,pr-true,f-auto,q-80/cms/product_variant/5811a3e3-ea6d-4d88-831f-2d647a169308.jpg"
"Atta, Rice, Oil & Dals",Ghee,"https://cdn.zeptonow.com/production/tr:w-90,ar-120-121,pr-true,f-auto,q-80/cms/sub_category/20.png",Milkymist Cow Ghee Pouch,Milkymist,579,799,1 pack (1 L),4.7 (606),Sold Out,https://www.zeptonow.com/pn/milkymist-cow-ghee-pouch/pvid/f1a1dd6f-5df5-4ae1-b8ce-29463ad8c218,"https://cdn.zeptonow.com/production/tr:w-1280,ar-1600-1600,pr-true,f-auto,q-80/cms/product_variant/08214c3b-73f1-494a-91d2-fffdb6acf8fb.jpg"
"Atta, Rice, Oil & Dals",Ghee,"https://cdn.zeptonow.com/production/tr:w-90,ar-120-121,pr-true,f-auto,q-80/cms/sub_category/20.png",Heritage Cow Ghee | Pouch,Heritage,624,735,1 pack (1 L),4.7 (4.2k),Sold Out,https://www.zeptonow.com/pn/heritage-cow-ghee-pouch/pvid/a5fea040-1493-46a4-ac8d-d80c65f1d2b4,"https://cdn.zeptonow.com/production/tr:w-1280,ar-1200-1200,pr-true,f-auto,q-80/cms/product_variant/0af60e2c-8888-410e-8aed-c1b5b28dedb5.jpg"
"Atta, Rice, Oil & Dals",Ghee,"https://cdn.zeptonow.com/production/tr:w-90,ar-120-121,pr-true,f-auto,q-80/cms/sub_category/20.png",Milkymist Cow Ghee Pet Jar,Milkymist,601,849,1 pc (1 L),4.6 (296),Sold Out,https://www.zeptonow.com/pn/milkymist-cow-ghee-pet-jar/pvid/63b7997f-c1d0-448d-a167-6e9232214f90,"https://cdn.zeptonow.com/production/tr:w-1280,ar-1600-1600,pr-true,f-auto,q-80/cms/product_variant/4843e969-1367-4561-9c8a-4dcc5b0d94a7.jpg"
"Atta, Rice, Oil & Dals",Ghee,"https://cdn.zeptonow.com/production/tr:w-90,ar-120-121,pr-true,f-auto,q-80/cms/sub_category/20.png",Udhayakrishna Ghee | Jar,Udhayakrishna,852,990,1 pc (1 L),5 (103),Sold Out,https://www.zeptonow.com/pn/udhayakrishna-ghee-jar/pvid/f5f5504c-b4da-4958-ab89-f9b0af7b9e67,"https://cdn.zeptonow.com/production/tr:w-1280,ar-1200-1200,pr-true,f-auto,q-80/cms/product_variant/534a19bf-faf5-439c-828f-9934d525e4f4.png"
"Atta, Rice, Oil & Dals",Ghee,"https://cdn.zeptonow.com/production/tr:w-90,ar-120-121,pr-true,f-auto,q-80/cms/sub_category/20.png",Two Brothers A2 Buffalo Ghee | Jar,Two Brothers,1080,1149,1 pc (500 ml),4.4 (90),Sold Out,https://www.zeptonow.com/pn/two-brothers-a2-buffalo-ghee-jar/pvid/7da58ca3-8f5e-443a-bc95-7bfc34ed03f2,"https://cdn.zeptonow.com/production/tr:w-1280,ar-1500-1500,pr-true,f-auto,q-80/cms/product_variant/adc75ced-bfc2-4dd1-9280-ffce92c0bced.jpeg"
"Atta, Rice, Oil & Dals",Ghee,"https://cdn.zeptonow.com/production/tr:w-90,ar-120-121,pr-true,f-auto,q-80/cms/sub_category/20.png",Himalayan Natives Organic Bilona Cow Ghee Jar,Himalayan,569,660,1 pc (500 ml),4.6 (365),Sold Out,https://www.zeptonow.com/pn/himalayan-natives-organic-bilona-cow-ghee-jar/pvid/8c58ce35-42b0-4f5e-b9d2-4a02eed65a80,"https://cdn.zeptonow.com/production/tr:w-1280,ar-1080-1080,pr-true,f-auto,q-80/cms/product_variant/207495f2-5a86-45d8-9964-3982b52f74a4.jpeg"
"Atta, Rice, Oil & Dals",Ghee,"https://cdn.zeptonow.com/production/tr:w-90,ar-120-121,pr-true,f-auto,q-80/cms/sub_category/20.png",Milky Mist Ghee Pure | Jar,Milky Mist,124,185,1 pc (200 ml),4.9 (496),Sold Out,https://www.zeptonow.com/pn/milky-mist-ghee-pure-jar/pvid/2a3f76c7-dd94-4091-b8f3-2f97b7ad4796,"https://cdn.zeptonow.com/production/tr:w-1280,ar-2400-2400,pr-true,f-auto,q-80/cms/product_variant/ee7e0a00-25a0-49a3-8330-750574861430.jpeg"
"Atta, Rice, Oil & Dals",Ghee,"https://cdn.zeptonow.com/production/tr:w-90,ar-120-121,pr-true,f-auto,q-80/cms/sub_category/20.png",Amul Pure Ghee | Tin,Amul,603,660,1 pc (1 L),4.5 (5.4k),Sold Out,https://www.zeptonow.com/pn/amul-pure-ghee-tin/pvid/2e0f013e-656d-4268-a0d3-a24220be47a1,"https://cdn.zeptonow.com/production/tr:w-1280,ar-980-980,pr-true,f-auto,q-80/cms/product_variant/2fa321ec-7aad-405f-8cbf-5fb320f7ebea.jpg"
"Atta, Rice, Oil & Dals",Ghee,"https://cdn.zeptonow.com/production/tr:w-90,ar-120-121,pr-true,f-auto,q-80/cms/sub_category/20.png",Heritage Cow Ghee Jar,Heritage,142,165,1 pc (200 ml),4.7 (3.1k),Sold Out,https://www.zeptonow.com/pn/heritage-cow-ghee-jar/pvid/d1e02c2b-7814-4cc0-b19a-8c6470d48b2d,"https://cdn.zeptonow.com/production/tr:w-1280,ar-1200-1200,pr-true,f-auto,q-80/cms/product_variant/9455f7d0-0c87-44c6-ad37-8dc15a241d45.jpg"
"Atta, Rice, Oil & Dals",Ghee,"https://cdn.zeptonow.com/production/tr:w-90,ar-120-121,pr-true,f-auto,q-80/cms/sub_category/20.png",Heritage Cow Ghee | Pouch,Heritage,312,375,1 pack (500 ml),4.7 (4.6k),Sold Out,https://www.zeptonow.com/pn/heritage-cow-ghee-pouch/pvid/dfc45837-f21e-4984-9e5a-1b94d1af2a78,"https://cdn.zeptonow.com/production/tr:w-1280,ar-1500-1500,pr-true,f-auto,q-80/cms/product_variant/363df3c3-6d7a-492f-bccc-78fe45cce0c1.jpeg"
"Atta, Rice, Oil & Dals",Ghee,"https://cdn.zeptonow.com/production/tr:w-90,ar-120-121,pr-true,f-auto,q-80/cms/sub_category/20.png",GRB Ghee | Jar,GRB,876,952,1 pc (1 L),4.8 (321),Sold Out,https://www.zeptonow.com/pn/grb-ghee-jar/pvid/34b10145-782c-4446-8119-132ef4f7ed62,"https://cdn.zeptonow.com/production/tr:w-1280,ar-1200-1200,pr-true,f-auto,q-80/cms/product_variant/de33ac31-4499-49ea-899f-eb0c566e2923.jpg"
"Atta, Rice, Oil & Dals",Ghee,"https://cdn.zeptonow.com/production/tr:w-90,ar-120-121,pr-true,f-auto,q-80/cms/sub_category/20.png",Daily Good Pure Desi Ghee,Daily Good,521,630,1 pack (900 ml),4.2 (2.1k),Sold Out,https://www.zeptonow.com/pn/daily-good-pure-desi-ghee/pvid/e6a59916-dfd8-4aff-a60a-2a2378531d92,"https://cdn.zeptonow.com/production/tr:w-1280,ar-4500-4500,pr-true,f-auto,q-80/cms/product_variant/bebe67dd-bb27-44bc-a2eb-d5b0d911b5eb.jpeg"
"Atta, Rice, Oil & Dals",Ghee,"https://cdn.zeptonow.com/production/tr:w-90,ar-120-121,pr-true,f-auto,q-80/cms/sub_category/20.png",Amul Pure Ghee Pouch,Amul,330,330,1 pack (500 ml),4.7 (22.7k),Sold Out,https://www.zeptonow.com/pn/amul-pure-ghee-pouch/pvid/f3b7f506-f485-4233-979c-eab96079fa7a,"https://cdn.zeptonow.com/production/tr:w-1280,ar-2400-2400,pr-true,f-auto,q-80/cms/product_variant/e4d67135-9945-4856-a109-2062419fb0c3.jpeg"
"Atta, Rice, Oil & Dals",Ghee,"https://cdn.zeptonow.com/production/tr:w-90,ar-120-121,pr-true,f-auto,q-80/cms/sub_category/20.png",Amul Cow Ghee Tin,Amul,634,675,1 pc (1 L),4.6 (3.3k),Sold Out,https://www.zeptonow.com/pn/amul-cow-ghee-tin/pvid/f36ca8da-a93b-4145-8d45-c899513f9ef8,"https://cdn.zeptonow.com/production/tr:w-1280,ar-1200-1200,pr-true,f-auto,q-80/cms/product_variant/bcb425b7-5cd2-45a5-9ef0-ffe20ecac8f2.jpg"
"Atta, Rice, Oil & Dals",Ghee,"https://cdn.zeptonow.com/production/tr:w-90,ar-120-121,pr-true,f-auto,q-80/cms/sub_category/20.png",Heritage Ghee | Pouch,Heritage,611,735,1 pack (1 L),4.2 (564),Sold Out,https://www.zeptonow.com/pn/heritage-ghee-pouch/pvid/d0fdf0da-114d-4e5f-8a92-768b5e23287e,"https://cdn.zeptonow.com/production/tr:w-1280,ar-1200-1200,pr-true,f-auto,q-80/cms/product_variant/bddd7885-7854-42c9-8059-457f840e7743.jpg"
"Atta, Rice, Oil & Dals",Ghee,"https://cdn.zeptonow.com/production/tr:w-90,ar-120-121,pr-true,f-auto,q-80/cms/sub_category/20.png",Patanjali Cow Ghee Desi Danedar Rich Aroma Natural And Healthy | Tetra Pack,Patanjali,730,730,1 pack (1 L),4.6 (7.7k),Sold Out,https://www.zeptonow.com/pn/patanjali-cow-ghee-desi-danedar-rich-aroma-natural-and-healthy-tetra-pack/pvid/02d38d77-0dcc-4afe-b7f5-6fd44e1350b1,"https://cdn.zeptonow.com/production/tr:w-1280,ar-2000-2000,pr-true,f-auto,q-80/cms/product_variant/0f3ed082-df88-4efe-ac1c-e60fbf15b6c0.jpeg"
"Atta, Rice, Oil & Dals",Ghee,"https://cdn.zeptonow.com/production/tr:w-90,ar-120-121,pr-true,f-auto,q-80/cms/sub_category/20.png",Heritage Cow Ghee Jar,Heritage,82,95,1 pc (100 ml),4.6 (1.4k),Sold Out,https://www.zeptonow.com/pn/heritage-cow-ghee-jar/pvid/e1b173a0-2ff8-4a56-b82d-64f9243c3517,"https://cdn.zeptonow.com/production/tr:w-1280,ar-1088-1088,pr-true,f-auto,q-80/cms/product_variant/3424598a-cbcb-4a44-8d3d-99a4fc0917a6.jpeg"
"Atta, Rice, Oil & Dals",Ghee,"https://cdn.zeptonow.com/production/tr:w-90,ar-120-121,pr-true,f-auto,q-80/cms/sub_category/20.png",Patanjali Cow Ghee Desi Danedar Rich Aroma Natural Healthy,Patanjali,402,445,1 pc (500 ml),4.5 (1.3k),Sold Out,https://www.zeptonow.com/pn/patanjali-cow-ghee-desi-danedar-rich-aroma-natural-healthy/pvid/e5d6dd8f-71ab-423f-88f7-ce4d1049d6a7,"https://cdn.zeptonow.com/production/tr:w-1280,ar-2000-2000,pr-true,f-auto,q-80/cms/product_variant/b8bccc35-137c-4397-9d5a-752c96459dd3.jpeg"
"Atta, Rice, Oil & Dals",Ghee,"https://cdn.zeptonow.com/production/tr:w-90,ar-120-121,pr-true,f-auto,q-80/cms/sub_category/20.png",Organic Tattva Organic Cow Ghee,Organic Tattva,809,849,1 pc (500 ml),5 (65),Sold Out,https://www.zeptonow.com/pn/organic-tattva-organic-cow-ghee/pvid/fd02215a-7ef4-4b4c-9775-8c5108e92944,"https://cdn.zeptonow.com/production/tr:w-1280,ar-1500-1500,pr-true,f-auto,q-80/cms/product_variant/41e821d2-55ec-4a86-a256-1ff43a9b002f.jpeg"
"Atta, Rice, Oil & Dals",Ghee,"https://cdn.zeptonow.com/production/tr:w-90,ar-120-121,pr-true,f-auto,q-80/cms/sub_category/20.png",Gowardhan Pure Cow Ghee | Jar,Gowardhan,378,415,1 pc (500 ml),4.8 (12.2k),Sold Out,https://www.zeptonow.com/pn/gowardhan-pure-cow-ghee-jar/pvid/d79c7441-2c03-4877-9119-7a94dc26ce75,"https://cdn.zeptonow.com/production/tr:w-1280,ar-1200-1200,pr-true,f-auto,q-80/cms/product_variant/c013e9b8-50fc-4342-83e7-c3895c4a3b5f.png"
"Atta, Rice, Oil & Dals",Ghee,"https://cdn.zeptonow.com/production/tr:w-90,ar-120-121,pr-true,f-auto,q-80/cms/sub_category/20.png",Gowardhan Pure Cow Ghee - Pouch,Gowardhan,697,765,1 pack (1 L),4.7 (4.2k),Sold Out,https://www.zeptonow.com/pn/gowardhan-pure-cow-ghee-pouch/pvid/2e678e64-bafc-42d1-a78a-225fe2941897,"https://cdn.zeptonow.com/production/tr:w-1280,ar-2500-2500,pr-true,f-auto,q-80/cms/product_variant/6c61e6fc-9304-4f9f-a15f-11e8e7604f1e.jpeg"
"Atta, Rice, Oil & Dals",Ghee,"https://cdn.zeptonow.com/production/tr:w-90,ar-120-121,pr-true,f-auto,q-80/cms/sub_category/20.png",Himalayan Natives A2 Gir Cow Bilona Ghee - Jar,Himalayan,359,599,1 pc (250 ml),4.4 (720),Sold Out,https://www.zeptonow.com/pn/himalayan-natives-a2-gir-cow-bilona-ghee-jar/pvid/64adf290-5020-474b-8b99-40d03bec5f94,"https://cdn.zeptonow.com/production/tr:w-1280,ar-1080-1080,pr-true,f-auto,q-80/cms/product_variant/0d3fbd45-0d4a-4261-a97e-6a2ef9262403.jpeg"
"Atta, Rice, Oil & Dals",Millets & Other Flours,"https://cdn.zeptonow.com/production/tr:w-90,ar-120-120,pr-true,f-auto,q-80/cms/sub_category/b12d3cbe-37c6-4cd6-a74e-58c4630d8336.png",Naga Ragi Flour,Naga,47,49,1 pack (500 g),4.7 (2.2k),In Stock,https://www.zeptonow.com/pn/naga-ragi-flour/pvid/c9479639-bc8f-4065-8e5d-0b255f52a645,"https://cdn.zeptonow.com/production/tr:w-1280,ar-2400-2400,pr-true,f-auto,q-80/cms/product_variant/ddaa0ba3-3796-4aca-b268-f1c14c384ad6.jpeg"
"Atta, Rice, Oil & Dals",Millets & Other Flours,"https://cdn.zeptonow.com/production/tr:w-90,ar-120-120,pr-true,f-auto,q-80/cms/sub_category/b12d3cbe-37c6-4cd6-a74e-58c4630d8336.png",Naga Rice Flour,Naga,38,40,1 pack (500 g),4.6 (1.4k),In Stock,https://www.zeptonow.com/pn/naga-rice-flour/pvid/7573f938-382b-4d1d-8baa-5571925bee82,"https://cdn.zeptonow.com/production/tr:w-1280,ar-1500-1500,pr-true,f-auto,q-80/cms/product_variant/4e3c5755-caa6-4195-91b4-8eb4b13a7275.jpeg"
"Atta, Rice, Oil & Dals",Millets & Other Flours,"https://cdn.zeptonow.com/production/tr:w-90,ar-120-120,pr-true,f-auto,q-80/cms/sub_category/b12d3cbe-37c6-4cd6-a74e-58c4630d8336.png",Naga Idiyappam / Kozhukattai Flour,Naga,48,50,1 pack (500 g),4.7 (570),In Stock,https://www.zeptonow.com/pn/naga-idiyappam-kozhukattai-flour/pvid/3811a914-0aef-46e3-9eb6-7849d6552c21,"https://cdn.zeptonow.com/production/tr:w-1280,ar-900-900,pr-true,f-auto,q-80/inventory/product/e17cdda1-8813-406f-b82b-28346764c5b6-Photo.jpeg"
"Atta, Rice, Oil & Dals",Millets & Other Flours,"https://cdn.zeptonow.com/production/tr:w-90,ar-120-120,pr-true,f-auto,q-80/cms/sub_category/b12d3cbe-37c6-4cd6-a74e-58c4630d8336.png",Puramate Corn Flour,Puramate,31,33,1 pack (100 g),4.7 (9.7k),In Stock,https://www.zeptonow.com/pn/puramate-corn-flour/pvid/eb96d63f-1c2d-436a-85f5-582ddbce6df3,"https://cdn.zeptonow.com/production/tr:w-1280,ar-2400-2400,pr-true,f-auto,q-80/cms/product_variant/5d563c99-d32b-4279-86d9-e4d52d79cbd5.jpg"
"Atta, Rice, Oil & Dals",Millets & Other Flours,"https://cdn.zeptonow.com/production/tr:w-90,ar-120-120,pr-true,f-auto,q-80/cms/sub_category/b12d3cbe-37c6-4cd6-a74e-58c4630d8336.png",Double Horse Chemba Puttu Podi,Double Horse,72,75,1 pack (500 g),4.8 (816),In Stock,https://www.zeptonow.com/pn/double-horse-chemba-puttu-podi/pvid/9700dff4-c354-44b3-bb48-a795f7079786,"https://cdn.zeptonow.com/production/tr:w-1280,ar-1500-1500,pr-true,f-auto,q-80/cms/product_variant/6d4af176-5f33-47f9-b62f-4ea8402b300f.jpeg"
"Atta, Rice, Oil & Dals",Millets & Other Flours,"https://cdn.zeptonow.com/production/tr:w-90,ar-120-120,pr-true,f-auto,q-80/cms/sub_category/b12d3cbe-37c6-4cd6-a74e-58c4630d8336.png",Double Horse Appam/Idiyappam/Pathiri Rice Flour,Double Horse,99,109,1 pack (1 kg),4.8 (1.2k),In Stock,https://www.zeptonow.com/pn/double-horse-appamidiyappampathiri-rice-flour/pvid/01ab828f-7a5d-4391-b667-9822a7127c48,"https://cdn.zeptonow.com/production/tr:w-1280,ar-2400-2400,pr-true,f-auto,q-80/cms/product_variant/a5376a8c-1fca-4bc2-b67b-27a5d40e49b0.jpeg"
"Atta, Rice, Oil & Dals",Millets & Other Flours,"https://cdn.zeptonow.com/production/tr:w-90,ar-120-120,pr-true,f-auto,q-80/cms/sub_category/b12d3cbe-37c6-4cd6-a74e-58c4630d8336.png",Double Horse Puttupodi White,Double Horse,109,120,1 pack (1 kg),4.7 (1.5k),In Stock,https://www.zeptonow.com/pn/double-horse-puttupodi-white/pvid/ee8247f7-5218-46b7-bb7f-ecd34ebb0429,"https://cdn.zeptonow.com/production/tr:w-1280,ar-1200-1200,pr-true,f-auto,q-80/cms/product_variant/4b0ffd55-0160-40ad-8a46-5cae26ef9fe0.jpeg"
"Atta, Rice, Oil & Dals",Millets & Other Flours,"https://cdn.zeptonow.com/production/tr:w-90,ar-120-120,pr-true,f-auto,q-80/cms/sub_category/b12d3cbe-37c6-4cd6-a74e-58c4630d8336.png",Weikfield Corn Starch,Weikfield,94,95,1 pack (500 g),4.8 (4.7k),In Stock,https://www.zeptonow.com/pn/weikfield-corn-starch/pvid/7ff95977-a477-4d2a-acec-61fc8d1bcea2,"https://cdn.zeptonow.com/production/tr:w-1280,ar-1000-1000,pr-true,f-auto,q-80/cms/product_variant/39dc65e7-d2f5-4999-ac2b-85e01fe0b097.jpeg"
"Atta, Rice, Oil & Dals",Millets & Other Flours,"https://cdn.zeptonow.com/production/tr:w-90,ar-120-120,pr-true,f-auto,q-80/cms/sub_category/b12d3cbe-37c6-4cd6-a74e-58c4630d8336.png",Daily Good Corn Flour / Starch,Daily Good,73,75,1 pack (500 g),4.5 (12.3k),In Stock,https://www.zeptonow.com/pn/daily-good-corn-flour-starch/pvid/31ad3e8b-e689-48c1-956c-ca36d9fcac2c,"https://cdn.zeptonow.com/production/tr:w-1280,ar-1200-1200,pr-true,f-auto,q-80/cms/product_variant/79030d20-a349-43ad-a39d-deff2f566eb3.jpeg"
"Atta, Rice, Oil & Dals",Millets & Other Flours,"https://cdn.zeptonow.com/production/tr:w-90,ar-120-120,pr-true,f-auto,q-80/cms/sub_category/b12d3cbe-37c6-4cd6-a74e-58c4630d8336.png",Natureland Organics Ragi Flour,Natureland,64,79,1 pack (500 g),4.6 (268),In Stock,https://www.zeptonow.com/pn/natureland-organics-ragi-flour/pvid/648580fb-c4df-4531-a966-3ef06a289d04,"https://cdn.zeptonow.com/production/tr:w-1280,ar-1200-1200,pr-true,f-auto,q-80/cms/product_variant/576ed213-113c-4797-9102-f7c6d3ac16d3.jpg"
"Atta, Rice, Oil & Dals",Millets & Other Flours,"https://cdn.zeptonow.com/production/tr:w-90,ar-120-120,pr-true,f-auto,q-80/cms/sub_category/b12d3cbe-37c6-4cd6-a74e-58c4630d8336.png",Popular Essentials Rice Flour,Popular Essentials,74,80,1 pack (1 kg),4.5 (763),In Stock,https://www.zeptonow.com/pn/popular-essentials-rice-flour/pvid/2ce9ff37-2509-42a5-8ad8-324edbc04a9a,"https://cdn.zeptonow.com/production/tr:w-1280,ar-2400-2400,pr-true,f-auto,q-80/cms/product_variant/8416ef6f-0e0d-41d4-9eb2-30ae1cfc7165.jpeg"
"Atta, Rice, Oil & Dals",Millets & Other Flours,"https://cdn.zeptonow.com/production/tr:w-90,ar-120-120,pr-true,f-auto,q-80/cms/sub_category/b12d3cbe-37c6-4cd6-a74e-58c4630d8336.png",Natureland - Organic Bajra Flour,Natureland,59,70,1 pack (500 g),4.8 (113),In Stock,https://www.zeptonow.com/pn/natureland-organic-bajra-flour/pvid/81159131-03d2-4c85-8d89-aa3cbdf2683e,"https://cdn.zeptonow.com/production/tr:w-1280,ar-2400-2400,pr-true,f-auto,q-80/cms/product_variant/8836d920-b0f9-4efe-bebe-487fc86428fa.jpeg"
"Atta, Rice, Oil & Dals",Millets & Other Flours,"https://cdn.zeptonow.com/production/tr:w-90,ar-120-120,pr-true,f-auto,q-80/cms/sub_category/b12d3cbe-37c6-4cd6-a74e-58c4630d8336.png",24 Mantra Organic Jowar Flour,24 Mantra,60,75,1 pack (500 g),4.5 (310),In Stock,https://www.zeptonow.com/pn/24-mantra-organic-jowar-flour/pvid/2a5b413f-36d2-4bb8-ada0-16ecf7a71df7,"https://cdn.zeptonow.com/production/tr:w-1280,ar-1200-1200,pr-true,f-auto,q-80/cms/product_variant/c2ce53c6-70bd-4afa-bb1a-40e8b6feab30.jpeg"
"Atta, Rice, Oil & Dals",Millets & Other Flours,"https://cdn.zeptonow.com/production/tr:w-90,ar-120-120,pr-true,f-auto,q-80/cms/sub_category/b12d3cbe-37c6-4cd6-a74e-58c4630d8336.png",Safe Harvest Pesticide-Free Jowar Atta | Gluten Free,Safe,51,65,1 pack (500 g),4.3 (73),In Stock,https://www.zeptonow.com/pn/safe-harvest-pesticide-free-jowar-atta-gluten-free/pvid/61572503-1852-4fc3-a4bf-2e5720b26101,"https://cdn.zeptonow.com/production/tr:w-1280,ar-819-1123,pr-true,f-auto,q-80/inventory/product/61572503-1852-4fc3-a4bf-2e5720b26101-1LQFag80Cn5Rf8zH7ymjKT1keoyg8KQZp.jpeg"
"Atta, Rice, Oil & Dals",Millets & Other Flours,"https://cdn.zeptonow.com/production/tr:w-90,ar-120-120,pr-true,f-auto,q-80/cms/sub_category/b12d3cbe-37c6-4cd6-a74e-58c4630d8336.png",Organic Tattva Rice Flour,Organic Tattva,60,70,1 pack (500 g),4.4 (383),In Stock,https://www.zeptonow.com/pn/organic-tattva-rice-flour/pvid/aa32268b-fa84-4350-a3b6-15bf0c5bd0ad,"https://cdn.zeptonow.com/production/tr:w-1280,ar-1500-1500,pr-true,f-auto,q-80/cms/product_variant/2e738126-65e5-496b-a98b-f783eb43d6c7.jpeg"
"Atta, Rice, Oil & Dals",Millets & Other Flours,"https://cdn.zeptonow.com/production/tr:w-90,ar-120-120,pr-true,f-auto,q-80/cms/sub_category/b12d3cbe-37c6-4cd6-a74e-58c4630d8336.png",Vijay Gold Ragi Sprouted Flour Ragi Malt,Vijay,72,85,1 pack (400 g),4.5 (114),In Stock,https://www.zeptonow.com/pn/vijay-gold-ragi-sprouted-flour-ragi-malt/pvid/80c36c9f-faef-42cc-b6f5-26f06f6607d0,"https://cdn.zeptonow.com/production/tr:w-1280,ar-2250-2250,pr-true,f-auto,q-80/inventory/product/d0dbdf09-81eb-4a29-b12a-72996c1dff9a-/tmp/20230524-0903521.jpeg"
"Atta, Rice, Oil & Dals",Millets & Other Flours,"https://cdn.zeptonow.com/production/tr:w-90,ar-120-120,pr-true,f-auto,q-80/cms/sub_category/b12d3cbe-37c6-4cd6-a74e-58c4630d8336.png",Daily Good Rice Flour,Daily Good,63,65,1 pack (500 g),4.6 (12.8k),In Stock,https://www.zeptonow.com/pn/daily-good-rice-flour/pvid/763dbe3b-38b6-4c72-a3cb-040ab964a239,"https://cdn.zeptonow.com/production/tr:w-1280,ar-2400-2400,pr-true,f-auto,q-80/cms/product_variant/e50d565f-629b-4bc2-bc12-c16ee3d7ba34.jpeg"
"Atta, Rice, Oil & Dals",Millets & Other Flours,"https://cdn.zeptonow.com/production/tr:w-90,ar-120-120,pr-true,f-auto,q-80/cms/sub_category/b12d3cbe-37c6-4cd6-a74e-58c4630d8336.png",Organic Tattva Jowar Flour,Organic Tattva,68,80,1 pack (500 g),4.6 (323),In Stock,https://www.zeptonow.com/pn/organic-tattva-jowar-flour/pvid/76f03c75-396d-4c1a-89c3-44f50a7a5458,"https://cdn.zeptonow.com/production/tr:w-1280,ar-1500-1500,pr-true,f-auto,q-80/cms/product_variant/d6819d2b-2e95-497e-b274-30ebd89f9f3a.jpeg"
"Atta, Rice, Oil & Dals",Millets & Other Flours,"https://cdn.zeptonow.com/production/tr:w-90,ar-120-120,pr-true,f-auto,q-80/cms/sub_category/b12d3cbe-37c6-4cd6-a74e-58c4630d8336.png",Organic Tattva Ragi Atta,Organic Tattva,79,80,1 pack (500 g),4.8 (2.0k),In Stock,https://www.zeptonow.com/pn/organic-tattva-ragi-atta/pvid/c0781799-72e5-4bb2-8b82-d96ffe9aab6f,"https://cdn.zeptonow.com/production/tr:w-1280,ar-1500-1500,pr-true,f-auto,q-80/cms/product_variant/028f1b8a-4a58-4e3b-9d1c-172be891c1b1.jpeg"
"Atta, Rice, Oil & Dals",Millets & Other Flours,"https://cdn.zeptonow.com/production/tr:w-90,ar-120-120,pr-true,f-auto,q-80/cms/sub_category/b12d3cbe-37c6-4cd6-a74e-58c4630d8336.png",Daily Good Jowar Flour / Sorghum Millet,Daily Good,36,75,1 pack (500 g),4.6 (6.2k),In Stock,https://www.zeptonow.com/pn/daily-good-jowar-flour-sorghum-millet/pvid/295dca45-3a22-4ce7-a3ca-5345c2549eb0,"https://cdn.zeptonow.com/production/tr:w-1280,ar-1200-1200,pr-true,f-auto,q-80/cms/product_variant/73dcbd1b-482b-4878-8659-d2b21ebf3cdb.jpeg"
"Atta, Rice, Oil & Dals",Millets & Other Flours,"https://cdn.zeptonow.com/production/tr:w-90,ar-120-120,pr-true,f-auto,q-80/cms/sub_category/b12d3cbe-37c6-4cd6-a74e-58c4630d8336.png",Floryo Freshly Milled Premium Rice Atta | Chawal-Akki-Arici-Biyyam,Floryo,39,59,1 pack (500 g),4.2 (112),In Stock,https://www.zeptonow.com/pn/floryo-freshly-milled-premium-rice-atta-chawal-akki-arici-biyyam/pvid/52cec4e9-2d62-461d-85da-ca5d3110e77e,"https://cdn.zeptonow.com/production/tr:w-1280,ar-2400-2400,pr-true,f-auto,q-80/cms/product_variant/be8557dd-d073-4638-8483-a60a932c735d.jpeg"
"Atta, Rice, Oil & Dals",Millets & Other Flours,"https://cdn.zeptonow.com/production/tr:w-90,ar-120-120,pr-true,f-auto,q-80/cms/sub_category/b12d3cbe-37c6-4cd6-a74e-58c4630d8336.png",Double Horse Rice Palada,Double Horse,61,68,1 pack (200 g),4.9 (115),In Stock,https://www.zeptonow.com/pn/double-horse-rice-palada/pvid/cda0046a-97e2-401f-b47e-c4a3950b08db,"https://cdn.zeptonow.com/production/tr:w-1280,ar-1500-1500,pr-true,f-auto,q-80/cms/product_variant/57c19647-4696-4887-b963-b04a9b2aba52.jpeg"
"Atta, Rice, Oil & Dals",Millets & Other Flours,"https://cdn.zeptonow.com/production/tr:w-90,ar-120-120,pr-true,f-auto,q-80/cms/sub_category/b12d3cbe-37c6-4cd6-a74e-58c4630d8336.png",24 Mantra Organic Rice Flour,24 Mantra,54,55,1 pack (500 g),4.7 (273),In Stock,https://www.zeptonow.com/pn/24-mantra-organic-rice-flour/pvid/86d1f213-58df-4bca-869e-652e69d1b217,"https://cdn.zeptonow.com/production/tr:w-1280,ar-1200-1200,pr-true,f-auto,q-80/cms/product_variant/9af2948f-0f33-44b6-b7e4-fc0675822634.jpeg"
"Atta, Rice, Oil & Dals",Millets & Other Flours,"https://cdn.zeptonow.com/production/tr:w-90,ar-120-120,pr-true,f-auto,q-80/cms/sub_category/b12d3cbe-37c6-4cd6-a74e-58c4630d8336.png",Floryo Freshly Milled Barley Atta | Jau/ Jave/ Barli,Floryo,53,81,1 pack (500 g),5 (153),In Stock,https://www.zeptonow.com/pn/floryo-freshly-milled-barley-atta-jau-jave-barli/pvid/8cc5f369-616d-4b6b-ac26-6fb8b2cc5893,"https://cdn.zeptonow.com/production/tr:w-1280,ar-4167-4167,pr-true,f-auto,q-80/cms/product_variant/303d3644-b94d-4d7d-99ca-a1dacb5e50be.jpg"
"Atta, Rice, Oil & Dals",Millets & Other Flours,"https://cdn.zeptonow.com/production/tr:w-90,ar-120-120,pr-true,f-auto,q-80/cms/sub_category/b12d3cbe-37c6-4cd6-a74e-58c4630d8336.png",Manna Foods Sprouted Ragi Flour,Manna,208,349,1 pack (1 kg),4.9 (155),In Stock,https://www.zeptonow.com/pn/manna-foods-sprouted-ragi-flour/pvid/60afeef9-39ef-4d38-95cf-ee3bb12054cf,"https://cdn.zeptonow.com/production/tr:w-1280,ar-1021-1021,pr-true,f-auto,q-80/cms/product_variant/9f22a9d0-95b0-4e9f-9089-71be9f9067f9.jpeg"
"Atta, Rice, Oil & Dals",Millets & Other Flours,"https://cdn.zeptonow.com/production/tr:w-90,ar-120-120,pr-true,f-auto,q-80/cms/sub_category/b12d3cbe-37c6-4cd6-a74e-58c4630d8336.png",Vijay Akki Tari,Vijay,62,72,1 pack (1 kg),5 (97),In Stock,https://www.zeptonow.com/pn/vijay-akki-tari/pvid/6efb2f27-bc7a-454b-b322-082bbbea563b,"https://cdn.zeptonow.com/production/tr:w-1280,ar-2400-2400,pr-true,f-auto,q-80/cms/product_variant/481cff2b-c214-4d44-9b31-15623f5620db.jpeg"
"Atta, Rice, Oil & Dals",Millets & Other Flours,"https://cdn.zeptonow.com/production/tr:w-90,ar-120-120,pr-true,f-auto,q-80/cms/sub_category/b12d3cbe-37c6-4cd6-a74e-58c4630d8336.png",Puramate Corn Flour 100 g Combo,Puramate,58,66,100 g X 2,4.4 (479),In Stock,https://www.zeptonow.com/pn/puramate-corn-flour-100-g-combo/pvid/1d381b32-f42f-425f-859c-54aa9922971a,"https://cdn.zeptonow.com/production/tr:w-1280,ar-1500-1500,pr-true,f-auto,q-80/inventory/product/16812b69-c188-47f4-a32b-b17f6e44e38f-4674.jpg"
"Atta, Rice, Oil & Dals",Millets & Other Flours,"https://cdn.zeptonow.com/production/tr:w-90,ar-120-120,pr-true,f-auto,q-80/cms/sub_category/b12d3cbe-37c6-4cd6-a74e-58c4630d8336.png",Organic Tattva Ragi Atta 500 g Combo,Organic Tattva,148,160,500 g X 2,4.4 (345),In Stock,https://www.zeptonow.com/pn/organic-tattva-ragi-atta-500-g-combo/pvid/9efc5e2e-48a9-4474-9770-6e9e635da5a2,"https://cdn.zeptonow.com/production/tr:w-1280,ar-361-747,pr-true,f-auto,q-80/cms/product_variant/5202ddb9-9d17-4a00-830d-4fbec129b1f8.png"
"Atta, Rice, Oil & Dals",Millets & Other Flours,"https://cdn.zeptonow.com/production/tr:w-90,ar-120-120,pr-true,f-auto,q-80/cms/sub_category/b12d3cbe-37c6-4cd6-a74e-58c4630d8336.png",Aachi Bajji Bonda Powder 200 g Combo,Aachi,72,84,200 g X 2,4.5 (875),In Stock,https://www.zeptonow.com/pn/aachi-bajji-bonda-powder-200-g-combo/pvid/7493f563-9fac-45e3-9282-c231e6c46d71,"https://cdn.zeptonow.com/production/tr:w-1280,ar-1500-1500,pr-true,f-auto,q-80/inventory/product/f0582c3e-5f77-4050-be35-a069c53019ef-5059.jpg"
"Atta, Rice, Oil & Dals",Millets & Other Flours,"https://cdn.zeptonow.com/production/tr:w-90,ar-120-120,pr-true,f-auto,q-80/cms/sub_category/b12d3cbe-37c6-4cd6-a74e-58c4630d8336.png",Daily Good Jowar Flour / Sorghum Millet 500 g Combo,Daily Good,64,150,500 g X 2,4.6 (237),In Stock,https://www.zeptonow.com/pn/daily-good-jowar-flour-sorghum-millet-500-g-combo/pvid/fe4101a8-c1e5-4d4f-98fa-e11752daf9d3,"https://cdn.zeptonow.com/production/tr:w-1280,ar-1494-1494,pr-true,f-auto,q-80/cms/product_variant/467ffd0a-c8d1-479a-9567-b50a85a18d38.jpg"
"Atta, Rice, Oil & Dals",Millets & Other Flours,"https://cdn.zeptonow.com/production/tr:w-90,ar-120-120,pr-true,f-auto,q-80/cms/sub_category/b12d3cbe-37c6-4cd6-a74e-58c4630d8336.png",Weikfield Corn Starch 500 g Combo,Weikfield,176,190,500 g X 2,4.3 (799),In Stock,https://www.zeptonow.com/pn/weikfield-corn-starch-500-g-combo/pvid/e4b3d57b-7912-41c1-9edd-430f5d3e687a,"https://cdn.zeptonow.com/production/tr:w-1280,ar-1200-1200,pr-true,f-auto,q-80/cms/product_variant/54b17fd5-dae5-4abe-be92-04c849335287.jpg"
"Atta, Rice, Oil & Dals",Millets & Other Flours,"https://cdn.zeptonow.com/production/tr:w-90,ar-120-120,pr-true,f-auto,q-80/cms/sub_category/b12d3cbe-37c6-4cd6-a74e-58c4630d8336.png",Daily Good Corn Flour / Starch 500 g Combo,Daily Good,138,150,500 g X 2,4.7 (614),In Stock,https://www.zeptonow.com/pn/daily-good-corn-flour-starch-500-g-combo/pvid/ed92afe1-13eb-4662-a38c-ccf60014a1c3,"https://cdn.zeptonow.com/production/tr:w-1280,ar-1500-1500,pr-true,f-auto,q-80/cms/product_variant/9ecd4027-ad84-4f9e-bc55-801e51f988e5.jpg"
"Atta, Rice, Oil & Dals",Millets & Other Flours,"https://cdn.zeptonow.com/production/tr:w-90,ar-120-120,pr-true,f-auto,q-80/cms/sub_category/b12d3cbe-37c6-4cd6-a74e-58c4630d8336.png",Daily Good Jowar Flour / Sorghum Millet(500gms) & Daily Good Bajra / Pearl Millets(500gms) Combo,Daily Good,90,130,2 combo,4.3 (123),In Stock,https://www.zeptonow.com/pn/daily-good-jowar-flour-sorghum-millet500gms-daily-good-bajra-pearl-millets500gms-combo/pvid/266532a2-ba3d-45c6-8564-b93571115aaf,"https://cdn.zeptonow.com/production/tr:w-1280,ar-1494-1494,pr-true,f-auto,q-80/cms/product_variant/fcd82cae-0bac-4e1a-b449-20283edfbbd7.jpg"
"Atta, Rice, Oil & Dals",Millets & Other Flours,"https://cdn.zeptonow.com/production/tr:w-90,ar-120-120,pr-true,f-auto,q-80/cms/sub_category/b12d3cbe-37c6-4cd6-a74e-58c4630d8336.png",Manna Rice Flour,Manna,51,59,1 pack (500 g),4.8 (520),Sold Out,https://www.zeptonow.com/pn/manna-rice-flour/pvid/ea89dd84-7428-4057-a6a9-3a278620f704,"https://cdn.zeptonow.com/production/tr:w-1280,ar-2400-2400,pr-true,f-auto,q-80/cms/product_variant/f0eff9d5-be01-4207-afdf-0bf70e184a87.jpeg"
"Atta, Rice, Oil & Dals",Millets & Other Flours,"https://cdn.zeptonow.com/production/tr:w-90,ar-120-120,pr-true,f-auto,q-80/cms/sub_category/b12d3cbe-37c6-4cd6-a74e-58c4630d8336.png",Organic Tattva Bajra Flour,Organic Tattva,64,75,1 pack (500 g),4.2 (573),Sold Out,https://www.zeptonow.com/pn/organic-tattva-bajra-flour/pvid/a0be231a-63a3-472d-9a1b-d8844053f0c5,"https://cdn.zeptonow.com/production/tr:w-1280,ar-1500-1500,pr-true,f-auto,q-80/cms/product_variant/5cb42487-be80-4284-81e3-5568565cfa2d.jpeg"
"Atta, Rice, Oil & Dals",Millets & Other Flours,"https://cdn.zeptonow.com/production/tr:w-90,ar-120-120,pr-true,f-auto,q-80/cms/sub_category/b12d3cbe-37c6-4cd6-a74e-58c4630d8336.png",Manna Multimillet Atta,Manna,85,165,1 pack (1 kg),5 (144),Sold Out,https://www.zeptonow.com/pn/manna-multimillet-atta/pvid/3e908b47-4998-44f4-8dc9-bb385d8e8030,"https://cdn.zeptonow.com/production/tr:w-1280,ar-2400-2400,pr-true,f-auto,q-80/cms/product_variant/30f0441f-022b-49ba-8298-7401f8df3172.jpeg"
"Atta, Rice, Oil & Dals",Millets & Other Flours,"https://cdn.zeptonow.com/production/tr:w-90,ar-120-120,pr-true,f-auto,q-80/cms/sub_category/b12d3cbe-37c6-4cd6-a74e-58c4630d8336.png",Organic Tattva Maize Flour | Makka Atta,Organic Tattva,70,70,1 pack (500 g),4.7 (556),Sold Out,https://www.zeptonow.com/pn/organic-tattva-maize-flour-makka-atta/pvid/7692bef2-525f-4fa0-93ec-53cd8b977620,"https://cdn.zeptonow.com/production/tr:w-1280,ar-1500-1500,pr-true,f-auto,q-80/cms/product_variant/2d73eb69-87c3-4bf9-86d4-9f43867655e1.jpeg"
"Atta, Rice, Oil & Dals",Millets & Other Flours,"https://cdn.zeptonow.com/production/tr:w-90,ar-120-120,pr-true,f-auto,q-80/cms/sub_category/b12d3cbe-37c6-4cd6-a74e-58c4630d8336.png",Tata Sampann Easy Cook Ragi Atta,Tata,78,90,1 pack (500 g),4.8 (69),Sold Out,https://www.zeptonow.com/pn/tata-sampann-easy-cook-ragi-atta/pvid/4321e603-486d-4de8-a146-48d353992e19,"https://cdn.zeptonow.com/production/tr:w-1280,ar-1200-1200,pr-true,f-auto,q-80/cms/product_variant/dcc0f5f6-486d-4c71-934b-b072ad8f7563.jpg"
"Atta, Rice, Oil & Dals",Millets & Other Flours,"https://cdn.zeptonow.com/production/tr:w-90,ar-120-120,pr-true,f-auto,q-80/cms/sub_category/b12d3cbe-37c6-4cd6-a74e-58c4630d8336.png",Vijay Kuttu Flour | Buckwheat,Vijay,122,130,1 pack (500 g),5 (80),Sold Out,https://www.zeptonow.com/pn/vijay-kuttu-flour-buckwheat/pvid/c8027c3b-b5dc-48bd-8566-521213e87a0a,"https://cdn.zeptonow.com/production/tr:w-1280,ar-1280-1280,pr-true,f-auto,q-80/cms/product_variant/4bdef250-da4e-4d65-bc59-042d574b411c.jpg"
"Atta, Rice, Oil & Dals",Millets & Other Flours,"https://cdn.zeptonow.com/production/tr:w-90,ar-120-120,pr-true,f-auto,q-80/cms/sub_category/b12d3cbe-37c6-4cd6-a74e-58c4630d8336.png",Indira's Ragi special Huri Hittu,Indira's,152,156,1 pack (400 g),4.3 (64),Sold Out,https://www.zeptonow.com/pn/indiras-ragi-special-huri-hittu/pvid/639e7ea1-bfc0-47a0-88ca-c3eb355d4bdb,"https://cdn.zeptonow.com/production/tr:w-1280,ar-2000-2000,pr-true,f-auto,q-80/cms/product_variant/bdac2579-004f-4737-810e-d2e96df76b7d.jpg"
"Atta, Rice, Oil & Dals",Millets & Other Flours,"https://cdn.zeptonow.com/production/tr:w-90,ar-120-120,pr-true,f-auto,q-80/cms/sub_category/b12d3cbe-37c6-4cd6-a74e-58c4630d8336.png",Indira's Ragi Dosa Mix,Indira's,135,142,1 pack (500 g),5 (71),Sold Out,https://www.zeptonow.com/pn/indiras-ragi-dosa-mix/pvid/b6dfefd3-16ba-463e-8175-d2be838390ba,"https://cdn.zeptonow.com/production/tr:w-1280,ar-2000-2000,pr-true,f-auto,q-80/cms/product_variant/38cac623-43e3-48fb-859e-5819be2c4210.jpg"
"Atta, Rice, Oil & Dals",Millets & Other Flours,"https://cdn.zeptonow.com/production/tr:w-90,ar-120-120,pr-true,f-auto,q-80/cms/sub_category/b12d3cbe-37c6-4cd6-a74e-58c4630d8336.png",TWF T45 Cake Flour (Maida) 500g,TWF,89,149,1 pack (500 g),4.9 (99),Sold Out,https://www.zeptonow.com/pn/twf-t45-cake-flour-maida-500g/pvid/2799457d-5a37-4b4a-ab0b-99ca256cddb3,"https://cdn.zeptonow.com/production/tr:w-1280,ar-1080-1080,pr-true,f-auto,q-80/cms/product_variant/ec45ef0d-26fe-4f9c-887c-fe8f86a1fda6.jpeg"
"Atta, Rice, Oil & Dals",Millets & Other Flours,"https://cdn.zeptonow.com/production/tr:w-90,ar-120-120,pr-true,f-auto,q-80/cms/sub_category/b12d3cbe-37c6-4cd6-a74e-58c4630d8336.png",Natureland Organics Buckwheat Flour,Natureland,137,195,1 pack (500 g),4.9 (120),Sold Out,https://www.zeptonow.com/pn/natureland-organics-buckwheat-flour/pvid/98531ab9-7566-47cb-b9e1-44c5e5f6dcc2,"https://cdn.zeptonow.com/production/tr:w-1280,ar-2000-2000,pr-true,f-auto,q-80/cms/product_variant/b7f57e2c-c904-4398-82d3-a20f7e02b1bf.jpg"
"Atta, Rice, Oil & Dals",Millets & Other Flours,"https://cdn.zeptonow.com/production/tr:w-90,ar-120-120,pr-true,f-auto,q-80/cms/sub_category/b12d3cbe-37c6-4cd6-a74e-58c4630d8336.png",Earthen Story Organic Bajra Atta,Earthen,135,200,1 pack (900 gm),4.5 (86),Sold Out,https://www.zeptonow.com/pn/earthen-story-organic-bajra-atta/pvid/9de77307-fed5-4c64-8bd5-c06911136ce2,"https://cdn.zeptonow.com/production/tr:w-1280,ar-1500-1500,pr-true,f-auto,q-80/cms/product_variant/84331ffd-7f8a-4326-829e-c32fa813bd78.jpeg"
"Atta, Rice, Oil & Dals",Millets & Other Flours,"https://cdn.zeptonow.com/production/tr:w-90,ar-120-120,pr-true,f-auto,q-80/cms/sub_category/b12d3cbe-37c6-4cd6-a74e-58c4630d8336.png",Earthen Story Organic Jowar Atta,Earthen,135,200,1 pack (900 g),5 (68),Sold Out,https://www.zeptonow.com/pn/earthen-story-organic-jowar-atta/pvid/3faac475-b8fd-48a5-9862-225ecfb8fd9b,"https://cdn.zeptonow.com/production/tr:w-1280,ar-1500-1500,pr-true,f-auto,q-80/cms/product_variant/da8845f8-21e6-416e-a795-b167abfe8ba4.jpeg"
"Atta, Rice, Oil & Dals",Millets & Other Flours,"https://cdn.zeptonow.com/production/tr:w-90,ar-120-120,pr-true,f-auto,q-80/cms/sub_category/b12d3cbe-37c6-4cd6-a74e-58c4630d8336.png",Vijay Gold Jowar Flour,Vijay,36,42,1 pack (500 g),4.7 (878),Sold Out,https://www.zeptonow.com/pn/vijay-gold-jowar-flour/pvid/dbccac8d-c148-49fd-ba1d-5bcb304c085f,"https://cdn.zeptonow.com/production/tr:w-1280,ar-1200-1200,pr-true,f-auto,q-80/cms/product_variant/dcc2e251-f601-4898-b016-70419eca8c12.jpeg"
"Atta, Rice, Oil & Dals",Millets & Other Flours,"https://cdn.zeptonow.com/production/tr:w-90,ar-120-120,pr-true,f-auto,q-80/cms/sub_category/b12d3cbe-37c6-4cd6-a74e-58c4630d8336.png",24 Mantra Organic Ragi Flour,24 Mantra,73,75,1 pack (500 g),4.5 (1.3k),Sold Out,https://www.zeptonow.com/pn/24-mantra-organic-ragi-flour/pvid/a7861fd9-190c-4bb1-9b00-00e402cf133f,"https://cdn.zeptonow.com/production/tr:w-1280,ar-1200-1200,pr-true,f-auto,q-80/cms/product_variant/0232f00b-b5c3-4448-a94b-d08a3ac6098a.jpeg"
"Atta, Rice, Oil & Dals",Millets & Other Flours,"https://cdn.zeptonow.com/production/tr:w-90,ar-120-120,pr-true,f-auto,q-80/cms/sub_category/b12d3cbe-37c6-4cd6-a74e-58c4630d8336.png",Vijay Gold Bajra Flour,Vijay,34,34,1 pack (500 g),4.4 (203),Sold Out,https://www.zeptonow.com/pn/vijay-gold-bajra-flour/pvid/484ba4e1-a5e1-4ad1-bd3e-43ffb12bd163,"https://cdn.zeptonow.com/production/tr:w-1280,ar-2400-2400,pr-true,f-auto,q-80/cms/product_variant/b831fd33-f355-4404-80e3-a66305d1ded4.jpeg"
"Atta, Rice, Oil & Dals",Millets & Other Flours,"https://cdn.zeptonow.com/production/tr:w-90,ar-120-120,pr-true,f-auto,q-80/cms/sub_category/b12d3cbe-37c6-4cd6-a74e-58c4630d8336.png",Nirapara Appam Idiyappam Podi,Nirapara,99,110,1 pack (1 kg),5 (75),Sold Out,https://www.zeptonow.com/pn/nirapara-appam-idiyappam-podi/pvid/828ae1a0-bafa-4cf2-82dc-ef28d7e9c641,"https://cdn.zeptonow.com/production/tr:w-1280,ar-1000-1000,pr-true,f-auto,q-80/cms/product_variant/ca249ea2-eb32-4707-9f86-1f327b1241dd.jpg"
"Atta, Rice, Oil & Dals",Dals & Pulses,"https://cdn.zeptonow.com/production/tr:w-90,ar-120-121,pr-true,f-auto,q-80/cms/sub_category/18.png",Safe Harvest Pesticide-Free Groundnut | Natural and Delicious,Delicious,150,169,1 pack (500 g),4.7 (3.2k),In Stock,https://www.zeptonow.com/pn/safe-harvest-pesticide-free-groundnut-natural-and-delicious/pvid/62290a21-87ee-40d6-a6b0-e1db889606e5,"https://cdn.zeptonow.com/production/tr:w-1280,ar-1200-1200,pr-true,f-auto,q-80/cms/product_variant/5dc29c32-ba42-4822-afaa-597b02ef9250.jpg"
"Atta, Rice, Oil & Dals",Dals & Pulses,"https://cdn.zeptonow.com/production/tr:w-90,ar-120-121,pr-true,f-auto,q-80/cms/sub_category/18.png",Tata Sampann Unpolished Toor Dal-Arhar Dal,Tata,196,210,1 pack (1 kg),4.7 (31.2k),In Stock,https://www.zeptonow.com/pn/tata-sampann-unpolished-toor-dal-arhar-dal/pvid/1b3c9c59-924f-436c-91fb-910bcc3dee01,"https://cdn.zeptonow.com/production/tr:w-1280,ar-1200-1200,pr-true,f-auto,q-80/cms/product_variant/ddae04ed-05ae-4b5a-846e-0f579b5d2fb5.jpeg"
"Atta, Rice, Oil & Dals",Dals & Pulses,"https://cdn.zeptonow.com/production/tr:w-90,ar-120-121,pr-true,f-auto,q-80/cms/sub_category/18.png",Tata Sampann Unpolished Moong Dal,Tata,176,200,1 pack (1 kg),4.8 (12.8k),In Stock,https://www.zeptonow.com/pn/tata-sampann-unpolished-moong-dal/pvid/21a538c3-2470-4930-b670-1866caf5027b,"https://cdn.zeptonow.com/production/tr:w-1280,ar-1200-1200,pr-true,f-auto,q-80/cms/product_variant/b8b26745-9a95-47de-ae89-08760ffd68e6.jpeg"
"Atta, Rice, Oil & Dals",Dals & Pulses,"https://cdn.zeptonow.com/production/tr:w-90,ar-120-121,pr-true,f-auto,q-80/cms/sub_category/18.png",Aashirvaad Organic Moong Dal (Split) | 100% Organic Moong Dal Rich in Protein,Aashirvaad,227,310,1 pack (1 kg),4.6 (107),In Stock,https://www.zeptonow.com/pn/aashirvaad-organic-moong-dal-split-100-organic-moong-dal-rich-in-protein/pvid/b92f5d76-960b-4892-9152-fa37db898bee,"https://cdn.zeptonow.com/production/tr:w-1280,ar-2400-2400,pr-true,f-auto,q-80/cms/product_variant/85f2fcc6-93b2-4e6e-9f1c-5d5f4549b559.jpg"
"Atta, Rice, Oil & Dals",Dals & Pulses,"https://cdn.zeptonow.com/production/tr:w-90,ar-120-121,pr-true,f-auto,q-80/cms/sub_category/18.png",Tata Sampann Unpolished Kabuli Chana,Tata,103,114,1 pack (500 g),4.7 (7.1k),In Stock,https://www.zeptonow.com/pn/tata-sampann-unpolished-kabuli-chana/pvid/dcc7365d-436a-4627-9a61-955653c25cee,"https://cdn.zeptonow.com/production/tr:w-1280,ar-1200-1200,pr-true,f-auto,q-80/cms/product_variant/f81a9cf9-bea5-4cce-8380-64627cd0cd3c.jpeg"
"Atta, Rice, Oil & Dals",Dals & Pulses,"https://cdn.zeptonow.com/production/tr:w-90,ar-120-121,pr-true,f-auto,q-80/cms/sub_category/18.png",Tata Sampann Unpolished Green Moong,Tata,87,93,1 pack (500 g),4.7 (16.1k),In Stock,https://www.zeptonow.com/pn/tata-sampann-unpolished-green-moong/pvid/36153031-3e4e-4f9c-9082-16ec095479b4,"https://cdn.zeptonow.com/production/tr:w-1280,ar-1200-1200,pr-true,f-auto,q-80/cms/product_variant/5dc00146-1475-4b01-92a7-f0c0f993b582.jpeg"
"Atta, Rice, Oil & Dals",Dals & Pulses,"https://cdn.zeptonow.com/production/tr:w-90,ar-120-121,pr-true,f-auto,q-80/cms/sub_category/18.png",Dehaat Honest Farms Raw Peanuts,Dehaat,98,148,1 pack (500 g),4.5 (4.4k),In Stock,https://www.zeptonow.com/pn/dehaat-honest-farms-raw-peanuts/pvid/10b2c93e-8226-4066-876c-9f3e65e42145,"https://cdn.zeptonow.com/production/tr:w-1280,ar-2400-2400,pr-true,f-auto,q-80/cms/product_variant/bd2aca06-12cd-47b2-98ed-b8a82c83ae04.jpeg"
"Atta, Rice, Oil & Dals",Dals & Pulses,"https://cdn.zeptonow.com/production/tr:w-90,ar-120-121,pr-true,f-auto,q-80/cms/sub_category/18.png",Tata Sampann Unpolished Moong Dal,Tata,94,100,1 pack (500 g),4.7 (27.5k),In Stock,https://www.zeptonow.com/pn/tata-sampann-unpolished-moong-dal/pvid/cfc5e58e-1b02-4f88-9ae4-85630c217570,"https://cdn.zeptonow.com/production/tr:w-1280,ar-1200-1200,pr-true,f-auto,q-80/cms/product_variant/b885574e-f5d7-4560-850d-67d4e530efe7.jpeg"
"Atta, Rice, Oil & Dals",Dals & Pulses,"https://cdn.zeptonow.com/production/tr:w-90,ar-120-121,pr-true,f-auto,q-80/cms/sub_category/18.png",Safe Harvest Pesticide-Free Groundnut | Natural and Delicious,Delicious,76,88,1 pack (250 g),4.7 (3.1k),In Stock,https://www.zeptonow.com/pn/safe-harvest-pesticide-free-groundnut-natural-and-delicious/pvid/49087375-201e-44d8-a369-4b6c393f7dfa,"https://cdn.zeptonow.com/production/tr:w-1280,ar-1200-1200,pr-true,f-auto,q-80/cms/product_variant/a180fffa-99e2-4c1d-aff7-d6381e869344.jpeg"
"Atta, Rice, Oil & Dals",Dals & Pulses,"https://cdn.zeptonow.com/production/tr:w-90,ar-120-121,pr-true,f-auto,q-80/cms/sub_category/18.png",Dehaat Honest Farms Unpolished Toor Dal | Arhar Dal,Dehaat,182,280,1 pack (1 kg),4.9 (635),In Stock,https://www.zeptonow.com/pn/dehaat-honest-farms-unpolished-toor-dal-arhar-dal/pvid/77996009-de73-4aad-a183-cb82a3830882,"https://cdn.zeptonow.com/production/tr:w-1280,ar-900-900,pr-true,f-auto,q-80/inventory/product/b5bf0605-87bd-41a2-8b7d-6537b36325d9-/tmp/20230425-1314261.jpeg"
"Atta, Rice, Oil & Dals",Dals & Pulses,"https://cdn.zeptonow.com/production/tr:w-90,ar-120-121,pr-true,f-auto,q-80/cms/sub_category/18.png",Tata Sampann Unpolished Chana Dal,Tata,121,148,1 pack (1 kg),4.7 (7.0k),In Stock,https://www.zeptonow.com/pn/tata-sampann-unpolished-chana-dal/pvid/84ac8cee-78fd-4a25-962c-0020060df6da,"https://cdn.zeptonow.com/production/tr:w-1280,ar-1200-1200,pr-true,f-auto,q-80/cms/product_variant/471e7327-81df-4439-8f63-ea25e28679eb.jpeg"
"Atta, Rice, Oil & Dals",Dals & Pulses,"https://cdn.zeptonow.com/production/tr:w-90,ar-120-121,pr-true,f-auto,q-80/cms/sub_category/18.png",Tata Sampann Kala Chana,Tata,140,149,1 pack (1 kg),4.7 (12.3k),In Stock,https://www.zeptonow.com/pn/tata-sampann-kala-chana/pvid/97297b75-435c-4e46-81f4-07589994fb70,"https://cdn.zeptonow.com/production/tr:w-1280,ar-1200-1200,pr-true,f-auto,q-80/cms/product_variant/31f34492-299b-4d80-9e76-8cbfd2fcb8ab.jpeg"
"Atta, Rice, Oil & Dals",Dals & Pulses,"https://cdn.zeptonow.com/production/tr:w-90,ar-120-121,pr-true,f-auto,q-80/cms/sub_category/18.png",Tata Sampann Unpolished Urad Dal Whole,Tata,223,235,1 pack (1 kg),4.7 (848),In Stock,https://www.zeptonow.com/pn/tata-sampann-unpolished-urad-dal-whole/pvid/31fdc8f2-657b-4396-a1a2-8c6010d03de3,"https://cdn.zeptonow.com/production/tr:w-1280,ar-1200-1200,pr-true,f-auto,q-80/cms/product_variant/96fd69b1-200f-4cd4-a726-d5ec860947d4.jpeg"
"Atta, Rice, Oil & Dals",Dals & Pulses,"https://cdn.zeptonow.com/production/tr:w-90,ar-120-121,pr-true,f-auto,q-80/cms/sub_category/18.png",Dehaat Honest Farms Unpolished Kabuli Chana,Dehaat,118,175,1 pack (500 g),5 (1.4k),In Stock,https://www.zeptonow.com/pn/dehaat-honest-farms-unpolished-kabuli-chana/pvid/f40010df-331c-44de-a034-18af39d0573d,"https://cdn.zeptonow.com/production/tr:w-1280,ar-1500-1500,pr-true,f-auto,q-80/cms/product_variant/bccbe4a1-1876-42b1-ac35-72576ef4380b.jpg"
"Atta, Rice, Oil & Dals",Dals & Pulses,"https://cdn.zeptonow.com/production/tr:w-90,ar-120-121,pr-true,f-auto,q-80/cms/sub_category/18.png",Tata Sampann Unpolished Chana Dal,Tata,67,75,1 pack (500 g),4.7 (15.3k),In Stock,https://www.zeptonow.com/pn/tata-sampann-unpolished-chana-dal/pvid/2aa43aa2-14b5-45ee-b2c4-502193df52c3,"https://cdn.zeptonow.com/production/tr:w-1280,ar-1200-1200,pr-true,f-auto,q-80/cms/product_variant/13b8f221-4f40-4ef1-a16f-64b5eae71de1.jpeg"
"Atta, Rice, Oil & Dals",Dals & Pulses,"https://cdn.zeptonow.com/production/tr:w-90,ar-120-121,pr-true,f-auto,q-80/cms/sub_category/18.png",Tata Sampann Unpolished Urad Kali,Tata,94,99,1 pack (500 g),4.7 (1.5k),In Stock,https://www.zeptonow.com/pn/tata-sampann-unpolished-urad-kali/pvid/6abe2e64-5533-4a56-8b41-ee6091443ab7,"https://cdn.zeptonow.com/production/tr:w-1280,ar-1200-1200,pr-true,f-auto,q-80/cms/product_variant/e0f8a038-6898-42ac-8b15-94a5db676bc3.jpeg"
"Atta, Rice, Oil & Dals",Dals & Pulses,"https://cdn.zeptonow.com/production/tr:w-90,ar-120-121,pr-true,f-auto,q-80/cms/sub_category/18.png",Aashirvaad Organic Arhar/Tur Dal | 100% Organic Arhar/Tur Dal Rich in Protein,Aashirvaad,157,195,1 pack (500 g),4.5 (929),In Stock,https://www.zeptonow.com/pn/aashirvaad-organic-arhartur-dal-100-organic-arhartur-dal-rich-in-protein/pvid/c39ccbe5-bd16-47c7-a697-b802141d6694,"https://cdn.zeptonow.com/production/tr:w-1280,ar-2400-2400,pr-true,f-auto,q-80/cms/product_variant/93733696-0546-4e56-bb44-76b341de2369.jpg"
"Atta, Rice, Oil & Dals",Dals & Pulses,"https://cdn.zeptonow.com/production/tr:w-90,ar-120-121,pr-true,f-auto,q-80/cms/sub_category/18.png",Tata Sampann Unpolished Masoor Dal,Tata,151,164,1 pack (1 kg),4.6 (7.5k),In Stock,https://www.zeptonow.com/pn/tata-sampann-unpolished-masoor-dal/pvid/a89b1796-6ef8-4f1c-8b42-4945e67e536f,"https://cdn.zeptonow.com/production/tr:w-1280,ar-1200-1200,pr-true,f-auto,q-80/cms/product_variant/4778a086-28f2-4794-874a-113378384273.jpeg"
"Atta, Rice, Oil & Dals",Dals & Pulses,"https://cdn.zeptonow.com/production/tr:w-90,ar-120-121,pr-true,f-auto,q-80/cms/sub_category/18.png",Tata Sampann Unpolished Masoor - Whole,Tata,78,83,1 pack (500 g),4.7 (8.9k),In Stock,https://www.zeptonow.com/pn/tata-sampann-unpolished-masoor-whole/pvid/1facfe3f-48a0-4425-9f3f-4dfe3c594096,"https://cdn.zeptonow.com/production/tr:w-1280,ar-1200-1200,pr-true,f-auto,q-80/cms/product_variant/8c03e555-38b0-4d47-b938-77c2a85b1f56.jpeg"
"Atta, Rice, Oil & Dals",Dals & Pulses,"https://cdn.zeptonow.com/production/tr:w-90,ar-120-121,pr-true,f-auto,q-80/cms/sub_category/18.png",Tata Sampann Unpolished Toor Dal | Arhar Dal,Tata,89,106,1 pack (500 g),4.7 (32.5k),In Stock,https://www.zeptonow.com/pn/tata-sampann-unpolished-toor-dal-arhar-dal/pvid/b112aa30-e6ab-4f7c-9326-16c1733a057a,"https://cdn.zeptonow.com/production/tr:w-1280,ar-1200-1200,pr-true,f-auto,q-80/cms/product_variant/06e24ca7-b039-42c9-abfc-11eb81cdc3f9.jpeg"
"Atta, Rice, Oil & Dals",Dals & Pulses,"https://cdn.zeptonow.com/production/tr:w-90,ar-120-121,pr-true,f-auto,q-80/cms/sub_category/18.png",Dehaat Honest Farms Unpolished Toor Dal | Arhar Dal,Dehaat,100,168,1 pack (500 g),4.3 (1.6k),In Stock,https://www.zeptonow.com/pn/dehaat-honest-farms-unpolished-toor-dal-arhar-dal/pvid/97339c20-e09d-426d-9390-a129c01b1abd,"https://cdn.zeptonow.com/production/tr:w-1280,ar-2400-2400,pr-true,f-auto,q-80/cms/product_variant/29e7be0f-6926-4a96-bd84-3421d9257964.jpg"
"Atta, Rice, Oil & Dals",Dals & Pulses,"https://cdn.zeptonow.com/production/tr:w-90,ar-120-121,pr-true,f-auto,q-80/cms/sub_category/18.png",Safe Harvest Pesticide-Free Goodness Mung Dal | Natural and Delicious | No Artificial Flavors,Delicious,124,140,1 pack (500 g),5 (178),In Stock,https://www.zeptonow.com/pn/safe-harvest-pesticide-free-goodness-mung-dal-natural-and-delicious-no-artificial-flavors/pvid/0b02d086-3077-4dde-95d9-ff203dc5875f,"https://cdn.zeptonow.com/production/tr:w-1280,ar-2400-2400,pr-true,f-auto,q-80/cms/product_variant/42298e1a-9b7c-4c9e-b1f8-02ae5d40e08b.jpeg"
"Atta, Rice, Oil & Dals",Dals & Pulses,"https://cdn.zeptonow.com/production/tr:w-90,ar-120-121,pr-true,f-auto,q-80/cms/sub_category/18.png",Aashirvaad Organic Chana Dal (Split) | 100% Organic Chana Dal Rich in Protein,Aashirvaad,168,240,1 pack (1 kg),5 (149),In Stock,https://www.zeptonow.com/pn/aashirvaad-organic-chana-dal-split-100-organic-chana-dal-rich-in-protein/pvid/7b8d618d-b4ec-464c-aca6-4603f710076d,"https://cdn.zeptonow.com/production/tr:w-1280,ar-750-750,pr-true,f-auto,q-80/cms/product_variant/930812e8-4fa9-4a09-a61f-9c520e05b777.jpeg"
"Atta, Rice, Oil & Dals",Dals & Pulses,"https://cdn.zeptonow.com/production/tr:w-90,ar-120-121,pr-true,f-auto,q-80/cms/sub_category/18.png",Tata Sampann Unpolished Urad Kali,Tata,187,206,1 pack (1 kg),4.5 (185),In Stock,https://www.zeptonow.com/pn/tata-sampann-unpolished-urad-kali/pvid/067d6aa1-2446-4e58-b4f1-9f0a96945054,"https://cdn.zeptonow.com/production/tr:w-1280,ar-1500-1500,pr-true,f-auto,q-80/cms/product_variant/06fea2ce-ab7b-4127-b0ef-bcb461626289.jpg"
"Atta, Rice, Oil & Dals",Dals & Pulses,"https://cdn.zeptonow.com/production/tr:w-90,ar-120-121,pr-true,f-auto,q-80/cms/sub_category/18.png",Dehaat Honest Farms Unpolished Chana Dal,Dehaat,68,105,1 pack (500 g),4.4 (1.2k),In Stock,https://www.zeptonow.com/pn/dehaat-honest-farms-unpolished-chana-dal/pvid/1868d27f-e131-4925-a952-bc9aaf9af9b4,"https://cdn.zeptonow.com/production/tr:w-1280,ar-2400-2400,pr-true,f-auto,q-80/cms/product_variant/6b9d69a3-3d10-4f03-9536-3c658d3e7e3f.jpg"
"Atta, Rice, Oil & Dals",Dals & Pulses,"https://cdn.zeptonow.com/production/tr:w-90,ar-120-121,pr-true,f-auto,q-80/cms/sub_category/18.png",Tata Sampann Organic Kabuli Chana,Tata,131,148,1 pack (500 g),5 (162),In Stock,https://www.zeptonow.com/pn/tata-sampann-organic-kabuli-chana/pvid/1728ed58-e9e1-4bc6-937a-96c7e6965e3b,"https://cdn.zeptonow.com/production/tr:w-1280,ar-1000-1000,pr-true,f-auto,q-80/cms/product_variant/1dbdb593-5b70-4d4f-bb6f-8be8393d407f.jpg"
"Atta, Rice, Oil & Dals",Dals & Pulses,"https://cdn.zeptonow.com/production/tr:w-90,ar-120-121,pr-true,f-auto,q-80/cms/sub_category/18.png",Dehaat Honest Farms Unpolished Urad Whole,Dehaat,195,290,1 pack (1 kg),4.9 (570),In Stock,https://www.zeptonow.com/pn/dehaat-honest-farms-unpolished-urad-whole/pvid/fba57f61-f699-49ec-81fd-d67f98955800,"https://cdn.zeptonow.com/production/tr:w-1280,ar-1080-1080,pr-true,f-auto,q-80/inventory/product/5247dd2f-f9b7-48ff-a68c-80d95a74a5d9-/tmp/20230425-1319201.jpeg"
"Atta, Rice, Oil & Dals",Dals & Pulses,"https://cdn.zeptonow.com/production/tr:w-90,ar-120-121,pr-true,f-auto,q-80/cms/sub_category/18.png",Safe Harvest Pesticide-Free Goodness Mung Whole | Vegan | Gluten Free,Safe,113,122,1 pack (500 g),5 (127),In Stock,https://www.zeptonow.com/pn/safe-harvest-pesticide-free-goodness-mung-whole-vegan-gluten-free/pvid/0598a942-4ab0-4f0c-9730-431f64ca4fbe,"https://cdn.zeptonow.com/production/tr:w-1280,ar-1021-1021,pr-true,f-auto,q-80/cms/product_variant/44810f08-df65-4d8e-9698-1405cd84ade0.jpeg"
"Atta, Rice, Oil & Dals",Dals & Pulses,"https://cdn.zeptonow.com/production/tr:w-90,ar-120-121,pr-true,f-auto,q-80/cms/sub_category/18.png",Tata Sampann Unpolished Rajma | Chitra,Tata,97,106,1 pack (500 g),4.6 (4.6k),In Stock,https://www.zeptonow.com/pn/tata-sampann-unpolished-rajma-chitra/pvid/2e047530-c785-4480-ad13-80874d0a0a02,"https://cdn.zeptonow.com/production/tr:w-1280,ar-1200-1200,pr-true,f-auto,q-80/cms/product_variant/84228a75-41e1-4c2a-acb2-28f9e8a9ad23.jpeg"
"Atta, Rice, Oil & Dals",Dals & Pulses,"https://cdn.zeptonow.com/production/tr:w-90,ar-120-121,pr-true,f-auto,q-80/cms/sub_category/18.png",Tata Sampann Organic Chana Dal,Tata,191,222,1 pack (1 kg),4.7 (107),In Stock,https://www.zeptonow.com/pn/tata-sampann-organic-chana-dal/pvid/184f8da7-2eff-4213-bf09-aa1fcd56a65b,"https://cdn.zeptonow.com/production/tr:w-1280,ar-1001-1001,pr-true,f-auto,q-80/cms/product_variant/4e3fce41-004a-4f67-b888-c193720e738d.jpg"
"Atta, Rice, Oil & Dals",Dals & Pulses,"https://cdn.zeptonow.com/production/tr:w-90,ar-120-121,pr-true,f-auto,q-80/cms/sub_category/18.png",Tata Sampann Unpolished Kali Masoor Dal,Tata,149,159,1 pack (1 kg),4.7 (3.2k),In Stock,https://www.zeptonow.com/pn/tata-sampann-unpolished-kali-masoor-dal/pvid/c8ce58b7-0810-478f-bfe6-9d153716edb3,"https://cdn.zeptonow.com/production/tr:w-1280,ar-1200-1200,pr-true,f-auto,q-80/cms/product_variant/224bfedb-d82b-4902-9f60-5feedf60b1ae.jpeg"
"Atta, Rice, Oil & Dals",Dals & Pulses,"https://cdn.zeptonow.com/production/tr:w-90,ar-120-121,pr-true,f-auto,q-80/cms/sub_category/18.png",Tata Sampann Unpolished Kabuli Chana | Medium Size,Tata,156,188,1 pack (1 kg),4.8 (469),In Stock,https://www.zeptonow.com/pn/tata-sampann-unpolished-kabuli-chana-medium-size/pvid/ea6f2d5d-4f9d-4323-9513-09b1b8029e12,"https://cdn.zeptonow.com/production/tr:w-1280,ar-1200-1200,pr-true,f-auto,q-80/cms/product_variant/dd1b6731-4ccf-4f6d-9d3b-bf7628ebe0ff.jpeg"
"Atta, Rice, Oil & Dals",Dals & Pulses,"https://cdn.zeptonow.com/production/tr:w-90,ar-120-121,pr-true,f-auto,q-80/cms/sub_category/18.png",Tata Sampann Unpolished Moong Chilka,Tata,88,94,1 pack (500 g),4.8 (1.9k),In Stock,https://www.zeptonow.com/pn/tata-sampann-unpolished-moong-chilka/pvid/4f0a080a-4ba6-4a40-82aa-7c8743e1b15f,"https://cdn.zeptonow.com/production/tr:w-1280,ar-1200-1200,pr-true,f-auto,q-80/cms/product_variant/e7c7a041-e4bd-4672-8722-d40e255467db.jpeg"
"Atta, Rice, Oil & Dals",Dals & Pulses,"https://cdn.zeptonow.com/production/tr:w-90,ar-120-121,pr-true,f-auto,q-80/cms/sub_category/18.png",Tata Sampann Unpolished Kabuli Chana,Tata,185,226,1 pack (1 kg),4.6 (663),In Stock,https://www.zeptonow.com/pn/tata-sampann-unpolished-kabuli-chana/pvid/32462fbf-8a4e-4aa4-b635-1ccca0f1b041,"https://cdn.zeptonow.com/production/tr:w-1280,ar-1200-1200,pr-true,f-auto,q-80/cms/product_variant/966a7e25-9e23-424c-b535-19c387038221.jpeg"
"Atta, Rice, Oil & Dals",Dals & Pulses,"https://cdn.zeptonow.com/production/tr:w-90,ar-120-121,pr-true,f-auto,q-80/cms/sub_category/18.png",Tata Sampann Easy Cook Kabuli Chana,Tata,117,126,1 pack (200 g),5 (63),In Stock,https://www.zeptonow.com/pn/tata-sampann-easy-cook-kabuli-chana/pvid/57dafc8a-542c-4347-929e-9b364c9b0b68,"https://cdn.zeptonow.com/production/tr:w-1280,ar-1200-1200,pr-true,f-auto,q-80/cms/product_variant/33d38a47-b862-42a7-9baf-a4c152e92f70.jpg"
"Atta, Rice, Oil & Dals",Dals & Pulses,"https://cdn.zeptonow.com/production/tr:w-90,ar-120-121,pr-true,f-auto,q-80/cms/sub_category/18.png",Dehaat Honest Farms Unpolished Chana,Dehaat,127,198,1 pack (1 kg),4.6 (1.2k),In Stock,https://www.zeptonow.com/pn/dehaat-honest-farms-unpolished-chana/pvid/658e3e13-2276-486b-8119-c368fba2d90c,"https://cdn.zeptonow.com/production/tr:w-1280,ar-1487-1432,pr-true,f-auto,q-80/cms/product_variant/c84dd47e-aebf-4601-8dd8-af26c03d943e.jpeg"
"Atta, Rice, Oil & Dals",Dals & Pulses,"https://cdn.zeptonow.com/production/tr:w-90,ar-120-121,pr-true,f-auto,q-80/cms/sub_category/18.png",Tata Sampann Easy Cook Kabuli Chana,Tata,239,264,1 pack (500 g),4.5 (182),In Stock,https://www.zeptonow.com/pn/tata-sampann-easy-cook-kabuli-chana/pvid/4150c66f-5615-4a10-9888-6991e2cef881,"https://cdn.zeptonow.com/production/tr:w-1280,ar-1200-1200,pr-true,f-auto,q-80/cms/product_variant/71c0eed6-00bf-41a9-8eba-35a803ad3d49.jpg"
"Atta, Rice, Oil & Dals",Dals & Pulses,"https://cdn.zeptonow.com/production/tr:w-90,ar-120-121,pr-true,f-auto,q-80/cms/sub_category/18.png",Tata Sampann Unpolished Gulbarga Toor Dal,Tata,218,246,1 pack (1 kg),4.3 (197),In Stock,https://www.zeptonow.com/pn/tata-sampann-unpolished-gulbarga-toor-dal/pvid/96889412-a885-4049-99c8-0163cacfc9d6,"https://cdn.zeptonow.com/production/tr:w-1280,ar-1200-1200,pr-true,f-auto,q-80/cms/product_variant/880112f2-ba99-4d04-b485-1f45e419ecf5.jpeg"
"Atta, Rice, Oil & Dals",Dals & Pulses,"https://cdn.zeptonow.com/production/tr:w-90,ar-120-121,pr-true,f-auto,q-80/cms/sub_category/18.png",Parry's Urad Dal Whole,Parry's,157,199,1 pack (1 kg),4.8 (1.5k),In Stock,https://www.zeptonow.com/pn/parrys-urad-dal-whole/pvid/4461b2f4-4bf6-43c5-ab8f-72cab28247eb,"https://cdn.zeptonow.com/production/tr:w-1280,ar-1080-1080,pr-true,f-auto,q-80/cms/product_variant/cf0c4080-12a7-4132-9c2d-300157ecc260.jpg"
"Atta, Rice, Oil & Dals",Dals & Pulses,"https://cdn.zeptonow.com/production/tr:w-90,ar-120-121,pr-true,f-auto,q-80/cms/sub_category/18.png",Udhaiyam Toor Dhall,Udhaiyam,155,168,1 pack (1 kg),4.8 (4.5k),In Stock,https://www.zeptonow.com/pn/udhaiyam-toor-dhall/pvid/ede88290-547b-4c67-bf28-2decb09f5e24,"https://cdn.zeptonow.com/production/tr:w-1280,ar-2400-2400,pr-true,f-auto,q-80/cms/product_variant/547d0187-a700-4a30-a18a-73c7632cce80.jpeg"
"Atta, Rice, Oil & Dals",Dals & Pulses,"https://cdn.zeptonow.com/production/tr:w-90,ar-120-121,pr-true,f-auto,q-80/cms/sub_category/18.png",Udhaiyam Orid Dhall Whole,Udhaiyam,150,165,1 pack (1 kg),4.8 (10.1k),In Stock,https://www.zeptonow.com/pn/udhaiyam-orid-dhall-whole/pvid/a1dca9a5-2d49-4044-95a1-6a32ea15cfa0,"https://cdn.zeptonow.com/production/tr:w-1280,ar-2400-2400,pr-true,f-auto,q-80/cms/product_variant/e512d4ad-6325-4c79-9f98-e95b282c33b1.jpeg"
"Atta, Rice, Oil & Dals",Dals & Pulses,"https://cdn.zeptonow.com/production/tr:w-90,ar-120-121,pr-true,f-auto,q-80/cms/sub_category/18.png",Parry's Toor Dal Unpolished,Parry's,153,210,1 pack (1 kg),4.6 (1.9k),In Stock,https://www.zeptonow.com/pn/parrys-toor-dal-unpolished/pvid/c371ebd6-d641-4c9f-bf7d-10a0b22286f7,"https://cdn.zeptonow.com/production/tr:w-1280,ar-1080-1080,pr-true,f-auto,q-80/cms/product_variant/69312f56-4765-47cd-b03f-d898a22551ea.jpg"
"Atta, Rice, Oil & Dals",Dals & Pulses,"https://cdn.zeptonow.com/production/tr:w-90,ar-120-121,pr-true,f-auto,q-80/cms/sub_category/18.png",Udhaiyam Dhall Moong,Udhaiyam,161,175,1 pack (1 kg),4.8 (1.0k),In Stock,https://www.zeptonow.com/pn/udhaiyam-dhall-moong/pvid/99369800-1182-46d3-baac-ef7fe860f932,"https://cdn.zeptonow.com/production/tr:w-1280,ar-2400-2400,pr-true,f-auto,q-80/cms/product_variant/d75d8142-489e-4dcc-9186-bd8888d38f94.jpg"
"Atta, Rice, Oil & Dals",Dals & Pulses,"https://cdn.zeptonow.com/production/tr:w-90,ar-120-121,pr-true,f-auto,q-80/cms/sub_category/18.png",Daily Good Makai Popcorn | Popcorn Kernals,Daily Good,59,60,1 pack (200 g),4.6 (2.1k),In Stock,https://www.zeptonow.com/pn/daily-good-makai-popcorn-popcorn-kernals/pvid/2e69fdfc-e891-46c7-8e45-9aeb2a2a11db,"https://cdn.zeptonow.com/production/tr:w-1280,ar-1200-1200,pr-true,f-auto,q-80/cms/product_variant/647a27fc-3d82-4883-a351-4f5af6101ce1.jpeg"
"Atta, Rice, Oil & Dals",Dals & Pulses,"https://cdn.zeptonow.com/production/tr:w-90,ar-120-121,pr-true,f-auto,q-80/cms/sub_category/18.png",Daily Good Horse Gram / Kulthi Bean,Daily Good,73,100,1 pack (500 g),4.7 (2.7k),In Stock,https://www.zeptonow.com/pn/daily-good-horse-gram-kulthi-bean/pvid/f78b7d20-ac97-44f2-9817-ae1da319caa2,"https://cdn.zeptonow.com/production/tr:w-1280,ar-1200-1200,pr-true,f-auto,q-80/cms/product_variant/7e4aca1f-ddfd-447f-96c6-96626e69e560.jpg"
"Atta, Rice, Oil & Dals",Dals & Pulses,"https://cdn.zeptonow.com/production/tr:w-90,ar-120-121,pr-true,f-auto,q-80/cms/sub_category/18.png",Udhaiyam Dhall - Toor,Udhaiyam,80,84,1 pack (500 g),4.8 (8.9k),In Stock,https://www.zeptonow.com/pn/udhaiyam-dhall-toor/pvid/e9e6e633-ebc9-4454-a5f2-ffcdc66e636a,"https://cdn.zeptonow.com/production/tr:w-1280,ar-1500-1500,pr-true,f-auto,q-80/cms/product_variant/8e5557d1-63bb-41c8-8b9e-3df01b672cf0.jpeg"
"Atta, Rice, Oil & Dals",Dals & Pulses,"https://cdn.zeptonow.com/production/tr:w-90,ar-120-121,pr-true,f-auto,q-80/cms/sub_category/18.png",Udhaiyam Fried Gram Dal- Split,Udhaiyam,74,76,1 pack (500 g),4.8 (2.7k),In Stock,https://www.zeptonow.com/pn/udhaiyam-fried-gram-dal-split/pvid/5d5b4074-2fe7-421d-8e9f-fd1f96c85165,"https://cdn.zeptonow.com/production/tr:w-1280,ar-2400-2400,pr-true,f-auto,q-80/cms/product_variant/adf8a030-afc3-4efb-ae7f-cd4b6c1f25bc.jpeg"
"Atta, Rice, Oil & Dals",Dals & Pulses,"https://cdn.zeptonow.com/production/tr:w-90,ar-120-121,pr-true,f-auto,q-80/cms/sub_category/18.png",Daily Good Unpolished Red Lobiya | Cowpea,Daily Good,86,140,1 pack (500 g),4.8 (468),In Stock,https://www.zeptonow.com/pn/daily-good-unpolished-red-lobiya-cowpea/pvid/5f6271ea-8d17-4267-a82c-ef98d28b39bf,"https://cdn.zeptonow.com/production/tr:w-1280,ar-2400-2400,pr-true,f-auto,q-80/cms/product_variant/f8a1b668-6b11-47cb-8dc0-55b240e1202c.jpeg"
"Atta, Rice, Oil & Dals",Dals & Pulses,"https://cdn.zeptonow.com/production/tr:w-90,ar-120-121,pr-true,f-auto,q-80/cms/sub_category/18.png",Udhaiyam Dhall - Moong,Udhaiyam,84,88,1 pack (500 g),4.8 (5.5k),In Stock,https://www.zeptonow.com/pn/udhaiyam-dhall-moong/pvid/3648b529-c498-42e2-84c0-67729f093657,"https://cdn.zeptonow.com/production/tr:w-1280,ar-2400-2400,pr-true,f-auto,q-80/cms/product_variant/99874b89-22c5-4ce6-8bea-69448b8db9c4.jpeg"
"Atta, Rice, Oil & Dals",Dals & Pulses,"https://cdn.zeptonow.com/production/tr:w-90,ar-120-121,pr-true,f-auto,q-80/cms/sub_category/18.png",Daily Good Unpolished Masoor Dal,Daily Good,88,90,1 pack (500 g),4.7 (29.8k),In Stock,https://www.zeptonow.com/pn/daily-good-unpolished-masoor-dal/pvid/4ef249e4-c823-47a7-842b-a81402e3fba4,"https://cdn.zeptonow.com/production/tr:w-1280,ar-1200-1200,pr-true,f-auto,q-80/cms/product_variant/1e8475a1-240f-4864-953e-2e154a9e7c0a.jpeg"
"Atta, Rice, Oil & Dals",Dals & Pulses,"https://cdn.zeptonow.com/production/tr:w-90,ar-120-121,pr-true,f-auto,q-80/cms/sub_category/18.png",Daily Good Soya Chunks Small,Daily Good,58,60,1 pack (200 g),4.7 (2.4k),In Stock,https://www.zeptonow.com/pn/daily-good-soya-chunks-small/pvid/bc0a6c2e-3a7c-4490-a074-892ebabc36ec,"https://cdn.zeptonow.com/production/tr:w-1280,ar-2298-2298,pr-true,f-auto,q-80/cms/product_variant/6633b148-e2fb-40a8-9a22-4a8bbdab9dea.jpg"
"Atta, Rice, Oil & Dals",Dals & Pulses,"https://cdn.zeptonow.com/production/tr:w-90,ar-120-121,pr-true,f-auto,q-80/cms/sub_category/18.png",Daily Good Unpolished Urad Black Whole,Daily Good,94,110,1 pack (500 g),4.8 (3.1k),In Stock,https://www.zeptonow.com/pn/daily-good-unpolished-urad-black-whole/pvid/61a85ba7-bf51-49da-a056-104eb292e961,"https://cdn.zeptonow.com/production/tr:w-1280,ar-2400-2400,pr-true,f-auto,q-80/cms/product_variant/48af301e-45c6-498c-9f14-d5ee9fa8b4d2.jpeg"
"Atta, Rice, Oil & Dals",Dals & Pulses,"https://cdn.zeptonow.com/production/tr:w-90,ar-120-121,pr-true,f-auto,q-80/cms/sub_category/18.png",Popular Essentials Premium Raw Ground Nut,Popular Essentials,108,122,1 pack (500 g),4.6 (3.4k),In Stock,https://www.zeptonow.com/pn/popular-essentials-premium-raw-ground-nut/pvid/a19cc286-3724-4c08-91d2-d6b57b1102f6,"https://cdn.zeptonow.com/production/tr:w-1280,ar-2400-2400,pr-true,f-auto,q-80/cms/product_variant/acd7d342-aafb-46de-9cbb-71d033c76a69.jpg"
"Atta, Rice, Oil & Dals",Dals & Pulses,"https://cdn.zeptonow.com/production/tr:w-90,ar-120-121,pr-true,f-auto,q-80/cms/sub_category/18.png",Natureland Organics Peanuts,Natureland,130,170,1 pack (500 g),4.2 (308),In Stock,https://www.zeptonow.com/pn/natureland-organics-peanuts/pvid/f20e1afe-415b-4004-9604-bd561adeff01,"https://cdn.zeptonow.com/production/tr:w-1280,ar-2400-2400,pr-true,f-auto,q-80/cms/product_variant/2a99e0e8-cc5f-4bb1-b838-2d8c4291c934.jpeg"
"Atta, Rice, Oil & Dals",Dals & Pulses,"https://cdn.zeptonow.com/production/tr:w-90,ar-120-121,pr-true,f-auto,q-80/cms/sub_category/18.png",Daily Good Unpolished Masoor Dal,Daily Good,151,165,1 pack (1 kg),4.5 (10.1k),In Stock,https://www.zeptonow.com/pn/daily-good-unpolished-masoor-dal/pvid/3b54c4ea-b4d6-4e65-858c-fe25e8bc4b10,"https://cdn.zeptonow.com/production/tr:w-1280,ar-2400-2400,pr-true,f-auto,q-80/cms/product_variant/1b55599e-c551-4d0e-89d3-4ec899cc96ed.jpeg"
"Atta, Rice, Oil & Dals",Dals & Pulses,"https://cdn.zeptonow.com/production/tr:w-90,ar-120-121,pr-true,f-auto,q-80/cms/sub_category/18.png",Udhaiyam Fried Gram Dhall- Split,Udhaiyam,38,39,1 pack (250 g),4.8 (5.0k),In Stock,https://www.zeptonow.com/pn/udhaiyam-fried-gram-dhall-split/pvid/83b69f88-980c-4675-abcb-54ba279f59ac,"https://cdn.zeptonow.com/production/tr:w-1280,ar-2400-2400,pr-true,f-auto,q-80/cms/product_variant/fec4755c-d061-4aaf-8681-d54b0b443326.jpeg"
"Atta, Rice, Oil & Dals",Dals & Pulses,"https://cdn.zeptonow.com/production/tr:w-90,ar-120-121,pr-true,f-auto,q-80/cms/sub_category/18.png",Daily Good Unpolished White Lobiya - Cowpea,Daily Good,106,140,1 pack (500 g),4.9 (2.8k),In Stock,https://www.zeptonow.com/pn/daily-good-unpolished-white-lobiya-cowpea/pvid/5b47ab3b-f4bd-418d-b526-03d424c11a51,"https://cdn.zeptonow.com/production/tr:w-1280,ar-1200-1200,pr-true,f-auto,q-80/cms/product_variant/71bb107a-8023-4651-aafc-53f0080f1712.jpeg"
"Atta, Rice, Oil & Dals",Dals & Pulses,"https://cdn.zeptonow.com/production/tr:w-90,ar-120-121,pr-true,f-auto,q-80/cms/sub_category/18.png",Daily Good Unpolished Urad Dal | Split White,Daily Good,170,250,1 pack (1 kg),4.6 (3.4k),In Stock,https://www.zeptonow.com/pn/daily-good-unpolished-urad-dal-split-white/pvid/e0c65e93-3f0e-4a79-8d2b-e09d0348f90a,"https://cdn.zeptonow.com/production/tr:w-1280,ar-1200-1200,pr-true,f-auto,q-80/cms/product_variant/b89ea0ae-e9c6-4c29-b801-2e4fd0bbcbd1.jpeg"
"Atta, Rice, Oil & Dals",Dals & Pulses,"https://cdn.zeptonow.com/production/tr:w-90,ar-120-121,pr-true,f-auto,q-80/cms/sub_category/18.png",Daily Good Unpolished Urad White Whole - Gota,Daily Good,151,250,1 pack (1 kg),4.7 (9.4k),In Stock,https://www.zeptonow.com/pn/daily-good-unpolished-urad-white-whole-gota/pvid/632519f7-c5b2-4da3-97df-809c46d3484e,"https://cdn.zeptonow.com/production/tr:w-1280,ar-2400-2400,pr-true,f-auto,q-80/cms/product_variant/84786dda-23c9-47fa-892c-26b955e3e5a9.jpeg"
"Atta, Rice, Oil & Dals",Dals & Pulses,"https://cdn.zeptonow.com/production/tr:w-90,ar-120-121,pr-true,f-auto,q-80/cms/sub_category/18.png",Daily Good Unpolished Urad Dal | Split White,Daily Good,98,130,1 pack (500 g),4.7 (10.9k),In Stock,https://www.zeptonow.com/pn/daily-good-unpolished-urad-dal-split-white/pvid/d37a3cfd-ddbc-44df-8a3d-de1c40f0ae90,"https://cdn.zeptonow.com/production/tr:w-1280,ar-1200-1200,pr-true,f-auto,q-80/cms/product_variant/34807953-951d-4387-a6a2-17b611cd90fe.jpeg"
"Atta, Rice, Oil & Dals",Dals & Pulses,"https://cdn.zeptonow.com/production/tr:w-90,ar-120-121,pr-true,f-auto,q-80/cms/sub_category/18.png",Double Horse Soya Chunks Nano,Double Horse,62,67,1 pack (200 g),4.7 (1.4k),In Stock,https://www.zeptonow.com/pn/double-horse-soya-chunks-nano/pvid/3957b703-78f9-4bc5-bb5b-c8b8e3f4d6e9,"https://cdn.zeptonow.com/production/tr:w-1280,ar-420-420,pr-true,f-auto,q-80/cms/product_variant/79a82c28-7567-4eb5-bd2f-7e952be60c3a.jpg"
"Atta, Rice, Oil & Dals",Dals & Pulses,"https://cdn.zeptonow.com/production/tr:w-90,ar-120-121,pr-true,f-auto,q-80/cms/sub_category/18.png",Udhaiyam Dhall - Orid,Udhaiyam,71,83,1 pack (500 g),4.8 (5.8k),In Stock,https://www.zeptonow.com/pn/udhaiyam-dhall-orid/pvid/20378372-cccb-4ab8-a119-7c570596b39f,"https://cdn.zeptonow.com/production/tr:w-1280,ar-2400-2400,pr-true,f-auto,q-80/cms/product_variant/a4355070-4cb7-47d1-88b5-eac52a633eb1.jpeg"
"Atta, Rice, Oil & Dals",Dals & Pulses,"https://cdn.zeptonow.com/production/tr:w-90,ar-120-121,pr-true,f-auto,q-80/cms/sub_category/18.png",Daily Good Roasted Chana Dal / Phutana,Daily Good,75,110,1 pack (500 g),4.6 (8.7k),In Stock,https://www.zeptonow.com/pn/daily-good-roasted-chana-dal-phutana/pvid/f37072d8-de04-474b-bd13-9297e5f75456,"https://cdn.zeptonow.com/production/tr:w-1280,ar-1200-1200,pr-true,f-auto,q-80/cms/product_variant/b5d89bb5-4d38-4e6b-a263-65e6666a6b2d.jpeg"
"Atta, Rice, Oil & Dals",Dals & Pulses,"https://cdn.zeptonow.com/production/tr:w-90,ar-120-121,pr-true,f-auto,q-80/cms/sub_category/18.png",Fortune Unpolished Chana Dal,Fortune,120,155,1 pack (1 kg),4.8 (2.1k),In Stock,https://www.zeptonow.com/pn/fortune-unpolished-chana-dal/pvid/00a1be94-129f-4187-8a0b-4d10c695132d,"https://cdn.zeptonow.com/production/tr:w-1280,ar-1200-1200,pr-true,f-auto,q-80/cms/product_variant/48958532-6293-48e2-9ca9-d5f0ceb06711.jpg"
"Atta, Rice, Oil & Dals",Dals & Pulses,"https://cdn.zeptonow.com/production/tr:w-90,ar-120-121,pr-true,f-auto,q-80/cms/sub_category/18.png",Daily Good Unpolished Urad Black Whole,Daily Good,170,210,1 pack (1 kg),4.5 (812),In Stock,https://www.zeptonow.com/pn/daily-good-unpolished-urad-black-whole/pvid/616439ff-9c27-429a-abd1-286699161337,"https://cdn.zeptonow.com/production/tr:w-1280,ar-1200-1200,pr-true,f-auto,q-80/cms/product_variant/1de28bdc-aa8c-48b2-97c7-b1399b9cec16.jpeg"
"Atta, Rice, Oil & Dals",Dals & Pulses,"https://cdn.zeptonow.com/production/tr:w-90,ar-120-121,pr-true,f-auto,q-80/cms/sub_category/18.png",Being Punjabi Urad Dal Wadi | Straight from Amritsar,Being,253,299,1 pack (230 g),4.5 (176),In Stock,https://www.zeptonow.com/pn/being-punjabi-urad-dal-wadi-straight-from-amritsar/pvid/d0415adf-4881-4718-a1a4-3b7b3e3924b6,"https://cdn.zeptonow.com/production/tr:w-1280,ar-2400-2400,pr-true,f-auto,q-80/cms/product_variant/80ef0558-f8ac-403d-ab7b-6a9d92cb92f9.jpg"
"Atta, Rice, Oil & Dals",Dals & Pulses,"https://cdn.zeptonow.com/production/tr:w-90,ar-120-121,pr-true,f-auto,q-80/cms/sub_category/18.png",Daily Good Unpolished White Peas / Matar / Vatana,Daily Good,101,150,1 pack (1 kg),4.6 (3.5k),In Stock,https://www.zeptonow.com/pn/daily-good-unpolished-white-peas-matar-vatana/pvid/36ed5c78-b1f4-420b-b1d2-fd8edb629686,"https://cdn.zeptonow.com/production/tr:w-1280,ar-1200-1200,pr-true,f-auto,q-80/cms/product_variant/7afe9312-2709-49d0-adc8-32f8a57a0fb4.jpeg"
"Atta, Rice, Oil & Dals",Dals & Pulses,"https://cdn.zeptonow.com/production/tr:w-90,ar-120-121,pr-true,f-auto,q-80/cms/sub_category/18.png",Organic Tattva Red Rajma,Organic Tattva,180,210,1 pack (500 g),4.7 (235),In Stock,https://www.zeptonow.com/pn/organic-tattva-red-rajma/pvid/70077389-b002-4a4f-a003-8e3420f2d37e,"https://cdn.zeptonow.com/production/tr:w-1280,ar-2400-2400,pr-true,f-auto,q-80/cms/product_variant/0bc186dd-683c-48db-b13d-9717e9d91c81.jpeg"
"Atta, Rice, Oil & Dals",Dals & Pulses,"https://cdn.zeptonow.com/production/tr:w-90,ar-120-121,pr-true,f-auto,q-80/cms/sub_category/18.png",Popular Essentials Premium Ground Nut,Popular Essentials,198,240,1 pack (1 kg),5 (527),In Stock,https://www.zeptonow.com/pn/popular-essentials-premium-ground-nut/pvid/174b05bf-da62-4369-8043-2aec9cda1903,"https://cdn.zeptonow.com/production/tr:w-1280,ar-2400-2400,pr-true,f-auto,q-80/cms/product_variant/99fc0c37-93da-4c8c-b7be-a1a152ad50c8.jpeg"
"Atta, Rice, Oil & Dals",Dals & Pulses,"https://cdn.zeptonow.com/production/tr:w-90,ar-120-121,pr-true,f-auto,q-80/cms/sub_category/18.png",Fortune Soya Chunks | Pouch,Fortune,136,180,1 pack (1 kg),4.7 (9.3k),In Stock,https://www.zeptonow.com/pn/fortune-soya-chunks-pouch/pvid/ac6a76c9-5131-4855-963d-be340c0a0f4a,"https://cdn.zeptonow.com/production/tr:w-1280,ar-1500-1500,pr-true,f-auto,q-80/cms/product_variant/4eb5cd81-077e-4f0b-8a2d-269d7ad29bb8.jpeg"
"Atta, Rice, Oil & Dals",Dals & Pulses,"https://cdn.zeptonow.com/production/tr:w-90,ar-120-121,pr-true,f-auto,q-80/cms/sub_category/18.png",Daily Good Unpolished Urad White Whole / Gota,Daily Good,99,130,1 pack (500 g),4.8 (2.9k),In Stock,https://www.zeptonow.com/pn/daily-good-unpolished-urad-white-whole-gota/pvid/83d4141e-013d-45f0-8913-6591352fcce9,"https://cdn.zeptonow.com/production/tr:w-1280,ar-1200-1200,pr-true,f-auto,q-80/cms/product_variant/ba029c31-5866-4cb8-a768-194268bd75ed.jpeg"
"Atta, Rice, Oil & Dals",Dals & Pulses,"https://cdn.zeptonow.com/production/tr:w-90,ar-120-121,pr-true,f-auto,q-80/cms/sub_category/18.png",Saffola Mealmaker Soya Chunks Pouch,Saffola,105,150,1 pack (400 g),4.8 (743),In Stock,https://www.zeptonow.com/pn/saffola-mealmaker-soya-chunks-pouch/pvid/f0e0ef4b-2a02-4e13-8498-35b32f554274,"https://cdn.zeptonow.com/production/tr:w-1280,ar-1500-1500,pr-true,f-auto,q-80/cms/product_variant/9d6f76fb-818d-41bd-b40d-e19904403bb2.jpeg"
"Atta, Rice, Oil & Dals",Dals & Pulses,"https://cdn.zeptonow.com/production/tr:w-90,ar-120-121,pr-true,f-auto,q-80/cms/sub_category/18.png",Daily Good Unpolished White Peas / Matar / Vatana,Daily Good,53,80,1 pack (500 g),4.7 (11.1k),In Stock,https://www.zeptonow.com/pn/daily-good-unpolished-white-peas-matar-vatana/pvid/964e524b-ab12-49b2-9c93-4c659f464aa6,"https://cdn.zeptonow.com/production/tr:w-1280,ar-1200-1200,pr-true,f-auto,q-80/cms/product_variant/6fc0166b-0d32-4750-b6a3-bb039dc6bc1d.jpeg"
"Atta, Rice, Oil & Dals",Dals & Pulses,"https://cdn.zeptonow.com/production/tr:w-90,ar-120-121,pr-true,f-auto,q-80/cms/sub_category/18.png",Fortune Mini Soya Chunks,Fortune,45,50,1 pack (200 ml),4.8 (10.0k),In Stock,https://www.zeptonow.com/pn/fortune-mini-soya-chunks/pvid/04023f5b-b9e5-42dd-8b28-5789e83046b5,"https://cdn.zeptonow.com/production/tr:w-1280,ar-1100-1100,pr-true,f-auto,q-80/cms/product_variant/e8874e86-3357-43b8-9487-6dd2724c7437.jpeg"
"Atta, Rice, Oil & Dals",Dals & Pulses,"https://cdn.zeptonow.com/production/tr:w-90,ar-120-121,pr-true,f-auto,q-80/cms/sub_category/18.png",Parry's Toor Dal Unpolished,Parry's,349,409,1 pack (2 kg),4.2 (546),In Stock,https://www.zeptonow.com/pn/parrys-toor-dal-unpolished/pvid/cee3258f-7ea2-44f9-8059-dc763fb7d834,"https://cdn.zeptonow.com/production/tr:w-1280,ar-3169-4253,pr-true,f-auto,q-80/cms/product_variant/0b213498-607b-4537-aa2e-bae7730b93ee.jpeg"
"Atta, Rice, Oil & Dals",Dals & Pulses,"https://cdn.zeptonow.com/production/tr:w-90,ar-120-121,pr-true,f-auto,q-80/cms/sub_category/18.png",Natureland Organics Arhar Dal,Natureland,135,185,1 pack (500 g),4.8 (209),In Stock,https://www.zeptonow.com/pn/natureland-organics-arhar-dal/pvid/0179b2dd-ccaa-4a6b-97ab-6c834aba46ff,"https://cdn.zeptonow.com/production/tr:w-1280,ar-1200-1200,pr-true,f-auto,q-80/cms/product_variant/b470d79d-fbf5-4897-ad6a-ca56b35f0292.jpeg"
"Atta, Rice, Oil & Dals",Dals & Pulses,"https://cdn.zeptonow.com/production/tr:w-90,ar-120-121,pr-true,f-auto,q-80/cms/sub_category/18.png",Parry's Urad Dal Split,Parry's,176,199,1 pack (1 kg),4.6 (580),In Stock,https://www.zeptonow.com/pn/parrys-urad-dal-split/pvid/0a210028-dc59-44d3-a07c-da92f2836403,"https://cdn.zeptonow.com/production/tr:w-1280,ar-2400-2400,pr-true,f-auto,q-80/cms/product_variant/4b1ce8ea-ffc2-4f9b-b8b9-afeda95b6bb1.jpeg"
"Atta, Rice, Oil & Dals",Dals & Pulses,"https://cdn.zeptonow.com/production/tr:w-90,ar-120-121,pr-true,f-auto,q-80/cms/sub_category/18.png",24 Mantra Organic Peanuts,24 Mantra,125,155,1 pack (500 g),4.3 (504),In Stock,https://www.zeptonow.com/pn/24-mantra-organic-peanuts/pvid/0f6d616f-3cf2-4d66-8f9c-12cee39b129b,"https://cdn.zeptonow.com/production/tr:w-1280,ar-1200-1200,pr-true,f-auto,q-80/cms/product_variant/4f0c9d2d-183a-442c-8241-498207a90959.jpeg"
"Atta, Rice, Oil & Dals",Dals & Pulses,"https://cdn.zeptonow.com/production/tr:w-90,ar-120-121,pr-true,f-auto,q-80/cms/sub_category/18.png",Fortune Soya Chunks,Fortune,54,60,1 pack (200 g),4.8 (10.7k),In Stock,https://www.zeptonow.com/pn/fortune-soya-chunks/pvid/adfec33d-4517-4706-862f-1d0448595faf,"https://cdn.zeptonow.com/production/tr:w-1280,ar-1100-1100,pr-true,f-auto,q-80/cms/product_variant/56cb71fb-6fab-4e62-931e-ab3ae0457a11.jpeg"
"Atta, Rice, Oil & Dals",Dals & Pulses,"https://cdn.zeptonow.com/production/tr:w-90,ar-120-121,pr-true,f-auto,q-80/cms/sub_category/18.png",Natureland Organics Moong Split Washed,Natureland,114,155,1 pack (500 g),5 (148),In Stock,https://www.zeptonow.com/pn/natureland-organics-moong-split-washed/pvid/1f052020-9c2f-4797-8312-0d3d4a917202,"https://cdn.zeptonow.com/production/tr:w-1280,ar-2400-2400,pr-true,f-auto,q-80/cms/product_variant/b29e17b8-c6c5-4994-a4dd-4ce43c67bc43.jpeg"
"Atta, Rice, Oil & Dals",Dals & Pulses,"https://cdn.zeptonow.com/production/tr:w-90,ar-120-121,pr-true,f-auto,q-80/cms/sub_category/18.png",Saffola Soya Chunks Mealmaker,Saffola,60,60,1 pack (200 g),4.9 (748),In Stock,https://www.zeptonow.com/pn/saffola-soya-chunks-mealmaker/pvid/f409f811-b480-4ee2-bb2b-a0c8b8b0b47c,"https://cdn.zeptonow.com/production/tr:w-1280,ar-1500-1500,pr-true,f-auto,q-80/cms/product_variant/2b195391-8b4d-45d9-9c33-d5af279d7843.jpeg"
"Atta, Rice, Oil & Dals",Dals & Pulses,"https://cdn.zeptonow.com/production/tr:w-90,ar-120-121,pr-true,f-auto,q-80/cms/sub_category/18.png",Organic Tattva Peanuts Pouch,Organic Tattva,152,185,1 pack (500 g),4.9 (475),In Stock,https://www.zeptonow.com/pn/organic-tattva-peanuts-pouch/pvid/aa8e22d1-2610-40a1-8f55-f067252eda73,"https://cdn.zeptonow.com/production/tr:w-1280,ar-1500-1500,pr-true,f-auto,q-80/cms/product_variant/751aec19-03ca-496f-b79e-56d83cbe9b8e.jpeg"
"Atta, Rice, Oil & Dals",Dals & Pulses,"https://cdn.zeptonow.com/production/tr:w-90,ar-120-121,pr-true,f-auto,q-80/cms/sub_category/18.png",Organic Tattva Organic Moong Dal Yellow Split,Organic Tattva,129,155,1 pack (500 g),4.9 (659),In Stock,https://www.zeptonow.com/pn/organic-tattva-organic-moong-dal-yellow-split/pvid/6fb22d55-cc0c-4e07-946d-96c7d324617b,"https://cdn.zeptonow.com/production/tr:w-1280,ar-1500-1500,pr-true,f-auto,q-80/cms/product_variant/a87945da-7e90-4c6b-a17b-5e50e3b3ab63.jpeg"
"Atta, Rice, Oil & Dals",Dals & Pulses,"https://cdn.zeptonow.com/production/tr:w-90,ar-120-121,pr-true,f-auto,q-80/cms/sub_category/18.png",Organic Tattva Moth,Organic Tattva,136,160,1 pack (500 g),4.4 (119),In Stock,https://www.zeptonow.com/pn/organic-tattva-moth/pvid/b07ba926-0366-4fd4-ad13-f94d6ab6436a,"https://cdn.zeptonow.com/production/tr:w-1280,ar-2400-2400,pr-true,f-auto,q-80/cms/product_variant/21022cc9-e911-4b60-a7d3-9ce1d0833225.jpg"
"Atta, Rice, Oil & Dals",Dals & Pulses,"https://cdn.zeptonow.com/production/tr:w-90,ar-120-121,pr-true,f-auto,q-80/cms/sub_category/18.png",Popular Essentials Black Brown Chana | Un-Polished,Popular Essentials,71,85,1 pack (500 g),5 (722),In Stock,https://www.zeptonow.com/pn/popular-essentials-black-brown-chana-un-polished/pvid/a131dc17-5198-4e9b-92a8-9209148dca84,"https://cdn.zeptonow.com/production/tr:w-1280,ar-2400-2400,pr-true,f-auto,q-80/cms/product_variant/170d8bf1-5a16-4232-b1b7-194074a7684b.jpeg"
"Atta, Rice, Oil & Dals",Dals & Pulses,"https://cdn.zeptonow.com/production/tr:w-90,ar-120-121,pr-true,f-auto,q-80/cms/sub_category/18.png",Popular Essentials Toor Dal | Un-Polished,Popular Essentials,157,239,1 pack (1 kg),4.9 (1.1k),In Stock,https://www.zeptonow.com/pn/popular-essentials-toor-dal-un-polished/pvid/899ecab5-8bca-4c00-b13e-6aafc0889fe9,"https://cdn.zeptonow.com/production/tr:w-1280,ar-2400-2400,pr-true,f-auto,q-80/cms/product_variant/c16a0518-515b-4f53-b6c9-b6e9afa5d4e1.jpg"
"Atta, Rice, Oil & Dals",Dals & Pulses,"https://cdn.zeptonow.com/production/tr:w-90,ar-120-121,pr-true,f-auto,q-80/cms/sub_category/18.png",24 Mantra Organic Tur Dal - Split,24 Mantra,131,145,1 pack (500 g),4.6 (103),In Stock,https://www.zeptonow.com/pn/24-mantra-organic-tur-dal-split/pvid/00610840-fed1-458a-9d1b-bb0cf05fbab0,"https://cdn.zeptonow.com/production/tr:w-1280,ar-1200-1200,pr-true,f-auto,q-80/cms/product_variant/b87cdea1-076f-4191-bea8-550b929b8459.jpeg"
"Atta, Rice, Oil & Dals",Dals & Pulses,"https://cdn.zeptonow.com/production/tr:w-90,ar-120-121,pr-true,f-auto,q-80/cms/sub_category/18.png",Fortune Unpolished Moong Dal,Fortune,77,100,1 pack (500 g),4.4 (2.8k),In Stock,https://www.zeptonow.com/pn/fortune-unpolished-moong-dal/pvid/240ede73-182b-4ade-8e16-d708ae1de7e1,"https://cdn.zeptonow.com/production/tr:w-1280,ar-1200-1200,pr-true,f-auto,q-80/cms/product_variant/bd44bf2b-16be-4eb6-900a-ed598ea51768.jpeg"
"Atta, Rice, Oil & Dals",Dals & Pulses,"https://cdn.zeptonow.com/production/tr:w-90,ar-120-121,pr-true,f-auto,q-80/cms/sub_category/18.png",Smart One Urad White Whole,Smart One,141,250,1 pack (1 kg),4.7 (659),In Stock,https://www.zeptonow.com/pn/smart-one-urad-white-whole/pvid/aa3c03f5-1b4a-4c10-9113-25fef34ab067,"https://cdn.zeptonow.com/production/tr:w-1280,ar-1125-1125,pr-true,f-auto,q-80/cms/product_variant/6015c801-2474-4858-82bc-f9afc442f811.jpeg"
"Atta, Rice, Oil & Dals",Dals & Pulses,"https://cdn.zeptonow.com/production/tr:w-90,ar-120-121,pr-true,f-auto,q-80/cms/sub_category/18.png",Daily Good Unpolished Green Moong Chilka Dal -Split,Daily Good,167,200,1 pack (1 kg),4.5 (2.3k),In Stock,https://www.zeptonow.com/pn/daily-good-unpolished-green-moong-chilka-dal-split/pvid/d3cecb2c-2ac3-44ac-b902-266168a1632b,"https://cdn.zeptonow.com/production/tr:w-1280,ar-1200-1200,pr-true,f-auto,q-80/cms/product_variant/8759f97b-227b-4fb6-a57e-d719c0243733.jpeg"
"Atta, Rice, Oil & Dals",Dals & Pulses,"https://cdn.zeptonow.com/production/tr:w-90,ar-120-121,pr-true,f-auto,q-80/cms/sub_category/18.png",Natureland Organics Chana Dal,Natureland,90,120,1 pack (500 g),4.4 (152),In Stock,https://www.zeptonow.com/pn/natureland-organics-chana-dal/pvid/c4537238-1512-40dc-856b-f441694784a1,"https://cdn.zeptonow.com/production/tr:w-1280,ar-2300-2958,pr-true,f-auto,q-80/inventory/product/dab9b16e-b961-4654-a44c-1aaa15bf21ac-/tmp/20230810-1937521.jpeg"
"Atta, Rice, Oil & Dals",Dals & Pulses,"https://cdn.zeptonow.com/production/tr:w-90,ar-120-121,pr-true,f-auto,q-80/cms/sub_category/18.png",Organic Tattva Kala Chana,Organic Tattva,100,120,1 pack (500 g),4.7 (480),In Stock,https://www.zeptonow.com/pn/organic-tattva-kala-chana/pvid/ea6cdd52-12d1-4846-8e9b-ea125943bef0,"https://cdn.zeptonow.com/production/tr:w-1280,ar-1500-1500,pr-true,f-auto,q-80/cms/product_variant/d2cfb976-5cbf-4990-a034-7fa306f8c1a7.jpeg"
"Atta, Rice, Oil & Dals",Dals & Pulses,"https://cdn.zeptonow.com/production/tr:w-90,ar-120-121,pr-true,f-auto,q-80/cms/sub_category/18.png",Daily Good Unpolished Green Moong Chilka Dal-Split,Daily Good,78,125,1 pack (500 g),4.7 (9.3k),In Stock,https://www.zeptonow.com/pn/daily-good-unpolished-green-moong-chilka-dal-split/pvid/ddd290b4-d31e-4657-b3dc-bf1b748becbe,"https://cdn.zeptonow.com/production/tr:w-1280,ar-2400-2400,pr-true,f-auto,q-80/cms/product_variant/3e4ab615-4329-40b3-9fd6-4f7cefdc785f.jpeg"
"Atta, Rice, Oil & Dals",Dals & Pulses,"https://cdn.zeptonow.com/production/tr:w-90,ar-120-121,pr-true,f-auto,q-80/cms/sub_category/18.png",Natureland Organics Chana Whole,Natureland,89,117,1 pack (500 g),4.6 (132),In Stock,https://www.zeptonow.com/pn/natureland-organics-chana-whole/pvid/224aaea1-de03-410d-b367-103843c4a39d,"https://cdn.zeptonow.com/production/tr:w-1280,ar-1233-1500,pr-true,f-auto,q-80/cms/product_variant/a3617b08-528f-4814-859c-079afaf53f60.jpg"
"Atta, Rice, Oil & Dals",Dals & Pulses,"https://cdn.zeptonow.com/production/tr:w-90,ar-120-121,pr-true,f-auto,q-80/cms/sub_category/18.png",Natureland Organics Urad Whole,Natureland,101,160,1 pack (500 g),4.6 (78),In Stock,https://www.zeptonow.com/pn/natureland-organics-urad-whole/pvid/402845d1-2e78-4b52-9dc8-ed3440e3a9e1,"https://cdn.zeptonow.com/production/tr:w-1280,ar-1024-1317,pr-true,f-auto,q-80/cms/product_variant/e0a48ea7-733a-457e-b8a1-c8c5dd5a5b75.jpg"
"Atta, Rice, Oil & Dals",Dals & Pulses,"https://cdn.zeptonow.com/production/tr:w-90,ar-120-121,pr-true,f-auto,q-80/cms/sub_category/18.png",Freshcon Cooked Rajma | Kindney Beans,Freshcon,76,90,1 pack (250 g),3.9 (170),In Stock,https://www.zeptonow.com/pn/freshcon-cooked-rajma-kindney-beans/pvid/c097dbe4-f810-4c5e-b8d2-8ea99dd86b49,"https://cdn.zeptonow.com/production/tr:w-1280,ar-1000-1000,pr-true,f-auto,q-80/cms/product_variant/d3980324-36bd-4e0d-bc79-a5ac759793d6.jpeg"
"Atta, Rice, Oil & Dals",Dals & Pulses,"https://cdn.zeptonow.com/production/tr:w-90,ar-120-121,pr-true,f-auto,q-80/cms/sub_category/18.png",Rajdhani Chana Dal,Rajdhani,113,149,1 pack (1 kg),4.6 (11.2k),In Stock,https://www.zeptonow.com/pn/rajdhani-chana-dal/pvid/6de4d9a9-0f86-476c-8cf6-1fa7649cdfd3,"https://cdn.zeptonow.com/production/tr:w-1280,ar-2400-2400,pr-true,f-auto,q-80/cms/product_variant/c79f0bab-b7df-4e97-b04f-7a8b1ef89181.jpeg"
"Atta, Rice, Oil & Dals",Dals & Pulses,"https://cdn.zeptonow.com/production/tr:w-90,ar-120-121,pr-true,f-auto,q-80/cms/sub_category/18.png",Daily Good Soya Chunks Medium,Daily Good,28,60,1 pack (200 g),4.5 (3.3k),In Stock,https://www.zeptonow.com/pn/daily-good-soya-chunks-medium/pvid/65a2ec5d-9096-49ac-add5-ce936836c6a0,"https://cdn.zeptonow.com/production/tr:w-1280,ar-2400-2400,pr-true,f-auto,q-80/cms/product_variant/8e27bbf0-703a-40d6-8a22-e14cb9d0a55f.jpeg"
"Atta, Rice, Oil & Dals",Dals & Pulses,"https://cdn.zeptonow.com/production/tr:w-90,ar-120-121,pr-true,f-auto,q-80/cms/sub_category/18.png",Popular Essentials Fried Gram | Bengal Gram,Popular Essentials,85,105,1 pack (500 g),5 (318),In Stock,https://www.zeptonow.com/pn/popular-essentials-fried-gram-bengal-gram/pvid/6b2d317d-c558-452f-a17e-fca486bf585e,"https://cdn.zeptonow.com/production/tr:w-1280,ar-1500-1500,pr-true,f-auto,q-80/cms/product_variant/10be3286-ad7b-475b-a54f-e11395fde0dc.jpeg"
"Atta, Rice, Oil & Dals",Dals & Pulses,"https://cdn.zeptonow.com/production/tr:w-90,ar-120-121,pr-true,f-auto,q-80/cms/sub_category/18.png",Freshcon Cooked Kabuli Chana | Chickpeas,Freshcon,76,90,1 pack (250 g),4.2 (166),In Stock,https://www.zeptonow.com/pn/freshcon-cooked-kabuli-chana-chickpeas/pvid/48be5ebf-1e84-486a-8706-4093d3c1ffa9,"https://cdn.zeptonow.com/production/tr:w-1280,ar-1000-1000,pr-true,f-auto,q-80/cms/product_variant/6dbc7da7-dbe4-412e-bdc0-d941577bffd2.jpeg"
"Atta, Rice, Oil & Dals",Dals & Pulses,"https://cdn.zeptonow.com/production/tr:w-90,ar-120-121,pr-true,f-auto,q-80/cms/sub_category/18.png",Freshcon Cooked Kala Chana | Black Chickpeas,Freshcon,67,80,1 pack (250 g),4.3 (142),In Stock,https://www.zeptonow.com/pn/freshcon-cooked-kala-chana-black-chickpeas/pvid/2929a8c3-45c2-43da-8aca-eb033f5c942a,"https://cdn.zeptonow.com/production/tr:w-1280,ar-1000-1000,pr-true,f-auto,q-80/cms/product_variant/f86e0226-8266-42c8-9a6e-4c53dc566534.jpeg"
"Atta, Rice, Oil & Dals",Dals & Pulses,"https://cdn.zeptonow.com/production/tr:w-90,ar-120-121,pr-true,f-auto,q-80/cms/sub_category/18.png",Popular Organic Toor Dal / Pigeon Peas | Ahar Dal,Popular,216,380,1 pack (1 kg),4.7 (389),In Stock,https://www.zeptonow.com/pn/popular-organic-toor-dal-pigeon-peas-ahar-dal/pvid/56f117ea-1e24-4a75-992d-c3f15b9ae246,"https://cdn.zeptonow.com/production/tr:w-1280,ar-1201-1201,pr-true,f-auto,q-80/cms/product_variant/e2cc00f8-e72d-45d5-bf5e-25fdbabde3c0.jpeg"
"Atta, Rice, Oil & Dals",Dals & Pulses,"https://cdn.zeptonow.com/production/tr:w-90,ar-120-121,pr-true,f-auto,q-80/cms/sub_category/18.png",Tata Sampann Unpolished Toor Dal (Arhar Dal)(500 gms) & Tata Sampann Unpolished Moong Dal(500 gms) Combo,Tata,179,206,2 combo,4.7 (427),In Stock,https://www.zeptonow.com/pn/tata-sampann-unpolished-toor-dal-arhar-dal500-gms-tata-sampann-unpolished-moong-dal500-gms-combo/pvid/1edd399e-9af9-4de4-b1c0-598e5d7bf2fa,"https://cdn.zeptonow.com/production/tr:w-1280,ar-2400-2400,pr-true,f-auto,q-80/cms/product_variant/fccaef8b-9d33-4671-ab69-7d6ba90010cd.jpg"
"Atta, Rice, Oil & Dals",Dals & Pulses,"https://cdn.zeptonow.com/production/tr:w-90,ar-120-121,pr-true,f-auto,q-80/cms/sub_category/18.png",Daily Good Unpolished Urad White Whole - Gota 1 kg Combo,Daily Good,288,500,1 kg X 2,4.7 (966),In Stock,https://www.zeptonow.com/pn/daily-good-unpolished-urad-white-whole-gota-1-kg-combo/pvid/959af822-a2d2-454a-b2bc-790b467e173d,"https://cdn.zeptonow.com/production/tr:w-1280,ar-1500-1500,pr-true,f-auto,q-80/cms/product_variant/315513dc-8bd9-4cd4-a1f8-2cbc33a181e6.jpg"
"Atta, Rice, Oil & Dals",Dals & Pulses,"https://cdn.zeptonow.com/production/tr:w-90,ar-120-121,pr-true,f-auto,q-80/cms/sub_category/18.png",Daily Good Soya Chunks Medium Combo,Daily Good,50,120,200 g X 2,4.3 (347),In Stock,https://www.zeptonow.com/pn/daily-good-soya-chunks-medium-combo/pvid/633de5d9-337c-423b-b7a1-7347902bc1cc,"https://cdn.zeptonow.com/production/tr:w-1280,ar-1200-1200,pr-true,f-auto,q-80/cms/product_variant/0d08da84-2d2f-4aee-85e5-b78ead1f75d0.jpg"
"Atta, Rice, Oil & Dals",Dals & Pulses,"https://cdn.zeptonow.com/production/tr:w-90,ar-120-121,pr-true,f-auto,q-80/cms/sub_category/18.png",Udhaiyam Fried Gram Dhall- Split 250 g Combo,Udhaiyam,70,78,250 g X 2,4.7 (587),In Stock,https://www.zeptonow.com/pn/udhaiyam-fried-gram-dhall-split-250-g-combo/pvid/153f197e-86f9-4ade-ba1c-809491d62425,"https://cdn.zeptonow.com/production/tr:w-1280,ar-1500-1500,pr-true,f-auto,q-80/inventory/product/a3ebfa95-e7c5-4341-a6d9-5ed930f50fb1-5251_(1).jpg"
"Atta, Rice, Oil & Dals",Dals & Pulses,"https://cdn.zeptonow.com/production/tr:w-90,ar-120-121,pr-true,f-auto,q-80/cms/sub_category/18.png",Fortune Mini Soya Chunks 225 g Combo,Fortune,84,100,225 g X 2,4.3 (931),In Stock,https://www.zeptonow.com/pn/fortune-mini-soya-chunks-225-g-combo/pvid/b5c7e6c6-60a1-4834-af0b-bd785d5d8205,"https://cdn.zeptonow.com/production/tr:w-1280,ar-1500-1500,pr-true,f-auto,q-80/cms/product_variant/9d77640a-1d51-48b6-af94-436af8fc1704.jpg"
"Atta, Rice, Oil & Dals",Dals & Pulses,"https://cdn.zeptonow.com/production/tr:w-90,ar-120-121,pr-true,f-auto,q-80/cms/sub_category/18.png",Daily Good Unpolished White Peas / Matar / Vatana 500 g Combo,Daily Good,106,160,500 g X 2,4.6 (830),In Stock,https://www.zeptonow.com/pn/daily-good-unpolished-white-peas-matar-vatana-500-g-combo/pvid/c811bfd7-b124-4a60-8244-c3e181a6847e,"https://cdn.zeptonow.com/production/tr:w-1280,ar-1500-1500,pr-true,f-auto,q-80/cms/product_variant/6f93fce6-c320-4c35-8022-fd793a10ca5d.jpg"
"Atta, Rice, Oil & Dals",Dals & Pulses,"https://cdn.zeptonow.com/production/tr:w-90,ar-120-121,pr-true,f-auto,q-80/cms/sub_category/18.png",Tata Sampann Unpolished Moong Dal(500gms) & Tata Sampann High Protien Toor Dal - Split(500gms) Combo,Tata,179,206,2 Combo,4.5 (283),In Stock,https://www.zeptonow.com/pn/tata-sampann-unpolished-moong-dal500gms-tata-sampann-high-protien-toor-dal-split500gms-combo/pvid/1d1448de-b277-4b66-8f32-7ac09efc5795,"https://cdn.zeptonow.com/production/tr:w-1280,ar-2400-2400,pr-true,f-auto,q-80/cms/product_variant/59c4c1b2-8272-41c8-8928-ffd372116ec3.jpg"
"Atta, Rice, Oil & Dals",Dals & Pulses,"https://cdn.zeptonow.com/production/tr:w-90,ar-120-121,pr-true,f-auto,q-80/cms/sub_category/18.png",Fortune Soya Chunks 225 g Combo,Fortune,102,120,225 g X 2,4.7 (587),In Stock,https://www.zeptonow.com/pn/fortune-soya-chunks-225-g-combo/pvid/c2a3404f-60b2-4757-9bee-fd705a9615fd,"https://cdn.zeptonow.com/production/tr:w-1280,ar-1500-1500,pr-true,f-auto,q-80/inventory/product/9d6da9fc-8637-4b44-a33f-4ede6796815a-3112.jpg"
"Atta, Rice, Oil & Dals",Dals & Pulses,"https://cdn.zeptonow.com/production/tr:w-90,ar-120-121,pr-true,f-auto,q-80/cms/sub_category/18.png",Udhaiyam Dhall - Moong(500gms) & Udhaiyam Dhall - Toor(500gms) Combo,Udhaiyam,160,172,2 Combo,4.6 (552),In Stock,https://www.zeptonow.com/pn/udhaiyam-dhall-moong500gms-udhaiyam-dhall-toor500gms-combo/pvid/ad6044ad-b9e2-4bf6-b254-2b97fbcb97bd,"https://cdn.zeptonow.com/production/tr:w-1280,ar-1500-1500,pr-true,f-auto,q-80/inventory/product/4fb7a5be-6800-463d-b9c5-06cf5de4c175-366.jpg"
"Atta, Rice, Oil & Dals",Dals & Pulses,"https://cdn.zeptonow.com/production/tr:w-90,ar-120-121,pr-true,f-auto,q-80/cms/sub_category/18.png",Daily Good Soya Chunks Small Combo,Daily Good,110,120,200 g X 2,4.5 (324),In Stock,https://www.zeptonow.com/pn/daily-good-soya-chunks-small-combo/pvid/3de987a4-2d87-4ac7-b3a3-793f97af2075,"https://cdn.zeptonow.com/production/tr:w-1280,ar-1200-1200,pr-true,f-auto,q-80/cms/product_variant/b6c501e5-c23c-41d9-b700-1ffe922231a3.jpg"
"Atta, Rice, Oil & Dals",Dals & Pulses,"https://cdn.zeptonow.com/production/tr:w-90,ar-120-121,pr-true,f-auto,q-80/cms/sub_category/18.png",Tata Sampann Unpolished Green Moong Dal 500 g Combo,Tata,162,186,500 g X 2,4.5 (237),In Stock,https://www.zeptonow.com/pn/tata-sampann-unpolished-green-moong-dal-500-g-combo/pvid/9100b47d-f82e-4775-89ae-ac8c57f17cae,"https://cdn.zeptonow.com/production/tr:w-1280,ar-2400-2400,pr-true,f-auto,q-80/cms/product_variant/36075676-fd54-42c3-9e3e-29bf121bf278.jpg"
"Atta, Rice, Oil & Dals",Dals & Pulses,"https://cdn.zeptonow.com/production/tr:w-90,ar-120-121,pr-true,f-auto,q-80/cms/sub_category/18.png",Tata Sampann Unpolished Rajma | Chitra 500 g Combo,Tata,180,212,500 g X 2,4.6 (608),In Stock,https://www.zeptonow.com/pn/tata-sampann-unpolished-rajma-chitra-500-g-combo/pvid/f7360e4a-db2b-447c-ab71-90a12406a34a,"https://cdn.zeptonow.com/production/tr:w-1280,ar-1500-1500,pr-true,f-auto,q-80/cms/product_variant/52c5e5b4-64dd-4d12-b0f3-36a415e01117.jpg"
"Atta, Rice, Oil & Dals",Dals & Pulses,"https://cdn.zeptonow.com/production/tr:w-90,ar-120-121,pr-true,f-auto,q-80/cms/sub_category/18.png",Tata Sampann Unpolished Kabuli Chana 500 g Combo,Tata,206,228,500 g X 2,4.5 (909),In Stock,https://www.zeptonow.com/pn/tata-sampann-unpolished-kabuli-chana-500-g-combo/pvid/033514a8-9c58-4669-8c1d-897626f56a2a,"https://cdn.zeptonow.com/production/tr:w-1280,ar-2400-2400,pr-true,f-auto,q-80/cms/product_variant/62e0dc39-2d6a-48b9-a7b7-57a5ccb2ae3d.jpg"
"Atta, Rice, Oil & Dals",Dals & Pulses,"https://cdn.zeptonow.com/production/tr:w-90,ar-120-121,pr-true,f-auto,q-80/cms/sub_category/18.png",Safe Harvest Pesticide-Free Groundnut | Natural and Delicious 500 g Combo,Delicious,286,338,500 g X 2,4.6 (391),In Stock,https://www.zeptonow.com/pn/safe-harvest-pesticide-free-groundnut-natural-and-delicious-500-g-combo/pvid/fa7833a2-97b2-4b1d-88d5-18d824f1eea7,"https://cdn.zeptonow.com/production/tr:w-1280,ar-1500-1500,pr-true,f-auto,q-80/inventory/product/c15f9c86-ffa8-4ca0-8f6d-c769a666ffc8-3064.jpg"
"Atta, Rice, Oil & Dals",Dals & Pulses,"https://cdn.zeptonow.com/production/tr:w-90,ar-120-121,pr-true,f-auto,q-80/cms/sub_category/18.png",Daily Good Roasted Chana Dal / Phutana 500 g Combo,Daily Good,134,220,500 g X 2,4.7 (296),In Stock,https://www.zeptonow.com/pn/daily-good-roasted-chana-dal-phutana-500-g-combo/pvid/1886d0fc-885f-4230-b0ec-ea898d6eef5b,"https://cdn.zeptonow.com/production/tr:w-1280,ar-1500-1500,pr-true,f-auto,q-80/cms/product_variant/12135697-0c1e-4308-a9e0-d9be44c6980b.jpg"
"Atta, Rice, Oil & Dals",Dals & Pulses,"https://cdn.zeptonow.com/production/tr:w-90,ar-120-121,pr-true,f-auto,q-80/cms/sub_category/18.png",Udhaiyam Dhall - Orid Combo,Udhaiyam,130,166,500 g X 2,4.4 (244),In Stock,https://www.zeptonow.com/pn/udhaiyam-dhall-orid-combo/pvid/78103753-42f8-498c-aac8-719bc21b6a40,"https://cdn.zeptonow.com/production/tr:w-1280,ar-1500-1500,pr-true,f-auto,q-80/inventory/product/39e6397d-eeb2-4c59-9b01-293b42e7d55a-Udhaiyam_Dhall_-_Orid_(Pack_of_2).jpg"
"Atta, Rice, Oil & Dals",Dals & Pulses,"https://cdn.zeptonow.com/production/tr:w-90,ar-120-121,pr-true,f-auto,q-80/cms/sub_category/18.png",Udhaiyam Toor Dhall 1 kg Combo,Udhaiyam,294,336,1 kg X 2,4.6 (809),In Stock,https://www.zeptonow.com/pn/udhaiyam-toor-dhall-1-kg-combo/pvid/bf733090-5452-4a1e-adba-a854fdcd2dc2,"https://cdn.zeptonow.com/production/tr:w-1280,ar-1500-1500,pr-true,f-auto,q-80/cms/product_variant/19396e80-d525-4565-918f-a709c43a3295.jpg"
"Atta, Rice, Oil & Dals",Dals & Pulses,"https://cdn.zeptonow.com/production/tr:w-90,ar-120-121,pr-true,f-auto,q-80/cms/sub_category/18.png",Udhaiyam Dhall - Toor 500gm x 2 Combo,Udhaiyam,148,168,500 g X 2,4.6 (58),In Stock,https://www.zeptonow.com/pn/udhaiyam-dhall-toor-500gm-x-2-combo/pvid/3a800d03-6b3d-410b-b47e-8effed367b7c,"https://cdn.zeptonow.com/production/tr:w-1280,ar-1500-1500,pr-true,f-auto,q-80/inventory/product/c63215a1-a3ed-47f0-997e-c82fe4a5d57f-131.jpg"
"Atta, Rice, Oil & Dals",Dals & Pulses,"https://cdn.zeptonow.com/production/tr:w-90,ar-120-121,pr-true,f-auto,q-80/cms/sub_category/18.png",Popular Essentials Premium Raw Ground Nut 500 g Combo,Popular Essentials,200,244,500 g X 2,4.3 (759),In Stock,https://www.zeptonow.com/pn/popular-essentials-premium-raw-ground-nut-500-g-combo/pvid/ff947153-fd3a-4c6f-8034-baf90156c118,"https://cdn.zeptonow.com/production/tr:w-1280,ar-1500-1500,pr-true,f-auto,q-80/inventory/product/b5337407-0a1f-4a9d-a16c-9a48929c5931-1015.jpg"
"Atta, Rice, Oil & Dals",Dals & Pulses,"https://cdn.zeptonow.com/production/tr:w-90,ar-120-121,pr-true,f-auto,q-80/cms/sub_category/18.png",Tata Sampann Unpolished Moong Dal 1 kg Combo,Tata,352,400,1 kg X 2,4.7 (425),In Stock,https://www.zeptonow.com/pn/tata-sampann-unpolished-moong-dal-1-kg-combo/pvid/50f15c6e-08bc-4ec7-9a7d-c0cc3705e2b2,"https://cdn.zeptonow.com/production/tr:w-1280,ar-2400-2400,pr-true,f-auto,q-80/cms/product_variant/a63e7946-28e5-42a9-beb6-de9537b21066.jpg"
"Atta, Rice, Oil & Dals",Dals & Pulses,"https://cdn.zeptonow.com/production/tr:w-90,ar-120-121,pr-true,f-auto,q-80/cms/sub_category/18.png",Daily Good Unpolished Masoor Dal 500 g Combo,Daily Good,176,180,500 g X 2,4.5 (665),In Stock,https://www.zeptonow.com/pn/daily-good-unpolished-masoor-dal-500-g-combo/pvid/0dbc6e87-0bd4-4544-a39d-6401595844fb,"https://cdn.zeptonow.com/production/tr:w-1280,ar-1500-1500,pr-true,f-auto,q-80/cms/product_variant/772e7906-1a9d-4d85-aba5-1332afdc0bd1.jpg"
"Atta, Rice, Oil & Dals",Dals & Pulses,"https://cdn.zeptonow.com/production/tr:w-90,ar-120-121,pr-true,f-auto,q-80/cms/sub_category/18.png",Udhaiyam Dhall - Moong 500 g Combo,Udhaiyam,154,176,500 g X 2,4.2 (531),In Stock,https://www.zeptonow.com/pn/udhaiyam-dhall-moong-500-g-combo/pvid/926d9443-037d-4594-a027-d08d91565323,"https://cdn.zeptonow.com/production/tr:w-1280,ar-1500-1500,pr-true,f-auto,q-80/cms/product_variant/c3bcf221-d477-4ceb-8885-8c6af6b71fda.jpg"
"Atta, Rice, Oil & Dals",Dals & Pulses,"https://cdn.zeptonow.com/production/tr:w-90,ar-120-121,pr-true,f-auto,q-80/cms/sub_category/18.png",Udhaiyam Orid Dhall Whole 1 kg Combo,Udhaiyam,280,330,1 kg X 2,4.6 (155),In Stock,https://www.zeptonow.com/pn/udhaiyam-orid-dhall-whole-1-kg-combo/pvid/617b8b87-a2fa-4f67-9eac-2b27f7167ee0,"https://cdn.zeptonow.com/production/tr:w-1280,ar-1494-1494,pr-true,f-auto,q-80/cms/product_variant/582eef29-62e8-4375-96dd-d7d74314cb26.jpg"
"Atta, Rice, Oil & Dals",Dals & Pulses,"https://cdn.zeptonow.com/production/tr:w-90,ar-120-121,pr-true,f-auto,q-80/cms/sub_category/18.png",Dehaat Honest Farms Unpolished Toor Dal | Arhar Dal 500 g Combo,Dehaat,200,336,500 g X 2,4.3 (651),In Stock,https://www.zeptonow.com/pn/dehaat-honest-farms-unpolished-toor-dal-arhar-dal-500-g-combo/pvid/704468d7-9ec9-496c-bc5f-f2e2b1160b18,"https://cdn.zeptonow.com/production/tr:w-1280,ar-2400-2400,pr-true,f-auto,q-80/cms/product_variant/edaee320-93f4-4003-b87f-aa131ef826b6.jpg"
"Atta, Rice, Oil & Dals",Dals & Pulses,"https://cdn.zeptonow.com/production/tr:w-90,ar-120-121,pr-true,f-auto,q-80/cms/sub_category/18.png",Tata Sampann Unpolished Toor Dal-Arhar Dal 1 kg Combo,Tata,392,420,1 kg X 2,4.4 (378),In Stock,https://www.zeptonow.com/pn/tata-sampann-unpolished-toor-dal-arhar-dal-1-kg-combo/pvid/06b29945-fc2a-4b19-87ad-ea669c533059,"https://cdn.zeptonow.com/production/tr:w-1280,ar-2400-2400,pr-true,f-auto,q-80/cms/product_variant/fd28e17b-ccb8-4aca-8a94-ebdccb1aa968.jpg"
"Atta, Rice, Oil & Dals",Dals & Pulses,"https://cdn.zeptonow.com/production/tr:w-90,ar-120-121,pr-true,f-auto,q-80/cms/sub_category/18.png",Parry'S Toor Dal Unpolished (1kg) & Parrys White Label Sugar (1kg) Combo,Parry'S,204,275,2 combo,4.7 (829),In Stock,https://www.zeptonow.com/pn/parrys-toor-dal-unpolished-1kg-parrys-white-label-sugar-1kg-combo/pvid/27ab31d9-fd63-499f-98c0-eb480db79651,"https://cdn.zeptonow.com/production/tr:w-1280,ar-1200-1200,pr-true,f-auto,q-80/cms/product_variant/022e9e38-bcc3-4aeb-8346-fd01898a200d.jpg"
"Atta, Rice, Oil & Dals",Dals & Pulses,"https://cdn.zeptonow.com/production/tr:w-90,ar-120-121,pr-true,f-auto,q-80/cms/sub_category/18.png",Double Horse Soya Chunks Nano Combo,Double Horse,118,134,200 g X 2,4.2 (701),In Stock,https://www.zeptonow.com/pn/double-horse-soya-chunks-nano-combo/pvid/4c7f02d2-8574-4c4f-92d6-c9c8eab1c551,"https://cdn.zeptonow.com/production/tr:w-1280,ar-1200-1200,pr-true,f-auto,q-80/cms/product_variant/9dd54dd9-b911-4834-a565-66aa6be62f58.jpg"
"Atta, Rice, Oil & Dals",Dals & Pulses,"https://cdn.zeptonow.com/production/tr:w-90,ar-120-121,pr-true,f-auto,q-80/cms/sub_category/18.png",Daily Good Unpolished Urad Dal | Split White 500 g Combo,Daily Good,196,260,500 g X 2,4.2 (594),In Stock,https://www.zeptonow.com/pn/daily-good-unpolished-urad-dal-split-white-500-g-combo/pvid/ac74e932-55d3-42a5-bcf7-8c3a04fa5c88,"https://cdn.zeptonow.com/production/tr:w-1280,ar-1500-1500,pr-true,f-auto,q-80/cms/product_variant/0e645bd5-2015-4b5b-abd6-d513fe9df78d.jpg"
"Atta, Rice, Oil & Dals",Dals & Pulses,"https://cdn.zeptonow.com/production/tr:w-90,ar-120-121,pr-true,f-auto,q-80/cms/sub_category/18.png",Parry'S Urad Dal Whole (1kg) & Parrys White Label Sugar (1kg) Combo,Parry'S,208,264,2 combo,4.7 (488),In Stock,https://www.zeptonow.com/pn/parrys-urad-dal-whole-1kg-parrys-white-label-sugar-1kg-combo/pvid/7abb9b3a-c5bc-413e-8d02-efaff04e6cd1,"https://cdn.zeptonow.com/production/tr:w-1280,ar-1200-1200,pr-true,f-auto,q-80/cms/product_variant/f553afe1-0402-4ad3-a17d-62fb0d4b7375.jpg"
"Atta, Rice, Oil & Dals",Dals & Pulses,"https://cdn.zeptonow.com/production/tr:w-90,ar-120-121,pr-true,f-auto,q-80/cms/sub_category/18.png",Daily Good Unpolished White Lobiya - Cowpea 500 g Combo,Daily Good,198,280,500 g X 2,4.2 (269),In Stock,https://www.zeptonow.com/pn/daily-good-unpolished-white-lobiya-cowpea-500-g-combo/pvid/af712b1d-03ce-41d6-a5a3-464c4e3857c7,"https://cdn.zeptonow.com/production/tr:w-1280,ar-1500-1500,pr-true,f-auto,q-80/cms/product_variant/ffc91649-7f21-4b1b-a3b7-bc4c4cd9ae2b.jpg"
"Atta, Rice, Oil & Dals",Dals & Pulses,"https://cdn.zeptonow.com/production/tr:w-90,ar-120-121,pr-true,f-auto,q-80/cms/sub_category/18.png",Fortune Soya Chunks | Pouch 1 kg Combo,Fortune,254,360,1 kg X 2,4.4 (192),In Stock,https://www.zeptonow.com/pn/fortune-soya-chunks-pouch-1-kg-combo/pvid/74d4a601-20dd-42d8-8124-9ddebe9e7d08,"https://cdn.zeptonow.com/production/tr:w-1280,ar-2400-2400,pr-true,f-auto,q-80/cms/product_variant/95695684-f12a-42f1-b261-53f02ac80924.jpg"
"Atta, Rice, Oil & Dals",Dals & Pulses,"https://cdn.zeptonow.com/production/tr:w-90,ar-120-121,pr-true,f-auto,q-80/cms/sub_category/18.png",Daily Good Unpolished Urad Dal | Split White 1 kg Combo,Daily Good,324,500,1 kg X 2,4.7 (414),In Stock,https://www.zeptonow.com/pn/daily-good-unpolished-urad-dal-split-white-1-kg-combo/pvid/a7115475-c60f-4092-ae99-021a08d96b72,"https://cdn.zeptonow.com/production/tr:w-1280,ar-1500-1500,pr-true,f-auto,q-80/cms/product_variant/3f82201a-45a8-496b-9850-fbf4a61103b0.jpg"
"Atta, Rice, Oil & Dals",Dals & Pulses,"https://cdn.zeptonow.com/production/tr:w-90,ar-120-121,pr-true,f-auto,q-80/cms/sub_category/18.png",Daily Good Unpolished Masoor Dal 1 kg Combo,Daily Good,302,330,1 kg X 2,4.3 (684),In Stock,https://www.zeptonow.com/pn/daily-good-unpolished-masoor-dal-1-kg-combo/pvid/c5762d34-7a33-4d02-b256-6066570e9e53,"https://cdn.zeptonow.com/production/tr:w-1280,ar-1500-1500,pr-true,f-auto,q-80/cms/product_variant/0acb0336-50b8-4475-9ed6-9c58c96b0502.jpg"
"Atta, Rice, Oil & Dals",Dals & Pulses,"https://cdn.zeptonow.com/production/tr:w-90,ar-120-121,pr-true,f-auto,q-80/cms/sub_category/18.png",Daily Good Unpolished Green Moong Chilka Dal-Split 500 g Combo,Daily Good,156,250,500 g X 2,4.4 (245),In Stock,https://www.zeptonow.com/pn/daily-good-unpolished-green-moong-chilka-dal-split-500-g-combo/pvid/61b48d95-2d66-4170-a3de-8b6be8ee3f16,"https://cdn.zeptonow.com/production/tr:w-1280,ar-1500-1500,pr-true,f-auto,q-80/cms/product_variant/a1ae33fe-4676-46cd-bdc8-129110ef27a4.jpg"
"Atta, Rice, Oil & Dals",Dals & Pulses,"https://cdn.zeptonow.com/production/tr:w-90,ar-120-121,pr-true,f-auto,q-80/cms/sub_category/18.png",Daily Good Unpolished Urad Black Whole 500 g Combo,Daily Good,188,220,500 g X 2,4.3 (951),In Stock,https://www.zeptonow.com/pn/daily-good-unpolished-urad-black-whole-500-g-combo/pvid/aaac81de-6698-4ec7-9e5d-8a2cff859464,"https://cdn.zeptonow.com/production/tr:w-1280,ar-1500-1500,pr-true,f-auto,q-80/cms/product_variant/a91a100a-2c41-4fcb-99ae-a4edd23b4c19.jpg"
"Atta, Rice, Oil & Dals",Dals & Pulses,"https://cdn.zeptonow.com/production/tr:w-90,ar-120-121,pr-true,f-auto,q-80/cms/sub_category/18.png",Daily Good Unpolished Urad White Whole - Gota 1 kg Combo,Daily Good,432,750,1 kg X 3,4.7 (423),In Stock,https://www.zeptonow.com/pn/daily-good-unpolished-urad-white-whole-gota-1-kg-combo/pvid/def06797-3c32-449b-b500-1939cdd5c3c2,"https://cdn.zeptonow.com/production/tr:w-1280,ar-1500-1500,pr-true,f-auto,q-80/cms/product_variant/0bf0b6a1-0b03-4dbf-b0f1-90a81dc45746.jpg"
"Atta, Rice, Oil & Dals",Dals & Pulses,"https://cdn.zeptonow.com/production/tr:w-90,ar-120-121,pr-true,f-auto,q-80/cms/sub_category/18.png",Saffola Soya Chunks Mealmaker Combo,Saffola,120,120,200 g X 2,4.3 (392),In Stock,https://www.zeptonow.com/pn/saffola-soya-chunks-mealmaker-combo/pvid/e1f9c484-188a-469a-966e-5baa748ead40,"https://cdn.zeptonow.com/production/tr:w-1280,ar-1500-1500,pr-true,f-auto,q-80/cms/product_variant/a2f509d6-ac00-425e-aae8-c3cc0ca0e2d5.jpg"
"Atta, Rice, Oil & Dals",Dals & Pulses,"https://cdn.zeptonow.com/production/tr:w-90,ar-120-121,pr-true,f-auto,q-80/cms/sub_category/18.png",Tata Sampann Unpolished Chana Dal 1 kg Combo,Tata,242,296,1 kg X 2,4.4 (459),In Stock,https://www.zeptonow.com/pn/tata-sampann-unpolished-chana-dal-1-kg-combo/pvid/2e64bda3-f3ec-4286-9518-605e004f31fa,"https://cdn.zeptonow.com/production/tr:w-1280,ar-2400-2400,pr-true,f-auto,q-80/cms/product_variant/fd9edf29-079f-4f2e-89bf-5eacb002fac3.jpg"
"Atta, Rice, Oil & Dals",Dals & Pulses,"https://cdn.zeptonow.com/production/tr:w-90,ar-120-121,pr-true,f-auto,q-80/cms/sub_category/18.png","Everest Tikhalal Powder Pouch(100 gms), Everest Turmeric Powder(100 gms) & Tata Sampann Unpolished Chana Dal(500 gms) Combo",Everest,156,175,3 combo,4.4 (265),In Stock,https://www.zeptonow.com/pn/everest-tikhalal-powder-pouch100-gms-everest-turmeric-powder100-gms-tata-sampann-unpolished-chana-dal500-gms-combo/pvid/4e742b3b-e20b-4a86-a7d6-22ece07988bf,"https://cdn.zeptonow.com/production/tr:w-1280,ar-2400-2400,pr-true,f-auto,q-80/cms/product_variant/53739573-999b-466e-9df7-0e0980109c75.jpg"
"Atta, Rice, Oil & Dals",Dals & Pulses,"https://cdn.zeptonow.com/production/tr:w-90,ar-120-121,pr-true,f-auto,q-80/cms/sub_category/18.png",Tata Sampann Kala Chana 1 kg Combo,Tata,280,298,1 kg X 2,4.6 (692),In Stock,https://www.zeptonow.com/pn/tata-sampann-kala-chana-1-kg-combo/pvid/95f914c5-727e-4d42-a591-94d880157d37,"https://cdn.zeptonow.com/production/tr:w-1280,ar-1500-1500,pr-true,f-auto,q-80/cms/product_variant/c0348762-3be6-4c2c-badd-47ca58956946.jpg"
"Atta, Rice, Oil & Dals",Rice & More,"https://cdn.zeptonow.com/production/tr:w-90,ar-120-120,pr-true,f-auto,q-80/cms/sub_category/a6cabac9-9437-4e76-ae2d-a06dad590d48.png",Daawat Sona Masuri | Raw,Daawat,1966,2250,1 pack (26 kg),4 (236),In Stock,https://www.zeptonow.com/pn/daawat-sona-masuri-raw/pvid/71ccd2b2-8cc0-4044-8ddc-bad69e098709,"https://cdn.zeptonow.com/production/tr:w-1280,ar-2400-2400,pr-true,f-auto,q-80/cms/product_variant/e6361fe3-4d80-4220-80b7-c4339ffe9944.jpeg"
"Atta, Rice, Oil & Dals",Rice & More,"https://cdn.zeptonow.com/production/tr:w-90,ar-120-120,pr-true,f-auto,q-80/cms/sub_category/a6cabac9-9437-4e76-ae2d-a06dad590d48.png",Daawat Super Basmati Rice | Long Grain,Daawat,164,200,1 pack (1 kg),4.7 (8.5k),In Stock,https://www.zeptonow.com/pn/daawat-super-basmati-rice-long-grain/pvid/e2acbaf7-88ed-4603-bd53-33868c3f1ae0,"https://cdn.zeptonow.com/production/tr:w-1280,ar-1200-1200,pr-true,f-auto,q-80/cms/product_variant/24004eb3-af64-4709-a20a-1aa8ae7a9c93.jpeg"
"Atta, Rice, Oil & Dals",Rice & More,"https://cdn.zeptonow.com/production/tr:w-90,ar-120-120,pr-true,f-auto,q-80/cms/sub_category/a6cabac9-9437-4e76-ae2d-a06dad590d48.png",Daawat Biryani Basmati Rice | Long Grain,Daawat,243,250,1 pack (1 kg),4.9 (3.5k),In Stock,https://www.zeptonow.com/pn/daawat-biryani-basmati-rice-long-grain/pvid/3e01e4c1-b31d-4305-810f-5c3a03a7401f,"https://cdn.zeptonow.com/production/tr:w-1280,ar-1200-1200,pr-true,f-auto,q-80/cms/product_variant/d7d7226f-637f-428b-b3f3-229865307473.jpeg"
"Atta, Rice, Oil & Dals",Rice & More,"https://cdn.zeptonow.com/production/tr:w-90,ar-120-120,pr-true,f-auto,q-80/cms/sub_category/a6cabac9-9437-4e76-ae2d-a06dad590d48.png",Daawat Pulav Basmati Rice | Long Grain,Daawat,152,177,1 pack (1 kg),4.7 (13.0k),In Stock,https://www.zeptonow.com/pn/daawat-pulav-basmati-rice-long-grain/pvid/deb559af-97ec-4725-86e9-ca42cec0dcb5,"https://cdn.zeptonow.com/production/tr:w-1280,ar-1200-1200,pr-true,f-auto,q-80/cms/product_variant/2c0a3eaf-da4f-4709-9c7b-1c3b73c98ee0.jpeg"
"Atta, Rice, Oil & Dals",Rice & More,"https://cdn.zeptonow.com/production/tr:w-90,ar-120-120,pr-true,f-auto,q-80/cms/sub_category/a6cabac9-9437-4e76-ae2d-a06dad590d48.png",Daawat Rozana Super Basmati Rice | Medium Grain,Daawat,90,100,1 pack (1 kg),4.3 (60.4k),In Stock,https://www.zeptonow.com/pn/daawat-rozana-super-basmati-rice-medium-grain/pvid/6b78d070-ba4c-459c-9d4d-fe058f71d5cf,"https://cdn.zeptonow.com/production/tr:w-1280,ar-1200-1200,pr-true,f-auto,q-80/cms/product_variant/5d54de62-a150-4261-9dd8-acb311a47b51.jpeg"
"Atta, Rice, Oil & Dals",Rice & More,"https://cdn.zeptonow.com/production/tr:w-90,ar-120-120,pr-true,f-auto,q-80/cms/sub_category/a6cabac9-9437-4e76-ae2d-a06dad590d48.png",Daawat Rozana Basmati Rice Gold | Medium Grain,Daawat,111,120,1 pack (1 kg),4.6 (10.3k),In Stock,https://www.zeptonow.com/pn/daawat-rozana-basmati-rice-gold-medium-grain/pvid/abed6972-164e-4af0-b674-41260b3829fe,"https://cdn.zeptonow.com/production/tr:w-1280,ar-1200-1200,pr-true,f-auto,q-80/cms/product_variant/17056693-c18c-4dee-8111-8d7153510c9d.jpeg"
"Atta, Rice, Oil & Dals",Rice & More,"https://cdn.zeptonow.com/production/tr:w-90,ar-120-120,pr-true,f-auto,q-80/cms/sub_category/a6cabac9-9437-4e76-ae2d-a06dad590d48.png",Daawat Rozana Mini Mogra Rice,Daawat,334,360,1 pack (5 kg),4.2 (12.5k),In Stock,https://www.zeptonow.com/pn/daawat-rozana-mini-mogra-rice/pvid/3f3e18bb-6556-4a3f-9be6-c27897f3f814,"https://cdn.zeptonow.com/production/tr:w-1280,ar-1200-1200,pr-true,f-auto,q-80/cms/product_variant/2bc4faef-ae09-4892-93e9-a2786f884455.jpeg"
"Atta, Rice, Oil & Dals",Rice & More,"https://cdn.zeptonow.com/production/tr:w-90,ar-120-120,pr-true,f-auto,q-80/cms/sub_category/a6cabac9-9437-4e76-ae2d-a06dad590d48.png",Daawat Rozana Super 90,Daawat,699,980,1 pack (10 kg),4.2 (525),In Stock,https://www.zeptonow.com/pn/daawat-rozana-super-90/pvid/e8ae4671-7e51-4d77-8238-0def4e7f2141,"https://cdn.zeptonow.com/production/tr:w-1280,ar-3600-4790,pr-true,f-auto,q-80/cms/product_variant/8e272a11-d1ec-4a01-b701-ef93649587a9.jpg"
"Atta, Rice, Oil & Dals",Rice & More,"https://cdn.zeptonow.com/production/tr:w-90,ar-120-120,pr-true,f-auto,q-80/cms/sub_category/a6cabac9-9437-4e76-ae2d-a06dad590d48.png",Daawat Brown Basmati Rice | Long Grain,Daawat,173,200,1 pack (1 kg),4.5 (1.8k),In Stock,https://www.zeptonow.com/pn/daawat-brown-basmati-rice-long-grain/pvid/e50ec9ff-deff-4c5e-9335-d7f1334da3ca,"https://cdn.zeptonow.com/production/tr:w-1280,ar-2400-2400,pr-true,f-auto,q-80/cms/product_variant/2750596f-963d-4a86-9f36-8629a6ffa2cd.jpeg"
"Atta, Rice, Oil & Dals",Rice & More,"https://cdn.zeptonow.com/production/tr:w-90,ar-120-120,pr-true,f-auto,q-80/cms/sub_category/a6cabac9-9437-4e76-ae2d-a06dad590d48.png",Daawat Super Basmati Rice | Long Grain,Daawat,813,995,1 pack (5 kg),4.7 (5.2k),In Stock,https://www.zeptonow.com/pn/daawat-super-basmati-rice-long-grain/pvid/2da2dcca-ab8e-4e00-afbc-7dd0652fcaca,"https://cdn.zeptonow.com/production/tr:w-1280,ar-1200-1200,pr-true,f-auto,q-80/cms/product_variant/be974ffd-8985-42cf-b4eb-23fe5a8c9b52.jpeg"
"Atta, Rice, Oil & Dals",Rice & More,"https://cdn.zeptonow.com/production/tr:w-90,ar-120-120,pr-true,f-auto,q-80/cms/sub_category/a6cabac9-9437-4e76-ae2d-a06dad590d48.png",Daawat Pulav Basmati Rice | Long Grain,Daawat,78,90,1 pack (500 g),4.7 (10.4k),In Stock,https://www.zeptonow.com/pn/daawat-pulav-basmati-rice-long-grain/pvid/96b12acf-bdcd-47bb-a9e9-a04364fd30e1,"https://cdn.zeptonow.com/production/tr:w-1280,ar-1200-1200,pr-true,f-auto,q-80/cms/product_variant/1c78f506-d35a-4fa5-a720-1e9ac7996c53.jpeg"
"Atta, Rice, Oil & Dals",Rice & More,"https://cdn.zeptonow.com/production/tr:w-90,ar-120-120,pr-true,f-auto,q-80/cms/sub_category/a6cabac9-9437-4e76-ae2d-a06dad590d48.png",Daawat Jasmine Rice,Daawat,234,250,1 pack (500 g),5 (92),In Stock,https://www.zeptonow.com/pn/daawat-jasmine-rice/pvid/89b5c297-775d-49d0-81a6-21b57a757936,"https://cdn.zeptonow.com/production/tr:w-1280,ar-2400-2400,pr-true,f-auto,q-80/cms/product_variant/d62d8e75-ea90-4447-802d-f31f06b589a0.jpeg"
"Atta, Rice, Oil & Dals",Rice & More,"https://cdn.zeptonow.com/production/tr:w-90,ar-120-120,pr-true,f-auto,q-80/cms/sub_category/a6cabac9-9437-4e76-ae2d-a06dad590d48.png",Daawat Rozana Basmati Rice Gold | Medium Grain,Daawat,488,600,1 pack (5 kg),4.6 (7.1k),In Stock,https://www.zeptonow.com/pn/daawat-rozana-basmati-rice-gold-medium-grain/pvid/43e7fb9a-67eb-4447-998f-7853d8aac77c,"https://cdn.zeptonow.com/production/tr:w-1280,ar-1200-1200,pr-true,f-auto,q-80/cms/product_variant/4fca667e-7ef0-4a44-a279-d04fc15a08ef.jpeg"
"Atta, Rice, Oil & Dals",Rice & More,"https://cdn.zeptonow.com/production/tr:w-90,ar-120-120,pr-true,f-auto,q-80/cms/sub_category/a6cabac9-9437-4e76-ae2d-a06dad590d48.png",Daawat Quick Cooking Red Rice,Daawat,229,299,1 pc (1 kg),4.6 (129),In Stock,https://www.zeptonow.com/pn/daawat-quick-cooking-red-rice/pvid/f1c6ce3f-91c2-4a16-bfa8-bf723ec9cafe,"https://cdn.zeptonow.com/production/tr:w-1280,ar-2400-2400,pr-true,f-auto,q-80/cms/product_variant/17be5a0c-525a-4ce3-89bf-02ead8289459.jpg"
"Atta, Rice, Oil & Dals",Rice & More,"https://cdn.zeptonow.com/production/tr:w-90,ar-120-120,pr-true,f-auto,q-80/cms/sub_category/a6cabac9-9437-4e76-ae2d-a06dad590d48.png",Dawaat Biryani Kit Hyderabadi Ready to cook,Dawaat,139,165,1 pack (334 g),4.6 (1.0k),In Stock,https://www.zeptonow.com/pn/dawaat-biryani-kit-hyderabadi-ready-to-cook/pvid/d0f87453-fc41-40b7-86df-95630f4cde4f,"https://cdn.zeptonow.com/production/tr:w-1280,ar-1201-1201,pr-true,f-auto,q-80/cms/product_variant/5a91eb2b-d308-4b6d-a125-eca122c76d14.jpg"
"Atta, Rice, Oil & Dals",Rice & More,"https://cdn.zeptonow.com/production/tr:w-90,ar-120-120,pr-true,f-auto,q-80/cms/sub_category/a6cabac9-9437-4e76-ae2d-a06dad590d48.png",Daawat Biryani Kit Kolkata Ready to cook,Daawat,154,165,1 pack (334 g),3.9 (416),In Stock,https://www.zeptonow.com/pn/daawat-biryani-kit-kolkata-ready-to-cook/pvid/996f1746-f4dc-446b-95f0-95e79569e738,"https://cdn.zeptonow.com/production/tr:w-1280,ar-1200-1200,pr-true,f-auto,q-80/cms/product_variant/819836ee-04d6-49d7-b6a6-f20d162c78fc.png"
"Atta, Rice, Oil & Dals",Rice & More,"https://cdn.zeptonow.com/production/tr:w-90,ar-120-120,pr-true,f-auto,q-80/cms/sub_category/a6cabac9-9437-4e76-ae2d-a06dad590d48.png",Dawaat Biryani Kit Lucknowi Ready to cook,Dawaat,154,165,1 pack (334 g),4.7 (536),In Stock,https://www.zeptonow.com/pn/dawaat-biryani-kit-lucknowi-ready-to-cook/pvid/4e108d5c-4745-4a99-93c2-9c8153c1892f,"https://cdn.zeptonow.com/production/tr:w-1280,ar-2400-2400,pr-true,f-auto,q-80/cms/product_variant/567b002a-410d-46c7-bfd8-b49fae472864.jpeg"
"Atta, Rice, Oil & Dals",Rice & More,"https://cdn.zeptonow.com/production/tr:w-90,ar-120-120,pr-true,f-auto,q-80/cms/sub_category/a6cabac9-9437-4e76-ae2d-a06dad590d48.png",Daawat Thai Green Curry Meal Kit is a convenience Meal Kit,Daawat,236,275,1 pack (401 g),4.3 (686),In Stock,https://www.zeptonow.com/pn/daawat-thai-green-curry-meal-kit-is-a-convenience-meal-kit/pvid/f3e637f4-ca9d-4ba2-a64d-911edce18229,"https://cdn.zeptonow.com/production/tr:w-1280,ar-3900-4200,pr-true,f-auto,q-80/cms/product_variant/9677a331-e001-451a-acc6-4c193cb9574e.jpeg"
"Atta, Rice, Oil & Dals",Rice & More,"https://cdn.zeptonow.com/production/tr:w-90,ar-120-120,pr-true,f-auto,q-80/cms/sub_category/a6cabac9-9437-4e76-ae2d-a06dad590d48.png",Smart One Kurnool Sona Masoori Steam Rice,Smart One,1488,2600,1 pack (26 kg),4.6 (623),In Stock,https://www.zeptonow.com/pn/smart-one-kurnool-sona-masoori-steam-rice/pvid/bd72ba5e-eb40-4b67-8541-82fd64e30a7f,"https://cdn.zeptonow.com/production/tr:w-1280,ar-2400-2400,pr-true,f-auto,q-80/cms/product_variant/94c20d5e-9138-4112-9bbd-9aa79b6ac608.jpeg"
"Atta, Rice, Oil & Dals",Rice & More,"https://cdn.zeptonow.com/production/tr:w-90,ar-120-120,pr-true,f-auto,q-80/cms/sub_category/a6cabac9-9437-4e76-ae2d-a06dad590d48.png",Indrizo Premium Raw Rice,Indrizo,456,670,1 pack (5 kg),5 (340),In Stock,https://www.zeptonow.com/pn/indrizo-premium-raw-rice/pvid/b0efd6e5-2d15-468c-bde2-0af7faf43fe9,"https://cdn.zeptonow.com/production/tr:w-1280,ar-2400-2400,pr-true,f-auto,q-80/cms/product_variant/526a6908-aba9-473b-957d-86d26df39387.jpeg"
"Atta, Rice, Oil & Dals",Rice & More,"https://cdn.zeptonow.com/production/tr:w-90,ar-120-120,pr-true,f-auto,q-80/cms/sub_category/a6cabac9-9437-4e76-ae2d-a06dad590d48.png",Zeeba Premium Basmati Rice,Zeeba,1507,1999,1 pack (10 kg),3.9 (89),In Stock,https://www.zeptonow.com/pn/zeeba-premium-basmati-rice/pvid/85e2ad85-9f28-46c9-bed5-7079bd76602a,"https://cdn.zeptonow.com/production/tr:w-1280,ar-1674-1992,pr-true,f-auto,q-80/cms/product_variant/5ff2e3d2-f741-4a43-971e-5ec11b34e85c.jpeg"
"Atta, Rice, Oil & Dals",Rice & More,"https://cdn.zeptonow.com/production/tr:w-90,ar-120-120,pr-true,f-auto,q-80/cms/sub_category/a6cabac9-9437-4e76-ae2d-a06dad590d48.png",Daily Good Ponni Steam Rice,Daily Good,2071,2600,1 pack (26 kg),4.2 (490),In Stock,https://www.zeptonow.com/pn/daily-good-ponni-steam-rice/pvid/061c8ae4-8a7d-42a1-93f2-4dbe4d0a5800,"https://cdn.zeptonow.com/production/tr:w-1280,ar-2250-2250,pr-true,f-auto,q-80/cms/product_variant/1436f736-efd2-4b5b-9503-2fa34906511f.jpeg"
"Atta, Rice, Oil & Dals",Rice & More,"https://cdn.zeptonow.com/production/tr:w-90,ar-120-120,pr-true,f-auto,q-80/cms/sub_category/a6cabac9-9437-4e76-ae2d-a06dad590d48.png",Daily Good Sona Masoori Steam Rice,Daily Good,2118,2600,1 pack (26 kg),4.7 (66),In Stock,https://www.zeptonow.com/pn/daily-good-sona-masoori-steam-rice/pvid/aa683645-861c-4367-bcdf-734d6e4dcd3f,"https://cdn.zeptonow.com/production/tr:w-1280,ar-2250-2250,pr-true,f-auto,q-80/cms/product_variant/61884505-f285-4524-a0ec-28d9bca33746.jpeg"
"Atta, Rice, Oil & Dals",Rice & More,"https://cdn.zeptonow.com/production/tr:w-90,ar-120-120,pr-true,f-auto,q-80/cms/sub_category/a6cabac9-9437-4e76-ae2d-a06dad590d48.png",Daily Good Sona Masoori Raw Rice,Daily Good,2067,2600,1 pack (26 kg),5 (146),In Stock,https://www.zeptonow.com/pn/daily-good-sona-masoori-raw-rice/pvid/2315c5c9-8398-4e89-93f6-38e2ccdaab86,"https://cdn.zeptonow.com/production/tr:w-1280,ar-2250-2250,pr-true,f-auto,q-80/cms/product_variant/f483c2fc-7527-45a2-82ca-3d4e02e5a9fe.jpeg"
"Atta, Rice, Oil & Dals",Rice & More,"https://cdn.zeptonow.com/production/tr:w-90,ar-120-120,pr-true,f-auto,q-80/cms/sub_category/a6cabac9-9437-4e76-ae2d-a06dad590d48.png",Daily Good Ponni Boiled Rice,Daily Good,1798,2600,1 pack (26 kg),4.4 (236),In Stock,https://www.zeptonow.com/pn/daily-good-ponni-boiled-rice/pvid/70599e09-fc85-435b-b61a-e983fc352019,"https://cdn.zeptonow.com/production/tr:w-1280,ar-2250-2250,pr-true,f-auto,q-80/cms/product_variant/2c41688f-c883-4470-84b7-61ddb3e500e1.jpeg"
"Atta, Rice, Oil & Dals",Rice & More,"https://cdn.zeptonow.com/production/tr:w-90,ar-120-120,pr-true,f-auto,q-80/cms/sub_category/a6cabac9-9437-4e76-ae2d-a06dad590d48.png",Smart One Sona Masoori Steam Rice,Smart One,1659,2600,1 pack (26 kg),5 (87),In Stock,https://www.zeptonow.com/pn/smart-one-sona-masoori-steam-rice/pvid/ee5d8f92-d5bc-4b15-8c2c-e82234d45e9c,"https://cdn.zeptonow.com/production/tr:w-1280,ar-1500-1500,pr-true,f-auto,q-80/cms/product_variant/eff5170b-d787-4a1e-ae36-fb22d171f9bb.jpeg"
"Atta, Rice, Oil & Dals",Rice & More,"https://cdn.zeptonow.com/production/tr:w-90,ar-120-120,pr-true,f-auto,q-80/cms/sub_category/a6cabac9-9437-4e76-ae2d-a06dad590d48.png",Daily Good Ponni Raw Rice,Daily Good,484,500,1 pack (5 kg),4.7 (437),In Stock,https://www.zeptonow.com/pn/daily-good-ponni-raw-rice/pvid/8d459c3c-6992-47c0-9cbe-1716d3891106,"https://cdn.zeptonow.com/production/tr:w-1280,ar-1000-1000,pr-true,f-auto,q-80/cms/product_variant/8944fe03-22ca-45d6-b23f-95fa9d363f59.jpeg"
"Atta, Rice, Oil & Dals",Rice & More,"https://cdn.zeptonow.com/production/tr:w-90,ar-120-120,pr-true,f-auto,q-80/cms/sub_category/a6cabac9-9437-4e76-ae2d-a06dad590d48.png",Daily Good Ponni Raw Rice,Daily Good,1960,2600,1 pack (26 kg),4.7 (174),In Stock,https://www.zeptonow.com/pn/daily-good-ponni-raw-rice/pvid/75812685-0ba0-4792-99f2-c88329613142,"https://cdn.zeptonow.com/production/tr:w-1280,ar-2250-2250,pr-true,f-auto,q-80/cms/product_variant/35ce60d9-d1ed-4d01-ab02-74af87a91fa8.jpeg"
"Atta, Rice, Oil & Dals",Rice & More,"https://cdn.zeptonow.com/production/tr:w-90,ar-120-120,pr-true,f-auto,q-80/cms/sub_category/a6cabac9-9437-4e76-ae2d-a06dad590d48.png",Daily Good Lachkari Kolam Raw Rice,Daily Good,1679,3600,1 pack (26 kg),4.2 (85),In Stock,https://www.zeptonow.com/pn/daily-good-lachkari-kolam-raw-rice/pvid/790e8586-943b-489f-b84c-0195ae1fe711,"https://cdn.zeptonow.com/production/tr:w-1280,ar-2250-2250,pr-true,f-auto,q-80/cms/product_variant/6c40cbe4-3762-42a9-9771-bf22da0c01a8.jpeg"
"Atta, Rice, Oil & Dals",Rice & More,"https://cdn.zeptonow.com/production/tr:w-90,ar-120-120,pr-true,f-auto,q-80/cms/sub_category/a6cabac9-9437-4e76-ae2d-a06dad590d48.png",Daily Good Tamil Ponni Boiled Rice,Daily Good,480,500,1 pack (5 kg),3.9 (667),In Stock,https://www.zeptonow.com/pn/daily-good-tamil-ponni-boiled-rice/pvid/cb453954-a287-4471-8083-ca8107fac74c,"https://cdn.zeptonow.com/production/tr:w-1280,ar-1200-1200,pr-true,f-auto,q-80/cms/product_variant/fa219d6f-8b12-4a69-9130-45de8038c91a.jpeg"
"Atta, Rice, Oil & Dals",Rice & More,"https://cdn.zeptonow.com/production/tr:w-90,ar-120-120,pr-true,f-auto,q-80/cms/sub_category/a6cabac9-9437-4e76-ae2d-a06dad590d48.png",Daily Good Biryani Basmati Rice | Long Grain,Daily Good,1099,1250,1 pack (5 kg),5 (333),In Stock,https://www.zeptonow.com/pn/daily-good-biryani-basmati-rice-long-grain/pvid/03cb5377-4879-4805-9827-533f24d82739,"https://cdn.zeptonow.com/production/tr:w-1280,ar-2400-2400,pr-true,f-auto,q-80/cms/product_variant/e05d4366-6dab-4c44-9ef8-b85095f4a9ea.jpg"
"Atta, Rice, Oil & Dals",Rice & More,"https://cdn.zeptonow.com/production/tr:w-90,ar-120-120,pr-true,f-auto,q-80/cms/sub_category/a6cabac9-9437-4e76-ae2d-a06dad590d48.png",Daily Good Super Basmati Rice | Long Grain,Daily Good,1090,1125,1 pack (5 kg),4.6 (232),In Stock,https://www.zeptonow.com/pn/daily-good-super-basmati-rice-long-grain/pvid/a0c0b2fa-9f63-4fba-8f11-622a3ccb98b5,"https://cdn.zeptonow.com/production/tr:w-1280,ar-2400-2400,pr-true,f-auto,q-80/cms/product_variant/35b031e5-b965-4853-b59d-37cb8ac0c348.jpg"
"Atta, Rice, Oil & Dals",Rice & More,"https://cdn.zeptonow.com/production/tr:w-90,ar-120-120,pr-true,f-auto,q-80/cms/sub_category/a6cabac9-9437-4e76-ae2d-a06dad590d48.png",Udhaiyam Idly Rice,Udhaiyam,314,365,1 pack (5 kg),4.6 (2.2k),In Stock,https://www.zeptonow.com/pn/udhaiyam-idly-rice/pvid/47eb848e-4050-4e3f-9892-786c8ab66338,"https://cdn.zeptonow.com/production/tr:w-1280,ar-2400-2400,pr-true,f-auto,q-80/cms/product_variant/7d9706be-6c43-4b37-8d1f-98d96c0c1983.jpeg"
"Atta, Rice, Oil & Dals",Rice & More,"https://cdn.zeptonow.com/production/tr:w-90,ar-120-120,pr-true,f-auto,q-80/cms/sub_category/a6cabac9-9437-4e76-ae2d-a06dad590d48.png",Parry's Ponni Boiled Rice Manachanallur Ponni,Parry's,334,480,1 pack (5 kg),4.6 (328),In Stock,https://www.zeptonow.com/pn/parrys-ponni-boiled-rice-manachanallur-ponni/pvid/e25d28d8-f8b2-4390-b519-708778fb5840,"https://cdn.zeptonow.com/production/tr:w-1280,ar-2400-2400,pr-true,f-auto,q-80/cms/product_variant/85c612dc-8166-4f15-82c6-dae4908be530.jpeg"
"Atta, Rice, Oil & Dals",Rice & More,"https://cdn.zeptonow.com/production/tr:w-90,ar-120-120,pr-true,f-auto,q-80/cms/sub_category/a6cabac9-9437-4e76-ae2d-a06dad590d48.png",Daily Good Sona Masoori Raw Rice,Daily Good,892,1000,1 pack (10 kg),4.4 (219),In Stock,https://www.zeptonow.com/pn/daily-good-sona-masoori-raw-rice/pvid/35485dd9-898a-49e5-b47c-938fadcc0742,"https://cdn.zeptonow.com/production/tr:w-1280,ar-2250-2250,pr-true,f-auto,q-80/cms/product_variant/d8e28a46-d3e9-46d9-adfd-8f7eee627212.jpeg"
"Atta, Rice, Oil & Dals",Rice & More,"https://cdn.zeptonow.com/production/tr:w-90,ar-120-120,pr-true,f-auto,q-80/cms/sub_category/a6cabac9-9437-4e76-ae2d-a06dad590d48.png",Daily Good Ponni Raw Rice,Daily Good,795,1000,1 pack (10 kg),4.9 (108),In Stock,https://www.zeptonow.com/pn/daily-good-ponni-raw-rice/pvid/3b1b0379-66b8-45a6-8637-4d53fb06b1d8,"https://cdn.zeptonow.com/production/tr:w-1280,ar-2400-2400,pr-true,f-auto,q-80/cms/product_variant/4e4152c3-28bf-487e-b138-70cb8e813f64.jpeg"
"Atta, Rice, Oil & Dals",Rice & More,"https://cdn.zeptonow.com/production/tr:w-90,ar-120-120,pr-true,f-auto,q-80/cms/sub_category/a6cabac9-9437-4e76-ae2d-a06dad590d48.png",Smart One Ponni Raw Rice,Smart One,1759,2225,1 pack (26 kg),4.4 (91),In Stock,https://www.zeptonow.com/pn/smart-one-ponni-raw-rice/pvid/d71c6a4f-2f45-41f6-b7e3-4200059bccb9,"https://cdn.zeptonow.com/production/tr:w-1280,ar-1500-1500,pr-true,f-auto,q-80/cms/product_variant/7d2fd287-fdef-4c69-ac92-b234332d81f2.jpeg"
"Atta, Rice, Oil & Dals",Rice & More,"https://cdn.zeptonow.com/production/tr:w-90,ar-120-120,pr-true,f-auto,q-80/cms/sub_category/a6cabac9-9437-4e76-ae2d-a06dad590d48.png",Daily Good Kurnool Sona Masoori Steam Rice,Daily Good,676,1000,1 pack (10 kg),4.9 (777),In Stock,https://www.zeptonow.com/pn/daily-good-kurnool-sona-masoori-steam-rice/pvid/806c6b9f-4e47-4d55-b970-4761ef0b784e,"https://cdn.zeptonow.com/production/tr:w-1280,ar-2400-2400,pr-true,f-auto,q-80/cms/product_variant/8830e925-ab30-4484-ba8f-a530827de4d0.jpeg"
"Atta, Rice, Oil & Dals",Rice & More,"https://cdn.zeptonow.com/production/tr:w-90,ar-120-120,pr-true,f-auto,q-80/cms/sub_category/a6cabac9-9437-4e76-ae2d-a06dad590d48.png",Smart One Sona Masoori Boiled Rice,Smart One,1614,2600,1 pack (26 kg),4.7 (322),In Stock,https://www.zeptonow.com/pn/smart-one-sona-masoori-boiled-rice/pvid/fd83868b-a630-4084-b886-ce514761d683,"https://cdn.zeptonow.com/production/tr:w-1280,ar-1500-1500,pr-true,f-auto,q-80/cms/product_variant/c1d0e876-4094-4721-a213-007255e45745.jpeg"
"Atta, Rice, Oil & Dals",Rice & More,"https://cdn.zeptonow.com/production/tr:w-90,ar-120-120,pr-true,f-auto,q-80/cms/sub_category/a6cabac9-9437-4e76-ae2d-a06dad590d48.png",Daily Good Ponni Steam Rice,Daily Good,637,1000,1 pack (10 kg),4.6 (500),In Stock,https://www.zeptonow.com/pn/daily-good-ponni-steam-rice/pvid/67f26af0-54f5-42a1-923f-24ce644ee6f3,"https://cdn.zeptonow.com/production/tr:w-1280,ar-2250-2250,pr-true,f-auto,q-80/cms/product_variant/6d6b010a-36ee-42bd-a19d-fb198b8d2c10.jpeg"
"Atta, Rice, Oil & Dals",Rice & More,"https://cdn.zeptonow.com/production/tr:w-90,ar-120-120,pr-true,f-auto,q-80/cms/sub_category/a6cabac9-9437-4e76-ae2d-a06dad590d48.png",Daily Good Sona Masoori Steam Rice,Daily Good,420,500,1 pack (5 kg),4.4 (2.2k),In Stock,https://www.zeptonow.com/pn/daily-good-sona-masoori-steam-rice/pvid/0bb3643e-b91d-4883-bce3-a20ac78490ad,"https://cdn.zeptonow.com/production/tr:w-1280,ar-1200-1200,pr-true,f-auto,q-80/cms/product_variant/1065c250-875c-4f93-8070-51148062abb0.jpeg"
"Atta, Rice, Oil & Dals",Rice & More,"https://cdn.zeptonow.com/production/tr:w-90,ar-120-120,pr-true,f-auto,q-80/cms/sub_category/a6cabac9-9437-4e76-ae2d-a06dad590d48.png",VKR SIVAJI Premium Boiled Ponni Rice,VKR,744,840,1 pack (10 kg),4.7 (3.5k),In Stock,https://www.zeptonow.com/pn/vkr-sivaji-premium-boiled-ponni-rice/pvid/2bdc7ed9-4954-4457-ac67-f0421ca611d7,"https://cdn.zeptonow.com/production/tr:w-1280,ar-2400-2400,pr-true,f-auto,q-80/cms/product_variant/a2c5c15c-b1a7-4299-aa65-460850c27997.jpeg"
"Atta, Rice, Oil & Dals",Rice & More,"https://cdn.zeptonow.com/production/tr:w-90,ar-120-120,pr-true,f-auto,q-80/cms/sub_category/a6cabac9-9437-4e76-ae2d-a06dad590d48.png",Indrizo Seeragasamba Biryani Rice,Indrizo,214,270,1 pack (1 kg),4.5 (679),In Stock,https://www.zeptonow.com/pn/indrizo-seeragasamba-biryani-rice/pvid/a9ed713b-b363-46a9-9ba1-48bf7044e8ad,"https://cdn.zeptonow.com/production/tr:w-1280,ar-2400-2400,pr-true,f-auto,q-80/cms/product_variant/4c93d5c8-27d9-411b-b7fe-a752ed323802.jpeg"
"Atta, Rice, Oil & Dals",Rice & More,"https://cdn.zeptonow.com/production/tr:w-90,ar-120-120,pr-true,f-auto,q-80/cms/sub_category/a6cabac9-9437-4e76-ae2d-a06dad590d48.png",Daily Good Kurnool Sona Masoori Raw Rice,Daily Good,443,500,1 pack (5 kg),4.3 (1.2k),In Stock,https://www.zeptonow.com/pn/daily-good-kurnool-sona-masoori-raw-rice/pvid/0fb44653-b847-4452-986d-9269234aef6c,"https://cdn.zeptonow.com/production/tr:w-1280,ar-2400-2400,pr-true,f-auto,q-80/cms/product_variant/6be0e04f-30e2-41f3-9e40-e7b98d2120fc.jpeg"
"Atta, Rice, Oil & Dals",Rice & More,"https://cdn.zeptonow.com/production/tr:w-90,ar-120-120,pr-true,f-auto,q-80/cms/sub_category/a6cabac9-9437-4e76-ae2d-a06dad590d48.png",Daily Good Ponni Boiled Rice,Daily Good,666,1000,1 pack (10 kg),4.5 (172),In Stock,https://www.zeptonow.com/pn/daily-good-ponni-boiled-rice/pvid/c5fb2197-1f99-4b11-bc38-4ef9f84cd228,"https://cdn.zeptonow.com/production/tr:w-1280,ar-2250-2250,pr-true,f-auto,q-80/cms/product_variant/6e05c6de-92b8-48e2-945c-7243b066e5ad.jpeg"
"Atta, Rice, Oil & Dals",Rice & More,"https://cdn.zeptonow.com/production/tr:w-90,ar-120-120,pr-true,f-auto,q-80/cms/sub_category/a6cabac9-9437-4e76-ae2d-a06dad590d48.png",VKR SIVAJI Premium Boiled Ponni Rice,VKR,388,445,1 pack (5 kg),4.7 (7.0k),In Stock,https://www.zeptonow.com/pn/vkr-sivaji-premium-boiled-ponni-rice/pvid/ed8bfb7d-f0d3-41d3-b644-e9498f33cd33,"https://cdn.zeptonow.com/production/tr:w-1280,ar-2400-2400,pr-true,f-auto,q-80/cms/product_variant/5b401e44-9ae2-4bad-86f8-b7a4d33b6ac5.jpeg"
"Atta, Rice, Oil & Dals",Rice & More,"https://cdn.zeptonow.com/production/tr:w-90,ar-120-120,pr-true,f-auto,q-80/cms/sub_category/a6cabac9-9437-4e76-ae2d-a06dad590d48.png",Udhaiyam Ponni Rice,Udhaiyam,408,460,1 pack (5 kg),4.4 (1.4k),In Stock,https://www.zeptonow.com/pn/udhaiyam-ponni-rice/pvid/31246a5f-f67d-4c4b-8bfb-b10d22d463db,"https://cdn.zeptonow.com/production/tr:w-1280,ar-2400-2400,pr-true,f-auto,q-80/cms/product_variant/d6611693-5567-4a10-a397-188da6659e4a.jpeg"
"Atta, Rice, Oil & Dals",Rice & More,"https://cdn.zeptonow.com/production/tr:w-90,ar-120-120,pr-true,f-auto,q-80/cms/sub_category/a6cabac9-9437-4e76-ae2d-a06dad590d48.png",Daily Good Sona Masoori Boiled Rice,Daily Good,377,500,1 pack (5 kg),4.3 (812),In Stock,https://www.zeptonow.com/pn/daily-good-sona-masoori-boiled-rice/pvid/6a401fce-3ead-496e-a2c4-3ae3928c709e,"https://cdn.zeptonow.com/production/tr:w-1280,ar-2400-2400,pr-true,f-auto,q-80/cms/product_variant/fcc2bcdf-f66e-4b83-8bec-040beb89d9f6.jpeg"
"Atta, Rice, Oil & Dals",Rice & More,"https://cdn.zeptonow.com/production/tr:w-90,ar-120-120,pr-true,f-auto,q-80/cms/sub_category/a6cabac9-9437-4e76-ae2d-a06dad590d48.png",Daily Good Ponni Boiled Rice,Daily Good,381,500,1 pack (5 kg),4.6 (73),In Stock,https://www.zeptonow.com/pn/daily-good-ponni-boiled-rice/pvid/981eafe8-5362-43ab-ae38-0b70a5113366,"https://cdn.zeptonow.com/production/tr:w-1280,ar-1200-1200,pr-true,f-auto,q-80/cms/product_variant/68b5e253-ffad-4fcf-8233-2b2325a571e1.jpeg"
"Atta, Rice, Oil & Dals",Rice & More,"https://cdn.zeptonow.com/production/tr:w-90,ar-120-120,pr-true,f-auto,q-80/cms/sub_category/a6cabac9-9437-4e76-ae2d-a06dad590d48.png",Daily Good Jeera Samba/Govindobhog/Ambemohar Rice,Daily Good,189,200,1 pack (1 kg),4.6 (1.4k),In Stock,https://www.zeptonow.com/pn/daily-good-jeera-sambagovindobhogambemohar-rice/pvid/73dbd566-dff8-4045-8ff6-0972f9f8ab3e,"https://cdn.zeptonow.com/production/tr:w-1280,ar-1200-1200,pr-true,f-auto,q-80/cms/product_variant/0530c1d1-b345-4e2f-a126-af9368120e78.jpeg"
"Atta, Rice, Oil & Dals",Rice & More,"https://cdn.zeptonow.com/production/tr:w-90,ar-120-120,pr-true,f-auto,q-80/cms/sub_category/a6cabac9-9437-4e76-ae2d-a06dad590d48.png",Smart One Sona Masoori Steam Rice,Smart One,334,500,1 pack (5 kg),4.4 (333),In Stock,https://www.zeptonow.com/pn/smart-one-sona-masoori-steam-rice/pvid/252edb82-e325-4d19-bafe-2ab4ee6634f8,"https://cdn.zeptonow.com/production/tr:w-1280,ar-1500-1500,pr-true,f-auto,q-80/cms/product_variant/c05a965f-e9d9-4ef2-a190-346c853e75b5.jpeg"
"Atta, Rice, Oil & Dals",Rice & More,"https://cdn.zeptonow.com/production/tr:w-90,ar-120-120,pr-true,f-auto,q-80/cms/sub_category/a6cabac9-9437-4e76-ae2d-a06dad590d48.png",Daily Good Ponni Steam Rice,Daily Good,333,500,1 pack (5 kg),4.7 (406),In Stock,https://www.zeptonow.com/pn/daily-good-ponni-steam-rice/pvid/94e2bccf-3d00-49e0-a675-af2088ee67eb,"https://cdn.zeptonow.com/production/tr:w-1280,ar-2400-2400,pr-true,f-auto,q-80/cms/product_variant/1a2cc446-3093-43e4-b291-391e4dcfd094.jpeg"
"Atta, Rice, Oil & Dals",Rice & More,"https://cdn.zeptonow.com/production/tr:w-90,ar-120-120,pr-true,f-auto,q-80/cms/sub_category/a6cabac9-9437-4e76-ae2d-a06dad590d48.png",Daily Good Tamil Ponni Boiled Rice,Daily Good,75,110,1 pack (1 kg),4.1 (3.5k),In Stock,https://www.zeptonow.com/pn/daily-good-tamil-ponni-boiled-rice/pvid/ed6e550a-699a-452b-81e5-c4997cdcb5a1,"https://cdn.zeptonow.com/production/tr:w-1280,ar-1200-1200,pr-true,f-auto,q-80/cms/product_variant/b0648cc4-f44e-4c71-a54f-6b45cd549d33.jpeg"
"Atta, Rice, Oil & Dals",Rice & More,"https://cdn.zeptonow.com/production/tr:w-90,ar-120-120,pr-true,f-auto,q-80/cms/sub_category/a6cabac9-9437-4e76-ae2d-a06dad590d48.png",Daily Good Sona Masoori Boiled Rice,Daily Good,653,1000,1 pack (10 kg),4.8 (229),In Stock,https://www.zeptonow.com/pn/daily-good-sona-masoori-boiled-rice/pvid/466a2c85-12aa-4612-b54c-fa9b8e886de3,"https://cdn.zeptonow.com/production/tr:w-1280,ar-2400-2400,pr-true,f-auto,q-80/cms/product_variant/d1e5ec88-b3d1-4929-801d-fcfa4b20e5aa.jpeg"
"Atta, Rice, Oil & Dals",Rice & More,"https://cdn.zeptonow.com/production/tr:w-90,ar-120-120,pr-true,f-auto,q-80/cms/sub_category/a6cabac9-9437-4e76-ae2d-a06dad590d48.png",Charminar Long Grain Rice,Charminar,317,599,1 pack (5 kg),4.2 (5.7k),In Stock,https://www.zeptonow.com/pn/charminar-long-grain-rice/pvid/9912456c-2321-492c-a1ab-49474987d97c,"https://cdn.zeptonow.com/production/tr:w-1280,ar-3507-4500,pr-true,f-auto,q-80/cms/product_variant/924e1992-18a1-4777-aad9-30ec731cbf54.jpg"
"Atta, Rice, Oil & Dals",Rice & More,"https://cdn.zeptonow.com/production/tr:w-90,ar-120-120,pr-true,f-auto,q-80/cms/sub_category/a6cabac9-9437-4e76-ae2d-a06dad590d48.png",Daily Good Sona Masoori Raw Rice,Daily Good,86,100,1 pack (1 kg),4.6 (10.7k),In Stock,https://www.zeptonow.com/pn/daily-good-sona-masoori-raw-rice/pvid/bfe98cad-c52c-4c3f-9f99-ee9f0f71118f,"https://cdn.zeptonow.com/production/tr:w-1280,ar-1200-1200,pr-true,f-auto,q-80/cms/product_variant/f404a48f-c6dc-4e6e-a8b6-25d254c13b8f.jpeg"
"Atta, Rice, Oil & Dals",Rice & More,"https://cdn.zeptonow.com/production/tr:w-90,ar-120-120,pr-true,f-auto,q-80/cms/sub_category/a6cabac9-9437-4e76-ae2d-a06dad590d48.png",Daily Good Hmt Kolam Steam Rice,Daily Good,460,700,1 pack (5 kg),4.8 (580),In Stock,https://www.zeptonow.com/pn/daily-good-hmt-kolam-steam-rice/pvid/9f086348-a866-427c-9b51-c146baa27d59,"https://cdn.zeptonow.com/production/tr:w-1280,ar-1200-1200,pr-true,f-auto,q-80/cms/product_variant/1cee9939-7956-4f2e-a4a0-90d2587f44f4.jpeg"
"Atta, Rice, Oil & Dals",Rice & More,"https://cdn.zeptonow.com/production/tr:w-90,ar-120-120,pr-true,f-auto,q-80/cms/sub_category/a6cabac9-9437-4e76-ae2d-a06dad590d48.png",Daily Good Govindbhog/Jeera Rice/Ambemohar Rice,Daily Good,952,1000,1 pack (5 kg),4.7 (128),In Stock,https://www.zeptonow.com/pn/daily-good-govindbhogjeera-riceambemohar-rice/pvid/953c9af2-6a49-4ec4-b01d-90b1a2d639d8,"https://cdn.zeptonow.com/production/tr:w-1280,ar-1200-1200,pr-true,f-auto,q-80/cms/product_variant/86ad75f9-29f1-43cf-bdd1-41ae7b85d915.jpeg"
"Atta, Rice, Oil & Dals",Rice & More,"https://cdn.zeptonow.com/production/tr:w-90,ar-120-120,pr-true,f-auto,q-80/cms/sub_category/a6cabac9-9437-4e76-ae2d-a06dad590d48.png",Parry's Ponni Boiled Rice Manachanallur Ponni,Parry's,714,960,1 pack (10 kg),4.8 (177),In Stock,https://www.zeptonow.com/pn/parrys-ponni-boiled-rice-manachanallur-ponni/pvid/fea6da06-da7b-4d8d-8914-145dde528e36,"https://cdn.zeptonow.com/production/tr:w-1280,ar-1200-1200,pr-true,f-auto,q-80/cms/product_variant/f80c30d8-7d3b-4fd4-9bf8-826db7cb5d79.jpeg"
"Atta, Rice, Oil & Dals",Rice & More,"https://cdn.zeptonow.com/production/tr:w-90,ar-120-120,pr-true,f-auto,q-80/cms/sub_category/a6cabac9-9437-4e76-ae2d-a06dad590d48.png",Parry's Sona Masoori Raw Rice,Parry's,437,480,1 pack (5 kg),4.9 (263),In Stock,https://www.zeptonow.com/pn/parrys-sona-masoori-raw-rice/pvid/43d41d00-c7a1-401d-a4d2-241ac867b97f,"https://cdn.zeptonow.com/production/tr:w-1280,ar-1200-1200,pr-true,f-auto,q-80/cms/product_variant/cbe214fa-f6e5-4fdf-937b-b3d61970a6f6.jpeg"
"Atta, Rice, Oil & Dals",Rice & More,"https://cdn.zeptonow.com/production/tr:w-90,ar-120-120,pr-true,f-auto,q-80/cms/sub_category/a6cabac9-9437-4e76-ae2d-a06dad590d48.png",Indrizo Premium Raw Rice,Indrizo,100,130,1 pack (1 kg),5 (388),In Stock,https://www.zeptonow.com/pn/indrizo-premium-raw-rice/pvid/19cc8a10-b1b7-4b7f-8e1f-459afcfbb208,"https://cdn.zeptonow.com/production/tr:w-1280,ar-1000-1000,pr-true,f-auto,q-80/cms/product_variant/af06070d-63bf-47d5-89e7-8119444051d7.jpeg"
"Atta, Rice, Oil & Dals",Rice & More,"https://cdn.zeptonow.com/production/tr:w-90,ar-120-120,pr-true,f-auto,q-80/cms/sub_category/a6cabac9-9437-4e76-ae2d-a06dad590d48.png",Double Horse Jyothi Vadi Matta Rice,Double Horse,395,445,1 pack (5 kg),4.6 (644),In Stock,https://www.zeptonow.com/pn/double-horse-jyothi-vadi-matta-rice/pvid/f0c863a9-6798-4d29-b912-f154176b6ee1,"https://cdn.zeptonow.com/production/tr:w-1280,ar-2400-2400,pr-true,f-auto,q-80/cms/product_variant/4e5238de-adc2-4f0e-a1f7-0e9f6b9b29d4.jpeg"
"Atta, Rice, Oil & Dals",Rice & More,"https://cdn.zeptonow.com/production/tr:w-90,ar-120-120,pr-true,f-auto,q-80/cms/sub_category/a6cabac9-9437-4e76-ae2d-a06dad590d48.png",Double Horse Unda Matta Rice,Double Horse,373,380,1 pack (5 kg),4.6 (552),In Stock,https://www.zeptonow.com/pn/double-horse-unda-matta-rice/pvid/a8312897-ffa6-4bb8-b447-035dcbdd0157,"https://cdn.zeptonow.com/production/tr:w-1280,ar-2400-2400,pr-true,f-auto,q-80/cms/product_variant/ec698e8b-b14c-428e-bf12-2691d91d8c9f.jpg"
"Atta, Rice, Oil & Dals",Rice & More,"https://cdn.zeptonow.com/production/tr:w-90,ar-120-120,pr-true,f-auto,q-80/cms/sub_category/a6cabac9-9437-4e76-ae2d-a06dad590d48.png",Parry's Rajabhogam Rice,Parry's,341,480,1 pack (5 kg),4.7 (136),In Stock,https://www.zeptonow.com/pn/parrys-rajabhogam-rice/pvid/16485137-d507-44a7-a677-e41772311421,"https://cdn.zeptonow.com/production/tr:w-1280,ar-1200-1200,pr-true,f-auto,q-80/cms/product_variant/c86a98b9-eaa2-4866-90c5-ec3c000e5ddd.jpeg"
"Atta, Rice, Oil & Dals",Rice & More,"https://cdn.zeptonow.com/production/tr:w-90,ar-120-120,pr-true,f-auto,q-80/cms/sub_category/a6cabac9-9437-4e76-ae2d-a06dad590d48.png",Popular Essentials Sona Masoori Steam Rice,Popular Essentials,395,485,1 pc (5 kg),4.4 (418),In Stock,https://www.zeptonow.com/pn/popular-essentials-sona-masoori-steam-rice/pvid/8f8c4ca9-1365-4e19-aa6c-df1122d56ae6,"https://cdn.zeptonow.com/production/tr:w-1280,ar-1200-1200,pr-true,f-auto,q-80/cms/product_variant/b548b65a-1c55-427a-b810-87941bcfe492.jpeg"
"Atta, Rice, Oil & Dals",Rice & More,"https://cdn.zeptonow.com/production/tr:w-90,ar-120-120,pr-true,f-auto,q-80/cms/sub_category/a6cabac9-9437-4e76-ae2d-a06dad590d48.png",Daily Good Rajbhogam Boiled Rice,Daily Good,381,500,1 pack (5 kg),4.8 (143),In Stock,https://www.zeptonow.com/pn/daily-good-rajbhogam-boiled-rice/pvid/26986c6b-44cd-4983-85a2-5e3348a0e054,"https://cdn.zeptonow.com/production/tr:w-1280,ar-1000-1000,pr-true,f-auto,q-80/cms/product_variant/c1b1aec1-6cfa-4fd0-b577-5d355364b56d.jpeg"
"Atta, Rice, Oil & Dals",Rice & More,"https://cdn.zeptonow.com/production/tr:w-90,ar-120-120,pr-true,f-auto,q-80/cms/sub_category/a6cabac9-9437-4e76-ae2d-a06dad590d48.png",Smart One Sona Masoori Raw Rice,Smart One,394,500,1 pack (5 kg),5 (244),In Stock,https://www.zeptonow.com/pn/smart-one-sona-masoori-raw-rice/pvid/993295fa-4843-40f4-bee5-b45334d4f8cc,"https://cdn.zeptonow.com/production/tr:w-1280,ar-2400-2400,pr-true,f-auto,q-80/cms/product_variant/91360a85-ba13-4d30-8d51-678bab0a96ec.jpeg"
"Atta, Rice, Oil & Dals",Rice & More,"https://cdn.zeptonow.com/production/tr:w-90,ar-120-120,pr-true,f-auto,q-80/cms/sub_category/a6cabac9-9437-4e76-ae2d-a06dad590d48.png",Indrizo Idli Dosa Rice,Indrizo,309,420,1 pack (5 kg),4.6 (290),In Stock,https://www.zeptonow.com/pn/indrizo-idli-dosa-rice/pvid/9fd05934-4ae3-44f1-be40-91a5cb7b5446,"https://cdn.zeptonow.com/production/tr:w-1280,ar-2400-2400,pr-true,f-auto,q-80/cms/product_variant/39f852c7-e76f-48e1-9492-4e050897ad07.jpeg"
"Atta, Rice, Oil & Dals",Rice & More,"https://cdn.zeptonow.com/production/tr:w-90,ar-120-120,pr-true,f-auto,q-80/cms/sub_category/a6cabac9-9437-4e76-ae2d-a06dad590d48.png",Parry's Ponni Boiled Rice,Parry's,753,960,1 pack (10 kg),4.3 (138),In Stock,https://www.zeptonow.com/pn/parrys-ponni-boiled-rice/pvid/e2aa01f4-f594-4087-9939-3f239258e97b,"https://cdn.zeptonow.com/production/tr:w-1280,ar-1500-1500,pr-true,f-auto,q-80/cms/product_variant/1bbd82e2-cbda-406c-b57b-fedc66134a12.jpeg"
"Atta, Rice, Oil & Dals",Rice & More,"https://cdn.zeptonow.com/production/tr:w-90,ar-120-120,pr-true,f-auto,q-80/cms/sub_category/a6cabac9-9437-4e76-ae2d-a06dad590d48.png",Daily Good Hmt Kolam Steam Rice,Daily Good,514,1065,1 pack (10 kg),4.7 (158),In Stock,https://www.zeptonow.com/pn/daily-good-hmt-kolam-steam-rice/pvid/5214d32c-2a68-4f5e-b0ad-ebf5c1830d0e,"https://cdn.zeptonow.com/production/tr:w-1280,ar-2250-2250,pr-true,f-auto,q-80/cms/product_variant/7086c364-497a-4051-b743-6c15dfc80d58.jpeg"
"Atta, Rice, Oil & Dals",Rice & More,"https://cdn.zeptonow.com/production/tr:w-90,ar-120-120,pr-true,f-auto,q-80/cms/sub_category/a6cabac9-9437-4e76-ae2d-a06dad590d48.png",Smart One Sona Masoori Boiled Rice,Smart One,634,960,1 pack (10 kg),5 (76),In Stock,https://www.zeptonow.com/pn/smart-one-sona-masoori-boiled-rice/pvid/a9e13e1d-50c2-45aa-9308-367136554746,"https://cdn.zeptonow.com/production/tr:w-1280,ar-1125-1125,pr-true,f-auto,q-80/cms/product_variant/6030cd92-f32f-43a5-b5fa-3bab6683d656.jpeg"
"Atta, Rice, Oil & Dals",Rice & More,"https://cdn.zeptonow.com/production/tr:w-90,ar-120-120,pr-true,f-auto,q-80/cms/sub_category/a6cabac9-9437-4e76-ae2d-a06dad590d48.png",Parry's Sona Masoori Raw Rice,Parry's,834,960,1 pack (10 kg),4.7 (137),In Stock,https://www.zeptonow.com/pn/parrys-sona-masoori-raw-rice/pvid/2026a407-cd59-41f2-9c6f-3b76e2ade1e5,"https://cdn.zeptonow.com/production/tr:w-1280,ar-1200-1200,pr-true,f-auto,q-80/cms/product_variant/e77c6ebb-a761-4e42-9038-055d9834caab.jpeg"
"Atta, Rice, Oil & Dals",Rice & More,"https://cdn.zeptonow.com/production/tr:w-90,ar-120-120,pr-true,f-auto,q-80/cms/sub_category/a6cabac9-9437-4e76-ae2d-a06dad590d48.png",Double Horse Thanjavur Ponni Boiled Rice,Double Horse,510,515,1 pack (5 kg),4.5 (181),In Stock,https://www.zeptonow.com/pn/double-horse-thanjavur-ponni-boiled-rice/pvid/7e353d89-480d-41f5-bcd1-731e6656cc4d,"https://cdn.zeptonow.com/production/tr:w-1280,ar-1500-1500,pr-true,f-auto,q-80/cms/product_variant/2d065da4-f531-4b47-bd71-facff2adbc54.jpg"
"Atta, Rice, Oil & Dals",Rice & More,"https://cdn.zeptonow.com/production/tr:w-90,ar-120-120,pr-true,f-auto,q-80/cms/sub_category/a6cabac9-9437-4e76-ae2d-a06dad590d48.png",Daily Good Super Basmati Rice | Long Grain,Daily Good,221,225,1 pack (1 kg),4.4 (1.4k),In Stock,https://www.zeptonow.com/pn/daily-good-super-basmati-rice-long-grain/pvid/ccc68365-9595-4aab-a64c-8a1b430595ec,"https://cdn.zeptonow.com/production/tr:w-1280,ar-2400-2400,pr-true,f-auto,q-80/cms/product_variant/9e42081a-58ca-4544-b555-539f01ae5421.jpg"
"Atta, Rice, Oil & Dals",Rice & More,"https://cdn.zeptonow.com/production/tr:w-90,ar-120-120,pr-true,f-auto,q-80/cms/sub_category/a6cabac9-9437-4e76-ae2d-a06dad590d48.png",24 Mantra Organic Sona Masuri Brown Rice,24 Mantra,490,550,1 pack (5 kg),4 (130),In Stock,https://www.zeptonow.com/pn/24-mantra-organic-sona-masuri-brown-rice/pvid/50f15b2b-0e9e-4271-879a-feb8972a9222,"https://cdn.zeptonow.com/production/tr:w-1280,ar-1200-1200,pr-true,f-auto,q-80/cms/product_variant/94b80f79-cb34-4d17-b6fb-ab77e1c65d8c.jpeg"
"Atta, Rice, Oil & Dals",Rice & More,"https://cdn.zeptonow.com/production/tr:w-90,ar-120-120,pr-true,f-auto,q-80/cms/sub_category/a6cabac9-9437-4e76-ae2d-a06dad590d48.png",Daily Good Idli Rice,Daily Good,383,500,1 pack (5 kg),4.9 (247),In Stock,https://www.zeptonow.com/pn/daily-good-idli-rice/pvid/f3e4f39a-7776-451f-b42c-6b9fe4c784ca,"https://cdn.zeptonow.com/production/tr:w-1280,ar-1200-1200,pr-true,f-auto,q-80/cms/product_variant/2507efb3-f851-4c26-a67a-2359c0803103.jpeg"
"Atta, Rice, Oil & Dals",Rice & More,"https://cdn.zeptonow.com/production/tr:w-90,ar-120-120,pr-true,f-auto,q-80/cms/sub_category/a6cabac9-9437-4e76-ae2d-a06dad590d48.png",Indrizo Premium Ponni Boiled Rice,Indrizo,446,620,1 pack (5 kg),5 (178),In Stock,https://www.zeptonow.com/pn/indrizo-premium-ponni-boiled-rice/pvid/5aa2d8aa-a57a-40a0-bc2a-fb2db8d0299a,"https://cdn.zeptonow.com/production/tr:w-1280,ar-2400-2400,pr-true,f-auto,q-80/cms/product_variant/0ab52358-28e2-4244-a693-853b61787975.jpeg"
"Atta, Rice, Oil & Dals",Rice & More,"https://cdn.zeptonow.com/production/tr:w-90,ar-120-120,pr-true,f-auto,q-80/cms/sub_category/a6cabac9-9437-4e76-ae2d-a06dad590d48.png",24 Mantra Organic Sonamasuri Raw Rice Polished,24 Mantra,109,115,1 pack (1 kg),4.6 (131),In Stock,https://www.zeptonow.com/pn/24-mantra-organic-sonamasuri-raw-rice-polished/pvid/564098ae-9560-4743-8b46-fff95587225d,"https://cdn.zeptonow.com/production/tr:w-1280,ar-1200-1200,pr-true,f-auto,q-80/cms/product_variant/542721fc-41b7-4571-9490-7c112fa49104.jpeg"
"Atta, Rice, Oil & Dals",Rice & More,"https://cdn.zeptonow.com/production/tr:w-90,ar-120-120,pr-true,f-auto,q-80/cms/sub_category/a6cabac9-9437-4e76-ae2d-a06dad590d48.png",Daily Good Ponni Steam Rice,Daily Good,73,110,1 pack (1 kg),4.4 (1.2k),In Stock,https://www.zeptonow.com/pn/daily-good-ponni-steam-rice/pvid/6d970def-75ae-4e8a-b944-33e4cedaf242,"https://cdn.zeptonow.com/production/tr:w-1280,ar-2400-2400,pr-true,f-auto,q-80/cms/product_variant/091124e2-ada7-4a0f-b555-d0ccf4497912.jpeg"
"Atta, Rice, Oil & Dals",Rice & More,"https://cdn.zeptonow.com/production/tr:w-90,ar-120-120,pr-true,f-auto,q-80/cms/sub_category/a6cabac9-9437-4e76-ae2d-a06dad590d48.png",Popular Essentials Super Sona Masuri Raw Rice,Popular Essentials,480,520,1 pack (5 kg),4 (298),In Stock,https://www.zeptonow.com/pn/popular-essentials-super-sona-masuri-raw-rice/pvid/8b5c26e1-d7d5-4f41-8566-4e118597136c,"https://cdn.zeptonow.com/production/tr:w-1280,ar-1200-1200,pr-true,f-auto,q-80/cms/product_variant/2e1100df-0884-4231-815a-02fede7e6304.jpeg"
"Atta, Rice, Oil & Dals",Rice & More,"https://cdn.zeptonow.com/production/tr:w-90,ar-120-120,pr-true,f-auto,q-80/cms/sub_category/a6cabac9-9437-4e76-ae2d-a06dad590d48.png",Fortune Everyday Basmati Rice,Fortune,149,169,1 pack (1 kg),4.8 (2.1k),In Stock,https://www.zeptonow.com/pn/fortune-everyday-basmati-rice/pvid/0569df59-d074-4215-ac31-f3c1fc6ff09d,"https://cdn.zeptonow.com/production/tr:w-1280,ar-2400-2400,pr-true,f-auto,q-80/cms/product_variant/0fec8ec2-bb2e-4ef1-9611-28fbbde72c72.jpg"
"Atta, Rice, Oil & Dals",Rice & More,"https://cdn.zeptonow.com/production/tr:w-90,ar-120-120,pr-true,f-auto,q-80/cms/sub_category/a6cabac9-9437-4e76-ae2d-a06dad590d48.png",Popular Essentials Idli Rice,Popular Essentials,383,395,1 pack (5 kg),4.4 (260),In Stock,https://www.zeptonow.com/pn/popular-essentials-idli-rice/pvid/d7be79bf-c120-442c-b271-d7dab06aac52,"https://cdn.zeptonow.com/production/tr:w-1280,ar-1200-1200,pr-true,f-auto,q-80/cms/product_variant/5e4411b2-52c4-455e-aff3-1bc3cfe7a29a.jpeg"
"Atta, Rice, Oil & Dals",Rice & More,"https://cdn.zeptonow.com/production/tr:w-90,ar-120-120,pr-true,f-auto,q-80/cms/sub_category/a6cabac9-9437-4e76-ae2d-a06dad590d48.png",Popular Essentials Tamil Ponni Boiled Rice,Popular Essentials,500,510,1 pack (5 kg),4.8 (374),In Stock,https://www.zeptonow.com/pn/popular-essentials-tamil-ponni-boiled-rice/pvid/90946c9e-912e-480b-8da9-1e0f439f11b8,"https://cdn.zeptonow.com/production/tr:w-1280,ar-2400-2400,pr-true,f-auto,q-80/cms/product_variant/b0a8168e-af14-4a1a-b397-db913d07c4f5.jpeg"
"Atta, Rice, Oil & Dals",Rice & More,"https://cdn.zeptonow.com/production/tr:w-90,ar-120-120,pr-true,f-auto,q-80/cms/sub_category/a6cabac9-9437-4e76-ae2d-a06dad590d48.png",Popular Essentials Classic Sona Masuri Rice,Popular Essentials,418,530,1 pack (5 kg),4 (322),In Stock,https://www.zeptonow.com/pn/popular-essentials-classic-sona-masuri-rice/pvid/d257dc9b-04f2-419b-bf60-ce321355a01c,"https://cdn.zeptonow.com/production/tr:w-1280,ar-2400-2400,pr-true,f-auto,q-80/cms/product_variant/28b435b5-f999-4b66-86c1-225443acbf2f.jpeg"
"Atta, Rice, Oil & Dals",Rice & More,"https://cdn.zeptonow.com/production/tr:w-90,ar-120-120,pr-true,f-auto,q-80/cms/sub_category/a6cabac9-9437-4e76-ae2d-a06dad590d48.png",Udhaiyam Idly Rice,Udhaiyam,66,73,1 pack (1 kg),4.8 (2.7k),In Stock,https://www.zeptonow.com/pn/udhaiyam-idly-rice/pvid/e56eb7e4-6ea2-4893-bd09-579e99b54150,"https://cdn.zeptonow.com/production/tr:w-1280,ar-2400-2400,pr-true,f-auto,q-80/cms/product_variant/42bed451-9cf7-401d-a420-2e0b9ee68208.jpg"
"Atta, Rice, Oil & Dals",Rice & More,"https://cdn.zeptonow.com/production/tr:w-90,ar-120-120,pr-true,f-auto,q-80/cms/sub_category/a6cabac9-9437-4e76-ae2d-a06dad590d48.png",Daily Good Dosa Rice,Daily Good,367,500,1 pack (5 kg),4.7 (92),In Stock,https://www.zeptonow.com/pn/daily-good-dosa-rice/pvid/6e80d7eb-4916-45f7-bf86-06039a80feae,"https://cdn.zeptonow.com/production/tr:w-1280,ar-1200-1200,pr-true,f-auto,q-80/cms/product_variant/38a84be1-0587-4392-965e-605c378c88d9.jpeg"
"Atta, Rice, Oil & Dals",Rice & More,"https://cdn.zeptonow.com/production/tr:w-90,ar-120-120,pr-true,f-auto,q-80/cms/sub_category/a6cabac9-9437-4e76-ae2d-a06dad590d48.png",Safe Harvest Pesticide Free Sonamasuri Unpolished Brown Rice| Arsenic Free,Safe,548,590,1 pack (5 kg),4.8 (239),In Stock,https://www.zeptonow.com/pn/safe-harvest-pesticide-free-sonamasuri-unpolished-brown-rice-arsenic-free/pvid/fdce0085-3e09-4fb4-992a-483e5ac032bf,"https://cdn.zeptonow.com/production/tr:w-1280,ar-1200-1200,pr-true,f-auto,q-80/cms/product_variant/19d0f668-8a72-4177-9a3a-46b50ea066e7.jpeg"
"Atta, Rice, Oil & Dals",Rice & More,"https://cdn.zeptonow.com/production/tr:w-90,ar-120-120,pr-true,f-auto,q-80/cms/sub_category/a6cabac9-9437-4e76-ae2d-a06dad590d48.png",Parry's Nei Kitchadi Rice,Parry's,370,480,1 pack (5 kg),4.5 (88),In Stock,https://www.zeptonow.com/pn/parrys-nei-kitchadi-rice/pvid/6f6baca6-c251-4bdc-8b54-b9fdea5b89e3,"https://cdn.zeptonow.com/production/tr:w-1280,ar-1200-1200,pr-true,f-auto,q-80/cms/product_variant/d1e1dbe7-96e5-4c49-8fd8-e1fc78a68439.jpeg"
"Atta, Rice, Oil & Dals",Rice & More,"https://cdn.zeptonow.com/production/tr:w-90,ar-120-120,pr-true,f-auto,q-80/cms/sub_category/a6cabac9-9437-4e76-ae2d-a06dad590d48.png",Parry's Nei Kitchadi Rice,Parry's,690,960,1 pack (10 kg),4.3 (53),In Stock,https://www.zeptonow.com/pn/parrys-nei-kitchadi-rice/pvid/36df8fc0-1748-482c-92d0-ff5df4febd32,"https://cdn.zeptonow.com/production/tr:w-1280,ar-2400-2400,pr-true,f-auto,q-80/cms/product_variant/8675ba2a-cf0b-440a-a5ed-3f31d6836897.jpeg"
"Atta, Rice, Oil & Dals",Rice & More,"https://cdn.zeptonow.com/production/tr:w-90,ar-120-120,pr-true,f-auto,q-80/cms/sub_category/a6cabac9-9437-4e76-ae2d-a06dad590d48.png",Popular Essentials Tamil Ponni Boiled Rice,Popular Essentials,100,105,1 pack (1 kg),4.8 (399),In Stock,https://www.zeptonow.com/pn/popular-essentials-tamil-ponni-boiled-rice/pvid/f74abc8e-fb68-4aec-8d36-eab295211c96,"https://cdn.zeptonow.com/production/tr:w-1280,ar-4167-4167,pr-true,f-auto,q-80/cms/product_variant/760b14fc-2d75-4bf9-b986-f939900b3786.jpeg"
"Atta, Rice, Oil & Dals",Rice & More,"https://cdn.zeptonow.com/production/tr:w-90,ar-120-120,pr-true,f-auto,q-80/cms/sub_category/a6cabac9-9437-4e76-ae2d-a06dad590d48.png",24 Mantra Organic Sona Masoori Rice,24 Mantra,475,575,1 pack (5 kg),4.2 (292),In Stock,https://www.zeptonow.com/pn/24-mantra-organic-sona-masoori-rice/pvid/bf103eb4-f2a8-4a8b-a258-a6ef62a622ad,"https://cdn.zeptonow.com/production/tr:w-1280,ar-1200-1200,pr-true,f-auto,q-80/cms/product_variant/9f873f56-1966-454a-9df9-28537c59324c.jpeg"
"Atta, Rice, Oil & Dals",Rice & More,"https://cdn.zeptonow.com/production/tr:w-90,ar-120-120,pr-true,f-auto,q-80/cms/sub_category/a6cabac9-9437-4e76-ae2d-a06dad590d48.png",Daily Good Ponni Boiled Rice,Daily Good,76,110,1 pack (1 kg),3.9 (160),In Stock,https://www.zeptonow.com/pn/daily-good-ponni-boiled-rice/pvid/33e1997e-2d7a-4912-9765-c908b51bc46a,"https://cdn.zeptonow.com/production/tr:w-1280,ar-2400-2400,pr-true,f-auto,q-80/cms/product_variant/f4a6f99d-c784-4caa-8332-1f87c5409517.jpeg"
"Atta, Rice, Oil & Dals",Rice & More,"https://cdn.zeptonow.com/production/tr:w-90,ar-120-120,pr-true,f-auto,q-80/cms/sub_category/a6cabac9-9437-4e76-ae2d-a06dad590d48.png",24 Mantra Organic Active Mantras Low Gi Rice,24 Mantra,140,150,1 pack (1 kg),4.7 (135),In Stock,https://www.zeptonow.com/pn/24-mantra-organic-active-mantras-low-gi-rice/pvid/eeccd781-2f48-4028-af3a-f95a7c230819,"https://cdn.zeptonow.com/production/tr:w-1280,ar-1200-1200,pr-true,f-auto,q-80/cms/product_variant/e0721d19-2204-451a-b244-7809dc794383.jpeg"
"Atta, Rice, Oil & Dals",Rice & More,"https://cdn.zeptonow.com/production/tr:w-90,ar-120-120,pr-true,f-auto,q-80/cms/sub_category/a6cabac9-9437-4e76-ae2d-a06dad590d48.png",Daily Good Mogra Basmati Rice | Broken Grain,Daily Good,710,1200,1 pack (10 kg),4.4 (512),In Stock,https://www.zeptonow.com/pn/daily-good-mogra-basmati-rice-broken-grain/pvid/17d18de5-e7c2-4082-9398-05c00c5ba05d,"https://cdn.zeptonow.com/production/tr:w-1280,ar-1600-1600,pr-true,f-auto,q-80/cms/product_variant/5d349d77-3b0b-4309-a627-b499b7bbe08e.jpeg"
"Atta, Rice, Oil & Dals",Rice & More,"https://cdn.zeptonow.com/production/tr:w-90,ar-120-120,pr-true,f-auto,q-80/cms/sub_category/a6cabac9-9437-4e76-ae2d-a06dad590d48.png",Daily Good Rozana Premium Basmati Rice | Medium Grain,Daily Good,100,150,1 pack (1 kg),4.3 (1.3k),In Stock,https://www.zeptonow.com/pn/daily-good-rozana-premium-basmati-rice-medium-grain/pvid/81daeca5-c5f0-4fd4-8218-7f26a3896673,"https://cdn.zeptonow.com/production/tr:w-1280,ar-2400-2400,pr-true,f-auto,q-80/cms/product_variant/c9e740fe-ab51-4631-a55d-fa0718876231.jpg"
"Atta, Rice, Oil & Dals",Rice & More,"https://cdn.zeptonow.com/production/tr:w-90,ar-120-120,pr-true,f-auto,q-80/cms/sub_category/a6cabac9-9437-4e76-ae2d-a06dad590d48.png",Popular Essentials Rozana Sona Masuri Raw Rice,Popular Essentials,378,510,1 pack (5 kg),5 (165),In Stock,https://www.zeptonow.com/pn/popular-essentials-rozana-sona-masuri-raw-rice/pvid/88db958b-97c2-4215-a63c-1ddaa87d2b4f,"https://cdn.zeptonow.com/production/tr:w-1280,ar-1200-1200,pr-true,f-auto,q-80/cms/product_variant/461864ab-3d37-42d7-be53-72c068c3f66f.jpeg"
"Atta, Rice, Oil & Dals",Rice & More,"https://cdn.zeptonow.com/production/tr:w-90,ar-120-120,pr-true,f-auto,q-80/cms/sub_category/a6cabac9-9437-4e76-ae2d-a06dad590d48.png",Daily Good Idli Rice,Daily Good,67,100,1 pack (1 kg),4.9 (2.9k),In Stock,https://www.zeptonow.com/pn/daily-good-idli-rice/pvid/281ccc3f-918e-4478-b43f-cb2fb766d1c1,"https://cdn.zeptonow.com/production/tr:w-1280,ar-1200-1200,pr-true,f-auto,q-80/cms/product_variant/4f56106f-af2a-4233-94a8-53b52ffdded5.jpeg"
"Atta, Rice, Oil & Dals",Rice & More,"https://cdn.zeptonow.com/production/tr:w-90,ar-120-120,pr-true,f-auto,q-80/cms/sub_category/a6cabac9-9437-4e76-ae2d-a06dad590d48.png",Kohinoor Brown Easy To Cook Basmati Rice,Kohinoor,168,239,1 pc (1 kg),4.3 (327),In Stock,https://www.zeptonow.com/pn/kohinoor-brown-easy-to-cook-basmati-rice/pvid/de928bb7-f702-4ca6-a291-46a36742415e,"https://cdn.zeptonow.com/production/tr:w-1280,ar-1200-1200,pr-true,f-auto,q-80/cms/product_variant/8c54f35a-3ae9-4c1f-b314-a11c8d92e5a6.jpeg"
"Atta, Rice, Oil & Dals",Rice & More,"https://cdn.zeptonow.com/production/tr:w-90,ar-120-120,pr-true,f-auto,q-80/cms/sub_category/a6cabac9-9437-4e76-ae2d-a06dad590d48.png",Organic Tattva Sonamasuri Rice Brown,Organic Tattva,105,130,1 pack (1 kg),4.7 (549),In Stock,https://www.zeptonow.com/pn/organic-tattva-sonamasuri-rice-brown/pvid/50c9b2f5-8e08-4e7a-99d4-4c59ca51a193,"https://cdn.zeptonow.com/production/tr:w-1280,ar-1500-1500,pr-true,f-auto,q-80/cms/product_variant/5e3c7895-1b9b-421b-aa2d-1d5e0b7c2436.jpeg"
"Atta, Rice, Oil & Dals",Rice & More,"https://cdn.zeptonow.com/production/tr:w-90,ar-120-120,pr-true,f-auto,q-80/cms/sub_category/a6cabac9-9437-4e76-ae2d-a06dad590d48.png",Organic Tattva Sonamasuri Rice White,Organic Tattva,104,130,1 pack (1 kg),4 (404),In Stock,https://www.zeptonow.com/pn/organic-tattva-sonamasuri-rice-white/pvid/10b8240c-4675-49ab-8602-8849b66c413f,"https://cdn.zeptonow.com/production/tr:w-1280,ar-1200-1200,pr-true,f-auto,q-80/cms/product_variant/33656579-5b2b-4ca1-b715-d67cdafeee2c.jpeg"
"Atta, Rice, Oil & Dals",Rice & More,"https://cdn.zeptonow.com/production/tr:w-90,ar-120-120,pr-true,f-auto,q-80/cms/sub_category/a6cabac9-9437-4e76-ae2d-a06dad590d48.png",Kohinoor Mini Mogra 2 Rice Broken,Kohinoor,476,800,1 pack (10 kg),4.5 (1.3k),In Stock,https://www.zeptonow.com/pn/kohinoor-mini-mogra-2-rice-broken/pvid/29792d4d-52f1-4042-85ad-1156d721ebcd,"https://cdn.zeptonow.com/production/tr:w-1280,ar-2400-2400,pr-true,f-auto,q-80/cms/product_variant/5fec742a-2c52-4128-a970-46cbd7927470.jpeg"
"Atta, Rice, Oil & Dals",Rice & More,"https://cdn.zeptonow.com/production/tr:w-90,ar-120-120,pr-true,f-auto,q-80/cms/sub_category/a6cabac9-9437-4e76-ae2d-a06dad590d48.png",Daily Good Surti Kolam Raw Rice,Daily Good,448,800,1 pack (5 kg),4.3 (461),In Stock,https://www.zeptonow.com/pn/daily-good-surti-kolam-raw-rice/pvid/3c59e5dc-2ee4-4e92-9a10-267145aa4cc1,"https://cdn.zeptonow.com/production/tr:w-1280,ar-2400-2400,pr-true,f-auto,q-80/cms/product_variant/a0fb1595-c5d4-4f1d-a836-ebea75d497cc.jpeg"
"Atta, Rice, Oil & Dals",Rice & More,"https://cdn.zeptonow.com/production/tr:w-90,ar-120-120,pr-true,f-auto,q-80/cms/sub_category/a6cabac9-9437-4e76-ae2d-a06dad590d48.png",Fortune Everyday Basmati Rice,Fortune,681,845,1 pack (5 kg),4.8 (487),In Stock,https://www.zeptonow.com/pn/fortune-everyday-basmati-rice/pvid/d6457ade-4d56-45c7-a4da-4bb6afbe27d2,"https://cdn.zeptonow.com/production/tr:w-1280,ar-2400-2400,pr-true,f-auto,q-80/cms/product_variant/de186624-5aca-4864-baf7-f582877bb9bf.jpg"
"Atta, Rice, Oil & Dals",Rice & More,"https://cdn.zeptonow.com/production/tr:w-90,ar-120-120,pr-true,f-auto,q-80/cms/sub_category/a6cabac9-9437-4e76-ae2d-a06dad590d48.png",Parry's Madurai Idli Rice,Parry's,70,80,1 pack (1 kg),4.6 (672),In Stock,https://www.zeptonow.com/pn/parrys-madurai-idli-rice/pvid/74be9752-afa3-47ef-858d-fa91b101f53d,"https://cdn.zeptonow.com/production/tr:w-1280,ar-800-800,pr-true,f-auto,q-80/cms/product_variant/d73a5b1e-fee8-4cb7-981f-60dbb1e5f5d6.jpeg"
"Atta, Rice, Oil & Dals",Rice & More,"https://cdn.zeptonow.com/production/tr:w-90,ar-120-120,pr-true,f-auto,q-80/cms/sub_category/a6cabac9-9437-4e76-ae2d-a06dad590d48.png",Daily Good Vadi Matta Boiled Rice,Daily Good,76,100,1 pack (1 kg),4 (72),In Stock,https://www.zeptonow.com/pn/daily-good-vadi-matta-boiled-rice/pvid/63c8f4e4-93bc-4503-b8c9-327200bd7cd8,"https://cdn.zeptonow.com/production/tr:w-1280,ar-1200-1200,pr-true,f-auto,q-80/cms/product_variant/ff2dfea8-0a38-451b-a52b-eb9a4587807c.jpg"
"Atta, Rice, Oil & Dals",Rice & More,"https://cdn.zeptonow.com/production/tr:w-90,ar-120-120,pr-true,f-auto,q-80/cms/sub_category/a6cabac9-9437-4e76-ae2d-a06dad590d48.png",Popular Essentials Select Sona Raw Masuri Rice,Popular Essentials,311,450,1 pack (5 kg),5 (133),In Stock,https://www.zeptonow.com/pn/popular-essentials-select-sona-raw-masuri-rice/pvid/6e1f518a-59cd-49bd-93e8-2d410bbf47d4,"https://cdn.zeptonow.com/production/tr:w-1280,ar-4167-4168,pr-true,f-auto,q-80/cms/product_variant/bcd295ac-8141-4e4a-bc70-c0d7e999eed1.jpg"
"Atta, Rice, Oil & Dals",Rice & More,"https://cdn.zeptonow.com/production/tr:w-90,ar-120-120,pr-true,f-auto,q-80/cms/sub_category/a6cabac9-9437-4e76-ae2d-a06dad590d48.png",Popular Essentials Rozana Sona Masuri Raw Rice,Popular Essentials,877,1020,1 pack (10 kg),5 (156),In Stock,https://www.zeptonow.com/pn/popular-essentials-rozana-sona-masuri-raw-rice/pvid/2e2288c9-c455-422e-b04e-e02fe3a61a52,"https://cdn.zeptonow.com/production/tr:w-1280,ar-1080-1080,pr-true,f-auto,q-80/cms/product_variant/9d618cf2-2fa0-40ce-a15f-071629acb0fb.jpeg"
"Atta, Rice, Oil & Dals",Rice & More,"https://cdn.zeptonow.com/production/tr:w-90,ar-120-120,pr-true,f-auto,q-80/cms/sub_category/a6cabac9-9437-4e76-ae2d-a06dad590d48.png",Daily Good Rajbhogam Boiled Rice,Daily Good,75,100,1 pack (1 kg),5 (555),In Stock,https://www.zeptonow.com/pn/daily-good-rajbhogam-boiled-rice/pvid/eaae60a3-62aa-4bdd-bb1a-fcd81b9a7379,"https://cdn.zeptonow.com/production/tr:w-1280,ar-1000-1000,pr-true,f-auto,q-80/cms/product_variant/0f46bd0c-1dc5-420e-87d9-55dc50176212.jpeg"
"Atta, Rice, Oil & Dals",Rice & More,"https://cdn.zeptonow.com/production/tr:w-90,ar-120-120,pr-true,f-auto,q-80/cms/sub_category/a6cabac9-9437-4e76-ae2d-a06dad590d48.png",Parry's Sona Masoori Steam Rice Economy,Parry's,741,960,1 pack (10 kg),4.6 (126),In Stock,https://www.zeptonow.com/pn/parrys-sona-masoori-steam-rice-economy/pvid/1f0f7f08-183e-479b-8680-8f9267ab3bba,"https://cdn.zeptonow.com/production/tr:w-1280,ar-2400-2400,pr-true,f-auto,q-80/cms/product_variant/f597ba98-bab9-4cac-b4c0-e608394cbe64.jpeg"
"Atta, Rice, Oil & Dals",Rice & More,"https://cdn.zeptonow.com/production/tr:w-90,ar-120-120,pr-true,f-auto,q-80/cms/sub_category/a6cabac9-9437-4e76-ae2d-a06dad590d48.png",Daily Good Banskati Rice,Daily Good,117,120,1 pack (1 kg),4.4 (987),In Stock,https://www.zeptonow.com/pn/daily-good-banskati-rice/pvid/50ace031-483a-4eb5-b009-612cc646b546,"https://cdn.zeptonow.com/production/tr:w-1280,ar-2400-2400,pr-true,f-auto,q-80/cms/product_variant/1257c895-9543-40de-ae91-65790ef1c4bb.jpeg"
"Atta, Rice, Oil & Dals",Rice & More,"https://cdn.zeptonow.com/production/tr:w-90,ar-120-120,pr-true,f-auto,q-80/cms/sub_category/a6cabac9-9437-4e76-ae2d-a06dad590d48.png",Zeeba Classic Aged Basmati Rice Extra Long Rice,Zeeba,186,249,1 pack (1 kg),5 (161),In Stock,https://www.zeptonow.com/pn/zeeba-classic-aged-basmati-rice-extra-long-rice/pvid/021f33ae-1463-41e7-a8f1-2f2ce8c13b9f,"https://cdn.zeptonow.com/production/tr:w-1280,ar-679-679,pr-true,f-auto,q-80/cms/product_variant/af710eaf-9cd2-4bde-a59d-9bd41941b935.jpg"
"Atta, Rice, Oil & Dals",Rice & More,"https://cdn.zeptonow.com/production/tr:w-90,ar-120-120,pr-true,f-auto,q-80/cms/sub_category/a6cabac9-9437-4e76-ae2d-a06dad590d48.png",Daily Good Banskati Rice,Daily Good,501,530,1 pack (5 kg),4.7 (278),In Stock,https://www.zeptonow.com/pn/daily-good-banskati-rice/pvid/538341da-0c37-41bb-812e-576bec62e741,"https://cdn.zeptonow.com/production/tr:w-1280,ar-1200-1200,pr-true,f-auto,q-80/cms/product_variant/d5cab4ba-8363-47f6-838c-e3fc186561f2.jpeg"
"Atta, Rice, Oil & Dals",Rice & More,"https://cdn.zeptonow.com/production/tr:w-90,ar-120-120,pr-true,f-auto,q-80/cms/sub_category/a6cabac9-9437-4e76-ae2d-a06dad590d48.png",Daily Good Pulav Basmati Rice,Daily Good,651,1100,1 pack (5 kg),5 (177),In Stock,https://www.zeptonow.com/pn/daily-good-pulav-basmati-rice/pvid/f76d247f-8f65-49c6-9191-1f4fd36c7cfb,"https://cdn.zeptonow.com/production/tr:w-1280,ar-2400-2400,pr-true,f-auto,q-80/cms/product_variant/64c60433-3be4-47c5-8fb3-2b79fc6dbd14.jpeg"
"Atta, Rice, Oil & Dals",Rice & More,"https://cdn.zeptonow.com/production/tr:w-90,ar-120-120,pr-true,f-auto,q-80/cms/sub_category/a6cabac9-9437-4e76-ae2d-a06dad590d48.png",Smart One Idli Rice,Smart One,364,500,1 pack (5 kg),4.6 (89),In Stock,https://www.zeptonow.com/pn/smart-one-idli-rice/pvid/f154940c-dcf0-4982-9b49-c9e35733b035,"https://cdn.zeptonow.com/production/tr:w-1280,ar-1200-1201,pr-true,f-auto,q-80/cms/product_variant/2195e752-7c0c-4641-a3a8-5157a1b11216.jpeg"
"Atta, Rice, Oil & Dals",Rice & More,"https://cdn.zeptonow.com/production/tr:w-90,ar-120-120,pr-true,f-auto,q-80/cms/sub_category/a6cabac9-9437-4e76-ae2d-a06dad590d48.png",Daily Good Miniket Rice,Daily Good,97,100,1 pack (1 kg),4.1 (1.6k),In Stock,https://www.zeptonow.com/pn/daily-good-miniket-rice/pvid/4a303fcb-8988-4c53-af9e-7b948ff6d3f6,"https://cdn.zeptonow.com/production/tr:w-1280,ar-2400-2400,pr-true,f-auto,q-80/cms/product_variant/746e8e98-8f78-453d-8321-d9107d674db2.jpeg"
"Atta, Rice, Oil & Dals",Rice & More,"https://cdn.zeptonow.com/production/tr:w-90,ar-120-120,pr-true,f-auto,q-80/cms/sub_category/a6cabac9-9437-4e76-ae2d-a06dad590d48.png",Organic Tattva Organic Biryani Basmati Rice,Organic Tattva,821,1089,1 pack (5 kg),5 (62),In Stock,https://www.zeptonow.com/pn/organic-tattva-organic-biryani-basmati-rice/pvid/cccae6ff-490d-44cf-a12b-1c7b48d90e7a,"https://cdn.zeptonow.com/production/tr:w-1280,ar-1500-1500,pr-true,f-auto,q-80/cms/product_variant/16405267-bc54-49d4-9e6a-16034b5b4242.jpeg"
"Atta, Rice, Oil & Dals",Rice & More,"https://cdn.zeptonow.com/production/tr:w-90,ar-120-120,pr-true,f-auto,q-80/cms/sub_category/a6cabac9-9437-4e76-ae2d-a06dad590d48.png",Zeeba Premium Basmati Rice,Zeeba,182,199,1 pack (1 kg),5 (170),In Stock,https://www.zeptonow.com/pn/zeeba-premium-basmati-rice/pvid/fe3d8714-873f-44cb-a2b1-369e1a551f7b,"https://cdn.zeptonow.com/production/tr:w-1280,ar-1100-1100,pr-true,f-auto,q-80/cms/product_variant/b5e0a2d5-2317-4f02-a850-2ecb1c9d4192.jpg"
"Atta, Rice, Oil & Dals",Rice & More,"https://cdn.zeptonow.com/production/tr:w-90,ar-120-120,pr-true,f-auto,q-80/cms/sub_category/a6cabac9-9437-4e76-ae2d-a06dad590d48.png",Daawat Devaaya Basmati Rice | Aromatic | Long And Fluffy | Medium Grain,Daawat,503,845,1 pack (5 kg),4.7 (777),In Stock,https://www.zeptonow.com/pn/daawat-devaaya-basmati-rice-aromatic-long-and-fluffy-medium-grain/pvid/dc08d538-2786-4aca-9302-8608221fd376,"https://cdn.zeptonow.com/production/tr:w-1280,ar-1000-1000,pr-true,f-auto,q-80/cms/product_variant/cc1a167b-222b-418a-91be-398bc342f43e.jpeg"
"Atta, Rice, Oil & Dals",Rice & More,"https://cdn.zeptonow.com/production/tr:w-90,ar-120-120,pr-true,f-auto,q-80/cms/sub_category/a6cabac9-9437-4e76-ae2d-a06dad590d48.png",Zeeba Tibar Basmati Rice,Zeeba,664,900,1 pack (5 kg),4.9 (91),In Stock,https://www.zeptonow.com/pn/zeeba-tibar-basmati-rice/pvid/dd8359bd-8352-41fe-a84b-365839784040,"https://cdn.zeptonow.com/production/tr:w-1280,ar-2400-2400,pr-true,f-auto,q-80/cms/product_variant/62ba21ff-0dab-4186-b786-1c14fdcabf85.jpeg"
"Atta, Rice, Oil & Dals",Rice & More,"https://cdn.zeptonow.com/production/tr:w-90,ar-120-120,pr-true,f-auto,q-80/cms/sub_category/a6cabac9-9437-4e76-ae2d-a06dad590d48.png",Daily Good Mogra Basmati Rice | Broken Grain,Daily Good,288,800,1 pack (5 kg),4.7 (953),In Stock,https://www.zeptonow.com/pn/daily-good-mogra-basmati-rice-broken-grain/pvid/f68a86da-93ed-4db0-b737-6db295cdc396,"https://cdn.zeptonow.com/production/tr:w-1280,ar-4500-4500,pr-true,f-auto,q-80/cms/product_variant/80431fe4-b730-423c-83f8-a5c39af55fcb.jpeg"
"Atta, Rice, Oil & Dals",Rice & More,"https://cdn.zeptonow.com/production/tr:w-90,ar-120-120,pr-true,f-auto,q-80/cms/sub_category/a6cabac9-9437-4e76-ae2d-a06dad590d48.png",Kohinoor Mogra Basmati Rice | Broken,Kohinoor,671,1000,1 pack (10 kg),4.2 (116),In Stock,https://www.zeptonow.com/pn/kohinoor-mogra-basmati-rice-broken/pvid/2dc28e6e-9a4b-448b-b616-9c1e3acfb524,"https://cdn.zeptonow.com/production/tr:w-1280,ar-2400-2400,pr-true,f-auto,q-80/cms/product_variant/67a3a432-1efa-4487-b5b7-6122205194fd.jpeg"
"Atta, Rice, Oil & Dals",Rice & More,"https://cdn.zeptonow.com/production/tr:w-90,ar-120-120,pr-true,f-auto,q-80/cms/sub_category/a6cabac9-9437-4e76-ae2d-a06dad590d48.png",Crown Rozana Super Dubar Broken Basmati Rice,Crown,467,675,1 pack (5 kg),4.6 (135),In Stock,https://www.zeptonow.com/pn/crown-rozana-super-dubar-broken-basmati-rice/pvid/6bde93ba-d5f5-4413-a35b-b31ebb0368df,"https://cdn.zeptonow.com/production/tr:w-1280,ar-2400-2400,pr-true,f-auto,q-80/cms/product_variant/d1c3569e-4623-4465-9da0-6e2ee696dafc.jpeg"
"Atta, Rice, Oil & Dals",Rice & More,"https://cdn.zeptonow.com/production/tr:w-90,ar-120-120,pr-true,f-auto,q-80/cms/sub_category/a6cabac9-9437-4e76-ae2d-a06dad590d48.png",Crown Classic Extra Long Grain Basmati Rice (Naturally Aged Biryani & Pulav rice),Crown,851,1150,1 pack (5 kg),4.5 (196),In Stock,https://www.zeptonow.com/pn/crown-classic-extra-long-grain-basmati-rice-naturally-aged-biryani-pulav-rice/pvid/b02014aa-5525-4098-95da-3caa977c8a83,"https://cdn.zeptonow.com/production/tr:w-1280,ar-1200-1200,pr-true,f-auto,q-80/cms/product_variant/abbda268-473a-4842-a2ee-787c11add8fb.jpg"
"Atta, Rice, Oil & Dals",Rice & More,"https://cdn.zeptonow.com/production/tr:w-90,ar-120-120,pr-true,f-auto,q-80/cms/sub_category/a6cabac9-9437-4e76-ae2d-a06dad590d48.png",Crown Opal Super Basmati Rice (Slender/Slim XXL),Crown,700,1000,1 pack (5 kg),5 (78),In Stock,https://www.zeptonow.com/pn/crown-opal-super-basmati-rice-slenderslim-xxl/pvid/d8a6439c-0028-4736-9738-6dcc53187b1f,"https://cdn.zeptonow.com/production/tr:w-1280,ar-2400-2400,pr-true,f-auto,q-80/cms/product_variant/aa2fcfd6-25c0-40a1-8ee8-e59c24989f71.jpeg"
"Atta, Rice, Oil & Dals",Rice & More,"https://cdn.zeptonow.com/production/tr:w-90,ar-120-120,pr-true,f-auto,q-80/cms/sub_category/a6cabac9-9437-4e76-ae2d-a06dad590d48.png","Zeeba Premium Basmati Rice,",Zeeba,837,1000,1 pack (5 kg),4.8 (66),In Stock,https://www.zeptonow.com/pn/zeeba-premium-basmati-rice/pvid/d3c11e5e-bb1a-4559-aeeb-25632bafe802,"https://cdn.zeptonow.com/production/tr:w-1280,ar-2400-2400,pr-true,f-auto,q-80/cms/product_variant/73c4706a-3c41-4fa5-ab54-0465fd6cf428.jpg"
"Atta, Rice, Oil & Dals",Rice & More,"https://cdn.zeptonow.com/production/tr:w-90,ar-120-120,pr-true,f-auto,q-80/cms/sub_category/a6cabac9-9437-4e76-ae2d-a06dad590d48.png",Daily Good Jeera Samba/Govindobhog/Ambemohar Rice,Daily Good,620,1000,1 pack (5 kg),4.5 (235),In Stock,https://www.zeptonow.com/pn/daily-good-jeera-sambagovindobhogambemohar-rice/pvid/329c76a7-bf1f-4145-9b68-58372433204a,"https://cdn.zeptonow.com/production/tr:w-1280,ar-1200-1200,pr-true,f-auto,q-80/cms/product_variant/02318c12-e57d-426f-99ee-6d7acfc26727.jpeg"
"Atta, Rice, Oil & Dals",Rice & More,"https://cdn.zeptonow.com/production/tr:w-90,ar-120-120,pr-true,f-auto,q-80/cms/sub_category/a6cabac9-9437-4e76-ae2d-a06dad590d48.png",Zeeba Super Basmati Rice,Zeeba,1251,1800,1 pack (10 kg),5 (53),In Stock,https://www.zeptonow.com/pn/zeeba-super-basmati-rice/pvid/f023c468-349f-403c-8ed5-4b338b735158,"https://cdn.zeptonow.com/production/tr:w-1280,ar-1000-1500,pr-true,f-auto,q-80/cms/product_variant/c311a0ac-9569-426e-8d07-abf0cdc326f9.jpg"
"Atta, Rice, Oil & Dals",Rice & More,"https://cdn.zeptonow.com/production/tr:w-90,ar-120-120,pr-true,f-auto,q-80/cms/sub_category/a6cabac9-9437-4e76-ae2d-a06dad590d48.png",Popular Essentials Dosa Rice,Popular Essentials,80,85,1 pack (1 kg),5 (122),In Stock,https://www.zeptonow.com/pn/popular-essentials-dosa-rice/pvid/24611ff4-d01b-428a-baf0-bca683048041,"https://cdn.zeptonow.com/production/tr:w-1280,ar-2400-2400,pr-true,f-auto,q-80/cms/product_variant/6c8619c7-7f2f-4ba9-a73b-fa9f7befc153.jpeg"
"Atta, Rice, Oil & Dals",Rice & More,"https://cdn.zeptonow.com/production/tr:w-90,ar-120-120,pr-true,f-auto,q-80/cms/sub_category/a6cabac9-9437-4e76-ae2d-a06dad590d48.png",Smart One Idli Rice,Smart One,63,100,1 pc (1 kg),5 (249),Sold Out,https://www.zeptonow.com/pn/smart-one-idli-rice/pvid/f009807c-31db-429e-87f7-03fec1300598,"https://cdn.zeptonow.com/production/tr:w-1280,ar-750-750,pr-true,f-auto,q-80/cms/product_variant/c4f9788d-4863-4226-9b10-1782fea11393.jpeg"
"Atta, Rice, Oil & Dals",Rice & More,"https://cdn.zeptonow.com/production/tr:w-90,ar-120-120,pr-true,f-auto,q-80/cms/sub_category/a6cabac9-9437-4e76-ae2d-a06dad590d48.png",Daily Good Biryani Basmati Rice | Long Grain,Daily Good,58,80,1 pack (250 g),3.9 (649),Sold Out,https://www.zeptonow.com/pn/daily-good-biryani-basmati-rice-long-grain/pvid/5b110b34-e316-457b-862b-415bfa6b5df0,"https://cdn.zeptonow.com/production/tr:w-1280,ar-2400-2400,pr-true,f-auto,q-80/cms/product_variant/cb736091-7706-4fd9-8d6c-00edd445105d.jpeg"
"Atta, Rice, Oil & Dals",Rice & More,"https://cdn.zeptonow.com/production/tr:w-90,ar-120-120,pr-true,f-auto,q-80/cms/sub_category/a6cabac9-9437-4e76-ae2d-a06dad590d48.png",Kohinoor Mogra Basmati Rice Broken,Kohinoor,345,519,1 pack (5 kg),4.7 (450),Sold Out,https://www.zeptonow.com/pn/kohinoor-mogra-basmati-rice-broken/pvid/50219ad9-4627-42ba-ba40-83adc9a6e58b,"https://cdn.zeptonow.com/production/tr:w-1280,ar-2400-2400,pr-true,f-auto,q-80/cms/product_variant/7265d603-0647-4d61-8a79-3aac04576cdf.jpeg"
"Atta, Rice, Oil & Dals",Rice & More,"https://cdn.zeptonow.com/production/tr:w-90,ar-120-120,pr-true,f-auto,q-80/cms/sub_category/a6cabac9-9437-4e76-ae2d-a06dad590d48.png",Daily Good Dosa Rice,Daily Good,67,100,1 pack (1 kg),4.2 (1.9k),Sold Out,https://www.zeptonow.com/pn/daily-good-dosa-rice/pvid/66405fbd-3f90-411a-87f2-528f19aec713,"https://cdn.zeptonow.com/production/tr:w-1280,ar-1200-1200,pr-true,f-auto,q-80/cms/product_variant/32cb82ad-d221-4f24-968c-024b2d8ace4c.jpeg"
"Atta, Rice, Oil & Dals",Rice & More,"https://cdn.zeptonow.com/production/tr:w-90,ar-120-120,pr-true,f-auto,q-80/cms/sub_category/a6cabac9-9437-4e76-ae2d-a06dad590d48.png",Kohinoor Feast Rozana,Kohinoor,411,595,1 pack (5 kg),4.5 (550),Sold Out,https://www.zeptonow.com/pn/kohinoor-feast-rozana/pvid/6ab32197-0347-4c19-ab88-8bff08a8be59,"https://cdn.zeptonow.com/production/tr:w-1280,ar-1100-1100,pr-true,f-auto,q-80/cms/product_variant/aa578424-35b0-43be-bcd7-0ed69e0320f5.jpeg"
"Atta, Rice, Oil & Dals",Rice & More,"https://cdn.zeptonow.com/production/tr:w-90,ar-120-120,pr-true,f-auto,q-80/cms/sub_category/a6cabac9-9437-4e76-ae2d-a06dad590d48.png",Kohinoor Charminar Select Basmati Rice,Kohinoor,513,649,1 pack (5 kg),4.2 (556),Sold Out,https://www.zeptonow.com/pn/kohinoor-charminar-select-basmati-rice/pvid/8840cedc-b6b3-4119-a410-b3e1ee6159b7,"https://cdn.zeptonow.com/production/tr:w-1280,ar-2400-2400,pr-true,f-auto,q-80/cms/product_variant/e1bd2bc0-1b25-4b2f-b14c-90e7efb3c7ee.jpg"
"Atta, Rice, Oil & Dals",Rice & More,"https://cdn.zeptonow.com/production/tr:w-90,ar-120-120,pr-true,f-auto,q-80/cms/sub_category/a6cabac9-9437-4e76-ae2d-a06dad590d48.png",Daily Good Rozana Regular Basmati Rice | Medium Grain,Daily Good,417,650,1 pack (5 kg),3.9 (658),Sold Out,https://www.zeptonow.com/pn/daily-good-rozana-regular-basmati-rice-medium-grain/pvid/5faec4bd-dd2d-4771-aef2-cc292a21fe9f,"https://cdn.zeptonow.com/production/tr:w-1280,ar-2400-2400,pr-true,f-auto,q-80/cms/product_variant/9b7d118d-149c-42d5-932f-8d0b3e6613dc.jpg"
"Atta, Rice, Oil & Dals",Rice & More,"https://cdn.zeptonow.com/production/tr:w-90,ar-120-120,pr-true,f-auto,q-80/cms/sub_category/a6cabac9-9437-4e76-ae2d-a06dad590d48.png",Daily Good Rozana Premium Basmati Rice | Medium Grain,Daily Good,451,750,1 pack (5 kg),4.5 (271),Sold Out,https://www.zeptonow.com/pn/daily-good-rozana-premium-basmati-rice-medium-grain/pvid/c58c6377-ebad-40ae-a32b-fbcff76df867,"https://cdn.zeptonow.com/production/tr:w-1280,ar-2400-2400,pr-true,f-auto,q-80/cms/product_variant/5d3216df-7ffb-424a-92d9-0a0abfc33e01.jpg"
"Atta, Rice, Oil & Dals",Rice & More,"https://cdn.zeptonow.com/production/tr:w-90,ar-120-120,pr-true,f-auto,q-80/cms/sub_category/a6cabac9-9437-4e76-ae2d-a06dad590d48.png",Zeeba Everyday Basmati Rice,Zeeba,429,799,1 pack (5 kg),4.7 (660),Sold Out,https://www.zeptonow.com/pn/zeeba-everyday-basmati-rice/pvid/2a5da16b-3752-48ea-88a6-35221f870ae8,"https://cdn.zeptonow.com/production/tr:w-1280,ar-1200-1200,pr-true,f-auto,q-80/cms/product_variant/541faba5-8519-4750-a966-eaa4d7da03ad.jpeg"
"Atta, Rice, Oil & Dals",Rice & More,"https://cdn.zeptonow.com/production/tr:w-90,ar-120-120,pr-true,f-auto,q-80/cms/sub_category/a6cabac9-9437-4e76-ae2d-a06dad590d48.png",Organic Tattva Gobindo Bhog Rice,Organic Tattva,250,295,1 pack (1 kg),5 (78),Sold Out,https://www.zeptonow.com/pn/organic-tattva-gobindo-bhog-rice/pvid/3131cdf8-d986-497b-a182-c5e81f859290,"https://cdn.zeptonow.com/production/tr:w-1280,ar-1500-1500,pr-true,f-auto,q-80/cms/product_variant/0e1455b4-395b-43f6-b65d-e760af472390.jpeg"
"Atta, Rice, Oil & Dals",Rice & More,"https://cdn.zeptonow.com/production/tr:w-90,ar-120-120,pr-true,f-auto,q-80/cms/sub_category/a6cabac9-9437-4e76-ae2d-a06dad590d48.png",Smart One Ponni Boiled Rice,Smart One,629,805,1 pack (10 kg),4.6 (115),Sold Out,https://www.zeptonow.com/pn/smart-one-ponni-boiled-rice/pvid/581b7fcd-14f3-4e82-80cf-d79b5b37c22f,"https://cdn.zeptonow.com/production/tr:w-1280,ar-1500-1500,pr-true,f-auto,q-80/cms/product_variant/663b7f2f-ce6c-4ad7-a043-9e8027f39c75.jpeg"
"Atta, Rice, Oil & Dals",Rice & More,"https://cdn.zeptonow.com/production/tr:w-90,ar-120-120,pr-true,f-auto,q-80/cms/sub_category/a6cabac9-9437-4e76-ae2d-a06dad590d48.png",Crown Deluxe Basmati Rice (Medium Broken Rice),Crown,543,750,1 pack (5 kg),4.9 (149),Sold Out,https://www.zeptonow.com/pn/crown-deluxe-basmati-rice-medium-broken-rice/pvid/469cf537-42ec-4ac9-8610-c280010bad25,"https://cdn.zeptonow.com/production/tr:w-1280,ar-1200-1200,pr-true,f-auto,q-80/cms/product_variant/8bfaecd2-e39c-4a6a-aef7-157da7591445.jpeg"
"Atta, Rice, Oil & Dals",Rice & More,"https://cdn.zeptonow.com/production/tr:w-90,ar-120-120,pr-true,f-auto,q-80/cms/sub_category/a6cabac9-9437-4e76-ae2d-a06dad590d48.png",India Gate Jeera Rice | Short Grain,India Gate,200,233,1 pack (1 kg),4.8 (3.5k),Sold Out,https://www.zeptonow.com/pn/india-gate-jeera-rice-short-grain/pvid/aebefabf-6c81-409e-a4e8-2797d36b07d3,"https://cdn.zeptonow.com/production/tr:w-1280,ar-1200-1200,pr-true,f-auto,q-80/cms/product_variant/81319948-dea5-4306-8cb3-f7ce99275d09.jpg"
"Atta, Rice, Oil & Dals",Rice & More,"https://cdn.zeptonow.com/production/tr:w-90,ar-120-120,pr-true,f-auto,q-80/cms/sub_category/a6cabac9-9437-4e76-ae2d-a06dad590d48.png",India Gate Flavourful and Fine Super Basmati Rice | Perfectly Aged Rice,India Gate,237,280,1 pack (1.5 kg),4.8 (3.1k),Sold Out,https://www.zeptonow.com/pn/india-gate-flavourful-and-fine-super-basmati-rice-perfectly-aged-rice/pvid/25aad153-12ee-41c5-94ab-bc6243b30f7f,"https://cdn.zeptonow.com/production/tr:w-1280,ar-1200-1740,pr-true,f-auto,q-80/cms/product_variant/935d6c00-bb42-4121-bad5-039c9e842dc3.jpeg"
"Atta, Rice, Oil & Dals",Rice & More,"https://cdn.zeptonow.com/production/tr:w-90,ar-120-120,pr-true,f-auto,q-80/cms/sub_category/a6cabac9-9437-4e76-ae2d-a06dad590d48.png",India Gate Gold Standard Classic Basmati Rice | 2 Years Aged | Extra Long Grains,India Gate,236,252,1 pack (1 kg),4.8 (4.0k),Sold Out,https://www.zeptonow.com/pn/india-gate-gold-standard-classic-basmati-rice-2-years-aged-extra-long-grains/pvid/5364fda4-3450-4e33-9d76-091e28555fee,"https://cdn.zeptonow.com/production/tr:w-1280,ar-2000-2000,pr-true,f-auto,q-80/cms/product_variant/289fb580-de2e-4894-8b50-d76c9677fbbe.jpeg"
"Atta, Rice, Oil & Dals",Rice & More,"https://cdn.zeptonow.com/production/tr:w-90,ar-120-120,pr-true,f-auto,q-80/cms/sub_category/a6cabac9-9437-4e76-ae2d-a06dad590d48.png",India Gate Everyday Basmati Rice | Medium Grain,India Gate,70,97,1 pack (1 kg),4.3 (2.4k),Sold Out,https://www.zeptonow.com/pn/india-gate-everyday-basmati-rice-medium-grain/pvid/392eccaa-a314-4ef2-a681-f6be6b193681,"https://cdn.zeptonow.com/production/tr:w-1280,ar-1203-1752,pr-true,f-auto,q-80/cms/product_variant/ab3fe045-1620-4a27-bb19-c3d2a5e43adc.jpeg"
"Atta, Rice, Oil & Dals",Rice & More,"https://cdn.zeptonow.com/production/tr:w-90,ar-120-120,pr-true,f-auto,q-80/cms/sub_category/a6cabac9-9437-4e76-ae2d-a06dad590d48.png",India Gate Rozzana Lite,India Gate,83,106,1 pack (1 kg),4.4 (10.4k),Sold Out,https://www.zeptonow.com/pn/india-gate-rozzana-lite/pvid/c60bc536-4aa8-472c-b3dc-59b182e9f45c,"https://cdn.zeptonow.com/production/tr:w-1280,ar-2000-2000,pr-true,f-auto,q-80/cms/product_variant/7477986a-b09c-4dc3-ac9d-9752ab162712.jpeg"
"Atta, Rice, Oil & Dals",Rice & More,"https://cdn.zeptonow.com/production/tr:w-90,ar-120-120,pr-true,f-auto,q-80/cms/sub_category/a6cabac9-9437-4e76-ae2d-a06dad590d48.png",Daawat Traditional Basmati Rice | Long Grain,Daawat,1050,1050,1 pack (5 kg),4.8 (456),Sold Out,https://www.zeptonow.com/pn/daawat-traditional-basmati-rice-long-grain/pvid/da5a005b-2537-465a-b220-e35fc422279a,"https://cdn.zeptonow.com/production/tr:w-1280,ar-1200-1200,pr-true,f-auto,q-80/cms/product_variant/1d363e1e-13c8-4b7b-97b4-1604d350ad7d.jpeg"
"Atta, Rice, Oil & Dals",Rice & More,"https://cdn.zeptonow.com/production/tr:w-90,ar-120-120,pr-true,f-auto,q-80/cms/sub_category/a6cabac9-9437-4e76-ae2d-a06dad590d48.png",India Gate Flavourful and Fine Dubar Basmati Rice | Long and Slender Grains | Naturally Aged,India Gate,139,151,1 pack (1 kg),4.7 (11.8k),Sold Out,https://www.zeptonow.com/pn/india-gate-flavourful-and-fine-dubar-basmati-rice-long-and-slender-grains-naturally-aged/pvid/ca22643f-69a5-4e44-88ca-0a13ec97f149,"https://cdn.zeptonow.com/production/tr:w-1280,ar-1203-1752,pr-true,f-auto,q-80/cms/product_variant/83571d7c-840e-4cec-9f54-fa05b9883bbf.jpeg"
"Atta, Rice, Oil & Dals",Rice & More,"https://cdn.zeptonow.com/production/tr:w-90,ar-120-120,pr-true,f-auto,q-80/cms/sub_category/a6cabac9-9437-4e76-ae2d-a06dad590d48.png",India Gate Flavourful & Fine Tibar Pure Basmati Rice,India Gate,151,157,1 pack (1 kg),4.6 (1.6k),Sold Out,https://www.zeptonow.com/pn/india-gate-flavourful-fine-tibar-pure-basmati-rice/pvid/6129058e-398f-498a-81c5-3f25b16da467,"https://cdn.zeptonow.com/production/tr:w-1280,ar-1206-1749,pr-true,f-auto,q-80/cms/product_variant/8e55993f-765d-4022-b0ef-f3453b7b1357.jpeg"
"Atta, Rice, Oil & Dals",Rice & More,"https://cdn.zeptonow.com/production/tr:w-90,ar-120-120,pr-true,f-auto,q-80/cms/sub_category/a6cabac9-9437-4e76-ae2d-a06dad590d48.png",India Gate All Rounder Feast Rozzana Basmati Rice | Aged Rice | Fluffy and Non-Sticky,India Gate,99,118,1 pack (1 kg),4.5 (22.7k),Sold Out,https://www.zeptonow.com/pn/india-gate-all-rounder-feast-rozzana-basmati-rice-aged-rice-fluffy-and-non-sticky/pvid/7a91e366-3ec1-410b-8d41-83d011eb3a86,"https://cdn.zeptonow.com/production/tr:w-1280,ar-1200-1746,pr-true,f-auto,q-80/cms/product_variant/ed202141-2412-4fce-a2b1-a45748c08128.jpeg"
"Atta, Rice, Oil & Dals",Rice & More,"https://cdn.zeptonow.com/production/tr:w-90,ar-120-120,pr-true,f-auto,q-80/cms/sub_category/a6cabac9-9437-4e76-ae2d-a06dad590d48.png",India Gate Flavourful and Fine Dubar Basmati Rice | Long and Slender Grains | Naturally Aged,India Gate,653,725,1 pack (5 kg),4.7 (7.3k),Sold Out,https://www.zeptonow.com/pn/india-gate-flavourful-and-fine-dubar-basmati-rice-long-and-slender-grains-naturally-aged/pvid/1f01a4c6-58a3-41e7-b281-04db458cfa56,"https://cdn.zeptonow.com/production/tr:w-1280,ar-1200-1822,pr-true,f-auto,q-80/cms/product_variant/835a0b58-4e9b-402d-a2d2-8e836691ea59.jpeg"
"Atta, Rice, Oil & Dals",Rice & More,"https://cdn.zeptonow.com/production/tr:w-90,ar-120-120,pr-true,f-auto,q-80/cms/sub_category/a6cabac9-9437-4e76-ae2d-a06dad590d48.png",Daawat Rozana Super Basmati Rice | Medium Grain,Daawat,415,495,1 pack (5 kg),4.5 (17.5k),Sold Out,https://www.zeptonow.com/pn/daawat-rozana-super-basmati-rice-medium-grain/pvid/7851f4a9-cab6-4b75-bae2-bcbc43bf0bdb,"https://cdn.zeptonow.com/production/tr:w-1280,ar-1200-1200,pr-true,f-auto,q-80/cms/product_variant/7a1215ce-c515-45f8-a115-606b9a98db58.jpeg"
"Atta, Rice, Oil & Dals",Rice & More,"https://cdn.zeptonow.com/production/tr:w-90,ar-120-120,pr-true,f-auto,q-80/cms/sub_category/a6cabac9-9437-4e76-ae2d-a06dad590d48.png",Daawat Premium Sona Masuri Rice | Medium Grain,Daawat,386,470,1 pack (5 kg),4.4 (2.7k),Sold Out,https://www.zeptonow.com/pn/daawat-premium-sona-masuri-rice-medium-grain/pvid/82e8f251-f6a6-4329-afdf-5a4cfdf636ed,"https://cdn.zeptonow.com/production/tr:w-1280,ar-1280-1280,pr-true,f-auto,q-80/cms/product_variant/4f1ab165-1642-4320-8106-dde15978dd6a.png"
"Atta, Rice, Oil & Dals",Rice & More,"https://cdn.zeptonow.com/production/tr:w-90,ar-120-120,pr-true,f-auto,q-80/cms/sub_category/a6cabac9-9437-4e76-ae2d-a06dad590d48.png",India Gate Flavourful and Fine Super Basmati Rice | Perfectly Aged Rice,India Gate,806,1055,1 pack (5 kg),4.6 (1.5k),Sold Out,https://www.zeptonow.com/pn/india-gate-flavourful-and-fine-super-basmati-rice-perfectly-aged-rice/pvid/1de4add4-6913-4493-8c8a-623a9f93611c,"https://cdn.zeptonow.com/production/tr:w-1280,ar-1293-1953,pr-true,f-auto,q-80/cms/product_variant/4f27de9f-198d-40de-9980-098594dfc506.jpeg"
"Atta, Rice, Oil & Dals",Rice & More,"https://cdn.zeptonow.com/production/tr:w-90,ar-120-120,pr-true,f-auto,q-80/cms/sub_category/a6cabac9-9437-4e76-ae2d-a06dad590d48.png",India Gate Rozzana Lite,India Gate,408,525,1 pack (5 kg),4.4 (796),Sold Out,https://www.zeptonow.com/pn/india-gate-rozzana-lite/pvid/8db0c225-5d2b-4171-828f-cd49981beb77,"https://cdn.zeptonow.com/production/tr:w-1280,ar-1200-1661,pr-true,f-auto,q-80/cms/product_variant/4558b656-1955-4089-818f-7cfb40a62b27.jpeg"
"Atta, Rice, Oil & Dals",Rice & More,"https://cdn.zeptonow.com/production/tr:w-90,ar-120-120,pr-true,f-auto,q-80/cms/sub_category/a6cabac9-9437-4e76-ae2d-a06dad590d48.png",India Gate All Rounder Everyday Basmati Rice | Aged Rice | Fluffy and Non-Sticky,India Gate,360,480,1 pack (5 kg),4.4 (7.3k),Sold Out,https://www.zeptonow.com/pn/india-gate-all-rounder-everyday-basmati-rice-aged-rice-fluffy-and-non-sticky/pvid/62b069eb-400c-4420-a173-e8f48a13a4b6,"https://cdn.zeptonow.com/production/tr:w-1280,ar-1200-1803,pr-true,f-auto,q-80/cms/product_variant/d6a29e05-85db-45e6-9229-08f78815c9e5.jpeg"
"Atta, Rice, Oil & Dals",Rice & More,"https://cdn.zeptonow.com/production/tr:w-90,ar-120-120,pr-true,f-auto,q-80/cms/sub_category/a6cabac9-9437-4e76-ae2d-a06dad590d48.png",Daawat Sona Masuri Rice | Medium Grain,Daawat,750,900,1 pack (10 kg),4.5 (1.0k),Sold Out,https://www.zeptonow.com/pn/daawat-sona-masuri-rice-medium-grain/pvid/caad985a-d57c-47dd-83c4-4dff71427795,"https://cdn.zeptonow.com/production/tr:w-1280,ar-2400-2400,pr-true,f-auto,q-80/cms/product_variant/a935af1e-9714-4e96-941a-e488f8d678f7.jpeg"
"Atta, Rice, Oil & Dals",Rice & More,"https://cdn.zeptonow.com/production/tr:w-90,ar-120-120,pr-true,f-auto,q-80/cms/sub_category/a6cabac9-9437-4e76-ae2d-a06dad590d48.png",Daawat Traditional Basmati Rice | Long Grain,Daawat,234,250,1 pack (1 kg),4.8 (612),Sold Out,https://www.zeptonow.com/pn/daawat-traditional-basmati-rice-long-grain/pvid/37bb1874-05f6-4af7-bf8d-8cfca88b2e30,"https://cdn.zeptonow.com/production/tr:w-1280,ar-1200-1200,pr-true,f-auto,q-80/cms/product_variant/33e05aed-cf9a-4613-ba3b-228fe82c9398.jpeg"
"Atta, Rice, Oil & Dals",Rice & More,"https://cdn.zeptonow.com/production/tr:w-90,ar-120-120,pr-true,f-auto,q-80/cms/sub_category/a6cabac9-9437-4e76-ae2d-a06dad590d48.png",Daawat Rozana Basmati Rice Mini Mogra 60 | Medium Grain,Daawat,337,380,1 pack (5 kg),4.8 (269),Sold Out,https://www.zeptonow.com/pn/daawat-rozana-basmati-rice-mini-mogra-60-medium-grain/pvid/7a519d28-5e52-4999-a81a-fd756f03fa36,"https://cdn.zeptonow.com/production/tr:w-1280,ar-1021-1021,pr-true,f-auto,q-80/cms/product_variant/13b09220-bb1f-4bf1-955d-daed83917761.jpeg"
"Atta, Rice, Oil & Dals",Rice & More,"https://cdn.zeptonow.com/production/tr:w-90,ar-120-120,pr-true,f-auto,q-80/cms/sub_category/a6cabac9-9437-4e76-ae2d-a06dad590d48.png",India Gate 1 Cup Serves 5 Mogra Basmati Rice | Aged Rice | Smart Choice,India Gate,366,460,1 pack (5 kg),4.5 (3.4k),Sold Out,https://www.zeptonow.com/pn/india-gate-1-cup-serves-5-mogra-basmati-rice-aged-rice-smart-choice/pvid/818ba829-7ac3-4294-adbf-6619b55724d3,"https://cdn.zeptonow.com/production/tr:w-1280,ar-1200-1814,pr-true,f-auto,q-80/cms/product_variant/a4f8a954-eb52-437c-9070-fba5bb7369f0.jpeg"
"Atta, Rice, Oil & Dals",Rice & More,"https://cdn.zeptonow.com/production/tr:w-90,ar-120-120,pr-true,f-auto,q-80/cms/sub_category/a6cabac9-9437-4e76-ae2d-a06dad590d48.png","Sugar.fit Sugar Control Rice, Low GI Telangana Sona Masoori Rice for Diabetic Care",Sugar.fit,1108,1250,1 pack (5 kg),5 (106),Sold Out,https://www.zeptonow.com/pn/sugarfit-sugar-control-rice-low-gi-telangana-sona-masoori-rice-for-diabetic-care/pvid/2bd28e3d-0c1b-43c0-969e-54b1b06f214a,"https://cdn.zeptonow.com/production/tr:w-1280,ar-1200-1201,pr-true,f-auto,q-80/cms/product_variant/2e006c52-c941-4f47-ab84-9a0ac6f49894.jpeg"
"Atta, Rice, Oil & Dals",Rice & More,"https://cdn.zeptonow.com/production/tr:w-90,ar-120-120,pr-true,f-auto,q-80/cms/sub_category/a6cabac9-9437-4e76-ae2d-a06dad590d48.png",Daily Good Tamil Ponni Boiled Rice,Daily Good,1661,2600,1 pack (26 kg),4.5 (266),Sold Out,https://www.zeptonow.com/pn/daily-good-tamil-ponni-boiled-rice/pvid/baf293ed-f937-45a0-9bc1-ade09e7fb0b3,"https://cdn.zeptonow.com/production/tr:w-1280,ar-2400-2400,pr-true,f-auto,q-80/cms/product_variant/8d4168b2-be5a-48b6-ab83-2fcefe6d927f.jpeg"
"Atta, Rice, Oil & Dals",Rice & More,"https://cdn.zeptonow.com/production/tr:w-90,ar-120-120,pr-true,f-auto,q-80/cms/sub_category/a6cabac9-9437-4e76-ae2d-a06dad590d48.png",VKR SIVAJI Premium Boiled Ponni Rice,VKR,1805,1950,1 pack (25 kg),4.4 (591),Sold Out,https://www.zeptonow.com/pn/vkr-sivaji-premium-boiled-ponni-rice/pvid/f64534fa-5212-4465-a233-fde8d6a4cc5e,"https://cdn.zeptonow.com/production/tr:w-1280,ar-571-675,pr-true,f-auto,q-80/cms/product_variant/a8548114-9785-405d-9a27-ed7f8f82115d.jpg"
"Atta, Rice, Oil & Dals",Rice & More,"https://cdn.zeptonow.com/production/tr:w-90,ar-120-120,pr-true,f-auto,q-80/cms/sub_category/a6cabac9-9437-4e76-ae2d-a06dad590d48.png",Daily Good Kurnool Sona Masoori Steam Rice,Daily Good,1578,2600,1 pack (26 kg),4.8 (725),Sold Out,https://www.zeptonow.com/pn/daily-good-kurnool-sona-masoori-steam-rice/pvid/da99eb0b-9d63-48c2-aa7c-ce7116b7640a,"https://cdn.zeptonow.com/production/tr:w-1280,ar-2250-2250,pr-true,f-auto,q-80/cms/product_variant/c3401e93-7305-4aa6-84c9-39d5e352abbb.jpeg"
"Atta, Rice, Oil & Dals",Rice & More,"https://cdn.zeptonow.com/production/tr:w-90,ar-120-120,pr-true,f-auto,q-80/cms/sub_category/a6cabac9-9437-4e76-ae2d-a06dad590d48.png",Daily Good Sona Masoori Raw Rice,Daily Good,483,500,1 pack (5 kg),4 (2.5k),Sold Out,https://www.zeptonow.com/pn/daily-good-sona-masoori-raw-rice/pvid/95edc2a8-2f28-43e4-871a-2308c0c6c62a,"https://cdn.zeptonow.com/production/tr:w-1280,ar-1200-1200,pr-true,f-auto,q-80/cms/product_variant/34f93fe3-447d-44c3-aba3-8f3c9b4e62e5.jpeg"
"Atta, Rice, Oil & Dals",Rice & More,"https://cdn.zeptonow.com/production/tr:w-90,ar-120-120,pr-true,f-auto,q-80/cms/sub_category/a6cabac9-9437-4e76-ae2d-a06dad590d48.png",Zeeba Dubar Basmati 1121 Steam | Short Grain,Zeeba,758,850,1 pack (5 kg),5 (76),Sold Out,https://www.zeptonow.com/pn/zeeba-dubar-basmati-1121-steam-short-grain/pvid/38a183f1-9da9-43a3-8447-541dad7d0500,"https://cdn.zeptonow.com/production/tr:w-1280,ar-1000-1500,pr-true,f-auto,q-80/cms/product_variant/c580fd50-c243-407e-9737-4d8396104160.jpg"
"Atta, Rice, Oil & Dals",Rice & More,"https://cdn.zeptonow.com/production/tr:w-90,ar-120-120,pr-true,f-auto,q-80/cms/sub_category/a6cabac9-9437-4e76-ae2d-a06dad590d48.png",Daily Good Sona Masoori Boiled Rice,Daily Good,1727,2410,1 pack (26 kg),4.8 (4.0k),Sold Out,https://www.zeptonow.com/pn/daily-good-sona-masoori-boiled-rice/pvid/77fd7498-1eb6-4a36-90db-48f61a96bfa1,"https://cdn.zeptonow.com/production/tr:w-1280,ar-2250-2250,pr-true,f-auto,q-80/cms/product_variant/ad17bf40-c727-4db4-8538-a1f624dbda0b.jpeg"
"Atta, Rice, Oil & Dals",Rice & More,"https://cdn.zeptonow.com/production/tr:w-90,ar-120-120,pr-true,f-auto,q-80/cms/sub_category/a6cabac9-9437-4e76-ae2d-a06dad590d48.png",Parry's Ponni Boiled Rice,Parry's,334,480,1 pack (5 kg),4.2 (152),Sold Out,https://www.zeptonow.com/pn/parrys-ponni-boiled-rice/pvid/7f3ea360-16b8-4e92-a884-cbb0912c9100,"https://cdn.zeptonow.com/production/tr:w-1280,ar-1200-1200,pr-true,f-auto,q-80/cms/product_variant/d18bc8d1-23bc-4d0c-bcef-7791e37aed32.jpeg"
"Atta, Rice, Oil & Dals",Rice & More,"https://cdn.zeptonow.com/production/tr:w-90,ar-120-120,pr-true,f-auto,q-80/cms/sub_category/a6cabac9-9437-4e76-ae2d-a06dad590d48.png",Daily Good Kurnool Sona Masoori Raw Rice,Daily Good,788,1000,1 pack (10 kg),4.1 (351),Sold Out,https://www.zeptonow.com/pn/daily-good-kurnool-sona-masoori-raw-rice/pvid/ceb511a4-4a75-488d-aea8-4929f6e2f3f2,"https://cdn.zeptonow.com/production/tr:w-1280,ar-2400-2400,pr-true,f-auto,q-80/cms/product_variant/a728bcc2-dd3b-47c8-bedf-c3cf873c1842.jpeg"
"Atta, Rice, Oil & Dals",Rice & More,"https://cdn.zeptonow.com/production/tr:w-90,ar-120-120,pr-true,f-auto,q-80/cms/sub_category/a6cabac9-9437-4e76-ae2d-a06dad590d48.png",Daily Good Rajbhogam Boiled Rice,Daily Good,663,1000,1 pack (10 kg),4.1 (356),Sold Out,https://www.zeptonow.com/pn/daily-good-rajbhogam-boiled-rice/pvid/a6948775-9150-4005-a59d-f0f2b2e5f827,"https://cdn.zeptonow.com/production/tr:w-1280,ar-2250-2250,pr-true,f-auto,q-80/cms/product_variant/61bede93-0219-4a94-b6ad-3a7e3a6ae7c1.jpeg"
"Atta, Rice, Oil & Dals",Rice & More,"https://cdn.zeptonow.com/production/tr:w-90,ar-120-120,pr-true,f-auto,q-80/cms/sub_category/a6cabac9-9437-4e76-ae2d-a06dad590d48.png",Smart One Sona Masoori Raw Rice,Smart One,760,965,1 pack (10 kg),4.2 (521),Sold Out,https://www.zeptonow.com/pn/smart-one-sona-masoori-raw-rice/pvid/beaae163-c24e-414e-bb23-d5b6ce61f487,"https://cdn.zeptonow.com/production/tr:w-1280,ar-1125-1125,pr-true,f-auto,q-80/cms/product_variant/89991560-fbf5-4668-a2f2-5c15e2fb4d2d.jpeg"
"Atta, Rice, Oil & Dals",Rice & More,"https://cdn.zeptonow.com/production/tr:w-90,ar-120-120,pr-true,f-auto,q-80/cms/sub_category/a6cabac9-9437-4e76-ae2d-a06dad590d48.png",Fortune Rozana Gold Basmati Rice,Fortune,389,585,1 pack (5 kg),4.5 (12.1k),Sold Out,https://www.zeptonow.com/pn/fortune-rozana-gold-basmati-rice/pvid/8188d4ba-20c4-4774-80fa-ccb1e3b6ba4a,"https://cdn.zeptonow.com/production/tr:w-1280,ar-2400-2400,pr-true,f-auto,q-80/cms/product_variant/f39e6f8a-ef42-4872-95d0-8704f8df0069.jpeg"
"Atta, Rice, Oil & Dals",Rice & More,"https://cdn.zeptonow.com/production/tr:w-90,ar-120-120,pr-true,f-auto,q-80/cms/sub_category/a6cabac9-9437-4e76-ae2d-a06dad590d48.png",Fortune Biryani Special Basmati Rice,Fortune,1050,1050,1 pack (5 kg),4.7 (473),Sold Out,https://www.zeptonow.com/pn/fortune-biryani-special-basmati-rice/pvid/8be9c68f-a400-4aee-92e3-ba040f7979b3,"https://cdn.zeptonow.com/production/tr:w-1280,ar-2400-2400,pr-true,f-auto,q-80/cms/product_variant/25d38c55-5a18-4409-8fd1-83aea490e2bf.jpeg"
"Atta, Rice, Oil & Dals",Rice & More,"https://cdn.zeptonow.com/production/tr:w-90,ar-120-120,pr-true,f-auto,q-80/cms/sub_category/a6cabac9-9437-4e76-ae2d-a06dad590d48.png",Smart One Ponni Raw Rice,Smart One,752,885,1 pack (10 kg),5 (92),Sold Out,https://www.zeptonow.com/pn/smart-one-ponni-raw-rice/pvid/38322a1f-4566-4e73-a760-6c70985eac37,"https://cdn.zeptonow.com/production/tr:w-1280,ar-2400-2400,pr-true,f-auto,q-80/cms/product_variant/c559e6c1-1a89-430f-be16-7e033d48d480.jpeg"
"Atta, Rice, Oil & Dals",Rice & More,"https://cdn.zeptonow.com/production/tr:w-90,ar-120-120,pr-true,f-auto,q-80/cms/sub_category/a6cabac9-9437-4e76-ae2d-a06dad590d48.png",Daily Good Lachkari Kolam Raw Rice,Daily Good,568,700,1 pack (5 kg),4.5 (290),Sold Out,https://www.zeptonow.com/pn/daily-good-lachkari-kolam-raw-rice/pvid/3eaa0e46-c8e0-49fb-a200-e716372cb06a,"https://cdn.zeptonow.com/production/tr:w-1280,ar-1200-1200,pr-true,f-auto,q-80/cms/product_variant/fa3de7f5-89dc-4414-9d00-6e0cbf3ba559.jpeg"
"Atta, Rice, Oil & Dals",Rice & More,"https://cdn.zeptonow.com/production/tr:w-90,ar-120-120,pr-true,f-auto,q-80/cms/sub_category/a6cabac9-9437-4e76-ae2d-a06dad590d48.png",Daily Good Sona Masoori Steam Rice,Daily Good,598,1000,1 pack (10 kg),4.7 (437),Sold Out,https://www.zeptonow.com/pn/daily-good-sona-masoori-steam-rice/pvid/34376002-1aca-4d43-99ec-d40020007a13,"https://cdn.zeptonow.com/production/tr:w-1280,ar-2250-2250,pr-true,f-auto,q-80/cms/product_variant/e234fcf5-303e-4572-a8f0-bd29ceb64e52.jpeg"
"Atta, Rice, Oil & Dals",Rice & More,"https://cdn.zeptonow.com/production/tr:w-90,ar-120-120,pr-true,f-auto,q-80/cms/sub_category/a6cabac9-9437-4e76-ae2d-a06dad590d48.png","Safe Harvest Pesticide-Free Sona Masuri Rice | Gluten-Free, Unpolished, Arsenic-Free | 12 Months",Safe,514,590,1 pack (5 kg),3.9 (257),Sold Out,https://www.zeptonow.com/pn/safe-harvest-pesticide-free-sona-masuri-rice-gluten-free-unpolished-arsenic-free-12-months/pvid/037ea3c6-2e54-43a0-b661-13f2a10bd67e,"https://cdn.zeptonow.com/production/tr:w-1280,ar-863-1000,pr-true,f-auto,q-80/cms/product_variant/1b8c8cdc-27e8-48ac-a55c-29191d433509.png"
"Atta, Rice, Oil & Dals",Rice & More,"https://cdn.zeptonow.com/production/tr:w-90,ar-120-120,pr-true,f-auto,q-80/cms/sub_category/a6cabac9-9437-4e76-ae2d-a06dad590d48.png",Daily Good Lachkari Kolam Raw Rice,Daily Good,1067,1400,1 pack (10 kg),4.5 (816),Sold Out,https://www.zeptonow.com/pn/daily-good-lachkari-kolam-raw-rice/pvid/2763ab76-39d6-4bf8-8217-a6f6d41d0c1a,"https://cdn.zeptonow.com/production/tr:w-1280,ar-2250-2250,pr-true,f-auto,q-80/cms/product_variant/41254cf3-ca86-4a4f-85b8-259baae5c50d.jpeg"
"Atta, Rice, Oil & Dals",Rice & More,"https://cdn.zeptonow.com/production/tr:w-90,ar-120-120,pr-true,f-auto,q-80/cms/sub_category/a6cabac9-9437-4e76-ae2d-a06dad590d48.png",Fortune Rozana Gold Basmati Rice,Fortune,96,130,1 pack (1 kg),4.5 (22.4k),Sold Out,https://www.zeptonow.com/pn/fortune-rozana-gold-basmati-rice/pvid/18e5789f-aab8-4281-8db4-380bb50a1c29,"https://cdn.zeptonow.com/production/tr:w-1280,ar-1100-1100,pr-true,f-auto,q-80/cms/product_variant/b278ac53-4959-4f2a-9f31-5f07aa3bfa76.png"
"Atta, Rice, Oil & Dals",Rice & More,"https://cdn.zeptonow.com/production/tr:w-90,ar-120-120,pr-true,f-auto,q-80/cms/sub_category/a6cabac9-9437-4e76-ae2d-a06dad590d48.png",Organic Tattva Red Rice,Organic Tattva,160,189,1 pack (1 kg),4 (292),Sold Out,https://www.zeptonow.com/pn/organic-tattva-red-rice/pvid/68e399a3-0642-454e-a26a-edeb57c399e6,"https://cdn.zeptonow.com/production/tr:w-1280,ar-1500-1500,pr-true,f-auto,q-80/cms/product_variant/b48d9e2a-d060-4907-a829-23ee24df697d.jpeg"
"Atta, Rice, Oil & Dals",Rice & More,"https://cdn.zeptonow.com/production/tr:w-90,ar-120-120,pr-true,f-auto,q-80/cms/sub_category/a6cabac9-9437-4e76-ae2d-a06dad590d48.png",Fortune Sona Masoori Supreme Raw Aged Rice,Fortune,423,550,1 pack (5 kg),4.2 (2.8k),Sold Out,https://www.zeptonow.com/pn/fortune-sona-masoori-supreme-raw-aged-rice/pvid/042bfda1-564b-44a7-b1df-9a968a11333c,"https://cdn.zeptonow.com/production/tr:w-1280,ar-1001-1001,pr-true,f-auto,q-80/cms/product_variant/7d80c647-1cfe-48f7-8630-9bb21e00865a.jpg"
"Atta, Rice, Oil & Dals",Rice & More,"https://cdn.zeptonow.com/production/tr:w-90,ar-120-120,pr-true,f-auto,q-80/cms/sub_category/a6cabac9-9437-4e76-ae2d-a06dad590d48.png",Parry's Madurai Idli Rice,Parry's,344,400,1 pack (5 kg),4.5 (308),Sold Out,https://www.zeptonow.com/pn/parrys-madurai-idli-rice/pvid/6ceddf93-e030-42b9-84f1-4a75d57caa20,"https://cdn.zeptonow.com/production/tr:w-1280,ar-1080-1080,pr-true,f-auto,q-80/cms/product_variant/7508c4fd-5168-43d0-9314-d6d94a264a77.jpeg"
"Atta, Rice, Oil & Dals",Rice & More,"https://cdn.zeptonow.com/production/tr:w-90,ar-120-120,pr-true,f-auto,q-80/cms/sub_category/a6cabac9-9437-4e76-ae2d-a06dad590d48.png",Kohinoor Gold India's Finest Extra Long Authentic Basmati Rice,Kohinoor,197,235,1 pack (1 kg),5 (80),Sold Out,https://www.zeptonow.com/pn/kohinoor-gold-indias-finest-extra-long-authentic-basmati-rice/pvid/b55ba238-e783-43ce-818c-d44daed7911a,"https://cdn.zeptonow.com/production/tr:w-1280,ar-1201-1201,pr-true,f-auto,q-80/cms/product_variant/53dd98c9-3ebe-4fdf-b8e1-b4fb1d17b86c.jpeg"
"Atta, Rice, Oil & Dals",Rice & More,"https://cdn.zeptonow.com/production/tr:w-90,ar-120-120,pr-true,f-auto,q-80/cms/sub_category/a6cabac9-9437-4e76-ae2d-a06dad590d48.png",Daily Good Brown Rice,Daily Good,101,180,1 pack (1 kg),4.6 (2.0k),Sold Out,https://www.zeptonow.com/pn/daily-good-brown-rice/pvid/60c6b6d7-d6af-4b27-ad30-dc9f62a24521,"https://cdn.zeptonow.com/production/tr:w-1280,ar-1000-1000,pr-true,f-auto,q-80/cms/product_variant/2f0488d0-3027-47ca-9ba8-e1b0e263f7d2.jpeg"
"Atta, Rice, Oil & Dals",Rice & More,"https://cdn.zeptonow.com/production/tr:w-90,ar-120-120,pr-true,f-auto,q-80/cms/sub_category/a6cabac9-9437-4e76-ae2d-a06dad590d48.png",Daily Good Govindbhog-Jeera Rice-Ambemohar Rice,Daily Good,195,200,1 pack (1 kg),4.6 (1.0k),Sold Out,https://www.zeptonow.com/pn/daily-good-govindbhog-jeera-rice-ambemohar-rice/pvid/2d5581af-bebd-43c3-8556-82eb70df428a,"https://cdn.zeptonow.com/production/tr:w-1280,ar-1200-1200,pr-true,f-auto,q-80/cms/product_variant/52a0c022-adf7-4ff4-94a0-4b1c680c2c71.jpeg"
"Atta, Rice, Oil & Dals",Rice & More,"https://cdn.zeptonow.com/production/tr:w-90,ar-120-120,pr-true,f-auto,q-80/cms/sub_category/a6cabac9-9437-4e76-ae2d-a06dad590d48.png",Fortune Basmati Rice/Basmati Akki | Biryani Special | Pouch,Fortune,189,210,1 pack (1 kg),4.8 (1.8k),Sold Out,https://www.zeptonow.com/pn/fortune-basmati-ricebasmati-akki-biryani-special-pouch/pvid/8f421733-a954-41cc-87fc-02b76ce0540a,"https://cdn.zeptonow.com/production/tr:w-1280,ar-2400-2400,pr-true,f-auto,q-80/cms/product_variant/34d739a3-55b0-41a2-aaa0-8a45a1dd852d.jpeg"
"Atta, Rice, Oil & Dals",Rice & More,"https://cdn.zeptonow.com/production/tr:w-90,ar-120-120,pr-true,f-auto,q-80/cms/sub_category/a6cabac9-9437-4e76-ae2d-a06dad590d48.png",Organic Tattva Traditional Basmati Rice,Organic Tattva,1128,1375,1 pack (5 kg),5 (53),Sold Out,https://www.zeptonow.com/pn/organic-tattva-traditional-basmati-rice/pvid/d9cbf0b0-1fa1-405b-981f-c31cefed297d,"https://cdn.zeptonow.com/production/tr:w-1280,ar-1500-1500,pr-true,f-auto,q-80/cms/product_variant/18d15b74-f781-4ec8-b5dc-a58004208a29.jpeg"
"Atta, Rice, Oil & Dals",Rice & More,"https://cdn.zeptonow.com/production/tr:w-90,ar-120-120,pr-true,f-auto,q-80/cms/sub_category/a6cabac9-9437-4e76-ae2d-a06dad590d48.png",Parry's Sona Masoori Steam Rice Economy,Parry's,341,480,1 pack (5 kg),4.9 (165),Sold Out,https://www.zeptonow.com/pn/parrys-sona-masoori-steam-rice-economy/pvid/e3b6248d-ab35-4868-a44e-0d339f5f0541,"https://cdn.zeptonow.com/production/tr:w-1280,ar-1200-1200,pr-true,f-auto,q-80/cms/product_variant/5e6669cf-8328-4b75-b649-bca8ec3c685a.jpeg"
"Atta, Rice, Oil & Dals",Rice & More,"https://cdn.zeptonow.com/production/tr:w-90,ar-120-120,pr-true,f-auto,q-80/cms/sub_category/a6cabac9-9437-4e76-ae2d-a06dad590d48.png",Daily Good Red Matta Boiled Rice,Daily Good,80,100,1 pack (1 kg),4.8 (372),Sold Out,https://www.zeptonow.com/pn/daily-good-red-matta-boiled-rice/pvid/9a21c478-0a69-449a-9565-e73deeaefdce,"https://cdn.zeptonow.com/production/tr:w-1280,ar-1000-1000,pr-true,f-auto,q-80/cms/product_variant/8fa83170-3e3d-409a-ab0c-313158253258.jpeg"
"Atta, Rice, Oil & Dals",Rice & More,"https://cdn.zeptonow.com/production/tr:w-90,ar-120-120,pr-true,f-auto,q-80/cms/sub_category/a6cabac9-9437-4e76-ae2d-a06dad590d48.png",Daily Good Raw Broken Rice,Daily Good,54,80,1 pack (1 kg),4.9 (363),Sold Out,https://www.zeptonow.com/pn/daily-good-raw-broken-rice/pvid/cc8877b0-4cf8-44f6-b9d4-07d16102303e,"https://cdn.zeptonow.com/production/tr:w-1280,ar-2400-2400,pr-true,f-auto,q-80/cms/product_variant/54d0f9cc-b9c0-4bd5-8d76-2ea6b5a4b56d.jpeg"
"Atta, Rice, Oil & Dals",Rice & More,"https://cdn.zeptonow.com/production/tr:w-90,ar-120-120,pr-true,f-auto,q-80/cms/sub_category/a6cabac9-9437-4e76-ae2d-a06dad590d48.png",Daily Good Pulav Basmati Rice,Daily Good,132,200,1 pack (1 kg),4.7 (748),Sold Out,https://www.zeptonow.com/pn/daily-good-pulav-basmati-rice/pvid/246178f5-dbd0-4134-827e-e1b33868fedd,"https://cdn.zeptonow.com/production/tr:w-1280,ar-2298-2298,pr-true,f-auto,q-80/cms/product_variant/6f1624d6-bddd-4bee-bdcb-efe2864314d9.jpeg"
"Atta, Rice, Oil & Dals",Rice & More,"https://cdn.zeptonow.com/production/tr:w-90,ar-120-120,pr-true,f-auto,q-80/cms/sub_category/a6cabac9-9437-4e76-ae2d-a06dad590d48.png",Daily Good Lachkari Kolam Raw Rice,Daily Good,99,140,1 pack (1 kg),4.4 (3.6k),Sold Out,https://www.zeptonow.com/pn/daily-good-lachkari-kolam-raw-rice/pvid/6dc3ca8f-2cf3-4c95-b65b-9e75afdc484e,"https://cdn.zeptonow.com/production/tr:w-1280,ar-1200-1200,pr-true,f-auto,q-80/cms/product_variant/8bf8eb34-8c00-432c-889c-0496323ea175.jpeg"
"Atta, Rice, Oil & Dals",Rice & More,"https://cdn.zeptonow.com/production/tr:w-90,ar-120-120,pr-true,f-auto,q-80/cms/sub_category/a6cabac9-9437-4e76-ae2d-a06dad590d48.png",Popular Essentials Bullet Wada Kolam Rice,Popular Essentials,524,595,1 pack (5 kg),4.6 (743),Sold Out,https://www.zeptonow.com/pn/popular-essentials-bullet-wada-kolam-rice/pvid/68d45569-ee47-4f7e-9c48-572d02224b5e,"https://cdn.zeptonow.com/production/tr:w-1280,ar-1200-1200,pr-true,f-auto,q-80/cms/product_variant/b5b7ef9d-78da-4cd3-b624-b36865238186.jpeg"
"Atta, Rice, Oil & Dals",Rice & More,"https://cdn.zeptonow.com/production/tr:w-90,ar-120-120,pr-true,f-auto,q-80/cms/sub_category/a6cabac9-9437-4e76-ae2d-a06dad590d48.png",Smart One Kurnool Sona Masoori Raw Rice,Smart One,1859,2600,1 pack (26 kg),5 (72),Sold Out,https://www.zeptonow.com/pn/smart-one-kurnool-sona-masoori-raw-rice/pvid/fe48f5c3-f9b3-4ab3-b828-720d8054870b,"https://cdn.zeptonow.com/production/tr:w-1280,ar-1500-1500,pr-true,f-auto,q-80/cms/product_variant/5bd26f9f-3ea5-4c5f-ba60-bcb8936f5f03.jpeg"
"Atta, Rice, Oil & Dals",Rice & More,"https://cdn.zeptonow.com/production/tr:w-90,ar-120-120,pr-true,f-auto,q-80/cms/sub_category/a6cabac9-9437-4e76-ae2d-a06dad590d48.png",Daily Good Rozana Regular Basmati Rice | Medium Grain,Daily Good,87,125,1 pack (1 kg),4.4 (2.8k),Sold Out,https://www.zeptonow.com/pn/daily-good-rozana-regular-basmati-rice-medium-grain/pvid/1a821406-c8ed-45be-bdd8-457fc71cb7ef,"https://cdn.zeptonow.com/production/tr:w-1280,ar-2400-2400,pr-true,f-auto,q-80/cms/product_variant/b850a8c3-864d-467b-a197-c4aac60bb48c.jpg"
"Atta, Rice, Oil & Dals",Rice & More,"https://cdn.zeptonow.com/production/tr:w-90,ar-120-120,pr-true,f-auto,q-80/cms/sub_category/a6cabac9-9437-4e76-ae2d-a06dad590d48.png",Double Horse Matta Broken Rice,Double Horse,59,64,1 pack (500 g),4.9 (290),Sold Out,https://www.zeptonow.com/pn/double-horse-matta-broken-rice/pvid/6f9bde6b-7c15-481c-ac5c-d8bf94a2f925,"https://cdn.zeptonow.com/production/tr:w-1280,ar-2400-2400,pr-true,f-auto,q-80/cms/product_variant/4a26cb66-e934-4ca3-b428-f8de392c7546.jpeg"
"Atta, Rice, Oil & Dals",Rice & More,"https://cdn.zeptonow.com/production/tr:w-90,ar-120-120,pr-true,f-auto,q-80/cms/sub_category/a6cabac9-9437-4e76-ae2d-a06dad590d48.png",DiabeSmart Low GI Rice - Sona Masoori Diabetic Care White Rice for Sugar Control,DiabeSmart,168,169,1 pack (1 kg),4.5 (102),Sold Out,https://www.zeptonow.com/pn/diabesmart-low-gi-rice-sona-masoori-diabetic-care-white-rice-for-sugar-control/pvid/c905ce9d-6909-4605-a27c-d620061b528c,"https://cdn.zeptonow.com/production/tr:w-1280,ar-2400-2400,pr-true,f-auto,q-80/cms/product_variant/d89ac344-5943-44c7-a264-2a65df48f66e.jpeg"
"Atta, Rice, Oil & Dals",Rice & More,"https://cdn.zeptonow.com/production/tr:w-90,ar-120-120,pr-true,f-auto,q-80/cms/sub_category/a6cabac9-9437-4e76-ae2d-a06dad590d48.png",Smart One Rajbhogam Boiled Rice,Smart One,634,805,1 pack (10 kg),4.1 (87),Sold Out,https://www.zeptonow.com/pn/smart-one-rajbhogam-boiled-rice/pvid/c0a830df-4ba0-4519-b81b-a304bdbcc7e1,"https://cdn.zeptonow.com/production/tr:w-1280,ar-2400-2400,pr-true,f-auto,q-80/cms/product_variant/7e5bacc8-4551-4308-b834-a7ff27414eeb.jpeg"
"Atta, Rice, Oil & Dals",Rice & More,"https://cdn.zeptonow.com/production/tr:w-90,ar-120-120,pr-true,f-auto,q-80/cms/sub_category/a6cabac9-9437-4e76-ae2d-a06dad590d48.png",Smart One Sona Masoori Raw Rice,Smart One,1895,2430,1 pack (26 kg),4 (135),Sold Out,https://www.zeptonow.com/pn/smart-one-sona-masoori-raw-rice/pvid/da2e762a-a0c0-4cc7-a3e0-2ca1469b4c56,"https://cdn.zeptonow.com/production/tr:w-1280,ar-1500-1500,pr-true,f-auto,q-80/cms/product_variant/df206fca-dc65-497a-b086-695c6ee5890f.jpeg"
"Atta, Rice, Oil & Dals",Rice & More,"https://cdn.zeptonow.com/production/tr:w-90,ar-120-120,pr-true,f-auto,q-80/cms/sub_category/a6cabac9-9437-4e76-ae2d-a06dad590d48.png",Popular Essentials Red Boiled Rice,Popular Essentials,85,85,1 pack (1 kg),5 (647),Sold Out,https://www.zeptonow.com/pn/popular-essentials-red-boiled-rice/pvid/d848278e-e2ba-45df-a7d1-2d3c31507510,"https://cdn.zeptonow.com/production/tr:w-1280,ar-1500-1500,pr-true,f-auto,q-80/cms/product_variant/034d5449-effb-44d7-b9d7-8e0e816aa1cf.jpeg"
"Atta, Rice, Oil & Dals",Rice & More,"https://cdn.zeptonow.com/production/tr:w-90,ar-120-120,pr-true,f-auto,q-80/cms/sub_category/a6cabac9-9437-4e76-ae2d-a06dad590d48.png",India Gate Unity Rozana Basmati Rice | Medium Grain,India Gate,408,465,1 pack (5 kg),4.2 (74),Sold Out,https://www.zeptonow.com/pn/india-gate-unity-rozana-basmati-rice-medium-grain/pvid/5ece328d-16c7-4431-93d1-7dcd8e8e276e,"https://cdn.zeptonow.com/production/tr:w-1280,ar-824-1200,pr-true,f-auto,q-80/cms/product_variant/5fadc40b-62dd-4804-9bf1-b9c3165730eb.jpeg"
"Atta, Rice, Oil & Dals",Rice & More,"https://cdn.zeptonow.com/production/tr:w-90,ar-120-120,pr-true,f-auto,q-80/cms/sub_category/a6cabac9-9437-4e76-ae2d-a06dad590d48.png",Daily Good Super Basmati Rice | Long Grain,Daily Good,58,80,1 pack (250 g),4 (704),Sold Out,https://www.zeptonow.com/pn/daily-good-super-basmati-rice-long-grain/pvid/c895f2bb-9d4b-4a40-9a4c-0042bf4f64b3,"https://cdn.zeptonow.com/production/tr:w-1280,ar-871-870,pr-true,f-auto,q-80/cms/product_variant/522a1eb7-7440-424c-905a-99cd2ef00657.jpg"
"Atta, Rice, Oil & Dals",Rice & More,"https://cdn.zeptonow.com/production/tr:w-90,ar-120-120,pr-true,f-auto,q-80/cms/sub_category/a6cabac9-9437-4e76-ae2d-a06dad590d48.png","Sugar.fit Sugar Control Rice, Low GI Telangana Sona Masoori Rice for Diabetic Care",Sugar.fit,177,250,1 pack (1 kg),4.5 (68),Sold Out,https://www.zeptonow.com/pn/sugarfit-sugar-control-rice-low-gi-telangana-sona-masoori-rice-for-diabetic-care/pvid/b44cbbb4-0db1-4497-aa23-b95b9092dc62,"https://cdn.zeptonow.com/production/tr:w-1280,ar-1200-1201,pr-true,f-auto,q-80/cms/product_variant/02885f59-93e2-41e8-9c64-abb2c88e9bb2.jpeg"
"Atta, Rice, Oil & Dals",Rice & More,"https://cdn.zeptonow.com/production/tr:w-90,ar-120-120,pr-true,f-auto,q-80/cms/sub_category/a6cabac9-9437-4e76-ae2d-a06dad590d48.png",Organic Tattva Brown Basmati Rice,Organic Tattva,207,265,1 pack (1 kg),4.1 (152),Sold Out,https://www.zeptonow.com/pn/organic-tattva-brown-basmati-rice/pvid/d4081f47-a0fb-40c2-b9de-9d454afd9fd5,"https://cdn.zeptonow.com/production/tr:w-1280,ar-1500-1500,pr-true,f-auto,q-80/cms/product_variant/7d77fee1-f3eb-4a15-84d1-390d7fee7d6c.jpeg"
"Atta, Rice, Oil & Dals",Rice & More,"https://cdn.zeptonow.com/production/tr:w-90,ar-120-120,pr-true,f-auto,q-80/cms/sub_category/a6cabac9-9437-4e76-ae2d-a06dad590d48.png",Kohinoor Feast Rozana,Kohinoor,99,119,1 pack (1 kg),4.4 (55),Sold Out,https://www.zeptonow.com/pn/kohinoor-feast-rozana/pvid/9fa2147e-2184-466f-8960-2dccef5601ae,"https://cdn.zeptonow.com/production/tr:w-1280,ar-1100-1100,pr-true,f-auto,q-80/cms/product_variant/4ce818eb-d3bd-4843-bbae-a7d5e6a9e1a6.jpeg"
"Atta, Rice, Oil & Dals",Organic,"https://cdn.zeptonow.com/production/tr:w-90,ar-500-500,pr-true,f-auto,q-80/cms/sub_category/bdc2a8d7-2749-4707-8a96-c888654d9bb1.png",Akshayakalpa Organic Cow Ghee,Akshayakalpa,681,799,1 pc (490 ml),4.3 (547),In Stock,https://www.zeptonow.com/pn/akshayakalpa-organic-cow-ghee/pvid/b56ae70b-e7a7-4f6f-8c54-7f74f4c95074,"https://cdn.zeptonow.com/production/tr:w-1280,ar-2000-2000,pr-true,f-auto,q-80/cms/product_variant/052f6076-5799-412f-a049-c2bb0eab2aa5.jpeg"
"Atta, Rice, Oil & Dals",Organic,"https://cdn.zeptonow.com/production/tr:w-90,ar-500-500,pr-true,f-auto,q-80/cms/sub_category/bdc2a8d7-2749-4707-8a96-c888654d9bb1.png",Akshayakalpa Organic Desi Cow Ghee,Akshayakalpa,641,689,1 pc (300 ml),4.6 (83),In Stock,https://www.zeptonow.com/pn/akshayakalpa-organic-desi-cow-ghee/pvid/47bb462f-188e-4b3c-9e9f-72098e150b27,"https://cdn.zeptonow.com/production/tr:w-1280,ar-1000-1000,pr-true,f-auto,q-80/cms/product_variant/c62b1b52-bdf3-49d5-bae3-c8740ad62f87.jpeg"
"Atta, Rice, Oil & Dals",Organic,"https://cdn.zeptonow.com/production/tr:w-90,ar-500-500,pr-true,f-auto,q-80/cms/sub_category/bdc2a8d7-2749-4707-8a96-c888654d9bb1.png",Natureland Organics Ragi Flour,Natureland,64,79,1 pack (500 g),4.6 (268),In Stock,https://www.zeptonow.com/pn/natureland-organics-ragi-flour/pvid/648580fb-c4df-4531-a966-3ef06a289d04,"https://cdn.zeptonow.com/production/tr:w-1280,ar-1200-1200,pr-true,f-auto,q-80/cms/product_variant/576ed213-113c-4797-9102-f7c6d3ac16d3.jpg"
"Atta, Rice, Oil & Dals",Organic,"https://cdn.zeptonow.com/production/tr:w-90,ar-500-500,pr-true,f-auto,q-80/cms/sub_category/bdc2a8d7-2749-4707-8a96-c888654d9bb1.png",Natureland - Organic Bajra Flour,Natureland,59,70,1 pack (500 g),4.8 (113),In Stock,https://www.zeptonow.com/pn/natureland-organic-bajra-flour/pvid/81159131-03d2-4c85-8d89-aa3cbdf2683e,"https://cdn.zeptonow.com/production/tr:w-1280,ar-2400-2400,pr-true,f-auto,q-80/cms/product_variant/8836d920-b0f9-4efe-bebe-487fc86428fa.jpeg"
"Atta, Rice, Oil & Dals",Organic,"https://cdn.zeptonow.com/production/tr:w-90,ar-500-500,pr-true,f-auto,q-80/cms/sub_category/bdc2a8d7-2749-4707-8a96-c888654d9bb1.png",Natureland Cold Pressed Organic Mustard Oil,Natureland,1047,1825,1 pc (5 L),4.9 (116),In Stock,https://www.zeptonow.com/pn/natureland-cold-pressed-organic-mustard-oil/pvid/60fc6828-a222-4183-bc01-a6f2bc40f975,"https://cdn.zeptonow.com/production/tr:w-1280,ar-2000-2000,pr-true,f-auto,q-80/cms/product_variant/1f5b5679-6161-4383-af36-2b0f62682484.jpg"
"Atta, Rice, Oil & Dals",Organic,"https://cdn.zeptonow.com/production/tr:w-90,ar-500-500,pr-true,f-auto,q-80/cms/sub_category/bdc2a8d7-2749-4707-8a96-c888654d9bb1.png",24 Mantra Organic Jowar Flour,24 Mantra,60,75,1 pack (500 g),4.5 (310),In Stock,https://www.zeptonow.com/pn/24-mantra-organic-jowar-flour/pvid/2a5b413f-36d2-4bb8-ada0-16ecf7a71df7,"https://cdn.zeptonow.com/production/tr:w-1280,ar-1200-1200,pr-true,f-auto,q-80/cms/product_variant/c2ce53c6-70bd-4afa-bb1a-40e8b6feab30.jpeg"
"Atta, Rice, Oil & Dals",Organic,"https://cdn.zeptonow.com/production/tr:w-90,ar-500-500,pr-true,f-auto,q-80/cms/sub_category/bdc2a8d7-2749-4707-8a96-c888654d9bb1.png",Organic Tattva Rice Flour,Organic Tattva,60,70,1 pack (500 g),4.4 (383),In Stock,https://www.zeptonow.com/pn/organic-tattva-rice-flour/pvid/aa32268b-fa84-4350-a3b6-15bf0c5bd0ad,"https://cdn.zeptonow.com/production/tr:w-1280,ar-1500-1500,pr-true,f-auto,q-80/cms/product_variant/2e738126-65e5-496b-a98b-f783eb43d6c7.jpeg"
"Atta, Rice, Oil & Dals",Organic,"https://cdn.zeptonow.com/production/tr:w-90,ar-500-500,pr-true,f-auto,q-80/cms/sub_category/bdc2a8d7-2749-4707-8a96-c888654d9bb1.png",Organic Tattva Jowar Flour,Organic Tattva,68,80,1 pack (500 g),4.6 (323),In Stock,https://www.zeptonow.com/pn/organic-tattva-jowar-flour/pvid/76f03c75-396d-4c1a-89c3-44f50a7a5458,"https://cdn.zeptonow.com/production/tr:w-1280,ar-1500-1500,pr-true,f-auto,q-80/cms/product_variant/d6819d2b-2e95-497e-b274-30ebd89f9f3a.jpeg"
"Atta, Rice, Oil & Dals",Organic,"https://cdn.zeptonow.com/production/tr:w-90,ar-500-500,pr-true,f-auto,q-80/cms/sub_category/bdc2a8d7-2749-4707-8a96-c888654d9bb1.png",Organic Tattva Ragi Atta,Organic Tattva,79,80,1 pack (500 g),4.8 (2.0k),In Stock,https://www.zeptonow.com/pn/organic-tattva-ragi-atta/pvid/c0781799-72e5-4bb2-8b82-d96ffe9aab6f,"https://cdn.zeptonow.com/production/tr:w-1280,ar-1500-1500,pr-true,f-auto,q-80/cms/product_variant/028f1b8a-4a58-4e3b-9d1c-172be891c1b1.jpeg"
"Atta, Rice, Oil & Dals",Organic,"https://cdn.zeptonow.com/production/tr:w-90,ar-500-500,pr-true,f-auto,q-80/cms/sub_category/bdc2a8d7-2749-4707-8a96-c888654d9bb1.png",Organic Tattva Organic Suji,Organic Tattva,66,75,1 pack (500 g),4.7 (1.1k),In Stock,https://www.zeptonow.com/pn/organic-tattva-organic-suji/pvid/226523cf-f83b-4c63-9257-6711b5c1233d,"https://cdn.zeptonow.com/production/tr:w-1280,ar-1500-1500,pr-true,f-auto,q-80/cms/product_variant/cce2f02f-8906-4f70-8b93-715cc6d7aeba.jpeg"
"Atta, Rice, Oil & Dals",Organic,"https://cdn.zeptonow.com/production/tr:w-90,ar-500-500,pr-true,f-auto,q-80/cms/sub_category/bdc2a8d7-2749-4707-8a96-c888654d9bb1.png",Organic Tattva Wheat Maida,Organic Tattva,55,65,1 pack (500 g),4.9 (846),In Stock,https://www.zeptonow.com/pn/organic-tattva-wheat-maida/pvid/14a972ad-ca1a-4012-bc34-c1c3fd7dc85a,"https://cdn.zeptonow.com/production/tr:w-1280,ar-1500-1500,pr-true,f-auto,q-80/cms/product_variant/7fbc31cc-7efa-4337-9daf-e2d3e308fcc1.jpeg"
"Atta, Rice, Oil & Dals",Organic,"https://cdn.zeptonow.com/production/tr:w-90,ar-500-500,pr-true,f-auto,q-80/cms/sub_category/bdc2a8d7-2749-4707-8a96-c888654d9bb1.png",Natureland Organics Wheat Suji,Natureland,61,75,1 pack (500 g),5 (182),In Stock,https://www.zeptonow.com/pn/natureland-organics-wheat-suji/pvid/156d55ad-3bee-4c4f-b5db-be48ff7a4f93,"https://cdn.zeptonow.com/production/tr:w-1280,ar-1500-1500,pr-true,f-auto,q-80/cms/product_variant/ecdb0727-46bf-47a0-914b-ae22b74c81c0.jpg"
"Atta, Rice, Oil & Dals",Organic,"https://cdn.zeptonow.com/production/tr:w-90,ar-500-500,pr-true,f-auto,q-80/cms/sub_category/bdc2a8d7-2749-4707-8a96-c888654d9bb1.png",Organic Tattva Besan,Organic Tattva,103,125,1 pack (500 g),5 (315),In Stock,https://www.zeptonow.com/pn/organic-tattva-besan/pvid/c2ae7098-c188-41cf-8198-2dfe01045799,"https://cdn.zeptonow.com/production/tr:w-1280,ar-1500-1500,pr-true,f-auto,q-80/cms/product_variant/72ca1c0d-5266-4c0d-ace3-d690904ea913.jpeg"
"Atta, Rice, Oil & Dals",Organic,"https://cdn.zeptonow.com/production/tr:w-90,ar-500-500,pr-true,f-auto,q-80/cms/sub_category/bdc2a8d7-2749-4707-8a96-c888654d9bb1.png",Akshayakalpa Organic Cow Ghee,Akshayakalpa,301,329,1 pc (195 ml),4.7 (868),In Stock,https://www.zeptonow.com/pn/akshayakalpa-organic-cow-ghee/pvid/3bfd8c98-3004-46ad-bf6f-102e3c378113,"https://cdn.zeptonow.com/production/tr:w-1280,ar-2000-2000,pr-true,f-auto,q-80/cms/product_variant/728d9c02-33ce-4de5-a18a-3212a4e75f38.jpeg"
"Atta, Rice, Oil & Dals",Organic,"https://cdn.zeptonow.com/production/tr:w-90,ar-500-500,pr-true,f-auto,q-80/cms/sub_category/bdc2a8d7-2749-4707-8a96-c888654d9bb1.png",Organic Tattva Wheat Flour | Chakki Atta,Organic Tattva,326,449,1 pack (5 kg),4.3 (1.4k),In Stock,https://www.zeptonow.com/pn/organic-tattva-wheat-flour-chakki-atta/pvid/3587eb86-cc71-4dda-aee1-786f8e1ae3dc,"https://cdn.zeptonow.com/production/tr:w-1280,ar-1500-1500,pr-true,f-auto,q-80/cms/product_variant/0c49eaf5-bbfb-4bad-9b8f-afe4172ecceb.jpeg"
"Atta, Rice, Oil & Dals",Organic,"https://cdn.zeptonow.com/production/tr:w-90,ar-500-500,pr-true,f-auto,q-80/cms/sub_category/bdc2a8d7-2749-4707-8a96-c888654d9bb1.png",Natureland Organics Whole Wheat Flour,Natureland,320,399,1 pack (5 kg),4.4 (269),In Stock,https://www.zeptonow.com/pn/natureland-organics-whole-wheat-flour/pvid/02c15aab-2d35-4e54-adb5-f01d10996ad9,"https://cdn.zeptonow.com/production/tr:w-1280,ar-2400-2400,pr-true,f-auto,q-80/cms/product_variant/ff8073c3-8c94-4c3d-ba17-0b3e454463db.jpeg"
"Atta, Rice, Oil & Dals",Organic,"https://cdn.zeptonow.com/production/tr:w-90,ar-500-500,pr-true,f-auto,q-80/cms/sub_category/bdc2a8d7-2749-4707-8a96-c888654d9bb1.png",Organic Tattva Organic Multigrain Flour,Organic Tattva,513,625,1 pack (5 kg),5 (233),In Stock,https://www.zeptonow.com/pn/organic-tattva-organic-multigrain-flour/pvid/614e1f29-4932-4360-aa70-df2076d02f9a,"https://cdn.zeptonow.com/production/tr:w-1280,ar-1500-1500,pr-true,f-auto,q-80/cms/product_variant/383e704b-5143-4289-9218-e1ac8fb9a5a1.jpeg"
"Atta, Rice, Oil & Dals",Organic,"https://cdn.zeptonow.com/production/tr:w-90,ar-500-500,pr-true,f-auto,q-80/cms/sub_category/bdc2a8d7-2749-4707-8a96-c888654d9bb1.png","Aashirvaad Organic Pure Cow Ghee, Certified Organic",Aashirvaad,695,799,1 pc (500 ml),4.6 (306),In Stock,https://www.zeptonow.com/pn/aashirvaad-organic-pure-cow-ghee-certified-organic/pvid/3f7963e6-b84d-4b93-b714-833caedcefe7,"https://cdn.zeptonow.com/production/tr:w-1280,ar-1200-1200,pr-true,f-auto,q-80/cms/product_variant/98599f6d-7dbf-4633-ad3b-d7a92a5a9a1e.jpg"
"Atta, Rice, Oil & Dals",Organic,"https://cdn.zeptonow.com/production/tr:w-90,ar-500-500,pr-true,f-auto,q-80/cms/sub_category/bdc2a8d7-2749-4707-8a96-c888654d9bb1.png",Organic Tattva Cold Pressed Groundnut Oil,Organic Tattva,352,515,1 pc (1 L),5 (177),In Stock,https://www.zeptonow.com/pn/organic-tattva-cold-pressed-groundnut-oil/pvid/fcb20855-853b-4845-aa1e-02f9eca33695,"https://cdn.zeptonow.com/production/tr:w-1280,ar-1500-1500,pr-true,f-auto,q-80/cms/product_variant/81e8c63b-d4ae-4fc6-b4f7-8a64d9ffdce3.jpeg"
"Atta, Rice, Oil & Dals",Organic,"https://cdn.zeptonow.com/production/tr:w-90,ar-500-500,pr-true,f-auto,q-80/cms/sub_category/bdc2a8d7-2749-4707-8a96-c888654d9bb1.png",24 Mantra Organic Sonamasuri Raw Rice Polished,24 Mantra,109,115,1 pack (1 kg),4.6 (131),In Stock,https://www.zeptonow.com/pn/24-mantra-organic-sonamasuri-raw-rice-polished/pvid/564098ae-9560-4743-8b46-fff95587225d,"https://cdn.zeptonow.com/production/tr:w-1280,ar-1200-1200,pr-true,f-auto,q-80/cms/product_variant/542721fc-41b7-4571-9490-7c112fa49104.jpeg"
"Atta, Rice, Oil & Dals",Organic,"https://cdn.zeptonow.com/production/tr:w-90,ar-500-500,pr-true,f-auto,q-80/cms/sub_category/bdc2a8d7-2749-4707-8a96-c888654d9bb1.png",Natureland Organics Peanuts,Natureland,130,170,1 pack (500 g),4.2 (308),In Stock,https://www.zeptonow.com/pn/natureland-organics-peanuts/pvid/f20e1afe-415b-4004-9604-bd561adeff01,"https://cdn.zeptonow.com/production/tr:w-1280,ar-2400-2400,pr-true,f-auto,q-80/cms/product_variant/2a99e0e8-cc5f-4bb1-b838-2d8c4291c934.jpeg"
"Atta, Rice, Oil & Dals",Organic,"https://cdn.zeptonow.com/production/tr:w-90,ar-500-500,pr-true,f-auto,q-80/cms/sub_category/bdc2a8d7-2749-4707-8a96-c888654d9bb1.png",24 Mantra Organic Sunflower Oil | Bottle,24 Mantra,353,375,1 pc (1 L),4.3 (76),In Stock,https://www.zeptonow.com/pn/24-mantra-organic-sunflower-oil-bottle/pvid/199dfb62-de20-4cf2-bbbf-b97d3f65c5a5,"https://cdn.zeptonow.com/production/tr:w-1280,ar-2000-2000,pr-true,f-auto,q-80/cms/product_variant/69d289eb-4dd3-47ae-a599-70cc02b7a3bf.jpeg"
"Atta, Rice, Oil & Dals",Organic,"https://cdn.zeptonow.com/production/tr:w-90,ar-500-500,pr-true,f-auto,q-80/cms/sub_category/bdc2a8d7-2749-4707-8a96-c888654d9bb1.png",Organic Tattva Red Rajma,Organic Tattva,180,210,1 pack (500 g),4.7 (235),In Stock,https://www.zeptonow.com/pn/organic-tattva-red-rajma/pvid/70077389-b002-4a4f-a003-8e3420f2d37e,"https://cdn.zeptonow.com/production/tr:w-1280,ar-2400-2400,pr-true,f-auto,q-80/cms/product_variant/0bc186dd-683c-48db-b13d-9717e9d91c81.jpeg"
"Atta, Rice, Oil & Dals",Organic,"https://cdn.zeptonow.com/production/tr:w-90,ar-500-500,pr-true,f-auto,q-80/cms/sub_category/bdc2a8d7-2749-4707-8a96-c888654d9bb1.png",24 Mantra Organic Peanuts,24 Mantra,125,155,1 pack (500 g),4.3 (504),In Stock,https://www.zeptonow.com/pn/24-mantra-organic-peanuts/pvid/0f6d616f-3cf2-4d66-8f9c-12cee39b129b,"https://cdn.zeptonow.com/production/tr:w-1280,ar-1200-1200,pr-true,f-auto,q-80/cms/product_variant/4f0c9d2d-183a-442c-8241-498207a90959.jpeg"
"Atta, Rice, Oil & Dals",Organic,"https://cdn.zeptonow.com/production/tr:w-90,ar-500-500,pr-true,f-auto,q-80/cms/sub_category/bdc2a8d7-2749-4707-8a96-c888654d9bb1.png",Himalayan Natives Organic Bilona Cow Ghee Jar,Himalayan,299,499,1 pack (250 ml),4.6 (372),In Stock,https://www.zeptonow.com/pn/himalayan-natives-organic-bilona-cow-ghee-jar/pvid/78ae25c2-d0cd-46fb-98da-fd697189e1de,"https://cdn.zeptonow.com/production/tr:w-1280,ar-1080-1080,pr-true,f-auto,q-80/cms/product_variant/9acdf32a-e2f2-45cb-9800-1bef134bf609.jpeg"
"Atta, Rice, Oil & Dals",Organic,"https://cdn.zeptonow.com/production/tr:w-90,ar-500-500,pr-true,f-auto,q-80/cms/sub_category/bdc2a8d7-2749-4707-8a96-c888654d9bb1.png","Organic India Pure Cow Ghee, Lab tested on 600+ Parameters, Certified Organic",Organic,626,849,1 pc (500 ml),4.6 (657),In Stock,https://www.zeptonow.com/pn/organic-india-pure-cow-ghee-lab-tested-on-600-parameters-certified-organic/pvid/a15ae993-8e4e-4076-877a-0efc89c4734a,"https://cdn.zeptonow.com/production/tr:w-1280,ar-2400-2400,pr-true,f-auto,q-80/cms/product_variant/c5877cd6-d733-4359-a6b6-f82c295bd872.jpeg"
"Atta, Rice, Oil & Dals",Organic,"https://cdn.zeptonow.com/production/tr:w-90,ar-500-500,pr-true,f-auto,q-80/cms/sub_category/bdc2a8d7-2749-4707-8a96-c888654d9bb1.png",Akshayakalpa Organic Cold Pressed Virgin Coconut Oil,Akshayakalpa,275,289,1 pc (200 ml),4.5 (50),In Stock,https://www.zeptonow.com/pn/akshayakalpa-organic-cold-pressed-virgin-coconut-oil/pvid/01f63514-460a-4087-9dbb-c97b005ee83a,"https://cdn.zeptonow.com/production/tr:w-1280,ar-1000-1000,pr-true,f-auto,q-80/cms/product_variant/259c2c30-ed7a-4be0-b7d5-6f64bcb56faf.jpg"
"Atta, Rice, Oil & Dals",Organic,"https://cdn.zeptonow.com/production/tr:w-90,ar-500-500,pr-true,f-auto,q-80/cms/sub_category/bdc2a8d7-2749-4707-8a96-c888654d9bb1.png",Pride Of Cows Pure Cow Ghee - Single Origin,Pride,424,550,1 pc (200 ml),4.9 (79),In Stock,https://www.zeptonow.com/pn/pride-of-cows-pure-cow-ghee-single-origin/pvid/61b8c4ff-0b75-4da9-93a3-127bda93ce88,"https://cdn.zeptonow.com/production/tr:w-1280,ar-4500-4500,pr-true,f-auto,q-80/cms/product_variant/7f2d7bdc-fb29-4c60-9d70-ea88d518c4b1.jpeg"
"Atta, Rice, Oil & Dals",Organic,"https://cdn.zeptonow.com/production/tr:w-90,ar-500-500,pr-true,f-auto,q-80/cms/sub_category/bdc2a8d7-2749-4707-8a96-c888654d9bb1.png",24 Mantra Organic Groundnut Oil Cold Pressed | Bottle,24 Mantra,370,510,1 pc (1 L),4.9 (54),In Stock,https://www.zeptonow.com/pn/24-mantra-organic-groundnut-oil-cold-pressed-bottle/pvid/97ee7db3-2b41-4b8c-b069-551f3a93ef1a,"https://cdn.zeptonow.com/production/tr:w-1280,ar-1200-1200,pr-true,f-auto,q-80/cms/product_variant/53aa4ddc-8b96-4a48-bc61-25ef80c93480.jpeg"
"Atta, Rice, Oil & Dals",Organic,"https://cdn.zeptonow.com/production/tr:w-90,ar-500-500,pr-true,f-auto,q-80/cms/sub_category/bdc2a8d7-2749-4707-8a96-c888654d9bb1.png",Natureland Organics Wheat Dalia,Natureland,61,70,1 pack (500 g),4.6 (253),In Stock,https://www.zeptonow.com/pn/natureland-organics-wheat-dalia/pvid/c0396b72-2680-4502-9752-04e5ad6a2dd6,"https://cdn.zeptonow.com/production/tr:w-1280,ar-2000-2000,pr-true,f-auto,q-80/cms/product_variant/3cc3964e-c2bd-4f5c-94df-4e5d26be19d5c0396b72-2680-4502-9752-04e5ad6a2dd62023-11-07 08:27:49.00619324 +0000 UTC m=+83969.934330221.jpg"
"Atta, Rice, Oil & Dals",Organic,"https://cdn.zeptonow.com/production/tr:w-90,ar-500-500,pr-true,f-auto,q-80/cms/sub_category/bdc2a8d7-2749-4707-8a96-c888654d9bb1.png",Akshayakalpa Organic Cold Pressed Coconut Oil,Akshayakalpa,665,700,1 pc (1 L),4.9 (56),In Stock,https://www.zeptonow.com/pn/akshayakalpa-organic-cold-pressed-coconut-oil/pvid/84c36720-6b0f-4937-a541-8e2c0c519711,"https://cdn.zeptonow.com/production/tr:w-1280,ar-1000-1000,pr-true,f-auto,q-80/cms/product_variant/3fb0acbd-9ab3-48c9-af8d-2e4b35c01e4e.jpg"
"Atta, Rice, Oil & Dals",Organic,"https://cdn.zeptonow.com/production/tr:w-90,ar-500-500,pr-true,f-auto,q-80/cms/sub_category/bdc2a8d7-2749-4707-8a96-c888654d9bb1.png",Tata Sampann Organic Kabuli Chana,Tata,131,148,1 pack (500 g),5 (162),In Stock,https://www.zeptonow.com/pn/tata-sampann-organic-kabuli-chana/pvid/1728ed58-e9e1-4bc6-937a-96c7e6965e3b,"https://cdn.zeptonow.com/production/tr:w-1280,ar-1000-1000,pr-true,f-auto,q-80/cms/product_variant/1dbdb593-5b70-4d4f-bb6f-8be8393d407f.jpg"
"Atta, Rice, Oil & Dals",Organic,"https://cdn.zeptonow.com/production/tr:w-90,ar-500-500,pr-true,f-auto,q-80/cms/sub_category/bdc2a8d7-2749-4707-8a96-c888654d9bb1.png",Natureland Organics Groundnut Oil,Natureland,334,495,1 pc (1 L),4.9 (161),In Stock,https://www.zeptonow.com/pn/natureland-organics-groundnut-oil/pvid/9b73f32b-d011-4fe8-ac32-032e56432153,"https://cdn.zeptonow.com/production/tr:w-1280,ar-2000-2000,pr-true,f-auto,q-80/cms/product_variant/ca43f1c8-50e7-41b0-8142-5a609b0f1ba29b73f32b-d011-4fe8-ac32-032e564321532023-11-06 15:19:39.887780413 +0000 UTC m=+22487.690780995.jpg"
"Atta, Rice, Oil & Dals",Organic,"https://cdn.zeptonow.com/production/tr:w-90,ar-500-500,pr-true,f-auto,q-80/cms/sub_category/bdc2a8d7-2749-4707-8a96-c888654d9bb1.png",Natureland Organics Moong Split Washed,Natureland,114,155,1 pack (500 g),5 (148),In Stock,https://www.zeptonow.com/pn/natureland-organics-moong-split-washed/pvid/1f052020-9c2f-4797-8312-0d3d4a917202,"https://cdn.zeptonow.com/production/tr:w-1280,ar-2400-2400,pr-true,f-auto,q-80/cms/product_variant/b29e17b8-c6c5-4994-a4dd-4ce43c67bc43.jpeg"
"Atta, Rice, Oil & Dals",Organic,"https://cdn.zeptonow.com/production/tr:w-90,ar-500-500,pr-true,f-auto,q-80/cms/sub_category/bdc2a8d7-2749-4707-8a96-c888654d9bb1.png",Organic Tattva Peanuts Pouch,Organic Tattva,152,185,1 pack (500 g),4.9 (475),In Stock,https://www.zeptonow.com/pn/organic-tattva-peanuts-pouch/pvid/aa8e22d1-2610-40a1-8f55-f067252eda73,"https://cdn.zeptonow.com/production/tr:w-1280,ar-1500-1500,pr-true,f-auto,q-80/cms/product_variant/751aec19-03ca-496f-b79e-56d83cbe9b8e.jpeg"
"Atta, Rice, Oil & Dals",Organic,"https://cdn.zeptonow.com/production/tr:w-90,ar-500-500,pr-true,f-auto,q-80/cms/sub_category/bdc2a8d7-2749-4707-8a96-c888654d9bb1.png",Organic Tattva Sonamasuri Rice Brown,Organic Tattva,105,130,1 pack (1 kg),4.7 (549),In Stock,https://www.zeptonow.com/pn/organic-tattva-sonamasuri-rice-brown/pvid/50c9b2f5-8e08-4e7a-99d4-4c59ca51a193,"https://cdn.zeptonow.com/production/tr:w-1280,ar-1500-1500,pr-true,f-auto,q-80/cms/product_variant/5e3c7895-1b9b-421b-aa2d-1d5e0b7c2436.jpeg"
"Atta, Rice, Oil & Dals",Organic,"https://cdn.zeptonow.com/production/tr:w-90,ar-500-500,pr-true,f-auto,q-80/cms/sub_category/bdc2a8d7-2749-4707-8a96-c888654d9bb1.png",Natureland Organics Urad Whole,Natureland,101,160,1 pack (500 g),4.6 (78),In Stock,https://www.zeptonow.com/pn/natureland-organics-urad-whole/pvid/402845d1-2e78-4b52-9dc8-ed3440e3a9e1,"https://cdn.zeptonow.com/production/tr:w-1280,ar-1024-1317,pr-true,f-auto,q-80/cms/product_variant/e0a48ea7-733a-457e-b8a1-c8c5dd5a5b75.jpg"
"Atta, Rice, Oil & Dals",Organic,"https://cdn.zeptonow.com/production/tr:w-90,ar-500-500,pr-true,f-auto,q-80/cms/sub_category/bdc2a8d7-2749-4707-8a96-c888654d9bb1.png",Organic Tattva Kala Chana,Organic Tattva,100,120,1 pack (500 g),4.7 (480),In Stock,https://www.zeptonow.com/pn/organic-tattva-kala-chana/pvid/ea6cdd52-12d1-4846-8e9b-ea125943bef0,"https://cdn.zeptonow.com/production/tr:w-1280,ar-1500-1500,pr-true,f-auto,q-80/cms/product_variant/d2cfb976-5cbf-4990-a034-7fa306f8c1a7.jpeg"
"Atta, Rice, Oil & Dals",Organic,"https://cdn.zeptonow.com/production/tr:w-90,ar-500-500,pr-true,f-auto,q-80/cms/sub_category/bdc2a8d7-2749-4707-8a96-c888654d9bb1.png",Organic Tattva Organic Moong Dal Yellow Split,Organic Tattva,129,155,1 pack (500 g),4.9 (659),In Stock,https://www.zeptonow.com/pn/organic-tattva-organic-moong-dal-yellow-split/pvid/6fb22d55-cc0c-4e07-946d-96c7d324617b,"https://cdn.zeptonow.com/production/tr:w-1280,ar-1500-1500,pr-true,f-auto,q-80/cms/product_variant/a87945da-7e90-4c6b-a17b-5e50e3b3ab63.jpeg"
"Atta, Rice, Oil & Dals",Organic,"https://cdn.zeptonow.com/production/tr:w-90,ar-500-500,pr-true,f-auto,q-80/cms/sub_category/bdc2a8d7-2749-4707-8a96-c888654d9bb1.png",24 Mantra Organic Active Mantras Low Gi Rice,24 Mantra,140,150,1 pack (1 kg),4.7 (135),In Stock,https://www.zeptonow.com/pn/24-mantra-organic-active-mantras-low-gi-rice/pvid/eeccd781-2f48-4028-af3a-f95a7c230819,"https://cdn.zeptonow.com/production/tr:w-1280,ar-1200-1200,pr-true,f-auto,q-80/cms/product_variant/e0721d19-2204-451a-b244-7809dc794383.jpeg"
"Atta, Rice, Oil & Dals",Organic,"https://cdn.zeptonow.com/production/tr:w-90,ar-500-500,pr-true,f-auto,q-80/cms/sub_category/bdc2a8d7-2749-4707-8a96-c888654d9bb1.png",24 Mantra Organic Tur Dal - Split,24 Mantra,131,145,1 pack (500 g),4.6 (103),In Stock,https://www.zeptonow.com/pn/24-mantra-organic-tur-dal-split/pvid/00610840-fed1-458a-9d1b-bb0cf05fbab0,"https://cdn.zeptonow.com/production/tr:w-1280,ar-1200-1200,pr-true,f-auto,q-80/cms/product_variant/b87cdea1-076f-4191-bea8-550b929b8459.jpeg"
"Atta, Rice, Oil & Dals",Organic,"https://cdn.zeptonow.com/production/tr:w-90,ar-500-500,pr-true,f-auto,q-80/cms/sub_category/bdc2a8d7-2749-4707-8a96-c888654d9bb1.png",Akshayakalpa Organic Cold Pressed Virgin Coconut Oil,Akshayakalpa,665,699,1 pc (500 ml),4.7 (439),In Stock,https://www.zeptonow.com/pn/akshayakalpa-organic-cold-pressed-virgin-coconut-oil/pvid/fe3b7750-2f2a-4743-a83d-6f015ce5e08b,"https://cdn.zeptonow.com/production/tr:w-1280,ar-1000-1000,pr-true,f-auto,q-80/cms/product_variant/c334f645-83fe-4570-a384-9e96d43715ee.jpg"
"Atta, Rice, Oil & Dals",Organic,"https://cdn.zeptonow.com/production/tr:w-90,ar-500-500,pr-true,f-auto,q-80/cms/sub_category/bdc2a8d7-2749-4707-8a96-c888654d9bb1.png",Aashirvaad Organic Chana Dal (Split) | 100% Organic Chana Dal Rich in Protein,Aashirvaad,168,240,1 pack (1 kg),5 (149),In Stock,https://www.zeptonow.com/pn/aashirvaad-organic-chana-dal-split-100-organic-chana-dal-rich-in-protein/pvid/7b8d618d-b4ec-464c-aca6-4603f710076d,"https://cdn.zeptonow.com/production/tr:w-1280,ar-750-750,pr-true,f-auto,q-80/cms/product_variant/930812e8-4fa9-4a09-a61f-9c520e05b777.jpeg"
"Atta, Rice, Oil & Dals",Organic,"https://cdn.zeptonow.com/production/tr:w-90,ar-500-500,pr-true,f-auto,q-80/cms/sub_category/bdc2a8d7-2749-4707-8a96-c888654d9bb1.png",Aashirvaad Organic Arhar/Tur Dal | 100% Organic Arhar/Tur Dal Rich in Protein,Aashirvaad,157,195,1 pack (500 g),4.5 (929),In Stock,https://www.zeptonow.com/pn/aashirvaad-organic-arhartur-dal-100-organic-arhartur-dal-rich-in-protein/pvid/c39ccbe5-bd16-47c7-a697-b802141d6694,"https://cdn.zeptonow.com/production/tr:w-1280,ar-2400-2400,pr-true,f-auto,q-80/cms/product_variant/93733696-0546-4e56-bb44-76b341de2369.jpg"
"Atta, Rice, Oil & Dals",Organic,"https://cdn.zeptonow.com/production/tr:w-90,ar-500-500,pr-true,f-auto,q-80/cms/sub_category/bdc2a8d7-2749-4707-8a96-c888654d9bb1.png",Organic Tattva Sonamasuri Rice White,Organic Tattva,104,130,1 pack (1 kg),4 (404),In Stock,https://www.zeptonow.com/pn/organic-tattva-sonamasuri-rice-white/pvid/10b8240c-4675-49ab-8602-8849b66c413f,"https://cdn.zeptonow.com/production/tr:w-1280,ar-1200-1200,pr-true,f-auto,q-80/cms/product_variant/33656579-5b2b-4ca1-b715-d67cdafeee2c.jpeg"
"Atta, Rice, Oil & Dals",Organic,"https://cdn.zeptonow.com/production/tr:w-90,ar-500-500,pr-true,f-auto,q-80/cms/sub_category/bdc2a8d7-2749-4707-8a96-c888654d9bb1.png",Organic Tattva Cold Pressed Sunflower Oil,Organic Tattva,458,599,1 pc (1 L),4.4 (187),In Stock,https://www.zeptonow.com/pn/organic-tattva-cold-pressed-sunflower-oil/pvid/46b5c8a6-4b6d-41a7-8d6d-4f572a69cb47,"https://cdn.zeptonow.com/production/tr:w-1280,ar-1000-1000,pr-true,f-auto,q-80/cms/product_variant/e41f4681-97af-4830-a3b4-20bc72d39616.jpeg"
"Atta, Rice, Oil & Dals",Organic,"https://cdn.zeptonow.com/production/tr:w-90,ar-500-500,pr-true,f-auto,q-80/cms/sub_category/bdc2a8d7-2749-4707-8a96-c888654d9bb1.png",Conscious Food Organic Quinoa Seeds,Conscious,161,220,1 pack (340 g),4.7 (294),In Stock,https://www.zeptonow.com/pn/conscious-food-organic-quinoa-seeds/pvid/efb21881-a518-43f6-8735-1169b49ac3c5,"https://cdn.zeptonow.com/production/tr:w-1280,ar-1080-1080,pr-true,f-auto,q-80/cms/product_variant/640b3bc5-922f-490d-911d-fafb5bf3cf7f.jpeg"
"Atta, Rice, Oil & Dals",Organic,"https://cdn.zeptonow.com/production/tr:w-90,ar-500-500,pr-true,f-auto,q-80/cms/sub_category/bdc2a8d7-2749-4707-8a96-c888654d9bb1.png",Organic Tattva Moth,Organic Tattva,136,160,1 pack (500 g),4.4 (119),In Stock,https://www.zeptonow.com/pn/organic-tattva-moth/pvid/b07ba926-0366-4fd4-ad13-f94d6ab6436a,"https://cdn.zeptonow.com/production/tr:w-1280,ar-2400-2400,pr-true,f-auto,q-80/cms/product_variant/21022cc9-e911-4b60-a7d3-9ce1d0833225.jpg"
"Atta, Rice, Oil & Dals",Organic,"https://cdn.zeptonow.com/production/tr:w-90,ar-500-500,pr-true,f-auto,q-80/cms/sub_category/bdc2a8d7-2749-4707-8a96-c888654d9bb1.png",Organic Tattva Organic Quinoa,Organic Tattva,257,290,1 pack (500 g),5 (78),In Stock,https://www.zeptonow.com/pn/organic-tattva-organic-quinoa/pvid/3ca6deaf-effe-403c-ad59-c620204ece78,"https://cdn.zeptonow.com/production/tr:w-1280,ar-1500-1500,pr-true,f-auto,q-80/cms/product_variant/afd19f1a-8b1d-4956-816e-208ad615e626.jpeg"
"Atta, Rice, Oil & Dals",Organic,"https://cdn.zeptonow.com/production/tr:w-90,ar-500-500,pr-true,f-auto,q-80/cms/sub_category/bdc2a8d7-2749-4707-8a96-c888654d9bb1.png",Natureland Organics Chana Dal,Natureland,90,120,1 pack (500 g),4.4 (152),In Stock,https://www.zeptonow.com/pn/natureland-organics-chana-dal/pvid/c4537238-1512-40dc-856b-f441694784a1,"https://cdn.zeptonow.com/production/tr:w-1280,ar-2300-2958,pr-true,f-auto,q-80/inventory/product/dab9b16e-b961-4654-a44c-1aaa15bf21ac-/tmp/20230810-1937521.jpeg"
"Atta, Rice, Oil & Dals",Organic,"https://cdn.zeptonow.com/production/tr:w-90,ar-500-500,pr-true,f-auto,q-80/cms/sub_category/bdc2a8d7-2749-4707-8a96-c888654d9bb1.png",Aashirvaad Organic Moong Dal (Split) | 100% Organic Moong Dal Rich in Protein,Aashirvaad,227,310,1 pack (1 kg),4.6 (107),In Stock,https://www.zeptonow.com/pn/aashirvaad-organic-moong-dal-split-100-organic-moong-dal-rich-in-protein/pvid/b92f5d76-960b-4892-9152-fa37db898bee,"https://cdn.zeptonow.com/production/tr:w-1280,ar-2400-2400,pr-true,f-auto,q-80/cms/product_variant/85f2fcc6-93b2-4e6e-9f1c-5d5f4549b559.jpg"
"Atta, Rice, Oil & Dals",Organic,"https://cdn.zeptonow.com/production/tr:w-90,ar-500-500,pr-true,f-auto,q-80/cms/sub_category/bdc2a8d7-2749-4707-8a96-c888654d9bb1.png",Natureland Organics Chana Whole,Natureland,89,117,1 pack (500 g),4.6 (132),In Stock,https://www.zeptonow.com/pn/natureland-organics-chana-whole/pvid/224aaea1-de03-410d-b367-103843c4a39d,"https://cdn.zeptonow.com/production/tr:w-1280,ar-1233-1500,pr-true,f-auto,q-80/cms/product_variant/a3617b08-528f-4814-859c-079afaf53f60.jpg"
"Atta, Rice, Oil & Dals",Organic,"https://cdn.zeptonow.com/production/tr:w-90,ar-500-500,pr-true,f-auto,q-80/cms/sub_category/bdc2a8d7-2749-4707-8a96-c888654d9bb1.png",Tata Sampann Organic Chana Dal,Tata,191,222,1 pack (1 kg),4.7 (107),In Stock,https://www.zeptonow.com/pn/tata-sampann-organic-chana-dal/pvid/184f8da7-2eff-4213-bf09-aa1fcd56a65b,"https://cdn.zeptonow.com/production/tr:w-1280,ar-1001-1001,pr-true,f-auto,q-80/cms/product_variant/4e3fce41-004a-4f67-b888-c193720e738d.jpg"
"Atta, Rice, Oil & Dals",Organic,"https://cdn.zeptonow.com/production/tr:w-90,ar-500-500,pr-true,f-auto,q-80/cms/sub_category/bdc2a8d7-2749-4707-8a96-c888654d9bb1.png",24 Mantra Organic Poha,24 Mantra,77,80,1 pack (500 g),4.5 (173),In Stock,https://www.zeptonow.com/pn/24-mantra-organic-poha/pvid/e80ee02c-1eee-46a1-9fa0-e429a8df6210,"https://cdn.zeptonow.com/production/tr:w-1280,ar-1200-1200,pr-true,f-auto,q-80/cms/product_variant/6f7a2c88-8aa2-49bf-a97d-bc3cb2c8180e.jpeg"
"Atta, Rice, Oil & Dals",Organic,"https://cdn.zeptonow.com/production/tr:w-90,ar-500-500,pr-true,f-auto,q-80/cms/sub_category/bdc2a8d7-2749-4707-8a96-c888654d9bb1.png",Natureland Organics Arhar Dal,Natureland,135,185,1 pack (500 g),4.8 (209),In Stock,https://www.zeptonow.com/pn/natureland-organics-arhar-dal/pvid/0179b2dd-ccaa-4a6b-97ab-6c834aba46ff,"https://cdn.zeptonow.com/production/tr:w-1280,ar-1200-1200,pr-true,f-auto,q-80/cms/product_variant/b470d79d-fbf5-4897-ad6a-ca56b35f0292.jpeg"
"Atta, Rice, Oil & Dals",Organic,"https://cdn.zeptonow.com/production/tr:w-90,ar-500-500,pr-true,f-auto,q-80/cms/sub_category/bdc2a8d7-2749-4707-8a96-c888654d9bb1.png",24 Mantra Organic Mustard Oil | Cold Pressed,24 Mantra,244,340,1 pc (1 L),4.5 (107),In Stock,https://www.zeptonow.com/pn/24-mantra-organic-mustard-oil-cold-pressed/pvid/abf91fe8-3ae5-47f8-9c40-545ba4464450,"https://cdn.zeptonow.com/production/tr:w-1280,ar-1200-1200,pr-true,f-auto,q-80/cms/product_variant/f9a7bed3-ebad-49b2-8574-547a988ffd83.jpeg"
"Atta, Rice, Oil & Dals",Organic,"https://cdn.zeptonow.com/production/tr:w-90,ar-500-500,pr-true,f-auto,q-80/cms/sub_category/bdc2a8d7-2749-4707-8a96-c888654d9bb1.png",24 Mantra Organic Sona Masoori Rice,24 Mantra,475,575,1 pack (5 kg),4.2 (292),In Stock,https://www.zeptonow.com/pn/24-mantra-organic-sona-masoori-rice/pvid/bf103eb4-f2a8-4a8b-a258-a6ef62a622ad,"https://cdn.zeptonow.com/production/tr:w-1280,ar-1200-1200,pr-true,f-auto,q-80/cms/product_variant/9f873f56-1966-454a-9df9-28537c59324c.jpeg"
"Atta, Rice, Oil & Dals",Organic,"https://cdn.zeptonow.com/production/tr:w-90,ar-500-500,pr-true,f-auto,q-80/cms/sub_category/bdc2a8d7-2749-4707-8a96-c888654d9bb1.png",Two Brothers Woodpressed Coconut Oil Single-filtered | Plastic bottle,Two Brothers,879,945,1 pc (1 L),4.6 (892),In Stock,https://www.zeptonow.com/pn/two-brothers-woodpressed-coconut-oil-single-filtered-plastic-bottle/pvid/cee0e4b1-9d87-4a04-8b44-8f83f781f8fa,"https://cdn.zeptonow.com/production/tr:w-1280,ar-2000-2000,pr-true,f-auto,q-80/cms/product_variant/88559ab2-88c8-4579-8081-6f884fbce8cb.jpeg"
"Atta, Rice, Oil & Dals",Organic,"https://cdn.zeptonow.com/production/tr:w-90,ar-500-500,pr-true,f-auto,q-80/cms/sub_category/bdc2a8d7-2749-4707-8a96-c888654d9bb1.png",Conscious Food Organic Mustard Oil,Conscious,281,425,1 pc (1 L),5 (108),In Stock,https://www.zeptonow.com/pn/conscious-food-organic-mustard-oil/pvid/6be0ded8-72fc-4c0e-a61f-ecb8bec2a457,"https://cdn.zeptonow.com/production/tr:w-1280,ar-1080-1080,pr-true,f-auto,q-80/cms/product_variant/a1e312bf-0e35-462a-af28-559da5301750.jpeg"
"Atta, Rice, Oil & Dals",Organic,"https://cdn.zeptonow.com/production/tr:w-90,ar-500-500,pr-true,f-auto,q-80/cms/sub_category/bdc2a8d7-2749-4707-8a96-c888654d9bb1.png",24 Mantra Organic Sona Masuri Brown Rice,24 Mantra,490,550,1 pack (5 kg),4 (130),In Stock,https://www.zeptonow.com/pn/24-mantra-organic-sona-masuri-brown-rice/pvid/50f15b2b-0e9e-4271-879a-feb8972a9222,"https://cdn.zeptonow.com/production/tr:w-1280,ar-1200-1200,pr-true,f-auto,q-80/cms/product_variant/94b80f79-cb34-4d17-b6fb-ab77e1c65d8c.jpeg"
"Atta, Rice, Oil & Dals",Organic,"https://cdn.zeptonow.com/production/tr:w-90,ar-500-500,pr-true,f-auto,q-80/cms/sub_category/bdc2a8d7-2749-4707-8a96-c888654d9bb1.png",Popular Organic Toor Dal / Pigeon Peas | Ahar Dal,Popular,216,380,1 pack (1 kg),4.7 (389),In Stock,https://www.zeptonow.com/pn/popular-organic-toor-dal-pigeon-peas-ahar-dal/pvid/56f117ea-1e24-4a75-992d-c3f15b9ae246,"https://cdn.zeptonow.com/production/tr:w-1280,ar-1201-1201,pr-true,f-auto,q-80/cms/product_variant/e2cc00f8-e72d-45d5-bf5e-25fdbabde3c0.jpeg"
"Atta, Rice, Oil & Dals",Organic,"https://cdn.zeptonow.com/production/tr:w-90,ar-500-500,pr-true,f-auto,q-80/cms/sub_category/bdc2a8d7-2749-4707-8a96-c888654d9bb1.png",Organic Tattva Organic Biryani Basmati Rice,Organic Tattva,821,1089,1 pack (5 kg),5 (62),In Stock,https://www.zeptonow.com/pn/organic-tattva-organic-biryani-basmati-rice/pvid/cccae6ff-490d-44cf-a12b-1c7b48d90e7a,"https://cdn.zeptonow.com/production/tr:w-1280,ar-1500-1500,pr-true,f-auto,q-80/cms/product_variant/16405267-bc54-49d4-9e6a-16034b5b4242.jpeg"
"Atta, Rice, Oil & Dals",Organic,"https://cdn.zeptonow.com/production/tr:w-90,ar-500-500,pr-true,f-auto,q-80/cms/sub_category/bdc2a8d7-2749-4707-8a96-c888654d9bb1.png",Earthen Story Organic Bajra Atta,Earthen,135,200,1 pack (900 gm),4.5 (86),Sold Out,https://www.zeptonow.com/pn/earthen-story-organic-bajra-atta/pvid/9de77307-fed5-4c64-8bd5-c06911136ce2,"https://cdn.zeptonow.com/production/tr:w-1280,ar-1500-1500,pr-true,f-auto,q-80/cms/product_variant/84331ffd-7f8a-4326-829e-c32fa813bd78.jpeg"
"Atta, Rice, Oil & Dals",Organic,"https://cdn.zeptonow.com/production/tr:w-90,ar-500-500,pr-true,f-auto,q-80/cms/sub_category/bdc2a8d7-2749-4707-8a96-c888654d9bb1.png",Earthen Story Organic Jowar Atta,Earthen,135,200,1 pack (900 g),5 (68),Sold Out,https://www.zeptonow.com/pn/earthen-story-organic-jowar-atta/pvid/3faac475-b8fd-48a5-9862-225ecfb8fd9b,"https://cdn.zeptonow.com/production/tr:w-1280,ar-1500-1500,pr-true,f-auto,q-80/cms/product_variant/da8845f8-21e6-416e-a795-b167abfe8ba4.jpeg"
"Atta, Rice, Oil & Dals",Organic,"https://cdn.zeptonow.com/production/tr:w-90,ar-500-500,pr-true,f-auto,q-80/cms/sub_category/bdc2a8d7-2749-4707-8a96-c888654d9bb1.png",Earthen Story Certified Organic Quinoa,Earthen,275,275,1 pack (500 g),4.5 (484),Sold Out,https://www.zeptonow.com/pn/earthen-story-certified-organic-quinoa/pvid/bd00d3e6-0a76-461d-bfad-83a9656f1eaa,"https://cdn.zeptonow.com/production/tr:w-1280,ar-1500-1500,pr-true,f-auto,q-80/cms/product_variant/72a6a948-b398-4ee1-94c5-726760b0ac51.jpeg"
"Atta, Rice, Oil & Dals",Organic,"https://cdn.zeptonow.com/production/tr:w-90,ar-500-500,pr-true,f-auto,q-80/cms/sub_category/bdc2a8d7-2749-4707-8a96-c888654d9bb1.png",Earthen Story Organic Cold Pressed Extra Virgin Coconut Oil,Earthen,425,650,1 pc (500 ml),5 (49),Sold Out,https://www.zeptonow.com/pn/earthen-story-organic-cold-pressed-extra-virgin-coconut-oil/pvid/671dbea4-bc15-4037-beb5-6de5a646ebe8,"https://cdn.zeptonow.com/production/tr:w-1280,ar-679-669,pr-true,f-auto,q-80/cms/product_variant/fc257c33-6fa6-44fa-a4a0-cdb248e136ff.jpg"
"Atta, Rice, Oil & Dals",Organic,"https://cdn.zeptonow.com/production/tr:w-90,ar-500-500,pr-true,f-auto,q-80/cms/sub_category/bdc2a8d7-2749-4707-8a96-c888654d9bb1.png",Kapiva Organic Cow Ghee,Kapiva,699,799,1 pc (500 ml),4.7 (217),Sold Out,https://www.zeptonow.com/pn/kapiva-organic-cow-ghee/pvid/e5adb906-d1bd-41bd-aa4d-11678acfa6f3,"https://cdn.zeptonow.com/production/tr:w-1280,ar-1500-1500,pr-true,f-auto,q-80/cms/product_variant/a8adea19-d62b-4659-9b9a-e2d7db767929.jpeg"
"Atta, Rice, Oil & Dals",Organic,"https://cdn.zeptonow.com/production/tr:w-90,ar-500-500,pr-true,f-auto,q-80/cms/sub_category/bdc2a8d7-2749-4707-8a96-c888654d9bb1.png",Two Brothers A2 Cow Cultured Ghee Desi Gir Cow | Jar,Two Brothers,1758,1850,1 pc (500 ml),4.9 (115),Sold Out,https://www.zeptonow.com/pn/two-brothers-a2-cow-cultured-ghee-desi-gir-cow-jar/pvid/42512c87-0b73-46a9-86c0-5bb8739c13dd,"https://cdn.zeptonow.com/production/tr:w-1280,ar-679-679,pr-true,f-auto,q-80/cms/product_variant/7cd81f8f-2e03-4703-824c-b07390f9e089.jpeg"
"Atta, Rice, Oil & Dals",Organic,"https://cdn.zeptonow.com/production/tr:w-90,ar-500-500,pr-true,f-auto,q-80/cms/sub_category/bdc2a8d7-2749-4707-8a96-c888654d9bb1.png",Two Brothers A2 Cow Cultured Ghee Desi Gir Cow | Jar,Two Brothers,969,999,1 pc (250 ml),4.8 (95),Sold Out,https://www.zeptonow.com/pn/two-brothers-a2-cow-cultured-ghee-desi-gir-cow-jar/pvid/0bc2416e-3ff4-432e-808d-9e5b450f3395,"https://cdn.zeptonow.com/production/tr:w-1280,ar-1500-1500,pr-true,f-auto,q-80/cms/product_variant/f301549d-8547-448e-8cf9-68adf576ba2e.jpeg"
"Atta, Rice, Oil & Dals",Organic,"https://cdn.zeptonow.com/production/tr:w-90,ar-500-500,pr-true,f-auto,q-80/cms/sub_category/bdc2a8d7-2749-4707-8a96-c888654d9bb1.png",24 Mantra Organic Ragi Flour,24 Mantra,73,75,1 pack (500 g),4.5 (1.3k),Sold Out,https://www.zeptonow.com/pn/24-mantra-organic-ragi-flour/pvid/a7861fd9-190c-4bb1-9b00-00e402cf133f,"https://cdn.zeptonow.com/production/tr:w-1280,ar-1200-1200,pr-true,f-auto,q-80/cms/product_variant/0232f00b-b5c3-4448-a94b-d08a3ac6098a.jpeg"
"Atta, Rice, Oil & Dals",Organic,"https://cdn.zeptonow.com/production/tr:w-90,ar-500-500,pr-true,f-auto,q-80/cms/sub_category/bdc2a8d7-2749-4707-8a96-c888654d9bb1.png","Aashirvaad Organic 100% Organic Whole Wheat Atta, 0% Maida",Aashirvaad,71,84,1 pack (1 kg),4.8 (363),Sold Out,https://www.zeptonow.com/pn/aashirvaad-organic-100-organic-whole-wheat-atta-0-maida/pvid/d7ab0955-f1a3-44cc-a849-fa43a4bee931,"https://cdn.zeptonow.com/production/tr:w-1280,ar-1200-1200,pr-true,f-auto,q-80/cms/product_variant/0b227397-3789-4e58-954e-d3c2729e7007.jpg"
"Atta, Rice, Oil & Dals",Organic,"https://cdn.zeptonow.com/production/tr:w-90,ar-500-500,pr-true,f-auto,q-80/cms/sub_category/bdc2a8d7-2749-4707-8a96-c888654d9bb1.png","Aashirvaad Organic 100% Organic Whole Wheat Atta, 0% Maida",Aashirvaad,329,411,1 pack (5 kg),4.7 (3.7k),Sold Out,https://www.zeptonow.com/pn/aashirvaad-organic-100-organic-whole-wheat-atta-0-maida/pvid/6b81904d-64e3-48a8-8218-0811995b817a,"https://cdn.zeptonow.com/production/tr:w-1280,ar-1200-1200,pr-true,f-auto,q-80/cms/product_variant/e033e992-2f91-4dd1-b3eb-2c6da5313c3b.jpg"
"Atta, Rice, Oil & Dals",Organic,"https://cdn.zeptonow.com/production/tr:w-90,ar-500-500,pr-true,f-auto,q-80/cms/sub_category/bdc2a8d7-2749-4707-8a96-c888654d9bb1.png",Organic Tattva Bajra Flour,Organic Tattva,64,75,1 pack (500 g),4.2 (573),Sold Out,https://www.zeptonow.com/pn/organic-tattva-bajra-flour/pvid/a0be231a-63a3-472d-9a1b-d8844053f0c5,"https://cdn.zeptonow.com/production/tr:w-1280,ar-1500-1500,pr-true,f-auto,q-80/cms/product_variant/5cb42487-be80-4284-81e3-5568565cfa2d.jpeg"
"Atta, Rice, Oil & Dals",Organic,"https://cdn.zeptonow.com/production/tr:w-90,ar-500-500,pr-true,f-auto,q-80/cms/sub_category/bdc2a8d7-2749-4707-8a96-c888654d9bb1.png","Two Brothers Stoneground Khapli | Emmer Wheat Atta, High Fibre",Two Brothers,240,259,1 pack (1 kg),4.1 (98),Sold Out,https://www.zeptonow.com/pn/two-brothers-stoneground-khapli-emmer-wheat-atta-high-fibre/pvid/85c59164-fd81-4251-a567-6755b388ab12,"https://cdn.zeptonow.com/production/tr:w-1280,ar-2000-2000,pr-true,f-auto,q-80/cms/product_variant/07951f8e-9387-4af9-9904-4df51ca53813.jpeg"
"Atta, Rice, Oil & Dals",Organic,"https://cdn.zeptonow.com/production/tr:w-90,ar-500-500,pr-true,f-auto,q-80/cms/sub_category/bdc2a8d7-2749-4707-8a96-c888654d9bb1.png",Natureland Organics Chana Besan,Natureland,77,125,1 pack (500 g),4.9 (136),Sold Out,https://www.zeptonow.com/pn/natureland-organics-chana-besan/pvid/51312af5-65ae-40e9-8ab1-6d8668dddc2a,"https://cdn.zeptonow.com/production/tr:w-1280,ar-2400-2400,pr-true,f-auto,q-80/cms/product_variant/a085daa2-38ac-434f-8d87-6990274a72e2.jpeg"
"Atta, Rice, Oil & Dals",Organic,"https://cdn.zeptonow.com/production/tr:w-90,ar-500-500,pr-true,f-auto,q-80/cms/sub_category/bdc2a8d7-2749-4707-8a96-c888654d9bb1.png",Organic Tattva Maize Flour | Makka Atta,Organic Tattva,70,70,1 pack (500 g),4.7 (556),Sold Out,https://www.zeptonow.com/pn/organic-tattva-maize-flour-makka-atta/pvid/7692bef2-525f-4fa0-93ec-53cd8b977620,"https://cdn.zeptonow.com/production/tr:w-1280,ar-1500-1500,pr-true,f-auto,q-80/cms/product_variant/2d73eb69-87c3-4bf9-86d4-9f43867655e1.jpeg"
"Atta, Rice, Oil & Dals",Organic,"https://cdn.zeptonow.com/production/tr:w-90,ar-500-500,pr-true,f-auto,q-80/cms/sub_category/bdc2a8d7-2749-4707-8a96-c888654d9bb1.png",Organic Tattva Multigrain Flour,Organic Tattva,101,125,1 pack (1 kg),4.4 (345),Sold Out,https://www.zeptonow.com/pn/organic-tattva-multigrain-flour/pvid/c52204c0-8e23-404f-bc7e-dc0450a71696,"https://cdn.zeptonow.com/production/tr:w-1280,ar-1500-1500,pr-true,f-auto,q-80/cms/product_variant/081abe61-a7b6-4ae9-8121-6abedd77a70f.jpeg"
"Atta, Rice, Oil & Dals",Organic,"https://cdn.zeptonow.com/production/tr:w-90,ar-500-500,pr-true,f-auto,q-80/cms/sub_category/bdc2a8d7-2749-4707-8a96-c888654d9bb1.png",Natureland Fresh Chakki Organic Atta,Natureland,166,248,1 pack (3 kg),4.9 (221),Sold Out,https://www.zeptonow.com/pn/natureland-fresh-chakki-organic-atta/pvid/73d659b8-5fce-41c2-b85d-4778eff07d2e,"https://cdn.zeptonow.com/production/tr:w-1280,ar-2000-2000,pr-true,f-auto,q-80/cms/product_variant/2a5d8273-c7a8-487d-b990-ad0b9d0a22ee.jpg"
"Atta, Rice, Oil & Dals",Organic,"https://cdn.zeptonow.com/production/tr:w-90,ar-500-500,pr-true,f-auto,q-80/cms/sub_category/bdc2a8d7-2749-4707-8a96-c888654d9bb1.png",Two Brothers Khapli | Emmer Long Wheat Atta Stoneground,Two Brothers,474,499,1 pack (2 kg),4.2 (526),Sold Out,https://www.zeptonow.com/pn/two-brothers-khapli-emmer-long-wheat-atta-stoneground/pvid/370fe3c6-58c9-42a1-af1f-8ce189a3efae,"https://cdn.zeptonow.com/production/tr:w-1280,ar-1500-1500,pr-true,f-auto,q-80/cms/product_variant/4729b40c-b51a-4d66-9e41-39b392c1e0bf.jpeg"
"Atta, Rice, Oil & Dals",Organic,"https://cdn.zeptonow.com/production/tr:w-90,ar-500-500,pr-true,f-auto,q-80/cms/sub_category/bdc2a8d7-2749-4707-8a96-c888654d9bb1.png",24 Mantra Organic Red Poha,24 Mantra,75,85,1 pack (500 g),4.9 (203),Sold Out,https://www.zeptonow.com/pn/24-mantra-organic-red-poha/pvid/5d834501-4b99-4a8e-8c33-cbcbe9796bcb,"https://cdn.zeptonow.com/production/tr:w-1280,ar-1200-1200,pr-true,f-auto,q-80/cms/product_variant/1a79bd8f-6891-4aa2-81e7-4b087e391d26.jpeg"
"Atta, Rice, Oil & Dals",Organic,"https://cdn.zeptonow.com/production/tr:w-90,ar-500-500,pr-true,f-auto,q-80/cms/sub_category/bdc2a8d7-2749-4707-8a96-c888654d9bb1.png",Natureland Murmure Organic Murmura,Natureland,46,55,1 pack (200 g),4.5 (300),Sold Out,https://www.zeptonow.com/pn/natureland-murmure-organic-murmura/pvid/ef476c17-a549-4884-85c1-e025e84a5a95,"https://cdn.zeptonow.com/production/tr:w-1280,ar-1500-1500,pr-true,f-auto,q-80/cms/product_variant/0a96500b-6e2a-4e54-9fb2-2434be9a015e.jpeg"
"Atta, Rice, Oil & Dals",Organic,"https://cdn.zeptonow.com/production/tr:w-90,ar-500-500,pr-true,f-auto,q-80/cms/sub_category/bdc2a8d7-2749-4707-8a96-c888654d9bb1.png",Natureland Organics Buckwheat Flour,Natureland,137,195,1 pack (500 g),4.9 (120),Sold Out,https://www.zeptonow.com/pn/natureland-organics-buckwheat-flour/pvid/98531ab9-7566-47cb-b9e1-44c5e5f6dcc2,"https://cdn.zeptonow.com/production/tr:w-1280,ar-2000-2000,pr-true,f-auto,q-80/cms/product_variant/b7f57e2c-c904-4398-82d3-a20f7e02b1bf.jpg"
"Atta, Rice, Oil & Dals",Organic,"https://cdn.zeptonow.com/production/tr:w-90,ar-500-500,pr-true,f-auto,q-80/cms/sub_category/bdc2a8d7-2749-4707-8a96-c888654d9bb1.png",Milkymist Cow Ghee Pet Jar,Milkymist,601,849,1 pc (1 L),4.6 (296),Sold Out,https://www.zeptonow.com/pn/milkymist-cow-ghee-pet-jar/pvid/63b7997f-c1d0-448d-a167-6e9232214f90,"https://cdn.zeptonow.com/production/tr:w-1280,ar-1600-1600,pr-true,f-auto,q-80/cms/product_variant/4843e969-1367-4561-9c8a-4dcc5b0d94a7.jpg"
"Atta, Rice, Oil & Dals",Organic,"https://cdn.zeptonow.com/production/tr:w-90,ar-500-500,pr-true,f-auto,q-80/cms/sub_category/bdc2a8d7-2749-4707-8a96-c888654d9bb1.png",Himalayan Natives Organic Bilona Cow Ghee Jar,Himalayan,569,660,1 pc (500 ml),4.6 (365),Sold Out,https://www.zeptonow.com/pn/himalayan-natives-organic-bilona-cow-ghee-jar/pvid/8c58ce35-42b0-4f5e-b9d2-4a02eed65a80,"https://cdn.zeptonow.com/production/tr:w-1280,ar-1080-1080,pr-true,f-auto,q-80/cms/product_variant/207495f2-5a86-45d8-9964-3982b52f74a4.jpeg"
"Atta, Rice, Oil & Dals",Organic,"https://cdn.zeptonow.com/production/tr:w-90,ar-500-500,pr-true,f-auto,q-80/cms/sub_category/bdc2a8d7-2749-4707-8a96-c888654d9bb1.png",Natureland Organic Malka Masoor,Natureland,86,135,1 pack (500 g),4.6 (195),Sold Out,https://www.zeptonow.com/pn/natureland-organic-malka-masoor/pvid/0ad4ca26-a4fe-417f-b01e-3fda1d279816,"https://cdn.zeptonow.com/production/tr:w-1280,ar-2000-2000,pr-true,f-auto,q-80/cms/product_variant/7209f7d1-980f-40c8-918e-b1568bc2e247.jpg"
"Atta, Rice, Oil & Dals",Organic,"https://cdn.zeptonow.com/production/tr:w-90,ar-500-500,pr-true,f-auto,q-80/cms/sub_category/bdc2a8d7-2749-4707-8a96-c888654d9bb1.png",Natureland Organics Green Moong Dal Whole,Natureland,115,145,1 pack (500 g),4.7 (166),Sold Out,https://www.zeptonow.com/pn/natureland-organics-green-moong-dal-whole/pvid/030c3c12-9b6d-4d5b-b44b-89faeab61ac9,"https://cdn.zeptonow.com/production/tr:w-1280,ar-2400-2400,pr-true,f-auto,q-80/cms/product_variant/24e544bf-9402-4f48-aeaa-ad43ec3553b0.jpeg"
"Atta, Rice, Oil & Dals",Organic,"https://cdn.zeptonow.com/production/tr:w-90,ar-500-500,pr-true,f-auto,q-80/cms/sub_category/bdc2a8d7-2749-4707-8a96-c888654d9bb1.png",24 Mantra Organic Moong Dal,24 Mantra,121,135,1 pack (500 g),4 (194),Sold Out,https://www.zeptonow.com/pn/24-mantra-organic-moong-dal/pvid/2ef1234d-0ded-4558-8103-d6feec9f36ab,"https://cdn.zeptonow.com/production/tr:w-1280,ar-1200-1200,pr-true,f-auto,q-80/cms/product_variant/944fa7b2-6bc0-4e6d-8240-63012f680295.jpeg"
"Atta, Rice, Oil & Dals",Organic,"https://cdn.zeptonow.com/production/tr:w-90,ar-500-500,pr-true,f-auto,q-80/cms/sub_category/bdc2a8d7-2749-4707-8a96-c888654d9bb1.png",Two Brothers A2 Buffalo Ghee | Jar,Two Brothers,1080,1149,1 pc (500 ml),4.4 (90),Sold Out,https://www.zeptonow.com/pn/two-brothers-a2-buffalo-ghee-jar/pvid/7da58ca3-8f5e-443a-bc95-7bfc34ed03f2,"https://cdn.zeptonow.com/production/tr:w-1280,ar-1500-1500,pr-true,f-auto,q-80/cms/product_variant/adc75ced-bfc2-4dd1-9280-ffce92c0bced.jpeg"
"Atta, Rice, Oil & Dals",Organic,"https://cdn.zeptonow.com/production/tr:w-90,ar-500-500,pr-true,f-auto,q-80/cms/sub_category/bdc2a8d7-2749-4707-8a96-c888654d9bb1.png",Conscious Food Natural Groundnut Oil Cold Pressed | Bottle,Conscious,192,295,1 pc (500 ml),4.3 (56),Sold Out,https://www.zeptonow.com/pn/conscious-food-natural-groundnut-oil-cold-pressed-bottle/pvid/8d99f532-14da-47ca-b6d3-53f50335e4d3,"https://cdn.zeptonow.com/production/tr:w-1280,ar-1080-1080,pr-true,f-auto,q-80/cms/product_variant/f8e2c276-2d19-4e39-8668-dd556219e54d.jpeg"
"Atta, Rice, Oil & Dals",Organic,"https://cdn.zeptonow.com/production/tr:w-90,ar-500-500,pr-true,f-auto,q-80/cms/sub_category/bdc2a8d7-2749-4707-8a96-c888654d9bb1.png",Natureland Organic Masoor Dal Split Washed,Natureland,82,130,1 pack (500 g),5 (206),Sold Out,https://www.zeptonow.com/pn/natureland-organic-masoor-dal-split-washed/pvid/eda3c6e2-42db-4fd1-a981-0936696a05c9,"https://cdn.zeptonow.com/production/tr:w-1280,ar-2400-2400,pr-true,f-auto,q-80/cms/product_variant/dd055090-8f5b-473a-ba55-8a5b401649bb.jpeg"
"Atta, Rice, Oil & Dals",Organic,"https://cdn.zeptonow.com/production/tr:w-90,ar-500-500,pr-true,f-auto,q-80/cms/sub_category/bdc2a8d7-2749-4707-8a96-c888654d9bb1.png",Organic Tattva Organic Cow Ghee,Organic Tattva,809,849,1 pc (500 ml),5 (65),Sold Out,https://www.zeptonow.com/pn/organic-tattva-organic-cow-ghee/pvid/fd02215a-7ef4-4b4c-9775-8c5108e92944,"https://cdn.zeptonow.com/production/tr:w-1280,ar-1500-1500,pr-true,f-auto,q-80/cms/product_variant/41e821d2-55ec-4a86-a256-1ff43a9b002f.jpeg"
"Atta, Rice, Oil & Dals",Organic,"https://cdn.zeptonow.com/production/tr:w-90,ar-500-500,pr-true,f-auto,q-80/cms/sub_category/bdc2a8d7-2749-4707-8a96-c888654d9bb1.png",Two Brothers Foxtail Millet | Pouch,Two Brothers,158,170,1 pack (500 g),5 (130),Sold Out,https://www.zeptonow.com/pn/two-brothers-foxtail-millet-pouch/pvid/f95ed282-41b5-4602-a6b0-942502652466,"https://cdn.zeptonow.com/production/tr:w-1280,ar-1800-1800,pr-true,f-auto,q-80/cms/product_variant/6eb4a53b-506c-4630-906d-65a647b4db08.jpeg"
"Atta, Rice, Oil & Dals",Organic,"https://cdn.zeptonow.com/production/tr:w-90,ar-500-500,pr-true,f-auto,q-80/cms/sub_category/bdc2a8d7-2749-4707-8a96-c888654d9bb1.png",Aashirvaad Organic Moong Dal (Split) | 100% Organic Moong Dal Rich in Protein,Aashirvaad,126,155,1 pack (500 g),4.6 (178),Sold Out,https://www.zeptonow.com/pn/aashirvaad-organic-moong-dal-split-100-organic-moong-dal-rich-in-protein/pvid/6b346438-8751-4e24-b173-70a7b7c9d8b4,"https://cdn.zeptonow.com/production/tr:w-1280,ar-2400-2400,pr-true,f-auto,q-80/cms/product_variant/0712389a-7681-4dff-bcf2-b5d425bc6544.jpg"
"Atta, Rice, Oil & Dals",Organic,"https://cdn.zeptonow.com/production/tr:w-90,ar-500-500,pr-true,f-auto,q-80/cms/sub_category/bdc2a8d7-2749-4707-8a96-c888654d9bb1.png",Natureland Organic Kodo Millet,Natureland,103,149,1 pack (500 g),4 (131),Sold Out,https://www.zeptonow.com/pn/natureland-organic-kodo-millet/pvid/3f07a1f0-2ac4-4a57-8d43-4e8d22b7bccb,"https://cdn.zeptonow.com/production/tr:w-1280,ar-2400-2400,pr-true,f-auto,q-80/cms/product_variant/cf7e606e-6cc6-44e4-98a5-49701cfecc7c.jpeg"
"Atta, Rice, Oil & Dals",Organic,"https://cdn.zeptonow.com/production/tr:w-90,ar-500-500,pr-true,f-auto,q-80/cms/sub_category/bdc2a8d7-2749-4707-8a96-c888654d9bb1.png",Aashirvaad Organic Chana Dal (Split) | 100% Organic Chana Dal Rich in Protein,Aashirvaad,98,125,1 pack (500 g),4.9 (198),Sold Out,https://www.zeptonow.com/pn/aashirvaad-organic-chana-dal-split-100-organic-chana-dal-rich-in-protein/pvid/ca60305e-908c-4df7-9b82-6253ef7fb822,"https://cdn.zeptonow.com/production/tr:w-1280,ar-1200-1200,pr-true,f-auto,q-80/cms/product_variant/47113eb6-d8cf-4278-9009-93b1e270f269.jpg"
"Atta, Rice, Oil & Dals",Organic,"https://cdn.zeptonow.com/production/tr:w-90,ar-500-500,pr-true,f-auto,q-80/cms/sub_category/bdc2a8d7-2749-4707-8a96-c888654d9bb1.png",Natureland Organic Coconut Oil,Natureland,248,425,1 pc (400 ml),4.9 (142),Sold Out,https://www.zeptonow.com/pn/natureland-organic-coconut-oil/pvid/5058c36a-c98f-4c82-8533-f7f3d6745415,"https://cdn.zeptonow.com/production/tr:w-1280,ar-1500-1466,pr-true,f-auto,q-80/cms/product_variant/8808f0a6-4140-465f-a4e8-59681d43a244.jpg"
"Atta, Rice, Oil & Dals",Organic,"https://cdn.zeptonow.com/production/tr:w-90,ar-500-500,pr-true,f-auto,q-80/cms/sub_category/bdc2a8d7-2749-4707-8a96-c888654d9bb1.png",Organic Tattva Arhar Tur Dal,Organic Tattva,129,185,1 pack (500 g),4.9 (362),Sold Out,https://www.zeptonow.com/pn/organic-tattva-arhar-tur-dal/pvid/f050edbf-2f5e-4f97-a558-3b0fc7a99ad2,"https://cdn.zeptonow.com/production/tr:w-1280,ar-1500-1500,pr-true,f-auto,q-80/cms/product_variant/6e68db2e-3789-4a2d-a96c-62e0a6baacd4.jpeg"
"Atta, Rice, Oil & Dals",Organic,"https://cdn.zeptonow.com/production/tr:w-90,ar-500-500,pr-true,f-auto,q-80/cms/sub_category/bdc2a8d7-2749-4707-8a96-c888654d9bb1.png",Organic Tattva Kabuli Chana,Organic Tattva,170,199,1 pack (500 g),4.5 (260),Sold Out,https://www.zeptonow.com/pn/organic-tattva-kabuli-chana/pvid/a76e7f5d-6d4b-4cd0-9c08-ed7347e3a811,"https://cdn.zeptonow.com/production/tr:w-1280,ar-1080-1080,pr-true,f-auto,q-80/cms/product_variant/c7ac90cc-6ebf-4f10-8a32-87f92a73886f.jpg"
"Atta, Rice, Oil & Dals",Organic,"https://cdn.zeptonow.com/production/tr:w-90,ar-500-500,pr-true,f-auto,q-80/cms/sub_category/bdc2a8d7-2749-4707-8a96-c888654d9bb1.png",Organic Tattva Red Rice,Organic Tattva,160,189,1 pack (1 kg),4 (292),Sold Out,https://www.zeptonow.com/pn/organic-tattva-red-rice/pvid/68e399a3-0642-454e-a26a-edeb57c399e6,"https://cdn.zeptonow.com/production/tr:w-1280,ar-1500-1500,pr-true,f-auto,q-80/cms/product_variant/b48d9e2a-d060-4907-a829-23ee24df697d.jpeg"
"Atta, Rice, Oil & Dals",Organic,"https://cdn.zeptonow.com/production/tr:w-90,ar-500-500,pr-true,f-auto,q-80/cms/sub_category/bdc2a8d7-2749-4707-8a96-c888654d9bb1.png",Organic Tattva Tur Dal Pouch,Organic Tattva,237,365,1 pack (1 kg),4.9 (352),Sold Out,https://www.zeptonow.com/pn/organic-tattva-tur-dal-pouch/pvid/e8da4299-1cf4-42ec-bdb0-8441725426a1,"https://cdn.zeptonow.com/production/tr:w-1280,ar-1500-1500,pr-true,f-auto,q-80/cms/product_variant/a4961ec0-f980-461e-ae9f-ce0cd037a407.jpeg"
"Atta, Rice, Oil & Dals",Organic,"https://cdn.zeptonow.com/production/tr:w-90,ar-500-500,pr-true,f-auto,q-80/cms/sub_category/bdc2a8d7-2749-4707-8a96-c888654d9bb1.png",Tata Sampann Organic Toor /Arhar Dal,Tata,206,275,1 pack (1 kg),4.7 (335),Sold Out,https://www.zeptonow.com/pn/tata-sampann-organic-toor-arhar-dal/pvid/49e9d348-c2c4-4e39-97d2-1423e0eed04c,"https://cdn.zeptonow.com/production/tr:w-1280,ar-1500-1500,pr-true,f-auto,q-80/cms/product_variant/b96f669f-ba6f-4d15-ac46-d1499443f737.jpg"
"Atta, Rice, Oil & Dals",Organic,"https://cdn.zeptonow.com/production/tr:w-90,ar-500-500,pr-true,f-auto,q-80/cms/sub_category/bdc2a8d7-2749-4707-8a96-c888654d9bb1.png",Conscious Food Organic Mustard Oil | Bottle,Conscious,164,240,1 pc (500 ml),4.7 (223),Sold Out,https://www.zeptonow.com/pn/conscious-food-organic-mustard-oil-bottle/pvid/e45280ba-8978-421f-bbfd-100cb74c69ca,"https://cdn.zeptonow.com/production/tr:w-1280,ar-1080-1080,pr-true,f-auto,q-80/cms/product_variant/012db76c-6e57-4353-a666-f9ae5f4a2af2.jpeg"
"Atta, Rice, Oil & Dals",Organic,"https://cdn.zeptonow.com/production/tr:w-90,ar-500-500,pr-true,f-auto,q-80/cms/sub_category/bdc2a8d7-2749-4707-8a96-c888654d9bb1.png",Natureland Organics Rice Poha,Natureland,80,90,1 pack (500 g),4.9 (165),Sold Out,https://www.zeptonow.com/pn/natureland-organics-rice-poha/pvid/0844b709-8521-440d-b7e3-e85840fa93d5,"https://cdn.zeptonow.com/production/tr:w-1280,ar-2000-2000,pr-true,f-auto,q-80/cms/product_variant/407faee0-301e-4f3a-8fa2-239f4c3b3138.jpg"
"Atta, Rice, Oil & Dals",Organic,"https://cdn.zeptonow.com/production/tr:w-90,ar-500-500,pr-true,f-auto,q-80/cms/sub_category/bdc2a8d7-2749-4707-8a96-c888654d9bb1.png",Organic Tattva Rajma Chitra,Organic Tattva,196,235,1 pack (500 g),5 (124),Sold Out,https://www.zeptonow.com/pn/organic-tattva-rajma-chitra/pvid/401c0488-1179-4815-b1ee-e679e53c474f,"https://cdn.zeptonow.com/production/tr:w-1280,ar-1500-1500,pr-true,f-auto,q-80/cms/product_variant/4c11113c-dc3c-4bcc-8a65-4968d22dc8f8.jpeg"
"Atta, Rice, Oil & Dals",Organic,"https://cdn.zeptonow.com/production/tr:w-90,ar-500-500,pr-true,f-auto,q-80/cms/sub_category/bdc2a8d7-2749-4707-8a96-c888654d9bb1.png",Tata Sampann Organic Toor Dal/Togari Bele,Tata,118,140,1 pack (500 g),4.8 (376),Sold Out,https://www.zeptonow.com/pn/tata-sampann-organic-toor-daltogari-bele/pvid/8ac39629-0d08-453d-8048-d725d13aa307,"https://cdn.zeptonow.com/production/tr:w-1280,ar-1000-1000,pr-true,f-auto,q-80/inventory/product/8ac39629-0d08-453d-8048-d725d13aa307-14JdNIJcyfrsqIS-qjUW33B4UdkGJCXnt.jpeg"
"Atta, Rice, Oil & Dals",Organic,"https://cdn.zeptonow.com/production/tr:w-90,ar-500-500,pr-true,f-auto,q-80/cms/sub_category/bdc2a8d7-2749-4707-8a96-c888654d9bb1.png",Organic Tattva Peanuts,Organic Tattva,285,365,1 pack (500 g),4.4 (76),Sold Out,https://www.zeptonow.com/pn/organic-tattva-peanuts/pvid/417db0c1-5909-4473-b2ab-a7c4b1c27649,"https://cdn.zeptonow.com/production/tr:w-1280,ar-1500-1500,pr-true,f-auto,q-80/cms/product_variant/f76deace-2af9-4d10-8b0f-ea3dcf50ce08.jpeg"
"Atta, Rice, Oil & Dals",Organic,"https://cdn.zeptonow.com/production/tr:w-90,ar-500-500,pr-true,f-auto,q-80/cms/sub_category/bdc2a8d7-2749-4707-8a96-c888654d9bb1.png",Organic Tattva Masoor Malka Whole,Organic Tattva,122,145,1 pack (500 g),4.7 (206),Sold Out,https://www.zeptonow.com/pn/organic-tattva-masoor-malka-whole/pvid/9b4d24aa-10af-4584-a65e-8ad0eda464f8,"https://cdn.zeptonow.com/production/tr:w-1280,ar-1500-1500,pr-true,f-auto,q-80/cms/product_variant/cc6b53b7-b98b-4f96-9770-0dd9283277c8.jpeg"
"Atta, Rice, Oil & Dals",Organic,"https://cdn.zeptonow.com/production/tr:w-90,ar-500-500,pr-true,f-auto,q-80/cms/sub_category/bdc2a8d7-2749-4707-8a96-c888654d9bb1.png",Natureland Organic Quinoa,Natureland,168,275,1 pack (250 g),5 (155),Sold Out,https://www.zeptonow.com/pn/natureland-organic-quinoa/pvid/1a6d387f-f0d2-4fca-9f85-82cd247a308f,"https://cdn.zeptonow.com/production/tr:w-1280,ar-2000-2000,pr-true,f-auto,q-80/cms/product_variant/888cf751-9e48-48b5-8688-e917bbd064bc.jpg"
"Atta, Rice, Oil & Dals",Organic,"https://cdn.zeptonow.com/production/tr:w-90,ar-500-500,pr-true,f-auto,q-80/cms/sub_category/bdc2a8d7-2749-4707-8a96-c888654d9bb1.png",Natureland Organics Kabuli Chana,Natureland,149,199,1 pack (500 g),5 (161),Sold Out,https://www.zeptonow.com/pn/natureland-organics-kabuli-chana/pvid/abe3bd40-5b1c-4763-8e99-e7039c9b67dd,"https://cdn.zeptonow.com/production/tr:w-1280,ar-2400-2400,pr-true,f-auto,q-80/cms/product_variant/ce254e2b-de48-4545-91c9-ea3982dbfe51.jpeg"
"Atta, Rice, Oil & Dals",Organic,"https://cdn.zeptonow.com/production/tr:w-90,ar-500-500,pr-true,f-auto,q-80/cms/sub_category/bdc2a8d7-2749-4707-8a96-c888654d9bb1.png",Organic Tattva Roasted Chana Dal,Organic Tattva,129,155,1 pack (500 g),5 (102),Sold Out,https://www.zeptonow.com/pn/organic-tattva-roasted-chana-dal/pvid/65d62d15-b067-4b13-90ff-12f0e830d821,"https://cdn.zeptonow.com/production/tr:w-1280,ar-1500-1500,pr-true,f-auto,q-80/cms/product_variant/23c7c199-ae98-4e79-90a6-143d9daf064f.jpeg"
"Atta, Rice, Oil & Dals",Organic,"https://cdn.zeptonow.com/production/tr:w-90,ar-500-500,pr-true,f-auto,q-80/cms/sub_category/bdc2a8d7-2749-4707-8a96-c888654d9bb1.png",Organic Tattva Urad Dal Whole White,Organic Tattva,146,175,1 pack (500 g),4.3 (91),Sold Out,https://www.zeptonow.com/pn/organic-tattva-urad-dal-whole-white/pvid/7acf1de1-8133-45cd-acb9-bbca803c6239,"https://cdn.zeptonow.com/production/tr:w-1280,ar-1500-1500,pr-true,f-auto,q-80/cms/product_variant/a4e373a7-6dbb-4ad9-bdd8-c1ba99500e26.jpeg"
"Atta, Rice, Oil & Dals",Organic,"https://cdn.zeptonow.com/production/tr:w-90,ar-500-500,pr-true,f-auto,q-80/cms/sub_category/bdc2a8d7-2749-4707-8a96-c888654d9bb1.png",Tata Sampann Organic Urad Whole,Tata,125,150,1 pack (500 g),5 (148),Sold Out,https://www.zeptonow.com/pn/tata-sampann-organic-urad-whole/pvid/06b77e84-3de9-45cb-873d-3c529f1b90f7,"https://cdn.zeptonow.com/production/tr:w-1280,ar-1000-1000,pr-true,f-auto,q-80/cms/product_variant/c18f3e1b-bd88-4948-8617-11ece69fa129.jpg"
"Atta, Rice, Oil & Dals",Organic,"https://cdn.zeptonow.com/production/tr:w-90,ar-500-500,pr-true,f-auto,q-80/cms/sub_category/bdc2a8d7-2749-4707-8a96-c888654d9bb1.png",Organic Tattva Masoor Malka Split,Organic Tattva,231,275,1 pack (500 g),4.1 (71),Sold Out,https://www.zeptonow.com/pn/organic-tattva-masoor-malka-split/pvid/8cbb0fc7-04a0-4060-a88e-8e9ad41bcaed,"https://cdn.zeptonow.com/production/tr:w-1280,ar-1500-1500,pr-true,f-auto,q-80/cms/product_variant/f9ec6081-fce0-4215-bb66-7e3a8e062e7e.jpeg"
"Atta, Rice, Oil & Dals",Organic,"https://cdn.zeptonow.com/production/tr:w-90,ar-500-500,pr-true,f-auto,q-80/cms/sub_category/bdc2a8d7-2749-4707-8a96-c888654d9bb1.png",Two Brothers Woodpressed Black Mustard Oil Single-Filtered | Plastic Bottle,Two Brothers,273,599,1 pc (1 L),4.1 (65),Sold Out,https://www.zeptonow.com/pn/two-brothers-woodpressed-black-mustard-oil-single-filtered-plastic-bottle/pvid/8a407820-d5dc-486f-956e-cefe14a0aff1,"https://cdn.zeptonow.com/production/tr:w-1280,ar-1500-1500,pr-true,f-auto,q-80/cms/product_variant/0165039d-1488-4ffc-938d-f27f660aa07e.jpeg"
"Atta, Rice, Oil & Dals",Organic,"https://cdn.zeptonow.com/production/tr:w-90,ar-500-500,pr-true,f-auto,q-80/cms/sub_category/bdc2a8d7-2749-4707-8a96-c888654d9bb1.png",Aashirvaad Organic Arhar/Tur Dal | 100% Organic Arhar/Tur Dal Rich in Protein,Aashirvaad,301,385,1 pack (1 kg),4.5 (870),Sold Out,https://www.zeptonow.com/pn/aashirvaad-organic-arhartur-dal-100-organic-arhartur-dal-rich-in-protein/pvid/0b47ca47-3da2-4b78-ac30-6aa13906ce1c,"https://cdn.zeptonow.com/production/tr:w-1280,ar-2400-2400,pr-true,f-auto,q-80/cms/product_variant/ecc40281-d38b-4f18-b8cc-cc62c70512ea.jpg"
"Atta, Rice, Oil & Dals",Organic,"https://cdn.zeptonow.com/production/tr:w-90,ar-500-500,pr-true,f-auto,q-80/cms/sub_category/bdc2a8d7-2749-4707-8a96-c888654d9bb1.png",Organic Tattva Traditional Basmati Rice,Organic Tattva,1128,1375,1 pack (5 kg),5 (53),Sold Out,https://www.zeptonow.com/pn/organic-tattva-traditional-basmati-rice/pvid/d9cbf0b0-1fa1-405b-981f-c31cefed297d,"https://cdn.zeptonow.com/production/tr:w-1280,ar-1500-1500,pr-true,f-auto,q-80/cms/product_variant/18d15b74-f781-4ec8-b5dc-a58004208a29.jpeg"
"Atta, Rice, Oil & Dals",Organic,"https://cdn.zeptonow.com/production/tr:w-90,ar-500-500,pr-true,f-auto,q-80/cms/sub_category/bdc2a8d7-2749-4707-8a96-c888654d9bb1.png",Organic Tattva Brown Basmati Rice,Organic Tattva,207,265,1 pack (1 kg),4.1 (152),Sold Out,https://www.zeptonow.com/pn/organic-tattva-brown-basmati-rice/pvid/d4081f47-a0fb-40c2-b9de-9d454afd9fd5,"https://cdn.zeptonow.com/production/tr:w-1280,ar-1500-1500,pr-true,f-auto,q-80/cms/product_variant/7d77fee1-f3eb-4a15-84d1-390d7fee7d6c.jpeg"
"Atta, Rice, Oil & Dals",Organic,"https://cdn.zeptonow.com/production/tr:w-90,ar-500-500,pr-true,f-auto,q-80/cms/sub_category/bdc2a8d7-2749-4707-8a96-c888654d9bb1.png",Organic Tattva Gobindo Bhog Rice,Organic Tattva,250,295,1 pack (1 kg),5 (78),Sold Out,https://www.zeptonow.com/pn/organic-tattva-gobindo-bhog-rice/pvid/3131cdf8-d986-497b-a182-c5e81f859290,"https://cdn.zeptonow.com/production/tr:w-1280,ar-1500-1500,pr-true,f-auto,q-80/cms/product_variant/0e1455b4-395b-43f6-b65d-e760af472390.jpeg"
"Atta, Rice, Oil & Dals",Organic,"https://cdn.zeptonow.com/production/tr:w-90,ar-500-500,pr-true,f-auto,q-80/cms/sub_category/bdc2a8d7-2749-4707-8a96-c888654d9bb1.png",Earthen Story Certified Organic Khapli Atta,Earthen,550,550,1 pack (1.8 kg),4.5 (422),Sold Out,https://www.zeptonow.com/pn/earthen-story-certified-organic-khapli-atta/pvid/9ed41838-2a14-4aa6-9f1d-0926d1d63afa,"https://cdn.zeptonow.com/production/tr:w-1280,ar-1500-1500,pr-true,f-auto,q-80/cms/product_variant/f2d527f9-c79f-41d1-ad89-ccdfaa223f40.jpeg"
"Atta, Rice, Oil & Dals",Organic,"https://cdn.zeptonow.com/production/tr:w-90,ar-500-500,pr-true,f-auto,q-80/cms/sub_category/bdc2a8d7-2749-4707-8a96-c888654d9bb1.png",Earthen Story Certified Organic Multigrain Atta,Earthen,450,450,1 pack (1.8 kg),4 (57),Sold Out,https://www.zeptonow.com/pn/earthen-story-certified-organic-multigrain-atta/pvid/a9802528-bbd8-4f7e-99b1-8a4d949a97a1,"https://cdn.zeptonow.com/production/tr:w-1280,ar-1500-1500,pr-true,f-auto,q-80/cms/product_variant/bf4c77a3-906a-4087-9f8e-46ccfd8d714f.jpeg"
"Atta, Rice, Oil & Dals",Premium,"https://cdn.zeptonow.com/production/tr:w-90,ar-500-500,pr-true,f-auto,q-80/cms/sub_category/64314a93-beb4-423a-a818-a3286b0cbdea.png",Kapiva A2 Cow Desi Ghee,Kapiva,999,1149,1 pc (500 ml),4.9 (212),In Stock,https://www.zeptonow.com/pn/kapiva-a2-cow-desi-ghee/pvid/caecc422-ba93-4729-b950-bea9152879ee,"https://cdn.zeptonow.com/production/tr:w-1280,ar-1500-1500,pr-true,f-auto,q-80/cms/product_variant/ccb89566-fb4f-4970-af98-1f7d778e88f6.jpeg"
"Atta, Rice, Oil & Dals",Premium,"https://cdn.zeptonow.com/production/tr:w-90,ar-500-500,pr-true,f-auto,q-80/cms/sub_category/64314a93-beb4-423a-a818-a3286b0cbdea.png",Tata Simply Better Pure and Unrefined Cold Pressed Mustard Oil,Tata,1119,1500,1 pc (5 L),4.7 (138),In Stock,https://www.zeptonow.com/pn/tata-simply-better-pure-and-unrefined-cold-pressed-mustard-oil/pvid/16ee6374-0465-4939-90c3-001f66d7146f,"https://cdn.zeptonow.com/production/tr:w-1280,ar-2400-2400,pr-true,f-auto,q-80/cms/product_variant/07b2bd65-2e94-4b10-8abf-42350469367c.jpeg"
"Atta, Rice, Oil & Dals",Premium,"https://cdn.zeptonow.com/production/tr:w-90,ar-500-500,pr-true,f-auto,q-80/cms/sub_category/64314a93-beb4-423a-a818-a3286b0cbdea.png",Anveshan A2 Desi Cow Ghee,Anveshan,1849,2160,1 pc (1 L),4.5 (84),In Stock,https://www.zeptonow.com/pn/anveshan-a2-desi-cow-ghee/pvid/45cd34e6-ffcc-4e43-83f5-a203b62934a1,"https://cdn.zeptonow.com/production/tr:w-1280,ar-2400-2400,pr-true,f-auto,q-80/cms/product_variant/9975d5bd-bd6c-4a1e-868b-af6ddd0539d0.jpeg"
"Atta, Rice, Oil & Dals",Premium,"https://cdn.zeptonow.com/production/tr:w-90,ar-500-500,pr-true,f-auto,q-80/cms/sub_category/64314a93-beb4-423a-a818-a3286b0cbdea.png",Anveshan A2 Desi Gir Cow Ghee,Anveshan,1949,2795,1 pc (1 L),4.5 (183),In Stock,https://www.zeptonow.com/pn/anveshan-a2-desi-gir-cow-ghee/pvid/42bea882-94db-4a0c-8feb-ae53a8fd5ba5,"https://cdn.zeptonow.com/production/tr:w-1280,ar-2400-2400,pr-true,f-auto,q-80/cms/product_variant/da655358-1fb4-4186-92f3-eaa2b2ad857e.jpg"
"Atta, Rice, Oil & Dals",Premium,"https://cdn.zeptonow.com/production/tr:w-90,ar-500-500,pr-true,f-auto,q-80/cms/sub_category/64314a93-beb4-423a-a818-a3286b0cbdea.png",Safe Harvest Pesticide-Free Groundnut | Natural and Delicious,Delicious,76,88,1 pack (250 g),4.7 (3.1k),In Stock,https://www.zeptonow.com/pn/safe-harvest-pesticide-free-groundnut-natural-and-delicious/pvid/49087375-201e-44d8-a369-4b6c393f7dfa,"https://cdn.zeptonow.com/production/tr:w-1280,ar-1200-1200,pr-true,f-auto,q-80/cms/product_variant/a180fffa-99e2-4c1d-aff7-d6381e869344.jpeg"
"Atta, Rice, Oil & Dals",Premium,"https://cdn.zeptonow.com/production/tr:w-90,ar-500-500,pr-true,f-auto,q-80/cms/sub_category/64314a93-beb4-423a-a818-a3286b0cbdea.png",Indic Wisdom Wood Pressed Groundnut Oil | Cold Pressed - Extracted on Wooden Churner,Indic,299,470,1 pc (1 L),4.7 (1.9k),In Stock,https://www.zeptonow.com/pn/indic-wisdom-wood-pressed-groundnut-oil-cold-pressed-extracted-on-wooden-churner/pvid/ab549fb1-6a6f-4284-bc64-72961cab34ac,"https://cdn.zeptonow.com/production/tr:w-1280,ar-1200-1200,pr-true,f-auto,q-80/cms/product_variant/477001eb-3b7e-4213-ad57-af11e6aaafa2.jpeg"
"Atta, Rice, Oil & Dals",Premium,"https://cdn.zeptonow.com/production/tr:w-90,ar-500-500,pr-true,f-auto,q-80/cms/sub_category/64314a93-beb4-423a-a818-a3286b0cbdea.png",Tata Simply Better Cold Pressed Sesame-Gingelly-Til Oil,Tata,479,649,1 pc (1 L),4.8 (763),In Stock,https://www.zeptonow.com/pn/tata-simply-better-cold-pressed-sesame-gingelly-til-oil/pvid/9012a1d3-3726-40dd-b454-ad238198f933,"https://cdn.zeptonow.com/production/tr:w-1280,ar-2400-2400,pr-true,f-auto,q-80/cms/product_variant/f9764082-31c5-41eb-b60a-5a98b887bb03.jpeg"
"Atta, Rice, Oil & Dals",Premium,"https://cdn.zeptonow.com/production/tr:w-90,ar-500-500,pr-true,f-auto,q-80/cms/sub_category/64314a93-beb4-423a-a818-a3286b0cbdea.png",Barosi Cow Ghee,Barosi,899,1059,1 pc (1 L),4.3 (313),In Stock,https://www.zeptonow.com/pn/barosi-cow-ghee/pvid/1df074bd-bf1d-47c7-b3d0-2ffa63a52ed1,"https://cdn.zeptonow.com/production/tr:w-1280,ar-1200-1200,pr-true,f-auto,q-80/cms/product_variant/56379fb2-f1e1-4647-a712-1d49ad823a7f.jpg"
"Atta, Rice, Oil & Dals",Premium,"https://cdn.zeptonow.com/production/tr:w-90,ar-500-500,pr-true,f-auto,q-80/cms/sub_category/64314a93-beb4-423a-a818-a3286b0cbdea.png",Himalayan Natives Cow Ghee Original | Jar,Himalayan,819,1049,1 pc (1 L),4.2 (1.3k),In Stock,https://www.zeptonow.com/pn/himalayan-natives-cow-ghee-original-jar/pvid/1884d4f5-2190-477d-82ab-e3455d3bcf14,"https://cdn.zeptonow.com/production/tr:w-1280,ar-1080-1080,pr-true,f-auto,q-80/cms/product_variant/1f76950a-1d20-48b5-aebc-6e9fa4e8b384.jpeg"
"Atta, Rice, Oil & Dals",Premium,"https://cdn.zeptonow.com/production/tr:w-90,ar-500-500,pr-true,f-auto,q-80/cms/sub_category/64314a93-beb4-423a-a818-a3286b0cbdea.png",Anveshan Wood Cold Pressed Mustard Oil,Anveshan,221,435,1 pc (1 L),4.7 (532),In Stock,https://www.zeptonow.com/pn/anveshan-wood-cold-pressed-mustard-oil/pvid/5b8e3941-f08f-41a4-b43c-c6cc3e15d6cf,"https://cdn.zeptonow.com/production/tr:w-1280,ar-2048-2048,pr-true,f-auto,q-80/cms/product_variant/58b3515a-bb60-4d65-9a25-73e8be445d5e.jpeg"
"Atta, Rice, Oil & Dals",Premium,"https://cdn.zeptonow.com/production/tr:w-90,ar-500-500,pr-true,f-auto,q-80/cms/sub_category/64314a93-beb4-423a-a818-a3286b0cbdea.png",Anveshan Wood Cold Pressed Sunflower Oil,Anveshan,339,475,1 pc (1 L),4.8 (536),In Stock,https://www.zeptonow.com/pn/anveshan-wood-cold-pressed-sunflower-oil/pvid/5b7315cb-12d0-45b7-aff9-5d917fcdea5d,"https://cdn.zeptonow.com/production/tr:w-1280,ar-2048-2048,pr-true,f-auto,q-80/cms/product_variant/88325e81-c2c8-4c7b-bbf6-b863bc7d6bdd.jpeg"
"Atta, Rice, Oil & Dals",Premium,"https://cdn.zeptonow.com/production/tr:w-90,ar-500-500,pr-true,f-auto,q-80/cms/sub_category/64314a93-beb4-423a-a818-a3286b0cbdea.png",Dehaat Honest Farms Unpolished Kabuli Chana,Dehaat,118,175,1 pack (500 g),5 (1.4k),In Stock,https://www.zeptonow.com/pn/dehaat-honest-farms-unpolished-kabuli-chana/pvid/f40010df-331c-44de-a034-18af39d0573d,"https://cdn.zeptonow.com/production/tr:w-1280,ar-1500-1500,pr-true,f-auto,q-80/cms/product_variant/bccbe4a1-1876-42b1-ac35-72576ef4380b.jpg"
"Atta, Rice, Oil & Dals",Premium,"https://cdn.zeptonow.com/production/tr:w-90,ar-500-500,pr-true,f-auto,q-80/cms/sub_category/64314a93-beb4-423a-a818-a3286b0cbdea.png",Anveshan Extra Virgin Olive Oil,Anveshan,379,570,1 pc (250 ml),4.8 (336),In Stock,https://www.zeptonow.com/pn/anveshan-extra-virgin-olive-oil/pvid/ad2d2d54-4fa6-440a-b454-3d701e6ee6a2,"https://cdn.zeptonow.com/production/tr:w-1280,ar-2048-2048,pr-true,f-auto,q-80/cms/product_variant/849bac70-3ee3-49dd-bfa8-400fbe61592c.jpeg"
"Atta, Rice, Oil & Dals",Premium,"https://cdn.zeptonow.com/production/tr:w-90,ar-500-500,pr-true,f-auto,q-80/cms/sub_category/64314a93-beb4-423a-a818-a3286b0cbdea.png",Tata Simply Better Cold Pressed Mustard-Kachi Ghani Sarson Oil,Tata,234,350,1 pc (1 L),4.6 (4.2k),In Stock,https://www.zeptonow.com/pn/tata-simply-better-cold-pressed-mustard-kachi-ghani-sarson-oil/pvid/5734e812-e9b5-4170-8a82-20f8b23cd628,"https://cdn.zeptonow.com/production/tr:w-1280,ar-2400-2400,pr-true,f-auto,q-80/cms/product_variant/ad686461-fc89-476a-8ebd-959fee8c4c02.jpeg"
"Atta, Rice, Oil & Dals",Premium,"https://cdn.zeptonow.com/production/tr:w-90,ar-500-500,pr-true,f-auto,q-80/cms/sub_category/64314a93-beb4-423a-a818-a3286b0cbdea.png",Tata Simply Better Cold Pressed Virgin Coconut Oil,Tata,612,849,1 pc (1 L),4.8 (689),In Stock,https://www.zeptonow.com/pn/tata-simply-better-cold-pressed-virgin-coconut-oil/pvid/c69adc79-9e64-412f-b85c-7b1e24d9bd9c,"https://cdn.zeptonow.com/production/tr:w-1280,ar-1499-1499,pr-true,f-auto,q-80/cms/product_variant/be6d0314-e33e-4f61-b52a-3cb79db57d37.jpeg"
"Atta, Rice, Oil & Dals",Premium,"https://cdn.zeptonow.com/production/tr:w-90,ar-500-500,pr-true,f-auto,q-80/cms/sub_category/64314a93-beb4-423a-a818-a3286b0cbdea.png",Indic Wisdom Wood Pressed Virgin Coconut Oil | Cold Pressed - Extracted on Wooden Churner,Indic,598,780,1 pc (1 L),4.5 (546),In Stock,https://www.zeptonow.com/pn/indic-wisdom-wood-pressed-virgin-coconut-oil-cold-pressed-extracted-on-wooden-churner/pvid/fe79c0b1-1d9e-4c38-9dfc-9c05e6b5deb4,"https://cdn.zeptonow.com/production/tr:w-1280,ar-1200-1200,pr-true,f-auto,q-80/cms/product_variant/3995c082-a01f-468c-ad26-5d0e211ca9d0.jpeg"
"Atta, Rice, Oil & Dals",Premium,"https://cdn.zeptonow.com/production/tr:w-90,ar-500-500,pr-true,f-auto,q-80/cms/sub_category/64314a93-beb4-423a-a818-a3286b0cbdea.png",Anveshan Wood Pressed Groundnut Peanut Oil | Bottle,Anveshan,329,475,1 pc (1 L),4.6 (800),In Stock,https://www.zeptonow.com/pn/anveshan-wood-pressed-groundnut-peanut-oil-bottle/pvid/b3544e58-33eb-46ab-98a3-f6bb6d342d6d,"https://cdn.zeptonow.com/production/tr:w-1280,ar-2048-2048,pr-true,f-auto,q-80/cms/product_variant/3c1e6e0e-d03a-4cc5-b60d-da4e766d7723.jpeg"
"Atta, Rice, Oil & Dals",Premium,"https://cdn.zeptonow.com/production/tr:w-90,ar-500-500,pr-true,f-auto,q-80/cms/sub_category/64314a93-beb4-423a-a818-a3286b0cbdea.png",Tata Simply Better Extra Virgin Olive Oil,Tata,1119,1499,1 pc (1 L),4.4 (427),In Stock,https://www.zeptonow.com/pn/tata-simply-better-extra-virgin-olive-oil/pvid/572f2830-2f06-4c20-aa57-47c7850d85fd,"https://cdn.zeptonow.com/production/tr:w-1280,ar-1000-1000,pr-true,f-auto,q-80/cms/product_variant/d1076739-abb2-466f-9733-afb0276cce79.jpg"
"Atta, Rice, Oil & Dals",Premium,"https://cdn.zeptonow.com/production/tr:w-90,ar-500-500,pr-true,f-auto,q-80/cms/sub_category/64314a93-beb4-423a-a818-a3286b0cbdea.png",Figaro Extra Virgin Olive Oil,Figaro,1140,1999,1 pc (1 L),4.6 (1.2k),In Stock,https://www.zeptonow.com/pn/figaro-extra-virgin-olive-oil/pvid/49985600-a0f1-4934-acb6-e47e72a5d62f,"https://cdn.zeptonow.com/production/tr:w-1280,ar-2400-2400,pr-true,f-auto,q-80/cms/product_variant/63c18599-3830-42b8-a8b7-9ab1ab0f0e7b.jpeg"
"Atta, Rice, Oil & Dals",Premium,"https://cdn.zeptonow.com/production/tr:w-90,ar-500-500,pr-true,f-auto,q-80/cms/sub_category/64314a93-beb4-423a-a818-a3286b0cbdea.png",Anveshan Wood-Pressed Sunflower Oil Hdpe Can,Anveshan,1499,2150,1 pack (5 L),5 (47),In Stock,https://www.zeptonow.com/pn/anveshan-wood-pressed-sunflower-oil-hdpe-can/pvid/995fd94a-6934-4c91-b21c-1c19ee841679,"https://cdn.zeptonow.com/production/tr:w-1280,ar-2400-2400,pr-true,f-auto,q-80/cms/product_variant/c034c667-17ce-449a-9a99-88ab96f52dd4.jpg"
"Atta, Rice, Oil & Dals",Premium,"https://cdn.zeptonow.com/production/tr:w-90,ar-500-500,pr-true,f-auto,q-80/cms/sub_category/64314a93-beb4-423a-a818-a3286b0cbdea.png",Safe Harvest Pesticide-Free Groundnut | Natural and Delicious,Delicious,150,169,1 pack (500 g),4.7 (3.2k),In Stock,https://www.zeptonow.com/pn/safe-harvest-pesticide-free-groundnut-natural-and-delicious/pvid/62290a21-87ee-40d6-a6b0-e1db889606e5,"https://cdn.zeptonow.com/production/tr:w-1280,ar-1200-1200,pr-true,f-auto,q-80/cms/product_variant/5dc29c32-ba42-4822-afaa-597b02ef9250.jpg"
"Atta, Rice, Oil & Dals",Premium,"https://cdn.zeptonow.com/production/tr:w-90,ar-500-500,pr-true,f-auto,q-80/cms/sub_category/64314a93-beb4-423a-a818-a3286b0cbdea.png",Dehaat Honest Farms Raw Peanuts,Dehaat,98,148,1 pack (500 g),4.5 (4.4k),In Stock,https://www.zeptonow.com/pn/dehaat-honest-farms-raw-peanuts/pvid/10b2c93e-8226-4066-876c-9f3e65e42145,"https://cdn.zeptonow.com/production/tr:w-1280,ar-2400-2400,pr-true,f-auto,q-80/cms/product_variant/bd2aca06-12cd-47b2-98ed-b8a82c83ae04.jpeg"
"Atta, Rice, Oil & Dals",Premium,"https://cdn.zeptonow.com/production/tr:w-90,ar-500-500,pr-true,f-auto,q-80/cms/sub_category/64314a93-beb4-423a-a818-a3286b0cbdea.png",Anveshan A2 Desi Cow Ghee,Anveshan,929,1110,1 pc (500 ml),4.3 (544),Sold Out,https://www.zeptonow.com/pn/anveshan-a2-desi-cow-ghee/pvid/4ac4f80d-287b-4719-ac33-0b5a8ab73e78,"https://cdn.zeptonow.com/production/tr:w-1280,ar-2048-2048,pr-true,f-auto,q-80/cms/product_variant/f5f473f0-e245-4bb4-a4af-747bfbb840b3.jpeg"
"Atta, Rice, Oil & Dals",Premium,"https://cdn.zeptonow.com/production/tr:w-90,ar-500-500,pr-true,f-auto,q-80/cms/sub_category/64314a93-beb4-423a-a818-a3286b0cbdea.png",Tata Simply Better Pure and Unrefined Cold Pressed Groundnut | Peanut Oil,Tata,1399,1900,1 pc (5 L),4.5 (191),Sold Out,https://www.zeptonow.com/pn/tata-simply-better-pure-and-unrefined-cold-pressed-groundnut-peanut-oil/pvid/c183a502-c856-40b3-a829-0e47b13020a4,"https://cdn.zeptonow.com/production/tr:w-1280,ar-2400-2400,pr-true,f-auto,q-80/cms/product_variant/b111075e-679d-45b6-885e-417898e9f374.jpeg"
"Atta, Rice, Oil & Dals",Premium,"https://cdn.zeptonow.com/production/tr:w-90,ar-500-500,pr-true,f-auto,q-80/cms/sub_category/64314a93-beb4-423a-a818-a3286b0cbdea.png",Anveshan A2 Gir Cow Ghee Traditional Bilona Method Cultured Curd Based Immunity Booster,Anveshan,999,1425,1 pc (500 ml),4.7 (289),Sold Out,https://www.zeptonow.com/pn/anveshan-a2-gir-cow-ghee-traditional-bilona-method-cultured-curd-based-immunity-booster/pvid/03e6da4e-0dc4-4aeb-844d-e57f79569a61,"https://cdn.zeptonow.com/production/tr:w-1280,ar-2048-2048,pr-true,f-auto,q-80/cms/product_variant/2ce3b8cb-8d8a-4f93-b829-79c38598e7ce.jpeg"
"Atta, Rice, Oil & Dals",Premium,"https://cdn.zeptonow.com/production/tr:w-90,ar-500-500,pr-true,f-auto,q-80/cms/sub_category/64314a93-beb4-423a-a818-a3286b0cbdea.png",Tata Simply Cold Pressed Groundnut/ Peanut Oil,Tata,315,500,1 pc (1 L),4.9 (3.9k),Sold Out,https://www.zeptonow.com/pn/tata-simply-cold-pressed-groundnut-peanut-oil/pvid/4afd1a1f-c443-439a-8228-41a91f1b085c,"https://cdn.zeptonow.com/production/tr:w-1280,ar-2400-2400,pr-true,f-auto,q-80/cms/product_variant/8abb25d5-7411-422f-8a60-b16482062bd5.jpeg"
"Atta, Rice, Oil & Dals",Premium,"https://cdn.zeptonow.com/production/tr:w-90,ar-500-500,pr-true,f-auto,q-80/cms/sub_category/64314a93-beb4-423a-a818-a3286b0cbdea.png",Indic Wisdom Wood Pressed Sunflower Oil | Cold Pressed - Extracted on Wooden Churner,Indic,339,470,1 pack (1 L),4.6 (660),Sold Out,https://www.zeptonow.com/pn/indic-wisdom-wood-pressed-sunflower-oil-cold-pressed-extracted-on-wooden-churner/pvid/9685255d-aaf0-4e0a-86bc-62f7d9f0f737,"https://cdn.zeptonow.com/production/tr:w-1280,ar-1200-1200,pr-true,f-auto,q-80/cms/product_variant/acaa2a1a-fda9-45da-b234-374ce4126aa7.jpeg"
"Atta, Rice, Oil & Dals",Premium,"https://cdn.zeptonow.com/production/tr:w-90,ar-500-500,pr-true,f-auto,q-80/cms/sub_category/64314a93-beb4-423a-a818-a3286b0cbdea.png",Indic Wisdom Wood Pressed Groundnut Oil | Cold Pressed - Extracted on Wooden Churner,Indic,1405,2250,1 pc (5 L),4.3 (384),Sold Out,https://www.zeptonow.com/pn/indic-wisdom-wood-pressed-groundnut-oil-cold-pressed-extracted-on-wooden-churner/pvid/e9a7a177-a3c5-4958-b98f-724c9531d1c8,"https://cdn.zeptonow.com/production/tr:w-1280,ar-1200-1200,pr-true,f-auto,q-80/cms/product_variant/2bb2c65f-8a32-4741-9d12-5c2bc0cb3fcc.jpeg"
"Atta, Rice, Oil & Dals",Premium,"https://cdn.zeptonow.com/production/tr:w-90,ar-500-500,pr-true,f-auto,q-80/cms/sub_category/64314a93-beb4-423a-a818-a3286b0cbdea.png",Oleev Pomace Olive Oil,Oleev,587,1200,1 pc (1 L),4.5 (377),Sold Out,https://www.zeptonow.com/pn/oleev-pomace-olive-oil/pvid/b90a826a-c179-44eb-abd8-a959ff8722a3,"https://cdn.zeptonow.com/production/tr:w-1280,ar-2400-2400,pr-true,f-auto,q-80/cms/product_variant/9ec1e135-43b6-4829-8785-e93b838147fa.jpeg"
"Atta, Rice, Oil & Dals",Premium,"https://cdn.zeptonow.com/production/tr:w-90,ar-500-500,pr-true,f-auto,q-80/cms/sub_category/64314a93-beb4-423a-a818-a3286b0cbdea.png",Barosi A2 Desi Cow Ghee,Barosi,1509,2049,1 pc (1 L),4.8 (535),Sold Out,https://www.zeptonow.com/pn/barosi-a2-desi-cow-ghee/pvid/da36a2c7-58ce-4be7-a15e-62634319c937,"https://cdn.zeptonow.com/production/tr:w-1280,ar-1200-1200,pr-true,f-auto,q-80/cms/product_variant/4451ca3d-566a-4221-b53e-3658933be85f.jpg"
"Atta, Rice, Oil & Dals",Premium,"https://cdn.zeptonow.com/production/tr:w-90,ar-500-500,pr-true,f-auto,q-80/cms/sub_category/64314a93-beb4-423a-a818-a3286b0cbdea.png",Barosi A2 Desi Cow Ghee,Barosi,809,999,1 pc (500 ml),4.2 (543),Sold Out,https://www.zeptonow.com/pn/barosi-a2-desi-cow-ghee/pvid/11585894-ca1f-459e-b3f2-8bdcf94caab8,"https://cdn.zeptonow.com/production/tr:w-1280,ar-1200-1200,pr-true,f-auto,q-80/cms/product_variant/8c86138d-bcfb-49bb-a260-a6765efc2bea.jpg"
"Atta, Rice, Oil & Dals",Premium,"https://cdn.zeptonow.com/production/tr:w-90,ar-500-500,pr-true,f-auto,q-80/cms/sub_category/64314a93-beb4-423a-a818-a3286b0cbdea.png",Dehaat Honest Farms Unpolished Chana,Dehaat,66,98,1 pack (500 g),4.6 (4.7k),Sold Out,https://www.zeptonow.com/pn/dehaat-honest-farms-unpolished-chana/pvid/2bfdde08-2cce-485e-9762-4c16e9beb367,"https://cdn.zeptonow.com/production/tr:w-1280,ar-1487-1432,pr-true,f-auto,q-80/cms/product_variant/bed7a2a6-e7cb-4639-914a-a4931e85bb6b.jpeg"
"Atta, Rice, Oil & Dals",Premium,"https://cdn.zeptonow.com/production/tr:w-90,ar-500-500,pr-true,f-auto,q-80/cms/sub_category/64314a93-beb4-423a-a818-a3286b0cbdea.png",Figaro Extra Virgin Olive Oil,Figaro,276,599,1 pc (250 ml),4.6 (1.7k),Sold Out,https://www.zeptonow.com/pn/figaro-extra-virgin-olive-oil/pvid/a1eec578-d6fe-4779-af60-f0e0933f11f9,"https://cdn.zeptonow.com/production/tr:w-1280,ar-2400-2400,pr-true,f-auto,q-80/cms/product_variant/220e226a-adb1-4c81-bb70-ac7b6dc2c988.jpeg"
"Atta, Rice, Oil & Dals",Premium,"https://cdn.zeptonow.com/production/tr:w-90,ar-500-500,pr-true,f-auto,q-80/cms/sub_category/64314a93-beb4-423a-a818-a3286b0cbdea.png",Dehaat Honest Farms Raw Peanuts,Dehaat,198,299,1 pack (1 kg),4.6 (964),Sold Out,https://www.zeptonow.com/pn/dehaat-honest-farms-raw-peanuts/pvid/5de18c24-7e1d-4dab-8b74-fc02aa221780,"https://cdn.zeptonow.com/production/tr:w-1280,ar-2400-2400,pr-true,f-auto,q-80/cms/product_variant/d1ca2b14-f6bc-4ffd-a73d-03da6186d81d.jpeg"
