main_category,sub_category,sub_category_image_url,product_name,brand,price,original_price,quantity,rating,stock_status,product_url,image_url
Biscuits,Top Picks,"https://cdn.zeptonow.com/production/tr:w-90,ar-120-120,pr-true,f-auto,q-80/cms/sub_category/179.png",Sunfeast Wowzers Cheese Flavoured Crackers | Artificial Flavour-free,Sunfeast,46,60,128 g,4.7 (1.9k),In Stock,https://www.zeptonow.com/pn/sunfeast-wowzers-cheese-flavoured-crackers-artificial-flavour-free/pvid/5d903777-23b1-420a-ad99-e27a67b33b8e,"https://cdn.zeptonow.com/production/tr:w-1280,ar-2560-2560,pr-true,f-auto,q-80/cms/product_variant/69f07af8-ab4b-49e0-9941-bdae7e2e36a8.jpg"
Biscuits,Top Picks,"https://cdn.zeptonow.com/production/tr:w-90,ar-120-120,pr-true,f-auto,q-80/cms/sub_category/179.png",Parle Marie Butter Marie Biscuits | Trans Fat-free,Parle,133,230,800 g,4.6 (23.7k),In Stock,https://www.zeptonow.com/pn/parle-marie-butter-marie-biscuits-trans-fat-free/pvid/39423716-af88-4586-9edd-fc88c827e73f,"https://cdn.zeptonow.com/production/tr:w-1280,ar-1200-1200,pr-true,f-auto,q-80/cms/product_variant/a33c14c1-dcfd-4956-b9c5-80597e5d64d4.jpeg"
Biscuits,Top Picks,"https://cdn.zeptonow.com/production/tr:w-90,ar-120-120,pr-true,f-auto,q-80/cms/sub_category/179.png",Sunfeast Gold Multigrain Digestive Biscuit | Cholesterol-free and Trans Fat-free,Sunfeast,124,240,800 g,4.6 (7.4k),In Stock,https://www.zeptonow.com/pn/sunfeast-gold-multigrain-digestive-biscuit-cholesterol-free-and-trans-fat-free/pvid/22a276d8-da9c-40b6-8ddf-633c2c66f6c5,"https://cdn.zeptonow.com/production/tr:w-1280,ar-1200-1200,pr-true,f-auto,q-80/cms/product_variant/3ba24d9a-09a6-4b78-9074-c6a7ff322031.jpeg"
Biscuits,Top Picks,"https://cdn.zeptonow.com/production/tr:w-90,ar-120-120,pr-true,f-auto,q-80/cms/sub_category/179.png",Orion Choco Pie - Chocolate Coated Soft Biscuit | Trans Fat-free,RIO,143,170,336 g,4.7 (10.3k),In Stock,https://www.zeptonow.com/pn/orion-choco-pie-chocolate-coated-soft-biscuit-trans-fat-free/pvid/c4ca8f6c-cb2e-4b81-9c3d-ebb099bbffab,"https://cdn.zeptonow.com/production/tr:w-1280,ar-3000-2325,pr-true,f-auto,q-80/cms/product_variant/8b7668c1-1a60-4af2-9d39-84fd2f101fe5.jpeg"
Biscuits,Top Picks,"https://cdn.zeptonow.com/production/tr:w-90,ar-120-120,pr-true,f-auto,q-80/cms/sub_category/179.png",Malkist Cheese Flavoured Crunchy Crackers | Trans Fat-free,Malkist,56,60,144 g,4.8 (55.4k),In Stock,https://www.zeptonow.com/pn/malkist-cheese-flavoured-crunchy-crackers-trans-fat-free/pvid/ff124783-3c69-427e-8e35-510a857135b7,"https://cdn.zeptonow.com/production/tr:w-1280,ar-2362-1772,pr-true,f-auto,q-80/cms/product_variant/f1dc8400-56e5-43ff-8455-4fd7a24e972b.jpeg"
Biscuits,Top Picks,"https://cdn.zeptonow.com/production/tr:w-90,ar-120-120,pr-true,f-auto,q-80/cms/sub_category/179.png",Parle G Original Milk Glucose Biscuits,Parle,93,100,800 g,4.7 (113.0k),In Stock,https://www.zeptonow.com/pn/parle-g-original-milk-glucose-biscuits/pvid/a8593217-5b45-4c84-816e-2efe03e38b3e,"https://cdn.zeptonow.com/production/tr:w-1280,ar-1200-1200,pr-true,f-auto,q-80/cms/product_variant/9fec31fb-5a51-41ed-a1d6-e1f7d4fd3188.jpeg"
Biscuits,Top Picks,"https://cdn.zeptonow.com/production/tr:w-90,ar-120-120,pr-true,f-auto,q-80/cms/sub_category/179.png",Parle Shakti Milk Glucose Biscuits | Cholesterol-free and Trans Fat-free,Parle,53,100,350 g,4.5 (11.9k),In Stock,https://www.zeptonow.com/pn/parle-shakti-milk-glucose-biscuits-cholesterol-free-and-trans-fat-free/pvid/f8c531f1-a36c-4ad7-b3b7-40d417e906bb,"https://cdn.zeptonow.com/production/tr:w-1280,ar-1000-1000,pr-true,f-auto,q-80/cms/product_variant/d6aa66ce-a4a0-4483-bc57-a7ff8f5dedd8.jpeg"
Biscuits,Top Picks,"https://cdn.zeptonow.com/production/tr:w-90,ar-120-120,pr-true,f-auto,q-80/cms/sub_category/179.png","Orion Mango Choco Pie | Maida-free, Palm Oil-freeand Sugar-free",RIO,143,180,336 g,4.6 (2.6k),In Stock,https://www.zeptonow.com/pn/orion-mango-choco-pie-maida-free-palm-oil-freeand-sugar-free/pvid/9cd5a4b2-3a17-49b1-a762-0f1e89d8cf4b,"https://cdn.zeptonow.com/production/tr:w-1280,ar-1500-1500,pr-true,f-auto,q-80/cms/product_variant/ac2394f9-08fd-4b1c-aac8-13b478a49e0b.jpg"
Biscuits,Top Picks,"https://cdn.zeptonow.com/production/tr:w-90,ar-120-120,pr-true,f-auto,q-80/cms/sub_category/179.png",Malkist Double Chocolatey Chocolate Flavoured Crackers | Trans Fat-free,Malkist,55,60,144 g,4.7 (20.4k),In Stock,https://www.zeptonow.com/pn/malkist-double-chocolatey-chocolate-flavoured-crackers-trans-fat-free/pvid/d41bc175-9a14-46ca-a988-07c9ad700e1c,"https://cdn.zeptonow.com/production/tr:w-1280,ar-1200-1200,pr-true,f-auto,q-80/cms/product_variant/722395a7-8231-4e60-9fc3-cce1cf6c4eb5.jpeg"
Biscuits,Top Picks,"https://cdn.zeptonow.com/production/tr:w-90,ar-120-120,pr-true,f-auto,q-80/cms/sub_category/179.png",Orion Chocolate Choco Pie | Artificial Colour-free and Preservative-free,RIO,80,90,168 g,4.6 (4.4k),In Stock,https://www.zeptonow.com/pn/orion-chocolate-choco-pie-artificial-colour-free-and-preservative-free/pvid/bb819fd7-836c-4e45-b2d3-c3364143408c,"https://cdn.zeptonow.com/production/tr:w-1280,ar-3000-1709,pr-true,f-auto,q-80/cms/product_variant/b3e9fd05-5915-42bd-8516-b2a1640027e5.jpeg"
Biscuits,Top Picks,"https://cdn.zeptonow.com/production/tr:w-90,ar-120-120,pr-true,f-auto,q-80/cms/sub_category/179.png",Parle Elaichi Rusk | Trans Fat-free,Parle,174,240,1 kg,4.6 (24.5k),In Stock,https://www.zeptonow.com/pn/parle-elaichi-rusk-trans-fat-free/pvid/c1561f0f-13c6-49e4-86e3-56bdb7258a72,"https://cdn.zeptonow.com/production/tr:w-1280,ar-1200-1200,pr-true,f-auto,q-80/cms/product_variant/64cb5d4e-2b4d-486a-ba90-50fa87d5ba93.jpeg"
Biscuits,Top Picks,"https://cdn.zeptonow.com/production/tr:w-90,ar-120-120,pr-true,f-auto,q-80/cms/sub_category/179.png",Dukes Waffy Chocolate Wafer Rolls | Trans Fat-free,Dukes,100,180,250 g,4.5 (32.4k),In Stock,https://www.zeptonow.com/pn/dukes-waffy-chocolate-wafer-rolls-trans-fat-free/pvid/1d1e804c-86a4-4040-a9d1-2a2b1ee5d618,"https://cdn.zeptonow.com/production/tr:w-1280,ar-1200-1200,pr-true,f-auto,q-80/cms/product_variant/fb7e1bbd-0320-4d1a-81ee-3ac27fc56b9c.jpeg"
Biscuits,Top Picks,"https://cdn.zeptonow.com/production/tr:w-90,ar-120-120,pr-true,f-auto,q-80/cms/sub_category/179.png",Parle Gold Glucose Biscuits | Trans Fat-free,Parle,141,160,1 kg,4.7 (22.1k),In Stock,https://www.zeptonow.com/pn/parle-gold-glucose-biscuits-trans-fat-free/pvid/63e3ba5f-c941-483e-ae1c-b360850ba43b,"https://cdn.zeptonow.com/production/tr:w-1280,ar-1000-1000,pr-true,f-auto,q-80/cms/product_variant/a5963104-3832-4d28-b93b-2aa8185fe85b.jpg"
Biscuits,Top Picks,"https://cdn.zeptonow.com/production/tr:w-90,ar-120-120,pr-true,f-auto,q-80/cms/sub_category/179.png",Britannia Nutrichoice High-Fibre Digestive Biscuits,Britannia,159,220,960 g,4.7 (71.9k),In Stock,https://www.zeptonow.com/pn/britannia-nutrichoice-high-fibre-digestive-biscuits/pvid/f97d702e-e23e-4d80-a02b-6de19b6e7cdc,"https://cdn.zeptonow.com/production/tr:w-1280,ar-720-720,pr-true,f-auto,q-80/cms/product_variant/21cdefb0-22b5-43e2-aa4b-79b00ad785df.jpeg"
Biscuits,Top Picks,"https://cdn.zeptonow.com/production/tr:w-90,ar-120-120,pr-true,f-auto,q-80/cms/sub_category/179.png",Parle G Original Milk Glucose Biscuits,Parle,30,30,250 g,4.7 (162.3k),In Stock,https://www.zeptonow.com/pn/parle-g-original-milk-glucose-biscuits/pvid/5a1c25fc-0b4c-445e-8b82-f42ef1c31f7b,"https://cdn.zeptonow.com/production/tr:w-1280,ar-1000-1000,pr-true,f-auto,q-80/cms/product_variant/99c7074b-79b9-441e-9eb8-ff2ef875d06e.jpeg"
Biscuits,Top Picks,"https://cdn.zeptonow.com/production/tr:w-90,ar-120-120,pr-true,f-auto,q-80/cms/sub_category/179.png","Orion Mango Choco Pie | Maida-free, Palm Oil-freeand Sugar-free",RIO,78,90,168 g,4.6 (2.9k),In Stock,https://www.zeptonow.com/pn/orion-mango-choco-pie-maida-free-palm-oil-freeand-sugar-free/pvid/0613a81a-71ca-4b81-afbb-41cd45340748,"https://cdn.zeptonow.com/production/tr:w-1280,ar-508-267,pr-true,f-auto,q-80/cms/product_variant/547d9ecd-6f23-4e18-8560-584e2fd4e245.jpg"
Biscuits,Top Picks,"https://cdn.zeptonow.com/production/tr:w-90,ar-120-120,pr-true,f-auto,q-80/cms/sub_category/179.png",Parle Marie Butter Marie Biscuits | Trans Fat-free,Parle,40,40,250 g,4.6 (25.3k),In Stock,https://www.zeptonow.com/pn/parle-marie-butter-marie-biscuits-trans-fat-free/pvid/733c52d1-341d-4dc8-b2fb-af6fbd36954a,"https://cdn.zeptonow.com/production/tr:w-1280,ar-1200-1200,pr-true,f-auto,q-80/cms/product_variant/3576f590-3015-4e6e-8bb7-3584b7482656.jpeg"
Biscuits,Top Picks,"https://cdn.zeptonow.com/production/tr:w-90,ar-120-120,pr-true,f-auto,q-80/cms/sub_category/179.png",Britannia 5 Grain High-Fibre Biscuits Multigrain Digestive Biscuits | Maida-free and Trans Fat-free,Britannia,66,75,200 g,4.7 (6.9k),In Stock,https://www.zeptonow.com/pn/britannia-5-grain-high-fibre-biscuits-multigrain-digestive-biscuits-maida-free-and-trans-fat-free/pvid/8b9bdc15-7a04-42b2-b8ff-b60b7c65554d,"https://cdn.zeptonow.com/production/tr:w-1280,ar-1200-1200,pr-true,f-auto,q-80/cms/product_variant/6a54609d-9e0e-4029-90b0-5c9204c82abb.jpeg"
Biscuits,Top Picks,"https://cdn.zeptonow.com/production/tr:w-90,ar-120-120,pr-true,f-auto,q-80/cms/sub_category/179.png",Orion Blueberry Snow Dazzle Pie,RIO,200,240,1 pack (12 pcs),4.2 (76),In Stock,https://www.zeptonow.com/pn/orion-blueberry-snow-dazzle-pie/pvid/605c40df-75c5-4168-932f-3c357e70c03f,"https://cdn.zeptonow.com/production/tr:w-1280,ar-1200-1200,pr-true,f-auto,q-80/cms/product_variant/63c6846f-9d74-426a-80ee-9a07b125c929.jpg"
Biscuits,Top Picks,"https://cdn.zeptonow.com/production/tr:w-90,ar-120-120,pr-true,f-auto,q-80/cms/sub_category/179.png",Orion O'Rice Cracker - Baked Korean Snack Plain Flavoured Crackers | Preservative-free and Trans Fat-free,RIO,177,200,151.2 g,4.7 (808),In Stock,https://www.zeptonow.com/pn/orion-orice-cracker-baked-korean-snack-plain-flavoured-crackers-preservative-free-and-trans-fat-free/pvid/01731957-be4c-4796-b99e-b9a3ca5dba52,"https://cdn.zeptonow.com/production/tr:w-1280,ar-1000-1000,pr-true,f-auto,q-80/cms/product_variant/6284ac47-9da5-490e-b84c-21efbeff82e9.jpeg"
Biscuits,Top Picks,"https://cdn.zeptonow.com/production/tr:w-90,ar-120-120,pr-true,f-auto,q-80/cms/sub_category/179.png",Let's try Mixed Fruit Cake Rusk | Cholesterol-free and Trans Fat-free,Let's,176,220,200 g,4.2 (1.5k),In Stock,https://www.zeptonow.com/pn/lets-try-mixed-fruit-cake-rusk-cholesterol-free-and-trans-fat-free/pvid/9af91ed7-cefe-4c06-a657-8db062f728ec,"https://cdn.zeptonow.com/production/tr:w-1280,ar-1573-1600,pr-true,f-auto,q-80/cms/product_variant/cf9d3aa2-5d04-479b-89fa-526f2ba14bca.jpg"
Biscuits,Top Picks,"https://cdn.zeptonow.com/production/tr:w-90,ar-120-120,pr-true,f-auto,q-80/cms/sub_category/179.png",Britannia Nutrichoice High-Fibre Digestive Biscuits,Britannia,23,25,91.7 g,4.7 (124.9k),In Stock,https://www.zeptonow.com/pn/britannia-nutrichoice-high-fibre-digestive-biscuits/pvid/f586520f-750a-4593-998f-6cbf0ba8a9a2,"https://cdn.zeptonow.com/production/tr:w-1280,ar-500-500,pr-true,f-auto,q-80/cms/product_variant/09acb992-f9fe-49f5-9caa-46a5a859eeed.jpg"
Biscuits,Top Picks,"https://cdn.zeptonow.com/production/tr:w-90,ar-120-120,pr-true,f-auto,q-80/cms/sub_category/179.png",Parle Gold Vanilla Glucose Biscuits | Trans Fat-free,Parle,30,30,187.5 g,4.6 (42.6k),In Stock,https://www.zeptonow.com/pn/parle-gold-vanilla-glucose-biscuits-trans-fat-free/pvid/f46c1328-5bd1-42aa-a24a-d2d7021b6fd6,"https://cdn.zeptonow.com/production/tr:w-1280,ar-1200-1200,pr-true,f-auto,q-80/cms/product_variant/2c139245-6b21-47f4-b252-752f00c95eca.jpeg"
Biscuits,Top Picks,"https://cdn.zeptonow.com/production/tr:w-90,ar-120-120,pr-true,f-auto,q-80/cms/sub_category/179.png",Orion Orange Choco Pie | Artificial Flavour-free,RIO,77,90,168 g,4.7 (652),In Stock,https://www.zeptonow.com/pn/orion-orange-choco-pie-artificial-flavour-free/pvid/556ad10f-1ebd-4b51-bc07-be8f90b4f160,"https://cdn.zeptonow.com/production/tr:w-1280,ar-1500-1500,pr-true,f-auto,q-80/cms/product_variant/e1662c72-6af0-4114-a644-99c2c3aa44ef.jpeg"
Biscuits,Top Picks,"https://cdn.zeptonow.com/production/tr:w-90,ar-120-120,pr-true,f-auto,q-80/cms/sub_category/179.png",Britannia Toastea Bake Elaichi Rusk | Trans Fat-free,Britannia,34,40,183 g,4.5 (63.6k),In Stock,https://www.zeptonow.com/pn/britannia-toastea-bake-elaichi-rusk-trans-fat-free/pvid/eb49897f-0110-4d54-984f-aa9f915cf050,"https://cdn.zeptonow.com/production/tr:w-1280,ar-4500-4500,pr-true,f-auto,q-80/cms/product_variant/82386927-1880-466a-8053-060572bcc883.jpeg"
Biscuits,Top Picks,"https://cdn.zeptonow.com/production/tr:w-90,ar-120-120,pr-true,f-auto,q-80/cms/sub_category/179.png",Britannia Nutrichoice Sugar Free Plain Crackers | Artificial Colour-free and Trans Fat-free,Britannia,50,55,295 g,4.6 (18.6k),In Stock,https://www.zeptonow.com/pn/britannia-nutrichoice-sugar-free-plain-crackers-artificial-colour-free-and-trans-fat-free/pvid/a4127443-6b35-4522-9f40-929acc7fcbd8,"https://cdn.zeptonow.com/production/tr:w-0.98,h-0.98,f-auto/cms/product_variant/6f3fb8c4-954d-4584-9c76-72ab9dfd6b0e.jpeg"
Biscuits,Top Picks,"https://cdn.zeptonow.com/production/tr:w-90,ar-120-120,pr-true,f-auto,q-80/cms/sub_category/179.png",Unibic Sugar Free Oatmeal Display Cookies |0% Maida| Low GI,Sugar free,53,60,67.5 g,4.7 (4.2k),In Stock,https://www.zeptonow.com/pn/unibic-sugar-free-oatmeal-display-cookies-0-maida-low-gi/pvid/3163ea67-2893-4478-95d5-13aa15b0dc94,"https://cdn.zeptonow.com/production/tr:w-1280,ar-1500-1500,pr-true,f-auto,q-80/cms/product_variant/97614f32-3cfc-4427-9739-4225ae923770.jpeg"
Biscuits,Top Picks,"https://cdn.zeptonow.com/production/tr:w-90,ar-120-120,pr-true,f-auto,q-80/cms/sub_category/179.png",Dukes Waffy Strawberry Wafer Rolls | Trans Fat-free,Dukes,100,180,250 g,4.6 (8.2k),In Stock,https://www.zeptonow.com/pn/dukes-waffy-strawberry-wafer-rolls-trans-fat-free/pvid/dc1c21e1-df98-43c1-bef9-261509463d43,"https://cdn.zeptonow.com/production/tr:w-1280,ar-1200-1200,pr-true,f-auto,q-80/cms/product_variant/94ac1020-e50d-4403-8f64-f348cdb88b2e.jpeg"
Biscuits,Top Picks,"https://cdn.zeptonow.com/production/tr:w-90,ar-120-120,pr-true,f-auto,q-80/cms/sub_category/179.png",Orion Orange Choco Pie,RIO,130,180,336 g,5 (433),In Stock,https://www.zeptonow.com/pn/orion-orange-choco-pie/pvid/098e7a0e-0212-45ff-8b97-02a36ea70d20,"https://cdn.zeptonow.com/production/tr:w-1280,ar-1021-1021,pr-true,f-auto,q-80/cms/product_variant/b23dccd2-8b47-4329-aa0a-6e5ce851469d.jpeg"
Biscuits,Top Picks,"https://cdn.zeptonow.com/production/tr:w-90,ar-120-120,pr-true,f-auto,q-80/cms/sub_category/179.png",Britannia Nutrichoice High-Fibre Digestive Biscuits,Britannia,45,50,192 g,4.7 (63.8k),In Stock,https://www.zeptonow.com/pn/britannia-nutrichoice-high-fibre-digestive-biscuits/pvid/a964018a-0a8d-4207-acba-5e55770dd27d,"https://cdn.zeptonow.com/production/tr:w-1280,ar-1200-1200,pr-true,f-auto,q-80/cms/product_variant/ca2359ee-0646-41d6-b2cd-d259c5a5d82f.jpeg"
Biscuits,Top Picks,"https://cdn.zeptonow.com/production/tr:w-90,ar-120-120,pr-true,f-auto,q-80/cms/sub_category/179.png",Unibic Sugar Free Butter Display Cookies | 0% Maida | Low GI,Sugar free,53,60,67.5 g,4.7 (3.0k),In Stock,https://www.zeptonow.com/pn/unibic-sugar-free-butter-display-cookies-0-maida-low-gi/pvid/cc4e2eb1-5992-4221-8a1f-ffb377f1682a,"https://cdn.zeptonow.com/production/tr:w-1280,ar-1500-1500,pr-true,f-auto,q-80/cms/product_variant/93135db8-6bed-406b-a64c-6153487b8cfb.jpeg"
Biscuits,Top Picks,"https://cdn.zeptonow.com/production/tr:w-90,ar-120-120,pr-true,f-auto,q-80/cms/sub_category/179.png",Parle Elaichi Rusk | Trans Fat-free,Parle,53,60,291.2 g,4.6 (27.6k),In Stock,https://www.zeptonow.com/pn/parle-elaichi-rusk-trans-fat-free/pvid/d9c9692a-e176-4e11-9e11-f34fbdcfbdc4,"https://cdn.zeptonow.com/production/tr:w-1280,ar-1000-1000,pr-true,f-auto,q-80/cms/product_variant/8df7bb97-0c06-41cf-a9d6-a77c85e04543.jpeg"
Biscuits,Top Picks,"https://cdn.zeptonow.com/production/tr:w-90,ar-120-120,pr-true,f-auto,q-80/cms/sub_category/179.png",Unibic Sugar Free Multigrain Display Cookies |0% Maida | Low GI,Sugar free,53,60,67.5 g,4.7 (1.8k),In Stock,https://www.zeptonow.com/pn/unibic-sugar-free-multigrain-display-cookies-0-maida-low-gi/pvid/c49c6b1d-4228-47f3-9291-71c7b1abd828,"https://cdn.zeptonow.com/production/tr:w-1280,ar-1500-1500,pr-true,f-auto,q-80/cms/product_variant/78e85d57-4477-4509-9499-46d505528815.jpeg"
Biscuits,Top Picks,"https://cdn.zeptonow.com/production/tr:w-90,ar-120-120,pr-true,f-auto,q-80/cms/sub_category/179.png",Let's Try Chocolate Cake Rusk | Trans Fat-free,Let's,165,220,200 g,4.1 (708),In Stock,https://www.zeptonow.com/pn/lets-try-chocolate-cake-rusk-trans-fat-free/pvid/6f2199c6-96d1-4d9f-b028-0809e70e882e,"https://cdn.zeptonow.com/production/tr:w-1280,ar-1573-1600,pr-true,f-auto,q-80/cms/product_variant/65e2719b-fa23-4b05-96f8-6df7e2428b84.jpg"
Biscuits,Top Picks,"https://cdn.zeptonow.com/production/tr:w-90,ar-120-120,pr-true,f-auto,q-80/cms/sub_category/179.png",Unibic Assorted Cookies,Unibic,245,340,1 pack (10 pcs),4.6 (2.0k),In Stock,https://www.zeptonow.com/pn/unibic-assorted-cookies/pvid/f989206f-6e74-466e-af72-98691d1557fd,"https://cdn.zeptonow.com/production/tr:w-1280,ar-2000-2000,pr-true,f-auto,q-80/cms/product_variant/1a012369-516d-40c6-b013-904e8f6fadfe.jpeg"
Biscuits,Top Picks,"https://cdn.zeptonow.com/production/tr:w-90,ar-120-120,pr-true,f-auto,q-80/cms/sub_category/179.png",Britannia Toastea Milk Elaichi Rusk | Trans Fat-free,Britannia,29,35,182 g,4.5 (17.8k),In Stock,https://www.zeptonow.com/pn/britannia-toastea-milk-elaichi-rusk-trans-fat-free/pvid/e0b27634-e620-496f-891a-02c96e1804a2,"https://cdn.zeptonow.com/production/tr:w-1280,ar-4500-4500,pr-true,f-auto,q-80/cms/product_variant/1e2f26dd-05ad-4662-b9d9-931b5d2ad059.jpeg"
Biscuits,Top Picks,"https://cdn.zeptonow.com/production/tr:w-90,ar-120-120,pr-true,f-auto,q-80/cms/sub_category/179.png",Britannia Marie Gold Biscuits Plain | Trans Fat-free,Britannia,95,100,585 g,4.7 (77.3k),In Stock,https://www.zeptonow.com/pn/britannia-marie-gold-biscuits-plain-trans-fat-free/pvid/e6e46950-d542-4d8c-a935-c5a6ef6b7051,"https://cdn.zeptonow.com/production/tr:w-1280,ar-1200-1200,pr-true,f-auto,q-80/cms/product_variant/a6b7a8a1-adf6-4dba-a841-121f27d5cf6f.jpeg"
Biscuits,Top Picks,"https://cdn.zeptonow.com/production/tr:w-90,ar-120-120,pr-true,f-auto,q-80/cms/sub_category/179.png",Sunfeast Dark Fantasy Choco Rolls | Crunchy Wafer Rolls,Sunfeast,98,200,198 g,4.5 (6.9k),In Stock,https://www.zeptonow.com/pn/sunfeast-dark-fantasy-choco-rolls-crunchy-wafer-rolls/pvid/55c940d4-2478-4c0b-a543-860746621d9d,"https://cdn.zeptonow.com/production/tr:w-1280,ar-1905-1905,pr-true,f-auto,q-80/cms/product_variant/e1b43ee8-a7e8-4536-836a-2abd6e06a637.jpeg"
Biscuits,Top Picks,"https://cdn.zeptonow.com/production/tr:w-90,ar-120-120,pr-true,f-auto,q-80/cms/sub_category/179.png","Parle Classic Jowar Digestive Biscuit | Cholesterol-free, Maida-freeand Trans Fat-free",Parle,186,320,1 kg,4.7 (6.6k),In Stock,https://www.zeptonow.com/pn/parle-classic-jowar-digestive-biscuit-cholesterol-free-maida-freeand-trans-fat-free/pvid/744c9206-55f8-4da9-942c-00c89f8ab58e,"https://cdn.zeptonow.com/production/tr:w-1280,ar-1000-1000,pr-true,f-auto,q-80/cms/product_variant/f047231a-b5e3-45e1-a84d-04b2a867bc54.jpeg"
Biscuits,Top Picks,"https://cdn.zeptonow.com/production/tr:w-90,ar-120-120,pr-true,f-auto,q-80/cms/sub_category/179.png",Parle Monaco Classic Salted Plain Crackers | Trans Fat-free,Parle,76,80,371.2 g,4.7 (36.3k),In Stock,https://www.zeptonow.com/pn/parle-monaco-classic-salted-plain-crackers-trans-fat-free/pvid/fc29b674-bec0-4999-8050-6da9c8d09176,"https://cdn.zeptonow.com/production/tr:w-1280,ar-1000-1000,pr-true,f-auto,q-80/cms/product_variant/4c0e2fc0-ca35-4847-8d1e-ddb06ed85e8f.jpeg"
Biscuits,Top Picks,"https://cdn.zeptonow.com/production/tr:w-90,ar-120-120,pr-true,f-auto,q-80/cms/sub_category/179.png",Unibic Assorted Cookies,Unibic,163,200,1 pack (6 pcs),4.6 (4.3k),In Stock,https://www.zeptonow.com/pn/unibic-assorted-cookies/pvid/9f7c3ccb-9743-4d86-9740-cbbfb1635604,"https://cdn.zeptonow.com/production/tr:w-1280,ar-2000-2000,pr-true,f-auto,q-80/cms/product_variant/2e7a7c26-c636-439d-8c6b-8c213037ab08.jpeg"
Biscuits,Top Picks,"https://cdn.zeptonow.com/production/tr:w-90,ar-120-120,pr-true,f-auto,q-80/cms/sub_category/179.png",Unibic Choco Nut Flavoured Biscuits | Artificial Colour-free and Preservative-free,Unibic,25,30,67.5 g,4.5 (33.8k),In Stock,https://www.zeptonow.com/pn/unibic-choco-nut-flavoured-biscuits-artificial-colour-free-and-preservative-free/pvid/6b462827-041c-44dd-90ed-8cd8bb7ac7d5,"https://cdn.zeptonow.com/production/tr:w-1280,ar-1500-1500,pr-true,f-auto,q-80/cms/product_variant/0a6bf552-5f59-4758-97d9-c96d8d11c931.jpeg"
Biscuits,Top Picks,"https://cdn.zeptonow.com/production/tr:w-90,ar-120-120,pr-true,f-auto,q-80/cms/sub_category/179.png",Britannia Milk Bikis Glucose Biscuits | Trans Fat-free,Britannia,84,90,435 g,4.7 (39.4k),In Stock,https://www.zeptonow.com/pn/britannia-milk-bikis-glucose-biscuits-trans-fat-free/pvid/17d29365-2139-411e-aa4d-e5bb0108d65f,"https://cdn.zeptonow.com/production/tr:w-1280,ar-4500-4500,pr-true,f-auto,q-80/cms/product_variant/430d62b1-94c3-45fb-8dbe-34d568771cde.jpeg"
Biscuits,Top Picks,"https://cdn.zeptonow.com/production/tr:w-90,ar-120-120,pr-true,f-auto,q-80/cms/sub_category/179.png",Britannia 50-50 Maska Chaska Biscuits Butter Flavoured Crackers | Trans Fat-free,Britannia,29,30,100 g,4.6 (117.9k),In Stock,https://www.zeptonow.com/pn/britannia-50-50-maska-chaska-biscuits-butter-flavoured-crackers-trans-fat-free/pvid/6045251b-e612-47a3-b2db-20753bcf233d,"https://cdn.zeptonow.com/production/tr:w-1280,ar-1000-1000,pr-true,f-auto,q-80/cms/product_variant/9f92f634-1b60-4408-be88-c57eb67794ca.jpeg"
Biscuits,Top Picks,"https://cdn.zeptonow.com/production/tr:w-90,ar-120-120,pr-true,f-auto,q-80/cms/sub_category/179.png",Unibic Wafer Belgium Chocolate Qubz Cubes Wafers | Maida-free,Unibic,75,150,120 g,4.6 (4.0k),In Stock,https://www.zeptonow.com/pn/unibic-wafer-belgium-chocolate-qubz-cubes-wafers-maida-free/pvid/8f3b01b2-3bb3-4053-9f92-053558c0c1b3,"https://cdn.zeptonow.com/production/tr:w-1280,ar-1200-1200,pr-true,f-auto,q-80/cms/product_variant/5a4b79b2-9075-4798-8f18-77fc706c2606.jpeg"
Biscuits,Top Picks,"https://cdn.zeptonow.com/production/tr:w-90,ar-120-120,pr-true,f-auto,q-80/cms/sub_category/179.png",Britannia Toastea Bake Elaichi Rusk | Trans Fat-free,Britannia,130,140,668 g,4.5 (44.5k),In Stock,https://www.zeptonow.com/pn/britannia-toastea-bake-elaichi-rusk-trans-fat-free/pvid/29d2d9f9-bdb2-4f10-bb7f-341f061955fb,"https://cdn.zeptonow.com/production/tr:w-1280,ar-4500-4500,pr-true,f-auto,q-80/cms/product_variant/104aaf2f-4085-43e2-93ee-b25a5e8f50b6.jpeg"
Biscuits,Top Picks,"https://cdn.zeptonow.com/production/tr:w-90,ar-120-120,pr-true,f-auto,q-80/cms/sub_category/179.png",Britannia Marie Gold Biscuits Plain | Trans Fat-free,Britannia,24,25,176 g,4.7 (99.4k),In Stock,https://www.zeptonow.com/pn/britannia-marie-gold-biscuits-plain-trans-fat-free/pvid/40b98007-044e-46cb-9709-7621ef016f29,"https://cdn.zeptonow.com/production/tr:w-0.98,h-0.98,f-auto/cms/product_variant/5d7041b3-9a78-4e41-9a2a-cda343a4f2ba.jpeg"
Biscuits,Top Picks,"https://cdn.zeptonow.com/production/tr:w-90,ar-120-120,pr-true,f-auto,q-80/cms/sub_category/179.png",Unibic Danish Coconut Cookies,Unibic,83,165,270 g,4.7 (9.3k),In Stock,https://www.zeptonow.com/pn/unibic-danish-coconut-cookies/pvid/35cf06ea-fd37-41e3-99b8-46ab04fc1551,"https://cdn.zeptonow.com/production/tr:w-1280,ar-1500-1500,pr-true,f-auto,q-80/cms/product_variant/1c9b1268-e213-4a07-8a51-13db79895d31.jpeg"
Biscuits,Top Picks,"https://cdn.zeptonow.com/production/tr:w-90,ar-120-120,pr-true,f-auto,q-80/cms/sub_category/179.png",Dukes Nutri Choice Orange Wafers | Trans Fat-free,Dukes,30,50,55 g,4.7 (10.8k),In Stock,https://www.zeptonow.com/pn/dukes-nutri-choice-orange-wafers-trans-fat-free/pvid/ab2c7f94-150b-45fd-a3a4-e4d4bc267d70,"https://cdn.zeptonow.com/production/tr:w-1280,ar-1024-1024,pr-true,f-auto,q-80/cms/product_variant/86e414be-b205-49d3-9353-ea67ec97bab6.jpeg"
Biscuits,Top Picks,"https://cdn.zeptonow.com/production/tr:w-90,ar-120-120,pr-true,f-auto,q-80/cms/sub_category/179.png",Unibic Qubz Hazelnut Wafer Cubes,Unibic,75,150,120 g,4.5 (2.9k),In Stock,https://www.zeptonow.com/pn/unibic-qubz-hazelnut-wafer-cubes/pvid/a5b90b4e-c6ba-496d-92da-0cd763b0b9a4,"https://cdn.zeptonow.com/production/tr:w-1280,ar-1200-1200,pr-true,f-auto,q-80/cms/product_variant/2865d5e7-2aec-425a-9971-39ea1a206eb0.jpeg"
Biscuits,Top Picks,"https://cdn.zeptonow.com/production/tr:w-90,ar-120-120,pr-true,f-auto,q-80/cms/sub_category/179.png",Unibic Choco Ripple,Unibic,99,190,494 g,4.6 (73),In Stock,https://www.zeptonow.com/pn/unibic-choco-ripple/pvid/fea338a4-3484-46e0-b812-1380f25e969f,"https://cdn.zeptonow.com/production/tr:w-1280,ar-1500-1500,pr-true,f-auto,q-80/cms/product_variant/0019e5d2-d468-41f3-a5b6-6214f668b61f.jpeg"
Biscuits,Top Picks,"https://cdn.zeptonow.com/production/tr:w-90,ar-120-120,pr-true,f-auto,q-80/cms/sub_category/179.png",Dukes Waffy Chocolate Wafers | Trans Fat-free,Dukes,30,50,55 g,4.7 (29.2k),In Stock,https://www.zeptonow.com/pn/dukes-waffy-chocolate-wafers-trans-fat-free/pvid/f9571fd5-1474-4347-b48f-3a48a4c95d78,"https://cdn.zeptonow.com/production/tr:w-1280,ar-1024-1024,pr-true,f-auto,q-80/cms/product_variant/0b760afc-f952-4253-83de-0c5bad9ac877.jpeg"
Biscuits,Top Picks,"https://cdn.zeptonow.com/production/tr:w-90,ar-120-120,pr-true,f-auto,q-80/cms/sub_category/179.png",Britannia Milk Bikis Glucose Biscuits | Trans Fat-free,Britannia,50,55,188 g,4.7 (52.0k),In Stock,https://www.zeptonow.com/pn/britannia-milk-bikis-glucose-biscuits-trans-fat-free/pvid/fd80572d-f4c7-4a95-8bdf-130308480639,"https://cdn.zeptonow.com/production/tr:w-1280,ar-4500-4500,pr-true,f-auto,q-80/cms/product_variant/af7e9857-610b-47fb-bbca-defc45ddba49.jpeg"
Biscuits,Top Picks,"https://cdn.zeptonow.com/production/tr:w-90,ar-120-120,pr-true,f-auto,q-80/cms/sub_category/179.png",Britannia Toastea Bake Elaichi Rusk | Trans Fat-free,Britannia,42,50,250 g,4.5 (63.3k),In Stock,https://www.zeptonow.com/pn/britannia-toastea-bake-elaichi-rusk-trans-fat-free/pvid/fa02b2e9-1542-4e3d-aecb-38c0cebf7277,"https://cdn.zeptonow.com/production/tr:w-1280,ar-4500-4500,pr-true,f-auto,q-80/cms/product_variant/e6ad04b5-131e-495b-9c23-0efaa941ebb0.jpeg"
Biscuits,Top Picks,"https://cdn.zeptonow.com/production/tr:w-90,ar-120-120,pr-true,f-auto,q-80/cms/sub_category/179.png",Unibic Cookie Magic Assorted Biscuits | Trans Fat-free,Unibic,201,379,300 g,4.8 (67),In Stock,https://www.zeptonow.com/pn/unibic-cookie-magic-assorted-biscuits-trans-fat-free/pvid/365cbcf1-b76f-4275-a296-4c420901b4e8,"https://cdn.zeptonow.com/production/tr:w-1280,ar-2400-2400,pr-true,f-auto,q-80/cms/product_variant/f1abf03f-702c-4fa1-bc89-3053ae549c4a.jpeg"
Biscuits,Top Picks,"https://cdn.zeptonow.com/production/tr:w-90,ar-120-120,pr-true,f-auto,q-80/cms/sub_category/179.png",Parle Premium Elaichi Rusk | Preservative-free,Parle,32,35,180 g,4.6 (35.8k),In Stock,https://www.zeptonow.com/pn/parle-premium-elaichi-rusk-preservative-free/pvid/90670931-8564-418f-98a8-b108ca48ba9d,"https://cdn.zeptonow.com/production/tr:w-1280,ar-1200-1200,pr-true,f-auto,q-80/cms/product_variant/689f416b-05f5-45ce-a917-787e258fea54.jpeg"
Biscuits,Top Picks,"https://cdn.zeptonow.com/production/tr:w-90,ar-120-120,pr-true,f-auto,q-80/cms/sub_category/179.png",Britannia Vita Butter Marie Gold Biscuits | Trans Fat-free,Britannia,47,50,248 g,4.7 (33.0k),In Stock,https://www.zeptonow.com/pn/britannia-vita-butter-marie-gold-biscuits-trans-fat-free/pvid/51ffd532-68d7-4620-993d-c0ea1d01dfc5,"https://cdn.zeptonow.com/production/tr:w-1280,ar-1067-874,pr-true,f-auto,q-80/cms/product_variant/c6013453-aed8-453a-a1df-db0fab234ac1.jpeg"
Biscuits,Top Picks,"https://cdn.zeptonow.com/production/tr:w-90,ar-120-120,pr-true,f-auto,q-80/cms/sub_category/179.png",Dukes Nutri Choice Pineapple Wafers | Trans Fat-free,Dukes,30,50,55 g,4.7 (9.3k),In Stock,https://www.zeptonow.com/pn/dukes-nutri-choice-pineapple-wafers-trans-fat-free/pvid/28743d67-9624-4b33-9422-48d6731e31a3,"https://cdn.zeptonow.com/production/tr:w-1280,ar-1024-1024,pr-true,f-auto,q-80/cms/product_variant/f62aede0-34a3-434c-9628-a76d4a6cafb8.jpeg"
Biscuits,Top Picks,"https://cdn.zeptonow.com/production/tr:w-90,ar-120-120,pr-true,f-auto,q-80/cms/sub_category/179.png",Sunfeast Dark Fantasy Choco Centre Fills | Preservative-free,Sunfeast,105,170,230 g,4.7 (118.3k),In Stock,https://www.zeptonow.com/pn/sunfeast-dark-fantasy-choco-centre-fills-preservative-free/pvid/b9606e95-79a6-4814-827d-104b680ca81f,"https://cdn.zeptonow.com/production/tr:w-1280,ar-250-250,pr-true,f-auto,q-80/cms/product_variant/6a5ab164-a4ca-4ab3-8743-31eae3874d2e.jpeg"
Biscuits,Top Picks,"https://cdn.zeptonow.com/production/tr:w-90,ar-120-120,pr-true,f-auto,q-80/cms/sub_category/179.png",Sunfeast Glucose Plus Biscuits | Trans Fat-free,Sunfeast,99,140,1 kg,4.7 (5.0k),In Stock,https://www.zeptonow.com/pn/sunfeast-glucose-plus-biscuits-trans-fat-free/pvid/eab08eaa-9339-403e-9e2a-3d0a8f15d227,"https://cdn.zeptonow.com/production/tr:w-1280,ar-1500-1500,pr-true,f-auto,q-80/cms/product_variant/0a0f9fdd-024a-4aec-8eab-c6429e0984e1.jpeg"
Biscuits,Top Picks,"https://cdn.zeptonow.com/production/tr:w-90,ar-120-120,pr-true,f-auto,q-80/cms/sub_category/179.png",Parle Monaco Jeffs Zeera Flavoured Crackers,Parle,80,80,200 g,5 (135),In Stock,https://www.zeptonow.com/pn/parle-monaco-jeffs-zeera-flavoured-crackers/pvid/a4d092eb-b690-4a3f-97a9-b188863cefbc,"https://cdn.zeptonow.com/production/tr:w-1280,ar-1021-1021,pr-true,f-auto,q-80/cms/product_variant/82ce32ad-9c2f-4822-bbc5-0768c51b265a.jpeg"
Biscuits,Top Picks,"https://cdn.zeptonow.com/production/tr:w-90,ar-120-120,pr-true,f-auto,q-80/cms/sub_category/179.png",Unibic Choco Chip Flavoured Biscuits | Trans Fat-free,Unibic,22,30,67.5 g,4.6 (34.9k),In Stock,https://www.zeptonow.com/pn/unibic-choco-chip-flavoured-biscuits-trans-fat-free/pvid/c3545a0c-e4dd-492b-a337-48ef7e8b854c,"https://cdn.zeptonow.com/production/tr:w-1280,ar-1500-1500,pr-true,f-auto,q-80/cms/product_variant/2eac4b26-965c-4c70-b859-80476d0b9a2f.jpeg"
Biscuits,Top Picks,"https://cdn.zeptonow.com/production/tr:w-90,ar-120-120,pr-true,f-auto,q-80/cms/sub_category/179.png",Dukes Waffy Strawberry Wafers | Trans Fat-free,Dukes,30,50,55 g,4.7 (22.4k),In Stock,https://www.zeptonow.com/pn/dukes-waffy-strawberry-wafers-trans-fat-free/pvid/af05d27b-ea27-4d3f-87fc-fa91ae6689f8,"https://cdn.zeptonow.com/production/tr:w-1280,ar-1024-1024,pr-true,f-auto,q-80/cms/product_variant/86d57c25-a85b-4d3b-899d-d4accc5359dd.jpeg"
Biscuits,Top Picks,"https://cdn.zeptonow.com/production/tr:w-90,ar-120-120,pr-true,f-auto,q-80/cms/sub_category/179.png",Sunfeast All Rounder Crunchy Potato Chatpata Masala Flavoured Crackers | Trans Fat-free,Sunfeast,23,25,70 g,4.6 (20.9k),In Stock,https://www.zeptonow.com/pn/sunfeast-all-rounder-crunchy-potato-chatpata-masala-flavoured-crackers-trans-fat-free/pvid/48761167-60d6-4625-a23b-07a6feef5b68,"https://cdn.zeptonow.com/production/tr:w-1280,ar-472-245,pr-true,f-auto,q-80/cms/product_variant/2eebc427-5eaf-4195-bf22-b2f74151b634.JPG"
Biscuits,Top Picks,"https://cdn.zeptonow.com/production/tr:w-90,ar-120-120,pr-true,f-auto,q-80/cms/sub_category/179.png",Britannia Treat Jimjam Naughty Jam Cream Biscuits | Trans Fat-free,Britannia,39,40,138 g,4.7 (100.8k),In Stock,https://www.zeptonow.com/pn/britannia-treat-jimjam-naughty-jam-cream-biscuits-trans-fat-free/pvid/4c20b22c-0b0f-430d-b05f-2732efea8479,"https://cdn.zeptonow.com/production/tr:w-1280,ar-4500-4500,pr-true,f-auto,q-80/cms/product_variant/93803ee0-08ee-4575-babd-b49b2bd0907b.jpeg"
Biscuits,Top Picks,"https://cdn.zeptonow.com/production/tr:w-90,ar-120-120,pr-true,f-auto,q-80/cms/sub_category/179.png",Patanjali Doodh Biscuit,Patanjali,114,125,800 g,4.2 (339),In Stock,https://www.zeptonow.com/pn/patanjali-doodh-biscuit/pvid/9269d489-d1cd-4f4b-b28b-a7f95c0f9969,"https://cdn.zeptonow.com/production/tr:w-0.98,h-0.98,f-auto/cms/product_variant/9aa4cdfc-9141-4a53-9abb-c0df271a48a7.jpg"
Biscuits,Top Picks,"https://cdn.zeptonow.com/production/tr:w-90,ar-120-120,pr-true,f-auto,q-80/cms/sub_category/179.png",Sunfeast Light Active Plain Marie Biscuits with Iron and 6 Vitamins | Trans Fat-free,Sunfeast,26,30,186 g,4.5 (26.6k),In Stock,https://www.zeptonow.com/pn/sunfeast-light-active-plain-marie-biscuits-with-iron-and-6-vitamins-trans-fat-free/pvid/75a7ca64-4564-4376-a97c-7976d0cdf8ee,"https://cdn.zeptonow.com/production/tr:w-1280,ar-500-500,pr-true,f-auto,q-80/cms/product_variant/7e47b0ee-ad55-4192-a266-946488d7dbe8.jpeg"
Biscuits,Top Picks,"https://cdn.zeptonow.com/production/tr:w-90,ar-120-120,pr-true,f-auto,q-80/cms/sub_category/179.png",Dukes Nibbles - Jeera Flavoured Crackers | Trans Fat-free,Dukes,46,60,150 g,4.5 (5.7k),In Stock,https://www.zeptonow.com/pn/dukes-nibbles-jeera-flavoured-crackers-trans-fat-free/pvid/f4248e23-40f0-4961-8c82-6d52801c469c,"https://cdn.zeptonow.com/production/tr:w-1280,ar-1021-1021,pr-true,f-auto,q-80/cms/product_variant/56e2278e-7ee4-4f35-a5bb-1d4ca44e7e9f.jpeg"
Biscuits,Top Picks,"https://cdn.zeptonow.com/production/tr:w-90,ar-120-120,pr-true,f-auto,q-80/cms/sub_category/179.png",Dukes Waffy Vanilla Flavoured Wafers | Trans Fat-free,Dukes,29,50,55 g,4.6 (11.1k),In Stock,https://www.zeptonow.com/pn/dukes-waffy-vanilla-flavoured-wafers-trans-fat-free/pvid/afb4f3d5-f902-4057-9780-349f5f1bad29,"https://cdn.zeptonow.com/production/tr:w-1280,ar-1024-1024,pr-true,f-auto,q-80/cms/product_variant/a324f5d6-33a9-42ba-9c2f-e2679eb39258.jpeg"
Biscuits,Top Picks,"https://cdn.zeptonow.com/production/tr:w-90,ar-120-120,pr-true,f-auto,q-80/cms/sub_category/179.png",Britannia Vita Plain Marie Biscuits | Trans Fat-free,Britannia,150,160,900 g,4.7 (2.3k),In Stock,https://www.zeptonow.com/pn/britannia-vita-plain-marie-biscuits-trans-fat-free/pvid/f03b4bfd-98d1-40b6-aaaa-5feaa35939ab,"https://cdn.zeptonow.com/production/tr:w-1280,ar-4500-4500,pr-true,f-auto,q-80/cms/product_variant/f4753f4f-1f9f-4a0d-8003-d135bcdd1f1f.jpeg"
Biscuits,Top Picks,"https://cdn.zeptonow.com/production/tr:w-90,ar-120-120,pr-true,f-auto,q-80/cms/sub_category/179.png",Unibic Snapper Cream and Onion Flavoured Crackers,Unibic,76,160,280 g,4.6 (2.7k),In Stock,https://www.zeptonow.com/pn/unibic-snapper-cream-and-onion-flavoured-crackers/pvid/4c09ac36-c0c8-4b03-a626-3c2f6fa20eec,"https://cdn.zeptonow.com/production/tr:w-1280,ar-1500-1500,pr-true,f-auto,q-80/cms/product_variant/f3d4f228-869d-4bcb-91d1-04160e69ece4.jpeg"
Biscuits,Top Picks,"https://cdn.zeptonow.com/production/tr:w-90,ar-120-120,pr-true,f-auto,q-80/cms/sub_category/179.png",Unibic Qubz Strawberry Wafer Cubes,Unibic,71,150,120 g,4.5 (1.3k),In Stock,https://www.zeptonow.com/pn/unibic-qubz-strawberry-wafer-cubes/pvid/f9bf81de-65a0-4b66-8c5a-f81018205911,"https://cdn.zeptonow.com/production/tr:w-1280,ar-1500-1500,pr-true,f-auto,q-80/cms/product_variant/4354a692-bb66-4fe1-bcb6-e3f557990d80.jpeg"
Biscuits,Top Picks,"https://cdn.zeptonow.com/production/tr:w-90,ar-120-120,pr-true,f-auto,q-80/cms/sub_category/179.png","Patanjali Doodh Biscuits, Whole Wheat Milk Cookie With Fiber Healthy & Nutritious Biscuits",Patanjali,37,40,255 g,4.7 (628),In Stock,https://www.zeptonow.com/pn/patanjali-doodh-biscuits-whole-wheat-milk-cookie-with-fiber-healthy-nutritious-biscuits/pvid/52646c84-f04a-4a54-a448-0bfa8e115474,"https://cdn.zeptonow.com/production/tr:w-1280,ar-2000-2000,pr-true,f-auto,q-80/cms/product_variant/5c679a75-81b9-4557-b32c-00474906d830.jpg"
Biscuits,Top Picks,"https://cdn.zeptonow.com/production/tr:w-90,ar-120-120,pr-true,f-auto,q-80/cms/sub_category/179.png",Dukes Nibbles Cheese Flavoured Crackers | Trans Fat-free,Dukes,47,60,150 g,4.7 (3.1k),In Stock,https://www.zeptonow.com/pn/dukes-nibbles-cheese-flavoured-crackers-trans-fat-free/pvid/c9ee2f29-e51c-46a3-b5f8-6d8979a448c7,"https://cdn.zeptonow.com/production/tr:w-1280,ar-1200-1200,pr-true,f-auto,q-80/cms/product_variant/cf7c18be-038e-4bef-86a8-996619a6c46e.jpg"
Biscuits,Top Picks,"https://cdn.zeptonow.com/production/tr:w-90,ar-120-120,pr-true,f-auto,q-80/cms/sub_category/179.png",Sunfeast Dark Fantasy Yumfills Chocolate Choco Pie | Trans Fat-free,Sunfeast,90,180,242 g,4.6 (54.3k),In Stock,https://www.zeptonow.com/pn/sunfeast-dark-fantasy-yumfills-chocolate-choco-pie-trans-fat-free/pvid/4ef49520-3b30-42a6-9fd3-1c957cdf29b6,"https://cdn.zeptonow.com/production/tr:w-1280,ar-2560-2560,pr-true,f-auto,q-80/cms/product_variant/a139bce6-9141-4632-939b-bf0d4b09ff20.jpeg"
Biscuits,Top Picks,"https://cdn.zeptonow.com/production/tr:w-90,ar-120-120,pr-true,f-auto,q-80/cms/sub_category/179.png",Britannia Pure Magic Choco Stars Chocolate Cream Biscuits | Trans Fat-free,Britannia,26,30,68.91 g,4.7 (25.2k),In Stock,https://www.zeptonow.com/pn/britannia-pure-magic-choco-stars-chocolate-cream-biscuits-trans-fat-free/pvid/25dbb852-ca2e-4586-81ba-8e9dc3e391bd,"https://cdn.zeptonow.com/production/tr:w-1280,ar-1200-1200,pr-true,f-auto,q-80/cms/product_variant/b0cf386d-c6cb-4751-9835-4125b5ffff45.jpeg"
Biscuits,Top Picks,"https://cdn.zeptonow.com/production/tr:w-90,ar-120-120,pr-true,f-auto,q-80/cms/sub_category/179.png",Parle Monaco Classic Salted Plain Crackers | Trans Fat-free,Parle,128,150,696 g,4.7 (30.4k),In Stock,https://www.zeptonow.com/pn/parle-monaco-classic-salted-plain-crackers-trans-fat-free/pvid/204bae0f-b5ec-4dcc-b242-3b74fe082f40,"https://cdn.zeptonow.com/production/tr:w-1280,ar-1000-1000,pr-true,f-auto,q-80/cms/product_variant/6d2d815e-1902-4fdb-a742-1edd8da89f3d.jpeg"
Biscuits,Top Picks,"https://cdn.zeptonow.com/production/tr:w-90,ar-120-120,pr-true,f-auto,q-80/cms/sub_category/179.png",Dukes Nutri Choice Assorted Biscuits Wafers | Trans Fat-free,Dukes,132,145,330 g,4.8 (1.8k),In Stock,https://www.zeptonow.com/pn/dukes-nutri-choice-assorted-biscuits-wafers-trans-fat-free/pvid/da09a5f0-b409-4b43-aee3-f996f2f7e969,"https://cdn.zeptonow.com/production/tr:w-1280,ar-1021-1021,pr-true,f-auto,q-80/cms/product_variant/efc2f998-feda-4b68-bcd9-96790bc76623.jpeg"
Biscuits,Top Picks,"https://cdn.zeptonow.com/production/tr:w-90,ar-120-120,pr-true,f-auto,q-80/cms/sub_category/179.png",Dukes Creme 4 Fun Orange Flavoured Sandwich Cream Biscuits | Preservative-free,Dukes,27,40,145 g,4.5 (11.2k),In Stock,https://www.zeptonow.com/pn/dukes-creme-4-fun-orange-flavoured-sandwich-cream-biscuits-preservative-free/pvid/aa73e4d6-7c25-452e-ae06-6511346249bc,"https://cdn.zeptonow.com/production/tr:w-1280,ar-1200-1200,pr-true,f-auto,q-80/cms/product_variant/b4852172-f45d-4692-ad67-113492c1aadb.jpeg"
Biscuits,Top Picks,"https://cdn.zeptonow.com/production/tr:w-90,ar-120-120,pr-true,f-auto,q-80/cms/sub_category/179.png",Britannia Treat Rich Creme Strawberry Flavoured Wafers | Trans Fat-free,Britannia,25,50,55 g,4.7 (15.6k),In Stock,https://www.zeptonow.com/pn/britannia-treat-rich-creme-strawberry-flavoured-wafers-trans-fat-free/pvid/b8cc1b9d-d715-49da-9ea5-e70d9ad4baf6,"https://cdn.zeptonow.com/production/tr:w-1280,ar-1500-1500,pr-true,f-auto,q-80/cms/product_variant/0330ee3a-f8e2-4bac-b2bc-f379e0a459dd.jpg"
Biscuits,Top Picks,"https://cdn.zeptonow.com/production/tr:w-90,ar-120-120,pr-true,f-auto,q-80/cms/sub_category/179.png",Parle Krack Jack Sweet and Salty Plain Crackers | Artificial Colour-free,Parle,39,40,176.4 g,4.6 (51.1k),In Stock,https://www.zeptonow.com/pn/parle-krack-jack-sweet-and-salty-plain-crackers-artificial-colour-free/pvid/ed247c26-17cd-4473-a198-915af0f9067b,"https://cdn.zeptonow.com/production/tr:w-1280,ar-1000-1000,pr-true,f-auto,q-80/cms/product_variant/2740d3da-f849-4fdb-a111-0fdd3ccba88c.jpeg"
Biscuits,Top Picks,"https://cdn.zeptonow.com/production/tr:w-90,ar-120-120,pr-true,f-auto,q-80/cms/sub_category/179.png",Britannia Treat Rich Creme Choco Flavoured Wafers | Trans Fat-free,Britannia,25,50,55 g,4.6 (16.6k),In Stock,https://www.zeptonow.com/pn/britannia-treat-rich-creme-choco-flavoured-wafers-trans-fat-free/pvid/c94e35cc-a70c-479e-ae75-6712c0cb81a3,"https://cdn.zeptonow.com/production/tr:w-1280,ar-1500-1500,pr-true,f-auto,q-80/cms/product_variant/2acf0340-a3fe-41b1-8e5d-defd453362b0.jpg"
Biscuits,Top Picks,"https://cdn.zeptonow.com/production/tr:w-90,ar-120-120,pr-true,f-auto,q-80/cms/sub_category/179.png",Britannia Treat Rich Creme Flavoured Wafers Orange Wafer | Trans Fat-free,Britannia,25,50,55 g,4.5 (4.8k),In Stock,https://www.zeptonow.com/pn/britannia-treat-rich-creme-flavoured-wafers-orange-wafer-trans-fat-free/pvid/71f603b8-a82f-4115-ae8c-71b43d0c120a,"https://cdn.zeptonow.com/production/tr:w-1280,ar-4500-4500,pr-true,f-auto,q-80/cms/product_variant/abc640e1-1799-4ab3-9751-28acf1dd6ba8.jpeg"
Biscuits,Top Picks,"https://cdn.zeptonow.com/production/tr:w-90,ar-120-120,pr-true,f-auto,q-80/cms/sub_category/179.png",Britannia Biscafe Super Thin Coffee Flavoured Crackers | Trans Fat-free,Britannia,31,35,100 g,4.7 (3.3k),In Stock,https://www.zeptonow.com/pn/britannia-biscafe-super-thin-coffee-flavoured-crackers-trans-fat-free/pvid/282f0415-d3b8-4420-90da-2b0d342e507f,"https://cdn.zeptonow.com/production/tr:w-1280,ar-1200-1200,pr-true,f-auto,q-80/cms/product_variant/193ce4a4-5451-4a40-a51c-a5bedb1c3bcc.jpeg"
Biscuits,Top Picks,"https://cdn.zeptonow.com/production/tr:w-90,ar-120-120,pr-true,f-auto,q-80/cms/sub_category/179.png",Britannia 50-50 Maska Chaska Biscuits Butter Flavoured Crackers | Trans Fat-free,Britannia,92,100,300 g,4.6 (56.3k),In Stock,https://www.zeptonow.com/pn/britannia-50-50-maska-chaska-biscuits-butter-flavoured-crackers-trans-fat-free/pvid/52a3595b-ecfa-4151-95d5-990c23f2fc0c,"https://cdn.zeptonow.com/production/tr:w-1280,ar-1200-1200,pr-true,f-auto,q-80/cms/product_variant/37f0b762-9d62-4d29-81e5-4e3294bb0271.jpeg"
Biscuits,Top Picks,"https://cdn.zeptonow.com/production/tr:w-90,ar-120-120,pr-true,f-auto,q-80/cms/sub_category/179.png",Britannia 50-50 Potazos Masti Masala Flavoured Crackers | Trans Fat-free,Britannia,28,30,71 g,4.6 (11.6k),In Stock,https://www.zeptonow.com/pn/britannia-50-50-potazos-masti-masala-flavoured-crackers-trans-fat-free/pvid/2401e814-53b7-49b2-aae8-b8197a23510c,"https://cdn.zeptonow.com/production/tr:w-1280,ar-4500-4500,pr-true,f-auto,q-80/cms/product_variant/fa9eec50-d9f2-46ac-805f-b24089000efb.jpeg"
Biscuits,Top Picks,"https://cdn.zeptonow.com/production/tr:w-90,ar-120-120,pr-true,f-auto,q-80/cms/sub_category/179.png",Britannia The Original Bourbon Chocolate Cream Biscuits | Trans Fat-free,Britannia,38,40,150 g,4.7 (25.5k),In Stock,https://www.zeptonow.com/pn/britannia-the-original-bourbon-chocolate-cream-biscuits-trans-fat-free/pvid/18cfaa3d-559e-487d-b1c4-33d200c4f757,"https://cdn.zeptonow.com/production/tr:w-1280,ar-3000-3000,pr-true,f-auto,q-80/cms/product_variant/87babb20-e900-4359-8d14-88290a5052a5.jpeg"
Biscuits,Top Picks,"https://cdn.zeptonow.com/production/tr:w-90,ar-120-120,pr-true,f-auto,q-80/cms/sub_category/179.png",Sunfeast Dark Fantasy Choco Centre Fills | Preservative-free,Sunfeast,40,40,69 g,4.7 (162.4k),In Stock,https://www.zeptonow.com/pn/sunfeast-dark-fantasy-choco-centre-fills-preservative-free/pvid/b7e6ca50-739f-4a9d-825e-91d7321a25f8,"https://cdn.zeptonow.com/production/tr:w-1280,ar-1000-1000,pr-true,f-auto,q-80/cms/product_variant/a7226d74-39a7-42ad-b670-b8b8299c7af0.jpeg"
Biscuits,Top Picks,"https://cdn.zeptonow.com/production/tr:w-90,ar-120-120,pr-true,f-auto,q-80/cms/sub_category/179.png",Sunfeast Marie Light Plain Biscuits | Trans Fat-free,Sunfeast,36,45,243 g,4.5 (1.9k),In Stock,https://www.zeptonow.com/pn/sunfeast-marie-light-plain-biscuits-trans-fat-free/pvid/07167f96-12a9-4d83-b726-8dcebb3dfe90,"https://cdn.zeptonow.com/production/tr:w-1280,ar-750-750,pr-true,f-auto,q-80/cms/product_variant/468be5de-44e7-4db2-b7d9-90f87cd9806e.jpeg"
Biscuits,Top Picks,"https://cdn.zeptonow.com/production/tr:w-90,ar-120-120,pr-true,f-auto,q-80/cms/sub_category/179.png",Cadbury Oreo Vanilla Flavour Creme Sandwich Biscuit Family Pack,Cadbury,74,98,275.55 g,4.7 (18.8k),In Stock,https://www.zeptonow.com/pn/cadbury-oreo-vanilla-flavour-creme-sandwich-biscuit-family-pack/pvid/8c7b005e-b460-4b65-b045-22486361431d,"https://cdn.zeptonow.com/production/tr:w-1280,ar-1100-1100,pr-true,f-auto,q-80/cms/product_variant/0cbd9021-c624-4545-8c83-4adc663a7a3a.jpeg"
Biscuits,Top Picks,"https://cdn.zeptonow.com/production/tr:w-90,ar-120-120,pr-true,f-auto,q-80/cms/sub_category/179.png",Parle Monaco Pizza Flavoured Crackers | Trans Fat-free,Parle,76,150,311 g,4.9 (847),In Stock,https://www.zeptonow.com/pn/parle-monaco-pizza-flavoured-crackers-trans-fat-free/pvid/34ea87ba-ac1c-4ab5-8b35-b8560313530f,"https://cdn.zeptonow.com/production/tr:w-1280,ar-1960-1960,pr-true,f-auto,q-80/cms/product_variant/5649c0e8-c729-4eed-8f9b-9c993f804cc6.jpg"
Biscuits,Top Picks,"https://cdn.zeptonow.com/production/tr:w-90,ar-120-120,pr-true,f-auto,q-80/cms/sub_category/179.png",Malkist Sugar Cracker Biscuits Sweet Plain Crackers | Trans Fat-free,Malkist,45,50,105 g,4.2 (952),In Stock,https://www.zeptonow.com/pn/malkist-sugar-cracker-biscuits-sweet-plain-crackers-trans-fat-free/pvid/c3a24742-62d3-42f1-9da7-31a95a52b79a,"https://cdn.zeptonow.com/production/tr:w-1280,ar-1600-1200,pr-true,f-auto,q-80/cms/product_variant/e455bd0d-87fc-4e0f-aa11-4e53fb03d867.jpg"
Biscuits,Top Picks,"https://cdn.zeptonow.com/production/tr:w-90,ar-120-120,pr-true,f-auto,q-80/cms/sub_category/179.png",Britannia Treat Jimjam Naughty Jam Cream Biscuits | Trans Fat-free,Britannia,24,25,92 g,4.7 (130.3k),In Stock,https://www.zeptonow.com/pn/britannia-treat-jimjam-naughty-jam-cream-biscuits-trans-fat-free/pvid/0bfa3f3c-4419-4fd8-884f-ade54af9e06d,"https://cdn.zeptonow.com/production/tr:w-1280,ar-3000-3000,pr-true,f-auto,q-80/cms/product_variant/0d833902-00e4-4b12-834a-1628a2fc5c88.jpeg"
Biscuits,Top Picks,"https://cdn.zeptonow.com/production/tr:w-90,ar-120-120,pr-true,f-auto,q-80/cms/sub_category/179.png",Karachi Bakery Osmania Butter Flavoured Biscuits | Trans Fat-free,Karachi Bakery,189,190,400 g,4.1 (2.4k),In Stock,https://www.zeptonow.com/pn/karachi-bakery-osmania-butter-flavoured-biscuits-trans-fat-free/pvid/3b8d21d1-0a94-4dbe-a73a-ba2d5bb5ad40,"https://cdn.zeptonow.com/production/tr:w-1280,ar-2400-2400,pr-true,f-auto,q-80/cms/product_variant/579bb27f-e75d-4074-ad2e-9aafea98aaac.jpeg"
Biscuits,Top Picks,"https://cdn.zeptonow.com/production/tr:w-90,ar-120-120,pr-true,f-auto,q-80/cms/sub_category/179.png",Karachi Bakery Fruit Flavoured Biscuits | Artificial Flavour-free,Karachi Bakery,196,210,400 g,4.2 (4.3k),In Stock,https://www.zeptonow.com/pn/karachi-bakery-fruit-flavoured-biscuits-artificial-flavour-free/pvid/8c61dc04-7ad1-4e4e-9a69-221a8101c9eb,"https://cdn.zeptonow.com/production/tr:w-1280,ar-1831-1078,pr-true,f-auto,q-80/cms/product_variant/f5087e11-a772-4eda-bfa8-8bce90f25e84.jpeg"
Biscuits,Top Picks,"https://cdn.zeptonow.com/production/tr:w-90,ar-120-120,pr-true,f-auto,q-80/cms/sub_category/179.png",Britannia The Original Bourbon Chocolate Cream Biscuits | Trans Fat-free,Britannia,24,25,100 g,4.7 (48.7k),In Stock,https://www.zeptonow.com/pn/britannia-the-original-bourbon-chocolate-cream-biscuits-trans-fat-free/pvid/5d0432e8-e400-4746-bce5-f6edbbd666fd,"https://cdn.zeptonow.com/production/tr:w-1280,ar-3000-3000,pr-true,f-auto,q-80/cms/product_variant/4fc47b3e-5f07-47ed-b7fb-980c145dd020.jpeg"
Biscuits,Top Picks,"https://cdn.zeptonow.com/production/tr:w-90,ar-120-120,pr-true,f-auto,q-80/cms/sub_category/179.png",Karachi Bakery Cashew Dry Fruit Biscuits | Trans Fat-free,Karachi Bakery,222,235,400 g,4.5 (1.2k),In Stock,https://www.zeptonow.com/pn/karachi-bakery-cashew-dry-fruit-biscuits-trans-fat-free/pvid/2c7642d7-459e-4828-b40e-721e60e6a31e,"https://cdn.zeptonow.com/production/tr:w-1280,ar-1200-1200,pr-true,f-auto,q-80/cms/product_variant/6e556320-1489-4390-b7e9-0f5ccf18a205.jpeg"
Biscuits,Top Picks,"https://cdn.zeptonow.com/production/tr:w-90,ar-120-120,pr-true,f-auto,q-80/cms/sub_category/179.png",Cadbury Oreo Chocolate Flavour Creme Sandwich Biscuit Family Pack,Cadbury,74,98,275.55 g,4.7 (9.5k),In Stock,https://www.zeptonow.com/pn/cadbury-oreo-chocolate-flavour-creme-sandwich-biscuit-family-pack/pvid/02dd7aed-e3a7-4be8-ae55-6f314467e7b0,"https://cdn.zeptonow.com/production/tr:w-1280,ar-1100-1100,pr-true,f-auto,q-80/cms/product_variant/2f0d43bd-afb0-44c8-a7f6-9e9028171fe9.jpeg"
Biscuits,Top Picks,"https://cdn.zeptonow.com/production/tr:w-90,ar-120-120,pr-true,f-auto,q-80/cms/sub_category/179.png",Cadbury Oreo Vanilla Flavour Creme Sandwich Biscuit Mega Family Pack,Cadbury,38,45,125.25 g,4.7 (43.2k),In Stock,https://www.zeptonow.com/pn/cadbury-oreo-vanilla-flavour-creme-sandwich-biscuit-mega-family-pack/pvid/e9fcb576-1a78-4e51-8b33-dbd8854e3d24,"https://cdn.zeptonow.com/production/tr:w-1280,ar-1100-1100,pr-true,f-auto,q-80/cms/product_variant/e98951cc-abf7-476e-bb6f-6a0c20d0fd78.jpeg"
Biscuits,Top Picks,"https://cdn.zeptonow.com/production/tr:w-90,ar-120-120,pr-true,f-auto,q-80/cms/sub_category/179.png",CookieMan Danish Cookies Butter Biscuits | Trans Fat-free,CookieMan,517,549,330 g,4.8 (212),In Stock,https://www.zeptonow.com/pn/cookieman-danish-cookies-butter-biscuits-trans-fat-free/pvid/7bbd87fa-f187-4272-9dda-1278dde02fc7,"https://cdn.zeptonow.com/production/tr:w-1280,ar-1500-1500,pr-true,f-auto,q-80/cms/product_variant/90ab46e3-f7d0-4840-9cbf-a136d9fe1a54.jpeg"
Biscuits,Top Picks,"https://cdn.zeptonow.com/production/tr:w-90,ar-120-120,pr-true,f-auto,q-80/cms/sub_category/179.png",Sunfeast Dark Fantasy Chocolate Chunks Filled Cookie Reimagined | Trans Fat-free,Sunfeast,68,75,75 g,4.6 (3.9k),In Stock,https://www.zeptonow.com/pn/sunfeast-dark-fantasy-chocolate-chunks-filled-cookie-reimagined-trans-fat-free/pvid/76ecbaf4-5ff5-4233-9cda-135a2ff3a068,"https://cdn.zeptonow.com/production/tr:w-1280,ar-1280-1280,pr-true,f-auto,q-80/cms/product_variant/12e414d4-4aed-4246-8d5a-42e1130c9418.jpeg"
Biscuits,Top Picks,"https://cdn.zeptonow.com/production/tr:w-90,ar-120-120,pr-true,f-auto,q-80/cms/sub_category/179.png",CookieMan Choco Chunk Flavoured Biscuits| Artificial Flavour-free,CookieMan,141,149,120 g,4.2 (492),In Stock,https://www.zeptonow.com/pn/cookieman-choco-chunk-flavoured-biscuits-artificial-flavour-free/pvid/b8135175-f86d-40c6-8459-2a2102d78e77,"https://cdn.zeptonow.com/production/tr:w-1280,ar-994-1130,pr-true,f-auto,q-80/cms/product_variant/fb8329bc-765a-4bf3-aa1e-e2673d2c7d60.jpeg"
Biscuits,Top Picks,"https://cdn.zeptonow.com/production/tr:w-90,ar-120-120,pr-true,f-auto,q-80/cms/sub_category/179.png",Parle Hide & Seek Chocolate Chip Biscuits | Trans Fat-free,Parle,29,30,100 g,4.7 (255.9k),In Stock,https://www.zeptonow.com/pn/parle-hide-seek-chocolate-chip-biscuits-trans-fat-free/pvid/efd2cdcb-00e4-4dd7-b2c4-6634af3bf529,"https://cdn.zeptonow.com/production/tr:w-1280,ar-1000-1000,pr-true,f-auto,q-80/cms/product_variant/5e5280b3-8624-488b-ae9b-cd4d21a55d06.jpeg"
Biscuits,Top Picks,"https://cdn.zeptonow.com/production/tr:w-90,ar-120-120,pr-true,f-auto,q-80/cms/sub_category/179.png",Britannia The Original Bourbon Chocolate Cream Biscuits | Trans Fat-free | Buy 4 Get 1 Free,Britannia,94,140,500 g,4.8 (12.6k),In Stock,https://www.zeptonow.com/pn/britannia-the-original-bourbon-chocolate-cream-biscuits-trans-fat-free-buy-4-get-1-free/pvid/e8960afd-ed7b-4af0-a395-1435c5c5d275,"https://cdn.zeptonow.com/production/tr:w-1280,ar-3000-3000,pr-true,f-auto,q-80/cms/product_variant/bd1f762e-e826-48ac-bcf4-3e9448c45b43.jpeg"
Biscuits,Top Picks,"https://cdn.zeptonow.com/production/tr:w-90,ar-120-120,pr-true,f-auto,q-80/cms/sub_category/179.png",Karachi Bakery Kaju Badam Cashew and Almond Dry Fruit Biscuits | Trans Fat-free,Karachi Bakery,280,280,400 g,3.9 (332),In Stock,https://www.zeptonow.com/pn/karachi-bakery-kaju-badam-cashew-and-almond-dry-fruit-biscuits-trans-fat-free/pvid/9c98927b-5b0a-4f2b-8b05-02b0113aa408,"https://cdn.zeptonow.com/production/tr:w-1280,ar-2935-2303,pr-true,f-auto,q-80/inventory/product/24b62ef8-d8ec-4e20-8996-84d56f0a723c-242bb964-d486-4839-97aa-a6cf94acb1ca.jpeg"
Biscuits,Top Picks,"https://cdn.zeptonow.com/production/tr:w-90,ar-120-120,pr-true,f-auto,q-80/cms/sub_category/179.png",Cadbury Oreo Strawberry Flavour Creme Sandwich Biscuit,Cadbury,29,30,108.55 g,4.6 (49.8k),In Stock,https://www.zeptonow.com/pn/cadbury-oreo-strawberry-flavour-creme-sandwich-biscuit/pvid/e244ea8f-015e-41f5-9be8-523e619e88d8,"https://cdn.zeptonow.com/production/tr:w-1280,ar-1100-1099,pr-true,f-auto,q-80/cms/product_variant/e3312043-da90-4e1f-ad24-c5b2d035d2cf.jpeg"
Biscuits,Top Picks,"https://cdn.zeptonow.com/production/tr:w-90,ar-120-120,pr-true,f-auto,q-80/cms/sub_category/179.png",Dukes Creme 4 Fun Chocolate Flavoured Sandwich Cream Biscuits | Trans Fat-free,Dukes,27,40,145 g,4.6 (4.3k),In Stock,https://www.zeptonow.com/pn/dukes-creme-4-fun-chocolate-flavoured-sandwich-cream-biscuits-trans-fat-free/pvid/e562d3a4-ffa5-404d-bc7c-c85306f8b1ce,"https://cdn.zeptonow.com/production/tr:w-1280,ar-2000-2000,pr-true,f-auto,q-80/cms/product_variant/08ad02c1-0146-440b-a96a-bcfb30b2c638.jpeg"
Biscuits,Top Picks,"https://cdn.zeptonow.com/production/tr:w-90,ar-120-120,pr-true,f-auto,q-80/cms/sub_category/179.png","Parle Platina Hide & Seek Chocolate, Orange, Strawberryand Vanilla Cream Biscuits | Preservative-free",Parle,102,180,400 g,4.6 (21.2k),In Stock,https://www.zeptonow.com/pn/parle-platina-hide-seek-chocolate-orange-strawberryand-vanilla-cream-biscuits-preservative-free/pvid/82f22ce9-e6e5-4058-8f63-fb2bf2c73b81,"https://cdn.zeptonow.com/production/tr:w-1280,ar-1200-1200,pr-true,f-auto,q-80/cms/product_variant/15465ca7-df1d-4b58-8805-37bf492f12db.jpeg"
Biscuits,Top Picks,"https://cdn.zeptonow.com/production/tr:w-90,ar-120-120,pr-true,f-auto,q-80/cms/sub_category/179.png",Britannia Good Day Choco Chip Chocolate Flavoured Biscuits | Trans Fat-free,Britannia,104,150,4 x 100 g,4.7 (13.1k),In Stock,https://www.zeptonow.com/pn/britannia-good-day-choco-chip-chocolate-flavoured-biscuits-trans-fat-free/pvid/e8042f15-e186-437b-b30e-be99a2d093d0,"https://cdn.zeptonow.com/production/tr:w-1280,ar-1200-1200,pr-true,f-auto,q-80/cms/product_variant/17e53a36-71c2-4a8f-89de-72b017f21f2e.jpeg"
Biscuits,Top Picks,"https://cdn.zeptonow.com/production/tr:w-90,ar-120-120,pr-true,f-auto,q-80/cms/sub_category/179.png",Sunfeast Dark Fantasy Vanilla Cream Dark Crunchy Biscuits | Cholesterol-free and Trans Fat-free,Sunfeast,19,35,79 g,4.7 (17.2k),In Stock,https://www.zeptonow.com/pn/sunfeast-dark-fantasy-vanilla-cream-dark-crunchy-biscuits-cholesterol-free-and-trans-fat-free/pvid/dda8691d-bbce-4530-9c16-95bc6bdd3458,"https://cdn.zeptonow.com/production/tr:w-1280,ar-500-500,pr-true,f-auto,q-80/cms/product_variant/e6339264-d640-476f-b035-62e14ed821f1.jpeg"
Biscuits,Top Picks,"https://cdn.zeptonow.com/production/tr:w-90,ar-120-120,pr-true,f-auto,q-80/cms/sub_category/179.png",Cadbury Oreo Chocolate Flavour Creme Sandwich Biscuit,Cadbury,38,45,125.25 g,4.5 (30.0k),In Stock,https://www.zeptonow.com/pn/cadbury-oreo-chocolate-flavour-creme-sandwich-biscuit/pvid/c3f896e2-db31-420b-972b-c16aede0e221,"https://cdn.zeptonow.com/production/tr:w-1280,ar-1100-1100,pr-true,f-auto,q-80/cms/product_variant/098e5a73-c0f2-4fe7-8869-e36169929362.jpeg"
Biscuits,Top Picks,"https://cdn.zeptonow.com/production/tr:w-90,ar-120-120,pr-true,f-auto,q-80/cms/sub_category/179.png",Karachi Bakery Pista Dry Fruit Biscuits | Trans Fat-free,Karachi Bakery,235,235,400 g,3.9 (434),In Stock,https://www.zeptonow.com/pn/karachi-bakery-pista-dry-fruit-biscuits-trans-fat-free/pvid/7e3f534c-2b92-4d43-9886-6c70a44bb1a4,"https://cdn.zeptonow.com/production/tr:w-1280,ar-2400-2400,pr-true,f-auto,q-80/cms/product_variant/9337a6d0-5a3a-4184-a1a2-1be7d4e2252b.jpg"
Biscuits,Top Picks,"https://cdn.zeptonow.com/production/tr:w-90,ar-120-120,pr-true,f-auto,q-80/cms/sub_category/179.png",Cadbury Oreo Chocolate Flavour Creme Sandwich Biscuit Jumbo Pack,Cadbury,136,163,459.25 g,4.8 (2.5k),In Stock,https://www.zeptonow.com/pn/cadbury-oreo-chocolate-flavour-creme-sandwich-biscuit-jumbo-pack/pvid/2fd46d1b-0188-4bd9-955b-9602cca72900,"https://cdn.zeptonow.com/production/tr:w-1280,ar-1100-1100,pr-true,f-auto,q-80/cms/product_variant/ffd8ec72-668f-4f15-b5d4-f204f8a1a7cf.jpeg"
Biscuits,Top Picks,"https://cdn.zeptonow.com/production/tr:w-90,ar-120-120,pr-true,f-auto,q-80/cms/sub_category/179.png",Sunfeast Dark Fantasy Chocolate Cream Biscuits | Made With Real Chocolate,Sunfeast,50,100,237 g,4.7 (23.9k),In Stock,https://www.zeptonow.com/pn/sunfeast-dark-fantasy-chocolate-cream-biscuits-made-with-real-chocolate/pvid/4b81a915-8352-4ace-bd84-8526aa1b6eab,"https://cdn.zeptonow.com/production/tr:w-1280,ar-500-500,pr-true,f-auto,q-80/cms/product_variant/68e54c32-87d7-4715-8c50-10f5ac38570b.jpeg"
Biscuits,Top Picks,"https://cdn.zeptonow.com/production/tr:w-90,ar-120-120,pr-true,f-auto,q-80/cms/sub_category/179.png",Open Secret Zero Maida Butter Millet Cookies| Maida-free and Sugar-free,Open Secret,43,45,40 g,4.3 (899),In Stock,https://www.zeptonow.com/pn/open-secret-zero-maida-butter-millet-cookies-maida-free-and-sugar-free/pvid/12986e3e-640d-42d1-881d-ab2325d2c1f2,"https://cdn.zeptonow.com/production/tr:w-1280,ar-1021-1021,pr-true,f-auto,q-80/cms/product_variant/6742cf04-ea4d-46de-966d-174f3b86b034.jpeg"
Biscuits,Top Picks,"https://cdn.zeptonow.com/production/tr:w-90,ar-120-120,pr-true,f-auto,q-80/cms/sub_category/179.png",Britannia Little Hearts Classic Crunch Flavoured Biscuits | Cholesterol-free,Britannia,29,30,70 g,4.8 (132.9k),In Stock,https://www.zeptonow.com/pn/britannia-little-hearts-classic-crunch-flavoured-biscuits-cholesterol-free/pvid/03e08fc5-49f4-43d9-9a55-2b22fd525fc6,"https://cdn.zeptonow.com/production/tr:w-1280,ar-1200-1200,pr-true,f-auto,q-80/cms/product_variant/95c8fa7a-b3f4-40c6-ba92-3e1d05004d97.jpeg"
Biscuits,Top Picks,"https://cdn.zeptonow.com/production/tr:w-90,ar-120-120,pr-true,f-auto,q-80/cms/sub_category/179.png",Sunfeast Dark Fantasy Choco Centre Fills | Trans Fat-free,Sunfeast,193,350,471.5 g,4.9 (2.9k),In Stock,https://www.zeptonow.com/pn/sunfeast-dark-fantasy-choco-centre-fills-trans-fat-free/pvid/2e227c90-d06c-42f3-8cc4-cb9d5b466c14,"https://cdn.zeptonow.com/production/tr:w-1280,ar-1500-1500,pr-true,f-auto,q-80/cms/product_variant/d020694c-8e5a-4f13-90ef-e659efa7b290.jpeg"
Biscuits,Top Picks,"https://cdn.zeptonow.com/production/tr:w-90,ar-120-120,pr-true,f-auto,q-80/cms/sub_category/179.png",Slurrp Farm No Maida Banana Oat Cookies,Slurrp Farm,99,99,80 g,4.6 (592),In Stock,https://www.zeptonow.com/pn/slurrp-farm-no-maida-banana-oat-cookies/pvid/f58d524c-b362-4ee7-812f-e9d4429b735a,"https://cdn.zeptonow.com/production/tr:w-1280,ar-1280-1280,pr-true,f-auto,q-80/cms/product_variant/6575ca33-5361-4d2f-93c2-068fa7a2fc33.jpeg"
Biscuits,Top Picks,"https://cdn.zeptonow.com/production/tr:w-90,ar-120-120,pr-true,f-auto,q-80/cms/sub_category/179.png",Unibic Choco Kiss Chocolate Centre Fills Limited Edition | Trans Fat-free,Unibic,185,370,500 g,4.7 (221),In Stock,https://www.zeptonow.com/pn/unibic-choco-kiss-chocolate-centre-fills-limited-edition-trans-fat-free/pvid/2b78feb7-d8e6-4c7b-aa99-cd0d33924ccf,"https://cdn.zeptonow.com/production/tr:w-1280,ar-1000-1000,pr-true,f-auto,q-80/cms/product_variant/81a67ba1-3bef-4a39-9ee2-53ac8d729f0e.jpeg"
Biscuits,Top Picks,"https://cdn.zeptonow.com/production/tr:w-90,ar-120-120,pr-true,f-auto,q-80/cms/sub_category/179.png",Sunfeast Dark Fantasy Vanilla Cream Dark Crunchy Biscuits | Artificial Colour-free,Sunfeast,50,100,237 g,4.7 (62.3k),In Stock,https://www.zeptonow.com/pn/sunfeast-dark-fantasy-vanilla-cream-dark-crunchy-biscuits-artificial-colour-free/pvid/086204cf-8e23-42e5-be8a-57776eb4d737,"https://cdn.zeptonow.com/production/tr:w-1280,ar-500-500,pr-true,f-auto,q-80/cms/product_variant/ae22ef11-7a51-48ee-a098-bb00442c5946.jpeg"
Biscuits,Top Picks,"https://cdn.zeptonow.com/production/tr:w-90,ar-120-120,pr-true,f-auto,q-80/cms/sub_category/179.png",Open Secret Zero Maida Jeera Millet Cookies | Maida-free and Sugar-free,Open Secret,43,45,40 g,4.1 (1.2k),In Stock,https://www.zeptonow.com/pn/open-secret-zero-maida-jeera-millet-cookies-maida-free-and-sugar-free/pvid/6c4a6c84-5cfa-43d8-ab7d-7a5f5cd0c883,"https://cdn.zeptonow.com/production/tr:w-1280,ar-1500-1500,pr-true,f-auto,q-80/cms/product_variant/ec438580-e014-4166-86dc-134d89be352f.jpeg"
Biscuits,Top Picks,"https://cdn.zeptonow.com/production/tr:w-90,ar-120-120,pr-true,f-auto,q-80/cms/sub_category/179.png",Sunfeast Dark Fantasy Coffee Centre Fills | Trans Fat-free,Sunfeast,41,45,69 g,4.7 (7.1k),In Stock,https://www.zeptonow.com/pn/sunfeast-dark-fantasy-coffee-centre-fills-trans-fat-free/pvid/2e405937-dacb-4482-949e-e3c321e15fd8,"https://cdn.zeptonow.com/production/tr:w-1280,ar-2560-2560,pr-true,f-auto,q-80/cms/product_variant/722d8a42-defc-41af-be23-79c7808c9fb5.jpeg"
Biscuits,Top Picks,"https://cdn.zeptonow.com/production/tr:w-90,ar-120-120,pr-true,f-auto,q-80/cms/sub_category/179.png",CookieMan Premium Almond Dry Fruit Biscuits | Trans Fat-free,CookieMan,186,199,120 g,4.9 (352),In Stock,https://www.zeptonow.com/pn/cookieman-premium-almond-dry-fruit-biscuits-trans-fat-free/pvid/d7e4e456-2b0d-4ee2-afb2-676976733c74,"https://cdn.zeptonow.com/production/tr:w-1280,ar-2000-2000,pr-true,f-auto,q-80/cms/product_variant/dbb3f694-ef9e-4ff8-b555-de7df853818d.jpeg"
Biscuits,Top Picks,"https://cdn.zeptonow.com/production/tr:w-90,ar-120-120,pr-true,f-auto,q-80/cms/sub_category/179.png",Britannia Nutrichoice Oats Orange & Almond Biscuits | Maida-free and Trans Fat-free,Britannia,23,25,75 g,4.6 (15.2k),In Stock,https://www.zeptonow.com/pn/britannia-nutrichoice-oats-orange-almond-biscuits-maida-free-and-trans-fat-free/pvid/45c56d05-9457-4f33-be98-ef56e7d1a674,"https://cdn.zeptonow.com/production/tr:w-1280,ar-1200-1200,pr-true,f-auto,q-80/cms/product_variant/a9df045f-e887-4190-8c2e-c0debc818124.jpeg"
Biscuits,Top Picks,"https://cdn.zeptonow.com/production/tr:w-90,ar-120-120,pr-true,f-auto,q-80/cms/sub_category/179.png",Britannia NutriChoice Chocolate and Almond Oats Biscuits | Maida-free,Britannia,23,25,75 g,4.6 (15.1k),In Stock,https://www.zeptonow.com/pn/britannia-nutrichoice-chocolate-and-almond-oats-biscuits-maida-free/pvid/f28e648c-a2e3-42f7-b429-e07040f73b51,"https://cdn.zeptonow.com/production/tr:w-1280,ar-4500-4500,pr-true,f-auto,q-80/cms/product_variant/acc876c7-760b-4abe-b78e-ff07696de5fa.jpeg"
Biscuits,Top Picks,"https://cdn.zeptonow.com/production/tr:w-90,ar-120-120,pr-true,f-auto,q-80/cms/sub_category/179.png",Parle Hide & Seek Milano Choco Filled Vanilla Centre Fills | Trans Fat-free,Parle,57,75,125 g,5 (592),In Stock,https://www.zeptonow.com/pn/parle-hide-seek-milano-choco-filled-vanilla-centre-fills-trans-fat-free/pvid/0334390c-5dda-44bf-a3ed-96a866a25b04,"https://cdn.zeptonow.com/production/tr:w-1280,ar-2400-2400,pr-true,f-auto,q-80/cms/product_variant/a941513b-1b5c-43db-8b20-eb5e9a3731da.jpg"
Biscuits,Top Picks,"https://cdn.zeptonow.com/production/tr:w-90,ar-120-120,pr-true,f-auto,q-80/cms/sub_category/179.png",Sunfeast Dark Fantasy Bourbon Chocolate Cream Biscuits | Trans Fat-free,Sunfeast,18,35,108 g,4.6 (400.7k),In Stock,https://www.zeptonow.com/pn/sunfeast-dark-fantasy-bourbon-chocolate-cream-biscuits-trans-fat-free/pvid/daa57568-92cf-405c-82ac-f349591b48de,"https://cdn.zeptonow.com/production/tr:w-1280,ar-2560-2560,pr-true,f-auto,q-80/cms/product_variant/85d013fc-d10a-4189-ad87-8867541b3656.jpeg"
Biscuits,Top Picks,"https://cdn.zeptonow.com/production/tr:w-90,ar-120-120,pr-true,f-auto,q-80/cms/sub_category/179.png",Britannia Good Day Pista and Badam Dry Fruit Biscuits | Trans Fat-free,Britannia,24,25,100 g,4.5 (17.5k),In Stock,https://www.zeptonow.com/pn/britannia-good-day-pista-and-badam-dry-fruit-biscuits-trans-fat-free/pvid/35dfddd2-1cf4-4a88-97a3-68ff004cddf9,"https://cdn.zeptonow.com/production/tr:w-1280,ar-1500-1500,pr-true,f-auto,q-80/cms/product_variant/a8048719-b30f-4ce7-bd7c-255e75f871f4.jpg"
Biscuits,Top Picks,"https://cdn.zeptonow.com/production/tr:w-90,ar-120-120,pr-true,f-auto,q-80/cms/sub_category/179.png",Britannia Nice Time Coconut Flavoured Biscuits | Artificial Flavour-free,Britannia,24,25,136.5 g,4.7 (51.6k),In Stock,https://www.zeptonow.com/pn/britannia-nice-time-coconut-flavoured-biscuits-artificial-flavour-free/pvid/5e104658-cd17-4cfd-aba2-2726345536b3,"https://cdn.zeptonow.com/production/tr:w-1280,ar-1500-1500,pr-true,f-auto,q-80/cms/product_variant/164be5ae-e4d9-464e-8ae3-acab2a35f3f9.jpg"
Biscuits,Top Picks,"https://cdn.zeptonow.com/production/tr:w-90,ar-120-120,pr-true,f-auto,q-80/cms/sub_category/179.png",Dukes Bourbon Chocolate Cream Biscuits | Artificial Colour-free,Dukes,26,36,125 g,4.6 (2.3k),In Stock,https://www.zeptonow.com/pn/dukes-bourbon-chocolate-cream-biscuits-artificial-colour-free/pvid/00243799-0502-4fa8-853b-fe3ad78ae09f,"https://cdn.zeptonow.com/production/tr:w-1280,ar-1024-1024,pr-true,f-auto,q-80/cms/product_variant/25dbef50-8551-4688-96d4-5d855d036739.jpeg"
Biscuits,Top Picks,"https://cdn.zeptonow.com/production/tr:w-90,ar-120-120,pr-true,f-auto,q-80/cms/sub_category/179.png",Parle Hide & Seek Black Bourbon Chocolate Cream Biscuits | Trans Fat-free,Parle,37,40,100 g,4.5 (14.0k),In Stock,https://www.zeptonow.com/pn/parle-hide-seek-black-bourbon-chocolate-cream-biscuits-trans-fat-free/pvid/7b067835-5915-475b-b6f3-8ba190d80d09,"https://cdn.zeptonow.com/production/tr:w-1280,ar-1500-1500,pr-true,f-auto,q-80/cms/product_variant/a18eae77-d180-4a14-b68f-471a6620ae45.jpg"
Biscuits,Top Picks,"https://cdn.zeptonow.com/production/tr:w-90,ar-120-120,pr-true,f-auto,q-80/cms/sub_category/179.png",CookieMan Jaggery Ragi Millet Cookies | Sugar-free,CookieMan,269,289,200 g,4.7 (78),In Stock,https://www.zeptonow.com/pn/cookieman-jaggery-ragi-millet-cookies-sugar-free/pvid/23e5985e-305b-4f7b-811f-0b784230cd2b,"https://cdn.zeptonow.com/production/tr:w-1280,ar-1280-1280,pr-true,f-auto,q-80/cms/product_variant/cd529147-f1ac-42dc-bcb0-629867378d5b.jpeg"
Biscuits,Top Picks,"https://cdn.zeptonow.com/production/tr:w-90,ar-120-120,pr-true,f-auto,q-80/cms/sub_category/179.png","Britannia Pure Magic Chocolush Centre Fills | Maida-free, Palm Oil-freeand Sugar-free",Britannia,34,40,69 g,4.6 (7.8k),In Stock,https://www.zeptonow.com/pn/britannia-pure-magic-chocolush-centre-fills-maida-free-palm-oil-freeand-sugar-free/pvid/163769c0-ac12-4704-bf23-1da35970cdd8,"https://cdn.zeptonow.com/production/tr:w-1280,ar-1280-1280,pr-true,f-auto,q-80/cms/product_variant/3845c189-3c21-45f8-b4a6-1e78dd4cd6f1.jpeg"
Biscuits,Top Picks,"https://cdn.zeptonow.com/production/tr:w-90,ar-120-120,pr-true,f-auto,q-80/cms/sub_category/179.png",Britannia Good Day Cashew Dry Fruit Biscuits| Trans Fat-free,Britannia,173,320,905 g,4.6 (75.6k),In Stock,https://www.zeptonow.com/pn/britannia-good-day-cashew-dry-fruit-biscuits-trans-fat-free/pvid/14e0bc82-cc56-4021-9dc6-10abc3305c32,"https://cdn.zeptonow.com/production/tr:w-1280,ar-1000-1000,pr-true,f-auto,q-80/cms/product_variant/1a7d8692-2d25-4925-be99-c72458dbe557.jpeg"
Biscuits,Top Picks,"https://cdn.zeptonow.com/production/tr:w-90,ar-120-120,pr-true,f-auto,q-80/cms/sub_category/179.png",Sugar Free Vita Yummy Berry Biscuits | Made with Oats & Quinoa | Added Colour-free,Sugar free,54,65,75 g,4.9 (2.6k),In Stock,https://www.zeptonow.com/pn/sugar-free-vita-yummy-berry-biscuits-made-with-oats-quinoa-added-colour-free/pvid/82665d8c-2684-48b8-889d-ce2ef2d42729,"https://cdn.zeptonow.com/production/tr:w-1280,ar-1280-1280,pr-true,f-auto,q-80/cms/product_variant/56467598-bbbc-4ee7-81d4-fa1836c89b95.jpg"
Biscuits,Top Picks,"https://cdn.zeptonow.com/production/tr:w-90,ar-120-120,pr-true,f-auto,q-80/cms/sub_category/179.png",Britannia Good Day Cashew Dry Fruit Biscuits| Trans Fat-free,Britannia,49,50,200 g,4.6 (94.0k),In Stock,https://www.zeptonow.com/pn/britannia-good-day-cashew-dry-fruit-biscuits-trans-fat-free/pvid/aab332df-fbc5-48a0-b289-e3b223661b5c,"https://cdn.zeptonow.com/production/tr:w-1280,ar-1200-1200,pr-true,f-auto,q-80/cms/product_variant/ad2f7616-b253-4dec-9191-f6a33e8fa741.jpeg"
Biscuits,Top Picks,"https://cdn.zeptonow.com/production/tr:w-90,ar-120-120,pr-true,f-auto,q-80/cms/sub_category/179.png",Let's try Ragi Kaju Pista Millet Cookies | Cholesterol-free and Trans Fat-free,Let's,176,220,200 g,4.4 (1.7k),In Stock,https://www.zeptonow.com/pn/lets-try-ragi-kaju-pista-millet-cookies-cholesterol-free-and-trans-fat-free/pvid/cbf3c7f3-9da7-4f04-8043-8b0c03f64bff,"https://cdn.zeptonow.com/production/tr:w-1280,ar-1573-1600,pr-true,f-auto,q-80/cms/product_variant/deed87f6-322c-47fb-af20-6a77f96ec952.jpg"
Biscuits,Top Picks,"https://cdn.zeptonow.com/production/tr:w-90,ar-120-120,pr-true,f-auto,q-80/cms/sub_category/179.png",Parle Hide & Seek Cafe Mocha Flavoured Biscuits | Artificial Colour-free and Preservative-free,Parle,63,125,308 g,4.7 (7.1k),In Stock,https://www.zeptonow.com/pn/parle-hide-seek-cafe-mocha-flavoured-biscuits-artificial-colour-free-and-preservative-free/pvid/bacdc79a-0d3d-49c9-8cd1-cfc1e48a2d07,"https://cdn.zeptonow.com/production/tr:w-1280,ar-1500-1500,pr-true,f-auto,q-80/cms/product_variant/a0a19183-e335-459a-97b0-5cd6d8e97701.jpg"
Biscuits,Top Picks,"https://cdn.zeptonow.com/production/tr:w-90,ar-120-120,pr-true,f-auto,q-80/cms/sub_category/179.png",Parle Hide and Seek Milano Choco Chip Flavoured Biscuits | Artificial Flavour-free,Parle,51,75,125 g,4.7 (15.5k),In Stock,https://www.zeptonow.com/pn/parle-hide-and-seek-milano-choco-chip-flavoured-biscuits-artificial-flavour-free/pvid/0d347ad0-e9fb-4f36-8811-c084e7a297c9,"https://cdn.zeptonow.com/production/tr:w-1280,ar-1000-1000,pr-true,f-auto,q-80/cms/product_variant/564398fb-5e59-4872-ba30-3f235de00618.jpeg"
Biscuits,Top Picks,"https://cdn.zeptonow.com/production/tr:w-90,ar-120-120,pr-true,f-auto,q-80/cms/sub_category/179.png",Britannia Nutrichoice Ragi Millet Cookies | Diabetic Friendly | Maida-free and Sugar-free,Britannia,67,75,150 g,4.8 (1.9k),In Stock,https://www.zeptonow.com/pn/britannia-nutrichoice-ragi-millet-cookies-diabetic-friendly-maida-free-and-sugar-free/pvid/b9a9a7da-0852-48f5-91d3-f8aead01a03d,"https://cdn.zeptonow.com/production/tr:w-1280,ar-1200-1200,pr-true,f-auto,q-80/cms/product_variant/092bf37e-79e3-48dc-8e91-890a7af25ec6.jpeg"
Biscuits,Top Picks,"https://cdn.zeptonow.com/production/tr:w-90,ar-120-120,pr-true,f-auto,q-80/cms/sub_category/179.png",Britannia Good Day Cashew Dry Fruit Biscuits| Trans Fat-free,Britannia,24,25,90.8 g,4.6 (113.8k),In Stock,https://www.zeptonow.com/pn/britannia-good-day-cashew-dry-fruit-biscuits-trans-fat-free/pvid/39389906-0c13-4df5-8086-843dc8f3ee4d,"https://cdn.zeptonow.com/production/tr:w-1280,ar-720-720,pr-true,f-auto,q-80/cms/product_variant/03166653-73d0-45f9-acda-943ef3de485b.jpeg"
Biscuits,Top Picks,"https://cdn.zeptonow.com/production/tr:w-90,ar-120-120,pr-true,f-auto,q-80/cms/sub_category/179.png",Haldiram's Cookie Heaven Almond and Pista Dry Fruit Biscuits | Trans Fat-free,Haldiram's,105,110,200 g,4.6 (1.5k),In Stock,https://www.zeptonow.com/pn/haldirams-cookie-heaven-almond-and-pista-dry-fruit-biscuits-trans-fat-free/pvid/5fe04b9a-394e-4bb7-a0af-56c6cfe8a252,"https://cdn.zeptonow.com/production/tr:w-1280,ar-883-747,pr-true,f-auto,q-80/inventory/product/5fe04b9a-394e-4bb7-a0af-56c6cfe8a252-1n10JxcPeLrbDFYx6RW134cKXX79u7xkn.jpeg"
Biscuits,Top Picks,"https://cdn.zeptonow.com/production/tr:w-90,ar-120-120,pr-true,f-auto,q-80/cms/sub_category/179.png",Parle Hide & Seek Milano Chocolate Flavoured Biscuits,Parle,40,40,75 g,4.6 (18.7k),In Stock,https://www.zeptonow.com/pn/parle-hide-seek-milano-chocolate-flavoured-biscuits/pvid/c5e40f12-2618-4d9e-bfde-0317a4702582,"https://cdn.zeptonow.com/production/tr:w-1280,ar-1000-1000,pr-true,f-auto,q-80/cms/product_variant/ce9a363a-19b6-4cf1-afe9-f9dae3ee6328.jpeg"
Biscuits,Top Picks,"https://cdn.zeptonow.com/production/tr:w-90,ar-120-120,pr-true,f-auto,q-80/cms/sub_category/179.png",Britannia Good Day Chunkies Coconut Flavoured Biscuits | Trans Fat-free,Britannia,39,45,100 g,4.7 (7.3k),In Stock,https://www.zeptonow.com/pn/britannia-good-day-chunkies-coconut-flavoured-biscuits-trans-fat-free/pvid/386a7111-bfd7-4aa3-a779-fd6fd8a760ae,"https://cdn.zeptonow.com/production/tr:w-1280,ar-1200-1200,pr-true,f-auto,q-80/cms/product_variant/3a994b90-15f5-4def-9798-1aa2ae0b1275.jpeg"
Biscuits,Top Picks,"https://cdn.zeptonow.com/production/tr:w-90,ar-120-120,pr-true,f-auto,q-80/cms/sub_category/179.png",Sugar Free D'Lite Choco Chip Biscuits | Trans Fat-free,Sugar free,56,65,75 g,4.6 (3.6k),In Stock,https://www.zeptonow.com/pn/sugar-free-dlite-choco-chip-biscuits-trans-fat-free/pvid/d789839c-a839-4976-bdc9-9b46e3ea5e5c,"https://cdn.zeptonow.com/production/tr:w-1280,ar-1280-1280,pr-true,f-auto,q-80/cms/product_variant/5e997057-5cec-48ba-8b9f-53f3be12af64.jpg"
Biscuits,Top Picks,"https://cdn.zeptonow.com/production/tr:w-90,ar-120-120,pr-true,f-auto,q-80/cms/sub_category/179.png",Cadbury Chocobakes Choco Chip Flavoured Biscuits | Artificial Colour-free,Cadbury,56,80,167 g,4.6 (11.0k),In Stock,https://www.zeptonow.com/pn/cadbury-chocobakes-choco-chip-flavoured-biscuits-artificial-colour-free/pvid/547d0c0e-4094-4da7-a210-439b6ebe1a90,"https://cdn.zeptonow.com/production/tr:w-1280,ar-1100-1100,pr-true,f-auto,q-80/cms/product_variant/806c349e-7646-4608-8c73-c705c7dc1153.jpeg"
Biscuits,Top Picks,"https://cdn.zeptonow.com/production/tr:w-90,ar-120-120,pr-true,f-auto,q-80/cms/sub_category/179.png",Cadbury Oreo Choco Chip Flavoured Biscuits | Artificial Flavour-free,Cadbury,40,40,83 g,4.6 (5.9k),In Stock,https://www.zeptonow.com/pn/cadbury-oreo-choco-chip-flavoured-biscuits-artificial-flavour-free/pvid/99f8ecf1-f879-4390-a726-118e9ef32fca,"https://cdn.zeptonow.com/production/tr:w-1280,ar-1100-1100,pr-true,f-auto,q-80/cms/product_variant/6f14f5fd-034b-4ecc-b82b-53bf904733b7.jpeg"
Biscuits,Top Picks,"https://cdn.zeptonow.com/production/tr:w-90,ar-120-120,pr-true,f-auto,q-80/cms/sub_category/179.png",Britannia Nutrichoice Black Bourbon Oats Biscuits | Cholesterol-free and Trans Fat-free,Britannia,68,75,150 g,4.9 (1.2k),In Stock,https://www.zeptonow.com/pn/britannia-nutrichoice-black-bourbon-oats-biscuits-cholesterol-free-and-trans-fat-free/pvid/c11c9b07-5767-4fc6-8c44-1bd7297f2200,"https://cdn.zeptonow.com/production/tr:w-1280,ar-1200-1200,pr-true,f-auto,q-80/cms/product_variant/5affda0d-eb1e-463e-be1b-69cb5ecf3321.jpeg"
Biscuits,Top Picks,"https://cdn.zeptonow.com/production/tr:w-90,ar-120-120,pr-true,f-auto,q-80/cms/sub_category/179.png",Open Secret Zero Maida Chocolate Millet Cookies | Maida-free and Sugar-free,Open Secret,43,45,40 g,4.2 (2.8k),In Stock,https://www.zeptonow.com/pn/open-secret-zero-maida-chocolate-millet-cookies-maida-free-and-sugar-free/pvid/0794178f-895d-4f5d-a08f-2acbdf1e3bc0,"https://cdn.zeptonow.com/production/tr:w-1280,ar-1021-1021,pr-true,f-auto,q-80/cms/product_variant/d3ea0f12-ac55-4d34-ab41-f46a6bee1ac9.jpeg"
Biscuits,Top Picks,"https://cdn.zeptonow.com/production/tr:w-90,ar-120-120,pr-true,f-auto,q-80/cms/sub_category/179.png",Anand Sweet Chocomika Butter Flavoured Biscuits | Artificial Colour-free,Anand,276,320,225 g,5 (71),In Stock,https://www.zeptonow.com/pn/anand-sweet-chocomika-butter-flavoured-biscuits-artificial-colour-free/pvid/5f6c5c5d-5972-41e5-a12f-204b391be2d3,"https://cdn.zeptonow.com/production/tr:w-1280,ar-2400-2400,pr-true,f-auto,q-80/cms/product_variant/8c059b14-cfca-40c6-aebc-88cf92e12740.jpeg"
Biscuits,Top Picks,"https://cdn.zeptonow.com/production/tr:w-90,ar-120-120,pr-true,f-auto,q-80/cms/sub_category/179.png",Open Secret Premium Choco Almond Flavoured Biscuits | Maida-free,Open Secret,99,105,75 g,4.7 (1.5k),In Stock,https://www.zeptonow.com/pn/open-secret-premium-choco-almond-flavoured-biscuits-maida-free/pvid/ddc60810-5cc0-4581-96c4-099cc9960a75,"https://cdn.zeptonow.com/production/tr:w-1280,ar-1021-1021,pr-true,f-auto,q-80/cms/product_variant/6794c29d-2dfa-4a22-a9e8-730376992bbd.jpeg"
Biscuits,Top Picks,"https://cdn.zeptonow.com/production/tr:w-90,ar-120-120,pr-true,f-auto,q-80/cms/sub_category/179.png",Lal Sweets Classic Kaju and Pista Dry Fruit Biscuits | Trans Fat-free,Lal,205,220,400 g,4.7 (374),In Stock,https://www.zeptonow.com/pn/lal-sweets-classic-kaju-and-pista-dry-fruit-biscuits-trans-fat-free/pvid/9e3e2b4e-14aa-43b1-a8f3-64018bd95d9b,"https://cdn.zeptonow.com/production/tr:w-1280,ar-1600-1600,pr-true,f-auto,q-80/cms/product_variant/630a48fc-cc70-436d-9b9c-3db27432c066.jpg"
Biscuits,Top Picks,"https://cdn.zeptonow.com/production/tr:w-90,ar-120-120,pr-true,f-auto,q-80/cms/sub_category/179.png",Raajali Multimillet Power Protein Cookies,Raajali,107,110,120 g,4.4 (1.0k),In Stock,https://www.zeptonow.com/pn/raajali-multimillet-power-protein-cookies/pvid/41d61eb0-9e4b-425a-a73b-0d3d9bea14dd,"https://cdn.zeptonow.com/production/tr:w-1280,ar-1200-1200,pr-true,f-auto,q-80/cms/product_variant/82b0b69b-5bf7-4fe2-8a9b-21aff270e226.jpg"
Biscuits,Top Picks,"https://cdn.zeptonow.com/production/tr:w-90,ar-120-120,pr-true,f-auto,q-80/cms/sub_category/179.png",Kikibix Sattu Almond Healthy Cookies | No Refined Sugar | No Palm Oil,Kikibix,73,99,65 g,4.5 (69),In Stock,https://www.zeptonow.com/pn/kikibix-sattu-almond-healthy-cookies-no-refined-sugar-no-palm-oil/pvid/629596d4-39fc-404b-b7bf-0cdefb18e0cc,"https://cdn.zeptonow.com/production/tr:w-1280,ar-1080-1080,pr-true,f-auto,q-80/cms/product_variant/f80946b0-0444-49b3-b703-768b2c9d303f.jpeg"
Biscuits,Top Picks,"https://cdn.zeptonow.com/production/tr:w-90,ar-120-120,pr-true,f-auto,q-80/cms/sub_category/179.png",Kikibix Millet Chocolate Chip Flavoured Biscuits | Artificial Flavour-free and Preservative-free,Kikibix,170,200,130 g,4.3 (152),In Stock,https://www.zeptonow.com/pn/kikibix-millet-chocolate-chip-flavoured-biscuits-artificial-flavour-free-and-preservative-free/pvid/b77fa831-299a-42ba-bddb-72091e77d559,"https://cdn.zeptonow.com/production/tr:w-1280,ar-1080-1080,pr-true,f-auto,q-80/cms/product_variant/b042a639-1538-4daf-a557-0af5b2c1eab8.jpeg"
Biscuits,Top Picks,"https://cdn.zeptonow.com/production/tr:w-90,ar-120-120,pr-true,f-auto,q-80/cms/sub_category/179.png",Nova Mini Waffle Cookies - Belgian Chocolate Waffle Biscuits | Preservative-free,Nova,107,120,65 g,4.1 (569),In Stock,https://www.zeptonow.com/pn/nova-mini-waffle-cookies-belgian-chocolate-waffle-biscuits-preservative-free/pvid/7251aae4-195a-4802-b050-ea489e608f46,"https://cdn.zeptonow.com/production/tr:w-1280,ar-1080-1080,pr-true,f-auto,q-80/cms/product_variant/91a94fa4-bcba-469e-bd19-f591886507f6.jpeg"
Biscuits,Top Picks,"https://cdn.zeptonow.com/production/tr:w-90,ar-120-120,pr-true,f-auto,q-80/cms/sub_category/179.png",Tiffany Chocolate Sugar Free Biscuits | Sugar-free and Trans Fat-free,Sugar free,250,250,162 g,4.1 (91),In Stock,https://www.zeptonow.com/pn/tiffany-chocolate-sugar-free-biscuits-sugar-free-and-trans-fat-free/pvid/d60a0baa-f733-4be8-bfdf-06e47b63a72a,"https://cdn.zeptonow.com/production/tr:w-1280,ar-2355-1958,pr-true,f-auto,q-80/cms/product_variant/98e4a53b-6f56-44fd-9d5b-e5094b951e93.jpg"
Biscuits,Top Picks,"https://cdn.zeptonow.com/production/tr:w-90,ar-120-120,pr-true,f-auto,q-80/cms/sub_category/179.png",Sunfeast Mom's Magic Rich Cashew Almond Dry Fruit Biscuits | Trans Fat-free,MOM,44,50,189 g,4.7 (20.8k),In Stock,https://www.zeptonow.com/pn/sunfeast-moms-magic-rich-cashew-almond-dry-fruit-biscuits-trans-fat-free/pvid/44849f3f-a849-4748-a5ae-bdad5d8da2bf,"https://cdn.zeptonow.com/production/tr:w-1280,ar-1500-1500,pr-true,f-auto,q-80/cms/product_variant/b379f5e4-8fa7-4f18-8473-9cc66e6cb001.jpg"
Biscuits,Top Picks,"https://cdn.zeptonow.com/production/tr:w-90,ar-120-120,pr-true,f-auto,q-80/cms/sub_category/179.png",Sunfeast Nice Biscuit Coconut Flavoured Biscuits | Trans Fat-free,Sunfeast,22,25,142 g,4.7 (17.7k),In Stock,https://www.zeptonow.com/pn/sunfeast-nice-biscuit-coconut-flavoured-biscuits-trans-fat-free/pvid/967199ec-ec7a-4fc3-a45b-50e1b5aed43c,"https://cdn.zeptonow.com/production/tr:w-1280,ar-1021-1021,pr-true,f-auto,q-80/cms/product_variant/bab62515-61d4-4478-88b6-a047d2ab2fe9.jpeg"
Biscuits,Top Picks,"https://cdn.zeptonow.com/production/tr:w-90,ar-120-120,pr-true,f-auto,q-80/cms/sub_category/179.png",Lal Sweets Classic Cashew Dry Fruit Biscuits | Trans Fat-free,Lal,205,220,400 g,5 (121),In Stock,https://www.zeptonow.com/pn/lal-sweets-classic-cashew-dry-fruit-biscuits-trans-fat-free/pvid/17ffdc56-de3b-404e-b892-aca5a7a4dd2c,"https://cdn.zeptonow.com/production/tr:w-1280,ar-1600-1600,pr-true,f-auto,q-80/cms/product_variant/ea56810c-0af0-4fed-967c-4669bda03971.jpg"
Biscuits,Top Picks,"https://cdn.zeptonow.com/production/tr:w-90,ar-120-120,pr-true,f-auto,q-80/cms/sub_category/179.png",Cadbury Bournvita Choco Flavoured Biscuits | Cholesterol-free,Cadbury,34,35,116 g,4.6 (2.8k),In Stock,https://www.zeptonow.com/pn/cadbury-bournvita-choco-flavoured-biscuits-cholesterol-free/pvid/f5ae09c1-6bbd-4eff-a02a-005eb5280718,"https://cdn.zeptonow.com/production/tr:w-1280,ar-1100-1100,pr-true,f-auto,q-80/cms/product_variant/798f57d2-2036-423c-ad82-eb2a74a4f35d.jpeg"
Biscuits,Top Picks,"https://cdn.zeptonow.com/production/tr:w-90,ar-120-120,pr-true,f-auto,q-80/cms/sub_category/179.png",Parle Hide & Seek - Chocolate Flavoured Biscuits | Artificial Colour-free,Parle,49,60,200 g,4.7 (106.1k),In Stock,https://www.zeptonow.com/pn/parle-hide-seek-chocolate-flavoured-biscuits-artificial-colour-free/pvid/3920c9e3-776c-458e-8e21-84350c6522f0,"https://cdn.zeptonow.com/production/tr:w-1280,ar-1000-1000,pr-true,f-auto,q-80/cms/product_variant/edd86663-30d3-40ce-8474-b18f140b4995.jpeg"
Biscuits,Top Picks,"https://cdn.zeptonow.com/production/tr:w-90,ar-120-120,pr-true,f-auto,q-80/cms/sub_category/179.png",Sugar Free D'Lite Yummy Berry Mixed Berries Oats Biscuits | Sugar-free,Sugar free,119,125,150 g,5 (97),In Stock,https://www.zeptonow.com/pn/sugar-free-dlite-yummy-berry-mixed-berries-oats-biscuits-sugar-free/pvid/a18038d1-0133-4588-83c0-d4a70ff40021,"https://cdn.zeptonow.com/production/tr:w-1280,ar-1280-1280,pr-true,f-auto,q-80/cms/product_variant/8d2d0198-3639-4d45-a1aa-80893ba2b07c.jpg"
Biscuits,Top Picks,"https://cdn.zeptonow.com/production/tr:w-90,ar-120-120,pr-true,f-auto,q-80/cms/sub_category/179.png",Dukes Nice Coconut Flavoured Biscuits | Artificial Flavour-free,Dukes,25,35,145 g,4.7 (7.5k),In Stock,https://www.zeptonow.com/pn/dukes-nice-coconut-flavoured-biscuits-artificial-flavour-free/pvid/70cd5383-887e-4ee4-87c2-275047dee90a,"https://cdn.zeptonow.com/production/tr:w-1280,ar-1021-1021,pr-true,f-auto,q-80/cms/product_variant/5f6d0024-9db1-41e5-9d83-314f9bbd418e.jpeg"
Biscuits,Top Picks,"https://cdn.zeptonow.com/production/tr:w-90,ar-120-120,pr-true,f-auto,q-80/cms/sub_category/179.png",Britannia Good Day Pista and Badam Dry Fruit Biscuits | Trans Fat-free,Britannia,51,55,200 g,4.5 (12.3k),In Stock,https://www.zeptonow.com/pn/britannia-good-day-pista-and-badam-dry-fruit-biscuits-trans-fat-free/pvid/9c91f019-8c72-494b-b6c3-8a676bdf9819,"https://cdn.zeptonow.com/production/tr:w-1280,ar-1000-1000,pr-true,f-auto,q-80/cms/product_variant/52231ea9-080e-460b-b3c9-77b3c460acf3.jpeg"
Biscuits,Top Picks,"https://cdn.zeptonow.com/production/tr:w-90,ar-120-120,pr-true,f-auto,q-80/cms/sub_category/179.png",Parle Milano Choco Flavoured Biscuits | Artificial Flavour-free,Parle,87,170,250 g,4.7 (5.9k),In Stock,https://www.zeptonow.com/pn/parle-milano-choco-flavoured-biscuits-artificial-flavour-free/pvid/1e12c20c-7d53-4115-aa16-b8a76ae5c720,"https://cdn.zeptonow.com/production/tr:w-1280,ar-1000-1000,pr-true,f-auto,q-80/cms/product_variant/d4efa6ec-9be3-4028-b521-fe1450d26cd0.jpeg"
Biscuits,Top Picks,"https://cdn.zeptonow.com/production/tr:w-90,ar-120-120,pr-true,f-auto,q-80/cms/sub_category/179.png",Unifit Oats Coconut Cookies | Delightfully Crunchy | Rich in Fiber and Protein,Unifit,73,85,75 g,4.7 (207),In Stock,https://www.zeptonow.com/pn/unifit-oats-coconut-cookies-delightfully-crunchy-rich-in-fiber-and-protein/pvid/83585a02-eacf-4154-be04-e5b6f104ba5e,"https://cdn.zeptonow.com/production/tr:w-1280,ar-1500-1500,pr-true,f-auto,q-80/cms/product_variant/c07ace3d-dd97-49ff-9558-a42dbb8530a9.jpg"
Biscuits,Top Picks,"https://cdn.zeptonow.com/production/tr:w-90,ar-120-120,pr-true,f-auto,q-80/cms/sub_category/179.png",Kikibix Fruit And Nut Digestive Dry Fruit Biscuits | Maida-free and Trans Fat-free,Kikibix,142,200,130 g,5 (61),In Stock,https://www.zeptonow.com/pn/kikibix-fruit-and-nut-digestive-dry-fruit-biscuits-maida-free-and-trans-fat-free/pvid/4d220aa1-4383-426f-97d0-024ddf0fb9d3,"https://cdn.zeptonow.com/production/tr:w-1280,ar-1080-1080,pr-true,f-auto,q-80/cms/product_variant/9778e722-b630-4795-b40d-b206709a757d.jpeg"
Biscuits,Top Picks,"https://cdn.zeptonow.com/production/tr:w-90,ar-120-120,pr-true,f-auto,q-80/cms/sub_category/179.png",Britannia Good Day Butter Jeera Biscuits | Trans Fat-free,Britannia,89,200,450 g,4.8 (5.6k),In Stock,https://www.zeptonow.com/pn/britannia-good-day-butter-jeera-biscuits-trans-fat-free/pvid/5c61fcc1-e43c-418b-8bb5-c952832f2d57,"https://cdn.zeptonow.com/production/tr:w-1280,ar-900-900,pr-true,f-auto,q-80/cms/product_variant/02e7a8cc-da8d-43c5-aec6-704baa7dbc59.jpeg"
Biscuits,Top Picks,"https://cdn.zeptonow.com/production/tr:w-90,ar-120-120,pr-true,f-auto,q-80/cms/sub_category/179.png",Parle Hide & Seek Chocolate Chip Flavoured Biscuits,Parle,114,150,412.5 g,4.6 (2.5k),In Stock,https://www.zeptonow.com/pn/parle-hide-seek-chocolate-chip-flavoured-biscuits/pvid/3833f4da-a5e6-4969-8e9b-9d327fc88bba,"https://cdn.zeptonow.com/production/tr:w-1280,ar-1000-1000,pr-true,f-auto,q-80/cms/product_variant/7950b739-bd53-47e3-a093-88a8a3f18c35.jpeg"
Biscuits,Top Picks,"https://cdn.zeptonow.com/production/tr:w-90,ar-120-120,pr-true,f-auto,q-80/cms/sub_category/179.png",Patanjali Nariyal Biscuit,Patanjali,29,30,204 g,4.2 (560),In Stock,https://www.zeptonow.com/pn/patanjali-nariyal-biscuit/pvid/026d56ba-67cc-40cc-be63-7a9d2c30a822,"https://cdn.zeptonow.com/production/tr:w-1280,ar-903-903,pr-true,f-auto,q-80/cms/product_variant/604ce30a-69b0-42fd-b9c9-4372457db50d.jpg"
Biscuits,Top Picks,"https://cdn.zeptonow.com/production/tr:w-90,ar-120-120,pr-true,f-auto,q-80/cms/sub_category/179.png",Dukes Nice Coconut Flavoured Biscuits | Artificial Flavour-free,Dukes,64,70,435 g,4.7 (4.5k),In Stock,https://www.zeptonow.com/pn/dukes-nice-coconut-flavoured-biscuits-artificial-flavour-free/pvid/7645e312-cfa4-493b-9da5-b7d0d6ae6fbf,"https://cdn.zeptonow.com/production/tr:w-1280,ar-1500-1500,pr-true,f-auto,q-80/cms/product_variant/bb2c8d6a-5fc1-4985-bf90-02641e9caf46.jpg"
Biscuits,Top Picks,"https://cdn.zeptonow.com/production/tr:w-90,ar-120-120,pr-true,f-auto,q-80/cms/sub_category/179.png",Parle 20-20 Gold Cashew Dry Fruit Biscuits | Preservative-free,Parle,115,190,600 g,4.5 (3.9k),In Stock,https://www.zeptonow.com/pn/parle-20-20-gold-cashew-dry-fruit-biscuits-preservative-free/pvid/b300813b-2d8b-4cd7-933c-5f9c2acb012e,"https://cdn.zeptonow.com/production/tr:w-1280,ar-1165-612,pr-true,f-auto,q-80/cms/product_variant/232638ae-f031-46fa-be62-fbad7dac0971.jpeg"
Biscuits,Top Picks,"https://cdn.zeptonow.com/production/tr:w-90,ar-120-120,pr-true,f-auto,q-80/cms/sub_category/179.png",Unifit Peanut Butter Cookies | Nutritious and Crunchy,Unifit,60,75,30 g,4.3 (691),In Stock,https://www.zeptonow.com/pn/unifit-peanut-butter-cookies-nutritious-and-crunchy/pvid/5b0143a4-20e8-4df8-9bb6-0dc74bc4d430,"https://cdn.zeptonow.com/production/tr:w-1280,ar-900-900,pr-true,f-auto,q-80/cms/product_variant/e7757e94-2cb8-4de4-a383-79b7faab2a67.jpg"
Biscuits,Top Picks,"https://cdn.zeptonow.com/production/tr:w-90,ar-120-120,pr-true,f-auto,q-80/cms/sub_category/179.png",Britannia Tiger Krunch Choco Chip Flavoured Biscuits | Artificial Colour-free,Britannia,75,150,400 g,4.7 (10.6k),In Stock,https://www.zeptonow.com/pn/britannia-tiger-krunch-choco-chip-flavoured-biscuits-artificial-colour-free/pvid/3d00357f-8a2b-4763-bbde-4b40d47f80e1,"https://cdn.zeptonow.com/production/tr:w-1280,ar-1021-1021,pr-true,f-auto,q-80/cms/product_variant/7c9dde57-7c17-4443-ba98-26bd15a0918b.jpeg"
Biscuits,Top Picks,"https://cdn.zeptonow.com/production/tr:w-90,ar-120-120,pr-true,f-auto,q-80/cms/sub_category/179.png",Parle Happy Happy Choco Chip Flavoured Biscuits | Artificial Flavour-free,Parle,78,150,396 g,4.8 (8.5k),In Stock,https://www.zeptonow.com/pn/parle-happy-happy-choco-chip-flavoured-biscuits-artificial-flavour-free/pvid/359a31b5-b51b-4a5d-8f0e-77d1655db30d,"https://cdn.zeptonow.com/production/tr:w-1280,ar-1200-1200,pr-true,f-auto,q-80/cms/product_variant/4b626ba4-a9e5-4723-81da-116a4a66779a.jpeg"
Biscuits,Top Picks,"https://cdn.zeptonow.com/production/tr:w-90,ar-120-120,pr-true,f-auto,q-80/cms/sub_category/179.png",Unifit Muesli Cookies | Crunchy and Wholesome | High Protein and Fiber,Unifit,68,85,75 g,4.5 (196),In Stock,https://www.zeptonow.com/pn/unifit-muesli-cookies-crunchy-and-wholesome-high-protein-and-fiber/pvid/24529694-7002-4f8e-add7-2a1ea497582c,"https://cdn.zeptonow.com/production/tr:w-1280,ar-1500-1500,pr-true,f-auto,q-80/cms/product_variant/7470875e-8c65-4e6a-b076-f8fb2ce332f9.jpg"
Biscuits,Top Picks,"https://cdn.zeptonow.com/production/tr:w-90,ar-120-120,pr-true,f-auto,q-80/cms/sub_category/179.png",Sunfeast Baked Creations Rich Choco Chip Flavoured Biscuits | Artificial Colour-free,Sunfeast,135,150,120 g,4.6 (609),In Stock,https://www.zeptonow.com/pn/sunfeast-baked-creations-rich-choco-chip-flavoured-biscuits-artificial-colour-free/pvid/d8490439-8b07-4f73-9a56-58ee59b7d862,"https://cdn.zeptonow.com/production/tr:w-1280,ar-1000-1000,pr-true,f-auto,q-80/cms/product_variant/766543a2-8bc7-4d7f-9c7c-938ad1a81743.jpeg"
Biscuits,Top Picks,"https://cdn.zeptonow.com/production/tr:w-90,ar-120-120,pr-true,f-auto,q-80/cms/sub_category/179.png",Unifit Honey Oats Cookies | Crispy and Wholesome | High Protein and Fiber,Unifit,68,85,75 g,4.4 (236),In Stock,https://www.zeptonow.com/pn/unifit-honey-oats-cookies-crispy-and-wholesome-high-protein-and-fiber/pvid/7b2825fd-b7ae-400e-aa10-4dc5b34db665,"https://cdn.zeptonow.com/production/tr:w-1280,ar-1500-1500,pr-true,f-auto,q-80/cms/product_variant/0f34f8a7-65fd-4ad9-9d0c-695d19e499bb.jpg"
Biscuits,Top Picks,"https://cdn.zeptonow.com/production/tr:w-90,ar-120-120,pr-true,f-auto,q-80/cms/sub_category/179.png",Sunfeast Baked Creations Oats and Hazlenut Flavoured Biscuits | Artificial Colour-free,Sunfeast,117,130,120 g,4.1 (229),In Stock,https://www.zeptonow.com/pn/sunfeast-baked-creations-oats-and-hazlenut-flavoured-biscuits-artificial-colour-free/pvid/6f5c5acb-255f-40f1-92fb-1e6eac80cc33,"https://cdn.zeptonow.com/production/tr:w-1280,ar-3000-3000,pr-true,f-auto,q-80/cms/product_variant/f48dc6e6-fe98-468a-bcbd-ad3a60e3c6d8.jpeg"
Biscuits,Top Picks,"https://cdn.zeptonow.com/production/tr:w-90,ar-120-120,pr-true,f-auto,q-80/cms/sub_category/179.png",Open Secret Zero Maida Chocolate Almond Flavoured Biscuits | Artificial Flavour-free,Open Secret,98,105,75 g,4.7 (2.1k),In Stock,https://www.zeptonow.com/pn/open-secret-zero-maida-chocolate-almond-flavoured-biscuits-artificial-flavour-free/pvid/86f37857-ade7-4499-9352-cf9c14e0c2d8,"https://cdn.zeptonow.com/production/tr:w-1280,ar-1200-1200,pr-true,f-auto,q-80/cms/product_variant/47b3c5dd-ab9c-4d3e-a526-e2537c227dda.jpeg"
Biscuits,Top Picks,"https://cdn.zeptonow.com/production/tr:w-90,ar-120-120,pr-true,f-auto,q-80/cms/sub_category/179.png","Kikibix Fig 'N' Date Dry Fruit Biscuits | Maida-free, Palm Oil-freeand Trans Fat-free",Kikibix,156,200,130 g,4.4 (112),In Stock,https://www.zeptonow.com/pn/kikibix-fig-n-date-dry-fruit-biscuits-maida-free-palm-oil-freeand-trans-fat-free/pvid/95d75d3e-1046-4a98-9c60-56af2843fde1,"https://cdn.zeptonow.com/production/tr:w-1280,ar-1080-1080,pr-true,f-auto,q-80/cms/product_variant/cab863c9-204d-401f-b209-a87594b429cc.jpeg"
Biscuits,Top Picks,"https://cdn.zeptonow.com/production/tr:w-90,ar-120-120,pr-true,f-auto,q-80/cms/sub_category/179.png","Patanjali Cashew Cookies, Healthy No Maida With Fiber Healthy & Nutritious Biscuits",Patanjali,34,35,200 g,4.7 (72),In Stock,https://www.zeptonow.com/pn/patanjali-cashew-cookies-healthy-no-maida-with-fiber-healthy-nutritious-biscuits/pvid/5b4737a3-28a7-4e64-b193-6023b7d45d40,"https://cdn.zeptonow.com/production/tr:w-1280,ar-1500-1500,pr-true,f-auto,q-80/cms/product_variant/621da6d2-7153-443a-a931-fe9f62b8ccbb.jpg"
Biscuits,Top Picks,"https://cdn.zeptonow.com/production/tr:w-90,ar-120-120,pr-true,f-auto,q-80/cms/sub_category/179.png",Unifit Choco Seeds Cookies | Nutritious and Crunchy,Unifit,60,75,35 g,4 (250),In Stock,https://www.zeptonow.com/pn/unifit-choco-seeds-cookies-nutritious-and-crunchy/pvid/79125f16-4415-4d92-9ed0-03edf656cd61,"https://cdn.zeptonow.com/production/tr:w-1280,ar-900-900,pr-true,f-auto,q-80/cms/product_variant/67cd55e8-29b4-4db1-a0eb-c0d0543863fb.jpg"
Biscuits,Top Picks,"https://cdn.zeptonow.com/production/tr:w-90,ar-120-120,pr-true,f-auto,q-80/cms/sub_category/179.png",Sunfeast Baked Creations Walnut & Choco Chip Flavoured Biscuits | Artificial Colour-free,Sunfeast,135,150,120 g,4.4 (506),In Stock,https://www.zeptonow.com/pn/sunfeast-baked-creations-walnut-choco-chip-flavoured-biscuits-artificial-colour-free/pvid/ab646eaa-c113-43e1-9e62-b57bce6f4cd5,"https://cdn.zeptonow.com/production/tr:w-1280,ar-3000-3000,pr-true,f-auto,q-80/cms/product_variant/e9ec0a97-f5af-4b35-b8c1-bdf26a5e8cce.jpeg"
Biscuits,Top Picks,"https://cdn.zeptonow.com/production/tr:w-90,ar-120-120,pr-true,f-auto,q-80/cms/sub_category/179.png","Open Secret Gift Box Almonds, Cashewand Peanuts Assorted Biscuits | Artificial Colour-free",Open Secret,305,350,150 g,5 (70),In Stock,https://www.zeptonow.com/pn/open-secret-gift-box-almonds-cashewand-peanuts-assorted-biscuits-artificial-colour-free/pvid/9415d4c6-a8b6-4500-9d1a-9b28bc090052,"https://cdn.zeptonow.com/production/tr:w-1280,ar-2400-2400,pr-true,f-auto,q-80/cms/product_variant/fa653970-bdda-4510-9411-a8a23eb8aa5f.jpeg"
Biscuits,Top Picks,"https://cdn.zeptonow.com/production/tr:w-90,ar-120-120,pr-true,f-auto,q-80/cms/sub_category/179.png",Unifit Choco Chips Cookies | Crispy and Chocolatey | High Protein and Fiber,Unifit,68,85,75 g,3.9 (202),In Stock,https://www.zeptonow.com/pn/unifit-choco-chips-cookies-crispy-and-chocolatey-high-protein-and-fiber/pvid/3f9ed4dd-9e37-4501-9d50-6b58d6f03749,"https://cdn.zeptonow.com/production/tr:w-1280,ar-1500-1500,pr-true,f-auto,q-80/cms/product_variant/298da7b4-00dc-4ac5-9aa4-8cb2b47ef31e.jpg"
Biscuits,Top Picks,"https://cdn.zeptonow.com/production/tr:w-90,ar-120-120,pr-true,f-auto,q-80/cms/sub_category/179.png",Gulab Atta Cookies,Gulab,103,115,250 g,4.4 (520),In Stock,https://www.zeptonow.com/pn/gulab-atta-cookies/pvid/519a23ae-7a8e-48df-bbb7-d01cf5e70d49,"https://cdn.zeptonow.com/production/tr:w-1280,ar-2000-2000,pr-true,f-auto,q-80/inventory/product/4513aa1c-3817-459d-8007-367e7b60c85f-Photo.jpeg"
Biscuits,Top Picks,"https://cdn.zeptonow.com/production/tr:w-90,ar-120-120,pr-true,f-auto,q-80/cms/sub_category/179.png",Britannia Good Day Chunkies Chocochip Cookies,Britannia,34,45,75 g,4.7 (10.2k),In Stock,https://www.zeptonow.com/pn/britannia-good-day-chunkies-chocochip-cookies/pvid/4b680a02-e5ea-4365-9a52-466d1dc73b56,"https://cdn.zeptonow.com/production/tr:w-1280,ar-1500-1500,pr-true,f-auto,q-80/cms/product_variant/b860e4eb-9b4c-4c6c-97b2-4dc9a2dddfe5.jpg"
Biscuits,Top Picks,"https://cdn.zeptonow.com/production/tr:w-90,ar-120-120,pr-true,f-auto,q-80/cms/sub_category/179.png",Sunfeast Dark Fantasy Expressions Chocolate Assorted Biscuits | Preservative-free,Sunfeast,200,250,300 g,4.9 (258),In Stock,https://www.zeptonow.com/pn/sunfeast-dark-fantasy-expressions-chocolate-assorted-biscuits-preservative-free/pvid/db0091e6-3264-4a9e-b2c9-8388992a5522,"https://cdn.zeptonow.com/production/tr:w-1280,ar-1200-1200,pr-true,f-auto,q-80/cms/product_variant/e9286899-d9f7-414b-9997-8205b99639e7.jpeg"
Biscuits,Top Picks,"https://cdn.zeptonow.com/production/tr:w-90,ar-120-120,pr-true,f-auto,q-80/cms/sub_category/179.png",CookieMan Choco Chunk Cookies 120 g Combo,CookieMan,260,298,120 g X 2,4.6 (290),In Stock,https://www.zeptonow.com/pn/cookieman-choco-chunk-cookies-120-g-combo/pvid/aeec3591-cb4d-4bb6-a857-ade864d01ddf,"https://cdn.zeptonow.com/production/tr:w-1280,ar-1500-1500,pr-true,f-auto,q-80/cms/product_variant/6c84a4bc-1c09-40b5-b8fa-bc0a678d7460.jpg"
Biscuits,Top Picks,"https://cdn.zeptonow.com/production/tr:w-90,ar-120-120,pr-true,f-auto,q-80/cms/sub_category/179.png",Sunfeast Dark Fantasy Vanilla CrÃ¨me | Dark Crunchy Biscuit with Smooth Vanilla CrÃ¨me Combo,Sunfeast,96,200,249 g X 2,4.2 (240),In Stock,https://www.zeptonow.com/pn/sunfeast-dark-fantasy-vanilla-crme-dark-crunchy-biscuit-with-smooth-vanilla-crme-combo/pvid/98f99382-7079-4580-83be-f6239679ab45,"https://cdn.zeptonow.com/production/tr:w-1280,ar-1200-1200,pr-true,f-auto,q-80/cms/product_variant/8fdf629f-00c2-4d7c-a183-38f587b7687f.jpg"
Biscuits,Top Picks,"https://cdn.zeptonow.com/production/tr:w-90,ar-120-120,pr-true,f-auto,q-80/cms/sub_category/179.png",Parle Elaichi Rusk 300 g Combo,Parle,141,180,300 g X 3,4.4 (574),In Stock,https://www.zeptonow.com/pn/parle-elaichi-rusk-300-g-combo/pvid/48004808-b509-40a0-b2fa-47d825773d29,"https://cdn.zeptonow.com/production/tr:w-1280,ar-1500-1500,pr-true,f-auto,q-80/cms/product_variant/a662c97a-7904-4dfa-b7a4-b178cb5572076700.jpg"
Biscuits,Top Picks,"https://cdn.zeptonow.com/production/tr:w-90,ar-120-120,pr-true,f-auto,q-80/cms/sub_category/179.png",Orion Chocopie 168 g Combo,RIO,144,180,168 g X 2,4.4 (526),In Stock,https://www.zeptonow.com/pn/orion-chocopie-168-g-combo/pvid/1ea338c5-f153-4814-b504-aa0427e7a85d,"https://cdn.zeptonow.com/production/tr:w-1280,ar-1500-1500,pr-true,f-auto,q-80/cms/product_variant/7090.jpg"
Biscuits,Top Picks,"https://cdn.zeptonow.com/production/tr:w-90,ar-120-120,pr-true,f-auto,q-80/cms/sub_category/179.png","Sunfeast Dark Fantasy Bourbon, Classic Biscuit Made With Real Chocolate 111 g X 2 Combo",Sunfeast,36,70,108 g X 2,4.7 (282),In Stock,https://www.zeptonow.com/pn/sunfeast-dark-fantasy-bourbon-classic-biscuit-made-with-real-chocolate-111-g-x-2-combo/pvid/648a30df-36c6-4df7-b168-aff58db85592,"https://cdn.zeptonow.com/production/tr:w-1280,ar-1200-1200,pr-true,f-auto,q-80/cms/product_variant/5d482d1c-4fa4-4eda-98fb-82fb4f427d72.jpg"
Biscuits,Top Picks,"https://cdn.zeptonow.com/production/tr:w-90,ar-120-120,pr-true,f-auto,q-80/cms/sub_category/179.png","Open Secret Zero Maida Chocolate Millet Biscuit, Healthy Snacks with No Refined Sugar & No Palm Oil 40 g Combo",Open Secret,82,90,40 g X 2,4.4 (567),In Stock,https://www.zeptonow.com/pn/open-secret-zero-maida-chocolate-millet-biscuit-healthy-snacks-with-no-refined-sugar-no-palm-oil-40-g-combo/pvid/b4049337-c471-41cd-a7da-b622c5f8a667,"https://cdn.zeptonow.com/production/tr:w-1280,ar-1500-1500,pr-true,f-auto,q-80/cms/product_variant/34bda799-2e70-4695-988e-314e7042b45b.jpg"
Biscuits,Top Picks,"https://cdn.zeptonow.com/production/tr:w-90,ar-120-120,pr-true,f-auto,q-80/cms/sub_category/179.png",Britannia Nutrichoice Oats Chocolate & Almond Biscuits 75 g Combo,Britannia,44,50,75 g X 2,4.2 (232),In Stock,https://www.zeptonow.com/pn/britannia-nutrichoice-oats-chocolate-almond-biscuits-75-g-combo/pvid/7979a375-84e2-4e2a-971e-fa4b82d76810,"https://cdn.zeptonow.com/production/tr:w-1280,ar-1200-1200,pr-true,f-auto,q-80/cms/product_variant/83dc04d7-0889-47ac-bd8c-dcd54868bc04.jpg"
Biscuits,Top Picks,"https://cdn.zeptonow.com/production/tr:w-90,ar-120-120,pr-true,f-auto,q-80/cms/sub_category/179.png",Britannia Little Hearts Classic Crunch Biscuit 70 g Combo,Britannia,54,60,70 g X 2,4.6 (246),In Stock,https://www.zeptonow.com/pn/britannia-little-hearts-classic-crunch-biscuit-70-g-combo/pvid/fa1e065c-09d3-42f0-ade5-c017a35cd84e,"https://cdn.zeptonow.com/production/tr:w-1280,ar-1500-1500,pr-true,f-auto,q-80/cms/product_variant/83a42314-f632-4470-a1a7-6480aff73278.jpg"
Biscuits,Top Picks,"https://cdn.zeptonow.com/production/tr:w-90,ar-120-120,pr-true,f-auto,q-80/cms/sub_category/179.png",Sunfeast Nice Biscuit 142 g Combo,Sunfeast,40,50,142 g X 2,4.2 (868),In Stock,https://www.zeptonow.com/pn/sunfeast-nice-biscuit-142-g-combo/pvid/5d407dff-5718-4979-b2aa-b3aa28cc9d7d,"https://cdn.zeptonow.com/production/tr:w-1280,ar-1500-1500,pr-true,f-auto,q-80/cms/product_variant/8e4ffeba-9c95-4342-9faf-ab5447a2d537.jpg"
Biscuits,Top Picks,"https://cdn.zeptonow.com/production/tr:w-90,ar-120-120,pr-true,f-auto,q-80/cms/sub_category/179.png",Sunfeast Dark Fantasy Vanilla CrÃ¨me | Dark Crunchy Biscuit with Smooth Vanilla CrÃ¨me Combo,Sunfeast,34,70,79 g X 2,4.4 (108),In Stock,https://www.zeptonow.com/pn/sunfeast-dark-fantasy-vanilla-crme-dark-crunchy-biscuit-with-smooth-vanilla-crme-combo/pvid/5f48d1b6-2a36-4f57-a427-5ee3b52b467c,"https://cdn.zeptonow.com/production/tr:w-1280,ar-1200-1200,pr-true,f-auto,q-80/cms/product_variant/cff31759-1fe9-410f-89ea-e16c2035e637.jpg"
Biscuits,Top Picks,"https://cdn.zeptonow.com/production/tr:w-90,ar-120-120,pr-true,f-auto,q-80/cms/sub_category/179.png",Britannia Marie Gold Biscuit Combo,Britannia,46,50,117 m X 2,4.5 (542),In Stock,https://www.zeptonow.com/pn/britannia-marie-gold-biscuit-combo/pvid/6949fdee-1489-4270-b6e8-9828c02c1c66,"https://cdn.zeptonow.com/production/tr:w-1280,ar-1500-1500,pr-true,f-auto,q-80/inventory/product/0bb32226-69d5-43e3-a384-f839d41badf4-Britannia_Marie_Gold_Biscuit_(Pack_of_2).jpg"
Biscuits,Top Picks,"https://cdn.zeptonow.com/production/tr:w-90,ar-120-120,pr-true,f-auto,q-80/cms/sub_category/179.png",Britannia Good Day Cashew Cookies(100gms) & Bingo! Chilli Sprinkled Potato Chips(45gms) Combo,Britannia,42,45,2 combo,4.2 (612),In Stock,https://www.zeptonow.com/pn/britannia-good-day-cashew-cookies100gms-bingo-chilli-sprinkled-potato-chips45gms-combo/pvid/3bec4837-e47c-4b1a-81dd-1db550fe3e67,"https://cdn.zeptonow.com/production/tr:w-1280,ar-1494-1494,pr-true,f-auto,q-80/cms/product_variant/4ef0c5f5-5339-4efa-b467-58f23606fc2b.jpg"
Biscuits,Top Picks,"https://cdn.zeptonow.com/production/tr:w-90,ar-120-120,pr-true,f-auto,q-80/cms/sub_category/179.png",UNIBIC Choco Chip Cookies 75 g Combo,Unibic,57,90,75 g X 3,4.3 (618),In Stock,https://www.zeptonow.com/pn/unibic-choco-chip-cookies-75-g-combo/pvid/02f5e089-0fe6-4497-afd0-8f56b64126ea,"https://cdn.zeptonow.com/production/tr:w-1280,ar-1500-1500,pr-true,f-auto,q-80/inventory/product/d6e5f4ac-9841-4d6b-9e71-791fbdc78126-402.jpg"
Biscuits,Top Picks,"https://cdn.zeptonow.com/production/tr:w-90,ar-120-120,pr-true,f-auto,q-80/cms/sub_category/179.png",Parle Hide & Seek Black Bourbon 100 g Combo,Parle,68,80,100 g X 2,4.7 (105),In Stock,https://www.zeptonow.com/pn/parle-hide-seek-black-bourbon-100-g-combo/pvid/b795a607-4a12-40dd-873f-2eb023dc75b0,"https://cdn.zeptonow.com/production/tr:w-1280,ar-1500-1500,pr-true,f-auto,q-80/inventory/product/8f7f3146-e651-4984-8100-4d615e5c5ac4-Hide_&_Seek_Black_Bourbon_(Pack_of_2).jpg"
Biscuits,Top Picks,"https://cdn.zeptonow.com/production/tr:w-90,ar-120-120,pr-true,f-auto,q-80/cms/sub_category/179.png",Britannia Nice Time Biscuit Combo,Britannia,46,50,150 g X 2,4.6 (446),In Stock,https://www.zeptonow.com/pn/britannia-nice-time-biscuit-combo/pvid/b77fc982-afcf-438c-b6a8-f73226bf0536,"https://cdn.zeptonow.com/production/tr:w-1280,ar-1500-1500,pr-true,f-auto,q-80/inventory/product/b2d86fcc-608f-4e80-8b1e-f5f709ef0e6b-Britannia_Nice_Time_Biscuit_(Pack_of_2).jpg"
Biscuits,Top Picks,"https://cdn.zeptonow.com/production/tr:w-90,ar-120-120,pr-true,f-auto,q-80/cms/sub_category/179.png",Cadbury Chocobakes ChocoChip Cookies 83 g Combo,Cadbury,76,80,83 g X 2,4.7 (985),In Stock,https://www.zeptonow.com/pn/cadbury-chocobakes-chocochip-cookies-83-g-combo/pvid/17b65d78-71b9-4d55-8f82-085c8acc1cf9,"https://cdn.zeptonow.com/production/tr:w-1280,ar-1500-1500,pr-true,f-auto,q-80/cms/product_variant/4ebe4d04-bc0a-4871-b928-97f73c0e8cae.jpg"
Biscuits,Top Picks,"https://cdn.zeptonow.com/production/tr:w-90,ar-120-120,pr-true,f-auto,q-80/cms/sub_category/179.png",Britannia Treat Jimjam Cream Biscuits(92gms) & Kurkure Masala Munch(82gms) Combo,Britannia,44,45,2 combo,4.3 (835),In Stock,https://www.zeptonow.com/pn/britannia-treat-jimjam-cream-biscuits92gms-kurkure-masala-munch82gms-combo/pvid/0a5982cb-380a-495f-bc2d-2cf72b377ddb,"https://cdn.zeptonow.com/production/tr:w-1280,ar-1494-1494,pr-true,f-auto,q-80/cms/product_variant/0f4aaff2-974e-4637-8a1f-b63bc3b56273.jpg"
Biscuits,Top Picks,"https://cdn.zeptonow.com/production/tr:w-90,ar-120-120,pr-true,f-auto,q-80/cms/sub_category/179.png",Britannia Treat Jimjam Cream Biscuits Combo,Britannia,44,50,92 g X 2,4.6 (540),In Stock,https://www.zeptonow.com/pn/britannia-treat-jimjam-cream-biscuits-combo/pvid/fa4474a2-c490-4a3f-b111-7247d41d4b1e,"https://cdn.zeptonow.com/production/tr:w-1280,ar-1500-1500,pr-true,f-auto,q-80/inventory/product/73578dbc-2fd0-4aab-a261-857432ff9564-Britannia_Treat_Jimjam_Cream_Biscuits_(Pack_of_2).jpg"
Biscuits,Top Picks,"https://cdn.zeptonow.com/production/tr:w-90,ar-120-120,pr-true,f-auto,q-80/cms/sub_category/179.png",Britannia Nutri Choice Digestive Biscuits Packet Combo,Britannia,42,50,100 g X 2,4.6 (651),In Stock,https://www.zeptonow.com/pn/britannia-nutri-choice-digestive-biscuits-packet-combo/pvid/5f0f089f-9817-42f6-8db3-5916e0fc1600,"https://cdn.zeptonow.com/production/tr:w-1280,ar-1500-1500,pr-true,f-auto,q-80/inventory/product/1e78a468-3576-41aa-8199-e3ad90936f20-Britannia_Nutri_Choice_Digestive_Biscuits_Packet_(Pack_of_2).jpg"
Biscuits,Top Picks,"https://cdn.zeptonow.com/production/tr:w-90,ar-120-120,pr-true,f-auto,q-80/cms/sub_category/179.png","Sunfeast All Rounder, Thin, Light & Crunchy Potato Biscuit with Chatpata Masala Flavour 70 g Combo",Sunfeast,44,50,70 g X 2,4.5 (827),In Stock,https://www.zeptonow.com/pn/sunfeast-all-rounder-thin-light-crunchy-potato-biscuit-with-chatpata-masala-flavour-70-g-combo/pvid/7dba81c5-9dbb-418f-8017-85cafd808d3a,"https://cdn.zeptonow.com/production/tr:w-1280,ar-1500-1500,pr-true,f-auto,q-80/inventory/product/137856c0-c37b-44fe-b336-cdcc8e45ef33-3324.jpg"
Biscuits,Top Picks,"https://cdn.zeptonow.com/production/tr:w-90,ar-120-120,pr-true,f-auto,q-80/cms/sub_category/179.png",Sunfeast Dark Fantasy Choco Fills | Original Filled Cookies with Choco Crème | Perfect Snack 69 g Combo,Sunfeast,76,80,69 g X 2,4.6 (781),In Stock,https://www.zeptonow.com/pn/sunfeast-dark-fantasy-choco-fills-original-filled-cookies-with-choco-crme-perfect-snack-69-g-combo/pvid/133f7cdc-dc81-4fa1-83d3-72ecbd0216a1,"https://cdn.zeptonow.com/production/tr:w-1280,ar-1200-1200,pr-true,f-auto,q-80/cms/product_variant/95e015ba-d910-44f1-8130-6ed4387f8065.jpg"
Biscuits,Top Picks,"https://cdn.zeptonow.com/production/tr:w-90,ar-120-120,pr-true,f-auto,q-80/cms/sub_category/179.png",Britannia Treat Jimjam Cream Biscuits(92gms) & Bingo! Mad Angles Achaari Masti Chips(66gms) Combo,Britannia,42,45,2 combo,4.5 (866),In Stock,https://www.zeptonow.com/pn/britannia-treat-jimjam-cream-biscuits92gms-bingo-mad-angles-achaari-masti-chips66gms-combo/pvid/bc8707b8-599c-45c7-b71b-8947b90bc7b3,"https://cdn.zeptonow.com/production/tr:w-1280,ar-1494-1494,pr-true,f-auto,q-80/cms/product_variant/b24a0898-a000-4ec0-814c-1aa144223f54.jpg"
Biscuits,Top Picks,"https://cdn.zeptonow.com/production/tr:w-90,ar-120-120,pr-true,f-auto,q-80/cms/sub_category/179.png",Sunfeast Nice Biscuit 142 g Combo,Sunfeast,57,75,142 g X 3,4.3 (465),In Stock,https://www.zeptonow.com/pn/sunfeast-nice-biscuit-142-g-combo/pvid/810c33ec-95ef-4506-993b-f98b8e7fee63,"https://cdn.zeptonow.com/production/tr:w-1280,ar-1500-1500,pr-true,f-auto,q-80/inventory/product/813ed387-559e-479f-80a0-a683f9fd6d9e-3440.jpg"
Biscuits,Top Picks,"https://cdn.zeptonow.com/production/tr:w-90,ar-120-120,pr-true,f-auto,q-80/cms/sub_category/179.png",Britannia Treat Jimjam Cream Biscuits Combo,Britannia,84,100,92 g X 4,4.4 (956),In Stock,https://www.zeptonow.com/pn/britannia-treat-jimjam-cream-biscuits-combo/pvid/e87ea3cf-0a18-4334-8c80-fbdabe7a29e1,"https://cdn.zeptonow.com/production/tr:w-1280,ar-1500-1500,pr-true,f-auto,q-80/inventory/product/d8240456-d6d7-4433-ae12-b401e6a00c58-Britannia_Treat_Jimjam_Cream_Biscuits_(Pack_of_4).jpg"
Biscuits,Top Picks,"https://cdn.zeptonow.com/production/tr:w-90,ar-120-120,pr-true,f-auto,q-80/cms/sub_category/179.png",UNIBIC Choco Chip Cookies Combo,Unibic,40,60,75 g X 2,4.7 (514),In Stock,https://www.zeptonow.com/pn/unibic-choco-chip-cookies-combo/pvid/027f21cc-2db9-4061-82a1-1d3ee2cc9cd6,"https://cdn.zeptonow.com/production/tr:w-1280,ar-1500-1500,pr-true,f-auto,q-80/inventory/product/027f21cc-2db9-4061-82a1-1d3ee2cc9cd6-1DSE1kd133XAJbdVElAXxbHD-GhcstImj.jpeg"
Biscuits,Top Picks,"https://cdn.zeptonow.com/production/tr:w-90,ar-120-120,pr-true,f-auto,q-80/cms/sub_category/179.png",Britannia Bourbon Chocolate Cream Biscuits 150 gms & Treat Jimjam Cream Biscuits 100 gms Combo,Britannia,61,65,2 Combo,4.5 (721),In Stock,https://www.zeptonow.com/pn/britannia-bourbon-chocolate-cream-biscuits-150-gms-treat-jimjam-cream-biscuits-100-gms-combo/pvid/8500e24a-45d9-4e06-a1b6-a8c9f5774125,"https://cdn.zeptonow.com/production/tr:w-1280,ar-3000-3000,pr-true,f-auto,q-80/cms/product_variant/c4c0bb2e-0aaf-4b72-9c81-4245de954ea0.jpg"
Biscuits,Top Picks,"https://cdn.zeptonow.com/production/tr:w-90,ar-120-120,pr-true,f-auto,q-80/cms/sub_category/179.png",Britannia Pure Magic Choco Stars | Chunky Chocolate Topped Cookie 68.9 g Combo,Britannia,52,60,68.9 g X 2,4.2 (71),In Stock,https://www.zeptonow.com/pn/britannia-pure-magic-choco-stars-chunky-chocolate-topped-cookie-689-g-combo/pvid/b2c724d9-baaa-480c-9524-e35f4ebd8451,"https://cdn.zeptonow.com/production/tr:w-1280,ar-1200-1200,pr-true,f-auto,q-80/cms/product_variant/28776f8e-a96a-4b5c-972f-89ef24445888.jpg"
Biscuits,Top Picks,"https://cdn.zeptonow.com/production/tr:w-90,ar-120-120,pr-true,f-auto,q-80/cms/sub_category/179.png",Sugar Free D'Lite Choco Chip Cookies | Zero Added Sugar | Made with Oats & Quinoa 75 g Combo,Sugar free,102,130,75 g X 2,4.6 (466),In Stock,https://www.zeptonow.com/pn/sugar-free-dlite-choco-chip-cookies-zero-added-sugar-made-with-oats-quinoa-75-g-combo/pvid/d58e9275-0913-497f-842e-78107c049631,"https://cdn.zeptonow.com/production/tr:w-1280,ar-1500-1500,pr-true,f-auto,q-80/cms/product_variant/746ec6fe-f6cd-4d10-b1bd-00036be61af4.jpg"
Biscuits,Top Picks,"https://cdn.zeptonow.com/production/tr:w-90,ar-120-120,pr-true,f-auto,q-80/cms/sub_category/179.png",Britannia Nutrichoice Oats Chocolate & Almond Biscuits 75 g Combo,Britannia,63,75,75 g X 3,4.5 (330),In Stock,https://www.zeptonow.com/pn/britannia-nutrichoice-oats-chocolate-almond-biscuits-75-g-combo/pvid/e8479a05-0a42-4d88-af54-337092bcfb45,"https://cdn.zeptonow.com/production/tr:w-1280,ar-1200-1200,pr-true,f-auto,q-80/cms/product_variant/22c856c2-93fc-46ab-8109-f9d915a14028.jpg"
Biscuits,Top Picks,"https://cdn.zeptonow.com/production/tr:w-90,ar-120-120,pr-true,f-auto,q-80/cms/sub_category/179.png",Britannia Treat Jimjam Cream Biscuits(92gms) & Lay'S American Cream & Onion Potato Chips(50gms) Combo,Britannia,44,45,2 combo,4.4 (346),In Stock,https://www.zeptonow.com/pn/britannia-treat-jimjam-cream-biscuits92gms-lays-american-cream-onion-potato-chips50gms-combo/pvid/f05e8775-775f-48cb-8c84-adfffe4417aa,"https://cdn.zeptonow.com/production/tr:w-1280,ar-1494-1494,pr-true,f-auto,q-80/cms/product_variant/25ab3a2b-4915-4e2c-ad86-bab741361ad7.jpg"
Biscuits,Top Picks,"https://cdn.zeptonow.com/production/tr:w-90,ar-120-120,pr-true,f-auto,q-80/cms/sub_category/179.png",Britannia Pure Magic Choco Stars | Chunky Chocolate Topped Cookie 68.9 g Combo,Britannia,52,60,68.9 g X 2,4.3 (458),In Stock,https://www.zeptonow.com/pn/britannia-pure-magic-choco-stars-chunky-chocolate-topped-cookie-689-g-combo/pvid/0409e881-6101-43ac-8fda-d9dde6ae5301,"https://cdn.zeptonow.com/production/tr:w-1280,ar-1500-1500,pr-true,f-auto,q-80/cms/product_variant/f1a2afe5-6d44-4c54-a372-9f021a6495e9.jpg"
Biscuits,Top Picks,"https://cdn.zeptonow.com/production/tr:w-90,ar-120-120,pr-true,f-auto,q-80/cms/sub_category/179.png",Britannia Nutri Choice Cracker Sugar Free Biscuit 300 gms Combo,Britannia,100,110,300gms X 2,4.5 (525),In Stock,https://www.zeptonow.com/pn/britannia-nutri-choice-cracker-sugar-free-biscuit-300-gms-combo/pvid/7e36dbb6-166f-4454-912d-cbb7608005a8,"https://cdn.zeptonow.com/production/tr:w-1280,ar-1500-1500,pr-true,f-auto,q-80/cms/product_variant/277bfed8-b4a4-4223-86d8-9e7f3c24f610.jpg"
Biscuits,Top Picks,"https://cdn.zeptonow.com/production/tr:w-90,ar-120-120,pr-true,f-auto,q-80/cms/sub_category/179.png",Britannia Treat Jimjam Cream Biscuits 92 g Combo,Britannia,63,75,92 g X 3,4.6 (414),In Stock,https://www.zeptonow.com/pn/britannia-treat-jimjam-cream-biscuits-92-g-combo/pvid/58fb2121-c3aa-4729-9988-fd34a87360d3,"https://cdn.zeptonow.com/production/tr:w-1280,ar-1500-1500,pr-true,f-auto,q-80/inventory/product/94ffd5eb-b828-42ca-a742-b44bd101c682-4002.jpg"
Biscuits,Top Picks,"https://cdn.zeptonow.com/production/tr:w-90,ar-120-120,pr-true,f-auto,q-80/cms/sub_category/179.png",Britannia Treat Rich Crème Choco Flavoured Wafers 55 g Combo,Britannia,50,100,55 g X 2,4.7 (901),In Stock,https://www.zeptonow.com/pn/britannia-treat-rich-crme-choco-flavoured-wafers-55-g-combo/pvid/9dba90a2-dbbe-435c-a015-6d9fcd52b42e,"https://cdn.zeptonow.com/production/tr:w-1280,ar-1200-1200,pr-true,f-auto,q-80/cms/product_variant/0a6d4801-c3f2-48f0-b02f-d59e2cc06114.jpg"
Biscuits,Top Picks,"https://cdn.zeptonow.com/production/tr:w-90,ar-120-120,pr-true,f-auto,q-80/cms/sub_category/179.png",Britannia Marie Gold Biscuit 117 g Combo,Britannia,92,100,117 g X 4,4.6 (110),In Stock,https://www.zeptonow.com/pn/britannia-marie-gold-biscuit-117-g-combo/pvid/74d7a138-6718-4a95-b06f-99715b573e88,"https://cdn.zeptonow.com/production/tr:w-1280,ar-1500-1500,pr-true,f-auto,q-80/inventory/product/a9879d4e-d0b2-4df6-be27-41c3c59e4b96-4014.jpg"
Biscuits,Top Picks,"https://cdn.zeptonow.com/production/tr:w-90,ar-120-120,pr-true,f-auto,q-80/cms/sub_category/179.png",Britannia Treat Jimjam Cream Biscuits(92gms) & Kurkure Yummy Puffcorn Yummy Cheese Chips(55gms) Combo,Britannia,44,45,2 combo,4.7 (928),In Stock,https://www.zeptonow.com/pn/britannia-treat-jimjam-cream-biscuits92gms-kurkure-yummy-puffcorn-yummy-cheese-chips55gms-combo/pvid/bfb97adb-6095-45dd-85ff-33e9d218333e,"https://cdn.zeptonow.com/production/tr:w-1280,ar-1494-1494,pr-true,f-auto,q-80/cms/product_variant/0cc1fb77-3fa2-4544-8a2a-0d1109556987.jpg"
Biscuits,Top Picks,"https://cdn.zeptonow.com/production/tr:w-90,ar-120-120,pr-true,f-auto,q-80/cms/sub_category/179.png",Britannia NutriChoice Digestive High Fibre Biscuits | 0% Maida 100 g Combo,Britannia,60,75,100 g X 3,4.6 (356),In Stock,https://www.zeptonow.com/pn/britannia-nutrichoice-digestive-high-fibre-biscuits-0-maida-100-g-combo/pvid/ee599b58-ec03-415a-a777-aadadd87e658,"https://cdn.zeptonow.com/production/tr:w-1280,ar-1500-1500,pr-true,f-auto,q-80/inventory/product/b9fdf964-86a6-4948-81c7-bf6b3ae94ebe-166.jpg"
Biscuits,Top Picks,"https://cdn.zeptonow.com/production/tr:w-90,ar-120-120,pr-true,f-auto,q-80/cms/sub_category/179.png",Sunfeast Light Active Marie Biscuit 186 g Combo,Sunfeast,48,60,186 g X 2,4.3 (874),In Stock,https://www.zeptonow.com/pn/sunfeast-light-active-marie-biscuit-186-g-combo/pvid/3c0a1bc3-d6cb-44f9-9eee-85ad80eeac8f,"https://cdn.zeptonow.com/production/tr:w-1280,ar-500-500,pr-true,f-auto,q-80/cms/product_variant/a57accd1-4dad-4c0c-b1c2-fa897febe85f.jpeg"
Biscuits,Top Picks,"https://cdn.zeptonow.com/production/tr:w-90,ar-120-120,pr-true,f-auto,q-80/cms/sub_category/179.png",Dukes Nice Biscuits Combo,Dukes,44,70,145 g X 2,4.7 (504),In Stock,https://www.zeptonow.com/pn/dukes-nice-biscuits-combo/pvid/cb7dbb67-5a67-41a9-9a87-41967c05e913,"https://cdn.zeptonow.com/production/tr:w-1280,ar-1500-1500,pr-true,f-auto,q-80/inventory/product/26e11c7c-eb90-4e0b-b22b-5e0621bf56e2-Dukes_Nice_Biscuits_(Pack_of_2).jpg"
Biscuits,Top Picks,"https://cdn.zeptonow.com/production/tr:w-90,ar-120-120,pr-true,f-auto,q-80/cms/sub_category/179.png",Cadbury Oreo Chocolate Flavour Crème Sandwich Biscuit 125.25 g Combo,Cadbury,96,135,125.25g X3,4.3 (128),In Stock,https://www.zeptonow.com/pn/cadbury-oreo-chocolate-flavour-crme-sandwich-biscuit-12525-g-combo/pvid/4135b011-d1f9-4608-9127-be6d3ba2ac1f,"https://cdn.zeptonow.com/production/tr:w-1280,ar-1200-1200,pr-true,f-auto,q-80/cms/product_variant/8b081b66-595a-4545-aa0c-1f6a398fd8c7.jpg"
Biscuits,Top Picks,"https://cdn.zeptonow.com/production/tr:w-90,ar-120-120,pr-true,f-auto,q-80/cms/sub_category/179.png",Cadbury Oreo Strawberry Flavour Crème Sandwich Biscuit,Cadbury,58,60,108.55g X2,4.7 (378),In Stock,https://www.zeptonow.com/pn/cadbury-oreo-strawberry-flavour-crme-sandwich-biscuit/pvid/44887603-ade0-4224-97e3-198ee972a484,"https://cdn.zeptonow.com/production/tr:w-1280,ar-1100-1100,pr-true,f-auto,q-80/cms/product_variant/20e1e102-ac9e-4047-aea8-978fe2991abf.jpeg"
Biscuits,Top Picks,"https://cdn.zeptonow.com/production/tr:w-90,ar-120-120,pr-true,f-auto,q-80/cms/sub_category/179.png",UNIBIC Choco Nut Cookies Combo,Unibic,46,60,67.5 X 2,4.7 (776),In Stock,https://www.zeptonow.com/pn/unibic-choco-nut-cookies-combo/pvid/f50d8223-0b6c-4e90-bc8d-43733e868bce,"https://cdn.zeptonow.com/production/tr:w-1280,ar-1500-1500,pr-true,f-auto,q-80/inventory/product/f50d8223-0b6c-4e90-bc8d-43733e868bce-115XuBMGOTjD--jDsHdeQFb0HxjjJG5vo.jpeg"
Biscuits,Top Picks,"https://cdn.zeptonow.com/production/tr:w-90,ar-120-120,pr-true,f-auto,q-80/cms/sub_category/179.png",Britannia The Original Bourbon - Creme Biscuit with Chocolatey Indulgence in Every Layer 150 g Combo,Britannia,72,80,150 g X 2,4.3 (164),In Stock,https://www.zeptonow.com/pn/britannia-the-original-bourbon-creme-biscuit-with-chocolatey-indulgence-in-every-layer-150-g-combo/pvid/35d7b4af-7941-4894-af74-59d7bcb0b1af,"https://cdn.zeptonow.com/production/tr:w-1280,ar-1500-1500,pr-true,f-auto,q-80/cms/product_variant/1552.jpg"
Biscuits,Top Picks,"https://cdn.zeptonow.com/production/tr:w-90,ar-120-120,pr-true,f-auto,q-80/cms/sub_category/179.png","Sunfeast Dark Fantasy Bourbon, Classic Biscuit Made With Real Chocolate 111 g Combo",Sunfeast,48,105,111 g X 3,4.6 (633),In Stock,https://www.zeptonow.com/pn/sunfeast-dark-fantasy-bourbon-classic-biscuit-made-with-real-chocolate-111-g-combo/pvid/de75c964-82ad-47eb-812f-c5942cd3b5b9,"https://cdn.zeptonow.com/production/tr:w-1280,ar-1200-1200,pr-true,f-auto,q-80/cms/product_variant/43fd5906-8e8d-45a0-b406-3b94cb81667f.jpg"
Biscuits,Top Picks,"https://cdn.zeptonow.com/production/tr:w-90,ar-120-120,pr-true,f-auto,q-80/cms/sub_category/179.png",Britannia Nice Time Biscuit 143 g Combo,Britannia,66,75,143 g X 3,4.2 (120),In Stock,https://www.zeptonow.com/pn/britannia-nice-time-biscuit-143-g-combo/pvid/ffa42826-0324-46b4-9abf-0f9a2462f539,"https://cdn.zeptonow.com/production/tr:w-1280,ar-1500-1500,pr-true,f-auto,q-80/inventory/product/5925c06b-7862-4967-80d2-d9d06b74c54e-3392.jpg"
Biscuits,Top Picks,"https://cdn.zeptonow.com/production/tr:w-90,ar-120-120,pr-true,f-auto,q-80/cms/sub_category/179.png",Britannia Pure Magic Choco Stars | Chunky Chocolate Topped Cookie 68.9 g Combo,Britannia,78,90,68.9 g X 3,4.6 (425),In Stock,https://www.zeptonow.com/pn/britannia-pure-magic-choco-stars-chunky-chocolate-topped-cookie-689-g-combo/pvid/108a0722-3f08-42da-a6bf-61857350a308,"https://cdn.zeptonow.com/production/tr:w-1280,ar-1200-1200,pr-true,f-auto,q-80/cms/product_variant/b8dfaec0-38e7-4a3c-a030-68dea562d2c2.jpg"
Biscuits,Top Picks,"https://cdn.zeptonow.com/production/tr:w-90,ar-120-120,pr-true,f-auto,q-80/cms/sub_category/179.png","Britannia Vita Marie Gold Biscuits, Zero Transfat, Vitamin Enriched Biscuits 248 gms Combo",Britannia,94,100,248gms X 2,4.3 (324),In Stock,https://www.zeptonow.com/pn/britannia-vita-marie-gold-biscuits-zero-transfat-vitamin-enriched-biscuits-248-gms-combo/pvid/a4d7ec50-2d15-444e-8f6d-3616f17fd64f,"https://cdn.zeptonow.com/production/tr:w-1280,ar-1500-1500,pr-true,f-auto,q-80/cms/product_variant/ae888b29-d170-42ec-a8f8-fc51fef69823.jpg"
Biscuits,Top Picks,"https://cdn.zeptonow.com/production/tr:w-90,ar-120-120,pr-true,f-auto,q-80/cms/sub_category/179.png",Britannia Good Day Cashew Cookies Combo,Britannia,46,50,100 g X 2,4.3 (434),In Stock,https://www.zeptonow.com/pn/britannia-good-day-cashew-cookies-combo/pvid/e9c04e5f-9923-4766-83f5-072334359974,"https://cdn.zeptonow.com/production/tr:w-1280,ar-1500-1500,pr-true,f-auto,q-80/inventory/product/e9c04e5f-9923-4766-83f5-072334359974-1VDWieMwD3M5RBrz4PRxJbhAUsb3awE_F.jpeg"
Biscuits,Top Picks,"https://cdn.zeptonow.com/production/tr:w-90,ar-120-120,pr-true,f-auto,q-80/cms/sub_category/179.png",Britannia Treat Rich Crème Strawberry Flavoured Wafers 55 g Combo,Britannia,50,100,55 g X 2,4.5 (398),In Stock,https://www.zeptonow.com/pn/britannia-treat-rich-crme-strawberry-flavoured-wafers-55-g-combo/pvid/63e6fd7c-6ef4-4248-a6d3-5cee40ec8603,"https://cdn.zeptonow.com/production/tr:w-1280,ar-1200-1200,pr-true,f-auto,q-80/cms/product_variant/fcebb840-642b-4756-a602-fe955edeb46e.jpg"
Biscuits,Top Picks,"https://cdn.zeptonow.com/production/tr:w-90,ar-120-120,pr-true,f-auto,q-80/cms/sub_category/179.png",Cadbury Oreo Strawberry Flavour Crème Sandwich Biscuit,Cadbury,84,90,108.55g X3,4.4 (590),In Stock,https://www.zeptonow.com/pn/cadbury-oreo-strawberry-flavour-crme-sandwich-biscuit/pvid/5f3d0811-13f1-40de-a0ed-08db6d305f50,"https://cdn.zeptonow.com/production/tr:w-1280,ar-1100-1100,pr-true,f-auto,q-80/cms/product_variant/a0069554-1ea5-4ba5-9a68-dd0695993359.jpeg"
Biscuits,Top Picks,"https://cdn.zeptonow.com/production/tr:w-90,ar-120-120,pr-true,f-auto,q-80/cms/sub_category/179.png",Britannia NutriChoice Digestive High Fibre Biscuits | 0% Maida 100 g Combo,Britannia,80,100,100 g X 4,4.5 (364),In Stock,https://www.zeptonow.com/pn/britannia-nutrichoice-digestive-high-fibre-biscuits-0-maida-100-g-combo/pvid/a4d111bc-a7e7-42d5-93d1-6b40b731fdd0,"https://cdn.zeptonow.com/production/tr:w-1280,ar-1500-1500,pr-true,f-auto,q-80/inventory/product/58567c6d-9895-4079-b2e6-20d59a03ec64-3970.jpg"
Biscuits,Top Picks,"https://cdn.zeptonow.com/production/tr:w-90,ar-120-120,pr-true,f-auto,q-80/cms/sub_category/179.png",Parle Hide & Seek Chocolate Biscuits 100 g Combo,Parle,81,90,100 g X 3,4.7 (62),In Stock,https://www.zeptonow.com/pn/parle-hide-seek-chocolate-biscuits-100-g-combo/pvid/b3cce516-bc30-4bde-b5d2-7933dd216958,"https://cdn.zeptonow.com/production/tr:w-1280,ar-1500-1500,pr-true,f-auto,q-80/inventory/product/ee8bed7b-7462-4b37-ba39-5f125fd99766-3996.jpg"
Biscuits,Top Picks,"https://cdn.zeptonow.com/production/tr:w-90,ar-120-120,pr-true,f-auto,q-80/cms/sub_category/179.png",Britannia Treat Jimjam Cream Biscuits 138 g Combo,Britannia,74,80,138 g X 2,4.6 (841),In Stock,https://www.zeptonow.com/pn/britannia-treat-jimjam-cream-biscuits-138-g-combo/pvid/bf763a0e-c167-42a2-bb5a-275a980f6fb6,"https://cdn.zeptonow.com/production/tr:w-1280,ar-1500-1500,pr-true,f-auto,q-80/cms/product_variant/cab26aa6-83a3-4f45-bca2-e9e0522cd896.jpg"
Biscuits,Top Picks,"https://cdn.zeptonow.com/production/tr:w-90,ar-120-120,pr-true,f-auto,q-80/cms/sub_category/179.png",Britannia Good Day Cashew Cookies 100 g Combo,Britannia,66,75,100 g X 3,4.6 (966),In Stock,https://www.zeptonow.com/pn/britannia-good-day-cashew-cookies-100-g-combo/pvid/5da6716d-9282-476c-8ef7-809122f988ca,"https://cdn.zeptonow.com/production/tr:w-1280,ar-1500-1500,pr-true,f-auto,q-80/inventory/product/17df0e9a-08ea-403b-a184-2b7ae4a31d71-3429.jpg"
Biscuits,Top Picks,"https://cdn.zeptonow.com/production/tr:w-90,ar-120-120,pr-true,f-auto,q-80/cms/sub_category/179.png",Britannia 50-50 Maska Chaska Biscuit 105 g Combo,Britannia,54,60,105 g X 2,4.2 (180),In Stock,https://www.zeptonow.com/pn/britannia-50-50-maska-chaska-biscuit-105-g-combo/pvid/8d5f2b01-982b-490c-a3fa-43d27ca4f344,"https://cdn.zeptonow.com/production/tr:w-1280,ar-1500-1500,pr-true,f-auto,q-80/inventory/product/cfc145eb-7fb6-4c05-b2be-2ccf8a3d9aca-2188.jpg"
Biscuits,Top Picks,"https://cdn.zeptonow.com/production/tr:w-90,ar-120-120,pr-true,f-auto,q-80/cms/sub_category/179.png",Britannia Nutri Choice Oats Choco Almond Biscuit Combo,Britannia,44,50,75 g X 2,4.2 (207),In Stock,https://www.zeptonow.com/pn/britannia-nutri-choice-oats-choco-almond-biscuit-combo/pvid/694e6c91-b1e0-416f-beae-5afd330d3475,"https://cdn.zeptonow.com/production/tr:w-1280,ar-1500-1500,pr-true,f-auto,q-80/inventory/product/e9c569fa-3ae6-4268-b1f2-4f2b36490522-Britannia_Nutri_Choice_Oats_Choco_Almond_Biscuit__(Pack_of_2).jpg"
Biscuits,Top Picks,"https://cdn.zeptonow.com/production/tr:w-90,ar-120-120,pr-true,f-auto,q-80/cms/sub_category/179.png",Britannia Treat Rich Crème Choco Flavoured Wafers 55 g Combo,Britannia,44,100,55 g X 2,4.6 (702),In Stock,https://www.zeptonow.com/pn/britannia-treat-rich-crme-choco-flavoured-wafers-55-g-combo/pvid/a8cb9d2d-1cc6-4768-8ebc-50bd1cfc26c5,"https://cdn.zeptonow.com/production/tr:w-1280,ar-1200-1200,pr-true,f-auto,q-80/cms/product_variant/c1960934-2586-418a-8130-f87b074f3f50.jpg"
Biscuits,Top Picks,"https://cdn.zeptonow.com/production/tr:w-90,ar-120-120,pr-true,f-auto,q-80/cms/sub_category/179.png",Britannia Good Day Pista Badam (100 gms) Combo,Britannia,44,50,100 g X 2,4.7 (496),In Stock,https://www.zeptonow.com/pn/britannia-good-day-pista-badam-100-gms-combo/pvid/27dc618c-1f73-4f34-b13e-af61efc5b33a,"https://cdn.zeptonow.com/production/tr:w-1280,ar-1500-1500,pr-true,f-auto,q-80/inventory/product/e5021773-abf3-42d5-9f58-80fab96c0b37-Britannia_Good_Day_Pista_Badam_(Pack_of_2).jpg"
Biscuits,Top Picks,"https://cdn.zeptonow.com/production/tr:w-90,ar-120-120,pr-true,f-auto,q-80/cms/sub_category/179.png",Britannia Toastea Milk Rusk 182 g Combo,Britannia,54,70,182 g X 2,4.2 (892),In Stock,https://www.zeptonow.com/pn/britannia-toastea-milk-rusk-182-g-combo/pvid/81d27fe7-2088-48ab-9bb6-857d64873d3b,"https://cdn.zeptonow.com/production/tr:w-1280,ar-1494-1494,pr-true,f-auto,q-80/cms/product_variant/305aa523-2f9c-4f59-9833-abb2f6995296.jpg"
Biscuits,Top Picks,"https://cdn.zeptonow.com/production/tr:w-90,ar-120-120,pr-true,f-auto,q-80/cms/sub_category/179.png",Cadbury Oreo Vanilla Flavour Crème Sandwich Biscuit Mega Family Pack,Cadbury,70,90,125.25gX 2,4.4 (452),In Stock,https://www.zeptonow.com/pn/cadbury-oreo-vanilla-flavour-crme-sandwich-biscuit-mega-family-pack/pvid/a453ef6a-44c7-411c-95bb-cb76d8e6bd82,"https://cdn.zeptonow.com/production/tr:w-1280,ar-1100-1100,pr-true,f-auto,q-80/cms/product_variant/aa1d975d-1092-4cb8-9dde-c2c82892332c.jpeg"
Biscuits,Top Picks,"https://cdn.zeptonow.com/production/tr:w-90,ar-120-120,pr-true,f-auto,q-80/cms/sub_category/179.png",Britannia NutriChoice 5 Grain Digestive Biscuit | 0% Maida & High Fibre 200 g Combo,Britannia,124,150,200 g X 2,4.3 (512),In Stock,https://www.zeptonow.com/pn/britannia-nutrichoice-5-grain-digestive-biscuit-0-maida-high-fibre-200-g-combo/pvid/2de4eb9f-d4af-454b-9385-71a027c9ad4f,"https://cdn.zeptonow.com/production/tr:w-1280,ar-1500-1500,pr-true,f-auto,q-80/cms/product_variant/7a2dbd66-a7db-47cd-aec7-0ea66510aee6.jpg"
Biscuits,Top Picks,"https://cdn.zeptonow.com/production/tr:w-90,ar-120-120,pr-true,f-auto,q-80/cms/sub_category/179.png",Britannia Good Day Chunky Chocolate Flavoured Biscuits | Preservative-free Combo,Britannia,96,135,75 g X 3,4.4 (473),In Stock,https://www.zeptonow.com/pn/britannia-good-day-chunky-chocolate-flavoured-biscuits-preservative-free-combo/pvid/5512c963-0293-4e2f-8349-ac4c262f6210,"https://cdn.zeptonow.com/production/tr:w-1280,ar-1200-1200,pr-true,f-auto,q-80/cms/product_variant/5f0927c1-547e-42b9-883e-fdfecab8e217.jpg"
Biscuits,Top Picks,"https://cdn.zeptonow.com/production/tr:w-90,ar-120-120,pr-true,f-auto,q-80/cms/sub_category/179.png",Cadbury Oreo Chocolate Flavour Crã¨Me Sandwich Biscuit (125g) & Cadbury Oreo Vanilla Flavour Crã¨Me Sandwich Biscuit Mega Family Pack (125g) Combo,Cadbury,76,90,2 combo,4.4 (539),In Stock,https://www.zeptonow.com/pn/cadbury-oreo-chocolate-flavour-crme-sandwich-biscuit-125g-cadbury-oreo-vanilla-flavour-crme-sandwich-biscuit-mega-family-pack-125g-combo/pvid/c1dbdc8a-12dc-4929-8779-b1041f028432,"https://cdn.zeptonow.com/production/tr:w-1280,ar-1200-1200,pr-true,f-auto,q-80/cms/product_variant/be47ac55-fd5a-4246-96e9-3ae0b188b099.jpg"
Biscuits,Top Picks,"https://cdn.zeptonow.com/production/tr:w-90,ar-120-120,pr-true,f-auto,q-80/cms/sub_category/179.png",Sunfeast Dark Fantasy Vanilla CrÃ¨me | Dark Crunchy Biscuit with Smooth Vanilla CrÃ¨me Combo,Sunfeast,88,200,237 g X 2,4.6 (638),In Stock,https://www.zeptonow.com/pn/sunfeast-dark-fantasy-vanilla-crme-dark-crunchy-biscuit-with-smooth-vanilla-crme-combo/pvid/83b1f354-9b31-46a6-b45f-94b438ae99c0,"https://cdn.zeptonow.com/production/tr:w-1280,ar-1200-1200,pr-true,f-auto,q-80/cms/product_variant/6807329d-a4d8-41d1-8993-d3dd063eb34d.jpg"
Biscuits,Top Picks,"https://cdn.zeptonow.com/production/tr:w-90,ar-120-120,pr-true,f-auto,q-80/cms/sub_category/179.png",Britannia Milk Bikis Biscuit 200 g Combo,Britannia,94,110,200 g X 2,4.7 (720),In Stock,https://www.zeptonow.com/pn/britannia-milk-bikis-biscuit-200-g-combo/pvid/6deedbf0-748b-4a06-ae56-8e4dc58e408b,"https://cdn.zeptonow.com/production/tr:w-1280,ar-1500-1500,pr-true,f-auto,q-80/inventory/product/f89bbe48-a2fa-4576-939b-d8d311358cc7-548.jpg"
Biscuits,Top Picks,"https://cdn.zeptonow.com/production/tr:w-90,ar-120-120,pr-true,f-auto,q-80/cms/sub_category/179.png",Parle Hide and Seek Milano 125 g Combo,Parle,92,150,125 g X 2,4.6 (267),In Stock,https://www.zeptonow.com/pn/parle-hide-and-seek-milano-125-g-combo/pvid/fc90007e-b8b5-4a6a-9159-5d6ef732b7f9,"https://cdn.zeptonow.com/production/tr:w-1280,ar-1500-1500,pr-true,f-auto,q-80/cms/product_variant/cb56e4c5-7716-4afe-a670-de1573e0a6f5.jpg"
Biscuits,Top Picks,"https://cdn.zeptonow.com/production/tr:w-90,ar-120-120,pr-true,f-auto,q-80/cms/sub_category/179.png",Britannia Marie Gold Biscuit 117 g Combo,Britannia,66,75,117 g X 3,4.6 (311),In Stock,https://www.zeptonow.com/pn/britannia-marie-gold-biscuit-117-g-combo/pvid/5cc42e14-f6ce-4cda-a1d6-91b5073315bb,"https://cdn.zeptonow.com/production/tr:w-1280,ar-1500-1500,pr-true,f-auto,q-80/inventory/product/e1dee790-40fd-4636-86e0-f1808b090805-3388.jpg"
Biscuits,Top Picks,"https://cdn.zeptonow.com/production/tr:w-90,ar-120-120,pr-true,f-auto,q-80/cms/sub_category/179.png",Open Secret Zero Maida Butter Millet Biscuit | Healthy Snacks With Zero Refined Sugar & No Palm Oil (40g) & Open Secret Zero Maida Jeera Millet Biscuit | Healthy Snacks With Zero Refined Sugar & No Palm Oil (40g) Combo,Open Secret,86,90,2 combo,4.2 (128),In Stock,https://www.zeptonow.com/pn/open-secret-zero-maida-butter-millet-biscuit-healthy-snacks-with-zero-refined-sugar-no-palm-oil-40g-open-secret-zero-maida-jeera-millet-biscuit-healthy-snacks-with-zero-refined-sugar-no-palm-oil-40g-combo/pvid/c0a3ddab-d42a-4540-ba17-0986ce5709b9,"https://cdn.zeptonow.com/production/tr:w-1280,ar-1200-1200,pr-true,f-auto,q-80/cms/product_variant/f7cfa554-5fee-46ee-bc52-888626afaced.jpg"
Biscuits,Top Picks,"https://cdn.zeptonow.com/production/tr:w-90,ar-120-120,pr-true,f-auto,q-80/cms/sub_category/179.png",Parle-G Gold 200 g Combo,Parle,56,60,200 g X 2,4.3 (540),In Stock,https://www.zeptonow.com/pn/parle-g-gold-200-g-combo/pvid/32f19892-b3bc-4e40-a8fc-60b63c521f77,"https://cdn.zeptonow.com/production/tr:w-1280,ar-1494-1494,pr-true,f-auto,q-80/cms/product_variant/deac8118-889d-4eaf-9dcd-735817b69682.jpg"
Biscuits,Top Picks,"https://cdn.zeptonow.com/production/tr:w-90,ar-120-120,pr-true,f-auto,q-80/cms/sub_category/179.png",Britannia Treat Rich Crème Strawberry Flavoured Wafers 55 g X 2 Combo,Britannia,44,100,55 g X 2,4.2 (506),In Stock,https://www.zeptonow.com/pn/britannia-treat-rich-crme-strawberry-flavoured-wafers-55-g-x-2-combo/pvid/e8a8a51d-9f86-4cde-9482-ef0ef437750b,"https://cdn.zeptonow.com/production/tr:w-1280,ar-1200-1200,pr-true,f-auto,q-80/cms/product_variant/6de41ed1-d437-4340-837e-feb641e307d8.jpg"
Biscuits,Top Picks,"https://cdn.zeptonow.com/production/tr:w-90,ar-120-120,pr-true,f-auto,q-80/cms/sub_category/179.png",Britannia Nutri Choice Cracker Sugar Free Biscuit Combo,Britannia,94,110,300 g X 2,4.6 (496),In Stock,https://www.zeptonow.com/pn/britannia-nutri-choice-cracker-sugar-free-biscuit-combo/pvid/e835a66f-2671-4a2d-a2cf-06f043238f27,"https://cdn.zeptonow.com/production/tr:w-1280,ar-1500-1500,pr-true,f-auto,q-80/inventory/product/e835a66f-2671-4a2d-a2cf-06f043238f27-1VzhnWiD_Y6S5DX8hCeU-n-k3VxFedg9B.jpeg"
Biscuits,Top Picks,"https://cdn.zeptonow.com/production/tr:w-90,ar-120-120,pr-true,f-auto,q-80/cms/sub_category/179.png",Cadbury Oreo Vanilla Flavour Crème Sandwich Biscuit Mega Family Pack,Cadbury,96,135,125.25g X3,4.5 (638),In Stock,https://www.zeptonow.com/pn/cadbury-oreo-vanilla-flavour-crme-sandwich-biscuit-mega-family-pack/pvid/f95f8320-6cb9-4958-9d01-2dff166163c6,"https://cdn.zeptonow.com/production/tr:w-1280,ar-1100-1100,pr-true,f-auto,q-80/cms/product_variant/df760e62-2a8e-4b57-ab4e-544f678e761c.jpeg"
Biscuits,Top Picks,"https://cdn.zeptonow.com/production/tr:w-90,ar-120-120,pr-true,f-auto,q-80/cms/sub_category/179.png",Malkist Sugar Cracker Biscuits 105 g Combo,Malkist,84,100,105 g X 2,4.7 (877),In Stock,https://www.zeptonow.com/pn/malkist-sugar-cracker-biscuits-105-g-combo/pvid/a05ff891-ee70-4558-9c4f-5747008973a2,"https://cdn.zeptonow.com/production/tr:w-1280,ar-1500-1500,pr-true,f-auto,q-80/inventory/product/9fe24607-8f18-4b46-98a9-1d206664c659-3237.jpg"
Biscuits,Top Picks,"https://cdn.zeptonow.com/production/tr:w-90,ar-120-120,pr-true,f-auto,q-80/cms/sub_category/179.png",UNIBIC Choco Nut Cookies 67 g Combo,Unibic,66,90,67 g X 3,4.4 (712),In Stock,https://www.zeptonow.com/pn/unibic-choco-nut-cookies-67-g-combo/pvid/f8fc76b0-d914-401f-a4a4-30be3a0b0fc8,"https://cdn.zeptonow.com/production/tr:w-1280,ar-1500-1500,pr-true,f-auto,q-80/inventory/product/0b311959-71f9-407c-b2e7-704cfd6d4ac0-3723.jpg"
Biscuits,Top Picks,"https://cdn.zeptonow.com/production/tr:w-90,ar-120-120,pr-true,f-auto,q-80/cms/sub_category/179.png",Britannia Milk Bikis Biscuit(500gms) & Aavin Nice Toned Fresh Milk (Pouch)(500ml) Combo,Aavin,101,110,2 combo,4.6 (503),In Stock,https://www.zeptonow.com/pn/britannia-milk-bikis-biscuit500gms-aavin-nice-toned-fresh-milk-pouch500ml-combo/pvid/34501729-0619-4d40-95e3-e99bbf562101,"https://cdn.zeptonow.com/production/tr:w-1280,ar-1494-1494,pr-true,f-auto,q-80/cms/product_variant/ac917722-1505-4d71-a3d6-f8bd86bf4906.jpg"
Biscuits,Top Picks,"https://cdn.zeptonow.com/production/tr:w-90,ar-120-120,pr-true,f-auto,q-80/cms/sub_category/179.png",Britannia Good Day Pista Badam 100 g Combo,Britannia,63,75,100 g X 3,4.5 (584),In Stock,https://www.zeptonow.com/pn/britannia-good-day-pista-badam-100-g-combo/pvid/6065eec6-cbf6-4600-88ad-f837092f6a5a,"https://cdn.zeptonow.com/production/tr:w-1280,ar-1500-1500,pr-true,f-auto,q-80/inventory/product/4a14b83a-a560-4dfe-8d6c-8c09f4e6efb1-3417.jpg"
Biscuits,Top Picks,"https://cdn.zeptonow.com/production/tr:w-90,ar-120-120,pr-true,f-auto,q-80/cms/sub_category/179.png",Sugar Free D'Lite Yummy Berry Cookies | Zero Added Sugar | Made with Oats & Quinoa 75 g Combo,Sugar free,98,130,75 g X 2,4.6 (840),In Stock,https://www.zeptonow.com/pn/sugar-free-dlite-yummy-berry-cookies-zero-added-sugar-made-with-oats-quinoa-75-g-combo/pvid/6b394684-0b88-481c-bb93-082c801edd70,"https://cdn.zeptonow.com/production/tr:w-1280,ar-1500-1500,pr-true,f-auto,q-80/cms/product_variant/a66ad054-da7e-4643-a6cc-501a59494e27.jpg"
Biscuits,Top Picks,"https://cdn.zeptonow.com/production/tr:w-90,ar-120-120,pr-true,f-auto,q-80/cms/sub_category/179.png",Britannia The Original Bourbon - Creme Biscuit with Chocolatey Indulgence in Every Layer 150 g Combo,Britannia,102,120,150 g X 3,4.7 (502),In Stock,https://www.zeptonow.com/pn/britannia-the-original-bourbon-creme-biscuit-with-chocolatey-indulgence-in-every-layer-150-g-combo/pvid/2f6ae56e-9db7-4c8b-9a1c-64e209ef74be,"https://cdn.zeptonow.com/production/tr:w-1280,ar-1500-1500,pr-true,f-auto,q-80/cms/product_variant/d8237e2e-4f52-44a9-accf-f8cbe2af0790.jpg"
Biscuits,Top Picks,"https://cdn.zeptonow.com/production/tr:w-90,ar-120-120,pr-true,f-auto,q-80/cms/sub_category/179.png",Dukes Creme 4 Fun Orange Flavoured Sandwich Biscuits 145 g Combo,Dukes,50,80,145 g X 2,4.4 (790),In Stock,https://www.zeptonow.com/pn/dukes-creme-4-fun-orange-flavoured-sandwich-biscuits-145-g-combo/pvid/86c7c0ab-a864-43fb-9d2c-f80f8daf99c8,"https://cdn.zeptonow.com/production/tr:w-1280,ar-1200-1200,pr-true,f-auto,q-80/cms/product_variant/a91416a1-a9a7-4523-af4b-99cfe2f2ffdb.jpg"
Biscuits,Top Picks,"https://cdn.zeptonow.com/production/tr:w-90,ar-120-120,pr-true,f-auto,q-80/cms/sub_category/179.png",Sunfeast Dark Fantasy Choco Fills | Original Filled Cookies with Choco Crème | Perfect Snack 69 g Combo,Sunfeast,108,120,69 g X 3,4.5 (199),In Stock,https://www.zeptonow.com/pn/sunfeast-dark-fantasy-choco-fills-original-filled-cookies-with-choco-crme-perfect-snack-69-g-combo/pvid/22c4470d-20d8-4944-a16c-9c3de29d7112,"https://cdn.zeptonow.com/production/tr:w-1280,ar-1500-1500,pr-true,f-auto,q-80/cms/product_variant/244c3afe-7574-4b74-9daa-44481e077719.jpg"
Biscuits,Top Picks,"https://cdn.zeptonow.com/production/tr:w-90,ar-120-120,pr-true,f-auto,q-80/cms/sub_category/179.png",Britannia Good Day Chunky Chocolate Flavoured Biscuits | Preservative-free Combo,Britannia,66,90,75 g X 2,4.2 (630),In Stock,https://www.zeptonow.com/pn/britannia-good-day-chunky-chocolate-flavoured-biscuits-preservative-free-combo/pvid/681597fe-08aa-40eb-af84-751e422a239c,"https://cdn.zeptonow.com/production/tr:w-1280,ar-1200-1200,pr-true,f-auto,q-80/cms/product_variant/6a3ceab7-51d7-4670-a6ee-68bf697588f4.jpg"
Biscuits,Top Picks,"https://cdn.zeptonow.com/production/tr:w-90,ar-120-120,pr-true,f-auto,q-80/cms/sub_category/179.png",Dukes Waffy Strawberry & Orange Wafers Combo,Dukes,58,100,2 Combo,4.7 (444),In Stock,https://www.zeptonow.com/pn/dukes-waffy-strawberry-orange-wafers-combo/pvid/19757bcb-f9df-4a43-a720-ce592bb08ab8,"https://cdn.zeptonow.com/production/tr:w-1280,ar-1000-1000,pr-true,f-auto,q-80/cms/product_variant/e7509a09-50ef-4f0d-a51c-234afaa4473f.jpeg"
Biscuits,Top Picks,"https://cdn.zeptonow.com/production/tr:w-90,ar-120-120,pr-true,f-auto,q-80/cms/sub_category/179.png",Dukes Waffy Chocolate & Orange Wafers Combo,Dukes,58,100,2 Combo,4.2 (319),In Stock,https://www.zeptonow.com/pn/dukes-waffy-chocolate-orange-wafers-combo/pvid/cdcebe59-444a-45ba-91b9-4381197e7ead,"https://cdn.zeptonow.com/production/tr:w-1280,ar-1000-1000,pr-true,f-auto,q-80/cms/product_variant/26b2dd3f-0a58-49b8-9ebb-8588cfb6dd07.jpeg"
Biscuits,Top Picks,"https://cdn.zeptonow.com/production/tr:w-90,ar-120-120,pr-true,f-auto,q-80/cms/sub_category/179.png",Britannia 50-50 Maska Chaska Biscuit 105 g Combo,Britannia,78,90,105 g X 3,4.3 (711),In Stock,https://www.zeptonow.com/pn/britannia-50-50-maska-chaska-biscuit-105-g-combo/pvid/4f1200fb-64d1-4046-99c3-be33fe95a1e7,"https://cdn.zeptonow.com/production/tr:w-1280,ar-1500-1500,pr-true,f-auto,q-80/inventory/product/0aa2f094-858f-43dc-ba66-fc142b8d1c90-4036.jpg"
Biscuits,Top Picks,"https://cdn.zeptonow.com/production/tr:w-90,ar-120-120,pr-true,f-auto,q-80/cms/sub_category/179.png",Sunfeast Wowzers Cheese Flavoured Crackers | Artificial Flavour-free Combo,Sunfeast,86,120,128 g X 2,4.3 (175),In Stock,https://www.zeptonow.com/pn/sunfeast-wowzers-cheese-flavoured-crackers-artificial-flavour-free-combo/pvid/3224adb6-c63e-4410-8069-a297343b42d0,"https://cdn.zeptonow.com/production/tr:w-1280,ar-1200-1200,pr-true,f-auto,q-80/cms/product_variant/85fb85ff-c6ac-4821-951a-3172bcf2d54b.jpg"
Biscuits,Top Picks,"https://cdn.zeptonow.com/production/tr:w-90,ar-120-120,pr-true,f-auto,q-80/cms/sub_category/179.png",Britannia Good Day Cashew Cookies Packet Combo,Britannia,92,100,200 g X 2,4.3 (628),In Stock,https://www.zeptonow.com/pn/britannia-good-day-cashew-cookies-packet-combo/pvid/26516beb-7c51-4edc-aefc-db78cb6c44d1,"https://cdn.zeptonow.com/production/tr:w-1280,ar-1500-1500,pr-true,f-auto,q-80/inventory/product/3cc746f2-fe81-4e73-bae4-7fd06e3c73dd-Britannia_Good_Day_Cashew_Cookies_Packet_(Pack_of_2).jpg"
Biscuits,Top Picks,"https://cdn.zeptonow.com/production/tr:w-90,ar-120-120,pr-true,f-auto,q-80/cms/sub_category/179.png",Parle Krackjack Biscuits 176 g Combo,Parle,105,120,176 g X 3,4.2 (66),In Stock,https://www.zeptonow.com/pn/parle-krackjack-biscuits-176-g-combo/pvid/7f2fabbe-f712-4981-892c-7cb2b4aa44f9,"https://cdn.zeptonow.com/production/tr:w-1280,ar-1500-1500,pr-true,f-auto,q-80/cms/product_variant/40c30d00-0616-4619-86bf-b8f97374d7f7.jpg"
Biscuits,Top Picks,"https://cdn.zeptonow.com/production/tr:w-90,ar-120-120,pr-true,f-auto,q-80/cms/sub_category/179.png",Parle Krackjack Biscuits 176 g Combo,Parle,74,80,176 g X 2,4.2 (995),In Stock,https://www.zeptonow.com/pn/parle-krackjack-biscuits-176-g-combo/pvid/db5c4e8a-87ae-4e0b-a8aa-0f2e7b86bf24,"https://cdn.zeptonow.com/production/tr:w-1280,ar-1500-1500,pr-true,f-auto,q-80/cms/product_variant/f8221da8-b586-4841-b1b0-7ea1a5d05d86.jpg"
Biscuits,Top Picks,"https://cdn.zeptonow.com/production/tr:w-90,ar-120-120,pr-true,f-auto,q-80/cms/sub_category/179.png",Sunfeast Light Active Marie Biscuit 186 g Combo,Sunfeast,69,90,186 g X 3,4.4 (426),In Stock,https://www.zeptonow.com/pn/sunfeast-light-active-marie-biscuit-186-g-combo/pvid/e75da23b-ef17-4fc8-8cad-e309fdf1b532,"https://cdn.zeptonow.com/production/tr:w-1280,ar-500-500,pr-true,f-auto,q-80/cms/product_variant/29d45fd9-fbeb-45f8-a6bd-ecf1c5e4bb35.jpeg"
Biscuits,Top Picks,"https://cdn.zeptonow.com/production/tr:w-90,ar-120-120,pr-true,f-auto,q-80/cms/sub_category/179.png",Parle Hide & Seek - Chocolate 200 g Combo,Parle,92,120,200 g X 2,4.6 (670),In Stock,https://www.zeptonow.com/pn/parle-hide-seek-chocolate-200-g-combo/pvid/15037238-5308-4a23-9206-55ab2c6968f3,"https://cdn.zeptonow.com/production/tr:w-1280,ar-1500-1500,pr-true,f-auto,q-80/cms/product_variant/9a3dd36d-86dd-4581-9dc9-ec72350686d3.jpg"
Biscuits,Top Picks,"https://cdn.zeptonow.com/production/tr:w-90,ar-120-120,pr-true,f-auto,q-80/cms/sub_category/179.png",Cadbury Oreo Chocolate Flavour Cream Sandwich Biscuit 125.25 g Combo,Cadbury,70,90,125.25g X2,4.4 (926),In Stock,https://www.zeptonow.com/pn/cadbury-oreo-chocolate-flavour-cream-sandwich-biscuit-12525-g-combo/pvid/ba706d06-9bd5-4478-8451-9493f24f2a30,"https://cdn.zeptonow.com/production/tr:w-1280,ar-1200-1200,pr-true,f-auto,q-80/cms/product_variant/244f0377-c49f-4664-944b-1d7091a22987.jpg"
Biscuits,Top Picks,"https://cdn.zeptonow.com/production/tr:w-90,ar-120-120,pr-true,f-auto,q-80/cms/sub_category/179.png",Cadbury Chocobakes ChocoChip Cookies 167 g Combo,Cadbury,104,160,167 g X 2,4.6 (622),In Stock,https://www.zeptonow.com/pn/cadbury-chocobakes-chocochip-cookies-167-g-combo/pvid/a953eb7c-627b-4e0f-9f44-af861331f5d7,"https://cdn.zeptonow.com/production/tr:w-1280,ar-1100-1100,pr-true,f-auto,q-80/cms/product_variant/73a79d20-ca5d-4088-a9c5-4eb8ead64386.jpg"
Biscuits,Top Picks,"https://cdn.zeptonow.com/production/tr:w-90,ar-120-120,pr-true,f-auto,q-80/cms/sub_category/179.png",Parle-G Original Gluco Biscuits 250 g Combo,Parle,84,90,250 g X 3,4.4 (563),In Stock,https://www.zeptonow.com/pn/parle-g-original-gluco-biscuits-250-g-combo/pvid/a29e83a8-e545-40a8-aaa2-22a986c5cec7,"https://cdn.zeptonow.com/production/tr:w-1280,ar-1500-1500,pr-true,f-auto,q-80/inventory/product/b31f9cf6-6aef-44cf-9a16-7d61c7179d85-3381.jpg"
Biscuits,Top Picks,"https://cdn.zeptonow.com/production/tr:w-90,ar-120-120,pr-true,f-auto,q-80/cms/sub_category/179.png",Dukes Waffy Chocolate & Strawberry Wafers Combo,Dukes,58,100,2 Combo,4.5 (976),In Stock,https://www.zeptonow.com/pn/dukes-waffy-chocolate-strawberry-wafers-combo/pvid/78ab678e-457e-4d8d-8b57-a91c1250924b,"https://cdn.zeptonow.com/production/tr:w-1280,ar-1500-1500,pr-true,f-auto,q-80/inventory/product/34908f8e-77ac-431a-848d-f1feb9d25cc8-202.png"
Biscuits,Top Picks,"https://cdn.zeptonow.com/production/tr:w-90,ar-120-120,pr-true,f-auto,q-80/cms/sub_category/179.png",Parle Hide & Seek Milano Cookies 75 g Combo,Parle,74,80,75 g X 2,4.2 (183),In Stock,https://www.zeptonow.com/pn/parle-hide-seek-milano-cookies-75-g-combo/pvid/1cc00520-e0f7-4fe1-86ce-5aaab4d65dd1,"https://cdn.zeptonow.com/production/tr:w-1280,ar-1500-1500,pr-true,f-auto,q-80/cms/product_variant/0c61ae35-51e9-4697-a3df-35e03adb7ca8.jpg"
Biscuits,Top Picks,"https://cdn.zeptonow.com/production/tr:w-90,ar-120-120,pr-true,f-auto,q-80/cms/sub_category/179.png",Britannia Toastea Milk Rusk 182 g Combo,Britannia,75,105,182 g X 3,4.3 (419),In Stock,https://www.zeptonow.com/pn/britannia-toastea-milk-rusk-182-g-combo/pvid/1fd5fac0-d754-466c-addf-8cf84a98e097,"https://cdn.zeptonow.com/production/tr:w-1280,ar-1500-1500,pr-true,f-auto,q-80/cms/product_variant/494f8e21-a06e-4bb4-94ad-a5f30043f55a.jpg"
Biscuits,Top Picks,"https://cdn.zeptonow.com/production/tr:w-90,ar-120-120,pr-true,f-auto,q-80/cms/sub_category/179.png",Britannia Good Day Butter Jeera Cookies | Zero Trans Fat 450 g Combo,Britannia,160,400,450 g X 2,4.6 (818),In Stock,https://www.zeptonow.com/pn/britannia-good-day-butter-jeera-cookies-zero-trans-fat-450-g-combo/pvid/88152ac5-e97e-48e9-b953-2e21b4174aab,"https://cdn.zeptonow.com/production/tr:w-1280,ar-1200-1200,pr-true,f-auto,q-80/cms/product_variant/5fc69f4c-39a1-402c-a46e-76595ef2c3b2.jpg"
Biscuits,Creamfills,"https://cdn.zeptonow.com/production/tr:w-90,ar-120-120,pr-true,f-auto,q-80/cms/sub_category/181.png",Orion Choco Pie - Chocolate Coated Soft Biscuit | Trans Fat-free,RIO,143,170,336 g,4.7 (10.3k),In Stock,https://www.zeptonow.com/pn/orion-choco-pie-chocolate-coated-soft-biscuit-trans-fat-free/pvid/c4ca8f6c-cb2e-4b81-9c3d-ebb099bbffab,"https://cdn.zeptonow.com/production/tr:w-1280,ar-3000-2325,pr-true,f-auto,q-80/cms/product_variant/8b7668c1-1a60-4af2-9d39-84fd2f101fe5.jpeg"
Biscuits,Creamfills,"https://cdn.zeptonow.com/production/tr:w-90,ar-120-120,pr-true,f-auto,q-80/cms/sub_category/181.png","Orion Mango Choco Pie | Maida-free, Palm Oil-freeand Sugar-free",RIO,143,180,336 g,4.6 (2.6k),In Stock,https://www.zeptonow.com/pn/orion-mango-choco-pie-maida-free-palm-oil-freeand-sugar-free/pvid/9cd5a4b2-3a17-49b1-a762-0f1e89d8cf4b,"https://cdn.zeptonow.com/production/tr:w-1280,ar-1500-1500,pr-true,f-auto,q-80/cms/product_variant/ac2394f9-08fd-4b1c-aac8-13b478a49e0b.jpg"
Biscuits,Creamfills,"https://cdn.zeptonow.com/production/tr:w-90,ar-120-120,pr-true,f-auto,q-80/cms/sub_category/181.png",Orion Chocolate Choco Pie | Artificial Colour-free and Preservative-free,RIO,80,90,168 g,4.6 (4.4k),In Stock,https://www.zeptonow.com/pn/orion-chocolate-choco-pie-artificial-colour-free-and-preservative-free/pvid/bb819fd7-836c-4e45-b2d3-c3364143408c,"https://cdn.zeptonow.com/production/tr:w-1280,ar-3000-1709,pr-true,f-auto,q-80/cms/product_variant/b3e9fd05-5915-42bd-8516-b2a1640027e5.jpeg"
Biscuits,Creamfills,"https://cdn.zeptonow.com/production/tr:w-90,ar-120-120,pr-true,f-auto,q-80/cms/sub_category/181.png","Orion Mango Choco Pie | Maida-free, Palm Oil-freeand Sugar-free",RIO,78,90,168 g,4.6 (2.9k),In Stock,https://www.zeptonow.com/pn/orion-mango-choco-pie-maida-free-palm-oil-freeand-sugar-free/pvid/0613a81a-71ca-4b81-afbb-41cd45340748,"https://cdn.zeptonow.com/production/tr:w-1280,ar-508-267,pr-true,f-auto,q-80/cms/product_variant/547d9ecd-6f23-4e18-8560-584e2fd4e245.jpg"
Biscuits,Creamfills,"https://cdn.zeptonow.com/production/tr:w-90,ar-120-120,pr-true,f-auto,q-80/cms/sub_category/181.png",Orion Blueberry Snow Dazzle Pie,RIO,200,240,1 pack (12 pcs),4.2 (76),In Stock,https://www.zeptonow.com/pn/orion-blueberry-snow-dazzle-pie/pvid/605c40df-75c5-4168-932f-3c357e70c03f,"https://cdn.zeptonow.com/production/tr:w-1280,ar-1200-1200,pr-true,f-auto,q-80/cms/product_variant/63c6846f-9d74-426a-80ee-9a07b125c929.jpg"
Biscuits,Creamfills,"https://cdn.zeptonow.com/production/tr:w-90,ar-120-120,pr-true,f-auto,q-80/cms/sub_category/181.png",Orion Orange Choco Pie | Artificial Flavour-free,RIO,77,90,168 g,4.7 (652),In Stock,https://www.zeptonow.com/pn/orion-orange-choco-pie-artificial-flavour-free/pvid/556ad10f-1ebd-4b51-bc07-be8f90b4f160,"https://cdn.zeptonow.com/production/tr:w-1280,ar-1500-1500,pr-true,f-auto,q-80/cms/product_variant/e1662c72-6af0-4114-a644-99c2c3aa44ef.jpeg"
Biscuits,Creamfills,"https://cdn.zeptonow.com/production/tr:w-90,ar-120-120,pr-true,f-auto,q-80/cms/sub_category/181.png",Orion Orange Choco Pie,RIO,130,180,336 g,5 (433),In Stock,https://www.zeptonow.com/pn/orion-orange-choco-pie/pvid/098e7a0e-0212-45ff-8b97-02a36ea70d20,"https://cdn.zeptonow.com/production/tr:w-1280,ar-1021-1021,pr-true,f-auto,q-80/cms/product_variant/b23dccd2-8b47-4329-aa0a-6e5ce851469d.jpeg"
Biscuits,Creamfills,"https://cdn.zeptonow.com/production/tr:w-90,ar-120-120,pr-true,f-auto,q-80/cms/sub_category/181.png",Sunfeast Dark Fantasy Choco Centre Fills | Preservative-free,Sunfeast,105,170,230 g,4.7 (118.3k),In Stock,https://www.zeptonow.com/pn/sunfeast-dark-fantasy-choco-centre-fills-preservative-free/pvid/b9606e95-79a6-4814-827d-104b680ca81f,"https://cdn.zeptonow.com/production/tr:w-1280,ar-250-250,pr-true,f-auto,q-80/cms/product_variant/6a5ab164-a4ca-4ab3-8743-31eae3874d2e.jpeg"
Biscuits,Creamfills,"https://cdn.zeptonow.com/production/tr:w-90,ar-120-120,pr-true,f-auto,q-80/cms/sub_category/181.png",Britannia Treat Jimjam Naughty Jam Cream Biscuits | Trans Fat-free,Britannia,39,40,138 g,4.7 (100.8k),In Stock,https://www.zeptonow.com/pn/britannia-treat-jimjam-naughty-jam-cream-biscuits-trans-fat-free/pvid/4c20b22c-0b0f-430d-b05f-2732efea8479,"https://cdn.zeptonow.com/production/tr:w-1280,ar-4500-4500,pr-true,f-auto,q-80/cms/product_variant/93803ee0-08ee-4575-babd-b49b2bd0907b.jpeg"
Biscuits,Creamfills,"https://cdn.zeptonow.com/production/tr:w-90,ar-120-120,pr-true,f-auto,q-80/cms/sub_category/181.png",Sunfeast Dark Fantasy Yumfills Chocolate Choco Pie | Trans Fat-free,Sunfeast,90,180,242 g,4.6 (54.3k),In Stock,https://www.zeptonow.com/pn/sunfeast-dark-fantasy-yumfills-chocolate-choco-pie-trans-fat-free/pvid/4ef49520-3b30-42a6-9fd3-1c957cdf29b6,"https://cdn.zeptonow.com/production/tr:w-1280,ar-2560-2560,pr-true,f-auto,q-80/cms/product_variant/a139bce6-9141-4632-939b-bf0d4b09ff20.jpeg"
Biscuits,Creamfills,"https://cdn.zeptonow.com/production/tr:w-90,ar-120-120,pr-true,f-auto,q-80/cms/sub_category/181.png",Britannia Pure Magic Choco Stars Chocolate Cream Biscuits | Trans Fat-free,Britannia,26,30,68.91 g,4.7 (25.2k),In Stock,https://www.zeptonow.com/pn/britannia-pure-magic-choco-stars-chocolate-cream-biscuits-trans-fat-free/pvid/25dbb852-ca2e-4586-81ba-8e9dc3e391bd,"https://cdn.zeptonow.com/production/tr:w-1280,ar-1200-1200,pr-true,f-auto,q-80/cms/product_variant/b0cf386d-c6cb-4751-9835-4125b5ffff45.jpeg"
Biscuits,Creamfills,"https://cdn.zeptonow.com/production/tr:w-90,ar-120-120,pr-true,f-auto,q-80/cms/sub_category/181.png",Dukes Creme 4 Fun Orange Flavoured Sandwich Cream Biscuits | Preservative-free,Dukes,27,40,145 g,4.5 (11.2k),In Stock,https://www.zeptonow.com/pn/dukes-creme-4-fun-orange-flavoured-sandwich-cream-biscuits-preservative-free/pvid/aa73e4d6-7c25-452e-ae06-6511346249bc,"https://cdn.zeptonow.com/production/tr:w-1280,ar-1200-1200,pr-true,f-auto,q-80/cms/product_variant/b4852172-f45d-4692-ad67-113492c1aadb.jpeg"
Biscuits,Creamfills,"https://cdn.zeptonow.com/production/tr:w-90,ar-120-120,pr-true,f-auto,q-80/cms/sub_category/181.png",Britannia The Original Bourbon Chocolate Cream Biscuits | Trans Fat-free,Britannia,38,40,150 g,4.7 (25.5k),In Stock,https://www.zeptonow.com/pn/britannia-the-original-bourbon-chocolate-cream-biscuits-trans-fat-free/pvid/18cfaa3d-559e-487d-b1c4-33d200c4f757,"https://cdn.zeptonow.com/production/tr:w-1280,ar-3000-3000,pr-true,f-auto,q-80/cms/product_variant/87babb20-e900-4359-8d14-88290a5052a5.jpeg"
Biscuits,Creamfills,"https://cdn.zeptonow.com/production/tr:w-90,ar-120-120,pr-true,f-auto,q-80/cms/sub_category/181.png",Sunfeast Dark Fantasy Choco Centre Fills | Preservative-free,Sunfeast,40,40,69 g,4.7 (162.4k),In Stock,https://www.zeptonow.com/pn/sunfeast-dark-fantasy-choco-centre-fills-preservative-free/pvid/b7e6ca50-739f-4a9d-825e-91d7321a25f8,"https://cdn.zeptonow.com/production/tr:w-1280,ar-1000-1000,pr-true,f-auto,q-80/cms/product_variant/a7226d74-39a7-42ad-b670-b8b8299c7af0.jpeg"
Biscuits,Creamfills,"https://cdn.zeptonow.com/production/tr:w-90,ar-120-120,pr-true,f-auto,q-80/cms/sub_category/181.png",Cadbury Oreo Vanilla Flavour Creme Sandwich Biscuit Family Pack,Cadbury,74,98,275.55 g,4.7 (18.8k),In Stock,https://www.zeptonow.com/pn/cadbury-oreo-vanilla-flavour-creme-sandwich-biscuit-family-pack/pvid/8c7b005e-b460-4b65-b045-22486361431d,"https://cdn.zeptonow.com/production/tr:w-1280,ar-1100-1100,pr-true,f-auto,q-80/cms/product_variant/0cbd9021-c624-4545-8c83-4adc663a7a3a.jpeg"
Biscuits,Creamfills,"https://cdn.zeptonow.com/production/tr:w-90,ar-120-120,pr-true,f-auto,q-80/cms/sub_category/181.png",Britannia Treat Jimjam Naughty Jam Cream Biscuits | Trans Fat-free,Britannia,24,25,92 g,4.7 (130.3k),In Stock,https://www.zeptonow.com/pn/britannia-treat-jimjam-naughty-jam-cream-biscuits-trans-fat-free/pvid/0bfa3f3c-4419-4fd8-884f-ade54af9e06d,"https://cdn.zeptonow.com/production/tr:w-1280,ar-3000-3000,pr-true,f-auto,q-80/cms/product_variant/0d833902-00e4-4b12-834a-1628a2fc5c88.jpeg"
Biscuits,Creamfills,"https://cdn.zeptonow.com/production/tr:w-90,ar-120-120,pr-true,f-auto,q-80/cms/sub_category/181.png",Britannia The Original Bourbon Chocolate Cream Biscuits | Trans Fat-free,Britannia,24,25,100 g,4.7 (48.7k),In Stock,https://www.zeptonow.com/pn/britannia-the-original-bourbon-chocolate-cream-biscuits-trans-fat-free/pvid/5d0432e8-e400-4746-bce5-f6edbbd666fd,"https://cdn.zeptonow.com/production/tr:w-1280,ar-3000-3000,pr-true,f-auto,q-80/cms/product_variant/4fc47b3e-5f07-47ed-b7fb-980c145dd020.jpeg"
Biscuits,Creamfills,"https://cdn.zeptonow.com/production/tr:w-90,ar-120-120,pr-true,f-auto,q-80/cms/sub_category/181.png",Cadbury Oreo Chocolate Flavour Creme Sandwich Biscuit Family Pack,Cadbury,74,98,275.55 g,4.7 (9.5k),In Stock,https://www.zeptonow.com/pn/cadbury-oreo-chocolate-flavour-creme-sandwich-biscuit-family-pack/pvid/02dd7aed-e3a7-4be8-ae55-6f314467e7b0,"https://cdn.zeptonow.com/production/tr:w-1280,ar-1100-1100,pr-true,f-auto,q-80/cms/product_variant/2f0d43bd-afb0-44c8-a7f6-9e9028171fe9.jpeg"
Biscuits,Creamfills,"https://cdn.zeptonow.com/production/tr:w-90,ar-120-120,pr-true,f-auto,q-80/cms/sub_category/181.png",Cadbury Oreo Vanilla Flavour Creme Sandwich Biscuit Mega Family Pack,Cadbury,38,45,125.25 g,4.7 (43.2k),In Stock,https://www.zeptonow.com/pn/cadbury-oreo-vanilla-flavour-creme-sandwich-biscuit-mega-family-pack/pvid/e9fcb576-1a78-4e51-8b33-dbd8854e3d24,"https://cdn.zeptonow.com/production/tr:w-1280,ar-1100-1100,pr-true,f-auto,q-80/cms/product_variant/e98951cc-abf7-476e-bb6f-6a0c20d0fd78.jpeg"
Biscuits,Creamfills,"https://cdn.zeptonow.com/production/tr:w-90,ar-120-120,pr-true,f-auto,q-80/cms/sub_category/181.png",Sunfeast Dark Fantasy Chocolate Chunks Filled Cookie Reimagined | Trans Fat-free,Sunfeast,68,75,75 g,4.6 (3.9k),In Stock,https://www.zeptonow.com/pn/sunfeast-dark-fantasy-chocolate-chunks-filled-cookie-reimagined-trans-fat-free/pvid/76ecbaf4-5ff5-4233-9cda-135a2ff3a068,"https://cdn.zeptonow.com/production/tr:w-1280,ar-1280-1280,pr-true,f-auto,q-80/cms/product_variant/12e414d4-4aed-4246-8d5a-42e1130c9418.jpeg"
Biscuits,Creamfills,"https://cdn.zeptonow.com/production/tr:w-90,ar-120-120,pr-true,f-auto,q-80/cms/sub_category/181.png",Britannia The Original Bourbon Chocolate Cream Biscuits | Trans Fat-free | Buy 4 Get 1 Free,Britannia,94,140,500 g,4.8 (12.6k),In Stock,https://www.zeptonow.com/pn/britannia-the-original-bourbon-chocolate-cream-biscuits-trans-fat-free-buy-4-get-1-free/pvid/e8960afd-ed7b-4af0-a395-1435c5c5d275,"https://cdn.zeptonow.com/production/tr:w-1280,ar-3000-3000,pr-true,f-auto,q-80/cms/product_variant/bd1f762e-e826-48ac-bcf4-3e9448c45b43.jpeg"
Biscuits,Creamfills,"https://cdn.zeptonow.com/production/tr:w-90,ar-120-120,pr-true,f-auto,q-80/cms/sub_category/181.png",Cadbury Oreo Strawberry Flavour Creme Sandwich Biscuit,Cadbury,29,30,108.55 g,4.6 (49.8k),In Stock,https://www.zeptonow.com/pn/cadbury-oreo-strawberry-flavour-creme-sandwich-biscuit/pvid/e244ea8f-015e-41f5-9be8-523e619e88d8,"https://cdn.zeptonow.com/production/tr:w-1280,ar-1100-1099,pr-true,f-auto,q-80/cms/product_variant/e3312043-da90-4e1f-ad24-c5b2d035d2cf.jpeg"
Biscuits,Creamfills,"https://cdn.zeptonow.com/production/tr:w-90,ar-120-120,pr-true,f-auto,q-80/cms/sub_category/181.png",Dukes Creme 4 Fun Chocolate Flavoured Sandwich Cream Biscuits | Trans Fat-free,Dukes,27,40,145 g,4.6 (4.3k),In Stock,https://www.zeptonow.com/pn/dukes-creme-4-fun-chocolate-flavoured-sandwich-cream-biscuits-trans-fat-free/pvid/e562d3a4-ffa5-404d-bc7c-c85306f8b1ce,"https://cdn.zeptonow.com/production/tr:w-1280,ar-2000-2000,pr-true,f-auto,q-80/cms/product_variant/08ad02c1-0146-440b-a96a-bcfb30b2c638.jpeg"
Biscuits,Creamfills,"https://cdn.zeptonow.com/production/tr:w-90,ar-120-120,pr-true,f-auto,q-80/cms/sub_category/181.png","Parle Platina Hide & Seek Chocolate, Orange, Strawberryand Vanilla Cream Biscuits | Preservative-free",Parle,102,180,400 g,4.6 (21.2k),In Stock,https://www.zeptonow.com/pn/parle-platina-hide-seek-chocolate-orange-strawberryand-vanilla-cream-biscuits-preservative-free/pvid/82f22ce9-e6e5-4058-8f63-fb2bf2c73b81,"https://cdn.zeptonow.com/production/tr:w-1280,ar-1200-1200,pr-true,f-auto,q-80/cms/product_variant/15465ca7-df1d-4b58-8805-37bf492f12db.jpeg"
Biscuits,Creamfills,"https://cdn.zeptonow.com/production/tr:w-90,ar-120-120,pr-true,f-auto,q-80/cms/sub_category/181.png",Sunfeast Dark Fantasy Vanilla Cream Dark Crunchy Biscuits | Cholesterol-free and Trans Fat-free,Sunfeast,19,35,79 g,4.7 (17.2k),In Stock,https://www.zeptonow.com/pn/sunfeast-dark-fantasy-vanilla-cream-dark-crunchy-biscuits-cholesterol-free-and-trans-fat-free/pvid/dda8691d-bbce-4530-9c16-95bc6bdd3458,"https://cdn.zeptonow.com/production/tr:w-1280,ar-500-500,pr-true,f-auto,q-80/cms/product_variant/e6339264-d640-476f-b035-62e14ed821f1.jpeg"
Biscuits,Creamfills,"https://cdn.zeptonow.com/production/tr:w-90,ar-120-120,pr-true,f-auto,q-80/cms/sub_category/181.png",Cadbury Oreo Chocolate Flavour Creme Sandwich Biscuit,Cadbury,38,45,125.25 g,4.5 (30.0k),In Stock,https://www.zeptonow.com/pn/cadbury-oreo-chocolate-flavour-creme-sandwich-biscuit/pvid/c3f896e2-db31-420b-972b-c16aede0e221,"https://cdn.zeptonow.com/production/tr:w-1280,ar-1100-1100,pr-true,f-auto,q-80/cms/product_variant/098e5a73-c0f2-4fe7-8869-e36169929362.jpeg"
Biscuits,Creamfills,"https://cdn.zeptonow.com/production/tr:w-90,ar-120-120,pr-true,f-auto,q-80/cms/sub_category/181.png",Cadbury Oreo Chocolate Flavour Creme Sandwich Biscuit Jumbo Pack,Cadbury,136,163,459.25 g,4.8 (2.5k),In Stock,https://www.zeptonow.com/pn/cadbury-oreo-chocolate-flavour-creme-sandwich-biscuit-jumbo-pack/pvid/2fd46d1b-0188-4bd9-955b-9602cca72900,"https://cdn.zeptonow.com/production/tr:w-1280,ar-1100-1100,pr-true,f-auto,q-80/cms/product_variant/ffd8ec72-668f-4f15-b5d4-f204f8a1a7cf.jpeg"
Biscuits,Creamfills,"https://cdn.zeptonow.com/production/tr:w-90,ar-120-120,pr-true,f-auto,q-80/cms/sub_category/181.png",Sunfeast Dark Fantasy Chocolate Cream Biscuits | Made With Real Chocolate,Sunfeast,50,100,237 g,4.7 (23.9k),In Stock,https://www.zeptonow.com/pn/sunfeast-dark-fantasy-chocolate-cream-biscuits-made-with-real-chocolate/pvid/4b81a915-8352-4ace-bd84-8526aa1b6eab,"https://cdn.zeptonow.com/production/tr:w-1280,ar-500-500,pr-true,f-auto,q-80/cms/product_variant/68e54c32-87d7-4715-8c50-10f5ac38570b.jpeg"
Biscuits,Creamfills,"https://cdn.zeptonow.com/production/tr:w-90,ar-120-120,pr-true,f-auto,q-80/cms/sub_category/181.png",Sunfeast Dark Fantasy Choco Centre Fills | Trans Fat-free,Sunfeast,193,350,471.5 g,4.9 (2.9k),In Stock,https://www.zeptonow.com/pn/sunfeast-dark-fantasy-choco-centre-fills-trans-fat-free/pvid/2e227c90-d06c-42f3-8cc4-cb9d5b466c14,"https://cdn.zeptonow.com/production/tr:w-1280,ar-1500-1500,pr-true,f-auto,q-80/cms/product_variant/d020694c-8e5a-4f13-90ef-e659efa7b290.jpeg"
Biscuits,Creamfills,"https://cdn.zeptonow.com/production/tr:w-90,ar-120-120,pr-true,f-auto,q-80/cms/sub_category/181.png",Unibic Choco Kiss Chocolate Centre Fills Limited Edition | Trans Fat-free,Unibic,185,370,500 g,4.7 (221),In Stock,https://www.zeptonow.com/pn/unibic-choco-kiss-chocolate-centre-fills-limited-edition-trans-fat-free/pvid/2b78feb7-d8e6-4c7b-aa99-cd0d33924ccf,"https://cdn.zeptonow.com/production/tr:w-1280,ar-1000-1000,pr-true,f-auto,q-80/cms/product_variant/81a67ba1-3bef-4a39-9ee2-53ac8d729f0e.jpeg"
Biscuits,Creamfills,"https://cdn.zeptonow.com/production/tr:w-90,ar-120-120,pr-true,f-auto,q-80/cms/sub_category/181.png",Sunfeast Dark Fantasy Vanilla Cream Dark Crunchy Biscuits | Artificial Colour-free,Sunfeast,50,100,237 g,4.7 (62.3k),In Stock,https://www.zeptonow.com/pn/sunfeast-dark-fantasy-vanilla-cream-dark-crunchy-biscuits-artificial-colour-free/pvid/086204cf-8e23-42e5-be8a-57776eb4d737,"https://cdn.zeptonow.com/production/tr:w-1280,ar-500-500,pr-true,f-auto,q-80/cms/product_variant/ae22ef11-7a51-48ee-a098-bb00442c5946.jpeg"
Biscuits,Creamfills,"https://cdn.zeptonow.com/production/tr:w-90,ar-120-120,pr-true,f-auto,q-80/cms/sub_category/181.png",Sunfeast Dark Fantasy Coffee Centre Fills | Trans Fat-free,Sunfeast,41,45,69 g,4.7 (7.1k),In Stock,https://www.zeptonow.com/pn/sunfeast-dark-fantasy-coffee-centre-fills-trans-fat-free/pvid/2e405937-dacb-4482-949e-e3c321e15fd8,"https://cdn.zeptonow.com/production/tr:w-1280,ar-2560-2560,pr-true,f-auto,q-80/cms/product_variant/722d8a42-defc-41af-be23-79c7808c9fb5.jpeg"
Biscuits,Creamfills,"https://cdn.zeptonow.com/production/tr:w-90,ar-120-120,pr-true,f-auto,q-80/cms/sub_category/181.png",Parle Hide & Seek Milano Choco Filled Vanilla Centre Fills | Trans Fat-free,Parle,57,75,125 g,5 (592),In Stock,https://www.zeptonow.com/pn/parle-hide-seek-milano-choco-filled-vanilla-centre-fills-trans-fat-free/pvid/0334390c-5dda-44bf-a3ed-96a866a25b04,"https://cdn.zeptonow.com/production/tr:w-1280,ar-2400-2400,pr-true,f-auto,q-80/cms/product_variant/a941513b-1b5c-43db-8b20-eb5e9a3731da.jpg"
Biscuits,Creamfills,"https://cdn.zeptonow.com/production/tr:w-90,ar-120-120,pr-true,f-auto,q-80/cms/sub_category/181.png",Sunfeast Dark Fantasy Bourbon Chocolate Cream Biscuits | Trans Fat-free,Sunfeast,18,35,108 g,4.6 (400.7k),In Stock,https://www.zeptonow.com/pn/sunfeast-dark-fantasy-bourbon-chocolate-cream-biscuits-trans-fat-free/pvid/daa57568-92cf-405c-82ac-f349591b48de,"https://cdn.zeptonow.com/production/tr:w-1280,ar-2560-2560,pr-true,f-auto,q-80/cms/product_variant/85d013fc-d10a-4189-ad87-8867541b3656.jpeg"
Biscuits,Creamfills,"https://cdn.zeptonow.com/production/tr:w-90,ar-120-120,pr-true,f-auto,q-80/cms/sub_category/181.png",Dukes Bourbon Chocolate Cream Biscuits | Artificial Colour-free,Dukes,26,36,125 g,4.6 (2.3k),In Stock,https://www.zeptonow.com/pn/dukes-bourbon-chocolate-cream-biscuits-artificial-colour-free/pvid/00243799-0502-4fa8-853b-fe3ad78ae09f,"https://cdn.zeptonow.com/production/tr:w-1280,ar-1024-1024,pr-true,f-auto,q-80/cms/product_variant/25dbef50-8551-4688-96d4-5d855d036739.jpeg"
Biscuits,Creamfills,"https://cdn.zeptonow.com/production/tr:w-90,ar-120-120,pr-true,f-auto,q-80/cms/sub_category/181.png",Parle Hide & Seek Black Bourbon Chocolate Cream Biscuits | Trans Fat-free,Parle,37,40,100 g,4.5 (14.0k),In Stock,https://www.zeptonow.com/pn/parle-hide-seek-black-bourbon-chocolate-cream-biscuits-trans-fat-free/pvid/7b067835-5915-475b-b6f3-8ba190d80d09,"https://cdn.zeptonow.com/production/tr:w-1280,ar-1500-1500,pr-true,f-auto,q-80/cms/product_variant/a18eae77-d180-4a14-b68f-471a6620ae45.jpg"
Biscuits,Creamfills,"https://cdn.zeptonow.com/production/tr:w-90,ar-120-120,pr-true,f-auto,q-80/cms/sub_category/181.png","Britannia Pure Magic Chocolush Centre Fills | Maida-free, Palm Oil-freeand Sugar-free",Britannia,34,40,69 g,4.6 (7.8k),In Stock,https://www.zeptonow.com/pn/britannia-pure-magic-chocolush-centre-fills-maida-free-palm-oil-freeand-sugar-free/pvid/163769c0-ac12-4704-bf23-1da35970cdd8,"https://cdn.zeptonow.com/production/tr:w-1280,ar-1280-1280,pr-true,f-auto,q-80/cms/product_variant/3845c189-3c21-45f8-b4a6-1e78dd4cd6f1.jpeg"
Biscuits,Creamfills,"https://cdn.zeptonow.com/production/tr:w-90,ar-120-120,pr-true,f-auto,q-80/cms/sub_category/181.png",Open Secret Premium Choco Almond Flavoured Biscuits | Maida-free,Open Secret,99,105,75 g,4.7 (1.5k),In Stock,https://www.zeptonow.com/pn/open-secret-premium-choco-almond-flavoured-biscuits-maida-free/pvid/ddc60810-5cc0-4581-96c4-099cc9960a75,"https://cdn.zeptonow.com/production/tr:w-1280,ar-1021-1021,pr-true,f-auto,q-80/cms/product_variant/6794c29d-2dfa-4a22-a9e8-730376992bbd.jpeg"
Biscuits,Creamfills,"https://cdn.zeptonow.com/production/tr:w-90,ar-120-120,pr-true,f-auto,q-80/cms/sub_category/181.png",Open Secret Zero Maida Chocolate Almond Flavoured Biscuits | Artificial Flavour-free,Open Secret,98,105,75 g,4.7 (2.1k),In Stock,https://www.zeptonow.com/pn/open-secret-zero-maida-chocolate-almond-flavoured-biscuits-artificial-flavour-free/pvid/86f37857-ade7-4499-9352-cf9c14e0c2d8,"https://cdn.zeptonow.com/production/tr:w-1280,ar-1200-1200,pr-true,f-auto,q-80/cms/product_variant/47b3c5dd-ab9c-4d3e-a526-e2537c227dda.jpeg"
Biscuits,Creamfills,"https://cdn.zeptonow.com/production/tr:w-90,ar-120-120,pr-true,f-auto,q-80/cms/sub_category/181.png",Sunfeast Dark Fantasy Vanilla CrÃ¨me | Dark Crunchy Biscuit with Smooth Vanilla CrÃ¨me Combo,Sunfeast,96,200,249 g X 2,4.2 (240),In Stock,https://www.zeptonow.com/pn/sunfeast-dark-fantasy-vanilla-crme-dark-crunchy-biscuit-with-smooth-vanilla-crme-combo/pvid/98f99382-7079-4580-83be-f6239679ab45,"https://cdn.zeptonow.com/production/tr:w-1280,ar-1200-1200,pr-true,f-auto,q-80/cms/product_variant/8fdf629f-00c2-4d7c-a183-38f587b7687f.jpg"
Biscuits,Creamfills,"https://cdn.zeptonow.com/production/tr:w-90,ar-120-120,pr-true,f-auto,q-80/cms/sub_category/181.png",Orion Chocopie 168 g Combo,RIO,144,180,168 g X 2,4.4 (526),In Stock,https://www.zeptonow.com/pn/orion-chocopie-168-g-combo/pvid/1ea338c5-f153-4814-b504-aa0427e7a85d,"https://cdn.zeptonow.com/production/tr:w-1280,ar-1500-1500,pr-true,f-auto,q-80/cms/product_variant/7090.jpg"
Biscuits,Creamfills,"https://cdn.zeptonow.com/production/tr:w-90,ar-120-120,pr-true,f-auto,q-80/cms/sub_category/181.png","Sunfeast Dark Fantasy Bourbon, Classic Biscuit Made With Real Chocolate 111 g X 2 Combo",Sunfeast,36,70,108 g X 2,4.7 (282),In Stock,https://www.zeptonow.com/pn/sunfeast-dark-fantasy-bourbon-classic-biscuit-made-with-real-chocolate-111-g-x-2-combo/pvid/648a30df-36c6-4df7-b168-aff58db85592,"https://cdn.zeptonow.com/production/tr:w-1280,ar-1200-1200,pr-true,f-auto,q-80/cms/product_variant/5d482d1c-4fa4-4eda-98fb-82fb4f427d72.jpg"
Biscuits,Creamfills,"https://cdn.zeptonow.com/production/tr:w-90,ar-120-120,pr-true,f-auto,q-80/cms/sub_category/181.png",Sunfeast Dark Fantasy Vanilla CrÃ¨me | Dark Crunchy Biscuit with Smooth Vanilla CrÃ¨me Combo,Sunfeast,34,70,79 g X 2,4.4 (108),In Stock,https://www.zeptonow.com/pn/sunfeast-dark-fantasy-vanilla-crme-dark-crunchy-biscuit-with-smooth-vanilla-crme-combo/pvid/5f48d1b6-2a36-4f57-a427-5ee3b52b467c,"https://cdn.zeptonow.com/production/tr:w-1280,ar-1200-1200,pr-true,f-auto,q-80/cms/product_variant/cff31759-1fe9-410f-89ea-e16c2035e637.jpg"
Biscuits,Creamfills,"https://cdn.zeptonow.com/production/tr:w-90,ar-120-120,pr-true,f-auto,q-80/cms/sub_category/181.png",Parle Hide & Seek Black Bourbon 100 g Combo,Parle,68,80,100 g X 2,4.7 (105),In Stock,https://www.zeptonow.com/pn/parle-hide-seek-black-bourbon-100-g-combo/pvid/b795a607-4a12-40dd-873f-2eb023dc75b0,"https://cdn.zeptonow.com/production/tr:w-1280,ar-1500-1500,pr-true,f-auto,q-80/inventory/product/8f7f3146-e651-4984-8100-4d615e5c5ac4-Hide_&_Seek_Black_Bourbon_(Pack_of_2).jpg"
Biscuits,Creamfills,"https://cdn.zeptonow.com/production/tr:w-90,ar-120-120,pr-true,f-auto,q-80/cms/sub_category/181.png",Britannia Treat Jimjam Cream Biscuits(92gms) & Kurkure Masala Munch(82gms) Combo,Britannia,44,45,2 combo,4.3 (835),In Stock,https://www.zeptonow.com/pn/britannia-treat-jimjam-cream-biscuits92gms-kurkure-masala-munch82gms-combo/pvid/0a5982cb-380a-495f-bc2d-2cf72b377ddb,"https://cdn.zeptonow.com/production/tr:w-1280,ar-1494-1494,pr-true,f-auto,q-80/cms/product_variant/0f4aaff2-974e-4637-8a1f-b63bc3b56273.jpg"
Biscuits,Creamfills,"https://cdn.zeptonow.com/production/tr:w-90,ar-120-120,pr-true,f-auto,q-80/cms/sub_category/181.png",Britannia Treat Jimjam Cream Biscuits Combo,Britannia,44,50,92 g X 2,4.6 (540),In Stock,https://www.zeptonow.com/pn/britannia-treat-jimjam-cream-biscuits-combo/pvid/fa4474a2-c490-4a3f-b111-7247d41d4b1e,"https://cdn.zeptonow.com/production/tr:w-1280,ar-1500-1500,pr-true,f-auto,q-80/inventory/product/73578dbc-2fd0-4aab-a261-857432ff9564-Britannia_Treat_Jimjam_Cream_Biscuits_(Pack_of_2).jpg"
Biscuits,Creamfills,"https://cdn.zeptonow.com/production/tr:w-90,ar-120-120,pr-true,f-auto,q-80/cms/sub_category/181.png",Sunfeast Dark Fantasy Choco Fills | Original Filled Cookies with Choco Crème | Perfect Snack 69 g Combo,Sunfeast,76,80,69 g X 2,4.6 (781),In Stock,https://www.zeptonow.com/pn/sunfeast-dark-fantasy-choco-fills-original-filled-cookies-with-choco-crme-perfect-snack-69-g-combo/pvid/133f7cdc-dc81-4fa1-83d3-72ecbd0216a1,"https://cdn.zeptonow.com/production/tr:w-1280,ar-1200-1200,pr-true,f-auto,q-80/cms/product_variant/95e015ba-d910-44f1-8130-6ed4387f8065.jpg"
Biscuits,Creamfills,"https://cdn.zeptonow.com/production/tr:w-90,ar-120-120,pr-true,f-auto,q-80/cms/sub_category/181.png",Britannia Treat Jimjam Cream Biscuits(92gms) & Bingo! Mad Angles Achaari Masti Chips(66gms) Combo,Britannia,42,45,2 combo,4.5 (866),In Stock,https://www.zeptonow.com/pn/britannia-treat-jimjam-cream-biscuits92gms-bingo-mad-angles-achaari-masti-chips66gms-combo/pvid/bc8707b8-599c-45c7-b71b-8947b90bc7b3,"https://cdn.zeptonow.com/production/tr:w-1280,ar-1494-1494,pr-true,f-auto,q-80/cms/product_variant/b24a0898-a000-4ec0-814c-1aa144223f54.jpg"
Biscuits,Creamfills,"https://cdn.zeptonow.com/production/tr:w-90,ar-120-120,pr-true,f-auto,q-80/cms/sub_category/181.png",Britannia Treat Jimjam Cream Biscuits Combo,Britannia,84,100,92 g X 4,4.4 (956),In Stock,https://www.zeptonow.com/pn/britannia-treat-jimjam-cream-biscuits-combo/pvid/e87ea3cf-0a18-4334-8c80-fbdabe7a29e1,"https://cdn.zeptonow.com/production/tr:w-1280,ar-1500-1500,pr-true,f-auto,q-80/inventory/product/d8240456-d6d7-4433-ae12-b401e6a00c58-Britannia_Treat_Jimjam_Cream_Biscuits_(Pack_of_4).jpg"
Biscuits,Creamfills,"https://cdn.zeptonow.com/production/tr:w-90,ar-120-120,pr-true,f-auto,q-80/cms/sub_category/181.png",Britannia Bourbon Chocolate Cream Biscuits 150 gms & Treat Jimjam Cream Biscuits 100 gms Combo,Britannia,61,65,2 Combo,4.5 (721),In Stock,https://www.zeptonow.com/pn/britannia-bourbon-chocolate-cream-biscuits-150-gms-treat-jimjam-cream-biscuits-100-gms-combo/pvid/8500e24a-45d9-4e06-a1b6-a8c9f5774125,"https://cdn.zeptonow.com/production/tr:w-1280,ar-3000-3000,pr-true,f-auto,q-80/cms/product_variant/c4c0bb2e-0aaf-4b72-9c81-4245de954ea0.jpg"
Biscuits,Creamfills,"https://cdn.zeptonow.com/production/tr:w-90,ar-120-120,pr-true,f-auto,q-80/cms/sub_category/181.png",Britannia Pure Magic Choco Stars | Chunky Chocolate Topped Cookie 68.9 g Combo,Britannia,52,60,68.9 g X 2,4.2 (71),In Stock,https://www.zeptonow.com/pn/britannia-pure-magic-choco-stars-chunky-chocolate-topped-cookie-689-g-combo/pvid/b2c724d9-baaa-480c-9524-e35f4ebd8451,"https://cdn.zeptonow.com/production/tr:w-1280,ar-1200-1200,pr-true,f-auto,q-80/cms/product_variant/28776f8e-a96a-4b5c-972f-89ef24445888.jpg"
Biscuits,Creamfills,"https://cdn.zeptonow.com/production/tr:w-90,ar-120-120,pr-true,f-auto,q-80/cms/sub_category/181.png",Britannia Treat Jimjam Cream Biscuits(92gms) & Lay'S American Cream & Onion Potato Chips(50gms) Combo,Britannia,44,45,2 combo,4.4 (346),In Stock,https://www.zeptonow.com/pn/britannia-treat-jimjam-cream-biscuits92gms-lays-american-cream-onion-potato-chips50gms-combo/pvid/f05e8775-775f-48cb-8c84-adfffe4417aa,"https://cdn.zeptonow.com/production/tr:w-1280,ar-1494-1494,pr-true,f-auto,q-80/cms/product_variant/25ab3a2b-4915-4e2c-ad86-bab741361ad7.jpg"
Biscuits,Creamfills,"https://cdn.zeptonow.com/production/tr:w-90,ar-120-120,pr-true,f-auto,q-80/cms/sub_category/181.png",Britannia Pure Magic Choco Stars | Chunky Chocolate Topped Cookie 68.9 g Combo,Britannia,52,60,68.9 g X 2,4.3 (458),In Stock,https://www.zeptonow.com/pn/britannia-pure-magic-choco-stars-chunky-chocolate-topped-cookie-689-g-combo/pvid/0409e881-6101-43ac-8fda-d9dde6ae5301,"https://cdn.zeptonow.com/production/tr:w-1280,ar-1500-1500,pr-true,f-auto,q-80/cms/product_variant/f1a2afe5-6d44-4c54-a372-9f021a6495e9.jpg"
Biscuits,Creamfills,"https://cdn.zeptonow.com/production/tr:w-90,ar-120-120,pr-true,f-auto,q-80/cms/sub_category/181.png",Britannia Treat Jimjam Cream Biscuits 92 g Combo,Britannia,63,75,92 g X 3,4.6 (414),In Stock,https://www.zeptonow.com/pn/britannia-treat-jimjam-cream-biscuits-92-g-combo/pvid/58fb2121-c3aa-4729-9988-fd34a87360d3,"https://cdn.zeptonow.com/production/tr:w-1280,ar-1500-1500,pr-true,f-auto,q-80/inventory/product/94ffd5eb-b828-42ca-a742-b44bd101c682-4002.jpg"
Biscuits,Creamfills,"https://cdn.zeptonow.com/production/tr:w-90,ar-120-120,pr-true,f-auto,q-80/cms/sub_category/181.png",Britannia Treat Jimjam Cream Biscuits(92gms) & Kurkure Yummy Puffcorn Yummy Cheese Chips(55gms) Combo,Britannia,44,45,2 combo,4.7 (928),In Stock,https://www.zeptonow.com/pn/britannia-treat-jimjam-cream-biscuits92gms-kurkure-yummy-puffcorn-yummy-cheese-chips55gms-combo/pvid/bfb97adb-6095-45dd-85ff-33e9d218333e,"https://cdn.zeptonow.com/production/tr:w-1280,ar-1494-1494,pr-true,f-auto,q-80/cms/product_variant/0cc1fb77-3fa2-4544-8a2a-0d1109556987.jpg"
Biscuits,Creamfills,"https://cdn.zeptonow.com/production/tr:w-90,ar-120-120,pr-true,f-auto,q-80/cms/sub_category/181.png",Cadbury Oreo Chocolate Flavour Crème Sandwich Biscuit 125.25 g Combo,Cadbury,96,135,125.25g X3,4.3 (128),In Stock,https://www.zeptonow.com/pn/cadbury-oreo-chocolate-flavour-crme-sandwich-biscuit-12525-g-combo/pvid/4135b011-d1f9-4608-9127-be6d3ba2ac1f,"https://cdn.zeptonow.com/production/tr:w-1280,ar-1200-1200,pr-true,f-auto,q-80/cms/product_variant/8b081b66-595a-4545-aa0c-1f6a398fd8c7.jpg"
Biscuits,Creamfills,"https://cdn.zeptonow.com/production/tr:w-90,ar-120-120,pr-true,f-auto,q-80/cms/sub_category/181.png",Cadbury Oreo Strawberry Flavour Crème Sandwich Biscuit,Cadbury,58,60,108.55g X2,4.7 (378),In Stock,https://www.zeptonow.com/pn/cadbury-oreo-strawberry-flavour-crme-sandwich-biscuit/pvid/44887603-ade0-4224-97e3-198ee972a484,"https://cdn.zeptonow.com/production/tr:w-1280,ar-1100-1100,pr-true,f-auto,q-80/cms/product_variant/20e1e102-ac9e-4047-aea8-978fe2991abf.jpeg"
Biscuits,Creamfills,"https://cdn.zeptonow.com/production/tr:w-90,ar-120-120,pr-true,f-auto,q-80/cms/sub_category/181.png",Britannia The Original Bourbon - Creme Biscuit with Chocolatey Indulgence in Every Layer 150 g Combo,Britannia,72,80,150 g X 2,4.3 (164),In Stock,https://www.zeptonow.com/pn/britannia-the-original-bourbon-creme-biscuit-with-chocolatey-indulgence-in-every-layer-150-g-combo/pvid/35d7b4af-7941-4894-af74-59d7bcb0b1af,"https://cdn.zeptonow.com/production/tr:w-1280,ar-1500-1500,pr-true,f-auto,q-80/cms/product_variant/1552.jpg"
Biscuits,Creamfills,"https://cdn.zeptonow.com/production/tr:w-90,ar-120-120,pr-true,f-auto,q-80/cms/sub_category/181.png","Sunfeast Dark Fantasy Bourbon, Classic Biscuit Made With Real Chocolate 111 g Combo",Sunfeast,48,105,111 g X 3,4.6 (633),In Stock,https://www.zeptonow.com/pn/sunfeast-dark-fantasy-bourbon-classic-biscuit-made-with-real-chocolate-111-g-combo/pvid/de75c964-82ad-47eb-812f-c5942cd3b5b9,"https://cdn.zeptonow.com/production/tr:w-1280,ar-1200-1200,pr-true,f-auto,q-80/cms/product_variant/43fd5906-8e8d-45a0-b406-3b94cb81667f.jpg"
Biscuits,Creamfills,"https://cdn.zeptonow.com/production/tr:w-90,ar-120-120,pr-true,f-auto,q-80/cms/sub_category/181.png",Britannia Pure Magic Choco Stars | Chunky Chocolate Topped Cookie 68.9 g Combo,Britannia,78,90,68.9 g X 3,4.6 (425),In Stock,https://www.zeptonow.com/pn/britannia-pure-magic-choco-stars-chunky-chocolate-topped-cookie-689-g-combo/pvid/108a0722-3f08-42da-a6bf-61857350a308,"https://cdn.zeptonow.com/production/tr:w-1280,ar-1200-1200,pr-true,f-auto,q-80/cms/product_variant/b8dfaec0-38e7-4a3c-a030-68dea562d2c2.jpg"
Biscuits,Creamfills,"https://cdn.zeptonow.com/production/tr:w-90,ar-120-120,pr-true,f-auto,q-80/cms/sub_category/181.png",Cadbury Oreo Strawberry Flavour Crème Sandwich Biscuit,Cadbury,84,90,108.55g X3,4.4 (590),In Stock,https://www.zeptonow.com/pn/cadbury-oreo-strawberry-flavour-crme-sandwich-biscuit/pvid/5f3d0811-13f1-40de-a0ed-08db6d305f50,"https://cdn.zeptonow.com/production/tr:w-1280,ar-1100-1100,pr-true,f-auto,q-80/cms/product_variant/a0069554-1ea5-4ba5-9a68-dd0695993359.jpeg"
Biscuits,Creamfills,"https://cdn.zeptonow.com/production/tr:w-90,ar-120-120,pr-true,f-auto,q-80/cms/sub_category/181.png",Britannia Treat Jimjam Cream Biscuits 138 g Combo,Britannia,74,80,138 g X 2,4.6 (841),In Stock,https://www.zeptonow.com/pn/britannia-treat-jimjam-cream-biscuits-138-g-combo/pvid/bf763a0e-c167-42a2-bb5a-275a980f6fb6,"https://cdn.zeptonow.com/production/tr:w-1280,ar-1500-1500,pr-true,f-auto,q-80/cms/product_variant/cab26aa6-83a3-4f45-bca2-e9e0522cd896.jpg"
Biscuits,Creamfills,"https://cdn.zeptonow.com/production/tr:w-90,ar-120-120,pr-true,f-auto,q-80/cms/sub_category/181.png",Cadbury Oreo Vanilla Flavour Crème Sandwich Biscuit Mega Family Pack,Cadbury,70,90,125.25gX 2,4.4 (452),In Stock,https://www.zeptonow.com/pn/cadbury-oreo-vanilla-flavour-crme-sandwich-biscuit-mega-family-pack/pvid/a453ef6a-44c7-411c-95bb-cb76d8e6bd82,"https://cdn.zeptonow.com/production/tr:w-1280,ar-1100-1100,pr-true,f-auto,q-80/cms/product_variant/aa1d975d-1092-4cb8-9dde-c2c82892332c.jpeg"
Biscuits,Creamfills,"https://cdn.zeptonow.com/production/tr:w-90,ar-120-120,pr-true,f-auto,q-80/cms/sub_category/181.png",Cadbury Oreo Chocolate Flavour Crã¨Me Sandwich Biscuit (125g) & Cadbury Oreo Vanilla Flavour Crã¨Me Sandwich Biscuit Mega Family Pack (125g) Combo,Cadbury,76,90,2 combo,4.4 (539),In Stock,https://www.zeptonow.com/pn/cadbury-oreo-chocolate-flavour-crme-sandwich-biscuit-125g-cadbury-oreo-vanilla-flavour-crme-sandwich-biscuit-mega-family-pack-125g-combo/pvid/c1dbdc8a-12dc-4929-8779-b1041f028432,"https://cdn.zeptonow.com/production/tr:w-1280,ar-1200-1200,pr-true,f-auto,q-80/cms/product_variant/be47ac55-fd5a-4246-96e9-3ae0b188b099.jpg"
Biscuits,Creamfills,"https://cdn.zeptonow.com/production/tr:w-90,ar-120-120,pr-true,f-auto,q-80/cms/sub_category/181.png",Sunfeast Dark Fantasy Vanilla CrÃ¨me | Dark Crunchy Biscuit with Smooth Vanilla CrÃ¨me Combo,Sunfeast,88,200,237 g X 2,4.6 (638),In Stock,https://www.zeptonow.com/pn/sunfeast-dark-fantasy-vanilla-crme-dark-crunchy-biscuit-with-smooth-vanilla-crme-combo/pvid/83b1f354-9b31-46a6-b45f-94b438ae99c0,"https://cdn.zeptonow.com/production/tr:w-1280,ar-1200-1200,pr-true,f-auto,q-80/cms/product_variant/6807329d-a4d8-41d1-8993-d3dd063eb34d.jpg"
Biscuits,Creamfills,"https://cdn.zeptonow.com/production/tr:w-90,ar-120-120,pr-true,f-auto,q-80/cms/sub_category/181.png",Britannia Milk Bikis Biscuit 200 g Combo,Britannia,94,110,200 g X 2,4.7 (720),In Stock,https://www.zeptonow.com/pn/britannia-milk-bikis-biscuit-200-g-combo/pvid/6deedbf0-748b-4a06-ae56-8e4dc58e408b,"https://cdn.zeptonow.com/production/tr:w-1280,ar-1500-1500,pr-true,f-auto,q-80/inventory/product/f89bbe48-a2fa-4576-939b-d8d311358cc7-548.jpg"
Biscuits,Creamfills,"https://cdn.zeptonow.com/production/tr:w-90,ar-120-120,pr-true,f-auto,q-80/cms/sub_category/181.png",Cadbury Oreo Vanilla Flavour Crème Sandwich Biscuit Mega Family Pack,Cadbury,96,135,125.25g X3,4.5 (638),In Stock,https://www.zeptonow.com/pn/cadbury-oreo-vanilla-flavour-crme-sandwich-biscuit-mega-family-pack/pvid/f95f8320-6cb9-4958-9d01-2dff166163c6,"https://cdn.zeptonow.com/production/tr:w-1280,ar-1100-1100,pr-true,f-auto,q-80/cms/product_variant/df760e62-2a8e-4b57-ab4e-544f678e761c.jpeg"
Biscuits,Creamfills,"https://cdn.zeptonow.com/production/tr:w-90,ar-120-120,pr-true,f-auto,q-80/cms/sub_category/181.png",Britannia The Original Bourbon - Creme Biscuit with Chocolatey Indulgence in Every Layer 150 g Combo,Britannia,102,120,150 g X 3,4.7 (502),In Stock,https://www.zeptonow.com/pn/britannia-the-original-bourbon-creme-biscuit-with-chocolatey-indulgence-in-every-layer-150-g-combo/pvid/2f6ae56e-9db7-4c8b-9a1c-64e209ef74be,"https://cdn.zeptonow.com/production/tr:w-1280,ar-1500-1500,pr-true,f-auto,q-80/cms/product_variant/d8237e2e-4f52-44a9-accf-f8cbe2af0790.jpg"
Biscuits,Creamfills,"https://cdn.zeptonow.com/production/tr:w-90,ar-120-120,pr-true,f-auto,q-80/cms/sub_category/181.png",Sunfeast Dark Fantasy Choco Fills | Original Filled Cookies with Choco Crème | Perfect Snack 69 g Combo,Sunfeast,108,120,69 g X 3,4.5 (199),In Stock,https://www.zeptonow.com/pn/sunfeast-dark-fantasy-choco-fills-original-filled-cookies-with-choco-crme-perfect-snack-69-g-combo/pvid/22c4470d-20d8-4944-a16c-9c3de29d7112,"https://cdn.zeptonow.com/production/tr:w-1280,ar-1500-1500,pr-true,f-auto,q-80/cms/product_variant/244c3afe-7574-4b74-9daa-44481e077719.jpg"
Biscuits,Creamfills,"https://cdn.zeptonow.com/production/tr:w-90,ar-120-120,pr-true,f-auto,q-80/cms/sub_category/181.png",Cadbury Oreo Chocolate Flavour Cream Sandwich Biscuit 125.25 g Combo,Cadbury,70,90,125.25g X2,4.4 (926),In Stock,https://www.zeptonow.com/pn/cadbury-oreo-chocolate-flavour-cream-sandwich-biscuit-12525-g-combo/pvid/ba706d06-9bd5-4478-8451-9493f24f2a30,"https://cdn.zeptonow.com/production/tr:w-1280,ar-1200-1200,pr-true,f-auto,q-80/cms/product_variant/244f0377-c49f-4664-944b-1d7091a22987.jpg"
Biscuits,Creamfills,"https://cdn.zeptonow.com/production/tr:w-90,ar-120-120,pr-true,f-auto,q-80/cms/sub_category/181.png","Sunfeast Dark Fantasy Choco Fills, Original Filled Cookies With Choco Crã¨Me(75gms) & Cadbury Chocobakes Choclayered Cakes(114gms) Combo",Cadbury,113,130,2 combo,4.4 (165),In Stock,https://www.zeptonow.com/pn/sunfeast-dark-fantasy-choco-fills-original-filled-cookies-with-choco-crme75gms-cadbury-chocobakes-choclayered-cakes114gms-combo/pvid/ff32216d-2083-4b0d-810a-aefbd55bdb11,"https://cdn.zeptonow.com/production/tr:w-1280,ar-1494-1494,pr-true,f-auto,q-80/cms/product_variant/2b4f1f71-606d-4ae3-a370-d017c56099e6.jpg"
Biscuits,Creamfills,"https://cdn.zeptonow.com/production/tr:w-90,ar-120-120,pr-true,f-auto,q-80/cms/sub_category/181.png",Britannia Treat Jimjam Cream Biscuits 138 g Combo,Britannia,105,120,138 g X 3,4.6 (471),In Stock,https://www.zeptonow.com/pn/britannia-treat-jimjam-cream-biscuits-138-g-combo/pvid/59480dcd-35f6-41a9-a225-be2fea3af629,"https://cdn.zeptonow.com/production/tr:w-1280,ar-1500-1500,pr-true,f-auto,q-80/cms/product_variant/b1592ccd-f8fd-437d-be0c-3d1a920a342e.jpg"
Biscuits,Creamfills,"https://cdn.zeptonow.com/production/tr:w-90,ar-120-120,pr-true,f-auto,q-80/cms/sub_category/181.png",Sunfeast Dark Fantasy Desserts Choco Chunks Filled Cookie Reimagined 75 g Combo,Sunfeast,126,150,75 g X 2,4.3 (919),In Stock,https://www.zeptonow.com/pn/sunfeast-dark-fantasy-desserts-choco-chunks-filled-cookie-reimagined-75-g-combo/pvid/e7013c1a-0c45-42ba-9f2f-3d95358018c2,"https://cdn.zeptonow.com/production/tr:w-1280,ar-1500-1500,pr-true,f-auto,q-80/cms/product_variant/6534.jpg"
Biscuits,Creamfills,"https://cdn.zeptonow.com/production/tr:w-90,ar-120-120,pr-true,f-auto,q-80/cms/sub_category/181.png",Britannia The Original Bourbon | Creme Biscuit With Chocolate 99 g Combo,Britannia,44,50,99 g X 2,4.7 (644),In Stock,https://www.zeptonow.com/pn/britannia-the-original-bourbon-creme-biscuit-with-chocolate-99-g-combo/pvid/e9c8a4c3-550b-4702-9058-2a12a3d2f128,"https://cdn.zeptonow.com/production/tr:w-1280,ar-1500-1500,pr-true,f-auto,q-80/cms/product_variant/a79299c8-6a21-43e7-858c-7feb1f7f52ec.jpg"
Biscuits,Creamfills,"https://cdn.zeptonow.com/production/tr:w-90,ar-120-120,pr-true,f-auto,q-80/cms/sub_category/181.png",Britannia The Original Bourbon - Creme Biscuit with Chocolate Buy 4 Get 1 Free Chocolatey Indulgence in Every Layer 500 g Combo,Britannia,246,420,500 g X 3,4.6 (243),In Stock,https://www.zeptonow.com/pn/britannia-the-original-bourbon-creme-biscuit-with-chocolate-buy-4-get-1-free-chocolatey-indulgence-in-every-layer-500-g-combo/pvid/9bf322ee-2796-4c37-b566-ba2a7e392ec5,"https://cdn.zeptonow.com/production/tr:w-1280,ar-1500-1500,pr-true,f-auto,q-80/cms/product_variant/7acbe1c6-b47b-403d-b45c-5909fafbe761.jpg"
Biscuits,Creamfills,"https://cdn.zeptonow.com/production/tr:w-90,ar-120-120,pr-true,f-auto,q-80/cms/sub_category/181.png",Sunfeast Dark Fantasy Yumfills Rich Chocolate Pie Cake 242 g Combo,Sunfeast,158,360,242 g X 2,4.6 (363),In Stock,https://www.zeptonow.com/pn/sunfeast-dark-fantasy-yumfills-rich-chocolate-pie-cake-242-g-combo/pvid/018e7f50-8e92-485f-b757-2f933a818dcb,"https://cdn.zeptonow.com/production/tr:w-1280,ar-1200-1200,pr-true,f-auto,q-80/cms/product_variant/59c3c05f-a67f-48cd-844d-89db97bdb699.jpg"
Biscuits,Creamfills,"https://cdn.zeptonow.com/production/tr:w-90,ar-120-120,pr-true,f-auto,q-80/cms/sub_category/181.png",Sunfeast Dark Fantasy Choco Fills | Original Filled Cookies with Choco Crème | Perfect Snack 230 g Combo,Sunfeast,188,340,230 g X 2,4.3 (778),In Stock,https://www.zeptonow.com/pn/sunfeast-dark-fantasy-choco-fills-original-filled-cookies-with-choco-crme-perfect-snack-230-g-combo/pvid/63a4f753-1604-4a0f-948a-6839fe05123d,"https://cdn.zeptonow.com/production/tr:w-1280,ar-1500-1500,pr-true,f-auto,q-80/cms/product_variant/de46a5a7-e1b6-4e26-96fe-916d66ca78fb.jpg"
Biscuits,Creamfills,"https://cdn.zeptonow.com/production/tr:w-90,ar-120-120,pr-true,f-auto,q-80/cms/sub_category/181.png",Cadbury Oreo Vanilla Flavour Crème Sandwich Biscuit Family Pack 275.55 g Combo,Cadbury,132,196,275.55gX2,4.5 (434),In Stock,https://www.zeptonow.com/pn/cadbury-oreo-vanilla-flavour-crme-sandwich-biscuit-family-pack-27555-g-combo/pvid/f32bd2dc-5968-48aa-a325-cafc52a81c60,"https://cdn.zeptonow.com/production/tr:w-1280,ar-1200-1200,pr-true,f-auto,q-80/cms/product_variant/305b9e32-09e1-404f-b673-1c0e3a6dabb1.jpg"
Biscuits,Creamfills,"https://cdn.zeptonow.com/production/tr:w-90,ar-120-120,pr-true,f-auto,q-80/cms/sub_category/181.png",Sunfeast Dark Fantasy Crème | Made With Real Chocolate 249 g Combo,Sunfeast,88,200,249 g X 2,4.5 (93),In Stock,https://www.zeptonow.com/pn/sunfeast-dark-fantasy-crme-made-with-real-chocolate-249-g-combo/pvid/27cc78fa-3257-4360-bb5c-9dc9bfac60a1,"https://cdn.zeptonow.com/production/tr:w-1280,ar-500-500,pr-true,f-auto,q-80/cms/product_variant/814af663-92b7-48cb-b97e-cad83bcd67f4.jpeg"
Biscuits,Creamfills,"https://cdn.zeptonow.com/production/tr:w-90,ar-120-120,pr-true,f-auto,q-80/cms/sub_category/181.png",Britannia The Original Bourbon 500 gms Combo,Britannia,172,280,500 g X 2,4.4 (503),In Stock,https://www.zeptonow.com/pn/britannia-the-original-bourbon-500-gms-combo/pvid/67420584-cf52-463e-aa31-27caa87b0e0a,"https://cdn.zeptonow.com/production/tr:w-1280,ar-1500-1500,pr-true,f-auto,q-80/inventory/product/67420584-cf52-463e-aa31-27caa87b0e0a-173DwWFDac3zZJgqTUIZ8MjL_4s4-qlXH.jpeg"
Biscuits,Creamfills,"https://cdn.zeptonow.com/production/tr:w-90,ar-120-120,pr-true,f-auto,q-80/cms/sub_category/181.png",Sunfeast Dark Fantasy Crème | Made With Real Chocolate 249 g Combo,Sunfeast,100,200,237 g X 2,4.3 (577),In Stock,https://www.zeptonow.com/pn/sunfeast-dark-fantasy-crme-made-with-real-chocolate-249-g-combo/pvid/6131d180-ed47-431f-8072-b3fc9700bc1c,"https://cdn.zeptonow.com/production/tr:w-1280,ar-500-500,pr-true,f-auto,q-80/cms/product_variant/ee212c95-8822-47f8-a594-e47c1623187e.jpeg"
Biscuits,Creamfills,"https://cdn.zeptonow.com/production/tr:w-90,ar-120-120,pr-true,f-auto,q-80/cms/sub_category/181.png",Sunfeast Dark Fantasy Crème | Made With Real Chocolate 249 g Combo,Sunfeast,126,300,249 g X 3,4.2 (684),In Stock,https://www.zeptonow.com/pn/sunfeast-dark-fantasy-crme-made-with-real-chocolate-249-g-combo/pvid/ef10783c-e543-44cc-b22b-3f88987d556d,"https://cdn.zeptonow.com/production/tr:w-1280,ar-1500-1500,pr-true,f-auto,q-80/cms/product_variant/791650e9-2476-4621-afd1-6422fe8e6291.jpg"
Biscuits,Creamfills,"https://cdn.zeptonow.com/production/tr:w-90,ar-120-120,pr-true,f-auto,q-80/cms/sub_category/181.png",Orion Mango Choco Pie 6 pc Combo,RIO,142,180,6 pc X 2,4.4 (814),In Stock,https://www.zeptonow.com/pn/orion-mango-choco-pie-6-pc-combo/pvid/2eb51746-ca12-4d3f-a720-fdf185eecc62,"https://cdn.zeptonow.com/production/tr:w-1280,ar-1500-1500,pr-true,f-auto,q-80/inventory/product/33896ddf-640a-4d7c-b722-3efdb65c5472-2271.jpg"
Biscuits,Creamfills,"https://cdn.zeptonow.com/production/tr:w-90,ar-120-120,pr-true,f-auto,q-80/cms/sub_category/181.png",Parle Hide & Seek Creme Sandwiches 400 g Combo,Parle,204,360,400 g X 2,4.5 (345),In Stock,https://www.zeptonow.com/pn/parle-hide-seek-creme-sandwiches-400-g-combo/pvid/017aaf47-6284-4fef-af32-c97190b4f9c5,"https://cdn.zeptonow.com/production/tr:w-1280,ar-1200-1200,pr-true,f-auto,q-80/cms/product_variant/c947178f-e33c-49df-a576-bbaa12440f61.jpg"
Biscuits,Creamfills,"https://cdn.zeptonow.com/production/tr:w-90,ar-120-120,pr-true,f-auto,q-80/cms/sub_category/181.png",Sunfeast Dark Fantasy Yumfills Rich Chocolate Pie Cake 242 g Combo,Sunfeast,300,720,242 g X 4,4.7 (800),In Stock,https://www.zeptonow.com/pn/sunfeast-dark-fantasy-yumfills-rich-chocolate-pie-cake-242-g-combo/pvid/fb6eeb62-b702-4238-9a36-b7bb615f6ac7,"https://cdn.zeptonow.com/production/tr:w-1280,ar-1500-1500,pr-true,f-auto,q-80/cms/product_variant/45d31bde-ae8a-42d5-bc57-44f11921093e.jpg"
Biscuits,Creamfills,"https://cdn.zeptonow.com/production/tr:w-90,ar-120-120,pr-true,f-auto,q-80/cms/sub_category/181.png",Sunfeast Dark Fantasy Vanilla CrÃ¨me | Dark Crunchy Biscuit with Smooth Vanilla CrÃ¨me Combo,Sunfeast,160,400,237 g X 4,4.2 (142),In Stock,https://www.zeptonow.com/pn/sunfeast-dark-fantasy-vanilla-crme-dark-crunchy-biscuit-with-smooth-vanilla-crme-combo/pvid/2043beea-5d44-4b11-9fd6-7a0503817078,"https://cdn.zeptonow.com/production/tr:w-1280,ar-1200-1200,pr-true,f-auto,q-80/cms/product_variant/31851bb6-5a3c-4134-9b9c-4605fff66f81.jpg"
Biscuits,Creamfills,"https://cdn.zeptonow.com/production/tr:w-90,ar-120-120,pr-true,f-auto,q-80/cms/sub_category/181.png",Cadbury Oreo Vanilla Flavour Crème Sandwich Biscuit Family Pack 275.55 g Combo,Cadbury,183,294,275.55g X3,4.5 (175),In Stock,https://www.zeptonow.com/pn/cadbury-oreo-vanilla-flavour-crme-sandwich-biscuit-family-pack-27555-g-combo/pvid/c51421dc-57a4-4ea7-b47b-83d9706f10d4,"https://cdn.zeptonow.com/production/tr:w-1280,ar-1200-1200,pr-true,f-auto,q-80/cms/product_variant/2a8bb487-4982-4fa3-80c3-58c7be94427e.jpg"
Biscuits,Creamfills,"https://cdn.zeptonow.com/production/tr:w-90,ar-120-120,pr-true,f-auto,q-80/cms/sub_category/181.png",Britannia The Original Bourbon | Creme Biscuit With Chocolate 99 g Combo,Britannia,63,75,99 g X 3,4.2 (54),In Stock,https://www.zeptonow.com/pn/britannia-the-original-bourbon-creme-biscuit-with-chocolate-99-g-combo/pvid/a52c3df7-4c49-4c85-b549-c882181a7efc,"https://cdn.zeptonow.com/production/tr:w-1280,ar-1500-1500,pr-true,f-auto,q-80/cms/product_variant/4283.jpg"
Biscuits,Creamfills,"https://cdn.zeptonow.com/production/tr:w-90,ar-120-120,pr-true,f-auto,q-80/cms/sub_category/181.png","Sunfeast Dark Fantasy - Vanilla Crã¨Me, Dark Crunchy Biscuit(300gms) & Haldirams Soya Sticks(200gms) Combo",Sunfeast,92,145,2 combo,4.4 (629),In Stock,https://www.zeptonow.com/pn/sunfeast-dark-fantasy-vanilla-crme-dark-crunchy-biscuit300gms-haldirams-soya-sticks200gms-combo/pvid/c4685888-39fb-458a-a461-574a91ba587d,"https://cdn.zeptonow.com/production/tr:w-1280,ar-1494-1494,pr-true,f-auto,q-80/cms/product_variant/877b96f0-f1bc-4157-9d82-bdd00335851f.jpg"
Biscuits,Creamfills,"https://cdn.zeptonow.com/production/tr:w-90,ar-120-120,pr-true,f-auto,q-80/cms/sub_category/181.png",Orion Choco Pie - Chocolate Coated Soft Biscuit 336 g Combo,RIO,228,340,336 g X 2,4.2 (172),In Stock,https://www.zeptonow.com/pn/orion-choco-pie-chocolate-coated-soft-biscuit-336-g-combo/pvid/4da8580a-cd4a-498f-8478-8f597b405791,"https://cdn.zeptonow.com/production/tr:w-1280,ar-1500-1500,pr-true,f-auto,q-80/cms/product_variant/7089.jpg"
Biscuits,Creamfills,"https://cdn.zeptonow.com/production/tr:w-90,ar-120-120,pr-true,f-auto,q-80/cms/sub_category/181.png",Sunfeast Dark Fantasy Choco Fills | Original Filled Cookies with Choco Crème | Perfect Snack 230 g Combo,Sunfeast,352,680,230 g X 4,4.4 (901),In Stock,https://www.zeptonow.com/pn/sunfeast-dark-fantasy-choco-fills-original-filled-cookies-with-choco-crme-perfect-snack-230-g-combo/pvid/6a188355-90be-4355-b5ac-a90b5e4a6d1c,"https://cdn.zeptonow.com/production/tr:w-1280,ar-1500-1500,pr-true,f-auto,q-80/cms/product_variant/e3fe645f-60b8-45ca-8a13-85096d041d26.jpg"
Biscuits,Creamfills,"https://cdn.zeptonow.com/production/tr:w-90,ar-120-120,pr-true,f-auto,q-80/cms/sub_category/181.png",Cadbury Oreo Pokémon Vanilla Flavour Crème Sandwich Biscuit Family Pack 275 g Combo,Cadbury,244,392,275 g X 4,4.4 (935),In Stock,https://www.zeptonow.com/pn/cadbury-oreo-pokmon-vanilla-flavour-crme-sandwich-biscuit-family-pack-275-g-combo/pvid/cd0ca2f5-464f-4712-b76c-a4148c5558af,"https://cdn.zeptonow.com/production/tr:w-1280,ar-1500-1500,pr-true,f-auto,q-80/cms/product_variant/fa427156-0d3b-4aef-8bca-7844e10e1537.jpg"
Biscuits,Creamfills,"https://cdn.zeptonow.com/production/tr:w-90,ar-120-120,pr-true,f-auto,q-80/cms/sub_category/181.png",Parle Hide & Seek Black Bourbon 100 g Combo,Parle,99,120,100 g X 3,4.4 (652),In Stock,https://www.zeptonow.com/pn/parle-hide-seek-black-bourbon-100-g-combo/pvid/f7faf5ba-5f7c-4fb5-a678-d4f9dd12f9c9,"https://cdn.zeptonow.com/production/tr:w-1280,ar-1500-1500,pr-true,f-auto,q-80/inventory/product/a02a9892-9d8c-4807-a07d-b72f64ed1a49-4156.jpg"
Biscuits,Creamfills,"https://cdn.zeptonow.com/production/tr:w-90,ar-120-120,pr-true,f-auto,q-80/cms/sub_category/181.png",Cadbury Oreo Chocolate Flavour Crã¨Me Sandwich Biscuit Family Pack (275g) & Cadbury Oreo Vanilla Flavour Crã¨Me Sandwich Biscuit Family Pack (275g) Combo,Cadbury,148,196,2 combo,4.3 (940),In Stock,https://www.zeptonow.com/pn/cadbury-oreo-chocolate-flavour-crme-sandwich-biscuit-family-pack-275g-cadbury-oreo-vanilla-flavour-crme-sandwich-biscuit-family-pack-275g-combo/pvid/1837b0d6-ca58-4a0d-95f6-9974b6963221,"https://cdn.zeptonow.com/production/tr:w-1280,ar-1200-1200,pr-true,f-auto,q-80/cms/product_variant/3658be7e-c773-445c-9b70-d8bc95b3e404.jpg"
Biscuits,Creamfills,"https://cdn.zeptonow.com/production/tr:w-90,ar-120-120,pr-true,f-auto,q-80/cms/sub_category/181.png",Parle Hide & Seek Creme Sandwiches 400 g Combo,Parle,356,720,400 g X 4,4.5 (108),In Stock,https://www.zeptonow.com/pn/parle-hide-seek-creme-sandwiches-400-g-combo/pvid/02acab2c-b3c8-406a-b73b-b1c4d4ef2f3b,"https://cdn.zeptonow.com/production/tr:w-1280,ar-1500-1500,pr-true,f-auto,q-80/cms/product_variant/e6bd7c96-1224-42e0-ab04-84462753815a.jpg"
Biscuits,Creamfills,"https://cdn.zeptonow.com/production/tr:w-90,ar-120-120,pr-true,f-auto,q-80/cms/sub_category/181.png",Cadbury Oreo Chocolate Flavour Crème Sandwich Biscuit Family Pack 275.55 g Combo,Cadbury,132,196,275.55g X2,4.6 (521),In Stock,https://www.zeptonow.com/pn/cadbury-oreo-chocolate-flavour-crme-sandwich-biscuit-family-pack-27555-g-combo/pvid/46e613ef-b621-4235-9fe4-ce60d347b791,"https://cdn.zeptonow.com/production/tr:w-1280,ar-1200-1200,pr-true,f-auto,q-80/cms/product_variant/a8e2d1ec-8faf-4cdc-8306-c58052808235.jpg"
Biscuits,Creamfills,"https://cdn.zeptonow.com/production/tr:w-90,ar-120-120,pr-true,f-auto,q-80/cms/sub_category/181.png",Orion Mango Choco Pie 12 pc Combo,RIO,254,360,12 pc X 2,4.7 (897),In Stock,https://www.zeptonow.com/pn/orion-mango-choco-pie-12-pc-combo/pvid/b7dd8932-304b-47fd-85bd-c2f49d615c4f,"https://cdn.zeptonow.com/production/tr:w-1280,ar-1500-1500,pr-true,f-auto,q-80/cms/product_variant/7095.jpg"
Biscuits,Creamfills,"https://cdn.zeptonow.com/production/tr:w-90,ar-120-120,pr-true,f-auto,q-80/cms/sub_category/181.png",Orion Choco Pie(168gms) & Orion Mango Choco Pie(6pc) Combo,RIO,146,180,2 Combo,4.5 (163),In Stock,https://www.zeptonow.com/pn/orion-choco-pie168gms-orion-mango-choco-pie6pc-combo/pvid/50280ddc-bbf7-43cc-83fc-1afef27566f2,"https://cdn.zeptonow.com/production/tr:w-1280,ar-1500-1500,pr-true,f-auto,q-80/inventory/product/4a94201b-b766-47e7-bbdc-428c39ea294f-792.jpg"
Biscuits,Creamfills,"https://cdn.zeptonow.com/production/tr:w-90,ar-120-120,pr-true,f-auto,q-80/cms/sub_category/181.png",Orion Mango Choco Pie 6 pc Combo,RIO,183,270,6 pc X 3,4.7 (345),In Stock,https://www.zeptonow.com/pn/orion-mango-choco-pie-6-pc-combo/pvid/877f6d78-e475-4122-9899-f33d1752fe3a,"https://cdn.zeptonow.com/production/tr:w-1280,ar-1500-1500,pr-true,f-auto,q-80/cms/product_variant/7094.jpg"
Biscuits,Creamfills,"https://cdn.zeptonow.com/production/tr:w-90,ar-120-120,pr-true,f-auto,q-80/cms/sub_category/181.png",Dukes Bourbon Biscuits 125 g Combo,Dukes,48,72,125 g X 2,4.5 (400),In Stock,https://www.zeptonow.com/pn/dukes-bourbon-biscuits-125-g-combo/pvid/162c75cf-f285-4e91-beb4-a2b322e25984,"https://cdn.zeptonow.com/production/tr:w-1280,ar-1500-1500,pr-true,f-auto,q-80/inventory/product/4d50b4e7-6233-44d5-8a1c-113e73dd2756-3240.jpg"
Biscuits,Creamfills,"https://cdn.zeptonow.com/production/tr:w-90,ar-120-120,pr-true,f-auto,q-80/cms/sub_category/181.png",Orion Chocopie 168 g Combo,RIO,186,270,168 g X 3,4.2 (633),In Stock,https://www.zeptonow.com/pn/orion-chocopie-168-g-combo/pvid/4e4bcf1b-5358-41c8-86ef-5532e78274b6,"https://cdn.zeptonow.com/production/tr:w-1280,ar-1500-1500,pr-true,f-auto,q-80/cms/product_variant/7091.jpg"
Biscuits,Creamfills,"https://cdn.zeptonow.com/production/tr:w-90,ar-120-120,pr-true,f-auto,q-80/cms/sub_category/181.png",Lotte Choco Pie Real Orange Biscuits,Lotte,140,180,336 g,4.4 (560),Sold Out,https://www.zeptonow.com/pn/lotte-choco-pie-real-orange-biscuits/pvid/b5aa3458-0aa2-4f7f-b720-06d7d6e9af0e,"https://cdn.zeptonow.com/production/tr:w-1280,ar-2988-2489,pr-true,f-auto,q-80/cms/product_variant/78897eec-3583-4475-a1b8-59c5fe272223.jpeg"
Biscuits,Creamfills,"https://cdn.zeptonow.com/production/tr:w-90,ar-120-120,pr-true,f-auto,q-80/cms/sub_category/181.png",Parle Hide & Seek Choco Roll Centre Fills | Trans Fat-free,Parle,86,170,250 g,4.8 (7.4k),Sold Out,https://www.zeptonow.com/pn/parle-hide-seek-choco-roll-centre-fills-trans-fat-free/pvid/69ccb751-3d68-4f73-b475-29af9c831c0c,"https://cdn.zeptonow.com/production/tr:w-1280,ar-1000-1000,pr-true,f-auto,q-80/cms/product_variant/14897524-2276-4182-bdb8-24e79d8522fb.jpeg"
Biscuits,Creamfills,"https://cdn.zeptonow.com/production/tr:w-90,ar-120-120,pr-true,f-auto,q-80/cms/sub_category/181.png",Parle Hide & Seek Milano Choco Filled Hazelnut Chocolate Centre Fills | Trans Fat-free,Parle,51,75,120 g,4.6 (3.5k),Sold Out,https://www.zeptonow.com/pn/parle-hide-seek-milano-choco-filled-hazelnut-chocolate-centre-fills-trans-fat-free/pvid/07807a58-4c99-4d2b-8da9-503bef80a8c9,"https://cdn.zeptonow.com/production/tr:w-1280,ar-1200-1200,pr-true,f-auto,q-80/cms/product_variant/b941480d-51be-47d5-a1c6-ef3ba41c6c79.jpg"
Biscuits,Creamfills,"https://cdn.zeptonow.com/production/tr:w-90,ar-120-120,pr-true,f-auto,q-80/cms/sub_category/181.png",Sunfeast Bounce Orange Cream Biscuits | Trans Fat-free,Sunfeast,57,85,348 g,4.8 (655),Sold Out,https://www.zeptonow.com/pn/sunfeast-bounce-orange-cream-biscuits-trans-fat-free/pvid/911f605c-448b-467f-8379-454e508eae9b,"https://cdn.zeptonow.com/production/tr:w-1280,ar-3000-3000,pr-true,f-auto,q-80/cms/product_variant/80b74adb-5369-4ba1-9627-d249aa408a4e.jpeg"
Biscuits,Creamfills,"https://cdn.zeptonow.com/production/tr:w-90,ar-120-120,pr-true,f-auto,q-80/cms/sub_category/181.png",Sunfeast Dark Fantasy Crème | Made With Real Chocolate,Sunfeast,19,35,79 g,4.5 (21.4k),Sold Out,https://www.zeptonow.com/pn/sunfeast-dark-fantasy-crme-made-with-real-chocolate/pvid/b8e36701-17f2-49ff-877a-cc5ddc93856d,"https://cdn.zeptonow.com/production/tr:w-1280,ar-500-500,pr-true,f-auto,q-80/cms/product_variant/412ae5cc-f52b-45d2-925d-b696b86e67b1.jpeg"
Biscuits,Creamfills,"https://cdn.zeptonow.com/production/tr:w-90,ar-120-120,pr-true,f-auto,q-80/cms/sub_category/181.png",Sunfeast Dark Fantasy Celebration Pack Centre Fills | Trans Fat-free,Sunfeast,166,230,360 g,4.5 (682),Sold Out,https://www.zeptonow.com/pn/sunfeast-dark-fantasy-celebration-pack-centre-fills-trans-fat-free/pvid/4b6a3f0a-413d-45de-a739-c9567f8cba73,"https://cdn.zeptonow.com/production/tr:w-1280,ar-800-800,pr-true,f-auto,q-80/cms/product_variant/7c560346-128b-4c9d-b7c1-10a24fbf0154.jpeg"
Biscuits,Creamfills,"https://cdn.zeptonow.com/production/tr:w-90,ar-120-120,pr-true,f-auto,q-80/cms/sub_category/181.png",Cadbury Chocobakes Choc Filled Centre Fills | Trans Fat-free,Cadbury,113,180,276 g,4.7 (1.3k),Sold Out,https://www.zeptonow.com/pn/cadbury-chocobakes-choc-filled-centre-fills-trans-fat-free/pvid/d513dddd-3de0-4a73-b4b2-b4d5759ea210,"https://cdn.zeptonow.com/production/tr:w-1280,ar-1100-1100,pr-true,f-auto,q-80/cms/product_variant/632dc78d-d09f-489c-99d3-6579213ded9a.jpeg"
Biscuits,Creamfills,"https://cdn.zeptonow.com/production/tr:w-90,ar-120-120,pr-true,f-auto,q-80/cms/sub_category/181.png","Britannia Jimjam Pops, Crunchy Cookie Vanilla Cream Biscuits",Britannia,100,120,350 g,4.7 (4.5k),Sold Out,https://www.zeptonow.com/pn/britannia-jimjam-pops-crunchy-cookie-vanilla-cream-biscuits/pvid/a4a55a4a-2a78-43dd-89ff-f819bce02510,"https://cdn.zeptonow.com/production/tr:w-1280,ar-1200-1200,pr-true,f-auto,q-80/cms/product_variant/5b6829ac-cdcd-443f-88c8-790bcd897100.jpeg"
Biscuits,Creamfills,"https://cdn.zeptonow.com/production/tr:w-90,ar-120-120,pr-true,f-auto,q-80/cms/sub_category/181.png",Parle Milano Mixed Berries Centre Fills | Trans Fat-free,Parle,37,40,75 g,4.3 (273),Sold Out,https://www.zeptonow.com/pn/parle-milano-mixed-berries-centre-fills-trans-fat-free/pvid/dbf180eb-ccd0-44d7-b33d-9b67ed3a3d81,"https://cdn.zeptonow.com/production/tr:w-1280,ar-1021-1021,pr-true,f-auto,q-80/cms/product_variant/7edfcad8-17a0-4b5c-9f93-6e96d16d6b78.jpeg"
Biscuits,Creamfills,"https://cdn.zeptonow.com/production/tr:w-90,ar-120-120,pr-true,f-auto,q-80/cms/sub_category/181.png",Parle Hide & Seek Milano Mixed Berries Centre Fills| Preservative-free,Parle,51,75,125 g,4.9 (1.5k),Sold Out,https://www.zeptonow.com/pn/parle-hide-seek-milano-mixed-berries-centre-fills-preservative-free/pvid/cc2ee0e9-c2d5-4eed-8762-1d09c01a3475,"https://cdn.zeptonow.com/production/tr:w-1280,ar-1200-1200,pr-true,f-auto,q-80/cms/product_variant/1b5f2756-b3b9-4de7-b678-3e543751f14a.jpeg"
Biscuits,Creamfills,"https://cdn.zeptonow.com/production/tr:w-90,ar-120-120,pr-true,f-auto,q-80/cms/sub_category/181.png",Britannia Treat Jimjam Naughty Jam Cream Biscuits | Trans Fat-free,Britannia,86,100,460 g,4.7 (73.4k),Sold Out,https://www.zeptonow.com/pn/britannia-treat-jimjam-naughty-jam-cream-biscuits-trans-fat-free/pvid/009ffcf4-9972-4b90-b36b-9f689a2d1795,"https://cdn.zeptonow.com/production/tr:w-1280,ar-4500-4500,pr-true,f-auto,q-80/cms/product_variant/bbb977dd-ffef-4d08-b21e-7230445d3778.jpeg"
Biscuits,Creamfills,"https://cdn.zeptonow.com/production/tr:w-90,ar-120-120,pr-true,f-auto,q-80/cms/sub_category/181.png",Parle Creams - Parle Hide & Seek Crème Strawberry,Parle,29,30,120 g,4.5 (1.7k),Sold Out,https://www.zeptonow.com/pn/parle-creams-parle-hide-seek-crme-strawberry/pvid/c6ec6f23-d1ed-4f7a-9ad1-b44f49058325,"https://cdn.zeptonow.com/production/tr:w-1280,ar-2400-2400,pr-true,f-auto,q-80/cms/product_variant/e01cc160-3a8e-48b3-b2be-c1ee32b4280b.jpeg"
Biscuits,Creamfills,"https://cdn.zeptonow.com/production/tr:w-90,ar-120-120,pr-true,f-auto,q-80/cms/sub_category/181.png",Sunfeast Bounce Choco Cream Chocolate Biscuits,Sunfeast,57,85,348 g,4.8 (404),Sold Out,https://www.zeptonow.com/pn/sunfeast-bounce-choco-cream-chocolate-biscuits/pvid/b37c9a3a-39db-45b8-9de5-4a6ddb5f5378,"https://cdn.zeptonow.com/production/tr:w-1280,ar-3000-3000,pr-true,f-auto,q-80/cms/product_variant/25802f3d-52ab-409a-93eb-8f7cfb52c0ad.jpeg"
Biscuits,Creamfills,"https://cdn.zeptonow.com/production/tr:w-90,ar-120-120,pr-true,f-auto,q-80/cms/sub_category/181.png",Sunfeast Dark Fantasy Bourbon Chocolate Cream Biscuits | Artificial Colour-free,Sunfeast,80,160,450 g,4.7 (4.4k),Sold Out,https://www.zeptonow.com/pn/sunfeast-dark-fantasy-bourbon-chocolate-cream-biscuits-artificial-colour-free/pvid/2a0569d7-be39-4e45-ae2b-419b1657cea6,"https://cdn.zeptonow.com/production/tr:w-1280,ar-2560-2560,pr-true,f-auto,q-80/cms/product_variant/4b592677-fc18-4f83-877c-6c706ee25efe.jpeg"
Biscuits,Creamfills,"https://cdn.zeptonow.com/production/tr:w-90,ar-120-120,pr-true,f-auto,q-80/cms/sub_category/181.png",Parle Fab Bourbon Chocolate Cream Biscuits | Trans Fat-free,Parle,38,40,150 g,4.4 (1.4k),Sold Out,https://www.zeptonow.com/pn/parle-fab-bourbon-chocolate-cream-biscuits-trans-fat-free/pvid/34beec11-73b0-441b-8e30-97a5f0adc339,"https://cdn.zeptonow.com/production/tr:w-1280,ar-2400-2400,pr-true,f-auto,q-80/cms/product_variant/68d40e24-6c9e-4bf3-ac80-e44890cb5b4e.jpeg"
Biscuits,Creamfills,"https://cdn.zeptonow.com/production/tr:w-90,ar-120-120,pr-true,f-auto,q-80/cms/sub_category/181.png",Cadbury Oreo Vanilla Flavour Creme Sandwich Biscuit Mega Family Pack,Cadbury,184,310,876.75 g,4.7 (19.3k),Sold Out,https://www.zeptonow.com/pn/cadbury-oreo-vanilla-flavour-creme-sandwich-biscuit-mega-family-pack/pvid/0321abc1-51fa-439b-b74e-8f4f283096fd,"https://cdn.zeptonow.com/production/tr:w-1280,ar-1100-1100,pr-true,f-auto,q-80/cms/product_variant/abd45dcf-9885-4d47-97a6-b0dc88ad6999.jpeg"
Biscuits,Creamfills,"https://cdn.zeptonow.com/production/tr:w-90,ar-120-120,pr-true,f-auto,q-80/cms/sub_category/181.png",Orion Strawberry Choco Pie | Artificial Colour-free,RIO,78,90,168 g,4.5 (4.8k),Sold Out,https://www.zeptonow.com/pn/orion-strawberry-choco-pie-artificial-colour-free/pvid/b420ba0c-308f-4ed4-93ff-6ae2c8b59ce6,"https://cdn.zeptonow.com/production/tr:w-1280,ar-1000-1000,pr-true,f-auto,q-80/cms/product_variant/24adce9b-846a-446c-adf2-e7a934311625.jpeg"
Biscuits,Creamfills,"https://cdn.zeptonow.com/production/tr:w-90,ar-120-120,pr-true,f-auto,q-80/cms/sub_category/181.png",Lotte Choco Pie Chocolate | Trans Fat-free,Lotte,140,180,336 g,4.6 (29.2k),Sold Out,https://www.zeptonow.com/pn/lotte-choco-pie-chocolate-trans-fat-free/pvid/dec99caf-7633-4024-88a2-ec7fd07c4497,"https://cdn.zeptonow.com/production/tr:w-1280,ar-2000-2000,pr-true,f-auto,q-80/cms/product_variant/35c1cd10-6f30-49f5-8d6f-b74137df12ab.jpeg"
Biscuits,Creamfills,"https://cdn.zeptonow.com/production/tr:w-90,ar-120-120,pr-true,f-auto,q-80/cms/sub_category/181.png",Nutter Butter-S Sandwich Peanut Butter Cream Biscuits,Nutter,190,190,56 g,4.8 (57),Sold Out,https://www.zeptonow.com/pn/nutter-butter-s-sandwich-peanut-butter-cream-biscuits/pvid/92d984c3-c9ad-42c8-9ff2-14bcdfe6cbd4,"https://cdn.zeptonow.com/production/tr:w-1280,ar-1500-1500,pr-true,f-auto,q-80/cms/product_variant/1300a26a-2987-4928-b034-4e0523cc92cc.jpg"
Biscuits,Creamfills,"https://cdn.zeptonow.com/production/tr:w-90,ar-120-120,pr-true,f-auto,q-80/cms/sub_category/181.png",Lotte Premium Chocolate Choco Pie | Artificial Flavour-free and Preservative-free,Lotte,191,230,504 g,4.6 (3.0k),Sold Out,https://www.zeptonow.com/pn/lotte-premium-chocolate-choco-pie-artificial-flavour-free-and-preservative-free/pvid/fea626b7-c88d-4dd5-917b-c8404a17f036,"https://cdn.zeptonow.com/production/tr:w-1280,ar-2000-2000,pr-true,f-auto,q-80/cms/product_variant/390b97cf-abb1-47ba-ae7e-6cc16a3d8d8c.jpeg"
Biscuits,Creamfills,"https://cdn.zeptonow.com/production/tr:w-90,ar-120-120,pr-true,f-auto,q-80/cms/sub_category/181.png",Lotte Choco Pie Chocolate | Trans Fat-free,Lotte,92,99,168 g,4.6 (29.2k),Sold Out,https://www.zeptonow.com/pn/lotte-choco-pie-chocolate-trans-fat-free/pvid/6e6d41b4-c7c4-4cf4-929c-491aec13a436,"https://cdn.zeptonow.com/production/tr:w-1280,ar-2000-2000,pr-true,f-auto,q-80/cms/product_variant/372a107e-b49f-4583-af2c-d87bcd49f2dc.jpeg"
Biscuits,Creamfills,"https://cdn.zeptonow.com/production/tr:w-90,ar-120-120,pr-true,f-auto,q-80/cms/sub_category/181.png",Lotte Choco Pie Chocolate | Trans Fat-free,Lotte,26,30,56 g,4.6 (32.1k),Sold Out,https://www.zeptonow.com/pn/lotte-choco-pie-chocolate-trans-fat-free/pvid/e1d66512-0810-4368-ad94-c0fd7eab8703,"https://cdn.zeptonow.com/production/tr:w-1280,ar-1000-1000,pr-true,f-auto,q-80/cms/product_variant/7990b325-71f2-458b-84d2-8148a5c47371.jpeg"
Biscuits,Creamfills,"https://cdn.zeptonow.com/production/tr:w-90,ar-120-120,pr-true,f-auto,q-80/cms/sub_category/181.png",Sunfeast Dark Fantasy Desserts Choconut Dipped Filled Cookie Reimaged | Trans Fat-free,Sunfeast,68,75,100 g,4.8 (6.1k),Sold Out,https://www.zeptonow.com/pn/sunfeast-dark-fantasy-desserts-choconut-dipped-filled-cookie-reimaged-trans-fat-free/pvid/92ceb88a-447c-40bf-806f-c3db52afb501,"https://cdn.zeptonow.com/production/tr:w-1280,ar-2560-2560,pr-true,f-auto,q-80/cms/product_variant/849c4dd2-0cd0-4db6-8c31-3a9bf2715dbf.jpeg"
Biscuits,Creamfills,"https://cdn.zeptonow.com/production/tr:w-90,ar-120-120,pr-true,f-auto,q-80/cms/sub_category/181.png",Lotte Choco Pie Big - Pack Of 6,Lotte,100,135,240 g,4.8 (324),Sold Out,https://www.zeptonow.com/pn/lotte-choco-pie-big-pack-of-6/pvid/e5c24017-8ecd-4dfa-bae2-384d8b48e3ca,"https://cdn.zeptonow.com/production/tr:w-1280,ar-1200-1200,pr-true,f-auto,q-80/cms/product_variant/849455db-19f2-4816-9b0f-469631f6ba14.jpg"
Biscuits,Cookies,"https://cdn.zeptonow.com/production/tr:w-90,ar-120-120,pr-true,f-auto,q-80/cms/sub_category/180.png",CookieMan Danish Cookies Butter Biscuits | Trans Fat-free,CookieMan,517,549,330 g,4.8 (212),In Stock,https://www.zeptonow.com/pn/cookieman-danish-cookies-butter-biscuits-trans-fat-free/pvid/7bbd87fa-f187-4272-9dda-1278dde02fc7,"https://cdn.zeptonow.com/production/tr:w-1280,ar-1500-1500,pr-true,f-auto,q-80/cms/product_variant/90ab46e3-f7d0-4840-9cbf-a136d9fe1a54.jpeg"
Biscuits,Cookies,"https://cdn.zeptonow.com/production/tr:w-90,ar-120-120,pr-true,f-auto,q-80/cms/sub_category/180.png",CookieMan Choco Chunk Flavoured Biscuits| Artificial Flavour-free,CookieMan,141,149,120 g,4.2 (492),In Stock,https://www.zeptonow.com/pn/cookieman-choco-chunk-flavoured-biscuits-artificial-flavour-free/pvid/b8135175-f86d-40c6-8459-2a2102d78e77,"https://cdn.zeptonow.com/production/tr:w-1280,ar-994-1130,pr-true,f-auto,q-80/cms/product_variant/fb8329bc-765a-4bf3-aa1e-e2673d2c7d60.jpeg"
Biscuits,Cookies,"https://cdn.zeptonow.com/production/tr:w-90,ar-120-120,pr-true,f-auto,q-80/cms/sub_category/180.png",CookieMan Jaggery Ragi Millet Cookies | Sugar-free,CookieMan,269,289,200 g,4.7 (78),In Stock,https://www.zeptonow.com/pn/cookieman-jaggery-ragi-millet-cookies-sugar-free/pvid/23e5985e-305b-4f7b-811f-0b784230cd2b,"https://cdn.zeptonow.com/production/tr:w-1280,ar-1280-1280,pr-true,f-auto,q-80/cms/product_variant/cd529147-f1ac-42dc-bcb0-629867378d5b.jpeg"
Biscuits,Cookies,"https://cdn.zeptonow.com/production/tr:w-90,ar-120-120,pr-true,f-auto,q-80/cms/sub_category/180.png",Unibic Sugar Free Oatmeal Display Cookies |0% Maida| Low GI,Sugar free,53,60,67.5 g,4.7 (4.2k),In Stock,https://www.zeptonow.com/pn/unibic-sugar-free-oatmeal-display-cookies-0-maida-low-gi/pvid/3163ea67-2893-4478-95d5-13aa15b0dc94,"https://cdn.zeptonow.com/production/tr:w-1280,ar-1500-1500,pr-true,f-auto,q-80/cms/product_variant/97614f32-3cfc-4427-9739-4225ae923770.jpeg"
Biscuits,Cookies,"https://cdn.zeptonow.com/production/tr:w-90,ar-120-120,pr-true,f-auto,q-80/cms/sub_category/180.png",Unibic Sugar Free Butter Display Cookies | 0% Maida | Low GI,Sugar free,53,60,67.5 g,4.7 (3.0k),In Stock,https://www.zeptonow.com/pn/unibic-sugar-free-butter-display-cookies-0-maida-low-gi/pvid/cc4e2eb1-5992-4221-8a1f-ffb377f1682a,"https://cdn.zeptonow.com/production/tr:w-1280,ar-1500-1500,pr-true,f-auto,q-80/cms/product_variant/93135db8-6bed-406b-a64c-6153487b8cfb.jpeg"
Biscuits,Cookies,"https://cdn.zeptonow.com/production/tr:w-90,ar-120-120,pr-true,f-auto,q-80/cms/sub_category/180.png",Unibic Sugar Free Multigrain Display Cookies |0% Maida | Low GI,Sugar free,53,60,67.5 g,4.7 (1.8k),In Stock,https://www.zeptonow.com/pn/unibic-sugar-free-multigrain-display-cookies-0-maida-low-gi/pvid/c49c6b1d-4228-47f3-9291-71c7b1abd828,"https://cdn.zeptonow.com/production/tr:w-1280,ar-1500-1500,pr-true,f-auto,q-80/cms/product_variant/78e85d57-4477-4509-9499-46d505528815.jpeg"
Biscuits,Cookies,"https://cdn.zeptonow.com/production/tr:w-90,ar-120-120,pr-true,f-auto,q-80/cms/sub_category/180.png",Unibic Assorted Cookies,Unibic,245,340,1 pack (10 pcs),4.6 (2.0k),In Stock,https://www.zeptonow.com/pn/unibic-assorted-cookies/pvid/f989206f-6e74-466e-af72-98691d1557fd,"https://cdn.zeptonow.com/production/tr:w-1280,ar-2000-2000,pr-true,f-auto,q-80/cms/product_variant/1a012369-516d-40c6-b013-904e8f6fadfe.jpeg"
Biscuits,Cookies,"https://cdn.zeptonow.com/production/tr:w-90,ar-120-120,pr-true,f-auto,q-80/cms/sub_category/180.png",Unibic Assorted Cookies,Unibic,163,200,1 pack (6 pcs),4.6 (4.3k),In Stock,https://www.zeptonow.com/pn/unibic-assorted-cookies/pvid/9f7c3ccb-9743-4d86-9740-cbbfb1635604,"https://cdn.zeptonow.com/production/tr:w-1280,ar-2000-2000,pr-true,f-auto,q-80/cms/product_variant/2e7a7c26-c636-439d-8c6b-8c213037ab08.jpeg"
Biscuits,Cookies,"https://cdn.zeptonow.com/production/tr:w-90,ar-120-120,pr-true,f-auto,q-80/cms/sub_category/180.png",Unibic Choco Nut Flavoured Biscuits | Artificial Colour-free and Preservative-free,Unibic,25,30,67.5 g,4.5 (33.8k),In Stock,https://www.zeptonow.com/pn/unibic-choco-nut-flavoured-biscuits-artificial-colour-free-and-preservative-free/pvid/6b462827-041c-44dd-90ed-8cd8bb7ac7d5,"https://cdn.zeptonow.com/production/tr:w-1280,ar-1500-1500,pr-true,f-auto,q-80/cms/product_variant/0a6bf552-5f59-4758-97d9-c96d8d11c931.jpeg"
Biscuits,Cookies,"https://cdn.zeptonow.com/production/tr:w-90,ar-120-120,pr-true,f-auto,q-80/cms/sub_category/180.png",Unibic Danish Coconut Cookies,Unibic,83,165,270 g,4.7 (9.3k),In Stock,https://www.zeptonow.com/pn/unibic-danish-coconut-cookies/pvid/35cf06ea-fd37-41e3-99b8-46ab04fc1551,"https://cdn.zeptonow.com/production/tr:w-1280,ar-1500-1500,pr-true,f-auto,q-80/cms/product_variant/1c9b1268-e213-4a07-8a51-13db79895d31.jpeg"
Biscuits,Cookies,"https://cdn.zeptonow.com/production/tr:w-90,ar-120-120,pr-true,f-auto,q-80/cms/sub_category/180.png",Unibic Choco Ripple,Unibic,99,190,494 g,4.6 (73),In Stock,https://www.zeptonow.com/pn/unibic-choco-ripple/pvid/fea338a4-3484-46e0-b812-1380f25e969f,"https://cdn.zeptonow.com/production/tr:w-1280,ar-1500-1500,pr-true,f-auto,q-80/cms/product_variant/0019e5d2-d468-41f3-a5b6-6214f668b61f.jpeg"
Biscuits,Cookies,"https://cdn.zeptonow.com/production/tr:w-90,ar-120-120,pr-true,f-auto,q-80/cms/sub_category/180.png",Unibic Cookie Magic Assorted Biscuits | Trans Fat-free,Unibic,201,379,300 g,4.8 (67),In Stock,https://www.zeptonow.com/pn/unibic-cookie-magic-assorted-biscuits-trans-fat-free/pvid/365cbcf1-b76f-4275-a296-4c420901b4e8,"https://cdn.zeptonow.com/production/tr:w-1280,ar-2400-2400,pr-true,f-auto,q-80/cms/product_variant/f1abf03f-702c-4fa1-bc89-3053ae549c4a.jpeg"
Biscuits,Cookies,"https://cdn.zeptonow.com/production/tr:w-90,ar-120-120,pr-true,f-auto,q-80/cms/sub_category/180.png",Unibic Choco Chip Flavoured Biscuits | Trans Fat-free,Unibic,22,30,67.5 g,4.6 (34.9k),In Stock,https://www.zeptonow.com/pn/unibic-choco-chip-flavoured-biscuits-trans-fat-free/pvid/c3545a0c-e4dd-492b-a337-48ef7e8b854c,"https://cdn.zeptonow.com/production/tr:w-1280,ar-1500-1500,pr-true,f-auto,q-80/cms/product_variant/2eac4b26-965c-4c70-b859-80476d0b9a2f.jpeg"
Biscuits,Cookies,"https://cdn.zeptonow.com/production/tr:w-90,ar-120-120,pr-true,f-auto,q-80/cms/sub_category/180.png",Karachi Bakery Osmania Butter Flavoured Biscuits | Trans Fat-free,Karachi Bakery,189,190,400 g,4.1 (2.4k),In Stock,https://www.zeptonow.com/pn/karachi-bakery-osmania-butter-flavoured-biscuits-trans-fat-free/pvid/3b8d21d1-0a94-4dbe-a73a-ba2d5bb5ad40,"https://cdn.zeptonow.com/production/tr:w-1280,ar-2400-2400,pr-true,f-auto,q-80/cms/product_variant/579bb27f-e75d-4074-ad2e-9aafea98aaac.jpeg"
Biscuits,Cookies,"https://cdn.zeptonow.com/production/tr:w-90,ar-120-120,pr-true,f-auto,q-80/cms/sub_category/180.png",Karachi Bakery Fruit Flavoured Biscuits | Artificial Flavour-free,Karachi Bakery,196,210,400 g,4.2 (4.3k),In Stock,https://www.zeptonow.com/pn/karachi-bakery-fruit-flavoured-biscuits-artificial-flavour-free/pvid/8c61dc04-7ad1-4e4e-9a69-221a8101c9eb,"https://cdn.zeptonow.com/production/tr:w-1280,ar-1831-1078,pr-true,f-auto,q-80/cms/product_variant/f5087e11-a772-4eda-bfa8-8bce90f25e84.jpeg"
Biscuits,Cookies,"https://cdn.zeptonow.com/production/tr:w-90,ar-120-120,pr-true,f-auto,q-80/cms/sub_category/180.png",Karachi Bakery Cashew Dry Fruit Biscuits | Trans Fat-free,Karachi Bakery,222,235,400 g,4.5 (1.2k),In Stock,https://www.zeptonow.com/pn/karachi-bakery-cashew-dry-fruit-biscuits-trans-fat-free/pvid/2c7642d7-459e-4828-b40e-721e60e6a31e,"https://cdn.zeptonow.com/production/tr:w-1280,ar-1200-1200,pr-true,f-auto,q-80/cms/product_variant/6e556320-1489-4390-b7e9-0f5ccf18a205.jpeg"
Biscuits,Cookies,"https://cdn.zeptonow.com/production/tr:w-90,ar-120-120,pr-true,f-auto,q-80/cms/sub_category/180.png",Parle Hide & Seek Chocolate Chip Biscuits | Trans Fat-free,Parle,29,30,100 g,4.7 (255.9k),In Stock,https://www.zeptonow.com/pn/parle-hide-seek-chocolate-chip-biscuits-trans-fat-free/pvid/efd2cdcb-00e4-4dd7-b2c4-6634af3bf529,"https://cdn.zeptonow.com/production/tr:w-1280,ar-1000-1000,pr-true,f-auto,q-80/cms/product_variant/5e5280b3-8624-488b-ae9b-cd4d21a55d06.jpeg"
Biscuits,Cookies,"https://cdn.zeptonow.com/production/tr:w-90,ar-120-120,pr-true,f-auto,q-80/cms/sub_category/180.png",Karachi Bakery Kaju Badam Cashew and Almond Dry Fruit Biscuits | Trans Fat-free,Karachi Bakery,280,280,400 g,3.9 (332),In Stock,https://www.zeptonow.com/pn/karachi-bakery-kaju-badam-cashew-and-almond-dry-fruit-biscuits-trans-fat-free/pvid/9c98927b-5b0a-4f2b-8b05-02b0113aa408,"https://cdn.zeptonow.com/production/tr:w-1280,ar-2935-2303,pr-true,f-auto,q-80/inventory/product/24b62ef8-d8ec-4e20-8996-84d56f0a723c-242bb964-d486-4839-97aa-a6cf94acb1ca.jpeg"
Biscuits,Cookies,"https://cdn.zeptonow.com/production/tr:w-90,ar-120-120,pr-true,f-auto,q-80/cms/sub_category/180.png",Britannia Good Day Choco Chip Chocolate Flavoured Biscuits | Trans Fat-free,Britannia,104,150,4 x 100 g,4.7 (13.1k),In Stock,https://www.zeptonow.com/pn/britannia-good-day-choco-chip-chocolate-flavoured-biscuits-trans-fat-free/pvid/e8042f15-e186-437b-b30e-be99a2d093d0,"https://cdn.zeptonow.com/production/tr:w-1280,ar-1200-1200,pr-true,f-auto,q-80/cms/product_variant/17e53a36-71c2-4a8f-89de-72b017f21f2e.jpeg"
Biscuits,Cookies,"https://cdn.zeptonow.com/production/tr:w-90,ar-120-120,pr-true,f-auto,q-80/cms/sub_category/180.png",Karachi Bakery Pista Dry Fruit Biscuits | Trans Fat-free,Karachi Bakery,235,235,400 g,3.9 (434),In Stock,https://www.zeptonow.com/pn/karachi-bakery-pista-dry-fruit-biscuits-trans-fat-free/pvid/7e3f534c-2b92-4d43-9886-6c70a44bb1a4,"https://cdn.zeptonow.com/production/tr:w-1280,ar-2400-2400,pr-true,f-auto,q-80/cms/product_variant/9337a6d0-5a3a-4184-a1a2-1be7d4e2252b.jpg"
Biscuits,Cookies,"https://cdn.zeptonow.com/production/tr:w-90,ar-120-120,pr-true,f-auto,q-80/cms/sub_category/180.png",Open Secret Zero Maida Butter Millet Cookies| Maida-free and Sugar-free,Open Secret,43,45,40 g,4.3 (899),In Stock,https://www.zeptonow.com/pn/open-secret-zero-maida-butter-millet-cookies-maida-free-and-sugar-free/pvid/12986e3e-640d-42d1-881d-ab2325d2c1f2,"https://cdn.zeptonow.com/production/tr:w-1280,ar-1021-1021,pr-true,f-auto,q-80/cms/product_variant/6742cf04-ea4d-46de-966d-174f3b86b034.jpeg"
Biscuits,Cookies,"https://cdn.zeptonow.com/production/tr:w-90,ar-120-120,pr-true,f-auto,q-80/cms/sub_category/180.png",Britannia Little Hearts Classic Crunch Flavoured Biscuits | Cholesterol-free,Britannia,29,30,70 g,4.8 (132.9k),In Stock,https://www.zeptonow.com/pn/britannia-little-hearts-classic-crunch-flavoured-biscuits-cholesterol-free/pvid/03e08fc5-49f4-43d9-9a55-2b22fd525fc6,"https://cdn.zeptonow.com/production/tr:w-1280,ar-1200-1200,pr-true,f-auto,q-80/cms/product_variant/95c8fa7a-b3f4-40c6-ba92-3e1d05004d97.jpeg"
Biscuits,Cookies,"https://cdn.zeptonow.com/production/tr:w-90,ar-120-120,pr-true,f-auto,q-80/cms/sub_category/180.png",Slurrp Farm No Maida Banana Oat Cookies,Slurrp Farm,99,99,80 g,4.6 (592),In Stock,https://www.zeptonow.com/pn/slurrp-farm-no-maida-banana-oat-cookies/pvid/f58d524c-b362-4ee7-812f-e9d4429b735a,"https://cdn.zeptonow.com/production/tr:w-1280,ar-1280-1280,pr-true,f-auto,q-80/cms/product_variant/6575ca33-5361-4d2f-93c2-068fa7a2fc33.jpeg"
Biscuits,Cookies,"https://cdn.zeptonow.com/production/tr:w-90,ar-120-120,pr-true,f-auto,q-80/cms/sub_category/180.png",Open Secret Zero Maida Jeera Millet Cookies | Maida-free and Sugar-free,Open Secret,43,45,40 g,4.1 (1.2k),In Stock,https://www.zeptonow.com/pn/open-secret-zero-maida-jeera-millet-cookies-maida-free-and-sugar-free/pvid/6c4a6c84-5cfa-43d8-ab7d-7a5f5cd0c883,"https://cdn.zeptonow.com/production/tr:w-1280,ar-1500-1500,pr-true,f-auto,q-80/cms/product_variant/ec438580-e014-4166-86dc-134d89be352f.jpeg"
Biscuits,Cookies,"https://cdn.zeptonow.com/production/tr:w-90,ar-120-120,pr-true,f-auto,q-80/cms/sub_category/180.png",CookieMan Premium Almond Dry Fruit Biscuits | Trans Fat-free,CookieMan,186,199,120 g,4.9 (352),In Stock,https://www.zeptonow.com/pn/cookieman-premium-almond-dry-fruit-biscuits-trans-fat-free/pvid/d7e4e456-2b0d-4ee2-afb2-676976733c74,"https://cdn.zeptonow.com/production/tr:w-1280,ar-2000-2000,pr-true,f-auto,q-80/cms/product_variant/dbb3f694-ef9e-4ff8-b555-de7df853818d.jpeg"
Biscuits,Cookies,"https://cdn.zeptonow.com/production/tr:w-90,ar-120-120,pr-true,f-auto,q-80/cms/sub_category/180.png",Britannia Nutrichoice Oats Orange & Almond Biscuits | Maida-free and Trans Fat-free,Britannia,23,25,75 g,4.6 (15.2k),In Stock,https://www.zeptonow.com/pn/britannia-nutrichoice-oats-orange-almond-biscuits-maida-free-and-trans-fat-free/pvid/45c56d05-9457-4f33-be98-ef56e7d1a674,"https://cdn.zeptonow.com/production/tr:w-1280,ar-1200-1200,pr-true,f-auto,q-80/cms/product_variant/a9df045f-e887-4190-8c2e-c0debc818124.jpeg"
Biscuits,Cookies,"https://cdn.zeptonow.com/production/tr:w-90,ar-120-120,pr-true,f-auto,q-80/cms/sub_category/180.png",Britannia Good Day Cashew Dry Fruit Biscuits| Trans Fat-free,Britannia,49,50,200 g,4.6 (94.0k),In Stock,https://www.zeptonow.com/pn/britannia-good-day-cashew-dry-fruit-biscuits-trans-fat-free/pvid/aab332df-fbc5-48a0-b289-e3b223661b5c,"https://cdn.zeptonow.com/production/tr:w-1280,ar-1200-1200,pr-true,f-auto,q-80/cms/product_variant/ad2f7616-b253-4dec-9191-f6a33e8fa741.jpeg"
Biscuits,Cookies,"https://cdn.zeptonow.com/production/tr:w-90,ar-120-120,pr-true,f-auto,q-80/cms/sub_category/180.png",Britannia NutriChoice Chocolate and Almond Oats Biscuits | Maida-free,Britannia,23,25,75 g,4.6 (15.1k),In Stock,https://www.zeptonow.com/pn/britannia-nutrichoice-chocolate-and-almond-oats-biscuits-maida-free/pvid/f28e648c-a2e3-42f7-b429-e07040f73b51,"https://cdn.zeptonow.com/production/tr:w-1280,ar-4500-4500,pr-true,f-auto,q-80/cms/product_variant/acc876c7-760b-4abe-b78e-ff07696de5fa.jpeg"
Biscuits,Cookies,"https://cdn.zeptonow.com/production/tr:w-90,ar-120-120,pr-true,f-auto,q-80/cms/sub_category/180.png",Britannia Good Day Pista and Badam Dry Fruit Biscuits | Trans Fat-free,Britannia,24,25,100 g,4.5 (17.5k),In Stock,https://www.zeptonow.com/pn/britannia-good-day-pista-and-badam-dry-fruit-biscuits-trans-fat-free/pvid/35dfddd2-1cf4-4a88-97a3-68ff004cddf9,"https://cdn.zeptonow.com/production/tr:w-1280,ar-1500-1500,pr-true,f-auto,q-80/cms/product_variant/a8048719-b30f-4ce7-bd7c-255e75f871f4.jpg"
Biscuits,Cookies,"https://cdn.zeptonow.com/production/tr:w-90,ar-120-120,pr-true,f-auto,q-80/cms/sub_category/180.png",Britannia Nice Time Coconut Flavoured Biscuits | Artificial Flavour-free,Britannia,24,25,136.5 g,4.7 (51.6k),In Stock,https://www.zeptonow.com/pn/britannia-nice-time-coconut-flavoured-biscuits-artificial-flavour-free/pvid/5e104658-cd17-4cfd-aba2-2726345536b3,"https://cdn.zeptonow.com/production/tr:w-1280,ar-1500-1500,pr-true,f-auto,q-80/cms/product_variant/164be5ae-e4d9-464e-8ae3-acab2a35f3f9.jpg"
Biscuits,Cookies,"https://cdn.zeptonow.com/production/tr:w-90,ar-120-120,pr-true,f-auto,q-80/cms/sub_category/180.png",Britannia Good Day Cashew Dry Fruit Biscuits| Trans Fat-free,Britannia,173,320,905 g,4.6 (75.6k),In Stock,https://www.zeptonow.com/pn/britannia-good-day-cashew-dry-fruit-biscuits-trans-fat-free/pvid/14e0bc82-cc56-4021-9dc6-10abc3305c32,"https://cdn.zeptonow.com/production/tr:w-1280,ar-1000-1000,pr-true,f-auto,q-80/cms/product_variant/1a7d8692-2d25-4925-be99-c72458dbe557.jpeg"
Biscuits,Cookies,"https://cdn.zeptonow.com/production/tr:w-90,ar-120-120,pr-true,f-auto,q-80/cms/sub_category/180.png",Sugar Free Vita Yummy Berry Biscuits | Made with Oats & Quinoa | Added Colour-free,Sugar free,54,65,75 g,4.9 (2.6k),In Stock,https://www.zeptonow.com/pn/sugar-free-vita-yummy-berry-biscuits-made-with-oats-quinoa-added-colour-free/pvid/82665d8c-2684-48b8-889d-ce2ef2d42729,"https://cdn.zeptonow.com/production/tr:w-1280,ar-1280-1280,pr-true,f-auto,q-80/cms/product_variant/56467598-bbbc-4ee7-81d4-fa1836c89b95.jpg"
Biscuits,Cookies,"https://cdn.zeptonow.com/production/tr:w-90,ar-120-120,pr-true,f-auto,q-80/cms/sub_category/180.png",Let's try Ragi Kaju Pista Millet Cookies | Cholesterol-free and Trans Fat-free,Let's,176,220,200 g,4.4 (1.7k),In Stock,https://www.zeptonow.com/pn/lets-try-ragi-kaju-pista-millet-cookies-cholesterol-free-and-trans-fat-free/pvid/cbf3c7f3-9da7-4f04-8043-8b0c03f64bff,"https://cdn.zeptonow.com/production/tr:w-1280,ar-1573-1600,pr-true,f-auto,q-80/cms/product_variant/deed87f6-322c-47fb-af20-6a77f96ec952.jpg"
Biscuits,Cookies,"https://cdn.zeptonow.com/production/tr:w-90,ar-120-120,pr-true,f-auto,q-80/cms/sub_category/180.png",Parle Hide & Seek Cafe Mocha Flavoured Biscuits | Artificial Colour-free and Preservative-free,Parle,63,125,308 g,4.7 (7.1k),In Stock,https://www.zeptonow.com/pn/parle-hide-seek-cafe-mocha-flavoured-biscuits-artificial-colour-free-and-preservative-free/pvid/bacdc79a-0d3d-49c9-8cd1-cfc1e48a2d07,"https://cdn.zeptonow.com/production/tr:w-1280,ar-1500-1500,pr-true,f-auto,q-80/cms/product_variant/a0a19183-e335-459a-97b0-5cd6d8e97701.jpg"
Biscuits,Cookies,"https://cdn.zeptonow.com/production/tr:w-90,ar-120-120,pr-true,f-auto,q-80/cms/sub_category/180.png",Parle Hide and Seek Milano Choco Chip Flavoured Biscuits | Artificial Flavour-free,Parle,51,75,125 g,4.7 (15.5k),In Stock,https://www.zeptonow.com/pn/parle-hide-and-seek-milano-choco-chip-flavoured-biscuits-artificial-flavour-free/pvid/0d347ad0-e9fb-4f36-8811-c084e7a297c9,"https://cdn.zeptonow.com/production/tr:w-1280,ar-1000-1000,pr-true,f-auto,q-80/cms/product_variant/564398fb-5e59-4872-ba30-3f235de00618.jpeg"
Biscuits,Cookies,"https://cdn.zeptonow.com/production/tr:w-90,ar-120-120,pr-true,f-auto,q-80/cms/sub_category/180.png",Britannia Nutrichoice Ragi Millet Cookies | Diabetic Friendly | Maida-free and Sugar-free,Britannia,67,75,150 g,4.8 (1.9k),In Stock,https://www.zeptonow.com/pn/britannia-nutrichoice-ragi-millet-cookies-diabetic-friendly-maida-free-and-sugar-free/pvid/b9a9a7da-0852-48f5-91d3-f8aead01a03d,"https://cdn.zeptonow.com/production/tr:w-1280,ar-1200-1200,pr-true,f-auto,q-80/cms/product_variant/092bf37e-79e3-48dc-8e91-890a7af25ec6.jpeg"
Biscuits,Cookies,"https://cdn.zeptonow.com/production/tr:w-90,ar-120-120,pr-true,f-auto,q-80/cms/sub_category/180.png",Britannia Good Day Cashew Dry Fruit Biscuits| Trans Fat-free,Britannia,24,25,90.8 g,4.6 (113.8k),In Stock,https://www.zeptonow.com/pn/britannia-good-day-cashew-dry-fruit-biscuits-trans-fat-free/pvid/39389906-0c13-4df5-8086-843dc8f3ee4d,"https://cdn.zeptonow.com/production/tr:w-1280,ar-720-720,pr-true,f-auto,q-80/cms/product_variant/03166653-73d0-45f9-acda-943ef3de485b.jpeg"
Biscuits,Cookies,"https://cdn.zeptonow.com/production/tr:w-90,ar-120-120,pr-true,f-auto,q-80/cms/sub_category/180.png",Haldiram's Cookie Heaven Almond and Pista Dry Fruit Biscuits | Trans Fat-free,Haldiram's,105,110,200 g,4.6 (1.5k),In Stock,https://www.zeptonow.com/pn/haldirams-cookie-heaven-almond-and-pista-dry-fruit-biscuits-trans-fat-free/pvid/5fe04b9a-394e-4bb7-a0af-56c6cfe8a252,"https://cdn.zeptonow.com/production/tr:w-1280,ar-883-747,pr-true,f-auto,q-80/inventory/product/5fe04b9a-394e-4bb7-a0af-56c6cfe8a252-1n10JxcPeLrbDFYx6RW134cKXX79u7xkn.jpeg"
Biscuits,Cookies,"https://cdn.zeptonow.com/production/tr:w-90,ar-120-120,pr-true,f-auto,q-80/cms/sub_category/180.png",Parle Hide & Seek Milano Chocolate Flavoured Biscuits,Parle,40,40,75 g,4.6 (18.7k),In Stock,https://www.zeptonow.com/pn/parle-hide-seek-milano-chocolate-flavoured-biscuits/pvid/c5e40f12-2618-4d9e-bfde-0317a4702582,"https://cdn.zeptonow.com/production/tr:w-1280,ar-1000-1000,pr-true,f-auto,q-80/cms/product_variant/ce9a363a-19b6-4cf1-afe9-f9dae3ee6328.jpeg"
Biscuits,Cookies,"https://cdn.zeptonow.com/production/tr:w-90,ar-120-120,pr-true,f-auto,q-80/cms/sub_category/180.png",Britannia Good Day Chunkies Coconut Flavoured Biscuits | Trans Fat-free,Britannia,39,45,100 g,4.7 (7.3k),In Stock,https://www.zeptonow.com/pn/britannia-good-day-chunkies-coconut-flavoured-biscuits-trans-fat-free/pvid/386a7111-bfd7-4aa3-a779-fd6fd8a760ae,"https://cdn.zeptonow.com/production/tr:w-1280,ar-1200-1200,pr-true,f-auto,q-80/cms/product_variant/3a994b90-15f5-4def-9798-1aa2ae0b1275.jpeg"
Biscuits,Cookies,"https://cdn.zeptonow.com/production/tr:w-90,ar-120-120,pr-true,f-auto,q-80/cms/sub_category/180.png",Sugar Free D'Lite Choco Chip Biscuits | Trans Fat-free,Sugar free,56,65,75 g,4.6 (3.6k),In Stock,https://www.zeptonow.com/pn/sugar-free-dlite-choco-chip-biscuits-trans-fat-free/pvid/d789839c-a839-4976-bdc9-9b46e3ea5e5c,"https://cdn.zeptonow.com/production/tr:w-1280,ar-1280-1280,pr-true,f-auto,q-80/cms/product_variant/5e997057-5cec-48ba-8b9f-53f3be12af64.jpg"
Biscuits,Cookies,"https://cdn.zeptonow.com/production/tr:w-90,ar-120-120,pr-true,f-auto,q-80/cms/sub_category/180.png",Cadbury Chocobakes Choco Chip Flavoured Biscuits | Artificial Colour-free,Cadbury,56,80,167 g,4.6 (11.0k),In Stock,https://www.zeptonow.com/pn/cadbury-chocobakes-choco-chip-flavoured-biscuits-artificial-colour-free/pvid/547d0c0e-4094-4da7-a210-439b6ebe1a90,"https://cdn.zeptonow.com/production/tr:w-1280,ar-1100-1100,pr-true,f-auto,q-80/cms/product_variant/806c349e-7646-4608-8c73-c705c7dc1153.jpeg"
Biscuits,Cookies,"https://cdn.zeptonow.com/production/tr:w-90,ar-120-120,pr-true,f-auto,q-80/cms/sub_category/180.png",Cadbury Oreo Choco Chip Flavoured Biscuits | Artificial Flavour-free,Cadbury,40,40,83 g,4.6 (5.9k),In Stock,https://www.zeptonow.com/pn/cadbury-oreo-choco-chip-flavoured-biscuits-artificial-flavour-free/pvid/99f8ecf1-f879-4390-a726-118e9ef32fca,"https://cdn.zeptonow.com/production/tr:w-1280,ar-1100-1100,pr-true,f-auto,q-80/cms/product_variant/6f14f5fd-034b-4ecc-b82b-53bf904733b7.jpeg"
Biscuits,Cookies,"https://cdn.zeptonow.com/production/tr:w-90,ar-120-120,pr-true,f-auto,q-80/cms/sub_category/180.png",Britannia Nutrichoice Black Bourbon Oats Biscuits | Cholesterol-free and Trans Fat-free,Britannia,68,75,150 g,4.9 (1.2k),In Stock,https://www.zeptonow.com/pn/britannia-nutrichoice-black-bourbon-oats-biscuits-cholesterol-free-and-trans-fat-free/pvid/c11c9b07-5767-4fc6-8c44-1bd7297f2200,"https://cdn.zeptonow.com/production/tr:w-1280,ar-1200-1200,pr-true,f-auto,q-80/cms/product_variant/5affda0d-eb1e-463e-be1b-69cb5ecf3321.jpeg"
Biscuits,Cookies,"https://cdn.zeptonow.com/production/tr:w-90,ar-120-120,pr-true,f-auto,q-80/cms/sub_category/180.png",Open Secret Zero Maida Chocolate Millet Cookies | Maida-free and Sugar-free,Open Secret,43,45,40 g,4.2 (2.8k),In Stock,https://www.zeptonow.com/pn/open-secret-zero-maida-chocolate-millet-cookies-maida-free-and-sugar-free/pvid/0794178f-895d-4f5d-a08f-2acbdf1e3bc0,"https://cdn.zeptonow.com/production/tr:w-1280,ar-1021-1021,pr-true,f-auto,q-80/cms/product_variant/d3ea0f12-ac55-4d34-ab41-f46a6bee1ac9.jpeg"
Biscuits,Cookies,"https://cdn.zeptonow.com/production/tr:w-90,ar-120-120,pr-true,f-auto,q-80/cms/sub_category/180.png",Anand Sweet Chocomika Butter Flavoured Biscuits | Artificial Colour-free,Anand,276,320,225 g,5 (71),In Stock,https://www.zeptonow.com/pn/anand-sweet-chocomika-butter-flavoured-biscuits-artificial-colour-free/pvid/5f6c5c5d-5972-41e5-a12f-204b391be2d3,"https://cdn.zeptonow.com/production/tr:w-1280,ar-2400-2400,pr-true,f-auto,q-80/cms/product_variant/8c059b14-cfca-40c6-aebc-88cf92e12740.jpeg"
Biscuits,Cookies,"https://cdn.zeptonow.com/production/tr:w-90,ar-120-120,pr-true,f-auto,q-80/cms/sub_category/180.png",Open Secret Premium Choco Almond Flavoured Biscuits | Maida-free,Open Secret,99,105,75 g,4.7 (1.5k),In Stock,https://www.zeptonow.com/pn/open-secret-premium-choco-almond-flavoured-biscuits-maida-free/pvid/ddc60810-5cc0-4581-96c4-099cc9960a75,"https://cdn.zeptonow.com/production/tr:w-1280,ar-1021-1021,pr-true,f-auto,q-80/cms/product_variant/6794c29d-2dfa-4a22-a9e8-730376992bbd.jpeg"
Biscuits,Cookies,"https://cdn.zeptonow.com/production/tr:w-90,ar-120-120,pr-true,f-auto,q-80/cms/sub_category/180.png",Lal Sweets Classic Kaju and Pista Dry Fruit Biscuits | Trans Fat-free,Lal,205,220,400 g,4.7 (374),In Stock,https://www.zeptonow.com/pn/lal-sweets-classic-kaju-and-pista-dry-fruit-biscuits-trans-fat-free/pvid/9e3e2b4e-14aa-43b1-a8f3-64018bd95d9b,"https://cdn.zeptonow.com/production/tr:w-1280,ar-1600-1600,pr-true,f-auto,q-80/cms/product_variant/630a48fc-cc70-436d-9b9c-3db27432c066.jpg"
Biscuits,Cookies,"https://cdn.zeptonow.com/production/tr:w-90,ar-120-120,pr-true,f-auto,q-80/cms/sub_category/180.png",Raajali Multimillet Power Protein Cookies,Raajali,107,110,120 g,4.4 (1.0k),In Stock,https://www.zeptonow.com/pn/raajali-multimillet-power-protein-cookies/pvid/41d61eb0-9e4b-425a-a73b-0d3d9bea14dd,"https://cdn.zeptonow.com/production/tr:w-1280,ar-1200-1200,pr-true,f-auto,q-80/cms/product_variant/82b0b69b-5bf7-4fe2-8a9b-21aff270e226.jpg"
Biscuits,Cookies,"https://cdn.zeptonow.com/production/tr:w-90,ar-120-120,pr-true,f-auto,q-80/cms/sub_category/180.png",Kikibix Sattu Almond Healthy Cookies | No Refined Sugar | No Palm Oil,Kikibix,73,99,65 g,4.5 (69),In Stock,https://www.zeptonow.com/pn/kikibix-sattu-almond-healthy-cookies-no-refined-sugar-no-palm-oil/pvid/629596d4-39fc-404b-b7bf-0cdefb18e0cc,"https://cdn.zeptonow.com/production/tr:w-1280,ar-1080-1080,pr-true,f-auto,q-80/cms/product_variant/f80946b0-0444-49b3-b703-768b2c9d303f.jpeg"
Biscuits,Cookies,"https://cdn.zeptonow.com/production/tr:w-90,ar-120-120,pr-true,f-auto,q-80/cms/sub_category/180.png",Kikibix Millet Chocolate Chip Flavoured Biscuits | Artificial Flavour-free and Preservative-free,Kikibix,170,200,130 g,4.3 (152),In Stock,https://www.zeptonow.com/pn/kikibix-millet-chocolate-chip-flavoured-biscuits-artificial-flavour-free-and-preservative-free/pvid/b77fa831-299a-42ba-bddb-72091e77d559,"https://cdn.zeptonow.com/production/tr:w-1280,ar-1080-1080,pr-true,f-auto,q-80/cms/product_variant/b042a639-1538-4daf-a557-0af5b2c1eab8.jpeg"
Biscuits,Cookies,"https://cdn.zeptonow.com/production/tr:w-90,ar-120-120,pr-true,f-auto,q-80/cms/sub_category/180.png",Nova Mini Waffle Cookies - Belgian Chocolate Waffle Biscuits | Preservative-free,Nova,107,120,65 g,4.1 (569),In Stock,https://www.zeptonow.com/pn/nova-mini-waffle-cookies-belgian-chocolate-waffle-biscuits-preservative-free/pvid/7251aae4-195a-4802-b050-ea489e608f46,"https://cdn.zeptonow.com/production/tr:w-1280,ar-1080-1080,pr-true,f-auto,q-80/cms/product_variant/91a94fa4-bcba-469e-bd19-f591886507f6.jpeg"
Biscuits,Cookies,"https://cdn.zeptonow.com/production/tr:w-90,ar-120-120,pr-true,f-auto,q-80/cms/sub_category/180.png",Tiffany Chocolate Sugar Free Biscuits | Sugar-free and Trans Fat-free,Sugar free,250,250,162 g,4.1 (91),In Stock,https://www.zeptonow.com/pn/tiffany-chocolate-sugar-free-biscuits-sugar-free-and-trans-fat-free/pvid/d60a0baa-f733-4be8-bfdf-06e47b63a72a,"https://cdn.zeptonow.com/production/tr:w-1280,ar-2355-1958,pr-true,f-auto,q-80/cms/product_variant/98e4a53b-6f56-44fd-9d5b-e5094b951e93.jpg"
Biscuits,Cookies,"https://cdn.zeptonow.com/production/tr:w-90,ar-120-120,pr-true,f-auto,q-80/cms/sub_category/180.png",Sunfeast Mom's Magic Rich Cashew Almond Dry Fruit Biscuits | Trans Fat-free,MOM,44,50,189 g,4.7 (20.8k),In Stock,https://www.zeptonow.com/pn/sunfeast-moms-magic-rich-cashew-almond-dry-fruit-biscuits-trans-fat-free/pvid/44849f3f-a849-4748-a5ae-bdad5d8da2bf,"https://cdn.zeptonow.com/production/tr:w-1280,ar-1500-1500,pr-true,f-auto,q-80/cms/product_variant/b379f5e4-8fa7-4f18-8473-9cc66e6cb001.jpg"
Biscuits,Cookies,"https://cdn.zeptonow.com/production/tr:w-90,ar-120-120,pr-true,f-auto,q-80/cms/sub_category/180.png",Sunfeast Nice Biscuit Coconut Flavoured Biscuits | Trans Fat-free,Sunfeast,22,25,142 g,4.7 (17.7k),In Stock,https://www.zeptonow.com/pn/sunfeast-nice-biscuit-coconut-flavoured-biscuits-trans-fat-free/pvid/967199ec-ec7a-4fc3-a45b-50e1b5aed43c,"https://cdn.zeptonow.com/production/tr:w-1280,ar-1021-1021,pr-true,f-auto,q-80/cms/product_variant/bab62515-61d4-4478-88b6-a047d2ab2fe9.jpeg"
Biscuits,Cookies,"https://cdn.zeptonow.com/production/tr:w-90,ar-120-120,pr-true,f-auto,q-80/cms/sub_category/180.png",Lal Sweets Classic Cashew Dry Fruit Biscuits | Trans Fat-free,Lal,205,220,400 g,5 (121),In Stock,https://www.zeptonow.com/pn/lal-sweets-classic-cashew-dry-fruit-biscuits-trans-fat-free/pvid/17ffdc56-de3b-404e-b892-aca5a7a4dd2c,"https://cdn.zeptonow.com/production/tr:w-1280,ar-1600-1600,pr-true,f-auto,q-80/cms/product_variant/ea56810c-0af0-4fed-967c-4669bda03971.jpg"
Biscuits,Cookies,"https://cdn.zeptonow.com/production/tr:w-90,ar-120-120,pr-true,f-auto,q-80/cms/sub_category/180.png",Cadbury Bournvita Choco Flavoured Biscuits | Cholesterol-free,Cadbury,34,35,116 g,4.6 (2.8k),In Stock,https://www.zeptonow.com/pn/cadbury-bournvita-choco-flavoured-biscuits-cholesterol-free/pvid/f5ae09c1-6bbd-4eff-a02a-005eb5280718,"https://cdn.zeptonow.com/production/tr:w-1280,ar-1100-1100,pr-true,f-auto,q-80/cms/product_variant/798f57d2-2036-423c-ad82-eb2a74a4f35d.jpeg"
Biscuits,Cookies,"https://cdn.zeptonow.com/production/tr:w-90,ar-120-120,pr-true,f-auto,q-80/cms/sub_category/180.png",Parle Hide & Seek - Chocolate Flavoured Biscuits | Artificial Colour-free,Parle,49,60,200 g,4.7 (106.1k),In Stock,https://www.zeptonow.com/pn/parle-hide-seek-chocolate-flavoured-biscuits-artificial-colour-free/pvid/3920c9e3-776c-458e-8e21-84350c6522f0,"https://cdn.zeptonow.com/production/tr:w-1280,ar-1000-1000,pr-true,f-auto,q-80/cms/product_variant/edd86663-30d3-40ce-8474-b18f140b4995.jpeg"
Biscuits,Cookies,"https://cdn.zeptonow.com/production/tr:w-90,ar-120-120,pr-true,f-auto,q-80/cms/sub_category/180.png",Sugar Free D'Lite Yummy Berry Mixed Berries Oats Biscuits | Sugar-free,Sugar free,119,125,150 g,5 (97),In Stock,https://www.zeptonow.com/pn/sugar-free-dlite-yummy-berry-mixed-berries-oats-biscuits-sugar-free/pvid/a18038d1-0133-4588-83c0-d4a70ff40021,"https://cdn.zeptonow.com/production/tr:w-1280,ar-1280-1280,pr-true,f-auto,q-80/cms/product_variant/8d2d0198-3639-4d45-a1aa-80893ba2b07c.jpg"
Biscuits,Cookies,"https://cdn.zeptonow.com/production/tr:w-90,ar-120-120,pr-true,f-auto,q-80/cms/sub_category/180.png",Dukes Nice Coconut Flavoured Biscuits | Artificial Flavour-free,Dukes,25,35,145 g,4.7 (7.5k),In Stock,https://www.zeptonow.com/pn/dukes-nice-coconut-flavoured-biscuits-artificial-flavour-free/pvid/70cd5383-887e-4ee4-87c2-275047dee90a,"https://cdn.zeptonow.com/production/tr:w-1280,ar-1021-1021,pr-true,f-auto,q-80/cms/product_variant/5f6d0024-9db1-41e5-9d83-314f9bbd418e.jpeg"
Biscuits,Cookies,"https://cdn.zeptonow.com/production/tr:w-90,ar-120-120,pr-true,f-auto,q-80/cms/sub_category/180.png",Britannia Good Day Pista and Badam Dry Fruit Biscuits | Trans Fat-free,Britannia,51,55,200 g,4.5 (12.3k),In Stock,https://www.zeptonow.com/pn/britannia-good-day-pista-and-badam-dry-fruit-biscuits-trans-fat-free/pvid/9c91f019-8c72-494b-b6c3-8a676bdf9819,"https://cdn.zeptonow.com/production/tr:w-1280,ar-1000-1000,pr-true,f-auto,q-80/cms/product_variant/52231ea9-080e-460b-b3c9-77b3c460acf3.jpeg"
Biscuits,Cookies,"https://cdn.zeptonow.com/production/tr:w-90,ar-120-120,pr-true,f-auto,q-80/cms/sub_category/180.png",Parle Milano Choco Flavoured Biscuits | Artificial Flavour-free,Parle,87,170,250 g,4.7 (5.9k),In Stock,https://www.zeptonow.com/pn/parle-milano-choco-flavoured-biscuits-artificial-flavour-free/pvid/1e12c20c-7d53-4115-aa16-b8a76ae5c720,"https://cdn.zeptonow.com/production/tr:w-1280,ar-1000-1000,pr-true,f-auto,q-80/cms/product_variant/d4efa6ec-9be3-4028-b521-fe1450d26cd0.jpeg"
Biscuits,Cookies,"https://cdn.zeptonow.com/production/tr:w-90,ar-120-120,pr-true,f-auto,q-80/cms/sub_category/180.png",Unifit Oats Coconut Cookies | Delightfully Crunchy | Rich in Fiber and Protein,Unifit,73,85,75 g,4.7 (207),In Stock,https://www.zeptonow.com/pn/unifit-oats-coconut-cookies-delightfully-crunchy-rich-in-fiber-and-protein/pvid/83585a02-eacf-4154-be04-e5b6f104ba5e,"https://cdn.zeptonow.com/production/tr:w-1280,ar-1500-1500,pr-true,f-auto,q-80/cms/product_variant/c07ace3d-dd97-49ff-9558-a42dbb8530a9.jpg"
Biscuits,Cookies,"https://cdn.zeptonow.com/production/tr:w-90,ar-120-120,pr-true,f-auto,q-80/cms/sub_category/180.png",Kikibix Fruit And Nut Digestive Dry Fruit Biscuits | Maida-free and Trans Fat-free,Kikibix,142,200,130 g,5 (61),In Stock,https://www.zeptonow.com/pn/kikibix-fruit-and-nut-digestive-dry-fruit-biscuits-maida-free-and-trans-fat-free/pvid/4d220aa1-4383-426f-97d0-024ddf0fb9d3,"https://cdn.zeptonow.com/production/tr:w-1280,ar-1080-1080,pr-true,f-auto,q-80/cms/product_variant/9778e722-b630-4795-b40d-b206709a757d.jpeg"
Biscuits,Cookies,"https://cdn.zeptonow.com/production/tr:w-90,ar-120-120,pr-true,f-auto,q-80/cms/sub_category/180.png",Britannia Good Day Butter Jeera Biscuits | Trans Fat-free,Britannia,89,200,450 g,4.8 (5.6k),In Stock,https://www.zeptonow.com/pn/britannia-good-day-butter-jeera-biscuits-trans-fat-free/pvid/5c61fcc1-e43c-418b-8bb5-c952832f2d57,"https://cdn.zeptonow.com/production/tr:w-1280,ar-900-900,pr-true,f-auto,q-80/cms/product_variant/02e7a8cc-da8d-43c5-aec6-704baa7dbc59.jpeg"
Biscuits,Cookies,"https://cdn.zeptonow.com/production/tr:w-90,ar-120-120,pr-true,f-auto,q-80/cms/sub_category/180.png",Parle Hide & Seek Chocolate Chip Flavoured Biscuits,Parle,114,150,412.5 g,4.6 (2.5k),In Stock,https://www.zeptonow.com/pn/parle-hide-seek-chocolate-chip-flavoured-biscuits/pvid/3833f4da-a5e6-4969-8e9b-9d327fc88bba,"https://cdn.zeptonow.com/production/tr:w-1280,ar-1000-1000,pr-true,f-auto,q-80/cms/product_variant/7950b739-bd53-47e3-a093-88a8a3f18c35.jpeg"
Biscuits,Cookies,"https://cdn.zeptonow.com/production/tr:w-90,ar-120-120,pr-true,f-auto,q-80/cms/sub_category/180.png",Patanjali Nariyal Biscuit,Patanjali,29,30,204 g,4.2 (560),In Stock,https://www.zeptonow.com/pn/patanjali-nariyal-biscuit/pvid/026d56ba-67cc-40cc-be63-7a9d2c30a822,"https://cdn.zeptonow.com/production/tr:w-1280,ar-903-903,pr-true,f-auto,q-80/cms/product_variant/604ce30a-69b0-42fd-b9c9-4372457db50d.jpg"
Biscuits,Cookies,"https://cdn.zeptonow.com/production/tr:w-90,ar-120-120,pr-true,f-auto,q-80/cms/sub_category/180.png",Dukes Nice Coconut Flavoured Biscuits | Artificial Flavour-free,Dukes,64,70,435 g,4.7 (4.5k),In Stock,https://www.zeptonow.com/pn/dukes-nice-coconut-flavoured-biscuits-artificial-flavour-free/pvid/7645e312-cfa4-493b-9da5-b7d0d6ae6fbf,"https://cdn.zeptonow.com/production/tr:w-1280,ar-1500-1500,pr-true,f-auto,q-80/cms/product_variant/bb2c8d6a-5fc1-4985-bf90-02641e9caf46.jpg"
Biscuits,Cookies,"https://cdn.zeptonow.com/production/tr:w-90,ar-120-120,pr-true,f-auto,q-80/cms/sub_category/180.png",Parle 20-20 Gold Cashew Dry Fruit Biscuits | Preservative-free,Parle,115,190,600 g,4.5 (3.9k),In Stock,https://www.zeptonow.com/pn/parle-20-20-gold-cashew-dry-fruit-biscuits-preservative-free/pvid/b300813b-2d8b-4cd7-933c-5f9c2acb012e,"https://cdn.zeptonow.com/production/tr:w-1280,ar-1165-612,pr-true,f-auto,q-80/cms/product_variant/232638ae-f031-46fa-be62-fbad7dac0971.jpeg"
Biscuits,Cookies,"https://cdn.zeptonow.com/production/tr:w-90,ar-120-120,pr-true,f-auto,q-80/cms/sub_category/180.png",Unifit Peanut Butter Cookies | Nutritious and Crunchy,Unifit,60,75,30 g,4.3 (691),In Stock,https://www.zeptonow.com/pn/unifit-peanut-butter-cookies-nutritious-and-crunchy/pvid/5b0143a4-20e8-4df8-9bb6-0dc74bc4d430,"https://cdn.zeptonow.com/production/tr:w-1280,ar-900-900,pr-true,f-auto,q-80/cms/product_variant/e7757e94-2cb8-4de4-a383-79b7faab2a67.jpg"
Biscuits,Cookies,"https://cdn.zeptonow.com/production/tr:w-90,ar-120-120,pr-true,f-auto,q-80/cms/sub_category/180.png",Britannia Tiger Krunch Choco Chip Flavoured Biscuits | Artificial Colour-free,Britannia,75,150,400 g,4.7 (10.6k),In Stock,https://www.zeptonow.com/pn/britannia-tiger-krunch-choco-chip-flavoured-biscuits-artificial-colour-free/pvid/3d00357f-8a2b-4763-bbde-4b40d47f80e1,"https://cdn.zeptonow.com/production/tr:w-1280,ar-1021-1021,pr-true,f-auto,q-80/cms/product_variant/7c9dde57-7c17-4443-ba98-26bd15a0918b.jpeg"
Biscuits,Cookies,"https://cdn.zeptonow.com/production/tr:w-90,ar-120-120,pr-true,f-auto,q-80/cms/sub_category/180.png",Parle Happy Happy Choco Chip Flavoured Biscuits | Artificial Flavour-free,Parle,78,150,396 g,4.8 (8.5k),In Stock,https://www.zeptonow.com/pn/parle-happy-happy-choco-chip-flavoured-biscuits-artificial-flavour-free/pvid/359a31b5-b51b-4a5d-8f0e-77d1655db30d,"https://cdn.zeptonow.com/production/tr:w-1280,ar-1200-1200,pr-true,f-auto,q-80/cms/product_variant/4b626ba4-a9e5-4723-81da-116a4a66779a.jpeg"
Biscuits,Cookies,"https://cdn.zeptonow.com/production/tr:w-90,ar-120-120,pr-true,f-auto,q-80/cms/sub_category/180.png",Unifit Muesli Cookies | Crunchy and Wholesome | High Protein and Fiber,Unifit,68,85,75 g,4.5 (196),In Stock,https://www.zeptonow.com/pn/unifit-muesli-cookies-crunchy-and-wholesome-high-protein-and-fiber/pvid/24529694-7002-4f8e-add7-2a1ea497582c,"https://cdn.zeptonow.com/production/tr:w-1280,ar-1500-1500,pr-true,f-auto,q-80/cms/product_variant/7470875e-8c65-4e6a-b076-f8fb2ce332f9.jpg"
Biscuits,Cookies,"https://cdn.zeptonow.com/production/tr:w-90,ar-120-120,pr-true,f-auto,q-80/cms/sub_category/180.png",Sunfeast Baked Creations Rich Choco Chip Flavoured Biscuits | Artificial Colour-free,Sunfeast,135,150,120 g,4.6 (609),In Stock,https://www.zeptonow.com/pn/sunfeast-baked-creations-rich-choco-chip-flavoured-biscuits-artificial-colour-free/pvid/d8490439-8b07-4f73-9a56-58ee59b7d862,"https://cdn.zeptonow.com/production/tr:w-1280,ar-1000-1000,pr-true,f-auto,q-80/cms/product_variant/766543a2-8bc7-4d7f-9c7c-938ad1a81743.jpeg"
Biscuits,Cookies,"https://cdn.zeptonow.com/production/tr:w-90,ar-120-120,pr-true,f-auto,q-80/cms/sub_category/180.png",Unifit Honey Oats Cookies | Crispy and Wholesome | High Protein and Fiber,Unifit,68,85,75 g,4.4 (236),In Stock,https://www.zeptonow.com/pn/unifit-honey-oats-cookies-crispy-and-wholesome-high-protein-and-fiber/pvid/7b2825fd-b7ae-400e-aa10-4dc5b34db665,"https://cdn.zeptonow.com/production/tr:w-1280,ar-1500-1500,pr-true,f-auto,q-80/cms/product_variant/0f34f8a7-65fd-4ad9-9d0c-695d19e499bb.jpg"
Biscuits,Cookies,"https://cdn.zeptonow.com/production/tr:w-90,ar-120-120,pr-true,f-auto,q-80/cms/sub_category/180.png",Sunfeast Baked Creations Oats and Hazlenut Flavoured Biscuits | Artificial Colour-free,Sunfeast,117,130,120 g,4.1 (229),In Stock,https://www.zeptonow.com/pn/sunfeast-baked-creations-oats-and-hazlenut-flavoured-biscuits-artificial-colour-free/pvid/6f5c5acb-255f-40f1-92fb-1e6eac80cc33,"https://cdn.zeptonow.com/production/tr:w-1280,ar-3000-3000,pr-true,f-auto,q-80/cms/product_variant/f48dc6e6-fe98-468a-bcbd-ad3a60e3c6d8.jpeg"
Biscuits,Cookies,"https://cdn.zeptonow.com/production/tr:w-90,ar-120-120,pr-true,f-auto,q-80/cms/sub_category/180.png",Open Secret Zero Maida Chocolate Almond Flavoured Biscuits | Artificial Flavour-free,Open Secret,98,105,75 g,4.7 (2.1k),In Stock,https://www.zeptonow.com/pn/open-secret-zero-maida-chocolate-almond-flavoured-biscuits-artificial-flavour-free/pvid/86f37857-ade7-4499-9352-cf9c14e0c2d8,"https://cdn.zeptonow.com/production/tr:w-1280,ar-1200-1200,pr-true,f-auto,q-80/cms/product_variant/47b3c5dd-ab9c-4d3e-a526-e2537c227dda.jpeg"
Biscuits,Cookies,"https://cdn.zeptonow.com/production/tr:w-90,ar-120-120,pr-true,f-auto,q-80/cms/sub_category/180.png","Kikibix Fig 'N' Date Dry Fruit Biscuits | Maida-free, Palm Oil-freeand Trans Fat-free",Kikibix,156,200,130 g,4.4 (112),In Stock,https://www.zeptonow.com/pn/kikibix-fig-n-date-dry-fruit-biscuits-maida-free-palm-oil-freeand-trans-fat-free/pvid/95d75d3e-1046-4a98-9c60-56af2843fde1,"https://cdn.zeptonow.com/production/tr:w-1280,ar-1080-1080,pr-true,f-auto,q-80/cms/product_variant/cab863c9-204d-401f-b209-a87594b429cc.jpeg"
Biscuits,Cookies,"https://cdn.zeptonow.com/production/tr:w-90,ar-120-120,pr-true,f-auto,q-80/cms/sub_category/180.png","Patanjali Cashew Cookies, Healthy No Maida With Fiber Healthy & Nutritious Biscuits",Patanjali,34,35,200 g,4.7 (72),In Stock,https://www.zeptonow.com/pn/patanjali-cashew-cookies-healthy-no-maida-with-fiber-healthy-nutritious-biscuits/pvid/5b4737a3-28a7-4e64-b193-6023b7d45d40,"https://cdn.zeptonow.com/production/tr:w-1280,ar-1500-1500,pr-true,f-auto,q-80/cms/product_variant/621da6d2-7153-443a-a931-fe9f62b8ccbb.jpg"
Biscuits,Cookies,"https://cdn.zeptonow.com/production/tr:w-90,ar-120-120,pr-true,f-auto,q-80/cms/sub_category/180.png",Unifit Choco Seeds Cookies | Nutritious and Crunchy,Unifit,60,75,35 g,4 (250),In Stock,https://www.zeptonow.com/pn/unifit-choco-seeds-cookies-nutritious-and-crunchy/pvid/79125f16-4415-4d92-9ed0-03edf656cd61,"https://cdn.zeptonow.com/production/tr:w-1280,ar-900-900,pr-true,f-auto,q-80/cms/product_variant/67cd55e8-29b4-4db1-a0eb-c0d0543863fb.jpg"
Biscuits,Cookies,"https://cdn.zeptonow.com/production/tr:w-90,ar-120-120,pr-true,f-auto,q-80/cms/sub_category/180.png",Sunfeast Baked Creations Walnut & Choco Chip Flavoured Biscuits | Artificial Colour-free,Sunfeast,135,150,120 g,4.4 (506),In Stock,https://www.zeptonow.com/pn/sunfeast-baked-creations-walnut-choco-chip-flavoured-biscuits-artificial-colour-free/pvid/ab646eaa-c113-43e1-9e62-b57bce6f4cd5,"https://cdn.zeptonow.com/production/tr:w-1280,ar-3000-3000,pr-true,f-auto,q-80/cms/product_variant/e9ec0a97-f5af-4b35-b8c1-bdf26a5e8cce.jpeg"
Biscuits,Cookies,"https://cdn.zeptonow.com/production/tr:w-90,ar-120-120,pr-true,f-auto,q-80/cms/sub_category/180.png","Open Secret Gift Box Almonds, Cashewand Peanuts Assorted Biscuits | Artificial Colour-free",Open Secret,305,350,150 g,5 (70),In Stock,https://www.zeptonow.com/pn/open-secret-gift-box-almonds-cashewand-peanuts-assorted-biscuits-artificial-colour-free/pvid/9415d4c6-a8b6-4500-9d1a-9b28bc090052,"https://cdn.zeptonow.com/production/tr:w-1280,ar-2400-2400,pr-true,f-auto,q-80/cms/product_variant/fa653970-bdda-4510-9411-a8a23eb8aa5f.jpeg"
Biscuits,Cookies,"https://cdn.zeptonow.com/production/tr:w-90,ar-120-120,pr-true,f-auto,q-80/cms/sub_category/180.png",Unifit Choco Chips Cookies | Crispy and Chocolatey | High Protein and Fiber,Unifit,68,85,75 g,3.9 (202),In Stock,https://www.zeptonow.com/pn/unifit-choco-chips-cookies-crispy-and-chocolatey-high-protein-and-fiber/pvid/3f9ed4dd-9e37-4501-9d50-6b58d6f03749,"https://cdn.zeptonow.com/production/tr:w-1280,ar-1500-1500,pr-true,f-auto,q-80/cms/product_variant/298da7b4-00dc-4ac5-9aa4-8cb2b47ef31e.jpg"
Biscuits,Cookies,"https://cdn.zeptonow.com/production/tr:w-90,ar-120-120,pr-true,f-auto,q-80/cms/sub_category/180.png",Sunfeast Dark Fantasy Expressions Chocolate Assorted Biscuits | Preservative-free,Sunfeast,200,250,300 g,4.9 (258),In Stock,https://www.zeptonow.com/pn/sunfeast-dark-fantasy-expressions-chocolate-assorted-biscuits-preservative-free/pvid/db0091e6-3264-4a9e-b2c9-8388992a5522,"https://cdn.zeptonow.com/production/tr:w-1280,ar-1200-1200,pr-true,f-auto,q-80/cms/product_variant/e9286899-d9f7-414b-9997-8205b99639e7.jpeg"
Biscuits,Cookies,"https://cdn.zeptonow.com/production/tr:w-90,ar-120-120,pr-true,f-auto,q-80/cms/sub_category/180.png",Gulab Atta Cookies,Gulab,103,115,250 g,4.4 (520),In Stock,https://www.zeptonow.com/pn/gulab-atta-cookies/pvid/519a23ae-7a8e-48df-bbb7-d01cf5e70d49,"https://cdn.zeptonow.com/production/tr:w-1280,ar-2000-2000,pr-true,f-auto,q-80/inventory/product/4513aa1c-3817-459d-8007-367e7b60c85f-Photo.jpeg"
Biscuits,Cookies,"https://cdn.zeptonow.com/production/tr:w-90,ar-120-120,pr-true,f-auto,q-80/cms/sub_category/180.png",Britannia Good Day Chunkies Chocochip Cookies,Britannia,34,45,75 g,4.7 (10.2k),In Stock,https://www.zeptonow.com/pn/britannia-good-day-chunkies-chocochip-cookies/pvid/4b680a02-e5ea-4365-9a52-466d1dc73b56,"https://cdn.zeptonow.com/production/tr:w-1280,ar-1500-1500,pr-true,f-auto,q-80/cms/product_variant/b860e4eb-9b4c-4c6c-97b2-4dc9a2dddfe5.jpg"
Biscuits,Cookies,"https://cdn.zeptonow.com/production/tr:w-90,ar-120-120,pr-true,f-auto,q-80/cms/sub_category/180.png",CookieMan Choco Chunk Cookies 120 g Combo,CookieMan,260,298,120 g X 2,4.6 (290),In Stock,https://www.zeptonow.com/pn/cookieman-choco-chunk-cookies-120-g-combo/pvid/aeec3591-cb4d-4bb6-a857-ade864d01ddf,"https://cdn.zeptonow.com/production/tr:w-1280,ar-1500-1500,pr-true,f-auto,q-80/cms/product_variant/6c84a4bc-1c09-40b5-b8fa-bc0a678d7460.jpg"
Biscuits,Cookies,"https://cdn.zeptonow.com/production/tr:w-90,ar-120-120,pr-true,f-auto,q-80/cms/sub_category/180.png","Open Secret Zero Maida Chocolate Millet Biscuit, Healthy Snacks with No Refined Sugar & No Palm Oil 40 g Combo",Open Secret,82,90,40 g X 2,4.4 (567),In Stock,https://www.zeptonow.com/pn/open-secret-zero-maida-chocolate-millet-biscuit-healthy-snacks-with-no-refined-sugar-no-palm-oil-40-g-combo/pvid/b4049337-c471-41cd-a7da-b622c5f8a667,"https://cdn.zeptonow.com/production/tr:w-1280,ar-1500-1500,pr-true,f-auto,q-80/cms/product_variant/34bda799-2e70-4695-988e-314e7042b45b.jpg"
Biscuits,Cookies,"https://cdn.zeptonow.com/production/tr:w-90,ar-120-120,pr-true,f-auto,q-80/cms/sub_category/180.png",Britannia Nutrichoice Oats Chocolate & Almond Biscuits 75 g Combo,Britannia,44,50,75 g X 2,4.2 (232),In Stock,https://www.zeptonow.com/pn/britannia-nutrichoice-oats-chocolate-almond-biscuits-75-g-combo/pvid/7979a375-84e2-4e2a-971e-fa4b82d76810,"https://cdn.zeptonow.com/production/tr:w-1280,ar-1200-1200,pr-true,f-auto,q-80/cms/product_variant/83dc04d7-0889-47ac-bd8c-dcd54868bc04.jpg"
Biscuits,Cookies,"https://cdn.zeptonow.com/production/tr:w-90,ar-120-120,pr-true,f-auto,q-80/cms/sub_category/180.png",Britannia Little Hearts Classic Crunch Biscuit 70 g Combo,Britannia,54,60,70 g X 2,4.6 (246),In Stock,https://www.zeptonow.com/pn/britannia-little-hearts-classic-crunch-biscuit-70-g-combo/pvid/fa1e065c-09d3-42f0-ade5-c017a35cd84e,"https://cdn.zeptonow.com/production/tr:w-1280,ar-1500-1500,pr-true,f-auto,q-80/cms/product_variant/83a42314-f632-4470-a1a7-6480aff73278.jpg"
Biscuits,Cookies,"https://cdn.zeptonow.com/production/tr:w-90,ar-120-120,pr-true,f-auto,q-80/cms/sub_category/180.png",Sunfeast Nice Biscuit 142 g Combo,Sunfeast,40,50,142 g X 2,4.2 (868),In Stock,https://www.zeptonow.com/pn/sunfeast-nice-biscuit-142-g-combo/pvid/5d407dff-5718-4979-b2aa-b3aa28cc9d7d,"https://cdn.zeptonow.com/production/tr:w-1280,ar-1500-1500,pr-true,f-auto,q-80/cms/product_variant/8e4ffeba-9c95-4342-9faf-ab5447a2d537.jpg"
Biscuits,Cookies,"https://cdn.zeptonow.com/production/tr:w-90,ar-120-120,pr-true,f-auto,q-80/cms/sub_category/180.png",Britannia Good Day Cashew Cookies(100gms) & Bingo! Chilli Sprinkled Potato Chips(45gms) Combo,Britannia,42,45,2 combo,4.2 (612),In Stock,https://www.zeptonow.com/pn/britannia-good-day-cashew-cookies100gms-bingo-chilli-sprinkled-potato-chips45gms-combo/pvid/3bec4837-e47c-4b1a-81dd-1db550fe3e67,"https://cdn.zeptonow.com/production/tr:w-1280,ar-1494-1494,pr-true,f-auto,q-80/cms/product_variant/4ef0c5f5-5339-4efa-b467-58f23606fc2b.jpg"
Biscuits,Cookies,"https://cdn.zeptonow.com/production/tr:w-90,ar-120-120,pr-true,f-auto,q-80/cms/sub_category/180.png",UNIBIC Choco Chip Cookies 75 g Combo,Unibic,57,90,75 g X 3,4.3 (618),In Stock,https://www.zeptonow.com/pn/unibic-choco-chip-cookies-75-g-combo/pvid/02f5e089-0fe6-4497-afd0-8f56b64126ea,"https://cdn.zeptonow.com/production/tr:w-1280,ar-1500-1500,pr-true,f-auto,q-80/inventory/product/d6e5f4ac-9841-4d6b-9e71-791fbdc78126-402.jpg"
Biscuits,Cookies,"https://cdn.zeptonow.com/production/tr:w-90,ar-120-120,pr-true,f-auto,q-80/cms/sub_category/180.png",Britannia Nice Time Biscuit Combo,Britannia,46,50,150 g X 2,4.6 (446),In Stock,https://www.zeptonow.com/pn/britannia-nice-time-biscuit-combo/pvid/b77fc982-afcf-438c-b6a8-f73226bf0536,"https://cdn.zeptonow.com/production/tr:w-1280,ar-1500-1500,pr-true,f-auto,q-80/inventory/product/b2d86fcc-608f-4e80-8b1e-f5f709ef0e6b-Britannia_Nice_Time_Biscuit_(Pack_of_2).jpg"
Biscuits,Cookies,"https://cdn.zeptonow.com/production/tr:w-90,ar-120-120,pr-true,f-auto,q-80/cms/sub_category/180.png",Cadbury Chocobakes ChocoChip Cookies 83 g Combo,Cadbury,76,80,83 g X 2,4.7 (985),In Stock,https://www.zeptonow.com/pn/cadbury-chocobakes-chocochip-cookies-83-g-combo/pvid/17b65d78-71b9-4d55-8f82-085c8acc1cf9,"https://cdn.zeptonow.com/production/tr:w-1280,ar-1500-1500,pr-true,f-auto,q-80/cms/product_variant/4ebe4d04-bc0a-4871-b928-97f73c0e8cae.jpg"
Biscuits,Cookies,"https://cdn.zeptonow.com/production/tr:w-90,ar-120-120,pr-true,f-auto,q-80/cms/sub_category/180.png",Sunfeast Nice Biscuit 142 g Combo,Sunfeast,57,75,142 g X 3,4.3 (465),In Stock,https://www.zeptonow.com/pn/sunfeast-nice-biscuit-142-g-combo/pvid/810c33ec-95ef-4506-993b-f98b8e7fee63,"https://cdn.zeptonow.com/production/tr:w-1280,ar-1500-1500,pr-true,f-auto,q-80/inventory/product/813ed387-559e-479f-80a0-a683f9fd6d9e-3440.jpg"
Biscuits,Cookies,"https://cdn.zeptonow.com/production/tr:w-90,ar-120-120,pr-true,f-auto,q-80/cms/sub_category/180.png",UNIBIC Choco Chip Cookies Combo,Unibic,40,60,75 g X 2,4.7 (514),In Stock,https://www.zeptonow.com/pn/unibic-choco-chip-cookies-combo/pvid/027f21cc-2db9-4061-82a1-1d3ee2cc9cd6,"https://cdn.zeptonow.com/production/tr:w-1280,ar-1500-1500,pr-true,f-auto,q-80/inventory/product/027f21cc-2db9-4061-82a1-1d3ee2cc9cd6-1DSE1kd133XAJbdVElAXxbHD-GhcstImj.jpeg"
Biscuits,Cookies,"https://cdn.zeptonow.com/production/tr:w-90,ar-120-120,pr-true,f-auto,q-80/cms/sub_category/180.png",Sugar Free D'Lite Choco Chip Cookies | Zero Added Sugar | Made with Oats & Quinoa 75 g Combo,Sugar free,102,130,75 g X 2,4.6 (466),In Stock,https://www.zeptonow.com/pn/sugar-free-dlite-choco-chip-cookies-zero-added-sugar-made-with-oats-quinoa-75-g-combo/pvid/d58e9275-0913-497f-842e-78107c049631,"https://cdn.zeptonow.com/production/tr:w-1280,ar-1500-1500,pr-true,f-auto,q-80/cms/product_variant/746ec6fe-f6cd-4d10-b1bd-00036be61af4.jpg"
Biscuits,Cookies,"https://cdn.zeptonow.com/production/tr:w-90,ar-120-120,pr-true,f-auto,q-80/cms/sub_category/180.png",Britannia Nutrichoice Oats Chocolate & Almond Biscuits 75 g Combo,Britannia,63,75,75 g X 3,4.5 (330),In Stock,https://www.zeptonow.com/pn/britannia-nutrichoice-oats-chocolate-almond-biscuits-75-g-combo/pvid/e8479a05-0a42-4d88-af54-337092bcfb45,"https://cdn.zeptonow.com/production/tr:w-1280,ar-1200-1200,pr-true,f-auto,q-80/cms/product_variant/22c856c2-93fc-46ab-8109-f9d915a14028.jpg"
Biscuits,Cookies,"https://cdn.zeptonow.com/production/tr:w-90,ar-120-120,pr-true,f-auto,q-80/cms/sub_category/180.png",Dukes Nice Biscuits Combo,Dukes,44,70,145 g X 2,4.7 (504),In Stock,https://www.zeptonow.com/pn/dukes-nice-biscuits-combo/pvid/cb7dbb67-5a67-41a9-9a87-41967c05e913,"https://cdn.zeptonow.com/production/tr:w-1280,ar-1500-1500,pr-true,f-auto,q-80/inventory/product/26e11c7c-eb90-4e0b-b22b-5e0621bf56e2-Dukes_Nice_Biscuits_(Pack_of_2).jpg"
Biscuits,Cookies,"https://cdn.zeptonow.com/production/tr:w-90,ar-120-120,pr-true,f-auto,q-80/cms/sub_category/180.png",UNIBIC Choco Nut Cookies Combo,Unibic,46,60,67.5 X 2,4.7 (776),In Stock,https://www.zeptonow.com/pn/unibic-choco-nut-cookies-combo/pvid/f50d8223-0b6c-4e90-bc8d-43733e868bce,"https://cdn.zeptonow.com/production/tr:w-1280,ar-1500-1500,pr-true,f-auto,q-80/inventory/product/f50d8223-0b6c-4e90-bc8d-43733e868bce-115XuBMGOTjD--jDsHdeQFb0HxjjJG5vo.jpeg"
Biscuits,Cookies,"https://cdn.zeptonow.com/production/tr:w-90,ar-120-120,pr-true,f-auto,q-80/cms/sub_category/180.png",Britannia Nice Time Biscuit 143 g Combo,Britannia,66,75,143 g X 3,4.2 (120),In Stock,https://www.zeptonow.com/pn/britannia-nice-time-biscuit-143-g-combo/pvid/ffa42826-0324-46b4-9abf-0f9a2462f539,"https://cdn.zeptonow.com/production/tr:w-1280,ar-1500-1500,pr-true,f-auto,q-80/inventory/product/5925c06b-7862-4967-80d2-d9d06b74c54e-3392.jpg"
Biscuits,Cookies,"https://cdn.zeptonow.com/production/tr:w-90,ar-120-120,pr-true,f-auto,q-80/cms/sub_category/180.png",Britannia Good Day Cashew Cookies Combo,Britannia,46,50,100 g X 2,4.3 (434),In Stock,https://www.zeptonow.com/pn/britannia-good-day-cashew-cookies-combo/pvid/e9c04e5f-9923-4766-83f5-072334359974,"https://cdn.zeptonow.com/production/tr:w-1280,ar-1500-1500,pr-true,f-auto,q-80/inventory/product/e9c04e5f-9923-4766-83f5-072334359974-1VDWieMwD3M5RBrz4PRxJbhAUsb3awE_F.jpeg"
Biscuits,Cookies,"https://cdn.zeptonow.com/production/tr:w-90,ar-120-120,pr-true,f-auto,q-80/cms/sub_category/180.png",Parle Hide & Seek Chocolate Biscuits 100 g Combo,Parle,81,90,100 g X 3,4.7 (62),In Stock,https://www.zeptonow.com/pn/parle-hide-seek-chocolate-biscuits-100-g-combo/pvid/b3cce516-bc30-4bde-b5d2-7933dd216958,"https://cdn.zeptonow.com/production/tr:w-1280,ar-1500-1500,pr-true,f-auto,q-80/inventory/product/ee8bed7b-7462-4b37-ba39-5f125fd99766-3996.jpg"
Biscuits,Cookies,"https://cdn.zeptonow.com/production/tr:w-90,ar-120-120,pr-true,f-auto,q-80/cms/sub_category/180.png",Britannia Good Day Cashew Cookies 100 g Combo,Britannia,66,75,100 g X 3,4.6 (966),In Stock,https://www.zeptonow.com/pn/britannia-good-day-cashew-cookies-100-g-combo/pvid/5da6716d-9282-476c-8ef7-809122f988ca,"https://cdn.zeptonow.com/production/tr:w-1280,ar-1500-1500,pr-true,f-auto,q-80/inventory/product/17df0e9a-08ea-403b-a184-2b7ae4a31d71-3429.jpg"
Biscuits,Cookies,"https://cdn.zeptonow.com/production/tr:w-90,ar-120-120,pr-true,f-auto,q-80/cms/sub_category/180.png",Britannia Nutri Choice Oats Choco Almond Biscuit Combo,Britannia,44,50,75 g X 2,4.2 (207),In Stock,https://www.zeptonow.com/pn/britannia-nutri-choice-oats-choco-almond-biscuit-combo/pvid/694e6c91-b1e0-416f-beae-5afd330d3475,"https://cdn.zeptonow.com/production/tr:w-1280,ar-1500-1500,pr-true,f-auto,q-80/inventory/product/e9c569fa-3ae6-4268-b1f2-4f2b36490522-Britannia_Nutri_Choice_Oats_Choco_Almond_Biscuit__(Pack_of_2).jpg"
Biscuits,Cookies,"https://cdn.zeptonow.com/production/tr:w-90,ar-120-120,pr-true,f-auto,q-80/cms/sub_category/180.png",Britannia Good Day Pista Badam (100 gms) Combo,Britannia,44,50,100 g X 2,4.7 (496),In Stock,https://www.zeptonow.com/pn/britannia-good-day-pista-badam-100-gms-combo/pvid/27dc618c-1f73-4f34-b13e-af61efc5b33a,"https://cdn.zeptonow.com/production/tr:w-1280,ar-1500-1500,pr-true,f-auto,q-80/inventory/product/e5021773-abf3-42d5-9f58-80fab96c0b37-Britannia_Good_Day_Pista_Badam_(Pack_of_2).jpg"
Biscuits,Cookies,"https://cdn.zeptonow.com/production/tr:w-90,ar-120-120,pr-true,f-auto,q-80/cms/sub_category/180.png",Britannia Good Day Chunky Chocolate Flavoured Biscuits | Preservative-free Combo,Britannia,96,135,75 g X 3,4.4 (473),In Stock,https://www.zeptonow.com/pn/britannia-good-day-chunky-chocolate-flavoured-biscuits-preservative-free-combo/pvid/5512c963-0293-4e2f-8349-ac4c262f6210,"https://cdn.zeptonow.com/production/tr:w-1280,ar-1200-1200,pr-true,f-auto,q-80/cms/product_variant/5f0927c1-547e-42b9-883e-fdfecab8e217.jpg"
Biscuits,Cookies,"https://cdn.zeptonow.com/production/tr:w-90,ar-120-120,pr-true,f-auto,q-80/cms/sub_category/180.png",Parle Hide and Seek Milano 125 g Combo,Parle,92,150,125 g X 2,4.6 (267),In Stock,https://www.zeptonow.com/pn/parle-hide-and-seek-milano-125-g-combo/pvid/fc90007e-b8b5-4a6a-9159-5d6ef732b7f9,"https://cdn.zeptonow.com/production/tr:w-1280,ar-1500-1500,pr-true,f-auto,q-80/cms/product_variant/cb56e4c5-7716-4afe-a670-de1573e0a6f5.jpg"
Biscuits,Cookies,"https://cdn.zeptonow.com/production/tr:w-90,ar-120-120,pr-true,f-auto,q-80/cms/sub_category/180.png",Open Secret Zero Maida Butter Millet Biscuit | Healthy Snacks With Zero Refined Sugar & No Palm Oil (40g) & Open Secret Zero Maida Jeera Millet Biscuit | Healthy Snacks With Zero Refined Sugar & No Palm Oil (40g) Combo,Open Secret,86,90,2 combo,4.2 (128),In Stock,https://www.zeptonow.com/pn/open-secret-zero-maida-butter-millet-biscuit-healthy-snacks-with-zero-refined-sugar-no-palm-oil-40g-open-secret-zero-maida-jeera-millet-biscuit-healthy-snacks-with-zero-refined-sugar-no-palm-oil-40g-combo/pvid/c0a3ddab-d42a-4540-ba17-0986ce5709b9,"https://cdn.zeptonow.com/production/tr:w-1280,ar-1200-1200,pr-true,f-auto,q-80/cms/product_variant/f7cfa554-5fee-46ee-bc52-888626afaced.jpg"
Biscuits,Cookies,"https://cdn.zeptonow.com/production/tr:w-90,ar-120-120,pr-true,f-auto,q-80/cms/sub_category/180.png",UNIBIC Choco Nut Cookies 67 g Combo,Unibic,66,90,67 g X 3,4.4 (712),In Stock,https://www.zeptonow.com/pn/unibic-choco-nut-cookies-67-g-combo/pvid/f8fc76b0-d914-401f-a4a4-30be3a0b0fc8,"https://cdn.zeptonow.com/production/tr:w-1280,ar-1500-1500,pr-true,f-auto,q-80/inventory/product/0b311959-71f9-407c-b2e7-704cfd6d4ac0-3723.jpg"
Biscuits,Cookies,"https://cdn.zeptonow.com/production/tr:w-90,ar-120-120,pr-true,f-auto,q-80/cms/sub_category/180.png",Britannia Good Day Pista Badam 100 g Combo,Britannia,63,75,100 g X 3,4.5 (584),In Stock,https://www.zeptonow.com/pn/britannia-good-day-pista-badam-100-g-combo/pvid/6065eec6-cbf6-4600-88ad-f837092f6a5a,"https://cdn.zeptonow.com/production/tr:w-1280,ar-1500-1500,pr-true,f-auto,q-80/inventory/product/4a14b83a-a560-4dfe-8d6c-8c09f4e6efb1-3417.jpg"
Biscuits,Cookies,"https://cdn.zeptonow.com/production/tr:w-90,ar-120-120,pr-true,f-auto,q-80/cms/sub_category/180.png",Sugar Free D'Lite Yummy Berry Cookies | Zero Added Sugar | Made with Oats & Quinoa 75 g Combo,Sugar free,98,130,75 g X 2,4.6 (840),In Stock,https://www.zeptonow.com/pn/sugar-free-dlite-yummy-berry-cookies-zero-added-sugar-made-with-oats-quinoa-75-g-combo/pvid/6b394684-0b88-481c-bb93-082c801edd70,"https://cdn.zeptonow.com/production/tr:w-1280,ar-1500-1500,pr-true,f-auto,q-80/cms/product_variant/a66ad054-da7e-4643-a6cc-501a59494e27.jpg"
Biscuits,Cookies,"https://cdn.zeptonow.com/production/tr:w-90,ar-120-120,pr-true,f-auto,q-80/cms/sub_category/180.png",Dukes Creme 4 Fun Orange Flavoured Sandwich Biscuits 145 g Combo,Dukes,50,80,145 g X 2,4.4 (790),In Stock,https://www.zeptonow.com/pn/dukes-creme-4-fun-orange-flavoured-sandwich-biscuits-145-g-combo/pvid/86c7c0ab-a864-43fb-9d2c-f80f8daf99c8,"https://cdn.zeptonow.com/production/tr:w-1280,ar-1200-1200,pr-true,f-auto,q-80/cms/product_variant/a91416a1-a9a7-4523-af4b-99cfe2f2ffdb.jpg"
Biscuits,Cookies,"https://cdn.zeptonow.com/production/tr:w-90,ar-120-120,pr-true,f-auto,q-80/cms/sub_category/180.png",Britannia Good Day Chunky Chocolate Flavoured Biscuits | Preservative-free Combo,Britannia,66,90,75 g X 2,4.2 (630),In Stock,https://www.zeptonow.com/pn/britannia-good-day-chunky-chocolate-flavoured-biscuits-preservative-free-combo/pvid/681597fe-08aa-40eb-af84-751e422a239c,"https://cdn.zeptonow.com/production/tr:w-1280,ar-1200-1200,pr-true,f-auto,q-80/cms/product_variant/6a3ceab7-51d7-4670-a6ee-68bf697588f4.jpg"
Biscuits,Cookies,"https://cdn.zeptonow.com/production/tr:w-90,ar-120-120,pr-true,f-auto,q-80/cms/sub_category/180.png",Britannia Good Day Cashew Cookies Packet Combo,Britannia,92,100,200 g X 2,4.3 (628),In Stock,https://www.zeptonow.com/pn/britannia-good-day-cashew-cookies-packet-combo/pvid/26516beb-7c51-4edc-aefc-db78cb6c44d1,"https://cdn.zeptonow.com/production/tr:w-1280,ar-1500-1500,pr-true,f-auto,q-80/inventory/product/3cc746f2-fe81-4e73-bae4-7fd06e3c73dd-Britannia_Good_Day_Cashew_Cookies_Packet_(Pack_of_2).jpg"
Biscuits,Cookies,"https://cdn.zeptonow.com/production/tr:w-90,ar-120-120,pr-true,f-auto,q-80/cms/sub_category/180.png",Parle Hide & Seek - Chocolate 200 g Combo,Parle,92,120,200 g X 2,4.6 (670),In Stock,https://www.zeptonow.com/pn/parle-hide-seek-chocolate-200-g-combo/pvid/15037238-5308-4a23-9206-55ab2c6968f3,"https://cdn.zeptonow.com/production/tr:w-1280,ar-1500-1500,pr-true,f-auto,q-80/cms/product_variant/9a3dd36d-86dd-4581-9dc9-ec72350686d3.jpg"
Biscuits,Cookies,"https://cdn.zeptonow.com/production/tr:w-90,ar-120-120,pr-true,f-auto,q-80/cms/sub_category/180.png",Cadbury Chocobakes ChocoChip Cookies 167 g Combo,Cadbury,104,160,167 g X 2,4.6 (622),In Stock,https://www.zeptonow.com/pn/cadbury-chocobakes-chocochip-cookies-167-g-combo/pvid/a953eb7c-627b-4e0f-9f44-af861331f5d7,"https://cdn.zeptonow.com/production/tr:w-1280,ar-1100-1100,pr-true,f-auto,q-80/cms/product_variant/73a79d20-ca5d-4088-a9c5-4eb8ead64386.jpg"
Biscuits,Cookies,"https://cdn.zeptonow.com/production/tr:w-90,ar-120-120,pr-true,f-auto,q-80/cms/sub_category/180.png",Parle Hide & Seek Milano Cookies 75 g Combo,Parle,74,80,75 g X 2,4.2 (183),In Stock,https://www.zeptonow.com/pn/parle-hide-seek-milano-cookies-75-g-combo/pvid/1cc00520-e0f7-4fe1-86ce-5aaab4d65dd1,"https://cdn.zeptonow.com/production/tr:w-1280,ar-1500-1500,pr-true,f-auto,q-80/cms/product_variant/0c61ae35-51e9-4697-a3df-35e03adb7ca8.jpg"
Biscuits,Cookies,"https://cdn.zeptonow.com/production/tr:w-90,ar-120-120,pr-true,f-auto,q-80/cms/sub_category/180.png",Britannia Good Day Butter Jeera Cookies | Zero Trans Fat 450 g Combo,Britannia,160,400,450 g X 2,4.6 (818),In Stock,https://www.zeptonow.com/pn/britannia-good-day-butter-jeera-cookies-zero-trans-fat-450-g-combo/pvid/88152ac5-e97e-48e9-b953-2e21b4174aab,"https://cdn.zeptonow.com/production/tr:w-1280,ar-1200-1200,pr-true,f-auto,q-80/cms/product_variant/5fc69f4c-39a1-402c-a46e-76595ef2c3b2.jpg"
Biscuits,Cookies,"https://cdn.zeptonow.com/production/tr:w-90,ar-120-120,pr-true,f-auto,q-80/cms/sub_category/180.png",Parle Happy Happy choco chip cookies 396 g Combo,Parle,136,300,396 g X 2,4.3 (873),In Stock,https://www.zeptonow.com/pn/parle-happy-happy-choco-chip-cookies-396-g-combo/pvid/2dc2ef44-bd6b-4d47-9bc9-bfaa158d6336,"https://cdn.zeptonow.com/production/tr:w-1280,ar-1200-1200,pr-true,f-auto,q-80/cms/product_variant/52bbf2f4-b9ef-4e69-b04d-2e3ccf130b22.jpg"
Biscuits,Cookies,"https://cdn.zeptonow.com/production/tr:w-90,ar-120-120,pr-true,f-auto,q-80/cms/sub_category/180.png",UNIBIC Sugar Free Oatmeal Cookies 67 g Combo,Sugar free,150,180,67 g X 3,4.2 (520),In Stock,https://www.zeptonow.com/pn/unibic-sugar-free-oatmeal-cookies-67-g-combo/pvid/7f35ccfd-29fa-4b7a-a044-d6954c687c0e,"https://cdn.zeptonow.com/production/tr:w-1280,ar-1500-1500,pr-true,f-auto,q-80/inventory/product/bf4ee5a5-82f7-4a73-b382-667fdd3a3ad3-404.jpg"
Biscuits,Cookies,"https://cdn.zeptonow.com/production/tr:w-90,ar-120-120,pr-true,f-auto,q-80/cms/sub_category/180.png",Parle Hide & Seek - Chocolate(200gms) & Haldiram'S Moong Dal(200gms) Combo,Parle,107,120,2 combo,4.4 (438),In Stock,https://www.zeptonow.com/pn/parle-hide-seek-chocolate200gms-haldirams-moong-dal200gms-combo/pvid/6b2cbb1d-cb23-4418-923b-54436b996010,"https://cdn.zeptonow.com/production/tr:w-1280,ar-1494-1494,pr-true,f-auto,q-80/cms/product_variant/81c8f117-1eaa-45db-841f-a56481b1c04b.jpg"
Biscuits,Cookies,"https://cdn.zeptonow.com/production/tr:w-90,ar-120-120,pr-true,f-auto,q-80/cms/sub_category/180.png",Parle Hide & Seek Chocolate Chip Cookies 400 g Combo,Parle,208,300,400 g X 2,4.3 (632),In Stock,https://www.zeptonow.com/pn/parle-hide-seek-chocolate-chip-cookies-400-g-combo/pvid/cb6f1e93-dc35-4bd2-9dd6-d7fe280754d3,"https://cdn.zeptonow.com/production/tr:w-1280,ar-1500-1500,pr-true,f-auto,q-80/cms/product_variant/19a29070-8c5e-40e1-b376-32e9d3fb88b8.jpg"
Biscuits,Cookies,"https://cdn.zeptonow.com/production/tr:w-90,ar-120-120,pr-true,f-auto,q-80/cms/sub_category/180.png",Sugar Free D'Lite Choco Chip Cookies | Zero Added Sugar | Made with Oats & Quinoa 75 g Combo,Sugar free,141,195,75 g X 3,4.6 (658),In Stock,https://www.zeptonow.com/pn/sugar-free-dlite-choco-chip-cookies-zero-added-sugar-made-with-oats-quinoa-75-g-combo/pvid/67072a3f-c1ca-4457-a397-17fa8178a4e8,"https://cdn.zeptonow.com/production/tr:w-1280,ar-1500-1500,pr-true,f-auto,q-80/cms/product_variant/06a4d16e-3401-4a8f-981c-f3b66bcbd1f5.jpg"
Biscuits,Cookies,"https://cdn.zeptonow.com/production/tr:w-90,ar-120-120,pr-true,f-auto,q-80/cms/sub_category/180.png",Parle Hide & Seek - Chocolate 200 g Combo,Parle,129,180,200 g X 3,4.2 (144),In Stock,https://www.zeptonow.com/pn/parle-hide-seek-chocolate-200-g-combo/pvid/8feca59c-4840-4135-a119-4316f20be029,"https://cdn.zeptonow.com/production/tr:w-1280,ar-1500-1500,pr-true,f-auto,q-80/cms/product_variant/7ab196dd-cd06-48f9-99c5-e1825d9d5922.jpg"
Biscuits,Cookies,"https://cdn.zeptonow.com/production/tr:w-90,ar-120-120,pr-true,f-auto,q-80/cms/sub_category/180.png",Let'S Try Ragi Kaju Pista Cookies 200 g Combo,Let'S,304,440,200 g X 2,4.3 (393),In Stock,https://www.zeptonow.com/pn/lets-try-ragi-kaju-pista-cookies-200-g-combo/pvid/3fbbacb3-7526-4065-a07b-3ff9486335bb,"https://cdn.zeptonow.com/production/tr:w-1280,ar-1500-1500,pr-true,f-auto,q-80/cms/product_variant/539ca852-e607-442a-9cb0-0e8f2841d696.jpg"
Biscuits,Cookies,"https://cdn.zeptonow.com/production/tr:w-90,ar-120-120,pr-true,f-auto,q-80/cms/sub_category/180.png","Slurrp Farm Banana Oat Cookies - No Maida & No refined Sugar, 88 gm 1 pc Combo",Slurrp Farm,184,198,1 pc X 2,4.3 (313),In Stock,https://www.zeptonow.com/pn/slurrp-farm-banana-oat-cookies-no-maida-no-refined-sugar-88-gm-1-pc-combo/pvid/667121a8-f441-434f-a4f8-527bef415e83,"https://cdn.zeptonow.com/production/tr:w-1280,ar-1500-1500,pr-true,f-auto,q-80/cms/product_variant/fca9c126-18f4-4944-9421-c465184299a7.jpg"
Biscuits,Cookies,"https://cdn.zeptonow.com/production/tr:w-90,ar-120-120,pr-true,f-auto,q-80/cms/sub_category/180.png",Britannia NutriChoice Ragi Cookies | Diabetic Friendly | Zero Added Sugar & 0% Maida 150 g Combo,Britannia,126,150,150 g X 2,4.6 (770),In Stock,https://www.zeptonow.com/pn/britannia-nutrichoice-ragi-cookies-diabetic-friendly-zero-added-sugar-0-maida-150-g-combo/pvid/36c5fcb7-64e9-466a-883c-1dc3a37944dd,"https://cdn.zeptonow.com/production/tr:w-1280,ar-1500-1500,pr-true,f-auto,q-80/inventory/product/c5ed0c6e-b85c-4a0a-abe4-9acc0ab55436-2186.jpg"
Biscuits,Cookies,"https://cdn.zeptonow.com/production/tr:w-90,ar-120-120,pr-true,f-auto,q-80/cms/sub_category/180.png",Parle Hide & Seek Cafe Mocha Cookies 308 g Combo,Parle,124,250,308 g X 2,4.4 (368),In Stock,https://www.zeptonow.com/pn/parle-hide-seek-cafe-mocha-cookies-308-g-combo/pvid/0bfbb5cb-96b1-4626-b6ba-766d6aaf38d2,"https://cdn.zeptonow.com/production/tr:w-1280,ar-1200-1200,pr-true,f-auto,q-80/cms/product_variant/dbc8ff18-dc18-4537-ac6a-0572ec5e4c0a.jpg"
Biscuits,Cookies,"https://cdn.zeptonow.com/production/tr:w-90,ar-120-120,pr-true,f-auto,q-80/cms/sub_category/180.png",Parle Hide and Seek Milano 125 g Combo,Parle,129,225,125 g X 3,4.2 (136),In Stock,https://www.zeptonow.com/pn/parle-hide-and-seek-milano-125-g-combo/pvid/89aa6f53-c024-492d-9e30-49e961c4b2b3,"https://cdn.zeptonow.com/production/tr:w-1280,ar-1500-1500,pr-true,f-auto,q-80/cms/product_variant/8647f7fb-a492-4bed-9f78-bd08325c20b0.jpg"
Biscuits,Cookies,"https://cdn.zeptonow.com/production/tr:w-90,ar-120-120,pr-true,f-auto,q-80/cms/sub_category/180.png",Parle Hide & Seek Milano Cookies 75 g Combo,Parle,108,120,75 g X 3,4.4 (973),In Stock,https://www.zeptonow.com/pn/parle-hide-seek-milano-cookies-75-g-combo/pvid/e6db390f-d9ba-475d-ae04-6eb08afdb8e7,"https://cdn.zeptonow.com/production/tr:w-1280,ar-1500-1500,pr-true,f-auto,q-80/cms/product_variant/e967a612-66ed-4e68-ada7-beca11254d90.jpg"
Biscuits,Cookies,"https://cdn.zeptonow.com/production/tr:w-90,ar-120-120,pr-true,f-auto,q-80/cms/sub_category/180.png",Britannia Good Day Chocochip Cookies | Zero Trans Fat 400 g Combo,Britannia,186,300,400 g X 2,4.2 (179),In Stock,https://www.zeptonow.com/pn/britannia-good-day-chocochip-cookies-zero-trans-fat-400-g-combo/pvid/2e20f9e9-ad7e-4fa2-8635-9bc06ee0e01a,"https://cdn.zeptonow.com/production/tr:w-1280,ar-1500-1500,pr-true,f-auto,q-80/cms/product_variant/b9df0b71-f5e8-4145-bd6c-f1ca04a884d4.jpg"
Biscuits,Cookies,"https://cdn.zeptonow.com/production/tr:w-90,ar-120-120,pr-true,f-auto,q-80/cms/sub_category/180.png",Britannia Good Day Cashew Cookies 200 g Combo,Britannia,132,150,200 g X 3,4.5 (815),In Stock,https://www.zeptonow.com/pn/britannia-good-day-cashew-cookies-200-g-combo/pvid/51aa4333-e698-476d-ac41-eb72851c9892,"https://cdn.zeptonow.com/production/tr:w-1280,ar-1500-1500,pr-true,f-auto,q-80/cms/product_variant/59928571-80ba-48a3-a4c2-6361e66159fb.jpg"
Biscuits,Cookies,"https://cdn.zeptonow.com/production/tr:w-90,ar-120-120,pr-true,f-auto,q-80/cms/sub_category/180.png",UNIBIC Sugar Free Butter Cookies | 0% Maida | Low GI 67.5 g Combo,Sugar free,98,120,67.5 g X 2,4.3 (696),In Stock,https://www.zeptonow.com/pn/unibic-sugar-free-butter-cookies-0-maida-low-gi-675-g-combo/pvid/3e7709d0-cd9b-4839-a509-cf0b2bf51088,"https://cdn.zeptonow.com/production/tr:w-1280,ar-1200-1200,pr-true,f-auto,q-80/cms/product_variant/c373f5d3-d09d-4d69-a9e4-ac5384920321.jpg"
Biscuits,Cookies,"https://cdn.zeptonow.com/production/tr:w-90,ar-120-120,pr-true,f-auto,q-80/cms/sub_category/180.png",Cadbury Chocobakes ChocoChip Cookies 167 g Combo,Cadbury,144,240,167 g X 3,4.6 (682),In Stock,https://www.zeptonow.com/pn/cadbury-chocobakes-chocochip-cookies-167-g-combo/pvid/d4ff0ecd-3662-42a6-be02-2de9ebc4dec6,"https://cdn.zeptonow.com/production/tr:w-1280,ar-1100-1100,pr-true,f-auto,q-80/cms/product_variant/78ad4ba0-1220-4940-9245-f9bfb378fd1f.jpg"
Biscuits,Cookies,"https://cdn.zeptonow.com/production/tr:w-90,ar-120-120,pr-true,f-auto,q-80/cms/sub_category/180.png",Karachi Bakery Fruit Biscuit 400 g Combo,Karachi Bakery,360,420,400 g X 2,4.3 (551),In Stock,https://www.zeptonow.com/pn/karachi-bakery-fruit-biscuit-400-g-combo/pvid/55ac47a3-33f4-4743-a415-226873a2b80d,"https://cdn.zeptonow.com/production/tr:w-1280,ar-1500-1500,pr-true,f-auto,q-80/cms/product_variant/804ff7c8-ff45-4254-8995-abab58b0dc51.jpg"
Biscuits,Cookies,"https://cdn.zeptonow.com/production/tr:w-90,ar-120-120,pr-true,f-auto,q-80/cms/sub_category/180.png",Open Secret Zero Maida Chocolate Almond Cookies | Pack of 6 | Healthy Snacks | High Protein 75 g Combo,Open Secret,180,210,75 g X 2,4.3 (415),In Stock,https://www.zeptonow.com/pn/open-secret-zero-maida-chocolate-almond-cookies-pack-of-6-healthy-snacks-high-protein-75-g-combo/pvid/48346f65-c13a-4700-b66d-8cfe7a351ea2,"https://cdn.zeptonow.com/production/tr:w-1280,ar-1500-1500,pr-true,f-auto,q-80/cms/product_variant/79520dba-6f4a-427f-8858-247ef255e6bd.jpg"
Biscuits,Cookies,"https://cdn.zeptonow.com/production/tr:w-90,ar-120-120,pr-true,f-auto,q-80/cms/sub_category/180.png",Parle Hide & Seek Cafe Mocha Cookies 308 g Combo,Parle,228,500,308 g X 4,4.4 (938),In Stock,https://www.zeptonow.com/pn/parle-hide-seek-cafe-mocha-cookies-308-g-combo/pvid/5f72e276-d40a-4fed-be65-d281552c0ba1,"https://cdn.zeptonow.com/production/tr:w-1280,ar-1500-1500,pr-true,f-auto,q-80/cms/product_variant/8c570b97-8105-4f7a-bc0f-e5f965824275.jpg"
Biscuits,Cookies,"https://cdn.zeptonow.com/production/tr:w-90,ar-120-120,pr-true,f-auto,q-80/cms/sub_category/180.png",Unibic Sugar Free Multigrain Cookies 67 g Combo,Sugar free,98,120,67 g X 2,4.7 (965),In Stock,https://www.zeptonow.com/pn/unibic-sugar-free-multigrain-cookies-67-g-combo/pvid/9faaff3b-e2d7-49ea-a2e6-9c0691f26018,"https://cdn.zeptonow.com/production/tr:w-1280,ar-1500-1500,pr-true,f-auto,q-80/cms/product_variant/6525 (2).jpg"
Biscuits,Cookies,"https://cdn.zeptonow.com/production/tr:w-90,ar-120-120,pr-true,f-auto,q-80/cms/sub_category/180.png",Karachi Bakery Fruit Biscuit 400 g Combo,Karachi Bakery,510,630,400 g X 3,4.4 (278),In Stock,https://www.zeptonow.com/pn/karachi-bakery-fruit-biscuit-400-g-combo/pvid/77da8942-c937-4830-8a95-fed496b724a6,"https://cdn.zeptonow.com/production/tr:w-1280,ar-1500-1500,pr-true,f-auto,q-80/cms/product_variant/4417b39f-3be3-4901-9320-8bdc10aedc69.jpg"
Biscuits,Cookies,"https://cdn.zeptonow.com/production/tr:w-90,ar-120-120,pr-true,f-auto,q-80/cms/sub_category/180.png",CookieMan Ragi Millet Jaggery Cookies 200 g Combo,CookieMan,510,578,200 g X 2,4.7 (609),In Stock,https://www.zeptonow.com/pn/cookieman-ragi-millet-jaggery-cookies-200-g-combo/pvid/3e45ffdd-0d34-4cce-a91b-3f382605fff9,"https://cdn.zeptonow.com/production/tr:w-1280,ar-1500-1500,pr-true,f-auto,q-80/cms/product_variant/7f0fe727-feb9-4abd-8dd2-188274620317.jpg"
Biscuits,Cookies,"https://cdn.zeptonow.com/production/tr:w-90,ar-120-120,pr-true,f-auto,q-80/cms/sub_category/180.png",Dukes Nice Biscuits 435 g Combo,Dukes,120,140,435 g X 2,4.5 (956),In Stock,https://www.zeptonow.com/pn/dukes-nice-biscuits-435-g-combo/pvid/b0adbb2c-df3c-4d2e-b4ab-bb633d631a83,"https://cdn.zeptonow.com/production/tr:w-1280,ar-1500-1500,pr-true,f-auto,q-80/cms/product_variant/2fdd728d-93de-4bbf-ba44-fd7a8b274b5d.jpg"
Biscuits,Cookies,"https://cdn.zeptonow.com/production/tr:w-90,ar-120-120,pr-true,f-auto,q-80/cms/sub_category/180.png",Unifit Choco Seeds Cookies | Nutritious and Crunchy Combo,Unifit,104,150,35 g X 2,4.6 (663),In Stock,https://www.zeptonow.com/pn/unifit-choco-seeds-cookies-nutritious-and-crunchy-combo/pvid/483c6fb8-9ae7-414f-a901-9f7293ff1101,"https://cdn.zeptonow.com/production/tr:w-1280,ar-1200-1200,pr-true,f-auto,q-80/cms/product_variant/3a96e203-ffa2-4973-a0ee-0e899492380f.jpg"
Biscuits,Cookies,"https://cdn.zeptonow.com/production/tr:w-90,ar-120-120,pr-true,f-auto,q-80/cms/sub_category/180.png","Open Secret Zero Maida Chocolate Millet Biscuit, Healthy Snacks With No Refined Sugar & No Palm Oil (40g) & Open Secret Zero Maida Chocolate Almond Cookies | Pack Of 6 | Healthy Snacks | High Protein (75g) Combo",Open Secret,141,150,2 combo,4.2 (149),In Stock,https://www.zeptonow.com/pn/open-secret-zero-maida-chocolate-millet-biscuit-healthy-snacks-with-no-refined-sugar-no-palm-oil-40g-open-secret-zero-maida-chocolate-almond-cookies-pack-of-6-healthy-snacks-high-protein-75g-combo/pvid/186b237d-1e06-474f-9d6c-035204910f8b,"https://cdn.zeptonow.com/production/tr:w-1280,ar-1200-1200,pr-true,f-auto,q-80/cms/product_variant/0068b561-aa53-4cc8-9372-7b867217d707.jpg"
Biscuits,Cookies,"https://cdn.zeptonow.com/production/tr:w-90,ar-120-120,pr-true,f-auto,q-80/cms/sub_category/180.png",Dukes Creme 4 Fun Chocolate Flavoured Sandwich Biscuits 145 g Combo,Dukes,50,80,145 g X 2,4.2 (998),In Stock,https://www.zeptonow.com/pn/dukes-creme-4-fun-chocolate-flavoured-sandwich-biscuits-145-g-combo/pvid/471820a8-b979-458d-8b6e-508e73bd2a50,"https://cdn.zeptonow.com/production/tr:w-1280,ar-1200-1200,pr-true,f-auto,q-80/cms/product_variant/e547d043-3206-4d93-9704-cdec84db673c.jpg"
Biscuits,Cookies,"https://cdn.zeptonow.com/production/tr:w-90,ar-120-120,pr-true,f-auto,q-80/cms/sub_category/180.png",Sugar Free D'Lite Yummy Berry Mixed Berries Oats Biscuits | Sugar-free Combo,Sugar free,238,250,150 g X 2,4.2 (125),In Stock,https://www.zeptonow.com/pn/sugar-free-dlite-yummy-berry-mixed-berries-oats-biscuits-sugar-free-combo/pvid/dd3a3ff8-c62d-4b5b-b5af-84caa37420ab,"https://cdn.zeptonow.com/production/tr:w-1280,ar-1500-1500,pr-true,f-auto,q-80/cms/product_variant/1fb800e5-23be-4fb9-8d69-5975514ebec7.jpg"
Biscuits,Cookies,"https://cdn.zeptonow.com/production/tr:w-90,ar-120-120,pr-true,f-auto,q-80/cms/sub_category/180.png","Kikibix Fruit And Nut Digestive Cookies, Healthy & Tasty, Fruit Biscuits, No Palm Oil, No Maida 130 g Combo",Kikibix,266,400,130 g X 2,4.3 (660),In Stock,https://www.zeptonow.com/pn/kikibix-fruit-and-nut-digestive-cookies-healthy-tasty-fruit-biscuits-no-palm-oil-no-maida-130-g-combo/pvid/8150be4a-2281-4bd5-a9b7-e6779cacb236,"https://cdn.zeptonow.com/production/tr:w-1280,ar-1200-1200,pr-true,f-auto,q-80/cms/product_variant/cc42a445-145e-4c66-a221-5d19ed6d1823.jpg"
Biscuits,Cookies,"https://cdn.zeptonow.com/production/tr:w-90,ar-120-120,pr-true,f-auto,q-80/cms/sub_category/180.png",Horlicks Classic Malt Drink Mix (Refill)(750gms) & Parle Hide & Seek Chocolate Biscuits(100gms) Combo,Parle,372,489,2 combo,4.4 (291),In Stock,https://www.zeptonow.com/pn/horlicks-classic-malt-drink-mix-refill750gms-parle-hide-seek-chocolate-biscuits100gms-combo/pvid/7c75e918-1783-4344-87a7-04e7d00bcc18,"https://cdn.zeptonow.com/production/tr:w-1280,ar-1494-1494,pr-true,f-auto,q-80/cms/product_variant/853bef31-48eb-4b6a-beb6-bcbd00253cc4.jpg"
Biscuits,Cookies,"https://cdn.zeptonow.com/production/tr:w-90,ar-120-120,pr-true,f-auto,q-80/cms/sub_category/180.png",Unifit Honey Oats Cookies | Crispy and Wholesome | High Protein and Fiber Combo,Unifit,120,170,75 g X 2,4.5 (855),In Stock,https://www.zeptonow.com/pn/unifit-honey-oats-cookies-crispy-and-wholesome-high-protein-and-fiber-combo/pvid/53e6c2b3-b0e3-42fd-b5d4-902094aba125,"https://cdn.zeptonow.com/production/tr:w-1280,ar-1500-1500,pr-true,f-auto,q-80/cms/product_variant/b481e369-2e13-4c70-b654-99fe40d167c2.jpg"
Biscuits,Cookies,"https://cdn.zeptonow.com/production/tr:w-90,ar-120-120,pr-true,f-auto,q-80/cms/sub_category/180.png",Britannia Good Day Chunkies Coconut Cookies 100 g Combo,Britannia,74,90,100 g X 2,4.6 (432),In Stock,https://www.zeptonow.com/pn/britannia-good-day-chunkies-coconut-cookies-100-g-combo/pvid/aaed4511-849e-4754-af39-6ebea3c614b3,"https://cdn.zeptonow.com/production/tr:w-1280,ar-1500-1500,pr-true,f-auto,q-80/cms/product_variant/f8bc9242-bd4f-498b-95a8-07be8f4eb33b.jpg"
Biscuits,Cookies,"https://cdn.zeptonow.com/production/tr:w-90,ar-120-120,pr-true,f-auto,q-80/cms/sub_category/180.png","Kikibix Fig & Date Cookies, Healthy Cookies, No Maida, Jaggery Biscuits 130 g Combo",Kikibix,294,400,130 g X 2,4.2 (703),In Stock,https://www.zeptonow.com/pn/kikibix-fig-date-cookies-healthy-cookies-no-maida-jaggery-biscuits-130-g-combo/pvid/4ab50fd9-ae45-4b99-891e-0514472b4caa,"https://cdn.zeptonow.com/production/tr:w-1280,ar-1200-1200,pr-true,f-auto,q-80/cms/product_variant/7e40b6cb-7c87-44b4-a4a6-88ddc7b62f35.jpg"
Biscuits,Cookies,"https://cdn.zeptonow.com/production/tr:w-90,ar-120-120,pr-true,f-auto,q-80/cms/sub_category/180.png",CookieMan Almond Finger Cookies 120 g Combo,CookieMan,354,398,120 g X 2,4.2 (946),In Stock,https://www.zeptonow.com/pn/cookieman-almond-finger-cookies-120-g-combo/pvid/10b6e56c-782e-47ea-a264-b56c373b577d,"https://cdn.zeptonow.com/production/tr:w-1280,ar-1500-1500,pr-true,f-auto,q-80/cms/product_variant/5bb3a0d0-cbdd-4f22-9980-a2ed74bb1315.jpg"
Biscuits,Cookies,"https://cdn.zeptonow.com/production/tr:w-90,ar-120-120,pr-true,f-auto,q-80/cms/sub_category/180.png","Open Secret Zero Maida Butter Millet Biscuit | Healthy Snacks With Zero Refined Sugar & No Palm Oil (40g) & Open Secret Zero Maida Chocolate Millet Biscuit, Healthy Snacks With No Refined Sugar & No Palm Oil (40g) Combo",Open Secret,86,90,2 combo,4.6 (557),In Stock,https://www.zeptonow.com/pn/open-secret-zero-maida-butter-millet-biscuit-healthy-snacks-with-zero-refined-sugar-no-palm-oil-40g-open-secret-zero-maida-chocolate-millet-biscuit-healthy-snacks-with-no-refined-sugar-no-palm-oil-40g-combo/pvid/0f0e1c88-8eab-43ea-8e59-a9c248cbbd5e,"https://cdn.zeptonow.com/production/tr:w-1280,ar-1200-1200,pr-true,f-auto,q-80/cms/product_variant/fdbe269e-a3c0-4fb1-a60d-c73825b3dec3.jpg"
Biscuits,Cookies,"https://cdn.zeptonow.com/production/tr:w-90,ar-120-120,pr-true,f-auto,q-80/cms/sub_category/180.png",Open Secret Chocolate Almond Cookies - Healthy Snack | Dry Fruit Cookies | Protein Packed 75 gms Combo,Open Secret,196,210,75gms X 2,4.4 (692),In Stock,https://www.zeptonow.com/pn/open-secret-chocolate-almond-cookies-healthy-snack-dry-fruit-cookies-protein-packed-75-gms-combo/pvid/6829fb9a-a301-4a0e-a90f-fe3ef1642053,"https://cdn.zeptonow.com/production/tr:w-1280,ar-1500-1500,pr-true,f-auto,q-80/cms/product_variant/d6b28421-56d6-4633-a716-5daaffd22fb0.jpg"
Biscuits,Cookies,"https://cdn.zeptonow.com/production/tr:w-90,ar-120-120,pr-true,f-auto,q-80/cms/sub_category/180.png","Open Secret Zero Maida Chocolate Almond Cookies | Pack Of 6 | Healthy Snacks | High Protein (75g) & Open Secret Celebration Chocolate Gift Box | Pack Of 12 Cookies| Healthy Snacks, No Maida (150g) Combo",Open Secret,376,455,2 combo,4.5 (118),In Stock,https://www.zeptonow.com/pn/open-secret-zero-maida-chocolate-almond-cookies-pack-of-6-healthy-snacks-high-protein-75g-open-secret-celebration-chocolate-gift-box-pack-of-12-cookies-healthy-snacks-no-maida-150g-combo/pvid/780cc917-fa97-4cff-814c-35cc46a969db,"https://cdn.zeptonow.com/production/tr:w-1280,ar-1200-1200,pr-true,f-auto,q-80/cms/product_variant/a02e044d-e26d-4651-abbb-f8bf324349e8.jpg"
Biscuits,Cookies,"https://cdn.zeptonow.com/production/tr:w-90,ar-120-120,pr-true,f-auto,q-80/cms/sub_category/180.png",Karachi Bakery Cashew Biscuits 400 g Combo,Karachi Bakery,408,470,400 g X 2,4.3 (354),In Stock,https://www.zeptonow.com/pn/karachi-bakery-cashew-biscuits-400-g-combo/pvid/87077b74-5f53-461f-b058-ccd650c1c328,"https://cdn.zeptonow.com/production/tr:w-1280,ar-1500-1500,pr-true,f-auto,q-80/inventory/product/702db5fe-9a87-420d-af53-07b57babd6c0-2179.jpg"
Biscuits,Cookies,"https://cdn.zeptonow.com/production/tr:w-90,ar-120-120,pr-true,f-auto,q-80/cms/sub_category/180.png",Unibic Assorted Cookies â€“ Pack of 6 450 gms Combo,Unibic,302,400,450 g X 2,4.5 (225),In Stock,https://www.zeptonow.com/pn/unibic-assorted-cookies-pack-of-6-450-gms-combo/pvid/aae6a521-7d58-4ce8-919e-57a10cee7834,"https://cdn.zeptonow.com/production/tr:w-1280,ar-1500-1500,pr-true,f-auto,q-80/cms/product_variant/a4b79f6d-1e90-4bbf-86c6-0500de365a47.jpg"
Biscuits,Cookies,"https://cdn.zeptonow.com/production/tr:w-90,ar-120-120,pr-true,f-auto,q-80/cms/sub_category/180.png",Sugar Free D'Lite Yummy Berry Cookies | Zero Added Sugar | Made with Oats & Quinoa 75 g Combo,Sugar free,135,195,75 g X 3,4.5 (406),In Stock,https://www.zeptonow.com/pn/sugar-free-dlite-yummy-berry-cookies-zero-added-sugar-made-with-oats-quinoa-75-g-combo/pvid/474d847e-49eb-4101-aad8-727c84d7b606,"https://cdn.zeptonow.com/production/tr:w-1280,ar-1500-1500,pr-true,f-auto,q-80/cms/product_variant/39ea83d2-b1ff-4971-b0ce-d511faf337b2.jpg"
Biscuits,Cookies,"https://cdn.zeptonow.com/production/tr:w-90,ar-120-120,pr-true,f-auto,q-80/cms/sub_category/180.png",Open Secret Zero Maida Butter Millet Biscuit | Healthy Snacks with Zero Refined Sugar & No Palm Oil 40 g Combo,Open Secret,82,90,40 g X 2,4.5 (685),In Stock,https://www.zeptonow.com/pn/open-secret-zero-maida-butter-millet-biscuit-healthy-snacks-with-zero-refined-sugar-no-palm-oil-40-g-combo/pvid/2fdcd0cf-6fdc-4bba-964e-f4fc0cd88039,"https://cdn.zeptonow.com/production/tr:w-1280,ar-1500-1500,pr-true,f-auto,q-80/cms/product_variant/7bb1f404-2c78-44fa-89c3-ec95b2761296.jpg"
Biscuits,Cookies,"https://cdn.zeptonow.com/production/tr:w-90,ar-120-120,pr-true,f-auto,q-80/cms/sub_category/180.png","Open Secret Zero Maida Chocolate Millet Biscuit, Healthy Snacks With No Refined Sugar & No Palm Oil (40g) & Open Secret Zero Maida Assorted Chocolate Cookies | Pack Of 6 | Healthy Snacks, High Protein Snack (75g) Combo",Open Secret,142,150,2 combo,4.5 (721),In Stock,https://www.zeptonow.com/pn/open-secret-zero-maida-chocolate-millet-biscuit-healthy-snacks-with-no-refined-sugar-no-palm-oil-40g-open-secret-zero-maida-assorted-chocolate-cookies-pack-of-6-healthy-snacks-high-protein-snack-75g-combo/pvid/6d4f9365-5f74-4fe1-acc9-4d44cca76c1e,"https://cdn.zeptonow.com/production/tr:w-1280,ar-1200-1200,pr-true,f-auto,q-80/cms/product_variant/fa026b52-26cf-450c-aa22-f609bfddbc56.jpg"
Biscuits,Cookies,"https://cdn.zeptonow.com/production/tr:w-90,ar-120-120,pr-true,f-auto,q-80/cms/sub_category/180.png",Haldirams Cookie Heaven Badam Pista Cookies 200 g Combo,Haldirams,210,220,200 g X 2,4.6 (826),In Stock,https://www.zeptonow.com/pn/haldirams-cookie-heaven-badam-pista-cookies-200-g-combo/pvid/7f00153e-98e0-4411-917e-2b4f144d927c,"https://cdn.zeptonow.com/production/tr:w-1280,ar-1500-1500,pr-true,f-auto,q-80/cms/product_variant/18428c00-9887-45aa-b70d-faa30f2bbb63.jpg"
Biscuits,Cookies,"https://cdn.zeptonow.com/production/tr:w-90,ar-120-120,pr-true,f-auto,q-80/cms/sub_category/180.png",Unifit Oats Coconut Cookies | Delightfully Crunchy | Rich in Fiber and Protein Combo,Unifit,126,170,75 g X 2,4.3 (846),In Stock,https://www.zeptonow.com/pn/unifit-oats-coconut-cookies-delightfully-crunchy-rich-in-fiber-and-protein-combo/pvid/0409025e-e942-48d8-8eb2-ccdf6df016bc,"https://cdn.zeptonow.com/production/tr:w-1280,ar-1500-1500,pr-true,f-auto,q-80/cms/product_variant/cf914d17-80e9-4081-ba75-a76de638573d.jpg"
Biscuits,Cookies,"https://cdn.zeptonow.com/production/tr:w-90,ar-120-120,pr-true,f-auto,q-80/cms/sub_category/180.png","Open Secret Zero Maida Chocolate Millet Biscuit, Healthy Snacks with No Refined Sugar & No Palm Oil 40 g Combo",Open Secret,108,135,40 g X 3,4.5 (685),In Stock,https://www.zeptonow.com/pn/open-secret-zero-maida-chocolate-millet-biscuit-healthy-snacks-with-no-refined-sugar-no-palm-oil-40-g-combo/pvid/f159580a-1815-4153-8077-9d680cda85aa,"https://cdn.zeptonow.com/production/tr:w-1280,ar-1500-1500,pr-true,f-auto,q-80/cms/product_variant/ceaa07a9-cf43-4ca0-b495-566f9d6fc7b5.jpg"
Biscuits,Cookies,"https://cdn.zeptonow.com/production/tr:w-90,ar-120-120,pr-true,f-auto,q-80/cms/sub_category/180.png",Nova Nova Mini Waffle Cookies - Belgian Chocolate - Pack of 6 65 g Combo,Nova,202,240,65 g X 2,4.5 (607),In Stock,https://www.zeptonow.com/pn/nova-nova-mini-waffle-cookies-belgian-chocolate-pack-of-6-65-g-combo/pvid/fce38b1f-5c8c-41b0-aa96-6c6a001e0bda,"https://cdn.zeptonow.com/production/tr:w-1280,ar-1500-1500,pr-true,f-auto,q-80/cms/product_variant/ee74a2fa-3fac-48b2-bfb7-ed5a076efac7.jpg"
Biscuits,Cookies,"https://cdn.zeptonow.com/production/tr:w-90,ar-120-120,pr-true,f-auto,q-80/cms/sub_category/180.png",Karachi Bakery Pista Biscuits 400 g Combo,Karachi Bakery,434,470,400 g X 2,4.5 (730),In Stock,https://www.zeptonow.com/pn/karachi-bakery-pista-biscuits-400-g-combo/pvid/40f26de5-9c7f-449c-abbd-58543e785782,"https://cdn.zeptonow.com/production/tr:w-1280,ar-1500-1500,pr-true,f-auto,q-80/inventory/product/8243bfb8-fc8e-4f00-aa6f-15908e499501-2183.jpg"
Biscuits,Cookies,"https://cdn.zeptonow.com/production/tr:w-90,ar-120-120,pr-true,f-auto,q-80/cms/sub_category/180.png","Open Secret Zero Maida Jeera Millet Biscuit | Healthy Snacks With Zero Refined Sugar & No Palm Oil (40g) & Open Secret Zero Maida Chocolate Millet Biscuit, Healthy Snacks With No Refined Sugar & No Palm Oil (40g) Combo",Open Secret,86,90,2 combo,4.2 (260),In Stock,https://www.zeptonow.com/pn/open-secret-zero-maida-jeera-millet-biscuit-healthy-snacks-with-zero-refined-sugar-no-palm-oil-40g-open-secret-zero-maida-chocolate-millet-biscuit-healthy-snacks-with-no-refined-sugar-no-palm-oil-40g-combo/pvid/fcba727b-eaa4-47f6-8084-32b1ecc2adf2,"https://cdn.zeptonow.com/production/tr:w-1280,ar-1200-1200,pr-true,f-auto,q-80/cms/product_variant/a02b8b10-058d-4897-b1c2-8add45ce3541.jpg"
Biscuits,Cookies,"https://cdn.zeptonow.com/production/tr:w-90,ar-120-120,pr-true,f-auto,q-80/cms/sub_category/180.png","Open Secret Zero Maida Chocolate Almond Cookies | Pack Of 6 | Healthy Snacks | High Protein (75g) & Open Secret Zero Maida Assorted Chocolate Cookies | Pack Of 6 | Healthy Snacks, High Protein Snack (75g) Combo",Open Secret,197,210,2 combo,4.6 (357),In Stock,https://www.zeptonow.com/pn/open-secret-zero-maida-chocolate-almond-cookies-pack-of-6-healthy-snacks-high-protein-75g-open-secret-zero-maida-assorted-chocolate-cookies-pack-of-6-healthy-snacks-high-protein-snack-75g-combo/pvid/e8c73965-559c-4a3a-a6a0-1df0902ae6b9,"https://cdn.zeptonow.com/production/tr:w-1280,ar-1200-1200,pr-true,f-auto,q-80/cms/product_variant/fac45439-c703-47c1-ba7d-35941f89ee67.jpg"
Biscuits,Cookies,"https://cdn.zeptonow.com/production/tr:w-90,ar-120-120,pr-true,f-auto,q-80/cms/sub_category/180.png",Unifit Muesli Cookies | Crunchy and Wholesome | High Protein and Fiber Combo,Unifit,120,170,75 g X 2,4.7 (300),In Stock,https://www.zeptonow.com/pn/unifit-muesli-cookies-crunchy-and-wholesome-high-protein-and-fiber-combo/pvid/a143d3f3-7dca-4ea9-b323-7cb41239f1c1,"https://cdn.zeptonow.com/production/tr:w-1280,ar-1200-1200,pr-true,f-auto,q-80/cms/product_variant/13ec821c-fa13-490f-b661-3229a86b50aa.jpg"
Biscuits,Cookies,"https://cdn.zeptonow.com/production/tr:w-90,ar-120-120,pr-true,f-auto,q-80/cms/sub_category/180.png","Kikibix Fruit And Nut Digestive Cookies, Healthy & Tasty, Fruit Biscuits, No Palm Oil, No Maida 130 g Combo",Kikibix,266,400,130 g X 2,4.6 (253),In Stock,https://www.zeptonow.com/pn/kikibix-fruit-and-nut-digestive-cookies-healthy-tasty-fruit-biscuits-no-palm-oil-no-maida-130-g-combo/pvid/5a0908bc-45df-43a2-bae5-9f10356e7454,"https://cdn.zeptonow.com/production/tr:w-1280,ar-1200-1200,pr-true,f-auto,q-80/cms/product_variant/007e3309-bafc-4801-b4d1-06d9f8443be9.jpg"
Biscuits,Crackers,"https://cdn.zeptonow.com/production/tr:w-90,ar-120-120,pr-true,f-auto,q-80/cms/sub_category/186.png",Sunfeast Wowzers Cheese Flavoured Crackers | Artificial Flavour-free,Sunfeast,46,60,128 g,4.7 (1.9k),In Stock,https://www.zeptonow.com/pn/sunfeast-wowzers-cheese-flavoured-crackers-artificial-flavour-free/pvid/5d903777-23b1-420a-ad99-e27a67b33b8e,"https://cdn.zeptonow.com/production/tr:w-1280,ar-2560-2560,pr-true,f-auto,q-80/cms/product_variant/69f07af8-ab4b-49e0-9941-bdae7e2e36a8.jpg"
Biscuits,Crackers,"https://cdn.zeptonow.com/production/tr:w-90,ar-120-120,pr-true,f-auto,q-80/cms/sub_category/186.png",Malkist Cheese Flavoured Crunchy Crackers | Trans Fat-free,Malkist,56,60,144 g,4.8 (55.4k),In Stock,https://www.zeptonow.com/pn/malkist-cheese-flavoured-crunchy-crackers-trans-fat-free/pvid/ff124783-3c69-427e-8e35-510a857135b7,"https://cdn.zeptonow.com/production/tr:w-1280,ar-2362-1772,pr-true,f-auto,q-80/cms/product_variant/f1dc8400-56e5-43ff-8455-4fd7a24e972b.jpeg"
Biscuits,Crackers,"https://cdn.zeptonow.com/production/tr:w-90,ar-120-120,pr-true,f-auto,q-80/cms/sub_category/186.png",Malkist Double Chocolatey Chocolate Flavoured Crackers | Trans Fat-free,Malkist,55,60,144 g,4.7 (20.4k),In Stock,https://www.zeptonow.com/pn/malkist-double-chocolatey-chocolate-flavoured-crackers-trans-fat-free/pvid/d41bc175-9a14-46ca-a988-07c9ad700e1c,"https://cdn.zeptonow.com/production/tr:w-1280,ar-1200-1200,pr-true,f-auto,q-80/cms/product_variant/722395a7-8231-4e60-9fc3-cce1cf6c4eb5.jpeg"
Biscuits,Crackers,"https://cdn.zeptonow.com/production/tr:w-90,ar-120-120,pr-true,f-auto,q-80/cms/sub_category/186.png",Orion O'Rice Cracker - Baked Korean Snack Plain Flavoured Crackers | Preservative-free and Trans Fat-free,RIO,177,200,151.2 g,4.7 (808),In Stock,https://www.zeptonow.com/pn/orion-orice-cracker-baked-korean-snack-plain-flavoured-crackers-preservative-free-and-trans-fat-free/pvid/01731957-be4c-4796-b99e-b9a3ca5dba52,"https://cdn.zeptonow.com/production/tr:w-1280,ar-1000-1000,pr-true,f-auto,q-80/cms/product_variant/6284ac47-9da5-490e-b84c-21efbeff82e9.jpeg"
Biscuits,Crackers,"https://cdn.zeptonow.com/production/tr:w-90,ar-120-120,pr-true,f-auto,q-80/cms/sub_category/186.png",Britannia Nutrichoice Sugar Free Plain Crackers | Artificial Colour-free and Trans Fat-free,Britannia,50,55,295 g,4.6 (18.6k),In Stock,https://www.zeptonow.com/pn/britannia-nutrichoice-sugar-free-plain-crackers-artificial-colour-free-and-trans-fat-free/pvid/a4127443-6b35-4522-9f40-929acc7fcbd8,"https://cdn.zeptonow.com/production/tr:w-0.98,h-0.98,f-auto/cms/product_variant/6f3fb8c4-954d-4584-9c76-72ab9dfd6b0e.jpeg"
Biscuits,Crackers,"https://cdn.zeptonow.com/production/tr:w-90,ar-120-120,pr-true,f-auto,q-80/cms/sub_category/186.png",Parle Monaco Classic Salted Plain Crackers | Trans Fat-free,Parle,76,80,371.2 g,4.7 (36.3k),In Stock,https://www.zeptonow.com/pn/parle-monaco-classic-salted-plain-crackers-trans-fat-free/pvid/fc29b674-bec0-4999-8050-6da9c8d09176,"https://cdn.zeptonow.com/production/tr:w-1280,ar-1000-1000,pr-true,f-auto,q-80/cms/product_variant/4c0e2fc0-ca35-4847-8d1e-ddb06ed85e8f.jpeg"
Biscuits,Crackers,"https://cdn.zeptonow.com/production/tr:w-90,ar-120-120,pr-true,f-auto,q-80/cms/sub_category/186.png",Britannia 50-50 Maska Chaska Biscuits Butter Flavoured Crackers | Trans Fat-free,Britannia,29,30,100 g,4.6 (117.9k),In Stock,https://www.zeptonow.com/pn/britannia-50-50-maska-chaska-biscuits-butter-flavoured-crackers-trans-fat-free/pvid/6045251b-e612-47a3-b2db-20753bcf233d,"https://cdn.zeptonow.com/production/tr:w-1280,ar-1000-1000,pr-true,f-auto,q-80/cms/product_variant/9f92f634-1b60-4408-be88-c57eb67794ca.jpeg"
Biscuits,Crackers,"https://cdn.zeptonow.com/production/tr:w-90,ar-120-120,pr-true,f-auto,q-80/cms/sub_category/186.png",Parle Monaco Jeffs Zeera Flavoured Crackers,Parle,80,80,200 g,5 (135),In Stock,https://www.zeptonow.com/pn/parle-monaco-jeffs-zeera-flavoured-crackers/pvid/a4d092eb-b690-4a3f-97a9-b188863cefbc,"https://cdn.zeptonow.com/production/tr:w-1280,ar-1021-1021,pr-true,f-auto,q-80/cms/product_variant/82ce32ad-9c2f-4822-bbc5-0768c51b265a.jpeg"
Biscuits,Crackers,"https://cdn.zeptonow.com/production/tr:w-90,ar-120-120,pr-true,f-auto,q-80/cms/sub_category/186.png",Sunfeast All Rounder Crunchy Potato Chatpata Masala Flavoured Crackers | Trans Fat-free,Sunfeast,23,25,70 g,4.6 (20.9k),In Stock,https://www.zeptonow.com/pn/sunfeast-all-rounder-crunchy-potato-chatpata-masala-flavoured-crackers-trans-fat-free/pvid/48761167-60d6-4625-a23b-07a6feef5b68,"https://cdn.zeptonow.com/production/tr:w-1280,ar-472-245,pr-true,f-auto,q-80/cms/product_variant/2eebc427-5eaf-4195-bf22-b2f74151b634.JPG"
Biscuits,Crackers,"https://cdn.zeptonow.com/production/tr:w-90,ar-120-120,pr-true,f-auto,q-80/cms/sub_category/186.png",Dukes Nibbles - Jeera Flavoured Crackers | Trans Fat-free,Dukes,46,60,150 g,4.5 (5.7k),In Stock,https://www.zeptonow.com/pn/dukes-nibbles-jeera-flavoured-crackers-trans-fat-free/pvid/f4248e23-40f0-4961-8c82-6d52801c469c,"https://cdn.zeptonow.com/production/tr:w-1280,ar-1021-1021,pr-true,f-auto,q-80/cms/product_variant/56e2278e-7ee4-4f35-a5bb-1d4ca44e7e9f.jpeg"
Biscuits,Crackers,"https://cdn.zeptonow.com/production/tr:w-90,ar-120-120,pr-true,f-auto,q-80/cms/sub_category/186.png",Unibic Snapper Cream and Onion Flavoured Crackers,Unibic,76,160,280 g,4.6 (2.7k),In Stock,https://www.zeptonow.com/pn/unibic-snapper-cream-and-onion-flavoured-crackers/pvid/4c09ac36-c0c8-4b03-a626-3c2f6fa20eec,"https://cdn.zeptonow.com/production/tr:w-1280,ar-1500-1500,pr-true,f-auto,q-80/cms/product_variant/f3d4f228-869d-4bcb-91d1-04160e69ece4.jpeg"
Biscuits,Crackers,"https://cdn.zeptonow.com/production/tr:w-90,ar-120-120,pr-true,f-auto,q-80/cms/sub_category/186.png",Dukes Nibbles Cheese Flavoured Crackers | Trans Fat-free,Dukes,47,60,150 g,4.7 (3.1k),In Stock,https://www.zeptonow.com/pn/dukes-nibbles-cheese-flavoured-crackers-trans-fat-free/pvid/c9ee2f29-e51c-46a3-b5f8-6d8979a448c7,"https://cdn.zeptonow.com/production/tr:w-1280,ar-1200-1200,pr-true,f-auto,q-80/cms/product_variant/cf7c18be-038e-4bef-86a8-996619a6c46e.jpg"
Biscuits,Crackers,"https://cdn.zeptonow.com/production/tr:w-90,ar-120-120,pr-true,f-auto,q-80/cms/sub_category/186.png",Parle Monaco Classic Salted Plain Crackers | Trans Fat-free,Parle,128,150,696 g,4.7 (30.4k),In Stock,https://www.zeptonow.com/pn/parle-monaco-classic-salted-plain-crackers-trans-fat-free/pvid/204bae0f-b5ec-4dcc-b242-3b74fe082f40,"https://cdn.zeptonow.com/production/tr:w-1280,ar-1000-1000,pr-true,f-auto,q-80/cms/product_variant/6d2d815e-1902-4fdb-a742-1edd8da89f3d.jpeg"
Biscuits,Crackers,"https://cdn.zeptonow.com/production/tr:w-90,ar-120-120,pr-true,f-auto,q-80/cms/sub_category/186.png",Parle Krack Jack Sweet and Salty Plain Crackers | Artificial Colour-free,Parle,39,40,176.4 g,4.6 (51.1k),In Stock,https://www.zeptonow.com/pn/parle-krack-jack-sweet-and-salty-plain-crackers-artificial-colour-free/pvid/ed247c26-17cd-4473-a198-915af0f9067b,"https://cdn.zeptonow.com/production/tr:w-1280,ar-1000-1000,pr-true,f-auto,q-80/cms/product_variant/2740d3da-f849-4fdb-a111-0fdd3ccba88c.jpeg"
Biscuits,Crackers,"https://cdn.zeptonow.com/production/tr:w-90,ar-120-120,pr-true,f-auto,q-80/cms/sub_category/186.png",Britannia 50-50 Maska Chaska Biscuits Butter Flavoured Crackers | Trans Fat-free,Britannia,92,100,300 g,4.6 (56.3k),In Stock,https://www.zeptonow.com/pn/britannia-50-50-maska-chaska-biscuits-butter-flavoured-crackers-trans-fat-free/pvid/52a3595b-ecfa-4151-95d5-990c23f2fc0c,"https://cdn.zeptonow.com/production/tr:w-1280,ar-1200-1200,pr-true,f-auto,q-80/cms/product_variant/37f0b762-9d62-4d29-81e5-4e3294bb0271.jpeg"
Biscuits,Crackers,"https://cdn.zeptonow.com/production/tr:w-90,ar-120-120,pr-true,f-auto,q-80/cms/sub_category/186.png",Britannia 50-50 Potazos Masti Masala Flavoured Crackers | Trans Fat-free,Britannia,28,30,71 g,4.6 (11.6k),In Stock,https://www.zeptonow.com/pn/britannia-50-50-potazos-masti-masala-flavoured-crackers-trans-fat-free/pvid/2401e814-53b7-49b2-aae8-b8197a23510c,"https://cdn.zeptonow.com/production/tr:w-1280,ar-4500-4500,pr-true,f-auto,q-80/cms/product_variant/fa9eec50-d9f2-46ac-805f-b24089000efb.jpeg"
Biscuits,Crackers,"https://cdn.zeptonow.com/production/tr:w-90,ar-120-120,pr-true,f-auto,q-80/cms/sub_category/186.png",Britannia Biscafe Super Thin Coffee Flavoured Crackers | Trans Fat-free,Britannia,31,35,100 g,4.7 (3.3k),In Stock,https://www.zeptonow.com/pn/britannia-biscafe-super-thin-coffee-flavoured-crackers-trans-fat-free/pvid/282f0415-d3b8-4420-90da-2b0d342e507f,"https://cdn.zeptonow.com/production/tr:w-1280,ar-1200-1200,pr-true,f-auto,q-80/cms/product_variant/193ce4a4-5451-4a40-a51c-a5bedb1c3bcc.jpeg"
Biscuits,Crackers,"https://cdn.zeptonow.com/production/tr:w-90,ar-120-120,pr-true,f-auto,q-80/cms/sub_category/186.png",Parle Monaco Pizza Flavoured Crackers | Trans Fat-free,Parle,76,150,311 g,4.9 (847),In Stock,https://www.zeptonow.com/pn/parle-monaco-pizza-flavoured-crackers-trans-fat-free/pvid/34ea87ba-ac1c-4ab5-8b35-b8560313530f,"https://cdn.zeptonow.com/production/tr:w-1280,ar-1960-1960,pr-true,f-auto,q-80/cms/product_variant/5649c0e8-c729-4eed-8f9b-9c993f804cc6.jpg"
Biscuits,Crackers,"https://cdn.zeptonow.com/production/tr:w-90,ar-120-120,pr-true,f-auto,q-80/cms/sub_category/186.png",Malkist Sugar Cracker Biscuits Sweet Plain Crackers | Trans Fat-free,Malkist,45,50,105 g,4.2 (952),In Stock,https://www.zeptonow.com/pn/malkist-sugar-cracker-biscuits-sweet-plain-crackers-trans-fat-free/pvid/c3a24742-62d3-42f1-9da7-31a95a52b79a,"https://cdn.zeptonow.com/production/tr:w-1280,ar-1600-1200,pr-true,f-auto,q-80/cms/product_variant/e455bd0d-87fc-4e0f-aa11-4e53fb03d867.jpg"
Biscuits,Crackers,"https://cdn.zeptonow.com/production/tr:w-90,ar-120-120,pr-true,f-auto,q-80/cms/sub_category/186.png","Sunfeast All Rounder, Thin, Light & Crunchy Potato Biscuit with Chatpata Masala Flavour 70 g Combo",Sunfeast,44,50,70 g X 2,4.5 (827),In Stock,https://www.zeptonow.com/pn/sunfeast-all-rounder-thin-light-crunchy-potato-biscuit-with-chatpata-masala-flavour-70-g-combo/pvid/7dba81c5-9dbb-418f-8017-85cafd808d3a,"https://cdn.zeptonow.com/production/tr:w-1280,ar-1500-1500,pr-true,f-auto,q-80/inventory/product/137856c0-c37b-44fe-b336-cdcc8e45ef33-3324.jpg"
Biscuits,Crackers,"https://cdn.zeptonow.com/production/tr:w-90,ar-120-120,pr-true,f-auto,q-80/cms/sub_category/186.png",Britannia Nutri Choice Cracker Sugar Free Biscuit 300 gms Combo,Britannia,100,110,300gms X 2,4.5 (525),In Stock,https://www.zeptonow.com/pn/britannia-nutri-choice-cracker-sugar-free-biscuit-300-gms-combo/pvid/7e36dbb6-166f-4454-912d-cbb7608005a8,"https://cdn.zeptonow.com/production/tr:w-1280,ar-1500-1500,pr-true,f-auto,q-80/cms/product_variant/277bfed8-b4a4-4223-86d8-9e7f3c24f610.jpg"
Biscuits,Crackers,"https://cdn.zeptonow.com/production/tr:w-90,ar-120-120,pr-true,f-auto,q-80/cms/sub_category/186.png",Britannia 50-50 Maska Chaska Biscuit 105 g Combo,Britannia,54,60,105 g X 2,4.2 (180),In Stock,https://www.zeptonow.com/pn/britannia-50-50-maska-chaska-biscuit-105-g-combo/pvid/8d5f2b01-982b-490c-a3fa-43d27ca4f344,"https://cdn.zeptonow.com/production/tr:w-1280,ar-1500-1500,pr-true,f-auto,q-80/inventory/product/cfc145eb-7fb6-4c05-b2be-2ccf8a3d9aca-2188.jpg"
Biscuits,Crackers,"https://cdn.zeptonow.com/production/tr:w-90,ar-120-120,pr-true,f-auto,q-80/cms/sub_category/186.png",Britannia Nutri Choice Cracker Sugar Free Biscuit Combo,Britannia,94,110,300 g X 2,4.6 (496),In Stock,https://www.zeptonow.com/pn/britannia-nutri-choice-cracker-sugar-free-biscuit-combo/pvid/e835a66f-2671-4a2d-a2cf-06f043238f27,"https://cdn.zeptonow.com/production/tr:w-1280,ar-1500-1500,pr-true,f-auto,q-80/inventory/product/e835a66f-2671-4a2d-a2cf-06f043238f27-1VzhnWiD_Y6S5DX8hCeU-n-k3VxFedg9B.jpeg"
Biscuits,Crackers,"https://cdn.zeptonow.com/production/tr:w-90,ar-120-120,pr-true,f-auto,q-80/cms/sub_category/186.png",Malkist Sugar Cracker Biscuits 105 g Combo,Malkist,84,100,105 g X 2,4.7 (877),In Stock,https://www.zeptonow.com/pn/malkist-sugar-cracker-biscuits-105-g-combo/pvid/a05ff891-ee70-4558-9c4f-5747008973a2,"https://cdn.zeptonow.com/production/tr:w-1280,ar-1500-1500,pr-true,f-auto,q-80/inventory/product/9fe24607-8f18-4b46-98a9-1d206664c659-3237.jpg"
Biscuits,Crackers,"https://cdn.zeptonow.com/production/tr:w-90,ar-120-120,pr-true,f-auto,q-80/cms/sub_category/186.png",Britannia 50-50 Maska Chaska Biscuit 105 g Combo,Britannia,78,90,105 g X 3,4.3 (711),In Stock,https://www.zeptonow.com/pn/britannia-50-50-maska-chaska-biscuit-105-g-combo/pvid/4f1200fb-64d1-4046-99c3-be33fe95a1e7,"https://cdn.zeptonow.com/production/tr:w-1280,ar-1500-1500,pr-true,f-auto,q-80/inventory/product/0aa2f094-858f-43dc-ba66-fc142b8d1c90-4036.jpg"
Biscuits,Crackers,"https://cdn.zeptonow.com/production/tr:w-90,ar-120-120,pr-true,f-auto,q-80/cms/sub_category/186.png",Sunfeast Wowzers Cheese Flavoured Crackers | Artificial Flavour-free Combo,Sunfeast,86,120,128 g X 2,4.3 (175),In Stock,https://www.zeptonow.com/pn/sunfeast-wowzers-cheese-flavoured-crackers-artificial-flavour-free-combo/pvid/3224adb6-c63e-4410-8069-a297343b42d0,"https://cdn.zeptonow.com/production/tr:w-1280,ar-1200-1200,pr-true,f-auto,q-80/cms/product_variant/85fb85ff-c6ac-4821-951a-3172bcf2d54b.jpg"
Biscuits,Crackers,"https://cdn.zeptonow.com/production/tr:w-90,ar-120-120,pr-true,f-auto,q-80/cms/sub_category/186.png",Parle Krackjack Biscuits 176 g Combo,Parle,105,120,176 g X 3,4.2 (66),In Stock,https://www.zeptonow.com/pn/parle-krackjack-biscuits-176-g-combo/pvid/7f2fabbe-f712-4981-892c-7cb2b4aa44f9,"https://cdn.zeptonow.com/production/tr:w-1280,ar-1500-1500,pr-true,f-auto,q-80/cms/product_variant/40c30d00-0616-4619-86bf-b8f97374d7f7.jpg"
Biscuits,Crackers,"https://cdn.zeptonow.com/production/tr:w-90,ar-120-120,pr-true,f-auto,q-80/cms/sub_category/186.png",Parle Krackjack Biscuits 176 g Combo,Parle,74,80,176 g X 2,4.2 (995),In Stock,https://www.zeptonow.com/pn/parle-krackjack-biscuits-176-g-combo/pvid/db5c4e8a-87ae-4e0b-a8aa-0f2e7b86bf24,"https://cdn.zeptonow.com/production/tr:w-1280,ar-1500-1500,pr-true,f-auto,q-80/cms/product_variant/f8221da8-b586-4841-b1b0-7ea1a5d05d86.jpg"
Biscuits,Crackers,"https://cdn.zeptonow.com/production/tr:w-90,ar-120-120,pr-true,f-auto,q-80/cms/sub_category/186.png","Sunfeast All Rounder, Thin, Light & Crunchy Potato Biscuit with Chatpata Masala Flavour 70 g Combo",Sunfeast,63,75,70 g X 3,4.6 (129),In Stock,https://www.zeptonow.com/pn/sunfeast-all-rounder-thin-light-crunchy-potato-biscuit-with-chatpata-masala-flavour-70-g-combo/pvid/bcf8f291-e22a-4270-b7e8-cf6a70707d35,"https://cdn.zeptonow.com/production/tr:w-1280,ar-1500-1500,pr-true,f-auto,q-80/inventory/product/7edead89-e1ec-4819-8237-c3fc8dca5c3a-4084.jpg"
Biscuits,Crackers,"https://cdn.zeptonow.com/production/tr:w-90,ar-120-120,pr-true,f-auto,q-80/cms/sub_category/186.png",Britannia Biscafe | Refreshing Super Thin Coffee Cracker 100 g Combo,Britannia,87,105,100 g X 3,4.4 (197),In Stock,https://www.zeptonow.com/pn/britannia-biscafe-refreshing-super-thin-coffee-cracker-100-g-combo/pvid/9158b995-f4e8-4f6b-97b2-356b4a50ab30,"https://cdn.zeptonow.com/production/tr:w-1280,ar-1500-1500,pr-true,f-auto,q-80/inventory/product/ac746b72-1ff5-4393-bbde-e7f1fb053708-3726.jpg"
Biscuits,Crackers,"https://cdn.zeptonow.com/production/tr:w-90,ar-120-120,pr-true,f-auto,q-80/cms/sub_category/186.png",Parle Monaco Classic Salty Biscuits 371 g Combo,Parle,142,160,371 g X 2,4.6 (794),In Stock,https://www.zeptonow.com/pn/parle-monaco-classic-salty-biscuits-371-g-combo/pvid/628fd90e-2ce4-48fe-a1c8-84ea5c9d27af,"https://cdn.zeptonow.com/production/tr:w-1280,ar-1500-1500,pr-true,f-auto,q-80/cms/product_variant/d3a78d2b-7bc0-4f47-868d-8e1643b4e924.jpg"
Biscuits,Crackers,"https://cdn.zeptonow.com/production/tr:w-90,ar-120-120,pr-true,f-auto,q-80/cms/sub_category/186.png",Malkist Cheese Crunchy Layered Crackers 144 g Combo,Malkist,106,120,144 g X 2,4.2 (667),In Stock,https://www.zeptonow.com/pn/malkist-cheese-crunchy-layered-crackers-144-g-combo/pvid/02ff8196-ec66-43e4-8a45-7d56ec8a3e0b,"https://cdn.zeptonow.com/production/tr:w-1280,ar-1500-1500,pr-true,f-auto,q-80/inventory/product/a6fe5b08-3431-4c3e-8125-8abb2a705923-551.jpg"
Biscuits,Crackers,"https://cdn.zeptonow.com/production/tr:w-90,ar-120-120,pr-true,f-auto,q-80/cms/sub_category/186.png",Malkist Double Chocolatey Crunchy Layered Crackers 144 g Combo,Malkist,104,120,144 g X 2,4.6 (85),In Stock,https://www.zeptonow.com/pn/malkist-double-chocolatey-crunchy-layered-crackers-144-g-combo/pvid/f27d19d1-67eb-4725-9cdb-0b52331c67cc,"https://cdn.zeptonow.com/production/tr:w-1280,ar-1500-1500,pr-true,f-auto,q-80/cms/product_variant/0406ec06-3763-42ab-a4dc-e832e4037134.jpg"
Biscuits,Crackers,"https://cdn.zeptonow.com/production/tr:w-90,ar-120-120,pr-true,f-auto,q-80/cms/sub_category/186.png",Britannia Nutri Choice Cracker Sugar Free Biscuit Combo,Britannia,135,165,295 g X 3,4.2 (344),In Stock,https://www.zeptonow.com/pn/britannia-nutri-choice-cracker-sugar-free-biscuit-combo/pvid/f9f4008b-453f-4b74-912d-a8e8e67636dc,"https://cdn.zeptonow.com/production/tr:w-1280,ar-1500-1500,pr-true,f-auto,q-80/inventory/product/f9f4008b-453f-4b74-912d-a8e8e67636dc-1TZIKCYLeb774GAmEr-vICNayW-i3Msbq.jpeg"
Biscuits,Crackers,"https://cdn.zeptonow.com/production/tr:w-90,ar-120-120,pr-true,f-auto,q-80/cms/sub_category/186.png",Dukes Nibbles - Jeera Crackers 150 g Combo,Dukes,86,120,150 g X 2,4.4 (170),In Stock,https://www.zeptonow.com/pn/dukes-nibbles-jeera-crackers-150-g-combo/pvid/c68a940d-49af-4ca9-b736-84bb723400e9,"https://cdn.zeptonow.com/production/tr:w-1280,ar-1500-1500,pr-true,f-auto,q-80/cms/product_variant/3cbb3e76-0a65-4be8-943d-ac7422eb6aca.jpg"
Biscuits,Crackers,"https://cdn.zeptonow.com/production/tr:w-90,ar-120-120,pr-true,f-auto,q-80/cms/sub_category/186.png",Malkist Double Chocolatey Crunchy Layered Crackers 144 g Combo,Malkist,150,180,144 g X 3,4.6 (944),In Stock,https://www.zeptonow.com/pn/malkist-double-chocolatey-crunchy-layered-crackers-144-g-combo/pvid/5153652d-db2b-40be-83ed-f5f232826804,"https://cdn.zeptonow.com/production/tr:w-1280,ar-1500-1500,pr-true,f-auto,q-80/cms/product_variant/8e8292df-8f78-4dbb-99ab-13b7cee35711.jpg"
Biscuits,Crackers,"https://cdn.zeptonow.com/production/tr:w-90,ar-120-120,pr-true,f-auto,q-80/cms/sub_category/186.png",Britannia NutriChoice Sugar Free Cracker | Zero Trans Fat 295 g Combo,Britannia,180,220,295 g X 4,4.2 (489),In Stock,https://www.zeptonow.com/pn/britannia-nutrichoice-sugar-free-cracker-zero-trans-fat-295-g-combo/pvid/378f8b40-679f-4656-9144-ec51e58a970e,"https://cdn.zeptonow.com/production/tr:w-1280,ar-1500-1500,pr-true,f-auto,q-80/cms/product_variant/44f99f3e-4ee3-4c27-b154-147f29f14417.jpg"
Biscuits,Crackers,"https://cdn.zeptonow.com/production/tr:w-90,ar-120-120,pr-true,f-auto,q-80/cms/sub_category/186.png",Malkist Cheese Crunchy Layered Crackers 144 g Combo,Malkist,153,180,144 g X 3,4.4 (182),In Stock,https://www.zeptonow.com/pn/malkist-cheese-crunchy-layered-crackers-144-g-combo/pvid/2841a7c8-f667-42bd-8568-4e5dc2c18e47,"https://cdn.zeptonow.com/production/tr:w-1280,ar-1500-1500,pr-true,f-auto,q-80/cms/product_variant/500b1cfe-da4f-4a03-8b2c-45428d95a8cf.jpg"
Biscuits,Crackers,"https://cdn.zeptonow.com/production/tr:w-90,ar-120-120,pr-true,f-auto,q-80/cms/sub_category/186.png",Dukes Nibbles - Cheese Crackers 150 g Combo,Dukes,88,120,150 g X 2,4.6 (99),In Stock,https://www.zeptonow.com/pn/dukes-nibbles-cheese-crackers-150-g-combo/pvid/d9b6cdc6-2ad8-475d-b38f-afbeca5f3741,"https://cdn.zeptonow.com/production/tr:w-1280,ar-1500-1500,pr-true,f-auto,q-80/inventory/product/7254502b-ed3c-45ab-b9bd-97f0688d3e92-3245.jpg"
Biscuits,Crackers,"https://cdn.zeptonow.com/production/tr:w-90,ar-120-120,pr-true,f-auto,q-80/cms/sub_category/186.png",Parle Monaco Classic Salty Biscuits 696 g Combo,Parle,234,300,696 g X 2,4.2 (677),In Stock,https://www.zeptonow.com/pn/parle-monaco-classic-salty-biscuits-696-g-combo/pvid/94e2bc61-0a0d-44b7-a13a-c033dff8467b,"https://cdn.zeptonow.com/production/tr:w-1280,ar-1500-1500,pr-true,f-auto,q-80/cms/product_variant/ec3d599d-9ad2-47d9-b8b1-42e45cc9eb3b.jpg"
Biscuits,Crackers,"https://cdn.zeptonow.com/production/tr:w-90,ar-120-120,pr-true,f-auto,q-80/cms/sub_category/186.png",Britannia 50-50 Maska Chaska Biscuit 300 g Combo,Britannia,170,200,300 g X 2,4.3 (470),In Stock,https://www.zeptonow.com/pn/britannia-50-50-maska-chaska-biscuit-300-g-combo/pvid/a68ae332-0a52-4757-beab-4df583807aa8,"https://cdn.zeptonow.com/production/tr:w-1280,ar-1500-1500,pr-true,f-auto,q-80/inventory/product/b3ec481f-524a-438e-b1cd-9fce90201b6d-2189.jpg"
Biscuits,Crackers,"https://cdn.zeptonow.com/production/tr:w-90,ar-120-120,pr-true,f-auto,q-80/cms/sub_category/186.png",Britannia 50-50 Maska Chaska Biscuit 300 g Combo,Britannia,243,300,300 g X 3,4.2 (257),In Stock,https://www.zeptonow.com/pn/britannia-50-50-maska-chaska-biscuit-300-g-combo/pvid/f7f9ff12-0486-4467-b4cf-1e63711be0a7,"https://cdn.zeptonow.com/production/tr:w-1280,ar-1500-1500,pr-true,f-auto,q-80/cms/product_variant/da022b28-0158-4f39-9335-d18755432e91.jpg"
Biscuits,Crackers,"https://cdn.zeptonow.com/production/tr:w-90,ar-120-120,pr-true,f-auto,q-80/cms/sub_category/186.png",Parle Monaco Pizza 311.04 g Combo,Parle,152,300,311.04 g X 2,4.2 (740),In Stock,https://www.zeptonow.com/pn/parle-monaco-pizza-31104-g-combo/pvid/2d076ba0-daaa-4f28-82ed-f4dd95320c91,"https://cdn.zeptonow.com/production/tr:w-1280,ar-1200-1200,pr-true,f-auto,q-80/cms/product_variant/a9441634-5bdf-4dc3-98d1-3d8d594e98a6.jpg"
Biscuits,Crackers,"https://cdn.zeptonow.com/production/tr:w-90,ar-120-120,pr-true,f-auto,q-80/cms/sub_category/186.png",Orion O'Rice Cracker - Baked Korean Snack 14 pc Combo,RIO,338,400,14 pc X 2,4.2 (306),In Stock,https://www.zeptonow.com/pn/orion-orice-cracker-baked-korean-snack-14-pc-combo/pvid/c0796322-8a42-4321-9160-d111bce102de,"https://cdn.zeptonow.com/production/tr:w-1280,ar-1500-1500,pr-true,f-auto,q-80/cms/product_variant/ca2f0c5a-ad1e-41ad-9837-0e4a74481f35.jpg"
Biscuits,Crackers,"https://cdn.zeptonow.com/production/tr:w-90,ar-120-120,pr-true,f-auto,q-80/cms/sub_category/186.png",Parle Krackjack Sweet and Salty Plain Crackers | Trans Fat-free,Parle,74,80,353 g,4.6 (15.6k),Sold Out,https://www.zeptonow.com/pn/parle-krackjack-sweet-and-salty-plain-crackers-trans-fat-free/pvid/fd3c7023-dcb5-42cc-afac-1820cb6d9ea9,"https://cdn.zeptonow.com/production/tr:w-1280,ar-1000-1000,pr-true,f-auto,q-80/cms/product_variant/dfa98cc3-2b22-47a8-a9ba-4295ddb25fd5.jpeg"
Biscuits,Crackers,"https://cdn.zeptonow.com/production/tr:w-90,ar-120-120,pr-true,f-auto,q-80/cms/sub_category/186.png",Malkist Cappuccino Flavoured Crackers | Preservative-free,Malkist,54,60,144 g,4.8 (2.7k),Sold Out,https://www.zeptonow.com/pn/malkist-cappuccino-flavoured-crackers-preservative-free/pvid/957b9702-2f8e-4fb1-9b13-72679baba282,"https://cdn.zeptonow.com/production/tr:w-1280,ar-1600-1200,pr-true,f-auto,q-80/cms/product_variant/69dcfa90-dc64-41f3-b26f-980204f52c1c.jpg"
Biscuits,Crackers,"https://cdn.zeptonow.com/production/tr:w-90,ar-120-120,pr-true,f-auto,q-80/cms/sub_category/186.png",Parle Krackjack Sweet and Salty Plain Crackers | Trans Fat-free,Parle,137,150,705.6 g,4.6 (12.0k),Sold Out,https://www.zeptonow.com/pn/parle-krackjack-sweet-and-salty-plain-crackers-trans-fat-free/pvid/e63d819d-c5d7-47f9-93df-898bfbc04c56,"https://cdn.zeptonow.com/production/tr:w-1280,ar-1000-1000,pr-true,f-auto,q-80/cms/product_variant/4ceca383-ecc9-4b9d-a898-b064188892bd.jpeg"
Biscuits,Crackers,"https://cdn.zeptonow.com/production/tr:w-90,ar-120-120,pr-true,f-auto,q-80/cms/sub_category/186.png",Parle Monaco Classic Salted Plain Crackers | Trans Fat-free,Parle,40,40,200 g,4.7 (40.4k),Sold Out,https://www.zeptonow.com/pn/parle-monaco-classic-salted-plain-crackers-trans-fat-free/pvid/1e3073c5-1310-4c18-804b-d0261b4a0de7,"https://cdn.zeptonow.com/production/tr:w-1280,ar-1200-1200,pr-true,f-auto,q-80/cms/product_variant/21ffbc7d-1660-4349-8bc6-2407f680c6b0.jpeg"
Biscuits,Crackers,"https://cdn.zeptonow.com/production/tr:w-90,ar-120-120,pr-true,f-auto,q-80/cms/sub_category/186.png",Parle Monaco Sixer Salted Plain Crackers | Trans Fat-free,Parle,80,80,200 g,4.6 (808),Sold Out,https://www.zeptonow.com/pn/parle-monaco-sixer-salted-plain-crackers-trans-fat-free/pvid/79a0deb8-6484-4dc6-b425-505edb44986d,"https://cdn.zeptonow.com/production/tr:w-1280,ar-1021-1021,pr-true,f-auto,q-80/cms/product_variant/9f59c57e-35d3-4f87-b9d1-f45d29adcefd.jpeg"
Biscuits,Crackers,"https://cdn.zeptonow.com/production/tr:w-90,ar-120-120,pr-true,f-auto,q-80/cms/sub_category/186.png",Sunfeast Cheese Wowzers,Sunfeast,110,150,288 g,4.3 (67),Sold Out,https://www.zeptonow.com/pn/sunfeast-cheese-wowzers/pvid/d6bf0e73-a847-4e68-b596-50f99dad2bce,"https://cdn.zeptonow.com/production/tr:w-1280,ar-2560-2560,pr-true,f-auto,q-80/cms/product_variant/c5092fa8-22f6-4a38-9f57-49ebb536834b.jpeg"
Biscuits,Wafers,"https://cdn.zeptonow.com/production/tr:w-90,ar-120-120,pr-true,f-auto,q-80/cms/sub_category/182.png",Dukes Waffy Chocolate Wafer Rolls | Trans Fat-free,Dukes,100,180,250 g,4.5 (32.4k),In Stock,https://www.zeptonow.com/pn/dukes-waffy-chocolate-wafer-rolls-trans-fat-free/pvid/1d1e804c-86a4-4040-a9d1-2a2b1ee5d618,"https://cdn.zeptonow.com/production/tr:w-1280,ar-1200-1200,pr-true,f-auto,q-80/cms/product_variant/fb7e1bbd-0320-4d1a-81ee-3ac27fc56b9c.jpeg"
Biscuits,Wafers,"https://cdn.zeptonow.com/production/tr:w-90,ar-120-120,pr-true,f-auto,q-80/cms/sub_category/182.png",Dukes Waffy Strawberry Wafer Rolls | Trans Fat-free,Dukes,100,180,250 g,4.6 (8.2k),In Stock,https://www.zeptonow.com/pn/dukes-waffy-strawberry-wafer-rolls-trans-fat-free/pvid/dc1c21e1-df98-43c1-bef9-261509463d43,"https://cdn.zeptonow.com/production/tr:w-1280,ar-1200-1200,pr-true,f-auto,q-80/cms/product_variant/94ac1020-e50d-4403-8f64-f348cdb88b2e.jpeg"
Biscuits,Wafers,"https://cdn.zeptonow.com/production/tr:w-90,ar-120-120,pr-true,f-auto,q-80/cms/sub_category/182.png",Sunfeast Dark Fantasy Choco Rolls | Crunchy Wafer Rolls,Sunfeast,98,200,198 g,4.5 (6.9k),In Stock,https://www.zeptonow.com/pn/sunfeast-dark-fantasy-choco-rolls-crunchy-wafer-rolls/pvid/55c940d4-2478-4c0b-a543-860746621d9d,"https://cdn.zeptonow.com/production/tr:w-1280,ar-1905-1905,pr-true,f-auto,q-80/cms/product_variant/e1b43ee8-a7e8-4536-836a-2abd6e06a637.jpeg"
Biscuits,Wafers,"https://cdn.zeptonow.com/production/tr:w-90,ar-120-120,pr-true,f-auto,q-80/cms/sub_category/182.png",Unibic Wafer Belgium Chocolate Qubz Cubes Wafers | Maida-free,Unibic,75,150,120 g,4.6 (4.0k),In Stock,https://www.zeptonow.com/pn/unibic-wafer-belgium-chocolate-qubz-cubes-wafers-maida-free/pvid/8f3b01b2-3bb3-4053-9f92-053558c0c1b3,"https://cdn.zeptonow.com/production/tr:w-1280,ar-1200-1200,pr-true,f-auto,q-80/cms/product_variant/5a4b79b2-9075-4798-8f18-77fc706c2606.jpeg"
Biscuits,Wafers,"https://cdn.zeptonow.com/production/tr:w-90,ar-120-120,pr-true,f-auto,q-80/cms/sub_category/182.png",Dukes Nutri Choice Orange Wafers | Trans Fat-free,Dukes,30,50,55 g,4.7 (10.8k),In Stock,https://www.zeptonow.com/pn/dukes-nutri-choice-orange-wafers-trans-fat-free/pvid/ab2c7f94-150b-45fd-a3a4-e4d4bc267d70,"https://cdn.zeptonow.com/production/tr:w-1280,ar-1024-1024,pr-true,f-auto,q-80/cms/product_variant/86e414be-b205-49d3-9353-ea67ec97bab6.jpeg"
Biscuits,Wafers,"https://cdn.zeptonow.com/production/tr:w-90,ar-120-120,pr-true,f-auto,q-80/cms/sub_category/182.png",Unibic Qubz Hazelnut Wafer Cubes,Unibic,75,150,120 g,4.5 (2.9k),In Stock,https://www.zeptonow.com/pn/unibic-qubz-hazelnut-wafer-cubes/pvid/a5b90b4e-c6ba-496d-92da-0cd763b0b9a4,"https://cdn.zeptonow.com/production/tr:w-1280,ar-1200-1200,pr-true,f-auto,q-80/cms/product_variant/2865d5e7-2aec-425a-9971-39ea1a206eb0.jpeg"
Biscuits,Wafers,"https://cdn.zeptonow.com/production/tr:w-90,ar-120-120,pr-true,f-auto,q-80/cms/sub_category/182.png",Dukes Waffy Chocolate Wafers | Trans Fat-free,Dukes,30,50,55 g,4.7 (29.2k),In Stock,https://www.zeptonow.com/pn/dukes-waffy-chocolate-wafers-trans-fat-free/pvid/f9571fd5-1474-4347-b48f-3a48a4c95d78,"https://cdn.zeptonow.com/production/tr:w-1280,ar-1024-1024,pr-true,f-auto,q-80/cms/product_variant/0b760afc-f952-4253-83de-0c5bad9ac877.jpeg"
Biscuits,Wafers,"https://cdn.zeptonow.com/production/tr:w-90,ar-120-120,pr-true,f-auto,q-80/cms/sub_category/182.png",Dukes Nutri Choice Pineapple Wafers | Trans Fat-free,Dukes,30,50,55 g,4.7 (9.3k),In Stock,https://www.zeptonow.com/pn/dukes-nutri-choice-pineapple-wafers-trans-fat-free/pvid/28743d67-9624-4b33-9422-48d6731e31a3,"https://cdn.zeptonow.com/production/tr:w-1280,ar-1024-1024,pr-true,f-auto,q-80/cms/product_variant/f62aede0-34a3-434c-9628-a76d4a6cafb8.jpeg"
Biscuits,Wafers,"https://cdn.zeptonow.com/production/tr:w-90,ar-120-120,pr-true,f-auto,q-80/cms/sub_category/182.png",Dukes Waffy Strawberry Wafers | Trans Fat-free,Dukes,30,50,55 g,4.7 (22.4k),In Stock,https://www.zeptonow.com/pn/dukes-waffy-strawberry-wafers-trans-fat-free/pvid/af05d27b-ea27-4d3f-87fc-fa91ae6689f8,"https://cdn.zeptonow.com/production/tr:w-1280,ar-1024-1024,pr-true,f-auto,q-80/cms/product_variant/86d57c25-a85b-4d3b-899d-d4accc5359dd.jpeg"
Biscuits,Wafers,"https://cdn.zeptonow.com/production/tr:w-90,ar-120-120,pr-true,f-auto,q-80/cms/sub_category/182.png",Dukes Waffy Vanilla Flavoured Wafers | Trans Fat-free,Dukes,29,50,55 g,4.6 (11.1k),In Stock,https://www.zeptonow.com/pn/dukes-waffy-vanilla-flavoured-wafers-trans-fat-free/pvid/afb4f3d5-f902-4057-9780-349f5f1bad29,"https://cdn.zeptonow.com/production/tr:w-1280,ar-1024-1024,pr-true,f-auto,q-80/cms/product_variant/a324f5d6-33a9-42ba-9c2f-e2679eb39258.jpeg"
Biscuits,Wafers,"https://cdn.zeptonow.com/production/tr:w-90,ar-120-120,pr-true,f-auto,q-80/cms/sub_category/182.png",Unibic Qubz Strawberry Wafer Cubes,Unibic,71,150,120 g,4.5 (1.3k),In Stock,https://www.zeptonow.com/pn/unibic-qubz-strawberry-wafer-cubes/pvid/f9bf81de-65a0-4b66-8c5a-f81018205911,"https://cdn.zeptonow.com/production/tr:w-1280,ar-1500-1500,pr-true,f-auto,q-80/cms/product_variant/4354a692-bb66-4fe1-bcb6-e3f557990d80.jpeg"
Biscuits,Wafers,"https://cdn.zeptonow.com/production/tr:w-90,ar-120-120,pr-true,f-auto,q-80/cms/sub_category/182.png",Dukes Nutri Choice Assorted Biscuits Wafers | Trans Fat-free,Dukes,132,145,330 g,4.8 (1.8k),In Stock,https://www.zeptonow.com/pn/dukes-nutri-choice-assorted-biscuits-wafers-trans-fat-free/pvid/da09a5f0-b409-4b43-aee3-f996f2f7e969,"https://cdn.zeptonow.com/production/tr:w-1280,ar-1021-1021,pr-true,f-auto,q-80/cms/product_variant/efc2f998-feda-4b68-bcd9-96790bc76623.jpeg"
Biscuits,Wafers,"https://cdn.zeptonow.com/production/tr:w-90,ar-120-120,pr-true,f-auto,q-80/cms/sub_category/182.png",Britannia Treat Rich Creme Strawberry Flavoured Wafers | Trans Fat-free,Britannia,25,50,55 g,4.7 (15.6k),In Stock,https://www.zeptonow.com/pn/britannia-treat-rich-creme-strawberry-flavoured-wafers-trans-fat-free/pvid/b8cc1b9d-d715-49da-9ea5-e70d9ad4baf6,"https://cdn.zeptonow.com/production/tr:w-1280,ar-1500-1500,pr-true,f-auto,q-80/cms/product_variant/0330ee3a-f8e2-4bac-b2bc-f379e0a459dd.jpg"
Biscuits,Wafers,"https://cdn.zeptonow.com/production/tr:w-90,ar-120-120,pr-true,f-auto,q-80/cms/sub_category/182.png",Britannia Treat Rich Creme Choco Flavoured Wafers | Trans Fat-free,Britannia,25,50,55 g,4.6 (16.6k),In Stock,https://www.zeptonow.com/pn/britannia-treat-rich-creme-choco-flavoured-wafers-trans-fat-free/pvid/c94e35cc-a70c-479e-ae75-6712c0cb81a3,"https://cdn.zeptonow.com/production/tr:w-1280,ar-1500-1500,pr-true,f-auto,q-80/cms/product_variant/2acf0340-a3fe-41b1-8e5d-defd453362b0.jpg"
Biscuits,Wafers,"https://cdn.zeptonow.com/production/tr:w-90,ar-120-120,pr-true,f-auto,q-80/cms/sub_category/182.png",Britannia Treat Rich Creme Flavoured Wafers Orange Wafer | Trans Fat-free,Britannia,25,50,55 g,4.5 (4.8k),In Stock,https://www.zeptonow.com/pn/britannia-treat-rich-creme-flavoured-wafers-orange-wafer-trans-fat-free/pvid/71f603b8-a82f-4115-ae8c-71b43d0c120a,"https://cdn.zeptonow.com/production/tr:w-1280,ar-4500-4500,pr-true,f-auto,q-80/cms/product_variant/abc640e1-1799-4ab3-9751-28acf1dd6ba8.jpeg"
Biscuits,Wafers,"https://cdn.zeptonow.com/production/tr:w-90,ar-120-120,pr-true,f-auto,q-80/cms/sub_category/182.png",Britannia Treat Rich Crème Choco Flavoured Wafers 55 g Combo,Britannia,50,100,55 g X 2,4.7 (901),In Stock,https://www.zeptonow.com/pn/britannia-treat-rich-crme-choco-flavoured-wafers-55-g-combo/pvid/9dba90a2-dbbe-435c-a015-6d9fcd52b42e,"https://cdn.zeptonow.com/production/tr:w-1280,ar-1200-1200,pr-true,f-auto,q-80/cms/product_variant/0a6d4801-c3f2-48f0-b02f-d59e2cc06114.jpg"
Biscuits,Wafers,"https://cdn.zeptonow.com/production/tr:w-90,ar-120-120,pr-true,f-auto,q-80/cms/sub_category/182.png",Britannia Treat Rich Crème Strawberry Flavoured Wafers 55 g Combo,Britannia,50,100,55 g X 2,4.5 (398),In Stock,https://www.zeptonow.com/pn/britannia-treat-rich-crme-strawberry-flavoured-wafers-55-g-combo/pvid/63e6fd7c-6ef4-4248-a6d3-5cee40ec8603,"https://cdn.zeptonow.com/production/tr:w-1280,ar-1200-1200,pr-true,f-auto,q-80/cms/product_variant/fcebb840-642b-4756-a602-fe955edeb46e.jpg"
Biscuits,Wafers,"https://cdn.zeptonow.com/production/tr:w-90,ar-120-120,pr-true,f-auto,q-80/cms/sub_category/182.png",Britannia Treat Rich Crème Choco Flavoured Wafers 55 g Combo,Britannia,44,100,55 g X 2,4.6 (702),In Stock,https://www.zeptonow.com/pn/britannia-treat-rich-crme-choco-flavoured-wafers-55-g-combo/pvid/a8cb9d2d-1cc6-4768-8ebc-50bd1cfc26c5,"https://cdn.zeptonow.com/production/tr:w-1280,ar-1200-1200,pr-true,f-auto,q-80/cms/product_variant/c1960934-2586-418a-8130-f87b074f3f50.jpg"
Biscuits,Wafers,"https://cdn.zeptonow.com/production/tr:w-90,ar-120-120,pr-true,f-auto,q-80/cms/sub_category/182.png",Britannia Treat Rich Crème Strawberry Flavoured Wafers 55 g X 2 Combo,Britannia,44,100,55 g X 2,4.2 (506),In Stock,https://www.zeptonow.com/pn/britannia-treat-rich-crme-strawberry-flavoured-wafers-55-g-x-2-combo/pvid/e8a8a51d-9f86-4cde-9482-ef0ef437750b,"https://cdn.zeptonow.com/production/tr:w-1280,ar-1200-1200,pr-true,f-auto,q-80/cms/product_variant/6de41ed1-d437-4340-837e-feb641e307d8.jpg"
Biscuits,Wafers,"https://cdn.zeptonow.com/production/tr:w-90,ar-120-120,pr-true,f-auto,q-80/cms/sub_category/182.png",Dukes Waffy Strawberry & Orange Wafers Combo,Dukes,58,100,2 Combo,4.7 (444),In Stock,https://www.zeptonow.com/pn/dukes-waffy-strawberry-orange-wafers-combo/pvid/19757bcb-f9df-4a43-a720-ce592bb08ab8,"https://cdn.zeptonow.com/production/tr:w-1280,ar-1000-1000,pr-true,f-auto,q-80/cms/product_variant/e7509a09-50ef-4f0d-a51c-234afaa4473f.jpeg"
Biscuits,Wafers,"https://cdn.zeptonow.com/production/tr:w-90,ar-120-120,pr-true,f-auto,q-80/cms/sub_category/182.png",Dukes Waffy Chocolate & Orange Wafers Combo,Dukes,58,100,2 Combo,4.2 (319),In Stock,https://www.zeptonow.com/pn/dukes-waffy-chocolate-orange-wafers-combo/pvid/cdcebe59-444a-45ba-91b9-4381197e7ead,"https://cdn.zeptonow.com/production/tr:w-1280,ar-1000-1000,pr-true,f-auto,q-80/cms/product_variant/26b2dd3f-0a58-49b8-9ebb-8588cfb6dd07.jpeg"
Biscuits,Wafers,"https://cdn.zeptonow.com/production/tr:w-90,ar-120-120,pr-true,f-auto,q-80/cms/sub_category/182.png",Dukes Waffy Chocolate & Strawberry Wafers Combo,Dukes,58,100,2 Combo,4.5 (976),In Stock,https://www.zeptonow.com/pn/dukes-waffy-chocolate-strawberry-wafers-combo/pvid/78ab678e-457e-4d8d-8b57-a91c1250924b,"https://cdn.zeptonow.com/production/tr:w-1280,ar-1500-1500,pr-true,f-auto,q-80/inventory/product/34908f8e-77ac-431a-848d-f1feb9d25cc8-202.png"
Biscuits,Wafers,"https://cdn.zeptonow.com/production/tr:w-90,ar-120-120,pr-true,f-auto,q-80/cms/sub_category/182.png",Dukes Waffy Chocolate Wafers 60 g Combo,Dukes,54,100,60 g X 2,4.7 (197),In Stock,https://www.zeptonow.com/pn/dukes-waffy-chocolate-wafers-60-g-combo/pvid/f015f3ec-9714-44fb-b24b-6f2c7743b3b2,"https://cdn.zeptonow.com/production/tr:w-1280,ar-1200-1200,pr-true,f-auto,q-80/cms/product_variant/b1f46251-2c7f-420b-9bfe-980adbecae9b.jpg"
Biscuits,Wafers,"https://cdn.zeptonow.com/production/tr:w-90,ar-120-120,pr-true,f-auto,q-80/cms/sub_category/182.png",Britannia Treat Rich Crème Choco Flavoured Wafers 55 g Combo,Britannia,80,200,55 g X 4,4.7 (224),In Stock,https://www.zeptonow.com/pn/britannia-treat-rich-crme-choco-flavoured-wafers-55-g-combo/pvid/a0b6940c-61c7-4990-8f83-f1fd14683222,"https://cdn.zeptonow.com/production/tr:w-1280,ar-1500-1500,pr-true,f-auto,q-80/cms/product_variant/601b1390-5a4e-4023-b8b1-bd130ee4718e.jpg"
Biscuits,Wafers,"https://cdn.zeptonow.com/production/tr:w-90,ar-120-120,pr-true,f-auto,q-80/cms/sub_category/182.png",Dukes Waffy Biscuits Pineapple 60 g Combo,Dukes,54,100,60 g X 2,4.3 (975),In Stock,https://www.zeptonow.com/pn/dukes-waffy-biscuits-pineapple-60-g-combo/pvid/dd0ded53-c633-4ce0-8608-9856b4d0b8d4,"https://cdn.zeptonow.com/production/tr:w-1280,ar-1200-1200,pr-true,f-auto,q-80/cms/product_variant/58cfad01-9d13-4d30-8c9a-5321cdd4bcb0.jpg"
Biscuits,Wafers,"https://cdn.zeptonow.com/production/tr:w-90,ar-120-120,pr-true,f-auto,q-80/cms/sub_category/182.png",Dukes Waffy Vanilla Flavoured Wafers 60 g Combo,Dukes,52,100,60 g X 2,4.5 (326),In Stock,https://www.zeptonow.com/pn/dukes-waffy-vanilla-flavoured-wafers-60-g-combo/pvid/202a521d-b358-49c3-b579-d633fa80829f,"https://cdn.zeptonow.com/production/tr:w-1280,ar-1200-1200,pr-true,f-auto,q-80/cms/product_variant/15ea363c-5bf7-42eb-9e0d-ab41de4a7865.jpg"
Biscuits,Wafers,"https://cdn.zeptonow.com/production/tr:w-90,ar-120-120,pr-true,f-auto,q-80/cms/sub_category/182.png",Dukes Waffy Strawberry Wafers 60 g Combo,Dukes,54,100,60 g X 2,4.7 (967),In Stock,https://www.zeptonow.com/pn/dukes-waffy-strawberry-wafers-60-g-combo/pvid/78a99cb1-12af-4689-93d7-10c82d004a3d,"https://cdn.zeptonow.com/production/tr:w-1280,ar-1200-1200,pr-true,f-auto,q-80/cms/product_variant/c139203e-20ce-4a59-94f7-ffa0dd0ea029.jpg"
Biscuits,Wafers,"https://cdn.zeptonow.com/production/tr:w-90,ar-120-120,pr-true,f-auto,q-80/cms/sub_category/182.png",Dukes Waffy Vanilla Flavoured Wafers 60 g Combo,Dukes,69,150,60 g X 3,4.4 (356),In Stock,https://www.zeptonow.com/pn/dukes-waffy-vanilla-flavoured-wafers-60-g-combo/pvid/cdee9eca-f1af-4321-9468-5a4d04980576,"https://cdn.zeptonow.com/production/tr:w-1280,ar-1500-1500,pr-true,f-auto,q-80/cms/product_variant/a28e7bec-71e5-4cc7-822e-9766969c53fd.jpg"
Biscuits,Wafers,"https://cdn.zeptonow.com/production/tr:w-90,ar-120-120,pr-true,f-auto,q-80/cms/sub_category/182.png",Unibic Wafer Belgium Chocolate Qubz 120 g Combo,Unibic,130,300,120 g X 2,4.2 (78),In Stock,https://www.zeptonow.com/pn/unibic-wafer-belgium-chocolate-qubz-120-g-combo/pvid/1a0f4ed3-14fa-45f7-a1dd-bf8ac45549e9,"https://cdn.zeptonow.com/production/tr:w-1280,ar-1200-1200,pr-true,f-auto,q-80/cms/product_variant/4f7a7e85-71a1-4d20-9a23-80811d9d75a6.jpg"
Biscuits,Wafers,"https://cdn.zeptonow.com/production/tr:w-90,ar-120-120,pr-true,f-auto,q-80/cms/sub_category/182.png",Unibic Wafer Hazelnut Qubz Combo,Unibic,130,300,150 g X 2,4.6 (543),In Stock,https://www.zeptonow.com/pn/unibic-wafer-hazelnut-qubz-combo/pvid/9f94b9a0-b6be-45dc-ae17-1ca421913bca,"https://cdn.zeptonow.com/production/tr:w-1280,ar-1500-1500,pr-true,f-auto,q-80/cms/product_variant/66562031-078c-4728-8785-3276e521da39.jpg"
Biscuits,Wafers,"https://cdn.zeptonow.com/production/tr:w-90,ar-120-120,pr-true,f-auto,q-80/cms/sub_category/182.png",Britannia Treat Rich Crème Strawberry Flavoured Wafers 55 g Combo,Britannia,80,200,55 g X 4,4.6 (622),In Stock,https://www.zeptonow.com/pn/britannia-treat-rich-crme-strawberry-flavoured-wafers-55-g-combo/pvid/55fa8db3-9b23-4cb5-b496-88311a1c2f8f,"https://cdn.zeptonow.com/production/tr:w-1280,ar-1500-1500,pr-true,f-auto,q-80/cms/product_variant/4a28d570-7e23-4c6e-aa34-54e2e6c98848.jpg"
Biscuits,Wafers,"https://cdn.zeptonow.com/production/tr:w-90,ar-120-120,pr-true,f-auto,q-80/cms/sub_category/182.png",Sunfeast Dark Fantasy Choco Rolls | Crunchy Wafer Rolls Combo,Sunfeast,176,400,198 g X 2,4.6 (748),In Stock,https://www.zeptonow.com/pn/sunfeast-dark-fantasy-choco-rolls-crunchy-wafer-rolls-combo/pvid/58147bb4-6301-4b99-b42b-b95d381ffbd3,"https://cdn.zeptonow.com/production/tr:w-1280,ar-1905-1905,pr-true,f-auto,q-80/cms/product_variant/726b667a-dcef-4314-8558-5ca4af68dde8.jpeg"
Biscuits,Wafers,"https://cdn.zeptonow.com/production/tr:w-90,ar-120-120,pr-true,f-auto,q-80/cms/sub_category/182.png",Dukes Waffy Strawberry Wafers 60 g Combo,Dukes,96,200,60 g X 4,4.5 (464),In Stock,https://www.zeptonow.com/pn/dukes-waffy-strawberry-wafers-60-g-combo/pvid/02c3e208-2c07-450d-84d3-86843b7b2f81,"https://cdn.zeptonow.com/production/tr:w-1280,ar-1500-1500,pr-true,f-auto,q-80/cms/product_variant/fd272bdc-bd42-4759-ad20-107bfc6a27c1.jpg"
Biscuits,Wafers,"https://cdn.zeptonow.com/production/tr:w-90,ar-120-120,pr-true,f-auto,q-80/cms/sub_category/182.png",Unibic Wafer Belgium Chocolate Qubz 120 g Combo,Unibic,232,600,120 g X 4,4.5 (76),In Stock,https://www.zeptonow.com/pn/unibic-wafer-belgium-chocolate-qubz-120-g-combo/pvid/00048d47-18ea-4e1a-b746-4fc6ffaafc50,"https://cdn.zeptonow.com/production/tr:w-1280,ar-1500-1500,pr-true,f-auto,q-80/cms/product_variant/f36542c2-0810-4ff1-b6f7-b8d2c3b4393c.jpg"
Biscuits,Wafers,"https://cdn.zeptonow.com/production/tr:w-90,ar-120-120,pr-true,f-auto,q-80/cms/sub_category/182.png",Unibic Wafer Hazelnut Qubz Combo,Unibic,232,600,120 g X 4,4.6 (950),In Stock,https://www.zeptonow.com/pn/unibic-wafer-hazelnut-qubz-combo/pvid/1517c589-f609-4dfc-8586-86a75cba6946,"https://cdn.zeptonow.com/production/tr:w-1280,ar-1500-1500,pr-true,f-auto,q-80/cms/product_variant/8f200ef9-f961-4d18-9568-17114fe839fe.jpg"
Biscuits,Wafers,"https://cdn.zeptonow.com/production/tr:w-90,ar-120-120,pr-true,f-auto,q-80/cms/sub_category/182.png",Dukes Waffy Chocolate Wafer Rolls 250 g Combo,Dukes,180,360,250 g X 2,4.5 (550),In Stock,https://www.zeptonow.com/pn/dukes-waffy-chocolate-wafer-rolls-250-g-combo/pvid/4ae426f7-ca8d-48ba-ab37-1bffd5062562,"https://cdn.zeptonow.com/production/tr:w-1280,ar-1200-1200,pr-true,f-auto,q-80/cms/product_variant/cef20a79-a5cc-42a5-bc98-de123bcf2d1a.jpg"
Biscuits,Wafers,"https://cdn.zeptonow.com/production/tr:w-90,ar-120-120,pr-true,f-auto,q-80/cms/sub_category/182.png",Dukes Waffy Chocolate Wafer Rolls 250 g Combo,Dukes,332,720,250 g X 4,4.6 (333),In Stock,https://www.zeptonow.com/pn/dukes-waffy-chocolate-wafer-rolls-250-g-combo/pvid/d96d74e0-e4c1-42c6-8e20-1226ea6bc95a,"https://cdn.zeptonow.com/production/tr:w-1280,ar-1500-1500,pr-true,f-auto,q-80/cms/product_variant/9c9e098f-1965-475f-925d-65e876fcc538.jpg"
Biscuits,Wafers,"https://cdn.zeptonow.com/production/tr:w-90,ar-120-120,pr-true,f-auto,q-80/cms/sub_category/182.png",Dukes Waffy Biscuit Combo 360 g Combo,Dukes,246,290,360 g X 2,4.7 (797),In Stock,https://www.zeptonow.com/pn/dukes-waffy-biscuit-combo-360-g-combo/pvid/bb17e7db-6581-4bd9-b7c8-b6f017ff6f2a,"https://cdn.zeptonow.com/production/tr:w-1280,ar-1500-1500,pr-true,f-auto,q-80/cms/product_variant/7b3d20ef-7fa0-442a-9e4e-bf77228c5509.jpg"
Biscuits,Wafers,"https://cdn.zeptonow.com/production/tr:w-90,ar-120-120,pr-true,f-auto,q-80/cms/sub_category/182.png",The Belgian Crisps Double Choco Waffle Wafers | Artificial Colour-free,The,120,120,85 g,4.7 (989),Sold Out,https://www.zeptonow.com/pn/the-belgian-crisps-double-choco-waffle-wafers-artificial-colour-free/pvid/32542567-435c-4790-ae49-5718aa89e998,"https://cdn.zeptonow.com/production/tr:w-1280,ar-1200-1200,pr-true,f-auto,q-80/cms/product_variant/2b2979c2-fc40-4905-a056-2aff45b9dc39.jpeg"
Biscuits,Wafers,"https://cdn.zeptonow.com/production/tr:w-90,ar-120-120,pr-true,f-auto,q-80/cms/sub_category/182.png",The Belgian Waffle Co Classic Chocolate Wafers | Preservative-free,The Belgian Waffle Co,117,120,85 g,4.8 (679),Sold Out,https://www.zeptonow.com/pn/the-belgian-waffle-co-classic-chocolate-wafers-preservative-free/pvid/f7a7d441-1512-46da-8cb0-a3b8a72ce34d,"https://cdn.zeptonow.com/production/tr:w-1280,ar-1200-1200,pr-true,f-auto,q-80/cms/product_variant/02631080-67a2-48b6-8133-e88f1a04d9cd.jpeg"
Biscuits,Wafers,"https://cdn.zeptonow.com/production/tr:w-90,ar-120-120,pr-true,f-auto,q-80/cms/sub_category/182.png",The Belgian Waffle Co Cookie & Cream Waffle Crisps,The Belgian Waffle Co,103,120,85 g,4.8 (144),Sold Out,https://www.zeptonow.com/pn/the-belgian-waffle-co-cookie-cream-waffle-crisps/pvid/4f1ae265-c0e0-45fc-a465-474b894aa365,"https://cdn.zeptonow.com/production/tr:w-1280,ar-1943-2600,pr-true,f-auto,q-80/cms/product_variant/6603a6cd-6bc9-4eca-ad73-bd9b677781f6.jpeg"
Biscuits,Wafers,"https://cdn.zeptonow.com/production/tr:w-90,ar-120-120,pr-true,f-auto,q-80/cms/sub_category/182.png",Tata Soulfull Ragi Bites Orange Wafers Biscuits,Tata,35,50,50 g,4.6 (124),Sold Out,https://www.zeptonow.com/pn/tata-soulfull-ragi-bites-orange-wafers-biscuits/pvid/883bfcdc-663f-4cc4-af3b-45b901394b9a,"https://cdn.zeptonow.com/production/tr:w-1280,ar-1200-1200,pr-true,f-auto,q-80/cms/product_variant/6663ce62-9924-47d9-83a5-86f4833520db.jpeg"
Biscuits,Glucose & Marie,"https://cdn.zeptonow.com/production/tr:w-90,ar-120-120,pr-true,f-auto,q-80/cms/sub_category/183.png",Parle Marie Butter Marie Biscuits | Trans Fat-free,Parle,133,230,800 g,4.6 (23.7k),In Stock,https://www.zeptonow.com/pn/parle-marie-butter-marie-biscuits-trans-fat-free/pvid/39423716-af88-4586-9edd-fc88c827e73f,"https://cdn.zeptonow.com/production/tr:w-1280,ar-1200-1200,pr-true,f-auto,q-80/cms/product_variant/a33c14c1-dcfd-4956-b9c5-80597e5d64d4.jpeg"
Biscuits,Glucose & Marie,"https://cdn.zeptonow.com/production/tr:w-90,ar-120-120,pr-true,f-auto,q-80/cms/sub_category/183.png",Parle G Original Milk Glucose Biscuits,Parle,93,100,800 g,4.7 (113.0k),In Stock,https://www.zeptonow.com/pn/parle-g-original-milk-glucose-biscuits/pvid/a8593217-5b45-4c84-816e-2efe03e38b3e,"https://cdn.zeptonow.com/production/tr:w-1280,ar-1200-1200,pr-true,f-auto,q-80/cms/product_variant/9fec31fb-5a51-41ed-a1d6-e1f7d4fd3188.jpeg"
Biscuits,Glucose & Marie,"https://cdn.zeptonow.com/production/tr:w-90,ar-120-120,pr-true,f-auto,q-80/cms/sub_category/183.png",Parle Shakti Milk Glucose Biscuits | Cholesterol-free and Trans Fat-free,Parle,53,100,350 g,4.5 (11.9k),In Stock,https://www.zeptonow.com/pn/parle-shakti-milk-glucose-biscuits-cholesterol-free-and-trans-fat-free/pvid/f8c531f1-a36c-4ad7-b3b7-40d417e906bb,"https://cdn.zeptonow.com/production/tr:w-1280,ar-1000-1000,pr-true,f-auto,q-80/cms/product_variant/d6aa66ce-a4a0-4483-bc57-a7ff8f5dedd8.jpeg"
Biscuits,Glucose & Marie,"https://cdn.zeptonow.com/production/tr:w-90,ar-120-120,pr-true,f-auto,q-80/cms/sub_category/183.png",Parle Gold Glucose Biscuits | Trans Fat-free,Parle,141,160,1 kg,4.7 (22.1k),In Stock,https://www.zeptonow.com/pn/parle-gold-glucose-biscuits-trans-fat-free/pvid/63e3ba5f-c941-483e-ae1c-b360850ba43b,"https://cdn.zeptonow.com/production/tr:w-1280,ar-1000-1000,pr-true,f-auto,q-80/cms/product_variant/a5963104-3832-4d28-b93b-2aa8185fe85b.jpg"
Biscuits,Glucose & Marie,"https://cdn.zeptonow.com/production/tr:w-90,ar-120-120,pr-true,f-auto,q-80/cms/sub_category/183.png",Parle G Original Milk Glucose Biscuits,Parle,30,30,250 g,4.7 (162.3k),In Stock,https://www.zeptonow.com/pn/parle-g-original-milk-glucose-biscuits/pvid/5a1c25fc-0b4c-445e-8b82-f42ef1c31f7b,"https://cdn.zeptonow.com/production/tr:w-1280,ar-1000-1000,pr-true,f-auto,q-80/cms/product_variant/99c7074b-79b9-441e-9eb8-ff2ef875d06e.jpeg"
Biscuits,Glucose & Marie,"https://cdn.zeptonow.com/production/tr:w-90,ar-120-120,pr-true,f-auto,q-80/cms/sub_category/183.png",Parle Marie Butter Marie Biscuits | Trans Fat-free,Parle,40,40,250 g,4.6 (25.3k),In Stock,https://www.zeptonow.com/pn/parle-marie-butter-marie-biscuits-trans-fat-free/pvid/733c52d1-341d-4dc8-b2fb-af6fbd36954a,"https://cdn.zeptonow.com/production/tr:w-1280,ar-1200-1200,pr-true,f-auto,q-80/cms/product_variant/3576f590-3015-4e6e-8bb7-3584b7482656.jpeg"
Biscuits,Glucose & Marie,"https://cdn.zeptonow.com/production/tr:w-90,ar-120-120,pr-true,f-auto,q-80/cms/sub_category/183.png",Parle Gold Vanilla Glucose Biscuits | Trans Fat-free,Parle,30,30,187.5 g,4.6 (42.6k),In Stock,https://www.zeptonow.com/pn/parle-gold-vanilla-glucose-biscuits-trans-fat-free/pvid/f46c1328-5bd1-42aa-a24a-d2d7021b6fd6,"https://cdn.zeptonow.com/production/tr:w-1280,ar-1200-1200,pr-true,f-auto,q-80/cms/product_variant/2c139245-6b21-47f4-b252-752f00c95eca.jpeg"
Biscuits,Glucose & Marie,"https://cdn.zeptonow.com/production/tr:w-90,ar-120-120,pr-true,f-auto,q-80/cms/sub_category/183.png",Britannia Marie Gold Biscuits Plain | Trans Fat-free,Britannia,95,100,585 g,4.7 (77.3k),In Stock,https://www.zeptonow.com/pn/britannia-marie-gold-biscuits-plain-trans-fat-free/pvid/e6e46950-d542-4d8c-a935-c5a6ef6b7051,"https://cdn.zeptonow.com/production/tr:w-1280,ar-1200-1200,pr-true,f-auto,q-80/cms/product_variant/a6b7a8a1-adf6-4dba-a841-121f27d5cf6f.jpeg"
Biscuits,Glucose & Marie,"https://cdn.zeptonow.com/production/tr:w-90,ar-120-120,pr-true,f-auto,q-80/cms/sub_category/183.png",Britannia Milk Bikis Glucose Biscuits | Trans Fat-free,Britannia,84,90,435 g,4.7 (39.4k),In Stock,https://www.zeptonow.com/pn/britannia-milk-bikis-glucose-biscuits-trans-fat-free/pvid/17d29365-2139-411e-aa4d-e5bb0108d65f,"https://cdn.zeptonow.com/production/tr:w-1280,ar-4500-4500,pr-true,f-auto,q-80/cms/product_variant/430d62b1-94c3-45fb-8dbe-34d568771cde.jpeg"
Biscuits,Glucose & Marie,"https://cdn.zeptonow.com/production/tr:w-90,ar-120-120,pr-true,f-auto,q-80/cms/sub_category/183.png",Britannia Marie Gold Biscuits Plain | Trans Fat-free,Britannia,24,25,176 g,4.7 (99.4k),In Stock,https://www.zeptonow.com/pn/britannia-marie-gold-biscuits-plain-trans-fat-free/pvid/40b98007-044e-46cb-9709-7621ef016f29,"https://cdn.zeptonow.com/production/tr:w-0.98,h-0.98,f-auto/cms/product_variant/5d7041b3-9a78-4e41-9a2a-cda343a4f2ba.jpeg"
Biscuits,Glucose & Marie,"https://cdn.zeptonow.com/production/tr:w-90,ar-120-120,pr-true,f-auto,q-80/cms/sub_category/183.png",Britannia Milk Bikis Glucose Biscuits | Trans Fat-free,Britannia,50,55,188 g,4.7 (52.0k),In Stock,https://www.zeptonow.com/pn/britannia-milk-bikis-glucose-biscuits-trans-fat-free/pvid/fd80572d-f4c7-4a95-8bdf-130308480639,"https://cdn.zeptonow.com/production/tr:w-1280,ar-4500-4500,pr-true,f-auto,q-80/cms/product_variant/af7e9857-610b-47fb-bbca-defc45ddba49.jpeg"
Biscuits,Glucose & Marie,"https://cdn.zeptonow.com/production/tr:w-90,ar-120-120,pr-true,f-auto,q-80/cms/sub_category/183.png",Britannia Vita Butter Marie Gold Biscuits | Trans Fat-free,Britannia,47,50,248 g,4.7 (33.0k),In Stock,https://www.zeptonow.com/pn/britannia-vita-butter-marie-gold-biscuits-trans-fat-free/pvid/51ffd532-68d7-4620-993d-c0ea1d01dfc5,"https://cdn.zeptonow.com/production/tr:w-1280,ar-1067-874,pr-true,f-auto,q-80/cms/product_variant/c6013453-aed8-453a-a1df-db0fab234ac1.jpeg"
Biscuits,Glucose & Marie,"https://cdn.zeptonow.com/production/tr:w-90,ar-120-120,pr-true,f-auto,q-80/cms/sub_category/183.png",Sunfeast Glucose Plus Biscuits | Trans Fat-free,Sunfeast,99,140,1 kg,4.7 (5.0k),In Stock,https://www.zeptonow.com/pn/sunfeast-glucose-plus-biscuits-trans-fat-free/pvid/eab08eaa-9339-403e-9e2a-3d0a8f15d227,"https://cdn.zeptonow.com/production/tr:w-1280,ar-1500-1500,pr-true,f-auto,q-80/cms/product_variant/0a0f9fdd-024a-4aec-8eab-c6429e0984e1.jpeg"
Biscuits,Glucose & Marie,"https://cdn.zeptonow.com/production/tr:w-90,ar-120-120,pr-true,f-auto,q-80/cms/sub_category/183.png",Patanjali Doodh Biscuit,Patanjali,114,125,800 g,4.2 (339),In Stock,https://www.zeptonow.com/pn/patanjali-doodh-biscuit/pvid/9269d489-d1cd-4f4b-b28b-a7f95c0f9969,"https://cdn.zeptonow.com/production/tr:w-0.98,h-0.98,f-auto/cms/product_variant/9aa4cdfc-9141-4a53-9abb-c0df271a48a7.jpg"
Biscuits,Glucose & Marie,"https://cdn.zeptonow.com/production/tr:w-90,ar-120-120,pr-true,f-auto,q-80/cms/sub_category/183.png",Britannia Vita Plain Marie Biscuits | Trans Fat-free,Britannia,150,160,900 g,4.7 (2.3k),In Stock,https://www.zeptonow.com/pn/britannia-vita-plain-marie-biscuits-trans-fat-free/pvid/f03b4bfd-98d1-40b6-aaaa-5feaa35939ab,"https://cdn.zeptonow.com/production/tr:w-1280,ar-4500-4500,pr-true,f-auto,q-80/cms/product_variant/f4753f4f-1f9f-4a0d-8003-d135bcdd1f1f.jpeg"
Biscuits,Glucose & Marie,"https://cdn.zeptonow.com/production/tr:w-90,ar-120-120,pr-true,f-auto,q-80/cms/sub_category/183.png",Sunfeast Light Active Plain Marie Biscuits with Iron and 6 Vitamins | Trans Fat-free,Sunfeast,26,30,186 g,4.5 (26.6k),In Stock,https://www.zeptonow.com/pn/sunfeast-light-active-plain-marie-biscuits-with-iron-and-6-vitamins-trans-fat-free/pvid/75a7ca64-4564-4376-a97c-7976d0cdf8ee,"https://cdn.zeptonow.com/production/tr:w-1280,ar-500-500,pr-true,f-auto,q-80/cms/product_variant/7e47b0ee-ad55-4192-a266-946488d7dbe8.jpeg"
Biscuits,Glucose & Marie,"https://cdn.zeptonow.com/production/tr:w-90,ar-120-120,pr-true,f-auto,q-80/cms/sub_category/183.png","Patanjali Doodh Biscuits, Whole Wheat Milk Cookie With Fiber Healthy & Nutritious Biscuits",Patanjali,37,40,255 g,4.7 (628),In Stock,https://www.zeptonow.com/pn/patanjali-doodh-biscuits-whole-wheat-milk-cookie-with-fiber-healthy-nutritious-biscuits/pvid/52646c84-f04a-4a54-a448-0bfa8e115474,"https://cdn.zeptonow.com/production/tr:w-1280,ar-2000-2000,pr-true,f-auto,q-80/cms/product_variant/5c679a75-81b9-4557-b32c-00474906d830.jpg"
Biscuits,Glucose & Marie,"https://cdn.zeptonow.com/production/tr:w-90,ar-120-120,pr-true,f-auto,q-80/cms/sub_category/183.png",Sunfeast Marie Light Plain Biscuits | Trans Fat-free,Sunfeast,36,45,243 g,4.5 (1.9k),In Stock,https://www.zeptonow.com/pn/sunfeast-marie-light-plain-biscuits-trans-fat-free/pvid/07167f96-12a9-4d83-b726-8dcebb3dfe90,"https://cdn.zeptonow.com/production/tr:w-1280,ar-750-750,pr-true,f-auto,q-80/cms/product_variant/468be5de-44e7-4db2-b7d9-90f87cd9806e.jpeg"
Biscuits,Glucose & Marie,"https://cdn.zeptonow.com/production/tr:w-90,ar-120-120,pr-true,f-auto,q-80/cms/sub_category/183.png",Britannia Marie Gold Biscuit Combo,Britannia,46,50,117 m X 2,4.5 (542),In Stock,https://www.zeptonow.com/pn/britannia-marie-gold-biscuit-combo/pvid/6949fdee-1489-4270-b6e8-9828c02c1c66,"https://cdn.zeptonow.com/production/tr:w-1280,ar-1500-1500,pr-true,f-auto,q-80/inventory/product/0bb32226-69d5-43e3-a384-f839d41badf4-Britannia_Marie_Gold_Biscuit_(Pack_of_2).jpg"
Biscuits,Glucose & Marie,"https://cdn.zeptonow.com/production/tr:w-90,ar-120-120,pr-true,f-auto,q-80/cms/sub_category/183.png",Britannia Marie Gold Biscuit 117 g Combo,Britannia,92,100,117 g X 4,4.6 (110),In Stock,https://www.zeptonow.com/pn/britannia-marie-gold-biscuit-117-g-combo/pvid/74d7a138-6718-4a95-b06f-99715b573e88,"https://cdn.zeptonow.com/production/tr:w-1280,ar-1500-1500,pr-true,f-auto,q-80/inventory/product/a9879d4e-d0b2-4df6-be27-41c3c59e4b96-4014.jpg"
Biscuits,Glucose & Marie,"https://cdn.zeptonow.com/production/tr:w-90,ar-120-120,pr-true,f-auto,q-80/cms/sub_category/183.png",Sunfeast Light Active Marie Biscuit 186 g Combo,Sunfeast,48,60,186 g X 2,4.3 (874),In Stock,https://www.zeptonow.com/pn/sunfeast-light-active-marie-biscuit-186-g-combo/pvid/3c0a1bc3-d6cb-44f9-9eee-85ad80eeac8f,"https://cdn.zeptonow.com/production/tr:w-1280,ar-500-500,pr-true,f-auto,q-80/cms/product_variant/a57accd1-4dad-4c0c-b1c2-fa897febe85f.jpeg"
Biscuits,Glucose & Marie,"https://cdn.zeptonow.com/production/tr:w-90,ar-120-120,pr-true,f-auto,q-80/cms/sub_category/183.png","Britannia Vita Marie Gold Biscuits, Zero Transfat, Vitamin Enriched Biscuits 248 gms Combo",Britannia,94,100,248gms X 2,4.3 (324),In Stock,https://www.zeptonow.com/pn/britannia-vita-marie-gold-biscuits-zero-transfat-vitamin-enriched-biscuits-248-gms-combo/pvid/a4d7ec50-2d15-444e-8f6d-3616f17fd64f,"https://cdn.zeptonow.com/production/tr:w-1280,ar-1500-1500,pr-true,f-auto,q-80/cms/product_variant/ae888b29-d170-42ec-a8f8-fc51fef69823.jpg"
Biscuits,Glucose & Marie,"https://cdn.zeptonow.com/production/tr:w-90,ar-120-120,pr-true,f-auto,q-80/cms/sub_category/183.png",Britannia Marie Gold Biscuit 117 g Combo,Britannia,66,75,117 g X 3,4.6 (311),In Stock,https://www.zeptonow.com/pn/britannia-marie-gold-biscuit-117-g-combo/pvid/5cc42e14-f6ce-4cda-a1d6-91b5073315bb,"https://cdn.zeptonow.com/production/tr:w-1280,ar-1500-1500,pr-true,f-auto,q-80/inventory/product/e1dee790-40fd-4636-86e0-f1808b090805-3388.jpg"
Biscuits,Glucose & Marie,"https://cdn.zeptonow.com/production/tr:w-90,ar-120-120,pr-true,f-auto,q-80/cms/sub_category/183.png",Parle-G Gold 200 g Combo,Parle,56,60,200 g X 2,4.3 (540),In Stock,https://www.zeptonow.com/pn/parle-g-gold-200-g-combo/pvid/32f19892-b3bc-4e40-a8fc-60b63c521f77,"https://cdn.zeptonow.com/production/tr:w-1280,ar-1494-1494,pr-true,f-auto,q-80/cms/product_variant/deac8118-889d-4eaf-9dcd-735817b69682.jpg"
Biscuits,Glucose & Marie,"https://cdn.zeptonow.com/production/tr:w-90,ar-120-120,pr-true,f-auto,q-80/cms/sub_category/183.png",Britannia Milk Bikis Biscuit(500gms) & Aavin Nice Toned Fresh Milk (Pouch)(500ml) Combo,Aavin,101,110,2 combo,4.6 (503),In Stock,https://www.zeptonow.com/pn/britannia-milk-bikis-biscuit500gms-aavin-nice-toned-fresh-milk-pouch500ml-combo/pvid/34501729-0619-4d40-95e3-e99bbf562101,"https://cdn.zeptonow.com/production/tr:w-1280,ar-1494-1494,pr-true,f-auto,q-80/cms/product_variant/ac917722-1505-4d71-a3d6-f8bd86bf4906.jpg"
Biscuits,Glucose & Marie,"https://cdn.zeptonow.com/production/tr:w-90,ar-120-120,pr-true,f-auto,q-80/cms/sub_category/183.png",Sunfeast Light Active Marie Biscuit 186 g Combo,Sunfeast,69,90,186 g X 3,4.4 (426),In Stock,https://www.zeptonow.com/pn/sunfeast-light-active-marie-biscuit-186-g-combo/pvid/e75da23b-ef17-4fc8-8cad-e309fdf1b532,"https://cdn.zeptonow.com/production/tr:w-1280,ar-500-500,pr-true,f-auto,q-80/cms/product_variant/29d45fd9-fbeb-45f8-a6bd-ecf1c5e4bb35.jpeg"
Biscuits,Glucose & Marie,"https://cdn.zeptonow.com/production/tr:w-90,ar-120-120,pr-true,f-auto,q-80/cms/sub_category/183.png",Parle-G Original Gluco Biscuits 250 g Combo,Parle,84,90,250 g X 3,4.4 (563),In Stock,https://www.zeptonow.com/pn/parle-g-original-gluco-biscuits-250-g-combo/pvid/a29e83a8-e545-40a8-aaa2-22a986c5cec7,"https://cdn.zeptonow.com/production/tr:w-1280,ar-1500-1500,pr-true,f-auto,q-80/inventory/product/b31f9cf6-6aef-44cf-9a16-7d61c7179d85-3381.jpg"
Biscuits,Glucose & Marie,"https://cdn.zeptonow.com/production/tr:w-90,ar-120-120,pr-true,f-auto,q-80/cms/sub_category/183.png",Sunfeast Biscuits - Marie Light 243 g Combo,Sunfeast,68,90,243 g X 2,4.3 (857),In Stock,https://www.zeptonow.com/pn/sunfeast-biscuits-marie-light-243-g-combo/pvid/bbb4de89-e4c7-456d-84f7-0af821c58843,"https://cdn.zeptonow.com/production/tr:w-1280,ar-750-750,pr-true,f-auto,q-80/cms/product_variant/dbcb704e-8f86-4a4a-b2a2-839f8846c45f.jpeg"
Biscuits,Glucose & Marie,"https://cdn.zeptonow.com/production/tr:w-90,ar-120-120,pr-true,f-auto,q-80/cms/sub_category/183.png","Britannia Vita Marie Gold Biscuits, Zero Transfat, Vitamin Enriched Biscuits 248 g Combo",Britannia,88,100,248 g X 2,4.5 (877),In Stock,https://www.zeptonow.com/pn/britannia-vita-marie-gold-biscuits-zero-transfat-vitamin-enriched-biscuits-248-g-combo/pvid/e8246fb1-03f5-472f-963e-0642b6b80557,"https://cdn.zeptonow.com/production/tr:w-1280,ar-1200-1200,pr-true,f-auto,q-80/cms/product_variant/c5600d5f-5887-46cc-aec3-c2ddb0624077.jpg"
Biscuits,Glucose & Marie,"https://cdn.zeptonow.com/production/tr:w-90,ar-120-120,pr-true,f-auto,q-80/cms/sub_category/183.png",Britannia Milk Bikis Biscuit 200 g Combo,Britannia,135,165,200 g X 3,4.6 (931),In Stock,https://www.zeptonow.com/pn/britannia-milk-bikis-biscuit-200-g-combo/pvid/4300a81c-d3f9-4b45-bfaf-6eb293182176,"https://cdn.zeptonow.com/production/tr:w-1280,ar-1500-1500,pr-true,f-auto,q-80/cms/product_variant/4adc512c-e70e-42c5-9030-d999ea788ccb.jpg"
Biscuits,Glucose & Marie,"https://cdn.zeptonow.com/production/tr:w-90,ar-120-120,pr-true,f-auto,q-80/cms/sub_category/183.png",Parle-G Gold 200 g Combo,Parle,81,90,200 g X 3,4.4 (959),In Stock,https://www.zeptonow.com/pn/parle-g-gold-200-g-combo/pvid/159b34eb-1e18-4a33-a007-d47cb64b8131,"https://cdn.zeptonow.com/production/tr:w-1280,ar-1500-1500,pr-true,f-auto,q-80/cms/product_variant/03ffbbb7-5685-44ab-bec9-759ab1d5480e.jpg"
Biscuits,Glucose & Marie,"https://cdn.zeptonow.com/production/tr:w-90,ar-120-120,pr-true,f-auto,q-80/cms/sub_category/183.png","Britannia Vita Marie Gold Biscuits, Zero Transfat, Vitamin Enriched Biscuits 248 g Combo",Britannia,126,150,248 g X 3,4.2 (468),In Stock,https://www.zeptonow.com/pn/britannia-vita-marie-gold-biscuits-zero-transfat-vitamin-enriched-biscuits-248-g-combo/pvid/222fb5be-6b00-4c21-bfd2-b251e0f8cea3,"https://cdn.zeptonow.com/production/tr:w-1280,ar-1500-1500,pr-true,f-auto,q-80/cms/product_variant/82c52d78-910d-4ef6-93c4-663b32bc94c6.jpg"
Biscuits,Glucose & Marie,"https://cdn.zeptonow.com/production/tr:w-90,ar-120-120,pr-true,f-auto,q-80/cms/sub_category/183.png",Britannia Milk Bikis Biscuit 500 g Combo,Britannia,156,180,500 g X 2,4.2 (982),In Stock,https://www.zeptonow.com/pn/britannia-milk-bikis-biscuit-500-g-combo/pvid/535d9497-a3af-4543-a73b-b552156772df,"https://cdn.zeptonow.com/production/tr:w-1280,ar-1500-1500,pr-true,f-auto,q-80/cms/product_variant/0679a2b6-5487-45d1-96d7-fff423bdb2c9.jpg"
Biscuits,Glucose & Marie,"https://cdn.zeptonow.com/production/tr:w-90,ar-120-120,pr-true,f-auto,q-80/cms/sub_category/183.png",Britannia Milk Bikis Biscuit 500 g Combo,Britannia,222,270,500 g X 3,4.5 (715),In Stock,https://www.zeptonow.com/pn/britannia-milk-bikis-biscuit-500-g-combo/pvid/b0cf4db3-5b81-4c21-9be8-79d772eb1145,"https://cdn.zeptonow.com/production/tr:w-1280,ar-1500-1500,pr-true,f-auto,q-80/cms/product_variant/01113b9f-dba5-4ebc-8f5b-c0ee271cb2c9.jpg"
Biscuits,Glucose & Marie,"https://cdn.zeptonow.com/production/tr:w-90,ar-120-120,pr-true,f-auto,q-80/cms/sub_category/183.png",Parle Milk Shakti 350 g Combo,Parle,106,200,350 g X 2,4.3 (561),In Stock,https://www.zeptonow.com/pn/parle-milk-shakti-350-g-combo/pvid/aa7db06f-5cc1-4000-87b8-923a1fc466d7,"https://cdn.zeptonow.com/production/tr:w-1280,ar-1200-1200,pr-true,f-auto,q-80/cms/product_variant/6741db9a-ac55-4508-9774-19913ded164b.jpg"
Biscuits,Glucose & Marie,"https://cdn.zeptonow.com/production/tr:w-90,ar-120-120,pr-true,f-auto,q-80/cms/sub_category/183.png",Britannia Marie Gold Biscuit 585 g Combo,Britannia,176,200,585 g X 2,4.2 (296),In Stock,https://www.zeptonow.com/pn/britannia-marie-gold-biscuit-585-g-combo/pvid/b53602a0-e165-4717-9562-5f8469fb9a46,"https://cdn.zeptonow.com/production/tr:w-1280,ar-1500-1500,pr-true,f-auto,q-80/cms/product_variant/c4f67cbe-3023-4985-9b0f-d0e1e9948e51.jpg"
Biscuits,Glucose & Marie,"https://cdn.zeptonow.com/production/tr:w-90,ar-120-120,pr-true,f-auto,q-80/cms/sub_category/183.png",Parle-G Original Gluco Biscuits 800 g Combo,Parle,172,200,800 g X 2,4.3 (263),In Stock,https://www.zeptonow.com/pn/parle-g-original-gluco-biscuits-800-g-combo/pvid/9cbe2a41-8616-4162-a058-a3a7b841d21e,"https://cdn.zeptonow.com/production/tr:w-1280,ar-1500-1500,pr-true,f-auto,q-80/inventory/product/838bfc39-0821-46e2-b3a8-1cd96c0f10b1-Parle-G_Original_Gluco_Biscuits_(Pack_of_2).jpg"
Biscuits,Glucose & Marie,"https://cdn.zeptonow.com/production/tr:w-90,ar-120-120,pr-true,f-auto,q-80/cms/sub_category/183.png",Britannia Marie Gold Biscuit 585 g Combo,Britannia,252,300,585 g X 3,4.3 (214),In Stock,https://www.zeptonow.com/pn/britannia-marie-gold-biscuit-585-g-combo/pvid/9001f917-0e91-422b-a9c2-8863949f0b84,"https://cdn.zeptonow.com/production/tr:w-1280,ar-1500-1500,pr-true,f-auto,q-80/cms/product_variant/2d47c019-14bf-4499-b211-286b7df37ae06694.jpg"
Biscuits,Glucose & Marie,"https://cdn.zeptonow.com/production/tr:w-90,ar-120-120,pr-true,f-auto,q-80/cms/sub_category/183.png",Parle-G Gold Biscuit 1 kg Combo,Parle,260,320,1 kg X 2,4.3 (148),In Stock,https://www.zeptonow.com/pn/parle-g-gold-biscuit-1-kg-combo/pvid/3aa383c8-ddcd-45a2-b82f-2d95bb1d14b6,"https://cdn.zeptonow.com/production/tr:w-1280,ar-1500-1500,pr-true,f-auto,q-80/cms/product_variant/6cc37c02-523f-4cf9-bcb7-4b54b9bf8118.jpg"
Biscuits,Glucose & Marie,"https://cdn.zeptonow.com/production/tr:w-90,ar-120-120,pr-true,f-auto,q-80/cms/sub_category/183.png",Parle-G Original Gluco Biscuits 800 g Combo,Parle,246,300,800 g X 3,4.4 (490),In Stock,https://www.zeptonow.com/pn/parle-g-original-gluco-biscuits-800-g-combo/pvid/e77c21ce-832c-4213-a7ef-d1ffc0dbfc39,"https://cdn.zeptonow.com/production/tr:w-1280,ar-1500-1500,pr-true,f-auto,q-80/cms/product_variant/dff653ca-d575-4579-b084-0bb9057e3530.jpg"
Biscuits,Glucose & Marie,"https://cdn.zeptonow.com/production/tr:w-90,ar-120-120,pr-true,f-auto,q-80/cms/sub_category/183.png",Sunfeast Glucose Plus 1 kg Combo,Sunfeast,182,280,1 kg X 2,4.2 (757),In Stock,https://www.zeptonow.com/pn/sunfeast-glucose-plus-1-kg-combo/pvid/53f61d5f-825f-4588-b1bc-cc95f6fd4b53,"https://cdn.zeptonow.com/production/tr:w-1280,ar-1500-1500,pr-true,f-auto,q-80/inventory/product/8d3e9192-c78a-41dc-bd83-6e45955f399b-3420.jpg"
Biscuits,Glucose & Marie,"https://cdn.zeptonow.com/production/tr:w-90,ar-120-120,pr-true,f-auto,q-80/cms/sub_category/183.png",Parle-G Gold Biscuit 1 kg Combo,Parle,369,480,1 kg X 3,4.3 (727),In Stock,https://www.zeptonow.com/pn/parle-g-gold-biscuit-1-kg-combo/pvid/b57b66f4-f2a9-4813-af56-a1fedc376ad8,"https://cdn.zeptonow.com/production/tr:w-1280,ar-1500-1500,pr-true,f-auto,q-80/cms/product_variant/ea00d9bd-08ec-4f23-bc3c-a1ceb5dd812d.jpg"
Biscuits,Glucose & Marie,"https://cdn.zeptonow.com/production/tr:w-90,ar-120-120,pr-true,f-auto,q-80/cms/sub_category/183.png",Sunfeast Light Active Plain Marie Biscuits with Iron and 6 Vitamins | Trans Fat-free,Sunfeast,75,88,600 g,4.5 (18.3k),Sold Out,https://www.zeptonow.com/pn/sunfeast-light-active-plain-marie-biscuits-with-iron-and-6-vitamins-trans-fat-free/pvid/368cae33-833e-4cb4-b696-3e08567469b8,"https://cdn.zeptonow.com/production/tr:w-1280,ar-2400-2400,pr-true,f-auto,q-80/cms/product_variant/feb06e2e-e245-4978-a68e-c06435e0a9e1.jpg"
Biscuits,Glucose & Marie,"https://cdn.zeptonow.com/production/tr:w-90,ar-120-120,pr-true,f-auto,q-80/cms/sub_category/183.png",Sunfeast Super Milk Biscuit,Sunfeast,34,35,140.8 g,4.6 (209),Sold Out,https://www.zeptonow.com/pn/sunfeast-super-milk-biscuit/pvid/541ee432-d51d-4174-b8dc-d70f15a81a50,"https://cdn.zeptonow.com/production/tr:w-1280,ar-409-235,pr-true,f-auto,q-80/cms/product_variant/d29a94c7-3e6e-4e51-9786-7489188308fd.jpg"
Biscuits,Glucose & Marie,"https://cdn.zeptonow.com/production/tr:w-90,ar-120-120,pr-true,f-auto,q-80/cms/sub_category/183.png",Sunfeast Light Active Plain Marie Biscuits with Iron and 6 Vitamins | Trans Fat-free,Sunfeast,119,170,956 g,4.5 (22.8k),Sold Out,https://www.zeptonow.com/pn/sunfeast-light-active-plain-marie-biscuits-with-iron-and-6-vitamins-trans-fat-free/pvid/1aaf82b1-001c-4a85-847b-888e58e007bd,"https://cdn.zeptonow.com/production/tr:w-1280,ar-640-640,pr-true,f-auto,q-80/cms/product_variant/190185f0-f978-428f-b45f-2842189f04c0.jpeg"
Biscuits,Digestives,"https://cdn.zeptonow.com/production/tr:w-90,ar-120-120,pr-true,f-auto,q-80/cms/sub_category/185.png",Sunfeast Gold Multigrain Digestive Biscuit | Cholesterol-free and Trans Fat-free,Sunfeast,124,240,800 g,4.6 (7.4k),In Stock,https://www.zeptonow.com/pn/sunfeast-gold-multigrain-digestive-biscuit-cholesterol-free-and-trans-fat-free/pvid/22a276d8-da9c-40b6-8ddf-633c2c66f6c5,"https://cdn.zeptonow.com/production/tr:w-1280,ar-1200-1200,pr-true,f-auto,q-80/cms/product_variant/3ba24d9a-09a6-4b78-9074-c6a7ff322031.jpeg"
Biscuits,Digestives,"https://cdn.zeptonow.com/production/tr:w-90,ar-120-120,pr-true,f-auto,q-80/cms/sub_category/185.png",Britannia Nutrichoice High-Fibre Digestive Biscuits,Britannia,159,220,960 g,4.7 (71.9k),In Stock,https://www.zeptonow.com/pn/britannia-nutrichoice-high-fibre-digestive-biscuits/pvid/f97d702e-e23e-4d80-a02b-6de19b6e7cdc,"https://cdn.zeptonow.com/production/tr:w-1280,ar-720-720,pr-true,f-auto,q-80/cms/product_variant/21cdefb0-22b5-43e2-aa4b-79b00ad785df.jpeg"
Biscuits,Digestives,"https://cdn.zeptonow.com/production/tr:w-90,ar-120-120,pr-true,f-auto,q-80/cms/sub_category/185.png",Britannia 5 Grain High-Fibre Biscuits Multigrain Digestive Biscuits | Maida-free and Trans Fat-free,Britannia,66,75,200 g,4.7 (6.9k),In Stock,https://www.zeptonow.com/pn/britannia-5-grain-high-fibre-biscuits-multigrain-digestive-biscuits-maida-free-and-trans-fat-free/pvid/8b9bdc15-7a04-42b2-b8ff-b60b7c65554d,"https://cdn.zeptonow.com/production/tr:w-1280,ar-1200-1200,pr-true,f-auto,q-80/cms/product_variant/6a54609d-9e0e-4029-90b0-5c9204c82abb.jpeg"
Biscuits,Digestives,"https://cdn.zeptonow.com/production/tr:w-90,ar-120-120,pr-true,f-auto,q-80/cms/sub_category/185.png",Britannia Nutrichoice High-Fibre Digestive Biscuits,Britannia,23,25,91.7 g,4.7 (124.9k),In Stock,https://www.zeptonow.com/pn/britannia-nutrichoice-high-fibre-digestive-biscuits/pvid/f586520f-750a-4593-998f-6cbf0ba8a9a2,"https://cdn.zeptonow.com/production/tr:w-1280,ar-500-500,pr-true,f-auto,q-80/cms/product_variant/09acb992-f9fe-49f5-9caa-46a5a859eeed.jpg"
Biscuits,Digestives,"https://cdn.zeptonow.com/production/tr:w-90,ar-120-120,pr-true,f-auto,q-80/cms/sub_category/185.png",Britannia Nutrichoice High-Fibre Digestive Biscuits,Britannia,45,50,192 g,4.7 (63.8k),In Stock,https://www.zeptonow.com/pn/britannia-nutrichoice-high-fibre-digestive-biscuits/pvid/a964018a-0a8d-4207-acba-5e55770dd27d,"https://cdn.zeptonow.com/production/tr:w-1280,ar-1200-1200,pr-true,f-auto,q-80/cms/product_variant/ca2359ee-0646-41d6-b2cd-d259c5a5d82f.jpeg"
Biscuits,Digestives,"https://cdn.zeptonow.com/production/tr:w-90,ar-120-120,pr-true,f-auto,q-80/cms/sub_category/185.png","Parle Classic Jowar Digestive Biscuit | Cholesterol-free, Maida-freeand Trans Fat-free",Parle,186,320,1 kg,4.7 (6.6k),In Stock,https://www.zeptonow.com/pn/parle-classic-jowar-digestive-biscuit-cholesterol-free-maida-freeand-trans-fat-free/pvid/744c9206-55f8-4da9-942c-00c89f8ab58e,"https://cdn.zeptonow.com/production/tr:w-1280,ar-1000-1000,pr-true,f-auto,q-80/cms/product_variant/f047231a-b5e3-45e1-a84d-04b2a867bc54.jpeg"
Biscuits,Digestives,"https://cdn.zeptonow.com/production/tr:w-90,ar-120-120,pr-true,f-auto,q-80/cms/sub_category/185.png",Open Secret Zero Maida Butter Millet Cookies| Maida-free and Sugar-free,Open Secret,43,45,40 g,4.3 (899),In Stock,https://www.zeptonow.com/pn/open-secret-zero-maida-butter-millet-cookies-maida-free-and-sugar-free/pvid/12986e3e-640d-42d1-881d-ab2325d2c1f2,"https://cdn.zeptonow.com/production/tr:w-1280,ar-1021-1021,pr-true,f-auto,q-80/cms/product_variant/6742cf04-ea4d-46de-966d-174f3b86b034.jpeg"
Biscuits,Digestives,"https://cdn.zeptonow.com/production/tr:w-90,ar-120-120,pr-true,f-auto,q-80/cms/sub_category/185.png",Open Secret Zero Maida Jeera Millet Cookies | Maida-free and Sugar-free,Open Secret,43,45,40 g,4.1 (1.2k),In Stock,https://www.zeptonow.com/pn/open-secret-zero-maida-jeera-millet-cookies-maida-free-and-sugar-free/pvid/6c4a6c84-5cfa-43d8-ab7d-7a5f5cd0c883,"https://cdn.zeptonow.com/production/tr:w-1280,ar-1500-1500,pr-true,f-auto,q-80/cms/product_variant/ec438580-e014-4166-86dc-134d89be352f.jpeg"
Biscuits,Digestives,"https://cdn.zeptonow.com/production/tr:w-90,ar-120-120,pr-true,f-auto,q-80/cms/sub_category/185.png",Open Secret Zero Maida Chocolate Millet Cookies | Maida-free and Sugar-free,Open Secret,43,45,40 g,4.2 (2.8k),In Stock,https://www.zeptonow.com/pn/open-secret-zero-maida-chocolate-millet-cookies-maida-free-and-sugar-free/pvid/0794178f-895d-4f5d-a08f-2acbdf1e3bc0,"https://cdn.zeptonow.com/production/tr:w-1280,ar-1021-1021,pr-true,f-auto,q-80/cms/product_variant/d3ea0f12-ac55-4d34-ab41-f46a6bee1ac9.jpeg"
Biscuits,Digestives,"https://cdn.zeptonow.com/production/tr:w-90,ar-120-120,pr-true,f-auto,q-80/cms/sub_category/185.png",Britannia Nutri Choice Digestive Biscuits Packet Combo,Britannia,42,50,100 g X 2,4.6 (651),In Stock,https://www.zeptonow.com/pn/britannia-nutri-choice-digestive-biscuits-packet-combo/pvid/5f0f089f-9817-42f6-8db3-5916e0fc1600,"https://cdn.zeptonow.com/production/tr:w-1280,ar-1500-1500,pr-true,f-auto,q-80/inventory/product/1e78a468-3576-41aa-8199-e3ad90936f20-Britannia_Nutri_Choice_Digestive_Biscuits_Packet_(Pack_of_2).jpg"
Biscuits,Digestives,"https://cdn.zeptonow.com/production/tr:w-90,ar-120-120,pr-true,f-auto,q-80/cms/sub_category/185.png",Britannia NutriChoice Digestive High Fibre Biscuits | 0% Maida 100 g Combo,Britannia,60,75,100 g X 3,4.6 (356),In Stock,https://www.zeptonow.com/pn/britannia-nutrichoice-digestive-high-fibre-biscuits-0-maida-100-g-combo/pvid/ee599b58-ec03-415a-a777-aadadd87e658,"https://cdn.zeptonow.com/production/tr:w-1280,ar-1500-1500,pr-true,f-auto,q-80/inventory/product/b9fdf964-86a6-4948-81c7-bf6b3ae94ebe-166.jpg"
Biscuits,Digestives,"https://cdn.zeptonow.com/production/tr:w-90,ar-120-120,pr-true,f-auto,q-80/cms/sub_category/185.png",Britannia NutriChoice Digestive High Fibre Biscuits | 0% Maida 100 g Combo,Britannia,80,100,100 g X 4,4.5 (364),In Stock,https://www.zeptonow.com/pn/britannia-nutrichoice-digestive-high-fibre-biscuits-0-maida-100-g-combo/pvid/a4d111bc-a7e7-42d5-93d1-6b40b731fdd0,"https://cdn.zeptonow.com/production/tr:w-1280,ar-1500-1500,pr-true,f-auto,q-80/inventory/product/58567c6d-9895-4079-b2e6-20d59a03ec64-3970.jpg"
Biscuits,Digestives,"https://cdn.zeptonow.com/production/tr:w-90,ar-120-120,pr-true,f-auto,q-80/cms/sub_category/185.png",Britannia NutriChoice 5 Grain Digestive Biscuit | 0% Maida & High Fibre 200 g Combo,Britannia,124,150,200 g X 2,4.3 (512),In Stock,https://www.zeptonow.com/pn/britannia-nutrichoice-5-grain-digestive-biscuit-0-maida-high-fibre-200-g-combo/pvid/2de4eb9f-d4af-454b-9385-71a027c9ad4f,"https://cdn.zeptonow.com/production/tr:w-1280,ar-1500-1500,pr-true,f-auto,q-80/cms/product_variant/7a2dbd66-a7db-47cd-aec7-0ea66510aee6.jpg"
Biscuits,Digestives,"https://cdn.zeptonow.com/production/tr:w-90,ar-120-120,pr-true,f-auto,q-80/cms/sub_category/185.png",Britannia NutriChoice Digestive High Fibre Biscuits | 0% Maida 200 g Combo,Britannia,84,100,200 g X 2,4.3 (344),In Stock,https://www.zeptonow.com/pn/britannia-nutrichoice-digestive-high-fibre-biscuits-0-maida-200-g-combo/pvid/1c51072b-0bad-4fdb-90f7-09f43d23a153,"https://cdn.zeptonow.com/production/tr:w-1280,ar-1500-1500,pr-true,f-auto,q-80/inventory/product/dffd1ce8-1b32-4d02-913e-d41c03e820b4-249.jpg"
Biscuits,Digestives,"https://cdn.zeptonow.com/production/tr:w-90,ar-120-120,pr-true,f-auto,q-80/cms/sub_category/185.png",Britannia NutriChoice 5 Grain Digestive Biscuit | 0% Maida & High Fibre 200 g Combo,Britannia,177,225,200 g X 3,4.6 (725),In Stock,https://www.zeptonow.com/pn/britannia-nutrichoice-5-grain-digestive-biscuit-0-maida-high-fibre-200-g-combo/pvid/cdffe1ab-78cb-4392-877c-fe5e5bd1f036,"https://cdn.zeptonow.com/production/tr:w-1280,ar-1500-1500,pr-true,f-auto,q-80/cms/product_variant/fcc7d303-f586-44f7-aa73-3526b6d3bff1.jpg"
Biscuits,Digestives,"https://cdn.zeptonow.com/production/tr:w-90,ar-120-120,pr-true,f-auto,q-80/cms/sub_category/185.png",Britannia NutriChoice Digestive High Fibre Biscuits | 0% Maida 1 kg Combo,Britannia,294,440,960 g X 2,4.4 (644),In Stock,https://www.zeptonow.com/pn/britannia-nutrichoice-digestive-high-fibre-biscuits-0-maida-1-kg-combo/pvid/9c02cad5-3b34-4506-8ee5-50f89c50dcdb,"https://cdn.zeptonow.com/production/tr:w-1280,ar-1500-1500,pr-true,f-auto,q-80/cms/product_variant/e5d33757-c9f9-4c1e-8c80-665ed85147f1.jpg"
Biscuits,Digestives,"https://cdn.zeptonow.com/production/tr:w-90,ar-120-120,pr-true,f-auto,q-80/cms/sub_category/185.png",Sunfeast Farmlite 5 Seed High Fibre Digestive Biscuit 800 g Combo,Sunfeast,220,480,800 g X 2,4.2 (465),In Stock,https://www.zeptonow.com/pn/sunfeast-farmlite-5-seed-high-fibre-digestive-biscuit-800-g-combo/pvid/10ab09ab-b9f0-48a1-8a9a-94c2c296af06,"https://cdn.zeptonow.com/production/tr:w-1280,ar-1500-1500,pr-true,f-auto,q-80/cms/product_variant/2afb7402-4209-4d18-b034-19622a267ccf.jpg"
Biscuits,Digestives,"https://cdn.zeptonow.com/production/tr:w-90,ar-120-120,pr-true,f-auto,q-80/cms/sub_category/185.png",Britannia Nutri Choice Digestive Biscuits Packet 1 kg Combo,Britannia,477,660,1kg X 3,4.6 (155),In Stock,https://www.zeptonow.com/pn/britannia-nutri-choice-digestive-biscuits-packet-1-kg-combo/pvid/043c1574-bd77-4979-a3ac-22cbe9c25dec,"https://cdn.zeptonow.com/production/tr:w-1280,ar-1500-1500,pr-true,f-auto,q-80/cms/product_variant/01f88924-bf27-4114-b9d4-96a615af34bf.jpg"
Biscuits,Digestives,"https://cdn.zeptonow.com/production/tr:w-90,ar-120-120,pr-true,f-auto,q-80/cms/sub_category/185.png",Unibic Oatmeal Digestive Biscuits,Unibic,50,50,120 g,4.6 (7.4k),Sold Out,https://www.zeptonow.com/pn/unibic-oatmeal-digestive-biscuits/pvid/89462ea3-68ab-476e-ab0a-bdf606a02318,"https://cdn.zeptonow.com/production/tr:w-1280,ar-1500-1500,pr-true,f-auto,q-80/cms/product_variant/a2e01137-77cd-481a-aa3f-640d67f36fe9.jpg"
Biscuits,Rusk & Khari,"https://cdn.zeptonow.com/production/tr:w-90,ar-120-120,pr-true,f-auto,q-80/cms/sub_category/184.png",Parle Elaichi Rusk | Trans Fat-free,Parle,174,240,1 kg,4.6 (24.5k),In Stock,https://www.zeptonow.com/pn/parle-elaichi-rusk-trans-fat-free/pvid/c1561f0f-13c6-49e4-86e3-56bdb7258a72,"https://cdn.zeptonow.com/production/tr:w-1280,ar-1200-1200,pr-true,f-auto,q-80/cms/product_variant/64cb5d4e-2b4d-486a-ba90-50fa87d5ba93.jpeg"
Biscuits,Rusk & Khari,"https://cdn.zeptonow.com/production/tr:w-90,ar-120-120,pr-true,f-auto,q-80/cms/sub_category/184.png",Let's try Mixed Fruit Cake Rusk | Cholesterol-free and Trans Fat-free,Let's,176,220,200 g,4.2 (1.5k),In Stock,https://www.zeptonow.com/pn/lets-try-mixed-fruit-cake-rusk-cholesterol-free-and-trans-fat-free/pvid/9af91ed7-cefe-4c06-a657-8db062f728ec,"https://cdn.zeptonow.com/production/tr:w-1280,ar-1573-1600,pr-true,f-auto,q-80/cms/product_variant/cf9d3aa2-5d04-479b-89fa-526f2ba14bca.jpg"
Biscuits,Rusk & Khari,"https://cdn.zeptonow.com/production/tr:w-90,ar-120-120,pr-true,f-auto,q-80/cms/sub_category/184.png",Parle Elaichi Rusk | Trans Fat-free,Parle,53,60,291.2 g,4.6 (27.6k),In Stock,https://www.zeptonow.com/pn/parle-elaichi-rusk-trans-fat-free/pvid/d9c9692a-e176-4e11-9e11-f34fbdcfbdc4,"https://cdn.zeptonow.com/production/tr:w-1280,ar-1000-1000,pr-true,f-auto,q-80/cms/product_variant/8df7bb97-0c06-41cf-a9d6-a77c85e04543.jpeg"
Biscuits,Rusk & Khari,"https://cdn.zeptonow.com/production/tr:w-90,ar-120-120,pr-true,f-auto,q-80/cms/sub_category/184.png",Let's Try Chocolate Cake Rusk | Trans Fat-free,Let's,165,220,200 g,4.1 (708),In Stock,https://www.zeptonow.com/pn/lets-try-chocolate-cake-rusk-trans-fat-free/pvid/6f2199c6-96d1-4d9f-b028-0809e70e882e,"https://cdn.zeptonow.com/production/tr:w-1280,ar-1573-1600,pr-true,f-auto,q-80/cms/product_variant/65e2719b-fa23-4b05-96f8-6df7e2428b84.jpg"
Biscuits,Rusk & Khari,"https://cdn.zeptonow.com/production/tr:w-90,ar-120-120,pr-true,f-auto,q-80/cms/sub_category/184.png",Britannia Toastea Milk Elaichi Rusk | Trans Fat-free,Britannia,29,35,182 g,4.5 (17.8k),In Stock,https://www.zeptonow.com/pn/britannia-toastea-milk-elaichi-rusk-trans-fat-free/pvid/e0b27634-e620-496f-891a-02c96e1804a2,"https://cdn.zeptonow.com/production/tr:w-1280,ar-4500-4500,pr-true,f-auto,q-80/cms/product_variant/1e2f26dd-05ad-4662-b9d9-931b5d2ad059.jpeg"
Biscuits,Rusk & Khari,"https://cdn.zeptonow.com/production/tr:w-90,ar-120-120,pr-true,f-auto,q-80/cms/sub_category/184.png",Britannia Toastea Bake Elaichi Rusk | Trans Fat-free,Britannia,34,40,183 g,4.5 (63.6k),In Stock,https://www.zeptonow.com/pn/britannia-toastea-bake-elaichi-rusk-trans-fat-free/pvid/eb49897f-0110-4d54-984f-aa9f915cf050,"https://cdn.zeptonow.com/production/tr:w-1280,ar-4500-4500,pr-true,f-auto,q-80/cms/product_variant/82386927-1880-466a-8053-060572bcc883.jpeg"
Biscuits,Rusk & Khari,"https://cdn.zeptonow.com/production/tr:w-90,ar-120-120,pr-true,f-auto,q-80/cms/sub_category/184.png",Britannia Toastea Bake Elaichi Rusk | Trans Fat-free,Britannia,130,140,668 g,4.5 (44.5k),In Stock,https://www.zeptonow.com/pn/britannia-toastea-bake-elaichi-rusk-trans-fat-free/pvid/29d2d9f9-bdb2-4f10-bb7f-341f061955fb,"https://cdn.zeptonow.com/production/tr:w-1280,ar-4500-4500,pr-true,f-auto,q-80/cms/product_variant/104aaf2f-4085-43e2-93ee-b25a5e8f50b6.jpeg"
Biscuits,Rusk & Khari,"https://cdn.zeptonow.com/production/tr:w-90,ar-120-120,pr-true,f-auto,q-80/cms/sub_category/184.png",Britannia Toastea Bake Elaichi Rusk | Trans Fat-free,Britannia,42,50,250 g,4.5 (63.3k),In Stock,https://www.zeptonow.com/pn/britannia-toastea-bake-elaichi-rusk-trans-fat-free/pvid/fa02b2e9-1542-4e3d-aecb-38c0cebf7277,"https://cdn.zeptonow.com/production/tr:w-1280,ar-4500-4500,pr-true,f-auto,q-80/cms/product_variant/e6ad04b5-131e-495b-9c23-0efaa941ebb0.jpeg"
Biscuits,Rusk & Khari,"https://cdn.zeptonow.com/production/tr:w-90,ar-120-120,pr-true,f-auto,q-80/cms/sub_category/184.png",Parle Premium Elaichi Rusk | Preservative-free,Parle,32,35,180 g,4.6 (35.8k),In Stock,https://www.zeptonow.com/pn/parle-premium-elaichi-rusk-preservative-free/pvid/90670931-8564-418f-98a8-b108ca48ba9d,"https://cdn.zeptonow.com/production/tr:w-1280,ar-1200-1200,pr-true,f-auto,q-80/cms/product_variant/689f416b-05f5-45ce-a917-787e258fea54.jpeg"
Biscuits,Rusk & Khari,"https://cdn.zeptonow.com/production/tr:w-90,ar-120-120,pr-true,f-auto,q-80/cms/sub_category/184.png",Parle Elaichi Rusk 300 g Combo,Parle,141,180,300 g X 3,4.4 (574),In Stock,https://www.zeptonow.com/pn/parle-elaichi-rusk-300-g-combo/pvid/48004808-b509-40a0-b2fa-47d825773d29,"https://cdn.zeptonow.com/production/tr:w-1280,ar-1500-1500,pr-true,f-auto,q-80/cms/product_variant/a662c97a-7904-4dfa-b7a4-b178cb5572076700.jpg"
Biscuits,Rusk & Khari,"https://cdn.zeptonow.com/production/tr:w-90,ar-120-120,pr-true,f-auto,q-80/cms/sub_category/184.png",Britannia Toastea Milk Rusk 182 g Combo,Britannia,54,70,182 g X 2,4.2 (892),In Stock,https://www.zeptonow.com/pn/britannia-toastea-milk-rusk-182-g-combo/pvid/81d27fe7-2088-48ab-9bb6-857d64873d3b,"https://cdn.zeptonow.com/production/tr:w-1280,ar-1494-1494,pr-true,f-auto,q-80/cms/product_variant/305aa523-2f9c-4f59-9833-abb2f6995296.jpg"
Biscuits,Rusk & Khari,"https://cdn.zeptonow.com/production/tr:w-90,ar-120-120,pr-true,f-auto,q-80/cms/sub_category/184.png",Britannia Toastea Milk Rusk 182 g Combo,Britannia,75,105,182 g X 3,4.3 (419),In Stock,https://www.zeptonow.com/pn/britannia-toastea-milk-rusk-182-g-combo/pvid/1fd5fac0-d754-466c-addf-8cf84a98e097,"https://cdn.zeptonow.com/production/tr:w-1280,ar-1500-1500,pr-true,f-auto,q-80/cms/product_variant/494f8e21-a06e-4bb4-94ad-a5f30043f55a.jpg"
Biscuits,Rusk & Khari,"https://cdn.zeptonow.com/production/tr:w-90,ar-120-120,pr-true,f-auto,q-80/cms/sub_category/184.png",Britannia Toastea Premium Bake Rusk With Real Elaichi 250 g Combo,Britannia,78,100,250 g X 2,4.4 (649),In Stock,https://www.zeptonow.com/pn/britannia-toastea-premium-bake-rusk-with-real-elaichi-250-g-combo/pvid/24934081-486a-4c8c-909f-a52e16bf6c2d,"https://cdn.zeptonow.com/production/tr:w-1280,ar-1500-1500,pr-true,f-auto,q-80/cms/product_variant/5046ba59-6d0e-4cc2-a82b-4ac1a25afaeb.jpg"
Biscuits,Rusk & Khari,"https://cdn.zeptonow.com/production/tr:w-90,ar-120-120,pr-true,f-auto,q-80/cms/sub_category/184.png",Britannia Toastea Premium Bake Rusk With Real Elaichi 183 g Combo,Britannia,116,160,183 g X 4,4.7 (343),In Stock,https://www.zeptonow.com/pn/britannia-toastea-premium-bake-rusk-with-real-elaichi-183-g-combo/pvid/82736478-0e41-4026-8655-bfe626c7b48d,"https://cdn.zeptonow.com/production/tr:w-1280,ar-1500-1500,pr-true,f-auto,q-80/cms/product_variant/7d9962b3-1605-4c6b-b454-9cd312af68a7.jpg"
Biscuits,Rusk & Khari,"https://cdn.zeptonow.com/production/tr:w-90,ar-120-120,pr-true,f-auto,q-80/cms/sub_category/184.png",Britannia Toastea Premium Bake Rusk With Real Elaichi 183 g Combo,Britannia,64,80,183 g X 2,4.3 (103),In Stock,https://www.zeptonow.com/pn/britannia-toastea-premium-bake-rusk-with-real-elaichi-183-g-combo/pvid/6578291b-624d-41d3-a39d-73c2829ff954,"https://cdn.zeptonow.com/production/tr:w-1280,ar-1500-1500,pr-true,f-auto,q-80/inventory/product/3c31f035-b3a9-4e0b-adc8-bc9bb62b378f-3290.jpg"
Biscuits,Rusk & Khari,"https://cdn.zeptonow.com/production/tr:w-90,ar-120-120,pr-true,f-auto,q-80/cms/sub_category/184.png",Parle Elaichi Rusk 300 g Combo,Parle,100,120,300 g X 2,4.6 (716),In Stock,https://www.zeptonow.com/pn/parle-elaichi-rusk-300-g-combo/pvid/65591e51-d9d7-49e8-993f-3bf134d7ef90,"https://cdn.zeptonow.com/production/tr:w-1280,ar-1500-1500,pr-true,f-auto,q-80/cms/product_variant/1d20c46b-597c-4283-9c92-52489c41463c6699.jpg"
Biscuits,Rusk & Khari,"https://cdn.zeptonow.com/production/tr:w-90,ar-120-120,pr-true,f-auto,q-80/cms/sub_category/184.png",Britannia Toastea Premium Bake Rusk With Real Elaichi 250 g Combo,Britannia,111,150,250 g X 3,4.4 (786),In Stock,https://www.zeptonow.com/pn/britannia-toastea-premium-bake-rusk-with-real-elaichi-250-g-combo/pvid/b2ea409a-7186-43f9-a927-2d5e3e32eab5,"https://cdn.zeptonow.com/production/tr:w-1280,ar-1500-1500,pr-true,f-auto,q-80/cms/product_variant/6be706ae-4fe9-4d0b-a838-c8769f8722ee.jpg"
Biscuits,Rusk & Khari,"https://cdn.zeptonow.com/production/tr:w-90,ar-120-120,pr-true,f-auto,q-80/cms/sub_category/184.png",Britannia Toastea Premium Bake Rusk With Real Elaichi 668 g Combo,Britannia,244,280,668 g X 2,4.4 (982),In Stock,https://www.zeptonow.com/pn/britannia-toastea-premium-bake-rusk-with-real-elaichi-668-g-combo/pvid/7c9c9d02-7705-40eb-8dd6-630d82d54cd6,"https://cdn.zeptonow.com/production/tr:w-1280,ar-1500-1500,pr-true,f-auto,q-80/inventory/product/6aa325d0-c45d-47d5-9436-c1c86c72f970-2192.jpg"
Biscuits,Rusk & Khari,"https://cdn.zeptonow.com/production/tr:w-90,ar-120-120,pr-true,f-auto,q-80/cms/sub_category/184.png",Nutrisum Whole Wheat Toasty Bites - Butter Garlic Rusk | Maida-free and Sugar-free,Nutrisum,144,175,150 g,4.3 (101),Sold Out,https://www.zeptonow.com/pn/nutrisum-whole-wheat-toasty-bites-butter-garlic-rusk-maida-free-and-sugar-free/pvid/01ba0cc0-b3d8-44ac-8c0d-303a267af4d5,"https://cdn.zeptonow.com/production/tr:w-1280,ar-2501-2500,pr-true,f-auto,q-80/cms/product_variant/299d0caa-c2db-4daf-8544-24fc8c15ba9e.jpeg"
Biscuits,Rusk & Khari,"https://cdn.zeptonow.com/production/tr:w-90,ar-120-120,pr-true,f-auto,q-80/cms/sub_category/184.png",Nutrisum Whole Wheat Rusk Elaichi | Artificial Colour-free,Nutrisum,99,120,180 g,4.3 (1.0k),Sold Out,https://www.zeptonow.com/pn/nutrisum-whole-wheat-rusk-elaichi-artificial-colour-free/pvid/52ab764b-2c3d-45ec-b6ec-015c2b6f6858,"https://cdn.zeptonow.com/production/tr:w-1280,ar-2000-2000,pr-true,f-auto,q-80/cms/product_variant/24293865-3cce-4948-be9b-34e0367894c8.jpeg"
Biscuits,Rusk & Khari,"https://cdn.zeptonow.com/production/tr:w-90,ar-120-120,pr-true,f-auto,q-80/cms/sub_category/184.png",Palekar Jeera Masala Khari | Trans Fat-free,Palekar,45,60,120 g,4.5 (259),Sold Out,https://www.zeptonow.com/pn/palekar-jeera-masala-khari-trans-fat-free/pvid/7d4ed5f2-0835-4dce-88ed-ede1fd0bf803,"https://cdn.zeptonow.com/production/tr:w-1280,ar-3600-4800,pr-true,f-auto,q-80/cms/product_variant/2e1833c7-0956-4beb-928a-831b2e18214d.jpg"
Biscuits,Rusk & Khari,"https://cdn.zeptonow.com/production/tr:w-90,ar-120-120,pr-true,f-auto,q-80/cms/sub_category/184.png",Palekar Jaggery Toasted Rusk | Trans Fat-free,Palekar,68,90,200 g,4 (398),Sold Out,https://www.zeptonow.com/pn/palekar-jaggery-toasted-rusk-trans-fat-free/pvid/d03a0028-2c03-4d6d-b4b4-561d409c25e0,"https://cdn.zeptonow.com/production/tr:w-1280,ar-1021-1021,pr-true,f-auto,q-80/cms/product_variant/eec4ec58-43a7-4792-b474-203830d931bc.jpeg"
Biscuits,Rusk & Khari,"https://cdn.zeptonow.com/production/tr:w-90,ar-120-120,pr-true,f-auto,q-80/cms/sub_category/184.png",Nutrisum Toasty Bites Mexican Herbs Rusk | Maida-free and Sugar-free,Nutrisum,144,175,150 g,4.2 (162),Sold Out,https://www.zeptonow.com/pn/nutrisum-toasty-bites-mexican-herbs-rusk-maida-free-and-sugar-free/pvid/43f70b75-b18f-4df4-a4ff-1cdee4eeba29,"https://cdn.zeptonow.com/production/tr:w-1280,ar-2501-2501,pr-true,f-auto,q-80/cms/product_variant/1fea9d0a-6304-413a-b5c3-0d941b3b2da9.jpeg"
Biscuits,Rusk & Khari,"https://cdn.zeptonow.com/production/tr:w-90,ar-120-120,pr-true,f-auto,q-80/cms/sub_category/184.png",The Baker's Dozen Zero Maida Butter Garlic Toast Rusk | Palm Oil-free and Preservative-free,The,118,119,90 g,4.3 (812),Sold Out,https://www.zeptonow.com/pn/the-bakers-dozen-zero-maida-butter-garlic-toast-rusk-palm-oil-free-and-preservative-free/pvid/89bc9afc-9668-453e-8a68-c7e18a25427d,"https://cdn.zeptonow.com/production/tr:w-1280,ar-1000-1000,pr-true,f-auto,q-80/cms/product_variant/d26380ad-f3ee-4092-b734-d00990ea0548.jpeg"
Biscuits,Rusk & Khari,"https://cdn.zeptonow.com/production/tr:w-90,ar-120-120,pr-true,f-auto,q-80/cms/sub_category/184.png",Parle Elaichi Rusk | Trans Fat-free,Parle,71,85,400 g,4.6 (29.1k),Sold Out,https://www.zeptonow.com/pn/parle-elaichi-rusk-trans-fat-free/pvid/3fd1ea2e-96ae-48e9-8d16-d53dccde2803,"https://cdn.zeptonow.com/production/tr:w-1280,ar-1000-1000,pr-true,f-auto,q-80/cms/product_variant/12483d61-ae44-46c4-a46a-032c8993f72c.jpeg"
Biscuits,Rusk & Khari,"https://cdn.zeptonow.com/production/tr:w-90,ar-120-120,pr-true,f-auto,q-80/cms/sub_category/184.png",Let's try Almond and Kaju Cake Rusk Goodness Of Milk & Atta | Trans Fat-free,Let's,59,110,100 g,5 (201),Sold Out,https://www.zeptonow.com/pn/lets-try-almond-and-kaju-cake-rusk-goodness-of-milk-atta-trans-fat-free/pvid/f8082080-a07b-4421-9570-33262d5bd8ac,"https://cdn.zeptonow.com/production/tr:w-1280,ar-1200-1200,pr-true,f-auto,q-80/cms/product_variant/e61f5bc1-3297-47eb-ae2b-3f6ecc5a7867.jpg"
Biscuits,Rusk & Khari,"https://cdn.zeptonow.com/production/tr:w-90,ar-120-120,pr-true,f-auto,q-80/cms/sub_category/184.png",Modern Milk Rusk,Modern,32,35,200 g,4 (110),Sold Out,https://www.zeptonow.com/pn/modern-milk-rusk/pvid/12679067-c5d9-48b5-b9b5-ba203817ea08,"https://cdn.zeptonow.com/production/tr:w-1280,ar-1500-1125,pr-true,f-auto,q-80/inventory/product/e5281a1c-4933-4857-9350-06ca0b74dbc1-dbdce1df-b6f4-460f-b088-2a1bd2e2c54a.jpeg"
Biscuits,Rusk & Khari,"https://cdn.zeptonow.com/production/tr:w-90,ar-120-120,pr-true,f-auto,q-80/cms/sub_category/184.png",Let's try Mixed Fruit Cake Rusk Goodness Of Milk & Atta | Cholesterol-free and Trans Fat-free,Let's,88,110,100 g,4.4 (169),Sold Out,https://www.zeptonow.com/pn/lets-try-mixed-fruit-cake-rusk-goodness-of-milk-atta-cholesterol-free-and-trans-fat-free/pvid/56188428-a114-4f76-a608-7f814292fa75,"https://cdn.zeptonow.com/production/tr:w-1280,ar-1200-1200,pr-true,f-auto,q-80/cms/product_variant/d58ebf0f-b418-4f47-adaa-fd3c162e62a8.jpg"
Biscuits,Rusk & Khari,"https://cdn.zeptonow.com/production/tr:w-90,ar-120-120,pr-true,f-auto,q-80/cms/sub_category/184.png",Britannia Toastea Premium Bake Elaichi Rusk | Trans Fat-free,Britannia,185,240,1 kg,4.5 (3.6k),Sold Out,https://www.zeptonow.com/pn/britannia-toastea-premium-bake-elaichi-rusk-trans-fat-free/pvid/7451f692-5456-4c46-9b2a-ca5724346843,"https://cdn.zeptonow.com/production/tr:w-1280,ar-4500-4500,pr-true,f-auto,q-80/cms/product_variant/432510db-ae10-47f9-a4e1-7eddfb6a6964.jpeg"
Biscuits,Rusk & Khari,"https://cdn.zeptonow.com/production/tr:w-90,ar-120-120,pr-true,f-auto,q-80/cms/sub_category/184.png",Let's try Chocolate Cake Rusk Goodness Of Milk & Atta | Trans Fat-free,Let's,88,110,100 g,4.5 (152),Sold Out,https://www.zeptonow.com/pn/lets-try-chocolate-cake-rusk-goodness-of-milk-atta-trans-fat-free/pvid/5e860a79-189f-439c-8652-a5be7c19fdd6,"https://cdn.zeptonow.com/production/tr:w-1280,ar-1200-1200,pr-true,f-auto,q-80/cms/product_variant/2c075b28-6faa-40eb-baa1-4d000b852240.jpg"
