main_category,sub_category,sub_category_image_url,product_name,brand,price,original_price,quantity,rating,stock_status,product_url,image_url
Breakfast & Sauces,Top Picks,"https://cdn.zeptonow.com/production/tr:w-90,ar-120-120,pr-true,f-auto,q-80/cms/sub_category/154.png",MyFitness Chocolate Peanut Butter Crunchy Spread | High Protein,MyFitness,593,689,1.25 kg,4.6 (7.3k),In Stock,https://www.zeptonow.com/pn/myfitness-chocolate-peanut-butter-crunchy-spread-high-protein/pvid/77731a97-e79e-425e-93f6-a06d8e45c4a5,"https://cdn.zeptonow.com/production/tr:w-1280,ar-1200-1200,pr-true,f-auto,q-80/cms/product_variant/dec4e3de-7353-4fae-a777-8556f5d7d261.jpeg"
Breakfast & Sauces,Top Picks,"https://cdn.zeptonow.com/production/tr:w-90,ar-120-120,pr-true,f-auto,q-80/cms/sub_category/154.png",Yogabar Chocos Chocolately Breakfast Cereal,Yogabar,385,549,850 g,4.6 (201),In Stock,https://www.zeptonow.com/pn/yogabar-chocos-chocolately-breakfast-cereal/pvid/a63d0ccd-2377-415a-aa1e-a6304b97cd0a,"https://cdn.zeptonow.com/production/tr:w-1280,ar-1080-1080,pr-true,f-auto,q-80/cms/product_variant/c9dbfbaf-8f6b-4293-884e-7a34f04dff37.jpg"
Breakfast & Sauces,Top Picks,"https://cdn.zeptonow.com/production/tr:w-90,ar-120-120,pr-true,f-auto,q-80/cms/sub_category/154.png",Veeba Tomato Ketchup - Chef's Special,Veeba,80,120,900 g,4.7 (22.8k),In Stock,https://www.zeptonow.com/pn/veeba-tomato-ketchup-chefs-special/pvid/43ed0ee1-15a1-4f32-82b3-f01909904d4b,"https://cdn.zeptonow.com/production/tr:w-1280,ar-1200-1200,pr-true,f-auto,q-80/cms/product_variant/11945376-e922-4e4e-96fe-d3232f8c4593.jpeg"
Breakfast & Sauces,Top Picks,"https://cdn.zeptonow.com/production/tr:w-90,ar-120-120,pr-true,f-auto,q-80/cms/sub_category/154.png",Yogabar Crunchy Cornflakes,Yogabar,238,355,850 g,4.6 (473),In Stock,https://www.zeptonow.com/pn/yogabar-crunchy-cornflakes/pvid/17159aea-c4fa-4e0e-8928-2e74a42e1958,"https://cdn.zeptonow.com/production/tr:w-1280,ar-1600-1600,pr-true,f-auto,q-80/cms/product_variant/58fdadce-6499-4060-bc2a-724861e26807.jpeg"
Breakfast & Sauces,Top Picks,"https://cdn.zeptonow.com/production/tr:w-90,ar-120-120,pr-true,f-auto,q-80/cms/sub_category/154.png",Kellogg's Muesli Fruit Nut & Seeds 12-in-1 Power Breakfast,Kellogg's,462,525,750 g,4.8 (7.3k),In Stock,https://www.zeptonow.com/pn/kelloggs-muesli-fruit-nut-seeds-12-in-1-power-breakfast/pvid/2a7ab3f9-838d-4176-bd5d-0da806212eb7,"https://cdn.zeptonow.com/production/tr:w-1280,ar-1200-1200,pr-true,f-auto,q-80/cms/product_variant/378cdc0e-0a81-47cb-8a22-395535fd053d.jpeg"
Breakfast & Sauces,Top Picks,"https://cdn.zeptonow.com/production/tr:w-90,ar-120-120,pr-true,f-auto,q-80/cms/sub_category/154.png",Yogabar Organic Quinoa I Gluten Free I High In Iron & Fibre | 100% Vegan & No Added Preservatives,Yogabar,267,499,1 kg,4.8 (666),In Stock,https://www.zeptonow.com/pn/yogabar-organic-quinoa-i-gluten-free-i-high-in-iron-fibre-100-vegan-no-added-preservatives/pvid/76b1a98b-19fa-4169-8282-56d87c1a74c4,"https://cdn.zeptonow.com/production/tr:w-1280,ar-3000-3000,pr-true,f-auto,q-80/cms/product_variant/0aec8ccf-162b-43aa-95eb-d4ab3b833be7.jpg"
Breakfast & Sauces,Top Picks,"https://cdn.zeptonow.com/production/tr:w-90,ar-120-120,pr-true,f-auto,q-80/cms/sub_category/154.png",Veeba Smokey Barbeque Sauce,Veeba,175,175,330 g,4.4 (632),In Stock,https://www.zeptonow.com/pn/veeba-smokey-barbeque-sauce/pvid/f4442fc6-ed19-4269-811f-a68fd6345097,"https://cdn.zeptonow.com/production/tr:w-1280,ar-1200-1200,pr-true,f-auto,q-80/cms/product_variant/04a54282-85fb-45cc-9eb6-49139c4712f6.jpeg"
Breakfast & Sauces,Top Picks,"https://cdn.zeptonow.com/production/tr:w-90,ar-120-120,pr-true,f-auto,q-80/cms/sub_category/154.png",Wingreens Farms Premium Veg Mayo,Wingreens,168,250,800 g,4.7 (3.3k),In Stock,https://www.zeptonow.com/pn/wingreens-farms-premium-veg-mayo/pvid/70efcdc6-62b8-4473-b966-79d47e209cbb,"https://cdn.zeptonow.com/production/tr:w-1280,ar-1200-1200,pr-true,f-auto,q-80/cms/product_variant/639e8d4e-8c8c-4395-b66d-633cbe275784.jpeg"
Breakfast & Sauces,Top Picks,"https://cdn.zeptonow.com/production/tr:w-90,ar-120-120,pr-true,f-auto,q-80/cms/sub_category/154.png","Yoga Bar No Maida Choco Cereal,Chocolatey Breakfast for Kids, Protein & Multigrain Cereal",Yoga,128,160,345 g,4.7 (676),In Stock,https://www.zeptonow.com/pn/yoga-bar-no-maida-choco-cerealchocolatey-breakfast-for-kids-protein-multigrain-cereal/pvid/7b11439b-ab5f-4fba-b5cc-bfeac77f9ad9,"https://cdn.zeptonow.com/production/tr:w-1280,ar-1080-1080,pr-true,f-auto,q-80/cms/product_variant/40bc0b2f-1988-498f-a717-2e57b2e251ab.jpeg"
Breakfast & Sauces,Top Picks,"https://cdn.zeptonow.com/production/tr:w-90,ar-120-120,pr-true,f-auto,q-80/cms/sub_category/154.png",Kellogg's Muesli 0% Added Sugar | 12-in-1 Power Breakfast | India's No. 1 Muesli,Kellogg's,355,395,500 g,4.6 (1.3k),In Stock,https://www.zeptonow.com/pn/kelloggs-muesli-0-added-sugar-12-in-1-power-breakfast-indias-no-1-muesli/pvid/4a3a0ddc-faaa-4514-ba43-7048edfabbd7,"https://cdn.zeptonow.com/production/tr:w-1280,ar-514-675,pr-true,f-auto,q-80/cms/product_variant/2740926e-4c15-40e3-8193-5bb4ea4a1b6a.jpeg"
Breakfast & Sauces,Top Picks,"https://cdn.zeptonow.com/production/tr:w-90,ar-120-120,pr-true,f-auto,q-80/cms/sub_category/154.png",Veeba Sriracha Chilli Hot Sauce,Veeba,174,175,320 g,4.6 (289),In Stock,https://www.zeptonow.com/pn/veeba-sriracha-chilli-hot-sauce/pvid/96ba9afb-8f96-4987-8df9-5ee1774f7446,"https://cdn.zeptonow.com/production/tr:w-1280,ar-1200-1200,pr-true,f-auto,q-80/cms/product_variant/6a4b54e5-ef69-49b0-b3b8-5416313727c2.jpeg"
Breakfast & Sauces,Top Picks,"https://cdn.zeptonow.com/production/tr:w-90,ar-120-120,pr-true,f-auto,q-80/cms/sub_category/154.png",Pintola Creamy High Protein Peanut Butter Dark Chocolate,Pintola,677,749,1 kg,4 (618),In Stock,https://www.zeptonow.com/pn/pintola-creamy-high-protein-peanut-butter-dark-chocolate/pvid/19960443-d118-432e-9d30-5b17cc358703,"https://cdn.zeptonow.com/production/tr:w-1280,ar-1200-1200,pr-true,f-auto,q-80/cms/product_variant/453ee3f1-96b4-45c6-9854-47bc21957623.jpeg"
Breakfast & Sauces,Top Picks,"https://cdn.zeptonow.com/production/tr:w-90,ar-120-120,pr-true,f-auto,q-80/cms/sub_category/154.png",Veeba Tomato Ketchup No Added Sugar,Veeba,187,219,460 g,4.9 (298),In Stock,https://www.zeptonow.com/pn/veeba-tomato-ketchup-no-added-sugar/pvid/83090b1c-23d2-4c88-80ed-ea4eac6082bb,"https://cdn.zeptonow.com/production/tr:w-1280,ar-1200-1200,pr-true,f-auto,q-80/cms/product_variant/c21399a7-9bf3-441f-81e0-9b5a069ab5df.jpeg"
Breakfast & Sauces,Top Picks,"https://cdn.zeptonow.com/production/tr:w-90,ar-120-120,pr-true,f-auto,q-80/cms/sub_category/154.png",Veeba Peri Peri Hot Sauce,Veeba,175,175,300 g,4.7 (246),In Stock,https://www.zeptonow.com/pn/veeba-peri-peri-hot-sauce/pvid/89cb6ddb-3f5f-4ecb-b44f-e1a4e62859e1,"https://cdn.zeptonow.com/production/tr:w-1280,ar-1200-1200,pr-true,f-auto,q-80/cms/product_variant/d9d190a2-bf24-4293-a4c3-0bcc125001f0.jpeg"
Breakfast & Sauces,Top Picks,"https://cdn.zeptonow.com/production/tr:w-90,ar-120-120,pr-true,f-auto,q-80/cms/sub_category/154.png",MyFitness Original Peanut Butter Crunchy Spread | High Protein,MyFitness,513,649,1.25 kg,4.4 (2.0k),In Stock,https://www.zeptonow.com/pn/myfitness-original-peanut-butter-crunchy-spread-high-protein/pvid/e039d2a0-54de-40e7-8c21-d60e0421cf7c,"https://cdn.zeptonow.com/production/tr:w-1280,ar-1080-1080,pr-true,f-auto,q-80/cms/product_variant/7ac0deab-4d83-4e4f-9c91-c231984e83c9.jpeg"
Breakfast & Sauces,Top Picks,"https://cdn.zeptonow.com/production/tr:w-90,ar-120-120,pr-true,f-auto,q-80/cms/sub_category/154.png",Pintola Crunchy High Protein Peanut Butter Dark Chocolate,Pintola,655,749,1 kg,4.7 (636),In Stock,https://www.zeptonow.com/pn/pintola-crunchy-high-protein-peanut-butter-dark-chocolate/pvid/94c7eb02-b8b6-4f53-a8a4-d671a07c5c72,"https://cdn.zeptonow.com/production/tr:w-1280,ar-1200-1200,pr-true,f-auto,q-80/cms/product_variant/2d9066ee-a082-49fc-ab4f-8dd7c1fbc449.jpeg"
Breakfast & Sauces,Top Picks,"https://cdn.zeptonow.com/production/tr:w-90,ar-120-120,pr-true,f-auto,q-80/cms/sub_category/154.png",Knorr Green Chilli Sauce,Knorr,48,60,200 g,4.6 (3.3k),In Stock,https://www.zeptonow.com/pn/knorr-green-chilli-sauce/pvid/c26e1ce1-cd54-4c6c-9d53-13621a30ddda,"https://cdn.zeptonow.com/production/tr:w-1280,ar-1021-1021,pr-true,f-auto,q-80/cms/product_variant/9aaf0f60-1ac5-45c5-9174-7ce9e308e56a.jpeg"
Breakfast & Sauces,Top Picks,"https://cdn.zeptonow.com/production/tr:w-90,ar-120-120,pr-true,f-auto,q-80/cms/sub_category/154.png",Kellogg's Muesli Fruit Nut & Seeds 12-in-1 Power Breakfast,Kellogg's,384,389,500 g,4.6 (1.3k),In Stock,https://www.zeptonow.com/pn/kelloggs-muesli-fruit-nut-seeds-12-in-1-power-breakfast/pvid/df4df3dc-e21f-4ee1-a829-07b1b0dcd351,"https://cdn.zeptonow.com/production/tr:w-1280,ar-1200-1200,pr-true,f-auto,q-80/cms/product_variant/f0afa957-fe26-454d-82b5-a7c4f3a0546a.jpeg"
Breakfast & Sauces,Top Picks,"https://cdn.zeptonow.com/production/tr:w-90,ar-120-120,pr-true,f-auto,q-80/cms/sub_category/154.png",MyFitness Chocolate Peanut Butter Crispy Spread | High Protein,MyFitness,519,689,1.2 kg,4.4 (1.7k),In Stock,https://www.zeptonow.com/pn/myfitness-chocolate-peanut-butter-crispy-spread-high-protein/pvid/32ede2f2-2f80-4a19-a571-f1e373e86516,"https://cdn.zeptonow.com/production/tr:w-1280,ar-1200-1200,pr-true,f-auto,q-80/cms/product_variant/52430dda-d994-4ac7-8e88-ed28802f5904.jpeg"
Breakfast & Sauces,Top Picks,"https://cdn.zeptonow.com/production/tr:w-90,ar-120-120,pr-true,f-auto,q-80/cms/sub_category/154.png",Kellogg's Almond and Honey Corn Flakes,Kellogg's,394,580,1 kg,4.7 (3.3k),In Stock,https://www.zeptonow.com/pn/kelloggs-almond-and-honey-corn-flakes/pvid/58c88f10-9336-47b0-a003-b5c0f37a53eb,"https://cdn.zeptonow.com/production/tr:w-1280,ar-1200-1200,pr-true,f-auto,q-80/cms/product_variant/f363fd52-282a-4493-a400-498703111d38.jpeg"
Breakfast & Sauces,Top Picks,"https://cdn.zeptonow.com/production/tr:w-90,ar-120-120,pr-true,f-auto,q-80/cms/sub_category/154.png",Kellogg's Muesli Nuts Delight 12-in-1 Power Breakfast,Kellogg's,525,525,750 g,4.3 (116),In Stock,https://www.zeptonow.com/pn/kelloggs-muesli-nuts-delight-12-in-1-power-breakfast/pvid/08d42b11-f804-4afb-b526-83a0c6abceed,"https://cdn.zeptonow.com/production/tr:w-1280,ar-1200-1200,pr-true,f-auto,q-80/cms/product_variant/bf9117c1-f870-4cdb-bb01-ba2b7ce2ba8c.jpeg"
Breakfast & Sauces,Top Picks,"https://cdn.zeptonow.com/production/tr:w-90,ar-120-120,pr-true,f-auto,q-80/cms/sub_category/154.png",MyFitness Original Peanut Butter Smooth Spread | High Protein,MyFitness,546,649,1.25 kg,4.6 (1.1k),In Stock,https://www.zeptonow.com/pn/myfitness-original-peanut-butter-smooth-spread-high-protein/pvid/50d65713-9ce7-41a3-ab95-8817431fb73d,"https://cdn.zeptonow.com/production/tr:w-1280,ar-1080-1080,pr-true,f-auto,q-80/cms/product_variant/d3c04778-f483-4062-bad9-3a9c91f9b29e.jpeg"
Breakfast & Sauces,Top Picks,"https://cdn.zeptonow.com/production/tr:w-90,ar-120-120,pr-true,f-auto,q-80/cms/sub_category/154.png",Knorr Dark Soya Sauce,Knorr,48,60,200 g,4.7 (3.7k),In Stock,https://www.zeptonow.com/pn/knorr-dark-soya-sauce/pvid/bc74ec54-8cd1-4204-b487-099b2e151237,"https://cdn.zeptonow.com/production/tr:w-1280,ar-1021-1021,pr-true,f-auto,q-80/cms/product_variant/03a62173-880e-4b5f-be7c-45349f83b6b1.jpeg"
Breakfast & Sauces,Top Picks,"https://cdn.zeptonow.com/production/tr:w-90,ar-120-120,pr-true,f-auto,q-80/cms/sub_category/154.png",Pintola Dark Chocolate Peanut Butter,Pintola,182,199,350 g,4.6 (6.7k),In Stock,https://www.zeptonow.com/pn/pintola-dark-chocolate-peanut-butter/pvid/98106945-1dac-43c8-bd62-c5a48e977622,"https://cdn.zeptonow.com/production/tr:w-1280,ar-1200-1200,pr-true,f-auto,q-80/cms/product_variant/18070de4-c186-414b-a5a9-e4d9cc7e8c6a.jpeg"
Breakfast & Sauces,Top Picks,"https://cdn.zeptonow.com/production/tr:w-90,ar-120-120,pr-true,f-auto,q-80/cms/sub_category/154.png",Kellogg's Muesli Nuts Delight 12-in-1 Power Breakfast,Kellogg's,387,389,500 g,4.9 (333),In Stock,https://www.zeptonow.com/pn/kelloggs-muesli-nuts-delight-12-in-1-power-breakfast/pvid/9d0565a0-6129-48c8-8e6f-2232cca91284,"https://cdn.zeptonow.com/production/tr:w-1280,ar-1000-1000,pr-true,f-auto,q-80/cms/product_variant/4c17afe3-7ba2-4bf0-8bde-e6ffe92c1076.jpeg"
Breakfast & Sauces,Top Picks,"https://cdn.zeptonow.com/production/tr:w-90,ar-120-120,pr-true,f-auto,q-80/cms/sub_category/154.png",Knorr Red Chilli Sauce,Knorr,48,60,200 g,4.7 (2.9k),In Stock,https://www.zeptonow.com/pn/knorr-red-chilli-sauce/pvid/bf503408-0e0c-40fa-8739-dc3b9baa7e41,"https://cdn.zeptonow.com/production/tr:w-1280,ar-1021-1021,pr-true,f-auto,q-80/cms/product_variant/95a9467e-813c-465e-9e59-d15f322bde88.jpeg"
Breakfast & Sauces,Top Picks,"https://cdn.zeptonow.com/production/tr:w-90,ar-120-120,pr-true,f-auto,q-80/cms/sub_category/154.png",Kelloggs Heart to Heart Oats,Kelloggs,143,199,900 g,4.8 (758),In Stock,https://www.zeptonow.com/pn/kelloggs-heart-to-heart-oats/pvid/5407d34b-5f23-4275-a2b8-9b0bfdf854a3,"https://cdn.zeptonow.com/production/tr:w-1280,ar-1500-1500,pr-true,f-auto,q-80/cms/product_variant/57ec1467-5476-428b-941d-34a63692ecd6.jpeg"
Breakfast & Sauces,Top Picks,"https://cdn.zeptonow.com/production/tr:w-90,ar-120-120,pr-true,f-auto,q-80/cms/sub_category/154.png",Knorr Schezwan Sauce,Knorr,62,70,200 g,4.8 (6.2k),In Stock,https://www.zeptonow.com/pn/knorr-schezwan-sauce/pvid/95de0d73-1944-4b75-9c15-5003ef493806,"https://cdn.zeptonow.com/production/tr:w-1280,ar-1200-1200,pr-true,f-auto,q-80/cms/product_variant/17d3a8bd-a586-4577-bba0-918abdc33746.jpeg"
Breakfast & Sauces,Top Picks,"https://cdn.zeptonow.com/production/tr:w-90,ar-120-120,pr-true,f-auto,q-80/cms/sub_category/154.png",MyFitness Chocolate Peanut Butter Crispy Spread | High Protein,MyFitness,268,339,510 g,4.4 (2.8k),In Stock,https://www.zeptonow.com/pn/myfitness-chocolate-peanut-butter-crispy-spread-high-protein/pvid/c9e76e28-6289-4f05-8cda-1a4f40db8dd6,"https://cdn.zeptonow.com/production/tr:w-1280,ar-1200-1200,pr-true,f-auto,q-80/cms/product_variant/b91b9a40-4f21-4bb2-8616-dcf22058d200.jpeg"
Breakfast & Sauces,Top Picks,"https://cdn.zeptonow.com/production/tr:w-90,ar-120-120,pr-true,f-auto,q-80/cms/sub_category/154.png",Pintola High Protein Dark Chocolate Peanut Butter - Crunchy,Pintola,342,399,510 g,4.4 (1.3k),In Stock,https://www.zeptonow.com/pn/pintola-high-protein-dark-chocolate-peanut-butter-crunchy/pvid/c6559fec-bdd4-426d-8373-39332f8da872,"https://cdn.zeptonow.com/production/tr:w-1280,ar-1200-1200,pr-true,f-auto,q-80/cms/product_variant/ddc6ef13-1a40-42f0-a0b5-3496ccc994eb.jpeg"
Breakfast & Sauces,Top Picks,"https://cdn.zeptonow.com/production/tr:w-90,ar-120-120,pr-true,f-auto,q-80/cms/sub_category/154.png",Kellogg's Corn Flakes Power of 5 (Super Saver PacK),Kellogg's,448,530,1.15 kg,4.7 (4.7k),In Stock,https://www.zeptonow.com/pn/kelloggs-corn-flakes-power-of-5-super-saver-pack/pvid/46fa29da-b407-4a95-836a-670e4961bfe7,"https://cdn.zeptonow.com/production/tr:w-1280,ar-2768-3000,pr-true,f-auto,q-80/cms/product_variant/18f48997-6eb5-4447-81df-d554e16d4068.jpeg"
Breakfast & Sauces,Top Picks,"https://cdn.zeptonow.com/production/tr:w-90,ar-120-120,pr-true,f-auto,q-80/cms/sub_category/154.png",Knorr Sauce Pizza and Pasta,Knorr,57,65,200 g,4.7 (15.3k),In Stock,https://www.zeptonow.com/pn/knorr-sauce-pizza-and-pasta/pvid/1ab6a62a-a1bc-4368-8f7d-3e027ca57bab,"https://cdn.zeptonow.com/production/tr:w-1280,ar-1100-1100,pr-true,f-auto,q-80/cms/product_variant/e5690005-887a-4600-a02d-48666450bb6d.png"
Breakfast & Sauces,Top Picks,"https://cdn.zeptonow.com/production/tr:w-90,ar-120-120,pr-true,f-auto,q-80/cms/sub_category/154.png",MyFitness Chocolate Peanut Butter Smooth Spread | High Protein,MyFitness,265,339,510 g,4.6 (1.3k),In Stock,https://www.zeptonow.com/pn/myfitness-chocolate-peanut-butter-smooth-spread-high-protein/pvid/ae141079-a3ea-4008-9cb3-6b997249cda0,"https://cdn.zeptonow.com/production/tr:w-1280,ar-1080-1080,pr-true,f-auto,q-80/cms/product_variant/5c7bd954-73a8-44af-9193-ec8f050208de.jpeg"
Breakfast & Sauces,Top Picks,"https://cdn.zeptonow.com/production/tr:w-90,ar-120-120,pr-true,f-auto,q-80/cms/sub_category/154.png",Yogabar High Protein Muesli Choco Almond & Cranberry Protein Snack,Yogabar,438,599,850 g,4.4 (791),In Stock,https://www.zeptonow.com/pn/yogabar-high-protein-muesli-choco-almond-cranberry-protein-snack/pvid/ebeb50bd-bb39-4e86-a20d-e424151c9718,"https://cdn.zeptonow.com/production/tr:w-1280,ar-1741-2488,pr-true,f-auto,q-80/cms/product_variant/ade4a18a-c4a0-4b0b-80c1-4e65484d7438.jpg"
Breakfast & Sauces,Top Picks,"https://cdn.zeptonow.com/production/tr:w-90,ar-120-120,pr-true,f-auto,q-80/cms/sub_category/154.png",Kellogg's Multigrain Chocos Moons & Stars,Kellogg's,458,750,1.2 kg,4.6 (1.2k),In Stock,https://www.zeptonow.com/pn/kelloggs-multigrain-chocos-moons-stars/pvid/b5fdc5d4-0e78-44d8-b88a-a285190a7ae1,"https://cdn.zeptonow.com/production/tr:w-1280,ar-1000-1000,pr-true,f-auto,q-80/cms/product_variant/047b4ebb-f6a8-4586-821a-fcb43ae7131f.jpeg"
Breakfast & Sauces,Top Picks,"https://cdn.zeptonow.com/production/tr:w-90,ar-120-120,pr-true,f-auto,q-80/cms/sub_category/154.png",True Elements Muesli Dark Chocolate,True,418,695,1 kg,4.6 (604),In Stock,https://www.zeptonow.com/pn/true-elements-muesli-dark-chocolate/pvid/577bb7a1-1f20-42ce-9d65-88a08cb89224,"https://cdn.zeptonow.com/production/tr:w-1280,ar-2479-3200,pr-true,f-auto,q-80/cms/product_variant/f99ed110-facd-4c98-bd73-7214c8cb3aa5.png"
Breakfast & Sauces,Top Picks,"https://cdn.zeptonow.com/production/tr:w-90,ar-120-120,pr-true,f-auto,q-80/cms/sub_category/154.png",Pintola All Natural Peanut Butter Creamy,Pintola,389,449,1 kg,4.4 (1.3k),In Stock,https://www.zeptonow.com/pn/pintola-all-natural-peanut-butter-creamy/pvid/5d08c30d-4c6b-41b8-9570-2054837de72b,"https://cdn.zeptonow.com/production/tr:w-1280,ar-1200-1200,pr-true,f-auto,q-80/cms/product_variant/acc36173-a5b2-4dee-a738-eff884c047ce.jpeg"
Breakfast & Sauces,Top Picks,"https://cdn.zeptonow.com/production/tr:w-90,ar-120-120,pr-true,f-auto,q-80/cms/sub_category/154.png",Kellogg's Chocos Fills Double Chocolaty,Kellogg's,188,205,250 g,4.6 (6.5k),In Stock,https://www.zeptonow.com/pn/kelloggs-chocos-fills-double-chocolaty/pvid/8cfec9b6-0c04-4569-8223-07f53a70df78,"https://cdn.zeptonow.com/production/tr:w-1280,ar-1200-1200,pr-true,f-auto,q-80/cms/product_variant/7a6a1ca4-38b9-47a0-b8d9-31c5b2b11a00.jpeg"
Breakfast & Sauces,Top Picks,"https://cdn.zeptonow.com/production/tr:w-90,ar-120-120,pr-true,f-auto,q-80/cms/sub_category/154.png",MuscleBlaze Fit High Protein Oats (Dark Chocolate),MuscleBlaze,322,349,400 g,4.4 (845),In Stock,https://www.zeptonow.com/pn/muscleblaze-fit-high-protein-oats-dark-chocolate/pvid/74e6f487-732c-4ec3-b7b2-811768422984,"https://cdn.zeptonow.com/production/tr:w-1280,ar-4064-4064,pr-true,f-auto,q-80/cms/product_variant/1b76f3b9-e0be-4a81-b23d-7084411604de.jpeg"
Breakfast & Sauces,Top Picks,"https://cdn.zeptonow.com/production/tr:w-90,ar-120-120,pr-true,f-auto,q-80/cms/sub_category/154.png",MyFitness Original Peanut Butter Crunchy Spread | High Protein,MyFitness,149,169,227 g,4.5 (3.1k),In Stock,https://www.zeptonow.com/pn/myfitness-original-peanut-butter-crunchy-spread-high-protein/pvid/3a6d65d8-a5ed-443e-8fc7-d17a17dae8ed,"https://cdn.zeptonow.com/production/tr:w-1280,ar-1200-1200,pr-true,f-auto,q-80/cms/product_variant/0adc0614-4fbf-4910-a6fd-4d8cf08fbabd.jpeg"
Breakfast & Sauces,Top Picks,"https://cdn.zeptonow.com/production/tr:w-90,ar-120-120,pr-true,f-auto,q-80/cms/sub_category/154.png",MyFitness Chocolate Peanut Butter Crunchy Spread | High Protein,MyFitness,149,179,227 g,4.6 (3.6k),In Stock,https://www.zeptonow.com/pn/myfitness-chocolate-peanut-butter-crunchy-spread-high-protein/pvid/fbfe8180-bbcb-4967-bac7-951d4b20665b,"https://cdn.zeptonow.com/production/tr:w-1280,ar-1200-1200,pr-true,f-auto,q-80/cms/product_variant/797908eb-24aa-4a7e-ab00-1f40fc439198.jpeg"
Breakfast & Sauces,Top Picks,"https://cdn.zeptonow.com/production/tr:w-90,ar-120-120,pr-true,f-auto,q-80/cms/sub_category/154.png",MyFitness Chocolate Peanut Butter Crispy Spread | High Protein,MyFitness,154,179,227 g,4.6 (2.9k),In Stock,https://www.zeptonow.com/pn/myfitness-chocolate-peanut-butter-crispy-spread-high-protein/pvid/a1be540e-1c5c-4d28-85b0-7672ece4927d,"https://cdn.zeptonow.com/production/tr:w-1280,ar-1200-1200,pr-true,f-auto,q-80/cms/product_variant/d9a2b22c-d403-49c1-b853-47883082da5d.jpeg"
Breakfast & Sauces,Top Picks,"https://cdn.zeptonow.com/production/tr:w-90,ar-120-120,pr-true,f-auto,q-80/cms/sub_category/154.png","Kellogg's Chocos Crunchy Bites | Source of Calcium & Fibre, High in Protein | Kids Breakfast cereal",Kellogg's,214,225,375 g,4.7 (3.3k),In Stock,https://www.zeptonow.com/pn/kelloggs-chocos-crunchy-bites-source-of-calcium-fibre-high-in-protein-kids-breakfast-cereal/pvid/0dfdf383-bae4-49f1-90c5-ae557f05d573,"https://cdn.zeptonow.com/production/tr:w-1280,ar-1250-1250,pr-true,f-auto,q-80/cms/product_variant/8bb3e7b6-5a51-4a67-bce5-acd263a7120d.jpeg"
Breakfast & Sauces,Top Picks,"https://cdn.zeptonow.com/production/tr:w-90,ar-120-120,pr-true,f-auto,q-80/cms/sub_category/154.png",Saffola Muesli Mango Crunch - with Real Alphonso Mango | with Crunchy Flavour Pops,Saffola,320,440,400 g,4.3 (333),In Stock,https://www.zeptonow.com/pn/saffola-muesli-mango-crunch-with-real-alphonso-mango-with-crunchy-flavour-pops/pvid/61902213-7dd5-497d-a616-6a67230c3abd,"https://cdn.zeptonow.com/production/tr:w-1280,ar-1500-1500,pr-true,f-auto,q-80/cms/product_variant/7338b3de-8f7a-42b2-a650-9edc5df52216.jpeg"
Breakfast & Sauces,Top Picks,"https://cdn.zeptonow.com/production/tr:w-90,ar-120-120,pr-true,f-auto,q-80/cms/sub_category/154.png",Del Monte Classic Blend Tomato Ketchup,Del Monte,88,130,900 g,4.7 (29.4k),In Stock,https://www.zeptonow.com/pn/del-monte-classic-blend-tomato-ketchup/pvid/fddeda02-caff-4a4c-96e6-580d46e5c31b,"https://cdn.zeptonow.com/production/tr:w-1280,ar-1200-1200,pr-true,f-auto,q-80/cms/product_variant/24c1b1a0-55d8-4b07-ac60-7f1ea645b3a5.jpeg"
Breakfast & Sauces,Top Picks,"https://cdn.zeptonow.com/production/tr:w-90,ar-120-120,pr-true,f-auto,q-80/cms/sub_category/154.png","True Elements Quinoa, For Weight Loss",True,203,350,500 g,4.9 (117),In Stock,https://www.zeptonow.com/pn/true-elements-quinoa-for-weight-loss/pvid/44d12ad6-4a86-4371-9ec5-f55deafd2194,"https://cdn.zeptonow.com/production/tr:w-1280,ar-1991-2789,pr-true,f-auto,q-80/cms/product_variant/20fb2a0a-39ea-444c-adc9-157424beb4c2.jpeg"
Breakfast & Sauces,Top Picks,"https://cdn.zeptonow.com/production/tr:w-90,ar-120-120,pr-true,f-auto,q-80/cms/sub_category/154.png",Quaker Oats,Quaker,163,210,1 kg,4.7 (41.3k),In Stock,https://www.zeptonow.com/pn/quaker-oats/pvid/e3c72ece-b8f3-4443-b12c-500be91dc767,"https://cdn.zeptonow.com/production/tr:w-1280,ar-1200-1200,pr-true,f-auto,q-80/cms/product_variant/ee7cde40-a28d-41ad-aecc-5b8d45e52721.jpeg"
Breakfast & Sauces,Top Picks,"https://cdn.zeptonow.com/production/tr:w-90,ar-120-120,pr-true,f-auto,q-80/cms/sub_category/154.png",Del Monte Classic Blend Tomato Ketchup,Del Monte,65,95,450 g,4.7 (28.8k),In Stock,https://www.zeptonow.com/pn/del-monte-classic-blend-tomato-ketchup/pvid/39134d42-8e23-4783-ac3a-fe36d997df29,"https://cdn.zeptonow.com/production/tr:w-1280,ar-1200-1200,pr-true,f-auto,q-80/cms/product_variant/c26b25d7-b9f2-4a21-8b04-27cd143664b3.jpeg"
Breakfast & Sauces,Top Picks,"https://cdn.zeptonow.com/production/tr:w-90,ar-120-120,pr-true,f-auto,q-80/cms/sub_category/154.png",Kwality Choco Flakes - Made With Whole Wheat Zero% Maida,Kwality,390,650,1 kg,4.4 (533),In Stock,https://www.zeptonow.com/pn/kwality-choco-flakes-made-with-whole-wheat-zero-maida/pvid/194511c6-20d3-48ac-b717-32f90440bd4a,"https://cdn.zeptonow.com/production/tr:w-1280,ar-2500-2500,pr-true,f-auto,q-80/cms/product_variant/8b85a2d1-be09-4f7b-ac91-dcbdc78b2413.jpeg"
Breakfast & Sauces,Top Picks,"https://cdn.zeptonow.com/production/tr:w-90,ar-120-120,pr-true,f-auto,q-80/cms/sub_category/154.png",True Elements Corn Flakes Pro,True,312,800,1 kg,4.1 (161),In Stock,https://www.zeptonow.com/pn/true-elements-corn-flakes-pro/pvid/aaa801b8-29ef-4d71-b5fb-345808e46d77,"https://cdn.zeptonow.com/production/tr:w-1280,ar-1000-1000,pr-true,f-auto,q-80/cms/product_variant/8de184f7-0576-4190-ae39-c558ae557ee5.jpeg"
Breakfast & Sauces,Top Picks,"https://cdn.zeptonow.com/production/tr:w-90,ar-120-120,pr-true,f-auto,q-80/cms/sub_category/154.png",True Elements Fruit & Nut Muesli,True,438,695,1 kg,4.5 (669),In Stock,https://www.zeptonow.com/pn/true-elements-fruit-nut-muesli/pvid/c01f0e14-25c1-4599-b228-e2f66904debe,"https://cdn.zeptonow.com/production/tr:w-1280,ar-2479-3200,pr-true,f-auto,q-80/cms/product_variant/a09a0050-0544-429c-ae8c-79a7a0fd8927.jpeg"
Breakfast & Sauces,Top Picks,"https://cdn.zeptonow.com/production/tr:w-90,ar-120-120,pr-true,f-auto,q-80/cms/sub_category/154.png",MasterChow Spicy Sichuan Chilli Oil,MasterChow,222,295,170 g,4.7 (740),In Stock,https://www.zeptonow.com/pn/masterchow-spicy-sichuan-chilli-oil/pvid/46c6411a-46d8-41ef-9777-af5b1c11429a,"https://cdn.zeptonow.com/production/tr:w-1280,ar-4500-4500,pr-true,f-auto,q-80/cms/product_variant/9f15d7fb-59e2-4446-bb56-eb9dfe497685.jpeg"
Breakfast & Sauces,Top Picks,"https://cdn.zeptonow.com/production/tr:w-90,ar-120-120,pr-true,f-auto,q-80/cms/sub_category/154.png",Yoga Bar 100% Rolled Oats Gluten free Wholegrain Oats With Protein & Fibre,Yoga,314,490,1 kg,4.6 (3.1k),In Stock,https://www.zeptonow.com/pn/yoga-bar-100-rolled-oats-gluten-free-wholegrain-oats-with-protein-fibre/pvid/8874f086-c8f3-4484-8376-cf8c8d96c2e5,"https://cdn.zeptonow.com/production/tr:w-1280,ar-2000-2000,pr-true,f-auto,q-80/cms/product_variant/f295d6cb-cb13-499f-a9b5-719525c816b6.jpeg"
Breakfast & Sauces,Top Picks,"https://cdn.zeptonow.com/production/tr:w-90,ar-120-120,pr-true,f-auto,q-80/cms/sub_category/154.png",The Gourmet Jar Arrabbiata Pasta Sauce,The,276,299,390 g,5 (74),In Stock,https://www.zeptonow.com/pn/the-gourmet-jar-arrabbiata-pasta-sauce/pvid/84bc676b-e41a-43f4-9041-9c47f60b3029,"https://cdn.zeptonow.com/production/tr:w-1280,ar-1080-1080,pr-true,f-auto,q-80/cms/product_variant/4984ff97-c5f4-4210-aad1-332f1cad6c6f.jpg"
Breakfast & Sauces,Top Picks,"https://cdn.zeptonow.com/production/tr:w-90,ar-120-120,pr-true,f-auto,q-80/cms/sub_category/154.png",Nourish Organics Cinnamon Oats Granola,Nourish,360,400,270 g,4.8 (55),In Stock,https://www.zeptonow.com/pn/nourish-organics-cinnamon-oats-granola/pvid/f7ed6a47-f326-4104-bd6a-cb5003b3ba88,"https://cdn.zeptonow.com/production/tr:w-1280,ar-2500-2500,pr-true,f-auto,q-80/cms/product_variant/29c858a8-bb27-4e79-bb64-d4e05a4c488b.jpeg"
Breakfast & Sauces,Top Picks,"https://cdn.zeptonow.com/production/tr:w-90,ar-120-120,pr-true,f-auto,q-80/cms/sub_category/154.png","Kellogg's Chocos, Moons and Stars Duet, Crunchy Bites and Chhota Laddoo | Pack of 7",Kellogg's,65,70,140 g,4.7 (33.3k),In Stock,https://www.zeptonow.com/pn/kelloggs-chocos-moons-and-stars-duet-crunchy-bites-and-chhota-laddoo-pack-of-7/pvid/093b38e7-b7c6-4ae8-9a1c-5abb3d4f5798,"https://cdn.zeptonow.com/production/tr:w-1280,ar-1080-1080,pr-true,f-auto,q-80/cms/product_variant/5f548100-f406-4e4e-98cc-1a68a463f0ac.jpg"
Breakfast & Sauces,Top Picks,"https://cdn.zeptonow.com/production/tr:w-90,ar-120-120,pr-true,f-auto,q-80/cms/sub_category/154.png","Saffola Muesli Fruit & Nut Berry Crunch with Flavour Pops | 15 In 1 Fruit And Nuts, Seeds | Millet & More",Saffola,336,450,700 g,4.6 (504),In Stock,https://www.zeptonow.com/pn/saffola-muesli-fruit-nut-berry-crunch-with-flavour-pops-15-in-1-fruit-and-nuts-seeds-millet-more/pvid/90719707-b8f3-4311-8084-ad0a8f4d0f51,"https://cdn.zeptonow.com/production/tr:w-1280,ar-1500-1500,pr-true,f-auto,q-80/cms/product_variant/405d6cc9-dab4-439d-b955-7e0d8857ce0e.jpeg"
Breakfast & Sauces,Top Picks,"https://cdn.zeptonow.com/production/tr:w-90,ar-120-120,pr-true,f-auto,q-80/cms/sub_category/154.png",Pintola Organic Unsweetened Peanut Butter Creamy - High Protein 30G & 9G Dietary Fiber,Pintola,182,199,350 g,4.9 (163),In Stock,https://www.zeptonow.com/pn/pintola-organic-unsweetened-peanut-butter-creamy-high-protein-30g-9g-dietary-fiber/pvid/2c4dcb3e-c6f2-400e-af91-9abf84e7fb2a,"https://cdn.zeptonow.com/production/tr:w-1280,ar-1501-1501,pr-true,f-auto,q-80/cms/product_variant/53ab748a-537d-4744-9acb-dfb6ece146f7.jpeg"
Breakfast & Sauces,Top Picks,"https://cdn.zeptonow.com/production/tr:w-90,ar-120-120,pr-true,f-auto,q-80/cms/sub_category/154.png",Kellogg's Almond and Honey Corn Flakes,Kellogg's,195,210,300 g,4.7 (3.8k),In Stock,https://www.zeptonow.com/pn/kelloggs-almond-and-honey-corn-flakes/pvid/44f8dc73-0d88-415c-b70c-7892d5703210,"https://cdn.zeptonow.com/production/tr:w-1280,ar-2430-3570,pr-true,f-auto,q-80/cms/product_variant/87937fe2-1a95-4485-b960-d1af83b47866.jpeg"
Breakfast & Sauces,Top Picks,"https://cdn.zeptonow.com/production/tr:w-90,ar-120-120,pr-true,f-auto,q-80/cms/sub_category/154.png",The Gourmet Jar French Vinaigrette,The,276,299,250 g,4.5 (66),In Stock,https://www.zeptonow.com/pn/the-gourmet-jar-french-vinaigrette/pvid/9ba234ea-8b09-47bd-9694-f22d2a999c8d,"https://cdn.zeptonow.com/production/tr:w-1280,ar-1080-1080,pr-true,f-auto,q-80/cms/product_variant/3803b70d-f089-4818-83b3-51cbdc3ab90c.jpg"
Breakfast & Sauces,Top Picks,"https://cdn.zeptonow.com/production/tr:w-90,ar-120-120,pr-true,f-auto,q-80/cms/sub_category/154.png",MyFitness High Protein Dark Chocolate Peanut Butter Crunchy Spread,MyFitness,344,399,510 g,4.1 (588),In Stock,https://www.zeptonow.com/pn/myfitness-high-protein-dark-chocolate-peanut-butter-crunchy-spread/pvid/4e5db534-6cf9-453a-a00a-9adf24f1c210,"https://cdn.zeptonow.com/production/tr:w-1280,ar-1000-1000,pr-true,f-auto,q-80/cms/product_variant/1e1c2f80-ef39-4b0c-b67b-213cac2d6d35.jpeg"
Breakfast & Sauces,Top Picks,"https://cdn.zeptonow.com/production/tr:w-90,ar-120-120,pr-true,f-auto,q-80/cms/sub_category/154.png",Nature'S Nectar Organic Honey,Nature'S,394,525,325 g,4.4 (210),In Stock,https://www.zeptonow.com/pn/natures-nectar-organic-honey/pvid/ac2d9b92-8782-4ca5-b7ad-399641318e27,"https://cdn.zeptonow.com/production/tr:w-1280,ar-1080-1080,pr-true,f-auto,q-80/cms/product_variant/47335be2-5822-412e-9d6f-8fa5df1a8fb8.jpg"
Breakfast & Sauces,Top Picks,"https://cdn.zeptonow.com/production/tr:w-90,ar-120-120,pr-true,f-auto,q-80/cms/sub_category/154.png",Naagin Hot Sauce Smoky Bhoot Jolokia - Extra Spicy Pepper Chilli Sauce,Naagin,175,250,230 g,4.9 (122),In Stock,https://www.zeptonow.com/pn/naagin-hot-sauce-smoky-bhoot-jolokia-extra-spicy-pepper-chilli-sauce/pvid/32568f76-9ebd-42ce-b438-682a7fa2c00f,"https://cdn.zeptonow.com/production/tr:w-1280,ar-2000-2000,pr-true,f-auto,q-80/cms/product_variant/29773647-adb1-48a1-b96f-4976437b6285.jpeg"
Breakfast & Sauces,Top Picks,"https://cdn.zeptonow.com/production/tr:w-90,ar-120-120,pr-true,f-auto,q-80/cms/sub_category/154.png",Nutella Hazelnut Spread with Cocoa,Nutella,372,399,350 g,4.7 (13.0k),In Stock,https://www.zeptonow.com/pn/nutella-hazelnut-spread-with-cocoa/pvid/95133585-5a6a-41f1-94e5-d4e3406c1c58,"https://cdn.zeptonow.com/production/tr:w-1280,ar-1000-1000,pr-true,f-auto,q-80/cms/product_variant/4567a987-982d-41fe-8f15-ce8c0d3555d9.jpeg"
Breakfast & Sauces,Top Picks,"https://cdn.zeptonow.com/production/tr:w-90,ar-120-120,pr-true,f-auto,q-80/cms/sub_category/154.png",Kwality Cookie Rings - Box,Kwality,187,299,375 g,4 (174),In Stock,https://www.zeptonow.com/pn/kwality-cookie-rings-box/pvid/d7d13ab5-cd02-4308-bb7f-a929a65b76e1,"https://cdn.zeptonow.com/production/tr:w-1280,ar-2000-2333,pr-true,f-auto,q-80/cms/product_variant/f5afaaaf-4dbe-4ea9-8854-037fb9afc887.jpg"
Breakfast & Sauces,Top Picks,"https://cdn.zeptonow.com/production/tr:w-90,ar-120-120,pr-true,f-auto,q-80/cms/sub_category/154.png",Nature'S Nectar Organic Honey,Nature'S,403,575,400 g,3.9 (272),In Stock,https://www.zeptonow.com/pn/natures-nectar-organic-honey/pvid/e3c61383-c6ff-40d4-a25a-654764b60944,"https://cdn.zeptonow.com/production/tr:w-1280,ar-1468-1500,pr-true,f-auto,q-80/cms/product_variant/be29fa56-94a8-4957-949f-301e499016ae.jpg"
Breakfast & Sauces,Top Picks,"https://cdn.zeptonow.com/production/tr:w-90,ar-120-120,pr-true,f-auto,q-80/cms/sub_category/154.png",Kellogg's Almonds And Cranberries Granola,Kellogg's,298,405,460 g,5 (726),In Stock,https://www.zeptonow.com/pn/kelloggs-almonds-and-cranberries-granola/pvid/01ac5a60-61ac-4770-9f60-f393e92f3864,"https://cdn.zeptonow.com/production/tr:w-1280,ar-1606-2400,pr-true,f-auto,q-80/cms/product_variant/4b356d36-5440-4a30-bba2-4c5be68762a2.jpeg"
Breakfast & Sauces,Top Picks,"https://cdn.zeptonow.com/production/tr:w-90,ar-120-120,pr-true,f-auto,q-80/cms/sub_category/154.png",MyFitness Chocolate Peanut Butter with Almond Crunch | High Protein,MyFitness,346,419,510 g,4.4 (660),In Stock,https://www.zeptonow.com/pn/myfitness-chocolate-peanut-butter-with-almond-crunch-high-protein/pvid/1f826327-d5a8-4b7f-b023-08225fd5414c,"https://cdn.zeptonow.com/production/tr:w-1280,ar-1200-1200,pr-true,f-auto,q-80/cms/product_variant/45347b5a-c801-4a30-9f08-687099b6be95.jpeg"
Breakfast & Sauces,Top Picks,"https://cdn.zeptonow.com/production/tr:w-90,ar-120-120,pr-true,f-auto,q-80/cms/sub_category/154.png",Eatopia Tulsi Honey | 100% Natural | No Added Sugar,Eatopia,540,599,500 g,4.8 (60),In Stock,https://www.zeptonow.com/pn/eatopia-tulsi-honey-100-natural-no-added-sugar/pvid/97ccc2ef-97e1-4986-a153-88c567e67fae,"https://cdn.zeptonow.com/production/tr:w-1280,ar-1080-1080,pr-true,f-auto,q-80/cms/product_variant/05f97e16-6b5f-479a-8336-09411cf3f2c0.jpeg"
Breakfast & Sauces,Top Picks,"https://cdn.zeptonow.com/production/tr:w-90,ar-120-120,pr-true,f-auto,q-80/cms/sub_category/154.png",MyFitness Original Peanut Butter Smooth Spread | High Protein,MyFitness,146,169,227 g,4.8 (317),In Stock,https://www.zeptonow.com/pn/myfitness-original-peanut-butter-smooth-spread-high-protein/pvid/a45a2b5c-ce3e-4bb8-9a7a-11b5e69847f6,"https://cdn.zeptonow.com/production/tr:w-1280,ar-1200-1200,pr-true,f-auto,q-80/cms/product_variant/a8014671-aa61-4ad6-83ab-4e3b84a19b86.jpeg"
Breakfast & Sauces,Top Picks,"https://cdn.zeptonow.com/production/tr:w-90,ar-120-120,pr-true,f-auto,q-80/cms/sub_category/154.png",The Gourmet Jar Classic Pizza Sauce,The,276,299,390 g,4.3 (153),In Stock,https://www.zeptonow.com/pn/the-gourmet-jar-classic-pizza-sauce/pvid/9ba41851-233f-46b9-bd4e-70c54ea4e82d,"https://cdn.zeptonow.com/production/tr:w-1280,ar-2400-2400,pr-true,f-auto,q-80/cms/product_variant/f7e839c3-51cd-41d0-80df-3eedbae19109.jpeg"
Breakfast & Sauces,Top Picks,"https://cdn.zeptonow.com/production/tr:w-90,ar-120-120,pr-true,f-auto,q-80/cms/sub_category/154.png",True Elements Crunchy Nut & Berry Muesli With Almonds & Cranberries - Crunchy Muesli Nuts Delight,True,543,695,1 kg,4.5 (337),In Stock,https://www.zeptonow.com/pn/true-elements-crunchy-nut-berry-muesli-with-almonds-cranberries-crunchy-muesli-nuts-delight/pvid/c052e95e-43b6-438b-90a8-73c3b1981cd8,"https://cdn.zeptonow.com/production/tr:w-1280,ar-2479-3200,pr-true,f-auto,q-80/cms/product_variant/91ad8975-277a-4431-8df4-8010f554e5a2.jpeg"
Breakfast & Sauces,Top Picks,"https://cdn.zeptonow.com/production/tr:w-90,ar-120-120,pr-true,f-auto,q-80/cms/sub_category/154.png",Kwality Fruitrings - Fruit Flavored Rings With Exciting Flavor Of Mango,Kwality,201,275,375 g,4.8 (427),In Stock,https://www.zeptonow.com/pn/kwality-fruitrings-fruit-flavored-rings-with-exciting-flavor-of-mango/pvid/dc5ed9f3-d052-4f3b-badd-d4fa763c9f70,"https://cdn.zeptonow.com/production/tr:w-1280,ar-1286-1500,pr-true,f-auto,q-80/cms/product_variant/a66fcb6f-2a1e-4cb4-967c-382cc025a0f5.jpg"
Breakfast & Sauces,Top Picks,"https://cdn.zeptonow.com/production/tr:w-90,ar-120-120,pr-true,f-auto,q-80/cms/sub_category/154.png",Pintola Classic Peanut Butter - Creamy,Pintola,151,160,350 g,4.5 (2.0k),In Stock,https://www.zeptonow.com/pn/pintola-classic-peanut-butter-creamy/pvid/9348bcf9-261d-483f-8297-2e09d0e134b1,"https://cdn.zeptonow.com/production/tr:w-1280,ar-1200-1200,pr-true,f-auto,q-80/cms/product_variant/3435ccf3-8d78-4ae9-9675-e120f578c14d.jpeg"
Breakfast & Sauces,Top Picks,"https://cdn.zeptonow.com/production/tr:w-90,ar-120-120,pr-true,f-auto,q-80/cms/sub_category/154.png",Yogabar Fruit And Nut High Protein Oats,Yogabar,490,699,850 g,4.7 (266),In Stock,https://www.zeptonow.com/pn/yogabar-fruit-and-nut-high-protein-oats/pvid/c3123b85-52e6-45a6-a589-a16fe5166551,"https://cdn.zeptonow.com/production/tr:w-1280,ar-3000-3000,pr-true,f-auto,q-80/cms/product_variant/ba99005d-f446-4ff1-9c7b-0250f19b7cc4.jpg"
Breakfast & Sauces,Top Picks,"https://cdn.zeptonow.com/production/tr:w-90,ar-120-120,pr-true,f-auto,q-80/cms/sub_category/154.png",Pintola Classic Peanut Butter Crunchy - Original American Recipe With High Protein Fiber,Pintola,151,160,350 g,4.5 (432),In Stock,https://www.zeptonow.com/pn/pintola-classic-peanut-butter-crunchy-original-american-recipe-with-high-protein-fiber/pvid/8db41451-3c4f-41cb-838a-7a4222b690cf,"https://cdn.zeptonow.com/production/tr:w-1280,ar-1500-1500,pr-true,f-auto,q-80/cms/product_variant/07246bd9-9621-4b85-86ff-4975b3e9259a.jpeg"
Breakfast & Sauces,Top Picks,"https://cdn.zeptonow.com/production/tr:w-90,ar-120-120,pr-true,f-auto,q-80/cms/sub_category/154.png",Hershey's Spread - Cocoa With Almond Jar,Hershey's,167,185,150 g,4.6 (2.7k),In Stock,https://www.zeptonow.com/pn/hersheys-spread-cocoa-with-almond-jar/pvid/fb1e90c0-b95f-4437-93af-22358008bdb2,"https://cdn.zeptonow.com/production/tr:w-1280,ar-1000-1000,pr-true,f-auto,q-80/cms/product_variant/6874af01-55bf-4603-af75-373fcb749ae5.jpeg"
Breakfast & Sauces,Top Picks,"https://cdn.zeptonow.com/production/tr:w-90,ar-120-120,pr-true,f-auto,q-80/cms/sub_category/154.png",Kissan Fresh Tomato Ketchup DOY,Kissan,110,150,1.1 kg,4.7 (28.8k),In Stock,https://www.zeptonow.com/pn/kissan-fresh-tomato-ketchup-doy/pvid/6b74c69b-6c46-491c-9948-0f83b97199ab,"https://cdn.zeptonow.com/production/tr:w-1280,ar-1000-1000,pr-true,f-auto,q-80/cms/product_variant/4e32093a-304d-430c-b0ff-d776d03bb586.jpeg"
Breakfast & Sauces,Top Picks,"https://cdn.zeptonow.com/production/tr:w-90,ar-120-120,pr-true,f-auto,q-80/cms/sub_category/154.png","Dabur Honey Squeezy, 100% Pure World's No.1 Honey Brand Buy 1 Get 1 Free",Dabur,199,249,2 x 225 g,4.7 (9.4k),In Stock,https://www.zeptonow.com/pn/dabur-honey-squeezy-100-pure-worlds-no1-honey-brand-buy-1-get-1-free/pvid/2a43440c-846b-4fb5-9bc7-3a8e5f329e9a,"https://cdn.zeptonow.com/production/tr:w-1280,ar-2000-2000,pr-true,f-auto,q-80/cms/product_variant/c518056b-dabd-43f4-8eee-43801244d759.jpeg"
Breakfast & Sauces,Top Picks,"https://cdn.zeptonow.com/production/tr:w-90,ar-120-120,pr-true,f-auto,q-80/cms/sub_category/154.png",Kellogg's Multigrain Plus Corn Flakes | Power of 5 Grains | 6 Vitamins,Kellogg's,163,299,450 g,5 (78),In Stock,https://www.zeptonow.com/pn/kelloggs-multigrain-plus-corn-flakes-power-of-5-grains-6-vitamins/pvid/1b52bd1a-d75e-4ec6-a1b5-e948e126f629,"https://cdn.zeptonow.com/production/tr:w-1280,ar-1080-1080,pr-true,f-auto,q-80/cms/product_variant/e0f1e945-9ae8-4ec3-8b0a-7649f0d9268f.jpeg"
Breakfast & Sauces,Top Picks,"https://cdn.zeptonow.com/production/tr:w-90,ar-120-120,pr-true,f-auto,q-80/cms/sub_category/154.png",Troovy Healthy Tomato Sauce (Chemical-Free),Troovy,165,165,340 g,4.7 (185),In Stock,https://www.zeptonow.com/pn/troovy-healthy-tomato-sauce-chemical-free/pvid/49c383f3-ab5d-4e45-a205-0fafe4232eff,"https://cdn.zeptonow.com/production/tr:w-1280,ar-2700-2700,pr-true,f-auto,q-80/cms/product_variant/4fe5dcf8-adaf-4ff6-8964-5bc6200b2bb7.jpg"
Breakfast & Sauces,Top Picks,"https://cdn.zeptonow.com/production/tr:w-90,ar-120-120,pr-true,f-auto,q-80/cms/sub_category/154.png",Hershey's Spread - Cocoa Jar,Hershey's,171,185,150 g,4.7 (1.5k),In Stock,https://www.zeptonow.com/pn/hersheys-spread-cocoa-jar/pvid/7b5eb90c-519d-415b-8d9e-14c5b0689f45,"https://cdn.zeptonow.com/production/tr:w-1280,ar-1000-1000,pr-true,f-auto,q-80/cms/product_variant/e088ad55-f9ea-4dc2-9884-24d6be9c29cf.jpeg"
Breakfast & Sauces,Top Picks,"https://cdn.zeptonow.com/production/tr:w-90,ar-120-120,pr-true,f-auto,q-80/cms/sub_category/154.png",Yu 100% Original Chilli Oil - Crispy & Bold,Yu,159,225,170 g,4.3 (85),In Stock,https://www.zeptonow.com/pn/yu-100-original-chilli-oil-crispy-bold/pvid/7b476a69-f04a-44d5-b11f-11bb32cc065f,"https://cdn.zeptonow.com/production/tr:w-1280,ar-1080-1080,pr-true,f-auto,q-80/cms/product_variant/3f7de981-253e-4e59-b331-dd9cd1210d69.jpg"
Breakfast & Sauces,Top Picks,"https://cdn.zeptonow.com/production/tr:w-90,ar-120-120,pr-true,f-auto,q-80/cms/sub_category/154.png",Kellogg's Corn Flakes With Real Strawberry,Kellogg's,190,190,300 g,4.7 (1.9k),In Stock,https://www.zeptonow.com/pn/kelloggs-corn-flakes-with-real-strawberry/pvid/5435f044-a24e-41db-b048-0551910e3b50,"https://cdn.zeptonow.com/production/tr:w-1280,ar-1200-1200,pr-true,f-auto,q-80/cms/product_variant/199d6bd2-8339-4141-86a5-f22dfacb3efa.jpeg"
Breakfast & Sauces,Top Picks,"https://cdn.zeptonow.com/production/tr:w-90,ar-120-120,pr-true,f-auto,q-80/cms/sub_category/154.png",Bagrry's Whey Protein Chocolate Muesli with Almonds | 20g protein | 100% Whole Oats | 500gm carton,Bagrry's,315,449,500 g,4.5 (600),In Stock,https://www.zeptonow.com/pn/bagrrys-whey-protein-chocolate-muesli-with-almonds-20g-protein-100-whole-oats-500gm-carton/pvid/9cc7bb84-9b9c-4e84-93f7-45952ea20c4b,"https://cdn.zeptonow.com/production/tr:w-1280,ar-1200-1200,pr-true,f-auto,q-80/cms/product_variant/fa96cf40-3e6a-4131-aad7-8d81fe9aeb38.jpeg"
Breakfast & Sauces,Top Picks,"https://cdn.zeptonow.com/production/tr:w-90,ar-120-120,pr-true,f-auto,q-80/cms/sub_category/154.png",Kelloggs Special K,Kelloggs,282,290,455 g,4.8 (622),In Stock,https://www.zeptonow.com/pn/kelloggs-special-k/pvid/95d37b32-4940-4c0c-8238-755502d3890b,"https://cdn.zeptonow.com/production/tr:w-1280,ar-1000-1000,pr-true,f-auto,q-80/cms/product_variant/7a53114a-17da-4768-a9ac-9aa8824490c3.jpeg"
Breakfast & Sauces,Top Picks,"https://cdn.zeptonow.com/production/tr:w-90,ar-120-120,pr-true,f-auto,q-80/cms/sub_category/154.png",Veeba Sweet Onion Sauce,Veeba,175,175,350 g,4.6 (522),In Stock,https://www.zeptonow.com/pn/veeba-sweet-onion-sauce/pvid/759b4b84-542c-4cae-8b4f-0220ab37fe81,"https://cdn.zeptonow.com/production/tr:w-1280,ar-1200-1200,pr-true,f-auto,q-80/cms/product_variant/14a7c1cc-3762-492a-9de3-49c2eb84468c.jpeg"
Breakfast & Sauces,Top Picks,"https://cdn.zeptonow.com/production/tr:w-90,ar-120-120,pr-true,f-auto,q-80/cms/sub_category/154.png",Kellogg's Multigrain Chocos | More Chocolatey | No-Maida,Kellogg's,327,330,675 g,4.8 (4.7k),In Stock,https://www.zeptonow.com/pn/kelloggs-multigrain-chocos-more-chocolatey-no-maida/pvid/364e1a71-f135-4526-9490-e2f841a6e501,"https://cdn.zeptonow.com/production/tr:w-1280,ar-1250-1250,pr-true,f-auto,q-80/cms/product_variant/bc0f8a2b-e4bc-4818-843b-6bd7fe319c31.jpeg"
Breakfast & Sauces,Top Picks,"https://cdn.zeptonow.com/production/tr:w-90,ar-120-120,pr-true,f-auto,q-80/cms/sub_category/154.png",MyFitness Orange Peanut Butter Crunchy Spread,MyFitness,301,349,510 g,4 (201),In Stock,https://www.zeptonow.com/pn/myfitness-orange-peanut-butter-crunchy-spread/pvid/102e6fe7-b2dd-4397-a8f6-2c627d92259f,"https://cdn.zeptonow.com/production/tr:w-1280,ar-1200-1200,pr-true,f-auto,q-80/cms/product_variant/02c17b3a-8a5f-40cc-ad66-2865e80d4f60.jpeg"
Breakfast & Sauces,Top Picks,"https://cdn.zeptonow.com/production/tr:w-90,ar-120-120,pr-true,f-auto,q-80/cms/sub_category/154.png",Kwality Muesli Fruit N Nut Multigrain,Kwality,419,699,1 kg,4 (1.0k),In Stock,https://www.zeptonow.com/pn/kwality-muesli-fruit-n-nut-multigrain/pvid/1a8d195b-fd00-45bb-9c4d-93a0a22b47ee,"https://cdn.zeptonow.com/production/tr:w-1280,ar-2100-3067,pr-true,f-auto,q-80/cms/product_variant/513e6f83-a622-43ee-8962-93a30273bb6b.jpg"
Breakfast & Sauces,Top Picks,"https://cdn.zeptonow.com/production/tr:w-90,ar-120-120,pr-true,f-auto,q-80/cms/sub_category/154.png",Kellogg's Multigrain Chocos | More Chocolatey | No-Maida,Kellogg's,224,225,385 g,4.8 (4.9k),In Stock,https://www.zeptonow.com/pn/kelloggs-multigrain-chocos-more-chocolatey-no-maida/pvid/292b01a3-3f5d-46ba-8bc1-ecb892974337,"https://cdn.zeptonow.com/production/tr:w-1280,ar-1080-1080,pr-true,f-auto,q-80/cms/product_variant/118890d9-14a2-4e60-abae-bafebe88066e.jpeg"
Breakfast & Sauces,Top Picks,"https://cdn.zeptonow.com/production/tr:w-90,ar-120-120,pr-true,f-auto,q-80/cms/sub_category/154.png",Kwality Golden Corn Flakes - Crispy And Delicious Breakfast Cereal Made With 100% Natural Corn,Delicious,222,520,1 kg,3.9 (440),In Stock,https://www.zeptonow.com/pn/kwality-golden-corn-flakes-crispy-and-delicious-breakfast-cereal-made-with-100-natural-corn/pvid/62dbbcac-2a68-4415-8aa0-765455a7d9d1,"https://cdn.zeptonow.com/production/tr:w-1280,ar-1250-1250,pr-true,f-auto,q-80/cms/product_variant/9e3ab3d4-24fa-4e45-a732-ad060b24b9fd.jpeg"
Breakfast & Sauces,Top Picks,"https://cdn.zeptonow.com/production/tr:w-90,ar-120-120,pr-true,f-auto,q-80/cms/sub_category/154.png",Veeba Southwest Chipotle Dressing,Veeba,198,199,300 g,4.7 (1.8k),In Stock,https://www.zeptonow.com/pn/veeba-southwest-chipotle-dressing/pvid/c2bf4e8b-b137-4e65-9d31-300bc051fcf3,"https://cdn.zeptonow.com/production/tr:w-1280,ar-1200-1200,pr-true,f-auto,q-80/cms/product_variant/0c6c8358-a96f-45f3-9a25-3c1f1d20f927.jpeg"
Breakfast & Sauces,Top Picks,"https://cdn.zeptonow.com/production/tr:w-90,ar-120-120,pr-true,f-auto,q-80/cms/sub_category/154.png",Saffola Muesli 0% Added Sugar Berry Crunch With Flavour Pops | Helps Manage Weight,Saffola,410,500,700 g,4.8 (129),In Stock,https://www.zeptonow.com/pn/saffola-muesli-0-added-sugar-berry-crunch-with-flavour-pops-helps-manage-weight/pvid/302b11bc-817c-4a1e-9d52-63535664bd1b,"https://cdn.zeptonow.com/production/tr:w-1280,ar-1500-1500,pr-true,f-auto,q-80/cms/product_variant/9a03fe83-42ff-4bcc-8f39-62346eb70185.jpeg"
Breakfast & Sauces,Top Picks,"https://cdn.zeptonow.com/production/tr:w-90,ar-120-120,pr-true,f-auto,q-80/cms/sub_category/154.png",Moi Soi Sichuan Chilli Oil- For Stir Fry Marinade Spread & Dip,Moi,224,280,175 g,4.9 (213),In Stock,https://www.zeptonow.com/pn/moi-soi-sichuan-chilli-oil-for-stir-fry-marinade-spread-dip/pvid/cf02d1c6-3257-48c0-ac4b-3a6e1649166d,"https://cdn.zeptonow.com/production/tr:w-1280,ar-2000-2000,pr-true,f-auto,q-80/cms/product_variant/cc0e59d6-7a92-434e-9ed5-a5e027fc82a1.jpeg"
Breakfast & Sauces,Top Picks,"https://cdn.zeptonow.com/production/tr:w-90,ar-120-120,pr-true,f-auto,q-80/cms/sub_category/154.png",Del Monte Smoky Barbecue Sauce,Del Monte,118,155,325 g,4.4 (327),In Stock,https://www.zeptonow.com/pn/del-monte-smoky-barbecue-sauce/pvid/c1ba54c2-2948-4835-88b0-574c23600bdd,"https://cdn.zeptonow.com/production/tr:w-1280,ar-2400-2400,pr-true,f-auto,q-80/cms/product_variant/c142cc79-2efd-4d93-97a9-9476a39a1e8a.jpeg"
Breakfast & Sauces,Top Picks,"https://cdn.zeptonow.com/production/tr:w-90,ar-120-120,pr-true,f-auto,q-80/cms/sub_category/154.png","Tata Soulfull Millet Muesli, Crunchy 80% Whole Grains Nuts & Fruits Breakfast Cereal",Tata,335,499,700 g,4.3 (272),In Stock,https://www.zeptonow.com/pn/tata-soulfull-millet-muesli-crunchy-80-whole-grains-nuts-fruits-breakfast-cereal/pvid/d0946e6c-56c8-4be5-8708-b162a39af8f3,"https://cdn.zeptonow.com/production/tr:w-1280,ar-1200-1200,pr-true,f-auto,q-80/cms/product_variant/4370fc67-e38f-4fe9-8859-10028eb26642.jpg"
Breakfast & Sauces,Top Picks,"https://cdn.zeptonow.com/production/tr:w-90,ar-120-120,pr-true,f-auto,q-80/cms/sub_category/154.png",NAAGIN Indian Hot Chilli Spicy Sauce - The 65,NAAGIN,175,250,230 g,4.9 (80),In Stock,https://www.zeptonow.com/pn/naagin-indian-hot-chilli-spicy-sauce-the-65/pvid/9606f04b-e43d-44c5-bbf9-6cb81443aa13,"https://cdn.zeptonow.com/production/tr:w-1280,ar-1000-1000,pr-true,f-auto,q-80/cms/product_variant/fdb71135-bb3f-4b5c-bd57-b53c68c6609b.jpeg"
Breakfast & Sauces,Top Picks,"https://cdn.zeptonow.com/production/tr:w-90,ar-120-120,pr-true,f-auto,q-80/cms/sub_category/154.png",Yogabar Protein Muesli Fruit And Nut Breakfast Cereal,Yogabar,352,499,700 g,4.7 (118),In Stock,https://www.zeptonow.com/pn/yogabar-protein-muesli-fruit-and-nut-breakfast-cereal/pvid/e28437a6-ffe7-4b73-8843-35a59dfd377f,"https://cdn.zeptonow.com/production/tr:w-1280,ar-1949-2773,pr-true,f-auto,q-80/cms/product_variant/986e1dea-b9cd-477e-b36b-67fc0de1f060.jpeg"
Breakfast & Sauces,Top Picks,"https://cdn.zeptonow.com/production/tr:w-90,ar-120-120,pr-true,f-auto,q-80/cms/sub_category/154.png",Sid's Farm Mango Millet Pops | Choco Ragi Crunchers | Honey Fruit - Nut Muesli | Assorted,Sid's Farm,69,105,90 g,4.5 (90),In Stock,https://www.zeptonow.com/pn/sids-farm-mango-millet-pops-choco-ragi-crunchers-honey-fruit-nut-muesli-assorted/pvid/bd0ab254-937c-4e8a-8342-9c3628690359,"https://cdn.zeptonow.com/production/tr:w-1280,ar-1080-1080,pr-true,f-auto,q-80/cms/product_variant/b5171d36-89c8-4011-bfc2-efa5fe543080.jpg"
Breakfast & Sauces,Top Picks,"https://cdn.zeptonow.com/production/tr:w-90,ar-120-120,pr-true,f-auto,q-80/cms/sub_category/154.png",MasterChow 2X Spicy Sichuan Chilli Oil,MasterChow,236,295,170 g,4.4 (521),In Stock,https://www.zeptonow.com/pn/masterchow-2x-spicy-sichuan-chilli-oil/pvid/8589c751-bcd1-4de8-85f4-00b24368e276,"https://cdn.zeptonow.com/production/tr:w-1280,ar-4500-4500,pr-true,f-auto,q-80/cms/product_variant/3ea0c31a-8002-4788-bb25-98be8bb29de8.jpeg"
Breakfast & Sauces,Top Picks,"https://cdn.zeptonow.com/production/tr:w-90,ar-120-120,pr-true,f-auto,q-80/cms/sub_category/154.png",Veeba Sandwich Spread Cheese & Chilli,Veeba,102,109,250 g,4.6 (4.5k),In Stock,https://www.zeptonow.com/pn/veeba-sandwich-spread-cheese-chilli/pvid/446fc3cd-1f8d-4197-8dc2-bf25570b8941,"https://cdn.zeptonow.com/production/tr:w-1280,ar-1200-1200,pr-true,f-auto,q-80/cms/product_variant/1c0fcf90-0011-4ff2-9030-a171c0303371.jpeg"
Breakfast & Sauces,Top Picks,"https://cdn.zeptonow.com/production/tr:w-90,ar-120-120,pr-true,f-auto,q-80/cms/sub_category/154.png",Hershey's Cocoa + Almond Spread,Hershey's,306,340,350 g,4.9 (1.4k),In Stock,https://www.zeptonow.com/pn/hersheys-cocoa-almond-spread/pvid/8f48a474-4ffc-4d88-b6df-3cd4dbeaccf5,"https://cdn.zeptonow.com/production/tr:w-1280,ar-1000-1000,pr-true,f-auto,q-80/cms/product_variant/921db84a-6ed8-4074-a635-554ecd100db4.jpeg"
Breakfast & Sauces,Top Picks,"https://cdn.zeptonow.com/production/tr:w-90,ar-120-120,pr-true,f-auto,q-80/cms/sub_category/154.png",Bagrry'S No Added Sugar Muesli Fruits Nuts And Seeds,Bagrry'S,338,598,700 g,4.1 (434),In Stock,https://www.zeptonow.com/pn/bagrrys-no-added-sugar-muesli-fruits-nuts-and-seeds/pvid/924bff98-fbb8-44ca-b7bb-1fec2162c7ac,"https://cdn.zeptonow.com/production/tr:w-1280,ar-2000-2000,pr-true,f-auto,q-80/cms/product_variant/03834ea6-9923-4424-a664-22340e400b74.jpg"
Breakfast & Sauces,Top Picks,"https://cdn.zeptonow.com/production/tr:w-90,ar-120-120,pr-true,f-auto,q-80/cms/sub_category/154.png","Yogabar 100% Rolled Oats 400g Pouch | Premium Golden Rolled Oats, Gluten Free Oats with High Fibre",Yogabar,122,199,400 g,4.7 (2.8k),In Stock,https://www.zeptonow.com/pn/yogabar-100-rolled-oats-400g-pouch-premium-golden-rolled-oats-gluten-free-oats-with-high-fibre/pvid/3c50c86c-cf33-466e-aa44-6b98031cb50e,"https://cdn.zeptonow.com/production/tr:w-1280,ar-1200-1200,pr-true,f-auto,q-80/cms/product_variant/aa2cf0d6-3c31-4e15-a2bb-01cfa1cefb90.jpeg"
Breakfast & Sauces,Top Picks,"https://cdn.zeptonow.com/production/tr:w-90,ar-120-120,pr-true,f-auto,q-80/cms/sub_category/154.png",Patanjali Honey Natural Shahed No Added Sugar Sahad,Patanjali,200,210,500 g,4.7 (3.2k),In Stock,https://www.zeptonow.com/pn/patanjali-honey-natural-shahed-no-added-sugar-sahad/pvid/04b32871-ec18-4508-ac86-07403f338c72,"https://cdn.zeptonow.com/production/tr:w-1280,ar-1200-1200,pr-true,f-auto,q-80/cms/product_variant/3e28b80d-89a2-4683-ae0b-9633bf22c95e.jpeg"
Breakfast & Sauces,Top Picks,"https://cdn.zeptonow.com/production/tr:w-90,ar-120-120,pr-true,f-auto,q-80/cms/sub_category/154.png",Bagrrys Corn Flakes Plus Original Healthier - Added Fibre,Bagrrys,228,399,800 g,4.7 (2.3k),In Stock,https://www.zeptonow.com/pn/bagrrys-corn-flakes-plus-original-healthier-added-fibre/pvid/8eee3447-7900-4b5b-8d8b-61ac0c8f21e2,"https://cdn.zeptonow.com/production/tr:w-1280,ar-2400-2400,pr-true,f-auto,q-80/cms/product_variant/d545562c-209e-400e-9ea4-2e24a71703da.jpeg"
Breakfast & Sauces,Top Picks,"https://cdn.zeptonow.com/production/tr:w-90,ar-120-120,pr-true,f-auto,q-80/cms/sub_category/154.png",Veeba Thousand Island Dressing,Veeba,178,179,300 g,4.4 (839),In Stock,https://www.zeptonow.com/pn/veeba-thousand-island-dressing/pvid/15bdbb15-42a8-413d-b234-06aba6319406,"https://cdn.zeptonow.com/production/tr:w-1280,ar-1200-1200,pr-true,f-auto,q-80/cms/product_variant/116c2468-37f4-4641-8d8b-74e01c0fe9b0.jpeg"
Breakfast & Sauces,Top Picks,"https://cdn.zeptonow.com/production/tr:w-90,ar-120-120,pr-true,f-auto,q-80/cms/sub_category/154.png",Quaker Oats,Quaker,302,327,1.5 kg,4.7 (28.8k),In Stock,https://www.zeptonow.com/pn/quaker-oats/pvid/b5bd9583-7356-457d-b64a-9a5c8b658d84,"https://cdn.zeptonow.com/production/tr:w-1280,ar-1200-1200,pr-true,f-auto,q-80/cms/product_variant/325baa1c-ac6c-424f-a3e9-10feea0b0e23.jpeg"
Breakfast & Sauces,Top Picks,"https://cdn.zeptonow.com/production/tr:w-90,ar-120-120,pr-true,f-auto,q-80/cms/sub_category/154.png","Saffola Muesli Choco Crunch with Flavour Pops | 15 in 1 Fruit and Nuts, Seeds | Millet & more",Saffola,396,500,700 g,4.8 (445),In Stock,https://www.zeptonow.com/pn/saffola-muesli-choco-crunch-with-flavour-pops-15-in-1-fruit-and-nuts-seeds-millet-more/pvid/75f96881-aa1a-41d6-b334-f2a5a8c05cbc,"https://cdn.zeptonow.com/production/tr:w-1280,ar-1500-1500,pr-true,f-auto,q-80/cms/product_variant/a8c88e01-9092-4315-bb49-12965c1ebcf5.jpeg"
Breakfast & Sauces,Top Picks,"https://cdn.zeptonow.com/production/tr:w-90,ar-120-120,pr-true,f-auto,q-80/cms/sub_category/154.png",Del Monte Tomato Ketchup Sweet and Spicy Pouch,Del Monte,104,135,900 g,4.4 (2.4k),In Stock,https://www.zeptonow.com/pn/del-monte-tomato-ketchup-sweet-and-spicy-pouch/pvid/933d9f37-3746-4c0c-93ea-70c06fd46b40,"https://cdn.zeptonow.com/production/tr:w-1280,ar-825-823,pr-true,f-auto,q-80/cms/product_variant/53b3d86d-67f5-4f21-87a4-8ca613e7acfe.jpg"
Breakfast & Sauces,Top Picks,"https://cdn.zeptonow.com/production/tr:w-90,ar-120-120,pr-true,f-auto,q-80/cms/sub_category/154.png",Kissan Mixed Fruit Jam,Kissan,200,200,500 g,4.7 (40.4k),In Stock,https://www.zeptonow.com/pn/kissan-mixed-fruit-jam/pvid/087e8342-e63c-4ddb-9999-27e876fe95fd,"https://cdn.zeptonow.com/production/tr:w-1280,ar-2400-2400,pr-true,f-auto,q-80/cms/product_variant/8053bd8f-6470-4773-a500-8bbd9ba74bc6.jpeg"
Breakfast & Sauces,Top Picks,"https://cdn.zeptonow.com/production/tr:w-90,ar-120-120,pr-true,f-auto,q-80/cms/sub_category/154.png",Kellogg's All Bran Wheat Flakes,Kellogg's,295,299,440 g,4.5 (463),In Stock,https://www.zeptonow.com/pn/kelloggs-all-bran-wheat-flakes/pvid/36683087-f929-41ac-9ef5-ba9c5929bfdc,"https://cdn.zeptonow.com/production/tr:w-1280,ar-1500-1500,pr-true,f-auto,q-80/cms/product_variant/166451e4-e48f-4eed-94c5-fb6f8ca83db3.jpg"
Breakfast & Sauces,Top Picks,"https://cdn.zeptonow.com/production/tr:w-90,ar-120-120,pr-true,f-auto,q-80/cms/sub_category/154.png",Yogabar High Protein Oats Choco Almond Protein Breakfast,Yogabar,490,699,850 g,4.5 (387),In Stock,https://www.zeptonow.com/pn/yogabar-high-protein-oats-choco-almond-protein-breakfast/pvid/d84e1597-ca84-4462-b028-19c3a2fb9ea4,"https://cdn.zeptonow.com/production/tr:w-1280,ar-1500-1500,pr-true,f-auto,q-80/cms/product_variant/ab3cec4a-d0e0-4066-b6e2-1e71707ace19.jpg"
Breakfast & Sauces,Top Picks,"https://cdn.zeptonow.com/production/tr:w-90,ar-120-120,pr-true,f-auto,q-80/cms/sub_category/154.png",Kelloggs Corn Flakes With Real Honey,Kelloggs,199,199,300 g,4.7 (643),In Stock,https://www.zeptonow.com/pn/kelloggs-corn-flakes-with-real-honey/pvid/a98d53b0-f4c5-470d-9d5a-551dde23edd9,"https://cdn.zeptonow.com/production/tr:w-1280,ar-1080-1080,pr-true,f-auto,q-80/cms/product_variant/2594907a-ac12-4db1-a9c7-7f315b86a3b7.jpeg"
Breakfast & Sauces,Top Picks,"https://cdn.zeptonow.com/production/tr:w-90,ar-120-120,pr-true,f-auto,q-80/cms/sub_category/154.png",True Elements Rolled Oats,True,220,400,1 kg,4.8 (1.2k),In Stock,https://www.zeptonow.com/pn/true-elements-rolled-oats/pvid/ae244f71-696b-440a-bef1-7d428c413fbf,"https://cdn.zeptonow.com/production/tr:w-1280,ar-1200-1200,pr-true,f-auto,q-80/cms/product_variant/a0f650a6-4a90-498b-bc05-9fee1923c0b8.jpeg"
Breakfast & Sauces,Top Picks,"https://cdn.zeptonow.com/production/tr:w-90,ar-120-120,pr-true,f-auto,q-80/cms/sub_category/154.png","Dabur Honey - 100% Pure, World's No.1 Honey Brand (No Sugar Adulteration)",Dabur,328,420,2 x 400 g,4.6 (13.6k),In Stock,https://www.zeptonow.com/pn/dabur-honey-100-pure-worlds-no1-honey-brand-no-sugar-adulteration/pvid/05586dc8-aafb-47a7-827f-0adffec65235,"https://cdn.zeptonow.com/production/tr:w-1280,ar-2000-2000,pr-true,f-auto,q-80/cms/product_variant/fcf00287-2036-4416-b564-77a242f8f10b.jpeg"
Breakfast & Sauces,Top Picks,"https://cdn.zeptonow.com/production/tr:w-90,ar-120-120,pr-true,f-auto,q-80/cms/sub_category/154.png",Del Monte Honey Mustard Dressing,Del Monte,165,175,275 g,4.8 (347),In Stock,https://www.zeptonow.com/pn/del-monte-honey-mustard-dressing/pvid/0d8c6453-53bb-4104-aab1-65dfe4be2112,"https://cdn.zeptonow.com/production/tr:w-1280,ar-1000-1000,pr-true,f-auto,q-80/cms/product_variant/20d66636-2dbc-4db7-89bd-9f3a12e253d9.jpeg"
Breakfast & Sauces,Top Picks,"https://cdn.zeptonow.com/production/tr:w-90,ar-120-120,pr-true,f-auto,q-80/cms/sub_category/154.png",MasterChow White Vinegar,MasterChow,55,69,170 ml,4.7 (5.0k),In Stock,https://www.zeptonow.com/pn/masterchow-white-vinegar/pvid/994974ed-3cba-4b11-ba4b-ae23e03a6eb7,"https://cdn.zeptonow.com/production/tr:w-1280,ar-1200-1200,pr-true,f-auto,q-80/cms/product_variant/31f06cb6-440b-4ea4-81a4-777e03da88c3.jpeg"
Breakfast & Sauces,Top Picks,"https://cdn.zeptonow.com/production/tr:w-90,ar-120-120,pr-true,f-auto,q-80/cms/sub_category/154.png","Yoga Bar Muesli Dark Chocolate & Cranberry,Breakfast Cereals, Protein Granola, Gluten Free",Yoga,273,390,400 g,4.5 (2.1k),In Stock,https://www.zeptonow.com/pn/yoga-bar-muesli-dark-chocolate-cranberrybreakfast-cereals-protein-granola-gluten-free/pvid/910e0d30-edad-445a-afdb-87e97eed9f9d,"https://cdn.zeptonow.com/production/tr:w-1280,ar-2323-2323,pr-true,f-auto,q-80/cms/product_variant/f9fe6af7-803b-45ce-8362-a02e0a593f97.jpeg"
Breakfast & Sauces,Top Picks,"https://cdn.zeptonow.com/production/tr:w-90,ar-120-120,pr-true,f-auto,q-80/cms/sub_category/154.png",Kellogg's Original Corn Flakes,Kellogg's,357,399,900 g,4.7 (6.7k),In Stock,https://www.zeptonow.com/pn/kelloggs-original-corn-flakes/pvid/bce3d20a-69b0-47a0-80ef-324d2f5ac959,"https://cdn.zeptonow.com/production/tr:w-1280,ar-1021-1021,pr-true,f-auto,q-80/cms/product_variant/e52547bf-2ce0-4970-9579-3ffff052eb19.jpeg"
Breakfast & Sauces,Top Picks,"https://cdn.zeptonow.com/production/tr:w-90,ar-120-120,pr-true,f-auto,q-80/cms/sub_category/154.png",True Elements Fruit & Nut Muesli - Rich In Protein & Fibre No Added Sugar,True,312,495,700 g,4.5 (101),In Stock,https://www.zeptonow.com/pn/true-elements-fruit-nut-muesli-rich-in-protein-fibre-no-added-sugar/pvid/d07715bc-1ac9-457c-90b6-c76159712633,"https://cdn.zeptonow.com/production/tr:w-1280,ar-1991-2789,pr-true,f-auto,q-80/cms/product_variant/3e80f4c1-494d-4143-be9f-0dee9607d071.jpeg"
Breakfast & Sauces,Top Picks,"https://cdn.zeptonow.com/production/tr:w-90,ar-120-120,pr-true,f-auto,q-80/cms/sub_category/154.png","Tata Soulfull Corn Flakes, Original, Crunchy Corn & Millets, Baked Not Fried, With Free Bowl",Tata,111,120,260 g,4.8 (108),In Stock,https://www.zeptonow.com/pn/tata-soulfull-corn-flakes-original-crunchy-corn-millets-baked-not-fried-with-free-bowl/pvid/a2ada75d-1268-4130-afce-6e7542a29a03,"https://cdn.zeptonow.com/production/tr:w-1280,ar-1200-1200,pr-true,f-auto,q-80/cms/product_variant/dfc5747f-3eac-4ddb-bde0-07fc9849e771.jpeg"
Breakfast & Sauces,Top Picks,"https://cdn.zeptonow.com/production/tr:w-90,ar-120-120,pr-true,f-auto,q-80/cms/sub_category/154.png","MOI SOI Korean Chilli Oil - Vegan, Used As Spread, Marinade & Dip",MOI,224,280,175 g,4.7 (104),In Stock,https://www.zeptonow.com/pn/moi-soi-korean-chilli-oil-vegan-used-as-spread-marinade-dip/pvid/a905cbcd-2076-442b-bcf7-30f6cb585fbf,"https://cdn.zeptonow.com/production/tr:w-1280,ar-2000-2000,pr-true,f-auto,q-80/cms/product_variant/900ac8dd-f794-4472-9efd-24ac1b97a437.jpeg"
Breakfast & Sauces,Top Picks,"https://cdn.zeptonow.com/production/tr:w-90,ar-120-120,pr-true,f-auto,q-80/cms/sub_category/154.png",Del Monte Eggless Mayo,Del Monte,102,149,450 g,4.6 (3.1k),In Stock,https://www.zeptonow.com/pn/del-monte-eggless-mayo/pvid/9fcf90cb-7767-45be-aa63-b51e9e47edba,"https://cdn.zeptonow.com/production/tr:w-1280,ar-1000-1000,pr-true,f-auto,q-80/cms/product_variant/f13c02ab-b6c2-4f30-b8e3-594d66e51b53.jpeg"
Breakfast & Sauces,Top Picks,"https://cdn.zeptonow.com/production/tr:w-90,ar-120-120,pr-true,f-auto,q-80/cms/sub_category/154.png",True Elements Muesli Fruity Delight Fruit and Nut Muesli,True,342,495,700 g,4.7 (274),In Stock,https://www.zeptonow.com/pn/true-elements-muesli-fruity-delight-fruit-and-nut-muesli/pvid/a12ed986-0b26-45ed-8a50-ad3585f5b44a,"https://cdn.zeptonow.com/production/tr:w-1280,ar-1071-1500,pr-true,f-auto,q-80/cms/product_variant/94568cf0-4621-4e4d-b119-1639dd877e76.jpg"
Breakfast & Sauces,Top Picks,"https://cdn.zeptonow.com/production/tr:w-90,ar-120-120,pr-true,f-auto,q-80/cms/sub_category/154.png",MasterChow Dark Soya Sauce,MasterChow,59,69,210 g,4.6 (3.6k),In Stock,https://www.zeptonow.com/pn/masterchow-dark-soya-sauce/pvid/9d888be5-c237-4737-84c7-9478749fb5db,"https://cdn.zeptonow.com/production/tr:w-1280,ar-1080-1080,pr-true,f-auto,q-80/cms/product_variant/c84f6977-cdcb-4476-a24d-b1ef95d4e70c.jpeg"
Breakfast & Sauces,Top Picks,"https://cdn.zeptonow.com/production/tr:w-90,ar-120-120,pr-true,f-auto,q-80/cms/sub_category/154.png",Del Monte Southwest Chipotle Dressing,Del Monte,132,175,275 g,4.5 (344),In Stock,https://www.zeptonow.com/pn/del-monte-southwest-chipotle-dressing/pvid/33ae1494-8541-444d-aaed-e31e5b3f7937,"https://cdn.zeptonow.com/production/tr:w-1280,ar-1960-1960,pr-true,f-auto,q-80/cms/product_variant/9d0dd0cb-3441-493c-8198-9a8ce6c2a146.jpg"
Breakfast & Sauces,Top Picks,"https://cdn.zeptonow.com/production/tr:w-90,ar-120-120,pr-true,f-auto,q-80/cms/sub_category/154.png",MasterChow Chowmein Cooking Sauce,MasterChow,144,170,220 g,4.6 (746),In Stock,https://www.zeptonow.com/pn/masterchow-chowmein-cooking-sauce/pvid/4f0fa774-5ddf-443a-9a0d-377974cd2a75,"https://cdn.zeptonow.com/production/tr:w-1280,ar-4500-4500,pr-true,f-auto,q-80/cms/product_variant/b8619a97-2def-4e94-a577-2d9c05d1a023.jpeg"
Breakfast & Sauces,Top Picks,"https://cdn.zeptonow.com/production/tr:w-90,ar-120-120,pr-true,f-auto,q-80/cms/sub_category/154.png",Kellogg's Multigrain Chocos | More Chocolatey | No-Maida,Kellogg's,143,153,250 g,4.8 (7.4k),In Stock,https://www.zeptonow.com/pn/kelloggs-multigrain-chocos-more-chocolatey-no-maida/pvid/21862b2a-ba88-4db1-ad9e-1ef9e6015338,"https://cdn.zeptonow.com/production/tr:w-1280,ar-2400-2400,pr-true,f-auto,q-80/cms/product_variant/ed2c1556-92ec-42e9-a8da-642baa8a9f88.jpeg"
Breakfast & Sauces,Top Picks,"https://cdn.zeptonow.com/production/tr:w-90,ar-120-120,pr-true,f-auto,q-80/cms/sub_category/154.png","Dabur Honey - Refill Pouch, 100% Pure World's No.1 Honey Brand",Dabur,247,365,750 g,4.7 (1.3k),In Stock,https://www.zeptonow.com/pn/dabur-honey-refill-pouch-100-pure-worlds-no1-honey-brand/pvid/da53be6b-9a55-485a-b59b-263e887de11c,"https://cdn.zeptonow.com/production/tr:w-1280,ar-2000-2000,pr-true,f-auto,q-80/cms/product_variant/67d67af8-217e-40b2-b9ca-820ef9f7ba6d.jpeg"
Breakfast & Sauces,Top Picks,"https://cdn.zeptonow.com/production/tr:w-90,ar-120-120,pr-true,f-auto,q-80/cms/sub_category/154.png",Conscious Food Wild Forest Honey - Natural & Pure,Conscious,371,550,500 g,4.4 (433),In Stock,https://www.zeptonow.com/pn/conscious-food-wild-forest-honey-natural-pure/pvid/bb227378-eab1-4d85-a500-56b333283d19,"https://cdn.zeptonow.com/production/tr:w-1280,ar-1080-1080,pr-true,f-auto,q-80/cms/product_variant/a3f6325b-9f40-4e23-acb1-f379029cde25.jpeg"
Breakfast & Sauces,Top Picks,"https://cdn.zeptonow.com/production/tr:w-90,ar-120-120,pr-true,f-auto,q-80/cms/sub_category/154.png",TATA Soulfull Millet Muesli Fruit & Nut Almonds & Real Fruits,Tata,399,399,500 g,4.1 (119),In Stock,https://www.zeptonow.com/pn/tata-soulfull-millet-muesli-fruit-nut-almonds-real-fruits/pvid/1ac1ef8f-8d49-4323-8468-a1a390782b89,"https://cdn.zeptonow.com/production/tr:w-1280,ar-1200-1200,pr-true,f-auto,q-80/cms/product_variant/22b7c19d-77f4-4aab-85b8-c06ef7a4f270.jpeg"
Breakfast & Sauces,Top Picks,"https://cdn.zeptonow.com/production/tr:w-90,ar-120-120,pr-true,f-auto,q-80/cms/sub_category/154.png",ASAP Badamilk Muesli,ASAP,223,400,400 g,4.4 (604),In Stock,https://www.zeptonow.com/pn/asap-badamilk-muesli/pvid/014a9f3a-1e9d-43c5-b5e7-88fe94f0fdaf,"https://cdn.zeptonow.com/production/tr:w-1280,ar-1024-1100,pr-true,f-auto,q-80/cms/product_variant/1215ae60-fea5-4b3c-912c-30772a628fe4.jpeg"
Breakfast & Sauces,Top Picks,"https://cdn.zeptonow.com/production/tr:w-90,ar-120-120,pr-true,f-auto,q-80/cms/sub_category/154.png",Veeba Veg Mayonnaise Eggless,Veeba,90,99,250 g,4.7 (5.4k),In Stock,https://www.zeptonow.com/pn/veeba-veg-mayonnaise-eggless/pvid/d5848e12-f9e0-4c7c-b664-ece2cf622f43,"https://cdn.zeptonow.com/production/tr:w-1280,ar-4500-4500,pr-true,f-auto,q-80/cms/product_variant/504f264d-42cb-4e6d-8ab2-1eefdde19226.jpeg"
Breakfast & Sauces,Top Picks,"https://cdn.zeptonow.com/production/tr:w-90,ar-120-120,pr-true,f-auto,q-80/cms/sub_category/154.png",Unifit Rolled Oats | 100% Wholegrain | High Fiber and Protein | Healthy Breakfast Cereal,Unifit,99,199,400 g,4.5 (357),In Stock,https://www.zeptonow.com/pn/unifit-rolled-oats-100-wholegrain-high-fiber-and-protein-healthy-breakfast-cereal/pvid/474bb0ab-928a-4943-a1c6-20183e3b8c83,"https://cdn.zeptonow.com/production/tr:w-1280,ar-1500-1500,pr-true,f-auto,q-80/cms/product_variant/d284cf59-838b-475a-ae15-a37fc685c33d.jpg"
Breakfast & Sauces,Top Picks,"https://cdn.zeptonow.com/production/tr:w-90,ar-120-120,pr-true,f-auto,q-80/cms/sub_category/154.png",True Elements No Added Sugar Muesli Jar Wholegrain Breakfast Cereal Sugar Free Muesli,Sugar free,404,695,1 kg,4.9 (306),In Stock,https://www.zeptonow.com/pn/true-elements-no-added-sugar-muesli-jar-wholegrain-breakfast-cereal-sugar-free-muesli/pvid/a740bce3-2611-4cba-83db-72accde9a956,"https://cdn.zeptonow.com/production/tr:w-1280,ar-2479-3200,pr-true,f-auto,q-80/cms/product_variant/adeb37e7-4ce4-4115-9872-742155eaa682.jpeg"
Breakfast & Sauces,Top Picks,"https://cdn.zeptonow.com/production/tr:w-90,ar-120-120,pr-true,f-auto,q-80/cms/sub_category/154.png",Ching's Secret Red Chilli Sauce | Bold | Fiery And Aromatic,Ching's Secret,55,60,200 g,4.8 (11.4k),In Stock,https://www.zeptonow.com/pn/chings-secret-red-chilli-sauce-bold-fiery-and-aromatic/pvid/7e7bad4a-b177-4314-a2e5-dd06e57cfdf4,"https://cdn.zeptonow.com/production/tr:w-1280,ar-1176-1176,pr-true,f-auto,q-80/cms/product_variant/06c9649a-cccc-4091-b55f-fba4b48350c0.jpeg"
Breakfast & Sauces,Top Picks,"https://cdn.zeptonow.com/production/tr:w-90,ar-120-120,pr-true,f-auto,q-80/cms/sub_category/154.png","Tata Soulfull Corn Flakes, Honey & Almonds, Crunchy Corn & Millets, Baked Not Fried, High Fiber",Tata,260,290,450 g,4.9 (53),In Stock,https://www.zeptonow.com/pn/tata-soulfull-corn-flakes-honey-almonds-crunchy-corn-millets-baked-not-fried-high-fiber/pvid/17653946-55da-4848-a4a0-eec355f54984,"https://cdn.zeptonow.com/production/tr:w-1280,ar-1200-1200,pr-true,f-auto,q-80/cms/product_variant/a11627dc-96c5-4746-85ce-eaea9fa56908.jpeg"
Breakfast & Sauces,Top Picks,"https://cdn.zeptonow.com/production/tr:w-90,ar-120-120,pr-true,f-auto,q-80/cms/sub_category/154.png",Del Monte Eggless Mayo,Del Monte,160,199,850 g,4.6 (3.0k),In Stock,https://www.zeptonow.com/pn/del-monte-eggless-mayo/pvid/c7e38d7a-1e61-42b5-bf0f-1e7ffd419440,"https://cdn.zeptonow.com/production/tr:w-1280,ar-1000-1000,pr-true,f-auto,q-80/cms/product_variant/62fe1c1d-95b1-4963-b9be-a5060ab0f991.jpeg"
Breakfast & Sauces,Top Picks,"https://cdn.zeptonow.com/production/tr:w-90,ar-120-120,pr-true,f-auto,q-80/cms/sub_category/154.png",Kissan Fresh Tomato Ketchup,Kissan,105,105,850 g,4.7 (46.8k),In Stock,https://www.zeptonow.com/pn/kissan-fresh-tomato-ketchup/pvid/065707f5-d5fc-4c08-a13a-caba8e89a63c,"https://cdn.zeptonow.com/production/tr:w-1280,ar-1200-1200,pr-true,f-auto,q-80/cms/product_variant/5384ed9b-031e-4851-addd-235b4659f3f2.jpeg"
Breakfast & Sauces,Top Picks,"https://cdn.zeptonow.com/production/tr:w-90,ar-120-120,pr-true,f-auto,q-80/cms/sub_category/154.png",Veeba Cheese And Jalapeno Dip,Veeba,164,174,300 g,4.7 (1.4k),In Stock,https://www.zeptonow.com/pn/veeba-cheese-and-jalapeno-dip/pvid/029cbefc-2b06-41eb-abed-035c83031543,"https://cdn.zeptonow.com/production/tr:w-1280,ar-1200-1200,pr-true,f-auto,q-80/cms/product_variant/d88cadda-be27-4933-a48e-d2030cfec785.jpeg"
Breakfast & Sauces,Top Picks,"https://cdn.zeptonow.com/production/tr:w-90,ar-120-120,pr-true,f-auto,q-80/cms/sub_category/154.png",Sundrop Peanut Butter With Honey - Crunchy,Sundrop,73,99,300 g,4.6 (18.0k),In Stock,https://www.zeptonow.com/pn/sundrop-peanut-butter-with-honey-crunchy/pvid/90805fbc-8faa-43ed-9031-2ceba111fe0b,"https://cdn.zeptonow.com/production/tr:w-1280,ar-4167-4167,pr-true,f-auto,q-80/inventory/product/d6fff337-2326-4d29-a9ac-d997916a94fd-/tmp/20231020-1417061.jpeg"
Breakfast & Sauces,Top Picks,"https://cdn.zeptonow.com/production/tr:w-90,ar-120-120,pr-true,f-auto,q-80/cms/sub_category/154.png",Kellogg's Chocos Moons & Stars,Kellogg's,234,235,360 g,4.5 (802),In Stock,https://www.zeptonow.com/pn/kelloggs-chocos-moons-stars/pvid/597e4d00-8d06-4c2f-815b-8a7fbc2a57da,"https://cdn.zeptonow.com/production/tr:w-1280,ar-1000-1000,pr-true,f-auto,q-80/cms/product_variant/873cc994-2b7c-4f0b-a7b7-82d9e44fe547.jpeg"
Breakfast & Sauces,Top Picks,"https://cdn.zeptonow.com/production/tr:w-90,ar-120-120,pr-true,f-auto,q-80/cms/sub_category/154.png",Kellogg's Original Corn Flakes,Kellogg's,190,210,475 g,4.7 (7.5k),In Stock,https://www.zeptonow.com/pn/kelloggs-original-corn-flakes/pvid/bd5b6424-330a-4392-a4d8-aad748363acc,"https://cdn.zeptonow.com/production/tr:w-1280,ar-1200-1200,pr-true,f-auto,q-80/cms/product_variant/2497717a-6519-41b7-a7b8-896fb22d024b.jpeg"
Breakfast & Sauces,Top Picks,"https://cdn.zeptonow.com/production/tr:w-90,ar-120-120,pr-true,f-auto,q-80/cms/sub_category/154.png",Kissan Mango Jam,Kissan,100,100,188 g,4.7 (4.4k),In Stock,https://www.zeptonow.com/pn/kissan-mango-jam/pvid/b949e03e-c40b-455e-9371-7ac721f5fd1a,"https://cdn.zeptonow.com/production/tr:w-1280,ar-2000-2000,pr-true,f-auto,q-80/cms/product_variant/e205e393-d9bb-4123-b334-0cf9d0217e45.jpeg"
Breakfast & Sauces,Top Picks,"https://cdn.zeptonow.com/production/tr:w-90,ar-120-120,pr-true,f-auto,q-80/cms/sub_category/154.png",Disano Chocolate Peanut Butter Crunchy,Disano,264,550,924 g,4.3 (253),In Stock,https://www.zeptonow.com/pn/disano-chocolate-peanut-butter-crunchy/pvid/dc400a67-903d-48c8-9a91-5f9407437054,"https://cdn.zeptonow.com/production/tr:w-1280,ar-2000-2000,pr-true,f-auto,q-80/cms/product_variant/9c93f12d-ff7f-45cf-937c-ff2e80cf5a7f.jpg"
Breakfast & Sauces,Top Picks,"https://cdn.zeptonow.com/production/tr:w-90,ar-120-120,pr-true,f-auto,q-80/cms/sub_category/154.png",Kissan Mixed Fruit Jam,Kissan,240,270,700 g,4.7 (38.8k),In Stock,https://www.zeptonow.com/pn/kissan-mixed-fruit-jam/pvid/ef60ef5b-c2d8-402a-92b9-35cfc068ef57,"https://cdn.zeptonow.com/production/tr:w-1280,ar-2000-2000,pr-true,f-auto,q-80/cms/product_variant/9ffeb516-47c3-48cf-9c7e-c7e6aca51dbd.jpeg"
Breakfast & Sauces,Top Picks,"https://cdn.zeptonow.com/production/tr:w-90,ar-120-120,pr-true,f-auto,q-80/cms/sub_category/154.png",Kwality Muesli Crunchy Almond Raisins And Honey,Kwality,419,699,1 kg,4.5 (865),In Stock,https://www.zeptonow.com/pn/kwality-muesli-crunchy-almond-raisins-and-honey/pvid/c5d30e8c-ede8-47e0-b34d-e4228dd3f451,"https://cdn.zeptonow.com/production/tr:w-1280,ar-2100-3067,pr-true,f-auto,q-80/cms/product_variant/6141cfb1-8542-42e5-9a3f-edc974996f1c.png"
Breakfast & Sauces,Top Picks,"https://cdn.zeptonow.com/production/tr:w-90,ar-120-120,pr-true,f-auto,q-80/cms/sub_category/154.png","Dabur Honey - 100% Pure, World's No.1 Honey Brand (No Sugar Adulteration)",Dabur,110,125,250 g,4.6 (24.2k),In Stock,https://www.zeptonow.com/pn/dabur-honey-100-pure-worlds-no1-honey-brand-no-sugar-adulteration/pvid/3237b79c-d3a3-45c5-8ff8-775fcfbaa68e,"https://cdn.zeptonow.com/production/tr:w-1280,ar-2000-2000,pr-true,f-auto,q-80/cms/product_variant/617a51c3-7ec3-4ae2-bcff-04d8ab59d4ae.jpeg"
Breakfast & Sauces,Top Picks,"https://cdn.zeptonow.com/production/tr:w-90,ar-120-120,pr-true,f-auto,q-80/cms/sub_category/154.png",True Elements Rolled Oats | Naturally Gluten-free and Preservative-free,True,124,200,500 g,4.7 (2.0k),In Stock,https://www.zeptonow.com/pn/true-elements-rolled-oats-naturally-gluten-free-and-preservative-free/pvid/fcdb0d07-7b46-47d2-9d7d-47138d137f44,"https://cdn.zeptonow.com/production/tr:w-1280,ar-1200-1200,pr-true,f-auto,q-80/cms/product_variant/2a33ee05-e728-49d3-b62c-a8e0544ba8ca.jpeg"
Breakfast & Sauces,Top Picks,"https://cdn.zeptonow.com/production/tr:w-90,ar-120-120,pr-true,f-auto,q-80/cms/sub_category/154.png",Sundrop Peanut Butter - Crunchy,Sundrop,259,295,924 g,4.6 (2.7k),In Stock,https://www.zeptonow.com/pn/sundrop-peanut-butter-crunchy/pvid/af130679-df13-47d2-99c8-1b4b85cdffa9,"https://cdn.zeptonow.com/production/tr:w-1280,ar-1200-1200,pr-true,f-auto,q-80/cms/product_variant/618da48c-851a-4c1b-a290-4c0163f3eaa0.jpeg"
Breakfast & Sauces,Top Picks,"https://cdn.zeptonow.com/production/tr:w-90,ar-120-120,pr-true,f-auto,q-80/cms/sub_category/154.png",Maggi Hot & Sweet Tomato Chilli Sauce,Maggi,157,185,1 kg,4.7 (9.1k),In Stock,https://www.zeptonow.com/pn/maggi-hot-sweet-tomato-chilli-sauce/pvid/4da9ec0a-ed27-4129-b24c-c5572cd79868,"https://cdn.zeptonow.com/production/tr:w-1280,ar-2000-2000,pr-true,f-auto,q-80/cms/product_variant/d61f9716-aa66-4cf3-920f-843c2460130f.jpeg"
Breakfast & Sauces,Top Picks,"https://cdn.zeptonow.com/production/tr:w-90,ar-120-120,pr-true,f-auto,q-80/cms/sub_category/154.png",True Elements Muesli Berries Mix,True,249,350,400 g,4.9 (251),In Stock,https://www.zeptonow.com/pn/true-elements-muesli-berries-mix/pvid/2d8ffcab-5df0-4b10-a331-03b19be807fb,"https://cdn.zeptonow.com/production/tr:w-1280,ar-1200-1200,pr-true,f-auto,q-80/cms/product_variant/0bbfcbe7-6612-4967-bcaa-b13ec7171f70.jpeg"
Breakfast & Sauces,Top Picks,"https://cdn.zeptonow.com/production/tr:w-90,ar-120-120,pr-true,f-auto,q-80/cms/sub_category/154.png",Sundrop Peanut Butter Crunchy,Sundrop,140,150,462 g,4.6 (2.1k),In Stock,https://www.zeptonow.com/pn/sundrop-peanut-butter-crunchy/pvid/31166c42-c37c-4b78-8ef7-196e66e80c33,"https://cdn.zeptonow.com/production/tr:w-1280,ar-1500-1500,pr-true,f-auto,q-80/cms/product_variant/c332917e-dd0d-4795-b109-546a84e423ea.jpeg"
Breakfast & Sauces,Top Picks,"https://cdn.zeptonow.com/production/tr:w-90,ar-120-120,pr-true,f-auto,q-80/cms/sub_category/154.png",True Elements Quinoa,True,108,150,200 g,4.4 (317),In Stock,https://www.zeptonow.com/pn/true-elements-quinoa/pvid/2a1a642d-08e5-4695-82f8-593ec9e28f81,"https://cdn.zeptonow.com/production/tr:w-1280,ar-1991-2789,pr-true,f-auto,q-80/cms/product_variant/7a59bd1c-a91f-466d-b75a-7ad7a973430f.jpg"
Breakfast & Sauces,Top Picks,"https://cdn.zeptonow.com/production/tr:w-90,ar-120-120,pr-true,f-auto,q-80/cms/sub_category/154.png",The Gourmet Jar Blueberry Fruit Spread,The,418,449,200 g,3.9 (152),In Stock,https://www.zeptonow.com/pn/the-gourmet-jar-blueberry-fruit-spread/pvid/39ac3fd1-c6be-47f0-a291-437fab59b65c,"https://cdn.zeptonow.com/production/tr:w-1280,ar-1080-1080,pr-true,f-auto,q-80/cms/product_variant/55a90ac6-bd9b-4190-b1af-282eb699e371.jpg"
Breakfast & Sauces,Top Picks,"https://cdn.zeptonow.com/production/tr:w-90,ar-120-120,pr-true,f-auto,q-80/cms/sub_category/154.png","Organic India Himalayan Multi Floral Honey, 100% Pure, Natural & Organic Honey",Organic,206,235,250 g,4.5 (2.0k),In Stock,https://www.zeptonow.com/pn/organic-india-himalayan-multi-floral-honey-100-pure-natural-organic-honey/pvid/989e1497-2d92-4c8c-acab-b52b3f635c5c,"https://cdn.zeptonow.com/production/tr:w-1280,ar-1200-1200,pr-true,f-auto,q-80/cms/product_variant/c26d42eb-dec6-4c93-84bd-0c4a217f08b0.jpeg"
Breakfast & Sauces,Top Picks,"https://cdn.zeptonow.com/production/tr:w-90,ar-120-120,pr-true,f-auto,q-80/cms/sub_category/154.png",Bagrry's Rolled Oats Jar High Fibre Premium Rolled Oats Protein Rich Breakfast Cereal Wholegrain Breakfast,Bagrry's,246,490,1 kg,4.6 (1.8k),In Stock,https://www.zeptonow.com/pn/bagrrys-rolled-oats-jar-high-fibre-premium-rolled-oats-protein-rich-breakfast-cereal-wholegrain-breakfast/pvid/f12b918f-8229-46a7-8063-1a51b55d0465,"https://cdn.zeptonow.com/production/tr:w-1280,ar-1500-1500,pr-true,f-auto,q-80/cms/product_variant/5816069b-300e-41b1-b9bf-a9e2aa8b77af.jpeg"
Breakfast & Sauces,Top Picks,"https://cdn.zeptonow.com/production/tr:w-90,ar-120-120,pr-true,f-auto,q-80/cms/sub_category/154.png","Tata Soulfull Corn Flakes, Honey & Almonds, Crunchy Corn & Millets, Baked Not Fried, High Fiber",Tata,109,120,170 g,4.3 (87),In Stock,https://www.zeptonow.com/pn/tata-soulfull-corn-flakes-honey-almonds-crunchy-corn-millets-baked-not-fried-high-fiber/pvid/1ecc8a2a-79c2-47ed-a413-7e3160fc4a6d,"https://cdn.zeptonow.com/production/tr:w-1280,ar-1200-1200,pr-true,f-auto,q-80/cms/product_variant/8e35a3c9-7356-4df4-8477-09b6c2ba51ed.jpeg"
Breakfast & Sauces,Top Picks,"https://cdn.zeptonow.com/production/tr:w-90,ar-120-120,pr-true,f-auto,q-80/cms/sub_category/154.png",Kissan Fresh Tomato Ketchup,Kissan,120,120,500 g,4.7 (2.6k),In Stock,https://www.zeptonow.com/pn/kissan-fresh-tomato-ketchup/pvid/0ee18bd3-bc17-47f1-ab78-351ed350ff97,"https://cdn.zeptonow.com/production/tr:w-1280,ar-2400-2400,pr-true,f-auto,q-80/cms/product_variant/fe796cd7-0136-4e95-80d3-91b8c3569afc.jpeg"
Breakfast & Sauces,Top Picks,"https://cdn.zeptonow.com/production/tr:w-90,ar-120-120,pr-true,f-auto,q-80/cms/sub_category/154.png",Sundrop Peanut Butter - Creamy Jar,Sundrop,262,295,924 g,4.5 (1.3k),In Stock,https://www.zeptonow.com/pn/sundrop-peanut-butter-creamy-jar/pvid/fe1db8af-fad9-45f9-be6f-acf7277bc43c,"https://cdn.zeptonow.com/production/tr:w-1280,ar-1200-1200,pr-true,f-auto,q-80/cms/product_variant/ef5e274e-3787-4afa-bdb8-eb1f3d303ab1.jpeg"
Breakfast & Sauces,Top Picks,"https://cdn.zeptonow.com/production/tr:w-90,ar-120-120,pr-true,f-auto,q-80/cms/sub_category/154.png",New Kellogg's Hersheys Chocos With Power Of 5+ Protein & Fibre Of 1 Roti,New,245,245,325 g,4.6 (415),In Stock,https://www.zeptonow.com/pn/new-kelloggs-hersheys-chocos-with-power-of-5-protein-fibre-of-1-roti/pvid/2d49c55f-bea1-42a7-b550-8d606d3381fb,"https://cdn.zeptonow.com/production/tr:w-1280,ar-2400-2400,pr-true,f-auto,q-80/cms/product_variant/36ce8316-86a4-498d-8796-41aaeda777b4.jpeg"
Breakfast & Sauces,Top Picks,"https://cdn.zeptonow.com/production/tr:w-90,ar-120-120,pr-true,f-auto,q-80/cms/sub_category/154.png",Disano Chocolate Peanut Butter Creamy,Disano,264,550,924 g,4.3 (224),In Stock,https://www.zeptonow.com/pn/disano-chocolate-peanut-butter-creamy/pvid/46fa12a4-69ad-46c0-9762-1fd121cdf73f,"https://cdn.zeptonow.com/production/tr:w-1280,ar-2000-2000,pr-true,f-auto,q-80/cms/product_variant/7d29fa55-c076-4cce-b05a-8b3126c5631b.jpg"
Breakfast & Sauces,Top Picks,"https://cdn.zeptonow.com/production/tr:w-90,ar-120-120,pr-true,f-auto,q-80/cms/sub_category/154.png",True Elements Whole Wheat Flakes,True,155,195,350 g,4.8 (117),In Stock,https://www.zeptonow.com/pn/true-elements-whole-wheat-flakes/pvid/6197636e-a5df-472b-a7c0-86b88afda179,"https://cdn.zeptonow.com/production/tr:w-1280,ar-800-1007,pr-true,f-auto,q-80/cms/product_variant/6e813d17-58fb-449d-b1a0-abdb563ef409.jpg"
Breakfast & Sauces,Top Picks,"https://cdn.zeptonow.com/production/tr:w-90,ar-120-120,pr-true,f-auto,q-80/cms/sub_category/154.png",Saffola Masala Oats | Curry & Pepper | Anytime Snack | Ready in 3 mins | Millets Goodness | 500g,Saffola,214,240,500 g,4.9 (51),In Stock,https://www.zeptonow.com/pn/saffola-masala-oats-curry-pepper-anytime-snack-ready-in-3-mins-millets-goodness-500g/pvid/6096352f-c4f1-4f9b-9df2-80ec599177d6,"https://cdn.zeptonow.com/production/tr:w-1280,ar-1500-1500,pr-true,f-auto,q-80/cms/product_variant/ceac8022-ca27-493a-a300-7f529db4e745.jpeg"
Breakfast & Sauces,Top Picks,"https://cdn.zeptonow.com/production/tr:w-90,ar-120-120,pr-true,f-auto,q-80/cms/sub_category/154.png",Maggi Rich Tomato Ketchup- Pichkoo,Maggi,115,115,480 g,4.7 (2.9k),In Stock,https://www.zeptonow.com/pn/maggi-rich-tomato-ketchup-pichkoo/pvid/7958966c-422d-4dc2-8f05-5669ad374fbe,"https://cdn.zeptonow.com/production/tr:w-1280,ar-2000-2000,pr-true,f-auto,q-80/cms/product_variant/164d6af8-e399-4e78-9718-933a8709e5f5.jpeg"
Breakfast & Sauces,Top Picks,"https://cdn.zeptonow.com/production/tr:w-90,ar-120-120,pr-true,f-auto,q-80/cms/sub_category/154.png",Maggi Rich Tomato Ketchup- Pichkoo,Maggi,75,75,190 g,4.7 (3.5k),In Stock,https://www.zeptonow.com/pn/maggi-rich-tomato-ketchup-pichkoo/pvid/49e53bd8-999b-4761-960d-d5a44bf32b3a,"https://cdn.zeptonow.com/production/tr:w-1280,ar-2000-2000,pr-true,f-auto,q-80/cms/product_variant/7218cbf2-735d-4483-ac59-c1a2a2092714.jpeg"
Breakfast & Sauces,Top Picks,"https://cdn.zeptonow.com/production/tr:w-90,ar-120-120,pr-true,f-auto,q-80/cms/sub_category/154.png",Unifit Rolled Oats | 100% Wholegrain | High Fiber and Protein | Healthy Breakfast Cereal,Unifit,199,399,1 kg,4.2 (334),In Stock,https://www.zeptonow.com/pn/unifit-rolled-oats-100-wholegrain-high-fiber-and-protein-healthy-breakfast-cereal/pvid/976c851b-5607-4dd3-af3b-8e93c6722205,"https://cdn.zeptonow.com/production/tr:w-1280,ar-1500-1500,pr-true,f-auto,q-80/cms/product_variant/7eeb6453-76df-4acd-b3a0-348442febe96.jpg"
Breakfast & Sauces,Top Picks,"https://cdn.zeptonow.com/production/tr:w-90,ar-120-120,pr-true,f-auto,q-80/cms/sub_category/154.png",Bagrry's Crunchy Fruit & Nut Muesli,Bagrry's,213,380,375 g,4.5 (1.4k),In Stock,https://www.zeptonow.com/pn/bagrrys-crunchy-fruit-nut-muesli/pvid/d6b37274-1909-4f5b-b18e-3710e76f8a9d,"https://cdn.zeptonow.com/production/tr:w-1280,ar-1500-1500,pr-true,f-auto,q-80/cms/product_variant/650b4037-7c17-46dd-8c17-7c9efef9db00.jpg"
Breakfast & Sauces,Top Picks,"https://cdn.zeptonow.com/production/tr:w-90,ar-120-120,pr-true,f-auto,q-80/cms/sub_category/154.png",Disano Chocolate Peanut Butter Creamy,Disano,128,250,350 g,4.5 (230),In Stock,https://www.zeptonow.com/pn/disano-chocolate-peanut-butter-creamy/pvid/a85e54d1-8a65-4e77-9247-9b91383884a4,"https://cdn.zeptonow.com/production/tr:w-1280,ar-1400-1400,pr-true,f-auto,q-80/cms/product_variant/3980c7a0-2acf-4233-8958-715c8b87d19b.jpg"
Breakfast & Sauces,Top Picks,"https://cdn.zeptonow.com/production/tr:w-90,ar-120-120,pr-true,f-auto,q-80/cms/sub_category/154.png",Heinz Tomato Ketchup,Heinz,214,285,900 g,4.7 (550),In Stock,https://www.zeptonow.com/pn/heinz-tomato-ketchup/pvid/19608082-8e9f-4ddc-bb46-57c3e9c66008,"https://cdn.zeptonow.com/production/tr:w-1280,ar-1500-1500,pr-true,f-auto,q-80/cms/product_variant/fb1606fa-2ede-49d4-b35d-c86d3bb5eb95.jpeg"
Breakfast & Sauces,Top Picks,"https://cdn.zeptonow.com/production/tr:w-90,ar-120-120,pr-true,f-auto,q-80/cms/sub_category/154.png",Peanut Butter Dark Chocolate Creamy,Peanut,221,294,400 g,4 (381),In Stock,https://www.zeptonow.com/pn/peanut-butter-dark-chocolate-creamy/pvid/95887be9-eed9-4d58-9e9d-926a57eadb34,"https://cdn.zeptonow.com/production/tr:w-1280,ar-2000-2000,pr-true,f-auto,q-80/cms/product_variant/823e81c6-3c13-409b-85ad-3056eafe8467.jpg"
Breakfast & Sauces,Top Picks,"https://cdn.zeptonow.com/production/tr:w-90,ar-120-120,pr-true,f-auto,q-80/cms/sub_category/154.png","DiSano Natural Peanut Butter - Crunchy, Unsweetened, 28.3% Protein, No Added Sugar,100% Peanut",Disano,262,500,1 kg,3.9 (1.0k),In Stock,https://www.zeptonow.com/pn/disano-natural-peanut-butter-crunchy-unsweetened-283-protein-no-added-sugar100-peanut/pvid/bb8417ab-2a00-44b3-af3f-e525ee3f8026,"https://cdn.zeptonow.com/production/tr:w-1280,ar-1200-1200,pr-true,f-auto,q-80/cms/product_variant/30158342-bcca-41a4-aa3f-4dfccd651a51.jpeg"
Breakfast & Sauces,Top Picks,"https://cdn.zeptonow.com/production/tr:w-90,ar-120-120,pr-true,f-auto,q-80/cms/sub_category/154.png",Dr. Oetker FunFoods Veg Mayonnaise Original,Dr.,99,99,250 g,4.7 (12.4k),In Stock,https://www.zeptonow.com/pn/dr-oetker-funfoods-veg-mayonnaise-original/pvid/fa819c7b-d7e7-4af4-86fb-4033e9197435,"https://cdn.zeptonow.com/production/tr:w-1280,ar-1000-1000,pr-true,f-auto,q-80/cms/product_variant/0ebfb394-a36a-4b12-9cea-62f0d803800a.jpeg"
Breakfast & Sauces,Top Picks,"https://cdn.zeptonow.com/production/tr:w-90,ar-120-120,pr-true,f-auto,q-80/cms/sub_category/154.png",MasterChow Red Chilli Sauce,MasterChow,57,69,200 g,4.6 (3.3k),In Stock,https://www.zeptonow.com/pn/masterchow-red-chilli-sauce/pvid/fef1e4a7-3f65-4c81-83a8-59b9d4f328db,"https://cdn.zeptonow.com/production/tr:w-1280,ar-2400-2400,pr-true,f-auto,q-80/cms/product_variant/427b934d-9f93-4665-aee4-f987c45329d1.jpeg"
Breakfast & Sauces,Top Picks,"https://cdn.zeptonow.com/production/tr:w-90,ar-120-120,pr-true,f-auto,q-80/cms/sub_category/154.png",Kissan Mixed Fruit Jam,Kissan,90,90,200 g,4.7 (71.8k),In Stock,https://www.zeptonow.com/pn/kissan-mixed-fruit-jam/pvid/d8d5be26-c3b0-4d88-87d5-eaa91c493a49,"https://cdn.zeptonow.com/production/tr:w-1280,ar-2000-2000,pr-true,f-auto,q-80/cms/product_variant/8522e705-a615-4fa4-99c7-6ef237c532eb.jpeg"
Breakfast & Sauces,Top Picks,"https://cdn.zeptonow.com/production/tr:w-90,ar-120-120,pr-true,f-auto,q-80/cms/sub_category/154.png",Yogabar Dark Chocolate Oatmeal 400g Breakfast Cereal Gluten Free Oats High in Protein & Gluten-Free,Yogabar,212,249,400 g,4.8 (1.8k),In Stock,https://www.zeptonow.com/pn/yogabar-dark-chocolate-oatmeal-400g-breakfast-cereal-gluten-free-oats-high-in-protein-gluten-free/pvid/d36570c0-0ce2-4559-9284-bb2488a30e28,"https://cdn.zeptonow.com/production/tr:w-1280,ar-926-1500,pr-true,f-auto,q-80/cms/product_variant/d4c38500-f44b-4186-a93c-aa6699daba14.jpeg"
Breakfast & Sauces,Top Picks,"https://cdn.zeptonow.com/production/tr:w-90,ar-120-120,pr-true,f-auto,q-80/cms/sub_category/154.png",True Elements No Added Sugar Muesli Fruit & Nut Muesli - Rich In Protein & Fibre,True,207,350,400 g,4.5 (116),In Stock,https://www.zeptonow.com/pn/true-elements-no-added-sugar-muesli-fruit-nut-muesli-rich-in-protein-fibre/pvid/22065015-d70f-4952-b5aa-447cd2681a84,"https://cdn.zeptonow.com/production/tr:w-1280,ar-2200-5000,pr-true,f-auto,q-80/cms/product_variant/02eb3fe4-a669-461b-bd80-c4e88cb14876.jpeg"
Breakfast & Sauces,Top Picks,"https://cdn.zeptonow.com/production/tr:w-90,ar-120-120,pr-true,f-auto,q-80/cms/sub_category/154.png","Dabur Honey - 100% Pure, World's No.1 Honey Brand (No Sugar Adulteration)",Dabur,67,70,100 g,4.7 (12.3k),In Stock,https://www.zeptonow.com/pn/dabur-honey-100-pure-worlds-no1-honey-brand-no-sugar-adulteration/pvid/8628ddf4-8242-48b4-b5b1-a23600e79243,"https://cdn.zeptonow.com/production/tr:w-1280,ar-2000-2000,pr-true,f-auto,q-80/cms/product_variant/b6ab8073-6762-4488-b870-5cf3413ccbfb.jpeg"
Breakfast & Sauces,Top Picks,"https://cdn.zeptonow.com/production/tr:w-90,ar-120-120,pr-true,f-auto,q-80/cms/sub_category/154.png",Tata Soulfull Millet Muesli Crunchy | Almonds And Raisins | Breakfast Cereal,Tata,268,389,500 g,4.7 (113),In Stock,https://www.zeptonow.com/pn/tata-soulfull-millet-muesli-crunchy-almonds-and-raisins-breakfast-cereal/pvid/0447343c-958e-459b-be33-54cc3baf1c69,"https://cdn.zeptonow.com/production/tr:w-1280,ar-1200-1200,pr-true,f-auto,q-80/cms/product_variant/cd534397-e7b8-4655-a5b4-3fda91ef010d.jpg"
Breakfast & Sauces,Top Picks,"https://cdn.zeptonow.com/production/tr:w-90,ar-120-120,pr-true,f-auto,q-80/cms/sub_category/154.png",Unifit Strawberry Muesli | Crunchy and Nutritious,Unifit,152,280,375 g,4.6 (299),In Stock,https://www.zeptonow.com/pn/unifit-strawberry-muesli-crunchy-and-nutritious/pvid/95dccc64-277e-4637-80de-39bb9d311956,"https://cdn.zeptonow.com/production/tr:w-1280,ar-1500-1500,pr-true,f-auto,q-80/cms/product_variant/aaf66e77-12f6-4520-9fbf-190a83d7d405.jpg"
Breakfast & Sauces,Top Picks,"https://cdn.zeptonow.com/production/tr:w-90,ar-120-120,pr-true,f-auto,q-80/cms/sub_category/154.png",Maggi Hot & Sweet Tomato Chilli Sauce,Maggi,130,130,500 g,4.7 (7.4k),In Stock,https://www.zeptonow.com/pn/maggi-hot-sweet-tomato-chilli-sauce/pvid/c21fe074-ec15-4b44-b152-b9ee83dfe6b0,"https://cdn.zeptonow.com/production/tr:w-1280,ar-2000-2000,pr-true,f-auto,q-80/cms/product_variant/9f5d1803-32ce-43b8-a68b-03e40352a658.jpeg"
Breakfast & Sauces,Top Picks,"https://cdn.zeptonow.com/production/tr:w-90,ar-120-120,pr-true,f-auto,q-80/cms/sub_category/154.png",Dr. Oetker FunFoods Chocolate Milk Spread,Dr.,250,275,450 g,4.5 (1.2k),In Stock,https://www.zeptonow.com/pn/dr-oetker-funfoods-chocolate-milk-spread/pvid/f3e7a46a-96f5-4a30-9ad9-6f9bdac5a53e,"https://cdn.zeptonow.com/production/tr:w-1280,ar-1000-1000,pr-true,f-auto,q-80/cms/product_variant/97f23a6d-0f9b-4b2f-9ad9-911331cb9c73.jpeg"
Breakfast & Sauces,Top Picks,"https://cdn.zeptonow.com/production/tr:w-90,ar-120-120,pr-true,f-auto,q-80/cms/sub_category/154.png",True Elements Corn Flakes Pro Millet Crunch,True,81,99,260 g,4.4 (447),In Stock,https://www.zeptonow.com/pn/true-elements-corn-flakes-pro-millet-crunch/pvid/bb0354e5-0f0f-45fb-9754-ecebafd71568,"https://cdn.zeptonow.com/production/tr:w-1280,ar-1991-2789,pr-true,f-auto,q-80/cms/product_variant/855950d5-26ba-4842-9d94-bf1f68af1cda.jpg"
Breakfast & Sauces,Top Picks,"https://cdn.zeptonow.com/production/tr:w-90,ar-120-120,pr-true,f-auto,q-80/cms/sub_category/154.png","Tata Soulfull Corn Flakes, Original, Crunchy Corn & Millets, Baked Not Fried, High Fiber",Tata,178,210,475 g,4.4 (155),In Stock,https://www.zeptonow.com/pn/tata-soulfull-corn-flakes-original-crunchy-corn-millets-baked-not-fried-high-fiber/pvid/4e8eea90-2a11-49ec-88c6-51fa5b340f6c,"https://cdn.zeptonow.com/production/tr:w-1280,ar-1200-1200,pr-true,f-auto,q-80/cms/product_variant/ac0e44e1-8fb4-4386-9f64-52986d6737c4.jpeg"
Breakfast & Sauces,Top Picks,"https://cdn.zeptonow.com/production/tr:w-90,ar-120-120,pr-true,f-auto,q-80/cms/sub_category/154.png","Disano Peanut Butter - Creamy, 26% Protein, No Trans Fat & Preservatives",Disano,116,149,350 g,4.1 (747),In Stock,https://www.zeptonow.com/pn/disano-peanut-butter-creamy-26-protein-no-trans-fat-preservatives/pvid/d9cf9282-fa8e-47de-9bfe-f3f5e96e3e9e,"https://cdn.zeptonow.com/production/tr:w-1280,ar-1200-1200,pr-true,f-auto,q-80/cms/product_variant/c6bb72f3-5537-469b-9702-de5a5eee7188.jpeg"
Breakfast & Sauces,Top Picks,"https://cdn.zeptonow.com/production/tr:w-90,ar-120-120,pr-true,f-auto,q-80/cms/sub_category/154.png","Tata Soulfull Masala Oats+ With Millets Mast Masala With Dal Shakti, 25% Millets, Non-Sticky Oats",Tata,181,249,500 g,4.2 (168),In Stock,https://www.zeptonow.com/pn/tata-soulfull-masala-oats-with-millets-mast-masala-with-dal-shakti-25-millets-non-sticky-oats/pvid/68a94eb8-6fc7-4cc3-8a6d-6aca92c56809,"https://cdn.zeptonow.com/production/tr:w-1280,ar-1200-1200,pr-true,f-auto,q-80/cms/product_variant/fbdeb9e0-f331-41ae-8000-6fffa2f38ada.jpg"
Breakfast & Sauces,Top Picks,"https://cdn.zeptonow.com/production/tr:w-90,ar-120-120,pr-true,f-auto,q-80/cms/sub_category/154.png",Kissan No-Onion No-Garlic Tomato Sauce,Kissan,109,130,850 g,4.8 (4.1k),In Stock,https://www.zeptonow.com/pn/kissan-no-onion-no-garlic-tomato-sauce/pvid/b958d678-7256-4415-a3da-405e940b9dd5,"https://cdn.zeptonow.com/production/tr:w-1280,ar-1100-1100,pr-true,f-auto,q-80/cms/product_variant/2a127506-8347-4cdb-80d0-28a834a8f9e3.jpeg"
Breakfast & Sauces,Top Picks,"https://cdn.zeptonow.com/production/tr:w-90,ar-120-120,pr-true,f-auto,q-80/cms/sub_category/154.png",Kellogg's Corn Flakes Power of 5 (Super Saver PacK),Kellogg's,114,125,250 g,4.7 (7.0k),In Stock,https://www.zeptonow.com/pn/kelloggs-corn-flakes-power-of-5-super-saver-pack/pvid/c651ae42-04a6-47a9-8695-ea3465358483,"https://cdn.zeptonow.com/production/tr:w-1280,ar-766-1125,pr-true,f-auto,q-80/cms/product_variant/49b1ebe6-bc8f-40d1-8e0b-b72e4a74c8eb.jpeg"
Breakfast & Sauces,Top Picks,"https://cdn.zeptonow.com/production/tr:w-90,ar-120-120,pr-true,f-auto,q-80/cms/sub_category/154.png","True Elements Muesli Dark Chocolate, Fibre Rich Ready To Eat Breakfast",True,263,350,400 g,4.7 (271),In Stock,https://www.zeptonow.com/pn/true-elements-muesli-dark-chocolate-fibre-rich-ready-to-eat-breakfast/pvid/ca33a1a8-0c21-4d79-bb20-8b863bfc1ffe,"https://cdn.zeptonow.com/production/tr:w-1280,ar-2200-5000,pr-true,f-auto,q-80/cms/product_variant/79bdc5ce-47cc-4737-bb39-65def5f6cac2.jpeg"
Breakfast & Sauces,Top Picks,"https://cdn.zeptonow.com/production/tr:w-90,ar-120-120,pr-true,f-auto,q-80/cms/sub_category/154.png",Troovy Healthy Pizza Pasta Sauce & Dip (Chemical-Free),Troovy,220,220,340 g,4.4 (87),In Stock,https://www.zeptonow.com/pn/troovy-healthy-pizza-pasta-sauce-dip-chemical-free/pvid/e13f032f-bfd1-47ae-b6b8-2558867f8724,"https://cdn.zeptonow.com/production/tr:w-1280,ar-1000-1000,pr-true,f-auto,q-80/cms/product_variant/4f09d678-169c-45ff-bcca-d7c5a86a4dda.jpeg"
Breakfast & Sauces,Top Picks,"https://cdn.zeptonow.com/production/tr:w-90,ar-120-120,pr-true,f-auto,q-80/cms/sub_category/154.png",Veeba Sandwich Spread Thousand Island,Veeba,103,109,250 g,4.5 (1.1k),In Stock,https://www.zeptonow.com/pn/veeba-sandwich-spread-thousand-island/pvid/ff721b2a-667b-4ff3-9013-3a327ea30919,"https://cdn.zeptonow.com/production/tr:w-1280,ar-1200-1200,pr-true,f-auto,q-80/cms/product_variant/0cf332b3-0bb1-484f-90ed-5258a38779a3.jpeg"
Breakfast & Sauces,Top Picks,"https://cdn.zeptonow.com/production/tr:w-90,ar-120-120,pr-true,f-auto,q-80/cms/sub_category/154.png",Yogabar 20g Protein Oats+ - Choco Almond | High Protein Breakfast,Yogabar,195,249,350 g,4.5 (859),In Stock,https://www.zeptonow.com/pn/yogabar-20g-protein-oats-choco-almond-high-protein-breakfast/pvid/3347cb15-5252-431b-8ec0-f5d5dadf78c8,"https://cdn.zeptonow.com/production/tr:w-1280,ar-926-1500,pr-true,f-auto,q-80/cms/product_variant/d3ef286d-ba6f-4329-bbf5-4aafac9f906e.jpg"
Breakfast & Sauces,Top Picks,"https://cdn.zeptonow.com/production/tr:w-90,ar-120-120,pr-true,f-auto,q-80/cms/sub_category/154.png",Maggi Hot & Sweet Tomato Chilli Sauce,Maggi,80,80,200 g,4.7 (9.3k),In Stock,https://www.zeptonow.com/pn/maggi-hot-sweet-tomato-chilli-sauce/pvid/23175d4b-483c-470c-8135-3e0a4b706e09,"https://cdn.zeptonow.com/production/tr:w-1280,ar-2000-2000,pr-true,f-auto,q-80/cms/product_variant/672b5b30-10b3-4b87-a6e8-ad2dd43366e2.jpeg"
Breakfast & Sauces,Top Picks,"https://cdn.zeptonow.com/production/tr:w-90,ar-120-120,pr-true,f-auto,q-80/cms/sub_category/154.png",Dr. Oetker FunFoods Pasta And Pizza Red Sauce Preservative Free,Dr.,96,99,315 g,4.8 (3.3k),In Stock,https://www.zeptonow.com/pn/dr-oetker-funfoods-pasta-and-pizza-red-sauce-preservative-free/pvid/7d2fbd64-8562-4e18-ab7c-d2a3b313b1bd,"https://cdn.zeptonow.com/production/tr:w-1280,ar-1200-1200,pr-true,f-auto,q-80/cms/product_variant/60c307ef-9019-4127-9a74-4f180929d583.jpeg"
Breakfast & Sauces,Top Picks,"https://cdn.zeptonow.com/production/tr:w-90,ar-120-120,pr-true,f-auto,q-80/cms/sub_category/154.png","Disano Peanut Butter - Crunchy, 26% Protein, No Trans Fat & Preservatives",Disano,199,399,924 g,4.6 (2.2k),In Stock,https://www.zeptonow.com/pn/disano-peanut-butter-crunchy-26-protein-no-trans-fat-preservatives/pvid/f727750a-d453-4a78-bd17-c390337128b9,"https://cdn.zeptonow.com/production/tr:w-1280,ar-1200-1200,pr-true,f-auto,q-80/cms/product_variant/a11bd61f-f05d-4ea6-9fbb-61619ce61243.jpeg"
Breakfast & Sauces,Top Picks,"https://cdn.zeptonow.com/production/tr:w-90,ar-120-120,pr-true,f-auto,q-80/cms/sub_category/154.png","DiSano Natural Peanut Butter - Creamy, Unsweetened, 28.3% Protein, No Added Sugar,100% Peanut",Disano,249,500,1 kg,4.6 (670),In Stock,https://www.zeptonow.com/pn/disano-natural-peanut-butter-creamy-unsweetened-283-protein-no-added-sugar100-peanut/pvid/e9f3bde6-e2b8-478f-8284-a93b5246623f,"https://cdn.zeptonow.com/production/tr:w-1280,ar-1200-1200,pr-true,f-auto,q-80/cms/product_variant/31051365-4670-4b2f-b0c4-35286e19e80b.jpeg"
Breakfast & Sauces,Top Picks,"https://cdn.zeptonow.com/production/tr:w-90,ar-120-120,pr-true,f-auto,q-80/cms/sub_category/154.png",Disano Rolled Oats 100% Whole Grain,Disano,143,285,1 kg,4.5 (2.6k),In Stock,https://www.zeptonow.com/pn/disano-rolled-oats-100-whole-grain/pvid/d3f1ba1c-b971-435b-b8b7-2067727226a5,"https://cdn.zeptonow.com/production/tr:w-1280,ar-679-679,pr-true,f-auto,q-80/cms/product_variant/c1ed3028-d4b9-4296-8a22-ebaa2a8b248d.jpg"
Breakfast & Sauces,Top Picks,"https://cdn.zeptonow.com/production/tr:w-90,ar-120-120,pr-true,f-auto,q-80/cms/sub_category/154.png",Veeba Salsa Dip,Veeba,151,164,360 g,4.8 (606),In Stock,https://www.zeptonow.com/pn/veeba-salsa-dip/pvid/aeecb788-d5a5-4adc-8f53-8c1e0fd5f9c5,"https://cdn.zeptonow.com/production/tr:w-1280,ar-1200-1200,pr-true,f-auto,q-80/cms/product_variant/cd42ca8f-5601-4231-ac29-decd47e4ea5e.jpeg"
Breakfast & Sauces,Top Picks,"https://cdn.zeptonow.com/production/tr:w-90,ar-120-120,pr-true,f-auto,q-80/cms/sub_category/154.png",Unifit Honey Raisin Almond Muesli | Crunchy and Nutritious,Unifit,150,280,375 g,4.5 (504),In Stock,https://www.zeptonow.com/pn/unifit-honey-raisin-almond-muesli-crunchy-and-nutritious/pvid/e5f0df07-0cb1-4811-beb8-cba166e2f5d9,"https://cdn.zeptonow.com/production/tr:w-1280,ar-1500-1500,pr-true,f-auto,q-80/cms/product_variant/c429e045-ad4d-4f1b-ac1e-c69cd240ee51.jpg"
Breakfast & Sauces,Top Picks,"https://cdn.zeptonow.com/production/tr:w-90,ar-120-120,pr-true,f-auto,q-80/cms/sub_category/154.png",Fit & Flex Mini Bites Choco Cornflakes,Fit,76,99,250 g,4.7 (170),In Stock,https://www.zeptonow.com/pn/fit-flex-mini-bites-choco-cornflakes/pvid/14e8da28-2c17-4535-bf16-d49c82cc5bc2,"https://cdn.zeptonow.com/production/tr:w-1280,ar-2223-2223,pr-true,f-auto,q-80/cms/product_variant/b722bb5f-1485-4489-9bfc-f7cebb3a94ec.jpg"
Breakfast & Sauces,Top Picks,"https://cdn.zeptonow.com/production/tr:w-90,ar-120-120,pr-true,f-auto,q-80/cms/sub_category/154.png",Dr. Oetker FunFoods Veg Sandwich Spread Cucumber & Carrot,Dr.,96,99,250 g,4.7 (2.9k),In Stock,https://www.zeptonow.com/pn/dr-oetker-funfoods-veg-sandwich-spread-cucumber-carrot/pvid/bcaa0b35-b89b-4938-ac42-d2871a715a87,"https://cdn.zeptonow.com/production/tr:w-1280,ar-1000-1000,pr-true,f-auto,q-80/cms/product_variant/3154ec61-e517-4da4-be63-b1c3c12ad964.jpeg"
Breakfast & Sauces,Top Picks,"https://cdn.zeptonow.com/production/tr:w-90,ar-120-120,pr-true,f-auto,q-80/cms/sub_category/154.png",Habanero Spicy Salsa Dip,Habanero,180,199,270 g,4.7 (262),In Stock,https://www.zeptonow.com/pn/habanero-spicy-salsa-dip/pvid/975e38b4-d889-4e89-aa99-d5140cced817,"https://cdn.zeptonow.com/production/tr:w-1280,ar-2400-2400,pr-true,f-auto,q-80/cms/product_variant/33b8ca77-4bd0-4628-af50-bf29eea8ed99.jpg"
Breakfast & Sauces,Top Picks,"https://cdn.zeptonow.com/production/tr:w-90,ar-120-120,pr-true,f-auto,q-80/cms/sub_category/154.png",Maggi Rich Tomato Ketchup,Maggi,155,170,960 g,4.7 (2.5k),In Stock,https://www.zeptonow.com/pn/maggi-rich-tomato-ketchup/pvid/707b0ef0-2bb4-46d1-bcef-6671d283ceb2,"https://cdn.zeptonow.com/production/tr:w-1280,ar-2000-2000,pr-true,f-auto,q-80/cms/product_variant/5249067b-ba60-45b9-beb3-3c0083cbd50c.jpeg"
Breakfast & Sauces,Top Picks,"https://cdn.zeptonow.com/production/tr:w-90,ar-120-120,pr-true,f-auto,q-80/cms/sub_category/154.png","Saffola Peanut Butter with Jaggery, Creamy",Saffola,127,149,350 g,4.5 (2.2k),In Stock,https://www.zeptonow.com/pn/saffola-peanut-butter-with-jaggery-creamy/pvid/984acc5f-cd07-488e-883b-569ee9bdabe0,"https://cdn.zeptonow.com/production/tr:w-1280,ar-1500-1500,pr-true,f-auto,q-80/cms/product_variant/c021dcdd-239e-4bab-8de9-c468a038d391.jpeg"
Breakfast & Sauces,Top Picks,"https://cdn.zeptonow.com/production/tr:w-90,ar-120-120,pr-true,f-auto,q-80/cms/sub_category/154.png",Naagin Hot Sauce Kantha Bomb - Spicy Green Chilli Sauce,Naagin,175,250,230 g,5 (51),In Stock,https://www.zeptonow.com/pn/naagin-hot-sauce-kantha-bomb-spicy-green-chilli-sauce/pvid/867b17a7-c57d-4683-ab42-2a721d717b40,"https://cdn.zeptonow.com/production/tr:w-1280,ar-1000-1000,pr-true,f-auto,q-80/cms/product_variant/8dc6666d-d747-4bdb-8594-5bcf6fd34488.jpeg"
Breakfast & Sauces,Top Picks,"https://cdn.zeptonow.com/production/tr:w-90,ar-120-120,pr-true,f-auto,q-80/cms/sub_category/154.png",Quaker Oats,Quaker,80,86,400 g,4.7 (44.1k),In Stock,https://www.zeptonow.com/pn/quaker-oats/pvid/dfb6bdd1-72b7-4ed0-81ea-ff6ef4a910cc,"https://cdn.zeptonow.com/production/tr:w-1280,ar-2000-2000,pr-true,f-auto,q-80/cms/product_variant/6841d6b6-e044-4285-9612-ec2e5514a2b8.jpeg"
Breakfast & Sauces,Top Picks,"https://cdn.zeptonow.com/production/tr:w-90,ar-120-120,pr-true,f-auto,q-80/cms/sub_category/154.png",Patanjali Honey Squeezy Natural Shahed Sahad No Added Sugar,Patanjali,309,325,800 g,4.7 (644),In Stock,https://www.zeptonow.com/pn/patanjali-honey-squeezy-natural-shahed-sahad-no-added-sugar/pvid/e602016a-6204-477c-8c1a-5115910ea85e,"https://cdn.zeptonow.com/production/tr:w-1280,ar-1600-1600,pr-true,f-auto,q-80/cms/product_variant/87c7c3e5-b5cd-46e7-acf2-518993c38872.jpeg"
Breakfast & Sauces,Top Picks,"https://cdn.zeptonow.com/production/tr:w-90,ar-120-120,pr-true,f-auto,q-80/cms/sub_category/154.png",True Elements Super Protein Oats,True,259,350,400 g,5 (199),In Stock,https://www.zeptonow.com/pn/true-elements-super-protein-oats/pvid/4b24b076-651a-4bd2-ad05-10e5e5569025,"https://cdn.zeptonow.com/production/tr:w-1280,ar-800-1007,pr-true,f-auto,q-80/cms/product_variant/d1dd03de-dea7-4127-8508-60c6426aa036.jpg"
Breakfast & Sauces,Top Picks,"https://cdn.zeptonow.com/production/tr:w-90,ar-120-120,pr-true,f-auto,q-80/cms/sub_category/154.png",Dr. Oetker FunFoods Veg Sandwich Spread Thousand Island,Dr.,96,99,250 g,4.6 (1.4k),In Stock,https://www.zeptonow.com/pn/dr-oetker-funfoods-veg-sandwich-spread-thousand-island/pvid/1321371d-7315-478a-bd49-60eafc57dc0b,"https://cdn.zeptonow.com/production/tr:w-1280,ar-1000-1000,pr-true,f-auto,q-80/cms/product_variant/fe8f7ea4-1753-47c5-898f-be6b7d8510e3.jpeg"
Breakfast & Sauces,Top Picks,"https://cdn.zeptonow.com/production/tr:w-90,ar-120-120,pr-true,f-auto,q-80/cms/sub_category/154.png",Veeba Chef's Special Veg Mayonnaise,Veeba,184,224,875 g,4.6 (3.7k),In Stock,https://www.zeptonow.com/pn/veeba-chefs-special-veg-mayonnaise/pvid/53d4df30-1272-4dbc-b758-97aa66f4fe11,"https://cdn.zeptonow.com/production/tr:w-1280,ar-4500-4500,pr-true,f-auto,q-80/cms/product_variant/7d4625d1-8f04-42d1-9e6e-c3013d53fdd1.jpeg"
Breakfast & Sauces,Top Picks,"https://cdn.zeptonow.com/production/tr:w-90,ar-120-120,pr-true,f-auto,q-80/cms/sub_category/154.png","Disano Peanut Butter - Creamy, 26% Protein, No Trans Fat & Preservatives",Disano,199,399,924 g,4.5 (1.2k),In Stock,https://www.zeptonow.com/pn/disano-peanut-butter-creamy-26-protein-no-trans-fat-preservatives/pvid/46c98c98-0e2a-4dc4-b5f2-e5cc3030d18c,"https://cdn.zeptonow.com/production/tr:w-1280,ar-1200-1200,pr-true,f-auto,q-80/cms/product_variant/f05953e6-8d1a-42ea-ae78-1e985603ce33.jpeg"
Breakfast & Sauces,Top Picks,"https://cdn.zeptonow.com/production/tr:w-90,ar-120-120,pr-true,f-auto,q-80/cms/sub_category/154.png",Saffola Masala Millets Masala Delight | Lower In Calories Yummy Millets For Happy Tummy,Yu,20,20,35 g,4.5 (298),In Stock,https://www.zeptonow.com/pn/saffola-masala-millets-masala-delight-lower-in-calories-yummy-millets-for-happy-tummy/pvid/33e9bf4a-3af8-479f-b397-5f2e2cd40b02,"https://cdn.zeptonow.com/production/tr:w-1280,ar-1500-1500,pr-true,f-auto,q-80/cms/product_variant/b81f652b-0093-469c-b974-a73d1f894c24.jpg"
Breakfast & Sauces,Top Picks,"https://cdn.zeptonow.com/production/tr:w-90,ar-120-120,pr-true,f-auto,q-80/cms/sub_category/154.png",Saffola Masala Millets Tomato Delight| Lower In Calories Yummy Millets For Happy Tummy,Yu,20,20,35 g,4.1 (267),In Stock,https://www.zeptonow.com/pn/saffola-masala-millets-tomato-delight-lower-in-calories-yummy-millets-for-happy-tummy/pvid/09c16238-5275-40fc-8eeb-b95db16c954b,"https://cdn.zeptonow.com/production/tr:w-1280,ar-1500-1500,pr-true,f-auto,q-80/cms/product_variant/0827e5ca-56fe-4db5-9d59-610657719434.jpg"
Breakfast & Sauces,Top Picks,"https://cdn.zeptonow.com/production/tr:w-90,ar-120-120,pr-true,f-auto,q-80/cms/sub_category/154.png",Disano Pure Honey - No Added Sugar,Disano,161,550,1 kg,4.6 (3.8k),In Stock,https://www.zeptonow.com/pn/disano-pure-honey-no-added-sugar/pvid/40484d62-2ef9-4cdf-b3e2-7895ca943fc2,"https://cdn.zeptonow.com/production/tr:w-1280,ar-1200-1200,pr-true,f-auto,q-80/cms/product_variant/7c6a2074-c552-4df4-8c0f-205a736ea748.jpeg"
Breakfast & Sauces,Top Picks,"https://cdn.zeptonow.com/production/tr:w-90,ar-120-120,pr-true,f-auto,q-80/cms/sub_category/154.png",Saffola Masala Oats |Classic Masala | Anytime Snack | Ready in 3 mins | Millets Goodness,Saffola,217,249,500 g,4.7 (14.6k),In Stock,https://www.zeptonow.com/pn/saffola-masala-oats-classic-masala-anytime-snack-ready-in-3-mins-millets-goodness/pvid/4c22cb88-bfac-4d24-9810-8cb061d5aaf1,"https://cdn.zeptonow.com/production/tr:w-1280,ar-1500-1500,pr-true,f-auto,q-80/cms/product_variant/e0624cba-da5b-4c23-ae22-157269fb1601.jpeg"
Breakfast & Sauces,Top Picks,"https://cdn.zeptonow.com/production/tr:w-90,ar-120-120,pr-true,f-auto,q-80/cms/sub_category/154.png",Dr. Oetker FunFoods Veg Mayonnaise Original,Dr.,179,199,800 g,4.7 (7.1k),In Stock,https://www.zeptonow.com/pn/dr-oetker-funfoods-veg-mayonnaise-original/pvid/4b136ab1-2c2b-4e7d-96c2-2bdc87c6a78c,"https://cdn.zeptonow.com/production/tr:w-1280,ar-1200-1200,pr-true,f-auto,q-80/cms/product_variant/49c14e58-457f-4396-af16-1fe2d99571b9.jpeg"
Breakfast & Sauces,Top Picks,"https://cdn.zeptonow.com/production/tr:w-90,ar-120-120,pr-true,f-auto,q-80/cms/sub_category/154.png",Peanut Butter Dark Chocolate Crunchy,Peanut,223,320,400 g,4.3 (531),In Stock,https://www.zeptonow.com/pn/peanut-butter-dark-chocolate-crunchy/pvid/4ffe4c41-e080-42a7-8a51-9a6d1c0c6e9a,"https://cdn.zeptonow.com/production/tr:w-1280,ar-1600-1600,pr-true,f-auto,q-80/cms/product_variant/399df0f6-90d9-43e8-be85-e85dc571c63e.jpeg"
Breakfast & Sauces,Top Picks,"https://cdn.zeptonow.com/production/tr:w-90,ar-120-120,pr-true,f-auto,q-80/cms/sub_category/154.png","Disano Peanut Butter - Crunchy, 26% Protein, No Trans Fat & Preservatives",Disano,99,149,350 g,4.8 (548),In Stock,https://www.zeptonow.com/pn/disano-peanut-butter-crunchy-26-protein-no-trans-fat-preservatives/pvid/ba5c7834-d0c6-42ac-8954-db27a9a78907,"https://cdn.zeptonow.com/production/tr:w-1280,ar-1200-1200,pr-true,f-auto,q-80/cms/product_variant/d1adc958-9383-47fc-97fe-37f23f425ef3.jpeg"
Breakfast & Sauces,Top Picks,"https://cdn.zeptonow.com/production/tr:w-90,ar-120-120,pr-true,f-auto,q-80/cms/sub_category/154.png",Akshayakalpa Wild Honey,Akshayakalpa,392,425,250 g,4.4 (90),In Stock,https://www.zeptonow.com/pn/akshayakalpa-wild-honey/pvid/072a3625-f0e7-4ea4-b2bb-ca42b84b74b7,"https://cdn.zeptonow.com/production/tr:w-1280,ar-1000-1000,pr-true,f-auto,q-80/cms/product_variant/6d54fc86-bd67-4a58-b3e2-b069173d96bb.jpeg"
Breakfast & Sauces,Top Picks,"https://cdn.zeptonow.com/production/tr:w-90,ar-120-120,pr-true,f-auto,q-80/cms/sub_category/154.png",Dr. Oetker FunFoods Peanut Butter Creamy,Dr.,148,199,750 g,4.8 (2.4k),In Stock,https://www.zeptonow.com/pn/dr-oetker-funfoods-peanut-butter-creamy/pvid/147787fd-b25b-4a63-9d84-d7b0991efbe0,"https://cdn.zeptonow.com/production/tr:w-1280,ar-1000-1000,pr-true,f-auto,q-80/cms/product_variant/7aa6887d-e18d-4616-b0bf-56c848738428.jpeg"
Breakfast & Sauces,Top Picks,"https://cdn.zeptonow.com/production/tr:w-90,ar-120-120,pr-true,f-auto,q-80/cms/sub_category/154.png","Ching's Secret White Chilli Vinegar, With Green Jwala Chilli, Bold and Intense Flavour",Ching's Secret,47,50,170 ml,4.8 (4.8k),In Stock,https://www.zeptonow.com/pn/chings-secret-white-chilli-vinegar-with-green-jwala-chilli-bold-and-intense-flavour/pvid/e9331772-80ed-4cc3-9f59-8d420987349e,"https://cdn.zeptonow.com/production/tr:w-1280,ar-1200-1200,pr-true,f-auto,q-80/cms/product_variant/ab429154-8c71-4b80-a83b-7cf49ead25e1.jpeg"
Breakfast & Sauces,Top Picks,"https://cdn.zeptonow.com/production/tr:w-90,ar-120-120,pr-true,f-auto,q-80/cms/sub_category/154.png",Veeba Cheesy Melt Chilli Paprika Cheesy Spread And Dressing,Veeba,109,119,200 g,4.9 (792),In Stock,https://www.zeptonow.com/pn/veeba-cheesy-melt-chilli-paprika-cheesy-spread-and-dressing/pvid/02393b96-9dd2-481a-9713-1436f34259f4,"https://cdn.zeptonow.com/production/tr:w-1280,ar-1200-1200,pr-true,f-auto,q-80/cms/product_variant/475befa1-a34b-49ff-bd97-45e718c90940.jpeg"
Breakfast & Sauces,Top Picks,"https://cdn.zeptonow.com/production/tr:w-90,ar-120-120,pr-true,f-auto,q-80/cms/sub_category/154.png","Saffola Honey Active, Made with Sundarban Forest Honey",Saffola,255,460,700 g,4.1 (1.2k),In Stock,https://www.zeptonow.com/pn/saffola-honey-active-made-with-sundarban-forest-honey/pvid/8eaee9c8-d4c0-49f0-976d-d2be8b654d80,"https://cdn.zeptonow.com/production/tr:w-1280,ar-2400-2400,pr-true,f-auto,q-80/cms/product_variant/334a043d-a3ae-4374-88a7-efbe067dc412.jpeg"
Breakfast & Sauces,Top Picks,"https://cdn.zeptonow.com/production/tr:w-90,ar-120-120,pr-true,f-auto,q-80/cms/sub_category/154.png",Dabur Hommade Tomato Puree,Dabur,25,27,200 g,4.7 (5.9k),In Stock,https://www.zeptonow.com/pn/dabur-hommade-tomato-puree/pvid/6c9558ba-b38f-4786-b651-b8ff1d1bce29,"https://cdn.zeptonow.com/production/tr:w-1280,ar-1200-1200,pr-true,f-auto,q-80/cms/product_variant/7f9b3f6d-6c2a-4b0d-b88a-36575404f65a.jpeg"
Breakfast & Sauces,Top Picks,"https://cdn.zeptonow.com/production/tr:w-90,ar-120-120,pr-true,f-auto,q-80/cms/sub_category/154.png",Quaker Oats Multigrain 600G Rolled Oats Wholegrain High Protein & Fibre Dalia Porridge,Quaker,138,192,600 g,4.7 (3.1k),In Stock,https://www.zeptonow.com/pn/quaker-oats-multigrain-600g-rolled-oats-wholegrain-high-protein-fibre-dalia-porridge/pvid/c678e1d0-56d2-494d-ab38-77d2734c2c3b,"https://cdn.zeptonow.com/production/tr:w-1280,ar-2000-2000,pr-true,f-auto,q-80/cms/product_variant/d5ea4c04-63b2-4d22-8c91-3beabbb07a1a.jpg"
Breakfast & Sauces,Top Picks,"https://cdn.zeptonow.com/production/tr:w-90,ar-120-120,pr-true,f-auto,q-80/cms/sub_category/154.png",True Elements Oatmeal With Chia and Real Fruits,True,249,350,500 g,4.7 (185),In Stock,https://www.zeptonow.com/pn/true-elements-oatmeal-with-chia-and-real-fruits/pvid/9b5d65bd-1d90-43a6-ae8e-f13f684fc1f2,"https://cdn.zeptonow.com/production/tr:w-1280,ar-800-1007,pr-true,f-auto,q-80/cms/product_variant/3cc98745-4af8-45ee-847f-183a7286d686.jpg"
Breakfast & Sauces,Top Picks,"https://cdn.zeptonow.com/production/tr:w-90,ar-120-120,pr-true,f-auto,q-80/cms/sub_category/154.png",Saffola Honey Gold Made With Kashmir Honey,Saffola,357,570,1 kg,4.9 (377),In Stock,https://www.zeptonow.com/pn/saffola-honey-gold-made-with-kashmir-honey/pvid/96f6381e-5db5-4951-a4cb-344a3e7fd290,"https://cdn.zeptonow.com/production/tr:w-1280,ar-1500-1500,pr-true,f-auto,q-80/cms/product_variant/7ea207aa-d885-4356-9d55-c7da2fa16821.jpeg"
Breakfast & Sauces,Top Picks,"https://cdn.zeptonow.com/production/tr:w-90,ar-120-120,pr-true,f-auto,q-80/cms/sub_category/154.png",NAAGIN Pantry Essentials - Premium Salsa Sauce,NAAGIN,140,200,200 g,4.1 (92),In Stock,https://www.zeptonow.com/pn/naagin-pantry-essentials-premium-salsa-sauce/pvid/062b6a2a-f511-409e-9749-98c2958d1312,"https://cdn.zeptonow.com/production/tr:w-1280,ar-1000-1000,pr-true,f-auto,q-80/cms/product_variant/aa12402a-6fa7-4f15-8f55-ebb5f6448034.jpeg"
Breakfast & Sauces,Top Picks,"https://cdn.zeptonow.com/production/tr:w-90,ar-120-120,pr-true,f-auto,q-80/cms/sub_category/154.png",Dr. Oetker FunFoods Peanut Butter Creamy,Dr.,138,139,375 g,4.7 (1.3k),In Stock,https://www.zeptonow.com/pn/dr-oetker-funfoods-peanut-butter-creamy/pvid/85f9a579-c77b-4802-b0e9-7f0a2f2d75de,"https://cdn.zeptonow.com/production/tr:w-1280,ar-1000-1000,pr-true,f-auto,q-80/cms/product_variant/16f39c90-9f0d-4ef7-a05d-9fe11b6cadb8.jpeg"
Breakfast & Sauces,Top Picks,"https://cdn.zeptonow.com/production/tr:w-90,ar-120-120,pr-true,f-auto,q-80/cms/sub_category/154.png","Saffola Oats, Instant Rolled Oats, Soft & Creamy Oats, Power of Protein, Iron & Fibre",Saffola,208,245,1 kg + 300 g,4.7 (6.7k),In Stock,https://www.zeptonow.com/pn/saffola-oats-instant-rolled-oats-soft-creamy-oats-power-of-protein-iron-fibre/pvid/e14564e8-eb16-452b-b18e-04f088f4f99e,"https://cdn.zeptonow.com/production/tr:w-1280,ar-800-800,pr-true,f-auto,q-80/cms/product_variant/a46eec3e-7025-42ba-83ba-f0c576bd85d2.jpeg"
Breakfast & Sauces,Top Picks,"https://cdn.zeptonow.com/production/tr:w-90,ar-120-120,pr-true,f-auto,q-80/cms/sub_category/154.png",Wingreens Farms Pizza & Pasta Sauce,Wingreens,75,75,180 g,4.7 (4.6k),In Stock,https://www.zeptonow.com/pn/wingreens-farms-pizza-pasta-sauce/pvid/77c640ca-2aa3-4311-bc4e-9bf3039e5831,"https://cdn.zeptonow.com/production/tr:w-1280,ar-1200-1200,pr-true,f-auto,q-80/cms/product_variant/28cba351-25e0-4de8-9794-ed3833cb7ab0.jpeg"
Breakfast & Sauces,Top Picks,"https://cdn.zeptonow.com/production/tr:w-90,ar-120-120,pr-true,f-auto,q-80/cms/sub_category/154.png",Smith & Jones - Pizza and Pasta Sauce,Smith,76,80,250 g,4.9 (130),In Stock,https://www.zeptonow.com/pn/smith-jones-pizza-and-pasta-sauce/pvid/fe959b8d-5a18-4d3d-8298-ca4ba3e20df6,"https://cdn.zeptonow.com/production/tr:w-1280,ar-1200-1200,pr-true,f-auto,q-80/cms/product_variant/1e2bafa5-5e10-4750-b5f9-60dddfef2331.jpg"
Breakfast & Sauces,Top Picks,"https://cdn.zeptonow.com/production/tr:w-90,ar-120-120,pr-true,f-auto,q-80/cms/sub_category/154.png",Veeba Veg Mayonnaise Burger,Veeba,103,109,250 g,4.6 (1.7k),In Stock,https://www.zeptonow.com/pn/veeba-veg-mayonnaise-burger/pvid/fbdb9be7-7e49-458f-9d61-5c9482bee33b,"https://cdn.zeptonow.com/production/tr:w-1280,ar-4500-4500,pr-true,f-auto,q-80/cms/product_variant/66114840-605b-43ee-81c1-93efb913ecaa.jpeg"
Breakfast & Sauces,Top Picks,"https://cdn.zeptonow.com/production/tr:w-90,ar-120-120,pr-true,f-auto,q-80/cms/sub_category/154.png",Del Monte Quality Tomato Ketchup No Onion No Garlic,Del Monte,116,125,900 g,4.6 (967),In Stock,https://www.zeptonow.com/pn/del-monte-quality-tomato-ketchup-no-onion-no-garlic/pvid/4e047ff2-014c-4c46-9255-8d3321e5d4e1,"https://cdn.zeptonow.com/production/tr:w-1280,ar-2000-2000,pr-true,f-auto,q-80/cms/product_variant/cb12a072-7a05-48e8-ab7d-0ac49fac6c6f.jpeg"
Breakfast & Sauces,Top Picks,"https://cdn.zeptonow.com/production/tr:w-90,ar-120-120,pr-true,f-auto,q-80/cms/sub_category/154.png",Saffola Masala Oats | Veggie Twist | Anytime Snack | Ready in 3 mins | Millets Goodness,Saffola,234,270,500 g,4.7 (6.4k),In Stock,https://www.zeptonow.com/pn/saffola-masala-oats-veggie-twist-anytime-snack-ready-in-3-mins-millets-goodness/pvid/859e0f22-95ba-4ce6-91a0-d368bed37980,"https://cdn.zeptonow.com/production/tr:w-1280,ar-750-750,pr-true,f-auto,q-80/cms/product_variant/b5d7d360-52fc-4ca2-a518-d644edb6836c.jpeg"
Breakfast & Sauces,Top Picks,"https://cdn.zeptonow.com/production/tr:w-90,ar-120-120,pr-true,f-auto,q-80/cms/sub_category/154.png",Dr. Oetker Italian Basil Pesto,Dr.,269,299,190 g,4.2 (154),In Stock,https://www.zeptonow.com/pn/dr-oetker-italian-basil-pesto/pvid/f37452be-5dd2-44e6-b19d-ea0c9ea90686,"https://cdn.zeptonow.com/production/tr:w-1280,ar-1000-1000,pr-true,f-auto,q-80/cms/product_variant/e7ca4fe6-16dc-4400-a995-e976bacdf35f.jpg"
Breakfast & Sauces,Top Picks,"https://cdn.zeptonow.com/production/tr:w-90,ar-120-120,pr-true,f-auto,q-80/cms/sub_category/154.png",Hellmann's Mayo Roasted Garlic,Hellmann's,86,100,300 g,4.7 (220),In Stock,https://www.zeptonow.com/pn/hellmanns-mayo-roasted-garlic/pvid/d202eadc-a4f1-42c3-a925-fdeca62ba805,"https://cdn.zeptonow.com/production/tr:w-1280,ar-1000-1000,pr-true,f-auto,q-80/cms/product_variant/a9417de6-d0cd-401b-9799-906bf6669cfb.jpg"
Breakfast & Sauces,Top Picks,"https://cdn.zeptonow.com/production/tr:w-90,ar-120-120,pr-true,f-auto,q-80/cms/sub_category/154.png",Hellmann's Veg Mayonnaise,Hellmann's,81,90,250 g,4.7 (13.4k),In Stock,https://www.zeptonow.com/pn/hellmanns-veg-mayonnaise/pvid/04a838cb-a5e5-429a-ac62-8311b3198383,"https://cdn.zeptonow.com/production/tr:w-1280,ar-2000-2000,pr-true,f-auto,q-80/cms/product_variant/970523f1-f919-4bdc-92e7-c0e419dd9a12.jpeg"
Breakfast & Sauces,Top Picks,"https://cdn.zeptonow.com/production/tr:w-90,ar-120-120,pr-true,f-auto,q-80/cms/sub_category/154.png","Yogabar Oats 900g ,Gluten Free with High Fibre & 100% Whole Grain",Yogabar,156,195,900 g,4.7 (1.1k),In Stock,https://www.zeptonow.com/pn/yogabar-oats-900g-gluten-free-with-high-fibre-100-whole-grain/pvid/bb0008f2-000b-4e91-a029-133472f35f39,"https://cdn.zeptonow.com/production/tr:w-1280,ar-1500-2420,pr-true,f-auto,q-80/cms/product_variant/772e1a81-aa63-4247-bfd2-5355806dcf23.jpg"
Breakfast & Sauces,Top Picks,"https://cdn.zeptonow.com/production/tr:w-90,ar-120-120,pr-true,f-auto,q-80/cms/sub_category/154.png","Dabur Honey - 100% Pure, World's No.1 Honey Brand (No Sugar Adulteration)",Dabur,230,250,500 g,4.6 (14.7k),In Stock,https://www.zeptonow.com/pn/dabur-honey-100-pure-worlds-no1-honey-brand-no-sugar-adulteration/pvid/098a5b1d-4740-49e7-8eb2-81f84c23afbf,"https://cdn.zeptonow.com/production/tr:w-1280,ar-2000-2000,pr-true,f-auto,q-80/cms/product_variant/00cafcda-fb1a-47a4-a069-51d5521f5e97.jpeg"
Breakfast & Sauces,Top Picks,"https://cdn.zeptonow.com/production/tr:w-90,ar-120-120,pr-true,f-auto,q-80/cms/sub_category/154.png",Hershey's Cocoa Spread,Hershey's,306,340,350 g,4.8 (320),In Stock,https://www.zeptonow.com/pn/hersheys-cocoa-spread/pvid/d01ef1b9-62fc-42a8-8504-1fe096c14bb0,"https://cdn.zeptonow.com/production/tr:w-1280,ar-1000-1000,pr-true,f-auto,q-80/cms/product_variant/780cff22-9470-4348-bfae-ac08abc67145.jpeg"
Breakfast & Sauces,Top Picks,"https://cdn.zeptonow.com/production/tr:w-90,ar-120-120,pr-true,f-auto,q-80/cms/sub_category/154.png",Dr Oetker FunFOODs High Protein Peanut Butter Banana Smooth,Dr,360,399,500 g,4.6 (541),In Stock,https://www.zeptonow.com/pn/dr-oetker-funfoods-high-protein-peanut-butter-banana-smooth/pvid/91601757-095f-408c-aa5d-e0183fccc79b,"https://cdn.zeptonow.com/production/tr:w-1280,ar-1000-1000,pr-true,f-auto,q-80/cms/product_variant/2275b19d-6afd-48c7-b328-1164e2869cc0.jpg"
Breakfast & Sauces,Top Picks,"https://cdn.zeptonow.com/production/tr:w-90,ar-120-120,pr-true,f-auto,q-80/cms/sub_category/154.png","Saffola Honey Active, Made With Sundarban Forest Honey, 100% Pure Honey",Saffola,223,240,500 g,4.7 (658),In Stock,https://www.zeptonow.com/pn/saffola-honey-active-made-with-sundarban-forest-honey-100-pure-honey/pvid/01400883-9518-4f73-9c9f-593130e0d414,"https://cdn.zeptonow.com/production/tr:w-1280,ar-1500-1500,pr-true,f-auto,q-80/cms/product_variant/efc0c1db-35e9-42b9-9db5-11deb4d76afe.jpeg"
Breakfast & Sauces,Top Picks,"https://cdn.zeptonow.com/production/tr:w-90,ar-120-120,pr-true,f-auto,q-80/cms/sub_category/154.png","Saffola Masala Oats Spicy Mexican, Healthy & Tasty, Anytime Snack",Saffola,191,225,400 g,4.8 (742),In Stock,https://www.zeptonow.com/pn/saffola-masala-oats-spicy-mexican-healthy-tasty-anytime-snack/pvid/de8bf368-a9d4-46e8-a913-0924ccea307d,"https://cdn.zeptonow.com/production/tr:w-1280,ar-723-1208,pr-true,f-auto,q-80/cms/product_variant/a62bbeaf-4b29-41dc-9940-204593a02a2d.jpeg"
Breakfast & Sauces,Top Picks,"https://cdn.zeptonow.com/production/tr:w-90,ar-120-120,pr-true,f-auto,q-80/cms/sub_category/154.png",Dr Oetker FunFOODs High Protein Peanut Butter Banana Crunchy,Dr,360,399,500 g,4.5 (295),In Stock,https://www.zeptonow.com/pn/dr-oetker-funfoods-high-protein-peanut-butter-banana-crunchy/pvid/06f72bf6-9e9e-47ee-965a-d03deb002f76,"https://cdn.zeptonow.com/production/tr:w-1280,ar-1000-1000,pr-true,f-auto,q-80/cms/product_variant/7bdca3a5-59cd-4fd0-b114-3d17b8c8aef8.jpg"
Breakfast & Sauces,Top Picks,"https://cdn.zeptonow.com/production/tr:w-90,ar-120-120,pr-true,f-auto,q-80/cms/sub_category/154.png",Dr Oetker FunFOODs High Protein Peanut Butter Dark Chocolate Smooth,Dr,360,399,500 g,4.2 (56),In Stock,https://www.zeptonow.com/pn/dr-oetker-funfoods-high-protein-peanut-butter-dark-chocolate-smooth/pvid/98152352-1b7e-45eb-a2a7-06fbdb935cc7,"https://cdn.zeptonow.com/production/tr:w-1280,ar-1000-1000,pr-true,f-auto,q-80/cms/product_variant/fc2e8dee-3f81-40e0-8637-10c28e80ead7.jpg"
Breakfast & Sauces,Top Picks,"https://cdn.zeptonow.com/production/tr:w-90,ar-120-120,pr-true,f-auto,q-80/cms/sub_category/154.png",Eco Valley Hearty Oats | Rich in Protein and Fibre | 100% natural grain | Cooks in 3 Minutes,Eco,178,215,1 kg,5 (93),In Stock,https://www.zeptonow.com/pn/eco-valley-hearty-oats-rich-in-protein-and-fibre-100-natural-grain-cooks-in-3-minutes/pvid/60f49ec8-e80a-488f-bba3-926697287136,"https://cdn.zeptonow.com/production/tr:w-1280,ar-3000-3000,pr-true,f-auto,q-80/cms/product_variant/7d07b3d0-4e76-4c66-9a11-d4b1db0a18ca.jpeg"
Breakfast & Sauces,Top Picks,"https://cdn.zeptonow.com/production/tr:w-90,ar-120-120,pr-true,f-auto,q-80/cms/sub_category/154.png",Honey Twigs Himalayan Honey | 30 Twigs Pack,Honey,147,200,240 g,4.8 (68),In Stock,https://www.zeptonow.com/pn/honey-twigs-himalayan-honey-30-twigs-pack/pvid/129f200d-f3bc-4a92-8f21-7a5c22cee9f4,"https://cdn.zeptonow.com/production/tr:w-1280,ar-2250-2250,pr-true,f-auto,q-80/cms/product_variant/3332ade0-f561-4247-b935-412a8cd5eab6.jpeg"
Breakfast & Sauces,Top Picks,"https://cdn.zeptonow.com/production/tr:w-90,ar-120-120,pr-true,f-auto,q-80/cms/sub_category/154.png",True Elements Muesli Nuts & Berries,True,92,125,145 g,4.7 (590),In Stock,https://www.zeptonow.com/pn/true-elements-muesli-nuts-berries/pvid/951d6b7b-44f3-4c17-adf3-d1faa3be407c,"https://cdn.zeptonow.com/production/tr:w-1280,ar-1991-2789,pr-true,f-auto,q-80/cms/product_variant/22909227-1074-48aa-99da-38796f092c8e.jpeg"
Breakfast & Sauces,Top Picks,"https://cdn.zeptonow.com/production/tr:w-90,ar-120-120,pr-true,f-auto,q-80/cms/sub_category/154.png",Hellmann's Mayo Smoky Tandoori,Hellmann's,87,100,300 g,4.1 (257),In Stock,https://www.zeptonow.com/pn/hellmanns-mayo-smoky-tandoori/pvid/a522a6e2-0bd9-45fe-a891-4f78cc659454,"https://cdn.zeptonow.com/production/tr:w-1280,ar-1000-1000,pr-true,f-auto,q-80/cms/product_variant/e46614dd-5463-40bd-916b-0e1829c09301.jpg"
Breakfast & Sauces,Top Picks,"https://cdn.zeptonow.com/production/tr:w-90,ar-120-120,pr-true,f-auto,q-80/cms/sub_category/154.png",Dr Oetker FunFOODs High Protein Peanut Butter Dark Chocolate Crunchy,Dr,360,399,500 g,4.8 (59),In Stock,https://www.zeptonow.com/pn/dr-oetker-funfoods-high-protein-peanut-butter-dark-chocolate-crunchy/pvid/a1120d88-3060-4abc-9846-6fd26823c888,"https://cdn.zeptonow.com/production/tr:w-1280,ar-1000-1000,pr-true,f-auto,q-80/cms/product_variant/3647e130-071d-4304-8118-cb6a693c7555.jpg"
Breakfast & Sauces,Top Picks,"https://cdn.zeptonow.com/production/tr:w-90,ar-120-120,pr-true,f-auto,q-80/cms/sub_category/154.png",Hellmann's Cheezy Jalapeno Burst Mayo,Hellmann's,45,50,85 g,4.5 (331),In Stock,https://www.zeptonow.com/pn/hellmanns-cheezy-jalapeno-burst-mayo/pvid/85b0cb5b-a953-49ed-9f2a-8e9b61e5203c,"https://cdn.zeptonow.com/production/tr:w-1280,ar-1000-1000,pr-true,f-auto,q-80/cms/product_variant/e6d1120f-b172-4320-ba48-5ed68625115b.jpg"
Breakfast & Sauces,Top Picks,"https://cdn.zeptonow.com/production/tr:w-90,ar-120-120,pr-true,f-auto,q-80/cms/sub_category/154.png",Dr. Oetker FunFoods Veg Mayonnaise De'lite,Dr.,130,189,750 g,4.7 (3.1k),In Stock,https://www.zeptonow.com/pn/dr-oetker-funfoods-veg-mayonnaise-delite/pvid/28f0203a-4dfb-4ae6-a7d7-eba4e30d7b25,"https://cdn.zeptonow.com/production/tr:w-1280,ar-1200-1200,pr-true,f-auto,q-80/cms/product_variant/c79e14dd-3116-4945-8363-c9e64814ae73.jpeg"
Breakfast & Sauces,Top Picks,"https://cdn.zeptonow.com/production/tr:w-90,ar-120-120,pr-true,f-auto,q-80/cms/sub_category/154.png","Tata Soulfull Masala Oats+ Mast Masala, with 25% millets, Non sticky",Tata,157,249,500 g,4.8 (343),In Stock,https://www.zeptonow.com/pn/tata-soulfull-masala-oats-mast-masala-with-25-millets-non-sticky/pvid/881167d1-b47c-44a6-8d4e-e858b84251c5,"https://cdn.zeptonow.com/production/tr:w-1280,ar-1500-1500,pr-true,f-auto,q-80/cms/product_variant/f6d368e8-190a-4034-a192-652426c99681.jpeg"
Breakfast & Sauces,Top Picks,"https://cdn.zeptonow.com/production/tr:w-90,ar-120-120,pr-true,f-auto,q-80/cms/sub_category/154.png",Hellmann's Veg Mayonnaise,Hellmann's,171,210,800 g,4.7 (9.7k),In Stock,https://www.zeptonow.com/pn/hellmanns-veg-mayonnaise/pvid/2e00a3d4-7872-42f2-a047-dede7d7ef3db,"https://cdn.zeptonow.com/production/tr:w-1280,ar-1000-1000,pr-true,f-auto,q-80/cms/product_variant/06a2095c-aa28-4d37-a99e-a461eea2e1cf.jpeg"
Breakfast & Sauces,Top Picks,"https://cdn.zeptonow.com/production/tr:w-90,ar-120-120,pr-true,f-auto,q-80/cms/sub_category/154.png",Be.anut Diet Muesli,Be.anut,427,449,400 g,4.1 (243),In Stock,https://www.zeptonow.com/pn/beanut-diet-muesli/pvid/eaacb9c2-3d2a-44a9-a823-5b997ccf1a37,"https://cdn.zeptonow.com/production/tr:w-1280,ar-4505-3269,pr-true,f-auto,q-80/cms/product_variant/498dbee4-f510-485c-9c13-e2b37d61c6f7.jpg"
Breakfast & Sauces,Top Picks,"https://cdn.zeptonow.com/production/tr:w-90,ar-120-120,pr-true,f-auto,q-80/cms/sub_category/154.png","Saffola Honey Active, Made with Sundarban Forest Honey",Saffola,392,550,1 kg,4.5 (1.5k),In Stock,https://www.zeptonow.com/pn/saffola-honey-active-made-with-sundarban-forest-honey/pvid/60963468-92f1-45d8-a876-e5fe20606a2d,"https://cdn.zeptonow.com/production/tr:w-1280,ar-1500-1500,pr-true,f-auto,q-80/cms/product_variant/1e454e60-50ba-442e-aae3-79bc9b422e89.jpeg"
Breakfast & Sauces,Top Picks,"https://cdn.zeptonow.com/production/tr:w-90,ar-120-120,pr-true,f-auto,q-80/cms/sub_category/154.png",Saffola Cuppa Oats - Spicy Mexicana | No Maida | No Added Preservatives,Saffola,41,60,44 g,4.1 (90),In Stock,https://www.zeptonow.com/pn/saffola-cuppa-oats-spicy-mexicana-no-maida-no-added-preservatives/pvid/d4f54b4b-855b-4bc8-8071-622a56a7137b,"https://cdn.zeptonow.com/production/tr:w-1280,ar-1500-1500,pr-true,f-auto,q-80/cms/product_variant/7ef7f3e3-a7e4-4725-b3d6-e54512fd49c6.jpeg"
Breakfast & Sauces,Top Picks,"https://cdn.zeptonow.com/production/tr:w-90,ar-120-120,pr-true,f-auto,q-80/cms/sub_category/154.png",Honey Twigs Ginger Infused Honey| 30 Twigs Pack,Honey,241,325,240 g,4.4 (136),In Stock,https://www.zeptonow.com/pn/honey-twigs-ginger-infused-honey-30-twigs-pack/pvid/87ccfcec-343e-43f8-bc11-eb4a604a253a,"https://cdn.zeptonow.com/production/tr:w-1280,ar-2250-2250,pr-true,f-auto,q-80/cms/product_variant/e44d8c7c-1f6d-4830-bf15-0cfc56205879.jpeg"
Breakfast & Sauces,Top Picks,"https://cdn.zeptonow.com/production/tr:w-90,ar-120-120,pr-true,f-auto,q-80/cms/sub_category/154.png","Saffola Oats, Instant Rolled Oats, Soft & Creamy Oats, Power of Protein, Iron & Fibre",Saffola,89,99,500 g,4.6 (6.2k),In Stock,https://www.zeptonow.com/pn/saffola-oats-instant-rolled-oats-soft-creamy-oats-power-of-protein-iron-fibre/pvid/292f1828-6db0-4af6-9abd-b8e9095452ae,"https://cdn.zeptonow.com/production/tr:w-1280,ar-1080-1080,pr-true,f-auto,q-80/cms/product_variant/40d22776-cae5-46a2-b8c9-c938e8e22ae1.jpeg"
Breakfast & Sauces,Top Picks,"https://cdn.zeptonow.com/production/tr:w-90,ar-120-120,pr-true,f-auto,q-80/cms/sub_category/154.png",Baidyanath Honey,Baidyanath,357,475,1 kg,4.7 (80),In Stock,https://www.zeptonow.com/pn/baidyanath-honey/pvid/b8c76b48-6d18-4980-9ff9-c6101b9635ee,"https://cdn.zeptonow.com/production/tr:w-1280,ar-1500-1500,pr-true,f-auto,q-80/cms/product_variant/0cb38583-1041-4c67-bcd9-b835df1d26ba.jpeg"
Breakfast & Sauces,Top Picks,"https://cdn.zeptonow.com/production/tr:w-90,ar-120-120,pr-true,f-auto,q-80/cms/sub_category/154.png",Eatopia Little Bee Kids Honey | Immunity Booster,Eatopia,675,999,250 g,4.6 (824),In Stock,https://www.zeptonow.com/pn/eatopia-little-bee-kids-honey-immunity-booster/pvid/eb9ed6fa-5a9f-455b-a46e-47858f642bdf,"https://cdn.zeptonow.com/production/tr:w-1280,ar-1080-1080,pr-true,f-auto,q-80/cms/product_variant/87391647-81fd-493f-a155-47d405b963ca.jpeg"
Breakfast & Sauces,Top Picks,"https://cdn.zeptonow.com/production/tr:w-90,ar-120-120,pr-true,f-auto,q-80/cms/sub_category/154.png",Honey Twigs Rainbow Flavoured Honey Combo | 7 Sticks,Honey,74,99,56 g,4.1 (55),In Stock,https://www.zeptonow.com/pn/honey-twigs-rainbow-flavoured-honey-combo-7-sticks/pvid/057163be-16b1-4de3-9732-4f39e496a86b,"https://cdn.zeptonow.com/production/tr:w-1280,ar-2250-2250,pr-true,f-auto,q-80/cms/product_variant/9d6c9ee1-162f-4504-bdfa-8c55d5325346.jpeg"
Breakfast & Sauces,Top Picks,"https://cdn.zeptonow.com/production/tr:w-90,ar-120-120,pr-true,f-auto,q-80/cms/sub_category/154.png",Honey Twigs Cinnamon Infused Honey| 30 Twigs Pack,Honey,235,325,240 g,4.2 (118),In Stock,https://www.zeptonow.com/pn/honey-twigs-cinnamon-infused-honey-30-twigs-pack/pvid/4f56618b-8de5-47ce-bd06-c6cd73ed3d03,"https://cdn.zeptonow.com/production/tr:w-1280,ar-2250-2250,pr-true,f-auto,q-80/cms/product_variant/1f725122-bfdc-4edf-95f7-b4d33986bb0d.jpeg"
Breakfast & Sauces,Top Picks,"https://cdn.zeptonow.com/production/tr:w-90,ar-120-120,pr-true,f-auto,q-80/cms/sub_category/154.png",True Elements Steel Cut Oats,True,78,99,200 g,4.7 (248),In Stock,https://www.zeptonow.com/pn/true-elements-steel-cut-oats/pvid/b47e7145-5bdf-4d63-abba-e8e1d140a0f8,"https://cdn.zeptonow.com/production/tr:w-1280,ar-1991-2789,pr-true,f-auto,q-80/cms/product_variant/145df255-58e2-40ab-87e4-d7d02956df0f.jpg"
Breakfast & Sauces,Top Picks,"https://cdn.zeptonow.com/production/tr:w-90,ar-120-120,pr-true,f-auto,q-80/cms/sub_category/154.png",Honey Twigs Lemon Infused Honey| 30 Twigs Pack,Honey,237,325,240 g,4.4 (601),In Stock,https://www.zeptonow.com/pn/honey-twigs-lemon-infused-honey-30-twigs-pack/pvid/e07b0260-05b1-40ae-bf37-84715e40a211,"https://cdn.zeptonow.com/production/tr:w-1280,ar-2250-2250,pr-true,f-auto,q-80/cms/product_variant/b8711758-dfca-49ff-b350-cf55e1c9d6b7.jpeg"
Breakfast & Sauces,Top Picks,"https://cdn.zeptonow.com/production/tr:w-90,ar-120-120,pr-true,f-auto,q-80/cms/sub_category/154.png",ASAP Fruitz Muesli,ASAP,223,400,400 g,4.6 (253),In Stock,https://www.zeptonow.com/pn/asap-fruitz-muesli/pvid/2af141c4-66c6-438c-a661-a28c55576526,"https://cdn.zeptonow.com/production/tr:w-1280,ar-1024-1100,pr-true,f-auto,q-80/cms/product_variant/33f56ab1-b43e-4cb8-a301-fae7a877fe2d.jpeg"
Breakfast & Sauces,Top Picks,"https://cdn.zeptonow.com/production/tr:w-90,ar-120-120,pr-true,f-auto,q-80/cms/sub_category/154.png",True Elements Breakfast Combo (Oats | Muesli | Granola),True,105,150,1 pack (3 pcs),4.6 (426),In Stock,https://www.zeptonow.com/pn/true-elements-breakfast-combo-oats-muesli-granola/pvid/3ec5f9f2-d485-44a8-a542-9463b5d3caad,"https://cdn.zeptonow.com/production/tr:w-1280,ar-1500-1500,pr-true,f-auto,q-80/cms/product_variant/35b93974-d7c3-40a6-972e-c4b182b843e8.jpeg"
Breakfast & Sauces,Top Picks,"https://cdn.zeptonow.com/production/tr:w-90,ar-120-120,pr-true,f-auto,q-80/cms/sub_category/154.png",Saffola Masala Oats | Peppy Tomato | Anytime Snack | Ready in 3 mins | Millets Goodness |500g,Saffola,217,249,500 g,4.5 (1.4k),In Stock,https://www.zeptonow.com/pn/saffola-masala-oats-peppy-tomato-anytime-snack-ready-in-3-mins-millets-goodness-500g/pvid/68f57fed-5ef1-485d-8588-6a71280dc339,"https://cdn.zeptonow.com/production/tr:w-1280,ar-1500-1500,pr-true,f-auto,q-80/cms/product_variant/39bd67ab-5855-4ce5-b04e-10dbff82f015.jpeg"
Breakfast & Sauces,Top Picks,"https://cdn.zeptonow.com/production/tr:w-90,ar-120-120,pr-true,f-auto,q-80/cms/sub_category/154.png",Saffola Masala Oats |Classic Masala | Anytime Snack | Ready in 3 mins | Millets Goodness,Saffola,18,18,38 g,4.7 (25.3k),In Stock,https://www.zeptonow.com/pn/saffola-masala-oats-classic-masala-anytime-snack-ready-in-3-mins-millets-goodness/pvid/e011578a-374b-406a-890d-f092005c203d,"https://cdn.zeptonow.com/production/tr:w-1280,ar-750-750,pr-true,f-auto,q-80/cms/product_variant/545fcab0-95e0-45f2-957b-5d8c6a4dc10f.jpeg"
Breakfast & Sauces,Top Picks,"https://cdn.zeptonow.com/production/tr:w-90,ar-120-120,pr-true,f-auto,q-80/cms/sub_category/154.png",Saffola Masala Oats Veggie Twist Just 3 Mins No Added Preservatives Tasty,Saffola,103,149,250 g,4.6 (919),In Stock,https://www.zeptonow.com/pn/saffola-masala-oats-veggie-twist-just-3-mins-no-added-preservatives-tasty/pvid/c8aadb8b-6f13-44e9-baf8-a12a79521d2a,"https://cdn.zeptonow.com/production/tr:w-1280,ar-1500-1500,pr-true,f-auto,q-80/cms/product_variant/fedae378-fd91-4872-b793-c56c6b73b8e8.jpeg"
Breakfast & Sauces,Top Picks,"https://cdn.zeptonow.com/production/tr:w-90,ar-120-120,pr-true,f-auto,q-80/cms/sub_category/154.png",ASAP Muesli | No Added Sugar,ASAP,223,400,400 g,4.2 (96),In Stock,https://www.zeptonow.com/pn/asap-muesli-no-added-sugar/pvid/8e0f2bec-8c3c-4d65-955b-f9d7c8d4cf2f,"https://cdn.zeptonow.com/production/tr:w-1280,ar-1024-1100,pr-true,f-auto,q-80/cms/product_variant/b0e3cef1-f32f-4cf1-9221-33b66e973298.jpeg"
Breakfast & Sauces,Top Picks,"https://cdn.zeptonow.com/production/tr:w-90,ar-120-120,pr-true,f-auto,q-80/cms/sub_category/154.png","Tata Soulfull Namkeen Mixture, Masala Muesli, Healthy Snacks, Teekha Twist with Millets, Baked",Tata,96,120,160 g,4.9 (110),In Stock,https://www.zeptonow.com/pn/tata-soulfull-namkeen-mixture-masala-muesli-healthy-snacks-teekha-twist-with-millets-baked/pvid/e1c5c546-4d74-4dca-85f3-bd6e0c20b227,"https://cdn.zeptonow.com/production/tr:w-1280,ar-1200-1200,pr-true,f-auto,q-80/cms/product_variant/43e4bf31-e76b-4c5e-9292-f30d4ec60868.jpeg"
Breakfast & Sauces,Top Picks,"https://cdn.zeptonow.com/production/tr:w-90,ar-120-120,pr-true,f-auto,q-80/cms/sub_category/154.png",Sid's Farm Mango Millet Pops,Sid's Farm,69,105,90 g,4.2 (69),In Stock,https://www.zeptonow.com/pn/sids-farm-mango-millet-pops/pvid/ca2cfb92-4884-43f1-a8f1-49453ea33392,"https://cdn.zeptonow.com/production/tr:w-1280,ar-1080-1080,pr-true,f-auto,q-80/cms/product_variant/06957ac0-395e-424a-a3db-9aecd35ba9ea.jpg"
Breakfast & Sauces,Top Picks,"https://cdn.zeptonow.com/production/tr:w-90,ar-120-120,pr-true,f-auto,q-80/cms/sub_category/154.png",True Elements Oats gluten free high protein fibre,True,185,270,900 g,4.5 (180),In Stock,https://www.zeptonow.com/pn/true-elements-oats-gluten-free-high-protein-fibre/pvid/d7bdb2c6-17e1-4a8a-ad33-bcc3d09d5cc1,"https://cdn.zeptonow.com/production/tr:w-1280,ar-2479-3200,pr-true,f-auto,q-80/cms/product_variant/ef1238d6-b34f-4314-9552-b746dcc68205.jpeg"
Breakfast & Sauces,Top Picks,"https://cdn.zeptonow.com/production/tr:w-90,ar-120-120,pr-true,f-auto,q-80/cms/sub_category/154.png","Tata Soulfull Namkeen Mixture, Masala Muesli, Healthy Snacks, Mast Masala with Millets, Baked",Tata,96,120,160 g,4.9 (114),In Stock,https://www.zeptonow.com/pn/tata-soulfull-namkeen-mixture-masala-muesli-healthy-snacks-mast-masala-with-millets-baked/pvid/4ffa84e4-2613-4cb8-a8f9-0d67aea44c80,"https://cdn.zeptonow.com/production/tr:w-1280,ar-1200-1200,pr-true,f-auto,q-80/cms/product_variant/b55273ad-8a72-4969-8d71-9cfe4e8a813b.jpeg"
Breakfast & Sauces,Top Picks,"https://cdn.zeptonow.com/production/tr:w-90,ar-120-120,pr-true,f-auto,q-80/cms/sub_category/154.png",Saffola Cuppa Oats - Magic Masala | No Maida | No Added Preservatives,Saffola,40,60,44 g,4.9 (98),In Stock,https://www.zeptonow.com/pn/saffola-cuppa-oats-magic-masala-no-maida-no-added-preservatives/pvid/5a729de3-2c3f-48f2-be32-34f456ac39f8,"https://cdn.zeptonow.com/production/tr:w-1280,ar-1500-1500,pr-true,f-auto,q-80/cms/product_variant/0575f91b-2298-4cfa-87df-aa82a7ef7fdc.jpeg"
Breakfast & Sauces,Top Picks,"https://cdn.zeptonow.com/production/tr:w-90,ar-120-120,pr-true,f-auto,q-80/cms/sub_category/154.png",Tata Soulfull Masala Oats+ | Tomato Twist | 25% Millets | Real VEGgies,Tata,168,249,500 g,4.7 (90),In Stock,https://www.zeptonow.com/pn/tata-soulfull-masala-oats-tomato-twist-25-millets-real-veggies/pvid/6fe53300-4d3c-426b-b6e3-0ebfaa7cd338,"https://cdn.zeptonow.com/production/tr:w-1280,ar-1200-1200,pr-true,f-auto,q-80/cms/product_variant/ae95e4ca-8355-441a-897d-c8ffde9979ec.jpg"
Breakfast & Sauces,Top Picks,"https://cdn.zeptonow.com/production/tr:w-90,ar-120-120,pr-true,f-auto,q-80/cms/sub_category/154.png",ASAP Dark Choco Muesli,ASAP,223,400,400 g,4.7 (342),In Stock,https://www.zeptonow.com/pn/asap-dark-choco-muesli/pvid/aa5d0859-f8fb-4917-ad18-47b45d00d9df,"https://cdn.zeptonow.com/production/tr:w-1280,ar-1024-1100,pr-true,f-auto,q-80/cms/product_variant/0f71a735-669b-4afe-8a85-6fd1f3f7b802.jpeg"
Breakfast & Sauces,Top Picks,"https://cdn.zeptonow.com/production/tr:w-90,ar-120-120,pr-true,f-auto,q-80/cms/sub_category/154.png",ASAP Coffeeluv Muesli,ASAP,223,400,400 g,4.4 (603),In Stock,https://www.zeptonow.com/pn/asap-coffeeluv-muesli/pvid/cd9784df-c779-4c34-a79f-8b2585bacb66,"https://cdn.zeptonow.com/production/tr:w-1280,ar-1024-1100,pr-true,f-auto,q-80/cms/product_variant/6a4e180a-5e94-4a46-971d-6de374e0491b.jpeg"
Breakfast & Sauces,Top Picks,"https://cdn.zeptonow.com/production/tr:w-90,ar-120-120,pr-true,f-auto,q-80/cms/sub_category/154.png",Kellogg’s Muesli 0% Added Sugar | 12-in-1 Power Breakfast | India’s No. 1 Muesli 500 gms Combo,Kellogg’s,676,790,500 g X 2,4.3 (252),In Stock,https://www.zeptonow.com/pn/kelloggs-muesli-0-added-sugar-12-in-1-power-breakfast-indias-no-1-muesli-500-gms-combo/pvid/08b448a1-3751-44de-a931-542d49a16919,"https://cdn.zeptonow.com/production/tr:w-1280,ar-1200-1200,pr-true,f-auto,q-80/cms/product_variant/e828b17d-702a-419b-8868-2b2468acd3b2.jpg"
Breakfast & Sauces,Top Picks,"https://cdn.zeptonow.com/production/tr:w-90,ar-120-120,pr-true,f-auto,q-80/cms/sub_category/154.png",Bagrrys Corn Flakes Plus Original Healthier - Added Fibre 800 g Combo,Bagrrys,422,798,800 g X 2,4.7 (513),In Stock,https://www.zeptonow.com/pn/bagrrys-corn-flakes-plus-original-healthier-added-fibre-800-g-combo/pvid/acf81d8e-aac9-4673-a35c-247f7bc68bd1,"https://cdn.zeptonow.com/production/tr:w-1280,ar-1500-1500,pr-true,f-auto,q-80/cms/product_variant/d6a8f509-8679-45f6-9538-2634d8dd000b.jpg"
Breakfast & Sauces,Top Picks,"https://cdn.zeptonow.com/production/tr:w-90,ar-120-120,pr-true,f-auto,q-80/cms/sub_category/154.png",Hershey's Cocoa + Almond Spread 350 g Combo,Hershey's,578,680,350 g X 2,4.4 (201),In Stock,https://www.zeptonow.com/pn/hersheys-cocoa-almond-spread-350-g-combo/pvid/ef009c2b-5276-4db0-9bce-a7461ef9fde6,"https://cdn.zeptonow.com/production/tr:w-1280,ar-1500-1500,pr-true,f-auto,q-80/cms/product_variant/48ec3dba-67b5-4bcc-b67d-325eebfa2b97.jpg"
Breakfast & Sauces,Top Picks,"https://cdn.zeptonow.com/production/tr:w-90,ar-120-120,pr-true,f-auto,q-80/cms/sub_category/154.png",Veeba Sandwich Spread Cheese & Chilli (250g) Combo | Pack of 2,Veeba,190,218,250 g X 2,4.4 (371),In Stock,https://www.zeptonow.com/pn/veeba-sandwich-spread-cheese-chilli-250g-combo-pack-of-2/pvid/79f50a39-4b7a-4c0f-a120-c522da95a1df,"https://cdn.zeptonow.com/production/tr:w-1280,ar-800-800,pr-true,f-auto,q-80/cms/product_variant/0ba3ce31-7541-4d12-b410-4a89faf3d32a.jpg"
Breakfast & Sauces,Top Picks,"https://cdn.zeptonow.com/production/tr:w-90,ar-120-120,pr-true,f-auto,q-80/cms/sub_category/154.png",Dlecta Cheese Spread 150 g Combo,Dlecta,128,198,150 g X 2,4.4 (296),In Stock,https://www.zeptonow.com/pn/dlecta-cheese-spread-150-g-combo/pvid/14206c1e-e764-4b75-a711-9e1c7b3bf133,"https://cdn.zeptonow.com/production/tr:w-1280,ar-1500-1500,pr-true,f-auto,q-80/cms/product_variant/50d3088f-e353-443a-bc33-2a402126ffe7.jpg"
Breakfast & Sauces,Top Picks,"https://cdn.zeptonow.com/production/tr:w-90,ar-120-120,pr-true,f-auto,q-80/cms/sub_category/154.png",Saffola Classic Masala Oats Combo,Saffola,34,36,38 g X 2,4.3 (947),In Stock,https://www.zeptonow.com/pn/saffola-classic-masala-oats-combo/pvid/92302f33-316b-4d7d-a955-44d477656232,"https://cdn.zeptonow.com/production/tr:w-1280,ar-1200-1200,pr-true,f-auto,q-80/cms/product_variant/96f5ba75-3634-4592-a725-4dcc15a5a951.jpg"
Breakfast & Sauces,Breakfast Cereals,"https://cdn.zeptonow.com/production/tr:w-90,ar-120-120,pr-true,f-auto,q-80/cms/sub_category/155.png",Yogabar Chocos Chocolately Breakfast Cereal,Yogabar,385,549,850 g,4.6 (201),In Stock,https://www.zeptonow.com/pn/yogabar-chocos-chocolately-breakfast-cereal/pvid/a63d0ccd-2377-415a-aa1e-a6304b97cd0a,"https://cdn.zeptonow.com/production/tr:w-1280,ar-1080-1080,pr-true,f-auto,q-80/cms/product_variant/c9dbfbaf-8f6b-4293-884e-7a34f04dff37.jpg"
Breakfast & Sauces,Breakfast Cereals,"https://cdn.zeptonow.com/production/tr:w-90,ar-120-120,pr-true,f-auto,q-80/cms/sub_category/155.png",Yogabar Crunchy Cornflakes,Yogabar,238,355,850 g,4.6 (473),In Stock,https://www.zeptonow.com/pn/yogabar-crunchy-cornflakes/pvid/17159aea-c4fa-4e0e-8928-2e74a42e1958,"https://cdn.zeptonow.com/production/tr:w-1280,ar-1600-1600,pr-true,f-auto,q-80/cms/product_variant/58fdadce-6499-4060-bc2a-724861e26807.jpeg"
Breakfast & Sauces,Breakfast Cereals,"https://cdn.zeptonow.com/production/tr:w-90,ar-120-120,pr-true,f-auto,q-80/cms/sub_category/155.png",Yogabar Organic Quinoa I Gluten Free I High In Iron & Fibre | 100% Vegan & No Added Preservatives,Yogabar,267,499,1 kg,4.8 (666),In Stock,https://www.zeptonow.com/pn/yogabar-organic-quinoa-i-gluten-free-i-high-in-iron-fibre-100-vegan-no-added-preservatives/pvid/76b1a98b-19fa-4169-8282-56d87c1a74c4,"https://cdn.zeptonow.com/production/tr:w-1280,ar-3000-3000,pr-true,f-auto,q-80/cms/product_variant/0aec8ccf-162b-43aa-95eb-d4ab3b833be7.jpg"
Breakfast & Sauces,Breakfast Cereals,"https://cdn.zeptonow.com/production/tr:w-90,ar-120-120,pr-true,f-auto,q-80/cms/sub_category/155.png","Yoga Bar No Maida Choco Cereal,Chocolatey Breakfast for Kids, Protein & Multigrain Cereal",Yoga,128,160,345 g,4.7 (676),In Stock,https://www.zeptonow.com/pn/yoga-bar-no-maida-choco-cerealchocolatey-breakfast-for-kids-protein-multigrain-cereal/pvid/7b11439b-ab5f-4fba-b5cc-bfeac77f9ad9,"https://cdn.zeptonow.com/production/tr:w-1280,ar-1080-1080,pr-true,f-auto,q-80/cms/product_variant/40bc0b2f-1988-498f-a717-2e57b2e251ab.jpeg"
Breakfast & Sauces,Breakfast Cereals,"https://cdn.zeptonow.com/production/tr:w-90,ar-120-120,pr-true,f-auto,q-80/cms/sub_category/155.png",Kellogg's Almond and Honey Corn Flakes,Kellogg's,394,580,1 kg,4.7 (3.3k),In Stock,https://www.zeptonow.com/pn/kelloggs-almond-and-honey-corn-flakes/pvid/58c88f10-9336-47b0-a003-b5c0f37a53eb,"https://cdn.zeptonow.com/production/tr:w-1280,ar-1200-1200,pr-true,f-auto,q-80/cms/product_variant/f363fd52-282a-4493-a400-498703111d38.jpeg"
Breakfast & Sauces,Breakfast Cereals,"https://cdn.zeptonow.com/production/tr:w-90,ar-120-120,pr-true,f-auto,q-80/cms/sub_category/155.png",Kellogg's Corn Flakes Power of 5 (Super Saver PacK),Kellogg's,448,530,1.15 kg,4.7 (4.7k),In Stock,https://www.zeptonow.com/pn/kelloggs-corn-flakes-power-of-5-super-saver-pack/pvid/46fa29da-b407-4a95-836a-670e4961bfe7,"https://cdn.zeptonow.com/production/tr:w-1280,ar-2768-3000,pr-true,f-auto,q-80/cms/product_variant/18f48997-6eb5-4447-81df-d554e16d4068.jpeg"
Breakfast & Sauces,Breakfast Cereals,"https://cdn.zeptonow.com/production/tr:w-90,ar-120-120,pr-true,f-auto,q-80/cms/sub_category/155.png",Kellogg's Multigrain Chocos Moons & Stars,Kellogg's,458,750,1.2 kg,4.6 (1.2k),In Stock,https://www.zeptonow.com/pn/kelloggs-multigrain-chocos-moons-stars/pvid/b5fdc5d4-0e78-44d8-b88a-a285190a7ae1,"https://cdn.zeptonow.com/production/tr:w-1280,ar-1000-1000,pr-true,f-auto,q-80/cms/product_variant/047b4ebb-f6a8-4586-821a-fcb43ae7131f.jpeg"
Breakfast & Sauces,Breakfast Cereals,"https://cdn.zeptonow.com/production/tr:w-90,ar-120-120,pr-true,f-auto,q-80/cms/sub_category/155.png",Kellogg's Chocos Fills Double Chocolaty,Kellogg's,188,205,250 g,4.6 (6.5k),In Stock,https://www.zeptonow.com/pn/kelloggs-chocos-fills-double-chocolaty/pvid/8cfec9b6-0c04-4569-8223-07f53a70df78,"https://cdn.zeptonow.com/production/tr:w-1280,ar-1200-1200,pr-true,f-auto,q-80/cms/product_variant/7a6a1ca4-38b9-47a0-b8d9-31c5b2b11a00.jpeg"
Breakfast & Sauces,Breakfast Cereals,"https://cdn.zeptonow.com/production/tr:w-90,ar-120-120,pr-true,f-auto,q-80/cms/sub_category/155.png","Kellogg's Chocos Crunchy Bites | Source of Calcium & Fibre, High in Protein | Kids Breakfast cereal",Kellogg's,214,225,375 g,4.7 (3.3k),In Stock,https://www.zeptonow.com/pn/kelloggs-chocos-crunchy-bites-source-of-calcium-fibre-high-in-protein-kids-breakfast-cereal/pvid/0dfdf383-bae4-49f1-90c5-ae557f05d573,"https://cdn.zeptonow.com/production/tr:w-1280,ar-1250-1250,pr-true,f-auto,q-80/cms/product_variant/8bb3e7b6-5a51-4a67-bce5-acd263a7120d.jpeg"
Breakfast & Sauces,Breakfast Cereals,"https://cdn.zeptonow.com/production/tr:w-90,ar-120-120,pr-true,f-auto,q-80/cms/sub_category/155.png","True Elements Quinoa, For Weight Loss",True,203,350,500 g,4.9 (117),In Stock,https://www.zeptonow.com/pn/true-elements-quinoa-for-weight-loss/pvid/44d12ad6-4a86-4371-9ec5-f55deafd2194,"https://cdn.zeptonow.com/production/tr:w-1280,ar-1991-2789,pr-true,f-auto,q-80/cms/product_variant/20fb2a0a-39ea-444c-adc9-157424beb4c2.jpeg"
Breakfast & Sauces,Breakfast Cereals,"https://cdn.zeptonow.com/production/tr:w-90,ar-120-120,pr-true,f-auto,q-80/cms/sub_category/155.png",Kwality Choco Flakes - Made With Whole Wheat Zero% Maida,Kwality,390,650,1 kg,4.4 (533),In Stock,https://www.zeptonow.com/pn/kwality-choco-flakes-made-with-whole-wheat-zero-maida/pvid/194511c6-20d3-48ac-b717-32f90440bd4a,"https://cdn.zeptonow.com/production/tr:w-1280,ar-2500-2500,pr-true,f-auto,q-80/cms/product_variant/8b85a2d1-be09-4f7b-ac91-dcbdc78b2413.jpeg"
Breakfast & Sauces,Breakfast Cereals,"https://cdn.zeptonow.com/production/tr:w-90,ar-120-120,pr-true,f-auto,q-80/cms/sub_category/155.png",True Elements Corn Flakes Pro,True,312,800,1 kg,4.1 (161),In Stock,https://www.zeptonow.com/pn/true-elements-corn-flakes-pro/pvid/aaa801b8-29ef-4d71-b5fb-345808e46d77,"https://cdn.zeptonow.com/production/tr:w-1280,ar-1000-1000,pr-true,f-auto,q-80/cms/product_variant/8de184f7-0576-4190-ae39-c558ae557ee5.jpeg"
Breakfast & Sauces,Breakfast Cereals,"https://cdn.zeptonow.com/production/tr:w-90,ar-120-120,pr-true,f-auto,q-80/cms/sub_category/155.png",Nourish Organics Cinnamon Oats Granola,Nourish,360,400,270 g,4.8 (55),In Stock,https://www.zeptonow.com/pn/nourish-organics-cinnamon-oats-granola/pvid/f7ed6a47-f326-4104-bd6a-cb5003b3ba88,"https://cdn.zeptonow.com/production/tr:w-1280,ar-2500-2500,pr-true,f-auto,q-80/cms/product_variant/29c858a8-bb27-4e79-bb64-d4e05a4c488b.jpeg"
Breakfast & Sauces,Breakfast Cereals,"https://cdn.zeptonow.com/production/tr:w-90,ar-120-120,pr-true,f-auto,q-80/cms/sub_category/155.png","Kellogg's Chocos, Moons and Stars Duet, Crunchy Bites and Chhota Laddoo | Pack of 7",Kellogg's,65,70,140 g,4.7 (33.3k),In Stock,https://www.zeptonow.com/pn/kelloggs-chocos-moons-and-stars-duet-crunchy-bites-and-chhota-laddoo-pack-of-7/pvid/093b38e7-b7c6-4ae8-9a1c-5abb3d4f5798,"https://cdn.zeptonow.com/production/tr:w-1280,ar-1080-1080,pr-true,f-auto,q-80/cms/product_variant/5f548100-f406-4e4e-98cc-1a68a463f0ac.jpg"
Breakfast & Sauces,Breakfast Cereals,"https://cdn.zeptonow.com/production/tr:w-90,ar-120-120,pr-true,f-auto,q-80/cms/sub_category/155.png",Kellogg's Almond and Honey Corn Flakes,Kellogg's,195,210,300 g,4.7 (3.8k),In Stock,https://www.zeptonow.com/pn/kelloggs-almond-and-honey-corn-flakes/pvid/44f8dc73-0d88-415c-b70c-7892d5703210,"https://cdn.zeptonow.com/production/tr:w-1280,ar-2430-3570,pr-true,f-auto,q-80/cms/product_variant/87937fe2-1a95-4485-b960-d1af83b47866.jpeg"
Breakfast & Sauces,Breakfast Cereals,"https://cdn.zeptonow.com/production/tr:w-90,ar-120-120,pr-true,f-auto,q-80/cms/sub_category/155.png",Kwality Cookie Rings - Box,Kwality,187,299,375 g,4 (174),In Stock,https://www.zeptonow.com/pn/kwality-cookie-rings-box/pvid/d7d13ab5-cd02-4308-bb7f-a929a65b76e1,"https://cdn.zeptonow.com/production/tr:w-1280,ar-2000-2333,pr-true,f-auto,q-80/cms/product_variant/f5afaaaf-4dbe-4ea9-8854-037fb9afc887.jpg"
Breakfast & Sauces,Breakfast Cereals,"https://cdn.zeptonow.com/production/tr:w-90,ar-120-120,pr-true,f-auto,q-80/cms/sub_category/155.png",Kellogg's Almonds And Cranberries Granola,Kellogg's,298,405,460 g,5 (726),In Stock,https://www.zeptonow.com/pn/kelloggs-almonds-and-cranberries-granola/pvid/01ac5a60-61ac-4770-9f60-f393e92f3864,"https://cdn.zeptonow.com/production/tr:w-1280,ar-1606-2400,pr-true,f-auto,q-80/cms/product_variant/4b356d36-5440-4a30-bba2-4c5be68762a2.jpeg"
Breakfast & Sauces,Breakfast Cereals,"https://cdn.zeptonow.com/production/tr:w-90,ar-120-120,pr-true,f-auto,q-80/cms/sub_category/155.png",Kwality Fruitrings - Fruit Flavored Rings With Exciting Flavor Of Mango,Kwality,201,275,375 g,4.8 (427),In Stock,https://www.zeptonow.com/pn/kwality-fruitrings-fruit-flavored-rings-with-exciting-flavor-of-mango/pvid/dc5ed9f3-d052-4f3b-badd-d4fa763c9f70,"https://cdn.zeptonow.com/production/tr:w-1280,ar-1286-1500,pr-true,f-auto,q-80/cms/product_variant/a66fcb6f-2a1e-4cb4-967c-382cc025a0f5.jpg"
Breakfast & Sauces,Breakfast Cereals,"https://cdn.zeptonow.com/production/tr:w-90,ar-120-120,pr-true,f-auto,q-80/cms/sub_category/155.png",Kellogg's Multigrain Plus Corn Flakes | Power of 5 Grains | 6 Vitamins,Kellogg's,163,299,450 g,5 (78),In Stock,https://www.zeptonow.com/pn/kelloggs-multigrain-plus-corn-flakes-power-of-5-grains-6-vitamins/pvid/1b52bd1a-d75e-4ec6-a1b5-e948e126f629,"https://cdn.zeptonow.com/production/tr:w-1280,ar-1080-1080,pr-true,f-auto,q-80/cms/product_variant/e0f1e945-9ae8-4ec3-8b0a-7649f0d9268f.jpeg"
Breakfast & Sauces,Breakfast Cereals,"https://cdn.zeptonow.com/production/tr:w-90,ar-120-120,pr-true,f-auto,q-80/cms/sub_category/155.png",Kellogg's Corn Flakes With Real Strawberry,Kellogg's,190,190,300 g,4.7 (1.9k),In Stock,https://www.zeptonow.com/pn/kelloggs-corn-flakes-with-real-strawberry/pvid/5435f044-a24e-41db-b048-0551910e3b50,"https://cdn.zeptonow.com/production/tr:w-1280,ar-1200-1200,pr-true,f-auto,q-80/cms/product_variant/199d6bd2-8339-4141-86a5-f22dfacb3efa.jpeg"
Breakfast & Sauces,Breakfast Cereals,"https://cdn.zeptonow.com/production/tr:w-90,ar-120-120,pr-true,f-auto,q-80/cms/sub_category/155.png",Kelloggs Special K,Kelloggs,282,290,455 g,4.8 (622),In Stock,https://www.zeptonow.com/pn/kelloggs-special-k/pvid/95d37b32-4940-4c0c-8238-755502d3890b,"https://cdn.zeptonow.com/production/tr:w-1280,ar-1000-1000,pr-true,f-auto,q-80/cms/product_variant/7a53114a-17da-4768-a9ac-9aa8824490c3.jpeg"
Breakfast & Sauces,Breakfast Cereals,"https://cdn.zeptonow.com/production/tr:w-90,ar-120-120,pr-true,f-auto,q-80/cms/sub_category/155.png",Kellogg's Multigrain Chocos | More Chocolatey | No-Maida,Kellogg's,327,330,675 g,4.8 (4.7k),In Stock,https://www.zeptonow.com/pn/kelloggs-multigrain-chocos-more-chocolatey-no-maida/pvid/364e1a71-f135-4526-9490-e2f841a6e501,"https://cdn.zeptonow.com/production/tr:w-1280,ar-1250-1250,pr-true,f-auto,q-80/cms/product_variant/bc0f8a2b-e4bc-4818-843b-6bd7fe319c31.jpeg"
Breakfast & Sauces,Breakfast Cereals,"https://cdn.zeptonow.com/production/tr:w-90,ar-120-120,pr-true,f-auto,q-80/cms/sub_category/155.png",Kellogg's Multigrain Chocos | More Chocolatey | No-Maida,Kellogg's,224,225,385 g,4.8 (4.9k),In Stock,https://www.zeptonow.com/pn/kelloggs-multigrain-chocos-more-chocolatey-no-maida/pvid/292b01a3-3f5d-46ba-8bc1-ecb892974337,"https://cdn.zeptonow.com/production/tr:w-1280,ar-1080-1080,pr-true,f-auto,q-80/cms/product_variant/118890d9-14a2-4e60-abae-bafebe88066e.jpeg"
Breakfast & Sauces,Breakfast Cereals,"https://cdn.zeptonow.com/production/tr:w-90,ar-120-120,pr-true,f-auto,q-80/cms/sub_category/155.png",Kwality Golden Corn Flakes - Crispy And Delicious Breakfast Cereal Made With 100% Natural Corn,Delicious,222,520,1 kg,3.9 (440),In Stock,https://www.zeptonow.com/pn/kwality-golden-corn-flakes-crispy-and-delicious-breakfast-cereal-made-with-100-natural-corn/pvid/62dbbcac-2a68-4415-8aa0-765455a7d9d1,"https://cdn.zeptonow.com/production/tr:w-1280,ar-1250-1250,pr-true,f-auto,q-80/cms/product_variant/9e3ab3d4-24fa-4e45-a732-ad060b24b9fd.jpeg"
Breakfast & Sauces,Breakfast Cereals,"https://cdn.zeptonow.com/production/tr:w-90,ar-120-120,pr-true,f-auto,q-80/cms/sub_category/155.png",Sid's Farm Mango Millet Pops | Choco Ragi Crunchers | Honey Fruit - Nut Muesli | Assorted,Sid's Farm,69,105,90 g,4.5 (90),In Stock,https://www.zeptonow.com/pn/sids-farm-mango-millet-pops-choco-ragi-crunchers-honey-fruit-nut-muesli-assorted/pvid/bd0ab254-937c-4e8a-8342-9c3628690359,"https://cdn.zeptonow.com/production/tr:w-1280,ar-1080-1080,pr-true,f-auto,q-80/cms/product_variant/b5171d36-89c8-4011-bfc2-efa5fe543080.jpg"
Breakfast & Sauces,Breakfast Cereals,"https://cdn.zeptonow.com/production/tr:w-90,ar-120-120,pr-true,f-auto,q-80/cms/sub_category/155.png",Bagrrys Corn Flakes Plus Original Healthier - Added Fibre,Bagrrys,228,399,800 g,4.7 (2.3k),In Stock,https://www.zeptonow.com/pn/bagrrys-corn-flakes-plus-original-healthier-added-fibre/pvid/8eee3447-7900-4b5b-8d8b-61ac0c8f21e2,"https://cdn.zeptonow.com/production/tr:w-1280,ar-2400-2400,pr-true,f-auto,q-80/cms/product_variant/d545562c-209e-400e-9ea4-2e24a71703da.jpeg"
Breakfast & Sauces,Breakfast Cereals,"https://cdn.zeptonow.com/production/tr:w-90,ar-120-120,pr-true,f-auto,q-80/cms/sub_category/155.png",Kellogg's All Bran Wheat Flakes,Kellogg's,295,299,440 g,4.5 (463),In Stock,https://www.zeptonow.com/pn/kelloggs-all-bran-wheat-flakes/pvid/36683087-f929-41ac-9ef5-ba9c5929bfdc,"https://cdn.zeptonow.com/production/tr:w-1280,ar-1500-1500,pr-true,f-auto,q-80/cms/product_variant/166451e4-e48f-4eed-94c5-fb6f8ca83db3.jpg"
Breakfast & Sauces,Breakfast Cereals,"https://cdn.zeptonow.com/production/tr:w-90,ar-120-120,pr-true,f-auto,q-80/cms/sub_category/155.png",Kelloggs Corn Flakes With Real Honey,Kelloggs,199,199,300 g,4.7 (643),In Stock,https://www.zeptonow.com/pn/kelloggs-corn-flakes-with-real-honey/pvid/a98d53b0-f4c5-470d-9d5a-551dde23edd9,"https://cdn.zeptonow.com/production/tr:w-1280,ar-1080-1080,pr-true,f-auto,q-80/cms/product_variant/2594907a-ac12-4db1-a9c7-7f315b86a3b7.jpeg"
Breakfast & Sauces,Breakfast Cereals,"https://cdn.zeptonow.com/production/tr:w-90,ar-120-120,pr-true,f-auto,q-80/cms/sub_category/155.png",Kellogg's Original Corn Flakes,Kellogg's,357,399,900 g,4.7 (6.7k),In Stock,https://www.zeptonow.com/pn/kelloggs-original-corn-flakes/pvid/bce3d20a-69b0-47a0-80ef-324d2f5ac959,"https://cdn.zeptonow.com/production/tr:w-1280,ar-1021-1021,pr-true,f-auto,q-80/cms/product_variant/e52547bf-2ce0-4970-9579-3ffff052eb19.jpeg"
Breakfast & Sauces,Breakfast Cereals,"https://cdn.zeptonow.com/production/tr:w-90,ar-120-120,pr-true,f-auto,q-80/cms/sub_category/155.png","Tata Soulfull Corn Flakes, Original, Crunchy Corn & Millets, Baked Not Fried, With Free Bowl",Tata,111,120,260 g,4.8 (108),In Stock,https://www.zeptonow.com/pn/tata-soulfull-corn-flakes-original-crunchy-corn-millets-baked-not-fried-with-free-bowl/pvid/a2ada75d-1268-4130-afce-6e7542a29a03,"https://cdn.zeptonow.com/production/tr:w-1280,ar-1200-1200,pr-true,f-auto,q-80/cms/product_variant/dfc5747f-3eac-4ddb-bde0-07fc9849e771.jpeg"
Breakfast & Sauces,Breakfast Cereals,"https://cdn.zeptonow.com/production/tr:w-90,ar-120-120,pr-true,f-auto,q-80/cms/sub_category/155.png",Kellogg's Multigrain Chocos | More Chocolatey | No-Maida,Kellogg's,143,153,250 g,4.8 (7.4k),In Stock,https://www.zeptonow.com/pn/kelloggs-multigrain-chocos-more-chocolatey-no-maida/pvid/21862b2a-ba88-4db1-ad9e-1ef9e6015338,"https://cdn.zeptonow.com/production/tr:w-1280,ar-2400-2400,pr-true,f-auto,q-80/cms/product_variant/ed2c1556-92ec-42e9-a8da-642baa8a9f88.jpeg"
Breakfast & Sauces,Breakfast Cereals,"https://cdn.zeptonow.com/production/tr:w-90,ar-120-120,pr-true,f-auto,q-80/cms/sub_category/155.png","Tata Soulfull Corn Flakes, Honey & Almonds, Crunchy Corn & Millets, Baked Not Fried, High Fiber",Tata,260,290,450 g,4.9 (53),In Stock,https://www.zeptonow.com/pn/tata-soulfull-corn-flakes-honey-almonds-crunchy-corn-millets-baked-not-fried-high-fiber/pvid/17653946-55da-4848-a4a0-eec355f54984,"https://cdn.zeptonow.com/production/tr:w-1280,ar-1200-1200,pr-true,f-auto,q-80/cms/product_variant/a11627dc-96c5-4746-85ce-eaea9fa56908.jpeg"
Breakfast & Sauces,Breakfast Cereals,"https://cdn.zeptonow.com/production/tr:w-90,ar-120-120,pr-true,f-auto,q-80/cms/sub_category/155.png",Kellogg's Chocos Moons & Stars,Kellogg's,234,235,360 g,4.5 (802),In Stock,https://www.zeptonow.com/pn/kelloggs-chocos-moons-stars/pvid/597e4d00-8d06-4c2f-815b-8a7fbc2a57da,"https://cdn.zeptonow.com/production/tr:w-1280,ar-1000-1000,pr-true,f-auto,q-80/cms/product_variant/873cc994-2b7c-4f0b-a7b7-82d9e44fe547.jpeg"
Breakfast & Sauces,Breakfast Cereals,"https://cdn.zeptonow.com/production/tr:w-90,ar-120-120,pr-true,f-auto,q-80/cms/sub_category/155.png",Kellogg's Original Corn Flakes,Kellogg's,190,210,475 g,4.7 (7.5k),In Stock,https://www.zeptonow.com/pn/kelloggs-original-corn-flakes/pvid/bd5b6424-330a-4392-a4d8-aad748363acc,"https://cdn.zeptonow.com/production/tr:w-1280,ar-1200-1200,pr-true,f-auto,q-80/cms/product_variant/2497717a-6519-41b7-a7b8-896fb22d024b.jpeg"
Breakfast & Sauces,Breakfast Cereals,"https://cdn.zeptonow.com/production/tr:w-90,ar-120-120,pr-true,f-auto,q-80/cms/sub_category/155.png",True Elements Quinoa,True,108,150,200 g,4.4 (317),In Stock,https://www.zeptonow.com/pn/true-elements-quinoa/pvid/2a1a642d-08e5-4695-82f8-593ec9e28f81,"https://cdn.zeptonow.com/production/tr:w-1280,ar-1991-2789,pr-true,f-auto,q-80/cms/product_variant/7a59bd1c-a91f-466d-b75a-7ad7a973430f.jpg"
Breakfast & Sauces,Breakfast Cereals,"https://cdn.zeptonow.com/production/tr:w-90,ar-120-120,pr-true,f-auto,q-80/cms/sub_category/155.png","Tata Soulfull Corn Flakes, Honey & Almonds, Crunchy Corn & Millets, Baked Not Fried, High Fiber",Tata,109,120,170 g,4.3 (87),In Stock,https://www.zeptonow.com/pn/tata-soulfull-corn-flakes-honey-almonds-crunchy-corn-millets-baked-not-fried-high-fiber/pvid/1ecc8a2a-79c2-47ed-a413-7e3160fc4a6d,"https://cdn.zeptonow.com/production/tr:w-1280,ar-1200-1200,pr-true,f-auto,q-80/cms/product_variant/8e35a3c9-7356-4df4-8477-09b6c2ba51ed.jpeg"
Breakfast & Sauces,Breakfast Cereals,"https://cdn.zeptonow.com/production/tr:w-90,ar-120-120,pr-true,f-auto,q-80/cms/sub_category/155.png",New Kellogg's Hersheys Chocos With Power Of 5+ Protein & Fibre Of 1 Roti,New,245,245,325 g,4.6 (415),In Stock,https://www.zeptonow.com/pn/new-kelloggs-hersheys-chocos-with-power-of-5-protein-fibre-of-1-roti/pvid/2d49c55f-bea1-42a7-b550-8d606d3381fb,"https://cdn.zeptonow.com/production/tr:w-1280,ar-2400-2400,pr-true,f-auto,q-80/cms/product_variant/36ce8316-86a4-498d-8796-41aaeda777b4.jpeg"
Breakfast & Sauces,Breakfast Cereals,"https://cdn.zeptonow.com/production/tr:w-90,ar-120-120,pr-true,f-auto,q-80/cms/sub_category/155.png",True Elements Whole Wheat Flakes,True,155,195,350 g,4.8 (117),In Stock,https://www.zeptonow.com/pn/true-elements-whole-wheat-flakes/pvid/6197636e-a5df-472b-a7c0-86b88afda179,"https://cdn.zeptonow.com/production/tr:w-1280,ar-800-1007,pr-true,f-auto,q-80/cms/product_variant/6e813d17-58fb-449d-b1a0-abdb563ef409.jpg"
Breakfast & Sauces,Breakfast Cereals,"https://cdn.zeptonow.com/production/tr:w-90,ar-120-120,pr-true,f-auto,q-80/cms/sub_category/155.png",True Elements Corn Flakes Pro Millet Crunch,True,81,99,260 g,4.4 (447),In Stock,https://www.zeptonow.com/pn/true-elements-corn-flakes-pro-millet-crunch/pvid/bb0354e5-0f0f-45fb-9754-ecebafd71568,"https://cdn.zeptonow.com/production/tr:w-1280,ar-1991-2789,pr-true,f-auto,q-80/cms/product_variant/855950d5-26ba-4842-9d94-bf1f68af1cda.jpg"
Breakfast & Sauces,Breakfast Cereals,"https://cdn.zeptonow.com/production/tr:w-90,ar-120-120,pr-true,f-auto,q-80/cms/sub_category/155.png","Tata Soulfull Corn Flakes, Original, Crunchy Corn & Millets, Baked Not Fried, High Fiber",Tata,178,210,475 g,4.4 (155),In Stock,https://www.zeptonow.com/pn/tata-soulfull-corn-flakes-original-crunchy-corn-millets-baked-not-fried-high-fiber/pvid/4e8eea90-2a11-49ec-88c6-51fa5b340f6c,"https://cdn.zeptonow.com/production/tr:w-1280,ar-1200-1200,pr-true,f-auto,q-80/cms/product_variant/ac0e44e1-8fb4-4386-9f64-52986d6737c4.jpeg"
Breakfast & Sauces,Breakfast Cereals,"https://cdn.zeptonow.com/production/tr:w-90,ar-120-120,pr-true,f-auto,q-80/cms/sub_category/155.png",Kellogg's Corn Flakes Power of 5 (Super Saver PacK),Kellogg's,114,125,250 g,4.7 (7.0k),In Stock,https://www.zeptonow.com/pn/kelloggs-corn-flakes-power-of-5-super-saver-pack/pvid/c651ae42-04a6-47a9-8695-ea3465358483,"https://cdn.zeptonow.com/production/tr:w-1280,ar-766-1125,pr-true,f-auto,q-80/cms/product_variant/49b1ebe6-bc8f-40d1-8e0b-b72e4a74c8eb.jpeg"
Breakfast & Sauces,Breakfast Cereals,"https://cdn.zeptonow.com/production/tr:w-90,ar-120-120,pr-true,f-auto,q-80/cms/sub_category/155.png",Fit & Flex Mini Bites Choco Cornflakes,Fit,76,99,250 g,4.7 (170),In Stock,https://www.zeptonow.com/pn/fit-flex-mini-bites-choco-cornflakes/pvid/14e8da28-2c17-4535-bf16-d49c82cc5bc2,"https://cdn.zeptonow.com/production/tr:w-1280,ar-2223-2223,pr-true,f-auto,q-80/cms/product_variant/b722bb5f-1485-4489-9bfc-f7cebb3a94ec.jpg"
Breakfast & Sauces,Breakfast Cereals,"https://cdn.zeptonow.com/production/tr:w-90,ar-120-120,pr-true,f-auto,q-80/cms/sub_category/155.png",Saffola Masala Millets Masala Delight | Lower In Calories Yummy Millets For Happy Tummy,Yu,20,20,35 g,4.5 (298),In Stock,https://www.zeptonow.com/pn/saffola-masala-millets-masala-delight-lower-in-calories-yummy-millets-for-happy-tummy/pvid/33e9bf4a-3af8-479f-b397-5f2e2cd40b02,"https://cdn.zeptonow.com/production/tr:w-1280,ar-1500-1500,pr-true,f-auto,q-80/cms/product_variant/b81f652b-0093-469c-b974-a73d1f894c24.jpg"
Breakfast & Sauces,Breakfast Cereals,"https://cdn.zeptonow.com/production/tr:w-90,ar-120-120,pr-true,f-auto,q-80/cms/sub_category/155.png",Saffola Masala Millets Tomato Delight| Lower In Calories Yummy Millets For Happy Tummy,Yu,20,20,35 g,4.1 (267),In Stock,https://www.zeptonow.com/pn/saffola-masala-millets-tomato-delight-lower-in-calories-yummy-millets-for-happy-tummy/pvid/09c16238-5275-40fc-8eeb-b95db16c954b,"https://cdn.zeptonow.com/production/tr:w-1280,ar-1500-1500,pr-true,f-auto,q-80/cms/product_variant/0827e5ca-56fe-4db5-9d59-610657719434.jpg"
Breakfast & Sauces,Breakfast Cereals,"https://cdn.zeptonow.com/production/tr:w-90,ar-120-120,pr-true,f-auto,q-80/cms/sub_category/155.png",Bagrrys Corn Flakes Plus Original Healthier - Added Fibre 800 g Combo,Bagrrys,422,798,800 g X 2,4.7 (513),In Stock,https://www.zeptonow.com/pn/bagrrys-corn-flakes-plus-original-healthier-added-fibre-800-g-combo/pvid/acf81d8e-aac9-4673-a35c-247f7bc68bd1,"https://cdn.zeptonow.com/production/tr:w-1280,ar-1500-1500,pr-true,f-auto,q-80/cms/product_variant/d6a8f509-8679-45f6-9538-2634d8dd000b.jpg"
Breakfast & Sauces,Breakfast Cereals,"https://cdn.zeptonow.com/production/tr:w-90,ar-120-120,pr-true,f-auto,q-80/cms/sub_category/155.png",Kellogg's Chocos Variety Pack of 7 | Multigrain Breakfast Cereal 140 g Combo,Kellogg's,130,140,140 g X 2,4.7 (797),In Stock,https://www.zeptonow.com/pn/kelloggs-chocos-variety-pack-of-7-multigrain-breakfast-cereal-140-g-combo/pvid/f33bba84-cf5e-456e-b16a-11ef0888bc1e,"https://cdn.zeptonow.com/production/tr:w-1280,ar-1500-1500,pr-true,f-auto,q-80/inventory/product/80eba759-7655-478f-b53d-a822d1c811ba-1018.jpg"
Breakfast & Sauces,Breakfast Cereals,"https://cdn.zeptonow.com/production/tr:w-90,ar-120-120,pr-true,f-auto,q-80/cms/sub_category/155.png",Kellogg'S Multigrain Chocos - Variety Pack(153gms) & Nandini Goodlife Regular Milk Uht (Tetra Pack Brik)(1l) Combo,Nandini,133,140,2 combo,4.5 (738),In Stock,https://www.zeptonow.com/pn/kelloggs-multigrain-chocos-variety-pack153gms-nandini-goodlife-regular-milk-uht-tetra-pack-brik1l-combo/pvid/1d69d7cf-968a-4a48-b4e9-43c9d66b0ba2,"https://cdn.zeptonow.com/production/tr:w-1280,ar-1494-1494,pr-true,f-auto,q-80/cms/product_variant/33958e1c-e729-4263-97f1-7ffa0fec944c.jpg"
Breakfast & Sauces,Breakfast Cereals,"https://cdn.zeptonow.com/production/tr:w-90,ar-120-120,pr-true,f-auto,q-80/cms/sub_category/155.png","Kellogg's Chocos Crunchy Bites | Source of Calcium & Fibre, High in Protein | Kids Breakfast cereal 375 g Combo",Kellogg's,402,450,375 g X 2,4.2 (420),In Stock,https://www.zeptonow.com/pn/kelloggs-chocos-crunchy-bites-source-of-calcium-fibre-high-in-protein-kids-breakfast-cereal-375-g-combo/pvid/c655fa4d-c76d-4659-96d2-815987e91632,"https://cdn.zeptonow.com/production/tr:w-1280,ar-1500-1500,pr-true,f-auto,q-80/cms/product_variant/150bab3c-4837-42eb-bf03-cb67de937359.jpg"
Breakfast & Sauces,Breakfast Cereals,"https://cdn.zeptonow.com/production/tr:w-90,ar-120-120,pr-true,f-auto,q-80/cms/sub_category/155.png",Kelloggs Special K 455 g Combo,Kelloggs,538,580,455 g X 2,4.2 (602),In Stock,https://www.zeptonow.com/pn/kelloggs-special-k-455-g-combo/pvid/392a3c67-db90-4ae3-89da-69d929e84860,"https://cdn.zeptonow.com/production/tr:w-1280,ar-1500-1500,pr-true,f-auto,q-80/inventory/product/90ef653d-6817-4378-96e7-f64b5e0cdcd0-2870.jpg"
Breakfast & Sauces,Breakfast Cereals,"https://cdn.zeptonow.com/production/tr:w-90,ar-120-120,pr-true,f-auto,q-80/cms/sub_category/155.png",Kellogg's Choco Fills Double Chocolaty(250 gms) & Pringles Chips - Desi Masala Tadka(107 gms) Combo,Kellogg's,293,330,2 combo,4.4 (195),In Stock,https://www.zeptonow.com/pn/kelloggs-choco-fills-double-chocolaty250-gms-pringles-chips-desi-masala-tadka107-gms-combo/pvid/cd01f8ed-8e99-422c-bc48-4f71e20be75d,"https://cdn.zeptonow.com/production/tr:w-1280,ar-1000-1000,pr-true,f-auto,q-80/cms/product_variant/7411e106-f061-4b86-8aa6-3ba0785b412f.jpeg"
Breakfast & Sauces,Breakfast Cereals,"https://cdn.zeptonow.com/production/tr:w-90,ar-120-120,pr-true,f-auto,q-80/cms/sub_category/155.png",Kellogg's Almonds And Cranberries Granola 460 g Combo,Kellogg's,556,810,460 g X 2,4.2 (408),In Stock,https://www.zeptonow.com/pn/kelloggs-almonds-and-cranberries-granola-460-g-combo/pvid/e2153b21-3a41-4ec6-a0ff-1d21173dd031,"https://cdn.zeptonow.com/production/tr:w-1280,ar-1500-1500,pr-true,f-auto,q-80/cms/product_variant/899fd3e1-60ad-4925-be2b-ca01666fc854.jpeg"
Breakfast & Sauces,Breakfast Cereals,"https://cdn.zeptonow.com/production/tr:w-90,ar-120-120,pr-true,f-auto,q-80/cms/sub_category/155.png",Kellogg's Multigrain Chocos Moons & Stars | No-Maida 1.2 kg Combo,Kellogg's,852,1500,1.2 kg X 2,4.2 (855),In Stock,https://www.zeptonow.com/pn/kelloggs-multigrain-chocos-moons-stars-no-maida-12-kg-combo/pvid/69efee28-c953-4f7f-8890-a8d09e91ff75,"https://cdn.zeptonow.com/production/tr:w-1280,ar-1500-1500,pr-true,f-auto,q-80/cms/product_variant/ea702cfd-fa68-4f15-a544-e4c2724f3a3a.jpg"
Breakfast & Sauces,Breakfast Cereals,"https://cdn.zeptonow.com/production/tr:w-90,ar-120-120,pr-true,f-auto,q-80/cms/sub_category/155.png",Kellogg's Corn Flakes With Real Strawberry 300 g Combo,Kellogg's,360,380,300 g X 2,4.2 (76),In Stock,https://www.zeptonow.com/pn/kelloggs-corn-flakes-with-real-strawberry-300-g-combo/pvid/b9a01a3a-9d38-4ad3-8dc7-03403cefffa3,"https://cdn.zeptonow.com/production/tr:w-1280,ar-1500-1500,pr-true,f-auto,q-80/cms/product_variant/eb79443f-5904-40c9-9522-9c12b490b18a.jpg"
Breakfast & Sauces,Breakfast Cereals,"https://cdn.zeptonow.com/production/tr:w-90,ar-120-120,pr-true,f-auto,q-80/cms/sub_category/155.png",Yogabar Yo Chos No Maida Choco Chocolately Breakfast for Kids 345 gms Combo,Yogabar,242,320,345 g X 2,4.3 (439),In Stock,https://www.zeptonow.com/pn/yogabar-yo-chos-no-maida-choco-chocolately-breakfast-for-kids-345-gms-combo/pvid/0ba77493-8b70-4fde-893d-e4f032eaf7b2,"https://cdn.zeptonow.com/production/tr:w-1280,ar-1500-1500,pr-true,f-auto,q-80/inventory/product/b4dc4b83-f0f9-4881-a417-55206c05c942-3005.jpg"
Breakfast & Sauces,Breakfast Cereals,"https://cdn.zeptonow.com/production/tr:w-90,ar-120-120,pr-true,f-auto,q-80/cms/sub_category/155.png",True Elements Crunchy Dark Chocolate Granola For Breakfast,True,591,695,900 g,4.4 (195),Sold Out,https://www.zeptonow.com/pn/true-elements-crunchy-dark-chocolate-granola-for-breakfast/pvid/313aff48-16e2-4d43-8548-0cf6fbae7fe3,"https://cdn.zeptonow.com/production/tr:w-1280,ar-2479-3200,pr-true,f-auto,q-80/cms/product_variant/38afada6-e00e-491e-a231-46a7e10f9a3f.jpeg"
Breakfast & Sauces,Breakfast Cereals,"https://cdn.zeptonow.com/production/tr:w-90,ar-120-120,pr-true,f-auto,q-80/cms/sub_category/155.png",True Elements Quinoa Diet Food Cereal For Breakfast Certified Gluten Free Quinoa Seeds,True,299,650,1 kg,4.7 (610),Sold Out,https://www.zeptonow.com/pn/true-elements-quinoa-diet-food-cereal-for-breakfast-certified-gluten-free-quinoa-seeds/pvid/f0055c1d-3aec-47ee-9305-f87db2eb3208,"https://cdn.zeptonow.com/production/tr:w-1280,ar-1200-1200,pr-true,f-auto,q-80/cms/product_variant/4a94a34b-46e4-4f89-9f47-ed7dac326396.jpeg"
Breakfast & Sauces,Breakfast Cereals,"https://cdn.zeptonow.com/production/tr:w-90,ar-120-120,pr-true,f-auto,q-80/cms/sub_category/155.png","Slurrp Farm Choco Crunch Chocolate Cereal - Ragi Stars and Moons No Maida, No Refined Sugar, No Added Colour",Slurrp Farm,264,299,400 g,4.4 (705),Sold Out,https://www.zeptonow.com/pn/slurrp-farm-choco-crunch-chocolate-cereal-ragi-stars-and-moons-no-maida-no-refined-sugar-no-added-colour/pvid/dfa4bb2c-311c-4ade-be62-da1a5d99f937,"https://cdn.zeptonow.com/production/tr:w-1280,ar-1200-1200,pr-true,f-auto,q-80/cms/product_variant/983f2d7e-2425-4f81-ba25-0ebebb43b3b7.jpeg"
Breakfast & Sauces,Breakfast Cereals,"https://cdn.zeptonow.com/production/tr:w-90,ar-120-120,pr-true,f-auto,q-80/cms/sub_category/155.png",Kellogg's Multigrain Chocos | More Chocolatey | No-Maida,Kellogg's,10,10,20 g,5 (316),Sold Out,https://www.zeptonow.com/pn/kelloggs-multigrain-chocos-more-chocolatey-no-maida/pvid/ae102a50-ff30-4426-84d9-fc6b531355bf,"https://cdn.zeptonow.com/production/tr:w-1280,ar-640-640,pr-true,f-auto,q-80/cms/product_variant/4830ac44-9555-4888-8129-faac837bca9b.jpg"
Breakfast & Sauces,Breakfast Cereals,"https://cdn.zeptonow.com/production/tr:w-90,ar-120-120,pr-true,f-auto,q-80/cms/sub_category/155.png","Tata Soulfull Ragi Bites Choco Fills, No Maida, More Cream Filling, Kids Cereal",Tata,270,349,500 g,4.7 (688),Sold Out,https://www.zeptonow.com/pn/tata-soulfull-ragi-bites-choco-fills-no-maida-more-cream-filling-kids-cereal/pvid/29ec8251-8a23-4a61-b2fb-057a721435c7,"https://cdn.zeptonow.com/production/tr:w-1280,ar-1000-1000,pr-true,f-auto,q-80/cms/product_variant/8c4bf23b-f8e4-467d-863e-c2d050e42bc6.jpeg"
Breakfast & Sauces,Breakfast Cereals,"https://cdn.zeptonow.com/production/tr:w-90,ar-120-120,pr-true,f-auto,q-80/cms/sub_category/155.png",Unifit Corn Flakes | Crispy and Nutritious | Healthy Breakfast Cereal,Unifit,127,175,425 g,4.5 (606),Sold Out,https://www.zeptonow.com/pn/unifit-corn-flakes-crispy-and-nutritious-healthy-breakfast-cereal/pvid/5e214042-a130-4a4e-a290-3553b3a8b934,"https://cdn.zeptonow.com/production/tr:w-1280,ar-2000-2000,pr-true,f-auto,q-80/cms/product_variant/29dfc77c-bd08-481d-b322-4028f74e1c9b.jpg"
Breakfast & Sauces,Breakfast Cereals,"https://cdn.zeptonow.com/production/tr:w-90,ar-120-120,pr-true,f-auto,q-80/cms/sub_category/155.png",Kellogg's Froot Loops - Crunchy Multigrain Cereal,Kellogg's,178,215,285 g,4.8 (1.0k),Sold Out,https://www.zeptonow.com/pn/kelloggs-froot-loops-crunchy-multigrain-cereal/pvid/fd0d2ecb-4b38-48b8-8773-6a046f95d756,"https://cdn.zeptonow.com/production/tr:w-1280,ar-2500-2500,pr-true,f-auto,q-80/cms/product_variant/452f61eb-ad7d-4f31-8694-d620356361dd.jpeg"
Breakfast & Sauces,Breakfast Cereals,"https://cdn.zeptonow.com/production/tr:w-90,ar-120-120,pr-true,f-auto,q-80/cms/sub_category/155.png","Tata Soulfull Ragi Bites Combo Pack, Choco, Vanilla, Strawberry Fills, Breakfast Cereal",Tata,99,99,140 g,4.6 (679),Sold Out,https://www.zeptonow.com/pn/tata-soulfull-ragi-bites-combo-pack-choco-vanilla-strawberry-fills-breakfast-cereal/pvid/5d832f7e-4f52-414a-aecd-0526012103a7,"https://cdn.zeptonow.com/production/tr:w-1280,ar-1000-1000,pr-true,f-auto,q-80/cms/product_variant/e41047b7-d936-41a0-9162-824b2499fdaf.jpeg"
Breakfast & Sauces,Breakfast Cereals,"https://cdn.zeptonow.com/production/tr:w-90,ar-120-120,pr-true,f-auto,q-80/cms/sub_category/155.png","Tata Soulfull Ragi Bites No Maida Choco, Yummy Chocolatey, 7 Grains, Breakfast Cereals",Tata,170,219,375 g,4.4 (117),Sold Out,https://www.zeptonow.com/pn/tata-soulfull-ragi-bites-no-maida-choco-yummy-chocolatey-7-grains-breakfast-cereals/pvid/e5b83303-ca20-4268-ba0c-db7c25d198aa,"https://cdn.zeptonow.com/production/tr:w-1280,ar-1200-1200,pr-true,f-auto,q-80/cms/product_variant/2381e5c7-9c5a-4ccb-b4d8-effc0973557e.jpeg"
Breakfast & Sauces,Breakfast Cereals,"https://cdn.zeptonow.com/production/tr:w-90,ar-120-120,pr-true,f-auto,q-80/cms/sub_category/155.png",Aaha Life Corn Flakes,Aaha,135,205,475 g,4.2 (117),Sold Out,https://www.zeptonow.com/pn/aaha-life-corn-flakes/pvid/09405bc3-021e-444f-917b-d95c328e95a3,"https://cdn.zeptonow.com/production/tr:w-1280,ar-1200-1200,pr-true,f-auto,q-80/cms/product_variant/a321d245-d484-4814-8710-b0e4053be583.jpeg"
Breakfast & Sauces,Breakfast Cereals,"https://cdn.zeptonow.com/production/tr:w-90,ar-120-120,pr-true,f-auto,q-80/cms/sub_category/155.png","Tata Soulfull Ragi Bites Vanilla Fills, No Maida, More Cream Filling, Kids Cereal",Tata,219,219,250 g,4.6 (52),Sold Out,https://www.zeptonow.com/pn/tata-soulfull-ragi-bites-vanilla-fills-no-maida-more-cream-filling-kids-cereal/pvid/967156c9-7dc6-471d-8dfc-7ab13845401c,"https://cdn.zeptonow.com/production/tr:w-1280,ar-1200-1200,pr-true,f-auto,q-80/cms/product_variant/a7ff0d2d-1707-40e1-83a0-2f5a5d92ac70.jpeg"
Breakfast & Sauces,Breakfast Cereals,"https://cdn.zeptonow.com/production/tr:w-90,ar-120-120,pr-true,f-auto,q-80/cms/sub_category/155.png",Kellogg's Chocos Fills | Caramel flavoured | 0% Maida | Multigrain,Kellogg's,75,99,150 g,4.7 (176),Sold Out,https://www.zeptonow.com/pn/kelloggs-chocos-fills-caramel-flavoured-0-maida-multigrain/pvid/97609367-3477-41a8-a348-40b8a77d3033,"https://cdn.zeptonow.com/production/tr:w-1280,ar-1080-1080,pr-true,f-auto,q-80/cms/product_variant/e9557148-0628-49ee-9652-e36d25396a17.jpeg"
Breakfast & Sauces,Breakfast Cereals,"https://cdn.zeptonow.com/production/tr:w-90,ar-120-120,pr-true,f-auto,q-80/cms/sub_category/155.png",Kwality Corn Flakes With Almond & Honey - Made With Golden Corns,Kwality,419,699,1 kg,5 (205),Sold Out,https://www.zeptonow.com/pn/kwality-corn-flakes-with-almond-honey-made-with-golden-corns/pvid/399d57d2-a1dd-4bfb-b44c-fc98a808d424,"https://cdn.zeptonow.com/production/tr:w-1280,ar-1552-1552,pr-true,f-auto,q-80/cms/product_variant/ead3e898-c869-4774-bce6-c74c61681dde.jpeg"
Breakfast & Sauces,Breakfast Cereals,"https://cdn.zeptonow.com/production/tr:w-90,ar-120-120,pr-true,f-auto,q-80/cms/sub_category/155.png",Fit & Flex Mini Bites Chocolate Almond Millionaire',Fit,75,99,250 g,4.2 (187),Sold Out,https://www.zeptonow.com/pn/fit-flex-mini-bites-chocolate-almond-millionaire/pvid/8c170bb1-0607-41e7-b148-53e103111e1c,"https://cdn.zeptonow.com/production/tr:w-1280,ar-2223-2223,pr-true,f-auto,q-80/cms/product_variant/a05457ae-c0b6-4af4-8717-1d5d0aee1bd4.jpg"
Breakfast & Sauces,Breakfast Cereals,"https://cdn.zeptonow.com/production/tr:w-90,ar-120-120,pr-true,f-auto,q-80/cms/sub_category/155.png",Kwality Combo Breakfast Cereals Pouch,Kwality,41,60,1 pack (6 pcs),4.8 (1.9k),Sold Out,https://www.zeptonow.com/pn/kwality-combo-breakfast-cereals-pouch/pvid/075fb0e1-8325-495e-bad1-0b01b577b84b,"https://cdn.zeptonow.com/production/tr:w-1280,ar-2500-2500,pr-true,f-auto,q-80/cms/product_variant/c66b8d4b-2a49-40f8-a0c2-992f0a49dd78.jpeg"
Breakfast & Sauces,Ketchup & Sauces,"https://cdn.zeptonow.com/production/tr:w-90,ar-120-120,pr-true,f-auto,q-80/cms/sub_category/159.png",Veeba Tomato Ketchup - Chef's Special,Veeba,80,120,900 g,4.7 (22.8k),In Stock,https://www.zeptonow.com/pn/veeba-tomato-ketchup-chefs-special/pvid/43ed0ee1-15a1-4f32-82b3-f01909904d4b,"https://cdn.zeptonow.com/production/tr:w-1280,ar-1200-1200,pr-true,f-auto,q-80/cms/product_variant/11945376-e922-4e4e-96fe-d3232f8c4593.jpeg"
Breakfast & Sauces,Ketchup & Sauces,"https://cdn.zeptonow.com/production/tr:w-90,ar-120-120,pr-true,f-auto,q-80/cms/sub_category/159.png",Veeba Smokey Barbeque Sauce,Veeba,175,175,330 g,4.4 (632),In Stock,https://www.zeptonow.com/pn/veeba-smokey-barbeque-sauce/pvid/f4442fc6-ed19-4269-811f-a68fd6345097,"https://cdn.zeptonow.com/production/tr:w-1280,ar-1200-1200,pr-true,f-auto,q-80/cms/product_variant/04a54282-85fb-45cc-9eb6-49139c4712f6.jpeg"
Breakfast & Sauces,Ketchup & Sauces,"https://cdn.zeptonow.com/production/tr:w-90,ar-120-120,pr-true,f-auto,q-80/cms/sub_category/159.png",Veeba Sriracha Chilli Hot Sauce,Veeba,174,175,320 g,4.6 (289),In Stock,https://www.zeptonow.com/pn/veeba-sriracha-chilli-hot-sauce/pvid/96ba9afb-8f96-4987-8df9-5ee1774f7446,"https://cdn.zeptonow.com/production/tr:w-1280,ar-1200-1200,pr-true,f-auto,q-80/cms/product_variant/6a4b54e5-ef69-49b0-b3b8-5416313727c2.jpeg"
Breakfast & Sauces,Ketchup & Sauces,"https://cdn.zeptonow.com/production/tr:w-90,ar-120-120,pr-true,f-auto,q-80/cms/sub_category/159.png",Veeba Tomato Ketchup No Added Sugar,Veeba,187,219,460 g,4.9 (298),In Stock,https://www.zeptonow.com/pn/veeba-tomato-ketchup-no-added-sugar/pvid/83090b1c-23d2-4c88-80ed-ea4eac6082bb,"https://cdn.zeptonow.com/production/tr:w-1280,ar-1200-1200,pr-true,f-auto,q-80/cms/product_variant/c21399a7-9bf3-441f-81e0-9b5a069ab5df.jpeg"
Breakfast & Sauces,Ketchup & Sauces,"https://cdn.zeptonow.com/production/tr:w-90,ar-120-120,pr-true,f-auto,q-80/cms/sub_category/159.png",Veeba Peri Peri Hot Sauce,Veeba,175,175,300 g,4.7 (246),In Stock,https://www.zeptonow.com/pn/veeba-peri-peri-hot-sauce/pvid/89cb6ddb-3f5f-4ecb-b44f-e1a4e62859e1,"https://cdn.zeptonow.com/production/tr:w-1280,ar-1200-1200,pr-true,f-auto,q-80/cms/product_variant/d9d190a2-bf24-4293-a4c3-0bcc125001f0.jpeg"
Breakfast & Sauces,Ketchup & Sauces,"https://cdn.zeptonow.com/production/tr:w-90,ar-120-120,pr-true,f-auto,q-80/cms/sub_category/159.png",Knorr Green Chilli Sauce,Knorr,48,60,200 g,4.6 (3.3k),In Stock,https://www.zeptonow.com/pn/knorr-green-chilli-sauce/pvid/c26e1ce1-cd54-4c6c-9d53-13621a30ddda,"https://cdn.zeptonow.com/production/tr:w-1280,ar-1021-1021,pr-true,f-auto,q-80/cms/product_variant/9aaf0f60-1ac5-45c5-9174-7ce9e308e56a.jpeg"
Breakfast & Sauces,Ketchup & Sauces,"https://cdn.zeptonow.com/production/tr:w-90,ar-120-120,pr-true,f-auto,q-80/cms/sub_category/159.png",Knorr Dark Soya Sauce,Knorr,48,60,200 g,4.7 (3.7k),In Stock,https://www.zeptonow.com/pn/knorr-dark-soya-sauce/pvid/bc74ec54-8cd1-4204-b487-099b2e151237,"https://cdn.zeptonow.com/production/tr:w-1280,ar-1021-1021,pr-true,f-auto,q-80/cms/product_variant/03a62173-880e-4b5f-be7c-45349f83b6b1.jpeg"
Breakfast & Sauces,Ketchup & Sauces,"https://cdn.zeptonow.com/production/tr:w-90,ar-120-120,pr-true,f-auto,q-80/cms/sub_category/159.png",Knorr Red Chilli Sauce,Knorr,48,60,200 g,4.7 (2.9k),In Stock,https://www.zeptonow.com/pn/knorr-red-chilli-sauce/pvid/bf503408-0e0c-40fa-8739-dc3b9baa7e41,"https://cdn.zeptonow.com/production/tr:w-1280,ar-1021-1021,pr-true,f-auto,q-80/cms/product_variant/95a9467e-813c-465e-9e59-d15f322bde88.jpeg"
Breakfast & Sauces,Ketchup & Sauces,"https://cdn.zeptonow.com/production/tr:w-90,ar-120-120,pr-true,f-auto,q-80/cms/sub_category/159.png",Knorr Schezwan Sauce,Knorr,62,70,200 g,4.8 (6.2k),In Stock,https://www.zeptonow.com/pn/knorr-schezwan-sauce/pvid/95de0d73-1944-4b75-9c15-5003ef493806,"https://cdn.zeptonow.com/production/tr:w-1280,ar-1200-1200,pr-true,f-auto,q-80/cms/product_variant/17d3a8bd-a586-4577-bba0-918abdc33746.jpeg"
Breakfast & Sauces,Ketchup & Sauces,"https://cdn.zeptonow.com/production/tr:w-90,ar-120-120,pr-true,f-auto,q-80/cms/sub_category/159.png",Knorr Sauce Pizza and Pasta,Knorr,57,65,200 g,4.7 (15.3k),In Stock,https://www.zeptonow.com/pn/knorr-sauce-pizza-and-pasta/pvid/1ab6a62a-a1bc-4368-8f7d-3e027ca57bab,"https://cdn.zeptonow.com/production/tr:w-1280,ar-1100-1100,pr-true,f-auto,q-80/cms/product_variant/e5690005-887a-4600-a02d-48666450bb6d.png"
Breakfast & Sauces,Ketchup & Sauces,"https://cdn.zeptonow.com/production/tr:w-90,ar-120-120,pr-true,f-auto,q-80/cms/sub_category/159.png",Del Monte Classic Blend Tomato Ketchup,Del Monte,88,130,900 g,4.7 (29.4k),In Stock,https://www.zeptonow.com/pn/del-monte-classic-blend-tomato-ketchup/pvid/fddeda02-caff-4a4c-96e6-580d46e5c31b,"https://cdn.zeptonow.com/production/tr:w-1280,ar-1200-1200,pr-true,f-auto,q-80/cms/product_variant/24c1b1a0-55d8-4b07-ac60-7f1ea645b3a5.jpeg"
Breakfast & Sauces,Ketchup & Sauces,"https://cdn.zeptonow.com/production/tr:w-90,ar-120-120,pr-true,f-auto,q-80/cms/sub_category/159.png",Del Monte Classic Blend Tomato Ketchup,Del Monte,65,95,450 g,4.7 (28.8k),In Stock,https://www.zeptonow.com/pn/del-monte-classic-blend-tomato-ketchup/pvid/39134d42-8e23-4783-ac3a-fe36d997df29,"https://cdn.zeptonow.com/production/tr:w-1280,ar-1200-1200,pr-true,f-auto,q-80/cms/product_variant/c26b25d7-b9f2-4a21-8b04-27cd143664b3.jpeg"
Breakfast & Sauces,Ketchup & Sauces,"https://cdn.zeptonow.com/production/tr:w-90,ar-120-120,pr-true,f-auto,q-80/cms/sub_category/159.png",MasterChow Spicy Sichuan Chilli Oil,MasterChow,222,295,170 g,4.7 (740),In Stock,https://www.zeptonow.com/pn/masterchow-spicy-sichuan-chilli-oil/pvid/46c6411a-46d8-41ef-9777-af5b1c11429a,"https://cdn.zeptonow.com/production/tr:w-1280,ar-4500-4500,pr-true,f-auto,q-80/cms/product_variant/9f15d7fb-59e2-4446-bb56-eb9dfe497685.jpeg"
Breakfast & Sauces,Ketchup & Sauces,"https://cdn.zeptonow.com/production/tr:w-90,ar-120-120,pr-true,f-auto,q-80/cms/sub_category/159.png",The Gourmet Jar Arrabbiata Pasta Sauce,The,276,299,390 g,5 (74),In Stock,https://www.zeptonow.com/pn/the-gourmet-jar-arrabbiata-pasta-sauce/pvid/84bc676b-e41a-43f4-9041-9c47f60b3029,"https://cdn.zeptonow.com/production/tr:w-1280,ar-1080-1080,pr-true,f-auto,q-80/cms/product_variant/4984ff97-c5f4-4210-aad1-332f1cad6c6f.jpg"
Breakfast & Sauces,Ketchup & Sauces,"https://cdn.zeptonow.com/production/tr:w-90,ar-120-120,pr-true,f-auto,q-80/cms/sub_category/159.png",The Gourmet Jar French Vinaigrette,The,276,299,250 g,4.5 (66),In Stock,https://www.zeptonow.com/pn/the-gourmet-jar-french-vinaigrette/pvid/9ba234ea-8b09-47bd-9694-f22d2a999c8d,"https://cdn.zeptonow.com/production/tr:w-1280,ar-1080-1080,pr-true,f-auto,q-80/cms/product_variant/3803b70d-f089-4818-83b3-51cbdc3ab90c.jpg"
Breakfast & Sauces,Ketchup & Sauces,"https://cdn.zeptonow.com/production/tr:w-90,ar-120-120,pr-true,f-auto,q-80/cms/sub_category/159.png",Naagin Hot Sauce Smoky Bhoot Jolokia - Extra Spicy Pepper Chilli Sauce,Naagin,175,250,230 g,4.9 (122),In Stock,https://www.zeptonow.com/pn/naagin-hot-sauce-smoky-bhoot-jolokia-extra-spicy-pepper-chilli-sauce/pvid/32568f76-9ebd-42ce-b438-682a7fa2c00f,"https://cdn.zeptonow.com/production/tr:w-1280,ar-2000-2000,pr-true,f-auto,q-80/cms/product_variant/29773647-adb1-48a1-b96f-4976437b6285.jpeg"
Breakfast & Sauces,Ketchup & Sauces,"https://cdn.zeptonow.com/production/tr:w-90,ar-120-120,pr-true,f-auto,q-80/cms/sub_category/159.png",The Gourmet Jar Classic Pizza Sauce,The,276,299,390 g,4.3 (153),In Stock,https://www.zeptonow.com/pn/the-gourmet-jar-classic-pizza-sauce/pvid/9ba41851-233f-46b9-bd4e-70c54ea4e82d,"https://cdn.zeptonow.com/production/tr:w-1280,ar-2400-2400,pr-true,f-auto,q-80/cms/product_variant/f7e839c3-51cd-41d0-80df-3eedbae19109.jpeg"
Breakfast & Sauces,Ketchup & Sauces,"https://cdn.zeptonow.com/production/tr:w-90,ar-120-120,pr-true,f-auto,q-80/cms/sub_category/159.png",Kissan Fresh Tomato Ketchup DOY,Kissan,110,150,1.1 kg,4.7 (28.8k),In Stock,https://www.zeptonow.com/pn/kissan-fresh-tomato-ketchup-doy/pvid/6b74c69b-6c46-491c-9948-0f83b97199ab,"https://cdn.zeptonow.com/production/tr:w-1280,ar-1000-1000,pr-true,f-auto,q-80/cms/product_variant/4e32093a-304d-430c-b0ff-d776d03bb586.jpeg"
Breakfast & Sauces,Ketchup & Sauces,"https://cdn.zeptonow.com/production/tr:w-90,ar-120-120,pr-true,f-auto,q-80/cms/sub_category/159.png",Troovy Healthy Tomato Sauce (Chemical-Free),Troovy,165,165,340 g,4.7 (185),In Stock,https://www.zeptonow.com/pn/troovy-healthy-tomato-sauce-chemical-free/pvid/49c383f3-ab5d-4e45-a205-0fafe4232eff,"https://cdn.zeptonow.com/production/tr:w-1280,ar-2700-2700,pr-true,f-auto,q-80/cms/product_variant/4fe5dcf8-adaf-4ff6-8964-5bc6200b2bb7.jpg"
Breakfast & Sauces,Ketchup & Sauces,"https://cdn.zeptonow.com/production/tr:w-90,ar-120-120,pr-true,f-auto,q-80/cms/sub_category/159.png",Yu 100% Original Chilli Oil - Crispy & Bold,Yu,159,225,170 g,4.3 (85),In Stock,https://www.zeptonow.com/pn/yu-100-original-chilli-oil-crispy-bold/pvid/7b476a69-f04a-44d5-b11f-11bb32cc065f,"https://cdn.zeptonow.com/production/tr:w-1280,ar-1080-1080,pr-true,f-auto,q-80/cms/product_variant/3f7de981-253e-4e59-b331-dd9cd1210d69.jpg"
Breakfast & Sauces,Ketchup & Sauces,"https://cdn.zeptonow.com/production/tr:w-90,ar-120-120,pr-true,f-auto,q-80/cms/sub_category/159.png",Moi Soi Sichuan Chilli Oil- For Stir Fry Marinade Spread & Dip,Moi,224,280,175 g,4.9 (213),In Stock,https://www.zeptonow.com/pn/moi-soi-sichuan-chilli-oil-for-stir-fry-marinade-spread-dip/pvid/cf02d1c6-3257-48c0-ac4b-3a6e1649166d,"https://cdn.zeptonow.com/production/tr:w-1280,ar-2000-2000,pr-true,f-auto,q-80/cms/product_variant/cc0e59d6-7a92-434e-9ed5-a5e027fc82a1.jpeg"
Breakfast & Sauces,Ketchup & Sauces,"https://cdn.zeptonow.com/production/tr:w-90,ar-120-120,pr-true,f-auto,q-80/cms/sub_category/159.png",NAAGIN Indian Hot Chilli Spicy Sauce - The 65,NAAGIN,175,250,230 g,4.9 (80),In Stock,https://www.zeptonow.com/pn/naagin-indian-hot-chilli-spicy-sauce-the-65/pvid/9606f04b-e43d-44c5-bbf9-6cb81443aa13,"https://cdn.zeptonow.com/production/tr:w-1280,ar-1000-1000,pr-true,f-auto,q-80/cms/product_variant/fdb71135-bb3f-4b5c-bd57-b53c68c6609b.jpeg"
Breakfast & Sauces,Ketchup & Sauces,"https://cdn.zeptonow.com/production/tr:w-90,ar-120-120,pr-true,f-auto,q-80/cms/sub_category/159.png",MasterChow 2X Spicy Sichuan Chilli Oil,MasterChow,236,295,170 g,4.4 (521),In Stock,https://www.zeptonow.com/pn/masterchow-2x-spicy-sichuan-chilli-oil/pvid/8589c751-bcd1-4de8-85f4-00b24368e276,"https://cdn.zeptonow.com/production/tr:w-1280,ar-4500-4500,pr-true,f-auto,q-80/cms/product_variant/3ea0c31a-8002-4788-bb25-98be8bb29de8.jpeg"
Breakfast & Sauces,Ketchup & Sauces,"https://cdn.zeptonow.com/production/tr:w-90,ar-120-120,pr-true,f-auto,q-80/cms/sub_category/159.png",Del Monte Tomato Ketchup Sweet and Spicy Pouch,Del Monte,104,135,900 g,4.4 (2.4k),In Stock,https://www.zeptonow.com/pn/del-monte-tomato-ketchup-sweet-and-spicy-pouch/pvid/933d9f37-3746-4c0c-93ea-70c06fd46b40,"https://cdn.zeptonow.com/production/tr:w-1280,ar-825-823,pr-true,f-auto,q-80/cms/product_variant/53b3d86d-67f5-4f21-87a4-8ca613e7acfe.jpg"
Breakfast & Sauces,Ketchup & Sauces,"https://cdn.zeptonow.com/production/tr:w-90,ar-120-120,pr-true,f-auto,q-80/cms/sub_category/159.png",MasterChow White Vinegar,MasterChow,55,69,170 ml,4.7 (5.0k),In Stock,https://www.zeptonow.com/pn/masterchow-white-vinegar/pvid/994974ed-3cba-4b11-ba4b-ae23e03a6eb7,"https://cdn.zeptonow.com/production/tr:w-1280,ar-1200-1200,pr-true,f-auto,q-80/cms/product_variant/31f06cb6-440b-4ea4-81a4-777e03da88c3.jpeg"
Breakfast & Sauces,Ketchup & Sauces,"https://cdn.zeptonow.com/production/tr:w-90,ar-120-120,pr-true,f-auto,q-80/cms/sub_category/159.png","MOI SOI Korean Chilli Oil - Vegan, Used As Spread, Marinade & Dip",MOI,224,280,175 g,4.7 (104),In Stock,https://www.zeptonow.com/pn/moi-soi-korean-chilli-oil-vegan-used-as-spread-marinade-dip/pvid/a905cbcd-2076-442b-bcf7-30f6cb585fbf,"https://cdn.zeptonow.com/production/tr:w-1280,ar-2000-2000,pr-true,f-auto,q-80/cms/product_variant/900ac8dd-f794-4472-9efd-24ac1b97a437.jpeg"
Breakfast & Sauces,Ketchup & Sauces,"https://cdn.zeptonow.com/production/tr:w-90,ar-120-120,pr-true,f-auto,q-80/cms/sub_category/159.png",MasterChow Dark Soya Sauce,MasterChow,59,69,210 g,4.6 (3.6k),In Stock,https://www.zeptonow.com/pn/masterchow-dark-soya-sauce/pvid/9d888be5-c237-4737-84c7-9478749fb5db,"https://cdn.zeptonow.com/production/tr:w-1280,ar-1080-1080,pr-true,f-auto,q-80/cms/product_variant/c84f6977-cdcb-4476-a24d-b1ef95d4e70c.jpeg"
Breakfast & Sauces,Ketchup & Sauces,"https://cdn.zeptonow.com/production/tr:w-90,ar-120-120,pr-true,f-auto,q-80/cms/sub_category/159.png",MasterChow Chowmein Cooking Sauce,MasterChow,144,170,220 g,4.6 (746),In Stock,https://www.zeptonow.com/pn/masterchow-chowmein-cooking-sauce/pvid/4f0fa774-5ddf-443a-9a0d-377974cd2a75,"https://cdn.zeptonow.com/production/tr:w-1280,ar-4500-4500,pr-true,f-auto,q-80/cms/product_variant/b8619a97-2def-4e94-a577-2d9c05d1a023.jpeg"
Breakfast & Sauces,Ketchup & Sauces,"https://cdn.zeptonow.com/production/tr:w-90,ar-120-120,pr-true,f-auto,q-80/cms/sub_category/159.png",Ching's Secret Red Chilli Sauce | Bold | Fiery And Aromatic,Ching's Secret,55,60,200 g,4.8 (11.4k),In Stock,https://www.zeptonow.com/pn/chings-secret-red-chilli-sauce-bold-fiery-and-aromatic/pvid/7e7bad4a-b177-4314-a2e5-dd06e57cfdf4,"https://cdn.zeptonow.com/production/tr:w-1280,ar-1176-1176,pr-true,f-auto,q-80/cms/product_variant/06c9649a-cccc-4091-b55f-fba4b48350c0.jpeg"
Breakfast & Sauces,Ketchup & Sauces,"https://cdn.zeptonow.com/production/tr:w-90,ar-120-120,pr-true,f-auto,q-80/cms/sub_category/159.png",Kissan Fresh Tomato Ketchup,Kissan,105,105,850 g,4.7 (46.8k),In Stock,https://www.zeptonow.com/pn/kissan-fresh-tomato-ketchup/pvid/065707f5-d5fc-4c08-a13a-caba8e89a63c,"https://cdn.zeptonow.com/production/tr:w-1280,ar-1200-1200,pr-true,f-auto,q-80/cms/product_variant/5384ed9b-031e-4851-addd-235b4659f3f2.jpeg"
Breakfast & Sauces,Ketchup & Sauces,"https://cdn.zeptonow.com/production/tr:w-90,ar-120-120,pr-true,f-auto,q-80/cms/sub_category/159.png",Maggi Hot & Sweet Tomato Chilli Sauce,Maggi,157,185,1 kg,4.7 (9.1k),In Stock,https://www.zeptonow.com/pn/maggi-hot-sweet-tomato-chilli-sauce/pvid/4da9ec0a-ed27-4129-b24c-c5572cd79868,"https://cdn.zeptonow.com/production/tr:w-1280,ar-2000-2000,pr-true,f-auto,q-80/cms/product_variant/d61f9716-aa66-4cf3-920f-843c2460130f.jpeg"
Breakfast & Sauces,Ketchup & Sauces,"https://cdn.zeptonow.com/production/tr:w-90,ar-120-120,pr-true,f-auto,q-80/cms/sub_category/159.png",Kissan Fresh Tomato Ketchup,Kissan,120,120,500 g,4.7 (2.6k),In Stock,https://www.zeptonow.com/pn/kissan-fresh-tomato-ketchup/pvid/0ee18bd3-bc17-47f1-ab78-351ed350ff97,"https://cdn.zeptonow.com/production/tr:w-1280,ar-2400-2400,pr-true,f-auto,q-80/cms/product_variant/fe796cd7-0136-4e95-80d3-91b8c3569afc.jpeg"
Breakfast & Sauces,Ketchup & Sauces,"https://cdn.zeptonow.com/production/tr:w-90,ar-120-120,pr-true,f-auto,q-80/cms/sub_category/159.png",Maggi Rich Tomato Ketchup- Pichkoo,Maggi,115,115,480 g,4.7 (2.9k),In Stock,https://www.zeptonow.com/pn/maggi-rich-tomato-ketchup-pichkoo/pvid/7958966c-422d-4dc2-8f05-5669ad374fbe,"https://cdn.zeptonow.com/production/tr:w-1280,ar-2000-2000,pr-true,f-auto,q-80/cms/product_variant/164d6af8-e399-4e78-9718-933a8709e5f5.jpeg"
Breakfast & Sauces,Ketchup & Sauces,"https://cdn.zeptonow.com/production/tr:w-90,ar-120-120,pr-true,f-auto,q-80/cms/sub_category/159.png",Maggi Rich Tomato Ketchup- Pichkoo,Maggi,75,75,190 g,4.7 (3.5k),In Stock,https://www.zeptonow.com/pn/maggi-rich-tomato-ketchup-pichkoo/pvid/49e53bd8-999b-4761-960d-d5a44bf32b3a,"https://cdn.zeptonow.com/production/tr:w-1280,ar-2000-2000,pr-true,f-auto,q-80/cms/product_variant/7218cbf2-735d-4483-ac59-c1a2a2092714.jpeg"
Breakfast & Sauces,Ketchup & Sauces,"https://cdn.zeptonow.com/production/tr:w-90,ar-120-120,pr-true,f-auto,q-80/cms/sub_category/159.png",Heinz Tomato Ketchup,Heinz,214,285,900 g,4.7 (550),In Stock,https://www.zeptonow.com/pn/heinz-tomato-ketchup/pvid/19608082-8e9f-4ddc-bb46-57c3e9c66008,"https://cdn.zeptonow.com/production/tr:w-1280,ar-1500-1500,pr-true,f-auto,q-80/cms/product_variant/fb1606fa-2ede-49d4-b35d-c86d3bb5eb95.jpeg"
Breakfast & Sauces,Ketchup & Sauces,"https://cdn.zeptonow.com/production/tr:w-90,ar-120-120,pr-true,f-auto,q-80/cms/sub_category/159.png",MasterChow Red Chilli Sauce,MasterChow,57,69,200 g,4.6 (3.3k),In Stock,https://www.zeptonow.com/pn/masterchow-red-chilli-sauce/pvid/fef1e4a7-3f65-4c81-83a8-59b9d4f328db,"https://cdn.zeptonow.com/production/tr:w-1280,ar-2400-2400,pr-true,f-auto,q-80/cms/product_variant/427b934d-9f93-4665-aee4-f987c45329d1.jpeg"
Breakfast & Sauces,Ketchup & Sauces,"https://cdn.zeptonow.com/production/tr:w-90,ar-120-120,pr-true,f-auto,q-80/cms/sub_category/159.png",Maggi Hot & Sweet Tomato Chilli Sauce,Maggi,130,130,500 g,4.7 (7.4k),In Stock,https://www.zeptonow.com/pn/maggi-hot-sweet-tomato-chilli-sauce/pvid/c21fe074-ec15-4b44-b152-b9ee83dfe6b0,"https://cdn.zeptonow.com/production/tr:w-1280,ar-2000-2000,pr-true,f-auto,q-80/cms/product_variant/9f5d1803-32ce-43b8-a68b-03e40352a658.jpeg"
Breakfast & Sauces,Ketchup & Sauces,"https://cdn.zeptonow.com/production/tr:w-90,ar-120-120,pr-true,f-auto,q-80/cms/sub_category/159.png",Kissan No-Onion No-Garlic Tomato Sauce,Kissan,109,130,850 g,4.8 (4.1k),In Stock,https://www.zeptonow.com/pn/kissan-no-onion-no-garlic-tomato-sauce/pvid/b958d678-7256-4415-a3da-405e940b9dd5,"https://cdn.zeptonow.com/production/tr:w-1280,ar-1100-1100,pr-true,f-auto,q-80/cms/product_variant/2a127506-8347-4cdb-80d0-28a834a8f9e3.jpeg"
Breakfast & Sauces,Ketchup & Sauces,"https://cdn.zeptonow.com/production/tr:w-90,ar-120-120,pr-true,f-auto,q-80/cms/sub_category/159.png",Troovy Healthy Pizza Pasta Sauce & Dip (Chemical-Free),Troovy,220,220,340 g,4.4 (87),In Stock,https://www.zeptonow.com/pn/troovy-healthy-pizza-pasta-sauce-dip-chemical-free/pvid/e13f032f-bfd1-47ae-b6b8-2558867f8724,"https://cdn.zeptonow.com/production/tr:w-1280,ar-1000-1000,pr-true,f-auto,q-80/cms/product_variant/4f09d678-169c-45ff-bcca-d7c5a86a4dda.jpeg"
Breakfast & Sauces,Ketchup & Sauces,"https://cdn.zeptonow.com/production/tr:w-90,ar-120-120,pr-true,f-auto,q-80/cms/sub_category/159.png",Maggi Hot & Sweet Tomato Chilli Sauce,Maggi,80,80,200 g,4.7 (9.3k),In Stock,https://www.zeptonow.com/pn/maggi-hot-sweet-tomato-chilli-sauce/pvid/23175d4b-483c-470c-8135-3e0a4b706e09,"https://cdn.zeptonow.com/production/tr:w-1280,ar-2000-2000,pr-true,f-auto,q-80/cms/product_variant/672b5b30-10b3-4b87-a6e8-ad2dd43366e2.jpeg"
Breakfast & Sauces,Ketchup & Sauces,"https://cdn.zeptonow.com/production/tr:w-90,ar-120-120,pr-true,f-auto,q-80/cms/sub_category/159.png",Dr. Oetker FunFoods Pasta And Pizza Red Sauce Preservative Free,Dr.,96,99,315 g,4.8 (3.3k),In Stock,https://www.zeptonow.com/pn/dr-oetker-funfoods-pasta-and-pizza-red-sauce-preservative-free/pvid/7d2fbd64-8562-4e18-ab7c-d2a3b313b1bd,"https://cdn.zeptonow.com/production/tr:w-1280,ar-1200-1200,pr-true,f-auto,q-80/cms/product_variant/60c307ef-9019-4127-9a74-4f180929d583.jpeg"
Breakfast & Sauces,Ketchup & Sauces,"https://cdn.zeptonow.com/production/tr:w-90,ar-120-120,pr-true,f-auto,q-80/cms/sub_category/159.png",Maggi Rich Tomato Ketchup,Maggi,155,170,960 g,4.7 (2.5k),In Stock,https://www.zeptonow.com/pn/maggi-rich-tomato-ketchup/pvid/707b0ef0-2bb4-46d1-bcef-6671d283ceb2,"https://cdn.zeptonow.com/production/tr:w-1280,ar-2000-2000,pr-true,f-auto,q-80/cms/product_variant/5249067b-ba60-45b9-beb3-3c0083cbd50c.jpeg"
Breakfast & Sauces,Ketchup & Sauces,"https://cdn.zeptonow.com/production/tr:w-90,ar-120-120,pr-true,f-auto,q-80/cms/sub_category/159.png",Naagin Hot Sauce Kantha Bomb - Spicy Green Chilli Sauce,Naagin,175,250,230 g,5 (51),In Stock,https://www.zeptonow.com/pn/naagin-hot-sauce-kantha-bomb-spicy-green-chilli-sauce/pvid/867b17a7-c57d-4683-ab42-2a721d717b40,"https://cdn.zeptonow.com/production/tr:w-1280,ar-1000-1000,pr-true,f-auto,q-80/cms/product_variant/8dc6666d-d747-4bdb-8594-5bcf6fd34488.jpeg"
Breakfast & Sauces,Ketchup & Sauces,"https://cdn.zeptonow.com/production/tr:w-90,ar-120-120,pr-true,f-auto,q-80/cms/sub_category/159.png","Ching's Secret White Chilli Vinegar, With Green Jwala Chilli, Bold and Intense Flavour",Ching's Secret,47,50,170 ml,4.8 (4.8k),In Stock,https://www.zeptonow.com/pn/chings-secret-white-chilli-vinegar-with-green-jwala-chilli-bold-and-intense-flavour/pvid/e9331772-80ed-4cc3-9f59-8d420987349e,"https://cdn.zeptonow.com/production/tr:w-1280,ar-1200-1200,pr-true,f-auto,q-80/cms/product_variant/ab429154-8c71-4b80-a83b-7cf49ead25e1.jpeg"
Breakfast & Sauces,Ketchup & Sauces,"https://cdn.zeptonow.com/production/tr:w-90,ar-120-120,pr-true,f-auto,q-80/cms/sub_category/159.png",Dabur Hommade Tomato Puree,Dabur,25,27,200 g,4.7 (5.9k),In Stock,https://www.zeptonow.com/pn/dabur-hommade-tomato-puree/pvid/6c9558ba-b38f-4786-b651-b8ff1d1bce29,"https://cdn.zeptonow.com/production/tr:w-1280,ar-1200-1200,pr-true,f-auto,q-80/cms/product_variant/7f9b3f6d-6c2a-4b0d-b88a-36575404f65a.jpeg"
Breakfast & Sauces,Ketchup & Sauces,"https://cdn.zeptonow.com/production/tr:w-90,ar-120-120,pr-true,f-auto,q-80/cms/sub_category/159.png",NAAGIN Pantry Essentials - Premium Salsa Sauce,NAAGIN,140,200,200 g,4.1 (92),In Stock,https://www.zeptonow.com/pn/naagin-pantry-essentials-premium-salsa-sauce/pvid/062b6a2a-f511-409e-9749-98c2958d1312,"https://cdn.zeptonow.com/production/tr:w-1280,ar-1000-1000,pr-true,f-auto,q-80/cms/product_variant/aa12402a-6fa7-4f15-8f55-ebb5f6448034.jpeg"
Breakfast & Sauces,Ketchup & Sauces,"https://cdn.zeptonow.com/production/tr:w-90,ar-120-120,pr-true,f-auto,q-80/cms/sub_category/159.png",Wingreens Farms Pizza & Pasta Sauce,Wingreens,75,75,180 g,4.7 (4.6k),In Stock,https://www.zeptonow.com/pn/wingreens-farms-pizza-pasta-sauce/pvid/77c640ca-2aa3-4311-bc4e-9bf3039e5831,"https://cdn.zeptonow.com/production/tr:w-1280,ar-1200-1200,pr-true,f-auto,q-80/cms/product_variant/28cba351-25e0-4de8-9794-ed3833cb7ab0.jpeg"
Breakfast & Sauces,Ketchup & Sauces,"https://cdn.zeptonow.com/production/tr:w-90,ar-120-120,pr-true,f-auto,q-80/cms/sub_category/159.png",Smith & Jones - Pizza and Pasta Sauce,Smith,76,80,250 g,4.9 (130),In Stock,https://www.zeptonow.com/pn/smith-jones-pizza-and-pasta-sauce/pvid/fe959b8d-5a18-4d3d-8298-ca4ba3e20df6,"https://cdn.zeptonow.com/production/tr:w-1280,ar-1200-1200,pr-true,f-auto,q-80/cms/product_variant/1e2bafa5-5e10-4750-b5f9-60dddfef2331.jpg"
Breakfast & Sauces,Ketchup & Sauces,"https://cdn.zeptonow.com/production/tr:w-90,ar-120-120,pr-true,f-auto,q-80/cms/sub_category/159.png",Del Monte Quality Tomato Ketchup No Onion No Garlic,Del Monte,116,125,900 g,4.6 (967),In Stock,https://www.zeptonow.com/pn/del-monte-quality-tomato-ketchup-no-onion-no-garlic/pvid/4e047ff2-014c-4c46-9255-8d3321e5d4e1,"https://cdn.zeptonow.com/production/tr:w-1280,ar-2000-2000,pr-true,f-auto,q-80/cms/product_variant/cb12a072-7a05-48e8-ab7d-0ac49fac6c6f.jpeg"
Breakfast & Sauces,Ketchup & Sauces,"https://cdn.zeptonow.com/production/tr:w-90,ar-120-120,pr-true,f-auto,q-80/cms/sub_category/159.png",Knorr Sauce Pizza and Pasta 200 g X 2 Combo,Knorr,112,130,200 g X 2,4.4 (507),In Stock,https://www.zeptonow.com/pn/knorr-sauce-pizza-and-pasta-200-g-x-2-combo/pvid/eb9f03a9-2ba7-4766-b294-05186cf54ea8,"https://cdn.zeptonow.com/production/tr:w-1280,ar-1200-1200,pr-true,f-auto,q-80/cms/product_variant/89cb4fc2-2d32-4f44-802b-47e45c8f3060.jpg"
Breakfast & Sauces,Ketchup & Sauces,"https://cdn.zeptonow.com/production/tr:w-90,ar-120-120,pr-true,f-auto,q-80/cms/sub_category/159.png",Del Monte Classic Blend Tomato Ketchup(500gms) & Maggi 2- Minute Instant Masala Noodles(280gms) Combo,Del Monte,122,155,2 combo,4.2 (937),In Stock,https://www.zeptonow.com/pn/del-monte-classic-blend-tomato-ketchup500gms-maggi-2-minute-instant-masala-noodles280gms-combo/pvid/88a174db-7691-4e56-a656-7e3a769ac264,"https://cdn.zeptonow.com/production/tr:w-1280,ar-1494-1494,pr-true,f-auto,q-80/cms/product_variant/d42888f7-dd45-43dc-b7a3-7258e4e98828.jpg"
Breakfast & Sauces,Ketchup & Sauces,"https://cdn.zeptonow.com/production/tr:w-90,ar-120-120,pr-true,f-auto,q-80/cms/sub_category/159.png",Del Monte Classic Blend Tomato Ketchup 450 g Combo,Del Monte,116,190,450 g X 2,4.6 (647),In Stock,https://www.zeptonow.com/pn/del-monte-classic-blend-tomato-ketchup-450-g-combo/pvid/6af621d8-2a9b-47d3-9fdf-f7815ed0e401,"https://cdn.zeptonow.com/production/tr:w-1280,ar-1500-1500,pr-true,f-auto,q-80/cms/product_variant/b885732f-03e5-41e6-bad2-ef2ed6e40346.jpg"
Breakfast & Sauces,Ketchup & Sauces,"https://cdn.zeptonow.com/production/tr:w-90,ar-120-120,pr-true,f-auto,q-80/cms/sub_category/159.png",Knorr Green Chilli Sauce Combo,Knorr,90,120,200 g X 2,4.6 (365),In Stock,https://www.zeptonow.com/pn/knorr-green-chilli-sauce-combo/pvid/c00d16fd-e4fa-4ba1-992a-fa0041bef9b5,"https://cdn.zeptonow.com/production/tr:w-1280,ar-1200-1200,pr-true,f-auto,q-80/cms/product_variant/fd2cfa15-1720-4f33-ac38-0d17c3a3ff95.jpg"
Breakfast & Sauces,Ketchup & Sauces,"https://cdn.zeptonow.com/production/tr:w-90,ar-120-120,pr-true,f-auto,q-80/cms/sub_category/159.png",Knorr Red Chilli Sauce (360g) & Knorr Green Chilli Sauce (200g) & Knorr Dark Soya Sauce (360g) Combo,Knorr,144,180,3 combo,4.6 (792),In Stock,https://www.zeptonow.com/pn/knorr-red-chilli-sauce-360g-knorr-green-chilli-sauce-200g-knorr-dark-soya-sauce-360g-combo/pvid/353dc201-4cba-47e1-aaf5-f0c3a9a01b10,"https://cdn.zeptonow.com/production/tr:w-1280,ar-1200-1200,pr-true,f-auto,q-80/cms/product_variant/98d26b0a-0804-4e92-b7fb-1416929019b8.jpg"
Breakfast & Sauces,Ketchup & Sauces,"https://cdn.zeptonow.com/production/tr:w-90,ar-120-120,pr-true,f-auto,q-80/cms/sub_category/159.png",Ching's Secret Red Chilli Sauce | Bold | Fiery And Aromatic 200 g Combo,Ching's Secret,104,120,200 g X 2,4.2 (775),In Stock,https://www.zeptonow.com/pn/chings-secret-red-chilli-sauce-bold-fiery-and-aromatic-200-g-combo/pvid/7b0e647d-e6d1-4c4e-a4c2-6440df0b29cd,"https://cdn.zeptonow.com/production/tr:w-1280,ar-1500-1500,pr-true,f-auto,q-80/cms/product_variant/7287d9da-1b31-4b63-adea-78147a9395f5.jpg"
Breakfast & Sauces,Ketchup & Sauces,"https://cdn.zeptonow.com/production/tr:w-90,ar-120-120,pr-true,f-auto,q-80/cms/sub_category/159.png",Dabur Hommade Tomato Puree 200 g Combo,Dabur,57,81,200 g X 3,4.4 (669),In Stock,https://www.zeptonow.com/pn/dabur-hommade-tomato-puree-200-g-combo/pvid/88ab7c13-c73f-492b-917a-4a0b27cde952,"https://cdn.zeptonow.com/production/tr:w-1280,ar-1500-1500,pr-true,f-auto,q-80/inventory/product/f73e3d06-85e9-4721-a1a0-6cbb5ee33447-3419.jpg"
Breakfast & Sauces,Ketchup & Sauces,"https://cdn.zeptonow.com/production/tr:w-90,ar-120-120,pr-true,f-auto,q-80/cms/sub_category/159.png",Del Monte Classic Blend Tomato Ketchup Pouch (950gms) & Del Monte Eggless Mayo (500gms) Combo,Del Monte,184,279,2 combo,4.4 (75),In Stock,https://www.zeptonow.com/pn/del-monte-classic-blend-tomato-ketchup-pouch-950gms-del-monte-eggless-mayo-500gms-combo/pvid/9a33f12f-e1b7-4b8e-9ba5-59e5c58a0bc5,"https://cdn.zeptonow.com/production/tr:w-1280,ar-1000-1000,pr-true,f-auto,q-80/cms/product_variant/07462b0c-1e75-4c1f-967a-2271e6c1830a.jpeg"
Breakfast & Sauces,Ketchup & Sauces,"https://cdn.zeptonow.com/production/tr:w-90,ar-120-120,pr-true,f-auto,q-80/cms/sub_category/159.png",Knorr Sauce Pizza And Pasta (200g) & Knorr Schezwan Sauce (200g) Combo,Knorr,116,135,2 combo,4.3 (479),In Stock,https://www.zeptonow.com/pn/knorr-sauce-pizza-and-pasta-200g-knorr-schezwan-sauce-200g-combo/pvid/c674a33d-c51e-4c10-acc6-628cde2a54cf,"https://cdn.zeptonow.com/production/tr:w-1280,ar-1500-1500,pr-true,f-auto,q-80/cms/product_variant/cb08658c-1328-453a-90ce-01827b955172.jpg"
Breakfast & Sauces,Ketchup & Sauces,"https://cdn.zeptonow.com/production/tr:w-90,ar-120-120,pr-true,f-auto,q-80/cms/sub_category/159.png",Knorr Sauce Pizza And Pasta (200g) & The Health Factory Zero Maida Pizza Base | Clean Label - Not Brown (140g) Combo,Knorr,95,104,2 combo,4.6 (702),In Stock,https://www.zeptonow.com/pn/knorr-sauce-pizza-and-pasta-200g-the-health-factory-zero-maida-pizza-base-clean-label-not-brown-140g-combo/pvid/c9c56cb4-2ebf-449c-991c-42321a2b99b5,"https://cdn.zeptonow.com/production/tr:w-1280,ar-1200-1200,pr-true,f-auto,q-80/cms/product_variant/f384e3ee-5fc9-4f75-b47b-7f8fb66894c8.jpg"
Breakfast & Sauces,Ketchup & Sauces,"https://cdn.zeptonow.com/production/tr:w-90,ar-120-120,pr-true,f-auto,q-80/cms/sub_category/159.png",MasterChow Red Chilli Sauce 200 g Combo,MasterChow,104,138,200 g X 2,4.4 (784),In Stock,https://www.zeptonow.com/pn/masterchow-red-chilli-sauce-200-g-combo/pvid/c9ff11f1-af34-457e-b296-94ba8e16d9de,"https://cdn.zeptonow.com/production/tr:w-1280,ar-1500-1500,pr-true,f-auto,q-80/cms/product_variant/d8ed9198-e5b2-432f-9368-815831bf8e1a.jpg"
Breakfast & Sauces,Ketchup & Sauces,"https://cdn.zeptonow.com/production/tr:w-90,ar-120-120,pr-true,f-auto,q-80/cms/sub_category/159.png","Ching's Secret Schezwan Chutney, Spicy And Tangy, Dip Spread Cook (250 g) Combo",Ching's Secret,164,180,250 g X 2,4.7 (655),In Stock,https://www.zeptonow.com/pn/chings-secret-schezwan-chutney-spicy-and-tangy-dip-spread-cook-250-g-combo/pvid/9d98f25d-f81f-467a-9b5d-acd4724bcd73,"https://cdn.zeptonow.com/production/tr:w-1280,ar-1200-1200,pr-true,f-auto,q-80/cms/product_variant/a04f1871-fe15-4ec7-a683-0281bb88c8cf.jpg"
Breakfast & Sauces,Ketchup & Sauces,"https://cdn.zeptonow.com/production/tr:w-90,ar-120-120,pr-true,f-auto,q-80/cms/sub_category/159.png",MasterChow White Vinegar 170 ml Combo,MasterChow,102,138,170 ml X 2,4.6 (177),In Stock,https://www.zeptonow.com/pn/masterchow-white-vinegar-170-ml-combo/pvid/4a2a6847-dd8f-459d-a256-987cd4a5cf75,"https://cdn.zeptonow.com/production/tr:w-1280,ar-1500-1500,pr-true,f-auto,q-80/cms/product_variant/7f879f0a-2190-4bd6-bc60-43f36f42582b.jpg"
Breakfast & Sauces,Ketchup & Sauces,"https://cdn.zeptonow.com/production/tr:w-90,ar-120-120,pr-true,f-auto,q-80/cms/sub_category/159.png",Chings Secret Schezwan Chutney(250gms) & Namaskaram Butter Chakli Round(100gms) Combo,Chings,130,165,2 combo,4.5 (956),In Stock,https://www.zeptonow.com/pn/chings-secret-schezwan-chutney250gms-namaskaram-butter-chakli-round100gms-combo/pvid/4c428be3-8123-4035-b5bc-a4128cd6bc7c,"https://cdn.zeptonow.com/production/tr:w-1280,ar-1000-1000,pr-true,f-auto,q-80/cms/product_variant/a44a969a-f12e-4282-9ca0-1ee9564a10a1.jpeg"
Breakfast & Sauces,Ketchup & Sauces,"https://cdn.zeptonow.com/production/tr:w-90,ar-120-120,pr-true,f-auto,q-80/cms/sub_category/159.png",Knorr Sauce Pizza And Pasta (200g) & Yu 100% Whole Wheat Spaghetti Pasta (500g) Combo,Knorr,191,315,2 combo,4.7 (106),In Stock,https://www.zeptonow.com/pn/knorr-sauce-pizza-and-pasta-200g-yu-100-whole-wheat-spaghetti-pasta-500g-combo/pvid/a21b5c43-1c54-496d-aa8a-32af7c36a31f,"https://cdn.zeptonow.com/production/tr:w-1280,ar-1200-1200,pr-true,f-auto,q-80/cms/product_variant/a40d46d6-6faa-4cba-925c-fcc2f11d7398.jpg"
Breakfast & Sauces,Ketchup & Sauces,"https://cdn.zeptonow.com/production/tr:w-90,ar-120-120,pr-true,f-auto,q-80/cms/sub_category/159.png",Wingreens Pizza & Pasta Sauce 180 g Combo,Wingreens,138,150,180 g X 2,4.5 (417),In Stock,https://www.zeptonow.com/pn/wingreens-pizza-pasta-sauce-180-g-combo/pvid/9237547a-a7fb-48c6-a45c-40235e627fdf,"https://cdn.zeptonow.com/production/tr:w-1280,ar-1500-1500,pr-true,f-auto,q-80/cms/product_variant/915d35c2-9914-43fa-95d9-eb7b4a70de84.jpg"
Breakfast & Sauces,Ketchup & Sauces,"https://cdn.zeptonow.com/production/tr:w-90,ar-120-120,pr-true,f-auto,q-80/cms/sub_category/159.png",Knorr Sauce Pizza and Pasta 200 g Combo,Knorr,112,130,200 g X 2,4.5 (282),In Stock,https://www.zeptonow.com/pn/knorr-sauce-pizza-and-pasta-200-g-combo/pvid/7ccc4704-ce67-415a-9c77-57ea20c10774,"https://cdn.zeptonow.com/production/tr:w-1280,ar-1500-1500,pr-true,f-auto,q-80/inventory/product/63c6263e-6b0f-40ef-84d1-8d4e0412f477-3949.jpg"
Breakfast & Sauces,Ketchup & Sauces,"https://cdn.zeptonow.com/production/tr:w-90,ar-120-120,pr-true,f-auto,q-80/cms/sub_category/159.png",MasterChow Dark Soya Sauce 210 g Combo,MasterChow,108,138,210 g X 2,4.7 (550),In Stock,https://www.zeptonow.com/pn/masterchow-dark-soya-sauce-210-g-combo/pvid/bc9be5e5-2127-42a9-b82d-54492eb76117,"https://cdn.zeptonow.com/production/tr:w-1280,ar-1500-1500,pr-true,f-auto,q-80/cms/product_variant/5120b5b6-a258-40a4-a899-5b96dab2b038.jpg"
Breakfast & Sauces,Ketchup & Sauces,"https://cdn.zeptonow.com/production/tr:w-90,ar-120-120,pr-true,f-auto,q-80/cms/sub_category/159.png",Soya Sauce(210gms) & Hakka Noodles(300gms) Combo,Soya,174,214,2 combo,4.3 (103),In Stock,https://www.zeptonow.com/pn/soya-sauce210gms-hakka-noodles300gms-combo/pvid/e911fa7c-d15d-42b4-a92c-0172d4c5ee5a,"https://cdn.zeptonow.com/production/tr:w-1280,ar-1500-1500,pr-true,f-auto,q-80/cms/product_variant/da1c50c3-116d-4012-8f53-c7a5fde87316.jpg"
Breakfast & Sauces,Ketchup & Sauces,"https://cdn.zeptonow.com/production/tr:w-90,ar-120-120,pr-true,f-auto,q-80/cms/sub_category/159.png",Knorr Green Chilli Sauce Combo,Knorr,96,120,200 g X 2,4.6 (867),In Stock,https://www.zeptonow.com/pn/knorr-green-chilli-sauce-combo/pvid/95a6dd00-3bf4-41f2-9584-062cdaa68921,"https://cdn.zeptonow.com/production/tr:w-1280,ar-1200-1200,pr-true,f-auto,q-80/cms/product_variant/21bd3b24-4c2f-42b9-bd96-661983db9a96.jpg"
Breakfast & Sauces,Ketchup & Sauces,"https://cdn.zeptonow.com/production/tr:w-90,ar-120-120,pr-true,f-auto,q-80/cms/sub_category/159.png",Kissan Fresh Tomato Ketchup Doy (1kg) & Hellmann'S Veg Mayonnaise (800g) Combo,Kissan,281,360,2 combo,4.4 (488),In Stock,https://www.zeptonow.com/pn/kissan-fresh-tomato-ketchup-doy-1kg-hellmanns-veg-mayonnaise-800g-combo/pvid/cedf1b5e-1c50-4cb2-bca5-74e1531d7660,"https://cdn.zeptonow.com/production/tr:w-1280,ar-1500-1500,pr-true,f-auto,q-80/cms/product_variant/7fde6c10-1333-425f-b72f-cf31ca00f3fc.jpg"
Breakfast & Sauces,Ketchup & Sauces,"https://cdn.zeptonow.com/production/tr:w-90,ar-120-120,pr-true,f-auto,q-80/cms/sub_category/159.png",Del Monte Classic Blend Tomato Ketchup(500gms) & Mccain Aloo Tikki(400gms) Combo,Del Monte,158,228,2 combo,4.6 (720),In Stock,https://www.zeptonow.com/pn/del-monte-classic-blend-tomato-ketchup500gms-mccain-aloo-tikki400gms-combo/pvid/f220d96e-b05c-4409-96ab-11129668f365,"https://cdn.zeptonow.com/production/tr:w-1280,ar-1000-1000,pr-true,f-auto,q-80/cms/product_variant/bd945dae-9d32-420d-b926-27eea17a924d.jpeg"
Breakfast & Sauces,Ketchup & Sauces,"https://cdn.zeptonow.com/production/tr:w-90,ar-120-120,pr-true,f-auto,q-80/cms/sub_category/159.png",Knorr Red Chilli Sauce 360 g X 2 Combo,Knorr,96,120,360 g X 2,4.5 (538),In Stock,https://www.zeptonow.com/pn/knorr-red-chilli-sauce-360-g-x-2-combo/pvid/365f0845-d526-4ab1-a470-6d05d7f97714,"https://cdn.zeptonow.com/production/tr:w-1280,ar-1200-1200,pr-true,f-auto,q-80/cms/product_variant/b8c5ceab-6aaf-40e1-801d-45e3ade45f71.jpg"
Breakfast & Sauces,Ketchup & Sauces,"https://cdn.zeptonow.com/production/tr:w-90,ar-120-120,pr-true,f-auto,q-80/cms/sub_category/159.png",Knorr Schezwan Sauce (200g) & Milky Mist Paneer (200g) Combo,Knorr,190,198,2 combo,4.4 (679),In Stock,https://www.zeptonow.com/pn/knorr-schezwan-sauce-200g-milky-mist-paneer-200g-combo/pvid/bd9a1df1-bfe3-4610-a3b9-47a9622c941c,"https://cdn.zeptonow.com/production/tr:w-1280,ar-1200-1200,pr-true,f-auto,q-80/cms/product_variant/d366e802-971c-4d48-b1b4-98a7809e48d5.jpg"
Breakfast & Sauces,Ketchup & Sauces,"https://cdn.zeptonow.com/production/tr:w-90,ar-120-120,pr-true,f-auto,q-80/cms/sub_category/159.png",Knorr Schezwan Sauce (200g) & Masterchow Hakka Noodles (300g) Combo,Knorr,177,215,2 combo,4.4 (65),In Stock,https://www.zeptonow.com/pn/knorr-schezwan-sauce-200g-masterchow-hakka-noodles-300g-combo/pvid/4be56dda-6479-43bd-a43e-1a2d7a259d8b,"https://cdn.zeptonow.com/production/tr:w-1280,ar-1200-1200,pr-true,f-auto,q-80/cms/product_variant/37d5e879-f992-4d7a-88c2-9cd2c95ada66.jpg"
Breakfast & Sauces,Ketchup & Sauces,"https://cdn.zeptonow.com/production/tr:w-90,ar-120-120,pr-true,f-auto,q-80/cms/sub_category/159.png",Knorr Dark Soya Sauce 360 g X 2 Combo,Knorr,96,120,360 g X 2,4.5 (280),In Stock,https://www.zeptonow.com/pn/knorr-dark-soya-sauce-360-g-x-2-combo/pvid/865cd374-59e3-4a21-8876-bf6206149905,"https://cdn.zeptonow.com/production/tr:w-1280,ar-1200-1200,pr-true,f-auto,q-80/cms/product_variant/1c60561c-5f55-4d2c-a29b-a1e8c0290a4c.jpg"
Breakfast & Sauces,Ketchup & Sauces,"https://cdn.zeptonow.com/production/tr:w-90,ar-120-120,pr-true,f-auto,q-80/cms/sub_category/159.png",Knorr Sauce Pizza And Pasta (200g) & Borges Mini Penne Rigate Durum Wheat Pasta (350g) Combo,Borges,151,225,2 combo,4.6 (834),In Stock,https://www.zeptonow.com/pn/knorr-sauce-pizza-and-pasta-200g-borges-mini-penne-rigate-durum-wheat-pasta-350g-combo/pvid/e56430b4-1c83-448b-b8ce-3a25e15cf829,"https://cdn.zeptonow.com/production/tr:w-1280,ar-1200-1200,pr-true,f-auto,q-80/cms/product_variant/38188b5e-1931-4ef1-b94c-1148e14c5962.jpg"
Breakfast & Sauces,Ketchup & Sauces,"https://cdn.zeptonow.com/production/tr:w-90,ar-120-120,pr-true,f-auto,q-80/cms/sub_category/159.png",Moi Soi Sichuan Chilli Oil- For Stir Fry Marinade Spread & Dip 175 g Combo,Moi,420,560,175 g X 2,4.6 (738),In Stock,https://www.zeptonow.com/pn/moi-soi-sichuan-chilli-oil-for-stir-fry-marinade-spread-dip-175-g-combo/pvid/2f9de00e-fda6-4f5b-a839-22f5b7d02097,"https://cdn.zeptonow.com/production/tr:w-1280,ar-1500-1500,pr-true,f-auto,q-80/inventory/product/0a10ce78-17e4-4a91-a518-4fb7ccaca131-5398.jpg"
Breakfast & Sauces,Ketchup & Sauces,"https://cdn.zeptonow.com/production/tr:w-90,ar-120-120,pr-true,f-auto,q-80/cms/sub_category/159.png",Knorr Schezwan Sauce 200 g Combo,Knorr,124,140,200 g X 2,4.4 (922),In Stock,https://www.zeptonow.com/pn/knorr-schezwan-sauce-200-g-combo/pvid/f00be34c-412e-4c59-a210-cc8693f4e517,"https://cdn.zeptonow.com/production/tr:w-1280,ar-1500-1500,pr-true,f-auto,q-80/inventory/product/3189646f-306a-481a-90f4-4f7a9498e124-3079.jpg"
Breakfast & Sauces,Ketchup & Sauces,"https://cdn.zeptonow.com/production/tr:w-90,ar-120-120,pr-true,f-auto,q-80/cms/sub_category/159.png",Knorr Dark Soya Sauce (360g) & Masterchow Hakka Noodles (300g) Combo,Knorr,163,205,2 combo,4.7 (892),In Stock,https://www.zeptonow.com/pn/knorr-dark-soya-sauce-360g-masterchow-hakka-noodles-300g-combo/pvid/5244d9d5-6c66-4817-bf69-47fcaa331d3a,"https://cdn.zeptonow.com/production/tr:w-1280,ar-1200-1200,pr-true,f-auto,q-80/cms/product_variant/e6a0417d-7d3c-4dc5-863d-69b35e35d130.jpg"
Breakfast & Sauces,Ketchup & Sauces,"https://cdn.zeptonow.com/production/tr:w-90,ar-120-120,pr-true,f-auto,q-80/cms/sub_category/159.png",Knorr Sauce Pizza And Pasta (200g) & Borges Mini Fusilli Durum Wheat Pasta (350g) Combo,Borges,151,225,2 combo,4.6 (680),In Stock,https://www.zeptonow.com/pn/knorr-sauce-pizza-and-pasta-200g-borges-mini-fusilli-durum-wheat-pasta-350g-combo/pvid/66f11363-8fbb-4cfa-9f30-de140eb7809f,"https://cdn.zeptonow.com/production/tr:w-1280,ar-1200-1200,pr-true,f-auto,q-80/cms/product_variant/e362d873-0c67-4f51-9f9e-863c513c5e6a.jpg"
Breakfast & Sauces,Ketchup & Sauces,"https://cdn.zeptonow.com/production/tr:w-90,ar-120-120,pr-true,f-auto,q-80/cms/sub_category/159.png",Knorr Sauce Pizza And Pasta (200g) & Borges Durum Wheat Pasta Spaghetti (500g) Combo,Borges,240,415,2 combo,4.3 (396),In Stock,https://www.zeptonow.com/pn/knorr-sauce-pizza-and-pasta-200g-borges-durum-wheat-pasta-spaghetti-500g-combo/pvid/80680157-e327-43d0-a238-49816531422d,"https://cdn.zeptonow.com/production/tr:w-1280,ar-1200-1200,pr-true,f-auto,q-80/cms/product_variant/1ce662bf-3643-4820-a1fc-3e4d7985d3d0.jpg"
Breakfast & Sauces,Ketchup & Sauces,"https://cdn.zeptonow.com/production/tr:w-90,ar-120-120,pr-true,f-auto,q-80/cms/sub_category/159.png",Veeba Smokey Barbeque Sauce (330g) Combo | Pack of 2,Veeba,332,350,330 g X 2,4.4 (165),In Stock,https://www.zeptonow.com/pn/veeba-smokey-barbeque-sauce-330g-combo-pack-of-2/pvid/f18a5682-d5f8-4340-a32a-e69c94b7c0dd,"https://cdn.zeptonow.com/production/tr:w-1280,ar-1200-1200,pr-true,f-auto,q-80/cms/product_variant/a1cf01c9-0745-4414-aaec-ae0c29278680.jpg"
Breakfast & Sauces,Ketchup & Sauces,"https://cdn.zeptonow.com/production/tr:w-90,ar-120-120,pr-true,f-auto,q-80/cms/sub_category/159.png",Knorr Sauce Pizza And Pasta (200g) & Borges Durum Wheat Pasta Farfalle (500g) Combo,Borges,275,415,2 combo,4.2 (806),In Stock,https://www.zeptonow.com/pn/knorr-sauce-pizza-and-pasta-200g-borges-durum-wheat-pasta-farfalle-500g-combo/pvid/e0b386ae-33cc-4be4-b34b-c853317c2b28,"https://cdn.zeptonow.com/production/tr:w-1280,ar-1200-1200,pr-true,f-auto,q-80/cms/product_variant/8664544b-b39a-4cf3-bcb1-b63acf14dfd5.jpg"
Breakfast & Sauces,Ketchup & Sauces,"https://cdn.zeptonow.com/production/tr:w-90,ar-120-120,pr-true,f-auto,q-80/cms/sub_category/159.png",Veeba Sriracha Chilli Hot Sauce (320g) & Veeba Smokey Barbeque Sauce (330g) Combo,Veeba,349,350,2 combo,4.4 (206),In Stock,https://www.zeptonow.com/pn/veeba-sriracha-chilli-hot-sauce-320g-veeba-smokey-barbeque-sauce-330g-combo/pvid/40188bf5-e80d-4dd7-8b0e-7bf1fff71fb8,"https://cdn.zeptonow.com/production/tr:w-1280,ar-1200-1200,pr-true,f-auto,q-80/cms/product_variant/37807b5d-823e-40d5-a104-dd51c701d961.jpg"
Breakfast & Sauces,Ketchup & Sauces,"https://cdn.zeptonow.com/production/tr:w-90,ar-120-120,pr-true,f-auto,q-80/cms/sub_category/159.png",Del Monte Classic Blend Tomato Ketchup(500gms) & Mccain Veggie Burger Patty(360gms) Combo,Del Monte,210,245,2 combo,4.2 (205),In Stock,https://www.zeptonow.com/pn/del-monte-classic-blend-tomato-ketchup500gms-mccain-veggie-burger-patty360gms-combo/pvid/2a9a9be7-305c-4ffa-b4ba-a05f1b3cbb80,"https://cdn.zeptonow.com/production/tr:w-1280,ar-1000-1000,pr-true,f-auto,q-80/cms/product_variant/8ac0bd9e-3fe0-420b-94b0-8b1e0f866ba2.jpeg"
Breakfast & Sauces,Ketchup & Sauces,"https://cdn.zeptonow.com/production/tr:w-90,ar-120-120,pr-true,f-auto,q-80/cms/sub_category/159.png",Veeba Sriracha Chilli Hot Sauce (320g) & Veeba Chef'S Special Veg Mayonnaise (875g) Combo,Veeba,358,399,2 combo,4.2 (161),In Stock,https://www.zeptonow.com/pn/veeba-sriracha-chilli-hot-sauce-320g-veeba-chefs-special-veg-mayonnaise-875g-combo/pvid/78678001-9689-494b-902b-c60ae41ce6f9,"https://cdn.zeptonow.com/production/tr:w-1280,ar-1200-1200,pr-true,f-auto,q-80/cms/product_variant/62cd290b-11d0-4b2b-9ff1-0fd497e873df.jpg"
Breakfast & Sauces,Ketchup & Sauces,"https://cdn.zeptonow.com/production/tr:w-90,ar-120-120,pr-true,f-auto,q-80/cms/sub_category/159.png",Knorr Red Chilli Sauce (360g) & Knorr Green Chilli Sauce (200g) Combo,Knorr,94,120,2 combo,4.7 (566),In Stock,https://www.zeptonow.com/pn/knorr-red-chilli-sauce-360g-knorr-green-chilli-sauce-200g-combo/pvid/a4cbcb83-5e2c-41de-8a0e-6cbcfa4f1f74,"https://cdn.zeptonow.com/production/tr:w-1280,ar-1200-1200,pr-true,f-auto,q-80/cms/product_variant/fcaade58-2c2f-4754-a282-98d074bdd3b9.jpg"
Breakfast & Sauces,Ketchup & Sauces,"https://cdn.zeptonow.com/production/tr:w-90,ar-120-120,pr-true,f-auto,q-80/cms/sub_category/159.png",Knorr Schezwan Sauce (200g) & Amul Fresh Malai Paneer (200g) Combo,Amul,167,175,2 combo,4.6 (269),In Stock,https://www.zeptonow.com/pn/knorr-schezwan-sauce-200g-amul-fresh-malai-paneer-200g-combo/pvid/ea768b84-49f0-4c77-940c-8f60dee9098b,"https://cdn.zeptonow.com/production/tr:w-1280,ar-1200-1200,pr-true,f-auto,q-80/cms/product_variant/8989353c-3827-45d7-875e-c82da6f1e19e.jpg"
Breakfast & Sauces,Ketchup & Sauces,"https://cdn.zeptonow.com/production/tr:w-90,ar-120-120,pr-true,f-auto,q-80/cms/sub_category/159.png",Veeba Peri Peri Sauce (300g) & Veeba Smokey Barbeque Sauce (330g) Combo,Veeba,350,350,2 combo,4.5 (851),In Stock,https://www.zeptonow.com/pn/veeba-peri-peri-sauce-300g-veeba-smokey-barbeque-sauce-330g-combo/pvid/51284225-ba82-4af4-851c-af7e85a15d3f,"https://cdn.zeptonow.com/production/tr:w-1280,ar-1200-1200,pr-true,f-auto,q-80/cms/product_variant/cc4dcfff-3b5a-45bc-8132-c5dfefb754d5.jpg"
Breakfast & Sauces,Ketchup & Sauces,"https://cdn.zeptonow.com/production/tr:w-90,ar-120-120,pr-true,f-auto,q-80/cms/sub_category/159.png",MasterChow Chowmein Cooking Sauce Combo,MasterChow,272,340,220 g X 2,4.7 (423),In Stock,https://www.zeptonow.com/pn/masterchow-chowmein-cooking-sauce-combo/pvid/0563633b-6036-4a91-bc9f-29249183dcc0,"https://cdn.zeptonow.com/production/tr:w-1280,ar-1200-1200,pr-true,f-auto,q-80/cms/product_variant/21ddcf7f-e654-4ee3-991a-40454e75e449.jpg"
Breakfast & Sauces,Ketchup & Sauces,"https://cdn.zeptonow.com/production/tr:w-90,ar-120-120,pr-true,f-auto,q-80/cms/sub_category/159.png",Dabur Hommade Tomato Puree 200 g Combo,Dabur,40,54,200 g X 2,4.6 (290),In Stock,https://www.zeptonow.com/pn/dabur-hommade-tomato-puree-200-g-combo/pvid/9c0edc37-fb62-4250-a159-4b6f630aa98d,"https://cdn.zeptonow.com/production/tr:w-1280,ar-1500-1500,pr-true,f-auto,q-80/inventory/product/9025f402-68f7-4d1c-bf68-21197af8fd48-308.jpg"
Breakfast & Sauces,Ketchup & Sauces,"https://cdn.zeptonow.com/production/tr:w-90,ar-120-120,pr-true,f-auto,q-80/cms/sub_category/159.png",Veeba Pasta & Pizza Sauce Herby Tomato I Red Pasta Sauce,Veeba,93,99,280 g,4.8 (10.6k),Sold Out,https://www.zeptonow.com/pn/veeba-pasta-pizza-sauce-herby-tomato-i-red-pasta-sauce/pvid/bd716b3b-bc99-4a0f-a5cf-0e62d9666499,"https://cdn.zeptonow.com/production/tr:w-1280,ar-1200-1200,pr-true,f-auto,q-80/cms/product_variant/dba0dfcc-1a2b-449a-8f6f-1362a535dc70.jpeg"
Breakfast & Sauces,Ketchup & Sauces,"https://cdn.zeptonow.com/production/tr:w-90,ar-120-120,pr-true,f-auto,q-80/cms/sub_category/159.png",The Gourmet Jar Basil Pasta Sauce,The,273,299,390 g,4.6 (135),Sold Out,https://www.zeptonow.com/pn/the-gourmet-jar-basil-pasta-sauce/pvid/d50baa80-b9f0-4d65-a108-98a559b78388,"https://cdn.zeptonow.com/production/tr:w-1280,ar-1080-1080,pr-true,f-auto,q-80/cms/product_variant/f6e19981-51f9-48c0-a6ec-0ac0a5a4f914.jpg"
Breakfast & Sauces,Ketchup & Sauces,"https://cdn.zeptonow.com/production/tr:w-90,ar-120-120,pr-true,f-auto,q-80/cms/sub_category/159.png",Ching's Secret Green Chilli Sauce | Bold And Flavourful,Ching's Secret,55,60,190 g,4.8 (9.7k),Sold Out,https://www.zeptonow.com/pn/chings-secret-green-chilli-sauce-bold-and-flavourful/pvid/5ff06602-3d75-4419-8c2b-e3525a83a283,"https://cdn.zeptonow.com/production/tr:w-1280,ar-1176-1176,pr-true,f-auto,q-80/cms/product_variant/4114dbd9-e9a4-4f9c-831a-e29fd90a360f.jpeg"
Breakfast & Sauces,Ketchup & Sauces,"https://cdn.zeptonow.com/production/tr:w-90,ar-120-120,pr-true,f-auto,q-80/cms/sub_category/159.png","Wingreens Farms Pizza & Pasta Sauce - Traditional Recipe, Savoury Flavours",Wingreens,170,200,600 g,4.7 (1.9k),Sold Out,https://www.zeptonow.com/pn/wingreens-farms-pizza-pasta-sauce-traditional-recipe-savoury-flavours/pvid/c97fdec2-2ab4-4362-ba98-ead747c7403a,"https://cdn.zeptonow.com/production/tr:w-1280,ar-1200-1200,pr-true,f-auto,q-80/cms/product_variant/cb4372f6-3237-4ae6-8186-f876a823ae8f.jpeg"
Breakfast & Sauces,Ketchup & Sauces,"https://cdn.zeptonow.com/production/tr:w-90,ar-120-120,pr-true,f-auto,q-80/cms/sub_category/159.png",9am Soya + Green Chilli + Vinegar (Pet Green Chilli Combo),9am,85,90,640 g,4.6 (3.8k),Sold Out,https://www.zeptonow.com/pn/9am-soya-green-chilli-vinegar-pet-green-chilli-combo/pvid/49af4d19-7fe4-42a6-bd12-5f0cd51f1455,"https://cdn.zeptonow.com/production/tr:w-1280,ar-1200-1200,pr-true,f-auto,q-80/cms/product_variant/8025c5d7-a7ac-4b78-b762-d3afd422fe80.jpeg"
Breakfast & Sauces,Ketchup & Sauces,"https://cdn.zeptonow.com/production/tr:w-90,ar-120-120,pr-true,f-auto,q-80/cms/sub_category/159.png",Habanero Herb Infused Arrabiata Style Spicy Pizza Pasta Sauce,Habanero,190,229,350 g,4.6 (251),Sold Out,https://www.zeptonow.com/pn/habanero-herb-infused-arrabiata-style-spicy-pizza-pasta-sauce/pvid/a4e31396-3fe4-4661-a932-0caa73069d31,"https://cdn.zeptonow.com/production/tr:w-1280,ar-1021-1021,pr-true,f-auto,q-80/cms/product_variant/7fc91390-ab53-4b59-b72b-a874f0f75405.jpeg"
Breakfast & Sauces,Ketchup & Sauces,"https://cdn.zeptonow.com/production/tr:w-90,ar-120-120,pr-true,f-auto,q-80/cms/sub_category/159.png","Ching's Secret Dark Soy Sauce, Rich, Brown and Zesty",Ching's Secret,54,60,210 g,4.7 (14.9k),Sold Out,https://www.zeptonow.com/pn/chings-secret-dark-soy-sauce-rich-brown-and-zesty/pvid/c1694850-d698-470b-ba2d-3fba83d3a49b,"https://cdn.zeptonow.com/production/tr:w-1280,ar-1176-1176,pr-true,f-auto,q-80/cms/product_variant/edfd2169-3a7f-4e2c-bd77-bfe2cd331003.jpeg"
Breakfast & Sauces,Ketchup & Sauces,"https://cdn.zeptonow.com/production/tr:w-90,ar-120-120,pr-true,f-auto,q-80/cms/sub_category/159.png",Heinz Tomato Ketchup,Heinz,138,165,450 g,4.7 (216),Sold Out,https://www.zeptonow.com/pn/heinz-tomato-ketchup/pvid/d8fa3074-aca2-47b1-b10e-4852358f786a,"https://cdn.zeptonow.com/production/tr:w-1280,ar-1200-1200,pr-true,f-auto,q-80/cms/product_variant/fa92edd5-0dfe-4ad8-b235-4cae43a361ba.jpeg"
Breakfast & Sauces,Ketchup & Sauces,"https://cdn.zeptonow.com/production/tr:w-90,ar-120-120,pr-true,f-auto,q-80/cms/sub_category/159.png",Nilon's Vinegar,Nilon's,45,60,180 ml,4.5 (644),Sold Out,https://www.zeptonow.com/pn/nilons-vinegar/pvid/8d7947e0-c5fb-418c-a6e5-ae7d0991bfdb,"https://cdn.zeptonow.com/production/tr:w-1280,ar-1500-1500,pr-true,f-auto,q-80/cms/product_variant/ff7cba0e-f2cb-4b2b-a825-28c7469184e3.jpeg"
Breakfast & Sauces,Ketchup & Sauces,"https://cdn.zeptonow.com/production/tr:w-90,ar-120-120,pr-true,f-auto,q-80/cms/sub_category/159.png",MasterChow Green Chilli Sauce,MasterChow,59,69,190 g,4.7 (2.9k),Sold Out,https://www.zeptonow.com/pn/masterchow-green-chilli-sauce/pvid/a1ff0223-d813-46d1-85d8-2b9de18e83fb,"https://cdn.zeptonow.com/production/tr:w-1280,ar-1080-1080,pr-true,f-auto,q-80/cms/product_variant/6706179a-7e5d-4355-bcf8-cee54d19d38c.jpeg"
Breakfast & Sauces,Ketchup & Sauces,"https://cdn.zeptonow.com/production/tr:w-90,ar-120-120,pr-true,f-auto,q-80/cms/sub_category/159.png","Ching's Secret Sriracha Green Chilli Sauce, Dip, Spread, Cook, Drizzle",Ching's Secret,114,115,225 g,4.6 (235),Sold Out,https://www.zeptonow.com/pn/chings-secret-sriracha-green-chilli-sauce-dip-spread-cook-drizzle/pvid/9e845549-555e-419c-b6d2-07de8b62fd54,"https://cdn.zeptonow.com/production/tr:w-1280,ar-1200-1200,pr-true,f-auto,q-80/cms/product_variant/3fcd2710-d07c-42c3-a96f-3aa69e8daa90.jpeg"
Breakfast & Sauces,Ketchup & Sauces,"https://cdn.zeptonow.com/production/tr:w-90,ar-120-120,pr-true,f-auto,q-80/cms/sub_category/159.png",Wingreens Farms Cheesy Chipotle Sauce,Wingreens,95,99,180 g,4.5 (99),Sold Out,https://www.zeptonow.com/pn/wingreens-farms-cheesy-chipotle-sauce/pvid/781f7e47-5a14-4bef-b137-e9770fd57389,"https://cdn.zeptonow.com/production/tr:w-1280,ar-2400-2400,pr-true,f-auto,q-80/cms/product_variant/00e71fce-9e75-4f52-8cad-9e398182fb9e.jpg"
Breakfast & Sauces,Ketchup & Sauces,"https://cdn.zeptonow.com/production/tr:w-90,ar-120-120,pr-true,f-auto,q-80/cms/sub_category/159.png",Del Monte Pizza And Pasta Sauce Spout Pack,Del Monte,99,130,400 g,4.6 (914),Sold Out,https://www.zeptonow.com/pn/del-monte-pizza-and-pasta-sauce-spout-pack/pvid/61c6f039-fd58-4252-a8a8-af8e9da8ca07,"https://cdn.zeptonow.com/production/tr:w-1280,ar-1200-1200,pr-true,f-auto,q-80/cms/product_variant/ce1adac8-66cc-4512-8a57-c104a3717947.png"
Breakfast & Sauces,Ketchup & Sauces,"https://cdn.zeptonow.com/production/tr:w-90,ar-120-120,pr-true,f-auto,q-80/cms/sub_category/159.png",Wingreens Farms honey-mustard-sauce,Wingreens,112,119,180 g,3.9 (292),Sold Out,https://www.zeptonow.com/pn/wingreens-farms-honey-mustard-sauce/pvid/14b840c0-81e1-4845-b587-562f4289b556,"https://cdn.zeptonow.com/production/tr:w-1280,ar-1200-1200,pr-true,f-auto,q-80/cms/product_variant/0bef55f6-8033-4161-a2b2-0e2d8417f1b0.jpeg"
Breakfast & Sauces,Ketchup & Sauces,"https://cdn.zeptonow.com/production/tr:w-90,ar-120-120,pr-true,f-auto,q-80/cms/sub_category/159.png",Dr. Oetker FunFoods Traditional English Mustard,Dr.,94,99,250 g,4.7 (1.1k),Sold Out,https://www.zeptonow.com/pn/dr-oetker-funfoods-traditional-english-mustard/pvid/e7ef073f-4eb9-4ecb-ae69-ae2274c96c30,"https://cdn.zeptonow.com/production/tr:w-1280,ar-1000-1000,pr-true,f-auto,q-80/cms/product_variant/e4732829-3e5a-476a-b3d1-f4c1c8cc34f0.jpeg"
Breakfast & Sauces,Ketchup & Sauces,"https://cdn.zeptonow.com/production/tr:w-90,ar-120-120,pr-true,f-auto,q-80/cms/sub_category/159.png",Ching's Secret Schezwan Stir Fry Cooking Sauce,Ching's Secret,83,90,250 g,4.7 (1.5k),Sold Out,https://www.zeptonow.com/pn/chings-secret-schezwan-stir-fry-cooking-sauce/pvid/5ac72760-5d7d-4873-bde6-b27649f0aece,"https://cdn.zeptonow.com/production/tr:w-1280,ar-1200-1200,pr-true,f-auto,q-80/cms/product_variant/cb4a9d82-17fc-4127-a6b1-a02900bcb4f0.jpeg"
Breakfast & Sauces,Ketchup & Sauces,"https://cdn.zeptonow.com/production/tr:w-90,ar-120-120,pr-true,f-auto,q-80/cms/sub_category/159.png","Ching's Secret Original Sriracha Hot Chilli Sauce (Red), Dip, Spread, Cook, Drizzle",Ching's Secret,115,115,230 g,4.5 (253),Sold Out,https://www.zeptonow.com/pn/chings-secret-original-sriracha-hot-chilli-sauce-red-dip-spread-cook-drizzle/pvid/6e4ceb40-c918-40f4-9f3b-10b12268bc20,"https://cdn.zeptonow.com/production/tr:w-1280,ar-1200-1200,pr-true,f-auto,q-80/cms/product_variant/6d302433-5b7e-49e9-94fe-7710ffa510b6.jpeg"
Breakfast & Sauces,Ketchup & Sauces,"https://cdn.zeptonow.com/production/tr:w-90,ar-120-120,pr-true,f-auto,q-80/cms/sub_category/159.png",Nilon's Soya Sauce,Nilon's,42,60,180 g,4.6 (207),Sold Out,https://www.zeptonow.com/pn/nilons-soya-sauce/pvid/984df3d6-542b-46e6-bc3f-9a69ab7c403b,"https://cdn.zeptonow.com/production/tr:w-1280,ar-1000-1000,pr-true,f-auto,q-80/inventory/product/b6da1325-05fe-435e-9dcd-2b9bd1604085-/tmp/20230223-0935221.jpeg"
Breakfast & Sauces,Ketchup & Sauces,"https://cdn.zeptonow.com/production/tr:w-90,ar-120-120,pr-true,f-auto,q-80/cms/sub_category/159.png",Ong's Spring Roll Sauce,Ong's,240,240,277 g,4.4 (103),Sold Out,https://www.zeptonow.com/pn/ongs-spring-roll-sauce/pvid/34b90e9c-d4ab-4661-8faf-1c2a6a66acc6,"https://cdn.zeptonow.com/production/tr:w-1280,ar-1000-1000,pr-true,f-auto,q-80/cms/product_variant/aa687d08-8652-4712-a893-80b84f18f44a.jpg"
Breakfast & Sauces,Ketchup & Sauces,"https://cdn.zeptonow.com/production/tr:w-90,ar-120-120,pr-true,f-auto,q-80/cms/sub_category/159.png",Wok Tok By Veeba Green Chilli Sauce + Red Chilli Sauce + Soya Sauce Combo,Wok,150,180,625 g,4.7 (151),Sold Out,https://www.zeptonow.com/pn/wok-tok-by-veeba-green-chilli-sauce-red-chilli-sauce-soya-sauce-combo/pvid/8564699b-53fe-444c-90fd-829d2df112c7,"https://cdn.zeptonow.com/production/tr:w-1280,ar-4500-4500,pr-true,f-auto,q-80/cms/product_variant/5a1dbd9a-b8d6-425c-be80-44e088d74c54.jpeg"
Breakfast & Sauces,Ketchup & Sauces,"https://cdn.zeptonow.com/production/tr:w-90,ar-120-120,pr-true,f-auto,q-80/cms/sub_category/159.png",Wingreens Farms Tomato Ketchup,Wingreens,99,150,800 g,4.7 (1.6k),Sold Out,https://www.zeptonow.com/pn/wingreens-farms-tomato-ketchup/pvid/ba214b89-c07a-4ce6-aa9b-966fe43d184a,"https://cdn.zeptonow.com/production/tr:w-1280,ar-1200-1200,pr-true,f-auto,q-80/cms/product_variant/a4a418a3-c150-4eed-9e00-7dd59411b83d.jpg"
Breakfast & Sauces,Muesli & Oats,"https://cdn.zeptonow.com/production/tr:w-90,ar-120-120,pr-true,f-auto,q-80/cms/sub_category/156.png",Kellogg's Muesli Fruit Nut & Seeds 12-in-1 Power Breakfast,Kellogg's,462,525,750 g,4.8 (7.3k),In Stock,https://www.zeptonow.com/pn/kelloggs-muesli-fruit-nut-seeds-12-in-1-power-breakfast/pvid/2a7ab3f9-838d-4176-bd5d-0da806212eb7,"https://cdn.zeptonow.com/production/tr:w-1280,ar-1200-1200,pr-true,f-auto,q-80/cms/product_variant/378cdc0e-0a81-47cb-8a22-395535fd053d.jpeg"
Breakfast & Sauces,Muesli & Oats,"https://cdn.zeptonow.com/production/tr:w-90,ar-120-120,pr-true,f-auto,q-80/cms/sub_category/156.png",Kellogg's Muesli 0% Added Sugar | 12-in-1 Power Breakfast | India's No. 1 Muesli,Kellogg's,355,395,500 g,4.6 (1.3k),In Stock,https://www.zeptonow.com/pn/kelloggs-muesli-0-added-sugar-12-in-1-power-breakfast-indias-no-1-muesli/pvid/4a3a0ddc-faaa-4514-ba43-7048edfabbd7,"https://cdn.zeptonow.com/production/tr:w-1280,ar-514-675,pr-true,f-auto,q-80/cms/product_variant/2740926e-4c15-40e3-8193-5bb4ea4a1b6a.jpeg"
Breakfast & Sauces,Muesli & Oats,"https://cdn.zeptonow.com/production/tr:w-90,ar-120-120,pr-true,f-auto,q-80/cms/sub_category/156.png",Kellogg's Muesli Fruit Nut & Seeds 12-in-1 Power Breakfast,Kellogg's,384,389,500 g,4.6 (1.3k),In Stock,https://www.zeptonow.com/pn/kelloggs-muesli-fruit-nut-seeds-12-in-1-power-breakfast/pvid/df4df3dc-e21f-4ee1-a829-07b1b0dcd351,"https://cdn.zeptonow.com/production/tr:w-1280,ar-1200-1200,pr-true,f-auto,q-80/cms/product_variant/f0afa957-fe26-454d-82b5-a7c4f3a0546a.jpeg"
Breakfast & Sauces,Muesli & Oats,"https://cdn.zeptonow.com/production/tr:w-90,ar-120-120,pr-true,f-auto,q-80/cms/sub_category/156.png",Kellogg's Muesli Nuts Delight 12-in-1 Power Breakfast,Kellogg's,525,525,750 g,4.3 (116),In Stock,https://www.zeptonow.com/pn/kelloggs-muesli-nuts-delight-12-in-1-power-breakfast/pvid/08d42b11-f804-4afb-b526-83a0c6abceed,"https://cdn.zeptonow.com/production/tr:w-1280,ar-1200-1200,pr-true,f-auto,q-80/cms/product_variant/bf9117c1-f870-4cdb-bb01-ba2b7ce2ba8c.jpeg"
Breakfast & Sauces,Muesli & Oats,"https://cdn.zeptonow.com/production/tr:w-90,ar-120-120,pr-true,f-auto,q-80/cms/sub_category/156.png",Kellogg's Muesli Nuts Delight 12-in-1 Power Breakfast,Kellogg's,387,389,500 g,4.9 (333),In Stock,https://www.zeptonow.com/pn/kelloggs-muesli-nuts-delight-12-in-1-power-breakfast/pvid/9d0565a0-6129-48c8-8e6f-2232cca91284,"https://cdn.zeptonow.com/production/tr:w-1280,ar-1000-1000,pr-true,f-auto,q-80/cms/product_variant/4c17afe3-7ba2-4bf0-8bde-e6ffe92c1076.jpeg"
Breakfast & Sauces,Muesli & Oats,"https://cdn.zeptonow.com/production/tr:w-90,ar-120-120,pr-true,f-auto,q-80/cms/sub_category/156.png",Kelloggs Heart to Heart Oats,Kelloggs,143,199,900 g,4.8 (758),In Stock,https://www.zeptonow.com/pn/kelloggs-heart-to-heart-oats/pvid/5407d34b-5f23-4275-a2b8-9b0bfdf854a3,"https://cdn.zeptonow.com/production/tr:w-1280,ar-1500-1500,pr-true,f-auto,q-80/cms/product_variant/57ec1467-5476-428b-941d-34a63692ecd6.jpeg"
Breakfast & Sauces,Muesli & Oats,"https://cdn.zeptonow.com/production/tr:w-90,ar-120-120,pr-true,f-auto,q-80/cms/sub_category/156.png",Yogabar High Protein Muesli Choco Almond & Cranberry Protein Snack,Yogabar,438,599,850 g,4.4 (791),In Stock,https://www.zeptonow.com/pn/yogabar-high-protein-muesli-choco-almond-cranberry-protein-snack/pvid/ebeb50bd-bb39-4e86-a20d-e424151c9718,"https://cdn.zeptonow.com/production/tr:w-1280,ar-1741-2488,pr-true,f-auto,q-80/cms/product_variant/ade4a18a-c4a0-4b0b-80c1-4e65484d7438.jpg"
Breakfast & Sauces,Muesli & Oats,"https://cdn.zeptonow.com/production/tr:w-90,ar-120-120,pr-true,f-auto,q-80/cms/sub_category/156.png",True Elements Muesli Dark Chocolate,True,418,695,1 kg,4.6 (604),In Stock,https://www.zeptonow.com/pn/true-elements-muesli-dark-chocolate/pvid/577bb7a1-1f20-42ce-9d65-88a08cb89224,"https://cdn.zeptonow.com/production/tr:w-1280,ar-2479-3200,pr-true,f-auto,q-80/cms/product_variant/f99ed110-facd-4c98-bd73-7214c8cb3aa5.png"
Breakfast & Sauces,Muesli & Oats,"https://cdn.zeptonow.com/production/tr:w-90,ar-120-120,pr-true,f-auto,q-80/cms/sub_category/156.png",MuscleBlaze Fit High Protein Oats (Dark Chocolate),MuscleBlaze,322,349,400 g,4.4 (845),In Stock,https://www.zeptonow.com/pn/muscleblaze-fit-high-protein-oats-dark-chocolate/pvid/74e6f487-732c-4ec3-b7b2-811768422984,"https://cdn.zeptonow.com/production/tr:w-1280,ar-4064-4064,pr-true,f-auto,q-80/cms/product_variant/1b76f3b9-e0be-4a81-b23d-7084411604de.jpeg"
Breakfast & Sauces,Muesli & Oats,"https://cdn.zeptonow.com/production/tr:w-90,ar-120-120,pr-true,f-auto,q-80/cms/sub_category/156.png",Saffola Muesli Mango Crunch - with Real Alphonso Mango | with Crunchy Flavour Pops,Saffola,320,440,400 g,4.3 (333),In Stock,https://www.zeptonow.com/pn/saffola-muesli-mango-crunch-with-real-alphonso-mango-with-crunchy-flavour-pops/pvid/61902213-7dd5-497d-a616-6a67230c3abd,"https://cdn.zeptonow.com/production/tr:w-1280,ar-1500-1500,pr-true,f-auto,q-80/cms/product_variant/7338b3de-8f7a-42b2-a650-9edc5df52216.jpeg"
Breakfast & Sauces,Muesli & Oats,"https://cdn.zeptonow.com/production/tr:w-90,ar-120-120,pr-true,f-auto,q-80/cms/sub_category/156.png",Quaker Oats,Quaker,163,210,1 kg,4.7 (41.3k),In Stock,https://www.zeptonow.com/pn/quaker-oats/pvid/e3c72ece-b8f3-4443-b12c-500be91dc767,"https://cdn.zeptonow.com/production/tr:w-1280,ar-1200-1200,pr-true,f-auto,q-80/cms/product_variant/ee7cde40-a28d-41ad-aecc-5b8d45e52721.jpeg"
Breakfast & Sauces,Muesli & Oats,"https://cdn.zeptonow.com/production/tr:w-90,ar-120-120,pr-true,f-auto,q-80/cms/sub_category/156.png",True Elements Fruit & Nut Muesli,True,438,695,1 kg,4.5 (669),In Stock,https://www.zeptonow.com/pn/true-elements-fruit-nut-muesli/pvid/c01f0e14-25c1-4599-b228-e2f66904debe,"https://cdn.zeptonow.com/production/tr:w-1280,ar-2479-3200,pr-true,f-auto,q-80/cms/product_variant/a09a0050-0544-429c-ae8c-79a7a0fd8927.jpeg"
Breakfast & Sauces,Muesli & Oats,"https://cdn.zeptonow.com/production/tr:w-90,ar-120-120,pr-true,f-auto,q-80/cms/sub_category/156.png",Yoga Bar 100% Rolled Oats Gluten free Wholegrain Oats With Protein & Fibre,Yoga,314,490,1 kg,4.6 (3.1k),In Stock,https://www.zeptonow.com/pn/yoga-bar-100-rolled-oats-gluten-free-wholegrain-oats-with-protein-fibre/pvid/8874f086-c8f3-4484-8376-cf8c8d96c2e5,"https://cdn.zeptonow.com/production/tr:w-1280,ar-2000-2000,pr-true,f-auto,q-80/cms/product_variant/f295d6cb-cb13-499f-a9b5-719525c816b6.jpeg"
Breakfast & Sauces,Muesli & Oats,"https://cdn.zeptonow.com/production/tr:w-90,ar-120-120,pr-true,f-auto,q-80/cms/sub_category/156.png","Saffola Muesli Fruit & Nut Berry Crunch with Flavour Pops | 15 In 1 Fruit And Nuts, Seeds | Millet & More",Saffola,336,450,700 g,4.6 (504),In Stock,https://www.zeptonow.com/pn/saffola-muesli-fruit-nut-berry-crunch-with-flavour-pops-15-in-1-fruit-and-nuts-seeds-millet-more/pvid/90719707-b8f3-4311-8084-ad0a8f4d0f51,"https://cdn.zeptonow.com/production/tr:w-1280,ar-1500-1500,pr-true,f-auto,q-80/cms/product_variant/405d6cc9-dab4-439d-b955-7e0d8857ce0e.jpeg"
Breakfast & Sauces,Muesli & Oats,"https://cdn.zeptonow.com/production/tr:w-90,ar-120-120,pr-true,f-auto,q-80/cms/sub_category/156.png",True Elements Crunchy Nut & Berry Muesli With Almonds & Cranberries - Crunchy Muesli Nuts Delight,True,543,695,1 kg,4.5 (337),In Stock,https://www.zeptonow.com/pn/true-elements-crunchy-nut-berry-muesli-with-almonds-cranberries-crunchy-muesli-nuts-delight/pvid/c052e95e-43b6-438b-90a8-73c3b1981cd8,"https://cdn.zeptonow.com/production/tr:w-1280,ar-2479-3200,pr-true,f-auto,q-80/cms/product_variant/91ad8975-277a-4431-8df4-8010f554e5a2.jpeg"
Breakfast & Sauces,Muesli & Oats,"https://cdn.zeptonow.com/production/tr:w-90,ar-120-120,pr-true,f-auto,q-80/cms/sub_category/156.png",Yogabar Fruit And Nut High Protein Oats,Yogabar,490,699,850 g,4.7 (266),In Stock,https://www.zeptonow.com/pn/yogabar-fruit-and-nut-high-protein-oats/pvid/c3123b85-52e6-45a6-a589-a16fe5166551,"https://cdn.zeptonow.com/production/tr:w-1280,ar-3000-3000,pr-true,f-auto,q-80/cms/product_variant/ba99005d-f446-4ff1-9c7b-0250f19b7cc4.jpg"
Breakfast & Sauces,Muesli & Oats,"https://cdn.zeptonow.com/production/tr:w-90,ar-120-120,pr-true,f-auto,q-80/cms/sub_category/156.png",Bagrry's Whey Protein Chocolate Muesli with Almonds | 20g protein | 100% Whole Oats | 500gm carton,Bagrry's,315,449,500 g,4.5 (600),In Stock,https://www.zeptonow.com/pn/bagrrys-whey-protein-chocolate-muesli-with-almonds-20g-protein-100-whole-oats-500gm-carton/pvid/9cc7bb84-9b9c-4e84-93f7-45952ea20c4b,"https://cdn.zeptonow.com/production/tr:w-1280,ar-1200-1200,pr-true,f-auto,q-80/cms/product_variant/fa96cf40-3e6a-4131-aad7-8d81fe9aeb38.jpeg"
Breakfast & Sauces,Muesli & Oats,"https://cdn.zeptonow.com/production/tr:w-90,ar-120-120,pr-true,f-auto,q-80/cms/sub_category/156.png",Kwality Muesli Fruit N Nut Multigrain,Kwality,419,699,1 kg,4 (1.0k),In Stock,https://www.zeptonow.com/pn/kwality-muesli-fruit-n-nut-multigrain/pvid/1a8d195b-fd00-45bb-9c4d-93a0a22b47ee,"https://cdn.zeptonow.com/production/tr:w-1280,ar-2100-3067,pr-true,f-auto,q-80/cms/product_variant/513e6f83-a622-43ee-8962-93a30273bb6b.jpg"
Breakfast & Sauces,Muesli & Oats,"https://cdn.zeptonow.com/production/tr:w-90,ar-120-120,pr-true,f-auto,q-80/cms/sub_category/156.png",Saffola Muesli 0% Added Sugar Berry Crunch With Flavour Pops | Helps Manage Weight,Saffola,410,500,700 g,4.8 (129),In Stock,https://www.zeptonow.com/pn/saffola-muesli-0-added-sugar-berry-crunch-with-flavour-pops-helps-manage-weight/pvid/302b11bc-817c-4a1e-9d52-63535664bd1b,"https://cdn.zeptonow.com/production/tr:w-1280,ar-1500-1500,pr-true,f-auto,q-80/cms/product_variant/9a03fe83-42ff-4bcc-8f39-62346eb70185.jpeg"
Breakfast & Sauces,Muesli & Oats,"https://cdn.zeptonow.com/production/tr:w-90,ar-120-120,pr-true,f-auto,q-80/cms/sub_category/156.png","Tata Soulfull Millet Muesli, Crunchy 80% Whole Grains Nuts & Fruits Breakfast Cereal",Tata,335,499,700 g,4.3 (272),In Stock,https://www.zeptonow.com/pn/tata-soulfull-millet-muesli-crunchy-80-whole-grains-nuts-fruits-breakfast-cereal/pvid/d0946e6c-56c8-4be5-8708-b162a39af8f3,"https://cdn.zeptonow.com/production/tr:w-1280,ar-1200-1200,pr-true,f-auto,q-80/cms/product_variant/4370fc67-e38f-4fe9-8859-10028eb26642.jpg"
Breakfast & Sauces,Muesli & Oats,"https://cdn.zeptonow.com/production/tr:w-90,ar-120-120,pr-true,f-auto,q-80/cms/sub_category/156.png",Yogabar Protein Muesli Fruit And Nut Breakfast Cereal,Yogabar,352,499,700 g,4.7 (118),In Stock,https://www.zeptonow.com/pn/yogabar-protein-muesli-fruit-and-nut-breakfast-cereal/pvid/e28437a6-ffe7-4b73-8843-35a59dfd377f,"https://cdn.zeptonow.com/production/tr:w-1280,ar-1949-2773,pr-true,f-auto,q-80/cms/product_variant/986e1dea-b9cd-477e-b36b-67fc0de1f060.jpeg"
Breakfast & Sauces,Muesli & Oats,"https://cdn.zeptonow.com/production/tr:w-90,ar-120-120,pr-true,f-auto,q-80/cms/sub_category/156.png",Bagrry'S No Added Sugar Muesli Fruits Nuts And Seeds,Bagrry'S,338,598,700 g,4.1 (434),In Stock,https://www.zeptonow.com/pn/bagrrys-no-added-sugar-muesli-fruits-nuts-and-seeds/pvid/924bff98-fbb8-44ca-b7bb-1fec2162c7ac,"https://cdn.zeptonow.com/production/tr:w-1280,ar-2000-2000,pr-true,f-auto,q-80/cms/product_variant/03834ea6-9923-4424-a664-22340e400b74.jpg"
Breakfast & Sauces,Muesli & Oats,"https://cdn.zeptonow.com/production/tr:w-90,ar-120-120,pr-true,f-auto,q-80/cms/sub_category/156.png","Yogabar 100% Rolled Oats 400g Pouch | Premium Golden Rolled Oats, Gluten Free Oats with High Fibre",Yogabar,122,199,400 g,4.7 (2.8k),In Stock,https://www.zeptonow.com/pn/yogabar-100-rolled-oats-400g-pouch-premium-golden-rolled-oats-gluten-free-oats-with-high-fibre/pvid/3c50c86c-cf33-466e-aa44-6b98031cb50e,"https://cdn.zeptonow.com/production/tr:w-1280,ar-1200-1200,pr-true,f-auto,q-80/cms/product_variant/aa2cf0d6-3c31-4e15-a2bb-01cfa1cefb90.jpeg"
Breakfast & Sauces,Muesli & Oats,"https://cdn.zeptonow.com/production/tr:w-90,ar-120-120,pr-true,f-auto,q-80/cms/sub_category/156.png",Quaker Oats,Quaker,302,327,1.5 kg,4.7 (28.8k),In Stock,https://www.zeptonow.com/pn/quaker-oats/pvid/b5bd9583-7356-457d-b64a-9a5c8b658d84,"https://cdn.zeptonow.com/production/tr:w-1280,ar-1200-1200,pr-true,f-auto,q-80/cms/product_variant/325baa1c-ac6c-424f-a3e9-10feea0b0e23.jpeg"
Breakfast & Sauces,Muesli & Oats,"https://cdn.zeptonow.com/production/tr:w-90,ar-120-120,pr-true,f-auto,q-80/cms/sub_category/156.png","Saffola Muesli Choco Crunch with Flavour Pops | 15 in 1 Fruit and Nuts, Seeds | Millet & more",Saffola,396,500,700 g,4.8 (445),In Stock,https://www.zeptonow.com/pn/saffola-muesli-choco-crunch-with-flavour-pops-15-in-1-fruit-and-nuts-seeds-millet-more/pvid/75f96881-aa1a-41d6-b334-f2a5a8c05cbc,"https://cdn.zeptonow.com/production/tr:w-1280,ar-1500-1500,pr-true,f-auto,q-80/cms/product_variant/a8c88e01-9092-4315-bb49-12965c1ebcf5.jpeg"
Breakfast & Sauces,Muesli & Oats,"https://cdn.zeptonow.com/production/tr:w-90,ar-120-120,pr-true,f-auto,q-80/cms/sub_category/156.png",Yogabar High Protein Oats Choco Almond Protein Breakfast,Yogabar,490,699,850 g,4.5 (387),In Stock,https://www.zeptonow.com/pn/yogabar-high-protein-oats-choco-almond-protein-breakfast/pvid/d84e1597-ca84-4462-b028-19c3a2fb9ea4,"https://cdn.zeptonow.com/production/tr:w-1280,ar-1500-1500,pr-true,f-auto,q-80/cms/product_variant/ab3cec4a-d0e0-4066-b6e2-1e71707ace19.jpg"
Breakfast & Sauces,Muesli & Oats,"https://cdn.zeptonow.com/production/tr:w-90,ar-120-120,pr-true,f-auto,q-80/cms/sub_category/156.png",True Elements Rolled Oats,True,220,400,1 kg,4.8 (1.2k),In Stock,https://www.zeptonow.com/pn/true-elements-rolled-oats/pvid/ae244f71-696b-440a-bef1-7d428c413fbf,"https://cdn.zeptonow.com/production/tr:w-1280,ar-1200-1200,pr-true,f-auto,q-80/cms/product_variant/a0f650a6-4a90-498b-bc05-9fee1923c0b8.jpeg"
Breakfast & Sauces,Muesli & Oats,"https://cdn.zeptonow.com/production/tr:w-90,ar-120-120,pr-true,f-auto,q-80/cms/sub_category/156.png","Yoga Bar Muesli Dark Chocolate & Cranberry,Breakfast Cereals, Protein Granola, Gluten Free",Yoga,273,390,400 g,4.5 (2.1k),In Stock,https://www.zeptonow.com/pn/yoga-bar-muesli-dark-chocolate-cranberrybreakfast-cereals-protein-granola-gluten-free/pvid/910e0d30-edad-445a-afdb-87e97eed9f9d,"https://cdn.zeptonow.com/production/tr:w-1280,ar-2323-2323,pr-true,f-auto,q-80/cms/product_variant/f9fe6af7-803b-45ce-8362-a02e0a593f97.jpeg"
Breakfast & Sauces,Muesli & Oats,"https://cdn.zeptonow.com/production/tr:w-90,ar-120-120,pr-true,f-auto,q-80/cms/sub_category/156.png",True Elements Fruit & Nut Muesli - Rich In Protein & Fibre No Added Sugar,True,312,495,700 g,4.5 (101),In Stock,https://www.zeptonow.com/pn/true-elements-fruit-nut-muesli-rich-in-protein-fibre-no-added-sugar/pvid/d07715bc-1ac9-457c-90b6-c76159712633,"https://cdn.zeptonow.com/production/tr:w-1280,ar-1991-2789,pr-true,f-auto,q-80/cms/product_variant/3e80f4c1-494d-4143-be9f-0dee9607d071.jpeg"
Breakfast & Sauces,Muesli & Oats,"https://cdn.zeptonow.com/production/tr:w-90,ar-120-120,pr-true,f-auto,q-80/cms/sub_category/156.png",True Elements Muesli Fruity Delight Fruit and Nut Muesli,True,342,495,700 g,4.7 (274),In Stock,https://www.zeptonow.com/pn/true-elements-muesli-fruity-delight-fruit-and-nut-muesli/pvid/a12ed986-0b26-45ed-8a50-ad3585f5b44a,"https://cdn.zeptonow.com/production/tr:w-1280,ar-1071-1500,pr-true,f-auto,q-80/cms/product_variant/94568cf0-4621-4e4d-b119-1639dd877e76.jpg"
Breakfast & Sauces,Muesli & Oats,"https://cdn.zeptonow.com/production/tr:w-90,ar-120-120,pr-true,f-auto,q-80/cms/sub_category/156.png",TATA Soulfull Millet Muesli Fruit & Nut Almonds & Real Fruits,Tata,399,399,500 g,4.1 (119),In Stock,https://www.zeptonow.com/pn/tata-soulfull-millet-muesli-fruit-nut-almonds-real-fruits/pvid/1ac1ef8f-8d49-4323-8468-a1a390782b89,"https://cdn.zeptonow.com/production/tr:w-1280,ar-1200-1200,pr-true,f-auto,q-80/cms/product_variant/22b7c19d-77f4-4aab-85b8-c06ef7a4f270.jpeg"
Breakfast & Sauces,Muesli & Oats,"https://cdn.zeptonow.com/production/tr:w-90,ar-120-120,pr-true,f-auto,q-80/cms/sub_category/156.png",ASAP Badamilk Muesli,ASAP,223,400,400 g,4.4 (604),In Stock,https://www.zeptonow.com/pn/asap-badamilk-muesli/pvid/014a9f3a-1e9d-43c5-b5e7-88fe94f0fdaf,"https://cdn.zeptonow.com/production/tr:w-1280,ar-1024-1100,pr-true,f-auto,q-80/cms/product_variant/1215ae60-fea5-4b3c-912c-30772a628fe4.jpeg"
Breakfast & Sauces,Muesli & Oats,"https://cdn.zeptonow.com/production/tr:w-90,ar-120-120,pr-true,f-auto,q-80/cms/sub_category/156.png",Unifit Rolled Oats | 100% Wholegrain | High Fiber and Protein | Healthy Breakfast Cereal,Unifit,99,199,400 g,4.5 (357),In Stock,https://www.zeptonow.com/pn/unifit-rolled-oats-100-wholegrain-high-fiber-and-protein-healthy-breakfast-cereal/pvid/474bb0ab-928a-4943-a1c6-20183e3b8c83,"https://cdn.zeptonow.com/production/tr:w-1280,ar-1500-1500,pr-true,f-auto,q-80/cms/product_variant/d284cf59-838b-475a-ae15-a37fc685c33d.jpg"
Breakfast & Sauces,Muesli & Oats,"https://cdn.zeptonow.com/production/tr:w-90,ar-120-120,pr-true,f-auto,q-80/cms/sub_category/156.png",True Elements No Added Sugar Muesli Jar Wholegrain Breakfast Cereal Sugar Free Muesli,Sugar free,404,695,1 kg,4.9 (306),In Stock,https://www.zeptonow.com/pn/true-elements-no-added-sugar-muesli-jar-wholegrain-breakfast-cereal-sugar-free-muesli/pvid/a740bce3-2611-4cba-83db-72accde9a956,"https://cdn.zeptonow.com/production/tr:w-1280,ar-2479-3200,pr-true,f-auto,q-80/cms/product_variant/adeb37e7-4ce4-4115-9872-742155eaa682.jpeg"
Breakfast & Sauces,Muesli & Oats,"https://cdn.zeptonow.com/production/tr:w-90,ar-120-120,pr-true,f-auto,q-80/cms/sub_category/156.png",Kwality Muesli Crunchy Almond Raisins And Honey,Kwality,419,699,1 kg,4.5 (865),In Stock,https://www.zeptonow.com/pn/kwality-muesli-crunchy-almond-raisins-and-honey/pvid/c5d30e8c-ede8-47e0-b34d-e4228dd3f451,"https://cdn.zeptonow.com/production/tr:w-1280,ar-2100-3067,pr-true,f-auto,q-80/cms/product_variant/6141cfb1-8542-42e5-9a3f-edc974996f1c.png"
Breakfast & Sauces,Muesli & Oats,"https://cdn.zeptonow.com/production/tr:w-90,ar-120-120,pr-true,f-auto,q-80/cms/sub_category/156.png",True Elements Rolled Oats | Naturally Gluten-free and Preservative-free,True,124,200,500 g,4.7 (2.0k),In Stock,https://www.zeptonow.com/pn/true-elements-rolled-oats-naturally-gluten-free-and-preservative-free/pvid/fcdb0d07-7b46-47d2-9d7d-47138d137f44,"https://cdn.zeptonow.com/production/tr:w-1280,ar-1200-1200,pr-true,f-auto,q-80/cms/product_variant/2a33ee05-e728-49d3-b62c-a8e0544ba8ca.jpeg"
Breakfast & Sauces,Muesli & Oats,"https://cdn.zeptonow.com/production/tr:w-90,ar-120-120,pr-true,f-auto,q-80/cms/sub_category/156.png",True Elements Muesli Berries Mix,True,249,350,400 g,4.9 (251),In Stock,https://www.zeptonow.com/pn/true-elements-muesli-berries-mix/pvid/2d8ffcab-5df0-4b10-a331-03b19be807fb,"https://cdn.zeptonow.com/production/tr:w-1280,ar-1200-1200,pr-true,f-auto,q-80/cms/product_variant/0bbfcbe7-6612-4967-bcaa-b13ec7171f70.jpeg"
Breakfast & Sauces,Muesli & Oats,"https://cdn.zeptonow.com/production/tr:w-90,ar-120-120,pr-true,f-auto,q-80/cms/sub_category/156.png",Bagrry's Rolled Oats Jar High Fibre Premium Rolled Oats Protein Rich Breakfast Cereal Wholegrain Breakfast,Bagrry's,246,490,1 kg,4.6 (1.8k),In Stock,https://www.zeptonow.com/pn/bagrrys-rolled-oats-jar-high-fibre-premium-rolled-oats-protein-rich-breakfast-cereal-wholegrain-breakfast/pvid/f12b918f-8229-46a7-8063-1a51b55d0465,"https://cdn.zeptonow.com/production/tr:w-1280,ar-1500-1500,pr-true,f-auto,q-80/cms/product_variant/5816069b-300e-41b1-b9bf-a9e2aa8b77af.jpeg"
Breakfast & Sauces,Muesli & Oats,"https://cdn.zeptonow.com/production/tr:w-90,ar-120-120,pr-true,f-auto,q-80/cms/sub_category/156.png",Saffola Masala Oats | Curry & Pepper | Anytime Snack | Ready in 3 mins | Millets Goodness | 500g,Saffola,214,240,500 g,4.9 (51),In Stock,https://www.zeptonow.com/pn/saffola-masala-oats-curry-pepper-anytime-snack-ready-in-3-mins-millets-goodness-500g/pvid/6096352f-c4f1-4f9b-9df2-80ec599177d6,"https://cdn.zeptonow.com/production/tr:w-1280,ar-1500-1500,pr-true,f-auto,q-80/cms/product_variant/ceac8022-ca27-493a-a300-7f529db4e745.jpeg"
Breakfast & Sauces,Muesli & Oats,"https://cdn.zeptonow.com/production/tr:w-90,ar-120-120,pr-true,f-auto,q-80/cms/sub_category/156.png",Unifit Rolled Oats | 100% Wholegrain | High Fiber and Protein | Healthy Breakfast Cereal,Unifit,199,399,1 kg,4.2 (334),In Stock,https://www.zeptonow.com/pn/unifit-rolled-oats-100-wholegrain-high-fiber-and-protein-healthy-breakfast-cereal/pvid/976c851b-5607-4dd3-af3b-8e93c6722205,"https://cdn.zeptonow.com/production/tr:w-1280,ar-1500-1500,pr-true,f-auto,q-80/cms/product_variant/7eeb6453-76df-4acd-b3a0-348442febe96.jpg"
Breakfast & Sauces,Muesli & Oats,"https://cdn.zeptonow.com/production/tr:w-90,ar-120-120,pr-true,f-auto,q-80/cms/sub_category/156.png",Bagrry's Crunchy Fruit & Nut Muesli,Bagrry's,213,380,375 g,4.5 (1.4k),In Stock,https://www.zeptonow.com/pn/bagrrys-crunchy-fruit-nut-muesli/pvid/d6b37274-1909-4f5b-b18e-3710e76f8a9d,"https://cdn.zeptonow.com/production/tr:w-1280,ar-1500-1500,pr-true,f-auto,q-80/cms/product_variant/650b4037-7c17-46dd-8c17-7c9efef9db00.jpg"
Breakfast & Sauces,Muesli & Oats,"https://cdn.zeptonow.com/production/tr:w-90,ar-120-120,pr-true,f-auto,q-80/cms/sub_category/156.png",Yogabar Dark Chocolate Oatmeal 400g Breakfast Cereal Gluten Free Oats High in Protein & Gluten-Free,Yogabar,212,249,400 g,4.8 (1.8k),In Stock,https://www.zeptonow.com/pn/yogabar-dark-chocolate-oatmeal-400g-breakfast-cereal-gluten-free-oats-high-in-protein-gluten-free/pvid/d36570c0-0ce2-4559-9284-bb2488a30e28,"https://cdn.zeptonow.com/production/tr:w-1280,ar-926-1500,pr-true,f-auto,q-80/cms/product_variant/d4c38500-f44b-4186-a93c-aa6699daba14.jpeg"
Breakfast & Sauces,Muesli & Oats,"https://cdn.zeptonow.com/production/tr:w-90,ar-120-120,pr-true,f-auto,q-80/cms/sub_category/156.png",True Elements No Added Sugar Muesli Fruit & Nut Muesli - Rich In Protein & Fibre,True,207,350,400 g,4.5 (116),In Stock,https://www.zeptonow.com/pn/true-elements-no-added-sugar-muesli-fruit-nut-muesli-rich-in-protein-fibre/pvid/22065015-d70f-4952-b5aa-447cd2681a84,"https://cdn.zeptonow.com/production/tr:w-1280,ar-2200-5000,pr-true,f-auto,q-80/cms/product_variant/02eb3fe4-a669-461b-bd80-c4e88cb14876.jpeg"
Breakfast & Sauces,Muesli & Oats,"https://cdn.zeptonow.com/production/tr:w-90,ar-120-120,pr-true,f-auto,q-80/cms/sub_category/156.png",Tata Soulfull Millet Muesli Crunchy | Almonds And Raisins | Breakfast Cereal,Tata,268,389,500 g,4.7 (113),In Stock,https://www.zeptonow.com/pn/tata-soulfull-millet-muesli-crunchy-almonds-and-raisins-breakfast-cereal/pvid/0447343c-958e-459b-be33-54cc3baf1c69,"https://cdn.zeptonow.com/production/tr:w-1280,ar-1200-1200,pr-true,f-auto,q-80/cms/product_variant/cd534397-e7b8-4655-a5b4-3fda91ef010d.jpg"
Breakfast & Sauces,Muesli & Oats,"https://cdn.zeptonow.com/production/tr:w-90,ar-120-120,pr-true,f-auto,q-80/cms/sub_category/156.png",Unifit Strawberry Muesli | Crunchy and Nutritious,Unifit,152,280,375 g,4.6 (299),In Stock,https://www.zeptonow.com/pn/unifit-strawberry-muesli-crunchy-and-nutritious/pvid/95dccc64-277e-4637-80de-39bb9d311956,"https://cdn.zeptonow.com/production/tr:w-1280,ar-1500-1500,pr-true,f-auto,q-80/cms/product_variant/aaf66e77-12f6-4520-9fbf-190a83d7d405.jpg"
Breakfast & Sauces,Muesli & Oats,"https://cdn.zeptonow.com/production/tr:w-90,ar-120-120,pr-true,f-auto,q-80/cms/sub_category/156.png","Tata Soulfull Masala Oats+ With Millets Mast Masala With Dal Shakti, 25% Millets, Non-Sticky Oats",Tata,181,249,500 g,4.2 (168),In Stock,https://www.zeptonow.com/pn/tata-soulfull-masala-oats-with-millets-mast-masala-with-dal-shakti-25-millets-non-sticky-oats/pvid/68a94eb8-6fc7-4cc3-8a6d-6aca92c56809,"https://cdn.zeptonow.com/production/tr:w-1280,ar-1200-1200,pr-true,f-auto,q-80/cms/product_variant/fbdeb9e0-f331-41ae-8000-6fffa2f38ada.jpg"
Breakfast & Sauces,Muesli & Oats,"https://cdn.zeptonow.com/production/tr:w-90,ar-120-120,pr-true,f-auto,q-80/cms/sub_category/156.png","True Elements Muesli Dark Chocolate, Fibre Rich Ready To Eat Breakfast",True,263,350,400 g,4.7 (271),In Stock,https://www.zeptonow.com/pn/true-elements-muesli-dark-chocolate-fibre-rich-ready-to-eat-breakfast/pvid/ca33a1a8-0c21-4d79-bb20-8b863bfc1ffe,"https://cdn.zeptonow.com/production/tr:w-1280,ar-2200-5000,pr-true,f-auto,q-80/cms/product_variant/79bdc5ce-47cc-4737-bb39-65def5f6cac2.jpeg"
Breakfast & Sauces,Muesli & Oats,"https://cdn.zeptonow.com/production/tr:w-90,ar-120-120,pr-true,f-auto,q-80/cms/sub_category/156.png",Yogabar 20g Protein Oats+ - Choco Almond | High Protein Breakfast,Yogabar,195,249,350 g,4.5 (859),In Stock,https://www.zeptonow.com/pn/yogabar-20g-protein-oats-choco-almond-high-protein-breakfast/pvid/3347cb15-5252-431b-8ec0-f5d5dadf78c8,"https://cdn.zeptonow.com/production/tr:w-1280,ar-926-1500,pr-true,f-auto,q-80/cms/product_variant/d3ef286d-ba6f-4329-bbf5-4aafac9f906e.jpg"
Breakfast & Sauces,Muesli & Oats,"https://cdn.zeptonow.com/production/tr:w-90,ar-120-120,pr-true,f-auto,q-80/cms/sub_category/156.png",Disano Rolled Oats 100% Whole Grain,Disano,143,285,1 kg,4.5 (2.6k),In Stock,https://www.zeptonow.com/pn/disano-rolled-oats-100-whole-grain/pvid/d3f1ba1c-b971-435b-b8b7-2067727226a5,"https://cdn.zeptonow.com/production/tr:w-1280,ar-679-679,pr-true,f-auto,q-80/cms/product_variant/c1ed3028-d4b9-4296-8a22-ebaa2a8b248d.jpg"
Breakfast & Sauces,Muesli & Oats,"https://cdn.zeptonow.com/production/tr:w-90,ar-120-120,pr-true,f-auto,q-80/cms/sub_category/156.png",Unifit Honey Raisin Almond Muesli | Crunchy and Nutritious,Unifit,150,280,375 g,4.5 (504),In Stock,https://www.zeptonow.com/pn/unifit-honey-raisin-almond-muesli-crunchy-and-nutritious/pvid/e5f0df07-0cb1-4811-beb8-cba166e2f5d9,"https://cdn.zeptonow.com/production/tr:w-1280,ar-1500-1500,pr-true,f-auto,q-80/cms/product_variant/c429e045-ad4d-4f1b-ac1e-c69cd240ee51.jpg"
Breakfast & Sauces,Muesli & Oats,"https://cdn.zeptonow.com/production/tr:w-90,ar-120-120,pr-true,f-auto,q-80/cms/sub_category/156.png",Quaker Oats,Quaker,80,86,400 g,4.7 (44.1k),In Stock,https://www.zeptonow.com/pn/quaker-oats/pvid/dfb6bdd1-72b7-4ed0-81ea-ff6ef4a910cc,"https://cdn.zeptonow.com/production/tr:w-1280,ar-2000-2000,pr-true,f-auto,q-80/cms/product_variant/6841d6b6-e044-4285-9612-ec2e5514a2b8.jpeg"
Breakfast & Sauces,Muesli & Oats,"https://cdn.zeptonow.com/production/tr:w-90,ar-120-120,pr-true,f-auto,q-80/cms/sub_category/156.png",True Elements Super Protein Oats,True,259,350,400 g,5 (199),In Stock,https://www.zeptonow.com/pn/true-elements-super-protein-oats/pvid/4b24b076-651a-4bd2-ad05-10e5e5569025,"https://cdn.zeptonow.com/production/tr:w-1280,ar-800-1007,pr-true,f-auto,q-80/cms/product_variant/d1dd03de-dea7-4127-8508-60c6426aa036.jpg"
Breakfast & Sauces,Muesli & Oats,"https://cdn.zeptonow.com/production/tr:w-90,ar-120-120,pr-true,f-auto,q-80/cms/sub_category/156.png",Saffola Masala Oats |Classic Masala | Anytime Snack | Ready in 3 mins | Millets Goodness,Saffola,217,249,500 g,4.7 (14.6k),In Stock,https://www.zeptonow.com/pn/saffola-masala-oats-classic-masala-anytime-snack-ready-in-3-mins-millets-goodness/pvid/4c22cb88-bfac-4d24-9810-8cb061d5aaf1,"https://cdn.zeptonow.com/production/tr:w-1280,ar-1500-1500,pr-true,f-auto,q-80/cms/product_variant/e0624cba-da5b-4c23-ae22-157269fb1601.jpeg"
Breakfast & Sauces,Muesli & Oats,"https://cdn.zeptonow.com/production/tr:w-90,ar-120-120,pr-true,f-auto,q-80/cms/sub_category/156.png",Quaker Oats Multigrain 600G Rolled Oats Wholegrain High Protein & Fibre Dalia Porridge,Quaker,138,192,600 g,4.7 (3.1k),In Stock,https://www.zeptonow.com/pn/quaker-oats-multigrain-600g-rolled-oats-wholegrain-high-protein-fibre-dalia-porridge/pvid/c678e1d0-56d2-494d-ab38-77d2734c2c3b,"https://cdn.zeptonow.com/production/tr:w-1280,ar-2000-2000,pr-true,f-auto,q-80/cms/product_variant/d5ea4c04-63b2-4d22-8c91-3beabbb07a1a.jpg"
Breakfast & Sauces,Muesli & Oats,"https://cdn.zeptonow.com/production/tr:w-90,ar-120-120,pr-true,f-auto,q-80/cms/sub_category/156.png",True Elements Oatmeal With Chia and Real Fruits,True,249,350,500 g,4.7 (185),In Stock,https://www.zeptonow.com/pn/true-elements-oatmeal-with-chia-and-real-fruits/pvid/9b5d65bd-1d90-43a6-ae8e-f13f684fc1f2,"https://cdn.zeptonow.com/production/tr:w-1280,ar-800-1007,pr-true,f-auto,q-80/cms/product_variant/3cc98745-4af8-45ee-847f-183a7286d686.jpg"
Breakfast & Sauces,Muesli & Oats,"https://cdn.zeptonow.com/production/tr:w-90,ar-120-120,pr-true,f-auto,q-80/cms/sub_category/156.png","Saffola Oats, Instant Rolled Oats, Soft & Creamy Oats, Power of Protein, Iron & Fibre",Saffola,208,245,1 kg + 300 g,4.7 (6.7k),In Stock,https://www.zeptonow.com/pn/saffola-oats-instant-rolled-oats-soft-creamy-oats-power-of-protein-iron-fibre/pvid/e14564e8-eb16-452b-b18e-04f088f4f99e,"https://cdn.zeptonow.com/production/tr:w-1280,ar-800-800,pr-true,f-auto,q-80/cms/product_variant/a46eec3e-7025-42ba-83ba-f0c576bd85d2.jpeg"
Breakfast & Sauces,Muesli & Oats,"https://cdn.zeptonow.com/production/tr:w-90,ar-120-120,pr-true,f-auto,q-80/cms/sub_category/156.png",Saffola Masala Oats | Veggie Twist | Anytime Snack | Ready in 3 mins | Millets Goodness,Saffola,234,270,500 g,4.7 (6.4k),In Stock,https://www.zeptonow.com/pn/saffola-masala-oats-veggie-twist-anytime-snack-ready-in-3-mins-millets-goodness/pvid/859e0f22-95ba-4ce6-91a0-d368bed37980,"https://cdn.zeptonow.com/production/tr:w-1280,ar-750-750,pr-true,f-auto,q-80/cms/product_variant/b5d7d360-52fc-4ca2-a518-d644edb6836c.jpeg"
Breakfast & Sauces,Muesli & Oats,"https://cdn.zeptonow.com/production/tr:w-90,ar-120-120,pr-true,f-auto,q-80/cms/sub_category/156.png","Yogabar Oats 900g ,Gluten Free with High Fibre & 100% Whole Grain",Yogabar,156,195,900 g,4.7 (1.1k),In Stock,https://www.zeptonow.com/pn/yogabar-oats-900g-gluten-free-with-high-fibre-100-whole-grain/pvid/bb0008f2-000b-4e91-a029-133472f35f39,"https://cdn.zeptonow.com/production/tr:w-1280,ar-1500-2420,pr-true,f-auto,q-80/cms/product_variant/772e1a81-aa63-4247-bfd2-5355806dcf23.jpg"
Breakfast & Sauces,Muesli & Oats,"https://cdn.zeptonow.com/production/tr:w-90,ar-120-120,pr-true,f-auto,q-80/cms/sub_category/156.png","Saffola Masala Oats Spicy Mexican, Healthy & Tasty, Anytime Snack",Saffola,191,225,400 g,4.8 (742),In Stock,https://www.zeptonow.com/pn/saffola-masala-oats-spicy-mexican-healthy-tasty-anytime-snack/pvid/de8bf368-a9d4-46e8-a913-0924ccea307d,"https://cdn.zeptonow.com/production/tr:w-1280,ar-723-1208,pr-true,f-auto,q-80/cms/product_variant/a62bbeaf-4b29-41dc-9940-204593a02a2d.jpeg"
Breakfast & Sauces,Muesli & Oats,"https://cdn.zeptonow.com/production/tr:w-90,ar-120-120,pr-true,f-auto,q-80/cms/sub_category/156.png",Eco Valley Hearty Oats | Rich in Protein and Fibre | 100% natural grain | Cooks in 3 Minutes,Eco,178,215,1 kg,5 (93),In Stock,https://www.zeptonow.com/pn/eco-valley-hearty-oats-rich-in-protein-and-fibre-100-natural-grain-cooks-in-3-minutes/pvid/60f49ec8-e80a-488f-bba3-926697287136,"https://cdn.zeptonow.com/production/tr:w-1280,ar-3000-3000,pr-true,f-auto,q-80/cms/product_variant/7d07b3d0-4e76-4c66-9a11-d4b1db0a18ca.jpeg"
Breakfast & Sauces,Muesli & Oats,"https://cdn.zeptonow.com/production/tr:w-90,ar-120-120,pr-true,f-auto,q-80/cms/sub_category/156.png",True Elements Muesli Nuts & Berries,True,92,125,145 g,4.7 (590),In Stock,https://www.zeptonow.com/pn/true-elements-muesli-nuts-berries/pvid/951d6b7b-44f3-4c17-adf3-d1faa3be407c,"https://cdn.zeptonow.com/production/tr:w-1280,ar-1991-2789,pr-true,f-auto,q-80/cms/product_variant/22909227-1074-48aa-99da-38796f092c8e.jpeg"
Breakfast & Sauces,Muesli & Oats,"https://cdn.zeptonow.com/production/tr:w-90,ar-120-120,pr-true,f-auto,q-80/cms/sub_category/156.png","Tata Soulfull Masala Oats+ Mast Masala, with 25% millets, Non sticky",Tata,157,249,500 g,4.8 (343),In Stock,https://www.zeptonow.com/pn/tata-soulfull-masala-oats-mast-masala-with-25-millets-non-sticky/pvid/881167d1-b47c-44a6-8d4e-e858b84251c5,"https://cdn.zeptonow.com/production/tr:w-1280,ar-1500-1500,pr-true,f-auto,q-80/cms/product_variant/f6d368e8-190a-4034-a192-652426c99681.jpeg"
Breakfast & Sauces,Muesli & Oats,"https://cdn.zeptonow.com/production/tr:w-90,ar-120-120,pr-true,f-auto,q-80/cms/sub_category/156.png",Be.anut Diet Muesli,Be.anut,427,449,400 g,4.1 (243),In Stock,https://www.zeptonow.com/pn/beanut-diet-muesli/pvid/eaacb9c2-3d2a-44a9-a823-5b997ccf1a37,"https://cdn.zeptonow.com/production/tr:w-1280,ar-4505-3269,pr-true,f-auto,q-80/cms/product_variant/498dbee4-f510-485c-9c13-e2b37d61c6f7.jpg"
Breakfast & Sauces,Muesli & Oats,"https://cdn.zeptonow.com/production/tr:w-90,ar-120-120,pr-true,f-auto,q-80/cms/sub_category/156.png",Saffola Cuppa Oats - Spicy Mexicana | No Maida | No Added Preservatives,Saffola,41,60,44 g,4.1 (90),In Stock,https://www.zeptonow.com/pn/saffola-cuppa-oats-spicy-mexicana-no-maida-no-added-preservatives/pvid/d4f54b4b-855b-4bc8-8071-622a56a7137b,"https://cdn.zeptonow.com/production/tr:w-1280,ar-1500-1500,pr-true,f-auto,q-80/cms/product_variant/7ef7f3e3-a7e4-4725-b3d6-e54512fd49c6.jpeg"
Breakfast & Sauces,Muesli & Oats,"https://cdn.zeptonow.com/production/tr:w-90,ar-120-120,pr-true,f-auto,q-80/cms/sub_category/156.png","Saffola Oats, Instant Rolled Oats, Soft & Creamy Oats, Power of Protein, Iron & Fibre",Saffola,89,99,500 g,4.6 (6.2k),In Stock,https://www.zeptonow.com/pn/saffola-oats-instant-rolled-oats-soft-creamy-oats-power-of-protein-iron-fibre/pvid/292f1828-6db0-4af6-9abd-b8e9095452ae,"https://cdn.zeptonow.com/production/tr:w-1280,ar-1080-1080,pr-true,f-auto,q-80/cms/product_variant/40d22776-cae5-46a2-b8c9-c938e8e22ae1.jpeg"
Breakfast & Sauces,Muesli & Oats,"https://cdn.zeptonow.com/production/tr:w-90,ar-120-120,pr-true,f-auto,q-80/cms/sub_category/156.png",True Elements Steel Cut Oats,True,78,99,200 g,4.7 (248),In Stock,https://www.zeptonow.com/pn/true-elements-steel-cut-oats/pvid/b47e7145-5bdf-4d63-abba-e8e1d140a0f8,"https://cdn.zeptonow.com/production/tr:w-1280,ar-1991-2789,pr-true,f-auto,q-80/cms/product_variant/145df255-58e2-40ab-87e4-d7d02956df0f.jpg"
Breakfast & Sauces,Muesli & Oats,"https://cdn.zeptonow.com/production/tr:w-90,ar-120-120,pr-true,f-auto,q-80/cms/sub_category/156.png",ASAP Fruitz Muesli,ASAP,223,400,400 g,4.6 (253),In Stock,https://www.zeptonow.com/pn/asap-fruitz-muesli/pvid/2af141c4-66c6-438c-a661-a28c55576526,"https://cdn.zeptonow.com/production/tr:w-1280,ar-1024-1100,pr-true,f-auto,q-80/cms/product_variant/33f56ab1-b43e-4cb8-a301-fae7a877fe2d.jpeg"
Breakfast & Sauces,Muesli & Oats,"https://cdn.zeptonow.com/production/tr:w-90,ar-120-120,pr-true,f-auto,q-80/cms/sub_category/156.png",True Elements Breakfast Combo (Oats | Muesli | Granola),True,105,150,1 pack (3 pcs),4.6 (426),In Stock,https://www.zeptonow.com/pn/true-elements-breakfast-combo-oats-muesli-granola/pvid/3ec5f9f2-d485-44a8-a542-9463b5d3caad,"https://cdn.zeptonow.com/production/tr:w-1280,ar-1500-1500,pr-true,f-auto,q-80/cms/product_variant/35b93974-d7c3-40a6-972e-c4b182b843e8.jpeg"
Breakfast & Sauces,Muesli & Oats,"https://cdn.zeptonow.com/production/tr:w-90,ar-120-120,pr-true,f-auto,q-80/cms/sub_category/156.png",Saffola Masala Oats | Peppy Tomato | Anytime Snack | Ready in 3 mins | Millets Goodness |500g,Saffola,217,249,500 g,4.5 (1.4k),In Stock,https://www.zeptonow.com/pn/saffola-masala-oats-peppy-tomato-anytime-snack-ready-in-3-mins-millets-goodness-500g/pvid/68f57fed-5ef1-485d-8588-6a71280dc339,"https://cdn.zeptonow.com/production/tr:w-1280,ar-1500-1500,pr-true,f-auto,q-80/cms/product_variant/39bd67ab-5855-4ce5-b04e-10dbff82f015.jpeg"
Breakfast & Sauces,Muesli & Oats,"https://cdn.zeptonow.com/production/tr:w-90,ar-120-120,pr-true,f-auto,q-80/cms/sub_category/156.png",Saffola Masala Oats |Classic Masala | Anytime Snack | Ready in 3 mins | Millets Goodness,Saffola,18,18,38 g,4.7 (25.3k),In Stock,https://www.zeptonow.com/pn/saffola-masala-oats-classic-masala-anytime-snack-ready-in-3-mins-millets-goodness/pvid/e011578a-374b-406a-890d-f092005c203d,"https://cdn.zeptonow.com/production/tr:w-1280,ar-750-750,pr-true,f-auto,q-80/cms/product_variant/545fcab0-95e0-45f2-957b-5d8c6a4dc10f.jpeg"
Breakfast & Sauces,Muesli & Oats,"https://cdn.zeptonow.com/production/tr:w-90,ar-120-120,pr-true,f-auto,q-80/cms/sub_category/156.png",Saffola Masala Oats Veggie Twist Just 3 Mins No Added Preservatives Tasty,Saffola,103,149,250 g,4.6 (919),In Stock,https://www.zeptonow.com/pn/saffola-masala-oats-veggie-twist-just-3-mins-no-added-preservatives-tasty/pvid/c8aadb8b-6f13-44e9-baf8-a12a79521d2a,"https://cdn.zeptonow.com/production/tr:w-1280,ar-1500-1500,pr-true,f-auto,q-80/cms/product_variant/fedae378-fd91-4872-b793-c56c6b73b8e8.jpeg"
Breakfast & Sauces,Muesli & Oats,"https://cdn.zeptonow.com/production/tr:w-90,ar-120-120,pr-true,f-auto,q-80/cms/sub_category/156.png",ASAP Muesli | No Added Sugar,ASAP,223,400,400 g,4.2 (96),In Stock,https://www.zeptonow.com/pn/asap-muesli-no-added-sugar/pvid/8e0f2bec-8c3c-4d65-955b-f9d7c8d4cf2f,"https://cdn.zeptonow.com/production/tr:w-1280,ar-1024-1100,pr-true,f-auto,q-80/cms/product_variant/b0e3cef1-f32f-4cf1-9221-33b66e973298.jpeg"
Breakfast & Sauces,Muesli & Oats,"https://cdn.zeptonow.com/production/tr:w-90,ar-120-120,pr-true,f-auto,q-80/cms/sub_category/156.png","Tata Soulfull Namkeen Mixture, Masala Muesli, Healthy Snacks, Teekha Twist with Millets, Baked",Tata,96,120,160 g,4.9 (110),In Stock,https://www.zeptonow.com/pn/tata-soulfull-namkeen-mixture-masala-muesli-healthy-snacks-teekha-twist-with-millets-baked/pvid/e1c5c546-4d74-4dca-85f3-bd6e0c20b227,"https://cdn.zeptonow.com/production/tr:w-1280,ar-1200-1200,pr-true,f-auto,q-80/cms/product_variant/43e4bf31-e76b-4c5e-9292-f30d4ec60868.jpeg"
Breakfast & Sauces,Muesli & Oats,"https://cdn.zeptonow.com/production/tr:w-90,ar-120-120,pr-true,f-auto,q-80/cms/sub_category/156.png",Sid's Farm Mango Millet Pops,Sid's Farm,69,105,90 g,4.2 (69),In Stock,https://www.zeptonow.com/pn/sids-farm-mango-millet-pops/pvid/ca2cfb92-4884-43f1-a8f1-49453ea33392,"https://cdn.zeptonow.com/production/tr:w-1280,ar-1080-1080,pr-true,f-auto,q-80/cms/product_variant/06957ac0-395e-424a-a3db-9aecd35ba9ea.jpg"
Breakfast & Sauces,Muesli & Oats,"https://cdn.zeptonow.com/production/tr:w-90,ar-120-120,pr-true,f-auto,q-80/cms/sub_category/156.png",True Elements Oats gluten free high protein fibre,True,185,270,900 g,4.5 (180),In Stock,https://www.zeptonow.com/pn/true-elements-oats-gluten-free-high-protein-fibre/pvid/d7bdb2c6-17e1-4a8a-ad33-bcc3d09d5cc1,"https://cdn.zeptonow.com/production/tr:w-1280,ar-2479-3200,pr-true,f-auto,q-80/cms/product_variant/ef1238d6-b34f-4314-9552-b746dcc68205.jpeg"
Breakfast & Sauces,Muesli & Oats,"https://cdn.zeptonow.com/production/tr:w-90,ar-120-120,pr-true,f-auto,q-80/cms/sub_category/156.png","Tata Soulfull Namkeen Mixture, Masala Muesli, Healthy Snacks, Mast Masala with Millets, Baked",Tata,96,120,160 g,4.9 (114),In Stock,https://www.zeptonow.com/pn/tata-soulfull-namkeen-mixture-masala-muesli-healthy-snacks-mast-masala-with-millets-baked/pvid/4ffa84e4-2613-4cb8-a8f9-0d67aea44c80,"https://cdn.zeptonow.com/production/tr:w-1280,ar-1200-1200,pr-true,f-auto,q-80/cms/product_variant/b55273ad-8a72-4969-8d71-9cfe4e8a813b.jpeg"
Breakfast & Sauces,Muesli & Oats,"https://cdn.zeptonow.com/production/tr:w-90,ar-120-120,pr-true,f-auto,q-80/cms/sub_category/156.png",Saffola Cuppa Oats - Magic Masala | No Maida | No Added Preservatives,Saffola,40,60,44 g,4.9 (98),In Stock,https://www.zeptonow.com/pn/saffola-cuppa-oats-magic-masala-no-maida-no-added-preservatives/pvid/5a729de3-2c3f-48f2-be32-34f456ac39f8,"https://cdn.zeptonow.com/production/tr:w-1280,ar-1500-1500,pr-true,f-auto,q-80/cms/product_variant/0575f91b-2298-4cfa-87df-aa82a7ef7fdc.jpeg"
Breakfast & Sauces,Muesli & Oats,"https://cdn.zeptonow.com/production/tr:w-90,ar-120-120,pr-true,f-auto,q-80/cms/sub_category/156.png",Tata Soulfull Masala Oats+ | Tomato Twist | 25% Millets | Real VEGgies,Tata,168,249,500 g,4.7 (90),In Stock,https://www.zeptonow.com/pn/tata-soulfull-masala-oats-tomato-twist-25-millets-real-veggies/pvid/6fe53300-4d3c-426b-b6e3-0ebfaa7cd338,"https://cdn.zeptonow.com/production/tr:w-1280,ar-1200-1200,pr-true,f-auto,q-80/cms/product_variant/ae95e4ca-8355-441a-897d-c8ffde9979ec.jpg"
Breakfast & Sauces,Muesli & Oats,"https://cdn.zeptonow.com/production/tr:w-90,ar-120-120,pr-true,f-auto,q-80/cms/sub_category/156.png",ASAP Dark Choco Muesli,ASAP,223,400,400 g,4.7 (342),In Stock,https://www.zeptonow.com/pn/asap-dark-choco-muesli/pvid/aa5d0859-f8fb-4917-ad18-47b45d00d9df,"https://cdn.zeptonow.com/production/tr:w-1280,ar-1024-1100,pr-true,f-auto,q-80/cms/product_variant/0f71a735-669b-4afe-8a85-6fd1f3f7b802.jpeg"
Breakfast & Sauces,Muesli & Oats,"https://cdn.zeptonow.com/production/tr:w-90,ar-120-120,pr-true,f-auto,q-80/cms/sub_category/156.png",ASAP Coffeeluv Muesli,ASAP,223,400,400 g,4.4 (603),In Stock,https://www.zeptonow.com/pn/asap-coffeeluv-muesli/pvid/cd9784df-c779-4c34-a79f-8b2585bacb66,"https://cdn.zeptonow.com/production/tr:w-1280,ar-1024-1100,pr-true,f-auto,q-80/cms/product_variant/6a4e180a-5e94-4a46-971d-6de374e0491b.jpeg"
Breakfast & Sauces,Muesli & Oats,"https://cdn.zeptonow.com/production/tr:w-90,ar-120-120,pr-true,f-auto,q-80/cms/sub_category/156.png",Kellogg’s Muesli 0% Added Sugar | 12-in-1 Power Breakfast | India’s No. 1 Muesli 500 gms Combo,Kellogg’s,676,790,500 g X 2,4.3 (252),In Stock,https://www.zeptonow.com/pn/kelloggs-muesli-0-added-sugar-12-in-1-power-breakfast-indias-no-1-muesli-500-gms-combo/pvid/08b448a1-3751-44de-a931-542d49a16919,"https://cdn.zeptonow.com/production/tr:w-1280,ar-1200-1200,pr-true,f-auto,q-80/cms/product_variant/e828b17d-702a-419b-8868-2b2468acd3b2.jpg"
Breakfast & Sauces,Muesli & Oats,"https://cdn.zeptonow.com/production/tr:w-90,ar-120-120,pr-true,f-auto,q-80/cms/sub_category/156.png",Saffola Classic Masala Oats Combo,Saffola,34,36,38 g X 2,4.3 (947),In Stock,https://www.zeptonow.com/pn/saffola-classic-masala-oats-combo/pvid/92302f33-316b-4d7d-a955-44d477656232,"https://cdn.zeptonow.com/production/tr:w-1280,ar-1200-1200,pr-true,f-auto,q-80/cms/product_variant/96f5ba75-3634-4592-a725-4dcc15a5a951.jpg"
Breakfast & Sauces,Muesli & Oats,"https://cdn.zeptonow.com/production/tr:w-90,ar-120-120,pr-true,f-auto,q-80/cms/sub_category/156.png",Saffola Classic Masala Oats Combo,Saffola,51,54,38 g X 3,4.4 (774),In Stock,https://www.zeptonow.com/pn/saffola-classic-masala-oats-combo/pvid/c1e866ee-388d-4609-84ca-437147b9f6da,"https://cdn.zeptonow.com/production/tr:w-1280,ar-1200-1200,pr-true,f-auto,q-80/cms/product_variant/5dbaf830-4b44-4be4-8232-fd5dcdd4277b.jpg"
Breakfast & Sauces,Muesli & Oats,"https://cdn.zeptonow.com/production/tr:w-90,ar-120-120,pr-true,f-auto,q-80/cms/sub_category/156.png",Saffola Masala Oats | Peppy Tomato | Anytime Snack | Ready in 3 mins | Millets Goodness |500g 500 g Combo,Saffola,410,498,500 g X 2,4.4 (733),In Stock,https://www.zeptonow.com/pn/saffola-masala-oats-peppy-tomato-anytime-snack-ready-in-3-mins-millets-goodness-500g-500-g-combo/pvid/b463f121-745a-4868-b637-4aa662252c86,"https://cdn.zeptonow.com/production/tr:w-1280,ar-1500-1500,pr-true,f-auto,q-80/cms/product_variant/0549e6ec-4974-4cd4-85ce-9dfda756180c.jpg"
Breakfast & Sauces,Muesli & Oats,"https://cdn.zeptonow.com/production/tr:w-90,ar-120-120,pr-true,f-auto,q-80/cms/sub_category/156.png",Yoga Bar 100% Rolled Oats Gluten free Wholegrain Oats With Protein & Fibre 1 kg Combo,Yoga,580,980,1 kg X 2,4.3 (606),In Stock,https://www.zeptonow.com/pn/yoga-bar-100-rolled-oats-gluten-free-wholegrain-oats-with-protein-fibre-1-kg-combo/pvid/51d612d0-a793-419d-826d-c49efa5630e7,"https://cdn.zeptonow.com/production/tr:w-1280,ar-1500-1500,pr-true,f-auto,q-80/cms/product_variant/d48957e1-b882-48f3-8610-2247d8709e1c.jpg"
Breakfast & Sauces,Muesli & Oats,"https://cdn.zeptonow.com/production/tr:w-90,ar-120-120,pr-true,f-auto,q-80/cms/sub_category/156.png",Bagrry's Crunchy Fruit & Nut Muesli 375 g Combo,Bagrry's,394,760,375 g X 2,4.2 (832),In Stock,https://www.zeptonow.com/pn/bagrrys-crunchy-fruit-nut-muesli-375-g-combo/pvid/9c0c83fc-a901-49a8-a851-dbf90db1cc1e,"https://cdn.zeptonow.com/production/tr:w-1280,ar-1500-1500,pr-true,f-auto,q-80/cms/product_variant/1764608d-da4d-47e2-bc3d-822686aa2d59.jpg"
Breakfast & Sauces,Muesli & Oats,"https://cdn.zeptonow.com/production/tr:w-90,ar-120-120,pr-true,f-auto,q-80/cms/sub_category/156.png",Saffola Masala Oats |Classic Masala | Anytime Snack | Ready in 3 mins | Millets Goodness 38 g Combo,Saffola,68,72,38 g X 4,4.4 (495),In Stock,https://www.zeptonow.com/pn/saffola-masala-oats-classic-masala-anytime-snack-ready-in-3-mins-millets-goodness-38-g-combo/pvid/9c483ff0-673b-450b-95e9-c9d0b304b347,"https://cdn.zeptonow.com/production/tr:w-1280,ar-1500-1500,pr-true,f-auto,q-80/inventory/product/4039093e-069c-4e43-a2a9-f793d8eee7c2-3423.jpg"
Breakfast & Sauces,Muesli & Oats,"https://cdn.zeptonow.com/production/tr:w-90,ar-120-120,pr-true,f-auto,q-80/cms/sub_category/156.png",Saffola Oats 500 g Combo,Saffola,168,198,500 g X 2,4.2 (837),In Stock,https://www.zeptonow.com/pn/saffola-oats-500-g-combo/pvid/4cc85683-99fc-4a14-a727-b7d8d657f89f,"https://cdn.zeptonow.com/production/tr:w-1280,ar-1500-1500,pr-true,f-auto,q-80/cms/product_variant/1b211de2-b86e-478f-a13b-5bf47c92c0f6.jpg"
Breakfast & Sauces,Muesli & Oats,"https://cdn.zeptonow.com/production/tr:w-90,ar-120-120,pr-true,f-auto,q-80/cms/sub_category/156.png",Bagrry'S Whey Protein Chocolate Muesli With Almonds ( 100% Whole Oats)(500gms) & Sugar Free D'Lite Rich Cocoa Dark Chocolate Bar(40gms) Combo,Sugar free,385,548,2 combo,4.2 (62),In Stock,https://www.zeptonow.com/pn/bagrrys-whey-protein-chocolate-muesli-with-almonds-100-whole-oats500gms-sugar-free-dlite-rich-cocoa-dark-chocolate-bar40gms-combo/pvid/8c9444a3-bdbf-4310-93c9-fdad84a70307,"https://cdn.zeptonow.com/production/tr:w-1280,ar-1500-1500,pr-true,f-auto,q-80/cms/product_variant/1349.jpg"
Breakfast & Sauces,Muesli & Oats,"https://cdn.zeptonow.com/production/tr:w-90,ar-120-120,pr-true,f-auto,q-80/cms/sub_category/156.png",True Elements Gluten Free Rolled Oats(Pouch)(1kg) & True Elements Rolled Oats(500gms) Combo,True,332,600,2 combo,4.5 (686),In Stock,https://www.zeptonow.com/pn/true-elements-gluten-free-rolled-oatspouch1kg-true-elements-rolled-oats500gms-combo/pvid/9862cb9a-3650-4261-b7ea-c4b215521902,"https://cdn.zeptonow.com/production/tr:w-1280,ar-1000-1000,pr-true,f-auto,q-80/cms/product_variant/f4f7cf37-3777-4f7d-9ff0-b8cb9f5b61e9.jpeg"
Breakfast & Sauces,Muesli & Oats,"https://cdn.zeptonow.com/production/tr:w-90,ar-120-120,pr-true,f-auto,q-80/cms/sub_category/156.png",Kellogg's Crunchy Fruit & Nut Breakfast Cereals Muesli(750 gms) & Epigamia Greek Yogurt - Strawberry(90 gms) Combo,Epigamia,633,705,2 combo,4.4 (941),In Stock,https://www.zeptonow.com/pn/kelloggs-crunchy-fruit-nut-breakfast-cereals-muesli750-gms-epigamia-greek-yogurt-strawberry90-gms-combo/pvid/c052e40f-4851-4cd2-a073-2df9487b25c5,"https://cdn.zeptonow.com/production/tr:w-1280,ar-1000-1000,pr-true,f-auto,q-80/cms/product_variant/abd4670d-6f43-4d8a-97d9-04169b016fc3.jpeg"
Breakfast & Sauces,Muesli & Oats,"https://cdn.zeptonow.com/production/tr:w-90,ar-120-120,pr-true,f-auto,q-80/cms/sub_category/156.png",Bagrry’S Rolled Oats Jar(1.2kg) & Sugar Free D'Lite Quinoa & Almonds Dark Chocolate Bar(40gms) Combo,Sugar free,315,589,2 combo,4.2 (636),In Stock,https://www.zeptonow.com/pn/bagrrys-rolled-oats-jar12kg-sugar-free-dlite-quinoa-almonds-dark-chocolate-bar40gms-combo/pvid/7a8f4f29-a8b0-4757-b5c6-545f900fbe50,"https://cdn.zeptonow.com/production/tr:w-1280,ar-1500-1500,pr-true,f-auto,q-80/cms/product_variant/1347.jpg"
Breakfast & Sauces,Muesli & Oats,"https://cdn.zeptonow.com/production/tr:w-90,ar-120-120,pr-true,f-auto,q-80/cms/sub_category/156.png",Kellogg's Crunchy Fruit & Nut Breakfast Cereals Muesli(750 gms) & Epigamia Blueberry Greek Yogurt(90 gms) Combo,Epigamia,633,705,2 combo,4.2 (382),In Stock,https://www.zeptonow.com/pn/kelloggs-crunchy-fruit-nut-breakfast-cereals-muesli750-gms-epigamia-blueberry-greek-yogurt90-gms-combo/pvid/34872b29-9619-4080-b99a-5faa0e5f6c98,"https://cdn.zeptonow.com/production/tr:w-1280,ar-1000-1000,pr-true,f-auto,q-80/cms/product_variant/94d66a16-9469-42dd-af1b-0b99ddb84405.jpeg"
Breakfast & Sauces,Muesli & Oats,"https://cdn.zeptonow.com/production/tr:w-90,ar-120-120,pr-true,f-auto,q-80/cms/sub_category/156.png",True Elements Rolled Oats 500 g Combo,True,226,400,500 g X 2,4.7 (483),In Stock,https://www.zeptonow.com/pn/true-elements-rolled-oats-500-g-combo/pvid/73b9935c-3dfa-40db-ae9a-78864f3e7c88,"https://cdn.zeptonow.com/production/tr:w-1280,ar-1500-1500,pr-true,f-auto,q-80/cms/product_variant/f3020e80-37d4-4c4a-ba45-46dc06c647ae.jpg"
Breakfast & Sauces,Muesli & Oats,"https://cdn.zeptonow.com/production/tr:w-90,ar-120-120,pr-true,f-auto,q-80/cms/sub_category/156.png",Bagrry's Whey Protein Chocolate Muesli with Almonds | 20g protein | 100% Whole Oats | 500gm carton 500 g Combo,Bagrry's,582,898,500 g X 2,4.3 (284),In Stock,https://www.zeptonow.com/pn/bagrrys-whey-protein-chocolate-muesli-with-almonds-20g-protein-100-whole-oats-500gm-carton-500-g-combo/pvid/81bfae3d-9380-4ef4-b286-958d1fc02a97,"https://cdn.zeptonow.com/production/tr:w-1280,ar-1500-1500,pr-true,f-auto,q-80/cms/product_variant/60d6c474-eeaf-43fd-9445-70c29276ce89.jpg"
Breakfast & Sauces,Muesli & Oats,"https://cdn.zeptonow.com/production/tr:w-90,ar-120-120,pr-true,f-auto,q-80/cms/sub_category/156.png","Right Shift Masala Oats, 6x veggies & Millets | High Protein & Fibre | No preservatives",Right Shift,105,190,240 g,4.8 (70),Sold Out,https://www.zeptonow.com/pn/right-shift-masala-oats-6x-veggies-millets-high-protein-fibre-no-preservatives/pvid/21c6b10e-fb04-49d1-b2fa-4728465bcd6d,"https://cdn.zeptonow.com/production/tr:w-1280,ar-2048-2048,pr-true,f-auto,q-80/cms/product_variant/6165d400-e00c-4313-b24e-1f910a855169.jpeg"
Breakfast & Sauces,Muesli & Oats,"https://cdn.zeptonow.com/production/tr:w-90,ar-120-120,pr-true,f-auto,q-80/cms/sub_category/156.png",Kellogg's Muesli Nuts Delight 12-in-1 Power Breakfast,Kellogg's,493,830,1 kg,4.6 (1.4k),Sold Out,https://www.zeptonow.com/pn/kelloggs-muesli-nuts-delight-12-in-1-power-breakfast/pvid/0fbd5e93-6d69-4930-ab73-7d72a8366515,"https://cdn.zeptonow.com/production/tr:w-1280,ar-1200-1200,pr-true,f-auto,q-80/cms/product_variant/b6346b2d-1a93-4866-9269-6f7c6ac9d439.jpeg"
Breakfast & Sauces,Muesli & Oats,"https://cdn.zeptonow.com/production/tr:w-90,ar-120-120,pr-true,f-auto,q-80/cms/sub_category/156.png",Kellogg's Chocolate Muesli | 12-in-1 Power Breakfast | India's No. 1 Muesli | Multigrain Breakfast Cereal,Kellogg's,332,399,450 g,4.5 (1.3k),Sold Out,https://www.zeptonow.com/pn/kelloggs-chocolate-muesli-12-in-1-power-breakfast-indias-no-1-muesli-multigrain-breakfast-cereal/pvid/ef72e5b5-4fb7-4c85-aebe-16bb978fee82,"https://cdn.zeptonow.com/production/tr:w-1280,ar-1080-1080,pr-true,f-auto,q-80/cms/product_variant/95c4491c-eb23-47f6-ad66-260bafc4ba41.jpeg"
Breakfast & Sauces,Muesli & Oats,"https://cdn.zeptonow.com/production/tr:w-90,ar-120-120,pr-true,f-auto,q-80/cms/sub_category/156.png",MuscleBlaze Fit High Protein Oats (Dark Chocolate),MuscleBlaze,649,699,1 kg,4.7 (1.2k),Sold Out,https://www.zeptonow.com/pn/muscleblaze-fit-high-protein-oats-dark-chocolate/pvid/2d95affe-e4ad-4d60-ade2-9796bb175cbf,"https://cdn.zeptonow.com/production/tr:w-1280,ar-2000-2000,pr-true,f-auto,q-80/cms/product_variant/519d34da-a7de-4b0a-aed7-624ed09f1bb8.jpeg"
Breakfast & Sauces,Muesli & Oats,"https://cdn.zeptonow.com/production/tr:w-90,ar-120-120,pr-true,f-auto,q-80/cms/sub_category/156.png",Pintola High Protein Oats Dark Chocolate With Almonds Raisin Pumpkin And Chia Seeds,Pintola,612,699,1 kg,4.7 (1.6k),Sold Out,https://www.zeptonow.com/pn/pintola-high-protein-oats-dark-chocolate-with-almonds-raisin-pumpkin-and-chia-seeds/pvid/74900874-0aff-471c-b61e-cb861dd6e76e,"https://cdn.zeptonow.com/production/tr:w-1280,ar-1500-1500,pr-true,f-auto,q-80/cms/product_variant/054cb6bc-fe7f-46a6-8dab-9f6ea4612358.jpeg"
Breakfast & Sauces,Muesli & Oats,"https://cdn.zeptonow.com/production/tr:w-90,ar-120-120,pr-true,f-auto,q-80/cms/sub_category/156.png","Yoga Bar Muesli Dark Chocolate & Cranberry,Breakfast Cereals, Protein Granola, Gluten Free",Yoga,371,499,700 g,4.8 (1.1k),Sold Out,https://www.zeptonow.com/pn/yoga-bar-muesli-dark-chocolate-cranberrybreakfast-cereals-protein-granola-gluten-free/pvid/d73eeecb-22c2-4d86-923b-4a42f16f8427,"https://cdn.zeptonow.com/production/tr:w-1280,ar-3000-3000,pr-true,f-auto,q-80/cms/product_variant/077c3cb6-d0a3-40b1-8818-c60e8ae7a88c.jpg"
Breakfast & Sauces,Muesli & Oats,"https://cdn.zeptonow.com/production/tr:w-90,ar-120-120,pr-true,f-auto,q-80/cms/sub_category/156.png","Yoga Bar Muesli Fruits Nuts and Seeds,Breakfast Cereals, Protein Granola, Gluten Free",Yoga,350,499,700 g,4.6 (1.1k),Sold Out,https://www.zeptonow.com/pn/yoga-bar-muesli-fruits-nuts-and-seedsbreakfast-cereals-protein-granola-gluten-free/pvid/40996da5-90e0-4910-9518-24f52a05a021,"https://cdn.zeptonow.com/production/tr:w-1280,ar-1200-1200,pr-true,f-auto,q-80/cms/product_variant/20b6482c-0577-411e-babb-943ddcc91aa6.jpeg"
Breakfast & Sauces,Muesli & Oats,"https://cdn.zeptonow.com/production/tr:w-90,ar-120-120,pr-true,f-auto,q-80/cms/sub_category/156.png","Tata Soulfull Millet Muesli with 90% Fruits, Nut & Wholegrains, Breakfast Cereal",Tata,352,549,700 g,4.7 (1.0k),Sold Out,https://www.zeptonow.com/pn/tata-soulfull-millet-muesli-with-90-fruits-nut-wholegrains-breakfast-cereal/pvid/c0deacde-c224-44cc-a9cb-6050edd80604,"https://cdn.zeptonow.com/production/tr:w-1280,ar-1200-1200,pr-true,f-auto,q-80/cms/product_variant/8d7bbd22-60d0-49a0-9e55-db414a185083.jpg"
Breakfast & Sauces,Muesli & Oats,"https://cdn.zeptonow.com/production/tr:w-90,ar-120-120,pr-true,f-auto,q-80/cms/sub_category/156.png",Yogabar Super Muesli No Added Sugar,Yogabar,379,499,700 g,4.8 (345),Sold Out,https://www.zeptonow.com/pn/yogabar-super-muesli-no-added-sugar/pvid/e323a9c5-49b2-4f2c-8380-eafa6a4ac2c2,"https://cdn.zeptonow.com/production/tr:w-1280,ar-2400-2400,pr-true,f-auto,q-80/cms/product_variant/8ecb62e6-054d-4a6f-a010-6f034bd50648.jpeg"
Breakfast & Sauces,Muesli & Oats,"https://cdn.zeptonow.com/production/tr:w-90,ar-120-120,pr-true,f-auto,q-80/cms/sub_category/156.png",Pintola High Protein Oats Dark Chocolate With Almonds Raisin Pumpkin And Chia Seeds,Pintola,300,349,400 g,4.7 (1.7k),Sold Out,https://www.zeptonow.com/pn/pintola-high-protein-oats-dark-chocolate-with-almonds-raisin-pumpkin-and-chia-seeds/pvid/4cb663d2-437b-4f62-898a-2b8b8d5910a8,"https://cdn.zeptonow.com/production/tr:w-1280,ar-1500-1500,pr-true,f-auto,q-80/cms/product_variant/e8e3cc84-25e0-45e0-8e31-f34dce22a657.jpeg"
Breakfast & Sauces,Muesli & Oats,"https://cdn.zeptonow.com/production/tr:w-90,ar-120-120,pr-true,f-auto,q-80/cms/sub_category/156.png","Saffola Muesli Kesar Crunch With Flavour Pops | 15 In 1 Fruit And Nuts | Seeds, Millet & More",Saffola,313,450,700 g,3.9 (341),Sold Out,https://www.zeptonow.com/pn/saffola-muesli-kesar-crunch-with-flavour-pops-15-in-1-fruit-and-nuts-seeds-millet-more/pvid/63f0a473-516d-4203-81d5-7be84f8a9cea,"https://cdn.zeptonow.com/production/tr:w-1280,ar-1500-1500,pr-true,f-auto,q-80/cms/product_variant/53bd96fe-1a29-4188-9200-7b16d5126131.jpeg"
Breakfast & Sauces,Muesli & Oats,"https://cdn.zeptonow.com/production/tr:w-90,ar-120-120,pr-true,f-auto,q-80/cms/sub_category/156.png",Yoga Bar High Protein Muesli (Choco Almond & Cranberry),Yoga,289,395,350 g,4.4 (995),Sold Out,https://www.zeptonow.com/pn/yoga-bar-high-protein-muesli-choco-almond-cranberry/pvid/b084f0b7-7c5f-4244-8c6f-e398132e91dd,"https://cdn.zeptonow.com/production/tr:w-1280,ar-1949-2773,pr-true,f-auto,q-80/cms/product_variant/52931864-6f51-4fd7-9bc2-936ddda93dee.png"
Breakfast & Sauces,Muesli & Oats,"https://cdn.zeptonow.com/production/tr:w-90,ar-120-120,pr-true,f-auto,q-80/cms/sub_category/156.png",Manna Supergrains Oats - Palak Khichdi,Manna,197,249,450 g,4.6 (881),Sold Out,https://www.zeptonow.com/pn/manna-supergrains-oats-palak-khichdi/pvid/744f38e3-83a1-4e76-92dc-ff20c919f1ba,"https://cdn.zeptonow.com/production/tr:w-1280,ar-1500-1500,pr-true,f-auto,q-80/cms/product_variant/11b06af9-c79a-48fe-baea-8df72376e920.jpg"
Breakfast & Sauces,Muesli & Oats,"https://cdn.zeptonow.com/production/tr:w-90,ar-120-120,pr-true,f-auto,q-80/cms/sub_category/156.png","Yoga Bar Muesli 91% Fruits Nuts & Seeds, Protein Rich Wholegrain Breakfast Cereals, Granola",Yoga,273,390,400 g,4.5 (1.2k),Sold Out,https://www.zeptonow.com/pn/yoga-bar-muesli-91-fruits-nuts-seeds-protein-rich-wholegrain-breakfast-cereals-granola/pvid/10b91e0c-6e91-4916-8870-260ca486c2be,"https://cdn.zeptonow.com/production/tr:w-1280,ar-2323-2323,pr-true,f-auto,q-80/cms/product_variant/5c2d48cf-7d1c-410a-a18c-aafc4dd8bcf9.jpeg"
Breakfast & Sauces,Muesli & Oats,"https://cdn.zeptonow.com/production/tr:w-90,ar-120-120,pr-true,f-auto,q-80/cms/sub_category/156.png",Manna Supergrains Oats - Masala Oats,Manna,169,249,450 g,4.8 (152),Sold Out,https://www.zeptonow.com/pn/manna-supergrains-oats-masala-oats/pvid/d2cd732a-b875-464f-bb76-621b656b1ef1,"https://cdn.zeptonow.com/production/tr:w-1280,ar-1500-1500,pr-true,f-auto,q-80/cms/product_variant/35b780dd-55ba-44f6-a5bd-5c4e01b6d1a5.jpg"
Breakfast & Sauces,Muesli & Oats,"https://cdn.zeptonow.com/production/tr:w-90,ar-120-120,pr-true,f-auto,q-80/cms/sub_category/156.png","Yoga Bar No Added Sugar Muesli, Breakfast Cereal, 82% Whole Grains, Seeds, Almonds 400g",Yoga,293,390,400 g,4.4 (510),Sold Out,https://www.zeptonow.com/pn/yoga-bar-no-added-sugar-muesli-breakfast-cereal-82-whole-grains-seeds-almonds-400g/pvid/1972814a-271e-4485-a2cd-4c9551bbbb16,"https://cdn.zeptonow.com/production/tr:w-1280,ar-1000-1000,pr-true,f-auto,q-80/cms/product_variant/4a363ce6-934b-4118-b04f-6a1898fab0b4.jpeg"
Breakfast & Sauces,Muesli & Oats,"https://cdn.zeptonow.com/production/tr:w-90,ar-120-120,pr-true,f-auto,q-80/cms/sub_category/156.png","Rs By True Elements Muesli Dark Chocolate, Fibre Rich",Rs,547,750,900 g,4.3 (183),Sold Out,https://www.zeptonow.com/pn/rs-by-true-elements-muesli-dark-chocolate-fibre-rich/pvid/b9b21f7a-c93e-4625-a7cc-530b933e08d6,"https://cdn.zeptonow.com/production/tr:w-1280,ar-5000-5000,pr-true,f-auto,q-80/cms/product_variant/71b158a3-7dc3-46bf-91d5-294d5d53c1e3.jpeg"
Breakfast & Sauces,Muesli & Oats,"https://cdn.zeptonow.com/production/tr:w-90,ar-120-120,pr-true,f-auto,q-80/cms/sub_category/156.png","Yogabar Muesli Nuts Delight, ,Breakfast Cereals, Protein Granola, Gluten Free",Yogabar,302,499,700 g,4.8 (580),Sold Out,https://www.zeptonow.com/pn/yogabar-muesli-nuts-delight-breakfast-cereals-protein-granola-gluten-free/pvid/cfa00e71-e800-4b35-aaa6-90667927eca8,"https://cdn.zeptonow.com/production/tr:w-1280,ar-1200-1200,pr-true,f-auto,q-80/cms/product_variant/7dd42685-f997-4440-ae8c-3ef800c4806b.jpeg"
Breakfast & Sauces,Muesli & Oats,"https://cdn.zeptonow.com/production/tr:w-90,ar-120-120,pr-true,f-auto,q-80/cms/sub_category/156.png",True Elements Steel Cut Oats Gluten Free,True,144,200,500 g,4.3 (365),Sold Out,https://www.zeptonow.com/pn/true-elements-steel-cut-oats-gluten-free/pvid/d8d65749-b2aa-4b79-bfaf-138eb0385db3,"https://cdn.zeptonow.com/production/tr:w-1280,ar-1991-2789,pr-true,f-auto,q-80/cms/product_variant/bfb979e9-f170-4fea-ba11-b6957871952d.jpeg"
Breakfast & Sauces,Muesli & Oats,"https://cdn.zeptonow.com/production/tr:w-90,ar-120-120,pr-true,f-auto,q-80/cms/sub_category/156.png",Sid's Farm Honey Fruit & Nut Muesli,Sid's Farm,79,105,90 g,4 (108),Sold Out,https://www.zeptonow.com/pn/sids-farm-honey-fruit-nut-muesli/pvid/e58e539b-7545-4f12-8be1-16092882cf1e,"https://cdn.zeptonow.com/production/tr:w-1280,ar-1080-1080,pr-true,f-auto,q-80/cms/product_variant/a2e60dae-e5f3-40cf-b4d6-c38c9738da05.jpg"
Breakfast & Sauces,Muesli & Oats,"https://cdn.zeptonow.com/production/tr:w-90,ar-120-120,pr-true,f-auto,q-80/cms/sub_category/156.png","Saffola Muesli Berry Crunch With Flavour Pops, Fruits, Nuts, Seeds, Millets (15 In 1)",Saffola,341,440,450 g,4.7 (543),Sold Out,https://www.zeptonow.com/pn/saffola-muesli-berry-crunch-with-flavour-pops-fruits-nuts-seeds-millets-15-in-1/pvid/9ea2c807-7903-4f8a-afc3-b83d076f14a5,"https://cdn.zeptonow.com/production/tr:w-1280,ar-1500-1500,pr-true,f-auto,q-80/cms/product_variant/1a9945dd-75ba-4cf9-a074-83a858dd1cc1.jpeg"
Breakfast & Sauces,Muesli & Oats,"https://cdn.zeptonow.com/production/tr:w-90,ar-120-120,pr-true,f-auto,q-80/cms/sub_category/156.png","Rs By True Elements Muesli Berry Crunch, 93% Berries, Nuts And Whole Grain",Rs,511,695,900 g,4.5 (144),Sold Out,https://www.zeptonow.com/pn/rs-by-true-elements-muesli-berry-crunch-93-berries-nuts-and-whole-grain/pvid/8b098dd0-4efd-453a-ab50-5f4fb79ebb32,"https://cdn.zeptonow.com/production/tr:w-1280,ar-5000-5000,pr-true,f-auto,q-80/cms/product_variant/a660bafc-f01d-4371-a97f-7086f872aaae.jpeg"
Breakfast & Sauces,Muesli & Oats,"https://cdn.zeptonow.com/production/tr:w-90,ar-120-120,pr-true,f-auto,q-80/cms/sub_category/156.png",Saffola Masala Oats | Masala Coriander | Anytime Snack | Ready in 3 mins | Millets Goodness |500g,Saffola,212,240,500 g,4.6 (1.2k),Sold Out,https://www.zeptonow.com/pn/saffola-masala-oats-masala-coriander-anytime-snack-ready-in-3-mins-millets-goodness-500g/pvid/8f794ffa-a8b0-4999-b63b-cf25aa9e341b,"https://cdn.zeptonow.com/production/tr:w-1280,ar-1500-1500,pr-true,f-auto,q-80/cms/product_variant/eeebefce-94ee-461d-9673-a25b3a8f4913.jpeg"
Breakfast & Sauces,Muesli & Oats,"https://cdn.zeptonow.com/production/tr:w-90,ar-120-120,pr-true,f-auto,q-80/cms/sub_category/156.png",True Elements Multigrain Oats,True,148,200,500 g,4.3 (392),Sold Out,https://www.zeptonow.com/pn/true-elements-multigrain-oats/pvid/1e027cd1-1cf3-4f05-8027-c02ea0868f68,"https://cdn.zeptonow.com/production/tr:w-1280,ar-800-1007,pr-true,f-auto,q-80/cms/product_variant/adb8b5d0-88ba-4f9d-99a3-191580c927d3.jpg"
Breakfast & Sauces,Muesli & Oats,"https://cdn.zeptonow.com/production/tr:w-90,ar-120-120,pr-true,f-auto,q-80/cms/sub_category/156.png",Sundrop Heart Plain Oats,Sundrop,145,145,1 kg,4.6 (1.9k),Sold Out,https://www.zeptonow.com/pn/sundrop-heart-plain-oats/pvid/ea9a4e49-4d82-4741-b3b6-7cf1b77d6d7f,"https://cdn.zeptonow.com/production/tr:w-1280,ar-1000-1000,pr-true,f-auto,q-80/cms/product_variant/8b01195a-5120-48c0-b08d-f90d4cc38c4d.jpg"
Breakfast & Sauces,Muesli & Oats,"https://cdn.zeptonow.com/production/tr:w-90,ar-120-120,pr-true,f-auto,q-80/cms/sub_category/156.png",True Elements Muesli No Added Sugar,True,328,495,700 g,4.3 (227),Sold Out,https://www.zeptonow.com/pn/true-elements-muesli-no-added-sugar/pvid/701e5d39-b68c-483a-9a1d-49b817908eb6,"https://cdn.zeptonow.com/production/tr:w-1280,ar-1991-2789,pr-true,f-auto,q-80/cms/product_variant/4269fcea-07ad-4203-9177-bdb01cb15646.jpeg"
Breakfast & Sauces,Muesli & Oats,"https://cdn.zeptonow.com/production/tr:w-90,ar-120-120,pr-true,f-auto,q-80/cms/sub_category/156.png",Aaha life Muesli Fruit Nuts & Seeds,Aaha,349,520,750 g,4.7 (93),Sold Out,https://www.zeptonow.com/pn/aaha-life-muesli-fruit-nuts-seeds/pvid/6978b449-9500-40e6-8a40-04a12026a3d2,"https://cdn.zeptonow.com/production/tr:w-1280,ar-1200-1200,pr-true,f-auto,q-80/cms/product_variant/c45b7cd5-5b99-409e-9a1a-95035d66642d.jpeg"
Breakfast & Sauces,Muesli & Oats,"https://cdn.zeptonow.com/production/tr:w-90,ar-120-120,pr-true,f-auto,q-80/cms/sub_category/156.png",Sid's Farm Choco Ragi Crunchers,Sid's Farm,69,105,90 g,4.8 (72),Sold Out,https://www.zeptonow.com/pn/sids-farm-choco-ragi-crunchers/pvid/96e41898-a3b8-4552-8a72-fed9b9300aa0,"https://cdn.zeptonow.com/production/tr:w-1280,ar-1080-1080,pr-true,f-auto,q-80/cms/product_variant/dca6f49e-964f-418d-9547-432a0d733ef0.jpg"
Breakfast & Sauces,Muesli & Oats,"https://cdn.zeptonow.com/production/tr:w-90,ar-120-120,pr-true,f-auto,q-80/cms/sub_category/156.png","Saffola Muesli Kesar Crunch With Flavour Pops, Fruits, Nuts, Seeds, Millets (15 In 1)",Saffola,344,440,450 g,4.6 (425),Sold Out,https://www.zeptonow.com/pn/saffola-muesli-kesar-crunch-with-flavour-pops-fruits-nuts-seeds-millets-15-in-1/pvid/5cba3f8d-c541-43f6-ad14-9a734fc0eb3e,"https://cdn.zeptonow.com/production/tr:w-1280,ar-1500-1500,pr-true,f-auto,q-80/cms/product_variant/23f9d0ef-ea1e-4c2a-a866-626758eea1d5.jpeg"
Breakfast & Sauces,Muesli & Oats,"https://cdn.zeptonow.com/production/tr:w-90,ar-120-120,pr-true,f-auto,q-80/cms/sub_category/156.png",True Elements Rolled Oats,True,72,99,200 g,4.9 (503),Sold Out,https://www.zeptonow.com/pn/true-elements-rolled-oats/pvid/88f6772c-5692-436f-a749-b4aac8b611ec,"https://cdn.zeptonow.com/production/tr:w-1280,ar-900-900,pr-true,f-auto,q-80/cms/product_variant/49bebe91-aa1c-4f45-91f7-d98f8ca621ce.jpg"
Breakfast & Sauces,Muesli & Oats,"https://cdn.zeptonow.com/production/tr:w-90,ar-120-120,pr-true,f-auto,q-80/cms/sub_category/156.png",Saffola Masala Oats Variety Pack With Classic Masala & Spicy Mexicana Tasty | Evening SnacK,Saffola,68,74,149 g,4.4 (611),Sold Out,https://www.zeptonow.com/pn/saffola-masala-oats-variety-pack-with-classic-masala-spicy-mexicana-tasty-evening-snack/pvid/ba19d51b-1b55-4d33-a1da-8ddb70e9ec42,"https://cdn.zeptonow.com/production/tr:w-1280,ar-1500-1500,pr-true,f-auto,q-80/cms/product_variant/20a3304b-ea47-4148-ab1b-900656745efd.jpg"
Breakfast & Sauces,Muesli & Oats,"https://cdn.zeptonow.com/production/tr:w-90,ar-120-120,pr-true,f-auto,q-80/cms/sub_category/156.png","Saffola Masala Oats Cheesy Italian, Healthy & Tasty, Anytime Snack",Saffola,194,225,400 g,4.6 (256),Sold Out,https://www.zeptonow.com/pn/saffola-masala-oats-cheesy-italian-healthy-tasty-anytime-snack/pvid/e71e6229-b3b6-484a-85ab-8eb96a03cd2f,"https://cdn.zeptonow.com/production/tr:w-1280,ar-754-1205,pr-true,f-auto,q-80/cms/product_variant/e3bfb938-6979-4439-b215-67817f8783c8.jpeg"
Breakfast & Sauces,Muesli & Oats,"https://cdn.zeptonow.com/production/tr:w-90,ar-120-120,pr-true,f-auto,q-80/cms/sub_category/156.png",Aaha life Jumbo Rolled oats,Aaha,199,580,1.2 kg,4.8 (172),Sold Out,https://www.zeptonow.com/pn/aaha-life-jumbo-rolled-oats/pvid/f4795d3d-db2a-4b8f-ae13-6074cf2973c8,"https://cdn.zeptonow.com/production/tr:w-1280,ar-1200-1200,pr-true,f-auto,q-80/cms/product_variant/3fe7058d-68b6-444c-a441-a3886629ec4f.jpeg"
Breakfast & Sauces,Muesli & Oats,"https://cdn.zeptonow.com/production/tr:w-90,ar-120-120,pr-true,f-auto,q-80/cms/sub_category/156.png",Saffola Masala Oats |Classic Masala | Anytime Snack | Ready in 3 mins | Millets Goodness | 250g,Saffola,109,149,250 g,4.7 (2.8k),Sold Out,https://www.zeptonow.com/pn/saffola-masala-oats-classic-masala-anytime-snack-ready-in-3-mins-millets-goodness-250g/pvid/589bce9e-e0bc-467d-a6d0-10838a165e43,"https://cdn.zeptonow.com/production/tr:w-1280,ar-1500-1500,pr-true,f-auto,q-80/cms/product_variant/bbb19f2d-8b2e-4e9f-9c67-bfe1e07b9dbb.jpeg"
Breakfast & Sauces,Muesli & Oats,"https://cdn.zeptonow.com/production/tr:w-90,ar-120-120,pr-true,f-auto,q-80/cms/sub_category/156.png",Saffola Masala Oats | Veggie Twist | Anytime Snack | Ready in 3 mins | Millets Goodness,Saffola,18,18,38 g,4.7 (10.8k),Sold Out,https://www.zeptonow.com/pn/saffola-masala-oats-veggie-twist-anytime-snack-ready-in-3-mins-millets-goodness/pvid/e6ab8174-00bd-4a14-b59f-494502928958,"https://cdn.zeptonow.com/production/tr:w-1280,ar-1500-1500,pr-true,f-auto,q-80/cms/product_variant/ec75aa41-25d9-4923-adf2-d14f0e653e6f.jpeg"
Breakfast & Sauces,Muesli & Oats,"https://cdn.zeptonow.com/production/tr:w-90,ar-120-120,pr-true,f-auto,q-80/cms/sub_category/156.png",Unifit Oats | High Fiber and Protein | Healthy Breakfast Choice,Unifit,82,95,500 g,4.7 (747),Sold Out,https://www.zeptonow.com/pn/unifit-oats-high-fiber-and-protein-healthy-breakfast-choice/pvid/07224dc6-0839-4ba6-bacc-49d8e714c9e0,"https://cdn.zeptonow.com/production/tr:w-1280,ar-1500-1500,pr-true,f-auto,q-80/cms/product_variant/8573518c-10a6-4211-ad98-d3ef1547ac58.jpg"
Breakfast & Sauces,Muesli & Oats,"https://cdn.zeptonow.com/production/tr:w-90,ar-120-120,pr-true,f-auto,q-80/cms/sub_category/156.png",Be.anut Chocolate Muesli With Millet,Be.anut,294,299,225 g,4.4 (305),Sold Out,https://www.zeptonow.com/pn/beanut-chocolate-muesli-with-millet/pvid/382393e1-87ef-409a-b70f-49475910f684,"https://cdn.zeptonow.com/production/tr:w-1280,ar-4505-3269,pr-true,f-auto,q-80/cms/product_variant/22bb780a-335c-4532-9c76-213adb00194b.jpg"
Breakfast & Sauces,Muesli & Oats,"https://cdn.zeptonow.com/production/tr:w-90,ar-120-120,pr-true,f-auto,q-80/cms/sub_category/156.png",Unifit Oats | High Fiber and Protein | Healthy Breakfast Choice,Unifit,156,180,900 g,4.6 (412),Sold Out,https://www.zeptonow.com/pn/unifit-oats-high-fiber-and-protein-healthy-breakfast-choice/pvid/155f2c71-5e65-4fd1-8a49-9aa0d287e9e9,"https://cdn.zeptonow.com/production/tr:w-1280,ar-1500-1500,pr-true,f-auto,q-80/cms/product_variant/9bad44cf-5f37-4a6f-8a20-0e95121b5e9b.jpg"
Breakfast & Sauces,Muesli & Oats,"https://cdn.zeptonow.com/production/tr:w-90,ar-120-120,pr-true,f-auto,q-80/cms/sub_category/156.png","Saffola Oats with Apple 'n' Almonds, Healthy & Tasty, Anytime Snack",Saffola,217,250,400 g,4.2 (243),Sold Out,https://www.zeptonow.com/pn/saffola-oats-with-apple-n-almonds-healthy-tasty-anytime-snack/pvid/2a95f5af-9097-41d6-8959-67146637c684,"https://cdn.zeptonow.com/production/tr:w-1280,ar-746-1200,pr-true,f-auto,q-80/cms/product_variant/97e170a4-2895-49ca-b2f6-15bc475e1572.jpeg"
Breakfast & Sauces,Muesli & Oats,"https://cdn.zeptonow.com/production/tr:w-90,ar-120-120,pr-true,f-auto,q-80/cms/sub_category/156.png","Rs By True Elements Muesli Berry Crunch, Protein Rich Whole Grain Breakfast",Rs,313,350,400 g,4.1 (171),Sold Out,https://www.zeptonow.com/pn/rs-by-true-elements-muesli-berry-crunch-protein-rich-whole-grain-breakfast/pvid/4eac7633-088e-400b-88db-695f18ed601f,"https://cdn.zeptonow.com/production/tr:w-1280,ar-2000-2000,pr-true,f-auto,q-80/cms/product_variant/ce5caf70-2486-430c-9131-002c9e825fc0.jpeg"
Breakfast & Sauces,Muesli & Oats,"https://cdn.zeptonow.com/production/tr:w-90,ar-120-120,pr-true,f-auto,q-80/cms/sub_category/156.png","Rs By True Elements Muesli Dark Chocolate, 75% Nuts,Seeds And Whole Grain",Rs,270,350,400 g,4.8 (267),Sold Out,https://www.zeptonow.com/pn/rs-by-true-elements-muesli-dark-chocolate-75-nutsseeds-and-whole-grain/pvid/5c3f9682-461f-438b-8182-0dc5ece6f62f,"https://cdn.zeptonow.com/production/tr:w-1280,ar-2000-2000,pr-true,f-auto,q-80/cms/product_variant/cf3bc378-1071-4afc-a88d-59a43495d238.jpeg"
Breakfast & Sauces,Muesli & Oats,"https://cdn.zeptonow.com/production/tr:w-90,ar-120-120,pr-true,f-auto,q-80/cms/sub_category/156.png","Saffola Oats Gold, Rolled Oats With Jowar Millet",Saffola,366,400,1.5 kg,4.8 (138),Sold Out,https://www.zeptonow.com/pn/saffola-oats-gold-rolled-oats-with-jowar-millet/pvid/12d5b5ac-342e-4f5d-b35e-1ae4bb645ae1,"https://cdn.zeptonow.com/production/tr:w-1280,ar-1500-1500,pr-true,f-auto,q-80/cms/product_variant/7ac97ae6-bd42-4a1f-a778-93af7b3ea2dc.jpg"
Breakfast & Sauces,Muesli & Oats,"https://cdn.zeptonow.com/production/tr:w-90,ar-120-120,pr-true,f-auto,q-80/cms/sub_category/156.png",Be.anut High Protein Chocolate Muesli With Millet,Be.anut,419,499,400 g,4.4 (185),Sold Out,https://www.zeptonow.com/pn/beanut-high-protein-chocolate-muesli-with-millet/pvid/bdc2c4ed-1de1-43d0-ab61-445289b82b08,"https://cdn.zeptonow.com/production/tr:w-1280,ar-4505-3269,pr-true,f-auto,q-80/cms/product_variant/fc3c0d9a-3330-4f19-b906-a6de8d06871f.jpg"
Breakfast & Sauces,Honey & Spreads,"https://cdn.zeptonow.com/production/tr:w-90,ar-120-120,pr-true,f-auto,q-80/cms/sub_category/158.png",Wingreens Farms Premium Veg Mayo,Wingreens,168,250,800 g,4.7 (3.3k),In Stock,https://www.zeptonow.com/pn/wingreens-farms-premium-veg-mayo/pvid/70efcdc6-62b8-4473-b966-79d47e209cbb,"https://cdn.zeptonow.com/production/tr:w-1280,ar-1200-1200,pr-true,f-auto,q-80/cms/product_variant/639e8d4e-8c8c-4395-b66d-633cbe275784.jpeg"
Breakfast & Sauces,Honey & Spreads,"https://cdn.zeptonow.com/production/tr:w-90,ar-120-120,pr-true,f-auto,q-80/cms/sub_category/158.png",Nature'S Nectar Organic Honey,Nature'S,394,525,325 g,4.4 (210),In Stock,https://www.zeptonow.com/pn/natures-nectar-organic-honey/pvid/ac2d9b92-8782-4ca5-b7ad-399641318e27,"https://cdn.zeptonow.com/production/tr:w-1280,ar-1080-1080,pr-true,f-auto,q-80/cms/product_variant/47335be2-5822-412e-9d6f-8fa5df1a8fb8.jpg"
Breakfast & Sauces,Honey & Spreads,"https://cdn.zeptonow.com/production/tr:w-90,ar-120-120,pr-true,f-auto,q-80/cms/sub_category/158.png",Nutella Hazelnut Spread with Cocoa,Nutella,372,399,350 g,4.7 (13.0k),In Stock,https://www.zeptonow.com/pn/nutella-hazelnut-spread-with-cocoa/pvid/95133585-5a6a-41f1-94e5-d4e3406c1c58,"https://cdn.zeptonow.com/production/tr:w-1280,ar-1000-1000,pr-true,f-auto,q-80/cms/product_variant/4567a987-982d-41fe-8f15-ce8c0d3555d9.jpeg"
Breakfast & Sauces,Honey & Spreads,"https://cdn.zeptonow.com/production/tr:w-90,ar-120-120,pr-true,f-auto,q-80/cms/sub_category/158.png",Nature'S Nectar Organic Honey,Nature'S,403,575,400 g,3.9 (272),In Stock,https://www.zeptonow.com/pn/natures-nectar-organic-honey/pvid/e3c61383-c6ff-40d4-a25a-654764b60944,"https://cdn.zeptonow.com/production/tr:w-1280,ar-1468-1500,pr-true,f-auto,q-80/cms/product_variant/be29fa56-94a8-4957-949f-301e499016ae.jpg"
Breakfast & Sauces,Honey & Spreads,"https://cdn.zeptonow.com/production/tr:w-90,ar-120-120,pr-true,f-auto,q-80/cms/sub_category/158.png",Eatopia Tulsi Honey | 100% Natural | No Added Sugar,Eatopia,540,599,500 g,4.8 (60),In Stock,https://www.zeptonow.com/pn/eatopia-tulsi-honey-100-natural-no-added-sugar/pvid/97ccc2ef-97e1-4986-a153-88c567e67fae,"https://cdn.zeptonow.com/production/tr:w-1280,ar-1080-1080,pr-true,f-auto,q-80/cms/product_variant/05f97e16-6b5f-479a-8336-09411cf3f2c0.jpeg"
Breakfast & Sauces,Honey & Spreads,"https://cdn.zeptonow.com/production/tr:w-90,ar-120-120,pr-true,f-auto,q-80/cms/sub_category/158.png",Hershey's Spread - Cocoa With Almond Jar,Hershey's,167,185,150 g,4.6 (2.7k),In Stock,https://www.zeptonow.com/pn/hersheys-spread-cocoa-with-almond-jar/pvid/fb1e90c0-b95f-4437-93af-22358008bdb2,"https://cdn.zeptonow.com/production/tr:w-1280,ar-1000-1000,pr-true,f-auto,q-80/cms/product_variant/6874af01-55bf-4603-af75-373fcb749ae5.jpeg"
Breakfast & Sauces,Honey & Spreads,"https://cdn.zeptonow.com/production/tr:w-90,ar-120-120,pr-true,f-auto,q-80/cms/sub_category/158.png","Dabur Honey Squeezy, 100% Pure World's No.1 Honey Brand Buy 1 Get 1 Free",Dabur,199,249,2 x 225 g,4.7 (9.4k),In Stock,https://www.zeptonow.com/pn/dabur-honey-squeezy-100-pure-worlds-no1-honey-brand-buy-1-get-1-free/pvid/2a43440c-846b-4fb5-9bc7-3a8e5f329e9a,"https://cdn.zeptonow.com/production/tr:w-1280,ar-2000-2000,pr-true,f-auto,q-80/cms/product_variant/c518056b-dabd-43f4-8eee-43801244d759.jpeg"
Breakfast & Sauces,Honey & Spreads,"https://cdn.zeptonow.com/production/tr:w-90,ar-120-120,pr-true,f-auto,q-80/cms/sub_category/158.png",Hershey's Spread - Cocoa Jar,Hershey's,171,185,150 g,4.7 (1.5k),In Stock,https://www.zeptonow.com/pn/hersheys-spread-cocoa-jar/pvid/7b5eb90c-519d-415b-8d9e-14c5b0689f45,"https://cdn.zeptonow.com/production/tr:w-1280,ar-1000-1000,pr-true,f-auto,q-80/cms/product_variant/e088ad55-f9ea-4dc2-9884-24d6be9c29cf.jpeg"
Breakfast & Sauces,Honey & Spreads,"https://cdn.zeptonow.com/production/tr:w-90,ar-120-120,pr-true,f-auto,q-80/cms/sub_category/158.png",Veeba Sweet Onion Sauce,Veeba,175,175,350 g,4.6 (522),In Stock,https://www.zeptonow.com/pn/veeba-sweet-onion-sauce/pvid/759b4b84-542c-4cae-8b4f-0220ab37fe81,"https://cdn.zeptonow.com/production/tr:w-1280,ar-1200-1200,pr-true,f-auto,q-80/cms/product_variant/14a7c1cc-3762-492a-9de3-49c2eb84468c.jpeg"
Breakfast & Sauces,Honey & Spreads,"https://cdn.zeptonow.com/production/tr:w-90,ar-120-120,pr-true,f-auto,q-80/cms/sub_category/158.png",Veeba Southwest Chipotle Dressing,Veeba,198,199,300 g,4.7 (1.8k),In Stock,https://www.zeptonow.com/pn/veeba-southwest-chipotle-dressing/pvid/c2bf4e8b-b137-4e65-9d31-300bc051fcf3,"https://cdn.zeptonow.com/production/tr:w-1280,ar-1200-1200,pr-true,f-auto,q-80/cms/product_variant/0c6c8358-a96f-45f3-9a25-3c1f1d20f927.jpeg"
Breakfast & Sauces,Honey & Spreads,"https://cdn.zeptonow.com/production/tr:w-90,ar-120-120,pr-true,f-auto,q-80/cms/sub_category/158.png",Del Monte Smoky Barbecue Sauce,Del Monte,118,155,325 g,4.4 (327),In Stock,https://www.zeptonow.com/pn/del-monte-smoky-barbecue-sauce/pvid/c1ba54c2-2948-4835-88b0-574c23600bdd,"https://cdn.zeptonow.com/production/tr:w-1280,ar-2400-2400,pr-true,f-auto,q-80/cms/product_variant/c142cc79-2efd-4d93-97a9-9476a39a1e8a.jpeg"
Breakfast & Sauces,Honey & Spreads,"https://cdn.zeptonow.com/production/tr:w-90,ar-120-120,pr-true,f-auto,q-80/cms/sub_category/158.png",Veeba Sandwich Spread Cheese & Chilli,Veeba,102,109,250 g,4.6 (4.5k),In Stock,https://www.zeptonow.com/pn/veeba-sandwich-spread-cheese-chilli/pvid/446fc3cd-1f8d-4197-8dc2-bf25570b8941,"https://cdn.zeptonow.com/production/tr:w-1280,ar-1200-1200,pr-true,f-auto,q-80/cms/product_variant/1c0fcf90-0011-4ff2-9030-a171c0303371.jpeg"
Breakfast & Sauces,Honey & Spreads,"https://cdn.zeptonow.com/production/tr:w-90,ar-120-120,pr-true,f-auto,q-80/cms/sub_category/158.png",Hershey's Cocoa + Almond Spread,Hershey's,306,340,350 g,4.9 (1.4k),In Stock,https://www.zeptonow.com/pn/hersheys-cocoa-almond-spread/pvid/8f48a474-4ffc-4d88-b6df-3cd4dbeaccf5,"https://cdn.zeptonow.com/production/tr:w-1280,ar-1000-1000,pr-true,f-auto,q-80/cms/product_variant/921db84a-6ed8-4074-a635-554ecd100db4.jpeg"
Breakfast & Sauces,Honey & Spreads,"https://cdn.zeptonow.com/production/tr:w-90,ar-120-120,pr-true,f-auto,q-80/cms/sub_category/158.png",Patanjali Honey Natural Shahed No Added Sugar Sahad,Patanjali,200,210,500 g,4.7 (3.2k),In Stock,https://www.zeptonow.com/pn/patanjali-honey-natural-shahed-no-added-sugar-sahad/pvid/04b32871-ec18-4508-ac86-07403f338c72,"https://cdn.zeptonow.com/production/tr:w-1280,ar-1200-1200,pr-true,f-auto,q-80/cms/product_variant/3e28b80d-89a2-4683-ae0b-9633bf22c95e.jpeg"
Breakfast & Sauces,Honey & Spreads,"https://cdn.zeptonow.com/production/tr:w-90,ar-120-120,pr-true,f-auto,q-80/cms/sub_category/158.png",Veeba Thousand Island Dressing,Veeba,178,179,300 g,4.4 (839),In Stock,https://www.zeptonow.com/pn/veeba-thousand-island-dressing/pvid/15bdbb15-42a8-413d-b234-06aba6319406,"https://cdn.zeptonow.com/production/tr:w-1280,ar-1200-1200,pr-true,f-auto,q-80/cms/product_variant/116c2468-37f4-4641-8d8b-74e01c0fe9b0.jpeg"
Breakfast & Sauces,Honey & Spreads,"https://cdn.zeptonow.com/production/tr:w-90,ar-120-120,pr-true,f-auto,q-80/cms/sub_category/158.png",Kissan Mixed Fruit Jam,Kissan,200,200,500 g,4.7 (40.4k),In Stock,https://www.zeptonow.com/pn/kissan-mixed-fruit-jam/pvid/087e8342-e63c-4ddb-9999-27e876fe95fd,"https://cdn.zeptonow.com/production/tr:w-1280,ar-2400-2400,pr-true,f-auto,q-80/cms/product_variant/8053bd8f-6470-4773-a500-8bbd9ba74bc6.jpeg"
Breakfast & Sauces,Honey & Spreads,"https://cdn.zeptonow.com/production/tr:w-90,ar-120-120,pr-true,f-auto,q-80/cms/sub_category/158.png","Dabur Honey - 100% Pure, World's No.1 Honey Brand (No Sugar Adulteration)",Dabur,328,420,2 x 400 g,4.6 (13.6k),In Stock,https://www.zeptonow.com/pn/dabur-honey-100-pure-worlds-no1-honey-brand-no-sugar-adulteration/pvid/05586dc8-aafb-47a7-827f-0adffec65235,"https://cdn.zeptonow.com/production/tr:w-1280,ar-2000-2000,pr-true,f-auto,q-80/cms/product_variant/fcf00287-2036-4416-b564-77a242f8f10b.jpeg"
Breakfast & Sauces,Honey & Spreads,"https://cdn.zeptonow.com/production/tr:w-90,ar-120-120,pr-true,f-auto,q-80/cms/sub_category/158.png",Del Monte Honey Mustard Dressing,Del Monte,165,175,275 g,4.8 (347),In Stock,https://www.zeptonow.com/pn/del-monte-honey-mustard-dressing/pvid/0d8c6453-53bb-4104-aab1-65dfe4be2112,"https://cdn.zeptonow.com/production/tr:w-1280,ar-1000-1000,pr-true,f-auto,q-80/cms/product_variant/20d66636-2dbc-4db7-89bd-9f3a12e253d9.jpeg"
Breakfast & Sauces,Honey & Spreads,"https://cdn.zeptonow.com/production/tr:w-90,ar-120-120,pr-true,f-auto,q-80/cms/sub_category/158.png",Del Monte Eggless Mayo,Del Monte,102,149,450 g,4.6 (3.1k),In Stock,https://www.zeptonow.com/pn/del-monte-eggless-mayo/pvid/9fcf90cb-7767-45be-aa63-b51e9e47edba,"https://cdn.zeptonow.com/production/tr:w-1280,ar-1000-1000,pr-true,f-auto,q-80/cms/product_variant/f13c02ab-b6c2-4f30-b8e3-594d66e51b53.jpeg"
Breakfast & Sauces,Honey & Spreads,"https://cdn.zeptonow.com/production/tr:w-90,ar-120-120,pr-true,f-auto,q-80/cms/sub_category/158.png",Del Monte Southwest Chipotle Dressing,Del Monte,132,175,275 g,4.5 (344),In Stock,https://www.zeptonow.com/pn/del-monte-southwest-chipotle-dressing/pvid/33ae1494-8541-444d-aaed-e31e5b3f7937,"https://cdn.zeptonow.com/production/tr:w-1280,ar-1960-1960,pr-true,f-auto,q-80/cms/product_variant/9d0dd0cb-3441-493c-8198-9a8ce6c2a146.jpg"
Breakfast & Sauces,Honey & Spreads,"https://cdn.zeptonow.com/production/tr:w-90,ar-120-120,pr-true,f-auto,q-80/cms/sub_category/158.png","Dabur Honey - Refill Pouch, 100% Pure World's No.1 Honey Brand",Dabur,247,365,750 g,4.7 (1.3k),In Stock,https://www.zeptonow.com/pn/dabur-honey-refill-pouch-100-pure-worlds-no1-honey-brand/pvid/da53be6b-9a55-485a-b59b-263e887de11c,"https://cdn.zeptonow.com/production/tr:w-1280,ar-2000-2000,pr-true,f-auto,q-80/cms/product_variant/67d67af8-217e-40b2-b9ca-820ef9f7ba6d.jpeg"
Breakfast & Sauces,Honey & Spreads,"https://cdn.zeptonow.com/production/tr:w-90,ar-120-120,pr-true,f-auto,q-80/cms/sub_category/158.png",Conscious Food Wild Forest Honey - Natural & Pure,Conscious,371,550,500 g,4.4 (433),In Stock,https://www.zeptonow.com/pn/conscious-food-wild-forest-honey-natural-pure/pvid/bb227378-eab1-4d85-a500-56b333283d19,"https://cdn.zeptonow.com/production/tr:w-1280,ar-1080-1080,pr-true,f-auto,q-80/cms/product_variant/a3f6325b-9f40-4e23-acb1-f379029cde25.jpeg"
Breakfast & Sauces,Honey & Spreads,"https://cdn.zeptonow.com/production/tr:w-90,ar-120-120,pr-true,f-auto,q-80/cms/sub_category/158.png",Veeba Veg Mayonnaise Eggless,Veeba,90,99,250 g,4.7 (5.4k),In Stock,https://www.zeptonow.com/pn/veeba-veg-mayonnaise-eggless/pvid/d5848e12-f9e0-4c7c-b664-ece2cf622f43,"https://cdn.zeptonow.com/production/tr:w-1280,ar-4500-4500,pr-true,f-auto,q-80/cms/product_variant/504f264d-42cb-4e6d-8ab2-1eefdde19226.jpeg"
Breakfast & Sauces,Honey & Spreads,"https://cdn.zeptonow.com/production/tr:w-90,ar-120-120,pr-true,f-auto,q-80/cms/sub_category/158.png",Del Monte Eggless Mayo,Del Monte,160,199,850 g,4.6 (3.0k),In Stock,https://www.zeptonow.com/pn/del-monte-eggless-mayo/pvid/c7e38d7a-1e61-42b5-bf0f-1e7ffd419440,"https://cdn.zeptonow.com/production/tr:w-1280,ar-1000-1000,pr-true,f-auto,q-80/cms/product_variant/62fe1c1d-95b1-4963-b9be-a5060ab0f991.jpeg"
Breakfast & Sauces,Honey & Spreads,"https://cdn.zeptonow.com/production/tr:w-90,ar-120-120,pr-true,f-auto,q-80/cms/sub_category/158.png",Veeba Cheese And Jalapeno Dip,Veeba,164,174,300 g,4.7 (1.4k),In Stock,https://www.zeptonow.com/pn/veeba-cheese-and-jalapeno-dip/pvid/029cbefc-2b06-41eb-abed-035c83031543,"https://cdn.zeptonow.com/production/tr:w-1280,ar-1200-1200,pr-true,f-auto,q-80/cms/product_variant/d88cadda-be27-4933-a48e-d2030cfec785.jpeg"
Breakfast & Sauces,Honey & Spreads,"https://cdn.zeptonow.com/production/tr:w-90,ar-120-120,pr-true,f-auto,q-80/cms/sub_category/158.png",Kissan Mango Jam,Kissan,100,100,188 g,4.7 (4.4k),In Stock,https://www.zeptonow.com/pn/kissan-mango-jam/pvid/b949e03e-c40b-455e-9371-7ac721f5fd1a,"https://cdn.zeptonow.com/production/tr:w-1280,ar-2000-2000,pr-true,f-auto,q-80/cms/product_variant/e205e393-d9bb-4123-b334-0cf9d0217e45.jpeg"
Breakfast & Sauces,Honey & Spreads,"https://cdn.zeptonow.com/production/tr:w-90,ar-120-120,pr-true,f-auto,q-80/cms/sub_category/158.png",Kissan Mixed Fruit Jam,Kissan,240,270,700 g,4.7 (38.8k),In Stock,https://www.zeptonow.com/pn/kissan-mixed-fruit-jam/pvid/ef60ef5b-c2d8-402a-92b9-35cfc068ef57,"https://cdn.zeptonow.com/production/tr:w-1280,ar-2000-2000,pr-true,f-auto,q-80/cms/product_variant/9ffeb516-47c3-48cf-9c7e-c7e6aca51dbd.jpeg"
Breakfast & Sauces,Honey & Spreads,"https://cdn.zeptonow.com/production/tr:w-90,ar-120-120,pr-true,f-auto,q-80/cms/sub_category/158.png","Dabur Honey - 100% Pure, World's No.1 Honey Brand (No Sugar Adulteration)",Dabur,110,125,250 g,4.6 (24.2k),In Stock,https://www.zeptonow.com/pn/dabur-honey-100-pure-worlds-no1-honey-brand-no-sugar-adulteration/pvid/3237b79c-d3a3-45c5-8ff8-775fcfbaa68e,"https://cdn.zeptonow.com/production/tr:w-1280,ar-2000-2000,pr-true,f-auto,q-80/cms/product_variant/617a51c3-7ec3-4ae2-bcff-04d8ab59d4ae.jpeg"
Breakfast & Sauces,Honey & Spreads,"https://cdn.zeptonow.com/production/tr:w-90,ar-120-120,pr-true,f-auto,q-80/cms/sub_category/158.png",The Gourmet Jar Blueberry Fruit Spread,The,418,449,200 g,3.9 (152),In Stock,https://www.zeptonow.com/pn/the-gourmet-jar-blueberry-fruit-spread/pvid/39ac3fd1-c6be-47f0-a291-437fab59b65c,"https://cdn.zeptonow.com/production/tr:w-1280,ar-1080-1080,pr-true,f-auto,q-80/cms/product_variant/55a90ac6-bd9b-4190-b1af-282eb699e371.jpg"
Breakfast & Sauces,Honey & Spreads,"https://cdn.zeptonow.com/production/tr:w-90,ar-120-120,pr-true,f-auto,q-80/cms/sub_category/158.png","Organic India Himalayan Multi Floral Honey, 100% Pure, Natural & Organic Honey",Organic,206,235,250 g,4.5 (2.0k),In Stock,https://www.zeptonow.com/pn/organic-india-himalayan-multi-floral-honey-100-pure-natural-organic-honey/pvid/989e1497-2d92-4c8c-acab-b52b3f635c5c,"https://cdn.zeptonow.com/production/tr:w-1280,ar-1200-1200,pr-true,f-auto,q-80/cms/product_variant/c26d42eb-dec6-4c93-84bd-0c4a217f08b0.jpeg"
Breakfast & Sauces,Honey & Spreads,"https://cdn.zeptonow.com/production/tr:w-90,ar-120-120,pr-true,f-auto,q-80/cms/sub_category/158.png",Dr. Oetker FunFoods Veg Mayonnaise Original,Dr.,99,99,250 g,4.7 (12.4k),In Stock,https://www.zeptonow.com/pn/dr-oetker-funfoods-veg-mayonnaise-original/pvid/fa819c7b-d7e7-4af4-86fb-4033e9197435,"https://cdn.zeptonow.com/production/tr:w-1280,ar-1000-1000,pr-true,f-auto,q-80/cms/product_variant/0ebfb394-a36a-4b12-9cea-62f0d803800a.jpeg"
Breakfast & Sauces,Honey & Spreads,"https://cdn.zeptonow.com/production/tr:w-90,ar-120-120,pr-true,f-auto,q-80/cms/sub_category/158.png",Kissan Mixed Fruit Jam,Kissan,90,90,200 g,4.7 (71.8k),In Stock,https://www.zeptonow.com/pn/kissan-mixed-fruit-jam/pvid/d8d5be26-c3b0-4d88-87d5-eaa91c493a49,"https://cdn.zeptonow.com/production/tr:w-1280,ar-2000-2000,pr-true,f-auto,q-80/cms/product_variant/8522e705-a615-4fa4-99c7-6ef237c532eb.jpeg"
Breakfast & Sauces,Honey & Spreads,"https://cdn.zeptonow.com/production/tr:w-90,ar-120-120,pr-true,f-auto,q-80/cms/sub_category/158.png","Dabur Honey - 100% Pure, World's No.1 Honey Brand (No Sugar Adulteration)",Dabur,67,70,100 g,4.7 (12.3k),In Stock,https://www.zeptonow.com/pn/dabur-honey-100-pure-worlds-no1-honey-brand-no-sugar-adulteration/pvid/8628ddf4-8242-48b4-b5b1-a23600e79243,"https://cdn.zeptonow.com/production/tr:w-1280,ar-2000-2000,pr-true,f-auto,q-80/cms/product_variant/b6ab8073-6762-4488-b870-5cf3413ccbfb.jpeg"
Breakfast & Sauces,Honey & Spreads,"https://cdn.zeptonow.com/production/tr:w-90,ar-120-120,pr-true,f-auto,q-80/cms/sub_category/158.png",Dr. Oetker FunFoods Chocolate Milk Spread,Dr.,250,275,450 g,4.5 (1.2k),In Stock,https://www.zeptonow.com/pn/dr-oetker-funfoods-chocolate-milk-spread/pvid/f3e7a46a-96f5-4a30-9ad9-6f9bdac5a53e,"https://cdn.zeptonow.com/production/tr:w-1280,ar-1000-1000,pr-true,f-auto,q-80/cms/product_variant/97f23a6d-0f9b-4b2f-9ad9-911331cb9c73.jpeg"
Breakfast & Sauces,Honey & Spreads,"https://cdn.zeptonow.com/production/tr:w-90,ar-120-120,pr-true,f-auto,q-80/cms/sub_category/158.png",Veeba Sandwich Spread Thousand Island,Veeba,103,109,250 g,4.5 (1.1k),In Stock,https://www.zeptonow.com/pn/veeba-sandwich-spread-thousand-island/pvid/ff721b2a-667b-4ff3-9013-3a327ea30919,"https://cdn.zeptonow.com/production/tr:w-1280,ar-1200-1200,pr-true,f-auto,q-80/cms/product_variant/0cf332b3-0bb1-484f-90ed-5258a38779a3.jpeg"
Breakfast & Sauces,Honey & Spreads,"https://cdn.zeptonow.com/production/tr:w-90,ar-120-120,pr-true,f-auto,q-80/cms/sub_category/158.png",Veeba Salsa Dip,Veeba,151,164,360 g,4.8 (606),In Stock,https://www.zeptonow.com/pn/veeba-salsa-dip/pvid/aeecb788-d5a5-4adc-8f53-8c1e0fd5f9c5,"https://cdn.zeptonow.com/production/tr:w-1280,ar-1200-1200,pr-true,f-auto,q-80/cms/product_variant/cd42ca8f-5601-4231-ac29-decd47e4ea5e.jpeg"
Breakfast & Sauces,Honey & Spreads,"https://cdn.zeptonow.com/production/tr:w-90,ar-120-120,pr-true,f-auto,q-80/cms/sub_category/158.png",Dr. Oetker FunFoods Veg Sandwich Spread Cucumber & Carrot,Dr.,96,99,250 g,4.7 (2.9k),In Stock,https://www.zeptonow.com/pn/dr-oetker-funfoods-veg-sandwich-spread-cucumber-carrot/pvid/bcaa0b35-b89b-4938-ac42-d2871a715a87,"https://cdn.zeptonow.com/production/tr:w-1280,ar-1000-1000,pr-true,f-auto,q-80/cms/product_variant/3154ec61-e517-4da4-be63-b1c3c12ad964.jpeg"
Breakfast & Sauces,Honey & Spreads,"https://cdn.zeptonow.com/production/tr:w-90,ar-120-120,pr-true,f-auto,q-80/cms/sub_category/158.png",Habanero Spicy Salsa Dip,Habanero,180,199,270 g,4.7 (262),In Stock,https://www.zeptonow.com/pn/habanero-spicy-salsa-dip/pvid/975e38b4-d889-4e89-aa99-d5140cced817,"https://cdn.zeptonow.com/production/tr:w-1280,ar-2400-2400,pr-true,f-auto,q-80/cms/product_variant/33b8ca77-4bd0-4628-af50-bf29eea8ed99.jpg"
Breakfast & Sauces,Honey & Spreads,"https://cdn.zeptonow.com/production/tr:w-90,ar-120-120,pr-true,f-auto,q-80/cms/sub_category/158.png",Patanjali Honey Squeezy Natural Shahed Sahad No Added Sugar,Patanjali,309,325,800 g,4.7 (644),In Stock,https://www.zeptonow.com/pn/patanjali-honey-squeezy-natural-shahed-sahad-no-added-sugar/pvid/e602016a-6204-477c-8c1a-5115910ea85e,"https://cdn.zeptonow.com/production/tr:w-1280,ar-1600-1600,pr-true,f-auto,q-80/cms/product_variant/87c7c3e5-b5cd-46e7-acf2-518993c38872.jpeg"
Breakfast & Sauces,Honey & Spreads,"https://cdn.zeptonow.com/production/tr:w-90,ar-120-120,pr-true,f-auto,q-80/cms/sub_category/158.png",Dr. Oetker FunFoods Veg Sandwich Spread Thousand Island,Dr.,96,99,250 g,4.6 (1.4k),In Stock,https://www.zeptonow.com/pn/dr-oetker-funfoods-veg-sandwich-spread-thousand-island/pvid/1321371d-7315-478a-bd49-60eafc57dc0b,"https://cdn.zeptonow.com/production/tr:w-1280,ar-1000-1000,pr-true,f-auto,q-80/cms/product_variant/fe8f7ea4-1753-47c5-898f-be6b7d8510e3.jpeg"
Breakfast & Sauces,Honey & Spreads,"https://cdn.zeptonow.com/production/tr:w-90,ar-120-120,pr-true,f-auto,q-80/cms/sub_category/158.png",Veeba Chef's Special Veg Mayonnaise,Veeba,184,224,875 g,4.6 (3.7k),In Stock,https://www.zeptonow.com/pn/veeba-chefs-special-veg-mayonnaise/pvid/53d4df30-1272-4dbc-b758-97aa66f4fe11,"https://cdn.zeptonow.com/production/tr:w-1280,ar-4500-4500,pr-true,f-auto,q-80/cms/product_variant/7d4625d1-8f04-42d1-9e6e-c3013d53fdd1.jpeg"
Breakfast & Sauces,Honey & Spreads,"https://cdn.zeptonow.com/production/tr:w-90,ar-120-120,pr-true,f-auto,q-80/cms/sub_category/158.png",Disano Pure Honey - No Added Sugar,Disano,161,550,1 kg,4.6 (3.8k),In Stock,https://www.zeptonow.com/pn/disano-pure-honey-no-added-sugar/pvid/40484d62-2ef9-4cdf-b3e2-7895ca943fc2,"https://cdn.zeptonow.com/production/tr:w-1280,ar-1200-1200,pr-true,f-auto,q-80/cms/product_variant/7c6a2074-c552-4df4-8c0f-205a736ea748.jpeg"
Breakfast & Sauces,Honey & Spreads,"https://cdn.zeptonow.com/production/tr:w-90,ar-120-120,pr-true,f-auto,q-80/cms/sub_category/158.png",Dr. Oetker FunFoods Veg Mayonnaise Original,Dr.,179,199,800 g,4.7 (7.1k),In Stock,https://www.zeptonow.com/pn/dr-oetker-funfoods-veg-mayonnaise-original/pvid/4b136ab1-2c2b-4e7d-96c2-2bdc87c6a78c,"https://cdn.zeptonow.com/production/tr:w-1280,ar-1200-1200,pr-true,f-auto,q-80/cms/product_variant/49c14e58-457f-4396-af16-1fe2d99571b9.jpeg"
Breakfast & Sauces,Honey & Spreads,"https://cdn.zeptonow.com/production/tr:w-90,ar-120-120,pr-true,f-auto,q-80/cms/sub_category/158.png",Akshayakalpa Wild Honey,Akshayakalpa,392,425,250 g,4.4 (90),In Stock,https://www.zeptonow.com/pn/akshayakalpa-wild-honey/pvid/072a3625-f0e7-4ea4-b2bb-ca42b84b74b7,"https://cdn.zeptonow.com/production/tr:w-1280,ar-1000-1000,pr-true,f-auto,q-80/cms/product_variant/6d54fc86-bd67-4a58-b3e2-b069173d96bb.jpeg"
Breakfast & Sauces,Honey & Spreads,"https://cdn.zeptonow.com/production/tr:w-90,ar-120-120,pr-true,f-auto,q-80/cms/sub_category/158.png",Veeba Cheesy Melt Chilli Paprika Cheesy Spread And Dressing,Veeba,109,119,200 g,4.9 (792),In Stock,https://www.zeptonow.com/pn/veeba-cheesy-melt-chilli-paprika-cheesy-spread-and-dressing/pvid/02393b96-9dd2-481a-9713-1436f34259f4,"https://cdn.zeptonow.com/production/tr:w-1280,ar-1200-1200,pr-true,f-auto,q-80/cms/product_variant/475befa1-a34b-49ff-bd97-45e718c90940.jpeg"
Breakfast & Sauces,Honey & Spreads,"https://cdn.zeptonow.com/production/tr:w-90,ar-120-120,pr-true,f-auto,q-80/cms/sub_category/158.png","Saffola Honey Active, Made with Sundarban Forest Honey",Saffola,255,460,700 g,4.1 (1.2k),In Stock,https://www.zeptonow.com/pn/saffola-honey-active-made-with-sundarban-forest-honey/pvid/8eaee9c8-d4c0-49f0-976d-d2be8b654d80,"https://cdn.zeptonow.com/production/tr:w-1280,ar-2400-2400,pr-true,f-auto,q-80/cms/product_variant/334a043d-a3ae-4374-88a7-efbe067dc412.jpeg"
Breakfast & Sauces,Honey & Spreads,"https://cdn.zeptonow.com/production/tr:w-90,ar-120-120,pr-true,f-auto,q-80/cms/sub_category/158.png",Saffola Honey Gold Made With Kashmir Honey,Saffola,357,570,1 kg,4.9 (377),In Stock,https://www.zeptonow.com/pn/saffola-honey-gold-made-with-kashmir-honey/pvid/96f6381e-5db5-4951-a4cb-344a3e7fd290,"https://cdn.zeptonow.com/production/tr:w-1280,ar-1500-1500,pr-true,f-auto,q-80/cms/product_variant/7ea207aa-d885-4356-9d55-c7da2fa16821.jpeg"
Breakfast & Sauces,Honey & Spreads,"https://cdn.zeptonow.com/production/tr:w-90,ar-120-120,pr-true,f-auto,q-80/cms/sub_category/158.png",Veeba Veg Mayonnaise Burger,Veeba,103,109,250 g,4.6 (1.7k),In Stock,https://www.zeptonow.com/pn/veeba-veg-mayonnaise-burger/pvid/fbdb9be7-7e49-458f-9d61-5c9482bee33b,"https://cdn.zeptonow.com/production/tr:w-1280,ar-4500-4500,pr-true,f-auto,q-80/cms/product_variant/66114840-605b-43ee-81c1-93efb913ecaa.jpeg"
Breakfast & Sauces,Honey & Spreads,"https://cdn.zeptonow.com/production/tr:w-90,ar-120-120,pr-true,f-auto,q-80/cms/sub_category/158.png",Dr. Oetker Italian Basil Pesto,Dr.,269,299,190 g,4.2 (154),In Stock,https://www.zeptonow.com/pn/dr-oetker-italian-basil-pesto/pvid/f37452be-5dd2-44e6-b19d-ea0c9ea90686,"https://cdn.zeptonow.com/production/tr:w-1280,ar-1000-1000,pr-true,f-auto,q-80/cms/product_variant/e7ca4fe6-16dc-4400-a995-e976bacdf35f.jpg"
Breakfast & Sauces,Honey & Spreads,"https://cdn.zeptonow.com/production/tr:w-90,ar-120-120,pr-true,f-auto,q-80/cms/sub_category/158.png",Hellmann's Mayo Roasted Garlic,Hellmann's,86,100,300 g,4.7 (220),In Stock,https://www.zeptonow.com/pn/hellmanns-mayo-roasted-garlic/pvid/d202eadc-a4f1-42c3-a925-fdeca62ba805,"https://cdn.zeptonow.com/production/tr:w-1280,ar-1000-1000,pr-true,f-auto,q-80/cms/product_variant/a9417de6-d0cd-401b-9799-906bf6669cfb.jpg"
Breakfast & Sauces,Honey & Spreads,"https://cdn.zeptonow.com/production/tr:w-90,ar-120-120,pr-true,f-auto,q-80/cms/sub_category/158.png",Hellmann's Veg Mayonnaise,Hellmann's,81,90,250 g,4.7 (13.4k),In Stock,https://www.zeptonow.com/pn/hellmanns-veg-mayonnaise/pvid/04a838cb-a5e5-429a-ac62-8311b3198383,"https://cdn.zeptonow.com/production/tr:w-1280,ar-2000-2000,pr-true,f-auto,q-80/cms/product_variant/970523f1-f919-4bdc-92e7-c0e419dd9a12.jpeg"
Breakfast & Sauces,Honey & Spreads,"https://cdn.zeptonow.com/production/tr:w-90,ar-120-120,pr-true,f-auto,q-80/cms/sub_category/158.png","Dabur Honey - 100% Pure, World's No.1 Honey Brand (No Sugar Adulteration)",Dabur,230,250,500 g,4.6 (14.7k),In Stock,https://www.zeptonow.com/pn/dabur-honey-100-pure-worlds-no1-honey-brand-no-sugar-adulteration/pvid/098a5b1d-4740-49e7-8eb2-81f84c23afbf,"https://cdn.zeptonow.com/production/tr:w-1280,ar-2000-2000,pr-true,f-auto,q-80/cms/product_variant/00cafcda-fb1a-47a4-a069-51d5521f5e97.jpeg"
Breakfast & Sauces,Honey & Spreads,"https://cdn.zeptonow.com/production/tr:w-90,ar-120-120,pr-true,f-auto,q-80/cms/sub_category/158.png","Saffola Honey Active, Made With Sundarban Forest Honey, 100% Pure Honey",Saffola,223,240,500 g,4.7 (658),In Stock,https://www.zeptonow.com/pn/saffola-honey-active-made-with-sundarban-forest-honey-100-pure-honey/pvid/01400883-9518-4f73-9c9f-593130e0d414,"https://cdn.zeptonow.com/production/tr:w-1280,ar-1500-1500,pr-true,f-auto,q-80/cms/product_variant/efc0c1db-35e9-42b9-9db5-11deb4d76afe.jpeg"
Breakfast & Sauces,Honey & Spreads,"https://cdn.zeptonow.com/production/tr:w-90,ar-120-120,pr-true,f-auto,q-80/cms/sub_category/158.png",Honey Twigs Himalayan Honey | 30 Twigs Pack,Honey,147,200,240 g,4.8 (68),In Stock,https://www.zeptonow.com/pn/honey-twigs-himalayan-honey-30-twigs-pack/pvid/129f200d-f3bc-4a92-8f21-7a5c22cee9f4,"https://cdn.zeptonow.com/production/tr:w-1280,ar-2250-2250,pr-true,f-auto,q-80/cms/product_variant/3332ade0-f561-4247-b935-412a8cd5eab6.jpeg"
Breakfast & Sauces,Honey & Spreads,"https://cdn.zeptonow.com/production/tr:w-90,ar-120-120,pr-true,f-auto,q-80/cms/sub_category/158.png",Hellmann's Mayo Smoky Tandoori,Hellmann's,87,100,300 g,4.1 (257),In Stock,https://www.zeptonow.com/pn/hellmanns-mayo-smoky-tandoori/pvid/a522a6e2-0bd9-45fe-a891-4f78cc659454,"https://cdn.zeptonow.com/production/tr:w-1280,ar-1000-1000,pr-true,f-auto,q-80/cms/product_variant/e46614dd-5463-40bd-916b-0e1829c09301.jpg"
Breakfast & Sauces,Honey & Spreads,"https://cdn.zeptonow.com/production/tr:w-90,ar-120-120,pr-true,f-auto,q-80/cms/sub_category/158.png",Hellmann's Cheezy Jalapeno Burst Mayo,Hellmann's,45,50,85 g,4.5 (331),In Stock,https://www.zeptonow.com/pn/hellmanns-cheezy-jalapeno-burst-mayo/pvid/85b0cb5b-a953-49ed-9f2a-8e9b61e5203c,"https://cdn.zeptonow.com/production/tr:w-1280,ar-1000-1000,pr-true,f-auto,q-80/cms/product_variant/e6d1120f-b172-4320-ba48-5ed68625115b.jpg"
Breakfast & Sauces,Honey & Spreads,"https://cdn.zeptonow.com/production/tr:w-90,ar-120-120,pr-true,f-auto,q-80/cms/sub_category/158.png",Hershey's Cocoa Spread,Hershey's,306,340,350 g,4.8 (320),In Stock,https://www.zeptonow.com/pn/hersheys-cocoa-spread/pvid/d01ef1b9-62fc-42a8-8504-1fe096c14bb0,"https://cdn.zeptonow.com/production/tr:w-1280,ar-1000-1000,pr-true,f-auto,q-80/cms/product_variant/780cff22-9470-4348-bfae-ac08abc67145.jpeg"
Breakfast & Sauces,Honey & Spreads,"https://cdn.zeptonow.com/production/tr:w-90,ar-120-120,pr-true,f-auto,q-80/cms/sub_category/158.png",Dr. Oetker FunFoods Veg Mayonnaise De'lite,Dr.,130,189,750 g,4.7 (3.1k),In Stock,https://www.zeptonow.com/pn/dr-oetker-funfoods-veg-mayonnaise-delite/pvid/28f0203a-4dfb-4ae6-a7d7-eba4e30d7b25,"https://cdn.zeptonow.com/production/tr:w-1280,ar-1200-1200,pr-true,f-auto,q-80/cms/product_variant/c79e14dd-3116-4945-8363-c9e64814ae73.jpeg"
Breakfast & Sauces,Honey & Spreads,"https://cdn.zeptonow.com/production/tr:w-90,ar-120-120,pr-true,f-auto,q-80/cms/sub_category/158.png",Hellmann's Veg Mayonnaise,Hellmann's,171,210,800 g,4.7 (9.7k),In Stock,https://www.zeptonow.com/pn/hellmanns-veg-mayonnaise/pvid/2e00a3d4-7872-42f2-a047-dede7d7ef3db,"https://cdn.zeptonow.com/production/tr:w-1280,ar-1000-1000,pr-true,f-auto,q-80/cms/product_variant/06a2095c-aa28-4d37-a99e-a461eea2e1cf.jpeg"
Breakfast & Sauces,Honey & Spreads,"https://cdn.zeptonow.com/production/tr:w-90,ar-120-120,pr-true,f-auto,q-80/cms/sub_category/158.png","Saffola Honey Active, Made with Sundarban Forest Honey",Saffola,392,550,1 kg,4.5 (1.5k),In Stock,https://www.zeptonow.com/pn/saffola-honey-active-made-with-sundarban-forest-honey/pvid/60963468-92f1-45d8-a876-e5fe20606a2d,"https://cdn.zeptonow.com/production/tr:w-1280,ar-1500-1500,pr-true,f-auto,q-80/cms/product_variant/1e454e60-50ba-442e-aae3-79bc9b422e89.jpeg"
Breakfast & Sauces,Honey & Spreads,"https://cdn.zeptonow.com/production/tr:w-90,ar-120-120,pr-true,f-auto,q-80/cms/sub_category/158.png",Honey Twigs Ginger Infused Honey| 30 Twigs Pack,Honey,241,325,240 g,4.4 (136),In Stock,https://www.zeptonow.com/pn/honey-twigs-ginger-infused-honey-30-twigs-pack/pvid/87ccfcec-343e-43f8-bc11-eb4a604a253a,"https://cdn.zeptonow.com/production/tr:w-1280,ar-2250-2250,pr-true,f-auto,q-80/cms/product_variant/e44d8c7c-1f6d-4830-bf15-0cfc56205879.jpeg"
Breakfast & Sauces,Honey & Spreads,"https://cdn.zeptonow.com/production/tr:w-90,ar-120-120,pr-true,f-auto,q-80/cms/sub_category/158.png",Baidyanath Honey,Baidyanath,357,475,1 kg,4.7 (80),In Stock,https://www.zeptonow.com/pn/baidyanath-honey/pvid/b8c76b48-6d18-4980-9ff9-c6101b9635ee,"https://cdn.zeptonow.com/production/tr:w-1280,ar-1500-1500,pr-true,f-auto,q-80/cms/product_variant/0cb38583-1041-4c67-bcd9-b835df1d26ba.jpeg"
Breakfast & Sauces,Honey & Spreads,"https://cdn.zeptonow.com/production/tr:w-90,ar-120-120,pr-true,f-auto,q-80/cms/sub_category/158.png",Eatopia Little Bee Kids Honey | Immunity Booster,Eatopia,675,999,250 g,4.6 (824),In Stock,https://www.zeptonow.com/pn/eatopia-little-bee-kids-honey-immunity-booster/pvid/eb9ed6fa-5a9f-455b-a46e-47858f642bdf,"https://cdn.zeptonow.com/production/tr:w-1280,ar-1080-1080,pr-true,f-auto,q-80/cms/product_variant/87391647-81fd-493f-a155-47d405b963ca.jpeg"
Breakfast & Sauces,Honey & Spreads,"https://cdn.zeptonow.com/production/tr:w-90,ar-120-120,pr-true,f-auto,q-80/cms/sub_category/158.png",Honey Twigs Rainbow Flavoured Honey Combo | 7 Sticks,Honey,74,99,56 g,4.1 (55),In Stock,https://www.zeptonow.com/pn/honey-twigs-rainbow-flavoured-honey-combo-7-sticks/pvid/057163be-16b1-4de3-9732-4f39e496a86b,"https://cdn.zeptonow.com/production/tr:w-1280,ar-2250-2250,pr-true,f-auto,q-80/cms/product_variant/9d6c9ee1-162f-4504-bdfa-8c55d5325346.jpeg"
Breakfast & Sauces,Honey & Spreads,"https://cdn.zeptonow.com/production/tr:w-90,ar-120-120,pr-true,f-auto,q-80/cms/sub_category/158.png",Honey Twigs Cinnamon Infused Honey| 30 Twigs Pack,Honey,235,325,240 g,4.2 (118),In Stock,https://www.zeptonow.com/pn/honey-twigs-cinnamon-infused-honey-30-twigs-pack/pvid/4f56618b-8de5-47ce-bd06-c6cd73ed3d03,"https://cdn.zeptonow.com/production/tr:w-1280,ar-2250-2250,pr-true,f-auto,q-80/cms/product_variant/1f725122-bfdc-4edf-95f7-b4d33986bb0d.jpeg"
Breakfast & Sauces,Honey & Spreads,"https://cdn.zeptonow.com/production/tr:w-90,ar-120-120,pr-true,f-auto,q-80/cms/sub_category/158.png",Honey Twigs Lemon Infused Honey| 30 Twigs Pack,Honey,237,325,240 g,4.4 (601),In Stock,https://www.zeptonow.com/pn/honey-twigs-lemon-infused-honey-30-twigs-pack/pvid/e07b0260-05b1-40ae-bf37-84715e40a211,"https://cdn.zeptonow.com/production/tr:w-1280,ar-2250-2250,pr-true,f-auto,q-80/cms/product_variant/b8711758-dfca-49ff-b350-cf55e1c9d6b7.jpeg"
Breakfast & Sauces,Honey & Spreads,"https://cdn.zeptonow.com/production/tr:w-90,ar-120-120,pr-true,f-auto,q-80/cms/sub_category/158.png",Hershey's Cocoa + Almond Spread 350 g Combo,Hershey's,578,680,350 g X 2,4.4 (201),In Stock,https://www.zeptonow.com/pn/hersheys-cocoa-almond-spread-350-g-combo/pvid/ef009c2b-5276-4db0-9bce-a7461ef9fde6,"https://cdn.zeptonow.com/production/tr:w-1280,ar-1500-1500,pr-true,f-auto,q-80/cms/product_variant/48ec3dba-67b5-4bcc-b67d-325eebfa2b97.jpg"
Breakfast & Sauces,Honey & Spreads,"https://cdn.zeptonow.com/production/tr:w-90,ar-120-120,pr-true,f-auto,q-80/cms/sub_category/158.png",Veeba Sandwich Spread Cheese & Chilli (250g) Combo | Pack of 2,Veeba,190,218,250 g X 2,4.4 (371),In Stock,https://www.zeptonow.com/pn/veeba-sandwich-spread-cheese-chilli-250g-combo-pack-of-2/pvid/79f50a39-4b7a-4c0f-a120-c522da95a1df,"https://cdn.zeptonow.com/production/tr:w-1280,ar-800-800,pr-true,f-auto,q-80/cms/product_variant/0ba3ce31-7541-4d12-b410-4a89faf3d32a.jpg"
Breakfast & Sauces,Honey & Spreads,"https://cdn.zeptonow.com/production/tr:w-90,ar-120-120,pr-true,f-auto,q-80/cms/sub_category/158.png",Dlecta Cheese Spread 150 g Combo,Dlecta,128,198,150 g X 2,4.4 (296),In Stock,https://www.zeptonow.com/pn/dlecta-cheese-spread-150-g-combo/pvid/14206c1e-e764-4b75-a711-9e1c7b3bf133,"https://cdn.zeptonow.com/production/tr:w-1280,ar-1500-1500,pr-true,f-auto,q-80/cms/product_variant/50d3088f-e353-443a-bc33-2a402126ffe7.jpg"
Breakfast & Sauces,Honey & Spreads,"https://cdn.zeptonow.com/production/tr:w-90,ar-120-120,pr-true,f-auto,q-80/cms/sub_category/158.png",Hellmann'S Cheezy Jalapeno Burst Mayo (85g) & 4700Bc Chips+ Cheese & Herbs Popped Corn-Based (55g) Combo,Hellmann'S,95,100,2 combo,4.2 (387),In Stock,https://www.zeptonow.com/pn/hellmanns-cheezy-jalapeno-burst-mayo-85g-4700bc-chips-cheese-herbs-popped-corn-based-55g-combo/pvid/3c09d0a1-276f-43d3-94b7-4e284634ed1d,"https://cdn.zeptonow.com/production/tr:w-1280,ar-1200-1200,pr-true,f-auto,q-80/cms/product_variant/93e99da4-0277-47c8-8fbb-f5a6eaa18ba4.jpg"
Breakfast & Sauces,Honey & Spreads,"https://cdn.zeptonow.com/production/tr:w-90,ar-120-120,pr-true,f-auto,q-80/cms/sub_category/158.png",Veeba Veg Mayonnaise Eggless (250g) Combo | Pack of 2,Veeba,164,198,250 g X 2,4.2 (77),In Stock,https://www.zeptonow.com/pn/veeba-veg-mayonnaise-eggless-250g-combo-pack-of-2/pvid/6f0f1972-df8f-43a3-8ae8-24e604f354fc,"https://cdn.zeptonow.com/production/tr:w-1280,ar-1200-1200,pr-true,f-auto,q-80/cms/product_variant/2a9c1678-0dc5-42eb-8a82-8936f45caa25.jpg"
Breakfast & Sauces,Honey & Spreads,"https://cdn.zeptonow.com/production/tr:w-90,ar-120-120,pr-true,f-auto,q-80/cms/sub_category/158.png",Hellmann'S Cheezy Jalapeno Burst Mayo (85g) & Doritos Nacho Cheese Flavoured Corn Chips (82g) Combo,Hellmann'S,90,100,2 combo,4.3 (236),In Stock,https://www.zeptonow.com/pn/hellmanns-cheezy-jalapeno-burst-mayo-85g-doritos-nacho-cheese-flavoured-corn-chips-82g-combo/pvid/97470963-5ae1-4f69-ac77-bb59ea5d63e7,"https://cdn.zeptonow.com/production/tr:w-1280,ar-1200-1200,pr-true,f-auto,q-80/cms/product_variant/92ede725-d303-4fe3-8b09-0f2fbd220929.jpg"
Breakfast & Sauces,Honey & Spreads,"https://cdn.zeptonow.com/production/tr:w-90,ar-120-120,pr-true,f-auto,q-80/cms/sub_category/158.png",Amul Cheese Spread Yummy Plain 200 g Combo,Amul,206,220,200 g X 2,4.4 (381),In Stock,https://www.zeptonow.com/pn/amul-cheese-spread-yummy-plain-200-g-combo/pvid/ea42ffe3-0ac6-42a9-961c-e5099a1eeb05,"https://cdn.zeptonow.com/production/tr:w-1280,ar-1500-1500,pr-true,f-auto,q-80/inventory/product/afa0fea9-d480-4241-aaa5-15a86c52d4c6-5852.jpg"
Breakfast & Sauces,Honey & Spreads,"https://cdn.zeptonow.com/production/tr:w-90,ar-120-120,pr-true,f-auto,q-80/cms/sub_category/158.png","Dabur Honey - 100% Pure,Â  World's No.1 Honey Brand (No Sugar Adulteration) 100 gms Combo",Dabur,128,140,100 g X 2,4.4 (588),In Stock,https://www.zeptonow.com/pn/dabur-honey-100-pure-worlds-no1-honey-brand-no-sugar-adulteration-100-gms-combo/pvid/96f79b67-b88b-45a5-bb72-b84f6c72ea95,"https://cdn.zeptonow.com/production/tr:w-1280,ar-1500-1500,pr-true,f-auto,q-80/cms/product_variant/09488362-f059-4a69-be0e-5862e234c837.jpg"
Breakfast & Sauces,Honey & Spreads,"https://cdn.zeptonow.com/production/tr:w-90,ar-120-120,pr-true,f-auto,q-80/cms/sub_category/158.png","Hershey'S Spread - Cocoa With Almond Jar (150g) & Modern 100% Whole Wheat Bread (Zero Maida, No Trans Fat) (400g) Combo",Hershey's,214,235,2 combo,4.7 (331),In Stock,https://www.zeptonow.com/pn/hersheys-spread-cocoa-with-almond-jar-150g-modern-100-whole-wheat-bread-zero-maida-no-trans-fat-400g-combo/pvid/77ce5aed-a6ed-4d01-8aad-c8cac4a292a5,"https://cdn.zeptonow.com/production/tr:w-1280,ar-1200-1200,pr-true,f-auto,q-80/cms/product_variant/6f94ff68-cc6f-43a8-8ef0-cb8286931243.jpg"
Breakfast & Sauces,Honey & Spreads,"https://cdn.zeptonow.com/production/tr:w-90,ar-120-120,pr-true,f-auto,q-80/cms/sub_category/158.png",Amul Cheese Spread - Pepper 200 g Combo,Amul,206,220,200 g X 2,4.5 (106),In Stock,https://www.zeptonow.com/pn/amul-cheese-spread-pepper-200-g-combo/pvid/fc3641b2-ea48-462a-8d29-f0289a328a84,"https://cdn.zeptonow.com/production/tr:w-1280,ar-1500-1500,pr-true,f-auto,q-80/inventory/product/be41d3d2-591c-481c-904f-1bff1e06bb18-5845.jpg"
Breakfast & Sauces,Honey & Spreads,"https://cdn.zeptonow.com/production/tr:w-90,ar-120-120,pr-true,f-auto,q-80/cms/sub_category/158.png",Del Monte Eggless Mayo(500gms) & Del Monte Tomato Ketchup (Original Blend)(500gms) Combo,Del Monte,162,244,2 Combo,4.4 (230),In Stock,https://www.zeptonow.com/pn/del-monte-eggless-mayo500gms-del-monte-tomato-ketchup-original-blend500gms-combo/pvid/e546443d-9824-40da-b631-66b5d1be6ed3,"https://cdn.zeptonow.com/production/tr:w-1280,ar-1500-1500,pr-true,f-auto,q-80/inventory/product/cd02e717-9d8f-4a80-bfa7-b930eedc67f9-790.jpg"
Breakfast & Sauces,Honey & Spreads,"https://cdn.zeptonow.com/production/tr:w-90,ar-120-120,pr-true,f-auto,q-80/cms/sub_category/158.png","Hershey'S Cocoa + Almond Spread (350g) & Modern 100% Whole Wheat Bread (Zero Maida, No Trans Fat) (400g) Combo",Hershey's,353,390,2 combo,4.6 (490),In Stock,https://www.zeptonow.com/pn/hersheys-cocoa-almond-spread-350g-modern-100-whole-wheat-bread-zero-maida-no-trans-fat-400g-combo/pvid/fe189ce2-a276-4b5e-8e22-bc6d560455e0,"https://cdn.zeptonow.com/production/tr:w-1280,ar-1200-1200,pr-true,f-auto,q-80/cms/product_variant/165e1074-65d9-47d7-a5a0-1759d20ea250.jpg"
Breakfast & Sauces,Honey & Spreads,"https://cdn.zeptonow.com/production/tr:w-90,ar-120-120,pr-true,f-auto,q-80/cms/sub_category/158.png",Veeba Salsa Dip (360g) Combo | Pack of 2,Veeba,282,328,360 g X 2,4.7 (771),In Stock,https://www.zeptonow.com/pn/veeba-salsa-dip-360g-combo-pack-of-2/pvid/a18c1977-3ded-4679-81ed-38acbb750891,"https://cdn.zeptonow.com/production/tr:w-1280,ar-1200-1200,pr-true,f-auto,q-80/cms/product_variant/3afbca51-408d-49f2-baac-3758e2ce0837.jpg"
Breakfast & Sauces,Honey & Spreads,"https://cdn.zeptonow.com/production/tr:w-90,ar-120-120,pr-true,f-auto,q-80/cms/sub_category/158.png",Del Monte Eggless Mayo(500gms) & Mccain Veggie Burger Patty(360gms) Combo,Del Monte,246,299,2 combo,4.7 (288),In Stock,https://www.zeptonow.com/pn/del-monte-eggless-mayo500gms-mccain-veggie-burger-patty360gms-combo/pvid/bdc33448-ce67-4531-840c-742c58b3a3ff,"https://cdn.zeptonow.com/production/tr:w-1280,ar-1000-1000,pr-true,f-auto,q-80/cms/product_variant/9b5b5531-cd6f-4280-acfa-286b60a67def.jpeg"
Breakfast & Sauces,Honey & Spreads,"https://cdn.zeptonow.com/production/tr:w-90,ar-120-120,pr-true,f-auto,q-80/cms/sub_category/158.png",Veeba Thousand Island Dressing (300g) & Veeba Chipotle Southwest Dressing (300g) Combo,Veeba,368,378,2 combo,4.3 (104),In Stock,https://www.zeptonow.com/pn/veeba-thousand-island-dressing-300g-veeba-chipotle-southwest-dressing-300g-combo/pvid/0266d0a9-1c76-4cd2-93cf-0f734f7f19fe,"https://cdn.zeptonow.com/production/tr:w-1280,ar-1200-1200,pr-true,f-auto,q-80/cms/product_variant/eee3bc06-5ed8-4216-b2a0-ef25fe519b63.jpg"
Breakfast & Sauces,Honey & Spreads,"https://cdn.zeptonow.com/production/tr:w-90,ar-120-120,pr-true,f-auto,q-80/cms/sub_category/158.png",Nutella Hazelnut Spread With Cocoa (350g) & Britannia 100% Whole Wheat Bread (No Maida) (400g) Combo,Britannia,422,449,2 combo,4.3 (515),In Stock,https://www.zeptonow.com/pn/nutella-hazelnut-spread-with-cocoa-350g-britannia-100-whole-wheat-bread-no-maida-400g-combo/pvid/6083927f-93b1-42b1-9bff-7cfc4b85a9c8,"https://cdn.zeptonow.com/production/tr:w-1280,ar-1500-1500,pr-true,f-auto,q-80/cms/product_variant/294facba-c307-40db-b7fe-4bd429dfe0a6.png"
Breakfast & Sauces,Honey & Spreads,"https://cdn.zeptonow.com/production/tr:w-90,ar-120-120,pr-true,f-auto,q-80/cms/sub_category/158.png",Disano Honey 1 kg Combo,Disano,248,1100,1 kg X 2,4.3 (449),In Stock,https://www.zeptonow.com/pn/disano-honey-1-kg-combo/pvid/1d846368-44f6-49a2-9246-c055f6dbc176,"https://cdn.zeptonow.com/production/tr:w-1280,ar-1500-1500,pr-true,f-auto,q-80/cms/product_variant/97144fcc-7117-4768-a968-c5d35ca1d002.jpg"
Breakfast & Sauces,Honey & Spreads,"https://cdn.zeptonow.com/production/tr:w-90,ar-120-120,pr-true,f-auto,q-80/cms/sub_category/158.png",Veeba Thousand Island Dressing (300g) & Veeba Sweet Onion Sauce (350g) Combo,Veeba,353,354,2 combo,4.3 (508),In Stock,https://www.zeptonow.com/pn/veeba-thousand-island-dressing-300g-veeba-sweet-onion-sauce-350g-combo/pvid/bfd0b0dc-4141-4b55-b0e4-0233235e7734,"https://cdn.zeptonow.com/production/tr:w-1280,ar-1200-1200,pr-true,f-auto,q-80/cms/product_variant/c0fc9497-eed0-43f3-8907-e8540626cc70.jpg"
Breakfast & Sauces,Honey & Spreads,"https://cdn.zeptonow.com/production/tr:w-90,ar-120-120,pr-true,f-auto,q-80/cms/sub_category/158.png",Britannia The Laughing Cow Cheese Spread- Classic Tub 180 g Combo,Britannia,194,220,180 g X 2,4.3 (401),In Stock,https://www.zeptonow.com/pn/britannia-the-laughing-cow-cheese-spread-classic-tub-180-g-combo/pvid/6c601a94-70b4-410a-bc14-1d5077079ca0,"https://cdn.zeptonow.com/production/tr:w-1280,ar-1500-1500,pr-true,f-auto,q-80/inventory/product/8521c818-b0ee-4e96-90e7-591c906465d2-5870.jpg"
Breakfast & Sauces,Honey & Spreads,"https://cdn.zeptonow.com/production/tr:w-90,ar-120-120,pr-true,f-auto,q-80/cms/sub_category/158.png",Veeba Sandwich Spread Cheese & Chilli (250g) & Veeba Tomato Ketchup - Chef'S Special (900g) Combo,Veeba,182,229,2 combo,4.6 (614),In Stock,https://www.zeptonow.com/pn/veeba-sandwich-spread-cheese-chilli-250g-veeba-tomato-ketchup-chefs-special-900g-combo/pvid/c50959aa-4485-40c4-a1e1-a062e7978b17,"https://cdn.zeptonow.com/production/tr:w-1280,ar-1200-1200,pr-true,f-auto,q-80/cms/product_variant/c7260e96-f766-4cad-b904-70dd3756de3b.jpg"
Breakfast & Sauces,Honey & Spreads,"https://cdn.zeptonow.com/production/tr:w-90,ar-120-120,pr-true,f-auto,q-80/cms/sub_category/158.png",Dr. Oetker Funfoods Chocolate Milk Spread 450 g Combo,Dr.,472,550,450 g X 2,4.6 (977),In Stock,https://www.zeptonow.com/pn/dr-oetker-funfoods-chocolate-milk-spread-450-g-combo/pvid/7620b4b4-7d5d-4c46-8837-66c8a76215f6,"https://cdn.zeptonow.com/production/tr:w-1280,ar-1500-1500,pr-true,f-auto,q-80/cms/product_variant/c319728b-9acc-4d1d-a90a-bc3f57adcebb.jpg"
Breakfast & Sauces,Honey & Spreads,"https://cdn.zeptonow.com/production/tr:w-90,ar-120-120,pr-true,f-auto,q-80/cms/sub_category/158.png",Britannia The Laughing Cow Cheese- Roasted Garlic Spread Tub 180 g Combo,Britannia,194,220,180 g X 2,4.2 (929),In Stock,https://www.zeptonow.com/pn/britannia-the-laughing-cow-cheese-roasted-garlic-spread-tub-180-g-combo/pvid/dcee4ae0-111a-4f98-9b31-ac8c4ac8a731,"https://cdn.zeptonow.com/production/tr:w-1280,ar-1500-1500,pr-true,f-auto,q-80/inventory/product/4b45518b-7236-4ff6-a287-734ec0182364-5869.jpg"
Breakfast & Sauces,Honey & Spreads,"https://cdn.zeptonow.com/production/tr:w-90,ar-120-120,pr-true,f-auto,q-80/cms/sub_category/158.png","Dabur Honey - Refill Pouch, 100% Pure World's No.1 Honey Brand 750 g Combo",Dabur,458,730,750 g X 2,4.3 (853),In Stock,https://www.zeptonow.com/pn/dabur-honey-refill-pouch-100-pure-worlds-no1-honey-brand-750-g-combo/pvid/22a0a190-e295-4873-9f88-6a83a7952903,"https://cdn.zeptonow.com/production/tr:w-1280,ar-1500-1500,pr-true,f-auto,q-80/cms/product_variant/09796f57-8b16-458e-b541-358c399ae038.jpg"
Breakfast & Sauces,Honey & Spreads,"https://cdn.zeptonow.com/production/tr:w-90,ar-120-120,pr-true,f-auto,q-80/cms/sub_category/158.png",Hershey's Spread - Cocoa Jar 150 g Combo,Hershey's,322,370,150 g X 2,4.5 (598),In Stock,https://www.zeptonow.com/pn/hersheys-spread-cocoa-jar-150-g-combo/pvid/70f1a99d-89c1-4315-9da2-c448a7b31754,"https://cdn.zeptonow.com/production/tr:w-1280,ar-1500-1500,pr-true,f-auto,q-80/inventory/product/51c126f2-0c64-4bfc-96bd-4aaf8a236d65-3531.jpg"
Breakfast & Sauces,Honey & Spreads,"https://cdn.zeptonow.com/production/tr:w-90,ar-120-120,pr-true,f-auto,q-80/cms/sub_category/158.png",Hellmann'S Veg Mayonnaise (250g) & The Baker'S Dozen Zero Maida Garlic Bread No Palm Oil No Preservative 100% Wholewheat (160g) Combo,Hellmann'S,180,189,2 combo,4.3 (778),In Stock,https://www.zeptonow.com/pn/hellmanns-veg-mayonnaise-250g-the-bakers-dozen-zero-maida-garlic-bread-no-palm-oil-no-preservative-100-wholewheat-160g-combo/pvid/a4e3951f-38cf-4716-abf8-2f31b155dc58,"https://cdn.zeptonow.com/production/tr:w-1280,ar-1200-1200,pr-true,f-auto,q-80/cms/product_variant/bcbc5ee5-db5e-4505-bbe4-2641da5d16ee.jpg"
Breakfast & Sauces,Honey & Spreads,"https://cdn.zeptonow.com/production/tr:w-90,ar-120-120,pr-true,f-auto,q-80/cms/sub_category/158.png",Hellmann'S Roasted Garlic Mayo (85g) & Godrej Yummiez Chicken Nuggets (500g) Combo,Yu,344,420,2 combo,4.6 (649),In Stock,https://www.zeptonow.com/pn/hellmanns-roasted-garlic-mayo-85g-godrej-yummiez-chicken-nuggets-500g-combo/pvid/d0947cb5-f9a9-45ae-8ae4-0b33bcb49f82,"https://cdn.zeptonow.com/production/tr:w-1280,ar-1200-1200,pr-true,f-auto,q-80/cms/product_variant/0ec63ae6-3f51-484e-948e-577f3c3f44a1.jpg"
Breakfast & Sauces,Honey & Spreads,"https://cdn.zeptonow.com/production/tr:w-90,ar-120-120,pr-true,f-auto,q-80/cms/sub_category/158.png",Veeba Cheese & Jalapeno Dip (300g) & Veeba Salsa Dip (360g) Combo,Veeba,309,338,2 combo,4.4 (152),In Stock,https://www.zeptonow.com/pn/veeba-cheese-jalapeno-dip-300g-veeba-salsa-dip-360g-combo/pvid/a578ecf8-8aa1-4eef-9930-5d52dd0037fe,"https://cdn.zeptonow.com/production/tr:w-1280,ar-1200-1200,pr-true,f-auto,q-80/cms/product_variant/728a1213-5caa-447b-9ee2-4d45367ca31f.jpg"
Breakfast & Sauces,Honey & Spreads,"https://cdn.zeptonow.com/production/tr:w-90,ar-120-120,pr-true,f-auto,q-80/cms/sub_category/158.png","Organic India Himalayan Multi Floral Honey, 100% Pure, Natural & Organic Honey 250 g Combo",Organic,388,470,250 g X 2,4.5 (501),In Stock,https://www.zeptonow.com/pn/organic-india-himalayan-multi-floral-honey-100-pure-natural-organic-honey-250-g-combo/pvid/1ee400ad-c11c-465d-a4fe-c9c85724937f,"https://cdn.zeptonow.com/production/tr:w-1280,ar-1500-1500,pr-true,f-auto,q-80/cms/product_variant/5b9aecac-2708-49c7-bb21-c187433f6400.jpg"
Breakfast & Sauces,Honey & Spreads,"https://cdn.zeptonow.com/production/tr:w-90,ar-120-120,pr-true,f-auto,q-80/cms/sub_category/158.png","Dabur Honey - 100% Pure, World's No.1 Honey Brand (No Sugar Adulteration) 400 g Combo",Dabur,614,840,400 g X 2,4.3 (297),In Stock,https://www.zeptonow.com/pn/dabur-honey-100-pure-worlds-no1-honey-brand-no-sugar-adulteration-400-g-combo/pvid/2031a9fa-9c9a-4057-97b6-852c3727e937,"https://cdn.zeptonow.com/production/tr:w-1280,ar-1500-1500,pr-true,f-auto,q-80/cms/product_variant/4978b183-4f87-498a-b62a-5e86dc19b93d.jpg"
Breakfast & Sauces,Honey & Spreads,"https://cdn.zeptonow.com/production/tr:w-90,ar-120-120,pr-true,f-auto,q-80/cms/sub_category/158.png",Hershey's Spread - Cocoa With Almond Jar 150 g Combo,Hershey's,314,370,150 g X 2,4.2 (699),In Stock,https://www.zeptonow.com/pn/hersheys-spread-cocoa-with-almond-jar-150-g-combo/pvid/3c511691-94a2-4c0e-a231-349d41885b1c,"https://cdn.zeptonow.com/production/tr:w-1280,ar-1500-1500,pr-true,f-auto,q-80/inventory/product/94279d6e-cfa8-4644-817d-80e1a4c0f41f-3532.jpg"
Breakfast & Sauces,Honey & Spreads,"https://cdn.zeptonow.com/production/tr:w-90,ar-120-120,pr-true,f-auto,q-80/cms/sub_category/158.png",Hellmann's Veg Mayonnaise 800 g Combo,Hellmann's,420,630,800 g X 3,4.6 (906),In Stock,https://www.zeptonow.com/pn/hellmanns-veg-mayonnaise-800-g-combo/pvid/3058f1a3-53c2-48b1-9d61-67ab59f9e117,"https://cdn.zeptonow.com/production/tr:w-1280,ar-1500-1500,pr-true,f-auto,q-80/cms/product_variant/439807e7-a91b-457d-b309-1d8e4f7b579c.jpg"
Breakfast & Sauces,Honey & Spreads,"https://cdn.zeptonow.com/production/tr:w-90,ar-120-120,pr-true,f-auto,q-80/cms/sub_category/158.png",Del Monte Eggless Mayo(500gms) & Mccain Veggie Fingers(400gms) Combo,Del Monte,243,324,2 combo,4.2 (426),In Stock,https://www.zeptonow.com/pn/del-monte-eggless-mayo500gms-mccain-veggie-fingers400gms-combo/pvid/bf6717eb-3c38-4ff2-8473-bb9743025a35,"https://cdn.zeptonow.com/production/tr:w-1280,ar-1000-1000,pr-true,f-auto,q-80/cms/product_variant/28551f25-d0ca-4465-a658-1a698d975d7d.jpeg"
Breakfast & Sauces,Honey & Spreads,"https://cdn.zeptonow.com/production/tr:w-90,ar-120-120,pr-true,f-auto,q-80/cms/sub_category/158.png",Hellmann'S Roasted Garlic Mayo (85g) & Mccain Veggie Fingers (400g) Combo,Hellmann'S,193,225,2 combo,4.4 (590),In Stock,https://www.zeptonow.com/pn/hellmanns-roasted-garlic-mayo-85g-mccain-veggie-fingers-400g-combo/pvid/e5eb3631-9a4e-442b-81ae-6f74a5461b0b,"https://cdn.zeptonow.com/production/tr:w-1280,ar-1200-1200,pr-true,f-auto,q-80/cms/product_variant/37f1c2fc-f868-48fd-afb8-f5479e126b11.jpg"
Breakfast & Sauces,Honey & Spreads,"https://cdn.zeptonow.com/production/tr:w-90,ar-120-120,pr-true,f-auto,q-80/cms/sub_category/158.png","Dabur HoneyÂ Squeezy, 100% Pure World's No.1 Honey BrandÂ â€“Â Buy 1 Get 1 Free 225 gms Combo",Dabur,374,498,225 g X 2,4.4 (342),In Stock,https://www.zeptonow.com/pn/dabur-honey-squeezy-100-pure-worlds-no1-honey-brand-buy-1-get-1-free-225-gms-combo/pvid/40d8b4be-7a60-470c-b959-0422186dc65c,"https://cdn.zeptonow.com/production/tr:w-1280,ar-1500-1500,pr-true,f-auto,q-80/cms/product_variant/65ccf4a8-0c44-41ed-8dee-d0f1181efad7.jpg"
Breakfast & Sauces,Honey & Spreads,"https://cdn.zeptonow.com/production/tr:w-90,ar-120-120,pr-true,f-auto,q-80/cms/sub_category/158.png",Hellmann's Cheezy Jalapeno Burst Mayo Combo,Hellmann's,90,100,85 g X 2,4.6 (304),In Stock,https://www.zeptonow.com/pn/hellmanns-cheezy-jalapeno-burst-mayo-combo/pvid/1d7fe823-fe8f-4f3e-9ab2-fff64448b896,"https://cdn.zeptonow.com/production/tr:w-1280,ar-1500-1500,pr-true,f-auto,q-80/cms/product_variant/79dab8fe-1e66-42e1-84f0-7009cbada4f8.jpg"
Breakfast & Sauces,Honey & Spreads,"https://cdn.zeptonow.com/production/tr:w-90,ar-120-120,pr-true,f-auto,q-80/cms/sub_category/158.png",Hellmann'S Veg Mayonnaise (250g) & Mccain Veggie Burger Patty (360g) Combo,Hellmann'S,231,240,2 combo,4.3 (952),In Stock,https://www.zeptonow.com/pn/hellmanns-veg-mayonnaise-250g-mccain-veggie-burger-patty-360g-combo/pvid/20feeb6d-4069-4889-b22a-224457db00bf,"https://cdn.zeptonow.com/production/tr:w-1280,ar-1200-1200,pr-true,f-auto,q-80/cms/product_variant/76826eeb-e6e6-42a5-b059-1e0631c315f1.jpg"
Breakfast & Sauces,Honey & Spreads,"https://cdn.zeptonow.com/production/tr:w-90,ar-120-120,pr-true,f-auto,q-80/cms/sub_category/158.png",Habanero Spicy Salsa Dip(270gms) & Doritos Nacho Chips - Cheese Flavour(82gms) Combo,Habanero,220,249,2 combo,4.5 (945),In Stock,https://www.zeptonow.com/pn/habanero-spicy-salsa-dip270gms-doritos-nacho-chips-cheese-flavour82gms-combo/pvid/ad062bf4-8400-413a-b600-4c496e3d5bf2,"https://cdn.zeptonow.com/production/tr:w-1280,ar-1500-1500,pr-true,f-auto,q-80/cms/product_variant/dacd7748-d575-486e-a7a8-3c77373b5cb5.jpg"
Breakfast & Sauces,Honey & Spreads,"https://cdn.zeptonow.com/production/tr:w-90,ar-120-120,pr-true,f-auto,q-80/cms/sub_category/158.png",Del Monte Eggless Mayo(1pc) & Del Monte Classic Blend Tomato Ketchup(500gms) Combo,Del Monte,219,294,2 combo,4.4 (597),In Stock,https://www.zeptonow.com/pn/del-monte-eggless-mayo1pc-del-monte-classic-blend-tomato-ketchup500gms-combo/pvid/7b9abde3-afc8-4993-9673-528b19811c4d,"https://cdn.zeptonow.com/production/tr:w-1280,ar-1494-1494,pr-true,f-auto,q-80/cms/product_variant/17f17864-0f08-4779-aa5d-779605d2b07e.jpg"
Breakfast & Sauces,Honey & Spreads,"https://cdn.zeptonow.com/production/tr:w-90,ar-120-120,pr-true,f-auto,q-80/cms/sub_category/158.png",Hellmann'S Veg Mayonnaise (250g) & The Baker'S Dozen Zero Maida Burger Buns No Palm Oil No Preservative 100% Wholehwheat (4pc) Combo,Hellmann'S,130,139,2 combo,4.6 (934),In Stock,https://www.zeptonow.com/pn/hellmanns-veg-mayonnaise-250g-the-bakers-dozen-zero-maida-burger-buns-no-palm-oil-no-preservative-100-wholehwheat-4pc-combo/pvid/4eb306b3-ed3a-44f1-8bec-609f80f65dd7,"https://cdn.zeptonow.com/production/tr:w-1280,ar-1200-1200,pr-true,f-auto,q-80/cms/product_variant/3d022f72-afd5-4d21-9675-7dd6570a8e28.jpg"
Breakfast & Sauces,Honey & Spreads,"https://cdn.zeptonow.com/production/tr:w-90,ar-120-120,pr-true,f-auto,q-80/cms/sub_category/158.png",Habanero Spicy Salsa Dip(270gms) & Doritos Nacho Chips - Cheese Flavour(153gms) Combo,Habanero,255,289,2 combo,4.7 (825),In Stock,https://www.zeptonow.com/pn/habanero-spicy-salsa-dip270gms-doritos-nacho-chips-cheese-flavour153gms-combo/pvid/f8f6a678-e612-49f0-87ee-dde839ec6688,"https://cdn.zeptonow.com/production/tr:w-1280,ar-1494-1494,pr-true,f-auto,q-80/cms/product_variant/b0d892f0-9ec6-4417-8b0b-6fbbe92bf048.jpg"
Breakfast & Sauces,Honey & Spreads,"https://cdn.zeptonow.com/production/tr:w-90,ar-120-120,pr-true,f-auto,q-80/cms/sub_category/158.png",Veeba Chef's Special Veg Mayonnaise Eggless (875g) Combo | Pack of 2,Veeba,342,448,875 g X 2,4.5 (86),In Stock,https://www.zeptonow.com/pn/veeba-chefs-special-veg-mayonnaise-eggless-875g-combo-pack-of-2/pvid/3adcfde2-ea04-49a0-8c69-c460194df503,"https://cdn.zeptonow.com/production/tr:w-1280,ar-1200-1200,pr-true,f-auto,q-80/cms/product_variant/581688f6-4928-4993-bd5f-35c13aa377f4.jpg"
Breakfast & Sauces,Honey & Spreads,"https://cdn.zeptonow.com/production/tr:w-90,ar-120-120,pr-true,f-auto,q-80/cms/sub_category/158.png","Hershey'S Spread - Cocoa Jar (150g) & Modern 100% Whole Wheat Bread (Zero Maida, No Trans Fat) (400g) Combo",Hershey's,218,235,2 combo,4.4 (280),In Stock,https://www.zeptonow.com/pn/hersheys-spread-cocoa-jar-150g-modern-100-whole-wheat-bread-zero-maida-no-trans-fat-400g-combo/pvid/04754419-90a1-48e7-8b11-efe209991edc,"https://cdn.zeptonow.com/production/tr:w-1280,ar-1200-1200,pr-true,f-auto,q-80/cms/product_variant/7a325b1b-230d-4965-ab89-9a3eae48df65.jpg"
Breakfast & Sauces,Honey & Spreads,"https://cdn.zeptonow.com/production/tr:w-90,ar-120-120,pr-true,f-auto,q-80/cms/sub_category/158.png",Veeba Cheesy Melt Chilli Paprika Cheesy Spread And Dressing Combo,Veeba,206,238,200 g X 2,4.3 (751),In Stock,https://www.zeptonow.com/pn/veeba-cheesy-melt-chilli-paprika-cheesy-spread-and-dressing-combo/pvid/08ad837d-9b35-44e1-8a48-23828480d6d2,"https://cdn.zeptonow.com/production/tr:w-1280,ar-1500-1500,pr-true,f-auto,q-80/cms/product_variant/2c2c0e42-ecc6-4692-937c-63e3ff2682c0.jpg"
Breakfast & Sauces,Honey & Spreads,"https://cdn.zeptonow.com/production/tr:w-90,ar-120-120,pr-true,f-auto,q-80/cms/sub_category/158.png",Hellmann'S Roasted Garlic Mayo (85g) & Mccain Chilli Garlic Potato Bites Nuggets (420g) Combo,Hellmann'S,164,215,2 combo,4.5 (999),In Stock,https://www.zeptonow.com/pn/hellmanns-roasted-garlic-mayo-85g-mccain-chilli-garlic-potato-bites-nuggets-420g-combo/pvid/c5f417c9-6210-49f0-8f96-d8dddb3d94bd,"https://cdn.zeptonow.com/production/tr:w-1280,ar-1200-1200,pr-true,f-auto,q-80/cms/product_variant/df7ceea5-17f7-4045-92f9-d59749b88b14.jpg"
Breakfast & Sauces,Honey & Spreads,"https://cdn.zeptonow.com/production/tr:w-90,ar-120-120,pr-true,f-auto,q-80/cms/sub_category/158.png",Dr. Oetker FunFoods Veg Sandwich Spread Cucumber & Carrot 250 g Combo,Dr.,178,198,250 g X 2,4.3 (122),In Stock,https://www.zeptonow.com/pn/dr-oetker-funfoods-veg-sandwich-spread-cucumber-carrot-250-g-combo/pvid/188fd78c-822e-4d9f-b5e5-62e9096f3cd5,"https://cdn.zeptonow.com/production/tr:w-1280,ar-1500-1500,pr-true,f-auto,q-80/inventory/product/0e501292-2531-472a-8902-bf320a9ae568-2208.jpg"
Breakfast & Sauces,Honey & Spreads,"https://cdn.zeptonow.com/production/tr:w-90,ar-120-120,pr-true,f-auto,q-80/cms/sub_category/158.png",Hellmann's Veg Mayonnaise 800 g Combo,Hellmann's,280,420,800 g X 2,4.4 (493),In Stock,https://www.zeptonow.com/pn/hellmanns-veg-mayonnaise-800-g-combo/pvid/8983347a-24d9-4469-a5ef-f6f5301317b3,"https://cdn.zeptonow.com/production/tr:w-1280,ar-1500-1500,pr-true,f-auto,q-80/cms/product_variant/b998b0c3-6125-4ce3-9809-690be009b89c.jpg"
Breakfast & Sauces,Honey & Spreads,"https://cdn.zeptonow.com/production/tr:w-90,ar-120-120,pr-true,f-auto,q-80/cms/sub_category/158.png",Veeba Chef'S Special Veg Mayonnaise Smart,Veeba,166,218,750 g,4.7 (3.5k),Sold Out,https://www.zeptonow.com/pn/veeba-chefs-special-veg-mayonnaise-smart/pvid/4a2af4c5-59b2-4cfa-8843-5c202a1e856a,"https://cdn.zeptonow.com/production/tr:w-1280,ar-4500-4500,pr-true,f-auto,q-80/cms/product_variant/5c0d1f7a-5a1f-4ff4-af78-497f8a3b7caa.jpeg"
Breakfast & Sauces,Honey & Spreads,"https://cdn.zeptonow.com/production/tr:w-90,ar-120-120,pr-true,f-auto,q-80/cms/sub_category/158.png","Dabur Raw Organic Honey - 100% Pure and Natural, No Sugar Adulteration",Dabur,368,410,300 g,4.8 (1.2k),Sold Out,https://www.zeptonow.com/pn/dabur-raw-organic-honey-100-pure-and-natural-no-sugar-adulteration/pvid/b5a83c8a-ebb0-4148-ad36-c72e008ae7a1,"https://cdn.zeptonow.com/production/tr:w-1280,ar-2000-2000,pr-true,f-auto,q-80/cms/product_variant/7015ae54-596e-40ee-b5e0-d30f35c578ab.jpeg"
Breakfast & Sauces,Honey & Spreads,"https://cdn.zeptonow.com/production/tr:w-90,ar-120-120,pr-true,f-auto,q-80/cms/sub_category/158.png",Eatopia Mixedberry Honey Jam Spread| No Added Sugar,Eatopia,281,359,240 g,4.3 (116),Sold Out,https://www.zeptonow.com/pn/eatopia-mixedberry-honey-jam-spread-no-added-sugar/pvid/685ce9b6-a2af-40a2-a28e-35ee784d946d,"https://cdn.zeptonow.com/production/tr:w-1280,ar-1080-1080,pr-true,f-auto,q-80/cms/product_variant/916b3765-20c1-4c20-bc88-193eeeccadf7.jpeg"
Breakfast & Sauces,Honey & Spreads,"https://cdn.zeptonow.com/production/tr:w-90,ar-120-120,pr-true,f-auto,q-80/cms/sub_category/158.png",Sundrop Cocoa Nut Hazelnut Chocolatey Spread,Sundrop,149,175,160 g,4.8 (977),Sold Out,https://www.zeptonow.com/pn/sundrop-cocoa-nut-hazelnut-chocolatey-spread/pvid/c33b6ea6-1fff-41b7-b6b7-c9a75679f61d,"https://cdn.zeptonow.com/production/tr:w-1280,ar-1200-1200,pr-true,f-auto,q-80/cms/product_variant/2adc5d96-4d86-4a79-80e2-2325ce292bd9.jpeg"
Breakfast & Sauces,Honey & Spreads,"https://cdn.zeptonow.com/production/tr:w-90,ar-120-120,pr-true,f-auto,q-80/cms/sub_category/158.png",Veeba Cheesy Melt Cheddar,Veeba,92,99,200 g,4.8 (929),Sold Out,https://www.zeptonow.com/pn/veeba-cheesy-melt-cheddar/pvid/0d12efb7-d998-4902-ad8e-ba3ab578f219,"https://cdn.zeptonow.com/production/tr:w-1280,ar-1200-1200,pr-true,f-auto,q-80/cms/product_variant/fbee43d6-6f83-4050-b436-a91d7d1d7a12.jpeg"
Breakfast & Sauces,Honey & Spreads,"https://cdn.zeptonow.com/production/tr:w-90,ar-120-120,pr-true,f-auto,q-80/cms/sub_category/158.png",Patanjali Honey Natural Shahed No Added Sugar Sahad,Patanjali,390,410,1 kg,4.7 (2.3k),Sold Out,https://www.zeptonow.com/pn/patanjali-honey-natural-shahed-no-added-sugar-sahad/pvid/6f230463-f802-47c0-a7af-9fa352c86a36,"https://cdn.zeptonow.com/production/tr:w-1280,ar-2000-2000,pr-true,f-auto,q-80/cms/product_variant/ffa4a70e-679b-4d2c-aba1-1e3ccf5911f0.jpeg"
Breakfast & Sauces,Honey & Spreads,"https://cdn.zeptonow.com/production/tr:w-90,ar-120-120,pr-true,f-auto,q-80/cms/sub_category/158.png",Veeba Mayonnaise Garlic,Veeba,104,109,250 g,4.7 (1.1k),Sold Out,https://www.zeptonow.com/pn/veeba-mayonnaise-garlic/pvid/e2b9211c-aa70-40c9-8b6b-1ce8fd90dc89,"https://cdn.zeptonow.com/production/tr:w-1280,ar-4500-4500,pr-true,f-auto,q-80/cms/product_variant/191737fe-3cb2-431a-9395-1a034ed51ce1.jpeg"
Breakfast & Sauces,Honey & Spreads,"https://cdn.zeptonow.com/production/tr:w-90,ar-120-120,pr-true,f-auto,q-80/cms/sub_category/158.png",Dabur Honey Organic Squeezy,Dabur,346,549,450 ml,4.6 (85),Sold Out,https://www.zeptonow.com/pn/dabur-honey-organic-squeezy/pvid/6a2a1370-99d6-4b75-ad1a-87b83bd420d1,"https://cdn.zeptonow.com/production/tr:w-1280,ar-2000-2000,pr-true,f-auto,q-80/cms/product_variant/1e84e0dc-b959-428e-b145-185c762e3244.jpeg"
Breakfast & Sauces,Honey & Spreads,"https://cdn.zeptonow.com/production/tr:w-90,ar-120-120,pr-true,f-auto,q-80/cms/sub_category/158.png",Saffola Foods Honey Active | Made with Sundarban Forest Honey | 100% Pure Honey,Saffola,114,230,350 g,4.7 (85),Sold Out,https://www.zeptonow.com/pn/saffola-foods-honey-active-made-with-sundarban-forest-honey-100-pure-honey/pvid/1ecef729-ac17-4f2f-b7da-04b9bb3e0673,"https://cdn.zeptonow.com/production/tr:w-1280,ar-1500-1500,pr-true,f-auto,q-80/cms/product_variant/89e2acf6-b34e-4d9d-b884-534bf9c4cc71.jpeg"
Breakfast & Sauces,Honey & Spreads,"https://cdn.zeptonow.com/production/tr:w-90,ar-120-120,pr-true,f-auto,q-80/cms/sub_category/158.png",Del Monte Thousand Island Dressing,Del Monte,153,155,280 g,4.8 (340),Sold Out,https://www.zeptonow.com/pn/del-monte-thousand-island-dressing/pvid/78bf6a64-026f-4d4f-b7e9-e7dacc7467e3,"https://cdn.zeptonow.com/production/tr:w-1280,ar-1000-1000,pr-true,f-auto,q-80/cms/product_variant/99f064e0-3fcd-4e40-81df-4df2932abbfe.jpeg"
Breakfast & Sauces,Honey & Spreads,"https://cdn.zeptonow.com/production/tr:w-90,ar-120-120,pr-true,f-auto,q-80/cms/sub_category/158.png","Dabur Honey - 100% Pure, World's No.1 Honey Brand (No Sugar Adulteration)",Dabur,405,495,1 kg,4.6 (13.5k),Sold Out,https://www.zeptonow.com/pn/dabur-honey-100-pure-worlds-no1-honey-brand-no-sugar-adulteration/pvid/a6db28be-5fbf-43a5-8a33-47032cf76c3a,"https://cdn.zeptonow.com/production/tr:w-1280,ar-2000-2000,pr-true,f-auto,q-80/cms/product_variant/47536910-6ca7-4085-a62d-516e883a9155.jpeg"
Breakfast & Sauces,Honey & Spreads,"https://cdn.zeptonow.com/production/tr:w-90,ar-120-120,pr-true,f-auto,q-80/cms/sub_category/158.png",Veeba Cheesy Melt Garlic,Veeba,109,119,200 g,4.8 (1.2k),Sold Out,https://www.zeptonow.com/pn/veeba-cheesy-melt-garlic/pvid/28281dcc-b0a9-40ed-9147-2dd67ba9511a,"https://cdn.zeptonow.com/production/tr:w-1280,ar-1200-1200,pr-true,f-auto,q-80/cms/product_variant/065d9634-32d5-4248-9b85-6c83f6dadafd.jpeg"
Breakfast & Sauces,Honey & Spreads,"https://cdn.zeptonow.com/production/tr:w-90,ar-120-120,pr-true,f-auto,q-80/cms/sub_category/158.png",Eatopia Mulberry Fruit Honey Jam | No Added Sugar,Eatopia,283,359,240 g,4.9 (79),Sold Out,https://www.zeptonow.com/pn/eatopia-mulberry-fruit-honey-jam-no-added-sugar/pvid/937f896a-013a-4ea5-84dc-1c9610ef420e,"https://cdn.zeptonow.com/production/tr:w-1280,ar-1080-1080,pr-true,f-auto,q-80/cms/product_variant/70a9be24-945d-4a60-ad31-9428d20caac4.jpeg"
Breakfast & Sauces,Honey & Spreads,"https://cdn.zeptonow.com/production/tr:w-90,ar-120-120,pr-true,f-auto,q-80/cms/sub_category/158.png",Hershey's Spread Cookies Jar,Hershey's,336,375,350 g,4.9 (62),Sold Out,https://www.zeptonow.com/pn/hersheys-spread-cookies-jar/pvid/071ead06-72bc-4cdf-9ccd-494f6b00c9f5,"https://cdn.zeptonow.com/production/tr:w-1280,ar-2400-2400,pr-true,f-auto,q-80/cms/product_variant/765de6a6-684c-4c70-a62f-4b68f39908f1.jpeg"
Breakfast & Sauces,Honey & Spreads,"https://cdn.zeptonow.com/production/tr:w-90,ar-120-120,pr-true,f-auto,q-80/cms/sub_category/158.png",Hellmann's Eggless Mayonnaise World's No.1 Mayonnaise Brand,Hellmann's,36,40,85 g,4.7 (16.1k),Sold Out,https://www.zeptonow.com/pn/hellmanns-eggless-mayonnaise-worlds-no1-mayonnaise-brand/pvid/7b4a3322-24d6-4f0c-b46b-38b73b5e6ebd,"https://cdn.zeptonow.com/production/tr:w-1280,ar-1000-1000,pr-true,f-auto,q-80/cms/product_variant/944b8648-d6fb-4fdb-a202-edf50c6d0c71.jpeg"
Breakfast & Sauces,Honey & Spreads,"https://cdn.zeptonow.com/production/tr:w-90,ar-120-120,pr-true,f-auto,q-80/cms/sub_category/158.png",Dr. Oetker FunFoods Veg Mayonnaise Tandoori,Dr.,96,99,245 g,4.6 (5.8k),Sold Out,https://www.zeptonow.com/pn/dr-oetker-funfoods-veg-mayonnaise-tandoori/pvid/c912a5a8-cbed-429b-b218-b2547282671a,"https://cdn.zeptonow.com/production/tr:w-1280,ar-1000-1000,pr-true,f-auto,q-80/cms/product_variant/59014855-caeb-488c-8397-5deebca618c5.jpeg"
Breakfast & Sauces,Honey & Spreads,"https://cdn.zeptonow.com/production/tr:w-90,ar-120-120,pr-true,f-auto,q-80/cms/sub_category/158.png",Hellmann's Mayo Cheese Jalapeno,Hellmann's,90,100,300 g,4.6 (206),Sold Out,https://www.zeptonow.com/pn/hellmanns-mayo-cheese-jalapeno/pvid/d7a3becd-6e57-43fc-b1a7-391e59465a4d,"https://cdn.zeptonow.com/production/tr:w-1280,ar-1000-1000,pr-true,f-auto,q-80/cms/product_variant/0a5bedca-da1e-4954-af50-fbe1d8537f03.jpg"
Breakfast & Sauces,Honey & Spreads,"https://cdn.zeptonow.com/production/tr:w-90,ar-120-120,pr-true,f-auto,q-80/cms/sub_category/158.png",Hellmann's Smoky Tandoori Mayo,Hellmann's,45,50,85 g,4.7 (412),Sold Out,https://www.zeptonow.com/pn/hellmanns-smoky-tandoori-mayo/pvid/3b9dfd3d-43bf-4dca-b5a0-1c5dbf6d8229,"https://cdn.zeptonow.com/production/tr:w-1280,ar-1000-1000,pr-true,f-auto,q-80/cms/product_variant/247786b6-21f9-4c99-9567-a42cb9f95ab3.jpg"
Breakfast & Sauces,Peanut Butter,"https://cdn.zeptonow.com/production/tr:w-90,ar-120-120,pr-true,f-auto,q-80/cms/sub_category/157.png",MyFitness Original Peanut Butter Crunchy Spread | High Protein,MyFitness,149,169,227 g,4.5 (3.1k),In Stock,https://www.zeptonow.com/pn/myfitness-original-peanut-butter-crunchy-spread-high-protein/pvid/3a6d65d8-a5ed-443e-8fc7-d17a17dae8ed,"https://cdn.zeptonow.com/production/tr:w-1280,ar-1200-1200,pr-true,f-auto,q-80/cms/product_variant/0adc0614-4fbf-4910-a6fd-4d8cf08fbabd.jpeg"
Breakfast & Sauces,Peanut Butter,"https://cdn.zeptonow.com/production/tr:w-90,ar-120-120,pr-true,f-auto,q-80/cms/sub_category/157.png",MyFitness Chocolate Peanut Butter Crunchy Spread | High Protein,MyFitness,149,179,227 g,4.6 (3.6k),In Stock,https://www.zeptonow.com/pn/myfitness-chocolate-peanut-butter-crunchy-spread-high-protein/pvid/fbfe8180-bbcb-4967-bac7-951d4b20665b,"https://cdn.zeptonow.com/production/tr:w-1280,ar-1200-1200,pr-true,f-auto,q-80/cms/product_variant/797908eb-24aa-4a7e-ab00-1f40fc439198.jpeg"
Breakfast & Sauces,Peanut Butter,"https://cdn.zeptonow.com/production/tr:w-90,ar-120-120,pr-true,f-auto,q-80/cms/sub_category/157.png",Dr. Oetker FunFoods Peanut Butter Creamy,Dr.,148,199,750 g,4.8 (2.4k),In Stock,https://www.zeptonow.com/pn/dr-oetker-funfoods-peanut-butter-creamy/pvid/147787fd-b25b-4a63-9d84-d7b0991efbe0,"https://cdn.zeptonow.com/production/tr:w-1280,ar-1000-1000,pr-true,f-auto,q-80/cms/product_variant/7aa6887d-e18d-4616-b0bf-56c848738428.jpeg"
Breakfast & Sauces,Peanut Butter,"https://cdn.zeptonow.com/production/tr:w-90,ar-120-120,pr-true,f-auto,q-80/cms/sub_category/157.png",MyFitness Chocolate Peanut Butter Crispy Spread | High Protein,MyFitness,268,339,510 g,4.4 (2.8k),In Stock,https://www.zeptonow.com/pn/myfitness-chocolate-peanut-butter-crispy-spread-high-protein/pvid/c9e76e28-6289-4f05-8cda-1a4f40db8dd6,"https://cdn.zeptonow.com/production/tr:w-1280,ar-1200-1200,pr-true,f-auto,q-80/cms/product_variant/b91b9a40-4f21-4bb2-8616-dcf22058d200.jpeg"
Breakfast & Sauces,Peanut Butter,"https://cdn.zeptonow.com/production/tr:w-90,ar-120-120,pr-true,f-auto,q-80/cms/sub_category/157.png",MyFitness Chocolate Peanut Butter Crispy Spread | High Protein,MyFitness,154,179,227 g,4.6 (2.9k),In Stock,https://www.zeptonow.com/pn/myfitness-chocolate-peanut-butter-crispy-spread-high-protein/pvid/a1be540e-1c5c-4d28-85b0-7672ece4927d,"https://cdn.zeptonow.com/production/tr:w-1280,ar-1200-1200,pr-true,f-auto,q-80/cms/product_variant/d9a2b22c-d403-49c1-b853-47883082da5d.jpeg"
Breakfast & Sauces,Peanut Butter,"https://cdn.zeptonow.com/production/tr:w-90,ar-120-120,pr-true,f-auto,q-80/cms/sub_category/157.png","Saffola Peanut Butter with Jaggery, Creamy",Saffola,127,149,350 g,4.5 (2.2k),In Stock,https://www.zeptonow.com/pn/saffola-peanut-butter-with-jaggery-creamy/pvid/984acc5f-cd07-488e-883b-569ee9bdabe0,"https://cdn.zeptonow.com/production/tr:w-1280,ar-1500-1500,pr-true,f-auto,q-80/cms/product_variant/c021dcdd-239e-4bab-8de9-c468a038d391.jpeg"
Breakfast & Sauces,Peanut Butter,"https://cdn.zeptonow.com/production/tr:w-90,ar-120-120,pr-true,f-auto,q-80/cms/sub_category/157.png",MyFitness Chocolate Peanut Butter Crunchy Spread | High Protein,MyFitness,593,689,1.25 kg,4.6 (7.3k),In Stock,https://www.zeptonow.com/pn/myfitness-chocolate-peanut-butter-crunchy-spread-high-protein/pvid/77731a97-e79e-425e-93f6-a06d8e45c4a5,"https://cdn.zeptonow.com/production/tr:w-1280,ar-1200-1200,pr-true,f-auto,q-80/cms/product_variant/dec4e3de-7353-4fae-a777-8556f5d7d261.jpeg"
Breakfast & Sauces,Peanut Butter,"https://cdn.zeptonow.com/production/tr:w-90,ar-120-120,pr-true,f-auto,q-80/cms/sub_category/157.png",Pintola Creamy High Protein Peanut Butter Dark Chocolate,Pintola,677,749,1 kg,4 (618),In Stock,https://www.zeptonow.com/pn/pintola-creamy-high-protein-peanut-butter-dark-chocolate/pvid/19960443-d118-432e-9d30-5b17cc358703,"https://cdn.zeptonow.com/production/tr:w-1280,ar-1200-1200,pr-true,f-auto,q-80/cms/product_variant/453ee3f1-96b4-45c6-9854-47bc21957623.jpeg"
Breakfast & Sauces,Peanut Butter,"https://cdn.zeptonow.com/production/tr:w-90,ar-120-120,pr-true,f-auto,q-80/cms/sub_category/157.png",MyFitness Original Peanut Butter Crunchy Spread | High Protein,MyFitness,513,649,1.25 kg,4.4 (2.0k),In Stock,https://www.zeptonow.com/pn/myfitness-original-peanut-butter-crunchy-spread-high-protein/pvid/e039d2a0-54de-40e7-8c21-d60e0421cf7c,"https://cdn.zeptonow.com/production/tr:w-1280,ar-1080-1080,pr-true,f-auto,q-80/cms/product_variant/7ac0deab-4d83-4e4f-9c91-c231984e83c9.jpeg"
Breakfast & Sauces,Peanut Butter,"https://cdn.zeptonow.com/production/tr:w-90,ar-120-120,pr-true,f-auto,q-80/cms/sub_category/157.png",Pintola Crunchy High Protein Peanut Butter Dark Chocolate,Pintola,655,749,1 kg,4.7 (636),In Stock,https://www.zeptonow.com/pn/pintola-crunchy-high-protein-peanut-butter-dark-chocolate/pvid/94c7eb02-b8b6-4f53-a8a4-d671a07c5c72,"https://cdn.zeptonow.com/production/tr:w-1280,ar-1200-1200,pr-true,f-auto,q-80/cms/product_variant/2d9066ee-a082-49fc-ab4f-8dd7c1fbc449.jpeg"
Breakfast & Sauces,Peanut Butter,"https://cdn.zeptonow.com/production/tr:w-90,ar-120-120,pr-true,f-auto,q-80/cms/sub_category/157.png",MyFitness Chocolate Peanut Butter Crispy Spread | High Protein,MyFitness,519,689,1.2 kg,4.4 (1.7k),In Stock,https://www.zeptonow.com/pn/myfitness-chocolate-peanut-butter-crispy-spread-high-protein/pvid/32ede2f2-2f80-4a19-a571-f1e373e86516,"https://cdn.zeptonow.com/production/tr:w-1280,ar-1200-1200,pr-true,f-auto,q-80/cms/product_variant/52430dda-d994-4ac7-8e88-ed28802f5904.jpeg"
Breakfast & Sauces,Peanut Butter,"https://cdn.zeptonow.com/production/tr:w-90,ar-120-120,pr-true,f-auto,q-80/cms/sub_category/157.png",MyFitness Original Peanut Butter Smooth Spread | High Protein,MyFitness,546,649,1.25 kg,4.6 (1.1k),In Stock,https://www.zeptonow.com/pn/myfitness-original-peanut-butter-smooth-spread-high-protein/pvid/50d65713-9ce7-41a3-ab95-8817431fb73d,"https://cdn.zeptonow.com/production/tr:w-1280,ar-1080-1080,pr-true,f-auto,q-80/cms/product_variant/d3c04778-f483-4062-bad9-3a9c91f9b29e.jpeg"
Breakfast & Sauces,Peanut Butter,"https://cdn.zeptonow.com/production/tr:w-90,ar-120-120,pr-true,f-auto,q-80/cms/sub_category/157.png",Pintola Dark Chocolate Peanut Butter,Pintola,182,199,350 g,4.6 (6.7k),In Stock,https://www.zeptonow.com/pn/pintola-dark-chocolate-peanut-butter/pvid/98106945-1dac-43c8-bd62-c5a48e977622,"https://cdn.zeptonow.com/production/tr:w-1280,ar-1200-1200,pr-true,f-auto,q-80/cms/product_variant/18070de4-c186-414b-a5a9-e4d9cc7e8c6a.jpeg"
Breakfast & Sauces,Peanut Butter,"https://cdn.zeptonow.com/production/tr:w-90,ar-120-120,pr-true,f-auto,q-80/cms/sub_category/157.png",Pintola High Protein Dark Chocolate Peanut Butter - Crunchy,Pintola,342,399,510 g,4.4 (1.3k),In Stock,https://www.zeptonow.com/pn/pintola-high-protein-dark-chocolate-peanut-butter-crunchy/pvid/c6559fec-bdd4-426d-8373-39332f8da872,"https://cdn.zeptonow.com/production/tr:w-1280,ar-1200-1200,pr-true,f-auto,q-80/cms/product_variant/ddc6ef13-1a40-42f0-a0b5-3496ccc994eb.jpeg"
Breakfast & Sauces,Peanut Butter,"https://cdn.zeptonow.com/production/tr:w-90,ar-120-120,pr-true,f-auto,q-80/cms/sub_category/157.png",MyFitness Chocolate Peanut Butter Smooth Spread | High Protein,MyFitness,265,339,510 g,4.6 (1.3k),In Stock,https://www.zeptonow.com/pn/myfitness-chocolate-peanut-butter-smooth-spread-high-protein/pvid/ae141079-a3ea-4008-9cb3-6b997249cda0,"https://cdn.zeptonow.com/production/tr:w-1280,ar-1080-1080,pr-true,f-auto,q-80/cms/product_variant/5c7bd954-73a8-44af-9193-ec8f050208de.jpeg"
Breakfast & Sauces,Peanut Butter,"https://cdn.zeptonow.com/production/tr:w-90,ar-120-120,pr-true,f-auto,q-80/cms/sub_category/157.png",Pintola All Natural Peanut Butter Creamy,Pintola,389,449,1 kg,4.4 (1.3k),In Stock,https://www.zeptonow.com/pn/pintola-all-natural-peanut-butter-creamy/pvid/5d08c30d-4c6b-41b8-9570-2054837de72b,"https://cdn.zeptonow.com/production/tr:w-1280,ar-1200-1200,pr-true,f-auto,q-80/cms/product_variant/acc36173-a5b2-4dee-a738-eff884c047ce.jpeg"
Breakfast & Sauces,Peanut Butter,"https://cdn.zeptonow.com/production/tr:w-90,ar-120-120,pr-true,f-auto,q-80/cms/sub_category/157.png",Pintola Organic Unsweetened Peanut Butter Creamy - High Protein 30G & 9G Dietary Fiber,Pintola,182,199,350 g,4.9 (163),In Stock,https://www.zeptonow.com/pn/pintola-organic-unsweetened-peanut-butter-creamy-high-protein-30g-9g-dietary-fiber/pvid/2c4dcb3e-c6f2-400e-af91-9abf84e7fb2a,"https://cdn.zeptonow.com/production/tr:w-1280,ar-1501-1501,pr-true,f-auto,q-80/cms/product_variant/53ab748a-537d-4744-9acb-dfb6ece146f7.jpeg"
Breakfast & Sauces,Peanut Butter,"https://cdn.zeptonow.com/production/tr:w-90,ar-120-120,pr-true,f-auto,q-80/cms/sub_category/157.png",MyFitness High Protein Dark Chocolate Peanut Butter Crunchy Spread,MyFitness,344,399,510 g,4.1 (588),In Stock,https://www.zeptonow.com/pn/myfitness-high-protein-dark-chocolate-peanut-butter-crunchy-spread/pvid/4e5db534-6cf9-453a-a00a-9adf24f1c210,"https://cdn.zeptonow.com/production/tr:w-1280,ar-1000-1000,pr-true,f-auto,q-80/cms/product_variant/1e1c2f80-ef39-4b0c-b67b-213cac2d6d35.jpeg"
Breakfast & Sauces,Peanut Butter,"https://cdn.zeptonow.com/production/tr:w-90,ar-120-120,pr-true,f-auto,q-80/cms/sub_category/157.png",MyFitness Chocolate Peanut Butter with Almond Crunch | High Protein,MyFitness,346,419,510 g,4.4 (660),In Stock,https://www.zeptonow.com/pn/myfitness-chocolate-peanut-butter-with-almond-crunch-high-protein/pvid/1f826327-d5a8-4b7f-b023-08225fd5414c,"https://cdn.zeptonow.com/production/tr:w-1280,ar-1200-1200,pr-true,f-auto,q-80/cms/product_variant/45347b5a-c801-4a30-9f08-687099b6be95.jpeg"
Breakfast & Sauces,Peanut Butter,"https://cdn.zeptonow.com/production/tr:w-90,ar-120-120,pr-true,f-auto,q-80/cms/sub_category/157.png",MyFitness Original Peanut Butter Smooth Spread | High Protein,MyFitness,146,169,227 g,4.8 (317),In Stock,https://www.zeptonow.com/pn/myfitness-original-peanut-butter-smooth-spread-high-protein/pvid/a45a2b5c-ce3e-4bb8-9a7a-11b5e69847f6,"https://cdn.zeptonow.com/production/tr:w-1280,ar-1200-1200,pr-true,f-auto,q-80/cms/product_variant/a8014671-aa61-4ad6-83ab-4e3b84a19b86.jpeg"
Breakfast & Sauces,Peanut Butter,"https://cdn.zeptonow.com/production/tr:w-90,ar-120-120,pr-true,f-auto,q-80/cms/sub_category/157.png",Pintola Classic Peanut Butter - Creamy,Pintola,151,160,350 g,4.5 (2.0k),In Stock,https://www.zeptonow.com/pn/pintola-classic-peanut-butter-creamy/pvid/9348bcf9-261d-483f-8297-2e09d0e134b1,"https://cdn.zeptonow.com/production/tr:w-1280,ar-1200-1200,pr-true,f-auto,q-80/cms/product_variant/3435ccf3-8d78-4ae9-9675-e120f578c14d.jpeg"
Breakfast & Sauces,Peanut Butter,"https://cdn.zeptonow.com/production/tr:w-90,ar-120-120,pr-true,f-auto,q-80/cms/sub_category/157.png",Pintola Classic Peanut Butter Crunchy - Original American Recipe With High Protein Fiber,Pintola,151,160,350 g,4.5 (432),In Stock,https://www.zeptonow.com/pn/pintola-classic-peanut-butter-crunchy-original-american-recipe-with-high-protein-fiber/pvid/8db41451-3c4f-41cb-838a-7a4222b690cf,"https://cdn.zeptonow.com/production/tr:w-1280,ar-1500-1500,pr-true,f-auto,q-80/cms/product_variant/07246bd9-9621-4b85-86ff-4975b3e9259a.jpeg"
Breakfast & Sauces,Peanut Butter,"https://cdn.zeptonow.com/production/tr:w-90,ar-120-120,pr-true,f-auto,q-80/cms/sub_category/157.png",MyFitness Orange Peanut Butter Crunchy Spread,MyFitness,301,349,510 g,4 (201),In Stock,https://www.zeptonow.com/pn/myfitness-orange-peanut-butter-crunchy-spread/pvid/102e6fe7-b2dd-4397-a8f6-2c627d92259f,"https://cdn.zeptonow.com/production/tr:w-1280,ar-1200-1200,pr-true,f-auto,q-80/cms/product_variant/02c17b3a-8a5f-40cc-ad66-2865e80d4f60.jpeg"
Breakfast & Sauces,Peanut Butter,"https://cdn.zeptonow.com/production/tr:w-90,ar-120-120,pr-true,f-auto,q-80/cms/sub_category/157.png",Sundrop Peanut Butter With Honey - Crunchy,Sundrop,73,99,300 g,4.6 (18.0k),In Stock,https://www.zeptonow.com/pn/sundrop-peanut-butter-with-honey-crunchy/pvid/90805fbc-8faa-43ed-9031-2ceba111fe0b,"https://cdn.zeptonow.com/production/tr:w-1280,ar-4167-4167,pr-true,f-auto,q-80/inventory/product/d6fff337-2326-4d29-a9ac-d997916a94fd-/tmp/20231020-1417061.jpeg"
Breakfast & Sauces,Peanut Butter,"https://cdn.zeptonow.com/production/tr:w-90,ar-120-120,pr-true,f-auto,q-80/cms/sub_category/157.png",Disano Chocolate Peanut Butter Crunchy,Disano,264,550,924 g,4.3 (253),In Stock,https://www.zeptonow.com/pn/disano-chocolate-peanut-butter-crunchy/pvid/dc400a67-903d-48c8-9a91-5f9407437054,"https://cdn.zeptonow.com/production/tr:w-1280,ar-2000-2000,pr-true,f-auto,q-80/cms/product_variant/9c93f12d-ff7f-45cf-937c-ff2e80cf5a7f.jpg"
Breakfast & Sauces,Peanut Butter,"https://cdn.zeptonow.com/production/tr:w-90,ar-120-120,pr-true,f-auto,q-80/cms/sub_category/157.png",Sundrop Peanut Butter - Crunchy,Sundrop,259,295,924 g,4.6 (2.7k),In Stock,https://www.zeptonow.com/pn/sundrop-peanut-butter-crunchy/pvid/af130679-df13-47d2-99c8-1b4b85cdffa9,"https://cdn.zeptonow.com/production/tr:w-1280,ar-1200-1200,pr-true,f-auto,q-80/cms/product_variant/618da48c-851a-4c1b-a290-4c0163f3eaa0.jpeg"
Breakfast & Sauces,Peanut Butter,"https://cdn.zeptonow.com/production/tr:w-90,ar-120-120,pr-true,f-auto,q-80/cms/sub_category/157.png",Sundrop Peanut Butter Crunchy,Sundrop,140,150,462 g,4.6 (2.1k),In Stock,https://www.zeptonow.com/pn/sundrop-peanut-butter-crunchy/pvid/31166c42-c37c-4b78-8ef7-196e66e80c33,"https://cdn.zeptonow.com/production/tr:w-1280,ar-1500-1500,pr-true,f-auto,q-80/cms/product_variant/c332917e-dd0d-4795-b109-546a84e423ea.jpeg"
Breakfast & Sauces,Peanut Butter,"https://cdn.zeptonow.com/production/tr:w-90,ar-120-120,pr-true,f-auto,q-80/cms/sub_category/157.png",Sundrop Peanut Butter - Creamy Jar,Sundrop,262,295,924 g,4.5 (1.3k),In Stock,https://www.zeptonow.com/pn/sundrop-peanut-butter-creamy-jar/pvid/fe1db8af-fad9-45f9-be6f-acf7277bc43c,"https://cdn.zeptonow.com/production/tr:w-1280,ar-1200-1200,pr-true,f-auto,q-80/cms/product_variant/ef5e274e-3787-4afa-bdb8-eb1f3d303ab1.jpeg"
Breakfast & Sauces,Peanut Butter,"https://cdn.zeptonow.com/production/tr:w-90,ar-120-120,pr-true,f-auto,q-80/cms/sub_category/157.png",Disano Chocolate Peanut Butter Creamy,Disano,264,550,924 g,4.3 (224),In Stock,https://www.zeptonow.com/pn/disano-chocolate-peanut-butter-creamy/pvid/46fa12a4-69ad-46c0-9762-1fd121cdf73f,"https://cdn.zeptonow.com/production/tr:w-1280,ar-2000-2000,pr-true,f-auto,q-80/cms/product_variant/7d29fa55-c076-4cce-b05a-8b3126c5631b.jpg"
Breakfast & Sauces,Peanut Butter,"https://cdn.zeptonow.com/production/tr:w-90,ar-120-120,pr-true,f-auto,q-80/cms/sub_category/157.png",Disano Chocolate Peanut Butter Creamy,Disano,128,250,350 g,4.5 (230),In Stock,https://www.zeptonow.com/pn/disano-chocolate-peanut-butter-creamy/pvid/a85e54d1-8a65-4e77-9247-9b91383884a4,"https://cdn.zeptonow.com/production/tr:w-1280,ar-1400-1400,pr-true,f-auto,q-80/cms/product_variant/3980c7a0-2acf-4233-8958-715c8b87d19b.jpg"
Breakfast & Sauces,Peanut Butter,"https://cdn.zeptonow.com/production/tr:w-90,ar-120-120,pr-true,f-auto,q-80/cms/sub_category/157.png",Peanut Butter Dark Chocolate Creamy,Peanut,221,294,400 g,4 (381),In Stock,https://www.zeptonow.com/pn/peanut-butter-dark-chocolate-creamy/pvid/95887be9-eed9-4d58-9e9d-926a57eadb34,"https://cdn.zeptonow.com/production/tr:w-1280,ar-2000-2000,pr-true,f-auto,q-80/cms/product_variant/823e81c6-3c13-409b-85ad-3056eafe8467.jpg"
Breakfast & Sauces,Peanut Butter,"https://cdn.zeptonow.com/production/tr:w-90,ar-120-120,pr-true,f-auto,q-80/cms/sub_category/157.png","DiSano Natural Peanut Butter - Crunchy, Unsweetened, 28.3% Protein, No Added Sugar,100% Peanut",Disano,262,500,1 kg,3.9 (1.0k),In Stock,https://www.zeptonow.com/pn/disano-natural-peanut-butter-crunchy-unsweetened-283-protein-no-added-sugar100-peanut/pvid/bb8417ab-2a00-44b3-af3f-e525ee3f8026,"https://cdn.zeptonow.com/production/tr:w-1280,ar-1200-1200,pr-true,f-auto,q-80/cms/product_variant/30158342-bcca-41a4-aa3f-4dfccd651a51.jpeg"
Breakfast & Sauces,Peanut Butter,"https://cdn.zeptonow.com/production/tr:w-90,ar-120-120,pr-true,f-auto,q-80/cms/sub_category/157.png","Disano Peanut Butter - Creamy, 26% Protein, No Trans Fat & Preservatives",Disano,116,149,350 g,4.1 (747),In Stock,https://www.zeptonow.com/pn/disano-peanut-butter-creamy-26-protein-no-trans-fat-preservatives/pvid/d9cf9282-fa8e-47de-9bfe-f3f5e96e3e9e,"https://cdn.zeptonow.com/production/tr:w-1280,ar-1200-1200,pr-true,f-auto,q-80/cms/product_variant/c6bb72f3-5537-469b-9702-de5a5eee7188.jpeg"
Breakfast & Sauces,Peanut Butter,"https://cdn.zeptonow.com/production/tr:w-90,ar-120-120,pr-true,f-auto,q-80/cms/sub_category/157.png","DiSano Natural Peanut Butter - Creamy, Unsweetened, 28.3% Protein, No Added Sugar,100% Peanut",Disano,249,500,1 kg,4.6 (670),In Stock,https://www.zeptonow.com/pn/disano-natural-peanut-butter-creamy-unsweetened-283-protein-no-added-sugar100-peanut/pvid/e9f3bde6-e2b8-478f-8284-a93b5246623f,"https://cdn.zeptonow.com/production/tr:w-1280,ar-1200-1200,pr-true,f-auto,q-80/cms/product_variant/31051365-4670-4b2f-b0c4-35286e19e80b.jpeg"
Breakfast & Sauces,Peanut Butter,"https://cdn.zeptonow.com/production/tr:w-90,ar-120-120,pr-true,f-auto,q-80/cms/sub_category/157.png","Disano Peanut Butter - Crunchy, 26% Protein, No Trans Fat & Preservatives",Disano,199,399,924 g,4.6 (2.2k),In Stock,https://www.zeptonow.com/pn/disano-peanut-butter-crunchy-26-protein-no-trans-fat-preservatives/pvid/f727750a-d453-4a78-bd17-c390337128b9,"https://cdn.zeptonow.com/production/tr:w-1280,ar-1200-1200,pr-true,f-auto,q-80/cms/product_variant/a11bd61f-f05d-4ea6-9fbb-61619ce61243.jpeg"
Breakfast & Sauces,Peanut Butter,"https://cdn.zeptonow.com/production/tr:w-90,ar-120-120,pr-true,f-auto,q-80/cms/sub_category/157.png","Disano Peanut Butter - Creamy, 26% Protein, No Trans Fat & Preservatives",Disano,199,399,924 g,4.5 (1.2k),In Stock,https://www.zeptonow.com/pn/disano-peanut-butter-creamy-26-protein-no-trans-fat-preservatives/pvid/46c98c98-0e2a-4dc4-b5f2-e5cc3030d18c,"https://cdn.zeptonow.com/production/tr:w-1280,ar-1200-1200,pr-true,f-auto,q-80/cms/product_variant/f05953e6-8d1a-42ea-ae78-1e985603ce33.jpeg"
Breakfast & Sauces,Peanut Butter,"https://cdn.zeptonow.com/production/tr:w-90,ar-120-120,pr-true,f-auto,q-80/cms/sub_category/157.png",Peanut Butter Dark Chocolate Crunchy,Peanut,223,320,400 g,4.3 (531),In Stock,https://www.zeptonow.com/pn/peanut-butter-dark-chocolate-crunchy/pvid/4ffe4c41-e080-42a7-8a51-9a6d1c0c6e9a,"https://cdn.zeptonow.com/production/tr:w-1280,ar-1600-1600,pr-true,f-auto,q-80/cms/product_variant/399df0f6-90d9-43e8-be85-e85dc571c63e.jpeg"
Breakfast & Sauces,Peanut Butter,"https://cdn.zeptonow.com/production/tr:w-90,ar-120-120,pr-true,f-auto,q-80/cms/sub_category/157.png","Disano Peanut Butter - Crunchy, 26% Protein, No Trans Fat & Preservatives",Disano,99,149,350 g,4.8 (548),In Stock,https://www.zeptonow.com/pn/disano-peanut-butter-crunchy-26-protein-no-trans-fat-preservatives/pvid/ba5c7834-d0c6-42ac-8954-db27a9a78907,"https://cdn.zeptonow.com/production/tr:w-1280,ar-1200-1200,pr-true,f-auto,q-80/cms/product_variant/d1adc958-9383-47fc-97fe-37f23f425ef3.jpeg"
Breakfast & Sauces,Peanut Butter,"https://cdn.zeptonow.com/production/tr:w-90,ar-120-120,pr-true,f-auto,q-80/cms/sub_category/157.png",Dr. Oetker FunFoods Peanut Butter Creamy,Dr.,138,139,375 g,4.7 (1.3k),In Stock,https://www.zeptonow.com/pn/dr-oetker-funfoods-peanut-butter-creamy/pvid/85f9a579-c77b-4802-b0e9-7f0a2f2d75de,"https://cdn.zeptonow.com/production/tr:w-1280,ar-1000-1000,pr-true,f-auto,q-80/cms/product_variant/16f39c90-9f0d-4ef7-a05d-9fe11b6cadb8.jpeg"
Breakfast & Sauces,Peanut Butter,"https://cdn.zeptonow.com/production/tr:w-90,ar-120-120,pr-true,f-auto,q-80/cms/sub_category/157.png",Dr Oetker FunFOODs High Protein Peanut Butter Banana Smooth,Dr,360,399,500 g,4.6 (541),In Stock,https://www.zeptonow.com/pn/dr-oetker-funfoods-high-protein-peanut-butter-banana-smooth/pvid/91601757-095f-408c-aa5d-e0183fccc79b,"https://cdn.zeptonow.com/production/tr:w-1280,ar-1000-1000,pr-true,f-auto,q-80/cms/product_variant/2275b19d-6afd-48c7-b328-1164e2869cc0.jpg"
Breakfast & Sauces,Peanut Butter,"https://cdn.zeptonow.com/production/tr:w-90,ar-120-120,pr-true,f-auto,q-80/cms/sub_category/157.png",Dr Oetker FunFOODs High Protein Peanut Butter Banana Crunchy,Dr,360,399,500 g,4.5 (295),In Stock,https://www.zeptonow.com/pn/dr-oetker-funfoods-high-protein-peanut-butter-banana-crunchy/pvid/06f72bf6-9e9e-47ee-965a-d03deb002f76,"https://cdn.zeptonow.com/production/tr:w-1280,ar-1000-1000,pr-true,f-auto,q-80/cms/product_variant/7bdca3a5-59cd-4fd0-b114-3d17b8c8aef8.jpg"
Breakfast & Sauces,Peanut Butter,"https://cdn.zeptonow.com/production/tr:w-90,ar-120-120,pr-true,f-auto,q-80/cms/sub_category/157.png",Dr Oetker FunFOODs High Protein Peanut Butter Dark Chocolate Smooth,Dr,360,399,500 g,4.2 (56),In Stock,https://www.zeptonow.com/pn/dr-oetker-funfoods-high-protein-peanut-butter-dark-chocolate-smooth/pvid/98152352-1b7e-45eb-a2a7-06fbdb935cc7,"https://cdn.zeptonow.com/production/tr:w-1280,ar-1000-1000,pr-true,f-auto,q-80/cms/product_variant/fc2e8dee-3f81-40e0-8637-10c28e80ead7.jpg"
Breakfast & Sauces,Peanut Butter,"https://cdn.zeptonow.com/production/tr:w-90,ar-120-120,pr-true,f-auto,q-80/cms/sub_category/157.png",Dr Oetker FunFOODs High Protein Peanut Butter Dark Chocolate Crunchy,Dr,360,399,500 g,4.8 (59),In Stock,https://www.zeptonow.com/pn/dr-oetker-funfoods-high-protein-peanut-butter-dark-chocolate-crunchy/pvid/a1120d88-3060-4abc-9846-6fd26823c888,"https://cdn.zeptonow.com/production/tr:w-1280,ar-1000-1000,pr-true,f-auto,q-80/cms/product_variant/3647e130-071d-4304-8118-cb6a693c7555.jpg"
Breakfast & Sauces,Peanut Butter,"https://cdn.zeptonow.com/production/tr:w-90,ar-120-120,pr-true,f-auto,q-80/cms/sub_category/157.png",Sundrop Peanut Butter With Honey - Crunchy 300 g Combo,Sundrop,136,198,300 g X 2,4.5 (402),In Stock,https://www.zeptonow.com/pn/sundrop-peanut-butter-with-honey-crunchy-300-g-combo/pvid/0bd92daa-7729-48b9-a9b8-eb74562fbce9,"https://cdn.zeptonow.com/production/tr:w-1280,ar-1500-1500,pr-true,f-auto,q-80/cms/product_variant/3eec5fd4-ae06-47de-afb9-b732aed4c673.jpg"
Breakfast & Sauces,Peanut Butter,"https://cdn.zeptonow.com/production/tr:w-90,ar-120-120,pr-true,f-auto,q-80/cms/sub_category/157.png",Pintola Crunchy High Protein Peanut Butter Dark Chocolate 1 kg Combo,Pintola,1250,1498,1 kg X 2,4.3 (75),In Stock,https://www.zeptonow.com/pn/pintola-crunchy-high-protein-peanut-butter-dark-chocolate-1-kg-combo/pvid/51992d51-2040-4860-ae16-7fab5b4c2431,"https://cdn.zeptonow.com/production/tr:w-1280,ar-1176-1176,pr-true,f-auto,q-80/cms/product_variant/69eca17e-4942-4f30-9470-ede28229223a.jpeg"
Breakfast & Sauces,Peanut Butter,"https://cdn.zeptonow.com/production/tr:w-90,ar-120-120,pr-true,f-auto,q-80/cms/sub_category/157.png",MyFitness Original Peanut Butter Smooth Spread | High Protein Combo,MyFitness,276,338,227 g X 2,4.4 (805),In Stock,https://www.zeptonow.com/pn/myfitness-original-peanut-butter-smooth-spread-high-protein-combo/pvid/2f90b987-2439-4fb5-b17f-035a5633b224,"https://cdn.zeptonow.com/production/tr:w-1280,ar-1200-1200,pr-true,f-auto,q-80/cms/product_variant/a368c506-dbc2-4bc7-85b6-4ec396fdfffc.jpg"
Breakfast & Sauces,Peanut Butter,"https://cdn.zeptonow.com/production/tr:w-90,ar-120-120,pr-true,f-auto,q-80/cms/sub_category/157.png",Myfitness Chocolate Peanut Butter Smooth(510gms) & Myfitness Chocolate Peanut Butter Crispy(510gms) Combo,Myfitness,533,678,2 combo,4.2 (659),In Stock,https://www.zeptonow.com/pn/myfitness-chocolate-peanut-butter-smooth510gms-myfitness-chocolate-peanut-butter-crispy510gms-combo/pvid/69ad9dba-ed2b-412b-b691-0fd617f50261,"https://cdn.zeptonow.com/production/tr:w-1280,ar-1494-1494,pr-true,f-auto,q-80/cms/product_variant/c5695d90-2eb0-410d-b021-146a3fcf3623.jpg"
Breakfast & Sauces,Peanut Butter,"https://cdn.zeptonow.com/production/tr:w-90,ar-120-120,pr-true,f-auto,q-80/cms/sub_category/157.png",Dr. Oetker FunFoods Peanut Butter Crunchy,Dr.,169,199,750 g,4.5 (5.3k),Sold Out,https://www.zeptonow.com/pn/dr-oetker-funfoods-peanut-butter-crunchy/pvid/6cf3b86a-cb60-4d48-9e45-e7e1442ddc58,"https://cdn.zeptonow.com/production/tr:w-1280,ar-1000-1000,pr-true,f-auto,q-80/cms/product_variant/995c1fe7-d7ab-4e1e-8ac4-6bb409d1184e.jpeg"
Breakfast & Sauces,Peanut Butter,"https://cdn.zeptonow.com/production/tr:w-90,ar-120-120,pr-true,f-auto,q-80/cms/sub_category/157.png",MyFitness Original Peanut Butter Crunchy Spread | High Protein,MyFitness,272,320,510 g,4.4 (3.1k),Sold Out,https://www.zeptonow.com/pn/myfitness-original-peanut-butter-crunchy-spread-high-protein/pvid/b6f67ed0-b0a3-4354-b1c4-b642edf2ff3c,"https://cdn.zeptonow.com/production/tr:w-1280,ar-1080-1080,pr-true,f-auto,q-80/cms/product_variant/312fe85f-7edb-4976-b856-aa5ca855baec.jpeg"
Breakfast & Sauces,Peanut Butter,"https://cdn.zeptonow.com/production/tr:w-90,ar-120-120,pr-true,f-auto,q-80/cms/sub_category/157.png","MyFitness All Natural Peanut Butter Crunchy Spread | No Sugar, High Protein",MyFitness,276,320,510 g,4.4 (1.7k),Sold Out,https://www.zeptonow.com/pn/myfitness-all-natural-peanut-butter-crunchy-spread-no-sugar-high-protein/pvid/03f6de2b-5c1b-4398-962a-a6f3e96d0ec9,"https://cdn.zeptonow.com/production/tr:w-1280,ar-1200-1200,pr-true,f-auto,q-80/cms/product_variant/7290c834-9191-4378-9322-91d70e41ed66.jpeg"
Breakfast & Sauces,Peanut Butter,"https://cdn.zeptonow.com/production/tr:w-90,ar-120-120,pr-true,f-auto,q-80/cms/sub_category/157.png",MyFitness High Protein Dark Chocolate Peanut Butter Crispy Spread,MyFitness,579,689,1 kg,4.6 (1.2k),Sold Out,https://www.zeptonow.com/pn/myfitness-high-protein-dark-chocolate-peanut-butter-crispy-spread/pvid/9cbcbdea-f766-4f74-9f95-34f8606886d8,"https://cdn.zeptonow.com/production/tr:w-1280,ar-1080-1080,pr-true,f-auto,q-80/cms/product_variant/5000281e-48f0-45e0-8baf-86ff78a7e89e.jpeg"
Breakfast & Sauces,Peanut Butter,"https://cdn.zeptonow.com/production/tr:w-90,ar-120-120,pr-true,f-auto,q-80/cms/sub_category/157.png",MyFitness Chocolate Peanut Butter Smooth Spread | High Protein,MyFitness,579,689,1.25 kg,4.6 (1.5k),Sold Out,https://www.zeptonow.com/pn/myfitness-chocolate-peanut-butter-smooth-spread-high-protein/pvid/e0692086-9fc9-4613-889a-39741e64e399,"https://cdn.zeptonow.com/production/tr:w-1280,ar-1200-1200,pr-true,f-auto,q-80/cms/product_variant/a8608074-2b6d-4b77-a315-5d8d9638d926.jpeg"
Breakfast & Sauces,Peanut Butter,"https://cdn.zeptonow.com/production/tr:w-90,ar-120-120,pr-true,f-auto,q-80/cms/sub_category/157.png",Pintola All Natural Peanut Butter Crunchy,Pintola,389,449,1 kg,4.6 (3.1k),Sold Out,https://www.zeptonow.com/pn/pintola-all-natural-peanut-butter-crunchy/pvid/58b1451e-7330-4886-a914-724616c8d9ca,"https://cdn.zeptonow.com/production/tr:w-1280,ar-1200-1200,pr-true,f-auto,q-80/cms/product_variant/bde3fa23-d3e5-4ca5-90e6-a457a2678d97.jpeg"
Breakfast & Sauces,Peanut Butter,"https://cdn.zeptonow.com/production/tr:w-90,ar-120-120,pr-true,f-auto,q-80/cms/sub_category/157.png",MyFitness High Protein Dark Chocolate Peanut Butter Crispy Spread,MyFitness,340,399,510 g,4.6 (1.2k),Sold Out,https://www.zeptonow.com/pn/myfitness-high-protein-dark-chocolate-peanut-butter-crispy-spread/pvid/cf7bfead-3f0d-443d-b7ae-714871d22485,"https://cdn.zeptonow.com/production/tr:w-1280,ar-1080-1080,pr-true,f-auto,q-80/cms/product_variant/0ddf2727-5233-4fed-bac9-5a5034fad2ce.jpeg"
Breakfast & Sauces,Peanut Butter,"https://cdn.zeptonow.com/production/tr:w-90,ar-120-120,pr-true,f-auto,q-80/cms/sub_category/157.png",Pintola Organic Unsweetened Peanut Butter Crunchy - High Protein 30G & 9G Dietary Fiber,Pintola,182,199,350 g,4.3 (183),Sold Out,https://www.zeptonow.com/pn/pintola-organic-unsweetened-peanut-butter-crunchy-high-protein-30g-9g-dietary-fiber/pvid/b82cbf0e-8e9c-4b51-ac35-7efa43e723b2,"https://cdn.zeptonow.com/production/tr:w-1280,ar-1500-1500,pr-true,f-auto,q-80/cms/product_variant/393b0fb9-3820-42db-8d9b-47ab9caaf386.jpeg"
Breakfast & Sauces,Peanut Butter,"https://cdn.zeptonow.com/production/tr:w-90,ar-120-120,pr-true,f-auto,q-80/cms/sub_category/157.png",Pintola All Natural Peanut Butter - Crunchy,Pintola,156,175,350 g,4.5 (7.4k),Sold Out,https://www.zeptonow.com/pn/pintola-all-natural-peanut-butter-crunchy/pvid/a2b3f4dd-5c83-472b-801c-158e2845231d,"https://cdn.zeptonow.com/production/tr:w-1280,ar-1200-1200,pr-true,f-auto,q-80/cms/product_variant/2546f913-d5d7-49e5-9fb0-0865613ce857.jpeg"
Breakfast & Sauces,Peanut Butter,"https://cdn.zeptonow.com/production/tr:w-90,ar-120-120,pr-true,f-auto,q-80/cms/sub_category/157.png",Pintola Peanut Butter Chocolate Flavour Crunchy - 18.6G Protein & 5.2G Dietary Fiber,Pintola,177,199,350 g,4.4 (824),Sold Out,https://www.zeptonow.com/pn/pintola-peanut-butter-chocolate-flavour-crunchy-186g-protein-52g-dietary-fiber/pvid/eff08452-16c9-48f7-aba0-8544d345427d,"https://cdn.zeptonow.com/production/tr:w-1280,ar-1500-1500,pr-true,f-auto,q-80/cms/product_variant/d6847e84-5aae-4a84-a712-4cfa8dbb5fc3.jpeg"
Breakfast & Sauces,Peanut Butter,"https://cdn.zeptonow.com/production/tr:w-90,ar-120-120,pr-true,f-auto,q-80/cms/sub_category/157.png","MyFitness All Natural Peanut Butter Smooth Spread | No Sugar, High Protein",MyFitness,276,320,510 g,4.2 (1.1k),Sold Out,https://www.zeptonow.com/pn/myfitness-all-natural-peanut-butter-smooth-spread-no-sugar-high-protein/pvid/ae7a3e61-06ee-45f1-a20b-a67ab63138f6,"https://cdn.zeptonow.com/production/tr:w-1280,ar-1200-1200,pr-true,f-auto,q-80/cms/product_variant/4cefbb9b-b477-42e1-a83e-c0011bd0b621.jpeg"
Breakfast & Sauces,Peanut Butter,"https://cdn.zeptonow.com/production/tr:w-90,ar-120-120,pr-true,f-auto,q-80/cms/sub_category/157.png","Pintola All Natural Peanut Butter, Extra Crunchy, Unsweetened, 30g Protein, Vegan, Gluten Free",Pintola,158,175,350 g,4 (229),Sold Out,https://www.zeptonow.com/pn/pintola-all-natural-peanut-butter-extra-crunchy-unsweetened-30g-protein-vegan-gluten-free/pvid/474cc4d2-f41e-4c7c-b6c1-ee1beb063e52,"https://cdn.zeptonow.com/production/tr:w-1280,ar-1500-1500,pr-true,f-auto,q-80/cms/product_variant/69a850ae-0fd4-4796-8727-877e2eb1381b.jpeg"
Breakfast & Sauces,Peanut Butter,"https://cdn.zeptonow.com/production/tr:w-90,ar-120-120,pr-true,f-auto,q-80/cms/sub_category/157.png",Be.anut High Protein Dark Chocolate Peanut Butter - Crunchy,Be.anut,786,799,1 kg,4.4 (165),Sold Out,https://www.zeptonow.com/pn/beanut-high-protein-dark-chocolate-peanut-butter-crunchy/pvid/63459994-dcab-4941-99fa-4f38d6e3ea0f,"https://cdn.zeptonow.com/production/tr:w-1280,ar-1000-1000,pr-true,f-auto,q-80/cms/product_variant/d3fe4f2a-70b2-4675-af40-c2f1b55fe1e3.jpg"
Breakfast & Sauces,Peanut Butter,"https://cdn.zeptonow.com/production/tr:w-90,ar-120-120,pr-true,f-auto,q-80/cms/sub_category/157.png",MuscleBlaze Chocolate Peanut Butter (Crunchy),MuscleBlaze,475,499,1 kg,4.8 (936),Sold Out,https://www.zeptonow.com/pn/muscleblaze-chocolate-peanut-butter-crunchy/pvid/b03252f0-1f7e-4c0d-943f-d31cf29810d3,"https://cdn.zeptonow.com/production/tr:w-1280,ar-1000-1000,pr-true,f-auto,q-80/cms/product_variant/9376426e-5acf-49c8-bb67-382fbe41908a.jpeg"
Breakfast & Sauces,Peanut Butter,"https://cdn.zeptonow.com/production/tr:w-90,ar-120-120,pr-true,f-auto,q-80/cms/sub_category/157.png",Fitspire Peanut Butter Cookie Cream,Fitspire,399,399,400 g,4.2 (362),Sold Out,https://www.zeptonow.com/pn/fitspire-peanut-butter-cookie-cream/pvid/e8e1451c-e5f7-45bd-b3d6-ee8510556dce,"https://cdn.zeptonow.com/production/tr:w-1280,ar-3126-3126,pr-true,f-auto,q-80/cms/product_variant/96cccbc0-82ce-4d6b-b27b-3596312932de.jpg"
Breakfast & Sauces,Peanut Butter,"https://cdn.zeptonow.com/production/tr:w-90,ar-120-120,pr-true,f-auto,q-80/cms/sub_category/157.png",Be.anut Natural Peanut Butter - Crunchy,Be.anut,499,499,1 kg,4.3 (222),Sold Out,https://www.zeptonow.com/pn/beanut-natural-peanut-butter-crunchy/pvid/34ecaed7-ab23-4155-86cf-fa8ac6889997,"https://cdn.zeptonow.com/production/tr:w-1280,ar-5600-5600,pr-true,f-auto,q-80/cms/product_variant/8085c1e3-165c-4a50-9701-0d5035a5456d.jpg"
Breakfast & Sauces,Peanut Butter,"https://cdn.zeptonow.com/production/tr:w-90,ar-120-120,pr-true,f-auto,q-80/cms/sub_category/157.png",Fitspire Peanut Butter Crunchy Chocolate,Fitspire,399,399,400 g,4.8 (72),Sold Out,https://www.zeptonow.com/pn/fitspire-peanut-butter-crunchy-chocolate/pvid/a6c3d203-a825-4178-bb17-6d85ee5519cc,"https://cdn.zeptonow.com/production/tr:w-1280,ar-3126-3126,pr-true,f-auto,q-80/cms/product_variant/da59b2df-a9f4-4657-b87c-fe048542e277.jpg"
Breakfast & Sauces,Peanut Butter,"https://cdn.zeptonow.com/production/tr:w-90,ar-120-120,pr-true,f-auto,q-80/cms/sub_category/157.png",Peanut Butter Pure,Peanut,216,269,400 g,4.6 (494),Sold Out,https://www.zeptonow.com/pn/peanut-butter-pure/pvid/ebebe491-6d29-40e1-95a5-263d81e34ec7,"https://cdn.zeptonow.com/production/tr:w-1280,ar-980-980,pr-true,f-auto,q-80/cms/product_variant/c516e701-2f42-45f7-a061-207249a928ac.jpeg"
Breakfast & Sauces,Peanut Butter,"https://cdn.zeptonow.com/production/tr:w-90,ar-120-120,pr-true,f-auto,q-80/cms/sub_category/157.png",Disano Chocolate Peanut Butter Crunchy,Disano,128,250,350 g,4.5 (193),Sold Out,https://www.zeptonow.com/pn/disano-chocolate-peanut-butter-crunchy/pvid/0b5fffb2-a2c3-4d45-888b-a7711b1bf09a,"https://cdn.zeptonow.com/production/tr:w-1280,ar-2000-2000,pr-true,f-auto,q-80/cms/product_variant/a59bdf17-96ee-438c-9ad0-3a66910d3773.jpg"
Breakfast & Sauces,Peanut Butter,"https://cdn.zeptonow.com/production/tr:w-90,ar-120-120,pr-true,f-auto,q-80/cms/sub_category/157.png",Kissan Creamy Peanut Butter | Made with India's Best Quality Peanuts | High Protein,Kissan,149,175,350 g,4.4 (1.9k),Sold Out,https://www.zeptonow.com/pn/kissan-creamy-peanut-butter-made-with-indias-best-quality-peanuts-high-protein/pvid/a85d633b-b490-4c33-9679-2101624ceb3b,"https://cdn.zeptonow.com/production/tr:w-1280,ar-2000-2000,pr-true,f-auto,q-80/cms/product_variant/8f70c9fd-5ab6-416e-ae2c-f9ad81abe33f.jpeg"
Breakfast & Sauces,Peanut Butter,"https://cdn.zeptonow.com/production/tr:w-90,ar-120-120,pr-true,f-auto,q-80/cms/sub_category/157.png",Be.Anut Honey Peanut Butter Creamy,Be.Anut,599,599,1 kg,4.8 (50),Sold Out,https://www.zeptonow.com/pn/beanut-honey-peanut-butter-creamy/pvid/29e18fd1-c7d9-4dfd-9291-090cb5316e10,"https://cdn.zeptonow.com/production/tr:w-1280,ar-6336-9504,pr-true,f-auto,q-80/cms/product_variant/05da189a-1bbc-4622-9436-1d17a9ca68ea.jpg"
Breakfast & Sauces,Peanut Butter,"https://cdn.zeptonow.com/production/tr:w-90,ar-120-120,pr-true,f-auto,q-80/cms/sub_category/157.png",Be.anut Natural Peanut Butter Creamy,Be.anut,499,499,1 kg,4.3 (380),Sold Out,https://www.zeptonow.com/pn/beanut-natural-peanut-butter-creamy/pvid/2df49f3d-51e9-4dc5-8dc8-ca31cd174485,"https://cdn.zeptonow.com/production/tr:w-1280,ar-5600-5600,pr-true,f-auto,q-80/cms/product_variant/c1a83b7e-0277-4f5c-b3e6-eb89ccb5634d.jpg"
Breakfast & Sauces,Peanut Butter,"https://cdn.zeptonow.com/production/tr:w-90,ar-120-120,pr-true,f-auto,q-80/cms/sub_category/157.png",Be.anut Regular Peanut Butter Creamy,Be.anut,423,459,1 kg,3.9 (62),Sold Out,https://www.zeptonow.com/pn/beanut-regular-peanut-butter-creamy/pvid/e46ba709-9412-470a-ac21-7a0786a08dab,"https://cdn.zeptonow.com/production/tr:w-1280,ar-5600-5600,pr-true,f-auto,q-80/cms/product_variant/ea2a97c4-19de-4c7b-a3ef-af8c8014598a.jpg"
Breakfast & Sauces,Peanut Butter,"https://cdn.zeptonow.com/production/tr:w-90,ar-120-120,pr-true,f-auto,q-80/cms/sub_category/157.png",Be.anut Natural Peanut Butter Creamy,Be.anut,299,299,510 g,3.9 (52),Sold Out,https://www.zeptonow.com/pn/beanut-natural-peanut-butter-creamy/pvid/c5f442c7-75c0-4d69-b429-5455f54de98a,"https://cdn.zeptonow.com/production/tr:w-1280,ar-5600-4859,pr-true,f-auto,q-80/cms/product_variant/fac83ede-f7f9-49a1-942b-8c0b1abe62b5.jpg"
Breakfast & Sauces,Peanut Butter,"https://cdn.zeptonow.com/production/tr:w-90,ar-120-120,pr-true,f-auto,q-80/cms/sub_category/157.png",Be.anut Dark Chocolate Peanut Butter Creamy,Be.anut,199,199,340 g,4.4 (155),Sold Out,https://www.zeptonow.com/pn/beanut-dark-chocolate-peanut-butter-creamy/pvid/be78b192-9d15-4ce2-8e7f-1ff14c1da6a9,"https://cdn.zeptonow.com/production/tr:w-1280,ar-5600-4859,pr-true,f-auto,q-80/cms/product_variant/88ee1959-d84b-4f01-94be-04a0d45ac944.jpg"
Breakfast & Sauces,Peanut Butter,"https://cdn.zeptonow.com/production/tr:w-90,ar-120-120,pr-true,f-auto,q-80/cms/sub_category/157.png",Be.anut Regular Peanut Butter Crunchy,Be.anut,459,459,1 kg,4.2 (64),Sold Out,https://www.zeptonow.com/pn/beanut-regular-peanut-butter-crunchy/pvid/20001b4f-9e31-4fb2-911e-81c5442cc4d2,"https://cdn.zeptonow.com/production/tr:w-1280,ar-5600-5600,pr-true,f-auto,q-80/cms/product_variant/66f1513f-afcd-434e-a81d-b25023c55a98.jpg"
Breakfast & Sauces,Peanut Butter,"https://cdn.zeptonow.com/production/tr:w-90,ar-120-120,pr-true,f-auto,q-80/cms/sub_category/157.png",Be.anut Regular Peanut Butter Crunchy,Be.anut,245,269,510 g,4.7 (60),Sold Out,https://www.zeptonow.com/pn/beanut-regular-peanut-butter-crunchy/pvid/4565e518-e223-4ff9-801d-a4f4911a144a,"https://cdn.zeptonow.com/production/tr:w-1280,ar-5600-4859,pr-true,f-auto,q-80/cms/product_variant/519fd2e9-0403-47e5-8019-1464cb750c1b.jpg"
Breakfast & Sauces,Peanut Butter,"https://cdn.zeptonow.com/production/tr:w-90,ar-120-120,pr-true,f-auto,q-80/cms/sub_category/157.png",Dr. Oetker FunFoods Peanut Butter 100% Natural,Dr.,152,199,375 g,4 (290),Sold Out,https://www.zeptonow.com/pn/dr-oetker-funfoods-peanut-butter-100-natural/pvid/c714788c-ced9-4fb7-a245-17ec5009115d,"https://cdn.zeptonow.com/production/tr:w-1280,ar-1000-1000,pr-true,f-auto,q-80/cms/product_variant/b47bd97b-271d-455d-8cfa-fae24d531e33.jpg"
Breakfast & Sauces,Peanut Butter,"https://cdn.zeptonow.com/production/tr:w-90,ar-120-120,pr-true,f-auto,q-80/cms/sub_category/157.png",Be.anut Dark Chocolate Peanut Butter Crunchy,Be.anut,109,109,240 g,4.2 (185),Sold Out,https://www.zeptonow.com/pn/beanut-dark-chocolate-peanut-butter-crunchy/pvid/e50966ca-65e2-40ba-8ec8-d685a7cd3068,"https://cdn.zeptonow.com/production/tr:w-1280,ar-5600-4384,pr-true,f-auto,q-80/cms/product_variant/fed2acc0-a612-4e2c-8c19-a08dcc108893.jpg"
Breakfast & Sauces,Peanut Butter,"https://cdn.zeptonow.com/production/tr:w-90,ar-120-120,pr-true,f-auto,q-80/cms/sub_category/157.png",Be.anut Dark Chocolate Peanut Butter Creamy,Be.anut,109,109,240 g,4.6 (183),Sold Out,https://www.zeptonow.com/pn/beanut-dark-chocolate-peanut-butter-creamy/pvid/edb78562-33f0-41fa-abb9-4661fc257db3,"https://cdn.zeptonow.com/production/tr:w-1280,ar-5600-4384,pr-true,f-auto,q-80/cms/product_variant/cdb98281-154b-4802-b4b8-1650e8a53779.jpg"
Breakfast & Sauces,Peanut Butter,"https://cdn.zeptonow.com/production/tr:w-90,ar-120-120,pr-true,f-auto,q-80/cms/sub_category/157.png",MyFitness Chocolate Peanut Butter Crunchy Spread | High Protein,MyFitness,292,339,510 g,4.6 (13.6k),Sold Out,https://www.zeptonow.com/pn/myfitness-chocolate-peanut-butter-crunchy-spread-high-protein/pvid/817d73c9-f7b9-4dd7-8d29-2c4e61dc24c6,"https://cdn.zeptonow.com/production/tr:w-1280,ar-1200-1200,pr-true,f-auto,q-80/cms/product_variant/7d71b9f0-6eb4-46b9-8dff-788efaa08a8e.jpeg"
Breakfast & Sauces,Batter & Mixes,"https://cdn.zeptonow.com/production/tr:w-90,ar-120-120,pr-true,f-auto,q-80/cms/sub_category/165.png",Udhaiyam Idli Dosa Batter,Udhaiyam,62,62,1 kg,4.7 (12.8k),In Stock,https://www.zeptonow.com/pn/udhaiyam-idli-dosa-batter/pvid/af95a08c-050a-4185-93ae-a9e95e8e0157,"https://cdn.zeptonow.com/production/tr:w-1280,ar-1200-1200,pr-true,f-auto,q-80/cms/product_variant/996118d4-1327-4a38-b9a4-d397538f31b9.jpeg"
Breakfast & Sauces,Batter & Mixes,"https://cdn.zeptonow.com/production/tr:w-90,ar-120-120,pr-true,f-auto,q-80/cms/sub_category/165.png",Thaayar Idli Dosa Batter,Thaayar,63,63,800 g,4.7 (4.9k),In Stock,https://www.zeptonow.com/pn/thaayar-idli-dosa-batter/pvid/26f24f23-c90a-4076-b9d5-6d7588209dbf,"https://cdn.zeptonow.com/production/tr:w-1280,ar-2400-2400,pr-true,f-auto,q-80/cms/product_variant/01802bc7-e313-4de5-9e4a-ea5fe8291eb1.jpeg"
Breakfast & Sauces,Batter & Mixes,"https://cdn.zeptonow.com/production/tr:w-90,ar-120-120,pr-true,f-auto,q-80/cms/sub_category/165.png",Daily Good Idly & Dosa Batter,Daily Good,65,90,1 kg,4.4 (30.4k),In Stock,https://www.zeptonow.com/pn/daily-good-idly-dosa-batter/pvid/17ba6eec-53b9-4958-a325-056eb22e10ed,"https://cdn.zeptonow.com/production/tr:w-1280,ar-1600-1592,pr-true,f-auto,q-80/cms/product_variant/efbad9d5-e79b-484a-9c19-4654343f2c96.jpeg"
Breakfast & Sauces,Batter & Mixes,"https://cdn.zeptonow.com/production/tr:w-90,ar-120-120,pr-true,f-auto,q-80/cms/sub_category/165.png",iD Fresh Idli & Dosa Batter,iD,118,135,2 kg,4.6 (91.4k),In Stock,https://www.zeptonow.com/pn/id-fresh-idli-dosa-batter/pvid/c8cfe58e-3aee-404d-8783-a2dc877fc66d,"https://cdn.zeptonow.com/production/tr:w-1280,ar-1200-1200,pr-true,f-auto,q-80/cms/product_variant/28e35241-6a2d-4ba4-b8a7-96d0ff68410d.jpeg"
Breakfast & Sauces,Batter & Mixes,"https://cdn.zeptonow.com/production/tr:w-90,ar-120-120,pr-true,f-auto,q-80/cms/sub_category/165.png",Freshey's Stone Ground Idly Dosa Batter,Freshey's,64,70,1 kg,4.5 (4.0k),In Stock,https://www.zeptonow.com/pn/fresheys-stone-ground-idly-dosa-batter/pvid/d73344cb-bdfd-4829-b620-c5962358329a,"https://cdn.zeptonow.com/production/tr:w-1280,ar-1500-1500,pr-true,f-auto,q-80/cms/product_variant/293888e6-9c26-4929-9bcc-e9d97bb08918.jpeg"
Breakfast & Sauces,Batter & Mixes,"https://cdn.zeptonow.com/production/tr:w-90,ar-120-120,pr-true,f-auto,q-80/cms/sub_category/165.png",iD Fresh Idli & Dosa Batter,iD,80,80,1 kg,4.6 (100.3k),In Stock,https://www.zeptonow.com/pn/id-fresh-idli-dosa-batter/pvid/a66ba5b4-313d-4469-becd-01b69bd19fc7,"https://cdn.zeptonow.com/production/tr:w-1280,ar-1080-1080,pr-true,f-auto,q-80/cms/product_variant/df0e95c6-7fd2-46af-a251-b84ce5de86a9.jpeg"
Breakfast & Sauces,Batter & Mixes,"https://cdn.zeptonow.com/production/tr:w-90,ar-120-120,pr-true,f-auto,q-80/cms/sub_category/165.png",Ammamma's Dosa Idli Batter,Ammamma's,70,75,1 kg,4.4 (5.9k),In Stock,https://www.zeptonow.com/pn/ammammas-dosa-idli-batter/pvid/e380c945-21c2-41e9-883b-4de1932f240f,"https://cdn.zeptonow.com/production/tr:w-1280,ar-1200-1200,pr-true,f-auto,q-80/cms/product_variant/c639709d-d798-4199-919d-cf4c971da539.jpeg"
Breakfast & Sauces,Batter & Mixes,"https://cdn.zeptonow.com/production/tr:w-90,ar-120-120,pr-true,f-auto,q-80/cms/sub_category/165.png",Thaayar Adai Dosa Batter,Thaayar,63,63,500 g,4.6 (258),In Stock,https://www.zeptonow.com/pn/thaayar-adai-dosa-batter/pvid/d2ea10f8-50ad-42c5-b840-03986f8fc263,"https://cdn.zeptonow.com/production/tr:w-1280,ar-2400-2400,pr-true,f-auto,q-80/cms/product_variant/eae4135f-0348-4e75-a6b3-37b753f08f4c.jpeg"
Breakfast & Sauces,Batter & Mixes,"https://cdn.zeptonow.com/production/tr:w-90,ar-120-120,pr-true,f-auto,q-80/cms/sub_category/165.png",iD Fresh Superr Idli & Dosa Batter,iD,60,60,1 kg,4.5 (10.0k),In Stock,https://www.zeptonow.com/pn/id-fresh-superr-idli-dosa-batter/pvid/2f4ce4bf-1301-4a38-9c14-05f6ce00df8f,"https://cdn.zeptonow.com/production/tr:w-1280,ar-900-900,pr-true,f-auto,q-80/cms/product_variant/05942985-a52d-4f2e-b0c1-022c6e829894.jpeg"
Breakfast & Sauces,Batter & Mixes,"https://cdn.zeptonow.com/production/tr:w-90,ar-120-120,pr-true,f-auto,q-80/cms/sub_category/165.png",Daily Good Idly And Dosa Batter,Daily Good,45,65,500 g,4.4 (3.9k),In Stock,https://www.zeptonow.com/pn/daily-good-idly-and-dosa-batter/pvid/e59842f5-6b81-4dc1-af74-073f03b456b1,"https://cdn.zeptonow.com/production/tr:w-1280,ar-2250-2250,pr-true,f-auto,q-80/cms/product_variant/0d914c97-b2c1-44b4-89ad-5381a140d3df.jpeg"
Breakfast & Sauces,Batter & Mixes,"https://cdn.zeptonow.com/production/tr:w-90,ar-120-120,pr-true,f-auto,q-80/cms/sub_category/165.png",Thaayar Idli Dosa Batter(1pc) & Tomato Country / Naattu Thakkali(1pc) Combo,Thaayar,92,97,2 combo,4.7 (75),In Stock,https://www.zeptonow.com/pn/thaayar-idli-dosa-batter1pc-tomato-country-naattu-thakkali1pc-combo/pvid/2ef1252d-2f38-4a84-803c-3f93320fc393,"https://cdn.zeptonow.com/production/tr:w-1280,ar-1500-1500,pr-true,f-auto,q-80/cms/product_variant/079d5dd9-b72e-49d6-aebe-258f35812ba3.jpg"
Breakfast & Sauces,Batter & Mixes,"https://cdn.zeptonow.com/production/tr:w-90,ar-120-120,pr-true,f-auto,q-80/cms/sub_category/165.png",Thaayar Idli Dosa Batter(1pc) & Mint Leaves(1pc) Combo,Thaayar,72,76,2 combo,4.6 (894),In Stock,https://www.zeptonow.com/pn/thaayar-idli-dosa-batter1pc-mint-leaves1pc-combo/pvid/7395f4c9-b433-4248-a066-a2cf36f01a39,"https://cdn.zeptonow.com/production/tr:w-1280,ar-1500-1500,pr-true,f-auto,q-80/cms/product_variant/9c05e162-68e7-460f-b968-83dc49be5d4d.jpg"
Breakfast & Sauces,Batter & Mixes,"https://cdn.zeptonow.com/production/tr:w-90,ar-120-120,pr-true,f-auto,q-80/cms/sub_category/165.png",Thaayar Idli Dosa Batter(1pc) & Green Chilli (Pachchai Milagai)(1pc) Combo,Thaayar,75,75,2 combo,4.2 (497),In Stock,https://www.zeptonow.com/pn/thaayar-idli-dosa-batter1pc-green-chilli-pachchai-milagai1pc-combo/pvid/0f6c0544-e1cc-4b5f-bcaf-93e685654e17,"https://cdn.zeptonow.com/production/tr:w-1280,ar-1500-1500,pr-true,f-auto,q-80/cms/product_variant/9ea1a379-923f-4f6d-8d47-ff2d7741a54b.jpg"
Breakfast & Sauces,Batter & Mixes,"https://cdn.zeptonow.com/production/tr:w-90,ar-120-120,pr-true,f-auto,q-80/cms/sub_category/165.png",Ammamma's Dosa Idli Batter 1 kg Combo,Ammamma's,128,150,1 kg X 2,4.3 (979),In Stock,https://www.zeptonow.com/pn/ammammas-dosa-idli-batter-1-kg-combo/pvid/e708fe73-b7e2-44c3-b514-92b14c61b846,"https://cdn.zeptonow.com/production/tr:w-1280,ar-1500-1500,pr-true,f-auto,q-80/cms/product_variant/6ec05f6e-f4ef-44dd-8c2d-b958510b56d73277.jpg"
Breakfast & Sauces,Batter & Mixes,"https://cdn.zeptonow.com/production/tr:w-90,ar-120-120,pr-true,f-auto,q-80/cms/sub_category/165.png",Thaayar Idli Dosa Batter(1pc) & Onion (Vengayam)(1pc) Combo,Thaayar,101,115,2 combo,4.4 (653),In Stock,https://www.zeptonow.com/pn/thaayar-idli-dosa-batter1pc-onion-vengayam1pc-combo/pvid/57e9e0c6-baef-4f38-8777-8c74fc9108d3,"https://cdn.zeptonow.com/production/tr:w-1280,ar-1500-1500,pr-true,f-auto,q-80/cms/product_variant/44e0cce7-fda8-49f6-a6bb-9f58d2be9521.jpg"
Breakfast & Sauces,Batter & Mixes,"https://cdn.zeptonow.com/production/tr:w-90,ar-120-120,pr-true,f-auto,q-80/cms/sub_category/165.png",Thaayar Idli Dosa Batter 800 g Combo,Thaayar,116,126,800 g X 2,4.2 (494),In Stock,https://www.zeptonow.com/pn/thaayar-idli-dosa-batter-800-g-combo/pvid/f587e358-f3c1-4930-bf11-d1f2cbe3a9a0,"https://cdn.zeptonow.com/production/tr:w-1280,ar-1500-1500,pr-true,f-auto,q-80/inventory/product/6a1131be-952f-4bf2-af04-b70ff070fabc-5186.jpg"
Breakfast & Sauces,Batter & Mixes,"https://cdn.zeptonow.com/production/tr:w-90,ar-120-120,pr-true,f-auto,q-80/cms/sub_category/165.png",Thaayar Idli Dosa Batter 800 g Combo,Thaayar,165,189,800 g X 3,4.4 (961),In Stock,https://www.zeptonow.com/pn/thaayar-idli-dosa-batter-800-g-combo/pvid/99ea6859-78c3-48d3-b90c-a5902ed4172b,"https://cdn.zeptonow.com/production/tr:w-1280,ar-1500-1500,pr-true,f-auto,q-80/cms/product_variant/cbaef66a-994c-47f9-b2b2-c79a1d748d69.jpg"
Breakfast & Sauces,Batter & Mixes,"https://cdn.zeptonow.com/production/tr:w-90,ar-120-120,pr-true,f-auto,q-80/cms/sub_category/165.png",iD Fresh Mallige Idly Batter,iD,120,120,750 g,4.1 (187),Sold Out,https://www.zeptonow.com/pn/id-fresh-mallige-idly-batter/pvid/ac31d460-fc56-491b-a7a5-6e10e5b9e6dd,"https://cdn.zeptonow.com/production/tr:w-1280,ar-1000-1000,pr-true,f-auto,q-80/cms/product_variant/cda3b8b6-85b9-4c8f-8e54-befb81f3a276.jpeg"
Breakfast & Sauces,Batter & Mixes,"https://cdn.zeptonow.com/production/tr:w-90,ar-120-120,pr-true,f-auto,q-80/cms/sub_category/165.png",iD Fresh Multigrain Idly & Dosa Batter,iD,155,155,750 g,4 (532),Sold Out,https://www.zeptonow.com/pn/id-fresh-multigrain-idly-dosa-batter/pvid/5d61543f-44f6-4f99-8ec1-b30c63d3207a,"https://cdn.zeptonow.com/production/tr:w-1280,ar-1000-1000,pr-true,f-auto,q-80/cms/product_variant/68ffdf44-35d7-42a4-9c27-c099e3d15582.jpeg"
Breakfast & Sauces,Batter & Mixes,"https://cdn.zeptonow.com/production/tr:w-90,ar-120-120,pr-true,f-auto,q-80/cms/sub_category/165.png",iD Fresh Ragi Millet Idly & Dosa Batter,iD,135,135,750 g,3.9 (1.6k),Sold Out,https://www.zeptonow.com/pn/id-fresh-ragi-millet-idly-dosa-batter/pvid/8f43592f-ec0f-44ab-8bb7-8b911c05d0cb,"https://cdn.zeptonow.com/production/tr:w-1280,ar-1000-1000,pr-true,f-auto,q-80/cms/product_variant/39f81f0e-e993-49f0-8c2f-c27d654b783d.jpeg"
Breakfast & Sauces,Batter & Mixes,"https://cdn.zeptonow.com/production/tr:w-90,ar-120-120,pr-true,f-auto,q-80/cms/sub_category/165.png",Asal Batter,Asal,83,95,1 kg,4.5 (12.3k),Sold Out,https://www.zeptonow.com/pn/asal-batter/pvid/14b128f4-897c-405c-bd0e-bf0606dabd59,"https://cdn.zeptonow.com/production/tr:w-1280,ar-1200-1200,pr-true,f-auto,q-80/cms/product_variant/755e6525-a851-4538-9068-22cdd5f19d79.jpeg"
Breakfast & Sauces,Tea & Coffee,"https://cdn.zeptonow.com/production/tr:w-90,ar-120-121,pr-true,f-auto,q-80/cms/sub_category/163.png",Avt Gold Cup Premium Assam Blend Black Tea,Avt,225,225,250 g,4.8 (735),In Stock,https://www.zeptonow.com/pn/avt-gold-cup-premium-assam-blend-black-tea/pvid/f43bcd68-d6da-458e-b941-05c762a67de3,"https://cdn.zeptonow.com/production/tr:w-1280,ar-1000-1000,pr-true,f-auto,q-80/cms/product_variant/80293fca-e61e-47e9-acb5-97af582d4a90.jpeg"
Breakfast & Sauces,Tea & Coffee,"https://cdn.zeptonow.com/production/tr:w-90,ar-120-121,pr-true,f-auto,q-80/cms/sub_category/163.png",Continental Xtra Instant Strong Coffee - Jar,Continental,461,650,200 g,4.9 (1.7k),In Stock,https://www.zeptonow.com/pn/continental-xtra-instant-strong-coffee-jar/pvid/387133ab-df83-4bb0-a2ef-29b9428d1887,"https://cdn.zeptonow.com/production/tr:w-1280,ar-2000-3001,pr-true,f-auto,q-80/cms/product_variant/e8682119-036b-4b16-8f3e-cc4ef430f238.jpeg"
Breakfast & Sauces,Tea & Coffee,"https://cdn.zeptonow.com/production/tr:w-90,ar-120-121,pr-true,f-auto,q-80/cms/sub_category/163.png",Tetley Lemon and Honey Green Tea,Tetley,675,675,1 pack (100 pcs),4.7 (3.1k),In Stock,https://www.zeptonow.com/pn/tetley-lemon-and-honey-green-tea/pvid/c3f3f94e-e2da-408d-a1aa-d63db244135a,"https://cdn.zeptonow.com/production/tr:w-1280,ar-1500-1500,pr-true,f-auto,q-80/cms/product_variant/471ae9aa-c2f8-41cf-b0fb-7dc8c26c95c3.jpeg"
Breakfast & Sauces,Tea & Coffee,"https://cdn.zeptonow.com/production/tr:w-90,ar-120-121,pr-true,f-auto,q-80/cms/sub_category/163.png",Avt Premium Tea,Avt,105,105,250 g,4.7 (3.5k),In Stock,https://www.zeptonow.com/pn/avt-premium-tea/pvid/2958a84f-ca29-406f-bc94-d104b32a4b1c,"https://cdn.zeptonow.com/production/tr:w-1280,ar-2400-2400,pr-true,f-auto,q-80/cms/product_variant/0ba2e505-53f4-4869-b6aa-90674580c624.jpg"
Breakfast & Sauces,Tea & Coffee,"https://cdn.zeptonow.com/production/tr:w-90,ar-120-121,pr-true,f-auto,q-80/cms/sub_category/163.png",Organic India Moringa Hibiscus Organic Herbal Tea,Organic,233,245,1 pack (25 pcs),4.8 (419),In Stock,https://www.zeptonow.com/pn/organic-india-moringa-hibiscus-organic-herbal-tea/pvid/291aab61-e382-4dc9-9bbf-ac26721dbde7,"https://cdn.zeptonow.com/production/tr:w-1280,ar-1500-1500,pr-true,f-auto,q-80/cms/product_variant/f5e3789c-c830-4cbe-a637-b16417be2917.jpeg"
Breakfast & Sauces,Tea & Coffee,"https://cdn.zeptonow.com/production/tr:w-90,ar-120-121,pr-true,f-auto,q-80/cms/sub_category/163.png",Sleepy Owl French Vanilla 100% Arabica Organic Instant Coffee,Sleepy,599,749,100 g,4.2 (296),In Stock,https://www.zeptonow.com/pn/sleepy-owl-french-vanilla-100-arabica-organic-instant-coffee/pvid/378065e7-9fa3-4851-a328-b31d976c5ab8,"https://cdn.zeptonow.com/production/tr:w-1280,ar-1500-1500,pr-true,f-auto,q-80/cms/product_variant/ab2b1cb5-830f-4ca4-9ccd-477e1e27a451.png"
Breakfast & Sauces,Tea & Coffee,"https://cdn.zeptonow.com/production/tr:w-90,ar-120-121,pr-true,f-auto,q-80/cms/sub_category/163.png",Avt Premium Black Tea,Avt,190,200,500 g,4.8 (1.3k),In Stock,https://www.zeptonow.com/pn/avt-premium-black-tea/pvid/f50ab6dc-dcc2-4e68-96c8-f3632890a645,"https://cdn.zeptonow.com/production/tr:w-1280,ar-1000-1000,pr-true,f-auto,q-80/cms/product_variant/b2fe5062-98b2-457b-9bbb-24d5ec8002ea.jpeg"
Breakfast & Sauces,Tea & Coffee,"https://cdn.zeptonow.com/production/tr:w-90,ar-120-121,pr-true,f-auto,q-80/cms/sub_category/163.png",Sleepy Owl Original 100% Arabica Medium Roast Instant Coffee,Sleepy,599,749,100 g,4.9 (329),In Stock,https://www.zeptonow.com/pn/sleepy-owl-original-100-arabica-medium-roast-instant-coffee/pvid/00ceaab9-0b4c-475d-800e-68b6a721d13e,"https://cdn.zeptonow.com/production/tr:w-1280,ar-1500-1500,pr-true,f-auto,q-80/cms/product_variant/1085a54c-eb70-4b91-8dc1-8deb3d79f09d.png"
Breakfast & Sauces,Tea & Coffee,"https://cdn.zeptonow.com/production/tr:w-90,ar-120-121,pr-true,f-auto,q-80/cms/sub_category/163.png",Organic India Tulsi Detox Kahwa Organic Green Tea,Organic,223,225,1 pack (25 pcs),4.7 (436),In Stock,https://www.zeptonow.com/pn/organic-india-tulsi-detox-kahwa-organic-green-tea/pvid/b8cd69a9-7e6a-4e47-a364-9240ed541418,"https://cdn.zeptonow.com/production/tr:w-1280,ar-1500-1500,pr-true,f-auto,q-80/cms/product_variant/65515784-344b-433f-987f-3333ef66902f.jpeg"
Breakfast & Sauces,Tea & Coffee,"https://cdn.zeptonow.com/production/tr:w-90,ar-120-121,pr-true,f-auto,q-80/cms/sub_category/163.png",Sleepy Owl 100% Arabica Hazelnut Medium Roast Instant Coffee,Sleepy,599,749,100 g,4.3 (300),In Stock,https://www.zeptonow.com/pn/sleepy-owl-100-arabica-hazelnut-medium-roast-instant-coffee/pvid/98849f34-eb39-4610-a861-273d6833f262,"https://cdn.zeptonow.com/production/tr:w-1280,ar-1500-1500,pr-true,f-auto,q-80/cms/product_variant/1d3b19d8-5a22-4807-b404-29b44c62cf2d.png"
Breakfast & Sauces,Tea & Coffee,"https://cdn.zeptonow.com/production/tr:w-90,ar-120-121,pr-true,f-auto,q-80/cms/sub_category/163.png","Organic India Tulsi, Ginger and Turmeric Organic Herbal Tea",Organic,233,245,1 pack (25 pcs),4.6 (385),In Stock,https://www.zeptonow.com/pn/organic-india-tulsi-ginger-and-turmeric-organic-herbal-tea/pvid/d19e47e0-c919-4d15-b162-713900597244,"https://cdn.zeptonow.com/production/tr:w-1280,ar-1500-1500,pr-true,f-auto,q-80/cms/product_variant/6a5f1b1b-799f-4a8c-9301-2b8cae2e7050.jpeg"
Breakfast & Sauces,Tea & Coffee,"https://cdn.zeptonow.com/production/tr:w-90,ar-120-121,pr-true,f-auto,q-80/cms/sub_category/163.png","Tetley Ginger, Mint, and Lemon Green Tea",Tetley,672,675,1 pack (100 pcs),4.7 (3.3k),In Stock,https://www.zeptonow.com/pn/tetley-ginger-mint-and-lemon-green-tea/pvid/2bcef04e-3ea7-4196-b71f-89daf9fd68b0,"https://cdn.zeptonow.com/production/tr:w-1280,ar-1200-1200,pr-true,f-auto,q-80/cms/product_variant/edfaf26c-ce45-49c1-b4c0-fbb28b05627e.jpeg"
Breakfast & Sauces,Tea & Coffee,"https://cdn.zeptonow.com/production/tr:w-90,ar-120-121,pr-true,f-auto,q-80/cms/sub_category/163.png",Chaayos Ginger Cardamom Tea,MOM,109,139,100 g,4.8 (1.8k),In Stock,https://www.zeptonow.com/pn/chaayos-ginger-cardamom-tea/pvid/a7e1f97f-08a3-4543-a82e-ff96af10a513,"https://cdn.zeptonow.com/production/tr:w-1280,ar-1500-1500,pr-true,f-auto,q-80/cms/product_variant/96327c36-b0e7-4aa2-8fe3-0f8a22271440.jpg"
Breakfast & Sauces,Tea & Coffee,"https://cdn.zeptonow.com/production/tr:w-90,ar-120-121,pr-true,f-auto,q-80/cms/sub_category/163.png",BRU Green Label Filter Coffee,BRU,424,450,500 g,4.7 (2.0k),In Stock,https://www.zeptonow.com/pn/bru-green-label-filter-coffee/pvid/b7675026-66b8-4543-93c7-c3e5f509c14c,"https://cdn.zeptonow.com/production/tr:w-1280,ar-1500-1500,pr-true,f-auto,q-80/cms/product_variant/1546a9fe-8175-475e-95ef-4cc638b0a6a1.jpeg"
Breakfast & Sauces,Tea & Coffee,"https://cdn.zeptonow.com/production/tr:w-90,ar-120-121,pr-true,f-auto,q-80/cms/sub_category/163.png",Organic India Tulsi Organic Classic Green Tea,Organic,223,225,1 pack (25 pcs),4.7 (1.0k),In Stock,https://www.zeptonow.com/pn/organic-india-tulsi-organic-classic-green-tea/pvid/3d829a23-bed2-404a-b249-d1795fc0a814,"https://cdn.zeptonow.com/production/tr:w-1280,ar-1500-1500,pr-true,f-auto,q-80/cms/product_variant/a90967c4-4554-4059-9958-e832ca65cfdf.jpeg"
Breakfast & Sauces,Tea & Coffee,"https://cdn.zeptonow.com/production/tr:w-90,ar-120-121,pr-true,f-auto,q-80/cms/sub_category/163.png",Continental Strong Instant Coffee - Jar,Continental,90,180,50 g,4.7 (6.9k),In Stock,https://www.zeptonow.com/pn/continental-strong-instant-coffee-jar/pvid/4a529f59-cfb1-42ba-8adb-e11362f94707,"https://cdn.zeptonow.com/production/tr:w-1280,ar-2926-2926,pr-true,f-auto,q-80/cms/product_variant/9381dc72-32a7-40ce-bd2e-7dca3f6c91a2.jpeg"
Breakfast & Sauces,Tea & Coffee,"https://cdn.zeptonow.com/production/tr:w-90,ar-120-121,pr-true,f-auto,q-80/cms/sub_category/163.png","Tetley Ginger, Mint, and Lemon Green Tea",Tetley,180,180,1 pack (25 pcs),4.7 (5.9k),In Stock,https://www.zeptonow.com/pn/tetley-ginger-mint-and-lemon-green-tea/pvid/e1c83289-a529-473a-9f42-e6df1e930693,"https://cdn.zeptonow.com/production/tr:w-1280,ar-2001-2000,pr-true,f-auto,q-80/cms/product_variant/0242b879-390c-4a3e-b90f-a49c230e0cd3.jpg"
Breakfast & Sauces,Tea & Coffee,"https://cdn.zeptonow.com/production/tr:w-90,ar-120-121,pr-true,f-auto,q-80/cms/sub_category/163.png",Organic India Basil and Peppermint Organic Herbal Tea,Organic,233,245,1 pack (25 pcs),4.8 (220),In Stock,https://www.zeptonow.com/pn/organic-india-basil-and-peppermint-organic-herbal-tea/pvid/2cb992bb-d178-4d30-9bb5-6123b59cdf75,"https://cdn.zeptonow.com/production/tr:w-1280,ar-1500-1500,pr-true,f-auto,q-80/cms/product_variant/05faf2a1-113f-4d87-a871-bcd73a49b3d7.jpeg"
Breakfast & Sauces,Tea & Coffee,"https://cdn.zeptonow.com/production/tr:w-90,ar-120-121,pr-true,f-auto,q-80/cms/sub_category/163.png",Continental Xtra Instant Strong Coffee - Pouch,Continental,90,180,50 g,4.7 (14.9k),In Stock,https://www.zeptonow.com/pn/continental-xtra-instant-strong-coffee-pouch/pvid/0b7a3134-f94f-4f64-80ef-a70bee333b91,"https://cdn.zeptonow.com/production/tr:w-1280,ar-2000-2392,pr-true,f-auto,q-80/cms/product_variant/317f5f99-c095-4714-ad09-0413641becaf.jpeg"
Breakfast & Sauces,Tea & Coffee,"https://cdn.zeptonow.com/production/tr:w-90,ar-120-121,pr-true,f-auto,q-80/cms/sub_category/163.png",Brooke Bond Red Label Tea,Brooke,140,140,250 g,4.7 (28.5k),In Stock,https://www.zeptonow.com/pn/brooke-bond-red-label-tea/pvid/af8f692d-abe1-4188-bb66-da15deae7e06,"https://cdn.zeptonow.com/production/tr:w-1280,ar-1200-1200,pr-true,f-auto,q-80/cms/product_variant/86ee62b6-6d07-434f-b57f-f89583c3882d.jpeg"
Breakfast & Sauces,Tea & Coffee,"https://cdn.zeptonow.com/production/tr:w-90,ar-120-121,pr-true,f-auto,q-80/cms/sub_category/163.png",Chaayos Premium Chai Patti with 100% Natural Spices Masala Tea,Chaayos,123,139,100 g,4.7 (1.6k),In Stock,https://www.zeptonow.com/pn/chaayos-premium-chai-patti-with-100-natural-spices-masala-tea/pvid/bef6de38-e41e-47d8-8062-053f03695e14,"https://cdn.zeptonow.com/production/tr:w-1280,ar-1000-1000,pr-true,f-auto,q-80/cms/product_variant/457a65a3-55a3-4996-ac1d-ba73b3018fec.jpeg"
Breakfast & Sauces,Tea & Coffee,"https://cdn.zeptonow.com/production/tr:w-90,ar-120-121,pr-true,f-auto,q-80/cms/sub_category/163.png",BRU Instant Coffee,BRU,260,325,100 g,4.8 (8.6k),In Stock,https://www.zeptonow.com/pn/bru-instant-coffee/pvid/d51e76a6-7cf7-4276-9845-2ece9465e048,"https://cdn.zeptonow.com/production/tr:w-1280,ar-2400-2400,pr-true,f-auto,q-80/cms/product_variant/889f0b17-081c-4e98-b937-03a294ebbad3.jpeg"
Breakfast & Sauces,Tea & Coffee,"https://cdn.zeptonow.com/production/tr:w-90,ar-120-121,pr-true,f-auto,q-80/cms/sub_category/163.png",Organic India Tulsi Ginger Organic Herbal Tea,Organic,233,245,1 pack (25 pcs),4.6 (358),In Stock,https://www.zeptonow.com/pn/organic-india-tulsi-ginger-organic-herbal-tea/pvid/34355ae0-2feb-4d95-b773-bc2672e293bf,"https://cdn.zeptonow.com/production/tr:w-1280,ar-1500-1500,pr-true,f-auto,q-80/cms/product_variant/2746907e-3f2a-46b7-b223-f2fa378715e7.jpeg"
Breakfast & Sauces,Tea & Coffee,"https://cdn.zeptonow.com/production/tr:w-90,ar-120-121,pr-true,f-auto,q-80/cms/sub_category/163.png",Chaayos Instant Tea Premix Combo / Masala + Elaichi + Ginger,Chaayos,159,169,12 pcs,4.8 (74),In Stock,https://www.zeptonow.com/pn/chaayos-instant-tea-premix-combo-masala-elaichi-ginger/pvid/807bf380-a82d-47af-9e43-2c80eecec08a,"https://cdn.zeptonow.com/production/tr:w-1280,ar-1000-1000,pr-true,f-auto,q-80/cms/product_variant/8f20289b-1f91-4965-b537-a98c181d7fca.jpeg"
Breakfast & Sauces,Tea & Coffee,"https://cdn.zeptonow.com/production/tr:w-90,ar-120-121,pr-true,f-auto,q-80/cms/sub_category/163.png",Organic India Tulsi Organic Herbal Tea,Organic,233,245,1 pack (25 pcs),4.1 (311),In Stock,https://www.zeptonow.com/pn/organic-india-tulsi-organic-herbal-tea/pvid/8f8a7ebc-3cd9-4169-9fa2-30dbc83f7d7f,"https://cdn.zeptonow.com/production/tr:w-1280,ar-1500-1500,pr-true,f-auto,q-80/cms/product_variant/bd5be600-2302-4c9c-9e30-8982650fdaea.jpeg"
Breakfast & Sauces,Tea & Coffee,"https://cdn.zeptonow.com/production/tr:w-90,ar-120-121,pr-true,f-auto,q-80/cms/sub_category/163.png",Sleepy Owl Espresso Intense Dark Roast Instant Coffee,Sleepy,420,499,100 g,4.4 (445),In Stock,https://www.zeptonow.com/pn/sleepy-owl-espresso-intense-dark-roast-instant-coffee/pvid/256f509e-d774-43ed-a860-ee6c85fb7f1f,"https://cdn.zeptonow.com/production/tr:w-1280,ar-2400-2400,pr-true,f-auto,q-80/cms/product_variant/968d15e6-0b5a-46eb-b39f-36d51902035d.jpg"
Breakfast & Sauces,Tea & Coffee,"https://cdn.zeptonow.com/production/tr:w-90,ar-120-121,pr-true,f-auto,q-80/cms/sub_category/163.png",Tata Classic Grand Instant Coffee,Tata,164,170,50 g,4.7 (4.4k),In Stock,https://www.zeptonow.com/pn/tata-classic-grand-instant-coffee/pvid/eb3aaadd-2228-482b-aa2c-554adb0429d5,"https://cdn.zeptonow.com/production/tr:w-1280,ar-1200-1200,pr-true,f-auto,q-80/cms/product_variant/d4357846-d914-4b24-8d29-8055b4641f39.jpeg"
Breakfast & Sauces,Tea & Coffee,"https://cdn.zeptonow.com/production/tr:w-90,ar-120-121,pr-true,f-auto,q-80/cms/sub_category/163.png","Organic India Tulsi, Lemon and Ginger Organic Green Tea",Organic,223,225,1 pack (25 pcs),4.7 (1.2k),In Stock,https://www.zeptonow.com/pn/organic-india-tulsi-lemon-and-ginger-organic-green-tea/pvid/6cc7ecda-f8f5-4b14-936d-120e7ad58489,"https://cdn.zeptonow.com/production/tr:w-1280,ar-1500-1500,pr-true,f-auto,q-80/cms/product_variant/e05bc421-daa6-4620-b9d2-52cef70c5722.jpeg"
Breakfast & Sauces,Tea & Coffee,"https://cdn.zeptonow.com/production/tr:w-90,ar-120-121,pr-true,f-auto,q-80/cms/sub_category/163.png",Chaayos Strong Golden Premium Assam Black Tea,Chaayos,262,349,500 g,4.4 (279),In Stock,https://www.zeptonow.com/pn/chaayos-strong-golden-premium-assam-black-tea/pvid/409eeea6-1f67-455a-90bf-40b99351df65,"https://cdn.zeptonow.com/production/tr:w-1280,ar-1500-1500,pr-true,f-auto,q-80/cms/product_variant/cf80423c-e07b-48f8-860d-da870b0ecd8c.jpg"
Breakfast & Sauces,Tea & Coffee,"https://cdn.zeptonow.com/production/tr:w-90,ar-120-121,pr-true,f-auto,q-80/cms/sub_category/163.png",Tata Tea Premium Desh Ki Chai Black Tea,Tata,278,280,500 g,4.7 (22.9k),In Stock,https://www.zeptonow.com/pn/tata-tea-premium-desh-ki-chai-black-tea/pvid/1f9bdcbb-b8ad-472c-9c63-b751283d6c83,"https://cdn.zeptonow.com/production/tr:w-1280,ar-1200-1200,pr-true,f-auto,q-80/cms/product_variant/fda1e0e0-1063-4b7a-b4a1-e35039672a88.jpeg"
Breakfast & Sauces,Tea & Coffee,"https://cdn.zeptonow.com/production/tr:w-90,ar-120-121,pr-true,f-auto,q-80/cms/sub_category/163.png",Continental Speciale Instant Coffee - Mocha | Jar,Continental,275,375,50 g,4.6 (60),In Stock,https://www.zeptonow.com/pn/continental-speciale-instant-coffee-mocha-jar/pvid/bdbacb0c-30c7-4741-96b7-2be9b8aba4dc,"https://cdn.zeptonow.com/production/tr:w-1280,ar-2198-3300,pr-true,f-auto,q-80/cms/product_variant/6f9e837f-879a-46cd-9c0c-9ed2fbdddd4d.jpeg"
Breakfast & Sauces,Tea & Coffee,"https://cdn.zeptonow.com/production/tr:w-90,ar-120-121,pr-true,f-auto,q-80/cms/sub_category/163.png",Organic India Tulsi Honey and Lemon Organic Green Tea,Organic,216,225,1 pack (25 pcs),4.9 (610),In Stock,https://www.zeptonow.com/pn/organic-india-tulsi-honey-and-lemon-organic-green-tea/pvid/808ec98a-3fd4-4e14-b71f-bd270763ba40,"https://cdn.zeptonow.com/production/tr:w-1280,ar-1500-1500,pr-true,f-auto,q-80/cms/product_variant/1ebd5956-5e39-40b9-97bc-562afe0addf7.jpeg"
Breakfast & Sauces,Tea & Coffee,"https://cdn.zeptonow.com/production/tr:w-90,ar-120-121,pr-true,f-auto,q-80/cms/sub_category/163.png",Tata Tea Gold Natural Black Tea,Tata,142,150,250 g,4.8 (20.8k),In Stock,https://www.zeptonow.com/pn/tata-tea-gold-natural-black-tea/pvid/8be1fdc8-aa36-4369-89ff-3a1c47d5f2bf,"https://cdn.zeptonow.com/production/tr:w-1280,ar-1200-1200,pr-true,f-auto,q-80/cms/product_variant/f3d64acc-dbe6-4f7e-8c53-67df197aac26.jpeg"
Breakfast & Sauces,Tea & Coffee,"https://cdn.zeptonow.com/production/tr:w-90,ar-120-121,pr-true,f-auto,q-80/cms/sub_category/163.png",Continental Decaf | Decaffeinated Coffee Powder | Instant Coffee | Sachet,Continental,419,500,2 g X 25,4.4 (416),In Stock,https://www.zeptonow.com/pn/continental-decaf-decaffeinated-coffee-powder-instant-coffee-sachet/pvid/d1de74b6-ecb0-4fd3-8311-62ec55582f11,"https://cdn.zeptonow.com/production/tr:w-1280,ar-1080-1080,pr-true,f-auto,q-80/cms/product_variant/252e81df-8f99-430d-a8b8-bbe055f1f8e5.jpeg"
Breakfast & Sauces,Tea & Coffee,"https://cdn.zeptonow.com/production/tr:w-90,ar-120-121,pr-true,f-auto,q-80/cms/sub_category/163.png",Organic India Tulsi Organic Green Tea,Organic,269,280,100 g,4.8 (753),In Stock,https://www.zeptonow.com/pn/organic-india-tulsi-organic-green-tea/pvid/7c8fe3ac-b2f7-4e2e-b3c9-340ef93399ae,"https://cdn.zeptonow.com/production/tr:w-1280,ar-1500-1500,pr-true,f-auto,q-80/cms/product_variant/a71d5dd4-2446-46b0-b3a6-ced4afec5977.jpg"
Breakfast & Sauces,Tea & Coffee,"https://cdn.zeptonow.com/production/tr:w-90,ar-120-121,pr-true,f-auto,q-80/cms/sub_category/163.png",Chaayos Cardamom Instant Tea Premix,MOM,168,189,1 pack (15 pcs),4.6 (928),In Stock,https://www.zeptonow.com/pn/chaayos-cardamom-instant-tea-premix/pvid/83ae76be-e951-4c27-a10b-455a2ed87b30,"https://cdn.zeptonow.com/production/tr:w-1280,ar-1000-1000,pr-true,f-auto,q-80/cms/product_variant/0a536bdc-cc9f-4a6a-9296-caacb455b53f.jpg"
Breakfast & Sauces,Tea & Coffee,"https://cdn.zeptonow.com/production/tr:w-90,ar-120-121,pr-true,f-auto,q-80/cms/sub_category/163.png",Tetley Classic Green Tea,Tetley,170,170,100 g,4.9 (2.0k),In Stock,https://www.zeptonow.com/pn/tetley-classic-green-tea/pvid/bdeb52d2-110d-422d-96cf-8cd06571c403,"https://cdn.zeptonow.com/production/tr:w-1280,ar-1200-1200,pr-true,f-auto,q-80/cms/product_variant/6359ee61-43f4-4917-9d5b-fafb6d91daaf.jpg"
Breakfast & Sauces,Tea & Coffee,"https://cdn.zeptonow.com/production/tr:w-90,ar-120-121,pr-true,f-auto,q-80/cms/sub_category/163.png",Continental Malgudi Filter Coffee - Pouch,Continental,326,410,500 g,4.9 (600),In Stock,https://www.zeptonow.com/pn/continental-malgudi-filter-coffee-pouch/pvid/b2b7b452-9031-490a-b2d5-80b724c9940c,"https://cdn.zeptonow.com/production/tr:w-1280,ar-1500-1500,pr-true,f-auto,q-80/cms/product_variant/17e3441f-cf60-4fc6-9464-2213f7788107.jpeg"
Breakfast & Sauces,Tea & Coffee,"https://cdn.zeptonow.com/production/tr:w-90,ar-120-121,pr-true,f-auto,q-80/cms/sub_category/163.png",Tetley Lemon and Honey Green Tea,Tetley,180,180,1 pack (25 pcs),4.7 (4.8k),In Stock,https://www.zeptonow.com/pn/tetley-lemon-and-honey-green-tea/pvid/3b9737bd-1e07-4188-a5bd-f3191b09d4c8,"https://cdn.zeptonow.com/production/tr:w-1280,ar-1000-1000,pr-true,f-auto,q-80/cms/product_variant/e1daedef-dfaa-4be0-b4f0-b55df0dc7cb8.jpeg"
Breakfast & Sauces,Tea & Coffee,"https://cdn.zeptonow.com/production/tr:w-90,ar-120-121,pr-true,f-auto,q-80/cms/sub_category/163.png",Bru Instant Coffee Jar,Bru,509,620,150 g,5 (53),In Stock,https://www.zeptonow.com/pn/bru-instant-coffee-jar/pvid/99aaa0ae-08cc-4111-8f82-dbeeec1bcd2a,"https://cdn.zeptonow.com/production/tr:w-1280,ar-1200-1200,pr-true,f-auto,q-80/cms/product_variant/e2c1b10b-276c-4fa0-8dc5-aa44250bb18f.jpeg"
Breakfast & Sauces,Tea & Coffee,"https://cdn.zeptonow.com/production/tr:w-90,ar-120-121,pr-true,f-auto,q-80/cms/sub_category/163.png",BRU Instant Coffee,BRU,170,175,50 g,4.8 (7.9k),In Stock,https://www.zeptonow.com/pn/bru-instant-coffee/pvid/d0e468d2-313c-4673-8c49-862a60f6d778,"https://cdn.zeptonow.com/production/tr:w-1280,ar-2400-2400,pr-true,f-auto,q-80/cms/product_variant/065a7ccf-40cd-4b14-bb7f-5028d9f8ca85.jpeg"
Breakfast & Sauces,Tea & Coffee,"https://cdn.zeptonow.com/production/tr:w-90,ar-120-121,pr-true,f-auto,q-80/cms/sub_category/163.png",Tata Tea Gold Vitacare Natural Tea,Tata,168,180,250 g,4.5 (875),In Stock,https://www.zeptonow.com/pn/tata-tea-gold-vitacare-natural-tea/pvid/7232a415-5c50-4c09-bc10-8852e17c7b87,"https://cdn.zeptonow.com/production/tr:w-1280,ar-1200-1200,pr-true,f-auto,q-80/cms/product_variant/1588ed04-13dd-4b56-af45-5862e04e4302.jpeg"
Breakfast & Sauces,Tea & Coffee,"https://cdn.zeptonow.com/production/tr:w-90,ar-120-121,pr-true,f-auto,q-80/cms/sub_category/163.png",Pukka Chamomile and Lavender for Night Time Sleep I Herbal Infusions,MOM,255,299,30 g,4.8 (122),In Stock,https://www.zeptonow.com/pn/pukka-chamomile-and-lavender-for-night-time-sleep-i-herbal-infusions/pvid/2db0bd30-c858-4e28-8067-28c3afefe3de,"https://cdn.zeptonow.com/production/tr:w-1280,ar-1000-1000,pr-true,f-auto,q-80/cms/product_variant/10d6c8d3-47d5-475c-8f3f-e76dd63ea104.jpg"
Breakfast & Sauces,Tea & Coffee,"https://cdn.zeptonow.com/production/tr:w-90,ar-120-121,pr-true,f-auto,q-80/cms/sub_category/163.png",Tetley Classic Green Tea,Tetley,394,399,250 g,4.7 (374),In Stock,https://www.zeptonow.com/pn/tetley-classic-green-tea/pvid/0fadba73-594a-4f08-83ff-78cd5db67a89,"https://cdn.zeptonow.com/production/tr:w-1280,ar-1200-1200,pr-true,f-auto,q-80/cms/product_variant/897f34be-7329-471a-bed2-9840b9b7be34.jpeg"
Breakfast & Sauces,Tea & Coffee,"https://cdn.zeptonow.com/production/tr:w-90,ar-120-121,pr-true,f-auto,q-80/cms/sub_category/163.png",Tetley Tulsi Immune With Added Vitamin C Green Tea,Tetley,180,180,1 pack (25 pcs),4.6 (1.8k),In Stock,https://www.zeptonow.com/pn/tetley-tulsi-immune-with-added-vitamin-c-green-tea/pvid/bb264751-b500-48d0-abc7-f2c56712633e,"https://cdn.zeptonow.com/production/tr:w-1280,ar-1000-1000,pr-true,f-auto,q-80/cms/product_variant/65d16ceb-5e85-4190-8b1c-06ae8faa7d71.jpeg"
Breakfast & Sauces,Tea & Coffee,"https://cdn.zeptonow.com/production/tr:w-90,ar-120-121,pr-true,f-auto,q-80/cms/sub_category/163.png",Bru Instant Coffee Jar,Bru,300,300,75 g,4.9 (65),In Stock,https://www.zeptonow.com/pn/bru-instant-coffee-jar/pvid/48f05006-06a7-4d05-a71c-c98e23e7896e,"https://cdn.zeptonow.com/production/tr:w-1280,ar-1200-1200,pr-true,f-auto,q-80/cms/product_variant/a6e7b7ee-a78f-4ac1-a431-1398703b1187.jpeg"
Breakfast & Sauces,Tea & Coffee,"https://cdn.zeptonow.com/production/tr:w-90,ar-120-121,pr-true,f-auto,q-80/cms/sub_category/163.png",Chaayos Adrak Elaichi Tea,Chaayos,254,329,250 g,4.7 (110),In Stock,https://www.zeptonow.com/pn/chaayos-adrak-elaichi-tea/pvid/d52b7752-4c21-4e72-9958-c7ea98808f5f,"https://cdn.zeptonow.com/production/tr:w-1280,ar-2083-2083,pr-true,f-auto,q-80/cms/product_variant/02bf1dc7-894d-466b-b480-c95353b44e87.jpg"
Breakfast & Sauces,Tea & Coffee,"https://cdn.zeptonow.com/production/tr:w-90,ar-120-121,pr-true,f-auto,q-80/cms/sub_category/163.png",Tata Tea Gold Natural Black Tea,Tata,300,300,500 g,4.8 (17.8k),In Stock,https://www.zeptonow.com/pn/tata-tea-gold-natural-black-tea/pvid/3801665c-f302-4921-9b31-b9d4a51338d7,"https://cdn.zeptonow.com/production/tr:w-1280,ar-1200-1200,pr-true,f-auto,q-80/cms/product_variant/f97f9435-0774-412d-84c1-21135075c752.jpeg"
Breakfast & Sauces,Tea & Coffee,"https://cdn.zeptonow.com/production/tr:w-90,ar-120-121,pr-true,f-auto,q-80/cms/sub_category/163.png",Continental Xtra Instant Strong Coffee - Pouch,Continental,356,449,150 g,4.9 (362),In Stock,https://www.zeptonow.com/pn/continental-xtra-instant-strong-coffee-pouch/pvid/d984bd96-a72e-4535-8ca6-d746a46a38b5,"https://cdn.zeptonow.com/production/tr:w-1280,ar-2000-2000,pr-true,f-auto,q-80/cms/product_variant/1e2136ce-7c4b-412e-864c-97711131fbb5.jpeg"
Breakfast & Sauces,Tea & Coffee,"https://cdn.zeptonow.com/production/tr:w-90,ar-120-121,pr-true,f-auto,q-80/cms/sub_category/163.png",Tata Tea Gold All In 1 Instant Premix Masala Tea,Tata,150,150,1 pack (10 pcs),4.7 (56),In Stock,https://www.zeptonow.com/pn/tata-tea-gold-all-in-1-instant-premix-masala-tea/pvid/e34e076d-c82b-4b74-b504-066ed0971412,"https://cdn.zeptonow.com/production/tr:w-1280,ar-1200-1200,pr-true,f-auto,q-80/cms/product_variant/5fcfde8d-3855-4028-8f2c-2aceb65bb7e9.jpeg"
Breakfast & Sauces,Tea & Coffee,"https://cdn.zeptonow.com/production/tr:w-90,ar-120-121,pr-true,f-auto,q-80/cms/sub_category/163.png",Continental Xtra Instant Strong Coffee - Jar,Continental,135,180,50 g,4.8 (779),In Stock,https://www.zeptonow.com/pn/continental-xtra-instant-strong-coffee-jar/pvid/0fefdddf-a071-4565-a3ef-40e0045d4f47,"https://cdn.zeptonow.com/production/tr:w-1280,ar-2000-2000,pr-true,f-auto,q-80/cms/product_variant/bb2c5c68-f58e-4563-adc2-bb84189737a5.jpeg"
Breakfast & Sauces,Tea & Coffee,"https://cdn.zeptonow.com/production/tr:w-90,ar-120-121,pr-true,f-auto,q-80/cms/sub_category/163.png",Tetley Beauty Care - Lemon | Honey Green Tea,Tetley,185,185,1 pack (25 pcs),4.8 (85),In Stock,https://www.zeptonow.com/pn/tetley-beauty-care-lemon-honey-green-tea/pvid/3966c69d-8cf2-495e-90dd-3f0927d78a02,"https://cdn.zeptonow.com/production/tr:w-1280,ar-1200-1200,pr-true,f-auto,q-80/cms/product_variant/2e0f432c-301e-40f5-8c91-039c8f769785.jpeg"
Breakfast & Sauces,Tea & Coffee,"https://cdn.zeptonow.com/production/tr:w-90,ar-120-121,pr-true,f-auto,q-80/cms/sub_category/163.png",Tata Tea Gold Natural Black Tea,Tata,593,640,1 kg,4.8 (16.3k),In Stock,https://www.zeptonow.com/pn/tata-tea-gold-natural-black-tea/pvid/27b3694d-cafe-4bf2-9db6-188c96a250d4,"https://cdn.zeptonow.com/production/tr:w-1280,ar-1200-1200,pr-true,f-auto,q-80/cms/product_variant/b6fd9236-c975-4d84-858c-040032123a20.jpeg"
Breakfast & Sauces,Tea & Coffee,"https://cdn.zeptonow.com/production/tr:w-90,ar-120-121,pr-true,f-auto,q-80/cms/sub_category/163.png",Tetley Beauty Care Ginger - Mint | Lemon Green Tea,Tetley,185,185,1 pack (25 pcs),4.2 (57),In Stock,https://www.zeptonow.com/pn/tetley-beauty-care-ginger-mint-lemon-green-tea/pvid/d57d0ab5-44ce-476d-b8a5-15b9aa2d646e,"https://cdn.zeptonow.com/production/tr:w-1280,ar-1200-1200,pr-true,f-auto,q-80/cms/product_variant/f4ee2900-b221-4cbe-8c0e-c5f5f0b48081.jpeg"
Breakfast & Sauces,Tea & Coffee,"https://cdn.zeptonow.com/production/tr:w-90,ar-120-121,pr-true,f-auto,q-80/cms/sub_category/163.png",Bru Gold Freeze Dried Vanilla,Bru,522,600,100 g,5 (70),In Stock,https://www.zeptonow.com/pn/bru-gold-freeze-dried-vanilla/pvid/c184b31a-2992-4be7-af8d-c34c384382b9,"https://cdn.zeptonow.com/production/tr:w-1280,ar-1000-1000,pr-true,f-auto,q-80/inventory/product/b12564be-602e-4f4d-a6dd-2292c17ee9a0-/tmp/20231019-0453161.jpeg"
Breakfast & Sauces,Tea & Coffee,"https://cdn.zeptonow.com/production/tr:w-90,ar-120-121,pr-true,f-auto,q-80/cms/sub_category/163.png",Tata Coffee Grand Classic Instant Coffee,Tata,178,180,45 g,4.6 (1.4k),In Stock,https://www.zeptonow.com/pn/tata-coffee-grand-classic-instant-coffee/pvid/3af6f9fd-8d1d-4b6b-9f76-d39a9d850273,"https://cdn.zeptonow.com/production/tr:w-1280,ar-1200-1200,pr-true,f-auto,q-80/cms/product_variant/99a85374-9506-46a2-82b7-5879d4fff118.jpeg"
Breakfast & Sauces,Tea & Coffee,"https://cdn.zeptonow.com/production/tr:w-90,ar-120-121,pr-true,f-auto,q-80/cms/sub_category/163.png",Tata Tea Gold All In 1 Instant Premix Cardamom Tea,MOM,150,150,1 pack (10 pcs),4.8 (62),In Stock,https://www.zeptonow.com/pn/tata-tea-gold-all-in-1-instant-premix-cardamom-tea/pvid/0e96250f-2349-4528-8390-2f6de6d66561,"https://cdn.zeptonow.com/production/tr:w-1280,ar-1200-1200,pr-true,f-auto,q-80/cms/product_variant/f58ece4f-8d25-40b4-87d3-17a0c6695695.jpeg"
Breakfast & Sauces,Tea & Coffee,"https://cdn.zeptonow.com/production/tr:w-90,ar-120-121,pr-true,f-auto,q-80/cms/sub_category/163.png",Chaayos Detox Kahwa Organic Green Tea,Chaayos,166,209,4 g X 25,4.7 (235),In Stock,https://www.zeptonow.com/pn/chaayos-detox-kahwa-organic-green-tea/pvid/5a1abe85-e69b-411c-8c76-93f5b94b8bcb,"https://cdn.zeptonow.com/production/tr:w-1280,ar-1500-1500,pr-true,f-auto,q-80/cms/product_variant/6a69a31d-b9fa-488c-b016-5468a5e861a2.jpg"
Breakfast & Sauces,Tea & Coffee,"https://cdn.zeptonow.com/production/tr:w-90,ar-120-121,pr-true,f-auto,q-80/cms/sub_category/163.png",Society Omt Elaichi Instant Tea Premix,Society,225,250,500 g,4.7 (219),In Stock,https://www.zeptonow.com/pn/society-omt-elaichi-instant-tea-premix/pvid/84c25226-6c0b-4c35-9de0-acd467602411,"https://cdn.zeptonow.com/production/tr:w-1280,ar-1100-1100,pr-true,f-auto,q-80/cms/product_variant/74f7a2cc-7907-4e13-8515-b3dd63ef5a2c.jpg"
Breakfast & Sauces,Tea & Coffee,"https://cdn.zeptonow.com/production/tr:w-90,ar-120-121,pr-true,f-auto,q-80/cms/sub_category/163.png",Pukka Ashwagandha & Tulsi for Active Energy I Herbal Infusions,Pukka,270,299,25 g,5 (67),In Stock,https://www.zeptonow.com/pn/pukka-ashwagandha-tulsi-for-active-energy-i-herbal-infusions/pvid/82c8f918-5885-4fa8-872c-e18a8b5f7f09,"https://cdn.zeptonow.com/production/tr:w-1280,ar-1000-1000,pr-true,f-auto,q-80/cms/product_variant/48810ad1-1480-4ec4-a01c-fdb16af62a97.jpg"
Breakfast & Sauces,Tea & Coffee,"https://cdn.zeptonow.com/production/tr:w-90,ar-120-121,pr-true,f-auto,q-80/cms/sub_category/163.png",Sleepy Owl Original 100% Arabica Instant Coffee,Sleepy,126,150,1 pack (10 pcs),4.5 (152),In Stock,https://www.zeptonow.com/pn/sleepy-owl-original-100-arabica-instant-coffee/pvid/a966e73c-c4d8-49eb-acb2-c42eec874b9c,"https://cdn.zeptonow.com/production/tr:w-1280,ar-1500-1500,pr-true,f-auto,q-80/cms/product_variant/e8dc7c7c-6b7a-47e7-b12b-38f20fa2beb7.jpeg"
Breakfast & Sauces,Tea & Coffee,"https://cdn.zeptonow.com/production/tr:w-90,ar-120-121,pr-true,f-auto,q-80/cms/sub_category/163.png",Tata Tea Gold Rich & Aromatic Black Tea,Tata,778,930,1.5 kg,4.1 (483),In Stock,https://www.zeptonow.com/pn/tata-tea-gold-rich-aromatic-black-tea/pvid/6ba506bf-917e-4501-9efe-6ec801732ad9,"https://cdn.zeptonow.com/production/tr:w-1280,ar-1000-1000,pr-true,f-auto,q-80/cms/product_variant/c5718986-d9f3-43f0-a361-18188d0e61ba.jpeg"
Breakfast & Sauces,Tea & Coffee,"https://cdn.zeptonow.com/production/tr:w-90,ar-120-121,pr-true,f-auto,q-80/cms/sub_category/163.png",Sleepy Owl French Vanilla 100% Arabica Instant Coffee,Sleepy,129,150,1 pack (10 pcs),4.8 (184),In Stock,https://www.zeptonow.com/pn/sleepy-owl-french-vanilla-100-arabica-instant-coffee/pvid/8889dc4c-b05c-445c-9a8a-ac395762df3a,"https://cdn.zeptonow.com/production/tr:w-1280,ar-1500-1500,pr-true,f-auto,q-80/cms/product_variant/6a898525-31de-4959-9057-b69368545e48.jpeg"
Breakfast & Sauces,Tea & Coffee,"https://cdn.zeptonow.com/production/tr:w-90,ar-120-121,pr-true,f-auto,q-80/cms/sub_category/163.png",Pukka Mint and Ginger for Digestive Support I Herbal Infusion,Pukka,270,299,30 g,4.3 (76),In Stock,https://www.zeptonow.com/pn/pukka-mint-and-ginger-for-digestive-support-i-herbal-infusion/pvid/14e9a783-32ca-4403-af48-87aae5f3913f,"https://cdn.zeptonow.com/production/tr:w-1280,ar-1000-1000,pr-true,f-auto,q-80/cms/product_variant/f690ce58-7745-4ebd-93d1-922a25896d85.jpg"
Breakfast & Sauces,Tea & Coffee,"https://cdn.zeptonow.com/production/tr:w-90,ar-120-121,pr-true,f-auto,q-80/cms/sub_category/163.png",Continental Malgudi Filter Coffee - Flavourful | Pouch,Continental,399,460,500 g,4.7 (335),In Stock,https://www.zeptonow.com/pn/continental-malgudi-filter-coffee-flavourful-pouch/pvid/ffd7d88d-fb7e-4aa8-9106-2a16c0aa70b1,"https://cdn.zeptonow.com/production/tr:w-1280,ar-1500-1500,pr-true,f-auto,q-80/cms/product_variant/07195661-960f-47df-a472-fdc319761030.jpeg"
Breakfast & Sauces,Tea & Coffee,"https://cdn.zeptonow.com/production/tr:w-90,ar-120-121,pr-true,f-auto,q-80/cms/sub_category/163.png",Tata Tea Premium Tea,Tata,521,620,1 kg,4.7 (1.8k),In Stock,https://www.zeptonow.com/pn/tata-tea-premium-tea/pvid/191091bd-1b7e-4de2-82e3-ae090f075dbc,"https://cdn.zeptonow.com/production/tr:w-1280,ar-1000-1000,pr-true,f-auto,q-80/cms/product_variant/bdf4b4f7-ecf7-4f68-85d2-6a6571c1138c.jpg"
Breakfast & Sauces,Tea & Coffee,"https://cdn.zeptonow.com/production/tr:w-90,ar-120-121,pr-true,f-auto,q-80/cms/sub_category/163.png",Tata Tea Gold Natural Vitacare Tea,Tata,310,340,500 g,4.7 (476),In Stock,https://www.zeptonow.com/pn/tata-tea-gold-natural-vitacare-tea/pvid/542ae777-5f40-49ca-933d-f856e3ad1130,"https://cdn.zeptonow.com/production/tr:w-1280,ar-1200-1200,pr-true,f-auto,q-80/cms/product_variant/c98f0c2e-3723-49ef-a46c-74bd4e992960.jpeg"
Breakfast & Sauces,Tea & Coffee,"https://cdn.zeptonow.com/production/tr:w-90,ar-120-121,pr-true,f-auto,q-80/cms/sub_category/163.png",Continental Malgudi 80 Degree Filter Coffee - Pouch,Continental,181,200,200 g,4.7 (1.5k),In Stock,https://www.zeptonow.com/pn/continental-malgudi-80-degree-filter-coffee-pouch/pvid/2ed21d5e-56df-4616-b01a-54ba8edcc4c7,"https://cdn.zeptonow.com/production/tr:w-1280,ar-1500-1500,pr-true,f-auto,q-80/cms/product_variant/d846647b-3b24-4c24-964f-32a3d645938c.jpeg"
Breakfast & Sauces,Tea & Coffee,"https://cdn.zeptonow.com/production/tr:w-90,ar-120-121,pr-true,f-auto,q-80/cms/sub_category/163.png",Tata Tea Premium Black Tea,Tata,698,840,1.5 kg,4.8 (2.8k),In Stock,https://www.zeptonow.com/pn/tata-tea-premium-black-tea/pvid/2614d66f-c6f8-49f0-8926-82a816cf98e1,"https://cdn.zeptonow.com/production/tr:w-1280,ar-1200-1200,pr-true,f-auto,q-80/cms/product_variant/e8904baa-6187-45ba-a099-5be106cd60b2.jpeg"
Breakfast & Sauces,Tea & Coffee,"https://cdn.zeptonow.com/production/tr:w-90,ar-120-121,pr-true,f-auto,q-80/cms/sub_category/163.png",Sleepy Owl Hazelnut 100% Arabica Instant Coffee,Sleepy,129,150,1 pack (10 pcs),4.9 (171),In Stock,https://www.zeptonow.com/pn/sleepy-owl-hazelnut-100-arabica-instant-coffee/pvid/f3573189-1f13-4d66-8560-17eca6d55398,"https://cdn.zeptonow.com/production/tr:w-1280,ar-1500-1500,pr-true,f-auto,q-80/cms/product_variant/9188f294-65b7-45cd-8149-55ef0c69226e.jpeg"
Breakfast & Sauces,Tea & Coffee,"https://cdn.zeptonow.com/production/tr:w-90,ar-120-121,pr-true,f-auto,q-80/cms/sub_category/163.png",TGL Co. Premium Kashmiri Kahwa Organic Green Tea,TGL,418,449,1 pack (16 pcs),4.8 (104),In Stock,https://www.zeptonow.com/pn/tgl-co-premium-kashmiri-kahwa-organic-green-tea/pvid/5c4efcc1-ef51-4101-9e2b-1469540acca9,"https://cdn.zeptonow.com/production/tr:w-1280,ar-2104-2006,pr-true,f-auto,q-80/cms/product_variant/c26cf05f-64c8-472f-b4df-4cb5b2631294.jpeg"
Breakfast & Sauces,Tea & Coffee,"https://cdn.zeptonow.com/production/tr:w-90,ar-120-121,pr-true,f-auto,q-80/cms/sub_category/163.png",TGL Co. Sweet Dreams Herbal Tea with Chamomile Organic Herbal Tea,MOM,372,399,1 pack (16 pcs),5 (116),In Stock,https://www.zeptonow.com/pn/tgl-co-sweet-dreams-herbal-tea-with-chamomile-organic-herbal-tea/pvid/4151e4d5-89da-4c95-b3c8-b64971debd84,"https://cdn.zeptonow.com/production/tr:w-1280,ar-1500-1500,pr-true,f-auto,q-80/cms/product_variant/b1b3e624-f504-4bd5-89d0-a6f89311da27.jpeg"
Breakfast & Sauces,Tea & Coffee,"https://cdn.zeptonow.com/production/tr:w-90,ar-120-121,pr-true,f-auto,q-80/cms/sub_category/163.png",Roshi Assorted Organic Green Tea,Roshi,240,240,1 pack (25 pcs),4.5 (169),In Stock,https://www.zeptonow.com/pn/roshi-assorted-organic-green-tea/pvid/0f588e22-9f9e-4e21-9bda-3212fa7e9c9d,"https://cdn.zeptonow.com/production/tr:w-1280,ar-1000-1000,pr-true,f-auto,q-80/cms/product_variant/88c82d84-01ec-4f55-9dc3-0102ee67f79a.jpeg"
Breakfast & Sauces,Tea & Coffee,"https://cdn.zeptonow.com/production/tr:w-90,ar-120-121,pr-true,f-auto,q-80/cms/sub_category/163.png",TGL Co. Mogo Mogo with Real Fruits Organic Green Tea,TGL,511,549,1 pack (16 pcs),5 (96),In Stock,https://www.zeptonow.com/pn/tgl-co-mogo-mogo-with-real-fruits-organic-green-tea/pvid/8cb332be-b81c-42e2-92aa-0a1531998a25,"https://cdn.zeptonow.com/production/tr:w-1280,ar-2062-1966,pr-true,f-auto,q-80/cms/product_variant/da192848-113e-4dcb-b057-73354c88982b.jpeg"
Breakfast & Sauces,Tea & Coffee,"https://cdn.zeptonow.com/production/tr:w-90,ar-120-121,pr-true,f-auto,q-80/cms/sub_category/163.png",Continental Speciale Instant Coffee - Pouch,Continental,508,699,180 g,4.6 (198),In Stock,https://www.zeptonow.com/pn/continental-speciale-instant-coffee-pouch/pvid/cd5a37c1-2dbf-404a-bf55-3eded9899030,"https://cdn.zeptonow.com/production/tr:w-1280,ar-6672-5372,pr-true,f-auto,q-80/cms/product_variant/84611cf3-993e-45db-b47a-8499a0680cb6.jpg"
Breakfast & Sauces,Tea & Coffee,"https://cdn.zeptonow.com/production/tr:w-90,ar-120-121,pr-true,f-auto,q-80/cms/sub_category/163.png",Continental Malgudi Filter Coffee - Pouch,Continental,142,170,200 g,4.7 (1.2k),In Stock,https://www.zeptonow.com/pn/continental-malgudi-filter-coffee-pouch/pvid/2543793d-15e4-48ee-8ab4-14068a049b58,"https://cdn.zeptonow.com/production/tr:w-1280,ar-1500-1500,pr-true,f-auto,q-80/cms/product_variant/ff1ac6d3-97ac-458d-95dc-01a19bd8ac1b.jpeg"
Breakfast & Sauces,Tea & Coffee,"https://cdn.zeptonow.com/production/tr:w-90,ar-120-121,pr-true,f-auto,q-80/cms/sub_category/163.png",Vahdam Detox Kahwa Green Tea With Spices And Rock Salt,Vahdam,183,225,1 pack (15 pcs),4.8 (188),In Stock,https://www.zeptonow.com/pn/vahdam-detox-kahwa-green-tea-with-spices-and-rock-salt/pvid/6c41478c-a4d9-4408-b0e0-27722faf5f4a,"https://cdn.zeptonow.com/production/tr:w-1280,ar-1000-1000,pr-true,f-auto,q-80/cms/product_variant/69607a0e-36b8-4e57-ae97-252be380041b.jpeg"
Breakfast & Sauces,Tea & Coffee,"https://cdn.zeptonow.com/production/tr:w-90,ar-120-121,pr-true,f-auto,q-80/cms/sub_category/163.png",Tata Coffee Grand Premium 100% Coffee Blend Instant Coffee,Tata,431,455,90 g,4.8 (272),In Stock,https://www.zeptonow.com/pn/tata-coffee-grand-premium-100-coffee-blend-instant-coffee/pvid/b8ee3993-e055-4d97-a4a6-b1ac6c6452c0,"https://cdn.zeptonow.com/production/tr:w-1280,ar-444-884,pr-true,f-auto,q-80/cms/product_variant/70e3e079-6fbb-480f-ade4-e2ec8ada9ead.jpg"
Breakfast & Sauces,Tea & Coffee,"https://cdn.zeptonow.com/production/tr:w-90,ar-120-121,pr-true,f-auto,q-80/cms/sub_category/163.png",Tata Coffee Grand Premium 100% Coffee Blend Classic Instant Coffee,Tata,209,220,45 g,4.5 (2.0k),In Stock,https://www.zeptonow.com/pn/tata-coffee-grand-premium-100-coffee-blend-classic-instant-coffee/pvid/fd0970e7-07fa-4080-bd84-c3ac06f0fcd5,"https://cdn.zeptonow.com/production/tr:w-1280,ar-1200-1200,pr-true,f-auto,q-80/cms/product_variant/6ad3b766-06b2-4073-be1e-2fbdd8b37012.jpeg"
Breakfast & Sauces,Tea & Coffee,"https://cdn.zeptonow.com/production/tr:w-90,ar-120-121,pr-true,f-auto,q-80/cms/sub_category/163.png",Roshi Ginger and Hibiscus Digestive Herbal Tea,Roshi,230,230,1 pack (25 pcs),4.3 (138),In Stock,https://www.zeptonow.com/pn/roshi-ginger-and-hibiscus-digestive-herbal-tea/pvid/2332e59b-663b-4ef0-9ac7-5fb7a9e19795,"https://cdn.zeptonow.com/production/tr:w-1280,ar-2400-2400,pr-true,f-auto,q-80/cms/product_variant/f9da362d-cbb0-44e8-a6f4-e78a9fdeddd9.jpeg"
Breakfast & Sauces,Tea & Coffee,"https://cdn.zeptonow.com/production/tr:w-90,ar-120-121,pr-true,f-auto,q-80/cms/sub_category/163.png",3 Roses Dust Tea,3,225,225,250 g,4.8 (4.1k),In Stock,https://www.zeptonow.com/pn/3-roses-dust-tea/pvid/1c035efd-595d-4a32-a935-4eefc369edb0,"https://cdn.zeptonow.com/production/tr:w-1280,ar-1100-1100,pr-true,f-auto,q-80/cms/product_variant/472a7855-f6bb-4fdd-a129-fca82b9f001c.jpeg"
Breakfast & Sauces,Tea & Coffee,"https://cdn.zeptonow.com/production/tr:w-90,ar-120-121,pr-true,f-auto,q-80/cms/sub_category/163.png",Continental THIS Premix Coffee Powder - Cappuccino | Sachet,Continental,185,200,132 g,4.4 (460),In Stock,https://www.zeptonow.com/pn/continental-this-premix-coffee-powder-cappuccino-sachet/pvid/80f9004b-f81e-4809-9d09-acb4786f9c94,"https://cdn.zeptonow.com/production/tr:w-1280,ar-2400-2400,pr-true,f-auto,q-80/cms/product_variant/664e7bc2-f306-4715-a305-4f48fee9e445.jpg"
Breakfast & Sauces,Tea & Coffee,"https://cdn.zeptonow.com/production/tr:w-90,ar-120-121,pr-true,f-auto,q-80/cms/sub_category/163.png",Tata Tea Chakra Gold Premium Black Tea,Tata,225,225,250 g,4.7 (3.1k),In Stock,https://www.zeptonow.com/pn/tata-tea-chakra-gold-premium-black-tea/pvid/6d65c499-8ace-458b-906d-b1298063a163,"https://cdn.zeptonow.com/production/tr:w-1280,ar-1200-1200,pr-true,f-auto,q-80/cms/product_variant/3fa5a5bd-fc2a-451e-b561-f962e260c47e.jpeg"
Breakfast & Sauces,Tea & Coffee,"https://cdn.zeptonow.com/production/tr:w-90,ar-120-121,pr-true,f-auto,q-80/cms/sub_category/163.png",Wagh Bakri Premium Leaf Tea,Wagh,320,320,500 g,4.8 (16.0k),In Stock,https://www.zeptonow.com/pn/wagh-bakri-premium-leaf-tea/pvid/ac1ca509-f6dc-49b2-98ba-46158bc6642d,"https://cdn.zeptonow.com/production/tr:w-1280,ar-1200-1200,pr-true,f-auto,q-80/cms/product_variant/fd7a56d1-99c8-4f99-b4e5-dda8f648f776.jpeg"
Breakfast & Sauces,Tea & Coffee,"https://cdn.zeptonow.com/production/tr:w-90,ar-120-121,pr-true,f-auto,q-80/cms/sub_category/163.png",Continental Speciale Instant Coffee - Vanilla | Jar,Continental,238,375,50 g,4.4 (87),In Stock,https://www.zeptonow.com/pn/continental-speciale-instant-coffee-vanilla-jar/pvid/b9c295f4-8088-4835-bf28-dc5b1f73f06b,"https://cdn.zeptonow.com/production/tr:w-1280,ar-2198-3300,pr-true,f-auto,q-80/cms/product_variant/888d48a8-f8f8-4c76-a966-6669ab185642.jpeg"
Breakfast & Sauces,Tea & Coffee,"https://cdn.zeptonow.com/production/tr:w-90,ar-120-121,pr-true,f-auto,q-80/cms/sub_category/163.png",Tata Tea Chakra Gold Premium Black Tea,Tata,413,430,500 g,4.7 (2.4k),In Stock,https://www.zeptonow.com/pn/tata-tea-chakra-gold-premium-black-tea/pvid/21111c85-f51c-40fd-be6f-3a10b749ab23,"https://cdn.zeptonow.com/production/tr:w-1280,ar-1200-1200,pr-true,f-auto,q-80/cms/product_variant/6b3a23c9-ddba-47b8-bdb6-1c13dc39c25e.jpeg"
Breakfast & Sauces,Tea & Coffee,"https://cdn.zeptonow.com/production/tr:w-90,ar-120-121,pr-true,f-auto,q-80/cms/sub_category/163.png",Vahdam Turmeric and Ashwagandha Organic Herbal Tea,Vahdam,187,225,1 pack (15 pcs),5 (88),In Stock,https://www.zeptonow.com/pn/vahdam-turmeric-and-ashwagandha-organic-herbal-tea/pvid/2177289c-9c3f-4129-846a-2d87f63ad607,"https://cdn.zeptonow.com/production/tr:w-1280,ar-1500-1500,pr-true,f-auto,q-80/cms/product_variant/546df6f7-5b92-4f39-9a43-82a15707148b.jpeg"
Breakfast & Sauces,Tea & Coffee,"https://cdn.zeptonow.com/production/tr:w-90,ar-120-121,pr-true,f-auto,q-80/cms/sub_category/163.png",Wagh Bakri Premium Leaf Tea,Wagh,620,620,1 kg,4.7 (3.1k),In Stock,https://www.zeptonow.com/pn/wagh-bakri-premium-leaf-tea/pvid/9d4721e4-988a-4198-a913-295abd4ba731,"https://cdn.zeptonow.com/production/tr:w-1280,ar-1200-1200,pr-true,f-auto,q-80/cms/product_variant/2b5eb2f0-5e02-424f-9323-ef9bec3749e9.jpeg"
Breakfast & Sauces,Tea & Coffee,"https://cdn.zeptonow.com/production/tr:w-90,ar-120-121,pr-true,f-auto,q-80/cms/sub_category/163.png",3 Roses Natural Care Tea,3,245,245,250 g,4.9 (1.9k),In Stock,https://www.zeptonow.com/pn/3-roses-natural-care-tea/pvid/1095b638-4400-4a63-b460-10fcdbd15e97,"https://cdn.zeptonow.com/production/tr:w-1280,ar-1200-1200,pr-true,f-auto,q-80/cms/product_variant/d65805cb-0e6c-43c7-a02f-2cef95aeb0f1.jpeg"
Breakfast & Sauces,Tea & Coffee,"https://cdn.zeptonow.com/production/tr:w-90,ar-120-121,pr-true,f-auto,q-80/cms/sub_category/163.png",Wagh Bakri Premium Leaf Tea Box Pack,Wagh,320,320,500 g,4.7 (806),In Stock,https://www.zeptonow.com/pn/wagh-bakri-premium-leaf-tea-box-pack/pvid/01c2991e-b090-4778-b573-ae8d5e69597b,"https://cdn.zeptonow.com/production/tr:w-1280,ar-2400-2400,pr-true,f-auto,q-80/cms/product_variant/835e8fa9-359b-470d-a71e-b52cb48515c6.jpg"
Breakfast & Sauces,Tea & Coffee,"https://cdn.zeptonow.com/production/tr:w-90,ar-120-121,pr-true,f-auto,q-80/cms/sub_category/163.png",Bru Gold Freeze Dried Hazelnut,Bru,428,600,100 g,4 (129),In Stock,https://www.zeptonow.com/pn/bru-gold-freeze-dried-hazelnut/pvid/117922b0-1fbb-4867-aa2f-681b022b389b,"https://cdn.zeptonow.com/production/tr:w-1280,ar-1000-1000,pr-true,f-auto,q-80/cms/product_variant/771d2faf-714f-4abc-9399-491face31f17.jpg"
Breakfast & Sauces,Tea & Coffee,"https://cdn.zeptonow.com/production/tr:w-90,ar-120-121,pr-true,f-auto,q-80/cms/sub_category/163.png",Organic India Honey Chamomile Organic Tea Bag,MOM,233,245,1 pack (25 pcs),3.9 (367),In Stock,https://www.zeptonow.com/pn/organic-india-honey-chamomile-organic-tea-bag/pvid/40de4777-8f5d-4fe4-894d-8074a8c2945c,"https://cdn.zeptonow.com/production/tr:w-1280,ar-1500-1500,pr-true,f-auto,q-80/cms/product_variant/3e1af1b8-e43b-461e-a48a-f3f90075becd.jpeg"
Breakfast & Sauces,Tea & Coffee,"https://cdn.zeptonow.com/production/tr:w-90,ar-120-121,pr-true,f-auto,q-80/cms/sub_category/163.png",Sleepy Owl French Vanilla Latte Medium Roast Coffee Premix,Sleepy,126,150,1 pc,4.5 (65),In Stock,https://www.zeptonow.com/pn/sleepy-owl-french-vanilla-latte-medium-roast-coffee-premix/pvid/f21528dc-2b39-45c3-97e0-ee34f4a43fb4,"https://cdn.zeptonow.com/production/tr:w-1280,ar-1500-1500,pr-true,f-auto,q-80/cms/product_variant/8c46af86-1cd4-4f15-aa37-e76052e1570b.jpeg"
Breakfast & Sauces,Tea & Coffee,"https://cdn.zeptonow.com/production/tr:w-90,ar-120-121,pr-true,f-auto,q-80/cms/sub_category/163.png",Taj Mahal Tea | Rich and Flavourful Chai,Taj,200,200,250 g,4.8 (17.2k),In Stock,https://www.zeptonow.com/pn/taj-mahal-tea-rich-and-flavourful-chai/pvid/4ac2eaf8-4f7f-4b66-9d6a-2c7100199094,"https://cdn.zeptonow.com/production/tr:w-1280,ar-2400-2400,pr-true,f-auto,q-80/cms/product_variant/79e34732-3a5a-4a54-8c0d-19d617261f79.jpeg"
Breakfast & Sauces,Tea & Coffee,"https://cdn.zeptonow.com/production/tr:w-90,ar-120-121,pr-true,f-auto,q-80/cms/sub_category/163.png",Tata Coffee Grand Premium Classic Medium Roast Instant Coffee,Tata,226,235,45 g,4.6 (1.8k),In Stock,https://www.zeptonow.com/pn/tata-coffee-grand-premium-classic-medium-roast-instant-coffee/pvid/e733c000-4811-48b7-8e3c-e747a5a2d6e4,"https://cdn.zeptonow.com/production/tr:w-1280,ar-1200-1200,pr-true,f-auto,q-80/cms/product_variant/4e355775-ce4a-423d-a36a-ce33be58f462.jpeg"
Breakfast & Sauces,Tea & Coffee,"https://cdn.zeptonow.com/production/tr:w-90,ar-120-121,pr-true,f-auto,q-80/cms/sub_category/163.png",Continental Speciale Hazelnut Flavored Instant Coffee,Continental,212,375,50 g,3.9 (78),In Stock,https://www.zeptonow.com/pn/continental-speciale-hazelnut-flavored-instant-coffee/pvid/0939b521-9603-4db5-b1c5-f6702dc9df7d,"https://cdn.zeptonow.com/production/tr:w-1280,ar-2198-3300,pr-true,f-auto,q-80/cms/product_variant/d6dbe563-2ec1-47d5-b7f6-85d94427c991.jpeg"
Breakfast & Sauces,Tea & Coffee,"https://cdn.zeptonow.com/production/tr:w-90,ar-120-121,pr-true,f-auto,q-80/cms/sub_category/163.png",Taj Mahal Tea Bags|Rich and Flavourful Chai,Taj,220,220,1 pack (100 pcs),4.7 (1.5k),In Stock,https://www.zeptonow.com/pn/taj-mahal-tea-bagsrich-and-flavourful-chai/pvid/f1fb003e-84bd-44e0-abbb-91e967c78e43,"https://cdn.zeptonow.com/production/tr:w-1280,ar-900-900,pr-true,f-auto,q-80/inventory/product/9b587588-d752-4f89-af79-9b62e58f6aef-tmp/36cc2b17-8ec1-4ec6-807b-0ac902b44826.jpeg"
Breakfast & Sauces,Tea & Coffee,"https://cdn.zeptonow.com/production/tr:w-90,ar-120-121,pr-true,f-auto,q-80/cms/sub_category/163.png",Taj Mahal Tea | Rich and Flavourful Chai,Taj,351,380,500 g,4.8 (15.3k),In Stock,https://www.zeptonow.com/pn/taj-mahal-tea-rich-and-flavourful-chai/pvid/6543ff39-5838-479a-a807-4050160061fb,"https://cdn.zeptonow.com/production/tr:w-1280,ar-1200-1200,pr-true,f-auto,q-80/cms/product_variant/b0a2d6dd-8e67-41cd-983c-7a0c3c85b182.jpeg"
Breakfast & Sauces,Tea & Coffee,"https://cdn.zeptonow.com/production/tr:w-90,ar-120-121,pr-true,f-auto,q-80/cms/sub_category/163.png",Tata Tea Gold Care Masala Tea,Tata,637,670,1 kg,4.7 (680),In Stock,https://www.zeptonow.com/pn/tata-tea-gold-care-masala-tea/pvid/b7e3c478-b899-4f7f-a89d-1d6b253dc8af,"https://cdn.zeptonow.com/production/tr:w-1280,ar-1200-1200,pr-true,f-auto,q-80/cms/product_variant/ac598b9a-cb17-483c-bd76-f586ff8f2980.jpeg"
Breakfast & Sauces,Tea & Coffee,"https://cdn.zeptonow.com/production/tr:w-90,ar-120-121,pr-true,f-auto,q-80/cms/sub_category/163.png",Taj Mahal Tea | Rich and Flavourful Chai,Taj,95,95,100 g,4.8 (17.2k),In Stock,https://www.zeptonow.com/pn/taj-mahal-tea-rich-and-flavourful-chai/pvid/4d9590cc-787d-4c6f-bee2-dcf777eaa388,"https://cdn.zeptonow.com/production/tr:w-1280,ar-1200-1200,pr-true,f-auto,q-80/cms/product_variant/f7de9616-31f0-4f61-8ccc-b66728fd21ca.jpeg"
Breakfast & Sauces,Tea & Coffee,"https://cdn.zeptonow.com/production/tr:w-90,ar-120-121,pr-true,f-auto,q-80/cms/sub_category/163.png",Wagh Bakri Premium Spiced Tea,Wagh,330,340,500 g,4.8 (4.1k),In Stock,https://www.zeptonow.com/pn/wagh-bakri-premium-spiced-tea/pvid/d66bda7a-868d-4c35-a1d5-d60809135be2,"https://cdn.zeptonow.com/production/tr:w-1280,ar-2400-2400,pr-true,f-auto,q-80/cms/product_variant/0a916c92-1375-4832-a0c0-cb5488850ccb.jpg"
Breakfast & Sauces,Tea & Coffee,"https://cdn.zeptonow.com/production/tr:w-90,ar-120-121,pr-true,f-auto,q-80/cms/sub_category/163.png",Wagh Bakri Premium Spiced Tea,Wagh,170,170,250 g,4.8 (6.2k),In Stock,https://www.zeptonow.com/pn/wagh-bakri-premium-spiced-tea/pvid/aadd8c72-5892-497d-93d4-ad8f3c69d7fb,"https://cdn.zeptonow.com/production/tr:w-1280,ar-1200-1200,pr-true,f-auto,q-80/cms/product_variant/5d684e92-30d5-4ea2-b622-fd52c4bdd434.jpeg"
Breakfast & Sauces,Tea & Coffee,"https://cdn.zeptonow.com/production/tr:w-90,ar-120-121,pr-true,f-auto,q-80/cms/sub_category/163.png",Brooke Bond Red Label Natural Care Tea,Brooke,286,305,500 g,4.8 (13.1k),In Stock,https://www.zeptonow.com/pn/brooke-bond-red-label-natural-care-tea/pvid/e57d8f7b-839a-47e4-8976-0ebbdc415328,"https://cdn.zeptonow.com/production/tr:w-1280,ar-1200-1200,pr-true,f-auto,q-80/cms/product_variant/67d85afb-8881-4079-9125-db24f30511f5.jpeg"
Breakfast & Sauces,Tea & Coffee,"https://cdn.zeptonow.com/production/tr:w-90,ar-120-121,pr-true,f-auto,q-80/cms/sub_category/163.png",Levista Classic Pure Instant Coffee Pouch,Levista,480,640,100 g,5 (78),In Stock,https://www.zeptonow.com/pn/levista-classic-pure-instant-coffee-pouch/pvid/11271764-26c5-4ed2-a539-7d75cbc49cdc,"https://cdn.zeptonow.com/production/tr:w-1280,ar-2400-2400,pr-true,f-auto,q-80/cms/product_variant/803c1440-a43a-4a0b-a808-bdfaa72141ce.jpg"
Breakfast & Sauces,Tea & Coffee,"https://cdn.zeptonow.com/production/tr:w-90,ar-120-121,pr-true,f-auto,q-80/cms/sub_category/163.png",Brooke Bond Red Label Natural Care Tea,Brooke,160,160,250 g,4.8 (16.7k),In Stock,https://www.zeptonow.com/pn/brooke-bond-red-label-natural-care-tea/pvid/9016525f-35ec-40f0-a4b9-83df8d9e719c,"https://cdn.zeptonow.com/production/tr:w-1280,ar-1200-1200,pr-true,f-auto,q-80/cms/product_variant/9f555e4d-e114-4bcd-b575-a1970523520c.jpeg"
Breakfast & Sauces,Tea & Coffee,"https://cdn.zeptonow.com/production/tr:w-90,ar-120-121,pr-true,f-auto,q-80/cms/sub_category/163.png",Tata Tea Gold Care Cardamom and Ginger Tea,MOM,167,175,250 g,4.7 (6.4k),In Stock,https://www.zeptonow.com/pn/tata-tea-gold-care-cardamom-and-ginger-tea/pvid/07d9b8f1-63ee-4eea-96f2-4633c1014312,"https://cdn.zeptonow.com/production/tr:w-1280,ar-1200-1200,pr-true,f-auto,q-80/cms/product_variant/cffae2c2-6958-486b-946d-21d9c0b80dbb.jpeg"
Breakfast & Sauces,Tea & Coffee,"https://cdn.zeptonow.com/production/tr:w-90,ar-120-121,pr-true,f-auto,q-80/cms/sub_category/163.png",TGL Co. Creamy Hazelnut Medium Roast Organic Instant Coffee,TGL,552,649,100 g,3.9 (92),In Stock,https://www.zeptonow.com/pn/tgl-co-creamy-hazelnut-medium-roast-organic-instant-coffee/pvid/ffb395af-75f9-4171-9f61-21d715335c1a,"https://cdn.zeptonow.com/production/tr:w-1280,ar-1080-1080,pr-true,f-auto,q-80/cms/product_variant/76ee6286-b17a-41d3-aa22-a8324467b2c7.jpeg"
Breakfast & Sauces,Tea & Coffee,"https://cdn.zeptonow.com/production/tr:w-90,ar-120-121,pr-true,f-auto,q-80/cms/sub_category/163.png",Amul Tea Mix - Masala,Amul,150,150,1 pack (10 pcs),4.7 (719),In Stock,https://www.zeptonow.com/pn/amul-tea-mix-masala/pvid/df9debd6-60d6-45fd-8037-d5e28c705198,"https://cdn.zeptonow.com/production/tr:w-1280,ar-3000-3000,pr-true,f-auto,q-80/cms/product_variant/53e3ca5e-936c-47f9-91c4-5d3e0cab8f2b.jpeg"
Breakfast & Sauces,Tea & Coffee,"https://cdn.zeptonow.com/production/tr:w-90,ar-120-121,pr-true,f-auto,q-80/cms/sub_category/163.png",Brew & Bliss Irish Cream Instant Coffee,Brew,506,595,100 g,4.5 (100),In Stock,https://www.zeptonow.com/pn/brew-bliss-irish-cream-instant-coffee/pvid/ffc099ed-af53-460c-96af-f2b909a9880c,"https://cdn.zeptonow.com/production/tr:w-1280,ar-1080-1080,pr-true,f-auto,q-80/cms/product_variant/7afcd568-4ffa-4f6f-bd8a-2896815aa77a.jpeg"
Breakfast & Sauces,Tea & Coffee,"https://cdn.zeptonow.com/production/tr:w-90,ar-120-121,pr-true,f-auto,q-80/cms/sub_category/163.png",Levista Strong Instant Coffee,Levista,383,510,100 g,4.3 (1.4k),In Stock,https://www.zeptonow.com/pn/levista-strong-instant-coffee/pvid/44788b2e-717c-436a-8f68-833b2ca12038,"https://cdn.zeptonow.com/production/tr:w-1280,ar-2400-2400,pr-true,f-auto,q-80/cms/product_variant/d8866e8f-defd-404b-bc22-43d76ebe979b.jpg"
Breakfast & Sauces,Tea & Coffee,"https://cdn.zeptonow.com/production/tr:w-90,ar-120-121,pr-true,f-auto,q-80/cms/sub_category/163.png",Wagh Bakri Premium Gold Pattian Tea,Wagh,200,200,250 g,4.7 (103),In Stock,https://www.zeptonow.com/pn/wagh-bakri-premium-gold-pattian-tea/pvid/c8fa331f-5b6b-42fc-872d-ae9e33d16ba1,"https://cdn.zeptonow.com/production/tr:w-1280,ar-2400-2400,pr-true,f-auto,q-80/cms/product_variant/9c0a08b3-e212-40f7-9bc5-13c04ac964fe.jpg"
Breakfast & Sauces,Tea & Coffee,"https://cdn.zeptonow.com/production/tr:w-90,ar-120-121,pr-true,f-auto,q-80/cms/sub_category/163.png",Taj Mahal Tea Bags|Rich and Flavourful Chai,Taj,80,80,1.9 g X 25,4.7 (2.6k),In Stock,https://www.zeptonow.com/pn/taj-mahal-tea-bagsrich-and-flavourful-chai/pvid/dc59b337-254d-43c3-9396-9a28da3eb82f,"https://cdn.zeptonow.com/production/tr:w-1280,ar-2400-2400,pr-true,f-auto,q-80/cms/product_variant/c885402c-42bc-4161-9176-f6e89320f1e7.jpg"
Breakfast & Sauces,Tea & Coffee,"https://cdn.zeptonow.com/production/tr:w-90,ar-120-121,pr-true,f-auto,q-80/cms/sub_category/163.png",Davidoff Expresso Classic Medium Roast Instant Coffee,Davidoff,637,749,100 g,4.9 (795),In Stock,https://www.zeptonow.com/pn/davidoff-expresso-classic-medium-roast-instant-coffee/pvid/57a29b86-86d6-4f86-8beb-761653b459d4,"https://cdn.zeptonow.com/production/tr:w-1280,ar-2400-2400,pr-true,f-auto,q-80/cms/product_variant/a97dc9c7-e535-49eb-8c33-837f74dfdbc1.jpeg"
Breakfast & Sauces,Tea & Coffee,"https://cdn.zeptonow.com/production/tr:w-90,ar-120-121,pr-true,f-auto,q-80/cms/sub_category/163.png",Nescafe Gold Blend Rich And Smooth Instant Coffee,Nescafe,1349,1349,200 g,4.6 (100),In Stock,https://www.zeptonow.com/pn/nescafe-gold-blend-rich-and-smooth-instant-coffee/pvid/e9086a76-6720-4873-8386-31fc3a889142,"https://cdn.zeptonow.com/production/tr:w-1280,ar-2000-2000,pr-true,f-auto,q-80/cms/product_variant/fda176de-0580-4e5d-8841-b08e1381e8d8.jpeg"
Breakfast & Sauces,Tea & Coffee,"https://cdn.zeptonow.com/production/tr:w-90,ar-120-121,pr-true,f-auto,q-80/cms/sub_category/163.png",Wagh Bakri Ginger Tea Premix,Wagh,142,150,140 g,4.6 (543),In Stock,https://www.zeptonow.com/pn/wagh-bakri-ginger-tea-premix/pvid/086c74f5-c7f5-46b6-afc5-4fe8d5fa15c1,"https://cdn.zeptonow.com/production/tr:w-1280,ar-2400-2400,pr-true,f-auto,q-80/cms/product_variant/b61c48e5-5a7b-40a4-b565-d7a3e0bd2b24.jpg"
Breakfast & Sauces,Tea & Coffee,"https://cdn.zeptonow.com/production/tr:w-90,ar-120-121,pr-true,f-auto,q-80/cms/sub_category/163.png",Davidoff Origins Brazil Flavour Instant Coffee,Davidoff,765,899,100 g,4.7 (107),In Stock,https://www.zeptonow.com/pn/davidoff-origins-brazil-flavour-instant-coffee/pvid/c84b3912-f144-4d88-9852-a852498ee2a8,"https://cdn.zeptonow.com/production/tr:w-1280,ar-1200-1200,pr-true,f-auto,q-80/cms/product_variant/1c04331f-8f21-4877-8d9f-81d49b390a10.jpg"
Breakfast & Sauces,Tea & Coffee,"https://cdn.zeptonow.com/production/tr:w-90,ar-120-121,pr-true,f-auto,q-80/cms/sub_category/163.png",Narasus Strong Classic Instant Coffee,Narasus,135,135,50 g,4.9 (584),In Stock,https://www.zeptonow.com/pn/narasus-strong-classic-instant-coffee/pvid/01f9d38b-61c7-42f4-b172-22222f884158,"https://cdn.zeptonow.com/production/tr:w-1280,ar-2400-2400,pr-true,f-auto,q-80/cms/product_variant/ff984f2f-aced-4843-9e8b-615fa578fb8e.jpg"
Breakfast & Sauces,Tea & Coffee,"https://cdn.zeptonow.com/production/tr:w-90,ar-120-121,pr-true,f-auto,q-80/cms/sub_category/163.png",SitaVatika Tea Masala,SitaVatika,112,159,100 g,4.3 (186),In Stock,https://www.zeptonow.com/pn/sitavatika-tea-masala/pvid/6a3f9648-48aa-46f1-b842-561f57e6eb83,"https://cdn.zeptonow.com/production/tr:w-1280,ar-1500-1500,pr-true,f-auto,q-80/cms/product_variant/15dd5d3a-0119-4cbd-817d-78838621809a.jpeg"
Breakfast & Sauces,Tea & Coffee,"https://cdn.zeptonow.com/production/tr:w-90,ar-120-121,pr-true,f-auto,q-80/cms/sub_category/163.png",Levista Premium Instant Coffee,Levista,191,280,50 g,4.8 (1.2k),In Stock,https://www.zeptonow.com/pn/levista-premium-instant-coffee/pvid/e413b65c-eee9-46fb-bd03-1ab435c380e5,"https://cdn.zeptonow.com/production/tr:w-1280,ar-1500-1500,pr-true,f-auto,q-80/cms/product_variant/c216280e-5c13-493e-a35f-a6844a9eb431.jpeg"
Breakfast & Sauces,Tea & Coffee,"https://cdn.zeptonow.com/production/tr:w-90,ar-120-121,pr-true,f-auto,q-80/cms/sub_category/163.png",Tata Tea Kanan Devan Dust Tea Tea,Tata,99,105,250 g,4.6 (2.7k),In Stock,https://www.zeptonow.com/pn/tata-tea-kanan-devan-dust-tea-tea/pvid/27a5becf-9fa1-47e3-88e7-188723782b40,"https://cdn.zeptonow.com/production/tr:w-1280,ar-1200-1200,pr-true,f-auto,q-80/cms/product_variant/42ecd427-5b9a-4af2-8a65-a285ed7ba917.jpg"
Breakfast & Sauces,Tea & Coffee,"https://cdn.zeptonow.com/production/tr:w-90,ar-120-121,pr-true,f-auto,q-80/cms/sub_category/163.png",Nescafe Sunrise Instant Coffee,Nescafe,130,160,45 g,4.7 (658),In Stock,https://www.zeptonow.com/pn/nescafe-sunrise-instant-coffee/pvid/a3659ff9-e509-4328-89b1-226f86e02e99,"https://cdn.zeptonow.com/production/tr:w-1280,ar-1000-1000,pr-true,f-auto,q-80/cms/product_variant/36740297-aa2b-42e1-a147-a7211f46027f.jpeg"
Breakfast & Sauces,Tea & Coffee,"https://cdn.zeptonow.com/production/tr:w-90,ar-120-121,pr-true,f-auto,q-80/cms/sub_category/163.png",Avt Premium Filter Coffee,Avt,438,440,500 g,4.9 (335),In Stock,https://www.zeptonow.com/pn/avt-premium-filter-coffee/pvid/ecd5db32-6911-40a8-9197-969f7dfd4a12,"https://cdn.zeptonow.com/production/tr:w-1280,ar-2400-2400,pr-true,f-auto,q-80/cms/product_variant/76673275-132c-43fe-855b-28bc99e4d30b.jpg"
Breakfast & Sauces,Tea & Coffee,"https://cdn.zeptonow.com/production/tr:w-90,ar-120-121,pr-true,f-auto,q-80/cms/sub_category/163.png",Tata Tea Chakra Premium Gold Black Tea,Tata,409,470,500 g,4.9 (410),In Stock,https://www.zeptonow.com/pn/tata-tea-chakra-premium-gold-black-tea/pvid/1d546af2-d47a-4286-ab38-1187b076f341,"https://cdn.zeptonow.com/production/tr:w-1280,ar-856-865,pr-true,f-auto,q-80/cms/product_variant/17555fbf-4d82-445c-a7f4-c50e1699333a.jpeg"
Breakfast & Sauces,Tea & Coffee,"https://cdn.zeptonow.com/production/tr:w-90,ar-120-121,pr-true,f-auto,q-80/cms/sub_category/163.png",Tata Tea Agni Dust Black Tea,Tata,66,70,250 g,4.6 (6.3k),In Stock,https://www.zeptonow.com/pn/tata-tea-agni-dust-black-tea/pvid/2b85bd72-a445-4933-9a85-20b796e7286c,"https://cdn.zeptonow.com/production/tr:w-1280,ar-2400-2400,pr-true,f-auto,q-80/cms/product_variant/bee5421f-666c-4cfa-8583-03b658cb7c70.jpg"
Breakfast & Sauces,Tea & Coffee,"https://cdn.zeptonow.com/production/tr:w-90,ar-120-121,pr-true,f-auto,q-80/cms/sub_category/163.png",Nescafe Gold Blend Rich and Smooth Arabica and Robusta Instant Coffee,Nescafe,670,750,100 g,4.7 (1.6k),In Stock,https://www.zeptonow.com/pn/nescafe-gold-blend-rich-and-smooth-arabica-and-robusta-instant-coffee/pvid/bee9353f-3ec3-4fdf-a077-e1b31b10dca4,"https://cdn.zeptonow.com/production/tr:w-1280,ar-2000-2000,pr-true,f-auto,q-80/cms/product_variant/998928b5-a6f5-4d37-9e32-71c981261bc2.jpeg"
Breakfast & Sauces,Tea & Coffee,"https://cdn.zeptonow.com/production/tr:w-90,ar-120-121,pr-true,f-auto,q-80/cms/sub_category/163.png",Hasmukhrai & Co. Society Natural Premium Tea,Hasmukhrai,678,680,1 kg,4.8 (71),In Stock,https://www.zeptonow.com/pn/hasmukhrai-co-society-natural-premium-tea/pvid/6392957b-be4d-46e8-b197-1c758033fb2c,"https://cdn.zeptonow.com/production/tr:w-1280,ar-2400-2400,pr-true,f-auto,q-80/cms/product_variant/b7417462-08d2-49d7-960f-413b5e96b493.jpeg"
Breakfast & Sauces,Tea & Coffee,"https://cdn.zeptonow.com/production/tr:w-90,ar-120-121,pr-true,f-auto,q-80/cms/sub_category/163.png",Tata Tea Kanan Devan Black Tea,Tata,132,140,250 g,4.7 (453),In Stock,https://www.zeptonow.com/pn/tata-tea-kanan-devan-black-tea/pvid/22627253-6262-47e0-a7ac-30697e845c80,"https://cdn.zeptonow.com/production/tr:w-1280,ar-2400-2400,pr-true,f-auto,q-80/cms/product_variant/8bbea94d-61f2-4f83-a193-cff76bd1c95a.jpg"
Breakfast & Sauces,Tea & Coffee,"https://cdn.zeptonow.com/production/tr:w-90,ar-120-121,pr-true,f-auto,q-80/cms/sub_category/163.png",Cothas Speciality Blend Organic Filter Coffee,Cothas,510,510,500 g,4.8 (1.4k),In Stock,https://www.zeptonow.com/pn/cothas-speciality-blend-organic-filter-coffee/pvid/3d731888-163e-45a6-b311-02bacb94dcaa,"https://cdn.zeptonow.com/production/tr:w-1280,ar-2400-2400,pr-true,f-auto,q-80/cms/product_variant/dbb83c16-6d88-4086-98b2-f5a875ff0dbd.jpeg"
Breakfast & Sauces,Tea & Coffee,"https://cdn.zeptonow.com/production/tr:w-90,ar-120-121,pr-true,f-auto,q-80/cms/sub_category/163.png",VS Mani Filter Coffee Powder | 80:20 Blend,VS,186,200,200 g,4.4 (1.2k),In Stock,https://www.zeptonow.com/pn/vs-mani-filter-coffee-powder-8020-blend/pvid/79fd3638-b38c-42e4-aa42-c30d50b440b0,"https://cdn.zeptonow.com/production/tr:w-1280,ar-2083-2083,pr-true,f-auto,q-80/cms/product_variant/a2b02297-43c4-4fbb-8d53-7b51e389939f.jpeg"
Breakfast & Sauces,Tea & Coffee,"https://cdn.zeptonow.com/production/tr:w-90,ar-120-121,pr-true,f-auto,q-80/cms/sub_category/163.png",Tata Tea Agni Strong Leaf 10% Extra Strong Black Tea,Tata,510,560,1 kg,4.7 (6.5k),In Stock,https://www.zeptonow.com/pn/tata-tea-agni-strong-leaf-10-extra-strong-black-tea/pvid/263e5e33-8d4a-454a-bfab-9d4e7592918e,"https://cdn.zeptonow.com/production/tr:w-1280,ar-1200-1200,pr-true,f-auto,q-80/cms/product_variant/b07b7e81-a571-4f8d-bfae-0820ad0d3d8d.jpeg"
Breakfast & Sauces,Tea & Coffee,"https://cdn.zeptonow.com/production/tr:w-90,ar-120-121,pr-true,f-auto,q-80/cms/sub_category/163.png",Nescafe Sunrise Instant Coffee,Nescafe,319,320,90 g,4.5 (345),In Stock,https://www.zeptonow.com/pn/nescafe-sunrise-instant-coffee/pvid/fbd4aae3-6e3a-4a19-89ec-57053f37be65,"https://cdn.zeptonow.com/production/tr:w-1280,ar-1000-1000,pr-true,f-auto,q-80/cms/product_variant/0c9e4555-0fc3-4683-943b-a1a28be8bc5a.jpeg"
Breakfast & Sauces,Tea & Coffee,"https://cdn.zeptonow.com/production/tr:w-90,ar-120-121,pr-true,f-auto,q-80/cms/sub_category/163.png",Tata Tea Gold Care Cardamom and Ginger Black Tea,MOM,312,335,500 g,4.8 (1.0k),In Stock,https://www.zeptonow.com/pn/tata-tea-gold-care-cardamom-and-ginger-black-tea/pvid/82c76eec-2c56-4ad3-8316-84baae4a7ee4,"https://cdn.zeptonow.com/production/tr:w-1280,ar-2400-2400,pr-true,f-auto,q-80/cms/product_variant/0a4e4feb-0ab3-4908-aaba-1892de8384e1.jpeg"
Breakfast & Sauces,Tea & Coffee,"https://cdn.zeptonow.com/production/tr:w-90,ar-120-121,pr-true,f-auto,q-80/cms/sub_category/163.png",Davidoff Rich Aroma Arabica and Robusta Light Instant Coffee,Davidoff,600,749,100 g,4.8 (951),In Stock,https://www.zeptonow.com/pn/davidoff-rich-aroma-arabica-and-robusta-light-instant-coffee/pvid/524a61f9-0d1f-44a6-bf05-68001ed2aa63,"https://cdn.zeptonow.com/production/tr:w-1280,ar-2400-2400,pr-true,f-auto,q-80/cms/product_variant/d98464e9-7f79-4e35-b619-919796e1f52a.jpeg"
Breakfast & Sauces,Tea & Coffee,"https://cdn.zeptonow.com/production/tr:w-90,ar-120-121,pr-true,f-auto,q-80/cms/sub_category/163.png",Amul Tea Mix - Ginger,Amul,150,150,1 pack (10 pcs),4.4 (388),In Stock,https://www.zeptonow.com/pn/amul-tea-mix-ginger/pvid/56171523-9944-4871-ade8-12c1ffcbe045,"https://cdn.zeptonow.com/production/tr:w-1280,ar-3000-3000,pr-true,f-auto,q-80/cms/product_variant/9f44be60-c697-4e3a-81fe-109fbec463dc.jpeg"
Breakfast & Sauces,Tea & Coffee,"https://cdn.zeptonow.com/production/tr:w-90,ar-120-121,pr-true,f-auto,q-80/cms/sub_category/163.png",Davidoff Decaf Elegant Medium Roast Instant Coffee,Davidoff,765,899,100 g,4.9 (90),In Stock,https://www.zeptonow.com/pn/davidoff-decaf-elegant-medium-roast-instant-coffee/pvid/3f6cec82-cab9-4221-b2aa-19eb288408c8,"https://cdn.zeptonow.com/production/tr:w-1280,ar-1200-1200,pr-true,f-auto,q-80/cms/product_variant/b06e8407-0343-4e47-a029-1747abd07a41.jpg"
Breakfast & Sauces,Tea & Coffee,"https://cdn.zeptonow.com/production/tr:w-90,ar-120-121,pr-true,f-auto,q-80/cms/sub_category/163.png",Colombian Brew Cappuccino Medium Roast Coffee Premix,Colombian,220,249,8x20g = 160g,4.4 (381),In Stock,https://www.zeptonow.com/pn/colombian-brew-cappuccino-medium-roast-coffee-premix/pvid/ec9ddf79-2031-41f5-a322-19b02299a276,"https://cdn.zeptonow.com/production/tr:w-1280,ar-1500-1500,pr-true,f-auto,q-80/cms/product_variant/258add83-43b3-4cf6-bab2-0187ed84a117.jpeg"
Breakfast & Sauces,Tea & Coffee,"https://cdn.zeptonow.com/production/tr:w-90,ar-120-121,pr-true,f-auto,q-80/cms/sub_category/163.png",Davidoff Crema Intense Arabica and Robusta Medium Roast Instant Coffee,Davidoff,637,749,90 g,4.1 (406),In Stock,https://www.zeptonow.com/pn/davidoff-crema-intense-arabica-and-robusta-medium-roast-instant-coffee/pvid/0110f361-3a3f-4121-ab58-c24993238b31,"https://cdn.zeptonow.com/production/tr:w-1280,ar-1200-1200,pr-true,f-auto,q-80/cms/product_variant/d76c3f8b-ad93-48bd-8d1f-740e6feb3691.jpeg"
Breakfast & Sauces,Tea & Coffee,"https://cdn.zeptonow.com/production/tr:w-90,ar-120-121,pr-true,f-auto,q-80/cms/sub_category/163.png",Nescafe Sunrise Instant Coffee,Nescafe,180,180,45 g,4.7 (704),In Stock,https://www.zeptonow.com/pn/nescafe-sunrise-instant-coffee/pvid/23433b9c-2997-4c46-abbb-b296440841b8,"https://cdn.zeptonow.com/production/tr:w-1280,ar-870-867,pr-true,f-auto,q-80/cms/product_variant/c9f2a77a-4586-4881-8fc3-8259fbf3cd5b.jpg"
Breakfast & Sauces,Tea & Coffee,"https://cdn.zeptonow.com/production/tr:w-90,ar-120-121,pr-true,f-auto,q-80/cms/sub_category/163.png",VS Mani Pure Filter Coffee Powder,VS,320,400,200 g,4 (69),In Stock,https://www.zeptonow.com/pn/vs-mani-pure-filter-coffee-powder/pvid/0cd91662-8b0f-408c-a4dc-e308c4377784,"https://cdn.zeptonow.com/production/tr:w-1280,ar-1200-1200,pr-true,f-auto,q-80/cms/product_variant/1269805d-b29e-4233-87ae-8674e998e63c.jpg"
Breakfast & Sauces,Tea & Coffee,"https://cdn.zeptonow.com/production/tr:w-90,ar-120-121,pr-true,f-auto,q-80/cms/sub_category/163.png",Davidoff Fine Aroma Arabica and Robusta Light Instant Coffee,Davidoff,637,749,100 g,4.8 (847),In Stock,https://www.zeptonow.com/pn/davidoff-fine-aroma-arabica-and-robusta-light-instant-coffee/pvid/9000abf2-d4c1-472c-ab63-849661941636,"https://cdn.zeptonow.com/production/tr:w-1280,ar-2400-2400,pr-true,f-auto,q-80/cms/product_variant/f8da00eb-40a6-4244-8b96-cb3f0b7cb809.jpeg"
Breakfast & Sauces,Tea & Coffee,"https://cdn.zeptonow.com/production/tr:w-90,ar-120-121,pr-true,f-auto,q-80/cms/sub_category/163.png",VS Mani Signature Instant Coffee | South Indian Blend | 70:30 Blend,VS,171,190,100 g,4.5 (206),In Stock,https://www.zeptonow.com/pn/vs-mani-signature-instant-coffee-south-indian-blend-7030-blend/pvid/ce27931c-5481-4857-8fc4-932f3353e349,"https://cdn.zeptonow.com/production/tr:w-1280,ar-1200-1200,pr-true,f-auto,q-80/cms/product_variant/a89a56e3-758c-4545-82a2-aabf9d19c3c5.jpg"
Breakfast & Sauces,Tea & Coffee,"https://cdn.zeptonow.com/production/tr:w-90,ar-120-121,pr-true,f-auto,q-80/cms/sub_category/163.png",Cothas Speciality Blend Organic Filter Coffee,Cothas,204,206,200 g,4.8 (2.1k),In Stock,https://www.zeptonow.com/pn/cothas-speciality-blend-organic-filter-coffee/pvid/798255cc-4ad4-488c-a0d2-afdd91c4665f,"https://cdn.zeptonow.com/production/tr:w-1280,ar-4000-4000,pr-true,f-auto,q-80/cms/product_variant/2baa6147-6e0b-4321-849b-f43b82180d5a.jpeg"
Breakfast & Sauces,Tea & Coffee,"https://cdn.zeptonow.com/production/tr:w-90,ar-120-121,pr-true,f-auto,q-80/cms/sub_category/163.png",Blue Tokai Silver Oak French Press Medium Roast Ground Coffee,Blue,486,540,250 g,4.4 (117),In Stock,https://www.zeptonow.com/pn/blue-tokai-silver-oak-french-press-medium-roast-ground-coffee/pvid/ca84eaf6-342e-43c7-822c-cfd94a6c917c,"https://cdn.zeptonow.com/production/tr:w-1280,ar-1000-1000,pr-true,f-auto,q-80/cms/product_variant/42f2f98f-6b1a-41ad-b38f-6ac4795a0647.jpg"
Breakfast & Sauces,Tea & Coffee,"https://cdn.zeptonow.com/production/tr:w-90,ar-120-121,pr-true,f-auto,q-80/cms/sub_category/163.png",Narasus Udhayam Blend Filter Coffee,Narasus,95,95,100 g,4.8 (535),In Stock,https://www.zeptonow.com/pn/narasus-udhayam-blend-filter-coffee/pvid/4f3fce38-d6eb-4da3-b41f-5de2eaf633aa,"https://cdn.zeptonow.com/production/tr:w-1280,ar-1000-1000,pr-true,f-auto,q-80/cms/product_variant/b0511550-81b9-4ce1-95d4-4c734c22ef53.jpeg"
Breakfast & Sauces,Tea & Coffee,"https://cdn.zeptonow.com/production/tr:w-90,ar-120-121,pr-true,f-auto,q-80/cms/sub_category/163.png",Blue Tokai Coffee Roasters Attikan Estate Medium Roast Ground Coffee,Blue,486,540,250 g,4 (167),In Stock,https://www.zeptonow.com/pn/blue-tokai-coffee-roasters-attikan-estate-medium-roast-ground-coffee/pvid/e0bb8a88-4325-4c82-ae12-8870130f39aa,"https://cdn.zeptonow.com/production/tr:w-1280,ar-1500-1500,pr-true,f-auto,q-80/cms/product_variant/3f13395e-09eb-407d-9958-0f619faaf29c.jpeg"
Breakfast & Sauces,Tea & Coffee,"https://cdn.zeptonow.com/production/tr:w-90,ar-120-121,pr-true,f-auto,q-80/cms/sub_category/163.png",Rage Coffee Silk Blend Vanilla Velvet Instant Coffee,Rage,225,249,60 g,4.5 (393),In Stock,https://www.zeptonow.com/pn/rage-coffee-silk-blend-vanilla-velvet-instant-coffee/pvid/60810517-1f80-41c7-a596-1a18ec611bc1,"https://cdn.zeptonow.com/production/tr:w-1280,ar-2000-2000,pr-true,f-auto,q-80/cms/product_variant/57259a8c-7c95-4c96-b50a-57ab50583b03.jpeg"
Breakfast & Sauces,Tea & Coffee,"https://cdn.zeptonow.com/production/tr:w-90,ar-120-121,pr-true,f-auto,q-80/cms/sub_category/163.png",Rage Coffee Silk Blend Creamy Hazelnut Instant Coffee,Rage,225,249,60 g,3.9 (599),In Stock,https://www.zeptonow.com/pn/rage-coffee-silk-blend-creamy-hazelnut-instant-coffee/pvid/5b76c369-70d8-4ffb-b0e6-f6fbe3050b8b,"https://cdn.zeptonow.com/production/tr:w-1280,ar-1000-1000,pr-true,f-auto,q-80/cms/product_variant/591424d2-4a39-4fb7-90a6-c5f93410b5ff.jpeg"
Breakfast & Sauces,Tea & Coffee,"https://cdn.zeptonow.com/production/tr:w-90,ar-120-121,pr-true,f-auto,q-80/cms/sub_category/163.png",iD Fresh Light Bold Liquid Filter Coffee,iD,170,170,150 ml,4.5 (762),In Stock,https://www.zeptonow.com/pn/id-fresh-light-bold-liquid-filter-coffee/pvid/32b1be1c-e8f9-4d97-9c7b-d2fb92dfee14,"https://cdn.zeptonow.com/production/tr:w-1280,ar-2400-2400,pr-true,f-auto,q-80/cms/product_variant/0f5b77f0-1b97-45af-ba39-d70657f4e032.jpeg"
Breakfast & Sauces,Tea & Coffee,"https://cdn.zeptonow.com/production/tr:w-90,ar-120-121,pr-true,f-auto,q-80/cms/sub_category/163.png",iD Fresh Strong Filter Coffee,iD,150,150,150 ml,4.5 (4.5k),In Stock,https://www.zeptonow.com/pn/id-fresh-strong-filter-coffee/pvid/610e3a65-c280-4014-b410-f2a23a567a57,"https://cdn.zeptonow.com/production/tr:w-1280,ar-2400-2400,pr-true,f-auto,q-80/cms/product_variant/c33fc2c0-9da2-414e-8d16-86dedad6c1d2.jpg"
Breakfast & Sauces,Tea & Coffee,"https://cdn.zeptonow.com/production/tr:w-90,ar-120-121,pr-true,f-auto,q-80/cms/sub_category/163.png",Nescafe Sunrise Instant Coffee,Nescafe,566,680,190 g,4.4 (211),In Stock,https://www.zeptonow.com/pn/nescafe-sunrise-instant-coffee/pvid/e533893f-f0a3-4dee-911b-618c59767d24,"https://cdn.zeptonow.com/production/tr:w-1280,ar-1000-1000,pr-true,f-auto,q-80/cms/product_variant/d7490409-aa77-4bba-b6b5-0f0228fb5f6b.jpeg"
Breakfast & Sauces,Tea & Coffee,"https://cdn.zeptonow.com/production/tr:w-90,ar-120-121,pr-true,f-auto,q-80/cms/sub_category/163.png",Nescafe Roastery Dark Roast Instant Coffee,Nescafe,725,1000,95 g,4 (92),In Stock,https://www.zeptonow.com/pn/nescafe-roastery-dark-roast-instant-coffee/pvid/28275ff1-538c-4c73-a4d2-d8466a151230,"https://cdn.zeptonow.com/production/tr:w-1280,ar-2000-2000,pr-true,f-auto,q-80/cms/product_variant/23513a17-90ce-4c89-a13d-bd93b09f9b9e.jpeg"
Breakfast & Sauces,Tea & Coffee,"https://cdn.zeptonow.com/production/tr:w-90,ar-120-121,pr-true,f-auto,q-80/cms/sub_category/163.png",Cothas Extra Strong Filter Coffee,Cothas,407,415,500 g,4.7 (510),In Stock,https://www.zeptonow.com/pn/cothas-extra-strong-filter-coffee/pvid/a61e4944-9037-4e2a-88fc-39aee562ad95,"https://cdn.zeptonow.com/production/tr:w-1280,ar-1500-1500,pr-true,f-auto,q-80/cms/product_variant/c016d061-7544-4224-9537-fb9dd0632229.jpeg"
Breakfast & Sauces,Tea & Coffee,"https://cdn.zeptonow.com/production/tr:w-90,ar-120-121,pr-true,f-auto,q-80/cms/sub_category/163.png",Cothas Extra Strong Filter Coffee,Cothas,165,166,200 g,4.8 (1.2k),In Stock,https://www.zeptonow.com/pn/cothas-extra-strong-filter-coffee/pvid/6fb25e95-c2d5-4953-bf59-e24c5743c858,"https://cdn.zeptonow.com/production/tr:w-1280,ar-1000-1250,pr-true,f-auto,q-80/cms/product_variant/2d2372bd-3a50-4bec-a436-66ffce054ac5.jpeg"
Breakfast & Sauces,Tea & Coffee,"https://cdn.zeptonow.com/production/tr:w-90,ar-120-121,pr-true,f-auto,q-80/cms/sub_category/163.png",Cothas Premium Special Medium Roast Filter Coffee,Cothas,179,180,200 g,4.7 (1.0k),In Stock,https://www.zeptonow.com/pn/cothas-premium-special-medium-roast-filter-coffee/pvid/23ef765d-cd6a-44ef-b7c9-7a8b10b9aadf,"https://cdn.zeptonow.com/production/tr:w-1280,ar-2400-2400,pr-true,f-auto,q-80/cms/product_variant/a6630466-2cb5-4461-8532-ea31ddbbe28d.jpg"
Breakfast & Sauces,Tea & Coffee,"https://cdn.zeptonow.com/production/tr:w-90,ar-120-121,pr-true,f-auto,q-80/cms/sub_category/163.png",Colombian Brew Original Classic Instant Coffee,Colombian,99,99,1 pack (40 pcs),4.5 (5.6k),In Stock,https://www.zeptonow.com/pn/colombian-brew-original-classic-instant-coffee/pvid/2af9867b-1ce2-466c-ae1a-00313981b05b,"https://cdn.zeptonow.com/production/tr:w-1280,ar-1469-1568,pr-true,f-auto,q-80/cms/product_variant/ee563a6a-f96d-4d73-8c10-1a57696be42c.jpeg"
Breakfast & Sauces,Tea & Coffee,"https://cdn.zeptonow.com/production/tr:w-90,ar-120-121,pr-true,f-auto,q-80/cms/sub_category/163.png",Nescafe Gold Blend Rich and Smooth Arabica and Robusta Instant Coffee,Nescafe,448,449,50 g,4.7 (1.6k),In Stock,https://www.zeptonow.com/pn/nescafe-gold-blend-rich-and-smooth-arabica-and-robusta-instant-coffee/pvid/729a8a16-08c0-464c-bfb5-a1dee737641b,"https://cdn.zeptonow.com/production/tr:w-1280,ar-1000-1000,pr-true,f-auto,q-80/cms/product_variant/1f54fb59-8787-4941-acc0-bd51e2e5c6f3.jpeg"
Breakfast & Sauces,Tea & Coffee,"https://cdn.zeptonow.com/production/tr:w-90,ar-120-121,pr-true,f-auto,q-80/cms/sub_category/163.png",iD Fresh Medium Roast Instant Coffee Powder,iD,560,560,200 g,4.9 (107),In Stock,https://www.zeptonow.com/pn/id-fresh-medium-roast-instant-coffee-powder/pvid/01a28cd2-1390-4daa-ac62-89e2cd6e6f38,"https://cdn.zeptonow.com/production/tr:w-1280,ar-2400-2400,pr-true,f-auto,q-80/cms/product_variant/6f4676ef-642f-4e2b-a1a3-b5193d05b96c.jpeg"
Breakfast & Sauces,Tea & Coffee,"https://cdn.zeptonow.com/production/tr:w-90,ar-120-121,pr-true,f-auto,q-80/cms/sub_category/163.png",Colombian Brew Assorted Medium Roast Coffee Premix,Colombian,240,299,180 g,4.8 (161),In Stock,https://www.zeptonow.com/pn/colombian-brew-assorted-medium-roast-coffee-premix/pvid/46244f2e-f010-4fb6-8317-208c438817a6,"https://cdn.zeptonow.com/production/tr:w-1280,ar-3000-3000,pr-true,f-auto,q-80/cms/product_variant/98ee80fa-1d91-4915-a881-8690b7026b12.jpeg"
Breakfast & Sauces,Tea & Coffee,"https://cdn.zeptonow.com/production/tr:w-90,ar-120-121,pr-true,f-auto,q-80/cms/sub_category/163.png",Rage Coffee Silk Blend Classic Instant Coffee,Rage,225,249,60 g,4.8 (404),In Stock,https://www.zeptonow.com/pn/rage-coffee-silk-blend-classic-instant-coffee/pvid/a9d146fa-eab5-44ff-8704-99e92e5dd046,"https://cdn.zeptonow.com/production/tr:w-1280,ar-1000-1000,pr-true,f-auto,q-80/cms/product_variant/7ec1633d-369b-4d35-8bcb-7655cf125c6c.jpeg"
Breakfast & Sauces,Tea & Coffee,"https://cdn.zeptonow.com/production/tr:w-90,ar-120-121,pr-true,f-auto,q-80/cms/sub_category/163.png",Country Bean Vanilla Blend Instant Coffee,Country,293,325,50 g,4.3 (717),In Stock,https://www.zeptonow.com/pn/country-bean-vanilla-blend-instant-coffee/pvid/32e09ba4-b1a2-49e4-a6da-57944db000a3,"https://cdn.zeptonow.com/production/tr:w-1280,ar-1080-1080,pr-true,f-auto,q-80/cms/product_variant/9c0956ed-067b-49c0-8cd1-4296a0877c90.jpg"
Breakfast & Sauces,Tea & Coffee,"https://cdn.zeptonow.com/production/tr:w-90,ar-120-121,pr-true,f-auto,q-80/cms/sub_category/163.png",iD Fresh Instant Coffee,iD,145,145,50 g,4.8 (1.7k),In Stock,https://www.zeptonow.com/pn/id-fresh-instant-coffee/pvid/6e7b97f3-c3e4-4c5b-894b-69ef81e2c612,"https://cdn.zeptonow.com/production/tr:w-1280,ar-2400-2400,pr-true,f-auto,q-80/cms/product_variant/a6c061fc-d56c-4376-a9eb-2e7d81f7a926.jpg"
Breakfast & Sauces,Tea & Coffee,"https://cdn.zeptonow.com/production/tr:w-90,ar-120-121,pr-true,f-auto,q-80/cms/sub_category/163.png",Country Bean Strawberry Cheesecake Coffee,Country,293,325,50 g,4.5 (149),In Stock,https://www.zeptonow.com/pn/country-bean-strawberry-cheesecake-coffee/pvid/f1f77545-7309-48b7-a4ce-8a7ac7d09391,"https://cdn.zeptonow.com/production/tr:w-1280,ar-1000-1000,pr-true,f-auto,q-80/cms/product_variant/6b6b5f63-12ed-4d02-bc83-a7e43da67340.jpeg"
Breakfast & Sauces,Tea & Coffee,"https://cdn.zeptonow.com/production/tr:w-90,ar-120-121,pr-true,f-auto,q-80/cms/sub_category/163.png",Blue Tokai Vienna French Press Dark Roast Ground Coffee,Blue,450,500,250 g,4.5 (213),In Stock,https://www.zeptonow.com/pn/blue-tokai-vienna-french-press-dark-roast-ground-coffee/pvid/88e0d2a2-db5b-4024-98c3-5a724821a233,"https://cdn.zeptonow.com/production/tr:w-1280,ar-1500-1500,pr-true,f-auto,q-80/cms/product_variant/079dfe40-8255-4c67-a7ff-9d3ae6b2c43b.jpeg"
Breakfast & Sauces,Tea & Coffee,"https://cdn.zeptonow.com/production/tr:w-90,ar-120-121,pr-true,f-auto,q-80/cms/sub_category/163.png",Blue Tokai Attikan Estate Home Espresso Medium Roast Ground Coffee,Blue,315,350,150 g,3.9 (87),In Stock,https://www.zeptonow.com/pn/blue-tokai-attikan-estate-home-espresso-medium-roast-ground-coffee/pvid/3023143f-1907-4173-bdf9-4ca1ed1507db,"https://cdn.zeptonow.com/production/tr:w-1280,ar-1500-1500,pr-true,f-auto,q-80/cms/product_variant/0c56e2d3-2a12-4ced-8a6c-7027900645b8.jpeg"
Breakfast & Sauces,Tea & Coffee,"https://cdn.zeptonow.com/production/tr:w-90,ar-120-121,pr-true,f-auto,q-80/cms/sub_category/163.png",Rage Coffee Silk Blend Assorted Medium Roast Instant Coffee,Rage,180,199,45 g,4.6 (604),In Stock,https://www.zeptonow.com/pn/rage-coffee-silk-blend-assorted-medium-roast-instant-coffee/pvid/689cc871-343b-49ee-852d-3cdc3e5e6297,"https://cdn.zeptonow.com/production/tr:w-1280,ar-1000-1000,pr-true,f-auto,q-80/cms/product_variant/09a57ac4-7f9a-40c8-9cf8-aea3c6afe1c1.jpg"
Breakfast & Sauces,Tea & Coffee,"https://cdn.zeptonow.com/production/tr:w-90,ar-120-121,pr-true,f-auto,q-80/cms/sub_category/163.png",Nescafe Roastery Medium Roast Instant Coffee,Nescafe,737,1000,95 g,4.7 (93),In Stock,https://www.zeptonow.com/pn/nescafe-roastery-medium-roast-instant-coffee/pvid/a2ab95e9-1b4f-4e4c-95ce-a79ec86d01f3,"https://cdn.zeptonow.com/production/tr:w-1280,ar-1000-1000,pr-true,f-auto,q-80/cms/product_variant/b70306de-6edf-45c7-9f27-d5dc821fea70.jpeg"
Breakfast & Sauces,Tea & Coffee,"https://cdn.zeptonow.com/production/tr:w-90,ar-120-121,pr-true,f-auto,q-80/cms/sub_category/163.png",VS Mani Easy Filter Coffee Decoction | 80:20 Blend,VS,91,100,100 ml,3.9 (1.9k),In Stock,https://www.zeptonow.com/pn/vs-mani-easy-filter-coffee-decoction-8020-blend/pvid/dbd21232-f852-4001-98ea-85a0d590c50e,"https://cdn.zeptonow.com/production/tr:w-1280,ar-1080-1080,pr-true,f-auto,q-80/cms/product_variant/4f6e903f-6099-45e1-86b9-8942a9d08953.jpg"
Breakfast & Sauces,Tea & Coffee,"https://cdn.zeptonow.com/production/tr:w-90,ar-120-121,pr-true,f-auto,q-80/cms/sub_category/163.png",Colombian Brew French Vanilla Instant Coffee,Colombian,196,225,40 g,4.9 (447),In Stock,https://www.zeptonow.com/pn/colombian-brew-french-vanilla-instant-coffee/pvid/f9fd3486-d007-4b8d-8820-a1faa21c2b7e,"https://cdn.zeptonow.com/production/tr:w-1280,ar-3000-3000,pr-true,f-auto,q-80/cms/product_variant/a857a3e7-8d26-4907-9508-5dad55efc5af.jpeg"
Breakfast & Sauces,Tea & Coffee,"https://cdn.zeptonow.com/production/tr:w-90,ar-120-121,pr-true,f-auto,q-80/cms/sub_category/163.png",Country Bean Caramel Bold Instant Coffee,Country,293,325,50 g,5 (319),In Stock,https://www.zeptonow.com/pn/country-bean-caramel-bold-instant-coffee/pvid/680ae23c-4bed-4ffe-ba68-5a9c3125323d,"https://cdn.zeptonow.com/production/tr:w-1280,ar-1000-1000,pr-true,f-auto,q-80/cms/product_variant/50047582-e01a-478c-9583-124e816ee2c3.jpeg"
Breakfast & Sauces,Tea & Coffee,"https://cdn.zeptonow.com/production/tr:w-90,ar-120-121,pr-true,f-auto,q-80/cms/sub_category/163.png",TGL Co. Signature Instant Filter Coffee Powder,TGL,360,399,100 g,4.1 (94),In Stock,https://www.zeptonow.com/pn/tgl-co-signature-instant-filter-coffee-powder/pvid/15a1875e-73ab-4a97-a28a-56cdd9f48727,"https://cdn.zeptonow.com/production/tr:w-1280,ar-1000-1499,pr-true,f-auto,q-80/cms/product_variant/6c61182d-56b8-4dbb-8f76-c6ff4a2d9df4.jpeg"
Breakfast & Sauces,Tea & Coffee,"https://cdn.zeptonow.com/production/tr:w-90,ar-120-121,pr-true,f-auto,q-80/cms/sub_category/163.png",Country Bean Original Bold Instant Coffee,Country,293,325,50 g,5 (118),In Stock,https://www.zeptonow.com/pn/country-bean-original-bold-instant-coffee/pvid/6a6960b6-63c8-4aa9-983c-df791611673f,"https://cdn.zeptonow.com/production/tr:w-1280,ar-1000-1000,pr-true,f-auto,q-80/cms/product_variant/7b76c5d9-d7f2-4b02-8871-fa8834e786c7.jpeg"
Breakfast & Sauces,Tea & Coffee,"https://cdn.zeptonow.com/production/tr:w-90,ar-120-121,pr-true,f-auto,q-80/cms/sub_category/163.png",Country Bean Original Blend Instant Coffee,Country,293,325,50 g,4.3 (362),In Stock,https://www.zeptonow.com/pn/country-bean-original-blend-instant-coffee/pvid/8a8ea078-407e-4402-8ada-3ed45d3d1dab,"https://cdn.zeptonow.com/production/tr:w-1280,ar-1080-1080,pr-true,f-auto,q-80/cms/product_variant/ac0a6337-b1eb-46f3-abbb-23c2e6bfcfc9.jpg"
Breakfast & Sauces,Tea & Coffee,"https://cdn.zeptonow.com/production/tr:w-90,ar-120-121,pr-true,f-auto,q-80/cms/sub_category/163.png",Nescafe Sunrise Instant Coffee,Nescafe,339,340,90 g,4.8 (170),In Stock,https://www.zeptonow.com/pn/nescafe-sunrise-instant-coffee/pvid/5c73af97-50f8-4c0d-85eb-7e278d8ee785,"https://cdn.zeptonow.com/production/tr:w-1280,ar-1000-1000,pr-true,f-auto,q-80/cms/product_variant/476ff544-a937-4ddd-a287-0be038197605.jpeg"
Breakfast & Sauces,Tea & Coffee,"https://cdn.zeptonow.com/production/tr:w-90,ar-120-121,pr-true,f-auto,q-80/cms/sub_category/163.png",Colombian Brew Dark 100% Arabica Roast Coffee Beans,Colombian,232,249,100 g,4.7 (371),In Stock,https://www.zeptonow.com/pn/colombian-brew-dark-100-arabica-roast-coffee-beans/pvid/5c464615-4c1c-4136-b147-7cca4861660f,"https://cdn.zeptonow.com/production/tr:w-1280,ar-1280-1280,pr-true,f-auto,q-80/cms/product_variant/61cad95e-6bb0-4204-8664-002befc0ee64.jpeg"
Breakfast & Sauces,Tea & Coffee,"https://cdn.zeptonow.com/production/tr:w-90,ar-120-121,pr-true,f-auto,q-80/cms/sub_category/163.png",iD Fresh Strong Filter Coffee,iD,55,55,1 pack (5 pcs),4.5 (7.2k),In Stock,https://www.zeptonow.com/pn/id-fresh-strong-filter-coffee/pvid/6b60c3ec-b1be-420b-b61d-e25f1ee18b7d,"https://cdn.zeptonow.com/production/tr:w-1280,ar-2400-2400,pr-true,f-auto,q-80/cms/product_variant/11428d2a-6fa4-46d5-b7e4-79d277e8665d.jpg"
Breakfast & Sauces,Tea & Coffee,"https://cdn.zeptonow.com/production/tr:w-90,ar-120-121,pr-true,f-auto,q-80/cms/sub_category/163.png",Nescafe Classic - Instant Coffee Powder - 100% Pure Coffee,Nescafe,245,245,45 g,4.7 (9.5k),In Stock,https://www.zeptonow.com/pn/nescafe-classic-instant-coffee-powder-100-pure-coffee/pvid/817dd990-1675-4e6b-88f9-fdc865cb2801,"https://cdn.zeptonow.com/production/tr:w-1280,ar-1000-1000,pr-true,f-auto,q-80/cms/product_variant/dd60e80a-293d-4a10-bdaf-766eff3a017c.jpeg"
Breakfast & Sauces,Tea & Coffee,"https://cdn.zeptonow.com/production/tr:w-90,ar-120-121,pr-true,f-auto,q-80/cms/sub_category/163.png",Rage Coffee Assorted Blend Sachets - Pack Of 20,Rage,94,104,30 g,3.9 (135),In Stock,https://www.zeptonow.com/pn/rage-coffee-assorted-blend-sachets-pack-of-20/pvid/77ff073f-6b7e-45d3-acee-adbbff017b49,"https://cdn.zeptonow.com/production/tr:w-1280,ar-2000-2000,pr-true,f-auto,q-80/cms/product_variant/19870f8d-5f1a-4f29-bf25-aa8a712bc7e0.jpg"
Breakfast & Sauces,Tea & Coffee,"https://cdn.zeptonow.com/production/tr:w-90,ar-120-121,pr-true,f-auto,q-80/cms/sub_category/163.png",Country Bean Caramel Blend Instant Coffee,Country,293,325,50 g,4.7 (863),In Stock,https://www.zeptonow.com/pn/country-bean-caramel-blend-instant-coffee/pvid/dcaca69a-9a9b-4612-8821-e1fe7472e90c,"https://cdn.zeptonow.com/production/tr:w-1280,ar-1080-1080,pr-true,f-auto,q-80/cms/product_variant/da793764-694c-420b-9d22-829871e4520b.jpg"
Breakfast & Sauces,Tea & Coffee,"https://cdn.zeptonow.com/production/tr:w-90,ar-120-121,pr-true,f-auto,q-80/cms/sub_category/163.png",Country Bean Strawberry Blend Instant Coffee,Country,293,325,50 g,4.3 (277),In Stock,https://www.zeptonow.com/pn/country-bean-strawberry-blend-instant-coffee/pvid/dc1a2a0c-30cd-48d4-bb4e-75bb736ca720,"https://cdn.zeptonow.com/production/tr:w-1280,ar-1080-1080,pr-true,f-auto,q-80/cms/product_variant/dee912e4-2abd-421c-b6d6-6a353b40341a.jpg"
Breakfast & Sauces,Tea & Coffee,"https://cdn.zeptonow.com/production/tr:w-90,ar-120-121,pr-true,f-auto,q-80/cms/sub_category/163.png",Colombian Brew Pure Classic Instant Coffee,Colombian,158,225,45 g,4.5 (457),In Stock,https://www.zeptonow.com/pn/colombian-brew-pure-classic-instant-coffee/pvid/0b895f6a-2227-4206-82cb-78491f7ac6f5,"https://cdn.zeptonow.com/production/tr:w-1280,ar-2442-2293,pr-true,f-auto,q-80/cms/product_variant/14e36e55-8e9e-4607-bfc3-d4bf6aaef54f.jpeg"
Breakfast & Sauces,Tea & Coffee,"https://cdn.zeptonow.com/production/tr:w-90,ar-120-121,pr-true,f-auto,q-80/cms/sub_category/163.png",Nescafe Classic Black Roast Instant Coffee | Rich & Strong,Nescafe,533,585,90 g,4.7 (558),In Stock,https://www.zeptonow.com/pn/nescafe-classic-black-roast-instant-coffee-rich-strong/pvid/80a4b8a8-8675-4c0d-8e51-814aeac069b8,"https://cdn.zeptonow.com/production/tr:w-1280,ar-1000-1000,pr-true,f-auto,q-80/cms/product_variant/2ee9ce9f-e398-4d94-b957-8048bba2169e.jpeg"
Breakfast & Sauces,Tea & Coffee,"https://cdn.zeptonow.com/production/tr:w-90,ar-120-121,pr-true,f-auto,q-80/cms/sub_category/163.png",Nescafe Classic - Instant Coffee Powder - 100% Pure Coffee,Nescafe,235,235,45 g,4.6 (4.2k),In Stock,https://www.zeptonow.com/pn/nescafe-classic-instant-coffee-powder-100-pure-coffee/pvid/3e4bbfa2-22e5-44f0-98e9-3a8606683a3e,"https://cdn.zeptonow.com/production/tr:w-1280,ar-2000-2000,pr-true,f-auto,q-80/cms/product_variant/55c9e340-92d9-40b2-8d08-b0b9d85ce21e.jpeg"
Breakfast & Sauces,Tea & Coffee,"https://cdn.zeptonow.com/production/tr:w-90,ar-120-121,pr-true,f-auto,q-80/cms/sub_category/163.png",Tata Coffee Gold Hazelnut Instant Coffee,Tata,391,440,50 g,4.2 (391),In Stock,https://www.zeptonow.com/pn/tata-coffee-gold-hazelnut-instant-coffee/pvid/62fd02d7-bb34-4802-b617-b5dacca0fa92,"https://cdn.zeptonow.com/production/tr:w-1280,ar-1200-1200,pr-true,f-auto,q-80/cms/product_variant/4a98bb78-1bf5-4967-9cae-60fc5fe82512.jpeg"
Breakfast & Sauces,Tea & Coffee,"https://cdn.zeptonow.com/production/tr:w-90,ar-120-121,pr-true,f-auto,q-80/cms/sub_category/163.png",Cothas Decoction Medium Roast Coffee Premix,Cothas,80,80,200 ml,4.7 (763),In Stock,https://www.zeptonow.com/pn/cothas-decoction-medium-roast-coffee-premix/pvid/ff148ae2-9839-4766-84b1-2a73dddaec14,"https://cdn.zeptonow.com/production/tr:w-1280,ar-900-900,pr-true,f-auto,q-80/inventory/product/fc61b27e-ee4f-49a2-af5a-0b4ba5e80990-/tmp/20221226-090056.jpeg"
Breakfast & Sauces,Tea & Coffee,"https://cdn.zeptonow.com/production/tr:w-90,ar-120-121,pr-true,f-auto,q-80/cms/sub_category/163.png",Nescafe Classic - Instant Coffee Powder - 100% Pure Coffee,Nescafe,130,130,24 g,4.7 (6.9k),In Stock,https://www.zeptonow.com/pn/nescafe-classic-instant-coffee-powder-100-pure-coffee/pvid/8c7eb119-6eec-49d1-a70f-d758647d8b1b,"https://cdn.zeptonow.com/production/tr:w-1280,ar-2000-2000,pr-true,f-auto,q-80/cms/product_variant/3d68acd5-e060-4d0c-8c2f-19b0ee0ca99e.jpeg"
Breakfast & Sauces,Tea & Coffee,"https://cdn.zeptonow.com/production/tr:w-90,ar-120-121,pr-true,f-auto,q-80/cms/sub_category/163.png",Blue Tokai Vienna Home Espresso Dark Roast Ground Coffee,Blue,306,340,150 g,4.1 (237),In Stock,https://www.zeptonow.com/pn/blue-tokai-vienna-home-espresso-dark-roast-ground-coffee/pvid/7225374a-00e0-40fe-b7a6-4aa04380148c,"https://cdn.zeptonow.com/production/tr:w-1280,ar-1500-1500,pr-true,f-auto,q-80/cms/product_variant/7cd65d7c-1600-4675-8211-281290e58348.jpeg"
Breakfast & Sauces,Tea & Coffee,"https://cdn.zeptonow.com/production/tr:w-90,ar-120-121,pr-true,f-auto,q-80/cms/sub_category/163.png",Nescafe Classic - Instant Coffee Powder - 100% Pure Coffee,Nescafe,435,470,90 g,4.7 (7.1k),In Stock,https://www.zeptonow.com/pn/nescafe-classic-instant-coffee-powder-100-pure-coffee/pvid/71a7eed6-36e9-4a7f-9f49-19ea6540a146,"https://cdn.zeptonow.com/production/tr:w-1280,ar-2400-2400,pr-true,f-auto,q-80/cms/product_variant/ae921659-a785-4a99-bcab-1fd470a78b30.jpeg"
Breakfast & Sauces,Tea & Coffee,"https://cdn.zeptonow.com/production/tr:w-90,ar-120-121,pr-true,f-auto,q-80/cms/sub_category/163.png",Bevzilla Premium Classic Strong Coffee powder,Bevzilla,194,225,1 pack (2 pcs),4.5 (657),In Stock,https://www.zeptonow.com/pn/bevzilla-premium-classic-strong-coffee-powder/pvid/95919f01-f223-4832-bef3-8b5fc2855329,"https://cdn.zeptonow.com/production/tr:w-1280,ar-1000-1000,pr-true,f-auto,q-80/cms/product_variant/c0c7e4d1-5496-4507-9532-c7fb585cf9b8.jpeg"
Breakfast & Sauces,Tea & Coffee,"https://cdn.zeptonow.com/production/tr:w-90,ar-120-121,pr-true,f-auto,q-80/cms/sub_category/163.png",Colombian Brew Espresso Dark Roast Filter Coffee,Colombian,142,159,100g,4 (392),In Stock,https://www.zeptonow.com/pn/colombian-brew-espresso-dark-roast-filter-coffee/pvid/77e234fc-2cfb-460f-bb8a-d9d336731e2a,"https://cdn.zeptonow.com/production/tr:w-1280,ar-1078-1078,pr-true,f-auto,q-80/cms/product_variant/6e1377d5-b11b-4631-8f06-a881d7040781.jpeg"
Breakfast & Sauces,Tea & Coffee,"https://cdn.zeptonow.com/production/tr:w-90,ar-120-121,pr-true,f-auto,q-80/cms/sub_category/163.png",iD Instant Filter Coffee Liquid (Bold),iD,120,120,1 pack (5 pcs),4.7 (309),In Stock,https://www.zeptonow.com/pn/id-instant-filter-coffee-liquid-bold/pvid/609b5877-5324-497a-871d-f149220c90fe,"https://cdn.zeptonow.com/production/tr:w-1280,ar-1500-1500,pr-true,f-auto,q-80/cms/product_variant/4b9995cd-09e4-4ed5-98ae-4fd6c8ff6f4b.jpg"
Breakfast & Sauces,Tea & Coffee,"https://cdn.zeptonow.com/production/tr:w-90,ar-120-121,pr-true,f-auto,q-80/cms/sub_category/163.png",Bevzilla Dark Wish Black Roast Instant Coffee Powder,Bevzilla,212,235,1 pack (45 pcs),4.5 (834),In Stock,https://www.zeptonow.com/pn/bevzilla-dark-wish-black-roast-instant-coffee-powder/pvid/08170253-feaf-4884-86f5-7991fb4918eb,"https://cdn.zeptonow.com/production/tr:w-1280,ar-1372-1378,pr-true,f-auto,q-80/cms/product_variant/9c91b145-bd3e-4529-ab96-3c2cd556507c.jpeg"
Breakfast & Sauces,Tea & Coffee,"https://cdn.zeptonow.com/production/tr:w-90,ar-120-121,pr-true,f-auto,q-80/cms/sub_category/163.png",Bevzilla Cafe Coffee kit with Frother,Bevzilla,246,270,1 pack (28 pcs),4.1 (524),In Stock,https://www.zeptonow.com/pn/bevzilla-cafe-coffee-kit-with-frother/pvid/babca58a-525e-411e-b0df-e9aba3ef7043,"https://cdn.zeptonow.com/production/tr:w-1280,ar-1000-1000,pr-true,f-auto,q-80/cms/product_variant/7cae2d3b-9c08-49be-a61d-b017ec196d38.jpeg"
Breakfast & Sauces,Tea & Coffee,"https://cdn.zeptonow.com/production/tr:w-90,ar-120-121,pr-true,f-auto,q-80/cms/sub_category/163.png",Colombian Brew Double Chocolate Mocha Dark Roast Instant Coffee,Colombian,198,225,50 g,4.3 (559),In Stock,https://www.zeptonow.com/pn/colombian-brew-double-chocolate-mocha-dark-roast-instant-coffee/pvid/03add71c-9a67-4ff9-be33-8168e87ff64b,"https://cdn.zeptonow.com/production/tr:w-1280,ar-2400-2400,pr-true,f-auto,q-80/cms/product_variant/9b515c6c-a9ad-4e45-989b-ae775ce2dfba.jpg"
Breakfast & Sauces,Tea & Coffee,"https://cdn.zeptonow.com/production/tr:w-90,ar-120-121,pr-true,f-auto,q-80/cms/sub_category/163.png",Nescafe Classic Instant Coffee,Nescafe,144,144,64.8 g,4.8 (249),In Stock,https://www.zeptonow.com/pn/nescafe-classic-instant-coffee/pvid/2d7f478c-d842-413c-96af-c037c505fc24,"https://cdn.zeptonow.com/production/tr:w-1280,ar-2000-2000,pr-true,f-auto,q-80/cms/product_variant/01016fba-9f03-4a5d-9e1a-f882056ca678.jpeg"
Breakfast & Sauces,Tea & Coffee,"https://cdn.zeptonow.com/production/tr:w-90,ar-120-121,pr-true,f-auto,q-80/cms/sub_category/163.png",Bevzilla Assorted Instant Coffee Powder,Bevzilla,99,120,1 pack (24 pcs),4.5 (13.2k),In Stock,https://www.zeptonow.com/pn/bevzilla-assorted-instant-coffee-powder/pvid/6cde0893-58d9-4adc-9348-f0fa299541d7,"https://cdn.zeptonow.com/production/tr:w-1280,ar-1500-1500,pr-true,f-auto,q-80/cms/product_variant/3ab0eff0-799a-4d08-b5f0-e4aa8bc566ec.jpeg"
Breakfast & Sauces,Tea & Coffee,"https://cdn.zeptonow.com/production/tr:w-90,ar-120-121,pr-true,f-auto,q-80/cms/sub_category/163.png",Nescafe Classic - Instant Coffee Powder - 100% Pure Coffee,Nescafe,866,950,180 g,4.2 (295),In Stock,https://www.zeptonow.com/pn/nescafe-classic-instant-coffee-powder-100-pure-coffee/pvid/777028b6-f2f0-4ce2-aec2-23a0b99cfb41,"https://cdn.zeptonow.com/production/tr:w-1280,ar-2000-2000,pr-true,f-auto,q-80/cms/product_variant/4f18c087-a70f-4cb7-8eda-b43533ba8ce2.jpeg"
Breakfast & Sauces,Tea & Coffee,"https://cdn.zeptonow.com/production/tr:w-90,ar-120-121,pr-true,f-auto,q-80/cms/sub_category/163.png",Colombian Brew Mini Assorted Instant Coffee,Colombian,90,99,20 g,4.6 (809),In Stock,https://www.zeptonow.com/pn/colombian-brew-mini-assorted-instant-coffee/pvid/07f9dad1-e24e-4f44-8ed6-cfe2f27c2684,"https://cdn.zeptonow.com/production/tr:w-1280,ar-2757-3009,pr-true,f-auto,q-80/cms/product_variant/4db7fdfc-17cd-49bc-8f4d-8ebac5c94123.png"
Breakfast & Sauces,Tea & Coffee,"https://cdn.zeptonow.com/production/tr:w-90,ar-120-121,pr-true,f-auto,q-80/cms/sub_category/163.png",Bevzilla 10 Instant Coffee Cubes| 5 Assorted Flavours,Bevzilla,205,249,1 pack (10 pcs),4.5 (185),In Stock,https://www.zeptonow.com/pn/bevzilla-10-instant-coffee-cubes-5-assorted-flavours/pvid/02543f53-3b4c-4c00-805e-5749c81dfea5,"https://cdn.zeptonow.com/production/tr:w-1280,ar-1000-1000,pr-true,f-auto,q-80/cms/product_variant/395e0b7b-375d-4c5a-86f2-22d6e6b4a236.jpeg"
Breakfast & Sauces,Tea & Coffee,"https://cdn.zeptonow.com/production/tr:w-90,ar-120-121,pr-true,f-auto,q-80/cms/sub_category/163.png",Bevzilla Hazelnut Instant Cofffee Powder,Bevzilla,196,220,1 pack (45 pcs),4.6 (499),In Stock,https://www.zeptonow.com/pn/bevzilla-hazelnut-instant-cofffee-powder/pvid/aba776d2-5b71-4e04-9c10-8a9981af30c0,"https://cdn.zeptonow.com/production/tr:w-1280,ar-1500-1500,pr-true,f-auto,q-80/cms/product_variant/8cd320fc-846a-47a4-9ec6-bb8a7e03df5b.jpeg"
Breakfast & Sauces,Tea & Coffee,"https://cdn.zeptonow.com/production/tr:w-90,ar-120-121,pr-true,f-auto,q-80/cms/sub_category/163.png",Bevzilla Vanilla Instant Cofffee Powder,Bevzilla,196,220,1 pack (45 pcs),4.8 (88),In Stock,https://www.zeptonow.com/pn/bevzilla-vanilla-instant-cofffee-powder/pvid/ca2b652b-78a5-47ed-b049-29da21caf4b2,"https://cdn.zeptonow.com/production/tr:w-1280,ar-2000-2000,pr-true,f-auto,q-80/cms/product_variant/7c3fed17-bc4e-4440-9fdc-9405cadba5dd.jpeg"
Breakfast & Sauces,Tea & Coffee,"https://cdn.zeptonow.com/production/tr:w-90,ar-120-121,pr-true,f-auto,q-80/cms/sub_category/163.png",Nescafe Cappuccino Coffee Premix,Nescafe,225,250,125 g,4.9 (193),In Stock,https://www.zeptonow.com/pn/nescafe-cappuccino-coffee-premix/pvid/c4a00857-7145-4dae-9956-ff1727caaa71,"https://cdn.zeptonow.com/production/tr:w-1280,ar-2000-2000,pr-true,f-auto,q-80/cms/product_variant/689e5491-8324-4e3c-9d51-58cd16fc90f3.jpeg"
Breakfast & Sauces,Tea & Coffee,"https://cdn.zeptonow.com/production/tr:w-90,ar-120-121,pr-true,f-auto,q-80/cms/sub_category/163.png",Tata Coffee Gold 100% Pure Classic Instant Coffee,Tata,381,425,50 g,4.5 (1.3k),In Stock,https://www.zeptonow.com/pn/tata-coffee-gold-100-pure-classic-instant-coffee/pvid/832ea1e3-13ff-4b33-b148-d0aed93c3a21,"https://cdn.zeptonow.com/production/tr:w-1280,ar-1200-1200,pr-true,f-auto,q-80/cms/product_variant/e6f4b893-3e86-482c-b338-593f80bde54c.jpeg"
Breakfast & Sauces,Tea & Coffee,"https://cdn.zeptonow.com/production/tr:w-90,ar-120-121,pr-true,f-auto,q-80/cms/sub_category/163.png",Colombian Brew Assorted Premix,Colombian,70,99,1 pack (4 pcs),4.4 (484),In Stock,https://www.zeptonow.com/pn/colombian-brew-assorted-premix/pvid/7df17412-63c2-4a2a-9794-e791c007e1bc,"https://cdn.zeptonow.com/production/tr:w-1280,ar-3000-3000,pr-true,f-auto,q-80/cms/product_variant/1dc65905-56d8-4e7e-8848-4bcbe96be8e6.jpeg"
Breakfast & Sauces,Tea & Coffee,"https://cdn.zeptonow.com/production/tr:w-90,ar-120-121,pr-true,f-auto,q-80/cms/sub_category/163.png","Nescafe Classic Instant Coffee, Stabilo Pouch",Nescafe,850,920,200 g,4.5 (145),In Stock,https://www.zeptonow.com/pn/nescafe-classic-instant-coffee-stabilo-pouch/pvid/8427ff82-d12c-407e-8343-bfabd964a2f4,"https://cdn.zeptonow.com/production/tr:w-1280,ar-2000-2000,pr-true,f-auto,q-80/cms/product_variant/051ca2d2-94c1-4bf8-9a1b-f9d1cb4af730.jpeg"
Breakfast & Sauces,Tea & Coffee,"https://cdn.zeptonow.com/production/tr:w-90,ar-120-121,pr-true,f-auto,q-80/cms/sub_category/163.png",Tata Coffee Gold Vanilla Flavoured Instant Coffee,Tata,360,375,50 g,4.3 (177),In Stock,https://www.zeptonow.com/pn/tata-coffee-gold-vanilla-flavoured-instant-coffee/pvid/445ab459-5b29-4e94-9d25-ddc1f6d1b2e7,"https://cdn.zeptonow.com/production/tr:w-1280,ar-1200-1200,pr-true,f-auto,q-80/cms/product_variant/13a50d7a-276d-4fe2-9cb3-52b1c81d5de2.jpeg"
Breakfast & Sauces,Tea & Coffee,"https://cdn.zeptonow.com/production/tr:w-90,ar-120-121,pr-true,f-auto,q-80/cms/sub_category/163.png",Tata Coffee Gold 100% Pure Instant Coffee,Tata,598,675,90 g,4.3 (67),In Stock,https://www.zeptonow.com/pn/tata-coffee-gold-100-pure-instant-coffee/pvid/5ff1be41-0298-4961-aba5-5a985e202364,"https://cdn.zeptonow.com/production/tr:w-1280,ar-1000-1000,pr-true,f-auto,q-80/cms/product_variant/a079bfd9-31aa-47ce-b649-79b9f4078018.jpg"
Breakfast & Sauces,Tea & Coffee,"https://cdn.zeptonow.com/production/tr:w-90,ar-120-121,pr-true,f-auto,q-80/cms/sub_category/163.png",Bevzilla Hazelnut Instant Coffee Powder | Jar,Bevzilla,198,225,70 g,4.7 (565),In Stock,https://www.zeptonow.com/pn/bevzilla-hazelnut-instant-coffee-powder-jar/pvid/9922177c-2edc-49e2-bf5d-94ae144a3b9e,"https://cdn.zeptonow.com/production/tr:w-1280,ar-1500-1500,pr-true,f-auto,q-80/cms/product_variant/9f4103f6-92d3-4488-b7a7-ecfd935489fe.jpeg"
Breakfast & Sauces,Tea & Coffee,"https://cdn.zeptonow.com/production/tr:w-90,ar-120-121,pr-true,f-auto,q-80/cms/sub_category/163.png",Brooke Bond Red Label Tea(250gms) & Haldiram'S Moong Dal(200gms) Combo,Brooke,196,200,2 combo,4.3 (730),In Stock,https://www.zeptonow.com/pn/brooke-bond-red-label-tea250gms-haldirams-moong-dal200gms-combo/pvid/b9a26c58-a177-4ced-bb77-9dda1801f671,"https://cdn.zeptonow.com/production/tr:w-1280,ar-1494-1494,pr-true,f-auto,q-80/cms/product_variant/2a174120-c39f-4783-9e55-bca6dcf8b22e.jpg"
Breakfast & Sauces,Tea & Coffee,"https://cdn.zeptonow.com/production/tr:w-90,ar-120-121,pr-true,f-auto,q-80/cms/sub_category/163.png",Continental Xtra Pouch 50 gms Combo,Continental,160,360,50 g X 2,4.4 (795),In Stock,https://www.zeptonow.com/pn/continental-xtra-pouch-50-gms-combo/pvid/2e6b2e48-1b54-4e09-a7dd-f4b133312e9f,"https://cdn.zeptonow.com/production/tr:w-1280,ar-1200-1200,pr-true,f-auto,q-80/cms/product_variant/75505b1a-7349-4b7c-9109-48fe7e4f1856.jpg"
Breakfast & Sauces,Tea & Coffee,"https://cdn.zeptonow.com/production/tr:w-90,ar-120-121,pr-true,f-auto,q-80/cms/sub_category/163.png",Continental Xtra Pouch 50 g Combo,Continental,225,540,50 g X 3,4.3 (782),In Stock,https://www.zeptonow.com/pn/continental-xtra-pouch-50-g-combo/pvid/4cb478ca-4881-40fd-9479-42cf3a05e224,"https://cdn.zeptonow.com/production/tr:w-1280,ar-1200-1200,pr-true,f-auto,q-80/cms/product_variant/a3af82fc-0175-4ea7-bb83-7bb0d78f4e6c.jpg"
Breakfast & Sauces,Tea & Coffee,"https://cdn.zeptonow.com/production/tr:w-90,ar-120-121,pr-true,f-auto,q-80/cms/sub_category/163.png",Tata Tea Agni Dust Black Tea 250 g Combo,Tata,124,140,250 g X 2,4.4 (441),In Stock,https://www.zeptonow.com/pn/tata-tea-agni-dust-black-tea-250-g-combo/pvid/0d2d3971-4b02-48bd-8068-79d1e15a65b3,"https://cdn.zeptonow.com/production/tr:w-1280,ar-1500-1500,pr-true,f-auto,q-80/cms/product_variant/b62c2ea5-2c92-448b-a937-e983fa228d60.jpg"
Breakfast & Sauces,Tea & Coffee,"https://cdn.zeptonow.com/production/tr:w-90,ar-120-121,pr-true,f-auto,q-80/cms/sub_category/163.png",Tata Tea Gold(250gms) & Parle-G Original Gluco Biscuits(250gms) Combo,Parle,168,180,2 combo,4.5 (530),In Stock,https://www.zeptonow.com/pn/tata-tea-gold250gms-parle-g-original-gluco-biscuits250gms-combo/pvid/61a6acee-1127-4a2c-a31a-242c18706db3,"https://cdn.zeptonow.com/production/tr:w-1280,ar-1494-1494,pr-true,f-auto,q-80/cms/product_variant/01f260cb-ced4-490e-aa81-57f7b6f5af98.jpg"
Breakfast & Sauces,Tea & Coffee,"https://cdn.zeptonow.com/production/tr:w-90,ar-120-121,pr-true,f-auto,q-80/cms/sub_category/163.png","Tata Tea Chakra Gold Dust Tea, Strong Tea With Long Lasting Taste, Black Tea(500gms) & Parrys White Label Sugar(1kg) Combo",Tata,454,495,2 combo,4.4 (327),In Stock,https://www.zeptonow.com/pn/tata-tea-chakra-gold-dust-tea-strong-tea-with-long-lasting-taste-black-tea500gms-parrys-white-label-sugar1kg-combo/pvid/a85cb8f6-c30b-401a-a236-393229d65c95,"https://cdn.zeptonow.com/production/tr:w-1280,ar-1500-1500,pr-true,f-auto,q-80/cms/product_variant/01cf6b10-2721-4acf-938f-fe0f23564bcd.jpg"
Breakfast & Sauces,Tea & Coffee,"https://cdn.zeptonow.com/production/tr:w-90,ar-120-121,pr-true,f-auto,q-80/cms/sub_category/163.png",Bevzilla 24 Sachets Pack (4 Flavors) X (6 Sachets Each) Assorted Instant Coffee 48 g Combo,Bevzilla,180,240,48 g X 2,4.2 (862),In Stock,https://www.zeptonow.com/pn/bevzilla-24-sachets-pack-4-flavors-x-6-sachets-each-assorted-instant-coffee-48-g-combo/pvid/aabab4ab-1046-4525-8f54-fde87125a2e8,"https://cdn.zeptonow.com/production/tr:w-1280,ar-1500-1500,pr-true,f-auto,q-80/cms/product_variant/ec594b22-adb4-430d-9224-63b17753fc45.jpg"
Breakfast & Sauces,Tea & Coffee,"https://cdn.zeptonow.com/production/tr:w-90,ar-120-121,pr-true,f-auto,q-80/cms/sub_category/163.png",Levista Premium pouch 50 g Combo,Levista,348,560,50 g X 2,4.3 (170),In Stock,https://www.zeptonow.com/pn/levista-premium-pouch-50-g-combo/pvid/fd757d06-4173-457c-825a-7dccaecd2614,"https://cdn.zeptonow.com/production/tr:w-1280,ar-1494-1494,pr-true,f-auto,q-80/cms/product_variant/fcd85116-4924-448b-846b-0a9cf4ce4533.jpg"
Breakfast & Sauces,Tea & Coffee,"https://cdn.zeptonow.com/production/tr:w-90,ar-120-121,pr-true,f-auto,q-80/cms/sub_category/163.png",iD Fresh Filter Coffee - Strong 5 pc Combo,iD,156,165,5 pc X 3,4.5 (530),In Stock,https://www.zeptonow.com/pn/id-fresh-filter-coffee-strong-5-pc-combo/pvid/cb92dfee-c4c4-40f3-b0e5-2152dbb6ca42,"https://cdn.zeptonow.com/production/tr:w-1280,ar-1500-1500,pr-true,f-auto,q-80/inventory/product/9ebf6093-3a9b-4093-a22a-759c2daee20d-4067.jpg"
Breakfast & Sauces,Tea & Coffee,"https://cdn.zeptonow.com/production/tr:w-90,ar-120-121,pr-true,f-auto,q-80/cms/sub_category/163.png",Taj Mahal Tea 250 g Combo,Taj,400,400,250 g X 2,4.7 (479),In Stock,https://www.zeptonow.com/pn/taj-mahal-tea-250-g-combo/pvid/74d1ad58-758c-42a6-a4f6-05f3793ddab7,"https://cdn.zeptonow.com/production/tr:w-1280,ar-1500-1500,pr-true,f-auto,q-80/cms/product_variant/edc3e560-3275-4f65-9c5d-316bce29e9de.jpg"
Breakfast & Sauces,Tea & Coffee,"https://cdn.zeptonow.com/production/tr:w-90,ar-120-121,pr-true,f-auto,q-80/cms/sub_category/163.png",Brooke Bond Red Label Tea(250gms) & Cadbury Chocobakes Choclayered Cakes(114gms) Combo,Cadbury,211,230,2 combo,4.5 (771),In Stock,https://www.zeptonow.com/pn/brooke-bond-red-label-tea250gms-cadbury-chocobakes-choclayered-cakes114gms-combo/pvid/da175ff9-0d8d-4d1a-90a8-243392fe6c1f,"https://cdn.zeptonow.com/production/tr:w-1280,ar-1494-1494,pr-true,f-auto,q-80/cms/product_variant/1c9110d2-4bb5-43ba-9a79-43930e811dfd.jpg"
Breakfast & Sauces,Tea & Coffee,"https://cdn.zeptonow.com/production/tr:w-90,ar-120-121,pr-true,f-auto,q-80/cms/sub_category/163.png",Continental Super Strong Blend Coffee Jar 50 g Combo,Continental,160,360,50 g X 2,4.3 (938),In Stock,https://www.zeptonow.com/pn/continental-super-strong-blend-coffee-jar-50-g-combo/pvid/ed05c0df-c496-4049-bd15-ebd21118a6c3,"https://cdn.zeptonow.com/production/tr:w-1280,ar-1566-1566,pr-true,f-auto,q-80/cms/product_variant/321e84f4-ba25-4b72-879a-3153ac32909f.jpg"
Breakfast & Sauces,Tea & Coffee,"https://cdn.zeptonow.com/production/tr:w-90,ar-120-121,pr-true,f-auto,q-80/cms/sub_category/163.png",Continental Xtra Pouch 50 g Combo,Continental,180,360,50 g X 2,4.4 (293),In Stock,https://www.zeptonow.com/pn/continental-xtra-pouch-50-g-combo/pvid/ce7357d4-d133-43af-8df8-d1ecac217ee3,"https://cdn.zeptonow.com/production/tr:w-1280,ar-1200-1200,pr-true,f-auto,q-80/cms/product_variant/06d5cd1b-d39c-4102-a8c0-3b948ebd7b07.jpg"
Breakfast & Sauces,Tea & Coffee,"https://cdn.zeptonow.com/production/tr:w-90,ar-120-121,pr-true,f-auto,q-80/cms/sub_category/163.png",Chaayos Instant Tea Premix - Regular Sugar - Cardamom Flavour 1 pc X 2 Combo,MOM,326,378,1 pcs X 2,4.4 (371),In Stock,https://www.zeptonow.com/pn/chaayos-instant-tea-premix-regular-sugar-cardamom-flavour-1-pc-x-2-combo/pvid/2beef107-5aef-4812-814e-96313ecaf098,"https://cdn.zeptonow.com/production/tr:w-1280,ar-1200-1200,pr-true,f-auto,q-80/cms/product_variant/e7b56119-0dab-44be-b55b-3674ab2133f3.jpg"
Breakfast & Sauces,Tea & Coffee,"https://cdn.zeptonow.com/production/tr:w-90,ar-120-121,pr-true,f-auto,q-80/cms/sub_category/163.png",Colombian Brew Mini Assorted Instant Coffee Combo,Colombian,170,198,20 g X 2,4.4 (227),In Stock,https://www.zeptonow.com/pn/colombian-brew-mini-assorted-instant-coffee-combo/pvid/ca1a6d4b-688b-43ae-923a-7e83a56da318,"https://cdn.zeptonow.com/production/tr:w-1280,ar-1200-1200,pr-true,f-auto,q-80/cms/product_variant/eeb30f80-dff1-481a-a325-b7bface2dcd9.jpg"
Breakfast & Sauces,Tea & Coffee,"https://cdn.zeptonow.com/production/tr:w-90,ar-120-121,pr-true,f-auto,q-80/cms/sub_category/163.png",Continental Super Strong Blend Coffee Jar 50 g Combo,Continental,300,720,50 g X 4,4.3 (644),In Stock,https://www.zeptonow.com/pn/continental-super-strong-blend-coffee-jar-50-g-combo/pvid/1b4f3b66-814b-4eb4-9b92-9990db2c29a3,"https://cdn.zeptonow.com/production/tr:w-1280,ar-1500-1500,pr-true,f-auto,q-80/cms/product_variant/efedfe4d-2b11-4bb4-b6a1-1fc685a63b60.jpg"
Breakfast & Sauces,Tea & Coffee,"https://cdn.zeptonow.com/production/tr:w-90,ar-120-121,pr-true,f-auto,q-80/cms/sub_category/163.png",Brooke Bond Red Label Tea(250gms) & Parle-G Original Gluco Biscuits(250gms) Combo,Parle,166,170,2 combo,4.4 (600),In Stock,https://www.zeptonow.com/pn/brooke-bond-red-label-tea250gms-parle-g-original-gluco-biscuits250gms-combo/pvid/767c517d-f955-4cf2-a902-e60d250d2672,"https://cdn.zeptonow.com/production/tr:w-1280,ar-1494-1494,pr-true,f-auto,q-80/cms/product_variant/798f9e18-0e1f-4ffe-9697-ed35bd9a2d1b.jpg"
Breakfast & Sauces,Tea & Coffee,"https://cdn.zeptonow.com/production/tr:w-90,ar-120-121,pr-true,f-auto,q-80/cms/sub_category/163.png",Nestea Lemon Iced Tea Premix - Refreshingly Good Pouch 400 g Combo,Nestea,368,500,400 g X 2,4.4 (330),In Stock,https://www.zeptonow.com/pn/nestea-lemon-iced-tea-premix-refreshingly-good-pouch-400-g-combo/pvid/cee4b6c2-dd5d-4ac1-a8bd-9772f25a44f1,"https://cdn.zeptonow.com/production/tr:w-1280,ar-1200-1200,pr-true,f-auto,q-80/cms/product_variant/e182c820-49f5-4bf2-8f76-e4238f6b5956.jpg"
Breakfast & Sauces,Tea & Coffee,"https://cdn.zeptonow.com/production/tr:w-90,ar-120-121,pr-true,f-auto,q-80/cms/sub_category/163.png",iD Instant Coffee Powder 50 g Combo,iD,272,290,50 g X 2,4.2 (770),In Stock,https://www.zeptonow.com/pn/id-instant-coffee-powder-50-g-combo/pvid/6e430c6f-4939-4879-9208-87e003669deb,"https://cdn.zeptonow.com/production/tr:w-1280,ar-1500-1500,pr-true,f-auto,q-80/cms/product_variant/99b82da2-1803-4b99-9856-8259507640c0.jpg"
Breakfast & Sauces,Tea & Coffee,"https://cdn.zeptonow.com/production/tr:w-90,ar-120-121,pr-true,f-auto,q-80/cms/sub_category/163.png",Taj Mahal Rich & Flavourful Tea(250gms) & Ginger (Inji)(200gms) Combo,Taj,221,226,2 combo,4.2 (290),In Stock,https://www.zeptonow.com/pn/taj-mahal-rich-flavourful-tea250gms-ginger-inji200gms-combo/pvid/4e4d7d46-1bed-4015-a41a-45349534a54c,"https://cdn.zeptonow.com/production/tr:w-1280,ar-1494-1494,pr-true,f-auto,q-80/cms/product_variant/d4679474-e271-4c84-9be3-9f5f7a4fb7f3.jpg"
Breakfast & Sauces,Tea & Coffee,"https://cdn.zeptonow.com/production/tr:w-90,ar-120-121,pr-true,f-auto,q-80/cms/sub_category/163.png",Nescafe Classic Combo,Nescafe,486,500,45 g X 2,4.6 (760),In Stock,https://www.zeptonow.com/pn/nescafe-classic-combo/pvid/ac08f7bb-8ff0-481f-8141-43cf359f321b,"https://cdn.zeptonow.com/production/tr:w-1280,ar-1200-1200,pr-true,f-auto,q-80/cms/product_variant/5e5bacfb-b5d6-4128-85c3-2232f85e1818.jpg"
Breakfast & Sauces,Tea & Coffee,"https://cdn.zeptonow.com/production/tr:w-90,ar-120-121,pr-true,f-auto,q-80/cms/sub_category/163.png",Narasus Coffee Insta Strong Pouch 50 g Combo,Narasus,256,270,50 g X 2,4.2 (356),In Stock,https://www.zeptonow.com/pn/narasus-coffee-insta-strong-pouch-50-g-combo/pvid/e2932428-9979-49ec-a66c-f4955d2e7048,"https://cdn.zeptonow.com/production/tr:w-1280,ar-1500-1500,pr-true,f-auto,q-80/inventory/product/579fd9e3-e966-47c0-a57a-79a37114c3cd-5227.jpg"
Breakfast & Sauces,Tea & Coffee,"https://cdn.zeptonow.com/production/tr:w-90,ar-120-121,pr-true,f-auto,q-80/cms/sub_category/163.png",Taj Mahal Tea 500 g Combo,Taj,702,760,500 g X 2,4.4 (266),In Stock,https://www.zeptonow.com/pn/taj-mahal-tea-500-g-combo/pvid/22dc0a38-9c40-418c-af7d-f1b3ee3d61f9,"https://cdn.zeptonow.com/production/tr:w-1280,ar-1500-1500,pr-true,f-auto,q-80/cms/product_variant/00380413-b4a7-4bd9-92af-77ae9d32cfc3.jpg"
Breakfast & Sauces,Tea & Coffee,"https://cdn.zeptonow.com/production/tr:w-90,ar-120-121,pr-true,f-auto,q-80/cms/sub_category/163.png",Tata Tea Gold Care 250 g Combo,Tata,316,350,250 g X 2,4.2 (153),In Stock,https://www.zeptonow.com/pn/tata-tea-gold-care-250-g-combo/pvid/eaf30c0c-978e-4745-841d-fccb956a967c,"https://cdn.zeptonow.com/production/tr:w-1280,ar-1500-1500,pr-true,f-auto,q-80/cms/product_variant/92e986ce-8471-4464-bf46-6bb5e4d51a46.jpg"
Breakfast & Sauces,Tea & Coffee,"https://cdn.zeptonow.com/production/tr:w-90,ar-120-121,pr-true,f-auto,q-80/cms/sub_category/163.png",Bru Instant Coffee 50 g Combo,Bru,320,350,50 g X 2,4.2 (805),In Stock,https://www.zeptonow.com/pn/bru-instant-coffee-50-g-combo/pvid/b7905517-0af2-40b1-917b-f3eadefc701f,"https://cdn.zeptonow.com/production/tr:w-1280,ar-1500-1500,pr-true,f-auto,q-80/inventory/product/4b43d601-b66f-4f2b-a057-3a7db1a0dc8e-241.jpg"
Breakfast & Sauces,Tea & Coffee,"https://cdn.zeptonow.com/production/tr:w-90,ar-120-121,pr-true,f-auto,q-80/cms/sub_category/163.png","Tetley Green Tea With Ginger, Mint And Lemon Tea Bags 25 pc Combo",Tetley,342,360,25 pc X 2,4.3 (527),In Stock,https://www.zeptonow.com/pn/tetley-green-tea-with-ginger-mint-and-lemon-tea-bags-25-pc-combo/pvid/9b7a9c7b-2607-4ea0-80c9-f8195880b1c8,"https://cdn.zeptonow.com/production/tr:w-1280,ar-1500-1500,pr-true,f-auto,q-80/cms/product_variant/9000274f-6150-4460-90c9-c45a9eaabe6d.jpg"
Breakfast & Sauces,Tea & Coffee,"https://cdn.zeptonow.com/production/tr:w-90,ar-120-121,pr-true,f-auto,q-80/cms/sub_category/163.png",Continental Malgudi Filter Coffee Powder-Chicory Free 200 g Combo,Continental,344,400,200 g X 2,4.4 (438),In Stock,https://www.zeptonow.com/pn/continental-malgudi-filter-coffee-powder-chicory-free-200-g-combo/pvid/a3aa14b3-98fc-4229-8b3d-73f46db33003,"https://cdn.zeptonow.com/production/tr:w-1280,ar-1500-1500,pr-true,f-auto,q-80/cms/product_variant/833d1327-6e96-4fe4-9dc8-da71c26acf42.jpg"
Breakfast & Sauces,Tea & Coffee,"https://cdn.zeptonow.com/production/tr:w-90,ar-120-121,pr-true,f-auto,q-80/cms/sub_category/163.png",Narasus Coffee Insta Strong Pouch 50 g Combo,Narasus,363,405,50 g X 3,4.4 (666),In Stock,https://www.zeptonow.com/pn/narasus-coffee-insta-strong-pouch-50-g-combo/pvid/46d1480a-1054-4358-8c0c-981a9847fd76,"https://cdn.zeptonow.com/production/tr:w-1280,ar-1500-1500,pr-true,f-auto,q-80/cms/product_variant/67f9a3de-adcc-4b5d-96d1-1b44365e7618.jpg"
Breakfast & Sauces,Tea & Coffee,"https://cdn.zeptonow.com/production/tr:w-90,ar-120-121,pr-true,f-auto,q-80/cms/sub_category/163.png",BRU Green Label Filter Coffee 500 g Combo,BRU,810,900,500 g X 2,4.4 (60),In Stock,https://www.zeptonow.com/pn/bru-green-label-filter-coffee-500-g-combo/pvid/eac76682-e324-4419-9bdc-3830661563be,"https://cdn.zeptonow.com/production/tr:w-1280,ar-1494-1494,pr-true,f-auto,q-80/cms/product_variant/c236d6cb-67cf-49ec-ae8f-87555c46e6b6.jpg"
Breakfast & Sauces,Tea & Coffee,"https://cdn.zeptonow.com/production/tr:w-90,ar-120-121,pr-true,f-auto,q-80/cms/sub_category/163.png",Tata Tea Gold 250 g Combo,Tata,284,300,250 g X 2,4.4 (259),In Stock,https://www.zeptonow.com/pn/tata-tea-gold-250-g-combo/pvid/ba4312b8-2057-4e47-a911-4acdfe5d5cec,"https://cdn.zeptonow.com/production/tr:w-1280,ar-1500-1500,pr-true,f-auto,q-80/cms/product_variant/4991a625-10db-4230-9c0e-1ee335df11a5.jpg"
Breakfast & Sauces,Tea & Coffee,"https://cdn.zeptonow.com/production/tr:w-90,ar-120-121,pr-true,f-auto,q-80/cms/sub_category/163.png",Wagh Bakri Premium Leaf Tea Carton Pack Combo,Wagh,604,640,500 g X 2,4.2 (775),In Stock,https://www.zeptonow.com/pn/wagh-bakri-premium-leaf-tea-carton-pack-combo/pvid/547687f1-1f35-410a-b151-4ab270aea9be,"https://cdn.zeptonow.com/production/tr:w-1280,ar-1500-1500,pr-true,f-auto,q-80/inventory/product/7dd45b6d-e164-4a11-b7c7-e55eb2369f59-Wagh_Bakri_Premium_Leaf_Tea_Carton_Pack_(Pack_of_2).jpg"
Breakfast & Sauces,Tea & Coffee,"https://cdn.zeptonow.com/production/tr:w-90,ar-120-121,pr-true,f-auto,q-80/cms/sub_category/163.png",Bru Instant Coffee 100 g Combo,Bru,711,975,100 g X 3,4.5 (837),In Stock,https://www.zeptonow.com/pn/bru-instant-coffee-100-g-combo/pvid/926cacd1-ae87-480e-a7fb-fee3c7fc0e5a,"https://cdn.zeptonow.com/production/tr:w-1280,ar-1500-1500,pr-true,f-auto,q-80/cms/product_variant/0debe4aa-eb6e-43a1-88e7-6a5c60e7a79b.jpg"
Breakfast & Sauces,Tea & Coffee,"https://cdn.zeptonow.com/production/tr:w-90,ar-120-121,pr-true,f-auto,q-80/cms/sub_category/163.png",TGL Co Instant Filter Coffee Powder Signature 100 g Combo,TGL,704,798,100 g X 2,4.7 (950),In Stock,https://www.zeptonow.com/pn/tgl-co-instant-filter-coffee-powder-signature-100-g-combo/pvid/ffc05c3a-028a-4488-8d13-1f1436cdc40a,"https://cdn.zeptonow.com/production/tr:w-1280,ar-1500-1500,pr-true,f-auto,q-80/cms/product_variant/b021827d-740b-4225-89fb-2bb46c9f5578.jpg"
Breakfast & Sauces,Tea & Coffee,"https://cdn.zeptonow.com/production/tr:w-90,ar-120-121,pr-true,f-auto,q-80/cms/sub_category/163.png",Cothas Extra Strong Coffee 60:40 200 g Combo,Cothas,310,332,200 g X 2,4.3 (631),In Stock,https://www.zeptonow.com/pn/cothas-extra-strong-coffee-6040-200-g-combo/pvid/017b7206-cb31-415f-8398-b300cae57758,"https://cdn.zeptonow.com/production/tr:w-1280,ar-1494-1494,pr-true,f-auto,q-80/cms/product_variant/371ce8e1-4adf-4c0b-9810-7fa186b29ad1.jpg"
Breakfast & Sauces,Tea & Coffee,"https://cdn.zeptonow.com/production/tr:w-90,ar-120-121,pr-true,f-auto,q-80/cms/sub_category/163.png",Cothas Speciality Blend Coffee 85:15 500 g Combo,Cothas,962,1020,500 g X 2,4.7 (345),In Stock,https://www.zeptonow.com/pn/cothas-speciality-blend-coffee-8515-500-g-combo/pvid/d5e415ae-e1b6-4ac9-b7de-1d12c46a41f7,"https://cdn.zeptonow.com/production/tr:w-1280,ar-1494-1494,pr-true,f-auto,q-80/cms/product_variant/eeb7757c-f018-41fb-8243-8ad8e1546298.jpg"
Breakfast & Sauces,Tea & Coffee,"https://cdn.zeptonow.com/production/tr:w-90,ar-120-121,pr-true,f-auto,q-80/cms/sub_category/163.png",iD Fresh Instant Filter Coffee Liquid - Bold 150 ml Combo,iD,320,340,150 ml X 2,4.3 (524),In Stock,https://www.zeptonow.com/pn/id-fresh-instant-filter-coffee-liquid-bold-150-ml-combo/pvid/46165377-581f-436e-b289-ba9fd5b632fc,"https://cdn.zeptonow.com/production/tr:w-1280,ar-1500-1500,pr-true,f-auto,q-80/inventory/product/348a27b4-ec6a-4f96-8e7c-b8a2aefb964a-3412.jpg"
Breakfast & Sauces,Tea & Coffee,"https://cdn.zeptonow.com/production/tr:w-90,ar-120-121,pr-true,f-auto,q-80/cms/sub_category/163.png",BRU Green Label Filter Coffee 500 g Combo,BRU,1568,1800,500 g X 4,4.2 (286),In Stock,https://www.zeptonow.com/pn/bru-green-label-filter-coffee-500-g-combo/pvid/68c89a77-e05c-4e65-b80c-8cf0e6942a34,"https://cdn.zeptonow.com/production/tr:w-1280,ar-1500-1500,pr-true,f-auto,q-80/cms/product_variant/7c533e97-6e93-4b8a-9ea8-8cde171a39f7.jpg"
Breakfast & Sauces,Tea & Coffee,"https://cdn.zeptonow.com/production/tr:w-90,ar-120-121,pr-true,f-auto,q-80/cms/sub_category/163.png",Cothas Speciality Blend 85:15 200 g Combo,Cothas,384,412,200 g X 2,4.7 (390),In Stock,https://www.zeptonow.com/pn/cothas-speciality-blend-8515-200-g-combo/pvid/a7e67a0a-dbef-4b53-bf61-98126d3e0ec8,"https://cdn.zeptonow.com/production/tr:w-1280,ar-1494-1494,pr-true,f-auto,q-80/cms/product_variant/1defe327-6851-4587-89e9-f08c5a8d68f4.jpg"
Breakfast & Sauces,Tea & Coffee,"https://cdn.zeptonow.com/production/tr:w-90,ar-120-121,pr-true,f-auto,q-80/cms/sub_category/163.png",Bru Instant Coffee 100 g Combo,Bru,492,650,100 g X 2,4.2 (601),In Stock,https://www.zeptonow.com/pn/bru-instant-coffee-100-g-combo/pvid/ea764c0f-910c-4a58-8d6a-9a3f9502e5e9,"https://cdn.zeptonow.com/production/tr:w-1280,ar-1500-1500,pr-true,f-auto,q-80/cms/product_variant/6ce0da72-0afb-4a67-80ae-ea9fd8998497.jpg"
Breakfast & Sauces,Tea & Coffee,"https://cdn.zeptonow.com/production/tr:w-90,ar-120-121,pr-true,f-auto,q-80/cms/sub_category/163.png",Blue Tokai Easy Pour Vienna Dark Roast Coffee Brew Bags Pack of 5 55 g Combo,Blue,498,600,55 g X 2,4.4 (363),In Stock,https://www.zeptonow.com/pn/blue-tokai-easy-pour-vienna-dark-roast-coffee-brew-bags-pack-of-5-55-g-combo/pvid/c517b22b-fbcc-444b-8722-6259c891add0,"https://cdn.zeptonow.com/production/tr:w-1280,ar-1500-1500,pr-true,f-auto,q-80/cms/product_variant/6452c604-6e02-4caa-a746-2bd37af7a721.jpg"
Breakfast & Sauces,Tea & Coffee,"https://cdn.zeptonow.com/production/tr:w-90,ar-120-121,pr-true,f-auto,q-80/cms/sub_category/163.png",Organic India Tulsi Green Tea Classic 25 pc Combo,Organic,424,450,25 pc X 2,4.4 (811),In Stock,https://www.zeptonow.com/pn/organic-india-tulsi-green-tea-classic-25-pc-combo/pvid/32c5e01d-1066-4e31-a3fd-f54bb6043271,"https://cdn.zeptonow.com/production/tr:w-1280,ar-1500-1500,pr-true,f-auto,q-80/cms/product_variant/869925c1-d824-4901-a915-86dae4bcf588.jpg"
Breakfast & Sauces,Tea & Coffee,"https://cdn.zeptonow.com/production/tr:w-90,ar-120-121,pr-true,f-auto,q-80/cms/sub_category/163.png",iD Instant Filter Coffee Liquid - Bold 150 ml Combo,iD,465,510,150 ml X 3,4.3 (513),In Stock,https://www.zeptonow.com/pn/id-instant-filter-coffee-liquid-bold-150-ml-combo/pvid/a6f18666-921d-4cab-9a83-3c39aaed691b,"https://cdn.zeptonow.com/production/tr:w-1280,ar-1500-1500,pr-true,f-auto,q-80/cms/product_variant/49603b9b-3132-4f01-8044-0a8a689135fa.jpg"
Breakfast & Sauces,Tea & Coffee,"https://cdn.zeptonow.com/production/tr:w-90,ar-120-121,pr-true,f-auto,q-80/cms/sub_category/163.png",NESCAFE Classic Instant Coffee Powder - 100% Pure Coffee 90 g Combo,NESCAFE,816,940,90 g X 2,4.3 (925),In Stock,https://www.zeptonow.com/pn/nescafe-classic-instant-coffee-powder-100-pure-coffee-90-g-combo/pvid/e0391ef4-a40f-4187-9aa7-36db6f280ae5,"https://cdn.zeptonow.com/production/tr:w-1280,ar-1200-1200,pr-true,f-auto,q-80/cms/product_variant/31813ac4-86ac-4831-abde-f7596cc46fbf.jpg"
Breakfast & Sauces,Tea & Coffee,"https://cdn.zeptonow.com/production/tr:w-90,ar-120-121,pr-true,f-auto,q-80/cms/sub_category/163.png",iD Fresh Filter Coffee - Bold 5 pc Combo,iD,228,240,5 pc X 2,4.6 (425),In Stock,https://www.zeptonow.com/pn/id-fresh-filter-coffee-bold-5-pc-combo/pvid/f7f5f4e5-8647-43c3-9248-2c33a20458ea,"https://cdn.zeptonow.com/production/tr:w-1280,ar-1500-1500,pr-true,f-auto,q-80/inventory/product/b1c3b19b-de1a-463a-b841-2aa99a6d8bcb-2824.jpg"
Breakfast & Sauces,Tea & Coffee,"https://cdn.zeptonow.com/production/tr:w-90,ar-120-121,pr-true,f-auto,q-80/cms/sub_category/163.png",Tata Tea Gold(250gms) & Parle-G Gold Biscuit(1kg) Combo,Parle,277,310,2 combo,4.3 (547),In Stock,https://www.zeptonow.com/pn/tata-tea-gold250gms-parle-g-gold-biscuit1kg-combo/pvid/a31e7979-0904-4412-842b-0655246f503d,"https://cdn.zeptonow.com/production/tr:w-1280,ar-1494-1494,pr-true,f-auto,q-80/cms/product_variant/4cd06116-e20b-4fc2-a9b9-f933feb4253e.jpg"
Breakfast & Sauces,Tea & Coffee,"https://cdn.zeptonow.com/production/tr:w-90,ar-120-121,pr-true,f-auto,q-80/cms/sub_category/163.png",Tetley Green Tea With Tulsi Immune With Added Vitamin C Tea Bags 25 pc Combo,Tetley,342,360,25 pc X 2,4.4 (412),In Stock,https://www.zeptonow.com/pn/tetley-green-tea-with-tulsi-immune-with-added-vitamin-c-tea-bags-25-pc-combo/pvid/2f7abf13-68ea-4138-b56f-297f8b930da0,"https://cdn.zeptonow.com/production/tr:w-1280,ar-1500-1500,pr-true,f-auto,q-80/cms/product_variant/2d868d51-b5ab-4ba7-8806-39aff2b6f2a0.jpg"
Breakfast & Sauces,Tea & Coffee,"https://cdn.zeptonow.com/production/tr:w-90,ar-120-121,pr-true,f-auto,q-80/cms/sub_category/163.png",Davidoff Rich Aroma Coffee 100 g Combo,Davidoff,1128,1498,100 g X 2,4.7 (415),In Stock,https://www.zeptonow.com/pn/davidoff-rich-aroma-coffee-100-g-combo/pvid/3ef1db41-2c26-43c2-adfc-14d8ea11dec7,"https://cdn.zeptonow.com/production/tr:w-1280,ar-1500-1500,pr-true,f-auto,q-80/cms/product_variant/2ffd2622-f672-47ae-a9fb-af3aae2b1ea3.jpg"
Breakfast & Sauces,Tea & Coffee,"https://cdn.zeptonow.com/production/tr:w-90,ar-120-121,pr-true,f-auto,q-80/cms/sub_category/163.png",Tata Tea Gold(250gms) & Prasuma Spicy Chicken Momos(24pc) Combo,MOM,439,475,2 combo,4.7 (902),In Stock,https://www.zeptonow.com/pn/tata-tea-gold250gms-prasuma-spicy-chicken-momos24pc-combo/pvid/80ec2587-c65d-450c-bd4c-53f5c9feade8,"https://cdn.zeptonow.com/production/tr:w-1280,ar-1494-1494,pr-true,f-auto,q-80/cms/product_variant/3e400353-e818-4e56-b876-b5aac4578c54.jpg"
Breakfast & Sauces,Tea & Coffee,"https://cdn.zeptonow.com/production/tr:w-90,ar-120-121,pr-true,f-auto,q-80/cms/sub_category/163.png",Nescafe Gold Blend Rich and Smooth Coffee 50 g Combo,Nescafe,852,898,50 g X 2,4.3 (477),In Stock,https://www.zeptonow.com/pn/nescafe-gold-blend-rich-and-smooth-coffee-50-g-combo/pvid/e07b0321-468d-4726-8eda-9a99f328b764,"https://cdn.zeptonow.com/production/tr:w-1280,ar-1200-1200,pr-true,f-auto,q-80/cms/product_variant/313222ea-64ef-4b1a-a505-9198282be6fb.jpg"
Breakfast & Sauces,Tea & Coffee,"https://cdn.zeptonow.com/production/tr:w-90,ar-120-121,pr-true,f-auto,q-80/cms/sub_category/163.png",Davidoff Crema Intense Coffee 90 g Combo,Davidoff,1200,1498,90 g X 2,4.2 (803),In Stock,https://www.zeptonow.com/pn/davidoff-crema-intense-coffee-90-g-combo/pvid/1c360b48-1541-4a6c-91c4-931ade0a6bb3,"https://cdn.zeptonow.com/production/tr:w-1280,ar-1500-1500,pr-true,f-auto,q-80/cms/product_variant/34a47f86-27dc-4c19-9aaf-47b0c7138c9e.jpg"
Breakfast & Sauces,Tea & Coffee,"https://cdn.zeptonow.com/production/tr:w-90,ar-120-121,pr-true,f-auto,q-80/cms/sub_category/163.png",NESCAFE Classic Instant Coffee Powder - 100% Pure Coffee 90 g Combo,NESCAFE,1185,1410,90 g X 3,4.4 (353),In Stock,https://www.zeptonow.com/pn/nescafe-classic-instant-coffee-powder-100-pure-coffee-90-g-combo/pvid/c4ddd99a-a3f9-49cb-8659-75a099e19fe7,"https://cdn.zeptonow.com/production/tr:w-1280,ar-1200-1200,pr-true,f-auto,q-80/cms/product_variant/a7c8636b-fc56-4ee1-879d-a2a2bbb85303.jpg"
Breakfast & Sauces,Tea & Coffee,"https://cdn.zeptonow.com/production/tr:w-90,ar-120-121,pr-true,f-auto,q-80/cms/sub_category/163.png",Tata Tea Gold(250gms) & Pringles(134gms) Combo,Tata,289,340,2 combo,4.6 (918),In Stock,https://www.zeptonow.com/pn/tata-tea-gold250gms-pringles134gms-combo/pvid/66776423-5a5b-492e-81fe-8b99af9aba7d,"https://cdn.zeptonow.com/production/tr:w-1280,ar-1494-1494,pr-true,f-auto,q-80/cms/product_variant/6931dfc8-a53d-42ae-812d-ed18da6dc062.jpg"
Breakfast & Sauces,Tea & Coffee,"https://cdn.zeptonow.com/production/tr:w-90,ar-120-121,pr-true,f-auto,q-80/cms/sub_category/163.png",Tata Coffee Grand Premium 100% Coffee Blend Instant Coffee Pouch 45 g Combo,Tata,394,440,45 g X 2,4.3 (604),In Stock,https://www.zeptonow.com/pn/tata-coffee-grand-premium-100-coffee-blend-instant-coffee-pouch-45-g-combo/pvid/4236168a-4335-4365-acfe-c341f4b4c0c3,"https://cdn.zeptonow.com/production/tr:w-1280,ar-1500-1500,pr-true,f-auto,q-80/cms/product_variant/d474f3d6-c159-4cac-abdb-14f78f9b3d3b.jpg"
Breakfast & Sauces,Tea & Coffee,"https://cdn.zeptonow.com/production/tr:w-90,ar-120-121,pr-true,f-auto,q-80/cms/sub_category/163.png",Tata Coffee Gold 100% Pure Coffee Original 50 g Combo,Tata,720,850,50 g X 2,4.7 (818),In Stock,https://www.zeptonow.com/pn/tata-coffee-gold-100-pure-coffee-original-50-g-combo/pvid/e8741640-79c4-4ca0-bdaf-0f1bf33a6714,"https://cdn.zeptonow.com/production/tr:w-1280,ar-1500-1500,pr-true,f-auto,q-80/cms/product_variant/cbac948b-ae0d-45c0-9515-e1646e1058c2.jpg"
Breakfast & Sauces,Tea & Coffee,"https://cdn.zeptonow.com/production/tr:w-90,ar-120-121,pr-true,f-auto,q-80/cms/sub_category/163.png",Continental Xtra Instant Southblend Jar 200 g Combo,Continental,844,1300,200 g X 2,4.7 (995),In Stock,https://www.zeptonow.com/pn/continental-xtra-instant-southblend-jar-200-g-combo/pvid/18d475c1-2b1f-4d19-8d73-5a79925df916,"https://cdn.zeptonow.com/production/tr:w-1280,ar-1500-1500,pr-true,f-auto,q-80/cms/product_variant/51c4c189-f67b-49f5-aa24-2c2308046ff3.jpg"
Breakfast & Sauces,Tea & Coffee,"https://cdn.zeptonow.com/production/tr:w-90,ar-120-121,pr-true,f-auto,q-80/cms/sub_category/163.png",NESCAFE Classic Instant Coffee Powder - 100% Pure Coffee 45 g Combo,NESCAFE,438,470,45 g X 2,4.4 (872),In Stock,https://www.zeptonow.com/pn/nescafe-classic-instant-coffee-powder-100-pure-coffee-45-g-combo/pvid/f7e7e597-b1bb-4d0b-b04d-57563b966eaf,"https://cdn.zeptonow.com/production/tr:w-1280,ar-1200-1200,pr-true,f-auto,q-80/cms/product_variant/a7177013-8428-4811-9b99-de4f537ae904.jpg"
Breakfast & Sauces,Tea & Coffee,"https://cdn.zeptonow.com/production/tr:w-90,ar-120-121,pr-true,f-auto,q-80/cms/sub_category/163.png",Colombian Brew Original Instant Coffee 1 pc Combo,Colombian,188,198,1 pc X 2,4.3 (820),In Stock,https://www.zeptonow.com/pn/colombian-brew-original-instant-coffee-1-pc-combo/pvid/06f98e63-a111-4941-a0c0-9dc6c7ba5c94,"https://cdn.zeptonow.com/production/tr:w-1280,ar-1500-1500,pr-true,f-auto,q-80/cms/product_variant/fa28f543-505e-428d-afd9-eb2658591b0f.jpg"
Breakfast & Sauces,Tea & Coffee,"https://cdn.zeptonow.com/production/tr:w-90,ar-120-121,pr-true,f-auto,q-80/cms/sub_category/163.png",Vs Mani Filter Coffee Decoction(100ml) & Vs Mani & Co. Garlic Ribbon Murukku(65gms) Combo,Vs,139,155,2 combo,4.5 (141),In Stock,https://www.zeptonow.com/pn/vs-mani-filter-coffee-decoction100ml-vs-mani-co-garlic-ribbon-murukku65gms-combo/pvid/e39cd4f4-6b5b-480d-a41f-7a12e83e8506,"https://cdn.zeptonow.com/production/tr:w-1280,ar-1494-1494,pr-true,f-auto,q-80/cms/product_variant/5f38422b-8acf-4312-86af-b8be20de27e0.jpg"
Breakfast & Sauces,Tea & Coffee,"https://cdn.zeptonow.com/production/tr:w-90,ar-120-121,pr-true,f-auto,q-80/cms/sub_category/163.png",Colombian Brew Cappuccino Coffee Premix 200 g Combo,Colombian,414,498,200 g X 2,4.2 (73),In Stock,https://www.zeptonow.com/pn/colombian-brew-cappuccino-coffee-premix-200-g-combo/pvid/ebd4e316-4bb8-41b1-bf0d-8511edde5884,"https://cdn.zeptonow.com/production/tr:w-1280,ar-1500-1500,pr-true,f-auto,q-80/cms/product_variant/acb1924d-b512-4865-b40d-6741ad03f22d.jpg"
Breakfast & Sauces,Tea & Coffee,"https://cdn.zeptonow.com/production/tr:w-90,ar-120-121,pr-true,f-auto,q-80/cms/sub_category/163.png",Nescafe Classic Instant Coffee Powder Pouch(45gms) & Haldirams Soya Sticks(200gms) Combo,Nescafe,274,280,2 combo,4.2 (169),In Stock,https://www.zeptonow.com/pn/nescafe-classic-instant-coffee-powder-pouch45gms-haldirams-soya-sticks200gms-combo/pvid/3117fcde-db8c-4ffd-a04e-1e9425dc707e,"https://cdn.zeptonow.com/production/tr:w-1280,ar-1494-1494,pr-true,f-auto,q-80/cms/product_variant/65e4b275-0c98-4cc4-8a3e-818e75596959.jpg"
Breakfast & Sauces,Tea & Coffee,"https://cdn.zeptonow.com/production/tr:w-90,ar-120-121,pr-true,f-auto,q-80/cms/sub_category/163.png",Bevzilla 24 Sachets Pack (4 Flavors) X (6 Sachets Each) Assorted Instant Coffee 48 g Combo,Bevzilla,255,360,48 g X 3,4.6 (749),In Stock,https://www.zeptonow.com/pn/bevzilla-24-sachets-pack-4-flavors-x-6-sachets-each-assorted-instant-coffee-48-g-combo/pvid/e6504131-3128-48e0-9d70-0dbebc177ba9,"https://cdn.zeptonow.com/production/tr:w-1280,ar-1500-1500,pr-true,f-auto,q-80/cms/product_variant/87b57304-9d16-4070-b2c6-5769078d3efd.jpg"
Breakfast & Sauces,Tea & Coffee,"https://cdn.zeptonow.com/production/tr:w-90,ar-120-121,pr-true,f-auto,q-80/cms/sub_category/163.png",Continental Xtra Pouch 50 g Combo,Continental,288,720,50 g X 4,4.2 (696),In Stock,https://www.zeptonow.com/pn/continental-xtra-pouch-50-g-combo/pvid/d6aa14aa-bba7-4ace-a294-1a113b740aa0,"https://cdn.zeptonow.com/production/tr:w-1280,ar-1200-1200,pr-true,f-auto,q-80/cms/product_variant/62698e78-d96a-4c5a-b9ac-3bbf44b54f80.jpg"
Breakfast & Sauces,Tea & Coffee,"https://cdn.zeptonow.com/production/tr:w-90,ar-120-121,pr-true,f-auto,q-80/cms/sub_category/163.png",Brooke Bond Red Label Tea(250gms) & Nandini Goodlife Regular Milk Uht (Tetra Pack Brik)(1l) Combo,Nandini,206,210,2 combo,4.3 (835),In Stock,https://www.zeptonow.com/pn/brooke-bond-red-label-tea250gms-nandini-goodlife-regular-milk-uht-tetra-pack-brik1l-combo/pvid/81b71ec0-9674-4296-8717-00fa144f3958,"https://cdn.zeptonow.com/production/tr:w-1280,ar-1494-1494,pr-true,f-auto,q-80/cms/product_variant/3b23d629-e3b2-46ca-84dc-086bc771cb50.jpg"
Breakfast & Sauces,Tea & Coffee,"https://cdn.zeptonow.com/production/tr:w-90,ar-120-121,pr-true,f-auto,q-80/cms/sub_category/163.png",Tata Coffee Grand Instant Coffee Pouch 50 g Combo,Tata,450,510,50 g X 3,4.4 (711),In Stock,https://www.zeptonow.com/pn/tata-coffee-grand-instant-coffee-pouch-50-g-combo/pvid/aa0aef49-2099-4feb-aff5-9aad64f3e50d,"https://cdn.zeptonow.com/production/tr:w-1280,ar-1500-1500,pr-true,f-auto,q-80/cms/product_variant/420c3b06-db09-4c65-919b-37a7a31c5734.jpg"
Breakfast & Sauces,Tea & Coffee,"https://cdn.zeptonow.com/production/tr:w-90,ar-120-121,pr-true,f-auto,q-80/cms/sub_category/163.png",VS Mani Filter Coffee Decoction 100 ml Combo,VS,162,200,100 ml X 2,4.7 (844),In Stock,https://www.zeptonow.com/pn/vs-mani-filter-coffee-decoction-100-ml-combo/pvid/1da94adf-801e-4b51-944c-f931fafb1829,"https://cdn.zeptonow.com/production/tr:w-1280,ar-1494-1494,pr-true,f-auto,q-80/cms/product_variant/a40458b7-26a6-43b6-8ca6-8ae6984019fb.jpg"
Breakfast & Sauces,Tea & Coffee,"https://cdn.zeptonow.com/production/tr:w-90,ar-120-121,pr-true,f-auto,q-80/cms/sub_category/163.png",Colombian Brew Assorted Coffee Premix 10 pc Combo,Colombian,468,598,10 pc X 2,4.3 (187),In Stock,https://www.zeptonow.com/pn/colombian-brew-assorted-coffee-premix-10-pc-combo/pvid/255ef938-628a-4f2c-bc8b-6db09492248b,"https://cdn.zeptonow.com/production/tr:w-1280,ar-1500-1500,pr-true,f-auto,q-80/cms/product_variant/48686316-9d44-47c8-a176-7721537e61d9.jpg"
Breakfast & Sauces,Tea & Coffee,"https://cdn.zeptonow.com/production/tr:w-90,ar-120-121,pr-true,f-auto,q-80/cms/sub_category/163.png",Id Instant Coffee Powder(50gms) & Id Idli & Dosa Batter(1kg) Combo,Id,220,225,2 combo,4.5 (396),In Stock,https://www.zeptonow.com/pn/id-instant-coffee-powder50gms-id-idli-dosa-batter1kg-combo/pvid/5fd09060-9827-4235-86ca-c67121a32bc2,"https://cdn.zeptonow.com/production/tr:w-1280,ar-1494-1494,pr-true,f-auto,q-80/cms/product_variant/1e28f0f1-f5be-4bf2-860c-c2780129ddae.jpg"
Breakfast & Sauces,Tea & Coffee,"https://cdn.zeptonow.com/production/tr:w-90,ar-120-121,pr-true,f-auto,q-80/cms/sub_category/163.png",Nescafe Classic Instant Coffee Powder Pouch(45gms) & Haldiram'S Moong Dal(200gms) Combo,Nescafe,289,295,2 combo,4.3 (981),In Stock,https://www.zeptonow.com/pn/nescafe-classic-instant-coffee-powder-pouch45gms-haldirams-moong-dal200gms-combo/pvid/90678a93-ebed-4217-8204-0843ca989038,"https://cdn.zeptonow.com/production/tr:w-1280,ar-1494-1494,pr-true,f-auto,q-80/cms/product_variant/4009462b-48e6-468a-9c2b-abe7b07b56e0.jpg"
Breakfast & Sauces,Tea & Coffee,"https://cdn.zeptonow.com/production/tr:w-90,ar-120-121,pr-true,f-auto,q-80/cms/sub_category/163.png",Vs Mani Filter Coffee Decoction(100ml) & Vs Mani Pepper Murukku(65gms) Combo,Vs,144,160,2 combo,4.5 (673),In Stock,https://www.zeptonow.com/pn/vs-mani-filter-coffee-decoction100ml-vs-mani-pepper-murukku65gms-combo/pvid/b669657c-efd6-439a-9c90-9d4c5dddaacd,"https://cdn.zeptonow.com/production/tr:w-1280,ar-1494-1494,pr-true,f-auto,q-80/cms/product_variant/4a7c3f0b-7d7f-4153-ad86-82bbf2ec127d.jpg"
Breakfast & Sauces,Tea & Coffee,"https://cdn.zeptonow.com/production/tr:w-90,ar-120-121,pr-true,f-auto,q-80/cms/sub_category/163.png",Tata Tea Gold(250gms) & Cadbury Chocobakes Choclayered Cakes(114gms) Combo,Cadbury,213,240,2 combo,4.6 (99),In Stock,https://www.zeptonow.com/pn/tata-tea-gold250gms-cadbury-chocobakes-choclayered-cakes114gms-combo/pvid/af0cfe8d-cda2-4786-8d9a-33addffc7422,"https://cdn.zeptonow.com/production/tr:w-1280,ar-1494-1494,pr-true,f-auto,q-80/cms/product_variant/4bebfd95-c217-4020-a0f4-2192d3c26abf.jpg"
Breakfast & Sauces,Tea & Coffee,"https://cdn.zeptonow.com/production/tr:w-90,ar-120-121,pr-true,f-auto,q-80/cms/sub_category/163.png",Continental Malgudi Filter Coffee Powder-Chicory Free 200 g Combo,Continental,495,600,200 g X 3,4.4 (269),In Stock,https://www.zeptonow.com/pn/continental-malgudi-filter-coffee-powder-chicory-free-200-g-combo/pvid/9c288bd1-544c-486d-904d-5afb31787ce5,"https://cdn.zeptonow.com/production/tr:w-1280,ar-1500-1500,pr-true,f-auto,q-80/cms/product_variant/7d5c33b6-860c-4c2a-8071-c87049f9369e.jpg"
Breakfast & Sauces,Tea & Coffee,"https://cdn.zeptonow.com/production/tr:w-90,ar-120-121,pr-true,f-auto,q-80/cms/sub_category/163.png",Chaayos Masala Tea - Premium Chai Patti with 100% Natural Spices 100 g Combo,Chaayos,246,278,100 g X 2,4.2 (200),In Stock,https://www.zeptonow.com/pn/chaayos-masala-tea-premium-chai-patti-with-100-natural-spices-100-g-combo/pvid/61ecefa4-e903-4c62-ac80-c747b5d19ef4,"https://cdn.zeptonow.com/production/tr:w-1280,ar-1200-1200,pr-true,f-auto,q-80/cms/product_variant/e7badfc0-4518-44c7-b52f-8a06e259146b.jpg"
Breakfast & Sauces,Tea & Coffee,"https://cdn.zeptonow.com/production/tr:w-90,ar-120-121,pr-true,f-auto,q-80/cms/sub_category/163.png",Sleepy Owl French Vanilla 100% Arabica Instant Coffee Combo,Sleepy,236,300,1 pc X 2,4.6 (441),In Stock,https://www.zeptonow.com/pn/sleepy-owl-french-vanilla-100-arabica-instant-coffee-combo/pvid/02233d59-2058-4d0e-aa63-b43931b44826,"https://cdn.zeptonow.com/production/tr:w-1280,ar-1500-1500,pr-true,f-auto,q-80/cms/product_variant/45129163-66f9-42b4-840a-6b324931f0fd.jpg"
Breakfast & Sauces,Tea & Coffee,"https://cdn.zeptonow.com/production/tr:w-90,ar-120-121,pr-true,f-auto,q-80/cms/sub_category/163.png",Nescafe Classic Dawn Jar(90gms) & Pringles Potato Chips Pizza Flavour(102gms) Combo,Nescafe,540,595,2 combo,4.2 (557),In Stock,https://www.zeptonow.com/pn/nescafe-classic-dawn-jar90gms-pringles-potato-chips-pizza-flavour102gms-combo/pvid/2bf37c3c-9aa8-49ed-b729-beb9ca8dd77b,"https://cdn.zeptonow.com/production/tr:w-1280,ar-1494-1494,pr-true,f-auto,q-80/cms/product_variant/3aea8c56-e22b-4306-81eb-ae8767d2bfde.jpg"
Breakfast & Sauces,Dates & Seeds,"https://cdn.zeptonow.com/production/tr:w-90,ar-120-120,pr-true,f-auto,q-80/cms/sub_category/99c91fab-c451-4873-bd24-70e99eb6d813.png","Farmley Trail Mix Dry Fruit- Almonds, Cashews, Cranberries, Blueberries, Blackcurrant & More",Farmley,486,799,450 g,4.4 (657),In Stock,https://www.zeptonow.com/pn/farmley-trail-mix-dry-fruit-almonds-cashews-cranberries-blueberries-blackcurrant-more/pvid/3c107848-73c9-4e71-85b7-e30e9eb11be1,"https://cdn.zeptonow.com/production/tr:w-1280,ar-2000-2000,pr-true,f-auto,q-80/cms/product_variant/18962109-a2bf-48a3-bac1-317bc8a54f91.jpg"
Breakfast & Sauces,Dates & Seeds,"https://cdn.zeptonow.com/production/tr:w-90,ar-120-120,pr-true,f-auto,q-80/cms/sub_category/99c91fab-c451-4873-bd24-70e99eb6d813.png",Happilo Premium International Omani Dates,Happilo,142,220,250 g,4.2 (1.2k),In Stock,https://www.zeptonow.com/pn/happilo-premium-international-omani-dates/pvid/7f7844da-e706-42b9-9fe4-6e4d6644ba34,"https://cdn.zeptonow.com/production/tr:w-1280,ar-1200-1200,pr-true,f-auto,q-80/cms/product_variant/9ed34a2e-6f56-4424-9baf-833ff560acb2.jpeg"
Breakfast & Sauces,Dates & Seeds,"https://cdn.zeptonow.com/production/tr:w-90,ar-120-120,pr-true,f-auto,q-80/cms/sub_category/99c91fab-c451-4873-bd24-70e99eb6d813.png",Nutraj Flax Seeds,Nutraj,65,199,200 g,4.8 (1.0k),In Stock,https://www.zeptonow.com/pn/nutraj-flax-seeds/pvid/67225846-416f-4add-9588-0ccf966a9e98,"https://cdn.zeptonow.com/production/tr:w-1280,ar-2400-2400,pr-true,f-auto,q-80/cms/product_variant/a2bf0582-bb21-4bdb-aac9-39db0785727e.jpg"
Breakfast & Sauces,Dates & Seeds,"https://cdn.zeptonow.com/production/tr:w-90,ar-120-120,pr-true,f-auto,q-80/cms/sub_category/99c91fab-c451-4873-bd24-70e99eb6d813.png",Nutraj Arabian Premium Dates,Nutraj,128,199,500 g,4.3 (23.3k),In Stock,https://www.zeptonow.com/pn/nutraj-arabian-premium-dates/pvid/a91f49e7-ca09-411f-8de0-2a34540c1cc0,"https://cdn.zeptonow.com/production/tr:w-1280,ar-1021-1021,pr-true,f-auto,q-80/cms/product_variant/21d9a421-cfa4-47a6-b0ad-5c0947e9c347.jpeg"
Breakfast & Sauces,Dates & Seeds,"https://cdn.zeptonow.com/production/tr:w-90,ar-120-120,pr-true,f-auto,q-80/cms/sub_category/99c91fab-c451-4873-bd24-70e99eb6d813.png",Open Secret Arabian Dates (Khajur) With Seed,Open Secret,150,250,400 g,4.3 (12.7k),In Stock,https://www.zeptonow.com/pn/open-secret-arabian-dates-khajur-with-seed/pvid/575e1880-a5c7-41fb-b74f-a27af11e8c0f,"https://cdn.zeptonow.com/production/tr:w-1280,ar-1201-1201,pr-true,f-auto,q-80/cms/product_variant/f85ec6d2-d2e7-43a4-b1b4-2fb91bda827e.jpeg"
Breakfast & Sauces,Dates & Seeds,"https://cdn.zeptonow.com/production/tr:w-90,ar-120-120,pr-true,f-auto,q-80/cms/sub_category/99c91fab-c451-4873-bd24-70e99eb6d813.png",Farmley Premium Pumpkin Seeds AAA Grade,Farmley,191,259,200 g,4.7 (2.3k),In Stock,https://www.zeptonow.com/pn/farmley-premium-pumpkin-seeds-aaa-grade/pvid/4a7e2785-b625-4b36-9baf-c06ef443fa79,"https://cdn.zeptonow.com/production/tr:w-1280,ar-1200-1200,pr-true,f-auto,q-80/cms/product_variant/128d0932-17a8-421f-9391-c4216ff50ca9.jpeg"
Breakfast & Sauces,Dates & Seeds,"https://cdn.zeptonow.com/production/tr:w-90,ar-120-120,pr-true,f-auto,q-80/cms/sub_category/99c91fab-c451-4873-bd24-70e99eb6d813.png",Farmley Premium Flax Seeds,Farmley,65,99,200 g,4.6 (1.8k),In Stock,https://www.zeptonow.com/pn/farmley-premium-flax-seeds/pvid/57bf06e0-f729-42fe-8313-27154bd9cb71,"https://cdn.zeptonow.com/production/tr:w-1280,ar-1200-1200,pr-true,f-auto,q-80/cms/product_variant/a4367b5c-4ab7-46ff-b124-4e7799ce9444.jpeg"
Breakfast & Sauces,Dates & Seeds,"https://cdn.zeptonow.com/production/tr:w-90,ar-120-120,pr-true,f-auto,q-80/cms/sub_category/99c91fab-c451-4873-bd24-70e99eb6d813.png",Farmley Premium Omani Fard Dates,Farmley,244,349,400 g,4.4 (1.4k),In Stock,https://www.zeptonow.com/pn/farmley-premium-omani-fard-dates/pvid/36bf82fa-e3d2-47fe-ab27-8ed18d951a9b,"https://cdn.zeptonow.com/production/tr:w-1280,ar-1817-2000,pr-true,f-auto,q-80/cms/product_variant/96be4f77-a141-47aa-8c85-8961e1c4d6da.jpeg"
Breakfast & Sauces,Dates & Seeds,"https://cdn.zeptonow.com/production/tr:w-90,ar-120-120,pr-true,f-auto,q-80/cms/sub_category/99c91fab-c451-4873-bd24-70e99eb6d813.png","Farmley Trail Mix Dry Fruit- Almonds, Cashews, Cranberries, Blueberries, Blackcurrant & More",Farmley,282,349,200 g,4.6 (1.7k),In Stock,https://www.zeptonow.com/pn/farmley-trail-mix-dry-fruit-almonds-cashews-cranberries-blueberries-blackcurrant-more/pvid/f9b60cdf-3fc1-48e6-90a0-0d4bdaf54baa,"https://cdn.zeptonow.com/production/tr:w-1280,ar-3125-3125,pr-true,f-auto,q-80/cms/product_variant/2f7e2bb4-3a36-4707-a62c-d984b686ec11.jpeg"
Breakfast & Sauces,Dates & Seeds,"https://cdn.zeptonow.com/production/tr:w-90,ar-120-120,pr-true,f-auto,q-80/cms/sub_category/99c91fab-c451-4873-bd24-70e99eb6d813.png",Khari Foods Black Afghan Seedless Dates / Khajur,Khari,279,475,400 g,4.4 (89),In Stock,https://www.zeptonow.com/pn/khari-foods-black-afghan-seedless-dates-khajur/pvid/06fe09d6-3d07-4a64-90ae-0c6160caf3f1,"https://cdn.zeptonow.com/production/tr:w-1280,ar-1500-1500,pr-true,f-auto,q-80/cms/product_variant/770b6019-08af-4c61-ae97-433be5ad8cbe.jpeg"
Breakfast & Sauces,Dates & Seeds,"https://cdn.zeptonow.com/production/tr:w-90,ar-120-120,pr-true,f-auto,q-80/cms/sub_category/99c91fab-c451-4873-bd24-70e99eb6d813.png",Khari Foods Black Royal Dates / Khajur,Khari,135,199,400 g,4 (2.0k),In Stock,https://www.zeptonow.com/pn/khari-foods-black-royal-dates-khajur/pvid/440b49ad-8034-406e-b084-3a87057a2bc4,"https://cdn.zeptonow.com/production/tr:w-1280,ar-1500-1500,pr-true,f-auto,q-80/cms/product_variant/1c626c2a-0a95-4ae8-b813-06ec666975a8.jpeg"
Breakfast & Sauces,Dates & Seeds,"https://cdn.zeptonow.com/production/tr:w-90,ar-120-120,pr-true,f-auto,q-80/cms/sub_category/99c91fab-c451-4873-bd24-70e99eb6d813.png",Happilo Essentials Classic Sultan Dates,Happilo,147,210,500 g,4 (469),In Stock,https://www.zeptonow.com/pn/happilo-essentials-classic-sultan-dates/pvid/46b0b720-c938-4fd9-adfa-a7bec210ecce,"https://cdn.zeptonow.com/production/tr:w-1280,ar-1200-1200,pr-true,f-auto,q-80/cms/product_variant/95ce0f5f-c32c-4e71-a5b4-c997f90f32e9.jpeg"
Breakfast & Sauces,Dates & Seeds,"https://cdn.zeptonow.com/production/tr:w-90,ar-120-120,pr-true,f-auto,q-80/cms/sub_category/99c91fab-c451-4873-bd24-70e99eb6d813.png",Farmley Premium Sunflower Seeds,Farmley,119,159,200 g,4.6 (1.9k),In Stock,https://www.zeptonow.com/pn/farmley-premium-sunflower-seeds/pvid/29e56d16-81c2-4742-8f38-2e080ffbcc72,"https://cdn.zeptonow.com/production/tr:w-1280,ar-1200-1200,pr-true,f-auto,q-80/cms/product_variant/e0315f49-25ee-4c58-a89d-70370f5a2160.jpeg"
Breakfast & Sauces,Dates & Seeds,"https://cdn.zeptonow.com/production/tr:w-90,ar-120-120,pr-true,f-auto,q-80/cms/sub_category/99c91fab-c451-4873-bd24-70e99eb6d813.png",Khari Foods Kimia Gold Dates / Khajur,Khari,216,349,400 g,4.1 (2.6k),In Stock,https://www.zeptonow.com/pn/khari-foods-kimia-gold-dates-khajur/pvid/ec44f742-6110-42a0-ba10-73b45b7ff260,"https://cdn.zeptonow.com/production/tr:w-1280,ar-1500-1500,pr-true,f-auto,q-80/cms/product_variant/d7cd0ce0-119e-47a3-a09d-fcc35f9be1ef.jpeg"
Breakfast & Sauces,Dates & Seeds,"https://cdn.zeptonow.com/production/tr:w-90,ar-120-120,pr-true,f-auto,q-80/cms/sub_category/99c91fab-c451-4873-bd24-70e99eb6d813.png",Tata Sampann Premium Kalmi Dates Rich In Fibre Naturally Sweet Naturally Low-Fat Food,Tata,248,265,200 g,4.2 (330),In Stock,https://www.zeptonow.com/pn/tata-sampann-premium-kalmi-dates-rich-in-fibre-naturally-sweet-naturally-low-fat-food/pvid/f0e6e0d0-57e2-4bc2-aab7-130ac3711436,"https://cdn.zeptonow.com/production/tr:w-1280,ar-1500-1500,pr-true,f-auto,q-80/cms/product_variant/481cf09c-6828-4ea6-be51-21320fc1ec26.jpg"
Breakfast & Sauces,Dates & Seeds,"https://cdn.zeptonow.com/production/tr:w-90,ar-120-120,pr-true,f-auto,q-80/cms/sub_category/99c91fab-c451-4873-bd24-70e99eb6d813.png",Khari Foods Black Afghan Dates / Khajur,Khari,122,225,200 g,4.4 (2.8k),In Stock,https://www.zeptonow.com/pn/khari-foods-black-afghan-dates-khajur/pvid/5f7c8ade-8ada-4e57-bdcc-5bc877cbea6e,"https://cdn.zeptonow.com/production/tr:w-1280,ar-1500-1500,pr-true,f-auto,q-80/cms/product_variant/f8fd078c-7c2d-462c-9fde-590ee239e210.jpeg"
Breakfast & Sauces,Dates & Seeds,"https://cdn.zeptonow.com/production/tr:w-90,ar-120-120,pr-true,f-auto,q-80/cms/sub_category/99c91fab-c451-4873-bd24-70e99eb6d813.png",Tata Sampann Premium Arabian Dates Rich In Fibre Naturally Fat-Free Good For Gut Health,Tata,200,220,500 g,4.5 (706),In Stock,https://www.zeptonow.com/pn/tata-sampann-premium-arabian-dates-rich-in-fibre-naturally-fat-free-good-for-gut-health/pvid/c1e5b6e8-1c54-4377-9742-8daa28cd1c62,"https://cdn.zeptonow.com/production/tr:w-1280,ar-2400-2400,pr-true,f-auto,q-80/cms/product_variant/fa4f9d70-5b4d-4165-ade2-fdc279c69cb1.jpg"
Breakfast & Sauces,Dates & Seeds,"https://cdn.zeptonow.com/production/tr:w-90,ar-120-120,pr-true,f-auto,q-80/cms/sub_category/99c91fab-c451-4873-bd24-70e99eb6d813.png",Farmley Kalmi Dates | Naturally Sweet Khajoor,Farmley,240,299,200 g,4.2 (253),In Stock,https://www.zeptonow.com/pn/farmley-kalmi-dates-naturally-sweet-khajoor/pvid/9703407c-caaa-4e3e-a839-a898faf3c6bc,"https://cdn.zeptonow.com/production/tr:w-1280,ar-6250-6250,pr-true,f-auto,q-80/cms/product_variant/45f05e67-b718-4517-943e-e274d9640cdc.jpg"
Breakfast & Sauces,Dates & Seeds,"https://cdn.zeptonow.com/production/tr:w-90,ar-120-120,pr-true,f-auto,q-80/cms/sub_category/99c91fab-c451-4873-bd24-70e99eb6d813.png",Nutraj Sunflower Seeds,Nutraj,104,199,200 g,4.8 (994),In Stock,https://www.zeptonow.com/pn/nutraj-sunflower-seeds/pvid/c3480d95-a311-43ca-8429-27fe7dfeb40a,"https://cdn.zeptonow.com/production/tr:w-1280,ar-2400-2400,pr-true,f-auto,q-80/cms/product_variant/bd5d57a5-5db1-4323-9420-dddc6e83fa35.jpg"
Breakfast & Sauces,Dates & Seeds,"https://cdn.zeptonow.com/production/tr:w-90,ar-120-120,pr-true,f-auto,q-80/cms/sub_category/99c91fab-c451-4873-bd24-70e99eb6d813.png",Nutraj Pumpkin Seeds,Nutraj,157,249,200 g,4.7 (1.4k),In Stock,https://www.zeptonow.com/pn/nutraj-pumpkin-seeds/pvid/cfe37b98-858c-4bd5-afd5-fa5c2cf0c212,"https://cdn.zeptonow.com/production/tr:w-1280,ar-2400-2400,pr-true,f-auto,q-80/cms/product_variant/29bc0540-1219-4fc7-97c0-d83e9f44fefc.jpeg"
Breakfast & Sauces,Dates & Seeds,"https://cdn.zeptonow.com/production/tr:w-90,ar-120-120,pr-true,f-auto,q-80/cms/sub_category/99c91fab-c451-4873-bd24-70e99eb6d813.png",Happilo Premium International Omani Dates,Happilo,357,549,680 g,4.2 (144),In Stock,https://www.zeptonow.com/pn/happilo-premium-international-omani-dates/pvid/207f33d3-0f55-4539-9e67-a99390472f4a,"https://cdn.zeptonow.com/production/tr:w-1280,ar-1200-1200,pr-true,f-auto,q-80/cms/product_variant/9e629990-3e1f-4396-8103-7eedb2f7dba0.jpeg"
Breakfast & Sauces,Dates & Seeds,"https://cdn.zeptonow.com/production/tr:w-90,ar-120-120,pr-true,f-auto,q-80/cms/sub_category/99c91fab-c451-4873-bd24-70e99eb6d813.png",Khari Foods Kalmi Dates / Khajur,Khari,276,399,250 g,4.2 (791),In Stock,https://www.zeptonow.com/pn/khari-foods-kalmi-dates-khajur/pvid/1ecdb7f5-9ab8-4cc6-a5a7-0433f068ad21,"https://cdn.zeptonow.com/production/tr:w-1280,ar-1500-1500,pr-true,f-auto,q-80/cms/product_variant/49d6dfee-94f8-45c3-af07-6cec81a06a3b.jpeg"
Breakfast & Sauces,Dates & Seeds,"https://cdn.zeptonow.com/production/tr:w-90,ar-120-120,pr-true,f-auto,q-80/cms/sub_category/99c91fab-c451-4873-bd24-70e99eb6d813.png",Farmley Barkat Dates | Naturally Sweet Khajoor,Farmley,120,149,250 g,4.4 (1.5k),In Stock,https://www.zeptonow.com/pn/farmley-barkat-dates-naturally-sweet-khajoor/pvid/46d71574-3511-4315-8931-d337ad084418,"https://cdn.zeptonow.com/production/tr:w-1280,ar-6250-6250,pr-true,f-auto,q-80/cms/product_variant/63091cd1-a831-4fcd-b7fa-d1c01a8d93a3.jpg"
Breakfast & Sauces,Dates & Seeds,"https://cdn.zeptonow.com/production/tr:w-90,ar-120-120,pr-true,f-auto,q-80/cms/sub_category/99c91fab-c451-4873-bd24-70e99eb6d813.png",Tata Sampann 100% Premium Pumpkin Seeds,Tata,219,270,200 g,4.4 (346),In Stock,https://www.zeptonow.com/pn/tata-sampann-100-premium-pumpkin-seeds/pvid/2798d577-4216-4b34-a68e-95475f0285f9,"https://cdn.zeptonow.com/production/tr:w-1280,ar-1200-1200,pr-true,f-auto,q-80/cms/product_variant/580eed52-7a85-46bb-a508-bd5fc3d25d91.jpeg"
Breakfast & Sauces,Dates & Seeds,"https://cdn.zeptonow.com/production/tr:w-90,ar-120-120,pr-true,f-auto,q-80/cms/sub_category/99c91fab-c451-4873-bd24-70e99eb6d813.png",Tata Sampann 100% Pure Premium Sunflower Seeds,Tata,132,149,200 g,4.6 (490),In Stock,https://www.zeptonow.com/pn/tata-sampann-100-pure-premium-sunflower-seeds/pvid/b309f275-334e-4cc5-b941-b0c08e314c55,"https://cdn.zeptonow.com/production/tr:w-1280,ar-1200-1200,pr-true,f-auto,q-80/cms/product_variant/8ff5b872-7614-462d-a3d5-0a64cc1e5275.jpeg"
Breakfast & Sauces,Dates & Seeds,"https://cdn.zeptonow.com/production/tr:w-90,ar-120-120,pr-true,f-auto,q-80/cms/sub_category/99c91fab-c451-4873-bd24-70e99eb6d813.png",Khari Foods Flax Seeds Dried,Khari,59,99,200 g,4.6 (733),In Stock,https://www.zeptonow.com/pn/khari-foods-flax-seeds-dried/pvid/0cd54945-b03e-4f7b-aa49-e506f839d36c,"https://cdn.zeptonow.com/production/tr:w-1280,ar-1500-1500,pr-true,f-auto,q-80/cms/product_variant/35b575a7-61e7-412c-ad47-3de969f54f4b.jpeg"
Breakfast & Sauces,Dates & Seeds,"https://cdn.zeptonow.com/production/tr:w-90,ar-120-120,pr-true,f-auto,q-80/cms/sub_category/99c91fab-c451-4873-bd24-70e99eb6d813.png","Open Secret Raw Pumpkin Seeds - Healthy Diet Snack, Protein Rich, High In Fibre",Open Secret,137,299,200 g,5 (412),In Stock,https://www.zeptonow.com/pn/open-secret-raw-pumpkin-seeds-healthy-diet-snack-protein-rich-high-in-fibre/pvid/321024a0-7818-4803-8aab-373164a1f77e,"https://cdn.zeptonow.com/production/tr:w-1280,ar-1000-1000,pr-true,f-auto,q-80/cms/product_variant/55ae768d-b43d-466e-a0c2-83cf1dde2e67.jpg"
Breakfast & Sauces,Dates & Seeds,"https://cdn.zeptonow.com/production/tr:w-90,ar-120-120,pr-true,f-auto,q-80/cms/sub_category/99c91fab-c451-4873-bd24-70e99eb6d813.png",Khari Foods Zahidi Dates / Khajur,Khari,67,99,250 g,4.5 (3.6k),In Stock,https://www.zeptonow.com/pn/khari-foods-zahidi-dates-khajur/pvid/d9479b90-5718-4303-aee9-5f5a40b28bb4,"https://cdn.zeptonow.com/production/tr:w-1280,ar-1500-1500,pr-true,f-auto,q-80/cms/product_variant/4129695b-ab5f-4671-8282-15f0d6b45e8d.jpeg"
Breakfast & Sauces,Dates & Seeds,"https://cdn.zeptonow.com/production/tr:w-90,ar-120-120,pr-true,f-auto,q-80/cms/sub_category/99c91fab-c451-4873-bd24-70e99eb6d813.png",Khari Foods Medjool Dates / Khajur,Khari,429,699,200 g,3.9 (69),In Stock,https://www.zeptonow.com/pn/khari-foods-medjool-dates-khajur/pvid/e2f0267f-43de-4012-8939-cbe35cb04b43,"https://cdn.zeptonow.com/production/tr:w-1280,ar-2400-2400,pr-true,f-auto,q-80/cms/product_variant/6244b101-d09b-439f-9956-194404d090ef.jpeg"
Breakfast & Sauces,Dates & Seeds,"https://cdn.zeptonow.com/production/tr:w-90,ar-120-120,pr-true,f-auto,q-80/cms/sub_category/99c91fab-c451-4873-bd24-70e99eb6d813.png",Khari Foods Pumpkin Seeds Dried,Khari,207,299,200 g,4.4 (298),In Stock,https://www.zeptonow.com/pn/khari-foods-pumpkin-seeds-dried/pvid/b21d111e-d2cb-4738-8c68-600012055628,"https://cdn.zeptonow.com/production/tr:w-1280,ar-1500-1500,pr-true,f-auto,q-80/cms/product_variant/f3a2da67-0a1f-4e23-a7cf-66ace2fd1cf1.jpeg"
Breakfast & Sauces,Dates & Seeds,"https://cdn.zeptonow.com/production/tr:w-90,ar-120-120,pr-true,f-auto,q-80/cms/sub_category/99c91fab-c451-4873-bd24-70e99eb6d813.png",Khari Foods Sunflower Seeds Dried,Khari,127,225,200 g,4.5 (462),In Stock,https://www.zeptonow.com/pn/khari-foods-sunflower-seeds-dried/pvid/0ef0a328-7d17-4bb4-a656-f8b11afe3885,"https://cdn.zeptonow.com/production/tr:w-1280,ar-1500-1500,pr-true,f-auto,q-80/cms/product_variant/e188d5b7-167e-41d4-8733-7765b749f934.jpeg"
Breakfast & Sauces,Dates & Seeds,"https://cdn.zeptonow.com/production/tr:w-90,ar-120-120,pr-true,f-auto,q-80/cms/sub_category/99c91fab-c451-4873-bd24-70e99eb6d813.png",Flyberry Gourmet Majestic Medjoul Dates All Natural,Flyberry,1151,1299,400 g,5 (125),In Stock,https://www.zeptonow.com/pn/flyberry-gourmet-majestic-medjoul-dates-all-natural/pvid/d1997220-5694-422a-b571-d175cd3c603a,"https://cdn.zeptonow.com/production/tr:w-1280,ar-1500-1500,pr-true,f-auto,q-80/inventory/product/d65aabf3-e1e7-4bc3-baa2-5092c31c86c0-/tmp/20230313-1011431.jpeg"
Breakfast & Sauces,Dates & Seeds,"https://cdn.zeptonow.com/production/tr:w-90,ar-120-120,pr-true,f-auto,q-80/cms/sub_category/99c91fab-c451-4873-bd24-70e99eb6d813.png",Nutty Gritties Ajwa Dates,Nutty,590,950,350 g,4.2 (98),In Stock,https://www.zeptonow.com/pn/nutty-gritties-ajwa-dates/pvid/583aab66-0c2a-4952-ae64-fa89f872ec9a,"https://cdn.zeptonow.com/production/tr:w-1280,ar-1300-1300,pr-true,f-auto,q-80/cms/product_variant/d44890b7-61e3-45cf-ab5e-16253fe3e544.jpeg"
Breakfast & Sauces,Dates & Seeds,"https://cdn.zeptonow.com/production/tr:w-90,ar-120-120,pr-true,f-auto,q-80/cms/sub_category/99c91fab-c451-4873-bd24-70e99eb6d813.png",TMI Colman Kimia Dates,TMI,224,299,450 g,4.7 (170),In Stock,https://www.zeptonow.com/pn/tmi-colman-kimia-dates/pvid/3f2b0aef-932c-4445-a364-722012cb1f25,"https://cdn.zeptonow.com/production/tr:w-1280,ar-1200-1200,pr-true,f-auto,q-80/cms/product_variant/42421819-9062-41fd-8f3c-c60aa2b7f040.jpeg"
Breakfast & Sauces,Dates & Seeds,"https://cdn.zeptonow.com/production/tr:w-90,ar-120-120,pr-true,f-auto,q-80/cms/sub_category/99c91fab-c451-4873-bd24-70e99eb6d813.png",Daily Good Arabian Dates,Daily Good,129,199,500 g,4.4 (1.1k),In Stock,https://www.zeptonow.com/pn/daily-good-arabian-dates/pvid/eeb0466b-22ad-41d3-961b-a0b850878fb0,"https://cdn.zeptonow.com/production/tr:w-1280,ar-1080-1080,pr-true,f-auto,q-80/cms/product_variant/d00a28e2-9e56-44c6-8fb8-7f112964a46c.jpg"
Breakfast & Sauces,Dates & Seeds,"https://cdn.zeptonow.com/production/tr:w-90,ar-120-120,pr-true,f-auto,q-80/cms/sub_category/99c91fab-c451-4873-bd24-70e99eb6d813.png",Daily Good Pumpkin Seeds,Daily Good,134,280,200 g,4.5 (15.5k),In Stock,https://www.zeptonow.com/pn/daily-good-pumpkin-seeds/pvid/74e2ca8d-5309-476c-86e8-0333ef844d38,"https://cdn.zeptonow.com/production/tr:w-1280,ar-1000-1000,pr-true,f-auto,q-80/cms/product_variant/b07fc106-4ac1-4469-acf6-e4f56017d583.jpeg"
Breakfast & Sauces,Dates & Seeds,"https://cdn.zeptonow.com/production/tr:w-90,ar-120-120,pr-true,f-auto,q-80/cms/sub_category/99c91fab-c451-4873-bd24-70e99eb6d813.png",Lion Arabian Dates,Lion,242,242,2 x 500 g,4 (7.1k),In Stock,https://www.zeptonow.com/pn/lion-arabian-dates/pvid/a425a169-fe6b-4271-a5f9-f81d20e63cbd,"https://cdn.zeptonow.com/production/tr:w-1280,ar-2400-2400,pr-true,f-auto,q-80/cms/product_variant/3cff02f3-0821-4f79-a97f-a174a16c5278.jpeg"
Breakfast & Sauces,Dates & Seeds,"https://cdn.zeptonow.com/production/tr:w-90,ar-120-120,pr-true,f-auto,q-80/cms/sub_category/99c91fab-c451-4873-bd24-70e99eb6d813.png",Lion Qyno Deseeded Dates Cup,Lion,160,160,500 g,4.3 (2.7k),In Stock,https://www.zeptonow.com/pn/lion-qyno-deseeded-dates-cup/pvid/8b0f5ca5-36a8-46a3-931d-c03ee296441a,"https://cdn.zeptonow.com/production/tr:w-1280,ar-2400-2400,pr-true,f-auto,q-80/cms/product_variant/35f33a2d-7836-4014-bf6f-6f7e45628c9e.jpeg"
Breakfast & Sauces,Dates & Seeds,"https://cdn.zeptonow.com/production/tr:w-90,ar-120-120,pr-true,f-auto,q-80/cms/sub_category/99c91fab-c451-4873-bd24-70e99eb6d813.png",Lion Qyno Dates,Lion,105,105,250 g,4.3 (6.0k),In Stock,https://www.zeptonow.com/pn/lion-qyno-dates/pvid/c24749ce-193a-40cc-80e1-54c1a602af2c,"https://cdn.zeptonow.com/production/tr:w-1280,ar-2400-2400,pr-true,f-auto,q-80/cms/product_variant/c8ec7b29-84cc-4d40-9968-e64f06609328.jpeg"
Breakfast & Sauces,Dates & Seeds,"https://cdn.zeptonow.com/production/tr:w-90,ar-120-120,pr-true,f-auto,q-80/cms/sub_category/99c91fab-c451-4873-bd24-70e99eb6d813.png",Daily Good Flax Seeds (Alsi Seeds),Daily Good,43,105,200 g,4.6 (15.0k),In Stock,https://www.zeptonow.com/pn/daily-good-flax-seeds-alsi-seeds/pvid/31aaaeaf-04a9-418a-865c-dda37dde84b4,"https://cdn.zeptonow.com/production/tr:w-1280,ar-1000-1000,pr-true,f-auto,q-80/cms/product_variant/a1b2e3d2-30f0-4e5f-9327-40329e6a842a.jpeg"
Breakfast & Sauces,Dates & Seeds,"https://cdn.zeptonow.com/production/tr:w-90,ar-120-120,pr-true,f-auto,q-80/cms/sub_category/99c91fab-c451-4873-bd24-70e99eb6d813.png",True Elements Flax Seeds Roasted,True,95,125,125 g,4.8 (500),In Stock,https://www.zeptonow.com/pn/true-elements-flax-seeds-roasted/pvid/0056b981-4aec-4fb4-a6bf-557a70f2cd8e,"https://cdn.zeptonow.com/production/tr:w-1280,ar-1830-1960,pr-true,f-auto,q-80/cms/product_variant/c0fb3295-3f1e-4cc2-80d4-8632bdadf4b7.jpg"
Breakfast & Sauces,Dates & Seeds,"https://cdn.zeptonow.com/production/tr:w-90,ar-120-120,pr-true,f-auto,q-80/cms/sub_category/99c91fab-c451-4873-bd24-70e99eb6d813.png",Bolas Safawi Dates,Bolas,295,375,250 g,4.9 (87),In Stock,https://www.zeptonow.com/pn/bolas-safawi-dates/pvid/d9fe5b05-7100-45bf-9682-65bb53d97d35,"https://cdn.zeptonow.com/production/tr:w-1280,ar-1200-1200,pr-true,f-auto,q-80/cms/product_variant/59a12a78-468a-47a1-a356-c1f559e7f9d3.jpg"
Breakfast & Sauces,Dates & Seeds,"https://cdn.zeptonow.com/production/tr:w-90,ar-120-120,pr-true,f-auto,q-80/cms/sub_category/99c91fab-c451-4873-bd24-70e99eb6d813.png",Flyberry Gourmet Ajwa Dates All Natural,Flyberry,961,1199,400 g,5 (60),In Stock,https://www.zeptonow.com/pn/flyberry-gourmet-ajwa-dates-all-natural/pvid/ec4d793f-e2c8-4113-9573-5c044d6dc6db,"https://cdn.zeptonow.com/production/tr:w-1280,ar-2400-2400,pr-true,f-auto,q-80/cms/product_variant/353340b0-15c1-4686-8315-6d4ee79aded9.jpg"
Breakfast & Sauces,Dates & Seeds,"https://cdn.zeptonow.com/production/tr:w-90,ar-120-120,pr-true,f-auto,q-80/cms/sub_category/99c91fab-c451-4873-bd24-70e99eb6d813.png",Bolas Fard Dates,Bolas,223,295,500 g,4.6 (627),In Stock,https://www.zeptonow.com/pn/bolas-fard-dates/pvid/7d703227-c543-4d5f-b5fb-52ee5e9f2a20,"https://cdn.zeptonow.com/production/tr:w-1280,ar-2000-2229,pr-true,f-auto,q-80/cms/product_variant/931a4302-c6d1-49a5-8c46-03d7c9c58c9c.jpg"
Breakfast & Sauces,Dates & Seeds,"https://cdn.zeptonow.com/production/tr:w-90,ar-120-120,pr-true,f-auto,q-80/cms/sub_category/99c91fab-c451-4873-bd24-70e99eb6d813.png",Unifit Pumpkin Seeds | Healthy Snack and Topping,Unifit,128,285,200 g,4.6 (499),In Stock,https://www.zeptonow.com/pn/unifit-pumpkin-seeds-healthy-snack-and-topping/pvid/ba393e95-dd23-47ae-b2c7-6490140a9cc9,"https://cdn.zeptonow.com/production/tr:w-1280,ar-1500-1500,pr-true,f-auto,q-80/cms/product_variant/6e19b856-4cc6-4396-8df0-3bcbf4f9c227.jpg"
Breakfast & Sauces,Dates & Seeds,"https://cdn.zeptonow.com/production/tr:w-90,ar-120-120,pr-true,f-auto,q-80/cms/sub_category/99c91fab-c451-4873-bd24-70e99eb6d813.png",Daily Good Sunflower Seeds,Daily Good,41,85,100 g,4.4 (1.9k),In Stock,https://www.zeptonow.com/pn/daily-good-sunflower-seeds/pvid/3a58a2b9-a374-4eb0-a356-85ecce011b9b,"https://cdn.zeptonow.com/production/tr:w-1280,ar-980-980,pr-true,f-auto,q-80/cms/product_variant/c8beb1ba-8185-443a-9e8f-10f30a15f590.png"
Breakfast & Sauces,Dates & Seeds,"https://cdn.zeptonow.com/production/tr:w-90,ar-120-120,pr-true,f-auto,q-80/cms/sub_category/99c91fab-c451-4873-bd24-70e99eb6d813.png","Flyberry Gourmet Date Powder, 100% Natural Sweetener",Flyberry,417,599,300 g,4.5 (84),In Stock,https://www.zeptonow.com/pn/flyberry-gourmet-date-powder-100-natural-sweetener/pvid/5fbc3a0f-7383-4821-be8e-1b680e547248,"https://cdn.zeptonow.com/production/tr:w-1280,ar-2693-2693,pr-true,f-auto,q-80/cms/product_variant/b01c7373-54b3-4170-a13a-f63fb4c6ba94.jpg"
Breakfast & Sauces,Dates & Seeds,"https://cdn.zeptonow.com/production/tr:w-90,ar-120-120,pr-true,f-auto,q-80/cms/sub_category/99c91fab-c451-4873-bd24-70e99eb6d813.png",Daily Good Khalas/Red Dates,Daily Good,145,149,500 g,4 (338),In Stock,https://www.zeptonow.com/pn/daily-good-khalasred-dates/pvid/e5368144-27b2-415f-aff1-ddec6b163bce,"https://cdn.zeptonow.com/production/tr:w-1280,ar-1080-1080,pr-true,f-auto,q-80/cms/product_variant/894c2853-461f-4509-bf5f-e9c4a4db7fd2.jpg"
Breakfast & Sauces,Dates & Seeds,"https://cdn.zeptonow.com/production/tr:w-90,ar-120-120,pr-true,f-auto,q-80/cms/sub_category/99c91fab-c451-4873-bd24-70e99eb6d813.png",Daily Good Zahidi Dates,Daily Good,142,175,500 g,4.4 (632),In Stock,https://www.zeptonow.com/pn/daily-good-zahidi-dates/pvid/b44a2f19-508a-4115-ad52-9bd5faf3e5ea,"https://cdn.zeptonow.com/production/tr:w-1280,ar-1080-1080,pr-true,f-auto,q-80/cms/product_variant/f4a142f2-d488-4c68-813a-c1d27d515263.jpg"
Breakfast & Sauces,Dates & Seeds,"https://cdn.zeptonow.com/production/tr:w-90,ar-120-120,pr-true,f-auto,q-80/cms/sub_category/99c91fab-c451-4873-bd24-70e99eb6d813.png",Daily Good Dried Dates,Daily Good,104,155,200 g,4.7 (2.9k),In Stock,https://www.zeptonow.com/pn/daily-good-dried-dates/pvid/6eac5b92-118c-4c33-aca6-791ab268a868,"https://cdn.zeptonow.com/production/tr:w-1280,ar-3881-3881,pr-true,f-auto,q-80/cms/product_variant/6a12cb02-694e-427f-812c-1dd859aa99c3.jpeg"
Breakfast & Sauces,Dates & Seeds,"https://cdn.zeptonow.com/production/tr:w-90,ar-120-120,pr-true,f-auto,q-80/cms/sub_category/99c91fab-c451-4873-bd24-70e99eb6d813.png",Daily Good Dried Dates,Daily Good,56,85,100 g,4.5 (1.2k),In Stock,https://www.zeptonow.com/pn/daily-good-dried-dates/pvid/af7b1c50-1aaf-444f-ba66-b81a5c13acf2,"https://cdn.zeptonow.com/production/tr:w-1280,ar-1941-1941,pr-true,f-auto,q-80/cms/product_variant/78841338-2ceb-461a-a52a-a7bb4f713384.jpg"
Breakfast & Sauces,Dates & Seeds,"https://cdn.zeptonow.com/production/tr:w-90,ar-120-120,pr-true,f-auto,q-80/cms/sub_category/99c91fab-c451-4873-bd24-70e99eb6d813.png",Flyberry Gourmet Kalmi Dates All Natural,Flyberry,299,399,200 g,5 (104),In Stock,https://www.zeptonow.com/pn/flyberry-gourmet-kalmi-dates-all-natural/pvid/30d55e8f-2965-48d6-8aa2-1957ca70b215,"https://cdn.zeptonow.com/production/tr:w-1280,ar-1000-1000,pr-true,f-auto,q-80/cms/product_variant/40af7f90-1654-4899-a3fa-5c839e34e05f.jpeg"
Breakfast & Sauces,Dates & Seeds,"https://cdn.zeptonow.com/production/tr:w-90,ar-120-120,pr-true,f-auto,q-80/cms/sub_category/99c91fab-c451-4873-bd24-70e99eb6d813.png",Wonderland Foods Pumpkin Seeds,Wonderland,76,150,100 g,4.8 (865),In Stock,https://www.zeptonow.com/pn/wonderland-foods-pumpkin-seeds/pvid/e03a2cb8-3145-4f2e-bf48-ac330a5157be,"https://cdn.zeptonow.com/production/tr:w-1280,ar-1200-1200,pr-true,f-auto,q-80/cms/product_variant/a10a163e-8323-4e7b-9e3e-76709d34ccb3.jpg"
Breakfast & Sauces,Dates & Seeds,"https://cdn.zeptonow.com/production/tr:w-90,ar-120-120,pr-true,f-auto,q-80/cms/sub_category/99c91fab-c451-4873-bd24-70e99eb6d813.png",Lion Muscat Dates,Lion,139,142,250 g,5 (352),In Stock,https://www.zeptonow.com/pn/lion-muscat-dates/pvid/3e90f5e5-d79c-40dc-9fa4-c5321aba71ef,"https://cdn.zeptonow.com/production/tr:w-1280,ar-1021-1021,pr-true,f-auto,q-80/cms/product_variant/403f1463-155a-43f4-b7d2-67d906d41a1d.jpeg"
Breakfast & Sauces,Dates & Seeds,"https://cdn.zeptonow.com/production/tr:w-90,ar-120-120,pr-true,f-auto,q-80/cms/sub_category/99c91fab-c451-4873-bd24-70e99eb6d813.png",Flyberry Gourmet Ameri Dates,Flyberry,319,399,200 g,4.4 (71),In Stock,https://www.zeptonow.com/pn/flyberry-gourmet-ameri-dates/pvid/9b11269d-a892-48ca-aaba-3dd8f537ee87,"https://cdn.zeptonow.com/production/tr:w-1280,ar-1500-1500,pr-true,f-auto,q-80/cms/product_variant/016db779-7f41-4992-a60d-191cbddf93b8.jpg"
Breakfast & Sauces,Dates & Seeds,"https://cdn.zeptonow.com/production/tr:w-90,ar-120-120,pr-true,f-auto,q-80/cms/sub_category/99c91fab-c451-4873-bd24-70e99eb6d813.png",Wonderland Foods Ajwa Dates,Wonderland,288,599,200 g,4.6 (492),In Stock,https://www.zeptonow.com/pn/wonderland-foods-ajwa-dates/pvid/531b0cbc-582e-4651-80f3-75fa86c4bb54,"https://cdn.zeptonow.com/production/tr:w-1280,ar-1500-1500,pr-true,f-auto,q-80/cms/product_variant/3a210563-2400-40dc-aed0-1254b15f2e4a.jpg"
Breakfast & Sauces,Dates & Seeds,"https://cdn.zeptonow.com/production/tr:w-90,ar-120-120,pr-true,f-auto,q-80/cms/sub_category/99c91fab-c451-4873-bd24-70e99eb6d813.png",Popular Essentials Dry Dates (Kharak),Popular Essentials,220,220,250 g,5 (71),In Stock,https://www.zeptonow.com/pn/popular-essentials-dry-dates-kharak/pvid/6ad09186-c306-4b4b-984f-234725fae8b7,"https://cdn.zeptonow.com/production/tr:w-1280,ar-1021-1021,pr-true,f-auto,q-80/cms/product_variant/9fed25a2-237f-4848-91b7-ca6d5ec6340f.jpeg"
Breakfast & Sauces,Dates & Seeds,"https://cdn.zeptonow.com/production/tr:w-90,ar-120-120,pr-true,f-auto,q-80/cms/sub_category/99c91fab-c451-4873-bd24-70e99eb6d813.png",True Elements Raw Pumpkin Seeds - High Fibre & Protein,True,238,325,250 g,4.9 (344),In Stock,https://www.zeptonow.com/pn/true-elements-raw-pumpkin-seeds-high-fibre-protein/pvid/de345e65-17bd-443e-b2a4-b9fd7fab62c3,"https://cdn.zeptonow.com/production/tr:w-1280,ar-1991-2789,pr-true,f-auto,q-80/cms/product_variant/da26fb55-cfcc-4651-bec2-d369198a849a.jpeg"
Breakfast & Sauces,Dates & Seeds,"https://cdn.zeptonow.com/production/tr:w-90,ar-120-120,pr-true,f-auto,q-80/cms/sub_category/99c91fab-c451-4873-bd24-70e99eb6d813.png",Daily Good Fard Dates,Daily Good,217,299,500 g,4.5 (419),In Stock,https://www.zeptonow.com/pn/daily-good-fard-dates/pvid/e02a7705-b295-4e17-9241-73dbeb374b65,"https://cdn.zeptonow.com/production/tr:w-1280,ar-1000-1000,pr-true,f-auto,q-80/cms/product_variant/c973750b-af28-4930-a9fa-a64981a8edf9.jpg"
Breakfast & Sauces,Dates & Seeds,"https://cdn.zeptonow.com/production/tr:w-90,ar-120-120,pr-true,f-auto,q-80/cms/sub_category/99c91fab-c451-4873-bd24-70e99eb6d813.png",Daily Good Bumaan Dates,Daily Good,138,199,500 g,4.6 (323),In Stock,https://www.zeptonow.com/pn/daily-good-bumaan-dates/pvid/459420fd-ab11-4140-8109-9172861d52c5,"https://cdn.zeptonow.com/production/tr:w-1280,ar-500-348,pr-true,f-auto,q-80/cms/product_variant/a33710b9-edef-4f53-8566-ffe38ca661f2.jpg"
Breakfast & Sauces,Dates & Seeds,"https://cdn.zeptonow.com/production/tr:w-90,ar-120-120,pr-true,f-auto,q-80/cms/sub_category/99c91fab-c451-4873-bd24-70e99eb6d813.png","Nutty Gritties Daily Mix Nuts roasted in Himalayan Pink Salt - Macadamias, Hazelnuts, Pistachios, Almonds, Cashews",Nutty,80,99,35 g,3.9 (101),In Stock,https://www.zeptonow.com/pn/nutty-gritties-daily-mix-nuts-roasted-in-himalayan-pink-salt-macadamias-hazelnuts-pistachios-almonds-cashews/pvid/e3aa3129-7e7a-4281-9b07-f51a176a1200,"https://cdn.zeptonow.com/production/tr:w-1280,ar-1000-1000,pr-true,f-auto,q-80/cms/product_variant/af329a07-153a-4ad7-a560-c9fedcb8a02d.jpeg"
Breakfast & Sauces,Dates & Seeds,"https://cdn.zeptonow.com/production/tr:w-90,ar-120-120,pr-true,f-auto,q-80/cms/sub_category/99c91fab-c451-4873-bd24-70e99eb6d813.png",Popular Fit Eats Dates - Ajwa,Popular,503,600,250 g,4.5 (305),In Stock,https://www.zeptonow.com/pn/popular-fit-eats-dates-ajwa/pvid/aab663f2-5068-4c8e-8421-c0619d549db3,"https://cdn.zeptonow.com/production/tr:w-1280,ar-4167-4167,pr-true,f-auto,q-80/cms/product_variant/edab8574-edec-4704-a640-04f36ce9b4d2.jpg"
Breakfast & Sauces,Dates & Seeds,"https://cdn.zeptonow.com/production/tr:w-90,ar-120-120,pr-true,f-auto,q-80/cms/sub_category/99c91fab-c451-4873-bd24-70e99eb6d813.png",Daily Good Dried Dates,Daily Good,200,375,500 g,4.6 (1.3k),In Stock,https://www.zeptonow.com/pn/daily-good-dried-dates/pvid/36d95c96-d5ab-4716-9eed-26f6d0aea727,"https://cdn.zeptonow.com/production/tr:w-1280,ar-1000-1000,pr-true,f-auto,q-80/cms/product_variant/275db9b8-7a51-44f3-a96e-835ff46080f0.jpeg"
Breakfast & Sauces,Dates & Seeds,"https://cdn.zeptonow.com/production/tr:w-90,ar-120-120,pr-true,f-auto,q-80/cms/sub_category/99c91fab-c451-4873-bd24-70e99eb6d813.png",Khetika 7 in 1 Trail mix,Khetika,239,299,200 g,4.6 (575),In Stock,https://www.zeptonow.com/pn/khetika-7-in-1-trail-mix/pvid/224fbf66-688c-4fc8-b07b-af72154d42df,"https://cdn.zeptonow.com/production/tr:w-1280,ar-1307-1919,pr-true,f-auto,q-80/cms/product_variant/f28d0eff-9f05-4540-b041-0c2d69a88313.jpeg"
Breakfast & Sauces,Dates & Seeds,"https://cdn.zeptonow.com/production/tr:w-90,ar-120-120,pr-true,f-auto,q-80/cms/sub_category/99c91fab-c451-4873-bd24-70e99eb6d813.png",Flyberry Gourmet Deri Dates,Flyberry,394,600,500 g,4.7 (173),In Stock,https://www.zeptonow.com/pn/flyberry-gourmet-deri-dates/pvid/ef19938c-0abf-457f-b6ca-99bfec5bb2f5,"https://cdn.zeptonow.com/production/tr:w-1280,ar-1000-1000,pr-true,f-auto,q-80/cms/product_variant/5d15e778-2351-4eab-bc68-7495da545854.jpg"
Breakfast & Sauces,Dates & Seeds,"https://cdn.zeptonow.com/production/tr:w-90,ar-120-120,pr-true,f-auto,q-80/cms/sub_category/99c91fab-c451-4873-bd24-70e99eb6d813.png",Popular Fit Eats Dates - Medjoul,Popular,909,1100,500 g,5 (58),In Stock,https://www.zeptonow.com/pn/popular-fit-eats-dates-medjoul/pvid/c10ba325-7227-4bf7-9609-cbb82d447bb9,"https://cdn.zeptonow.com/production/tr:w-1280,ar-4167-4168,pr-true,f-auto,q-80/cms/product_variant/66956fe3-f92c-4f71-9dd3-c72450617c1e.jpg"
Breakfast & Sauces,Dates & Seeds,"https://cdn.zeptonow.com/production/tr:w-90,ar-120-120,pr-true,f-auto,q-80/cms/sub_category/99c91fab-c451-4873-bd24-70e99eb6d813.png",Daily Good Raisin Deri Dates,Daily Good,290,399,500 g,4.4 (458),In Stock,https://www.zeptonow.com/pn/daily-good-raisin-deri-dates/pvid/78e51299-2a89-44d8-a727-bfeea2d4cf62,"https://cdn.zeptonow.com/production/tr:w-1280,ar-427-320,pr-true,f-auto,q-80/cms/product_variant/5df60299-113f-43bc-b6fb-947c246354b3.jpg"
Breakfast & Sauces,Dates & Seeds,"https://cdn.zeptonow.com/production/tr:w-90,ar-120-120,pr-true,f-auto,q-80/cms/sub_category/99c91fab-c451-4873-bd24-70e99eb6d813.png",Lion Arabian Dates 1 kg Combo,Lion,460,484,1 kg X 2,4.7 (282),In Stock,https://www.zeptonow.com/pn/lion-arabian-dates-1-kg-combo/pvid/340d16a7-e998-467c-b3ac-642c332789bd,"https://cdn.zeptonow.com/production/tr:w-1280,ar-1500-1500,pr-true,f-auto,q-80/cms/product_variant/daa4cbcb-c1f0-4f2d-a750-ed920567092c.jpg"
Breakfast & Sauces,Dates & Seeds,"https://cdn.zeptonow.com/production/tr:w-90,ar-120-120,pr-true,f-auto,q-80/cms/sub_category/99c91fab-c451-4873-bd24-70e99eb6d813.png",Happilo Premium International Arabian Dates,Happilo,116,225,500 g,4.2 (869),Sold Out,https://www.zeptonow.com/pn/happilo-premium-international-arabian-dates/pvid/8625f885-ce9c-4553-8497-6927fe4306b3,"https://cdn.zeptonow.com/production/tr:w-1280,ar-1200-1200,pr-true,f-auto,q-80/cms/product_variant/47bc2c85-c01b-454e-95ec-42900418e1dd.jpeg"
Breakfast & Sauces,Dates & Seeds,"https://cdn.zeptonow.com/production/tr:w-90,ar-120-120,pr-true,f-auto,q-80/cms/sub_category/99c91fab-c451-4873-bd24-70e99eb6d813.png",Tata Sampann Premium Kalmi Dates Rich In Fibre Naturally Sweet Naturally Low-Fat Food,Tata,606,660,500 g,4.7 (98),Sold Out,https://www.zeptonow.com/pn/tata-sampann-premium-kalmi-dates-rich-in-fibre-naturally-sweet-naturally-low-fat-food/pvid/518cec14-e9e6-460b-ba86-033d432772ec,"https://cdn.zeptonow.com/production/tr:w-1280,ar-1000-1000,pr-true,f-auto,q-80/cms/product_variant/37ad59c4-004d-4716-85ed-a49dd93efa51.jpg"
Breakfast & Sauces,Dates & Seeds,"https://cdn.zeptonow.com/production/tr:w-90,ar-120-120,pr-true,f-auto,q-80/cms/sub_category/99c91fab-c451-4873-bd24-70e99eb6d813.png","Farmley Mix Dry Fruits Panchmeva - Almonds, Cashews, Dates, Black Raisins, Green Raisins",Farmley,1022,1249,1 kg,4.5 (129),Sold Out,https://www.zeptonow.com/pn/farmley-mix-dry-fruits-panchmeva-almonds-cashews-dates-black-raisins-green-raisins/pvid/190cb9b0-3ff3-4034-a3fa-f5e78547f724,"https://cdn.zeptonow.com/production/tr:w-1280,ar-1200-1200,pr-true,f-auto,q-80/cms/product_variant/634d6514-7544-4fbb-a0a5-5cbca7f0cad4.jpeg"
Breakfast & Sauces,Dates & Seeds,"https://cdn.zeptonow.com/production/tr:w-90,ar-120-120,pr-true,f-auto,q-80/cms/sub_category/99c91fab-c451-4873-bd24-70e99eb6d813.png",Happilo Premium International Trail Mix,Happilo,275,365,200 g,4.7 (95),Sold Out,https://www.zeptonow.com/pn/happilo-premium-international-trail-mix/pvid/bf82f55c-d34a-4a00-af54-85735711d0d5,"https://cdn.zeptonow.com/production/tr:w-1280,ar-1200-1200,pr-true,f-auto,q-80/cms/product_variant/d9a44813-7565-4d5c-8546-0a276a38bcca.jpeg"
Breakfast & Sauces,Dates & Seeds,"https://cdn.zeptonow.com/production/tr:w-90,ar-120-120,pr-true,f-auto,q-80/cms/sub_category/99c91fab-c451-4873-bd24-70e99eb6d813.png",Happilo Premium Lightly Salted & Roasted Pumpkin Seeds,Happilo,225,275,200 g,4.6 (235),Sold Out,https://www.zeptonow.com/pn/happilo-premium-lightly-salted-roasted-pumpkin-seeds/pvid/262e8175-8c8d-437e-bbcd-e7d7cc21974f,"https://cdn.zeptonow.com/production/tr:w-1280,ar-1200-1200,pr-true,f-auto,q-80/cms/product_variant/7ec59ccf-26ac-409f-8ead-de3d2c662a16.jpeg"
Breakfast & Sauces,Dates & Seeds,"https://cdn.zeptonow.com/production/tr:w-90,ar-120-120,pr-true,f-auto,q-80/cms/sub_category/99c91fab-c451-4873-bd24-70e99eb6d813.png",Happilo Premium International Healthy Nutmix,Happilo,304,365,200 g,4.7 (996),Sold Out,https://www.zeptonow.com/pn/happilo-premium-international-healthy-nutmix/pvid/8ac24706-1f14-4a4a-b60b-4b32a3724187,"https://cdn.zeptonow.com/production/tr:w-1280,ar-1200-1200,pr-true,f-auto,q-80/cms/product_variant/59024b0f-76f9-491b-bff1-5f9ab77182ec.jpeg"
Breakfast & Sauces,Dates & Seeds,"https://cdn.zeptonow.com/production/tr:w-90,ar-120-120,pr-true,f-auto,q-80/cms/sub_category/99c91fab-c451-4873-bd24-70e99eb6d813.png",Khari Foods Zahidi Dates / Khajur,Khari,127,225,500 g,4 (1.5k),Sold Out,https://www.zeptonow.com/pn/khari-foods-zahidi-dates-khajur/pvid/3deb866f-e626-448a-a8a3-2e2284cc11dd,"https://cdn.zeptonow.com/production/tr:w-1280,ar-1500-1500,pr-true,f-auto,q-80/cms/product_variant/10b16e9a-9d43-4c78-b953-a04625b3e9c9.jpeg"
Breakfast & Sauces,Dates & Seeds,"https://cdn.zeptonow.com/production/tr:w-90,ar-120-120,pr-true,f-auto,q-80/cms/sub_category/99c91fab-c451-4873-bd24-70e99eb6d813.png",Happilo Premium International King Medjoul Dates,Happilo,375,495,200 g,4.8 (46),Sold Out,https://www.zeptonow.com/pn/happilo-premium-international-king-medjoul-dates/pvid/7c5f095c-17c6-4de0-8b32-c9475b445b5c,"https://cdn.zeptonow.com/production/tr:w-1280,ar-1200-1200,pr-true,f-auto,q-80/cms/product_variant/38cc2937-76b0-4740-8e4c-c8bc505478bd.jpeg"
Breakfast & Sauces,Dates & Seeds,"https://cdn.zeptonow.com/production/tr:w-90,ar-120-120,pr-true,f-auto,q-80/cms/sub_category/99c91fab-c451-4873-bd24-70e99eb6d813.png",Happilo Premium International Queen Kalmi Dates,Happilo,219,335,200 g,4.5 (233),Sold Out,https://www.zeptonow.com/pn/happilo-premium-international-queen-kalmi-dates/pvid/a5517033-d855-4e86-bff2-2c05a4905da9,"https://cdn.zeptonow.com/production/tr:w-1280,ar-1200-1200,pr-true,f-auto,q-80/cms/product_variant/041e4bc5-6f1a-4491-8f7a-682eb9ed3829.jpeg"
Breakfast & Sauces,Dates & Seeds,"https://cdn.zeptonow.com/production/tr:w-90,ar-120-120,pr-true,f-auto,q-80/cms/sub_category/99c91fab-c451-4873-bd24-70e99eb6d813.png",Khari Foods Seeds and Berries Trail Mix,Khari,255,299,200 g,4.7 (262),Sold Out,https://www.zeptonow.com/pn/khari-foods-seeds-and-berries-trail-mix/pvid/db0479d1-62c7-4024-885e-47508e5bf34f,"https://cdn.zeptonow.com/production/tr:w-1280,ar-1500-1500,pr-true,f-auto,q-80/cms/product_variant/ada2b374-11bb-462b-bed7-e9e7f7303c22.jpeg"
Breakfast & Sauces,Dates & Seeds,"https://cdn.zeptonow.com/production/tr:w-90,ar-120-120,pr-true,f-auto,q-80/cms/sub_category/99c91fab-c451-4873-bd24-70e99eb6d813.png",Happilo Premium Raw Sunflower Seeds,Happilo,144,155,250 g,4.8 (345),Sold Out,https://www.zeptonow.com/pn/happilo-premium-raw-sunflower-seeds/pvid/4f04b57a-27c1-4b1c-9867-600fde6bbccf,"https://cdn.zeptonow.com/production/tr:w-1280,ar-1200-1200,pr-true,f-auto,q-80/cms/product_variant/fa2a7efa-7dc7-405f-afcd-299315cef479.jpeg"
Breakfast & Sauces,Dates & Seeds,"https://cdn.zeptonow.com/production/tr:w-90,ar-120-120,pr-true,f-auto,q-80/cms/sub_category/99c91fab-c451-4873-bd24-70e99eb6d813.png",Happilo Premium International Nuts and Berries,Happilo,330,365,200 g,3.9 (55),Sold Out,https://www.zeptonow.com/pn/happilo-premium-international-nuts-and-berries/pvid/7aab1b40-dec5-4662-86ff-40747b52af2f,"https://cdn.zeptonow.com/production/tr:w-1280,ar-1080-1080,pr-true,f-auto,q-80/cms/product_variant/c1e56ef7-31ba-40aa-a90b-972cbaae77dd.jpeg"
Breakfast & Sauces,Dates & Seeds,"https://cdn.zeptonow.com/production/tr:w-90,ar-120-120,pr-true,f-auto,q-80/cms/sub_category/99c91fab-c451-4873-bd24-70e99eb6d813.png",Happilo Premium Raw Pumpkin Seeds,Happilo,259,275,200 g,4.6 (213),Sold Out,https://www.zeptonow.com/pn/happilo-premium-raw-pumpkin-seeds/pvid/ac502f4e-be42-4e22-a7e0-b423ab174912,"https://cdn.zeptonow.com/production/tr:w-1280,ar-1200-1200,pr-true,f-auto,q-80/cms/product_variant/b45dcf0a-771b-44fd-9f3b-c9df509c7c8c.jpeg"
Breakfast & Sauces,Dates & Seeds,"https://cdn.zeptonow.com/production/tr:w-90,ar-120-120,pr-true,f-auto,q-80/cms/sub_category/99c91fab-c451-4873-bd24-70e99eb6d813.png",Khari Foods Tunisia Dates / Khajur,Khari,158,250,200 g,4.7 (548),Sold Out,https://www.zeptonow.com/pn/khari-foods-tunisia-dates-khajur/pvid/512d917e-6058-43d8-84ad-92137fbd6fdf,"https://cdn.zeptonow.com/production/tr:w-1280,ar-1200-1200,pr-true,f-auto,q-80/cms/product_variant/d10b4654-1550-43bf-bdce-556931124edb.jpeg"
Breakfast & Sauces,Dates & Seeds,"https://cdn.zeptonow.com/production/tr:w-90,ar-120-120,pr-true,f-auto,q-80/cms/sub_category/99c91fab-c451-4873-bd24-70e99eb6d813.png","Nutty Gritties Sports Mix - Almonds, Cashews, Pistachios, Berries, Protein-Rich Snack",Nutty,545,645,350 g,4.3 (118),Sold Out,https://www.zeptonow.com/pn/nutty-gritties-sports-mix-almonds-cashews-pistachios-berries-protein-rich-snack/pvid/422cb5bf-8521-43e3-acf2-210ea12ef621,"https://cdn.zeptonow.com/production/tr:w-1280,ar-1000-1000,pr-true,f-auto,q-80/cms/product_variant/baddc104-d484-4b3b-97fb-4d2079e96f9b.jpeg"
Breakfast & Sauces,Dates & Seeds,"https://cdn.zeptonow.com/production/tr:w-90,ar-120-120,pr-true,f-auto,q-80/cms/sub_category/99c91fab-c451-4873-bd24-70e99eb6d813.png",Daily Good Sunflower Seeds,Daily Good,84,160,200 g,4.6 (11.3k),Sold Out,https://www.zeptonow.com/pn/daily-good-sunflower-seeds/pvid/cde7ab52-1f1a-4d33-8a17-77769524feb3,"https://cdn.zeptonow.com/production/tr:w-1280,ar-1000-1000,pr-true,f-auto,q-80/cms/product_variant/48475ea7-512f-44a9-b86e-a0a46621bf69.jpeg"
Breakfast & Sauces,Dates & Seeds,"https://cdn.zeptonow.com/production/tr:w-90,ar-120-120,pr-true,f-auto,q-80/cms/sub_category/99c91fab-c451-4873-bd24-70e99eb6d813.png",TMI Colman Zahidi Dates,TMI,106,189,500 g,4 (3.8k),Sold Out,https://www.zeptonow.com/pn/tmi-colman-zahidi-dates/pvid/93484ac4-cb8f-4c79-8097-bc654645da02,"https://cdn.zeptonow.com/production/tr:w-1280,ar-1600-1592,pr-true,f-auto,q-80/cms/product_variant/dca990ef-bfbe-4ef8-b669-7a8ab1585f81.jpg"
Breakfast & Sauces,Dates & Seeds,"https://cdn.zeptonow.com/production/tr:w-90,ar-120-120,pr-true,f-auto,q-80/cms/sub_category/99c91fab-c451-4873-bd24-70e99eb6d813.png",Lion Dates Kimia Dates,Lion,218,220,500 g,4.6 (1.3k),Sold Out,https://www.zeptonow.com/pn/lion-dates-kimia-dates/pvid/9e881c4e-b6a8-4b62-bdab-92bf575d0c86,"https://cdn.zeptonow.com/production/tr:w-1280,ar-1201-1201,pr-true,f-auto,q-80/cms/product_variant/73da7669-01a8-4aa6-af1b-a717e60c4d09.jpeg"
Breakfast & Sauces,Dates & Seeds,"https://cdn.zeptonow.com/production/tr:w-90,ar-120-120,pr-true,f-auto,q-80/cms/sub_category/99c91fab-c451-4873-bd24-70e99eb6d813.png",Delight Nuts Kalmi Dates - Premium Quality,Delight,257,349,200 g,4.7 (64),Sold Out,https://www.zeptonow.com/pn/delight-nuts-kalmi-dates-premium-quality/pvid/748cac3f-b296-4443-b152-4eda4c47b952,"https://cdn.zeptonow.com/production/tr:w-1280,ar-1000-1000,pr-true,f-auto,q-80/inventory/product/b0039bd9-4ddc-4d04-9463-3a2b5ebd290d-/tmp/20230607-0918461.jpeg"
Breakfast & Sauces,Dates & Seeds,"https://cdn.zeptonow.com/production/tr:w-90,ar-120-120,pr-true,f-auto,q-80/cms/sub_category/99c91fab-c451-4873-bd24-70e99eb6d813.png",Flyberry Gourmet Mini Medjoul Dates All Natural,Flyberry,447,499,200 g,4.2 (67),Sold Out,https://www.zeptonow.com/pn/flyberry-gourmet-mini-medjoul-dates-all-natural/pvid/e71c7c8d-7492-41c7-96b2-5353231af7e4,"https://cdn.zeptonow.com/production/tr:w-1280,ar-2400-2400,pr-true,f-auto,q-80/cms/product_variant/5d1b9e40-31ac-470a-b494-60a21219fb06.jpg"
Breakfast & Sauces,Dates & Seeds,"https://cdn.zeptonow.com/production/tr:w-90,ar-120-120,pr-true,f-auto,q-80/cms/sub_category/99c91fab-c451-4873-bd24-70e99eb6d813.png",Wonderland Foods Arabian Dates,Wonderland,64,99,250 g,4.4 (5.3k),Sold Out,https://www.zeptonow.com/pn/wonderland-foods-arabian-dates/pvid/92f7b4eb-12a8-4ec0-b3b6-0965aba5bae1,"https://cdn.zeptonow.com/production/tr:w-1280,ar-2000-2000,pr-true,f-auto,q-80/cms/product_variant/7d01afb9-ca76-41ee-8973-df174e71fcac.jpg"
Breakfast & Sauces,Dates & Seeds,"https://cdn.zeptonow.com/production/tr:w-90,ar-120-120,pr-true,f-auto,q-80/cms/sub_category/99c91fab-c451-4873-bd24-70e99eb6d813.png",Daily Good Pumpkin Seeds,Daily Good,67,145,100 g,4.6 (3.4k),Sold Out,https://www.zeptonow.com/pn/daily-good-pumpkin-seeds/pvid/156bd331-65fa-4a0f-a752-5d9aa4a5b20a,"https://cdn.zeptonow.com/production/tr:w-1280,ar-1941-1941,pr-true,f-auto,q-80/cms/product_variant/86b56e1d-3053-47c4-a7ac-05dceb5c9953.jpg"
Breakfast & Sauces,Dates & Seeds,"https://cdn.zeptonow.com/production/tr:w-90,ar-120-120,pr-true,f-auto,q-80/cms/sub_category/99c91fab-c451-4873-bd24-70e99eb6d813.png",Bolas Black Dates Jar,Bolas,198,499,400 g,4.5 (692),Sold Out,https://www.zeptonow.com/pn/bolas-black-dates-jar/pvid/0f57a3cb-34ee-49d2-886d-baa114320ef4,"https://cdn.zeptonow.com/production/tr:w-1280,ar-6374-6374,pr-true,f-auto,q-80/cms/product_variant/bce21f63-9466-4249-83a5-7383c32941f8.jpg"
Breakfast & Sauces,Dates & Seeds,"https://cdn.zeptonow.com/production/tr:w-90,ar-120-120,pr-true,f-auto,q-80/cms/sub_category/99c91fab-c451-4873-bd24-70e99eb6d813.png",Unifit Royal Dates | Naturally Sweet and Nutritious |Premium Quality,Unifit,147,320,500 g,4.2 (604),Sold Out,https://www.zeptonow.com/pn/unifit-royal-dates-naturally-sweet-and-nutritious-premium-quality/pvid/567c0fab-5ce3-4724-afcb-ab02966b2d00,"https://cdn.zeptonow.com/production/tr:w-1280,ar-1500-1500,pr-true,f-auto,q-80/cms/product_variant/5a025e10-1b6a-440f-b7a9-84a386a44654.jpg"
Breakfast & Sauces,Dates & Seeds,"https://cdn.zeptonow.com/production/tr:w-90,ar-120-120,pr-true,f-auto,q-80/cms/sub_category/99c91fab-c451-4873-bd24-70e99eb6d813.png",Delight Nuts Mixed Nuts Roasted And Salted - Premium Quality,Delight,465,499,200 g,5 (73),Sold Out,https://www.zeptonow.com/pn/delight-nuts-mixed-nuts-roasted-and-salted-premium-quality/pvid/166f1d6c-29c3-4e82-a477-f040d2b4250e,"https://cdn.zeptonow.com/production/tr:w-1280,ar-2400-2400,pr-true,f-auto,q-80/cms/product_variant/c4800a1d-6bfc-4ffd-b3da-f9d3a2854dff.jpeg"
Breakfast & Sauces,Dates & Seeds,"https://cdn.zeptonow.com/production/tr:w-90,ar-120-120,pr-true,f-auto,q-80/cms/sub_category/99c91fab-c451-4873-bd24-70e99eb6d813.png",Lion Desert King Dates,Lion,143,152,250 g,4.1 (3.7k),Sold Out,https://www.zeptonow.com/pn/lion-desert-king-dates/pvid/081792dd-d197-406d-991c-7801409c9458,"https://cdn.zeptonow.com/production/tr:w-1280,ar-2400-2400,pr-true,f-auto,q-80/cms/product_variant/7d23982b-3bbf-4c7b-b707-dbbcc6001387.jpeg"
Breakfast & Sauces,Dates & Seeds,"https://cdn.zeptonow.com/production/tr:w-90,ar-120-120,pr-true,f-auto,q-80/cms/sub_category/99c91fab-c451-4873-bd24-70e99eb6d813.png",Popular Fit Eats Dates - Kimia,Popular,274,295,500 g,4.8 (1.2k),Sold Out,https://www.zeptonow.com/pn/popular-fit-eats-dates-kimia/pvid/53ac7159-f4be-40a0-8f8a-dbfd34e62e06,"https://cdn.zeptonow.com/production/tr:w-1280,ar-2400-2400,pr-true,f-auto,q-80/cms/product_variant/1b0236e6-6c2d-4ccc-9637-56b59a3981b9.jpeg"
Breakfast & Sauces,Dates & Seeds,"https://cdn.zeptonow.com/production/tr:w-90,ar-120-120,pr-true,f-auto,q-80/cms/sub_category/99c91fab-c451-4873-bd24-70e99eb6d813.png",Nutty Gritties Omani Dates,Nutty,340,395,500 g,4.8 (179),Sold Out,https://www.zeptonow.com/pn/nutty-gritties-omani-dates/pvid/461617f0-7e5b-4b5f-bc38-2fa1421ed262,"https://cdn.zeptonow.com/production/tr:w-1280,ar-1300-1600,pr-true,f-auto,q-80/cms/product_variant/e54068f7-0792-4eb4-be15-50dff2a399f2.jpeg"
Breakfast & Sauces,Dates & Seeds,"https://cdn.zeptonow.com/production/tr:w-90,ar-120-120,pr-true,f-auto,q-80/cms/sub_category/99c91fab-c451-4873-bd24-70e99eb6d813.png",Wonderland Foods Sunflower Seeds,Wonderland,36,199,100 g,4.4 (663),Sold Out,https://www.zeptonow.com/pn/wonderland-foods-sunflower-seeds/pvid/2c51237d-034b-46c8-8a95-7ea6ec68a82c,"https://cdn.zeptonow.com/production/tr:w-1280,ar-420-420,pr-true,f-auto,q-80/cms/product_variant/b6e8e73d-00b1-4977-a8c4-1701a404cb88.jpg"
Breakfast & Sauces,Dates & Seeds,"https://cdn.zeptonow.com/production/tr:w-90,ar-120-120,pr-true,f-auto,q-80/cms/sub_category/99c91fab-c451-4873-bd24-70e99eb6d813.png",Popular Fit Eats Sunflower Seeds - Raw,Popular,48,65,100 g,5 (462),Sold Out,https://www.zeptonow.com/pn/popular-fit-eats-sunflower-seeds-raw/pvid/6c1abe4d-4931-4afc-8e28-cad98c4a9eb5,"https://cdn.zeptonow.com/production/tr:w-1280,ar-1000-1000,pr-true,f-auto,q-80/cms/product_variant/28c69e00-6991-4361-b80f-6824002938b0.jpeg"
Breakfast & Sauces,Dates & Seeds,"https://cdn.zeptonow.com/production/tr:w-90,ar-120-120,pr-true,f-auto,q-80/cms/sub_category/99c91fab-c451-4873-bd24-70e99eb6d813.png",Nutty Gritties Smoked Cocktail Mixed Nuts,Nutty,403,495,200 g,4.9 (69),Sold Out,https://www.zeptonow.com/pn/nutty-gritties-smoked-cocktail-mixed-nuts/pvid/ceeb7b78-32a5-454b-bc7e-0cbf1043f484,"https://cdn.zeptonow.com/production/tr:w-1280,ar-1021-1021,pr-true,f-auto,q-80/cms/product_variant/c0b41a95-c659-41da-be83-7a0a8c0aa033.jpeg"
Breakfast & Sauces,Dates & Seeds,"https://cdn.zeptonow.com/production/tr:w-90,ar-120-120,pr-true,f-auto,q-80/cms/sub_category/99c91fab-c451-4873-bd24-70e99eb6d813.png",Popular Fit Eats Pumpkin Seeds - Raw,Popular,74,100,100 g,4.9 (1.4k),Sold Out,https://www.zeptonow.com/pn/popular-fit-eats-pumpkin-seeds-raw/pvid/098fce8a-a755-4137-8967-c089c6335763,"https://cdn.zeptonow.com/production/tr:w-1280,ar-2400-2400,pr-true,f-auto,q-80/cms/product_variant/e6a6ba89-13cc-420e-89f3-da1931f32a9e.jpeg"
Breakfast & Sauces,Dates & Seeds,"https://cdn.zeptonow.com/production/tr:w-90,ar-120-120,pr-true,f-auto,q-80/cms/sub_category/99c91fab-c451-4873-bd24-70e99eb6d813.png",Town Grocer Pumpkin Seeds,Town,50,60,100 g,4.5 (832),Sold Out,https://www.zeptonow.com/pn/town-grocer-pumpkin-seeds/pvid/7539ad15-2ca5-4fdc-b2b7-4d3192ae879d,"https://cdn.zeptonow.com/production/tr:w-1280,ar-1600-1600,pr-true,f-auto,q-80/cms/product_variant/06b987dc-89d0-41e1-8b5d-9e20f058af15.jpeg"
Breakfast & Sauces,Dates & Seeds,"https://cdn.zeptonow.com/production/tr:w-90,ar-120-120,pr-true,f-auto,q-80/cms/sub_category/99c91fab-c451-4873-bd24-70e99eb6d813.png",Lion Dates Sultan Dates,Lion,134,148,500 g,4.6 (825),Sold Out,https://www.zeptonow.com/pn/lion-dates-sultan-dates/pvid/ed86f621-ef1b-4dff-901d-cdb044b05c00,"https://cdn.zeptonow.com/production/tr:w-1280,ar-1000-1000,pr-true,f-auto,q-80/cms/product_variant/a468b8b8-884d-40bf-9ce9-a41a956399d8.jpg"
Breakfast & Sauces,Dates & Seeds,"https://cdn.zeptonow.com/production/tr:w-90,ar-120-120,pr-true,f-auto,q-80/cms/sub_category/99c91fab-c451-4873-bd24-70e99eb6d813.png",Del Monte Royal Arabian Dates,Del Monte,195,340,500 g,4 (641),Sold Out,https://www.zeptonow.com/pn/del-monte-royal-arabian-dates/pvid/2e576735-7098-4e39-bfb3-39f463de01a5,"https://cdn.zeptonow.com/production/tr:w-1280,ar-1200-1200,pr-true,f-auto,q-80/cms/product_variant/26d3d728-5d2a-4eac-9d43-10011b19c816.jpeg"
Breakfast & Sauces,Dates & Seeds,"https://cdn.zeptonow.com/production/tr:w-90,ar-120-120,pr-true,f-auto,q-80/cms/sub_category/99c91fab-c451-4873-bd24-70e99eb6d813.png",Wonderland Foods Flax Seeds,Wonderland,25,75,100 g,4.6 (725),Sold Out,https://www.zeptonow.com/pn/wonderland-foods-flax-seeds/pvid/14717171-bc4d-455d-af35-1747ec330b73,"https://cdn.zeptonow.com/production/tr:w-1280,ar-1200-1200,pr-true,f-auto,q-80/cms/product_variant/76a030d3-fd5d-4b93-8291-b267ebd4d98c.jpg"
Breakfast & Sauces,Dates & Seeds,"https://cdn.zeptonow.com/production/tr:w-90,ar-120-120,pr-true,f-auto,q-80/cms/sub_category/99c91fab-c451-4873-bd24-70e99eb6d813.png",Prov Premium-Dates,Prov,206,399,250 g,4.7 (525),Sold Out,https://www.zeptonow.com/pn/prov-premium-dates/pvid/63503e2d-a31f-4f4e-bfcb-0653e17a1ac4,"https://cdn.zeptonow.com/production/tr:w-1280,ar-1098-1566,pr-true,f-auto,q-80/cms/product_variant/50229806-7e47-4544-ba34-099ea517610b.jpeg"
Breakfast & Sauces,Dates & Seeds,"https://cdn.zeptonow.com/production/tr:w-90,ar-120-120,pr-true,f-auto,q-80/cms/sub_category/99c91fab-c451-4873-bd24-70e99eb6d813.png","Nutty Gritties Mom's Trail Mix - High Protein, Omega-3, Energy Boost",MOM,232,350,200 g,4.9 (145),Sold Out,https://www.zeptonow.com/pn/nutty-gritties-moms-trail-mix-high-protein-omega-3-energy-boost/pvid/a58c2ca3-7aca-47bc-8ce4-d18bd6b372e1,"https://cdn.zeptonow.com/production/tr:w-1280,ar-1000-1000,pr-true,f-auto,q-80/cms/product_variant/66122393-af5a-46ce-9ef8-421f7eec74c1.jpeg"
Breakfast & Sauces,Dates & Seeds,"https://cdn.zeptonow.com/production/tr:w-90,ar-120-120,pr-true,f-auto,q-80/cms/sub_category/99c91fab-c451-4873-bd24-70e99eb6d813.png",Heka Bites Premium Fard Dates With Seeds,Heka,105,185,250 g,4.7 (63),Sold Out,https://www.zeptonow.com/pn/heka-bites-premium-fard-dates-with-seeds/pvid/b03313a0-f82f-4f38-8f46-570b0a367c4d,"https://cdn.zeptonow.com/production/tr:w-1280,ar-1118-1688,pr-true,f-auto,q-80/cms/product_variant/0043d860-b0a3-43c8-bc36-84b0206d2af5.png"
Breakfast & Sauces,Dates & Seeds,"https://cdn.zeptonow.com/production/tr:w-90,ar-120-120,pr-true,f-auto,q-80/cms/sub_category/99c91fab-c451-4873-bd24-70e99eb6d813.png",Lion Desert King Dates,Lion,548,590,1 kg,5 (125),Sold Out,https://www.zeptonow.com/pn/lion-desert-king-dates/pvid/1a384a59-7382-451c-a3ed-511eb2f6642e,"https://cdn.zeptonow.com/production/tr:w-1280,ar-1120-1200,pr-true,f-auto,q-80/cms/product_variant/8d1b5f30-9153-41f2-ae2b-24c0cd11eed4.jpg"
Breakfast & Sauces,Dates & Seeds,"https://cdn.zeptonow.com/production/tr:w-90,ar-120-120,pr-true,f-auto,q-80/cms/sub_category/99c91fab-c451-4873-bd24-70e99eb6d813.png",TMI Kalmi Dates,TMI,176,399,200 g,4 (208),Sold Out,https://www.zeptonow.com/pn/tmi-kalmi-dates/pvid/95d26adb-b773-4aa8-bfba-a35dfaf21adf,"https://cdn.zeptonow.com/production/tr:w-1280,ar-1600-1333,pr-true,f-auto,q-80/cms/product_variant/3ec67f0a-e966-49e9-b41e-15f04572bf68.jpg"
Breakfast & Sauces,Dates & Seeds,"https://cdn.zeptonow.com/production/tr:w-90,ar-120-120,pr-true,f-auto,q-80/cms/sub_category/99c91fab-c451-4873-bd24-70e99eb6d813.png","Nutty Gritties Jumbo Medjool Dates - High Fibre, Rich Caramel Taste",Nutty,786,975,350 g,4 (110),Sold Out,https://www.zeptonow.com/pn/nutty-gritties-jumbo-medjool-dates-high-fibre-rich-caramel-taste/pvid/a0c28297-0eac-4cf0-b8fa-c084824e08c6,"https://cdn.zeptonow.com/production/tr:w-1280,ar-1000-1000,pr-true,f-auto,q-80/cms/product_variant/5d58abaa-feb2-4703-8540-e1e48c7e6c31.jpeg"
Breakfast & Sauces,Dates & Seeds,"https://cdn.zeptonow.com/production/tr:w-90,ar-120-120,pr-true,f-auto,q-80/cms/sub_category/99c91fab-c451-4873-bd24-70e99eb6d813.png",Delight Nuts Fruits & Berries Mix- Delicious Fruits & Berries For Nutritious Snack,Delicious,273,349,200 g,4.2 (568),Sold Out,https://www.zeptonow.com/pn/delight-nuts-fruits-berries-mix-delicious-fruits-berries-for-nutritious-snack/pvid/837a3964-a9a8-4a3a-8106-eb7a1c509a82,"https://cdn.zeptonow.com/production/tr:w-1280,ar-1021-1021,pr-true,f-auto,q-80/cms/product_variant/6b558d43-55db-4eca-aee9-fa0be38070f7.jpeg"
Breakfast & Sauces,Dates & Seeds,"https://cdn.zeptonow.com/production/tr:w-90,ar-120-120,pr-true,f-auto,q-80/cms/sub_category/99c91fab-c451-4873-bd24-70e99eb6d813.png",Nutty Gritties Premium Kalmi Dates - High Fibre,Nutty,484,550,350 g,4.4 (123),Sold Out,https://www.zeptonow.com/pn/nutty-gritties-premium-kalmi-dates-high-fibre/pvid/bfb5526d-3f96-4eb2-bf2c-cd9d0e15f84d,"https://cdn.zeptonow.com/production/tr:w-1280,ar-1000-1000,pr-true,f-auto,q-80/cms/product_variant/e5ed4faa-d892-41e4-9786-d841dab4ed7d.jpeg"
Breakfast & Sauces,Dates & Seeds,"https://cdn.zeptonow.com/production/tr:w-90,ar-120-120,pr-true,f-auto,q-80/cms/sub_category/99c91fab-c451-4873-bd24-70e99eb6d813.png",Delight Nuts Fard Dates Value Pack,Delight,269,349,500 g,4.2 (900),Sold Out,https://www.zeptonow.com/pn/delight-nuts-fard-dates-value-pack/pvid/b27d6507-b32f-4252-a564-03e53c9542e5,"https://cdn.zeptonow.com/production/tr:w-1280,ar-1000-1000,pr-true,f-auto,q-80/cms/product_variant/93c61b56-2c96-4d04-860b-d0639a476d10.jpg"
Breakfast & Sauces,Dates & Seeds,"https://cdn.zeptonow.com/production/tr:w-90,ar-120-120,pr-true,f-auto,q-80/cms/sub_category/99c91fab-c451-4873-bd24-70e99eb6d813.png",Nutty Gritties Antioxidant Trail Mix,Nutty,307,390,200 g,4.6 (172),Sold Out,https://www.zeptonow.com/pn/nutty-gritties-antioxidant-trail-mix/pvid/10a29325-8445-4b60-a98b-735c201481ce,"https://cdn.zeptonow.com/production/tr:w-1280,ar-1021-1021,pr-true,f-auto,q-80/cms/product_variant/29cc945a-f261-49f3-8aa5-ff2baf05f3ca.jpeg"
Breakfast & Sauces,Dates & Seeds,"https://cdn.zeptonow.com/production/tr:w-90,ar-120-120,pr-true,f-auto,q-80/cms/sub_category/99c91fab-c451-4873-bd24-70e99eb6d813.png",Earthen Story Organic Raw Flax Seeds,Earthen,119,200,250 g,4.6 (102),Sold Out,https://www.zeptonow.com/pn/earthen-story-organic-raw-flax-seeds/pvid/9bbffd30-d567-4bd6-bfad-dc52983f3850,"https://cdn.zeptonow.com/production/tr:w-1280,ar-1500-1500,pr-true,f-auto,q-80/cms/product_variant/393a5be2-910e-490e-b3bb-d924f180638d.jpeg"
Breakfast & Sauces,Dates & Seeds,"https://cdn.zeptonow.com/production/tr:w-90,ar-120-120,pr-true,f-auto,q-80/cms/sub_category/99c91fab-c451-4873-bd24-70e99eb6d813.png",Earthen Story Organic Raw Sunflower Seeds,Earthen,175,250,250 g,5 (85),Sold Out,https://www.zeptonow.com/pn/earthen-story-organic-raw-sunflower-seeds/pvid/2911f241-aa73-48e3-925d-62364b0b8dd6,"https://cdn.zeptonow.com/production/tr:w-1280,ar-1500-1500,pr-true,f-auto,q-80/cms/product_variant/6250a7f1-3240-40c3-b463-3220714d36a7.jpeg"
Breakfast & Sauces,Dates & Seeds,"https://cdn.zeptonow.com/production/tr:w-90,ar-120-120,pr-true,f-auto,q-80/cms/sub_category/99c91fab-c451-4873-bd24-70e99eb6d813.png",Earthen Story Organic Raw Pumpkin Seeds,Earthen,255,375,250 g,4.2 (54),Sold Out,https://www.zeptonow.com/pn/earthen-story-organic-raw-pumpkin-seeds/pvid/67ec3c74-9bff-4427-a286-f73612719d33,"https://cdn.zeptonow.com/production/tr:w-1280,ar-1500-1500,pr-true,f-auto,q-80/cms/product_variant/7e370db9-7d30-4abb-89b4-4e47ef6c32ea.jpeg"
