main_category,sub_category,sub_category_image_url,product_name,brand,price,original_price,quantity,rating,stock_status,product_url,image_url
"Dairy, Bread & Eggs",Cheese,"https://cdn.zeptonow.com/production/tr:w-90,ar-120-121,pr-true,f-auto,q-80/cms/sub_category/81.png",D'lecta 100% Mozzarella Shreds Cheese,D'lecta,100,118,140 g,4.7 (18.9k),In Stock,https://www.zeptonow.com/pn/dlecta-100-mozzarella-shreds-cheese/pvid/c0ad40d4-626a-4477-925d-f5fad77a6022,"https://cdn.zeptonow.com/production/tr:w-1280,ar-1200-1200,pr-true,f-auto,q-80/cms/product_variant/5cff0aed-6831-4bb0-b8d0-f829f507730f.jpeg"
"Dairy, Bread & Eggs",Cheese,"https://cdn.zeptonow.com/production/tr:w-90,ar-120-121,pr-true,f-auto,q-80/cms/sub_category/81.png",D'lecta 100% Mozzarella Cheese Pizza Block,D'lecta,109,165,200 g,4.6 (17.9k),In Stock,https://www.zeptonow.com/pn/dlecta-100-mozzarella-cheese-pizza-block/pvid/1b435a73-e84f-4e23-8961-d159a48fdf53,"https://cdn.zeptonow.com/production/tr:w-1280,ar-1000-1000,pr-true,f-auto,q-80/cms/product_variant/29aaa7a9-58d4-4ee7-a55b-8f3004321331.jpeg"
"Dairy, Bread & Eggs",Cheese,"https://cdn.zeptonow.com/production/tr:w-90,ar-120-121,pr-true,f-auto,q-80/cms/sub_category/81.png",D'lecta Cheese Slices,D'lecta,99,180,200 g,4.7 (15.3k),In Stock,https://www.zeptonow.com/pn/dlecta-cheese-slices/pvid/cda77b2d-7e62-47e9-abac-254e8b9f525e,"https://cdn.zeptonow.com/production/tr:w-1280,ar-1500-1500,pr-true,f-auto,q-80/cms/product_variant/ec798171-8e31-400f-bd64-3e08dd70b0bb.jpeg"
"Dairy, Bread & Eggs",Cheese,"https://cdn.zeptonow.com/production/tr:w-90,ar-120-121,pr-true,f-auto,q-80/cms/sub_category/81.png",D'lecta Natural Feta Cheese Blocks,D'lecta,109,120,100 g,4.2 (1.9k),In Stock,https://www.zeptonow.com/pn/dlecta-natural-feta-cheese-blocks/pvid/3bb12c45-6c0f-44bc-a60a-8b2e7684c29f,"https://cdn.zeptonow.com/production/tr:w-1280,ar-1000-1000,pr-true,f-auto,q-80/cms/product_variant/4d221c2a-378a-4782-bf41-f84f4d727bd1.jpeg"
"Dairy, Bread & Eggs",Cheese,"https://cdn.zeptonow.com/production/tr:w-90,ar-120-121,pr-true,f-auto,q-80/cms/sub_category/81.png",Britannia Cheese Slice,Britannia,507,650,663 g,4.8 (2.3k),In Stock,https://www.zeptonow.com/pn/britannia-cheese-slice/pvid/75557163-55ad-4d56-a1ef-2b5258817220,"https://cdn.zeptonow.com/production/tr:w-1280,ar-3000-3000,pr-true,f-auto,q-80/cms/product_variant/a3268722-0a11-4d67-9819-655187b1731b.jpeg"
"Dairy, Bread & Eggs",Cheese,"https://cdn.zeptonow.com/production/tr:w-90,ar-120-121,pr-true,f-auto,q-80/cms/sub_category/81.png",D'lecta Cream Cheese,D'lecta,178,200,150 g,4.3 (2.4k),In Stock,https://www.zeptonow.com/pn/dlecta-cream-cheese/pvid/dc2f051a-765c-4a89-a0f6-0c734f08c8a2,"https://cdn.zeptonow.com/production/tr:w-1280,ar-1080-1080,pr-true,f-auto,q-80/cms/product_variant/6477c09b-069a-409a-9bdb-90a8bee97664.jpeg"
"Dairy, Bread & Eggs",Cheese,"https://cdn.zeptonow.com/production/tr:w-90,ar-120-121,pr-true,f-auto,q-80/cms/sub_category/81.png",D'lecta Cheese Spread,D'lecta,69,99,150 g,4.4 (8.3k),In Stock,https://www.zeptonow.com/pn/dlecta-cheese-spread/pvid/a632dfc1-e421-4469-aae0-4daf6f790c78,"https://cdn.zeptonow.com/production/tr:w-1280,ar-1200-1200,pr-true,f-auto,q-80/cms/product_variant/a9a10ee7-25c5-4bd4-adfc-74bb9a5d768c.jpeg"
"Dairy, Bread & Eggs",Cheese,"https://cdn.zeptonow.com/production/tr:w-90,ar-120-121,pr-true,f-auto,q-80/cms/sub_category/81.png",D'lecta 100% Cheddar Cheese Slices,D'lecta,198,220,200 g,4.4 (1.1k),In Stock,https://www.zeptonow.com/pn/dlecta-100-cheddar-cheese-slices/pvid/b9f78a4d-3cd2-41f5-aa04-8b94f136a5d6,"https://cdn.zeptonow.com/production/tr:w-1280,ar-1500-1500,pr-true,f-auto,q-80/cms/product_variant/cd923a09-17b5-4137-88e9-fb7d4badedda.jpeg"
"Dairy, Bread & Eggs",Cheese,"https://cdn.zeptonow.com/production/tr:w-90,ar-120-121,pr-true,f-auto,q-80/cms/sub_category/81.png",Britannia Cheese Slice,Britannia,138,140,180 g,4.8 (3.1k),In Stock,https://www.zeptonow.com/pn/britannia-cheese-slice/pvid/36694535-8242-42d1-b7e1-d89154ba5644,"https://cdn.zeptonow.com/production/tr:w-1280,ar-1000-1000,pr-true,f-auto,q-80/cms/product_variant/d0a742dc-5858-4026-92a4-195ce3dd930f.jpeg"
"Dairy, Bread & Eggs",Cheese,"https://cdn.zeptonow.com/production/tr:w-90,ar-120-121,pr-true,f-auto,q-80/cms/sub_category/81.png",D'lecta 100% Cheddar Cheese Blocks,D'lecta,191,220,200 g,4.9 (450),In Stock,https://www.zeptonow.com/pn/dlecta-100-cheddar-cheese-blocks/pvid/3c9fed7e-06b8-4e26-a62e-1d62424e021f,"https://cdn.zeptonow.com/production/tr:w-1280,ar-1000-1000,pr-true,f-auto,q-80/cms/product_variant/19b40e18-47b0-40bb-806c-f8e9319f6f16.jpeg"
"Dairy, Bread & Eggs",Cheese,"https://cdn.zeptonow.com/production/tr:w-90,ar-120-121,pr-true,f-auto,q-80/cms/sub_category/81.png",Britannia Cheese Cubes,Britannia,133,135,200 g,4.6 (2.8k),In Stock,https://www.zeptonow.com/pn/britannia-cheese-cubes/pvid/08933994-11dd-4bcb-b40b-526dbf3b9b14,"https://cdn.zeptonow.com/production/tr:w-1280,ar-1000-1000,pr-true,f-auto,q-80/cms/product_variant/683e4338-d565-4629-b99d-256490ac2eea.jpeg"
"Dairy, Bread & Eggs",Cheese,"https://cdn.zeptonow.com/production/tr:w-90,ar-120-121,pr-true,f-auto,q-80/cms/sub_category/81.png",D'lecta Cheese Cubes,D'lecta,119,175,200 g,4.6 (8.8k),In Stock,https://www.zeptonow.com/pn/dlecta-cheese-cubes/pvid/85584029-7626-4021-b830-920d685e438c,"https://cdn.zeptonow.com/production/tr:w-1280,ar-1200-1200,pr-true,f-auto,q-80/cms/product_variant/e088b36e-ff26-40d3-8a94-7ceb76f4554e.jpeg"
"Dairy, Bread & Eggs",Cheese,"https://cdn.zeptonow.com/production/tr:w-90,ar-120-121,pr-true,f-auto,q-80/cms/sub_category/81.png",Britannia The Laughing Cow Cheese- Roasted Garlic Spread Tub,Britannia,103,110,180 g,4.4 (674),In Stock,https://www.zeptonow.com/pn/britannia-the-laughing-cow-cheese-roasted-garlic-spread-tub/pvid/f7a48730-33d4-4f93-aac9-eccc13704338,"https://cdn.zeptonow.com/production/tr:w-1280,ar-1500-1500,pr-true,f-auto,q-80/cms/product_variant/f6191262-d081-45b3-b53c-a1212f4d7c26.jpeg"
"Dairy, Bread & Eggs",Cheese,"https://cdn.zeptonow.com/production/tr:w-90,ar-120-121,pr-true,f-auto,q-80/cms/sub_category/81.png",Britannia Spreadable Cheese Triangles,Britannia,125,135,120 g,4.9 (1.4k),In Stock,https://www.zeptonow.com/pn/britannia-spreadable-cheese-triangles/pvid/54de8407-0ccf-44d5-8752-931e0b08ae08,"https://cdn.zeptonow.com/production/tr:w-1280,ar-1000-1000,pr-true,f-auto,q-80/cms/product_variant/03216546-6a46-4f8c-8225-9f26dd595cd7.jpeg"
"Dairy, Bread & Eggs",Cheese,"https://cdn.zeptonow.com/production/tr:w-90,ar-120-121,pr-true,f-auto,q-80/cms/sub_category/81.png",D'lecta Cheese Blocks,D'lecta,119,170,200 g,4.5 (4.3k),In Stock,https://www.zeptonow.com/pn/dlecta-cheese-blocks/pvid/958701a2-a200-4134-a38a-c16acfa3a6eb,"https://cdn.zeptonow.com/production/tr:w-1280,ar-1000-1000,pr-true,f-auto,q-80/cms/product_variant/e51a582c-83f7-451e-89c1-10c00b3fbe4d.jpeg"
"Dairy, Bread & Eggs",Cheese,"https://cdn.zeptonow.com/production/tr:w-90,ar-120-121,pr-true,f-auto,q-80/cms/sub_category/81.png",Britannia Cheese Slice,Britannia,244,460,400 g,4.8 (2.6k),In Stock,https://www.zeptonow.com/pn/britannia-cheese-slice/pvid/701bb346-cb28-4aa2-9e37-1f7d0801c1e3,"https://cdn.zeptonow.com/production/tr:w-1280,ar-1000-1000,pr-true,f-auto,q-80/cms/product_variant/bab3ef35-13c5-4a5a-9401-2201b7053a58.jpeg"
"Dairy, Bread & Eggs",Cheese,"https://cdn.zeptonow.com/production/tr:w-90,ar-120-121,pr-true,f-auto,q-80/cms/sub_category/81.png",Britannia Cheese Slice,Britannia,79,80,90 g,4.8 (2.0k),In Stock,https://www.zeptonow.com/pn/britannia-cheese-slice/pvid/28ac0073-be2e-470a-bab6-7e653c6beeb5,"https://cdn.zeptonow.com/production/tr:w-1280,ar-1000-668,pr-true,f-auto,q-80/cms/product_variant/0047e9ec-22c9-43ec-a36d-55a0b39c3eb6.jpeg"
"Dairy, Bread & Eggs",Cheese,"https://cdn.zeptonow.com/production/tr:w-90,ar-120-121,pr-true,f-auto,q-80/cms/sub_category/81.png",Britannia Cheese Spread Classic,Britannia,103,110,180 g,4.5 (888),In Stock,https://www.zeptonow.com/pn/britannia-cheese-spread-classic/pvid/ccdeb575-a860-4d6d-ac79-97d791bc654d,"https://cdn.zeptonow.com/production/tr:w-1280,ar-1000-729,pr-true,f-auto,q-80/cms/product_variant/dcc7aa3a-450b-45ad-ba55-ca2ec2d0a0c6.jpeg"
"Dairy, Bread & Eggs",Cheese,"https://cdn.zeptonow.com/production/tr:w-90,ar-120-121,pr-true,f-auto,q-80/cms/sub_category/81.png",Britannia Cheese Block,Britannia,128,130,200 g,4.4 (424),In Stock,https://www.zeptonow.com/pn/britannia-cheese-block/pvid/90aaf877-560e-4b74-a3d0-376c4356269b,"https://cdn.zeptonow.com/production/tr:w-1280,ar-1532-1000,pr-true,f-auto,q-80/cms/product_variant/9afdab50-c761-49d9-912d-5d813d446555.jpeg"
"Dairy, Bread & Eggs",Cheese,"https://cdn.zeptonow.com/production/tr:w-90,ar-120-121,pr-true,f-auto,q-80/cms/sub_category/81.png",Britannia Cheese Cheeza,Britannia,131,135,200 g,4.6 (1.5k),In Stock,https://www.zeptonow.com/pn/britannia-cheese-cheeza/pvid/0a5eb556-0e79-48f3-afb9-02189ab23a46,"https://cdn.zeptonow.com/production/tr:w-1280,ar-2400-2400,pr-true,f-auto,q-80/cms/product_variant/cff0b7b8-6e32-4a82-a4e5-41f62537472d.jpeg"
"Dairy, Bread & Eggs",Cheese,"https://cdn.zeptonow.com/production/tr:w-90,ar-120-121,pr-true,f-auto,q-80/cms/sub_category/81.png",Britannia The Laughing Cow Cheezza Cheese- Pizza Block,Britannia,265,270,400 g,4.5 (410),In Stock,https://www.zeptonow.com/pn/britannia-the-laughing-cow-cheezza-cheese-pizza-block/pvid/9ebd00df-47c1-4087-aed5-6e76e8eedf3f,"https://cdn.zeptonow.com/production/tr:w-1280,ar-1200-1200,pr-true,f-auto,q-80/cms/product_variant/7ea960f2-fc84-4e48-bb4e-168bbf44133c.jpeg"
"Dairy, Bread & Eggs",Cheese,"https://cdn.zeptonow.com/production/tr:w-90,ar-120-121,pr-true,f-auto,q-80/cms/sub_category/81.png",Amul Cheese Slices,Amul,145,145,200 g,4.7 (56.9k),In Stock,https://www.zeptonow.com/pn/amul-cheese-slices/pvid/1e981626-002a-4122-be38-a0532267214c,"https://cdn.zeptonow.com/production/tr:w-1280,ar-1200-1200,pr-true,f-auto,q-80/cms/product_variant/263afa34-4a15-4e5d-b891-d3126b1b3019.jpeg"
"Dairy, Bread & Eggs",Cheese,"https://cdn.zeptonow.com/production/tr:w-90,ar-120-121,pr-true,f-auto,q-80/cms/sub_category/81.png",Go Cheese Slices,Go Cheese,99,190,200 g,4.7 (18.5k),In Stock,https://www.zeptonow.com/pn/go-cheese-slices/pvid/30b152b2-01d7-48e1-a2f8-dd186a629877,"https://cdn.zeptonow.com/production/tr:w-1280,ar-3001-3001,pr-true,f-auto,q-80/cms/product_variant/e8ece52b-046d-444c-8a93-bc6068ecb0bb.jpeg"
"Dairy, Bread & Eggs",Cheese,"https://cdn.zeptonow.com/production/tr:w-90,ar-120-121,pr-true,f-auto,q-80/cms/sub_category/81.png",Milky Mist Cheese- Slices,Milky Mist,145,149,200 g,4.7 (5.7k),In Stock,https://www.zeptonow.com/pn/milky-mist-cheese-slices/pvid/356360f8-cb98-4b7d-9124-2401081a7149,"https://cdn.zeptonow.com/production/tr:w-1280,ar-1600-1600,pr-true,f-auto,q-80/cms/product_variant/d4b7222b-1b8e-43f6-a79d-c4163297812b.jpeg"
"Dairy, Bread & Eggs",Cheese,"https://cdn.zeptonow.com/production/tr:w-90,ar-120-121,pr-true,f-auto,q-80/cms/sub_category/81.png",Amul Processed Cheese Cubes,Amul,135,135,200 g,4.7 (52.6k),In Stock,https://www.zeptonow.com/pn/amul-processed-cheese-cubes/pvid/d7e39d38-933d-4f4d-8c7b-985c846803c8,"https://cdn.zeptonow.com/production/tr:w-1280,ar-1200-1200,pr-true,f-auto,q-80/cms/product_variant/e5a4d2d8-29fb-48a3-b922-4a410de75143.jpeg"
"Dairy, Bread & Eggs",Cheese,"https://cdn.zeptonow.com/production/tr:w-90,ar-120-121,pr-true,f-auto,q-80/cms/sub_category/81.png",Milky Mist Cheese- Slices,Milky Mist,74,79,100 g,4.7 (5.5k),In Stock,https://www.zeptonow.com/pn/milky-mist-cheese-slices/pvid/98f7e48a-7a30-44f4-a9d0-f2e390333c9f,"https://cdn.zeptonow.com/production/tr:w-1280,ar-1600-1600,pr-true,f-auto,q-80/cms/product_variant/97cb9c70-79d6-4eec-bc5c-70e6e39706fa.jpeg"
"Dairy, Bread & Eggs",Cheese,"https://cdn.zeptonow.com/production/tr:w-90,ar-120-121,pr-true,f-auto,q-80/cms/sub_category/81.png",Amul Diced Cheese Blend,Amul,125,125,200 g,4.7 (64.3k),In Stock,https://www.zeptonow.com/pn/amul-diced-cheese-blend/pvid/65645f83-456f-4dfe-a0dc-bd33e7a82d68,"https://cdn.zeptonow.com/production/tr:w-1280,ar-2400-2400,pr-true,f-auto,q-80/cms/product_variant/f913a533-609f-4f95-bdd1-eb28f8a6b49c.jpeg"
"Dairy, Bread & Eggs",Cheese,"https://cdn.zeptonow.com/production/tr:w-90,ar-120-121,pr-true,f-auto,q-80/cms/sub_category/81.png",Milky Mist Shredded Mozzarella Pizza Cheese,Milky Mist,129,140,200 g,4.6 (2.0k),In Stock,https://www.zeptonow.com/pn/milky-mist-shredded-mozzarella-pizza-cheese/pvid/e41d42c5-0b34-484a-8541-393b5e05e320,"https://cdn.zeptonow.com/production/tr:w-1280,ar-1600-1600,pr-true,f-auto,q-80/cms/product_variant/feb4845f-73ce-4cca-88f9-1afe80cc3aec.jpeg"
"Dairy, Bread & Eggs",Cheese,"https://cdn.zeptonow.com/production/tr:w-90,ar-120-121,pr-true,f-auto,q-80/cms/sub_category/81.png",Amul Cheese Spread Yummy Plain,Amul,110,110,200 g,4.6 (9.8k),In Stock,https://www.zeptonow.com/pn/amul-cheese-spread-yummy-plain/pvid/38992f7a-d9fb-47cc-9ab0-45d8f1295941,"https://cdn.zeptonow.com/production/tr:w-1280,ar-1200-1200,pr-true,f-auto,q-80/cms/product_variant/93b5df20-2fb1-4181-a1be-62ca07465fce.jpeg"
"Dairy, Bread & Eggs",Cheese,"https://cdn.zeptonow.com/production/tr:w-90,ar-120-121,pr-true,f-auto,q-80/cms/sub_category/81.png",Amul Processed Cheese Block,Amul,130,130,200 g,4.8 (38.1k),In Stock,https://www.zeptonow.com/pn/amul-processed-cheese-block/pvid/0b30de60-36d7-4789-a325-66c44d8ba9d2,"https://cdn.zeptonow.com/production/tr:w-1280,ar-1200-1200,pr-true,f-auto,q-80/cms/product_variant/458eaddf-af1d-4255-aa6f-10ca177f2331.jpeg"
"Dairy, Bread & Eggs",Cheese,"https://cdn.zeptonow.com/production/tr:w-90,ar-120-121,pr-true,f-auto,q-80/cms/sub_category/81.png",Milky Mist Mozzarella Pizza Cheese,Milky Mist,156,170,200 g,5 (623),In Stock,https://www.zeptonow.com/pn/milky-mist-mozzarella-pizza-cheese/pvid/a263ad7b-08e2-4010-87a2-d4769386c820,"https://cdn.zeptonow.com/production/tr:w-1280,ar-1600-1600,pr-true,f-auto,q-80/cms/product_variant/bde06fdd-67bb-413b-ac53-33793edbaaaf.jpeg"
"Dairy, Bread & Eggs",Cheese,"https://cdn.zeptonow.com/production/tr:w-90,ar-120-121,pr-true,f-auto,q-80/cms/sub_category/81.png",Amul Cheese Spread - Pepper,Amul,110,110,200 g,4.5 (1.9k),In Stock,https://www.zeptonow.com/pn/amul-cheese-spread-pepper/pvid/52f98ff6-dda7-4cda-9677-e2b5b270d966,"https://cdn.zeptonow.com/production/tr:w-1280,ar-2400-2400,pr-true,f-auto,q-80/cms/product_variant/67c81d0b-a3e8-4726-b30c-47141e213265.jpeg"
"Dairy, Bread & Eggs",Cheese,"https://cdn.zeptonow.com/production/tr:w-90,ar-120-121,pr-true,f-auto,q-80/cms/sub_category/81.png",Go Pizza Cheese,Go,107,185,200 g,4.5 (4.3k),In Stock,https://www.zeptonow.com/pn/go-pizza-cheese/pvid/a65ee16a-6503-441d-a11b-149b86fd0491,"https://cdn.zeptonow.com/production/tr:w-1280,ar-3001-3001,pr-true,f-auto,q-80/cms/product_variant/c83774fa-0dba-4000-9da6-63ca4eaf16ed.jpeg"
"Dairy, Bread & Eggs",Cheese,"https://cdn.zeptonow.com/production/tr:w-90,ar-120-121,pr-true,f-auto,q-80/cms/sub_category/81.png",Milky Mist Processed Cheese- Block,Milky Mist,138,140,200 g,4.7 (1.1k),In Stock,https://www.zeptonow.com/pn/milky-mist-processed-cheese-block/pvid/cfdb7efa-6b68-4f6b-895d-7a279b415781,"https://cdn.zeptonow.com/production/tr:w-1280,ar-2400-2400,pr-true,f-auto,q-80/cms/product_variant/df988946-0a5b-40c1-a6c0-e0e42fb03c94.jpeg"
"Dairy, Bread & Eggs",Cheese,"https://cdn.zeptonow.com/production/tr:w-90,ar-120-121,pr-true,f-auto,q-80/cms/sub_category/81.png",Milky Mist Shredded Mozzarella Pizza Cheese,Milky Mist,336,360,500 g,4.6 (1.4k),In Stock,https://www.zeptonow.com/pn/milky-mist-shredded-mozzarella-pizza-cheese/pvid/5d812f82-fb16-4a96-9452-5a4de14957a7,"https://cdn.zeptonow.com/production/tr:w-1280,ar-1600-1600,pr-true,f-auto,q-80/cms/product_variant/c4ae762f-bd25-435a-851c-e13076144c99.jpeg"
"Dairy, Bread & Eggs",Cheese,"https://cdn.zeptonow.com/production/tr:w-90,ar-120-121,pr-true,f-auto,q-80/cms/sub_category/81.png",Go Cheese Spread Plain,Go Cheese,96,115,200 g,4.2 (2.4k),In Stock,https://www.zeptonow.com/pn/go-cheese-spread-plain/pvid/61f4c927-4d99-4a15-b92d-519b24b5566f,"https://cdn.zeptonow.com/production/tr:w-1280,ar-2400-2400,pr-true,f-auto,q-80/cms/product_variant/5ddfccf7-245e-4fe4-99bb-a9399cf64e9e.jpeg"
"Dairy, Bread & Eggs",Cheese,"https://cdn.zeptonow.com/production/tr:w-90,ar-120-121,pr-true,f-auto,q-80/cms/sub_category/81.png",Go Cheese Slices,Go Cheese,322,485,476 g,4.7 (10.7k),In Stock,https://www.zeptonow.com/pn/go-cheese-slices/pvid/c48faab7-4f9f-48c2-95f7-713e9c5b2195,"https://cdn.zeptonow.com/production/tr:w-1280,ar-2278-2292,pr-true,f-auto,q-80/cms/product_variant/41b961af-bc12-4bb5-a78c-4f40968148e9.jpg"
"Dairy, Bread & Eggs",Cheese,"https://cdn.zeptonow.com/production/tr:w-90,ar-120-121,pr-true,f-auto,q-80/cms/sub_category/81.png",Milky Mist Processed Cheese- Block,Milky Mist,310,330,500 g,4.7 (567),In Stock,https://www.zeptonow.com/pn/milky-mist-processed-cheese-block/pvid/05903a61-3f12-4f75-90ac-0357c17efb70,"https://cdn.zeptonow.com/production/tr:w-1280,ar-2400-2400,pr-true,f-auto,q-80/cms/product_variant/d824029e-5a53-4f16-bbcb-7d6e76653209.jpeg"
"Dairy, Bread & Eggs",Cheese,"https://cdn.zeptonow.com/production/tr:w-90,ar-120-121,pr-true,f-auto,q-80/cms/sub_category/81.png",Heritage Cheese Slices,Heritage,132,145,200 g,4.7 (3.5k),In Stock,https://www.zeptonow.com/pn/heritage-cheese-slices/pvid/45a8ffbe-6c36-4d03-a77e-2d2bbd4fa732,"https://cdn.zeptonow.com/production/tr:w-1280,ar-1500-1500,pr-true,f-auto,q-80/cms/product_variant/26646600-7928-49b9-8907-159f52bc96fe.jpg"
"Dairy, Bread & Eggs",Cheese,"https://cdn.zeptonow.com/production/tr:w-90,ar-120-121,pr-true,f-auto,q-80/cms/sub_category/81.png",Amul Processed Cheese Cubes(200gms) & Amul Butter - Pasteurised(100gms) Combo,Amul,193,197,2 Combo,4.6 (476),In Stock,https://www.zeptonow.com/pn/amul-processed-cheese-cubes200gms-amul-butter-pasteurised100gms-combo/pvid/6e498102-d36a-4696-9762-11534f4e24a6,"https://cdn.zeptonow.com/production/tr:w-1280,ar-1000-1000,pr-true,f-auto,q-80/cms/product_variant/2101b670-16b5-4975-872b-a850f4e00b36.jpeg"
"Dairy, Bread & Eggs",Cheese,"https://cdn.zeptonow.com/production/tr:w-90,ar-120-121,pr-true,f-auto,q-80/cms/sub_category/81.png",D'lecta Shredded Mozzarella Pizza Cheese 140 g Combo,D'lecta,190,236,140 g X 2,4.3 (277),In Stock,https://www.zeptonow.com/pn/dlecta-shredded-mozzarella-pizza-cheese-140-g-combo/pvid/14b88249-bb30-43ae-87dd-13ec754e6d17,"https://cdn.zeptonow.com/production/tr:w-1280,ar-1200-1200,pr-true,f-auto,q-80/cms/product_variant/a35551f7-f3c1-46b6-8b1d-e3ddc778ac23.jpg"
"Dairy, Bread & Eggs",Cheese,"https://cdn.zeptonow.com/production/tr:w-90,ar-120-121,pr-true,f-auto,q-80/cms/sub_category/81.png",D'lecta Cheese- Cubes 200 g Combo,D'lecta,220,350,200 g X 2,4.4 (379),In Stock,https://www.zeptonow.com/pn/dlecta-cheese-cubes-200-g-combo/pvid/7bfab50b-68ab-4037-b145-9a0a8572db2d,"https://cdn.zeptonow.com/production/tr:w-1280,ar-1500-1500,pr-true,f-auto,q-80/inventory/product/f621c1f0-c097-4b99-8f1d-2575b866cc8f-390.jpg"
"Dairy, Bread & Eggs",Cheese,"https://cdn.zeptonow.com/production/tr:w-90,ar-120-121,pr-true,f-auto,q-80/cms/sub_category/81.png",Go Pizza Cheese 200 g Combo,Go,194,370,200 g X 2,4.5 (388),In Stock,https://www.zeptonow.com/pn/go-pizza-cheese-200-g-combo/pvid/7eca0875-50e8-45a3-a0f8-6d5c284a59c5,"https://cdn.zeptonow.com/production/tr:w-1280,ar-1200-1200,pr-true,f-auto,q-80/cms/product_variant/76dc8c84-50bf-403e-a9eb-0a45e7a298ec.jpg"
"Dairy, Bread & Eggs",Cheese,"https://cdn.zeptonow.com/production/tr:w-90,ar-120-121,pr-true,f-auto,q-80/cms/sub_category/81.png",Britannia The Laughing Cow Cheese 8 Portions Round 120 g Combo,Britannia,236,270,120 g X 2,4.4 (380),In Stock,https://www.zeptonow.com/pn/britannia-the-laughing-cow-cheese-8-portions-round-120-g-combo/pvid/1a8f4a20-80cf-4260-bcdb-add48333d01c,"https://cdn.zeptonow.com/production/tr:w-1280,ar-1500-1500,pr-true,f-auto,q-80/cms/product_variant/35d31ff1-34d3-47fc-89a5-624af13aee66.jpg"
"Dairy, Bread & Eggs",Cheese,"https://cdn.zeptonow.com/production/tr:w-90,ar-120-121,pr-true,f-auto,q-80/cms/sub_category/81.png",D'lecta Natural Feta Cheese- Block 100 g Combo,D'lecta,204,240,100 g X 2,4.5 (210),In Stock,https://www.zeptonow.com/pn/dlecta-natural-feta-cheese-block-100-g-combo/pvid/5d416403-6061-419e-87c6-f06ba9a5557e,"https://cdn.zeptonow.com/production/tr:w-1280,ar-1500-1500,pr-true,f-auto,q-80/inventory/product/d6650e73-d392-41aa-9e4c-b1e34db045e7-5894.jpg"
"Dairy, Bread & Eggs",Cheese,"https://cdn.zeptonow.com/production/tr:w-90,ar-120-121,pr-true,f-auto,q-80/cms/sub_category/81.png",D'lecta Cheese- Block 200 g Combo,D'lecta,216,340,200 g X 2,4.3 (229),In Stock,https://www.zeptonow.com/pn/dlecta-cheese-block-200-g-combo/pvid/db269479-def8-4c4c-9dd5-e00cb4a5976b,"https://cdn.zeptonow.com/production/tr:w-1280,ar-1500-1500,pr-true,f-auto,q-80/inventory/product/f4fa207e-6875-4168-b323-5d8b50402011-389.jpg"
"Dairy, Bread & Eggs",Cheese,"https://cdn.zeptonow.com/production/tr:w-90,ar-120-121,pr-true,f-auto,q-80/cms/sub_category/81.png",D'lecta 100% Mozzarella Cheese- Pizza Block 200 g Combo,D'lecta,202,330,200 g X 2,4.7 (888),In Stock,https://www.zeptonow.com/pn/dlecta-100-mozzarella-cheese-pizza-block-200-g-combo/pvid/0d1e59f7-da27-4e03-919e-41dc33444824,"https://cdn.zeptonow.com/production/tr:w-1280,ar-1500-1500,pr-true,f-auto,q-80/cms/product_variant/05ad1208-9b61-4e74-b7cc-fd3674df0075.jpg"
"Dairy, Bread & Eggs",Cheese,"https://cdn.zeptonow.com/production/tr:w-90,ar-120-121,pr-true,f-auto,q-80/cms/sub_category/81.png",Britannia The Laughing Cow Cheese- Cubes 200 g Combo,Britannia,252,270,200 g X 2,4.3 (639),In Stock,https://www.zeptonow.com/pn/britannia-the-laughing-cow-cheese-cubes-200-g-combo/pvid/5d05d4bd-5948-411a-b7df-ceaf917f23c2,"https://cdn.zeptonow.com/production/tr:w-1280,ar-1500-1500,pr-true,f-auto,q-80/inventory/product/da832ed2-f9af-47d3-9d49-61f977f1c575-5866.jpg"
"Dairy, Bread & Eggs",Cheese,"https://cdn.zeptonow.com/production/tr:w-90,ar-120-121,pr-true,f-auto,q-80/cms/sub_category/81.png",D'lecta Cream Cheese 150 g Combo,D'lecta,334,400,150 g X 2,4.6 (699),In Stock,https://www.zeptonow.com/pn/dlecta-cream-cheese-150-g-combo/pvid/7fe76895-4521-445c-8391-d723df9dc64f,"https://cdn.zeptonow.com/production/tr:w-1280,ar-1500-1500,pr-true,f-auto,q-80/inventory/product/f979dd66-2ae3-43ee-9665-1ac4d6ef7b8c-3016.jpg"
"Dairy, Bread & Eggs",Cheese,"https://cdn.zeptonow.com/production/tr:w-90,ar-120-121,pr-true,f-auto,q-80/cms/sub_category/81.png",Milky Mist Processed Cheese- Block 200 g Combo,Milky Mist,258,280,200 g X 2,4.2 (331),In Stock,https://www.zeptonow.com/pn/milky-mist-processed-cheese-block-200-g-combo/pvid/ccdbd09d-a024-4089-bba9-227c87822a72,"https://cdn.zeptonow.com/production/tr:w-1280,ar-1500-1500,pr-true,f-auto,q-80/inventory/product/f69407bf-f8ee-4b09-bffa-84d4f11690b9-5961.jpg"
"Dairy, Bread & Eggs",Cheese,"https://cdn.zeptonow.com/production/tr:w-90,ar-120-121,pr-true,f-auto,q-80/cms/sub_category/81.png",D'lecta Natural Cheddar Cheese Slices 200 g Combo,D'lecta,368,440,200 g X 2,4.2 (538),In Stock,https://www.zeptonow.com/pn/dlecta-natural-cheddar-cheese-slices-200-g-combo/pvid/3583555b-cd1f-44ab-9e41-7ad31f1d762a,"https://cdn.zeptonow.com/production/tr:w-1280,ar-1500-1500,pr-true,f-auto,q-80/inventory/product/96569454-1c59-4d27-a4c6-8b1edc9c4c3f-5893.jpg"
"Dairy, Bread & Eggs",Cheese,"https://cdn.zeptonow.com/production/tr:w-90,ar-120-121,pr-true,f-auto,q-80/cms/sub_category/81.png",Milky Mist Mozzarella Pizza Cheese 200 g Combo,Milky Mist,290,340,200 g X 2,4.5 (493),In Stock,https://www.zeptonow.com/pn/milky-mist-mozzarella-pizza-cheese-200-g-combo/pvid/69146a72-d074-4ffc-9186-1b600ff5366b,"https://cdn.zeptonow.com/production/tr:w-1280,ar-1500-1500,pr-true,f-auto,q-80/inventory/product/98ccffdf-f0d6-4963-b4c0-aacba6ae3b85-5963.jpg"
"Dairy, Bread & Eggs",Cheese,"https://cdn.zeptonow.com/production/tr:w-90,ar-120-121,pr-true,f-auto,q-80/cms/sub_category/81.png",Amul Cheese Spread Spicy Garlic,Amul,110,110,200 g,4.6 (3.8k),Sold Out,https://www.zeptonow.com/pn/amul-cheese-spread-spicy-garlic/pvid/9199ec47-5f96-4314-a76a-67268c729ce1,"https://cdn.zeptonow.com/production/tr:w-1280,ar-2400-2400,pr-true,f-auto,q-80/cms/product_variant/18a20456-158d-4581-a80b-10f58c5e86cf.jpeg"
"Dairy, Bread & Eggs",Cheese,"https://cdn.zeptonow.com/production/tr:w-90,ar-120-121,pr-true,f-auto,q-80/cms/sub_category/81.png",Go Cheese Processed- Square Cubes,Go Cheese,115,155,200 g,4.6 (3.3k),Sold Out,https://www.zeptonow.com/pn/go-cheese-processed-square-cubes/pvid/32eaef0e-6c38-468c-aac1-4c31bdafa120,"https://cdn.zeptonow.com/production/tr:w-1280,ar-2000-2000,pr-true,f-auto,q-80/cms/product_variant/944781c9-8299-43a2-bb7f-2413607c7113.jpeg"
"Dairy, Bread & Eggs",Cheese,"https://cdn.zeptonow.com/production/tr:w-90,ar-120-121,pr-true,f-auto,q-80/cms/sub_category/81.png",Heritage Cheese Slices,Heritage,70,80,100 g,4.7 (5.1k),Sold Out,https://www.zeptonow.com/pn/heritage-cheese-slices/pvid/d09d6b9d-621a-48d6-837c-d52d6d53bec9,"https://cdn.zeptonow.com/production/tr:w-1280,ar-1200-1200,pr-true,f-auto,q-80/cms/product_variant/ea6f93c1-6625-449c-b07c-caccc8c4628b.jpeg"
"Dairy, Bread & Eggs",Cheese,"https://cdn.zeptonow.com/production/tr:w-90,ar-120-121,pr-true,f-auto,q-80/cms/sub_category/81.png",Go Cheese Slices,Go Cheese,65,99,100 g,4.7 (12.1k),Sold Out,https://www.zeptonow.com/pn/go-cheese-slices/pvid/effaf9f0-d954-4985-98f4-2a36b6dbad2b,"https://cdn.zeptonow.com/production/tr:w-1280,ar-1000-837,pr-true,f-auto,q-80/cms/product_variant/f43618d2-f4cf-4b82-83fd-7f90a1e2a69e.jpeg"
"Dairy, Bread & Eggs",Cheese,"https://cdn.zeptonow.com/production/tr:w-90,ar-120-121,pr-true,f-auto,q-80/cms/sub_category/81.png",D'lecta Cheese Slices,D'lecta,208,350,400 g,4.7 (10.3k),Sold Out,https://www.zeptonow.com/pn/dlecta-cheese-slices/pvid/2a077e62-e08f-401d-ae65-5e2258e0f618,"https://cdn.zeptonow.com/production/tr:w-1280,ar-1000-1000,pr-true,f-auto,q-80/cms/product_variant/f4dacc60-accb-44e4-aae9-9a6c832f8105.jpeg"
"Dairy, Bread & Eggs",Cheese,"https://cdn.zeptonow.com/production/tr:w-90,ar-120-121,pr-true,f-auto,q-80/cms/sub_category/81.png",Britannia Cheese Sachet,Britannia,143,150,150 g,4.8 (104),Sold Out,https://www.zeptonow.com/pn/britannia-cheese-sachet/pvid/745632f7-cc8c-49c6-ba5c-57627cec7107,"https://cdn.zeptonow.com/production/tr:w-1280,ar-1000-1000,pr-true,f-auto,q-80/cms/product_variant/0853dddb-e5d6-484d-a9a1-03343d2e81c6.jpeg"
"Dairy, Bread & Eggs",Cheese,"https://cdn.zeptonow.com/production/tr:w-90,ar-120-121,pr-true,f-auto,q-80/cms/sub_category/81.png",Amul Cheese Slices,Amul,85,85,100 g,4.7 (67.2k),Sold Out,https://www.zeptonow.com/pn/amul-cheese-slices/pvid/b9d5ab38-b2cd-4348-8c66-2a91e313e7d7,"https://cdn.zeptonow.com/production/tr:w-1280,ar-1200-1200,pr-true,f-auto,q-80/cms/product_variant/bb505416-f814-4270-b756-2fadcc289816.jpeg"
"Dairy, Bread & Eggs",Cheese,"https://cdn.zeptonow.com/production/tr:w-90,ar-120-121,pr-true,f-auto,q-80/cms/sub_category/81.png",Amul Cheese Slices,Amul,440,440,750 g,4.7 (45.3k),Sold Out,https://www.zeptonow.com/pn/amul-cheese-slices/pvid/ad1f6f53-9c10-4f0e-8f65-58fe99a9f7fb,"https://cdn.zeptonow.com/production/tr:w-1280,ar-1200-1200,pr-true,f-auto,q-80/cms/product_variant/fe32e4f3-7680-4459-8df3-209e624b653f.jpeg"
"Dairy, Bread & Eggs",Cheese,"https://cdn.zeptonow.com/production/tr:w-90,ar-120-121,pr-true,f-auto,q-80/cms/sub_category/81.png",Go Processed Cheese Block,Go,107,185,200 g,4.5 (4.0k),Sold Out,https://www.zeptonow.com/pn/go-processed-cheese-block/pvid/7d8ff202-59c5-4f9b-9a8e-4f898849af66,"https://cdn.zeptonow.com/production/tr:w-1280,ar-1000-1000,pr-true,f-auto,q-80/cms/product_variant/da4c8a46-ca99-4f7f-9548-42114cbba254.jpeg"
"Dairy, Bread & Eggs",Cheese,"https://cdn.zeptonow.com/production/tr:w-90,ar-120-121,pr-true,f-auto,q-80/cms/sub_category/81.png",Amul Natural Cheese Cheddar Block,Amul,185,185,250 g,5 (234),Sold Out,https://www.zeptonow.com/pn/amul-natural-cheese-cheddar-block/pvid/e55e063c-5191-4518-9d78-b1b7022a0117,"https://cdn.zeptonow.com/production/tr:w-1280,ar-2400-2400,pr-true,f-auto,q-80/cms/product_variant/ae427b1b-f245-47b3-987f-794d138b481e.jpeg"
"Dairy, Bread & Eggs",Cheese,"https://cdn.zeptonow.com/production/tr:w-90,ar-120-121,pr-true,f-auto,q-80/cms/sub_category/81.png",Amul Cheese - Block,Amul,300,300,500 g,4.3 (6.9k),Sold Out,https://www.zeptonow.com/pn/amul-cheese-block/pvid/8e4561e3-d014-4c04-af05-c94aea9c12e9,"https://cdn.zeptonow.com/production/tr:w-1280,ar-1200-1200,pr-true,f-auto,q-80/cms/product_variant/74d9d445-75a7-43dd-b2e6-bb3cd5c8f8ec.jpeg"
"Dairy, Bread & Eggs",Cheese,"https://cdn.zeptonow.com/production/tr:w-90,ar-120-121,pr-true,f-auto,q-80/cms/sub_category/81.png",Amul A+ Cheese Slices,Amul,236,429,400 g,4.6 (1.7k),Sold Out,https://www.zeptonow.com/pn/amul-a-cheese-slices/pvid/8c890f1b-e082-405a-b81d-d657ee72aa9d,"https://cdn.zeptonow.com/production/tr:w-1280,ar-3000-3000,pr-true,f-auto,q-80/cms/product_variant/a12215ac-b287-4140-8e76-4bfac4389d6d.jpg"
"Dairy, Bread & Eggs",Cheese,"https://cdn.zeptonow.com/production/tr:w-90,ar-120-121,pr-true,f-auto,q-80/cms/sub_category/81.png",Milky Mist Cream Cheese Spread- Tub,Milky Mist,170,190,200 g,5 (421),Sold Out,https://www.zeptonow.com/pn/milky-mist-cream-cheese-spread-tub/pvid/2a21055a-708e-4d4d-bc5c-317fdb6795ef,"https://cdn.zeptonow.com/production/tr:w-1280,ar-1600-1600,pr-true,f-auto,q-80/cms/product_variant/d48f0bf3-6b82-4792-a6b4-40880d260cfe.jpeg"
"Dairy, Bread & Eggs",Cheese,"https://cdn.zeptonow.com/production/tr:w-90,ar-120-121,pr-true,f-auto,q-80/cms/sub_category/81.png",Go Four Cheese,Go,120,150,200 g,4.5 (1.9k),Sold Out,https://www.zeptonow.com/pn/go-four-cheese/pvid/ccbfeb0f-8f05-4d23-98c1-5b85e27e866e,"https://cdn.zeptonow.com/production/tr:w-1280,ar-2400-2400,pr-true,f-auto,q-80/cms/product_variant/b9ce7861-3635-4e9d-85d8-346d62d1e7d3.jpeg"
"Dairy, Bread & Eggs",Cheese,"https://cdn.zeptonow.com/production/tr:w-90,ar-120-121,pr-true,f-auto,q-80/cms/sub_category/81.png",Milky Mist Mozzarella Diced Pizza Cheese,Milky Mist,129,140,200 g,4.9 (1.3k),Sold Out,https://www.zeptonow.com/pn/milky-mist-mozzarella-diced-pizza-cheese/pvid/361e3c80-843d-44b8-b3e6-31ca6f5da6e2,"https://cdn.zeptonow.com/production/tr:w-1280,ar-1600-1600,pr-true,f-auto,q-80/cms/product_variant/f4f3ccf6-56c2-4dd7-9932-da756835c69a.jpeg"
"Dairy, Bread & Eggs",Cheese,"https://cdn.zeptonow.com/production/tr:w-90,ar-120-121,pr-true,f-auto,q-80/cms/sub_category/81.png",Go Cheese Pizza Blend (Mozzarella + Cheddar),Go Cheese,115,155,200 g,4.7 (14.3k),Sold Out,https://www.zeptonow.com/pn/go-cheese-pizza-blend-mozzarella-cheddar/pvid/cea25cc7-8437-4a92-8337-55a86b8dbc71,"https://cdn.zeptonow.com/production/tr:w-1280,ar-1490-1497,pr-true,f-auto,q-80/cms/product_variant/f3f5af40-dd94-4f5b-8b19-9c272c846978.jpg"
"Dairy, Bread & Eggs",Cheese,"https://cdn.zeptonow.com/production/tr:w-90,ar-120-121,pr-true,f-auto,q-80/cms/sub_category/81.png",Amul Edam Cheese,Amul,215,215,250 g,5 (103),Sold Out,https://www.zeptonow.com/pn/amul-edam-cheese/pvid/764ed37f-f3c2-4550-b81b-70830d3dccee,"https://cdn.zeptonow.com/production/tr:w-1280,ar-2400-2400,pr-true,f-auto,q-80/cms/product_variant/19410ca5-1c48-4d26-8eaf-10432c7a53a1.jpeg"
"Dairy, Bread & Eggs",Cheese,"https://cdn.zeptonow.com/production/tr:w-90,ar-120-121,pr-true,f-auto,q-80/cms/sub_category/81.png",Milky Mist Cheese- Cubes,Milky Mist,147,150,200 g,4.7 (3.5k),Sold Out,https://www.zeptonow.com/pn/milky-mist-cheese-cubes/pvid/a183483e-2b62-4cf2-8f56-c247c120a403,"https://cdn.zeptonow.com/production/tr:w-1280,ar-1600-1600,pr-true,f-auto,q-80/cms/product_variant/1ac4edcd-39ce-4100-9f67-db8975115c60.jpeg"
"Dairy, Bread & Eggs",Paneer & Cream,"https://cdn.zeptonow.com/production/tr:w-90,ar-120-121,pr-true,f-auto,q-80/cms/sub_category/82.png",Milky Mist High Protein Paneer,Milky Mist,116,150,200 g,4.5 (8.0k),In Stock,https://www.zeptonow.com/pn/milky-mist-high-protein-paneer/pvid/7c8ea69b-fd38-47ed-b212-75f6c825affd,"https://cdn.zeptonow.com/production/tr:w-1280,ar-1200-1200,pr-true,f-auto,q-80/cms/product_variant/8cd95c47-e10f-42a2-aa78-4e2a767c875d.jpg"
"Dairy, Bread & Eggs",Paneer & Cream,"https://cdn.zeptonow.com/production/tr:w-90,ar-120-121,pr-true,f-auto,q-80/cms/sub_category/82.png",Hatsun Fresh Paneer,Hatsun,130,130,200 g,4.8 (3.5k),In Stock,https://www.zeptonow.com/pn/hatsun-fresh-paneer/pvid/1232ac7d-b9e2-4f44-aa9e-e4aea9b70fa6,"https://cdn.zeptonow.com/production/tr:w-1280,ar-2400-2400,pr-true,f-auto,q-80/cms/product_variant/f653151f-a1c4-4ad4-a047-5cffc88e4360.jpeg"
"Dairy, Bread & Eggs",Paneer & Cream,"https://cdn.zeptonow.com/production/tr:w-90,ar-120-121,pr-true,f-auto,q-80/cms/sub_category/82.png",Akshayakalpa Organic Malai Paneer,Akshayakalpa,140,140,200 g,4.7 (5.7k),In Stock,https://www.zeptonow.com/pn/akshayakalpa-organic-malai-paneer/pvid/a5b27839-d7bb-4c42-9687-16ba67ea2d83,"https://cdn.zeptonow.com/production/tr:w-1280,ar-1200-1200,pr-true,f-auto,q-80/cms/product_variant/a9d01b2e-360a-4b63-b9ed-d04d9036245e.jpeg"
"Dairy, Bread & Eggs",Paneer & Cream,"https://cdn.zeptonow.com/production/tr:w-90,ar-120-121,pr-true,f-auto,q-80/cms/sub_category/82.png",Milky Mist Paneer,Milky Mist,128,128,200 g,4.6 (53.0k),In Stock,https://www.zeptonow.com/pn/milky-mist-paneer/pvid/861549d8-effd-49de-a2d3-d2ffd3c7333d,"https://cdn.zeptonow.com/production/tr:w-1280,ar-1600-1600,pr-true,f-auto,q-80/cms/product_variant/bdabbe58-cf0e-422c-b7d1-b811fa13bdf7.jpeg"
"Dairy, Bread & Eggs",Paneer & Cream,"https://cdn.zeptonow.com/production/tr:w-90,ar-120-121,pr-true,f-auto,q-80/cms/sub_category/82.png",Gowardhan Fresh Paneer- Block,Gowardhan,95,105,200 g,4.4 (21.1k),In Stock,https://www.zeptonow.com/pn/gowardhan-fresh-paneer-block/pvid/635f0d0b-7749-4fc1-86c8-3f7f8b1c97ba,"https://cdn.zeptonow.com/production/tr:w-1280,ar-1200-1200,pr-true,f-auto,q-80/cms/product_variant/c0a38dd0-f8df-43d2-99ae-36b5530b1482.jpeg"
"Dairy, Bread & Eggs",Paneer & Cream,"https://cdn.zeptonow.com/production/tr:w-90,ar-120-121,pr-true,f-auto,q-80/cms/sub_category/82.png",Hello Tempayy 36g Protein Tempeh Cubes | Peri Peri - Low Fat & High Fibre,Hello,138,175,200 g,4 (275),In Stock,https://www.zeptonow.com/pn/hello-tempayy-36g-protein-tempeh-cubes-peri-peri-low-fat-high-fibre/pvid/e65221ae-dac0-4788-9695-11b7f82555de,"https://cdn.zeptonow.com/production/tr:w-1280,ar-1200-1200,pr-true,f-auto,q-80/cms/product_variant/879f5187-4c76-4b4b-aaaa-562c8dca6e5b.jpeg"
"Dairy, Bread & Eggs",Paneer & Cream,"https://cdn.zeptonow.com/production/tr:w-90,ar-120-121,pr-true,f-auto,q-80/cms/sub_category/82.png",Hello Tempayy 28g Protein Tandoori Tempeh Thins - Sandwiches & Wraps,Hello,122,159,150 g,3.9 (459),In Stock,https://www.zeptonow.com/pn/hello-tempayy-28g-protein-tandoori-tempeh-thins-sandwiches-wraps/pvid/c58c8c57-479a-40a3-93c6-c9af7d9be6f7,"https://cdn.zeptonow.com/production/tr:w-1280,ar-1200-1200,pr-true,f-auto,q-80/cms/product_variant/745d970c-478f-4e25-810e-12e29e3f9c6b.jpeg"
"Dairy, Bread & Eggs",Paneer & Cream,"https://cdn.zeptonow.com/production/tr:w-90,ar-120-121,pr-true,f-auto,q-80/cms/sub_category/82.png",Hello Tempayy 38g Protein Tempeh Cubes - Low Fat & High Fibre,Hello,126,159,200 g,4.5 (888),In Stock,https://www.zeptonow.com/pn/hello-tempayy-38g-protein-tempeh-cubes-low-fat-high-fibre/pvid/1c9533a9-6edf-4a02-9121-448d2e7c2fda,"https://cdn.zeptonow.com/production/tr:w-1280,ar-1200-1200,pr-true,f-auto,q-80/cms/product_variant/914489b6-0b43-449e-8af9-8534b1ad4465.jpeg"
"Dairy, Bread & Eggs",Paneer & Cream,"https://cdn.zeptonow.com/production/tr:w-90,ar-120-121,pr-true,f-auto,q-80/cms/sub_category/82.png",Hello Tempayy 36g Protein Tempeh Cubes | Szechuan - Low Fat & High Fibre,Hello,138,175,200 g,4.7 (457),In Stock,https://www.zeptonow.com/pn/hello-tempayy-36g-protein-tempeh-cubes-szechuan-low-fat-high-fibre/pvid/a591348d-a5c7-4fee-949f-c6fa4faf6023,"https://cdn.zeptonow.com/production/tr:w-1280,ar-1200-1200,pr-true,f-auto,q-80/cms/product_variant/3da90773-0665-4378-a1c2-b0795f5f2128.jpeg"
"Dairy, Bread & Eggs",Paneer & Cream,"https://cdn.zeptonow.com/production/tr:w-90,ar-120-121,pr-true,f-auto,q-80/cms/sub_category/82.png",Akshayakalpa Organic High Protein Paneer,Akshayakalpa,144,180,200 g,4.4 (393),In Stock,https://www.zeptonow.com/pn/akshayakalpa-organic-high-protein-paneer/pvid/01b9375e-f09c-4447-9a16-8d32a4bd267a,"https://cdn.zeptonow.com/production/tr:w-1280,ar-1000-1000,pr-true,f-auto,q-80/cms/product_variant/234846da-5d2c-4fc1-a711-d70b31709856.jpg"
"Dairy, Bread & Eggs",Paneer & Cream,"https://cdn.zeptonow.com/production/tr:w-90,ar-120-121,pr-true,f-auto,q-80/cms/sub_category/82.png",Milky Mist Khova Mawa,Milky Mist,95,95,200 g,4.6 (4.6k),In Stock,https://www.zeptonow.com/pn/milky-mist-khova-mawa/pvid/6419ed26-94ef-4810-a47f-2231f7e835b7,"https://cdn.zeptonow.com/production/tr:w-1280,ar-1600-1600,pr-true,f-auto,q-80/cms/product_variant/97be2666-0dce-4d78-ad18-7c0f076517ef.jpeg"
"Dairy, Bread & Eggs",Paneer & Cream,"https://cdn.zeptonow.com/production/tr:w-90,ar-120-121,pr-true,f-auto,q-80/cms/sub_category/82.png",Hello Tempayy 15g Protein Tempeh Crumbles - Low Fat & High Fibre | Soy Tempeh,Hello,65,85,75 g,4.3 (198),In Stock,https://www.zeptonow.com/pn/hello-tempayy-15g-protein-tempeh-crumbles-low-fat-high-fibre-soy-tempeh/pvid/123951f2-7289-4ff5-b837-e3f53c32eef8,"https://cdn.zeptonow.com/production/tr:w-1280,ar-1080-1080,pr-true,f-auto,q-80/cms/product_variant/152864c9-cacf-42c9-b739-900ae186169d.jpeg"
"Dairy, Bread & Eggs",Paneer & Cream,"https://cdn.zeptonow.com/production/tr:w-90,ar-120-121,pr-true,f-auto,q-80/cms/sub_category/82.png",Hello Tempayy 14g Protein Tempeh Crumbles | Szechuan - Heat & Add | Soy Tempeh,Hello,77,95,75 g,4.2 (79),In Stock,https://www.zeptonow.com/pn/hello-tempayy-14g-protein-tempeh-crumbles-szechuan-heat-add-soy-tempeh/pvid/d59bf9a5-a76e-459a-9059-d7230a81e4fd,"https://cdn.zeptonow.com/production/tr:w-1280,ar-1080-1080,pr-true,f-auto,q-80/cms/product_variant/79ebc1ce-21b0-4330-a5dd-9f716e79138f.jpeg"
"Dairy, Bread & Eggs",Paneer & Cream,"https://cdn.zeptonow.com/production/tr:w-90,ar-120-121,pr-true,f-auto,q-80/cms/sub_category/82.png",Heritage Fresh Paneer,Heritage,111,120,200 g,4.6 (45.1k),In Stock,https://www.zeptonow.com/pn/heritage-fresh-paneer/pvid/030e4b73-2373-479b-a013-f1e48ee8ab37,"https://cdn.zeptonow.com/production/tr:w-1280,ar-2400-2400,pr-true,f-auto,q-80/cms/product_variant/681d5b1c-6e3d-4267-8c27-ee7cbf595b7a.jpg"
"Dairy, Bread & Eggs",Paneer & Cream,"https://cdn.zeptonow.com/production/tr:w-90,ar-120-121,pr-true,f-auto,q-80/cms/sub_category/82.png",Amul Fresh Malai Paneer,Amul,105,105,200 g,4.6 (207.4k),In Stock,https://www.zeptonow.com/pn/amul-fresh-malai-paneer/pvid/54099eb2-2d08-4013-a822-a3eebc72f19f,"https://cdn.zeptonow.com/production/tr:w-1280,ar-2400-2400,pr-true,f-auto,q-80/cms/product_variant/ea26ac16-e17e-4364-aafb-ef78db990f30.jpg"
"Dairy, Bread & Eggs",Paneer & Cream,"https://cdn.zeptonow.com/production/tr:w-90,ar-120-121,pr-true,f-auto,q-80/cms/sub_category/82.png",iD Fresh Soft & Creamy Paneer,iD,140,140,200 g,4.5 (7.2k),In Stock,https://www.zeptonow.com/pn/id-fresh-soft-creamy-paneer/pvid/29e0f66e-aed9-4d7b-a656-b62e7e8110b2,"https://cdn.zeptonow.com/production/tr:w-1280,ar-1200-1200,pr-true,f-auto,q-80/cms/product_variant/fd04f128-dfd4-432c-a189-5e22c8d78f28.jpeg"
"Dairy, Bread & Eggs",Paneer & Cream,"https://cdn.zeptonow.com/production/tr:w-90,ar-120-121,pr-true,f-auto,q-80/cms/sub_category/82.png",Aavin Paneer,Aavin,110,110,200 g,4.6 (2.7k),In Stock,https://www.zeptonow.com/pn/aavin-paneer/pvid/7e894e35-1252-4ae5-aeac-6c92e785c665,"https://cdn.zeptonow.com/production/tr:w-1280,ar-500-500,pr-true,f-auto,q-80/cms/product_variant/54456266-65f3-4319-9ecd-f4fcac28db40.jpg"
"Dairy, Bread & Eggs",Paneer & Cream,"https://cdn.zeptonow.com/production/tr:w-90,ar-120-121,pr-true,f-auto,q-80/cms/sub_category/82.png",Amul Fresh Cream,Amul,70,70,250 ml,4.6 (41.8k),In Stock,https://www.zeptonow.com/pn/amul-fresh-cream/pvid/5d93efe8-2046-450d-87ca-ce891fbf2a5b,"https://cdn.zeptonow.com/production/tr:w-1280,ar-1200-1200,pr-true,f-auto,q-80/cms/product_variant/2a89bb87-f1cd-46eb-9fc0-49741625eac2.jpeg"
"Dairy, Bread & Eggs",Paneer & Cream,"https://cdn.zeptonow.com/production/tr:w-90,ar-120-121,pr-true,f-auto,q-80/cms/sub_category/82.png",D'lecta Dairy Fresh Cream,D'lecta,60,65,200 ml,4 (4.4k),In Stock,https://www.zeptonow.com/pn/dlecta-dairy-fresh-cream/pvid/3b398272-5b66-4c61-b2c5-a31b3f3acf17,"https://cdn.zeptonow.com/production/tr:w-1280,ar-1000-1000,pr-true,f-auto,q-80/cms/product_variant/81cf2cca-f52e-46d0-9243-f5c1dddd4828.jpeg"
"Dairy, Bread & Eggs",Paneer & Cream,"https://cdn.zeptonow.com/production/tr:w-90,ar-120-121,pr-true,f-auto,q-80/cms/sub_category/82.png",Amul Fresh Cream,Amul,230,230,1 L,4.6 (26.6k),In Stock,https://www.zeptonow.com/pn/amul-fresh-cream/pvid/490c9d61-d19e-462d-9022-6e8b5a0a03da,"https://cdn.zeptonow.com/production/tr:w-1280,ar-1200-1200,pr-true,f-auto,q-80/cms/product_variant/741f9717-40d0-4567-9d3a-a9a08fc95abb.jpeg"
"Dairy, Bread & Eggs",Paneer & Cream,"https://cdn.zeptonow.com/production/tr:w-90,ar-120-121,pr-true,f-auto,q-80/cms/sub_category/82.png",Amul Frozen Malai Paneer,Amul,115,115,250 g,4.5 (121),In Stock,https://www.zeptonow.com/pn/amul-frozen-malai-paneer/pvid/c1c27dac-4402-44c4-88ee-2c23b17fe76d,"https://cdn.zeptonow.com/production/tr:w-1280,ar-3000-3000,pr-true,f-auto,q-80/cms/product_variant/42d0ca5a-4ebd-47f4-ae88-63291ae3da23.jpg"
"Dairy, Bread & Eggs",Paneer & Cream,"https://cdn.zeptonow.com/production/tr:w-90,ar-120-121,pr-true,f-auto,q-80/cms/sub_category/82.png",Milky Mist Khova Mawa 200 g Combo,Milky Mist,178,190,200 g X 2,4.2 (540),In Stock,https://www.zeptonow.com/pn/milky-mist-khova-mawa-200-g-combo/pvid/22401462-5091-4f79-81d3-8e3c41c90740,"https://cdn.zeptonow.com/production/tr:w-1280,ar-1500-1500,pr-true,f-auto,q-80/inventory/product/bc42ffa8-a05e-4e1d-b5c5-4070bd8ff59b-388.jpg"
"Dairy, Bread & Eggs",Paneer & Cream,"https://cdn.zeptonow.com/production/tr:w-90,ar-120-121,pr-true,f-auto,q-80/cms/sub_category/82.png",D'lecta Dairy Fresh Cream 200 ml Combo,D'lecta,110,130,200 ml X 2,4.5 (732),In Stock,https://www.zeptonow.com/pn/dlecta-dairy-fresh-cream-200-ml-combo/pvid/52f02f23-2a42-44d5-8033-03b46b2a1349,"https://cdn.zeptonow.com/production/tr:w-1280,ar-1500-1500,pr-true,f-auto,q-80/inventory/product/c038430d-1d27-4219-a9c4-984e3214df66-2760.jpg"
"Dairy, Bread & Eggs",Paneer & Cream,"https://cdn.zeptonow.com/production/tr:w-90,ar-120-121,pr-true,f-auto,q-80/cms/sub_category/82.png",Aavin Paneer 200 g Combo,Aavin,206,220,200 g X 2,4.5 (213),In Stock,https://www.zeptonow.com/pn/aavin-paneer-200-g-combo/pvid/7bf19ef1-1d5a-46c6-8a4b-89cc052adcb7,"https://cdn.zeptonow.com/production/tr:w-1280,ar-1500-1500,pr-true,f-auto,q-80/cms/product_variant/829c173f-351c-4ab6-9d8e-36806bc13716.jpg"
"Dairy, Bread & Eggs",Paneer & Cream,"https://cdn.zeptonow.com/production/tr:w-90,ar-120-121,pr-true,f-auto,q-80/cms/sub_category/82.png",Milky Mist Khova Mawa 200 g Combo,Milky Mist,252,285,200 g X 3,4.2 (726),In Stock,https://www.zeptonow.com/pn/milky-mist-khova-mawa-200-g-combo/pvid/a4dbd53f-8bca-4085-ae20-c7486d659ff1,"https://cdn.zeptonow.com/production/tr:w-1280,ar-1500-1500,pr-true,f-auto,q-80/cms/product_variant/d3bdcfce-884e-4d68-b481-79c3620131d3.jpg"
"Dairy, Bread & Eggs",Paneer & Cream,"https://cdn.zeptonow.com/production/tr:w-90,ar-120-121,pr-true,f-auto,q-80/cms/sub_category/82.png",Akshayakalpa Organic Malai Paneer 200 g Combo,Akshayakalpa,260,280,200 g X 2,4.4 (843),In Stock,https://www.zeptonow.com/pn/akshayakalpa-organic-malai-paneer-200-g-combo/pvid/2866d979-4419-47b9-812f-6b40e8ca564e,"https://cdn.zeptonow.com/production/tr:w-1280,ar-1494-1494,pr-true,f-auto,q-80/cms/product_variant/da9632fb-a391-4661-86ca-57953da06884.jpg"
"Dairy, Bread & Eggs",Paneer & Cream,"https://cdn.zeptonow.com/production/tr:w-90,ar-120-121,pr-true,f-auto,q-80/cms/sub_category/82.png",Hatsun Fresh Paneer 199 g Combo,Hatsun,244,260,199 g X 2,4.2 (93),In Stock,https://www.zeptonow.com/pn/hatsun-fresh-paneer-199-g-combo/pvid/377b0869-571c-46a8-9956-9f5686b58c9d,"https://cdn.zeptonow.com/production/tr:w-1280,ar-1500-1500,pr-true,f-auto,q-80/inventory/product/ecacf47b-e0db-4c00-87cb-92cd0ed22150-3017.jpg"
"Dairy, Bread & Eggs",Paneer & Cream,"https://cdn.zeptonow.com/production/tr:w-90,ar-120-121,pr-true,f-auto,q-80/cms/sub_category/82.png",iD Fresh Soft & Creamy Paneer 200 g Combo,iD,274,280,200 g X 2,4.6 (845),In Stock,https://www.zeptonow.com/pn/id-fresh-soft-creamy-paneer-200-g-combo/pvid/58f95e39-28d5-48bd-b9ae-e755d2bb7dea,"https://cdn.zeptonow.com/production/tr:w-1280,ar-1500-1500,pr-true,f-auto,q-80/cms/product_variant/a3971013-07e0-479b-a7a1-5f7dbd57ce6c.jpg"
"Dairy, Bread & Eggs",Paneer & Cream,"https://cdn.zeptonow.com/production/tr:w-90,ar-120-121,pr-true,f-auto,q-80/cms/sub_category/82.png",Hello Tempayy Natural Tempeh Cubes Protein & Fibre Rich 200 g Combo,Hello,234,318,200 g X 2,4.5 (397),In Stock,https://www.zeptonow.com/pn/hello-tempayy-natural-tempeh-cubes-protein-fibre-rich-200-g-combo/pvid/583613b9-99a9-4a24-a1ad-b416957d8956,"https://cdn.zeptonow.com/production/tr:w-1280,ar-1500-1500,pr-true,f-auto,q-80/cms/product_variant/7757765c-3fd0-428d-b17b-b6bb8abe2c2a.jpg"
"Dairy, Bread & Eggs",Paneer & Cream,"https://cdn.zeptonow.com/production/tr:w-90,ar-120-121,pr-true,f-auto,q-80/cms/sub_category/82.png",Hello Tempayy Spicy Peri Peri Soyabean Tempeh Cubes Protein & Fibre Rich 200 g Combo,Hello,258,350,200 g X 2,4.3 (978),In Stock,https://www.zeptonow.com/pn/hello-tempayy-spicy-peri-peri-soyabean-tempeh-cubes-protein-fibre-rich-200-g-combo/pvid/4b60f1b3-203e-48ef-9d3f-5e4e30f8bd1c,"https://cdn.zeptonow.com/production/tr:w-1280,ar-1500-1500,pr-true,f-auto,q-80/inventory/product/dd266474-9e3e-4148-a837-32218824741a-5927.jpg"
"Dairy, Bread & Eggs",Paneer & Cream,"https://cdn.zeptonow.com/production/tr:w-90,ar-120-121,pr-true,f-auto,q-80/cms/sub_category/82.png",Hello Tempayy Peppery Szechuan Chilli Soyabean Tempeh Cubes Protein & Fibre Rich 200 g Combo,Hello,402,525,200 g X 3,4.2 (158),In Stock,https://www.zeptonow.com/pn/hello-tempayy-peppery-szechuan-chilli-soyabean-tempeh-cubes-protein-fibre-rich-200-g-combo/pvid/549d09f1-d35c-4813-96be-5b928b649777,"https://cdn.zeptonow.com/production/tr:w-1280,ar-1500-1500,pr-true,f-auto,q-80/cms/product_variant/fbff9f00-2c66-47d1-97d3-aa671e1be89f.jpg"
"Dairy, Bread & Eggs",Paneer & Cream,"https://cdn.zeptonow.com/production/tr:w-90,ar-120-121,pr-true,f-auto,q-80/cms/sub_category/82.png",Hello Tempayy Peppery Szechuan Chilli Soyabean Tempeh Cubes Protein & Fibre Rich 200 g Combo,Hello,258,350,200 g X 2,4.5 (112),In Stock,https://www.zeptonow.com/pn/hello-tempayy-peppery-szechuan-chilli-soyabean-tempeh-cubes-protein-fibre-rich-200-g-combo/pvid/126e49da-369e-41ef-a0e4-9488ef4a6b38,"https://cdn.zeptonow.com/production/tr:w-1280,ar-1500-1500,pr-true,f-auto,q-80/inventory/product/b131e98a-386b-4ce0-bb6e-49b31bcad343-5924.jpg"
"Dairy, Bread & Eggs",Paneer & Cream,"https://cdn.zeptonow.com/production/tr:w-90,ar-120-121,pr-true,f-auto,q-80/cms/sub_category/82.png",Milky Mist Paneer,Milky Mist,278,320,500 g,4.6 (35.1k),Sold Out,https://www.zeptonow.com/pn/milky-mist-paneer/pvid/4e9c62d1-8575-40b3-a3ba-b02a84c7ed1b,"https://cdn.zeptonow.com/production/tr:w-1280,ar-1600-1600,pr-true,f-auto,q-80/cms/product_variant/f17bdc30-cee6-4233-811a-2b545b195889.jpeg"
"Dairy, Bread & Eggs",Paneer & Cream,"https://cdn.zeptonow.com/production/tr:w-90,ar-120-121,pr-true,f-auto,q-80/cms/sub_category/82.png",Hello Tempayy 36g Protein Tempeh Cubes | Tawa Masala - Low Fat & High Fibre,Hello,138,175,200 g,4.7 (488),Sold Out,https://www.zeptonow.com/pn/hello-tempayy-36g-protein-tempeh-cubes-tawa-masala-low-fat-high-fibre/pvid/ecd631d0-d317-4dc2-b7b3-c3d8e2725733,"https://cdn.zeptonow.com/production/tr:w-1280,ar-1200-1200,pr-true,f-auto,q-80/cms/product_variant/28571e02-31bc-458b-a78f-a7fe9f7b60ad.jpeg"
"Dairy, Bread & Eggs",Paneer & Cream,"https://cdn.zeptonow.com/production/tr:w-90,ar-120-121,pr-true,f-auto,q-80/cms/sub_category/82.png",Milky Mist Briyas Tofu Paneer,Milky Mist,99,99,200 g,4.6 (4.7k),Sold Out,https://www.zeptonow.com/pn/milky-mist-briyas-tofu-paneer/pvid/39f5abb6-85fa-4790-981f-077bb996e62e,"https://cdn.zeptonow.com/production/tr:w-1280,ar-1021-1021,pr-true,f-auto,q-80/cms/product_variant/d858cc23-17ef-41b2-abea-7245fe73a103.jpeg"
"Dairy, Bread & Eggs",Paneer & Cream,"https://cdn.zeptonow.com/production/tr:w-90,ar-120-121,pr-true,f-auto,q-80/cms/sub_category/82.png",Hello Tempayy 14g Protein Tempeh Crumbles | Tawa Masala - Heat & Add | Soy Tempeh,Hello,74,95,75 g,4 (82),Sold Out,https://www.zeptonow.com/pn/hello-tempayy-14g-protein-tempeh-crumbles-tawa-masala-heat-add-soy-tempeh/pvid/93b7e1c1-b603-4d2b-8bc8-a7a2bc49b0a3,"https://cdn.zeptonow.com/production/tr:w-1280,ar-1080-1080,pr-true,f-auto,q-80/cms/product_variant/738979ce-6019-4cca-ae74-e24c2612fd3b.jpeg"
"Dairy, Bread & Eggs",Paneer & Cream,"https://cdn.zeptonow.com/production/tr:w-90,ar-120-121,pr-true,f-auto,q-80/cms/sub_category/82.png",Hello Tempayy 14g Protein Tempeh Crumbles | Peri Peri | Heat & Add | Soy Tempeh,Hello,74,95,75 g,3.9 (159),Sold Out,https://www.zeptonow.com/pn/hello-tempayy-14g-protein-tempeh-crumbles-peri-peri-heat-add-soy-tempeh/pvid/ecbce307-4db2-46a5-8f41-636945cbfa21,"https://cdn.zeptonow.com/production/tr:w-1280,ar-1080-1080,pr-true,f-auto,q-80/cms/product_variant/3ccd4184-e218-441c-80fc-574268d5a2e8.jpeg"
"Dairy, Bread & Eggs",Paneer & Cream,"https://cdn.zeptonow.com/production/tr:w-90,ar-120-121,pr-true,f-auto,q-80/cms/sub_category/82.png",Freshey's Paneer,Freshey's,120,128,200 g,5 (1.5k),Sold Out,https://www.zeptonow.com/pn/fresheys-paneer/pvid/da2242d9-a62d-49ac-b87e-31c959d20700,"https://cdn.zeptonow.com/production/tr:w-1280,ar-1200-1200,pr-true,f-auto,q-80/cms/product_variant/99588793-3d37-4ca0-be3d-4e1f8af0da46.jpg"
"Dairy, Bread & Eggs",Butter,"https://cdn.zeptonow.com/production/tr:w-90,ar-120-121,pr-true,f-auto,q-80/cms/sub_category/80.png",Milky Mist Cooking Butter Unsalted,Milky Mist,334,355,500 g,4.8 (4.2k),In Stock,https://www.zeptonow.com/pn/milky-mist-cooking-butter-unsalted/pvid/0acb07c2-6c83-4eab-920a-8b931a7ae72d,"https://cdn.zeptonow.com/production/tr:w-1280,ar-1600-1600,pr-true,f-auto,q-80/cms/product_variant/5acce062-beb2-4aa3-a8bc-d07b6752ee58.jpeg"
"Dairy, Bread & Eggs",Butter,"https://cdn.zeptonow.com/production/tr:w-90,ar-120-121,pr-true,f-auto,q-80/cms/sub_category/80.png",Milky Mist Butter Chiplet,Milky Mist,74,78,10 x 10 g,4.7 (1.5k),In Stock,https://www.zeptonow.com/pn/milky-mist-butter-chiplet/pvid/5fe7ad1b-0036-4356-9d18-cda79c1c6f88,"https://cdn.zeptonow.com/production/tr:w-1280,ar-1600-1600,pr-true,f-auto,q-80/cms/product_variant/92d89185-b803-45c2-9adc-daa69bab8fea.jpeg"
"Dairy, Bread & Eggs",Butter,"https://cdn.zeptonow.com/production/tr:w-90,ar-120-121,pr-true,f-auto,q-80/cms/sub_category/80.png",Milky Mist Cooking Butter Unsalted,Milky Mist,66,75,100 g,4.8 (6.4k),In Stock,https://www.zeptonow.com/pn/milky-mist-cooking-butter-unsalted/pvid/7616a7d1-abd7-4e30-ae4e-e364710b9bc8,"https://cdn.zeptonow.com/production/tr:w-1280,ar-1600-1600,pr-true,f-auto,q-80/cms/product_variant/3233a87c-f6dc-4aab-84ec-637d91cbcad9.jpeg"
"Dairy, Bread & Eggs",Butter,"https://cdn.zeptonow.com/production/tr:w-90,ar-120-121,pr-true,f-auto,q-80/cms/sub_category/80.png",Milky Mist Table Butter,Milky Mist,66,75,100 g,4.6 (1.5k),In Stock,https://www.zeptonow.com/pn/milky-mist-table-butter/pvid/18fa8072-a91b-4cb7-ab28-c9f7a0d1404f,"https://cdn.zeptonow.com/production/tr:w-1280,ar-2400-2400,pr-true,f-auto,q-80/cms/product_variant/d5ed3a6f-0f74-4135-bfdc-0f2876f79b3e.jpeg"
"Dairy, Bread & Eggs",Butter,"https://cdn.zeptonow.com/production/tr:w-90,ar-120-121,pr-true,f-auto,q-80/cms/sub_category/80.png",Amul Salted Butter,Amul,305,305,500 g,4.7 (349.3k),In Stock,https://www.zeptonow.com/pn/amul-salted-butter/pvid/fc2ffbca-a36b-4728-b6be-3168475f3b75,"https://cdn.zeptonow.com/production/tr:w-1280,ar-1200-1200,pr-true,f-auto,q-80/cms/product_variant/229b297f-d894-457d-9c8b-34aa86df6b88.jpeg"
"Dairy, Bread & Eggs",Butter,"https://cdn.zeptonow.com/production/tr:w-90,ar-120-121,pr-true,f-auto,q-80/cms/sub_category/80.png",Amul Unsalted Cooking Butter,Amul,310,310,500 g,4.7 (11.9k),In Stock,https://www.zeptonow.com/pn/amul-unsalted-cooking-butter/pvid/e1f5d8b0-ac7a-42d3-b4fa-17a5f8a99904,"https://cdn.zeptonow.com/production/tr:w-1280,ar-1200-1200,pr-true,f-auto,q-80/cms/product_variant/9803afd6-4c0e-4e79-b255-4937a303d97f.jpeg"
"Dairy, Bread & Eggs",Butter,"https://cdn.zeptonow.com/production/tr:w-90,ar-120-121,pr-true,f-auto,q-80/cms/sub_category/80.png",Amul Safed Makkhan,Amul,310,310,500 g,4.7 (4.7k),In Stock,https://www.zeptonow.com/pn/amul-safed-makkhan/pvid/fa8b6831-172b-4d8f-993b-90384421d316,"https://cdn.zeptonow.com/production/tr:w-1280,ar-1200-1200,pr-true,f-auto,q-80/cms/product_variant/5d82c0bc-0dd7-4486-85ab-2cf9921fe858.jpeg"
"Dairy, Bread & Eggs",Butter,"https://cdn.zeptonow.com/production/tr:w-90,ar-120-121,pr-true,f-auto,q-80/cms/sub_category/80.png",Amul Salted Butter (Chiplets),Amul,75,75,10 x 10 g,4.8 (53.5k),In Stock,https://www.zeptonow.com/pn/amul-salted-butter-chiplets/pvid/7457c7d6-26b9-466b-8950-9c1adb6faa9a,"https://cdn.zeptonow.com/production/tr:w-1280,ar-2400-2400,pr-true,f-auto,q-80/cms/product_variant/bc145179-e4da-45db-a10c-7c19dff04176.jpeg"
"Dairy, Bread & Eggs",Butter,"https://cdn.zeptonow.com/production/tr:w-90,ar-120-121,pr-true,f-auto,q-80/cms/sub_category/80.png",Amul Salted Butter,Amul,122,126,200 g,4.7 (337.9k),In Stock,https://www.zeptonow.com/pn/amul-salted-butter/pvid/bebc0d21-3d61-49ad-bedc-a7155a5169d3,"https://cdn.zeptonow.com/production/tr:w-1280,ar-1200-1200,pr-true,f-auto,q-80/cms/product_variant/a9d3d8d2-ffe9-48d9-90dd-c76defed76dd.jpeg"
"Dairy, Bread & Eggs",Butter,"https://cdn.zeptonow.com/production/tr:w-90,ar-120-121,pr-true,f-auto,q-80/cms/sub_category/80.png",Amul Salted Butter,Amul,62,62,100 g,4.7 (601.1k),In Stock,https://www.zeptonow.com/pn/amul-salted-butter/pvid/8da0c985-dc37-495c-a8bd-6019c120cb44,"https://cdn.zeptonow.com/production/tr:w-1280,ar-1200-1200,pr-true,f-auto,q-80/cms/product_variant/e15c0b10-0367-4675-a5ab-6da2abf9bee1.jpeg"
"Dairy, Bread & Eggs",Butter,"https://cdn.zeptonow.com/production/tr:w-90,ar-120-121,pr-true,f-auto,q-80/cms/sub_category/80.png",Amul Unsalted Cooking Butter,Amul,65,65,100 g,4.7 (16.0k),In Stock,https://www.zeptonow.com/pn/amul-unsalted-cooking-butter/pvid/1685c097-3845-4e73-be56-9910c3391c0c,"https://cdn.zeptonow.com/production/tr:w-1280,ar-1200-1200,pr-true,f-auto,q-80/cms/product_variant/238198ac-e000-47e7-a0e4-3b0c3b98cb34.jpeg"
"Dairy, Bread & Eggs",Butter,"https://cdn.zeptonow.com/production/tr:w-90,ar-120-121,pr-true,f-auto,q-80/cms/sub_category/80.png",Amul Salted Butter (Chiplets) 100 g Combo,Amul,142,150,100 g X 2,4.5 (704),In Stock,https://www.zeptonow.com/pn/amul-salted-butter-chiplets-100-g-combo/pvid/d6fda09b-5094-445c-8312-8758920f8567,"https://cdn.zeptonow.com/production/tr:w-1280,ar-1500-1500,pr-true,f-auto,q-80/inventory/product/990c1d15-9aa8-4e06-b2c6-f7f519c53386-3376.jpg"
"Dairy, Bread & Eggs",Butter,"https://cdn.zeptonow.com/production/tr:w-90,ar-120-121,pr-true,f-auto,q-80/cms/sub_category/80.png",Amul Salted Butter (Chiplets) 100 g Combo,Amul,204,225,100 g X 3,4.2 (921),In Stock,https://www.zeptonow.com/pn/amul-salted-butter-chiplets-100-g-combo/pvid/764e04c5-0d33-49eb-8cfd-518c0263d53a,"https://cdn.zeptonow.com/production/tr:w-1280,ar-1500-1500,pr-true,f-auto,q-80/inventory/product/db5a0862-cc8d-4592-93d3-3c4b6434fdf3-3377.jpg"
"Dairy, Bread & Eggs",Butter,"https://cdn.zeptonow.com/production/tr:w-90,ar-120-121,pr-true,f-auto,q-80/cms/sub_category/80.png",Amul Salted Butter 500 g Combo,Amul,594,610,500 g X 2,4.4 (324),In Stock,https://www.zeptonow.com/pn/amul-salted-butter-500-g-combo/pvid/e92e1430-f0fd-46d6-94d3-99365a0fb70b,"https://cdn.zeptonow.com/production/tr:w-1280,ar-1500-1500,pr-true,f-auto,q-80/inventory/product/88d4695a-ffdf-4468-97d9-f772c4d51c48-3085.jpg"
"Dairy, Bread & Eggs",Butter,"https://cdn.zeptonow.com/production/tr:w-90,ar-120-121,pr-true,f-auto,q-80/cms/sub_category/80.png",Amul Safed Makkhan 500 g Combo,Amul,620,620,500 g X 2,4.2 (409),In Stock,https://www.zeptonow.com/pn/amul-safed-makkhan-500-g-combo/pvid/9b0f5c39-6a1a-4d45-916d-0d72e8260683,"https://cdn.zeptonow.com/production/tr:w-1280,ar-1500-1500,pr-true,f-auto,q-80/cms/product_variant/69d5f3ee-85ad-46ec-90c3-5269303847a5.jpg"
"Dairy, Bread & Eggs",Butter,"https://cdn.zeptonow.com/production/tr:w-90,ar-120-121,pr-true,f-auto,q-80/cms/sub_category/80.png",Delicious Fat Spread - Cholesterol Free,Delicious,105,105,500 g,4.6 (21.1k),Sold Out,https://www.zeptonow.com/pn/delicious-fat-spread-cholesterol-free/pvid/98507230-5aaf-46b3-90c2-69c86786a994,"https://cdn.zeptonow.com/production/tr:w-1280,ar-2400-2400,pr-true,f-auto,q-80/cms/product_variant/a7da26d1-33d9-4d69-8c41-7d614bf57ac9.jpeg"
"Dairy, Bread & Eggs",Butter,"https://cdn.zeptonow.com/production/tr:w-90,ar-120-121,pr-true,f-auto,q-80/cms/sub_category/80.png",Amul Garlic & Herbs Buttery Spread,Amul,70,70,100 g,4.7 (29.8k),Sold Out,https://www.zeptonow.com/pn/amul-garlic-herbs-buttery-spread/pvid/bb3b57c0-4a26-4c7b-8ff2-9e50ee19bb51,"https://cdn.zeptonow.com/production/tr:w-1280,ar-1200-1200,pr-true,f-auto,q-80/cms/product_variant/d2ba7227-a1c2-4881-b613-dac4c8501e8e.jpeg"
"Dairy, Bread & Eggs",Butter,"https://cdn.zeptonow.com/production/tr:w-90,ar-120-121,pr-true,f-auto,q-80/cms/sub_category/80.png",Amul Lite Milk Fat Spread,Amul,222,232,500 g,4.6 (1.7k),Sold Out,https://www.zeptonow.com/pn/amul-lite-milk-fat-spread/pvid/2e87966f-e237-4c39-8441-db71f0299b55,"https://cdn.zeptonow.com/production/tr:w-1280,ar-2400-2400,pr-true,f-auto,q-80/cms/product_variant/ddce740b-b7bd-432d-a848-cff1c50bd7f3.jpeg"
"Dairy, Bread & Eggs",Butter,"https://cdn.zeptonow.com/production/tr:w-90,ar-120-121,pr-true,f-auto,q-80/cms/sub_category/80.png",Amul Safed Makkhan,Amul,65,65,100 g,4.7 (6.0k),Sold Out,https://www.zeptonow.com/pn/amul-safed-makkhan/pvid/b5582f18-8232-4920-b962-14665e6a2cab,"https://cdn.zeptonow.com/production/tr:w-1280,ar-1021-1021,pr-true,f-auto,q-80/cms/product_variant/51d665c2-6975-46c7-8bdf-a28d310132f1.jpeg"
"Dairy, Bread & Eggs",Butter,"https://cdn.zeptonow.com/production/tr:w-90,ar-120-121,pr-true,f-auto,q-80/cms/sub_category/80.png",Amul Lite Spread,Amul,48,48,100 g,4.6 (6.6k),Sold Out,https://www.zeptonow.com/pn/amul-lite-spread/pvid/cd685c9c-748b-4ac3-9281-701d66954c65,"https://cdn.zeptonow.com/production/tr:w-1280,ar-1500-1500,pr-true,f-auto,q-80/cms/product_variant/e9ddd194-81a7-4b0e-8caa-77f2a0192a52.jpeg"
"Dairy, Bread & Eggs",Butter,"https://cdn.zeptonow.com/production/tr:w-90,ar-120-121,pr-true,f-auto,q-80/cms/sub_category/80.png",Delicious Fat Spread - Cholesterol Free,Delicious,22,22,100 g,4.6 (43.3k),Sold Out,https://www.zeptonow.com/pn/delicious-fat-spread-cholesterol-free/pvid/e600868b-693e-4f8b-ae63-23aade3cb112,"https://cdn.zeptonow.com/production/tr:w-1280,ar-2400-2400,pr-true,f-auto,q-80/cms/product_variant/9a6ce510-2ce2-4760-bf45-3f09629d2471.jpeg"
"Dairy, Bread & Eggs",Curd & Probiotic Drink,"https://cdn.zeptonow.com/production/tr:w-90,ar-2940-2940,pr-true,f-auto,q-80/cms/sub_category/c01a48b0-d9d2-475d-9c59-ec6724c21c87.jpeg",Hatsun Curd,Hatsun,120,120,1 kg,4.8 (4.3k),In Stock,https://www.zeptonow.com/pn/hatsun-curd/pvid/d1469ad2-08a1-426c-bc7f-3073feee548d,"https://cdn.zeptonow.com/production/tr:w-1280,ar-2400-2400,pr-true,f-auto,q-80/cms/product_variant/eceb3527-3f4f-4bc4-b2cb-d1d7ed412fdb.jpeg"
"Dairy, Bread & Eggs",Curd & Probiotic Drink,"https://cdn.zeptonow.com/production/tr:w-90,ar-2940-2940,pr-true,f-auto,q-80/cms/sub_category/c01a48b0-d9d2-475d-9c59-ec6724c21c87.jpeg",Hatsun Cup Curd,Hatsun,50,50,400 g,4.7 (18.9k),In Stock,https://www.zeptonow.com/pn/hatsun-cup-curd/pvid/cad89a81-5551-4d0d-b99a-2809a4623206,"https://cdn.zeptonow.com/production/tr:w-1280,ar-2400-2400,pr-true,f-auto,q-80/cms/product_variant/0066b54a-53ca-47cc-bbc9-5c227db51ada.jpeg"
"Dairy, Bread & Eggs",Curd & Probiotic Drink,"https://cdn.zeptonow.com/production/tr:w-90,ar-2940-2940,pr-true,f-auto,q-80/cms/sub_category/c01a48b0-d9d2-475d-9c59-ec6724c21c87.jpeg",Milky Mist Set Curd Tub,Milky Mist,117,120,1 L,4.7 (33.5k),In Stock,https://www.zeptonow.com/pn/milky-mist-set-curd-tub/pvid/0af6a1a5-373b-4ddb-a661-cefc7f18298e,"https://cdn.zeptonow.com/production/tr:w-1280,ar-1600-1600,pr-true,f-auto,q-80/cms/product_variant/b4827858-6de4-406c-886d-863e41f92013.jpeg"
"Dairy, Bread & Eggs",Curd & Probiotic Drink,"https://cdn.zeptonow.com/production/tr:w-90,ar-2940-2940,pr-true,f-auto,q-80/cms/sub_category/c01a48b0-d9d2-475d-9c59-ec6724c21c87.jpeg",Milky Mist Curd Pouch,Milky Mist,42,42,400 g,4.7 (40.8k),In Stock,https://www.zeptonow.com/pn/milky-mist-curd-pouch/pvid/06806c10-0b66-4131-8279-ccf912d0758e,"https://cdn.zeptonow.com/production/tr:w-1280,ar-3000-2000,pr-true,f-auto,q-80/cms/product_variant/db79a256-b5ca-424a-8cdc-e13626ffb11c.jpeg"
"Dairy, Bread & Eggs",Curd & Probiotic Drink,"https://cdn.zeptonow.com/production/tr:w-90,ar-2940-2940,pr-true,f-auto,q-80/cms/sub_category/c01a48b0-d9d2-475d-9c59-ec6724c21c87.jpeg",Milky Mist Probiotic Curd Cup,Milky Mist,62,65,400 g,4.7 (5.5k),In Stock,https://www.zeptonow.com/pn/milky-mist-probiotic-curd-cup/pvid/d26207e4-d61b-473c-9934-a4d47adca6f8,"https://cdn.zeptonow.com/production/tr:w-1280,ar-1600-1600,pr-true,f-auto,q-80/cms/product_variant/9066c6a1-6819-4b35-b17a-faa821ea0cbd.jpeg"
"Dairy, Bread & Eggs",Curd & Probiotic Drink,"https://cdn.zeptonow.com/production/tr:w-90,ar-2940-2940,pr-true,f-auto,q-80/cms/sub_category/c01a48b0-d9d2-475d-9c59-ec6724c21c87.jpeg",Hatsun Curd Pouch,Hatsun,40,40,500 g,4.8 (83.9k),In Stock,https://www.zeptonow.com/pn/hatsun-curd-pouch/pvid/b87ff0cd-08a4-4d2d-972d-0e458dc67d85,"https://cdn.zeptonow.com/production/tr:w-1280,ar-1000-1000,pr-true,f-auto,q-80/cms/product_variant/e1c05a12-1de9-4b21-b2cf-58654d199f31.jpeg"
"Dairy, Bread & Eggs",Curd & Probiotic Drink,"https://cdn.zeptonow.com/production/tr:w-90,ar-2940-2940,pr-true,f-auto,q-80/cms/sub_category/c01a48b0-d9d2-475d-9c59-ec6724c21c87.jpeg",Heritage Total Curd Tub,Heritage,106,110,1 kg,4.6 (50.5k),In Stock,https://www.zeptonow.com/pn/heritage-total-curd-tub/pvid/23a90a6f-2dab-4bd1-a911-bfd3ab97648c,"https://cdn.zeptonow.com/production/tr:w-1280,ar-1000-1000,pr-true,f-auto,q-80/cms/product_variant/73da078b-f98d-4dd5-b1cb-6558debb6a04.jpeg"
"Dairy, Bread & Eggs",Curd & Probiotic Drink,"https://cdn.zeptonow.com/production/tr:w-90,ar-2940-2940,pr-true,f-auto,q-80/cms/sub_category/c01a48b0-d9d2-475d-9c59-ec6724c21c87.jpeg",Amul Masti Set Curd Tub,Amul,105,125,1 kg,4.6 (52.1k),In Stock,https://www.zeptonow.com/pn/amul-masti-set-curd-tub/pvid/cf8c88da-d6d3-40af-893c-db15c351513b,"https://cdn.zeptonow.com/production/tr:w-1280,ar-1000-1000,pr-true,f-auto,q-80/cms/product_variant/ca568776-411d-4f0a-acf7-f0b040f9550d.jpg"
"Dairy, Bread & Eggs",Curd & Probiotic Drink,"https://cdn.zeptonow.com/production/tr:w-90,ar-2940-2940,pr-true,f-auto,q-80/cms/sub_category/c01a48b0-d9d2-475d-9c59-ec6724c21c87.jpeg",Yakult Probiotic Fermented Milk Drink,Yakult,90,90,325 ml,4.8 (14.6k),In Stock,https://www.zeptonow.com/pn/yakult-probiotic-fermented-milk-drink/pvid/e44249e2-37fc-438e-a905-4e0cdcb2077e,"https://cdn.zeptonow.com/production/tr:w-1280,ar-1050-1050,pr-true,f-auto,q-80/cms/product_variant/fed6f256-aefe-402a-8309-53ee4affac65.jpeg"
"Dairy, Bread & Eggs",Curd & Probiotic Drink,"https://cdn.zeptonow.com/production/tr:w-90,ar-2940-2940,pr-true,f-auto,q-80/cms/sub_category/c01a48b0-d9d2-475d-9c59-ec6724c21c87.jpeg",Epigamia Lactose Free Curd,Epigamia,100,100,400 g,4.8 (1.6k),In Stock,https://www.zeptonow.com/pn/epigamia-lactose-free-curd/pvid/e46b6766-4d38-437c-b58d-0edfdf9ee5db,"https://cdn.zeptonow.com/production/tr:w-1280,ar-1500-1500,pr-true,f-auto,q-80/cms/product_variant/2add7744-ebcc-4d18-bf24-30d4bde40e63.jpeg"
"Dairy, Bread & Eggs",Curd & Probiotic Drink,"https://cdn.zeptonow.com/production/tr:w-90,ar-2940-2940,pr-true,f-auto,q-80/cms/sub_category/c01a48b0-d9d2-475d-9c59-ec6724c21c87.jpeg",Freshey's Curd Pouch,Freshey's,34,39,450 g,4.7 (3.3k),In Stock,https://www.zeptonow.com/pn/fresheys-curd-pouch/pvid/155c1959-b858-4a04-80bc-2d0b90084162,"https://cdn.zeptonow.com/production/tr:w-1280,ar-900-900,pr-true,f-auto,q-80/cms/product_variant/1cc6034b-7a61-40da-a683-cec7ae9511ba.jpg"
"Dairy, Bread & Eggs",Curd & Probiotic Drink,"https://cdn.zeptonow.com/production/tr:w-90,ar-2940-2940,pr-true,f-auto,q-80/cms/sub_category/c01a48b0-d9d2-475d-9c59-ec6724c21c87.jpeg",Yakult Light Probiotic Fermented Milk Drink,Yakult,100,100,325 ml,4.6 (4.5k),In Stock,https://www.zeptonow.com/pn/yakult-light-probiotic-fermented-milk-drink/pvid/5e222276-00a2-4166-b97e-0a08b067158c,"https://cdn.zeptonow.com/production/tr:w-1280,ar-1050-1050,pr-true,f-auto,q-80/cms/product_variant/0eeb675d-7b49-4242-92b5-028bc687ab4a.jpeg"
"Dairy, Bread & Eggs",Curd & Probiotic Drink,"https://cdn.zeptonow.com/production/tr:w-90,ar-2940-2940,pr-true,f-auto,q-80/cms/sub_category/c01a48b0-d9d2-475d-9c59-ec6724c21c87.jpeg",Cavin's Curd Pouch,Cavin's,34,34,400 g,4.8 (4.0k),In Stock,https://www.zeptonow.com/pn/cavins-curd-pouch/pvid/a7d31f87-9edd-475f-b1b7-aeeac8402db0,"https://cdn.zeptonow.com/production/tr:w-1280,ar-1500-1500,pr-true,f-auto,q-80/cms/product_variant/904692cc-aa24-401f-80cc-6c6d34099c87.jpeg"
"Dairy, Bread & Eggs",Curd & Probiotic Drink,"https://cdn.zeptonow.com/production/tr:w-90,ar-2940-2940,pr-true,f-auto,q-80/cms/sub_category/c01a48b0-d9d2-475d-9c59-ec6724c21c87.jpeg",Yakult Mango,Yakult,100,100,325 ml,4.8 (1.7k),In Stock,https://www.zeptonow.com/pn/yakult-mango/pvid/1e6cbcf4-5670-4699-9803-b5329db99b87,"https://cdn.zeptonow.com/production/tr:w-1280,ar-710-400,pr-true,f-auto,q-80/cms/product_variant/e5de05a0-d811-43af-932c-034636d55e08.jpg"
"Dairy, Bread & Eggs",Curd & Probiotic Drink,"https://cdn.zeptonow.com/production/tr:w-90,ar-2940-2940,pr-true,f-auto,q-80/cms/sub_category/c01a48b0-d9d2-475d-9c59-ec6724c21c87.jpeg",Amul Masti Curd Pouch,Amul,34,34,450 g,4.7 (15.6k),In Stock,https://www.zeptonow.com/pn/amul-masti-curd-pouch/pvid/3f3d772a-04a4-4236-8dd5-e848d99c459a,"https://cdn.zeptonow.com/production/tr:w-1280,ar-3000-3000,pr-true,f-auto,q-80/cms/product_variant/a0c4ad5c-a307-4c1e-8fcc-5ec9259c3bda.jpeg"
"Dairy, Bread & Eggs",Curd & Probiotic Drink,"https://cdn.zeptonow.com/production/tr:w-90,ar-2940-2940,pr-true,f-auto,q-80/cms/sub_category/c01a48b0-d9d2-475d-9c59-ec6724c21c87.jpeg",Amul Masti Dahi Pouch,Amul,72,72,1 kg,4.7 (213.3k),In Stock,https://www.zeptonow.com/pn/amul-masti-dahi-pouch/pvid/cf83fdee-ebcf-4f49-915c-3c552a088670,"https://cdn.zeptonow.com/production/tr:w-1280,ar-1200-1200,pr-true,f-auto,q-80/cms/product_variant/75db7c09-d598-4300-aa1a-b35016cf88c5.jpeg"
"Dairy, Bread & Eggs",Curd & Probiotic Drink,"https://cdn.zeptonow.com/production/tr:w-90,ar-2940-2940,pr-true,f-auto,q-80/cms/sub_category/c01a48b0-d9d2-475d-9c59-ec6724c21c87.jpeg",Amul High Protein Cup Dahi,Amul,70,70,400 g,4.4 (3.8k),In Stock,https://www.zeptonow.com/pn/amul-high-protein-cup-dahi/pvid/e90e8c07-553f-4169-9c44-cb468b6b2741,"https://cdn.zeptonow.com/production/tr:w-1280,ar-3000-3000,pr-true,f-auto,q-80/cms/product_variant/206cec1f-1f51-47a5-8b08-f2344388f0e9.jpg"
"Dairy, Bread & Eggs",Curd & Probiotic Drink,"https://cdn.zeptonow.com/production/tr:w-90,ar-2940-2940,pr-true,f-auto,q-80/cms/sub_category/c01a48b0-d9d2-475d-9c59-ec6724c21c87.jpeg",Hatsun Cup Curd(1pc) & Tomato Country / Naattu Thakkal(1pc) Combo,Hatsun,79,84,2 combo,4.7 (386),In Stock,https://www.zeptonow.com/pn/hatsun-cup-curd1pc-tomato-country-naattu-thakkal1pc-combo/pvid/e5788441-6dda-41c3-9a60-8e90a4ccf620,"https://cdn.zeptonow.com/production/tr:w-1280,ar-1494-1494,pr-true,f-auto,q-80/cms/product_variant/67964191-c9f6-4872-9abf-e6370f79676d.jpg"
"Dairy, Bread & Eggs",Curd & Probiotic Drink,"https://cdn.zeptonow.com/production/tr:w-90,ar-2940-2940,pr-true,f-auto,q-80/cms/sub_category/c01a48b0-d9d2-475d-9c59-ec6724c21c87.jpeg",Amul Masti Curd Pouch 450 g Combo,Amul,64,68,450 g X 2,4.5 (828),In Stock,https://www.zeptonow.com/pn/amul-masti-curd-pouch-450-g-combo/pvid/f42fe4bc-b6db-45e9-a263-9b7cec801e7b,"https://cdn.zeptonow.com/production/tr:w-1280,ar-1500-1500,pr-true,f-auto,q-80/cms/product_variant/90caa49d-6c23-48d6-9585-f433fe79bcfa.jpg"
"Dairy, Bread & Eggs",Curd & Probiotic Drink,"https://cdn.zeptonow.com/production/tr:w-90,ar-2940-2940,pr-true,f-auto,q-80/cms/sub_category/c01a48b0-d9d2-475d-9c59-ec6724c21c87.jpeg",Hatsun Curd Pouch 500 g Combo,Hatsun,108,120,500 g X 3,4.6 (516),In Stock,https://www.zeptonow.com/pn/hatsun-curd-pouch-500-g-combo/pvid/1a7cc8c5-0cc2-44f7-be98-5acd5ebe2ff6,"https://cdn.zeptonow.com/production/tr:w-1280,ar-1500-1500,pr-true,f-auto,q-80/cms/product_variant/bf97aef3-18f0-4412-9849-a977f8e68b29.jpg"
"Dairy, Bread & Eggs",Curd & Probiotic Drink,"https://cdn.zeptonow.com/production/tr:w-90,ar-2940-2940,pr-true,f-auto,q-80/cms/sub_category/c01a48b0-d9d2-475d-9c59-ec6724c21c87.jpeg",Hatsun Curd Pouch 500 g Combo,Hatsun,76,80,500 g X 2,4.4 (264),In Stock,https://www.zeptonow.com/pn/hatsun-curd-pouch-500-g-combo/pvid/2e3f1aea-7a55-42f8-957f-426ba5a4539d,"https://cdn.zeptonow.com/production/tr:w-1280,ar-1500-1500,pr-true,f-auto,q-80/inventory/product/caefe874-d37a-43b4-a6e4-704610692771-1.jpg"
"Dairy, Bread & Eggs",Curd & Probiotic Drink,"https://cdn.zeptonow.com/production/tr:w-90,ar-2940-2940,pr-true,f-auto,q-80/cms/sub_category/c01a48b0-d9d2-475d-9c59-ec6724c21c87.jpeg",Amul Masti Curd Pouch 450 g Combo,Amul,90,102,450 g X 3,4.2 (847),In Stock,https://www.zeptonow.com/pn/amul-masti-curd-pouch-450-g-combo/pvid/a9dbb343-b3c8-4799-8044-09ba621cb622,"https://cdn.zeptonow.com/production/tr:w-1280,ar-1500-1500,pr-true,f-auto,q-80/cms/product_variant/093604b8-2482-4ab4-8f97-deb024f1466a.jpg"
"Dairy, Bread & Eggs",Curd & Probiotic Drink,"https://cdn.zeptonow.com/production/tr:w-90,ar-2940-2940,pr-true,f-auto,q-80/cms/sub_category/c01a48b0-d9d2-475d-9c59-ec6724c21c87.jpeg",Milky Mist Set Curd Tub 1 l Combo,Milky Mist,224,240,1 l X 2,4.3 (191),In Stock,https://www.zeptonow.com/pn/milky-mist-set-curd-tub-1-l-combo/pvid/f432d14e-813c-4486-bb8b-64262d4149c5,"https://cdn.zeptonow.com/production/tr:w-1280,ar-1500-1500,pr-true,f-auto,q-80/cms/product_variant/94c619cd-b903-45b8-b12d-b4e31a7b1e0f.jpg"
"Dairy, Bread & Eggs",Curd & Probiotic Drink,"https://cdn.zeptonow.com/production/tr:w-90,ar-2940-2940,pr-true,f-auto,q-80/cms/sub_category/c01a48b0-d9d2-475d-9c59-ec6724c21c87.jpeg",Hatsun Curd Pouch(1pc) & Tomato Country / Naattu Thakkali(1pc) Combo,Hatsun,69,74,2 combo,4.3 (777),In Stock,https://www.zeptonow.com/pn/hatsun-curd-pouch1pc-tomato-country-naattu-thakkali1pc-combo/pvid/a16f2307-2cdf-46f4-a861-e875495bdc13,"https://cdn.zeptonow.com/production/tr:w-1280,ar-1494-1494,pr-true,f-auto,q-80/cms/product_variant/26719a35-abae-45f9-b8b7-0c7649acd4b8.jpg"
"Dairy, Bread & Eggs",Curd & Probiotic Drink,"https://cdn.zeptonow.com/production/tr:w-90,ar-2940-2940,pr-true,f-auto,q-80/cms/sub_category/c01a48b0-d9d2-475d-9c59-ec6724c21c87.jpeg",Hatsun Curd Pouch(1pc) & Onion (Vengayam)(1pc) Combo,Hatsun,78,92,2 combo,4.4 (200),In Stock,https://www.zeptonow.com/pn/hatsun-curd-pouch1pc-onion-vengayam1pc-combo/pvid/5153951f-1883-4d2c-ad25-a00dd878394d,"https://cdn.zeptonow.com/production/tr:w-1280,ar-1494-1494,pr-true,f-auto,q-80/cms/product_variant/5b148d86-c332-4d21-8c7d-30beb0525ffa.jpg"
"Dairy, Bread & Eggs",Curd & Probiotic Drink,"https://cdn.zeptonow.com/production/tr:w-90,ar-2940-2940,pr-true,f-auto,q-80/cms/sub_category/c01a48b0-d9d2-475d-9c59-ec6724c21c87.jpeg",Epigamia Lactose Free Curd 400 g Combo,Epigamia,273,300,400 g X 3,4.4 (450),In Stock,https://www.zeptonow.com/pn/epigamia-lactose-free-curd-400-g-combo/pvid/6ac610ad-26a5-4122-9f9c-20f47549768f,"https://cdn.zeptonow.com/production/tr:w-1280,ar-1500-1500,pr-true,f-auto,q-80/cms/product_variant/e8b9612c-26ec-4a07-8920-b717effbd2d2.jpg"
"Dairy, Bread & Eggs",Curd & Probiotic Drink,"https://cdn.zeptonow.com/production/tr:w-90,ar-2940-2940,pr-true,f-auto,q-80/cms/sub_category/c01a48b0-d9d2-475d-9c59-ec6724c21c87.jpeg",Hatsun Cup Curd(1pc) & Banana Robusta(1pc) Combo,Hatsun,82,90,2 combo,4.2 (872),In Stock,https://www.zeptonow.com/pn/hatsun-cup-curd1pc-banana-robusta1pc-combo/pvid/717c0554-6f8a-4758-aa91-a3d6f857fe3c,"https://cdn.zeptonow.com/production/tr:w-1280,ar-1494-1494,pr-true,f-auto,q-80/cms/product_variant/41d97c9b-a393-4408-ae85-42d730bea424.jpg"
"Dairy, Bread & Eggs",Curd & Probiotic Drink,"https://cdn.zeptonow.com/production/tr:w-90,ar-2940-2940,pr-true,f-auto,q-80/cms/sub_category/c01a48b0-d9d2-475d-9c59-ec6724c21c87.jpeg",Hatsun Cup Curd(1pc) & Ginger (Inji)(1pc) Combo,Hatsun,75,76,2 combo,4.3 (240),In Stock,https://www.zeptonow.com/pn/hatsun-cup-curd1pc-ginger-inji1pc-combo/pvid/ba1327ae-78bb-436c-b35e-31d145221b47,"https://cdn.zeptonow.com/production/tr:w-1280,ar-1494-1494,pr-true,f-auto,q-80/cms/product_variant/ec896862-9fcd-4a47-b307-8a262217a525.jpg"
"Dairy, Bread & Eggs",Curd & Probiotic Drink,"https://cdn.zeptonow.com/production/tr:w-90,ar-2940-2940,pr-true,f-auto,q-80/cms/sub_category/c01a48b0-d9d2-475d-9c59-ec6724c21c87.jpeg",Akshayakalpa Artisanal Organic Set Curd,Akshayakalpa,151,155,1 kg,4.6 (6.1k),Sold Out,https://www.zeptonow.com/pn/akshayakalpa-artisanal-organic-set-curd/pvid/0e7d1f54-816e-4461-9f79-a651a41fec02,"https://cdn.zeptonow.com/production/tr:w-1280,ar-2400-2400,pr-true,f-auto,q-80/cms/product_variant/e4386ebe-072a-497d-9871-f0e40b2a61d9.jpeg"
"Dairy, Bread & Eggs",Curd & Probiotic Drink,"https://cdn.zeptonow.com/production/tr:w-90,ar-2940-2940,pr-true,f-auto,q-80/cms/sub_category/c01a48b0-d9d2-475d-9c59-ec6724c21c87.jpeg",Akshayakalpa Organic Probiotic Curd Pouch,Akshayakalpa,54,55,500 g,4.8 (5.4k),Sold Out,https://www.zeptonow.com/pn/akshayakalpa-organic-probiotic-curd-pouch/pvid/d13a1bd1-aeaa-4388-9f32-2be8b1815ae7,"https://cdn.zeptonow.com/production/tr:w-1280,ar-2400-2400,pr-true,f-auto,q-80/cms/product_variant/55e66a7c-3264-4161-94bc-6c0405c9a1d0.jpeg"
"Dairy, Bread & Eggs",Curd & Probiotic Drink,"https://cdn.zeptonow.com/production/tr:w-90,ar-2940-2940,pr-true,f-auto,q-80/cms/sub_category/c01a48b0-d9d2-475d-9c59-ec6724c21c87.jpeg",Akshayakalpa Amrutha A2 Organic Curd Pouch,Akshayakalpa,70,70,500 g,4.6 (1.8k),Sold Out,https://www.zeptonow.com/pn/akshayakalpa-amrutha-a2-organic-curd-pouch/pvid/22c5e201-2f80-43b6-9476-5822b97d4958,"https://cdn.zeptonow.com/production/tr:w-1280,ar-1000-1000,pr-true,f-auto,q-80/cms/product_variant/8002929c-9804-4469-8764-26a4d1fbac4e.jpeg"
"Dairy, Bread & Eggs",Curd & Probiotic Drink,"https://cdn.zeptonow.com/production/tr:w-90,ar-2940-2940,pr-true,f-auto,q-80/cms/sub_category/c01a48b0-d9d2-475d-9c59-ec6724c21c87.jpeg",Akshayakalpa Artisanal Organic Set Curd,Akshayakalpa,78,80,400 g,4.6 (5.1k),Sold Out,https://www.zeptonow.com/pn/akshayakalpa-artisanal-organic-set-curd/pvid/a1f91e85-5ccc-4d8e-921a-b81ca9f8d896,"https://cdn.zeptonow.com/production/tr:w-1280,ar-2400-2400,pr-true,f-auto,q-80/cms/product_variant/7de58eeb-36e0-4615-ae94-af7aabdbacb5.jpeg"
"Dairy, Bread & Eggs",Curd & Probiotic Drink,"https://cdn.zeptonow.com/production/tr:w-90,ar-2940-2940,pr-true,f-auto,q-80/cms/sub_category/c01a48b0-d9d2-475d-9c59-ec6724c21c87.jpeg",Milky Mist Plain Curd Cup,Milky Mist,65,65,400 g,4.6 (11.3k),Sold Out,https://www.zeptonow.com/pn/milky-mist-plain-curd-cup/pvid/1363a5ff-b43b-439b-a814-a0982e8559de,"https://cdn.zeptonow.com/production/tr:w-1280,ar-1600-1600,pr-true,f-auto,q-80/cms/product_variant/1e403e3a-edaf-4e6e-a791-fd7c6f27b3a9.jpeg"
"Dairy, Bread & Eggs",Curd & Probiotic Drink,"https://cdn.zeptonow.com/production/tr:w-90,ar-2940-2940,pr-true,f-auto,q-80/cms/sub_category/c01a48b0-d9d2-475d-9c59-ec6724c21c87.jpeg",Milky Mist Plain Curd Cup,Milky Mist,33,33,200 g,4.6 (11.7k),Sold Out,https://www.zeptonow.com/pn/milky-mist-plain-curd-cup/pvid/72f7f613-1f5a-4344-b657-4b5eee10868b,"https://cdn.zeptonow.com/production/tr:w-1280,ar-1600-1600,pr-true,f-auto,q-80/cms/product_variant/dc76c736-a84a-472c-8c64-1c96071b8d51.jpeg"
"Dairy, Bread & Eggs",Curd & Probiotic Drink,"https://cdn.zeptonow.com/production/tr:w-90,ar-2940-2940,pr-true,f-auto,q-80/cms/sub_category/c01a48b0-d9d2-475d-9c59-ec6724c21c87.jpeg",Akshayakalpa Organic Curd Pouch,Akshayakalpa,23,23,200 g,4.8 (4.3k),Sold Out,https://www.zeptonow.com/pn/akshayakalpa-organic-curd-pouch/pvid/75a475ab-2a64-4004-9c60-692cc836ffda,"https://cdn.zeptonow.com/production/tr:w-1280,ar-3543-3543,pr-true,f-auto,q-80/cms/product_variant/45248c1b-47f3-44bd-97af-68127e6899c6.jpeg"
"Dairy, Bread & Eggs",Curd & Probiotic Drink,"https://cdn.zeptonow.com/production/tr:w-90,ar-2940-2940,pr-true,f-auto,q-80/cms/sub_category/c01a48b0-d9d2-475d-9c59-ec6724c21c87.jpeg",Heritage Creamilicious Curd Tub,Heritage,119,130,1 kg,4.5 (6.7k),Sold Out,https://www.zeptonow.com/pn/heritage-creamilicious-curd-tub/pvid/6bf52672-9a74-4f97-b3c2-9250f7cce0d8,"https://cdn.zeptonow.com/production/tr:w-1280,ar-1200-1200,pr-true,f-auto,q-80/cms/product_variant/8bf3af59-156c-419d-b295-e840d55db2e5.jpeg"
"Dairy, Bread & Eggs",Curd & Probiotic Drink,"https://cdn.zeptonow.com/production/tr:w-90,ar-2940-2940,pr-true,f-auto,q-80/cms/sub_category/c01a48b0-d9d2-475d-9c59-ec6724c21c87.jpeg",Amul Curd,Amul,50,50,1 kg,4.8 (14.0k),Sold Out,https://www.zeptonow.com/pn/amul-curd/pvid/cb1308a4-ab3d-4425-b27d-cd08048bc339,"https://cdn.zeptonow.com/production/tr:w-1280,ar-1006-988,pr-true,f-auto,q-80/cms/product_variant/41b3009c-c107-498c-be36-6157ab0b059d.jpg"
"Dairy, Bread & Eggs",Curd & Probiotic Drink,"https://cdn.zeptonow.com/production/tr:w-90,ar-2940-2940,pr-true,f-auto,q-80/cms/sub_category/c01a48b0-d9d2-475d-9c59-ec6724c21c87.jpeg",Heritage Total Curd Tub,Heritage,45,50,400 g,4.6 (40.2k),Sold Out,https://www.zeptonow.com/pn/heritage-total-curd-tub/pvid/d3e8e9e0-7e0f-4fcd-8725-a6b64409b5ad,"https://cdn.zeptonow.com/production/tr:w-1280,ar-1474-1500,pr-true,f-auto,q-80/cms/product_variant/ca92764a-3339-45d8-9545-3cc9ef39d0b6.jpeg"
"Dairy, Bread & Eggs",Curd & Probiotic Drink,"https://cdn.zeptonow.com/production/tr:w-90,ar-2940-2940,pr-true,f-auto,q-80/cms/sub_category/c01a48b0-d9d2-475d-9c59-ec6724c21c87.jpeg",Epigamia Mishti Doi,Epigamia,35,35,80 g,4.4 (6.8k),Sold Out,https://www.zeptonow.com/pn/epigamia-mishti-doi/pvid/1dec600c-a330-40ca-89c5-3bbf3a4fba81,"https://cdn.zeptonow.com/production/tr:w-1280,ar-1500-1500,pr-true,f-auto,q-80/cms/product_variant/c4c712e0-474c-4444-89bd-b59624bc8280.jpeg"
"Dairy, Bread & Eggs",Curd & Probiotic Drink,"https://cdn.zeptonow.com/production/tr:w-90,ar-2940-2940,pr-true,f-auto,q-80/cms/sub_category/c01a48b0-d9d2-475d-9c59-ec6724c21c87.jpeg",iD Fresh Curd Pouch,iD,50,50,400 g,4.2 (9.1k),Sold Out,https://www.zeptonow.com/pn/id-fresh-curd-pouch/pvid/94d95b67-8c7a-4934-b027-d485118b0003,"https://cdn.zeptonow.com/production/tr:w-1280,ar-1200-1200,pr-true,f-auto,q-80/cms/product_variant/eb75fb85-9f6c-406c-b1fc-371ffae796b0.jpeg"
"Dairy, Bread & Eggs",Eggs,"https://cdn.zeptonow.com/production/tr:w-90,ar-160-161,pr-true,f-auto,q-80/cms/sub_category/c692596c-bde8-45e4-8a9a-559c54ffdb03.png",Eggoz Protein Rich Farm Fresh White Eggs,Eggoz,319,419,1 pack (30 pcs),4.3 (29.3k),In Stock,https://www.zeptonow.com/pn/eggoz-protein-rich-farm-fresh-white-eggs/pvid/919c9cd8-8961-41cb-841f-b0bbcdcf6b62,"https://cdn.zeptonow.com/production/tr:w-1280,ar-2500-2500,pr-true,f-auto,q-80/cms/product_variant/044a0893-3136-416a-978b-36da192b4443.jpeg"
"Dairy, Bread & Eggs",Eggs,"https://cdn.zeptonow.com/production/tr:w-90,ar-160-161,pr-true,f-auto,q-80/cms/sub_category/c692596c-bde8-45e4-8a9a-559c54ffdb03.png",Farm Made Free Range Brown Eggs - Protein Rich | Veg Feed | Non-Fertile,Farm,536,569,1 pack (24 pcs),4.5 (734),In Stock,https://www.zeptonow.com/pn/farm-made-free-range-brown-eggs-protein-rich-veg-feed-non-fertile/pvid/270c3832-e239-4466-bfec-e0dbfed3081e,"https://cdn.zeptonow.com/production/tr:w-1280,ar-1000-1000,pr-true,f-auto,q-80/cms/product_variant/17784bc9-abb0-4b96-b091-2661318410d6.jpeg"
"Dairy, Bread & Eggs",Eggs,"https://cdn.zeptonow.com/production/tr:w-90,ar-160-161,pr-true,f-auto,q-80/cms/sub_category/c692596c-bde8-45e4-8a9a-559c54ffdb03.png",Eggoz Protein Rich Farm Fresh White Eggs,Eggoz,117,155,1 pack (10 pcs),4.3 (35.3k),In Stock,https://www.zeptonow.com/pn/eggoz-protein-rich-farm-fresh-white-eggs/pvid/3e5b5972-959f-4862-b1f9-b478d4c710a4,"https://cdn.zeptonow.com/production/tr:w-1280,ar-2500-2500,pr-true,f-auto,q-80/cms/product_variant/822dafe6-d7cb-4935-8143-3a873f270931.jpeg"
"Dairy, Bread & Eggs",Eggs,"https://cdn.zeptonow.com/production/tr:w-90,ar-160-161,pr-true,f-auto,q-80/cms/sub_category/c692596c-bde8-45e4-8a9a-559c54ffdb03.png","UPF Healthy Brown - Large Eggs, 6 Pieces | Protein Rich | Veg Feed | Infertile",UPF,93,99,1 pack (6 pcs),4.4 (21.7k),In Stock,https://www.zeptonow.com/pn/upf-healthy-brown-large-eggs-6-pieces-protein-rich-veg-feed-infertile/pvid/01639c72-4f92-4142-ab87-362b42dfe23d,"https://cdn.zeptonow.com/production/tr:w-1280,ar-2400-2400,pr-true,f-auto,q-80/cms/product_variant/6cd7d515-8e32-42f9-b446-c504226535bb.jpeg"
"Dairy, Bread & Eggs",Eggs,"https://cdn.zeptonow.com/production/tr:w-90,ar-160-161,pr-true,f-auto,q-80/cms/sub_category/c692596c-bde8-45e4-8a9a-559c54ffdb03.png","The Ethical Eggs Co. Free Range Eggs, 12 Pieces - Free to roam outdoors, Veg Feed, Non-fertile",The,304,310,1 pack (12 pcs),5 (450),In Stock,https://www.zeptonow.com/pn/the-ethical-eggs-co-free-range-eggs-12-pieces-free-to-roam-outdoors-veg-feed-non-fertile/pvid/52e0c185-0a31-41b5-a283-87defea7816d,"https://cdn.zeptonow.com/production/tr:w-1280,ar-1000-1000,pr-true,f-auto,q-80/cms/product_variant/84f1f37d-e99b-431b-a089-083410cf76a7.jpeg"
"Dairy, Bread & Eggs",Eggs,"https://cdn.zeptonow.com/production/tr:w-90,ar-160-161,pr-true,f-auto,q-80/cms/sub_category/c692596c-bde8-45e4-8a9a-559c54ffdb03.png",Suguna Delfrez White Eggs,Suguna,319,370,1 pack (30 pcs),4.3 (2.8k),In Stock,https://www.zeptonow.com/pn/suguna-delfrez-white-eggs/pvid/0f076401-3a9d-45eb-93ac-f71b0e9171d7,"https://cdn.zeptonow.com/production/tr:w-1280,ar-1200-1200,pr-true,f-auto,q-80/cms/product_variant/2be8d852-e1e0-4111-a06c-df07e3d55b0a.jpeg"
"Dairy, Bread & Eggs",Eggs,"https://cdn.zeptonow.com/production/tr:w-90,ar-160-161,pr-true,f-auto,q-80/cms/sub_category/c692596c-bde8-45e4-8a9a-559c54ffdb03.png","Farm Made Free Range Brown Eggs, 6 Pieces - Protein Rich, Veg Feed, Non-Fertile",Farm,133,149,1 pack (6 pcs),4.5 (7.7k),In Stock,https://www.zeptonow.com/pn/farm-made-free-range-brown-eggs-6-pieces-protein-rich-veg-feed-non-fertile/pvid/d259d494-f6da-43a0-810d-1ea10d6f26ac,"https://cdn.zeptonow.com/production/tr:w-1280,ar-1000-1000,pr-true,f-auto,q-80/cms/product_variant/561f7449-6d79-406d-8107-2c45cb4a6dfc.jpeg"
"Dairy, Bread & Eggs",Eggs,"https://cdn.zeptonow.com/production/tr:w-90,ar-160-161,pr-true,f-auto,q-80/cms/sub_category/c692596c-bde8-45e4-8a9a-559c54ffdb03.png",Abhi Nutri+ White Eggs,Abhi,260,325,1 pack (24 pcs),3.9 (5.1k),In Stock,https://www.zeptonow.com/pn/abhi-nutri-white-eggs/pvid/f04a4aaa-6af1-4f86-9584-85d470c53465,"https://cdn.zeptonow.com/production/tr:w-1280,ar-1200-1200,pr-true,f-auto,q-80/cms/product_variant/6cedd27c-dafd-49f2-810d-1efa7eeeb0a8.jpeg"
"Dairy, Bread & Eggs",Eggs,"https://cdn.zeptonow.com/production/tr:w-90,ar-160-161,pr-true,f-auto,q-80/cms/sub_category/c692596c-bde8-45e4-8a9a-559c54ffdb03.png",Abhi Vit D3 White Eggs With Immunity Boosters | Pack Of 24,Abhi,280,365,1 pack (24 pcs),4.3 (547),In Stock,https://www.zeptonow.com/pn/abhi-vit-d3-white-eggs-with-immunity-boosters-pack-of-24/pvid/e2b2c19f-1eca-4900-9c9e-c997ac193fdb,"https://cdn.zeptonow.com/production/tr:w-1280,ar-2400-2400,pr-true,f-auto,q-80/cms/product_variant/11fbb6c4-af22-42b0-aecc-a96cbe3be027.jpg"
"Dairy, Bread & Eggs",Eggs,"https://cdn.zeptonow.com/production/tr:w-90,ar-160-161,pr-true,f-auto,q-80/cms/sub_category/c692596c-bde8-45e4-8a9a-559c54ffdb03.png",Abhi Eggs Vit D3 White Eggs With Immunity Boosters | Pack Of 10,Abhi,132,155,1 pack (10 pcs),4.5 (322),In Stock,https://www.zeptonow.com/pn/abhi-eggs-vit-d3-white-eggs-with-immunity-boosters-pack-of-10/pvid/66b2ac7e-d2e7-4856-8d12-ee460bb16a28,"https://cdn.zeptonow.com/production/tr:w-1280,ar-3704-3704,pr-true,f-auto,q-80/cms/product_variant/ff13b788-9997-4b19-b28b-55d3f6a39e2e.jpg"
"Dairy, Bread & Eggs",Eggs,"https://cdn.zeptonow.com/production/tr:w-90,ar-160-161,pr-true,f-auto,q-80/cms/sub_category/c692596c-bde8-45e4-8a9a-559c54ffdb03.png",Eggoz Protein Rich Farm Fresh White Eggs,Eggoz,72,94,1 pack (6 pcs),4.3 (29.2k),In Stock,https://www.zeptonow.com/pn/eggoz-protein-rich-farm-fresh-white-eggs/pvid/edfe97bc-aec9-47ba-a6ab-ecd6ecebf9c0,"https://cdn.zeptonow.com/production/tr:w-1280,ar-2500-2500,pr-true,f-auto,q-80/cms/product_variant/1c15def1-10b4-4467-b7d0-bd930ecb45dd.jpeg"
"Dairy, Bread & Eggs",Eggs,"https://cdn.zeptonow.com/production/tr:w-90,ar-160-161,pr-true,f-auto,q-80/cms/sub_category/c692596c-bde8-45e4-8a9a-559c54ffdb03.png","UPF Healthy White - Large Eggs, 6 Pieces | Protein Rich | Veg Feed | Infertile",UPF,84,89,1 pack (6 pcs),4.5 (5.7k),In Stock,https://www.zeptonow.com/pn/upf-healthy-white-large-eggs-6-pieces-protein-rich-veg-feed-infertile/pvid/3815500c-83f0-4ad8-a869-7aa7fe9e4fbe,"https://cdn.zeptonow.com/production/tr:w-1280,ar-1000-1000,pr-true,f-auto,q-80/cms/product_variant/ed6e79b4-63cf-4cff-95ef-13f159930a5a.jpeg"
"Dairy, Bread & Eggs",Eggs,"https://cdn.zeptonow.com/production/tr:w-90,ar-160-161,pr-true,f-auto,q-80/cms/sub_category/c692596c-bde8-45e4-8a9a-559c54ffdb03.png",Abhi Vitamin D3 White Eggs With Immunity Boosters,Abhi,73,94,1 pack (6 pcs),4.5 (20.8k),In Stock,https://www.zeptonow.com/pn/abhi-vitamin-d3-white-eggs-with-immunity-boosters/pvid/c66973d8-66c2-4d14-9b76-20374e38dda3,"https://cdn.zeptonow.com/production/tr:w-1280,ar-1200-1200,pr-true,f-auto,q-80/cms/product_variant/35241f67-e64e-4f15-8c9e-175186993049.jpeg"
"Dairy, Bread & Eggs",Eggs,"https://cdn.zeptonow.com/production/tr:w-90,ar-160-161,pr-true,f-auto,q-80/cms/sub_category/c692596c-bde8-45e4-8a9a-559c54ffdb03.png",Abhi Nutri + White Eggs With Immunity Boosters,Abhi,77,84,1 pack (6 pcs),4.5 (5.7k),In Stock,https://www.zeptonow.com/pn/abhi-nutri-white-eggs-with-immunity-boosters/pvid/4a0bf364-9eca-41f9-8037-778507bc45ae,"https://cdn.zeptonow.com/production/tr:w-1280,ar-1000-1000,pr-true,f-auto,q-80/cms/product_variant/2879f174-c5ae-43a5-8f3a-64c40ed821a8.jpeg"
"Dairy, Bread & Eggs",Eggs,"https://cdn.zeptonow.com/production/tr:w-90,ar-160-161,pr-true,f-auto,q-80/cms/sub_category/c692596c-bde8-45e4-8a9a-559c54ffdb03.png",Suguna Delfrez Nourish White Eggs,Suguna,75,88,1 pack (6 pcs),4.6 (4.9k),In Stock,https://www.zeptonow.com/pn/suguna-delfrez-nourish-white-eggs/pvid/7e26603f-1343-427d-a539-244a7919894b,"https://cdn.zeptonow.com/production/tr:w-1280,ar-1000-1000,pr-true,f-auto,q-80/cms/product_variant/5b2d556e-360a-47c3-a815-8795876d7cfe.jpeg"
"Dairy, Bread & Eggs",Eggs,"https://cdn.zeptonow.com/production/tr:w-90,ar-160-161,pr-true,f-auto,q-80/cms/sub_category/c692596c-bde8-45e4-8a9a-559c54ffdb03.png",Vijay White Eggs,Vijay,241,345,1 pack (30 pcs),4.5 (9.0k),In Stock,https://www.zeptonow.com/pn/vijay-white-eggs/pvid/1e4048aa-735c-4856-950e-63ea3227a5c4,"https://cdn.zeptonow.com/production/tr:w-1280,ar-2926-2926,pr-true,f-auto,q-80/cms/product_variant/0f0764c7-b6e5-4b56-89fe-52d0e42af79f.jpeg"
"Dairy, Bread & Eggs",Eggs,"https://cdn.zeptonow.com/production/tr:w-90,ar-160-161,pr-true,f-auto,q-80/cms/sub_category/c692596c-bde8-45e4-8a9a-559c54ffdb03.png",Skm Best Plus Eggs,Skm,175,175,1 pack (12 pcs),4.4 (817),In Stock,https://www.zeptonow.com/pn/skm-best-plus-eggs/pvid/403bad3c-6a0e-42f5-b54e-5c1f53c37ec1,"https://cdn.zeptonow.com/production/tr:w-1280,ar-2400-2400,pr-true,f-auto,q-80/cms/product_variant/54e885be-fbeb-4505-a981-4e5938597447.jpeg"
"Dairy, Bread & Eggs",Eggs,"https://cdn.zeptonow.com/production/tr:w-90,ar-160-161,pr-true,f-auto,q-80/cms/sub_category/c692596c-bde8-45e4-8a9a-559c54ffdb03.png",Akshayakalpa Organic Country Eggs,Akshayakalpa,261,290,1 pack (12 pcs),4.7 (945),In Stock,https://www.zeptonow.com/pn/akshayakalpa-organic-country-eggs/pvid/bc6ea8f5-f1a0-4b27-954d-20aa42e59d50,"https://cdn.zeptonow.com/production/tr:w-1280,ar-1200-1200,pr-true,f-auto,q-80/cms/product_variant/4d53ddf4-b662-418d-8e2f-e86734d8972a.jpeg"
"Dairy, Bread & Eggs",Eggs,"https://cdn.zeptonow.com/production/tr:w-90,ar-160-161,pr-true,f-auto,q-80/cms/sub_category/c692596c-bde8-45e4-8a9a-559c54ffdb03.png",K K White Egg,K,95,110,1 pack (12 pcs),4.5 (24.2k),In Stock,https://www.zeptonow.com/pn/k-k-white-egg/pvid/5d1960a2-cfa0-4873-b37f-4937c0bf77d8,"https://cdn.zeptonow.com/production/tr:w-1280,ar-1021-1021,pr-true,f-auto,q-80/cms/product_variant/7e5f3b52-792e-4206-a3ef-5eaed6eb9734.jpeg"
"Dairy, Bread & Eggs",Eggs,"https://cdn.zeptonow.com/production/tr:w-90,ar-160-161,pr-true,f-auto,q-80/cms/sub_category/c692596c-bde8-45e4-8a9a-559c54ffdb03.png",Akshayakalpa Organic Country Brown Eggs,Akshayakalpa,146,150,1 pack (6 pcs),4.6 (1.4k),In Stock,https://www.zeptonow.com/pn/akshayakalpa-organic-country-brown-eggs/pvid/1e39b6ff-9e4b-4190-b02b-e484b928cc8d,"https://cdn.zeptonow.com/production/tr:w-1280,ar-1300-1000,pr-true,f-auto,q-80/cms/product_variant/6cd9324f-66c5-473d-a84d-bae60849a9f1.jpeg"
"Dairy, Bread & Eggs",Eggs,"https://cdn.zeptonow.com/production/tr:w-90,ar-160-161,pr-true,f-auto,q-80/cms/sub_category/c692596c-bde8-45e4-8a9a-559c54ffdb03.png",Skm Best Brown Eggs,Skm,95,95,1 pack (6 pcs),4.5 (1.5k),In Stock,https://www.zeptonow.com/pn/skm-best-brown-eggs/pvid/090c6f91-b745-4fc7-b019-d15e8f28f0c7,"https://cdn.zeptonow.com/production/tr:w-1280,ar-1080-1080,pr-true,f-auto,q-80/cms/product_variant/7022eb63-26fe-4cfa-b779-87271d88124d.jpeg"
"Dairy, Bread & Eggs",Eggs,"https://cdn.zeptonow.com/production/tr:w-90,ar-160-161,pr-true,f-auto,q-80/cms/sub_category/c692596c-bde8-45e4-8a9a-559c54ffdb03.png",Skm Best Plus Eggs,Skm,89,89,1 pack (6 pcs),4.7 (1.1k),In Stock,https://www.zeptonow.com/pn/skm-best-plus-eggs/pvid/6c5328c7-900e-4187-bae2-c43561cb7e95,"https://cdn.zeptonow.com/production/tr:w-1280,ar-2400-2400,pr-true,f-auto,q-80/cms/product_variant/37b67abc-e0a3-4b89-8a36-c341ec075c6c.jpeg"
"Dairy, Bread & Eggs",Eggs,"https://cdn.zeptonow.com/production/tr:w-90,ar-160-161,pr-true,f-auto,q-80/cms/sub_category/c692596c-bde8-45e4-8a9a-559c54ffdb03.png",K K White Egg,K,48,50,1 pack (6 pcs),4.6 (33.4k),In Stock,https://www.zeptonow.com/pn/k-k-white-egg/pvid/c523e2b2-e016-4944-9d96-ca76a13f3094,"https://cdn.zeptonow.com/production/tr:w-1280,ar-2400-2400,pr-true,f-auto,q-80/cms/product_variant/5bb5da15-b15e-42bc-bc36-83f4d8dc5962.jpeg"
"Dairy, Bread & Eggs",Eggs,"https://cdn.zeptonow.com/production/tr:w-90,ar-160-161,pr-true,f-auto,q-80/cms/sub_category/c692596c-bde8-45e4-8a9a-559c54ffdb03.png",Vijay White Eggs,Vijay,50,75,1 pack (6 pcs),4.5 (10.6k),In Stock,https://www.zeptonow.com/pn/vijay-white-eggs/pvid/6a3a08f7-e8a1-41ec-8e3b-c825e2be04e5,"https://cdn.zeptonow.com/production/tr:w-1280,ar-1500-1500,pr-true,f-auto,q-80/cms/product_variant/b3cb1516-8409-4074-b30d-a8162c1d976b.jpeg"
"Dairy, Bread & Eggs",Eggs,"https://cdn.zeptonow.com/production/tr:w-90,ar-160-161,pr-true,f-auto,q-80/cms/sub_category/c692596c-bde8-45e4-8a9a-559c54ffdb03.png",K K White Egg 6.0 Piece(1pc) & Tomato Country / Naattu Thakkali(1pc) Combo,K,78,84,2 combo,4.2 (765),In Stock,https://www.zeptonow.com/pn/k-k-white-egg-60-piece1pc-tomato-country-naattu-thakkali1pc-combo/pvid/e7b026b2-c139-44be-bee2-c3bdd3af34e6,"https://cdn.zeptonow.com/production/tr:w-1280,ar-1494-1494,pr-true,f-auto,q-80/cms/product_variant/c6bbf6a6-ec59-45ad-9b61-e3191f9c67d6.jpg"
"Dairy, Bread & Eggs",Eggs,"https://cdn.zeptonow.com/production/tr:w-90,ar-160-161,pr-true,f-auto,q-80/cms/sub_category/c692596c-bde8-45e4-8a9a-559c54ffdb03.png",Eggoz Nutrition White Egg(6pc) & Modern Bread 100% Whole Wheat(400gms) Combo,Modern,116,144,2 combo,4.6 (737),In Stock,https://www.zeptonow.com/pn/eggoz-nutrition-white-egg6pc-modern-bread-100-whole-wheat400gms-combo/pvid/ea33b1cc-ace3-4931-860d-898f2b097405,"https://cdn.zeptonow.com/production/tr:w-1280,ar-1500-1500,pr-true,f-auto,q-80/cms/product_variant/4f4ace85-550f-4e75-b4d1-a19e15a723d61773.jpg"
"Dairy, Bread & Eggs",Eggs,"https://cdn.zeptonow.com/production/tr:w-90,ar-160-161,pr-true,f-auto,q-80/cms/sub_category/c692596c-bde8-45e4-8a9a-559c54ffdb03.png",K K White Egg 12.0 Piece(1pc) & Green Chilli (Pachchai Milagai)(1pc) Combo,K,107,122,2 combo,4.2 (728),In Stock,https://www.zeptonow.com/pn/k-k-white-egg-120-piece1pc-green-chilli-pachchai-milagai1pc-combo/pvid/7029e210-3962-4f9c-8a6a-fe0bfe45a0ec,"https://cdn.zeptonow.com/production/tr:w-1280,ar-1494-1494,pr-true,f-auto,q-80/cms/product_variant/e1d2f138-5bcb-417d-8bfa-580cae5a5028.jpg"
"Dairy, Bread & Eggs",Eggs,"https://cdn.zeptonow.com/production/tr:w-90,ar-160-161,pr-true,f-auto,q-80/cms/sub_category/c692596c-bde8-45e4-8a9a-559c54ffdb03.png","UPF Healthy White - Large Eggs, 6 Pieces | Protein Rich | Veg Feed | Infertile 6 pc Combo",UPF,154,178,6 pc X 2,4.7 (229),In Stock,https://www.zeptonow.com/pn/upf-healthy-white-large-eggs-6-pieces-protein-rich-veg-feed-infertile-6-pc-combo/pvid/b944346f-bc21-44e0-9940-a7de36dbc7ab,"https://cdn.zeptonow.com/production/tr:w-1280,ar-1000-1000,pr-true,f-auto,q-80/cms/product_variant/0df235f6-d12b-40ab-b67b-5fd5e42597ec.jpeg"
"Dairy, Bread & Eggs",Eggs,"https://cdn.zeptonow.com/production/tr:w-90,ar-160-161,pr-true,f-auto,q-80/cms/sub_category/c692596c-bde8-45e4-8a9a-559c54ffdb03.png","Farm Made Free Range Brown Eggs, 6 Pieces - Protein Rich, Veg Feed, Non-Fertile 6 pc Combo",Farm,250,298,6 pc X 2,4.7 (850),In Stock,https://www.zeptonow.com/pn/farm-made-free-range-brown-eggs-6-pieces-protein-rich-veg-feed-non-fertile-6-pc-combo/pvid/2fd3d8a7-b874-4860-8cc7-23791bc761e8,"https://cdn.zeptonow.com/production/tr:w-1280,ar-1500-1500,pr-true,f-auto,q-80/inventory/product/f109fca2-229c-4e17-b9e3-10108d00dab5-5921.jpg"
"Dairy, Bread & Eggs",Eggs,"https://cdn.zeptonow.com/production/tr:w-90,ar-160-161,pr-true,f-auto,q-80/cms/sub_category/c692596c-bde8-45e4-8a9a-559c54ffdb03.png",Abhi Vitamin D3 White Eggs With Immunity Boosters (6pc) & Relish Chicken Curry Cut Without Skin (500g) Combo,Relish,222,279,2 combo,4.6 (541),In Stock,https://www.zeptonow.com/pn/abhi-vitamin-d3-white-eggs-with-immunity-boosters-6pc-relish-chicken-curry-cut-without-skin-500g-combo/pvid/74adac1d-397c-4fcc-a520-520c5fc01106,"https://cdn.zeptonow.com/production/tr:w-1280,ar-1200-1200,pr-true,f-auto,q-80/cms/product_variant/51ba8457-989f-42fa-8204-6cc289873b56.jpg"
"Dairy, Bread & Eggs",Eggs,"https://cdn.zeptonow.com/production/tr:w-90,ar-160-161,pr-true,f-auto,q-80/cms/sub_category/c692596c-bde8-45e4-8a9a-559c54ffdb03.png","The Good Egg Co. Cage Free Eggs, 6 Pieces - Portein Rich, Veg Feed, Infertile",The,127,129,1 pack (6 pcs),4.5 (4.3k),Sold Out,https://www.zeptonow.com/pn/the-good-egg-co-cage-free-eggs-6-pieces-portein-rich-veg-feed-infertile/pvid/c6896968-1321-4dfc-b5be-b49424eb103b,"https://cdn.zeptonow.com/production/tr:w-1280,ar-1000-1000,pr-true,f-auto,q-80/cms/product_variant/b4c8ee60-b4a0-49c3-bd5b-00162c30df36.jpeg"
"Dairy, Bread & Eggs",Eggs,"https://cdn.zeptonow.com/production/tr:w-90,ar-160-161,pr-true,f-auto,q-80/cms/sub_category/c692596c-bde8-45e4-8a9a-559c54ffdb03.png","The Ethical Eggs Co. Free Range Eggs, 6 Pieces - Free to roam outdoors, Veg Feed, Non-fertile",The,157,160,1 pack (6 pcs),4.9 (446),Sold Out,https://www.zeptonow.com/pn/the-ethical-eggs-co-free-range-eggs-6-pieces-free-to-roam-outdoors-veg-feed-non-fertile/pvid/0d726084-da3f-46ec-bd6f-27bfa117091d,"https://cdn.zeptonow.com/production/tr:w-1280,ar-1000-1000,pr-true,f-auto,q-80/cms/product_variant/8d808e6a-bc4e-4fc0-a24f-545f269c0988.jpeg"
"Dairy, Bread & Eggs",Eggs,"https://cdn.zeptonow.com/production/tr:w-90,ar-160-161,pr-true,f-auto,q-80/cms/sub_category/c692596c-bde8-45e4-8a9a-559c54ffdb03.png",Suguna Fit White Eggs,Suguna,75,80,1 pack (6 pcs),4.5 (830),Sold Out,https://www.zeptonow.com/pn/suguna-fit-white-eggs/pvid/e1f690ad-b8cc-45e9-a1fc-567af4ac8f01,"https://cdn.zeptonow.com/production/tr:w-1280,ar-1021-1021,pr-true,f-auto,q-80/cms/product_variant/361a2548-2d0f-4f57-9aa2-c410e37a942a.jpeg"
"Dairy, Bread & Eggs",Eggs,"https://cdn.zeptonow.com/production/tr:w-90,ar-160-161,pr-true,f-auto,q-80/cms/sub_category/c692596c-bde8-45e4-8a9a-559c54ffdb03.png",K K White Egg,K,225,250,1 pack (30 pcs),4.3 (4.2k),Sold Out,https://www.zeptonow.com/pn/k-k-white-egg/pvid/5b3a5fb7-4c13-4f5b-baad-1fef5a0f0f0d,"https://cdn.zeptonow.com/production/tr:w-1280,ar-1000-1000,pr-true,f-auto,q-80/cms/product_variant/23e40387-9ccb-4e57-89c9-8a5937a829b6.jpeg"
"Dairy, Bread & Eggs",Eggs,"https://cdn.zeptonow.com/production/tr:w-90,ar-160-161,pr-true,f-auto,q-80/cms/sub_category/c692596c-bde8-45e4-8a9a-559c54ffdb03.png",Akshayakalpa Organic Country Eggs,Akshayakalpa,512,570,1 pack (24 pcs),4.3 (67),Sold Out,https://www.zeptonow.com/pn/akshayakalpa-organic-country-eggs/pvid/84e7f693-0be3-4889-bab6-c96958a202f1,"https://cdn.zeptonow.com/production/tr:w-1280,ar-1000-800,pr-true,f-auto,q-80/cms/product_variant/f14ba8cc-bacf-4f01-ba4c-d4416c0f36da.jpg"
"Dairy, Bread & Eggs",Eggs,"https://cdn.zeptonow.com/production/tr:w-90,ar-160-161,pr-true,f-auto,q-80/cms/sub_category/c692596c-bde8-45e4-8a9a-559c54ffdb03.png",Relish White Eggs - Pack of 6,Relish,47,75,1 pack (6 pcs),4.7 (39.3k),Sold Out,https://www.zeptonow.com/pn/relish-white-eggs-pack-of-6/pvid/c97cc9ff-8bd0-48c4-9ca6-9025efb9fecc,"https://cdn.zeptonow.com/production/tr:w-1280,ar-4799-4798,pr-true,f-auto,q-80/cms/product_variant/3e09e3e8-33f5-46c5-9e1d-089b24b1326d.jpeg"
"Dairy, Bread & Eggs",Gourmet Store,"https://cdn.zeptonow.com/production/tr:w-90,ar-500-500,pr-true,f-auto,q-80/cms/sub_category/b97ebb77-6384-42f5-aafd-3503b6abaeca.png",Milky Mist High Protein Paneer,Milky Mist,116,150,200 g,4.5 (8.0k),In Stock,https://www.zeptonow.com/pn/milky-mist-high-protein-paneer/pvid/7c8ea69b-fd38-47ed-b212-75f6c825affd,"https://cdn.zeptonow.com/production/tr:w-1280,ar-1200-1200,pr-true,f-auto,q-80/cms/product_variant/8cd95c47-e10f-42a2-aa78-4e2a767c875d.jpg"
"Dairy, Bread & Eggs",Gourmet Store,"https://cdn.zeptonow.com/production/tr:w-90,ar-500-500,pr-true,f-auto,q-80/cms/sub_category/b97ebb77-6384-42f5-aafd-3503b6abaeca.png",Akshayakalpa Organic Malai Paneer,Akshayakalpa,140,140,200 g,4.7 (5.7k),In Stock,https://www.zeptonow.com/pn/akshayakalpa-organic-malai-paneer/pvid/a5b27839-d7bb-4c42-9687-16ba67ea2d83,"https://cdn.zeptonow.com/production/tr:w-1280,ar-1200-1200,pr-true,f-auto,q-80/cms/product_variant/a9d01b2e-360a-4b63-b9ed-d04d9036245e.jpeg"
"Dairy, Bread & Eggs",Gourmet Store,"https://cdn.zeptonow.com/production/tr:w-90,ar-500-500,pr-true,f-auto,q-80/cms/sub_category/b97ebb77-6384-42f5-aafd-3503b6abaeca.png",Yakult Probiotic Fermented Milk Drink,Yakult,90,90,325 ml,4.8 (14.6k),In Stock,https://www.zeptonow.com/pn/yakult-probiotic-fermented-milk-drink/pvid/e44249e2-37fc-438e-a905-4e0cdcb2077e,"https://cdn.zeptonow.com/production/tr:w-1280,ar-1050-1050,pr-true,f-auto,q-80/cms/product_variant/fed6f256-aefe-402a-8309-53ee4affac65.jpeg"
"Dairy, Bread & Eggs",Gourmet Store,"https://cdn.zeptonow.com/production/tr:w-90,ar-500-500,pr-true,f-auto,q-80/cms/sub_category/b97ebb77-6384-42f5-aafd-3503b6abaeca.png",Akshayakalpa Organic Pasteurized Cow Fresh Milk (Pouch),Akshayakalpa,42,42,500 ml,4.6 (6.5k),In Stock,https://www.zeptonow.com/pn/akshayakalpa-organic-pasteurized-cow-fresh-milk-pouch/pvid/9cd6367f-6ae0-45f4-b529-625ad8b01069,"https://cdn.zeptonow.com/production/tr:w-1280,ar-1000-1000,pr-true,f-auto,q-80/cms/product_variant/a05ee90f-d81b-43a5-8f40-8c16a981730e.jpeg"
"Dairy, Bread & Eggs",Gourmet Store,"https://cdn.zeptonow.com/production/tr:w-90,ar-500-500,pr-true,f-auto,q-80/cms/sub_category/b97ebb77-6384-42f5-aafd-3503b6abaeca.png",Abhi Vitamin D3 White Eggs With Immunity Boosters,Abhi,73,94,1 pack (6 pcs),4.5 (20.8k),In Stock,https://www.zeptonow.com/pn/abhi-vitamin-d3-white-eggs-with-immunity-boosters/pvid/c66973d8-66c2-4d14-9b76-20374e38dda3,"https://cdn.zeptonow.com/production/tr:w-1280,ar-1200-1200,pr-true,f-auto,q-80/cms/product_variant/35241f67-e64e-4f15-8c9e-175186993049.jpeg"
"Dairy, Bread & Eggs",Gourmet Store,"https://cdn.zeptonow.com/production/tr:w-90,ar-500-500,pr-true,f-auto,q-80/cms/sub_category/b97ebb77-6384-42f5-aafd-3503b6abaeca.png",D'lecta Natural Feta Cheese Blocks,D'lecta,109,120,100 g,4.2 (1.9k),In Stock,https://www.zeptonow.com/pn/dlecta-natural-feta-cheese-blocks/pvid/3bb12c45-6c0f-44bc-a60a-8b2e7684c29f,"https://cdn.zeptonow.com/production/tr:w-1280,ar-1000-1000,pr-true,f-auto,q-80/cms/product_variant/4d221c2a-378a-4782-bf41-f84f4d727bd1.jpeg"
"Dairy, Bread & Eggs",Gourmet Store,"https://cdn.zeptonow.com/production/tr:w-90,ar-500-500,pr-true,f-auto,q-80/cms/sub_category/b97ebb77-6384-42f5-aafd-3503b6abaeca.png",Akshayakalpa Organic Country Brown Eggs,Akshayakalpa,146,150,1 pack (6 pcs),4.6 (1.4k),In Stock,https://www.zeptonow.com/pn/akshayakalpa-organic-country-brown-eggs/pvid/1e39b6ff-9e4b-4190-b02b-e484b928cc8d,"https://cdn.zeptonow.com/production/tr:w-1280,ar-1300-1000,pr-true,f-auto,q-80/cms/product_variant/6cd9324f-66c5-473d-a84d-bae60849a9f1.jpeg"
"Dairy, Bread & Eggs",Gourmet Store,"https://cdn.zeptonow.com/production/tr:w-90,ar-500-500,pr-true,f-auto,q-80/cms/sub_category/b97ebb77-6384-42f5-aafd-3503b6abaeca.png","Farm Made Free Range Brown Eggs, 6 Pieces - Protein Rich, Veg Feed, Non-Fertile",Farm,133,149,1 pack (6 pcs),4.5 (7.7k),In Stock,https://www.zeptonow.com/pn/farm-made-free-range-brown-eggs-6-pieces-protein-rich-veg-feed-non-fertile/pvid/d259d494-f6da-43a0-810d-1ea10d6f26ac,"https://cdn.zeptonow.com/production/tr:w-1280,ar-1000-1000,pr-true,f-auto,q-80/cms/product_variant/561f7449-6d79-406d-8107-2c45cb4a6dfc.jpeg"
"Dairy, Bread & Eggs",Gourmet Store,"https://cdn.zeptonow.com/production/tr:w-90,ar-500-500,pr-true,f-auto,q-80/cms/sub_category/b97ebb77-6384-42f5-aafd-3503b6abaeca.png",iD Fresh Soft & Creamy Paneer,iD,140,140,200 g,4.5 (7.2k),In Stock,https://www.zeptonow.com/pn/id-fresh-soft-creamy-paneer/pvid/29e0f66e-aed9-4d7b-a656-b62e7e8110b2,"https://cdn.zeptonow.com/production/tr:w-1280,ar-1200-1200,pr-true,f-auto,q-80/cms/product_variant/fd04f128-dfd4-432c-a189-5e22c8d78f28.jpeg"
"Dairy, Bread & Eggs",Gourmet Store,"https://cdn.zeptonow.com/production/tr:w-90,ar-500-500,pr-true,f-auto,q-80/cms/sub_category/b97ebb77-6384-42f5-aafd-3503b6abaeca.png",Epigamia Lactose Free Curd,Epigamia,100,100,400 g,4.8 (1.6k),In Stock,https://www.zeptonow.com/pn/epigamia-lactose-free-curd/pvid/e46b6766-4d38-437c-b58d-0edfdf9ee5db,"https://cdn.zeptonow.com/production/tr:w-1280,ar-1500-1500,pr-true,f-auto,q-80/cms/product_variant/2add7744-ebcc-4d18-bf24-30d4bde40e63.jpeg"
"Dairy, Bread & Eggs",Gourmet Store,"https://cdn.zeptonow.com/production/tr:w-90,ar-500-500,pr-true,f-auto,q-80/cms/sub_category/b97ebb77-6384-42f5-aafd-3503b6abaeca.png",Akshayakalpa Organic Cow Milk - Uht,Akshayakalpa,125,131,1 L,4.7 (1.3k),In Stock,https://www.zeptonow.com/pn/akshayakalpa-organic-cow-milk-uht/pvid/cfc168c0-bb8d-4614-bcb4-bd1f115c048e,"https://cdn.zeptonow.com/production/tr:w-1280,ar-1000-1000,pr-true,f-auto,q-80/cms/product_variant/e7d0ce71-3108-461e-84d4-c7d04e6f4f40.jpeg"
"Dairy, Bread & Eggs",Gourmet Store,"https://cdn.zeptonow.com/production/tr:w-90,ar-500-500,pr-true,f-auto,q-80/cms/sub_category/b97ebb77-6384-42f5-aafd-3503b6abaeca.png",Abhi Nutri + White Eggs With Immunity Boosters,Abhi,77,84,1 pack (6 pcs),4.5 (5.7k),In Stock,https://www.zeptonow.com/pn/abhi-nutri-white-eggs-with-immunity-boosters/pvid/4a0bf364-9eca-41f9-8037-778507bc45ae,"https://cdn.zeptonow.com/production/tr:w-1280,ar-1000-1000,pr-true,f-auto,q-80/cms/product_variant/2879f174-c5ae-43a5-8f3a-64c40ed821a8.jpeg"
"Dairy, Bread & Eggs",Gourmet Store,"https://cdn.zeptonow.com/production/tr:w-90,ar-500-500,pr-true,f-auto,q-80/cms/sub_category/b97ebb77-6384-42f5-aafd-3503b6abaeca.png",D'lecta 100% Cheddar Cheese Slices,D'lecta,198,220,200 g,4.4 (1.1k),In Stock,https://www.zeptonow.com/pn/dlecta-100-cheddar-cheese-slices/pvid/b9f78a4d-3cd2-41f5-aa04-8b94f136a5d6,"https://cdn.zeptonow.com/production/tr:w-1280,ar-1500-1500,pr-true,f-auto,q-80/cms/product_variant/cd923a09-17b5-4137-88e9-fb7d4badedda.jpeg"
"Dairy, Bread & Eggs",Gourmet Store,"https://cdn.zeptonow.com/production/tr:w-90,ar-500-500,pr-true,f-auto,q-80/cms/sub_category/b97ebb77-6384-42f5-aafd-3503b6abaeca.png",D'lecta 100% Cheddar Cheese Blocks,D'lecta,191,220,200 g,4.9 (450),In Stock,https://www.zeptonow.com/pn/dlecta-100-cheddar-cheese-blocks/pvid/3c9fed7e-06b8-4e26-a62e-1d62424e021f,"https://cdn.zeptonow.com/production/tr:w-1280,ar-1000-1000,pr-true,f-auto,q-80/cms/product_variant/19b40e18-47b0-40bb-806c-f8e9319f6f16.jpeg"
"Dairy, Bread & Eggs",Gourmet Store,"https://cdn.zeptonow.com/production/tr:w-90,ar-500-500,pr-true,f-auto,q-80/cms/sub_category/b97ebb77-6384-42f5-aafd-3503b6abaeca.png",Akshayakalpa Organic Probiotic Curd Pouch,Akshayakalpa,54,55,500 g,4.8 (5.4k),Sold Out,https://www.zeptonow.com/pn/akshayakalpa-organic-probiotic-curd-pouch/pvid/d13a1bd1-aeaa-4388-9f32-2be8b1815ae7,"https://cdn.zeptonow.com/production/tr:w-1280,ar-2400-2400,pr-true,f-auto,q-80/cms/product_variant/55e66a7c-3264-4161-94bc-6c0405c9a1d0.jpeg"
"Dairy, Bread & Eggs",Gourmet Store,"https://cdn.zeptonow.com/production/tr:w-90,ar-500-500,pr-true,f-auto,q-80/cms/sub_category/b97ebb77-6384-42f5-aafd-3503b6abaeca.png",Akshayakalpa Amrutha A2 Organic Curd Pouch,Akshayakalpa,70,70,500 g,4.6 (1.8k),Sold Out,https://www.zeptonow.com/pn/akshayakalpa-amrutha-a2-organic-curd-pouch/pvid/22c5e201-2f80-43b6-9476-5822b97d4958,"https://cdn.zeptonow.com/production/tr:w-1280,ar-1000-1000,pr-true,f-auto,q-80/cms/product_variant/8002929c-9804-4469-8764-26a4d1fbac4e.jpeg"
"Dairy, Bread & Eggs",Gourmet Store,"https://cdn.zeptonow.com/production/tr:w-90,ar-500-500,pr-true,f-auto,q-80/cms/sub_category/b97ebb77-6384-42f5-aafd-3503b6abaeca.png",Akshayakalpa Artisanal Organic Set Curd,Akshayakalpa,151,155,1 kg,4.6 (6.1k),Sold Out,https://www.zeptonow.com/pn/akshayakalpa-artisanal-organic-set-curd/pvid/0e7d1f54-816e-4461-9f79-a651a41fec02,"https://cdn.zeptonow.com/production/tr:w-1280,ar-2400-2400,pr-true,f-auto,q-80/cms/product_variant/e4386ebe-072a-497d-9871-f0e40b2a61d9.jpeg"
"Dairy, Bread & Eggs",Gourmet Store,"https://cdn.zeptonow.com/production/tr:w-90,ar-500-500,pr-true,f-auto,q-80/cms/sub_category/b97ebb77-6384-42f5-aafd-3503b6abaeca.png",Akshayakalpa Artisanal Organic Set Curd,Akshayakalpa,78,80,400 g,4.6 (5.1k),Sold Out,https://www.zeptonow.com/pn/akshayakalpa-artisanal-organic-set-curd/pvid/a1f91e85-5ccc-4d8e-921a-b81ca9f8d896,"https://cdn.zeptonow.com/production/tr:w-1280,ar-2400-2400,pr-true,f-auto,q-80/cms/product_variant/7de58eeb-36e0-4615-ae94-af7aabdbacb5.jpeg"
"Dairy, Bread & Eggs",Gourmet Store,"https://cdn.zeptonow.com/production/tr:w-90,ar-500-500,pr-true,f-auto,q-80/cms/sub_category/b97ebb77-6384-42f5-aafd-3503b6abaeca.png",iD Fresh Ragi Millet Idly & Dosa Batter,iD,135,135,750 g,3.9 (1.6k),Sold Out,https://www.zeptonow.com/pn/id-fresh-ragi-millet-idly-dosa-batter/pvid/8f43592f-ec0f-44ab-8bb7-8b911c05d0cb,"https://cdn.zeptonow.com/production/tr:w-1280,ar-1000-1000,pr-true,f-auto,q-80/cms/product_variant/39f81f0e-e993-49f0-8c2f-c27d654b783d.jpeg"
"Dairy, Bread & Eggs",Gourmet Store,"https://cdn.zeptonow.com/production/tr:w-90,ar-500-500,pr-true,f-auto,q-80/cms/sub_category/b97ebb77-6384-42f5-aafd-3503b6abaeca.png",Go Cheese Pizza Blend (Mozzarella + Cheddar),Go Cheese,115,155,200 g,4.7 (14.3k),Sold Out,https://www.zeptonow.com/pn/go-cheese-pizza-blend-mozzarella-cheddar/pvid/cea25cc7-8437-4a92-8337-55a86b8dbc71,"https://cdn.zeptonow.com/production/tr:w-1280,ar-1490-1497,pr-true,f-auto,q-80/cms/product_variant/f3f5af40-dd94-4f5b-8b19-9c272c846978.jpg"
"Dairy, Bread & Eggs",Gourmet Store,"https://cdn.zeptonow.com/production/tr:w-90,ar-500-500,pr-true,f-auto,q-80/cms/sub_category/b97ebb77-6384-42f5-aafd-3503b6abaeca.png",The Health Factory Zero Maida Protein Bread | Clean Label - Not Brown,The Health Factory,81,85,250 g,4.3 (7.2k),Sold Out,https://www.zeptonow.com/pn/the-health-factory-zero-maida-protein-bread-clean-label-not-brown/pvid/c0bf40ad-fdb9-4d88-89b2-c8d690e024c3,"https://cdn.zeptonow.com/production/tr:w-1280,ar-1200-1200,pr-true,f-auto,q-80/cms/product_variant/e322f62a-7d55-429f-82ec-2491cd383027.jpeg"
"Dairy, Bread & Eggs",Gourmet Store,"https://cdn.zeptonow.com/production/tr:w-90,ar-500-500,pr-true,f-auto,q-80/cms/sub_category/b97ebb77-6384-42f5-aafd-3503b6abaeca.png",Akshayakalpa Organic Curd Pouch,Akshayakalpa,23,23,200 g,4.8 (4.3k),Sold Out,https://www.zeptonow.com/pn/akshayakalpa-organic-curd-pouch/pvid/75a475ab-2a64-4004-9c60-692cc836ffda,"https://cdn.zeptonow.com/production/tr:w-1280,ar-3543-3543,pr-true,f-auto,q-80/cms/product_variant/45248c1b-47f3-44bd-97af-68127e6899c6.jpeg"
"Dairy, Bread & Eggs",Gourmet Store,"https://cdn.zeptonow.com/production/tr:w-90,ar-500-500,pr-true,f-auto,q-80/cms/sub_category/b97ebb77-6384-42f5-aafd-3503b6abaeca.png",The Baker's Dozen Country Sourdough No Palm Oil No Preservative,The,152,159,330 g,4.2 (1.5k),Sold Out,https://www.zeptonow.com/pn/the-bakers-dozen-country-sourdough-no-palm-oil-no-preservative/pvid/a6e5e618-f87e-41ef-9e5a-799b96ca250b,"https://cdn.zeptonow.com/production/tr:w-1280,ar-1000-1000,pr-true,f-auto,q-80/cms/product_variant/05c876bd-f54a-4c7f-b00c-f73fa8c56ee6.jpeg"
"Dairy, Bread & Eggs",Gourmet Store,"https://cdn.zeptonow.com/production/tr:w-90,ar-500-500,pr-true,f-auto,q-80/cms/sub_category/b97ebb77-6384-42f5-aafd-3503b6abaeca.png",The Health Factory Zero Maida Focaccia Sourdough,The Health Factory,75,75,160 g,4.5 (993),Sold Out,https://www.zeptonow.com/pn/the-health-factory-zero-maida-focaccia-sourdough/pvid/43c2276d-8748-42c6-a005-003cc40331e3,"https://cdn.zeptonow.com/production/tr:w-1280,ar-1200-1200,pr-true,f-auto,q-80/cms/product_variant/238cf0db-efbd-41ef-9c75-9ac8963506b9.jpeg"
"Dairy, Bread & Eggs",Gourmet Store,"https://cdn.zeptonow.com/production/tr:w-90,ar-500-500,pr-true,f-auto,q-80/cms/sub_category/b97ebb77-6384-42f5-aafd-3503b6abaeca.png",The Baker's Dozen Fourgrain Sourdough Zero Maida Gut Friendly,The,228,235,380 g,4.5 (732),Sold Out,https://www.zeptonow.com/pn/the-bakers-dozen-fourgrain-sourdough-zero-maida-gut-friendly/pvid/5655c9dc-2517-4acb-b7ef-86b6d8e72b09,"https://cdn.zeptonow.com/production/tr:w-1280,ar-1000-1000,pr-true,f-auto,q-80/cms/product_variant/19df04d8-431e-4156-b885-21b1f40ee4a8.jpeg"
"Dairy, Bread & Eggs",Gourmet Store,"https://cdn.zeptonow.com/production/tr:w-90,ar-500-500,pr-true,f-auto,q-80/cms/sub_category/b97ebb77-6384-42f5-aafd-3503b6abaeca.png",The Health Factory Zero Maida Garlic Bread | Clean Label - Not Brown,The Health Factory,55,55,156 g,4.3 (3.1k),Sold Out,https://www.zeptonow.com/pn/the-health-factory-zero-maida-garlic-bread-clean-label-not-brown/pvid/fc7600a3-8379-4e51-84dd-c5af9cecd831,"https://cdn.zeptonow.com/production/tr:w-1280,ar-1200-1200,pr-true,f-auto,q-80/cms/product_variant/6f422b49-8183-4289-a330-e9db40d3da0c.jpeg"
"Dairy, Bread & Eggs",Milk,"https://cdn.zeptonow.com/production/tr:w-90,ar-120-121,pr-true,f-auto,q-80/cms/sub_category/87.png",Akshayakalpa Organic Cow Milk - Uht,Akshayakalpa,125,131,1 L,4.7 (1.3k),In Stock,https://www.zeptonow.com/pn/akshayakalpa-organic-cow-milk-uht/pvid/cfc168c0-bb8d-4614-bcb4-bd1f115c048e,"https://cdn.zeptonow.com/production/tr:w-1280,ar-1000-1000,pr-true,f-auto,q-80/cms/product_variant/e7d0ce71-3108-461e-84d4-c7d04e6f4f40.jpeg"
"Dairy, Bread & Eggs",Milk,"https://cdn.zeptonow.com/production/tr:w-90,ar-120-121,pr-true,f-auto,q-80/cms/sub_category/87.png",Akshayakalpa Organic Pasteurized Cow Fresh Milk (Pouch),Akshayakalpa,42,42,500 ml,4.6 (6.5k),In Stock,https://www.zeptonow.com/pn/akshayakalpa-organic-pasteurized-cow-fresh-milk-pouch/pvid/9cd6367f-6ae0-45f4-b529-625ad8b01069,"https://cdn.zeptonow.com/production/tr:w-1280,ar-1000-1000,pr-true,f-auto,q-80/cms/product_variant/a05ee90f-d81b-43a5-8f40-8c16a981730e.jpeg"
"Dairy, Bread & Eggs",Milk,"https://cdn.zeptonow.com/production/tr:w-90,ar-120-121,pr-true,f-auto,q-80/cms/sub_category/87.png",Akshayakalpa Amrutha A2 Pasteurized Fresh Milk (Pouch),Akshayakalpa,45,45,500 ml,4.7 (11.3k),In Stock,https://www.zeptonow.com/pn/akshayakalpa-amrutha-a2-pasteurized-fresh-milk-pouch/pvid/d3db9200-f330-4c52-996c-e231fcceaed0,"https://cdn.zeptonow.com/production/tr:w-1280,ar-1200-1200,pr-true,f-auto,q-80/cms/product_variant/0e10ef1c-54e1-4722-a366-4e2d024da0e4.jpeg"
"Dairy, Bread & Eggs",Milk,"https://cdn.zeptonow.com/production/tr:w-90,ar-120-121,pr-true,f-auto,q-80/cms/sub_category/87.png",Arokya Full Cream Fresh Milk (Pouch),Arokya,38,38,500 ml,4.8 (38.6k),In Stock,https://www.zeptonow.com/pn/arokya-full-cream-fresh-milk-pouch/pvid/6ce2d5e9-61a8-42f1-aa7b-d9deb8fbbf76,"https://cdn.zeptonow.com/production/tr:w-1280,ar-1000-1000,pr-true,f-auto,q-80/cms/product_variant/3cae0bdf-b982-41bd-9446-5a144decb209.jpeg"
"Dairy, Bread & Eggs",Milk,"https://cdn.zeptonow.com/production/tr:w-90,ar-120-121,pr-true,f-auto,q-80/cms/sub_category/87.png",Arokya Toned Fresh Milk (Pouch),Arokya,27,28,500 ml,4.7 (29.7k),In Stock,https://www.zeptonow.com/pn/arokya-toned-fresh-milk-pouch/pvid/edc180a1-cb0b-4824-b10e-1c306f1aacae,"https://cdn.zeptonow.com/production/tr:w-1280,ar-1000-1000,pr-true,f-auto,q-80/cms/product_variant/88e24eb5-e3a3-48c8-a7c3-e1d21ede131c.jpeg"
"Dairy, Bread & Eggs",Milk,"https://cdn.zeptonow.com/production/tr:w-90,ar-120-121,pr-true,f-auto,q-80/cms/sub_category/87.png",Hatsun Toned Fresh Cow Milk (Pouch),Hatsun,30,30,500 ml,4.3 (5.5k),In Stock,https://www.zeptonow.com/pn/hatsun-toned-fresh-cow-milk-pouch/pvid/306efce3-0f76-4b91-b7d8-317d09e049ea,"https://cdn.zeptonow.com/production/tr:w-1280,ar-1030-802,pr-true,f-auto,q-80/cms/product_variant/102e1316-e891-49bc-b473-252aa784cb29.png"
"Dairy, Bread & Eggs",Milk,"https://cdn.zeptonow.com/production/tr:w-90,ar-120-121,pr-true,f-auto,q-80/cms/sub_category/87.png",Nestle EveryDay Dairy Whitener,Nestle,255,255,400 g,4.8 (3.2k),In Stock,https://www.zeptonow.com/pn/nestle-everyday-dairy-whitener/pvid/7d1c5e87-3939-4a49-850a-62401f90a693,"https://cdn.zeptonow.com/production/tr:w-1280,ar-1000-1000,pr-true,f-auto,q-80/cms/product_variant/a1ad20ca-6859-4c0f-9955-521982e686bc.jpeg"
"Dairy, Bread & Eggs",Milk,"https://cdn.zeptonow.com/production/tr:w-90,ar-120-121,pr-true,f-auto,q-80/cms/sub_category/87.png",Nandini Goodlife Toned Milk UHT (Tetra Pack Brick),Nandini,70,70,1 L,4.7 (17.5k),In Stock,https://www.zeptonow.com/pn/nandini-goodlife-toned-milk-uht-tetra-pack-brick/pvid/b76a82b8-8c7d-4b3a-aa17-754fa3bfc0d4,"https://cdn.zeptonow.com/production/tr:w-1280,ar-1200-1200,pr-true,f-auto,q-80/cms/product_variant/935ea53e-1c67-4e00-8515-6ac65249c777.jpeg"
"Dairy, Bread & Eggs",Milk,"https://cdn.zeptonow.com/production/tr:w-90,ar-120-121,pr-true,f-auto,q-80/cms/sub_category/87.png",Amulya Dairy Whitener (Box),Amul,99,99,200 g,4.8 (2.2k),In Stock,https://www.zeptonow.com/pn/amulya-dairy-whitener-box/pvid/461599fa-46ae-47a8-adcd-8f45050f6d5c,"https://cdn.zeptonow.com/production/tr:w-1280,ar-2400-2400,pr-true,f-auto,q-80/cms/product_variant/752a6b1d-b89e-43cd-b426-8d0bcb755b1f.jpeg"
"Dairy, Bread & Eggs",Milk,"https://cdn.zeptonow.com/production/tr:w-90,ar-120-121,pr-true,f-auto,q-80/cms/sub_category/87.png",Aavin Delite Premium Fresh Cow Milk (Pouch),Aavin,22,22,500 ml,4.6 (86.4k),In Stock,https://www.zeptonow.com/pn/aavin-delite-premium-fresh-cow-milk-pouch/pvid/c960c338-5fd8-4c93-af37-bce2e68e0ad2,"https://cdn.zeptonow.com/production/tr:w-1280,ar-1200-1200,pr-true,f-auto,q-80/cms/product_variant/658ba015-88cd-4a5f-9d26-828772658414.jpeg"
"Dairy, Bread & Eggs",Milk,"https://cdn.zeptonow.com/production/tr:w-90,ar-120-121,pr-true,f-auto,q-80/cms/sub_category/87.png",Aavin Premium Full Cream Fresh Milk (Pouch),Aavin,30,30,500 ml,4.7 (89.2k),In Stock,https://www.zeptonow.com/pn/aavin-premium-full-cream-fresh-milk-pouch/pvid/a8e6cffe-b4e1-4b8a-ac2b-f7f3e3839e98,"https://cdn.zeptonow.com/production/tr:w-1280,ar-1200-1200,pr-true,f-auto,q-80/cms/product_variant/e528ed2e-a905-44a8-8338-0f7f733b63b4.jpeg"
"Dairy, Bread & Eggs",Milk,"https://cdn.zeptonow.com/production/tr:w-90,ar-120-121,pr-true,f-auto,q-80/cms/sub_category/87.png",Aavin Nice Toned Fresh Milk (Pouch),Aavin,17,20,500 ml,4.7 (76.8k),In Stock,https://www.zeptonow.com/pn/aavin-nice-toned-fresh-milk-pouch/pvid/44a4ee1e-d3e7-4569-b768-f245a7655e37,"https://cdn.zeptonow.com/production/tr:w-1280,ar-2400-2400,pr-true,f-auto,q-80/cms/product_variant/ba9f31a6-741b-4c96-ade6-224c23417aaa.jpeg"
"Dairy, Bread & Eggs",Milk,"https://cdn.zeptonow.com/production/tr:w-90,ar-120-121,pr-true,f-auto,q-80/cms/sub_category/87.png",Cavin's Fresh Cow Milk (Pouch),Cavin's,26,26,450 ml,4.5 (5.5k),In Stock,https://www.zeptonow.com/pn/cavins-fresh-cow-milk-pouch/pvid/7c0a8f52-6b2b-41a2-9ffe-cc7891afd933,"https://cdn.zeptonow.com/production/tr:w-1280,ar-1500-1500,pr-true,f-auto,q-80/cms/product_variant/23c25148-cd10-453e-a5d3-9d9d7686b4e6.jpeg"
"Dairy, Bread & Eggs",Milk,"https://cdn.zeptonow.com/production/tr:w-90,ar-120-121,pr-true,f-auto,q-80/cms/sub_category/87.png",Nestle A+ Slim Milk (Tetra Pack),Nestle,90,100,1 L,5 (541),In Stock,https://www.zeptonow.com/pn/nestle-a-slim-milk-tetra-pack/pvid/4359adde-02dd-4c22-8960-36958913e8fd,"https://cdn.zeptonow.com/production/tr:w-1280,ar-2400-2400,pr-true,f-auto,q-80/cms/product_variant/d0f7cb91-9302-47ea-a096-4412feb97092.jpeg"
"Dairy, Bread & Eggs",Milk,"https://cdn.zeptonow.com/production/tr:w-90,ar-120-121,pr-true,f-auto,q-80/cms/sub_category/87.png",Nandini Goodlife Slim Skimmed Milk UHT (Tetra Pack Brik),Nandini,73,73,1 L,4.8 (1.7k),In Stock,https://www.zeptonow.com/pn/nandini-goodlife-slim-skimmed-milk-uht-tetra-pack-brik/pvid/053a43dd-d1bd-48cc-bcb5-754a270c53f2,"https://cdn.zeptonow.com/production/tr:w-1280,ar-1800-1800,pr-true,f-auto,q-80/cms/product_variant/dfe6befc-1283-4c64-8175-d5e689d37b54.jpg"
"Dairy, Bread & Eggs",Milk,"https://cdn.zeptonow.com/production/tr:w-90,ar-120-121,pr-true,f-auto,q-80/cms/sub_category/87.png",Heritage Gold Milk,Heritage,23,24,450 ml,4.7 (2.3k),In Stock,https://www.zeptonow.com/pn/heritage-gold-milk/pvid/cee22a27-e951-4687-a489-1b63542c62d0,"https://cdn.zeptonow.com/production/tr:w-1280,ar-1200-1200,pr-true,f-auto,q-80/cms/product_variant/c407d8fa-8577-4355-bbc7-b0cb1e5af7ab.jpg"
"Dairy, Bread & Eggs",Milk,"https://cdn.zeptonow.com/production/tr:w-90,ar-120-121,pr-true,f-auto,q-80/cms/sub_category/87.png",Aavin Green Magic Fresh Milk (Pouch),Aavin,22,22,500 ml,4.8 (30.5k),In Stock,https://www.zeptonow.com/pn/aavin-green-magic-fresh-milk-pouch/pvid/be992603-05e4-40e1-85b8-c7b7883e1965,"https://cdn.zeptonow.com/production/tr:w-1280,ar-2400-2400,pr-true,f-auto,q-80/cms/product_variant/a94b8911-71a6-4203-a469-414cf9393f5c.jpeg"
"Dairy, Bread & Eggs",Milk,"https://cdn.zeptonow.com/production/tr:w-90,ar-120-121,pr-true,f-auto,q-80/cms/sub_category/87.png",Nandini Goodlife Slim Skimmed Milk UHT (Tetra Pack),Nandini,37,37,500 ml,4.6 (2.1k),In Stock,https://www.zeptonow.com/pn/nandini-goodlife-slim-skimmed-milk-uht-tetra-pack/pvid/205272e0-ba4c-4b0b-9165-a57fe603a9b5,"https://cdn.zeptonow.com/production/tr:w-1280,ar-2400-2400,pr-true,f-auto,q-80/cms/product_variant/6962ed05-02b8-47d3-84b5-923096ece102.jpeg"
"Dairy, Bread & Eggs",Milk,"https://cdn.zeptonow.com/production/tr:w-90,ar-120-121,pr-true,f-auto,q-80/cms/sub_category/87.png",Heritage Super Gold Milk,Heritage,30,32,475 ml,4.6 (1.2k),In Stock,https://www.zeptonow.com/pn/heritage-super-gold-milk/pvid/7e71f269-5f3d-49d4-8dc2-fcc896f6502e,"https://cdn.zeptonow.com/production/tr:w-1280,ar-1200-1200,pr-true,f-auto,q-80/cms/product_variant/fb518a22-c671-475f-9e39-d7fd24a1d298.jpg"
"Dairy, Bread & Eggs",Milk,"https://cdn.zeptonow.com/production/tr:w-90,ar-120-121,pr-true,f-auto,q-80/cms/sub_category/87.png",Nandini Goodlife Milk UHT (Pouch Brik),Nandini,36,36,500 ml,4.7 (14.9k),In Stock,https://www.zeptonow.com/pn/nandini-goodlife-milk-uht-pouch-brik/pvid/7790e233-c829-422b-bf16-45eefe9b5bd5,"https://cdn.zeptonow.com/production/tr:w-1280,ar-2400-2400,pr-true,f-auto,q-80/cms/product_variant/82e9dc66-09b6-44d7-852d-87e62a6f18b0.jpeg"
"Dairy, Bread & Eggs",Milk,"https://cdn.zeptonow.com/production/tr:w-90,ar-120-121,pr-true,f-auto,q-80/cms/sub_category/87.png",Amul Moti - Homogenised Toned Milk (Pouch 90 Days Shelf life),Amul,30,30,450 ml,4.5 (43.2k),In Stock,https://www.zeptonow.com/pn/amul-moti-homogenised-toned-milk-pouch-90-days-shelf-life/pvid/1638f685-befc-478e-95f8-2d92213866e7,"https://cdn.zeptonow.com/production/tr:w-1280,ar-1500-1500,pr-true,f-auto,q-80/cms/product_variant/0b462c8d-e38c-4b49-aab1-d8f57b8fb89c.jpeg"
"Dairy, Bread & Eggs",Milk,"https://cdn.zeptonow.com/production/tr:w-90,ar-120-121,pr-true,f-auto,q-80/cms/sub_category/87.png",Cavin's Full Cream Fresh Milk (Pouch),Cavin's,38,38,475 ml,4.6 (2.0k),In Stock,https://www.zeptonow.com/pn/cavins-full-cream-fresh-milk-pouch/pvid/e2170ba7-a7f9-410b-938b-6c76afd775fa,"https://cdn.zeptonow.com/production/tr:w-1280,ar-1500-1500,pr-true,f-auto,q-80/cms/product_variant/bcffd793-a502-4bad-b131-6c40841cc1c9.jpeg"
"Dairy, Bread & Eggs",Milk,"https://cdn.zeptonow.com/production/tr:w-90,ar-120-121,pr-true,f-auto,q-80/cms/sub_category/87.png",Amul Gold Special Milk Pouch,Amul,35,35,500 ml,4.8 (348),In Stock,https://www.zeptonow.com/pn/amul-gold-special-milk-pouch/pvid/1c1553de-e42d-474c-a1db-423f64a14010,"https://cdn.zeptonow.com/production/tr:w-1280,ar-3000-3000,pr-true,f-auto,q-80/cms/product_variant/50adc182-756d-4c3d-8d98-3263122fad28.jpeg"
"Dairy, Bread & Eggs",Milk,"https://cdn.zeptonow.com/production/tr:w-90,ar-120-121,pr-true,f-auto,q-80/cms/sub_category/87.png",Amul Taaza Toned Fresh Milk (Pouch),Amul,28,28,500 ml,4.7 (704.6k),In Stock,https://www.zeptonow.com/pn/amul-taaza-toned-fresh-milk-pouch/pvid/9d447ba5-1d35-46e1-bc64-e932135d026f,"https://cdn.zeptonow.com/production/tr:w-1280,ar-1200-1200,pr-true,f-auto,q-80/cms/product_variant/d4b8ef20-df5e-4d0b-ab04-36de62dd0f45.jpeg"
"Dairy, Bread & Eggs",Milk,"https://cdn.zeptonow.com/production/tr:w-90,ar-120-121,pr-true,f-auto,q-80/cms/sub_category/87.png",Amul Taaza Homogenised Toned Milk (Tetra Pack),Amul,17,17,200 ml,4.7 (71.4k),In Stock,https://www.zeptonow.com/pn/amul-taaza-homogenised-toned-milk-tetra-pack/pvid/2a231315-2b07-4de0-af4a-3a4f9c48ad0c,"https://cdn.zeptonow.com/production/tr:w-1280,ar-1200-1200,pr-true,f-auto,q-80/cms/product_variant/7aecef2d-80ab-406d-8f44-bea711b845ae.jpeg"
"Dairy, Bread & Eggs",Milk,"https://cdn.zeptonow.com/production/tr:w-90,ar-120-121,pr-true,f-auto,q-80/cms/sub_category/87.png",Amul Lactose Free Milk (Tetra Pack),Amul,26,26,250 ml,4.7 (15.7k),In Stock,https://www.zeptonow.com/pn/amul-lactose-free-milk-tetra-pack/pvid/23037033-b0ab-4109-82b6-30f3a2a2cf84,"https://cdn.zeptonow.com/production/tr:w-1280,ar-1200-1200,pr-true,f-auto,q-80/cms/product_variant/bb9facdf-f5ad-45e6-90bb-3568b9791d88.jpeg"
"Dairy, Bread & Eggs",Milk,"https://cdn.zeptonow.com/production/tr:w-90,ar-120-121,pr-true,f-auto,q-80/cms/sub_category/87.png",Nandini Good Life Toned UHT Milk (Fino Pouch),Nandini,14,14,180 ml,4.7 (9.4k),In Stock,https://www.zeptonow.com/pn/nandini-good-life-toned-uht-milk-fino-pouch/pvid/17ce1910-171f-4aac-8fcb-86d96d679487,"https://cdn.zeptonow.com/production/tr:w-1280,ar-1021-1021,pr-true,f-auto,q-80/cms/product_variant/fb0161e3-4656-477a-bda6-3acc4c4cb849.jpeg"
"Dairy, Bread & Eggs",Milk,"https://cdn.zeptonow.com/production/tr:w-90,ar-120-121,pr-true,f-auto,q-80/cms/sub_category/87.png",Nandini Good Life Toned UHT Milk (Fino Pouch) 180 ml Combo,Nandini,42,42,180 ml X 3,4.3 (376),In Stock,https://www.zeptonow.com/pn/nandini-good-life-toned-uht-milk-fino-pouch-180-ml-combo/pvid/ff03aa6b-20f4-4dc5-b3a6-ada5039a543c,"https://cdn.zeptonow.com/production/tr:w-1280,ar-1500-1500,pr-true,f-auto,q-80/cms/product_variant/ba1a4bd4-82ea-4f3c-82a6-e6c70702e157.jpg"
"Dairy, Bread & Eggs",Milk,"https://cdn.zeptonow.com/production/tr:w-90,ar-120-121,pr-true,f-auto,q-80/cms/sub_category/87.png",Amul Taaza Toned Homogenised Milk (Tetra Pack),Amul,51,51,200 ml X 3,4.2 (504),In Stock,https://www.zeptonow.com/pn/amul-taaza-toned-homogenised-milk-tetra-pack/pvid/4f247026-a098-4a2a-84ad-eba8eb0b81d8,"https://cdn.zeptonow.com/production/tr:w-1280,ar-1500-1500,pr-true,f-auto,q-80/inventory/product/f79da399-5599-4cca-aae3-6ad6769bec86-Amul_Taaza_Homogenised_Toned_Milk_(Pack_of_3).jpg"
"Dairy, Bread & Eggs",Milk,"https://cdn.zeptonow.com/production/tr:w-90,ar-120-121,pr-true,f-auto,q-80/cms/sub_category/87.png",Amul Taaza Homogenised Toned Milk (Tetra Pack) 200 ml Combo,Amul,34,34,200 ml X 2,4.7 (215),In Stock,https://www.zeptonow.com/pn/amul-taaza-homogenised-toned-milk-tetra-pack-200-ml-combo/pvid/33b6f312-be17-4248-8643-147cfdb0ea60,"https://cdn.zeptonow.com/production/tr:w-1280,ar-1500-1500,pr-true,f-auto,q-80/inventory/product/a0d039a4-72f2-44e8-a67d-6a8631241c3a-Amul_Taaza_Homogenised_Toned_Milk_(Pack_of_2).jpg"
"Dairy, Bread & Eggs",Milk,"https://cdn.zeptonow.com/production/tr:w-90,ar-120-121,pr-true,f-auto,q-80/cms/sub_category/87.png","Hatsun Toned Fresh Cow Milk (Pouch)(1pc) & Curry Leaves (Karuveppilai) - Cleaned, Without Roots(1pc) Combo",Hatsun,40,44,2 combo,4.2 (513),In Stock,https://www.zeptonow.com/pn/hatsun-toned-fresh-cow-milk-pouch1pc-curry-leaves-karuveppilai-cleaned-without-roots1pc-combo/pvid/8f904c20-83b6-47f1-aacf-8c620c1edd6e,"https://cdn.zeptonow.com/production/tr:w-1280,ar-1494-1494,pr-true,f-auto,q-80/cms/product_variant/10c8c68c-2046-4680-857b-8803689df4ce.jpg"
"Dairy, Bread & Eggs",Milk,"https://cdn.zeptonow.com/production/tr:w-90,ar-120-121,pr-true,f-auto,q-80/cms/sub_category/87.png",Aavin Nice Toned Fresh Milk (Pouch)(1pc) & Tomato Country / Naattu Thakkali(1pc) Combo,Aavin,47,54,2 combo,4.5 (483),In Stock,https://www.zeptonow.com/pn/aavin-nice-toned-fresh-milk-pouch1pc-tomato-country-naattu-thakkali1pc-combo/pvid/8d47edfa-291d-4d82-ae76-445d49417aaa,"https://cdn.zeptonow.com/production/tr:w-1280,ar-1494-1494,pr-true,f-auto,q-80/cms/product_variant/c632e355-9559-4799-908a-dd70b686a6fe.jpg"
"Dairy, Bread & Eggs",Milk,"https://cdn.zeptonow.com/production/tr:w-90,ar-120-121,pr-true,f-auto,q-80/cms/sub_category/87.png",Arokya Full Cream Milk Combo,Arokya,76,76,500 ml X 2,4.2 (638),In Stock,https://www.zeptonow.com/pn/arokya-full-cream-milk-combo/pvid/bd97629a-2ffe-4dae-ab84-1760679e24ce,"https://cdn.zeptonow.com/production/tr:w-1280,ar-1500-1500,pr-true,f-auto,q-80/inventory/product/fce94ecf-bd97-4890-9874-27f8d8185a4f-Arokya_Full_Cream_Milk_(Pack_of_2).jpg"
"Dairy, Bread & Eggs",Milk,"https://cdn.zeptonow.com/production/tr:w-90,ar-120-121,pr-true,f-auto,q-80/cms/sub_category/87.png",Aavin Nice Toned Fresh Milk (Pouch) 500 ml X 3 Combo,Aavin,51,60,500 ml X 3,4.6 (244),In Stock,https://www.zeptonow.com/pn/aavin-nice-toned-fresh-milk-pouch-500-ml-x-3-combo/pvid/9bb47439-f102-422a-95dd-a516714bc1c4,"https://cdn.zeptonow.com/production/tr:w-1280,ar-1200-1200,pr-true,f-auto,q-80/cms/product_variant/ad2ab781-29ce-4d16-a930-8a96460ddeab.jpg"
"Dairy, Bread & Eggs",Milk,"https://cdn.zeptonow.com/production/tr:w-90,ar-120-121,pr-true,f-auto,q-80/cms/sub_category/87.png",Aavin Nice Toned Fresh Milk (Pouch) 500 ml Combo,Aavin,34,40,500 ml X 2,4.4 (158),In Stock,https://www.zeptonow.com/pn/aavin-nice-toned-fresh-milk-pouch-500-ml-combo/pvid/b1ec8a22-53da-4142-8cb4-0ea287afeb85,"https://cdn.zeptonow.com/production/tr:w-1280,ar-1200-1200,pr-true,f-auto,q-80/cms/product_variant/9dc5b4db-b1a4-4fb3-b457-6e03d4c435a2.jpg"
"Dairy, Bread & Eggs",Milk,"https://cdn.zeptonow.com/production/tr:w-90,ar-120-121,pr-true,f-auto,q-80/cms/sub_category/87.png",Aavin Delite Premium Fresh Cow Milk (Pouch)(1pc) & Coconut Small(1pc) Combo,Aavin,65,77,2 combo,4.2 (803),In Stock,https://www.zeptonow.com/pn/aavin-delite-premium-fresh-cow-milk-pouch1pc-coconut-small1pc-combo/pvid/34d3f68f-76af-45c0-a762-dc74c352ef65,"https://cdn.zeptonow.com/production/tr:w-1280,ar-1494-1494,pr-true,f-auto,q-80/cms/product_variant/0a1258e1-276a-4e62-805b-28f251380850.jpg"
"Dairy, Bread & Eggs",Milk,"https://cdn.zeptonow.com/production/tr:w-90,ar-120-121,pr-true,f-auto,q-80/cms/sub_category/87.png",Arokya Full Cream Fresh Milk (Pouch) 500 ml Combo,Arokya,114,114,500 ml X 3,4.5 (843),In Stock,https://www.zeptonow.com/pn/arokya-full-cream-fresh-milk-pouch-500-ml-combo/pvid/65e68d1d-da45-4138-823f-fae7fbdc9558,"https://cdn.zeptonow.com/production/tr:w-1280,ar-1500-1500,pr-true,f-auto,q-80/inventory/product/8815e6a2-6b07-4e82-b65e-7ed7ac3568eb-3976.jpg"
"Dairy, Bread & Eggs",Milk,"https://cdn.zeptonow.com/production/tr:w-90,ar-120-121,pr-true,f-auto,q-80/cms/sub_category/87.png",Aavin Nice Toned Fresh Milk (Pouch) 500 ml Combo,Aavin,44,44,500 ml X 2,4.3 (884),In Stock,https://www.zeptonow.com/pn/aavin-nice-toned-fresh-milk-pouch-500-ml-combo/pvid/69422ba6-0b83-4958-a463-e55770373dcd,"https://cdn.zeptonow.com/production/tr:w-1280,ar-1200-1200,pr-true,f-auto,q-80/cms/product_variant/b25ec75c-47d4-4b12-ab20-2cda2b5025ff.jpg"
"Dairy, Bread & Eggs",Milk,"https://cdn.zeptonow.com/production/tr:w-90,ar-120-121,pr-true,f-auto,q-80/cms/sub_category/87.png",Aavin Delite Premium Fresh Cow Milk (Pouch) 500 ml X 3 Combo,Aavin,66,66,500 ml X 3,4.7 (727),In Stock,https://www.zeptonow.com/pn/aavin-delite-premium-fresh-cow-milk-pouch-500-ml-x-3-combo/pvid/96b176e8-9820-46b6-b3f8-00b0930b5454,"https://cdn.zeptonow.com/production/tr:w-1280,ar-1200-1200,pr-true,f-auto,q-80/cms/product_variant/894c347c-a32e-49ca-aa7b-20a4e3c74e11.jpg"
"Dairy, Bread & Eggs",Milk,"https://cdn.zeptonow.com/production/tr:w-90,ar-120-121,pr-true,f-auto,q-80/cms/sub_category/87.png",Aavin Premium Full Cream Fresh Milk (Pouch)(1pc) & Coconut Small(1pc) Combo,Aavin,73,85,2 combo,4.6 (237),In Stock,https://www.zeptonow.com/pn/aavin-premium-full-cream-fresh-milk-pouch1pc-coconut-small1pc-combo/pvid/25f46d38-4784-4698-9818-36edb143fa13,"https://cdn.zeptonow.com/production/tr:w-1280,ar-1494-1494,pr-true,f-auto,q-80/cms/product_variant/e5e0c48e-ad0f-4b90-ad24-b44e7ed5ad31.jpg"
"Dairy, Bread & Eggs",Milk,"https://cdn.zeptonow.com/production/tr:w-90,ar-120-121,pr-true,f-auto,q-80/cms/sub_category/87.png",Aavin Nice Toned Fresh Milk (Pouch) 500 ml Combo,Aavin,68,80,500 ml X 4,4.2 (614),In Stock,https://www.zeptonow.com/pn/aavin-nice-toned-fresh-milk-pouch-500-ml-combo/pvid/95115c6e-a997-42b2-a375-420c6a194eb7,"https://cdn.zeptonow.com/production/tr:w-1280,ar-1500-1500,pr-true,f-auto,q-80/cms/product_variant/f98d3bb4-87a5-432c-805a-61d3918042a7.jpg"
"Dairy, Bread & Eggs",Milk,"https://cdn.zeptonow.com/production/tr:w-90,ar-120-121,pr-true,f-auto,q-80/cms/sub_category/87.png",Aavin Nice Toned Fresh Milk (Pouch) 500 ml Combo,Aavin,88,88,500 ml X 4,4.6 (554),In Stock,https://www.zeptonow.com/pn/aavin-nice-toned-fresh-milk-pouch-500-ml-combo/pvid/51ec3bc8-ffea-4820-8ead-0f3f3ed64e05,"https://cdn.zeptonow.com/production/tr:w-1280,ar-1500-1500,pr-true,f-auto,q-80/cms/product_variant/33c81248-e604-4c5c-acc7-d73d850b5193.jpg"
"Dairy, Bread & Eggs",Milk,"https://cdn.zeptonow.com/production/tr:w-90,ar-120-121,pr-true,f-auto,q-80/cms/sub_category/87.png",Aavin Premium Full Cream Fresh Milk (Pouch) 500 ml X 2 Combo,Aavin,60,60,500 ml X 2,4.7 (786),In Stock,https://www.zeptonow.com/pn/aavin-premium-full-cream-fresh-milk-pouch-500-ml-x-2-combo/pvid/0d1fb13f-9fb6-4013-a9db-51480e15e2b4,"https://cdn.zeptonow.com/production/tr:w-1280,ar-1200-1200,pr-true,f-auto,q-80/cms/product_variant/fa10b77b-3647-4074-836c-b012eeb65ff2.jpg"
"Dairy, Bread & Eggs",Milk,"https://cdn.zeptonow.com/production/tr:w-90,ar-120-121,pr-true,f-auto,q-80/cms/sub_category/87.png",Aavin Green Magic Fresh Milk (Pouch)(1pc) & Coccinia (Kovakkai)(1pc) Combo,Aavin,41,42,2 combo,4.5 (381),In Stock,https://www.zeptonow.com/pn/aavin-green-magic-fresh-milk-pouch1pc-coccinia-kovakkai1pc-combo/pvid/9588765e-483e-4d61-b3af-918e6df6cba0,"https://cdn.zeptonow.com/production/tr:w-1280,ar-1494-1494,pr-true,f-auto,q-80/cms/product_variant/11f7be47-4605-48cd-8150-5abd060fe58d.jpg"
"Dairy, Bread & Eggs",Milk,"https://cdn.zeptonow.com/production/tr:w-90,ar-120-121,pr-true,f-auto,q-80/cms/sub_category/87.png",Nandini Goodlife Slim Skimmed Milk UHT (Tetra Pack) 500 ml Combo,Nandini,210,222,500 ml X 6,4.7 (197),In Stock,https://www.zeptonow.com/pn/nandini-goodlife-slim-skimmed-milk-uht-tetra-pack-500-ml-combo/pvid/a3c71699-a9f0-4b5a-9061-bf5d5c839fc6,"https://cdn.zeptonow.com/production/tr:w-1280,ar-1500-1500,pr-true,f-auto,q-80/cms/product_variant/15c3e6f2-9ca5-4005-8102-277af566208d.jpg"
"Dairy, Bread & Eggs",Milk,"https://cdn.zeptonow.com/production/tr:w-90,ar-120-121,pr-true,f-auto,q-80/cms/sub_category/87.png",Nandini Goodlife Slim Skimmed Milk UHT (Tetra Pack) 500 ml Combo,Nandini,108,111,500 ml X 3,4.3 (550),In Stock,https://www.zeptonow.com/pn/nandini-goodlife-slim-skimmed-milk-uht-tetra-pack-500-ml-combo/pvid/9b318db0-bc6d-4f88-a103-9b499d2fe869,"https://cdn.zeptonow.com/production/tr:w-1280,ar-1500-1500,pr-true,f-auto,q-80/cms/product_variant/8e21799c-e3fc-41ce-b213-cb8a4d568226.jpg"
"Dairy, Bread & Eggs",Milk,"https://cdn.zeptonow.com/production/tr:w-90,ar-120-121,pr-true,f-auto,q-80/cms/sub_category/87.png",Aavin Nice Toned Fresh Milk (Pouch)(1pc) & Onion (Vengayam)(1pc) Combo,Aavin,57,72,2 combo,4.6 (68),In Stock,https://www.zeptonow.com/pn/aavin-nice-toned-fresh-milk-pouch1pc-onion-vengayam1pc-combo/pvid/5bc3702d-8ead-419a-abbb-ec0eb94e3268,"https://cdn.zeptonow.com/production/tr:w-1280,ar-1494-1494,pr-true,f-auto,q-80/cms/product_variant/6d119dfa-3efc-434f-8b96-7062fb88ae25.jpg"
"Dairy, Bread & Eggs",Milk,"https://cdn.zeptonow.com/production/tr:w-90,ar-120-121,pr-true,f-auto,q-80/cms/sub_category/87.png",Aavin Premium Full Cream Fresh Milk (Pouch) 500 ml Combo,Aavin,90,90,500 ml X 3,4.6 (137),In Stock,https://www.zeptonow.com/pn/aavin-premium-full-cream-fresh-milk-pouch-500-ml-combo/pvid/248974ef-a6f9-4c20-a19d-d49a60047176,"https://cdn.zeptonow.com/production/tr:w-1280,ar-1500-1500,pr-true,f-auto,q-80/inventory/product/64360fe6-c584-4bb5-8f41-22285cddee8d-3358.jpg"
"Dairy, Bread & Eggs",Milk,"https://cdn.zeptonow.com/production/tr:w-90,ar-120-121,pr-true,f-auto,q-80/cms/sub_category/87.png",Nandini Goodlife Toned Milk UHT (Tetra Pack Brick) 1 l Combo,Nandini,210,210,1 l X 3,4.4 (726),In Stock,https://www.zeptonow.com/pn/nandini-goodlife-toned-milk-uht-tetra-pack-brick-1-l-combo/pvid/1ff64e35-22a4-4414-93dd-5209e10b5037,"https://cdn.zeptonow.com/production/tr:w-1280,ar-1500-1500,pr-true,f-auto,q-80/inventory/product/0c505a04-b367-43ae-818c-fe3e240ba8e2-3977.jpg"
"Dairy, Bread & Eggs",Milk,"https://cdn.zeptonow.com/production/tr:w-90,ar-120-121,pr-true,f-auto,q-80/cms/sub_category/87.png",Nandini Goodlife Toned Milk UHT (Tetra Pack Brick) 1 l Combo,Nandini,408,420,1 l X 6,4.6 (702),In Stock,https://www.zeptonow.com/pn/nandini-goodlife-toned-milk-uht-tetra-pack-brick-1-l-combo/pvid/a535c7aa-9c67-4b04-bcee-520e88f8f719,"https://cdn.zeptonow.com/production/tr:w-1280,ar-1500-1500,pr-true,f-auto,q-80/inventory/product/78c5321b-8751-4e8b-bb84-af3a5e49fb60-2879.jpg"
"Dairy, Bread & Eggs",Milk,"https://cdn.zeptonow.com/production/tr:w-90,ar-120-121,pr-true,f-auto,q-80/cms/sub_category/87.png",Aavin Green Magic Fresh Milk (Pouch) 500 ml Combo,Aavin,88,88,500 ml X 4,4.6 (506),In Stock,https://www.zeptonow.com/pn/aavin-green-magic-fresh-milk-pouch-500-ml-combo/pvid/e47db461-1dae-4463-83f4-76bb523b5d87,"https://cdn.zeptonow.com/production/tr:w-1280,ar-1500-1500,pr-true,f-auto,q-80/cms/product_variant/6e428629-e58d-462d-bbaf-931a24ea0838.jpg"
"Dairy, Bread & Eggs",Milk,"https://cdn.zeptonow.com/production/tr:w-90,ar-120-121,pr-true,f-auto,q-80/cms/sub_category/87.png",Akshayakalpa Organic Cow Milk - Uht 1 l Combo,Akshayakalpa,250,262,1 l X 2,4.3 (969),In Stock,https://www.zeptonow.com/pn/akshayakalpa-organic-cow-milk-uht-1-l-combo/pvid/bab94356-46f3-451a-9f0b-c96289e5884c,"https://cdn.zeptonow.com/production/tr:w-1280,ar-1494-1494,pr-true,f-auto,q-80/cms/product_variant/9b2c67ca-3e17-4f06-82c2-09f69a24836b.jpg"
"Dairy, Bread & Eggs",Milk,"https://cdn.zeptonow.com/production/tr:w-90,ar-120-121,pr-true,f-auto,q-80/cms/sub_category/87.png",Amulya Dairy Whitener (Box) 200 g Combo,Amul,184,198,200 g X 2,4.2 (458),In Stock,https://www.zeptonow.com/pn/amulya-dairy-whitener-box-200-g-combo/pvid/5f1773fa-8029-47fb-a93c-8da6405c8efb,"https://cdn.zeptonow.com/production/tr:w-1280,ar-1494-1494,pr-true,f-auto,q-80/cms/product_variant/eeb8b94c-dfed-46d7-8c82-33cbdedc52b1.jpg"
"Dairy, Bread & Eggs",Milk,"https://cdn.zeptonow.com/production/tr:w-90,ar-120-121,pr-true,f-auto,q-80/cms/sub_category/87.png",Nandini Good Life Milk Combo,Nandini,84,84,180 ml X 6,4.2 (859),In Stock,https://www.zeptonow.com/pn/nandini-good-life-milk-combo/pvid/8442bf31-0764-4886-96b9-119ca5d54870,"https://cdn.zeptonow.com/production/tr:w-1280,ar-1500-1500,pr-true,f-auto,q-80/inventory/product/df37ec02-d94e-46a2-a7f0-5464dd93196e-Nandini_Good_Life_Milk_(Pack_of_6).jpg"
"Dairy, Bread & Eggs",Milk,"https://cdn.zeptonow.com/production/tr:w-90,ar-120-121,pr-true,f-auto,q-80/cms/sub_category/87.png",Aavin Nice Toned Fresh Milk (Pouch)(1pc) & Banana Robusta(1pc) Combo,Aavin,50,60,2 combo,4.6 (870),In Stock,https://www.zeptonow.com/pn/aavin-nice-toned-fresh-milk-pouch1pc-banana-robusta1pc-combo/pvid/ac662877-a74c-4bd6-a6f4-5b4e318f09ac,"https://cdn.zeptonow.com/production/tr:w-1280,ar-1494-1494,pr-true,f-auto,q-80/cms/product_variant/11cf9530-9910-49da-b669-37adcb3e4105.jpg"
"Dairy, Bread & Eggs",Milk,"https://cdn.zeptonow.com/production/tr:w-90,ar-120-121,pr-true,f-auto,q-80/cms/sub_category/87.png",Akshayakalpa Organic Cow Milk - Uht 1 l Combo,Akshayakalpa,375,393,1 l X 3,4.4 (871),In Stock,https://www.zeptonow.com/pn/akshayakalpa-organic-cow-milk-uht-1-l-combo/pvid/0b79ad3d-036a-49f3-b7bd-43ba509f2296,"https://cdn.zeptonow.com/production/tr:w-1280,ar-1500-1500,pr-true,f-auto,q-80/cms/product_variant/4fd2837b-6762-4f70-b53d-5f78febef534.jpg"
"Dairy, Bread & Eggs",Milk,"https://cdn.zeptonow.com/production/tr:w-90,ar-120-121,pr-true,f-auto,q-80/cms/sub_category/87.png",Nandini Goodlife Toned Milk UHT (Tetra Pack Brick) 1 l Combo,Nandini,840,840,1 l X 12,4.7 (766),In Stock,https://www.zeptonow.com/pn/nandini-goodlife-toned-milk-uht-tetra-pack-brick-1-l-combo/pvid/44389009-99eb-452a-bc46-b664b48e5889,"https://cdn.zeptonow.com/production/tr:w-1280,ar-1500-1500,pr-true,f-auto,q-80/cms/product_variant/682dd8b7-cf6b-4b10-abe5-51c7ef5f7ef3.jpg"
"Dairy, Bread & Eggs",Milk,"https://cdn.zeptonow.com/production/tr:w-90,ar-120-121,pr-true,f-auto,q-80/cms/sub_category/87.png",Akshayakalpa Organic Slim Milk - Uht,Akshayakalpa,135,142,1 L,4.8 (277),Sold Out,https://www.zeptonow.com/pn/akshayakalpa-organic-slim-milk-uht/pvid/94a31e8d-e828-4a4e-9d59-be4fa4da3346,"https://cdn.zeptonow.com/production/tr:w-1280,ar-1000-1000,pr-true,f-auto,q-80/cms/product_variant/8006863e-2494-4ff6-9bb2-6b76919dceb2.jpeg"
"Dairy, Bread & Eggs",Milk,"https://cdn.zeptonow.com/production/tr:w-90,ar-120-121,pr-true,f-auto,q-80/cms/sub_category/87.png",Amulya Dairy Whitener (Pouch),Amul,95,95,200 g,4.8 (2.5k),Sold Out,https://www.zeptonow.com/pn/amulya-dairy-whitener-pouch/pvid/a34bbf26-15d8-4980-b171-137569ff9402,"https://cdn.zeptonow.com/production/tr:w-1280,ar-1001-1001,pr-true,f-auto,q-80/cms/product_variant/53b055a6-035a-4cbd-a6c3-88d183e27ac8.jpg"
"Dairy, Bread & Eggs",Milk,"https://cdn.zeptonow.com/production/tr:w-90,ar-120-121,pr-true,f-auto,q-80/cms/sub_category/87.png",Arokya Standardized Fresh Milk (Pouch),Arokya,34,34,500 ml,4.6 (7.6k),Sold Out,https://www.zeptonow.com/pn/arokya-standardized-fresh-milk-pouch/pvid/df9f14b1-156c-4b88-abdd-438419ddc4cf,"https://cdn.zeptonow.com/production/tr:w-1280,ar-1000-1000,pr-true,f-auto,q-80/cms/product_variant/5c58131e-dab1-4783-b0d4-62e5869b0a01.jpeg"
"Dairy, Bread & Eggs",Yogurt & Shrikhand,"https://cdn.zeptonow.com/production/tr:w-90,ar-1471-1470,pr-true,f-auto,q-80/cms/sub_category/673b3bf0-6beb-4a21-ba79-dbbf8b0684bd.jpeg",Milky Mist Skyr,Milky Mist,266,299,700 g,4.9 (118),In Stock,https://www.zeptonow.com/pn/milky-mist-skyr/pvid/b80aaaac-a1e2-4385-99ce-d6071250f44a,"https://cdn.zeptonow.com/production/tr:w-1280,ar-1600-1600,pr-true,f-auto,q-80/cms/product_variant/972bc091-ef0d-463e-8a9a-86d2affffeb8.jpg"
"Dairy, Bread & Eggs",Yogurt & Shrikhand,"https://cdn.zeptonow.com/production/tr:w-90,ar-1471-1470,pr-true,f-auto,q-80/cms/sub_category/673b3bf0-6beb-4a21-ba79-dbbf8b0684bd.jpeg",Milky Mist Greek Yogurt,Milky Mist,201,225,700 g,4.7 (297),In Stock,https://www.zeptonow.com/pn/milky-mist-greek-yogurt/pvid/826c1982-0d44-4cdc-8fa1-88e9cbc352b5,"https://cdn.zeptonow.com/production/tr:w-1280,ar-1600-1600,pr-true,f-auto,q-80/cms/product_variant/c9f7b448-28aa-4f83-bef8-b885f657190c.jpg"
"Dairy, Bread & Eggs",Yogurt & Shrikhand,"https://cdn.zeptonow.com/production/tr:w-90,ar-1471-1470,pr-true,f-auto,q-80/cms/sub_category/673b3bf0-6beb-4a21-ba79-dbbf8b0684bd.jpeg",Hatsun Fruit Yoghurt Mixed Berry,Hatsun,20,30,100 g,4.7 (244),In Stock,https://www.zeptonow.com/pn/hatsun-fruit-yoghurt-mixed-berry/pvid/8df539f3-cd11-4721-926a-6c6e6bb29c32,"https://cdn.zeptonow.com/production/tr:w-1280,ar-4167-4167,pr-true,f-auto,q-80/cms/product_variant/a2cb8793-967e-431d-939a-1fc4e9170a1e.jpg"
"Dairy, Bread & Eggs",Yogurt & Shrikhand,"https://cdn.zeptonow.com/production/tr:w-90,ar-1471-1470,pr-true,f-auto,q-80/cms/sub_category/673b3bf0-6beb-4a21-ba79-dbbf8b0684bd.jpeg",Hatsun Fruit Yoghurt Rose And Lychee,Hatsun,20,30,100 g,4.8 (196),In Stock,https://www.zeptonow.com/pn/hatsun-fruit-yoghurt-rose-and-lychee/pvid/b95cbf02-e22d-4d24-a4d8-04bf6eef7de5,"https://cdn.zeptonow.com/production/tr:w-1280,ar-4167-4167,pr-true,f-auto,q-80/cms/product_variant/ae82bacc-1f67-4423-96af-722e267d221c.jpg"
"Dairy, Bread & Eggs",Yogurt & Shrikhand,"https://cdn.zeptonow.com/production/tr:w-90,ar-1471-1470,pr-true,f-auto,q-80/cms/sub_category/673b3bf0-6beb-4a21-ba79-dbbf8b0684bd.jpeg",Milky Mist Greek Yogurt,Milky Mist,74,80,225 g,4.2 (275),In Stock,https://www.zeptonow.com/pn/milky-mist-greek-yogurt/pvid/7994b5d8-14ac-4325-ba44-dcf659ad697a,"https://cdn.zeptonow.com/production/tr:w-1280,ar-1600-1600,pr-true,f-auto,q-80/cms/product_variant/060e7a62-dc32-4094-97bb-cbfebb4c6b5c.jpg"
"Dairy, Bread & Eggs",Yogurt & Shrikhand,"https://cdn.zeptonow.com/production/tr:w-90,ar-1471-1470,pr-true,f-auto,q-80/cms/sub_category/673b3bf0-6beb-4a21-ba79-dbbf8b0684bd.jpeg",Hatsun Greek Yoghurt Red Cherry,Hatsun,30,40,100 g,4.2 (114),In Stock,https://www.zeptonow.com/pn/hatsun-greek-yoghurt-red-cherry/pvid/e57fe0d0-abe1-4aac-a3ed-e04e6d6118fc,"https://cdn.zeptonow.com/production/tr:w-1280,ar-4167-4167,pr-true,f-auto,q-80/cms/product_variant/ff3042b6-138e-44c0-879b-3757c601c116.jpg"
"Dairy, Bread & Eggs",Yogurt & Shrikhand,"https://cdn.zeptonow.com/production/tr:w-90,ar-1471-1470,pr-true,f-auto,q-80/cms/sub_category/673b3bf0-6beb-4a21-ba79-dbbf8b0684bd.jpeg",Hatsun Greek Yoghurt Fig And Dates,Hatsun,30,40,100 g,4.4 (109),In Stock,https://www.zeptonow.com/pn/hatsun-greek-yoghurt-fig-and-dates/pvid/df2d524e-7537-4c1f-89d1-7043b9ff83a5,"https://cdn.zeptonow.com/production/tr:w-1280,ar-4167-4167,pr-true,f-auto,q-80/cms/product_variant/b838f221-db2a-482f-82cf-e98fa47f6e9e.jpg"
"Dairy, Bread & Eggs",Yogurt & Shrikhand,"https://cdn.zeptonow.com/production/tr:w-90,ar-1471-1470,pr-true,f-auto,q-80/cms/sub_category/673b3bf0-6beb-4a21-ba79-dbbf8b0684bd.jpeg",Hatsun Yoghurt Shake Strawberry,Hatsun,25,25,175 ml,4.7 (3.7k),In Stock,https://www.zeptonow.com/pn/hatsun-yoghurt-shake-strawberry/pvid/1dc6b1b2-42ca-439d-88a1-2c59b591c915,"https://cdn.zeptonow.com/production/tr:w-1280,ar-1000-1000,pr-true,f-auto,q-80/cms/product_variant/9907f39a-ef8c-4bf4-9843-de837968b84f.jpeg"
"Dairy, Bread & Eggs",Yogurt & Shrikhand,"https://cdn.zeptonow.com/production/tr:w-90,ar-1471-1470,pr-true,f-auto,q-80/cms/sub_category/673b3bf0-6beb-4a21-ba79-dbbf8b0684bd.jpeg",Hatsun Yogurt Drink Blueberry,Hatsun,25,25,175 ml,4.5 (5.2k),In Stock,https://www.zeptonow.com/pn/hatsun-yogurt-drink-blueberry/pvid/ea33c7ca-0888-4bf7-bd09-3b43947bacd6,"https://cdn.zeptonow.com/production/tr:w-1280,ar-2400-2400,pr-true,f-auto,q-80/cms/product_variant/7bc0c9d9-d358-4cc4-936d-29d4416afa58.jpeg"
"Dairy, Bread & Eggs",Yogurt & Shrikhand,"https://cdn.zeptonow.com/production/tr:w-90,ar-1471-1470,pr-true,f-auto,q-80/cms/sub_category/673b3bf0-6beb-4a21-ba79-dbbf8b0684bd.jpeg",Milky Mist Greek Yogurt Blueberry,Milky Mist,39,40,100 g,4.2 (337),In Stock,https://www.zeptonow.com/pn/milky-mist-greek-yogurt-blueberry/pvid/bb1df266-70cb-4c15-8dcc-0acd245fe3ac,"https://cdn.zeptonow.com/production/tr:w-1280,ar-1600-1600,pr-true,f-auto,q-80/cms/product_variant/9245ac61-587a-4857-ad96-eb5e2bca67b7.jpg"
"Dairy, Bread & Eggs",Yogurt & Shrikhand,"https://cdn.zeptonow.com/production/tr:w-90,ar-1471-1470,pr-true,f-auto,q-80/cms/sub_category/673b3bf0-6beb-4a21-ba79-dbbf8b0684bd.jpeg",Hatsun Yoghurt Shake Mango,Hatsun,25,25,175 ml,4.5 (5.9k),In Stock,https://www.zeptonow.com/pn/hatsun-yoghurt-shake-mango/pvid/5b8935dd-8c33-4a70-8dce-62fbe9c9b681,"https://cdn.zeptonow.com/production/tr:w-1280,ar-1000-1000,pr-true,f-auto,q-80/cms/product_variant/0fb4f740-9624-4f8a-985b-b57ea1b63cc9.jpeg"
"Dairy, Bread & Eggs",Yogurt & Shrikhand,"https://cdn.zeptonow.com/production/tr:w-90,ar-1471-1470,pr-true,f-auto,q-80/cms/sub_category/673b3bf0-6beb-4a21-ba79-dbbf8b0684bd.jpeg",Milky Mist Fruit Yogurt Strawberry,Milky Mist,30,30,100 g,4.6 (10.1k),In Stock,https://www.zeptonow.com/pn/milky-mist-fruit-yogurt-strawberry/pvid/02ca9865-7f0e-4053-ba08-5f62b09fd7bb,"https://cdn.zeptonow.com/production/tr:w-1280,ar-1600-1600,pr-true,f-auto,q-80/cms/product_variant/2c92d940-dbc1-4d1a-a7a2-8b151cbefac5.jpeg"
"Dairy, Bread & Eggs",Yogurt & Shrikhand,"https://cdn.zeptonow.com/production/tr:w-90,ar-1471-1470,pr-true,f-auto,q-80/cms/sub_category/673b3bf0-6beb-4a21-ba79-dbbf8b0684bd.jpeg",Milky Mist Fruit Yogurt Blueberry,Milky Mist,30,30,100 g,4.7 (27.8k),In Stock,https://www.zeptonow.com/pn/milky-mist-fruit-yogurt-blueberry/pvid/eeed4cba-822f-4e04-9c04-81e340f25462,"https://cdn.zeptonow.com/production/tr:w-1280,ar-1600-1600,pr-true,f-auto,q-80/cms/product_variant/91a60df8-5561-4e83-aaf0-9dc5f503d45d.jpeg"
"Dairy, Bread & Eggs",Yogurt & Shrikhand,"https://cdn.zeptonow.com/production/tr:w-90,ar-1471-1470,pr-true,f-auto,q-80/cms/sub_category/673b3bf0-6beb-4a21-ba79-dbbf8b0684bd.jpeg",Milky Mist Greek Yogurt,Milky Mist,40,40,100 g,4.3 (13.7k),In Stock,https://www.zeptonow.com/pn/milky-mist-greek-yogurt/pvid/18b892c6-d938-4317-9fe1-37eada03f3c9,"https://cdn.zeptonow.com/production/tr:w-1280,ar-1600-1600,pr-true,f-auto,q-80/cms/product_variant/16cbf1a8-d592-410d-b74d-efe6c021d001.jpeg"
"Dairy, Bread & Eggs",Yogurt & Shrikhand,"https://cdn.zeptonow.com/production/tr:w-90,ar-1471-1470,pr-true,f-auto,q-80/cms/sub_category/673b3bf0-6beb-4a21-ba79-dbbf8b0684bd.jpeg",Milky Mist Elaichi Shrikhand,Milky Mist,40,45,100 g,4.4 (1.3k),In Stock,https://www.zeptonow.com/pn/milky-mist-elaichi-shrikhand/pvid/b2125870-f590-42c1-8ce7-1256aad17881,"https://cdn.zeptonow.com/production/tr:w-1280,ar-1600-1600,pr-true,f-auto,q-80/cms/product_variant/9654fd7c-9ca4-4b10-8ca2-ae93f370cbc0.jpeg"
"Dairy, Bread & Eggs",Yogurt & Shrikhand,"https://cdn.zeptonow.com/production/tr:w-90,ar-1471-1470,pr-true,f-auto,q-80/cms/sub_category/673b3bf0-6beb-4a21-ba79-dbbf8b0684bd.jpeg",Milky Mist Mango Shrikhand,Milky Mist,40,45,100 g,4.6 (2.6k),In Stock,https://www.zeptonow.com/pn/milky-mist-mango-shrikhand/pvid/18e36636-83c0-4c41-b022-d52fed91d985,"https://cdn.zeptonow.com/production/tr:w-1280,ar-1600-1600,pr-true,f-auto,q-80/cms/product_variant/c3cde490-ffe5-4c0f-ad58-5db83ca98874.jpeg"
"Dairy, Bread & Eggs",Yogurt & Shrikhand,"https://cdn.zeptonow.com/production/tr:w-90,ar-1471-1470,pr-true,f-auto,q-80/cms/sub_category/673b3bf0-6beb-4a21-ba79-dbbf8b0684bd.jpeg",Milky Mist Fruit Yogurt Peach,Milky Mist,30,30,100 g,4.1 (2.3k),In Stock,https://www.zeptonow.com/pn/milky-mist-fruit-yogurt-peach/pvid/7249bbdf-9096-4da6-ba80-3727d189dfaa,"https://cdn.zeptonow.com/production/tr:w-1280,ar-1600-1600,pr-true,f-auto,q-80/cms/product_variant/4b1831ba-0193-4a9f-910d-3c394f698095.jpeg"
"Dairy, Bread & Eggs",Yogurt & Shrikhand,"https://cdn.zeptonow.com/production/tr:w-90,ar-1471-1470,pr-true,f-auto,q-80/cms/sub_category/673b3bf0-6beb-4a21-ba79-dbbf8b0684bd.jpeg","epigamia 50 g Protein Turbo Yogurt, Natural",Epigamia,309,325,430 g,4.7 (1.1k),In Stock,https://www.zeptonow.com/pn/epigamia-50-g-protein-turbo-yogurt-natural/pvid/fb45e3d9-1509-4654-834d-4174a939a5de,"https://cdn.zeptonow.com/production/tr:w-1280,ar-1500-1500,pr-true,f-auto,q-80/cms/product_variant/2524b04d-09a4-439f-b26b-63aa4ff23114.jpeg"
"Dairy, Bread & Eggs",Yogurt & Shrikhand,"https://cdn.zeptonow.com/production/tr:w-90,ar-1471-1470,pr-true,f-auto,q-80/cms/sub_category/673b3bf0-6beb-4a21-ba79-dbbf8b0684bd.jpeg",Epigamia Greek Yogurt- Natural,Epigamia,238,250,400 g,4.5 (7.5k),In Stock,https://www.zeptonow.com/pn/epigamia-greek-yogurt-natural/pvid/5fef1d45-2fc1-4fcc-a2ad-5391a56a7623,"https://cdn.zeptonow.com/production/tr:w-1280,ar-1500-1500,pr-true,f-auto,q-80/cms/product_variant/4b2e0c92-f101-4f72-a376-c5e612137579.jpeg"
"Dairy, Bread & Eggs",Yogurt & Shrikhand,"https://cdn.zeptonow.com/production/tr:w-90,ar-1471-1470,pr-true,f-auto,q-80/cms/sub_category/673b3bf0-6beb-4a21-ba79-dbbf8b0684bd.jpeg",Epigamia 17g Protein Turbo Yogurt Natural,Epigamia,124,125,140 g,4.4 (857),In Stock,https://www.zeptonow.com/pn/epigamia-17g-protein-turbo-yogurt-natural/pvid/37d14f3d-babd-4718-ba43-5ccfee866459,"https://cdn.zeptonow.com/production/tr:w-1280,ar-1500-1500,pr-true,f-auto,q-80/cms/product_variant/7b58d68f-3bd7-402b-bd53-02949cb497cc.jpeg"
"Dairy, Bread & Eggs",Yogurt & Shrikhand,"https://cdn.zeptonow.com/production/tr:w-90,ar-1471-1470,pr-true,f-auto,q-80/cms/sub_category/673b3bf0-6beb-4a21-ba79-dbbf8b0684bd.jpeg","epigamia 15 g Protein Turbo Yogurt, Strawberry",Epigamia,124,125,140 g,4 (561),In Stock,https://www.zeptonow.com/pn/epigamia-15-g-protein-turbo-yogurt-strawberry/pvid/cd232228-2cda-4f1a-9d65-d1f6fbc4371c,"https://cdn.zeptonow.com/production/tr:w-1280,ar-1500-1500,pr-true,f-auto,q-80/cms/product_variant/f401df8d-d8f2-4719-b7eb-783519b199fd.jpeg"
"Dairy, Bread & Eggs",Yogurt & Shrikhand,"https://cdn.zeptonow.com/production/tr:w-90,ar-1471-1470,pr-true,f-auto,q-80/cms/sub_category/673b3bf0-6beb-4a21-ba79-dbbf8b0684bd.jpeg",Epigamia No Added Sugar Mixed Berry Yogurt,Epigamia,70,70,85 g,4.3 (469),In Stock,https://www.zeptonow.com/pn/epigamia-no-added-sugar-mixed-berry-yogurt/pvid/c3fbff7b-cbee-4bd5-8568-5907562403e4,"https://cdn.zeptonow.com/production/tr:w-1280,ar-1500-1500,pr-true,f-auto,q-80/cms/product_variant/6aa4f461-1230-4e5b-9638-43b7a949470e.jpg"
"Dairy, Bread & Eggs",Yogurt & Shrikhand,"https://cdn.zeptonow.com/production/tr:w-90,ar-1471-1470,pr-true,f-auto,q-80/cms/sub_category/673b3bf0-6beb-4a21-ba79-dbbf8b0684bd.jpeg",Epigamia No Added Sugar Blueberry Yogurt,Epigamia,70,70,85 g,4.8 (266),In Stock,https://www.zeptonow.com/pn/epigamia-no-added-sugar-blueberry-yogurt/pvid/7479dbdd-2709-43e4-a8b3-aeed6fdf1aab,"https://cdn.zeptonow.com/production/tr:w-1280,ar-1500-1500,pr-true,f-auto,q-80/cms/product_variant/d9eeaf36-35e3-4784-86c7-1b8bb5702f72.jpg"
"Dairy, Bread & Eggs",Yogurt & Shrikhand,"https://cdn.zeptonow.com/production/tr:w-90,ar-1471-1470,pr-true,f-auto,q-80/cms/sub_category/673b3bf0-6beb-4a21-ba79-dbbf8b0684bd.jpeg",Epigamia No Added Sugar Strawberry Yogurt,Epigamia,70,70,85 g,4.1 (325),In Stock,https://www.zeptonow.com/pn/epigamia-no-added-sugar-strawberry-yogurt/pvid/4e665c72-3eb9-4014-bc56-770ca8aefaf8,"https://cdn.zeptonow.com/production/tr:w-1280,ar-1500-1500,pr-true,f-auto,q-80/cms/product_variant/9c4548d4-06e8-462d-a2cc-ba9b6efd87a8.jpg"
"Dairy, Bread & Eggs",Yogurt & Shrikhand,"https://cdn.zeptonow.com/production/tr:w-90,ar-1471-1470,pr-true,f-auto,q-80/cms/sub_category/673b3bf0-6beb-4a21-ba79-dbbf8b0684bd.jpeg",Epigamia Mango Crunch Cup - Greek Yogurt With Granola,Epigamia,96,100,115 g,4.4 (95),In Stock,https://www.zeptonow.com/pn/epigamia-mango-crunch-cup-greek-yogurt-with-granola/pvid/4dc27a4d-0b5d-42ad-b505-856994ff6aa5,"https://cdn.zeptonow.com/production/tr:w-1280,ar-1501-1500,pr-true,f-auto,q-80/cms/product_variant/3ce5c1f0-a9a3-44d4-a174-e251796b543c.jpeg"
"Dairy, Bread & Eggs",Yogurt & Shrikhand,"https://cdn.zeptonow.com/production/tr:w-90,ar-1471-1470,pr-true,f-auto,q-80/cms/sub_category/673b3bf0-6beb-4a21-ba79-dbbf8b0684bd.jpeg",Epigamia Greek Yogurt Blueberry,Epigamia,60,60,85 g,4.5 (8.0k),In Stock,https://www.zeptonow.com/pn/epigamia-greek-yogurt-blueberry/pvid/8cb40c84-7ae8-4eab-b4dc-920aff7dd9e8,"https://cdn.zeptonow.com/production/tr:w-1280,ar-1500-1500,pr-true,f-auto,q-80/cms/product_variant/6f7c0fc5-4869-4f40-8f1c-8b139c39a888.jpeg"
"Dairy, Bread & Eggs",Yogurt & Shrikhand,"https://cdn.zeptonow.com/production/tr:w-90,ar-1471-1470,pr-true,f-auto,q-80/cms/sub_category/673b3bf0-6beb-4a21-ba79-dbbf8b0684bd.jpeg",Epigamia Natural Crunch Cup | Greek Yogurt With Granola,Epigamia,100,100,115 g,4.3 (134),In Stock,https://www.zeptonow.com/pn/epigamia-natural-crunch-cup-greek-yogurt-with-granola/pvid/77399c67-097d-453b-88b2-e9fa708753ed,"https://cdn.zeptonow.com/production/tr:w-1280,ar-1501-1500,pr-true,f-auto,q-80/cms/product_variant/620aa1b7-2de3-45d1-a8bb-0d14bb40a991.jpeg"
"Dairy, Bread & Eggs",Yogurt & Shrikhand,"https://cdn.zeptonow.com/production/tr:w-90,ar-1471-1470,pr-true,f-auto,q-80/cms/sub_category/673b3bf0-6beb-4a21-ba79-dbbf8b0684bd.jpeg",Epigamia Greek Yogurt- Alphonso Mango,Epigamia,60,60,85 g,4.6 (3.3k),In Stock,https://www.zeptonow.com/pn/epigamia-greek-yogurt-alphonso-mango/pvid/03ea892c-6de0-423a-a2a2-e531f220fb86,"https://cdn.zeptonow.com/production/tr:w-1280,ar-1500-1500,pr-true,f-auto,q-80/cms/product_variant/cb065ba3-71c9-46a5-82fe-db88fd8ac092.jpeg"
"Dairy, Bread & Eggs",Yogurt & Shrikhand,"https://cdn.zeptonow.com/production/tr:w-90,ar-1471-1470,pr-true,f-auto,q-80/cms/sub_category/673b3bf0-6beb-4a21-ba79-dbbf8b0684bd.jpeg",Epigamia Greek Yogurt- Strawberry,Epigamia,60,60,85 g,4.3 (2.2k),In Stock,https://www.zeptonow.com/pn/epigamia-greek-yogurt-strawberry/pvid/2134223d-5881-45f1-886b-34ca9c871289,"https://cdn.zeptonow.com/production/tr:w-1280,ar-1500-1500,pr-true,f-auto,q-80/cms/product_variant/24edddf4-e671-477f-91ec-3564a5cbb367.jpeg"
"Dairy, Bread & Eggs",Yogurt & Shrikhand,"https://cdn.zeptonow.com/production/tr:w-90,ar-1471-1470,pr-true,f-auto,q-80/cms/sub_category/673b3bf0-6beb-4a21-ba79-dbbf8b0684bd.jpeg",Epigamia Greek Yogurt- Vanilla Bean,Epigamia,60,60,85 g,4.4 (818),In Stock,https://www.zeptonow.com/pn/epigamia-greek-yogurt-vanilla-bean/pvid/d1cde821-3a20-4041-a5aa-e5ef041c3473,"https://cdn.zeptonow.com/production/tr:w-1280,ar-2400-2400,pr-true,f-auto,q-80/cms/product_variant/072e28c4-1881-4d36-af7f-75ddafccb4ec.jpeg"
"Dairy, Bread & Eggs",Yogurt & Shrikhand,"https://cdn.zeptonow.com/production/tr:w-90,ar-1471-1470,pr-true,f-auto,q-80/cms/sub_category/673b3bf0-6beb-4a21-ba79-dbbf8b0684bd.jpeg",Epigamia Greek Yogurt- Raspberry,Epigamia,60,60,90 g,4.7 (2.5k),In Stock,https://www.zeptonow.com/pn/epigamia-greek-yogurt-raspberry/pvid/0dc04b66-61e5-465a-954c-174270062b30,"https://cdn.zeptonow.com/production/tr:w-1280,ar-1500-1500,pr-true,f-auto,q-80/cms/product_variant/a5862cb6-295c-41cc-8a1f-1f9d91d6e5e6.jpeg"
"Dairy, Bread & Eggs",Yogurt & Shrikhand,"https://cdn.zeptonow.com/production/tr:w-90,ar-1471-1470,pr-true,f-auto,q-80/cms/sub_category/673b3bf0-6beb-4a21-ba79-dbbf8b0684bd.jpeg",Epigamia Lychee Flavoured Yogurt,Epigamia,25,25,75 g,4.4 (4.8k),In Stock,https://www.zeptonow.com/pn/epigamia-lychee-flavoured-yogurt/pvid/5de3b2d0-82a6-4d7d-b42a-ec241b6903ce,"https://cdn.zeptonow.com/production/tr:w-1280,ar-1029-859,pr-true,f-auto,q-80/cms/product_variant/06fc7d81-6e5c-475b-92b1-35899d96d879.jpg"
"Dairy, Bread & Eggs",Yogurt & Shrikhand,"https://cdn.zeptonow.com/production/tr:w-90,ar-1471-1470,pr-true,f-auto,q-80/cms/sub_category/673b3bf0-6beb-4a21-ba79-dbbf8b0684bd.jpeg",Epigamia Fruit Yogurt- Strawberry,Epigamia,35,35,75 g,4.1 (3.4k),In Stock,https://www.zeptonow.com/pn/epigamia-fruit-yogurt-strawberry/pvid/6c57ecc4-b982-4a90-9674-c4691aeb2c08,"https://cdn.zeptonow.com/production/tr:w-1280,ar-1501-1500,pr-true,f-auto,q-80/cms/product_variant/53d6d370-635d-40eb-8893-0a146f1c73a7.jpeg"
"Dairy, Bread & Eggs",Yogurt & Shrikhand,"https://cdn.zeptonow.com/production/tr:w-90,ar-1471-1470,pr-true,f-auto,q-80/cms/sub_category/673b3bf0-6beb-4a21-ba79-dbbf8b0684bd.jpeg",Hatsun Greek Yoghurt Red Cherry 100 g X 2 Combo,Hatsun,40,80,100 g X 2,4.2 (231),In Stock,https://www.zeptonow.com/pn/hatsun-greek-yoghurt-red-cherry-100-g-x-2-combo/pvid/642994a4-3fa3-4c07-8b22-43f59c3dfb23,"https://cdn.zeptonow.com/production/tr:w-1280,ar-1200-1200,pr-true,f-auto,q-80/cms/product_variant/05db3899-e48f-4e07-b940-a7730bed8fa2.jpg"
"Dairy, Bread & Eggs",Yogurt & Shrikhand,"https://cdn.zeptonow.com/production/tr:w-90,ar-1471-1470,pr-true,f-auto,q-80/cms/sub_category/673b3bf0-6beb-4a21-ba79-dbbf8b0684bd.jpeg",Hatsun Fruit Yoghurt Rose And Lychee 100 g X 2 Combo,Hatsun,30,60,100 g X 2,4.2 (132),In Stock,https://www.zeptonow.com/pn/hatsun-fruit-yoghurt-rose-and-lychee-100-g-x-2-combo/pvid/433abbc2-e76b-48a6-b83d-06546b9d47ed,"https://cdn.zeptonow.com/production/tr:w-1280,ar-1200-1200,pr-true,f-auto,q-80/cms/product_variant/b710994c-fc5a-4db1-8f9f-493df14879fd.jpg"
"Dairy, Bread & Eggs",Yogurt & Shrikhand,"https://cdn.zeptonow.com/production/tr:w-90,ar-1471-1470,pr-true,f-auto,q-80/cms/sub_category/673b3bf0-6beb-4a21-ba79-dbbf8b0684bd.jpeg",Hatsun Fruit Yoghurt Mixed Berry 100 g X 2 Combo,Hatsun,30,60,100 g X 2,4.5 (871),In Stock,https://www.zeptonow.com/pn/hatsun-fruit-yoghurt-mixed-berry-100-g-x-2-combo/pvid/2d350643-4ca7-4dde-9f76-d97c77966753,"https://cdn.zeptonow.com/production/tr:w-1280,ar-1200-1200,pr-true,f-auto,q-80/cms/product_variant/9e5f1f16-841d-4bf6-a861-29f96c486139.jpg"
"Dairy, Bread & Eggs",Yogurt & Shrikhand,"https://cdn.zeptonow.com/production/tr:w-90,ar-1471-1470,pr-true,f-auto,q-80/cms/sub_category/673b3bf0-6beb-4a21-ba79-dbbf8b0684bd.jpeg",Hatsun Greek Yoghurt Fig And Dates 100 g X 2 Combo,Hatsun,40,80,100 g X 2,4.4 (713),In Stock,https://www.zeptonow.com/pn/hatsun-greek-yoghurt-fig-and-dates-100-g-x-2-combo/pvid/8fff29d4-c128-425c-8c1d-e7b8cdc21e0a,"https://cdn.zeptonow.com/production/tr:w-1280,ar-1200-1200,pr-true,f-auto,q-80/cms/product_variant/128625a7-1f81-4bac-b45d-6aa50a2b9dcf.jpg"
"Dairy, Bread & Eggs",Yogurt & Shrikhand,"https://cdn.zeptonow.com/production/tr:w-90,ar-1471-1470,pr-true,f-auto,q-80/cms/sub_category/673b3bf0-6beb-4a21-ba79-dbbf8b0684bd.jpeg",Milky Mist Fruit Yogurt Peach 100 ml Combo,Milky Mist,84,90,100 ml X 3,4.6 (961),In Stock,https://www.zeptonow.com/pn/milky-mist-fruit-yogurt-peach-100-ml-combo/pvid/a4859ddc-3385-486c-beb7-028a906f25f4,"https://cdn.zeptonow.com/production/tr:w-1280,ar-1500-1500,pr-true,f-auto,q-80/cms/product_variant/9bb483b4-d2f3-462d-9c93-40fe6e2ef517.jpg"
"Dairy, Bread & Eggs",Yogurt & Shrikhand,"https://cdn.zeptonow.com/production/tr:w-90,ar-1471-1470,pr-true,f-auto,q-80/cms/sub_category/673b3bf0-6beb-4a21-ba79-dbbf8b0684bd.jpeg",Milky Mist Fruit Yogurt Blueberry 100 ml Combo,Milky Mist,56,60,100 ml X 2,4.4 (492),In Stock,https://www.zeptonow.com/pn/milky-mist-fruit-yogurt-blueberry-100-ml-combo/pvid/f0396267-7a75-4804-8fcd-88e7f9124e60,"https://cdn.zeptonow.com/production/tr:w-1280,ar-1500-1500,pr-true,f-auto,q-80/inventory/product/9d7ec30d-1be9-4833-87af-01b1ad473376-2680.jpg"
"Dairy, Bread & Eggs",Yogurt & Shrikhand,"https://cdn.zeptonow.com/production/tr:w-90,ar-1471-1470,pr-true,f-auto,q-80/cms/sub_category/673b3bf0-6beb-4a21-ba79-dbbf8b0684bd.jpeg",Milky Mist Fruit Yogurt Blueberry 100 ml Combo,Milky Mist,81,90,100 ml X 3,4.2 (885),In Stock,https://www.zeptonow.com/pn/milky-mist-fruit-yogurt-blueberry-100-ml-combo/pvid/d23a3d9c-0703-4a9c-b67f-1728ed0ad80c,"https://cdn.zeptonow.com/production/tr:w-1280,ar-1500-1500,pr-true,f-auto,q-80/cms/product_variant/299b140b-0db2-408d-b4c9-a7c1c031dc37.jpg"
"Dairy, Bread & Eggs",Yogurt & Shrikhand,"https://cdn.zeptonow.com/production/tr:w-90,ar-1471-1470,pr-true,f-auto,q-80/cms/sub_category/673b3bf0-6beb-4a21-ba79-dbbf8b0684bd.jpeg",Hatsun Yogurt Drink-Mango Combo,Hatsun,46,50,175 ml X 2,4.6 (840),In Stock,https://www.zeptonow.com/pn/hatsun-yogurt-drink-mango-combo/pvid/a1032c7b-3464-4376-972c-0b4a6e740337,"https://cdn.zeptonow.com/production/tr:w-1280,ar-1500-1500,pr-true,f-auto,q-80/inventory/product/27d45fe5-d570-4543-8a5d-837443fd6c37-406.jpg"
"Dairy, Bread & Eggs",Yogurt & Shrikhand,"https://cdn.zeptonow.com/production/tr:w-90,ar-1471-1470,pr-true,f-auto,q-80/cms/sub_category/673b3bf0-6beb-4a21-ba79-dbbf8b0684bd.jpeg",Hatsun Yoghurt Shake Strawberry 175 ml Combo,Hatsun,46,50,175 ml X 2,4.5 (112),In Stock,https://www.zeptonow.com/pn/hatsun-yoghurt-shake-strawberry-175-ml-combo/pvid/3ffa8614-ad75-4df7-84dc-0f0e227289cc,"https://cdn.zeptonow.com/production/tr:w-1280,ar-1500-1500,pr-true,f-auto,q-80/inventory/product/13ad2740-152c-4e29-8c16-8ec84ea2caa9-Hatsun_Yogurt_Drink-_Strawberry_(Pack_of_2).jpg"
"Dairy, Bread & Eggs",Yogurt & Shrikhand,"https://cdn.zeptonow.com/production/tr:w-90,ar-1471-1470,pr-true,f-auto,q-80/cms/sub_category/673b3bf0-6beb-4a21-ba79-dbbf8b0684bd.jpeg",Yakult Light Probiotic Fermented Milk Drink 325 ml Combo,Yakult,188,200,325 ml X 2,4.4 (184),In Stock,https://www.zeptonow.com/pn/yakult-light-probiotic-fermented-milk-drink-325-ml-combo/pvid/39384d08-1bff-41b5-88cf-919f0655485e,"https://cdn.zeptonow.com/production/tr:w-1280,ar-1200-1200,pr-true,f-auto,q-80/cms/product_variant/11f9dcc7-843f-4315-b637-3507d302b19a.jpg"
"Dairy, Bread & Eggs",Yogurt & Shrikhand,"https://cdn.zeptonow.com/production/tr:w-90,ar-1471-1470,pr-true,f-auto,q-80/cms/sub_category/673b3bf0-6beb-4a21-ba79-dbbf8b0684bd.jpeg",Yakult Probiotic Fermented Milk Drink 325 ml Combo,Yakult,166,180,325 ml X 2,4.7 (255),In Stock,https://www.zeptonow.com/pn/yakult-probiotic-fermented-milk-drink-325-ml-combo/pvid/6934e4ba-b535-45c2-a5a6-41bb19f386dc,"https://cdn.zeptonow.com/production/tr:w-1280,ar-1200-1200,pr-true,f-auto,q-80/cms/product_variant/06fc087c-71bb-410b-8a88-6bfce9391b20.jpg"
"Dairy, Bread & Eggs",Yogurt & Shrikhand,"https://cdn.zeptonow.com/production/tr:w-90,ar-1471-1470,pr-true,f-auto,q-80/cms/sub_category/673b3bf0-6beb-4a21-ba79-dbbf8b0684bd.jpeg",Hatsun Yogurt Drink Blueberry 175 ml Combo,Hatsun,46,50,175 ml X 2,4.3 (402),In Stock,https://www.zeptonow.com/pn/hatsun-yogurt-drink-blueberry-175-ml-combo/pvid/b9c2f5b3-72d3-4b35-956d-08a22c13ebaa,"https://cdn.zeptonow.com/production/tr:w-1280,ar-1500-1500,pr-true,f-auto,q-80/inventory/product/7db7e02a-7351-4900-bc3b-bdef15e42d88-679.jpg"
"Dairy, Bread & Eggs",Yogurt & Shrikhand,"https://cdn.zeptonow.com/production/tr:w-90,ar-1471-1470,pr-true,f-auto,q-80/cms/sub_category/673b3bf0-6beb-4a21-ba79-dbbf8b0684bd.jpeg",Milky Mist Fruit Yogurt Blueberry 100 ml Combo,Milky Mist,120,120,100 ml X 4,4.6 (183),In Stock,https://www.zeptonow.com/pn/milky-mist-fruit-yogurt-blueberry-100-ml-combo/pvid/4f532e49-b86d-4758-a46b-92e2da879355,"https://cdn.zeptonow.com/production/tr:w-1280,ar-1500-1500,pr-true,f-auto,q-80/cms/product_variant/ff58bd76-7486-4deb-9cae-f56c67294715.jpg"
"Dairy, Bread & Eggs",Yogurt & Shrikhand,"https://cdn.zeptonow.com/production/tr:w-90,ar-1471-1470,pr-true,f-auto,q-80/cms/sub_category/673b3bf0-6beb-4a21-ba79-dbbf8b0684bd.jpeg",Yakult Light Probiotic Fermented Milk Drink 325 ml Combo,Yakult,267,300,325 ml X 3,4.7 (970),In Stock,https://www.zeptonow.com/pn/yakult-light-probiotic-fermented-milk-drink-325-ml-combo/pvid/f5e9aa47-3cf9-4f0f-837f-fdb762699b63,"https://cdn.zeptonow.com/production/tr:w-1280,ar-1200-1200,pr-true,f-auto,q-80/cms/product_variant/b763349e-855a-4daa-911f-16a61d749b9c.jpg"
"Dairy, Bread & Eggs",Yogurt & Shrikhand,"https://cdn.zeptonow.com/production/tr:w-90,ar-1471-1470,pr-true,f-auto,q-80/cms/sub_category/673b3bf0-6beb-4a21-ba79-dbbf8b0684bd.jpeg",Yakult Probiotic Fermented Milk Drink 325 ml Combo,Yakult,234,270,325 ml X 3,4.3 (473),In Stock,https://www.zeptonow.com/pn/yakult-probiotic-fermented-milk-drink-325-ml-combo/pvid/09e143f7-6147-4dbe-a620-a4036a854ec1,"https://cdn.zeptonow.com/production/tr:w-1280,ar-1200-1200,pr-true,f-auto,q-80/cms/product_variant/57b16b87-926a-487a-adea-2e2df5ec1e82.jpg"
"Dairy, Bread & Eggs",Yogurt & Shrikhand,"https://cdn.zeptonow.com/production/tr:w-90,ar-1471-1470,pr-true,f-auto,q-80/cms/sub_category/673b3bf0-6beb-4a21-ba79-dbbf8b0684bd.jpeg",Milky Mist Mango Shrikhand 100 g Combo,Milky Mist,105,135,100 g X 3,4.7 (776),In Stock,https://www.zeptonow.com/pn/milky-mist-mango-shrikhand-100-g-combo/pvid/9c53d893-1c7e-4887-aae4-dfea202fc435,"https://cdn.zeptonow.com/production/tr:w-1280,ar-1500-1500,pr-true,f-auto,q-80/cms/product_variant/aa2614c4-290a-4e43-8c6b-db19dce32659.jpg"
"Dairy, Bread & Eggs",Yogurt & Shrikhand,"https://cdn.zeptonow.com/production/tr:w-90,ar-1471-1470,pr-true,f-auto,q-80/cms/sub_category/673b3bf0-6beb-4a21-ba79-dbbf8b0684bd.jpeg",Epigamia Lychee Flavoured Yogurt 75 g Combo,Epigamia,66,75,75 g X 3,4.5 (681),In Stock,https://www.zeptonow.com/pn/epigamia-lychee-flavoured-yogurt-75-g-combo/pvid/99696d20-3a6a-4bae-b644-662c6c987b9b,"https://cdn.zeptonow.com/production/tr:w-1280,ar-1494-1494,pr-true,f-auto,q-80/cms/product_variant/013b853f-4be8-43b1-a698-f832e97a8f8d.jpg"
"Dairy, Bread & Eggs",Yogurt & Shrikhand,"https://cdn.zeptonow.com/production/tr:w-90,ar-1471-1470,pr-true,f-auto,q-80/cms/sub_category/673b3bf0-6beb-4a21-ba79-dbbf8b0684bd.jpeg",Milky Mist Elaichi Shrikhand 100 g Combo,Milky Mist,74,90,100 g X 2,4.4 (414),In Stock,https://www.zeptonow.com/pn/milky-mist-elaichi-shrikhand-100-g-combo/pvid/e2a4d302-3cb0-4328-a79f-beb403e6373d,"https://cdn.zeptonow.com/production/tr:w-1280,ar-1500-1500,pr-true,f-auto,q-80/inventory/product/30b5ca74-dc1d-4511-8f5f-99d160960b9f-2685.jpg"
"Dairy, Bread & Eggs",Yogurt & Shrikhand,"https://cdn.zeptonow.com/production/tr:w-90,ar-1471-1470,pr-true,f-auto,q-80/cms/sub_category/673b3bf0-6beb-4a21-ba79-dbbf8b0684bd.jpeg",Milky Mist Mango Shrikhand 100 g Combo,Milky Mist,74,90,100 g X 2,4.3 (794),In Stock,https://www.zeptonow.com/pn/milky-mist-mango-shrikhand-100-g-combo/pvid/8663403e-fca0-48f3-ad5c-0e9fc37d39ac,"https://cdn.zeptonow.com/production/tr:w-1280,ar-1500-1500,pr-true,f-auto,q-80/inventory/product/b5659106-0205-4439-9c46-05e67b7f8469-2684.jpg"
"Dairy, Bread & Eggs",Yogurt & Shrikhand,"https://cdn.zeptonow.com/production/tr:w-90,ar-1471-1470,pr-true,f-auto,q-80/cms/sub_category/673b3bf0-6beb-4a21-ba79-dbbf8b0684bd.jpeg",Epigamia Greek Yogurt- Strawberry 85 g Combo,Epigamia,118,120,85 g X 2,4.3 (888),In Stock,https://www.zeptonow.com/pn/epigamia-greek-yogurt-strawberry-85-g-combo/pvid/eabedfd5-fa33-4f7b-b2b4-c1c3aa172ce3,"https://cdn.zeptonow.com/production/tr:w-1280,ar-1500-1500,pr-true,f-auto,q-80/inventory/product/bfc4f7ea-4a93-4e23-9bbc-4bb95810b8bd-535.jpg"
"Dairy, Bread & Eggs",Yogurt & Shrikhand,"https://cdn.zeptonow.com/production/tr:w-90,ar-1471-1470,pr-true,f-auto,q-80/cms/sub_category/673b3bf0-6beb-4a21-ba79-dbbf8b0684bd.jpeg",Epigamia Fruit Yogurt- Strawberry 75 g Combo,Epigamia,99,105,75 g X 3,4.4 (905),In Stock,https://www.zeptonow.com/pn/epigamia-fruit-yogurt-strawberry-75-g-combo/pvid/2d8287bb-cc2b-470b-90cc-b77fe63c45f4,"https://cdn.zeptonow.com/production/tr:w-1280,ar-1500-1500,pr-true,f-auto,q-80/inventory/product/c83b533e-56d9-468a-a365-5cf52f05df15-362.jpg"
"Dairy, Bread & Eggs",Yogurt & Shrikhand,"https://cdn.zeptonow.com/production/tr:w-90,ar-1471-1470,pr-true,f-auto,q-80/cms/sub_category/673b3bf0-6beb-4a21-ba79-dbbf8b0684bd.jpeg",Epigamia Greek Yogurt- Strawberry 85 g Combo,Epigamia,162,180,85 g X 3,4.3 (592),In Stock,https://www.zeptonow.com/pn/epigamia-greek-yogurt-strawberry-85-g-combo/pvid/acda2271-bc49-4bea-ae5d-7e15e84010a4,"https://cdn.zeptonow.com/production/tr:w-1280,ar-1500-1500,pr-true,f-auto,q-80/inventory/product/acdc4009-fd10-4d83-90f2-351ac40a6b48-367.jpg"
"Dairy, Bread & Eggs",Yogurt & Shrikhand,"https://cdn.zeptonow.com/production/tr:w-90,ar-1471-1470,pr-true,f-auto,q-80/cms/sub_category/673b3bf0-6beb-4a21-ba79-dbbf8b0684bd.jpeg",Epigamia Greek Yogurt- Raspberry 85 g Combo,Epigamia,162,180,85 g X 3,4.2 (684),In Stock,https://www.zeptonow.com/pn/epigamia-greek-yogurt-raspberry-85-g-combo/pvid/47bdb668-5378-4545-90d0-3b401a8cfe32,"https://cdn.zeptonow.com/production/tr:w-1280,ar-1500-1500,pr-true,f-auto,q-80/inventory/product/08bbe10a-1047-4caf-81c8-39a741ad469f-366.jpg"
"Dairy, Bread & Eggs",Yogurt & Shrikhand,"https://cdn.zeptonow.com/production/tr:w-90,ar-1471-1470,pr-true,f-auto,q-80/cms/sub_category/673b3bf0-6beb-4a21-ba79-dbbf8b0684bd.jpeg",Epigamia Turbo 12 g Protein Yogurt | Strawberry 140 g Combo,Epigamia,232,250,140 g X 2,4.7 (953),In Stock,https://www.zeptonow.com/pn/epigamia-turbo-12-g-protein-yogurt-strawberry-140-g-combo/pvid/0a32ed6f-03be-4724-a9a9-2ad8630b1cbd,"https://cdn.zeptonow.com/production/tr:w-1280,ar-1500-1500,pr-true,f-auto,q-80/cms/product_variant/8ace2f8b-38b4-4186-9aa9-74ce7f4ed64a.jpg"
"Dairy, Bread & Eggs",Yogurt & Shrikhand,"https://cdn.zeptonow.com/production/tr:w-90,ar-1471-1470,pr-true,f-auto,q-80/cms/sub_category/673b3bf0-6beb-4a21-ba79-dbbf8b0684bd.jpeg",Yakult Mango 325 ml Combo,Yakult,190,200,325 ml X 2,4.2 (882),In Stock,https://www.zeptonow.com/pn/yakult-mango-325-ml-combo/pvid/5ed758d2-5d31-4854-aa3f-d7f746ae1717,"https://cdn.zeptonow.com/production/tr:w-1280,ar-1200-1200,pr-true,f-auto,q-80/cms/product_variant/14278cec-e423-4ddd-b58f-a08cf1a27f50.jpg"
"Dairy, Bread & Eggs",Yogurt & Shrikhand,"https://cdn.zeptonow.com/production/tr:w-90,ar-1471-1470,pr-true,f-auto,q-80/cms/sub_category/673b3bf0-6beb-4a21-ba79-dbbf8b0684bd.jpeg",epigamia 50 g Protein Turbo Greek Yogurt - Natural 430 g Combo,Epigamia,572,650,430 g X 2,4.7 (387),In Stock,https://www.zeptonow.com/pn/epigamia-50-g-protein-turbo-greek-yogurt-natural-430-g-combo/pvid/7987dd33-b544-4679-a3be-b74ef6df177b,"https://cdn.zeptonow.com/production/tr:w-1280,ar-1500-1500,pr-true,f-auto,q-80/cms/product_variant/b944e1ef-c4aa-404e-a60f-f560aae8f13f.jpg"
"Dairy, Bread & Eggs",Yogurt & Shrikhand,"https://cdn.zeptonow.com/production/tr:w-90,ar-1471-1470,pr-true,f-auto,q-80/cms/sub_category/673b3bf0-6beb-4a21-ba79-dbbf8b0684bd.jpeg",Epigamia Greek Yogurt- Raspberry 85 g Combo,Epigamia,118,120,85 g X 2,4.5 (106),In Stock,https://www.zeptonow.com/pn/epigamia-greek-yogurt-raspberry-85-g-combo/pvid/cf3a26bb-7c18-49b6-9015-adce3df9365f,"https://cdn.zeptonow.com/production/tr:w-1280,ar-1500-1500,pr-true,f-auto,q-80/inventory/product/7aa6b28a-4cf9-458f-afd2-156adeea0604-536.jpg"
"Dairy, Bread & Eggs",Yogurt & Shrikhand,"https://cdn.zeptonow.com/production/tr:w-90,ar-1471-1470,pr-true,f-auto,q-80/cms/sub_category/673b3bf0-6beb-4a21-ba79-dbbf8b0684bd.jpeg",Milky Mist Skyr,Milky Mist,125,130,225 g,4.6 (197),Sold Out,https://www.zeptonow.com/pn/milky-mist-skyr/pvid/ba6a58a0-d07b-4e3b-86be-b62c6f2de799,"https://cdn.zeptonow.com/production/tr:w-1280,ar-1600-1600,pr-true,f-auto,q-80/cms/product_variant/38541ac9-346e-4d6e-bb81-90dc007519f4.jpg"
"Dairy, Bread & Eggs",Yogurt & Shrikhand,"https://cdn.zeptonow.com/production/tr:w-90,ar-1471-1470,pr-true,f-auto,q-80/cms/sub_category/673b3bf0-6beb-4a21-ba79-dbbf8b0684bd.jpeg",Milky Mist Skyr,Milky Mist,56,60,100 g,4.2 (2.3k),Sold Out,https://www.zeptonow.com/pn/milky-mist-skyr/pvid/fc0013fd-1050-4f6c-b716-42388ec6661c,"https://cdn.zeptonow.com/production/tr:w-1280,ar-1200-1200,pr-true,f-auto,q-80/cms/product_variant/fa3d503c-6236-4f3d-bfa3-cd2d739fd9be.jpeg"
"Dairy, Bread & Eggs",Yogurt & Shrikhand,"https://cdn.zeptonow.com/production/tr:w-90,ar-1471-1470,pr-true,f-auto,q-80/cms/sub_category/673b3bf0-6beb-4a21-ba79-dbbf8b0684bd.jpeg",Milky Mist Fruit Yogurt Mango,Milky Mist,30,30,100 g,4.6 (10.3k),Sold Out,https://www.zeptonow.com/pn/milky-mist-fruit-yogurt-mango/pvid/5d35bd17-3c63-40c1-84ff-e1c9f0191d5a,"https://cdn.zeptonow.com/production/tr:w-1280,ar-2400-2400,pr-true,f-auto,q-80/cms/product_variant/8b2202b2-f396-4dfa-b163-1e94f68d0013.jpeg"
"Dairy, Bread & Eggs",Yogurt & Shrikhand,"https://cdn.zeptonow.com/production/tr:w-90,ar-1471-1470,pr-true,f-auto,q-80/cms/sub_category/673b3bf0-6beb-4a21-ba79-dbbf8b0684bd.jpeg",Milky Mist Greek Yogurt Cereals,Milky Mist,35,40,100 g,4.3 (337),Sold Out,https://www.zeptonow.com/pn/milky-mist-greek-yogurt-cereals/pvid/17838e5a-1a28-4eee-b803-5e5458e8e6ee,"https://cdn.zeptonow.com/production/tr:w-1280,ar-1600-1600,pr-true,f-auto,q-80/cms/product_variant/3840bff6-42ff-4419-a111-39dc5e4665df.jpg"
"Dairy, Bread & Eggs",Yogurt & Shrikhand,"https://cdn.zeptonow.com/production/tr:w-90,ar-1471-1470,pr-true,f-auto,q-80/cms/sub_category/673b3bf0-6beb-4a21-ba79-dbbf8b0684bd.jpeg","epigamia 15 g Protein Turbo Yogurt, Mixed Berries",Epigamia,125,125,140 g,4.2 (225),Sold Out,https://www.zeptonow.com/pn/epigamia-15-g-protein-turbo-yogurt-mixed-berries/pvid/b05c0393-1c78-4361-9ad5-9f85346bed12,"https://cdn.zeptonow.com/production/tr:w-1280,ar-1500-1500,pr-true,f-auto,q-80/cms/product_variant/2be9ea07-8683-4d74-9cd9-51870134c3f9.jpeg"
"Dairy, Bread & Eggs",Yogurt & Shrikhand,"https://cdn.zeptonow.com/production/tr:w-90,ar-1471-1470,pr-true,f-auto,q-80/cms/sub_category/673b3bf0-6beb-4a21-ba79-dbbf8b0684bd.jpeg",Epigamia Greek Yogurt- Natural,Epigamia,60,60,85 g,4.5 (9.7k),Sold Out,https://www.zeptonow.com/pn/epigamia-greek-yogurt-natural/pvid/d511102d-e29c-4c7d-86c7-671c9e78ae2b,"https://cdn.zeptonow.com/production/tr:w-1280,ar-1500-1500,pr-true,f-auto,q-80/cms/product_variant/99290ca4-6429-4b2d-86c8-772d44b27827.jpeg"
"Dairy, Bread & Eggs",Yogurt & Shrikhand,"https://cdn.zeptonow.com/production/tr:w-90,ar-1471-1470,pr-true,f-auto,q-80/cms/sub_category/673b3bf0-6beb-4a21-ba79-dbbf8b0684bd.jpeg",Akshayakalpa Organic Greek Yogurt - Natural,Akshayakalpa,52,60,90 g,4.7 (112),Sold Out,https://www.zeptonow.com/pn/akshayakalpa-organic-greek-yogurt-natural/pvid/006592a8-a78e-4f74-be89-39d148bf941c,"https://cdn.zeptonow.com/production/tr:w-1280,ar-4167-4167,pr-true,f-auto,q-80/cms/product_variant/c6a61404-8d17-408a-a0d8-961c4a37eadd.jpg"
"Dairy, Bread & Eggs",Yogurt & Shrikhand,"https://cdn.zeptonow.com/production/tr:w-90,ar-1471-1470,pr-true,f-auto,q-80/cms/sub_category/673b3bf0-6beb-4a21-ba79-dbbf8b0684bd.jpeg",Akshayakalpa Organic Greek Yogurt - Mango,Akshayakalpa,50,60,90 g,4.3 (73),Sold Out,https://www.zeptonow.com/pn/akshayakalpa-organic-greek-yogurt-mango/pvid/df74eefe-b564-46ba-bcfa-68c96a5c605b,"https://cdn.zeptonow.com/production/tr:w-1280,ar-822-627,pr-true,f-auto,q-80/cms/product_variant/cf747939-45dc-4973-a8b7-0e861f085fc4.jpg"
"Dairy, Bread & Eggs",Yogurt & Shrikhand,"https://cdn.zeptonow.com/production/tr:w-90,ar-1471-1470,pr-true,f-auto,q-80/cms/sub_category/673b3bf0-6beb-4a21-ba79-dbbf8b0684bd.jpeg",Epigamia Mango Flavoured Yogurt,Epigamia,25,25,75 g,4.6 (13.0k),Sold Out,https://www.zeptonow.com/pn/epigamia-mango-flavoured-yogurt/pvid/5a25aaef-8597-41d3-895b-b80b6f0113cf,"https://cdn.zeptonow.com/production/tr:w-1280,ar-994-855,pr-true,f-auto,q-80/cms/product_variant/27e19afd-3f51-40cb-b9ee-6541d30c07ef.jpg"
"Dairy, Bread & Eggs",Yogurt & Shrikhand,"https://cdn.zeptonow.com/production/tr:w-90,ar-1471-1470,pr-true,f-auto,q-80/cms/sub_category/673b3bf0-6beb-4a21-ba79-dbbf8b0684bd.jpeg",Epigamia Strawberry Flavoured Yogurt,Epigamia,24,25,75 g,4.5 (7.8k),Sold Out,https://www.zeptonow.com/pn/epigamia-strawberry-flavoured-yogurt/pvid/54c61c27-f2e9-43ba-a021-df6248206631,"https://cdn.zeptonow.com/production/tr:w-1280,ar-2400-2400,pr-true,f-auto,q-80/cms/product_variant/8f8904f8-8818-49ec-bd91-e5b06648df65.jpeg"
"Dairy, Bread & Eggs",Yogurt & Shrikhand,"https://cdn.zeptonow.com/production/tr:w-90,ar-1471-1470,pr-true,f-auto,q-80/cms/sub_category/673b3bf0-6beb-4a21-ba79-dbbf8b0684bd.jpeg",Epigamia Fruit Yogurt- Mango,Epigamia,35,35,75 g,3.9 (3.2k),Sold Out,https://www.zeptonow.com/pn/epigamia-fruit-yogurt-mango/pvid/6604ed89-bb88-42b5-840d-71ae16cc6829,"https://cdn.zeptonow.com/production/tr:w-1280,ar-1501-1500,pr-true,f-auto,q-80/cms/product_variant/a6763415-c1cc-4830-924f-0010212663bc.jpeg"
"Dairy, Bread & Eggs",Breads & Buns,"https://cdn.zeptonow.com/production/tr:w-90,ar-120-121,pr-true,f-auto,q-80/cms/sub_category/85.png","Modern 100% Whole Wheat Bread (Zero Maida, No trans fat)",Modern,47,50,400 g,4.6 (98.2k),In Stock,https://www.zeptonow.com/pn/modern-100-whole-wheat-bread-zero-maida-no-trans-fat/pvid/a9da2861-358c-4824-b58c-d357e36eeca7,"https://cdn.zeptonow.com/production/tr:w-1280,ar-2400-2400,pr-true,f-auto,q-80/cms/product_variant/d54c8d9d-5cb6-4af2-b773-4fc4024851ce.jpeg"
"Dairy, Bread & Eggs",Breads & Buns,"https://cdn.zeptonow.com/production/tr:w-90,ar-120-121,pr-true,f-auto,q-80/cms/sub_category/85.png",Ovenfresh Wheat Bread,Ovenfresh,55,55,400 g,4.3 (1.8k),In Stock,https://www.zeptonow.com/pn/ovenfresh-wheat-bread/pvid/14a62df6-8249-40ee-9249-6bcfbaa895c9,"https://cdn.zeptonow.com/production/tr:w-1280,ar-2000-2000,pr-true,f-auto,q-80/cms/product_variant/27c50bfb-5bc6-4f13-a0a5-884bdd04eb0f.jpeg"
"Dairy, Bread & Eggs",Breads & Buns,"https://cdn.zeptonow.com/production/tr:w-90,ar-120-121,pr-true,f-auto,q-80/cms/sub_category/85.png",Modern 100% Whole Wheat Chapathi,Modern,75,75,450 g,4.7 (7.5k),In Stock,https://www.zeptonow.com/pn/modern-100-whole-wheat-chapathi/pvid/0319f386-b069-4042-b7d7-91a8a81dfa3b,"https://cdn.zeptonow.com/production/tr:w-1280,ar-2000-2000,pr-true,f-auto,q-80/cms/product_variant/3e2ecefe-8679-4ea6-97f0-2d99bc102e5f.jpeg"
"Dairy, Bread & Eggs",Breads & Buns,"https://cdn.zeptonow.com/production/tr:w-90,ar-120-121,pr-true,f-auto,q-80/cms/sub_category/85.png",Modern Multigrain Bread - 13 Grains & Seeds (Zero Maida),Modern,55,55,400 g,4.6 (14.8k),In Stock,https://www.zeptonow.com/pn/modern-multigrain-bread-13-grains-seeds-zero-maida/pvid/5c7bd61a-cd55-4caf-97ef-6ba8e4e4afef,"https://cdn.zeptonow.com/production/tr:w-1280,ar-1200-1200,pr-true,f-auto,q-80/cms/product_variant/c9c102e5-467a-4eb4-9612-e96c947f99c1.jpeg"
"Dairy, Bread & Eggs",Breads & Buns,"https://cdn.zeptonow.com/production/tr:w-90,ar-120-121,pr-true,f-auto,q-80/cms/sub_category/85.png",Britannia 100% Whole Wheat Bread (No Maida),Britannia,50,50,400 g,4.5 (40.5k),In Stock,https://www.zeptonow.com/pn/britannia-100-whole-wheat-bread-no-maida/pvid/c58f1b83-4064-4b52-bdf6-c568a221dc11,"https://cdn.zeptonow.com/production/tr:w-1280,ar-1000-1000,pr-true,f-auto,q-80/cms/product_variant/8e372d70-9935-47da-9172-439a03f863ab.jpeg"
"Dairy, Bread & Eggs",Breads & Buns,"https://cdn.zeptonow.com/production/tr:w-90,ar-120-121,pr-true,f-auto,q-80/cms/sub_category/85.png",The Health Factory Zero Maida Multigrain Bread | Clean Label - Not Brown,The Health Factory,77,80,375 g,4.5 (1.5k),In Stock,https://www.zeptonow.com/pn/the-health-factory-zero-maida-multigrain-bread-clean-label-not-brown/pvid/1b4d5867-dd92-427c-a9ef-7568b03b6be1,"https://cdn.zeptonow.com/production/tr:w-1280,ar-1200-1200,pr-true,f-auto,q-80/cms/product_variant/a16936c6-2b44-4b63-b6f2-906081a15bff.jpeg"
"Dairy, Bread & Eggs",Breads & Buns,"https://cdn.zeptonow.com/production/tr:w-90,ar-120-121,pr-true,f-auto,q-80/cms/sub_category/85.png",Britannia Milk Slice White Bread,Britannia,45,45,400 g,4.5 (63.5k),In Stock,https://www.zeptonow.com/pn/britannia-milk-slice-white-bread/pvid/6b647b7a-59fa-49fa-83d2-36bb790eb425,"https://cdn.zeptonow.com/production/tr:w-1280,ar-1200-1200,pr-true,f-auto,q-80/cms/product_variant/1369659e-ffa1-4dbc-b037-6b91e0b59e8f.jpg"
"Dairy, Bread & Eggs",Breads & Buns,"https://cdn.zeptonow.com/production/tr:w-90,ar-120-121,pr-true,f-auto,q-80/cms/sub_category/85.png",Ovenfresh Milk Bread,Ovenfresh,53,55,400 g,4.2 (214),In Stock,https://www.zeptonow.com/pn/ovenfresh-milk-bread/pvid/342ffba6-61f4-4848-8377-17bf81296408,"https://cdn.zeptonow.com/production/tr:w-1280,ar-2400-2400,pr-true,f-auto,q-80/cms/product_variant/dfe1d253-d66c-49fd-9cb8-57ea0596f0fd.jpeg"
"Dairy, Bread & Eggs",Breads & Buns,"https://cdn.zeptonow.com/production/tr:w-90,ar-120-121,pr-true,f-auto,q-80/cms/sub_category/85.png",The Health Factory Vegan Protein Bread | Clean Label - Not Brown,The Health Factory,99,105,250 g,4 (1.0k),In Stock,https://www.zeptonow.com/pn/the-health-factory-vegan-protein-bread-clean-label-not-brown/pvid/d1019ea0-33b3-4f6a-aa3e-d9dd2984eb94,"https://cdn.zeptonow.com/production/tr:w-1280,ar-1200-1200,pr-true,f-auto,q-80/cms/product_variant/e668ff72-5c98-4b5c-aae5-334f1a36ce4e.jpeg"
"Dairy, Bread & Eggs",Breads & Buns,"https://cdn.zeptonow.com/production/tr:w-90,ar-120-121,pr-true,f-auto,q-80/cms/sub_category/85.png",Modern Classic Sweet Bun,Modern,25,25,200 g,4.4 (12.2k),In Stock,https://www.zeptonow.com/pn/modern-classic-sweet-bun/pvid/6c283896-ca6f-410d-9970-e85869d056a8,"https://cdn.zeptonow.com/production/tr:w-1280,ar-2000-2000,pr-true,f-auto,q-80/cms/product_variant/1d122411-bcd5-4242-86c9-c194a55da44a.jpeg"
"Dairy, Bread & Eggs",Breads & Buns,"https://cdn.zeptonow.com/production/tr:w-90,ar-120-121,pr-true,f-auto,q-80/cms/sub_category/85.png",Ovenfresh Sandwich White Bread,Ovenfresh,55,55,400 g,3.9 (993),In Stock,https://www.zeptonow.com/pn/ovenfresh-sandwich-white-bread/pvid/5b394f01-3fce-4b60-93c2-08f8acae95a0,"https://cdn.zeptonow.com/production/tr:w-1280,ar-4000-4000,pr-true,f-auto,q-80/cms/product_variant/22bb37fe-0ba4-420b-9fbe-46992dc6976b.jpeg"
"Dairy, Bread & Eggs",Breads & Buns,"https://cdn.zeptonow.com/production/tr:w-90,ar-120-121,pr-true,f-auto,q-80/cms/sub_category/85.png",The Baker's Dozen Zero Maida Milk Bread,The,53,60,180 g,4.5 (756),In Stock,https://www.zeptonow.com/pn/the-bakers-dozen-zero-maida-milk-bread/pvid/c982e07b-b933-4a78-8f3c-23c3cc58901c,"https://cdn.zeptonow.com/production/tr:w-1280,ar-1000-1000,pr-true,f-auto,q-80/cms/product_variant/1936a635-305f-4c8e-8d4a-79335c43a0af.jpeg"
"Dairy, Bread & Eggs",Breads & Buns,"https://cdn.zeptonow.com/production/tr:w-90,ar-120-121,pr-true,f-auto,q-80/cms/sub_category/85.png",Modern Sweet Bread,Modern,45,45,350 g,4.6 (5.3k),In Stock,https://www.zeptonow.com/pn/modern-sweet-bread/pvid/30d919bd-c65d-4d23-82dd-f0fde1a282ea,"https://cdn.zeptonow.com/production/tr:w-1280,ar-1200-1200,pr-true,f-auto,q-80/cms/product_variant/5fd5bfab-6a89-42f8-9256-1723a35f36ed.jpeg"
"Dairy, Bread & Eggs",Breads & Buns,"https://cdn.zeptonow.com/production/tr:w-90,ar-120-121,pr-true,f-auto,q-80/cms/sub_category/85.png",The Baker's Dozen Zero Maida Garlic Bread No Palm Oil No Preservative 100% Wholewheat,The,99,99,160 g,4.2 (1.5k),In Stock,https://www.zeptonow.com/pn/the-bakers-dozen-zero-maida-garlic-bread-no-palm-oil-no-preservative-100-wholewheat/pvid/fa697749-988d-454a-8a53-9c636fac9acd,"https://cdn.zeptonow.com/production/tr:w-1280,ar-1000-1000,pr-true,f-auto,q-80/cms/product_variant/edfd7777-853d-479f-b21a-968e9ecb99fe.jpg"
"Dairy, Bread & Eggs",Breads & Buns,"https://cdn.zeptonow.com/production/tr:w-90,ar-120-121,pr-true,f-auto,q-80/cms/sub_category/85.png",Britannia Multigrain Bread (No Maida),Britannia,55,55,400 g,4.1 (3.1k),In Stock,https://www.zeptonow.com/pn/britannia-multigrain-bread-no-maida/pvid/83b25257-105c-4c84-97dc-82ac18754c8f,"https://cdn.zeptonow.com/production/tr:w-1280,ar-1500-1500,pr-true,f-auto,q-80/cms/product_variant/015d4bd8-6ba7-4693-8464-dbcd3cb74c65.jpeg"
"Dairy, Bread & Eggs",Breads & Buns,"https://cdn.zeptonow.com/production/tr:w-90,ar-120-121,pr-true,f-auto,q-80/cms/sub_category/85.png",Britannia Sweet Slice White Bread,Britannia,60,60,600 g,4.2 (2.8k),In Stock,https://www.zeptonow.com/pn/britannia-sweet-slice-white-bread/pvid/5985a64e-90b3-468d-b6b0-3aeb7fe1b09c,"https://cdn.zeptonow.com/production/tr:w-1280,ar-1500-1500,pr-true,f-auto,q-80/cms/product_variant/22980904-b172-40cd-b772-14506568e283.jpeg"
"Dairy, Bread & Eggs",Breads & Buns,"https://cdn.zeptonow.com/production/tr:w-90,ar-120-121,pr-true,f-auto,q-80/cms/sub_category/85.png",The Baker's Dozen Zero Maida Burger Buns No Palm Oil No Preservative 100% Wholehwheat,The,49,49,200 g,4.4 (2.7k),In Stock,https://www.zeptonow.com/pn/the-bakers-dozen-zero-maida-burger-buns-no-palm-oil-no-preservative-100-wholehwheat/pvid/5b6044e1-31ab-49b9-abad-9418c245ec44,"https://cdn.zeptonow.com/production/tr:w-1280,ar-1000-1000,pr-true,f-auto,q-80/cms/product_variant/0fe82005-3cd2-48e5-a52e-9733df9195d3.jpeg"
"Dairy, Bread & Eggs",Breads & Buns,"https://cdn.zeptonow.com/production/tr:w-90,ar-120-121,pr-true,f-auto,q-80/cms/sub_category/85.png",Britannia Breakfast Slice White Bread,Britannia,45,45,450 g,4.6 (32.2k),In Stock,https://www.zeptonow.com/pn/britannia-breakfast-slice-white-bread/pvid/ca7ac3ed-9e61-4e49-8880-6a3d033833a0,"https://cdn.zeptonow.com/production/tr:w-1280,ar-1000-1000,pr-true,f-auto,q-80/cms/product_variant/13b69390-fe3b-4835-b5a4-c7887454543c.jpeg"
"Dairy, Bread & Eggs",Breads & Buns,"https://cdn.zeptonow.com/production/tr:w-90,ar-120-121,pr-true,f-auto,q-80/cms/sub_category/85.png",Modern- Brown Bread (No trans Fat ),Modern,45,45,400 g,4.6 (20.0k),In Stock,https://www.zeptonow.com/pn/modern-brown-bread-no-trans-fat/pvid/cca20719-c1ea-430f-b930-feb767d3542f,"https://cdn.zeptonow.com/production/tr:w-1280,ar-2000-2000,pr-true,f-auto,q-80/cms/product_variant/70794b77-a6da-46e2-a800-3ce9e37a842e.jpeg"
"Dairy, Bread & Eggs",Breads & Buns,"https://cdn.zeptonow.com/production/tr:w-90,ar-120-121,pr-true,f-auto,q-80/cms/sub_category/85.png",Britannia Pav,Britannia,25,25,200 g,4.3 (22.0k),In Stock,https://www.zeptonow.com/pn/britannia-pav/pvid/a907840c-1e69-4589-956b-69b987601dda,"https://cdn.zeptonow.com/production/tr:w-1280,ar-2400-2400,pr-true,f-auto,q-80/cms/product_variant/799c32c1-be5a-4855-949f-5a9a929c6d6d.jpeg"
"Dairy, Bread & Eggs",Breads & Buns,"https://cdn.zeptonow.com/production/tr:w-90,ar-120-121,pr-true,f-auto,q-80/cms/sub_category/85.png",Modern Supreme Burger Bun,Modern,22,22,140 g,4.6 (1.5k),In Stock,https://www.zeptonow.com/pn/modern-supreme-burger-bun/pvid/16f2b190-ea73-438b-b896-0a5c97904fd7,"https://cdn.zeptonow.com/production/tr:w-0.98,h-0.98,f-auto/cms/product_variant/e7fb9599-349d-420f-9e03-4da4f973536d.jpeg"
"Dairy, Bread & Eggs",Breads & Buns,"https://cdn.zeptonow.com/production/tr:w-90,ar-120-121,pr-true,f-auto,q-80/cms/sub_category/85.png",The Health Factory Zero Maida Pizza Base | Clean Label - Not Brown,The Health Factory,39,39,140 g,4.4 (8.7k),In Stock,https://www.zeptonow.com/pn/the-health-factory-zero-maida-pizza-base-clean-label-not-brown/pvid/ccf51e5b-5ca8-4675-9539-cdb47e3958c4,"https://cdn.zeptonow.com/production/tr:w-1280,ar-1200-1200,pr-true,f-auto,q-80/cms/product_variant/f0c29678-a065-49c9-9f3f-3a9642927134.jpeg"
"Dairy, Bread & Eggs",Breads & Buns,"https://cdn.zeptonow.com/production/tr:w-90,ar-120-121,pr-true,f-auto,q-80/cms/sub_category/85.png",Britannia Fruit Bread,Britannia,25,25,200 g,4.3 (25.1k),In Stock,https://www.zeptonow.com/pn/britannia-fruit-bread/pvid/12486ac4-df45-4cc4-b9c0-470942e273d1,"https://cdn.zeptonow.com/production/tr:w-1280,ar-2400-2400,pr-true,f-auto,q-80/cms/product_variant/95997c0c-da20-42c7-9178-9543a5a56e35.jpeg"
"Dairy, Bread & Eggs",Breads & Buns,"https://cdn.zeptonow.com/production/tr:w-90,ar-120-121,pr-true,f-auto,q-80/cms/sub_category/85.png",Ovenfresh Pav Bun,Ovenfresh,51,54,160 g,4.6 (156),In Stock,https://www.zeptonow.com/pn/ovenfresh-pav-bun/pvid/70dcadbc-571a-4d82-9792-6d4e091467d3,"https://cdn.zeptonow.com/production/tr:w-1280,ar-2400-2400,pr-true,f-auto,q-80/cms/product_variant/87dd164d-4ccb-4d21-831e-e3553d983ac2.jpeg"
"Dairy, Bread & Eggs",Breads & Buns,"https://cdn.zeptonow.com/production/tr:w-90,ar-120-121,pr-true,f-auto,q-80/cms/sub_category/85.png",The Health Factory Zero Maida Bombay Pav | Clean Label - Not Brown,The Health Factory,40,40,1 pack (4 pcs),4.5 (15.6k),In Stock,https://www.zeptonow.com/pn/the-health-factory-zero-maida-bombay-pav-clean-label-not-brown/pvid/680aaba2-ccb5-4679-8d94-789b6a6ed3fe,"https://cdn.zeptonow.com/production/tr:w-1280,ar-1200-1200,pr-true,f-auto,q-80/cms/product_variant/4bccd95e-7ef7-488a-abca-943824a01516.jpg"
"Dairy, Bread & Eggs",Breads & Buns,"https://cdn.zeptonow.com/production/tr:w-90,ar-120-121,pr-true,f-auto,q-80/cms/sub_category/85.png",Britannia Atta Kulcha Bread (5 pcs),Britannia,45,45,250 g,4.7 (5.8k),In Stock,https://www.zeptonow.com/pn/britannia-atta-kulcha-bread-5-pcs/pvid/435f1a0f-d0bd-4fd5-ae0e-8a0b4a6fb77c,"https://cdn.zeptonow.com/production/tr:w-1280,ar-1000-1000,pr-true,f-auto,q-80/cms/product_variant/b6140884-3b0a-457b-85c7-229816e5bfa9.jpeg"
"Dairy, Bread & Eggs",Breads & Buns,"https://cdn.zeptonow.com/production/tr:w-90,ar-120-121,pr-true,f-auto,q-80/cms/sub_category/85.png",Britannia Atta Bread,Britannia,45,45,400 g,4.4 (1.3k),In Stock,https://www.zeptonow.com/pn/britannia-atta-bread/pvid/1a1e4623-d784-46a4-9edd-7ffbda15c14a,"https://cdn.zeptonow.com/production/tr:w-1280,ar-1000-1000,pr-true,f-auto,q-80/cms/product_variant/2a1caf99-ab9c-4c34-9bf0-ef5dc923ace7.jpeg"
"Dairy, Bread & Eggs",Breads & Buns,"https://cdn.zeptonow.com/production/tr:w-90,ar-120-121,pr-true,f-auto,q-80/cms/sub_category/85.png",Modern Cremtreat Vanilla Cream Bun,MTR,7,10,50 g,4.5 (53.0k),In Stock,https://www.zeptonow.com/pn/modern-cremtreat-vanilla-cream-bun/pvid/f097b488-daf1-4ac5-9dbe-b117442a9353,"https://cdn.zeptonow.com/production/tr:w-1280,ar-909-949,pr-true,f-auto,q-80/cms/product_variant/6b942814-1c6d-4464-8d47-e4752bd8c594.jpg"
"Dairy, Bread & Eggs",Breads & Buns,"https://cdn.zeptonow.com/production/tr:w-90,ar-120-121,pr-true,f-auto,q-80/cms/sub_category/85.png",Modern Cremtreat Chocolate Cream Bun,MTR,10,10,50 g,4.5 (31.4k),In Stock,https://www.zeptonow.com/pn/modern-cremtreat-chocolate-cream-bun/pvid/524bc3f4-92e1-42e2-b96e-7a52bde947a2,"https://cdn.zeptonow.com/production/tr:w-1280,ar-2408-2408,pr-true,f-auto,q-80/cms/product_variant/827fba65-5949-481c-9d36-0430c328c79a.jpeg"
"Dairy, Bread & Eggs",Breads & Buns,"https://cdn.zeptonow.com/production/tr:w-90,ar-120-121,pr-true,f-auto,q-80/cms/sub_category/85.png",The Health Factory Zero Maida Kulcha Bread | Clean Label - Not Brown,The Health Factory,45,45,210 g,4.4 (1.6k),In Stock,https://www.zeptonow.com/pn/the-health-factory-zero-maida-kulcha-bread-clean-label-not-brown/pvid/552833c9-3f49-4d1e-89cb-36babff88177,"https://cdn.zeptonow.com/production/tr:w-1280,ar-1200-1200,pr-true,f-auto,q-80/cms/product_variant/e5facfee-812d-4f77-8acb-9eb03a1d6d73.jpeg"
"Dairy, Bread & Eggs",Breads & Buns,"https://cdn.zeptonow.com/production/tr:w-90,ar-120-121,pr-true,f-auto,q-80/cms/sub_category/85.png",Modern Wow Pav,Modern,22,22,140 g,4.4 (8.7k),In Stock,https://www.zeptonow.com/pn/modern-wow-pav/pvid/d217b94b-186c-4644-b29e-4e07cadd3bcd,"https://cdn.zeptonow.com/production/tr:w-1280,ar-500-523,pr-true,f-auto,q-80/inventory/product/b2fd2c73-2f72-455e-a7d7-33d74294ad5b-tmp/9562a01b-103f-41f2-8a3c-e7c231554050.jpeg"
"Dairy, Bread & Eggs",Breads & Buns,"https://cdn.zeptonow.com/production/tr:w-90,ar-120-121,pr-true,f-auto,q-80/cms/sub_category/85.png",Puramate Bread Crumbs,Puramate,57,60,75 g,4.6 (1.0k),In Stock,https://www.zeptonow.com/pn/puramate-bread-crumbs/pvid/6ab53a26-253a-4ec4-8300-e3349a43beb2,"https://cdn.zeptonow.com/production/tr:w-1280,ar-1500-1500,pr-true,f-auto,q-80/cms/product_variant/4c837054-7060-4c10-be22-ce31cd5aec3f.jpeg"
"Dairy, Bread & Eggs",Breads & Buns,"https://cdn.zeptonow.com/production/tr:w-90,ar-120-121,pr-true,f-auto,q-80/cms/sub_category/85.png",Modern Cremtreat Vanilla Cream Bun 50 g Combo,MTR,14,20,50 g X 2,4.7 (155),In Stock,https://www.zeptonow.com/pn/modern-cremtreat-vanilla-cream-bun-50-g-combo/pvid/17e315d4-0e62-42bc-bb4d-c49b14c03492,"https://cdn.zeptonow.com/production/tr:w-1280,ar-1494-1494,pr-true,f-auto,q-80/cms/product_variant/ca565680-1c92-42bd-853c-a6cb5d04125c.jpg"
"Dairy, Bread & Eggs",Breads & Buns,"https://cdn.zeptonow.com/production/tr:w-90,ar-120-121,pr-true,f-auto,q-80/cms/sub_category/85.png",Modern Cremtreat Chocolate Cream Bun 50 g Combo,MTR,20,20,50 g X 2,4.3 (537),In Stock,https://www.zeptonow.com/pn/modern-cremtreat-chocolate-cream-bun-50-g-combo/pvid/9261b1c8-fe23-4890-a12d-77f9377c2bbf,"https://cdn.zeptonow.com/production/tr:w-1280,ar-1494-1494,pr-true,f-auto,q-80/cms/product_variant/377bba66-43bc-4dca-9546-9420475cbbef.jpg"
"Dairy, Bread & Eggs",Breads & Buns,"https://cdn.zeptonow.com/production/tr:w-90,ar-120-121,pr-true,f-auto,q-80/cms/sub_category/85.png",Modern Cremtreat Vanilla Cream Bun 50 g Combo,MTR,27,30,50 g X 3,4.7 (318),In Stock,https://www.zeptonow.com/pn/modern-cremtreat-vanilla-cream-bun-50-g-combo/pvid/2e013144-591f-4556-b060-078242911aee,"https://cdn.zeptonow.com/production/tr:w-1280,ar-1500-1500,pr-true,f-auto,q-80/cms/product_variant/bee0c01f-9fff-42b1-a703-bb34cfcb6f1f.jpg"
"Dairy, Bread & Eggs",Breads & Buns,"https://cdn.zeptonow.com/production/tr:w-90,ar-120-121,pr-true,f-auto,q-80/cms/sub_category/85.png",Britannia Milk Slice White Bread 400 g X 2 Combo,Britannia,84,90,400 g X 2,4.2 (831),In Stock,https://www.zeptonow.com/pn/britannia-milk-slice-white-bread-400-g-x-2-combo/pvid/7cb7c503-4e1d-4de5-915c-8354b3e6494e,"https://cdn.zeptonow.com/production/tr:w-1280,ar-1500-1500,pr-true,f-auto,q-80/cms/product_variant/98a836c8-57ec-4df4-a824-5e0fc93b7dea.jpg"
"Dairy, Bread & Eggs",Breads & Buns,"https://cdn.zeptonow.com/production/tr:w-90,ar-120-121,pr-true,f-auto,q-80/cms/sub_category/85.png",Britannia Fruit Bread 200 g Combo,Britannia,46,50,200 g X 2,4.6 (461),In Stock,https://www.zeptonow.com/pn/britannia-fruit-bread-200-g-combo/pvid/e1596adc-8779-4aff-8b7b-552868a36fb8,"https://cdn.zeptonow.com/production/tr:w-1280,ar-1500-1500,pr-true,f-auto,q-80/inventory/product/a1a6e1be-2668-4969-9182-6c7f24fc976a-Britannia_Fruit_Bread_(Pack_of_2).jpg"
"Dairy, Bread & Eggs",Breads & Buns,"https://cdn.zeptonow.com/production/tr:w-90,ar-120-121,pr-true,f-auto,q-80/cms/sub_category/85.png",Britannia Fruit Bread 200 g Combo,Britannia,66,75,200 g X 3,4.4 (733),In Stock,https://www.zeptonow.com/pn/britannia-fruit-bread-200-g-combo/pvid/7118255a-761f-426a-b098-68c6acf41041,"https://cdn.zeptonow.com/production/tr:w-1280,ar-1500-1500,pr-true,f-auto,q-80/inventory/product/0de2c625-0011-46f9-be3d-9b41e5b56046-4075.jpg"
"Dairy, Bread & Eggs",Breads & Buns,"https://cdn.zeptonow.com/production/tr:w-90,ar-120-121,pr-true,f-auto,q-80/cms/sub_category/85.png",Modern Cremtreat Vanilla Cream Bun 50 g Combo,MTR,48,60,50 g X 6,4.5 (320),In Stock,https://www.zeptonow.com/pn/modern-cremtreat-vanilla-cream-bun-50-g-combo/pvid/1fc28497-057d-4db8-a717-f4e3b1d9b3e3,"https://cdn.zeptonow.com/production/tr:w-1280,ar-1500-1500,pr-true,f-auto,q-80/cms/product_variant/0b617a3a-b14f-404d-876b-209cbc30e695.jpg"
"Dairy, Bread & Eggs",Breads & Buns,"https://cdn.zeptonow.com/production/tr:w-90,ar-120-121,pr-true,f-auto,q-80/cms/sub_category/85.png",Modern Classic Sweet Bun 200 g Combo,Modern,46,50,200 g X 2,4.2 (980),In Stock,https://www.zeptonow.com/pn/modern-classic-sweet-bun-200-g-combo/pvid/83563b08-444a-4df9-81e4-00ef8aefc939,"https://cdn.zeptonow.com/production/tr:w-1280,ar-1500-1500,pr-true,f-auto,q-80/cms/product_variant/edb01995-aa13-4ef3-964b-6886ed4e632b.jpg"
"Dairy, Bread & Eggs",Breads & Buns,"https://cdn.zeptonow.com/production/tr:w-90,ar-120-121,pr-true,f-auto,q-80/cms/sub_category/85.png",Modern Classic Sweet Bun 200 g Combo,Modern,66,75,200 g X 3,4.5 (708),In Stock,https://www.zeptonow.com/pn/modern-classic-sweet-bun-200-g-combo/pvid/9bf4276f-d4c3-4a2b-aaee-065d486bad33,"https://cdn.zeptonow.com/production/tr:w-1280,ar-1500-1500,pr-true,f-auto,q-80/cms/product_variant/59f8a488-a60c-4602-8be5-74963b327451.jpg"
"Dairy, Bread & Eggs",Breads & Buns,"https://cdn.zeptonow.com/production/tr:w-90,ar-120-121,pr-true,f-auto,q-80/cms/sub_category/85.png",Britannia Pav Combo,Britannia,48,50,200 g X 2,4.5 (251),In Stock,https://www.zeptonow.com/pn/britannia-pav-combo/pvid/e56b9ad1-5e16-4f25-b306-e8491cbdfabf,"https://cdn.zeptonow.com/production/tr:w-1280,ar-1500-1500,pr-true,f-auto,q-80/inventory/product/c1865b85-011d-4f93-b524-bfb450352e56-Britannia_Pav_(Pack_of_2)_(1).jpg"
"Dairy, Bread & Eggs",Breads & Buns,"https://cdn.zeptonow.com/production/tr:w-90,ar-120-121,pr-true,f-auto,q-80/cms/sub_category/85.png",Modern Sweet Bread 350 g Combo,Modern,86,90,350 g X 2,4.5 (311),In Stock,https://www.zeptonow.com/pn/modern-sweet-bread-350-g-combo/pvid/4632d8d1-2f61-4d32-b66a-524779f148d0,"https://cdn.zeptonow.com/production/tr:w-1280,ar-1500-1500,pr-true,f-auto,q-80/cms/product_variant/db66b3c7-7854-420e-b7d4-cf3699c94db1.jpg"
"Dairy, Bread & Eggs",Breads & Buns,"https://cdn.zeptonow.com/production/tr:w-90,ar-120-121,pr-true,f-auto,q-80/cms/sub_category/85.png",Modern Multigrain Bread - 13 Grains & Seeds (Zero Maida) 400 g Combo,Modern,104,110,400 g X 2,4.5 (869),In Stock,https://www.zeptonow.com/pn/modern-multigrain-bread-13-grains-seeds-zero-maida-400-g-combo/pvid/a29ec2ac-ed5e-48f7-abb5-cf009904f3b8,"https://cdn.zeptonow.com/production/tr:w-1280,ar-1500-1500,pr-true,f-auto,q-80/cms/product_variant/93f04d9f-2ced-4dfa-b49b-8df1a231585f.jpg"
"Dairy, Bread & Eggs",Breads & Buns,"https://cdn.zeptonow.com/production/tr:w-90,ar-120-121,pr-true,f-auto,q-80/cms/sub_category/85.png","Modern 100% Whole Wheat Bread (Zero Maida, No trans fat) 400 g Combo",Modern,88,100,400 g X 2,4.4 (635),In Stock,https://www.zeptonow.com/pn/modern-100-whole-wheat-bread-zero-maida-no-trans-fat-400-g-combo/pvid/7c9ed5a6-574a-4759-aa99-0bee06bba7a3,"https://cdn.zeptonow.com/production/tr:w-1280,ar-1500-1500,pr-true,f-auto,q-80/cms/product_variant/dc914c8b-1968-4c99-9515-536d43d84ea7.jpg"
"Dairy, Bread & Eggs",Breads & Buns,"https://cdn.zeptonow.com/production/tr:w-90,ar-120-121,pr-true,f-auto,q-80/cms/sub_category/85.png",Puramate Bread Crumbs 75 g Combo,Puramate,153,180,75 g X 3,4.7 (274),In Stock,https://www.zeptonow.com/pn/puramate-bread-crumbs-75-g-combo/pvid/73e07f1d-7e85-4fa6-9013-c4a6a289013c,"https://cdn.zeptonow.com/production/tr:w-1280,ar-1500-1500,pr-true,f-auto,q-80/cms/product_variant/477ae7cd-0b29-4b09-b5fd-e16e41bf4c20.jpg"
"Dairy, Bread & Eggs",Breads & Buns,"https://cdn.zeptonow.com/production/tr:w-90,ar-120-121,pr-true,f-auto,q-80/cms/sub_category/85.png",The Health Factory Zero Maida Pizza Base 140 g Combo,The Health Factory,72,78,140 g X 2,4.5 (582),In Stock,https://www.zeptonow.com/pn/the-health-factory-zero-maida-pizza-base-140-g-combo/pvid/9d7dc46a-d5bd-40a4-9e73-018fd8002d92,"https://cdn.zeptonow.com/production/tr:w-1280,ar-1494-1494,pr-true,f-auto,q-80/cms/product_variant/5b8bd57e-336f-4e7b-9ec7-ddb519f79fc9.jpg"
"Dairy, Bread & Eggs",Breads & Buns,"https://cdn.zeptonow.com/production/tr:w-90,ar-120-121,pr-true,f-auto,q-80/cms/sub_category/85.png",Modern- Brown Bread (No trans Fat ) 400 g Combo,Modern,84,90,400 g X 2,4.6 (721),In Stock,https://www.zeptonow.com/pn/modern-brown-bread-no-trans-fat-400-g-combo/pvid/d9e8cf8b-ae6f-4680-be7f-6f09785ccbae,"https://cdn.zeptonow.com/production/tr:w-1280,ar-1500-1500,pr-true,f-auto,q-80/inventory/product/54064881-f6f1-400f-bee0-e14121c471c7-Modern_Hi_Fibre_Brown_Bread_(Pack_of_2).jpg"
"Dairy, Bread & Eggs",Breads & Buns,"https://cdn.zeptonow.com/production/tr:w-90,ar-120-121,pr-true,f-auto,q-80/cms/sub_category/85.png",Modern- Brown Bread (No trans Fat ) 400 g Combo,Modern,117,135,400 g X 3,4.2 (908),In Stock,https://www.zeptonow.com/pn/modern-brown-bread-no-trans-fat-400-g-combo/pvid/465dd0f0-7071-4afd-b7fc-ad91211bdf06,"https://cdn.zeptonow.com/production/tr:w-1280,ar-1500-1500,pr-true,f-auto,q-80/cms/product_variant/18c676dc-17e9-474d-a931-4859764ad5e3.jpg"
"Dairy, Bread & Eggs",Breads & Buns,"https://cdn.zeptonow.com/production/tr:w-90,ar-120-121,pr-true,f-auto,q-80/cms/sub_category/85.png",Britannia Sweet Slice White Bread 600 g Combo,Britannia,114,120,600 g X 2,4.4 (73),In Stock,https://www.zeptonow.com/pn/britannia-sweet-slice-white-bread-600-g-combo/pvid/983af6ea-c5c2-4d35-87b4-bf276d018445,"https://cdn.zeptonow.com/production/tr:w-1280,ar-1500-1500,pr-true,f-auto,q-80/cms/product_variant/f903ce03-7562-45f1-b1e8-272167380057.jpg"
"Dairy, Bread & Eggs",Breads & Buns,"https://cdn.zeptonow.com/production/tr:w-90,ar-120-121,pr-true,f-auto,q-80/cms/sub_category/85.png",The Health Factory Zero Maida Pizza Base 140 g Combo,The Health Factory,105,117,140 g X 3,4.3 (964),In Stock,https://www.zeptonow.com/pn/the-health-factory-zero-maida-pizza-base-140-g-combo/pvid/53095533-79a3-42a9-a907-31f0b489a12a,"https://cdn.zeptonow.com/production/tr:w-1280,ar-1500-1500,pr-true,f-auto,q-80/cms/product_variant/62d204cc-3fa9-4d28-8140-0acf007b57ed.jpg"
"Dairy, Bread & Eggs",Breads & Buns,"https://cdn.zeptonow.com/production/tr:w-90,ar-120-121,pr-true,f-auto,q-80/cms/sub_category/85.png",Puramate Bread Crumbs 75 g Combo,Puramate,108,120,75 g X 2,4.4 (325),In Stock,https://www.zeptonow.com/pn/puramate-bread-crumbs-75-g-combo/pvid/8372e8fd-942d-4235-b9b2-9333bbf7d045,"https://cdn.zeptonow.com/production/tr:w-1280,ar-1500-1500,pr-true,f-auto,q-80/cms/product_variant/4684f579-5a8e-4467-9afd-ea69445119d5.jpg"
"Dairy, Bread & Eggs",Breads & Buns,"https://cdn.zeptonow.com/production/tr:w-90,ar-120-121,pr-true,f-auto,q-80/cms/sub_category/85.png",The Health Factory Zero Maida Pizza Base 140 g Combo,The Health Factory,192,234,140 g X 6,4.6 (121),In Stock,https://www.zeptonow.com/pn/the-health-factory-zero-maida-pizza-base-140-g-combo/pvid/9c4b4a0b-48cf-426e-9651-de94f7ee9b27,"https://cdn.zeptonow.com/production/tr:w-1280,ar-1500-1500,pr-true,f-auto,q-80/cms/product_variant/8f10345f-1eb1-4dfe-9981-f9e0843d9f92.jpg"
"Dairy, Bread & Eggs",Breads & Buns,"https://cdn.zeptonow.com/production/tr:w-90,ar-120-121,pr-true,f-auto,q-80/cms/sub_category/85.png",Ovenfresh Sandwich White Bread 400 g Combo,Ovenfresh,104,110,400 g X 2,4.5 (353),In Stock,https://www.zeptonow.com/pn/ovenfresh-sandwich-white-bread-400-g-combo/pvid/a0fe2676-fc4e-4f8a-b79b-4517663ce944,"https://cdn.zeptonow.com/production/tr:w-1280,ar-1200-1200,pr-true,f-auto,q-80/cms/product_variant/15d318ac-21a9-4276-b360-3923c044cc5d.jpg"
"Dairy, Bread & Eggs",Breads & Buns,"https://cdn.zeptonow.com/production/tr:w-90,ar-120-121,pr-true,f-auto,q-80/cms/sub_category/85.png",O Garlic Bread(160gms) & O Burger Buns Wholewheat Pack Of 2(4pc) Combo,O,148,148,2 combo,4.2 (516),In Stock,https://www.zeptonow.com/pn/o-garlic-bread160gms-o-burger-buns-wholewheat-pack-of-24pc-combo/pvid/279e7c2d-9fcd-437d-858e-6becd7e17351,"https://cdn.zeptonow.com/production/tr:w-1280,ar-1494-1494,pr-true,f-auto,q-80/cms/product_variant/71576db5-9883-45a3-ad51-a522c0ccd280.jpg"
"Dairy, Bread & Eggs",Breads & Buns,"https://cdn.zeptonow.com/production/tr:w-90,ar-120-121,pr-true,f-auto,q-80/cms/sub_category/85.png",The Baker'S Dozen Zero Maida Garlic Bread No Palm Oil No Preservative 100% Wholewheat (160g) & The Baker'S Dozen Zero Maida Burger Buns No Palm Oil No Preservative 100% Wholehwheat (4pc) Combo,The,129,148,2 combo,4.4 (741),In Stock,https://www.zeptonow.com/pn/the-bakers-dozen-zero-maida-garlic-bread-no-palm-oil-no-preservative-100-wholewheat-160g-the-bakers-dozen-zero-maida-burger-buns-no-palm-oil-no-preservative-100-wholehwheat-4pc-combo/pvid/775fe5fa-cdbf-4d6c-b301-028317aad57a,"https://cdn.zeptonow.com/production/tr:w-1280,ar-1200-1200,pr-true,f-auto,q-80/cms/product_variant/46d89a76-077f-4cd1-a71a-dc42eeb32ef8.jpg"
"Dairy, Bread & Eggs",Breads & Buns,"https://cdn.zeptonow.com/production/tr:w-90,ar-120-121,pr-true,f-auto,q-80/cms/sub_category/85.png",Britannia Breakfast Slice White Bread 450 g Combo,Britannia,84,90,450 g X 2,4.6 (889),In Stock,https://www.zeptonow.com/pn/britannia-breakfast-slice-white-bread-450-g-combo/pvid/45e1ff76-f407-4953-af3a-6f4c974c68b2,"https://cdn.zeptonow.com/production/tr:w-1280,ar-1500-1500,pr-true,f-auto,q-80/cms/product_variant/1a0252e0-adb9-4955-8a16-46f4bdc9e92e.jpg"
"Dairy, Bread & Eggs",Breads & Buns,"https://cdn.zeptonow.com/production/tr:w-90,ar-120-121,pr-true,f-auto,q-80/cms/sub_category/85.png",The Health Factory Vegan Protein Bread 250 g Combo,The Health Factory,180,210,250 g X 2,4.4 (80),In Stock,https://www.zeptonow.com/pn/the-health-factory-vegan-protein-bread-250-g-combo/pvid/325e3b44-c212-487c-bf97-ec015b24f62c,"https://cdn.zeptonow.com/production/tr:w-1280,ar-1500-1500,pr-true,f-auto,q-80/cms/product_variant/72c82361-3013-4e78-83cc-e7fb34d7164b.jpg"
"Dairy, Bread & Eggs",Breads & Buns,"https://cdn.zeptonow.com/production/tr:w-90,ar-120-121,pr-true,f-auto,q-80/cms/sub_category/85.png",Britannia Multigrain Bread (No Maida) 400 g Combo,Britannia,104,110,400 g X 2,4.5 (283),In Stock,https://www.zeptonow.com/pn/britannia-multigrain-bread-no-maida-400-g-combo/pvid/43d55a2b-0709-4d0f-922f-6932fcda6766,"https://cdn.zeptonow.com/production/tr:w-1280,ar-1566-1566,pr-true,f-auto,q-80/cms/product_variant/bfa2af7b-2e14-4fa5-884b-9a990d814d46.jpg"
"Dairy, Bread & Eggs",Breads & Buns,"https://cdn.zeptonow.com/production/tr:w-90,ar-120-121,pr-true,f-auto,q-80/cms/sub_category/85.png","Modern 100% Whole Wheat Bread (Zero Maida, No Trans Fat) (400g) & Relish Tandoori Chicken Spread (200g) Combo",Modern,186,260,2 combo,4.5 (418),In Stock,https://www.zeptonow.com/pn/modern-100-whole-wheat-bread-zero-maida-no-trans-fat-400g-relish-tandoori-chicken-spread-200g-combo/pvid/0da9716c-4297-43b5-bdd2-fdb154658b47,"https://cdn.zeptonow.com/production/tr:w-1280,ar-1200-1200,pr-true,f-auto,q-80/cms/product_variant/b86ad741-d0ea-4720-84cf-3094b40b4e2b.jpg"
"Dairy, Bread & Eggs",Breads & Buns,"https://cdn.zeptonow.com/production/tr:w-90,ar-120-121,pr-true,f-auto,q-80/cms/sub_category/85.png",The Health Factory Zero Maida Bombay Pav- Whole wheat 156 g Combo,The Health Factory,72,80,156 g X 2,4.3 (122),In Stock,https://www.zeptonow.com/pn/the-health-factory-zero-maida-bombay-pav-whole-wheat-156-g-combo/pvid/b99caf6c-80dd-45fa-af82-dca9137d5a13,"https://cdn.zeptonow.com/production/tr:w-1280,ar-1500-1500,pr-true,f-auto,q-80/cms/product_variant/6587.jpg"
"Dairy, Bread & Eggs",Breads & Buns,"https://cdn.zeptonow.com/production/tr:w-90,ar-120-121,pr-true,f-auto,q-80/cms/sub_category/85.png",Britannia Breakfast Slice White Bread 450 g Combo,Britannia,117,135,450 g X 3,4.3 (630),In Stock,https://www.zeptonow.com/pn/britannia-breakfast-slice-white-bread-450-g-combo/pvid/0ab9679d-90dd-4e72-872e-65a62eda9b8f,"https://cdn.zeptonow.com/production/tr:w-1280,ar-1500-1500,pr-true,f-auto,q-80/cms/product_variant/f43d866c-a54d-4155-9614-aef63d2f2c87.jpg"
"Dairy, Bread & Eggs",Breads & Buns,"https://cdn.zeptonow.com/production/tr:w-90,ar-120-121,pr-true,f-auto,q-80/cms/sub_category/85.png",Britannia Pav 200 g Combo,Britannia,69,75,200 g X 3,4.3 (344),In Stock,https://www.zeptonow.com/pn/britannia-pav-200-g-combo/pvid/2f86154c-200e-437d-9aa7-2e5c3f502ee6,"https://cdn.zeptonow.com/production/tr:w-1280,ar-1500-1500,pr-true,f-auto,q-80/inventory/product/207739e4-ce76-4f7a-9cf6-58480a5de407-4003.jpg"
"Dairy, Bread & Eggs",Breads & Buns,"https://cdn.zeptonow.com/production/tr:w-90,ar-120-121,pr-true,f-auto,q-80/cms/sub_category/85.png",The Health Factory Zero Maida Pizza Base (140g) & The Gourmet Jar Classic Pizza Sauce (390g) Combo,The Health Factory,314,338,2 combo,4.2 (511),In Stock,https://www.zeptonow.com/pn/the-health-factory-zero-maida-pizza-base-140g-the-gourmet-jar-classic-pizza-sauce-390g-combo/pvid/a4b101f9-9751-47b8-9277-7ce93a004f09,"https://cdn.zeptonow.com/production/tr:w-1280,ar-1200-1200,pr-true,f-auto,q-80/cms/product_variant/d0b03c75-f940-4c91-b2a8-104c29645b30.jpg"
"Dairy, Bread & Eggs",Breads & Buns,"https://cdn.zeptonow.com/production/tr:w-90,ar-120-121,pr-true,f-auto,q-80/cms/sub_category/85.png",Britannia 100% Whole Wheat Bread (No Maida) 400 g Combo,Britannia,94,100,400 g X 2,4.4 (659),In Stock,https://www.zeptonow.com/pn/britannia-100-whole-wheat-bread-no-maida-400-g-combo/pvid/2af221db-871c-4a49-9e63-d39a0631671d,"https://cdn.zeptonow.com/production/tr:w-1280,ar-1500-1500,pr-true,f-auto,q-80/cms/product_variant/3a2498fd-fa08-4295-9df4-b3cf1b6a81db.jpg"
"Dairy, Bread & Eggs",Breads & Buns,"https://cdn.zeptonow.com/production/tr:w-90,ar-120-121,pr-true,f-auto,q-80/cms/sub_category/85.png",Britannia Pav 200 g Combo,Britannia,100,100,200 g X 4,4.7 (153),In Stock,https://www.zeptonow.com/pn/britannia-pav-200-g-combo/pvid/14c853aa-a21e-4387-a299-e748b9eb7ebf,"https://cdn.zeptonow.com/production/tr:w-1280,ar-1500-1500,pr-true,f-auto,q-80/cms/product_variant/f0745195-7848-41e4-aa9f-ce42634878f3.jpg"
"Dairy, Bread & Eggs",Breads & Buns,"https://cdn.zeptonow.com/production/tr:w-90,ar-120-121,pr-true,f-auto,q-80/cms/sub_category/85.png",Modern 100% Whole Wheat Chapathi 450 g Combo,Modern,142,150,450 g X 2,4.7 (745),In Stock,https://www.zeptonow.com/pn/modern-100-whole-wheat-chapathi-450-g-combo/pvid/493f4681-66cd-4c32-bdec-e2413191dcf8,"https://cdn.zeptonow.com/production/tr:w-1280,ar-1500-1500,pr-true,f-auto,q-80/cms/product_variant/5ec6c33b-a15c-4141-b962-bdcb1fdf4fae.jpg"
"Dairy, Bread & Eggs",Breads & Buns,"https://cdn.zeptonow.com/production/tr:w-90,ar-120-121,pr-true,f-auto,q-80/cms/sub_category/85.png",Modern Hi Fibre Brown Bread(1pc) & Banana Robusta(1pc) Combo,Modern,78,85,2 combo,4.5 (479),In Stock,https://www.zeptonow.com/pn/modern-hi-fibre-brown-bread1pc-banana-robusta1pc-combo/pvid/559187bf-84f4-45ee-90ab-b52ca93663c7,"https://cdn.zeptonow.com/production/tr:w-1280,ar-1494-1494,pr-true,f-auto,q-80/cms/product_variant/93f43356-5730-4b90-be25-20de24ff5de3.jpg"
"Dairy, Bread & Eggs",Breads & Buns,"https://cdn.zeptonow.com/production/tr:w-90,ar-120-121,pr-true,f-auto,q-80/cms/sub_category/85.png",The Baker's Dozen Country Sourdough No Palm Oil No Preservative,The,152,159,330 g,4.2 (1.5k),Sold Out,https://www.zeptonow.com/pn/the-bakers-dozen-country-sourdough-no-palm-oil-no-preservative/pvid/a6e5e618-f87e-41ef-9e5a-799b96ca250b,"https://cdn.zeptonow.com/production/tr:w-1280,ar-1000-1000,pr-true,f-auto,q-80/cms/product_variant/05c876bd-f54a-4c7f-b00c-f73fa8c56ee6.jpeg"
"Dairy, Bread & Eggs",Breads & Buns,"https://cdn.zeptonow.com/production/tr:w-90,ar-120-121,pr-true,f-auto,q-80/cms/sub_category/85.png",The Health Factory Multi Protein Bread | Clean Label - Not Brown,The Health Factory,139,155,250 g,4.6 (1.1k),Sold Out,https://www.zeptonow.com/pn/the-health-factory-multi-protein-bread-clean-label-not-brown/pvid/b5ac5a9a-3c48-434b-b618-3be2c056b21d,"https://cdn.zeptonow.com/production/tr:w-1280,ar-1200-1200,pr-true,f-auto,q-80/cms/product_variant/0bb7c56e-2084-4c5a-92a9-d16111ee230e.jpeg"
"Dairy, Bread & Eggs",Breads & Buns,"https://cdn.zeptonow.com/production/tr:w-90,ar-120-121,pr-true,f-auto,q-80/cms/sub_category/85.png",Britannia Vitarich Sandwich White Bread,Britannia,54,54,600 g,4.5 (1.8k),Sold Out,https://www.zeptonow.com/pn/britannia-vitarich-sandwich-white-bread/pvid/e74ee2cc-4257-4cbf-9141-238fcf8704f4,"https://cdn.zeptonow.com/production/tr:w-1280,ar-1000-1000,pr-true,f-auto,q-80/cms/product_variant/25a98b05-3fba-4498-a81d-a906ba980002.jpg"
"Dairy, Bread & Eggs",Breads & Buns,"https://cdn.zeptonow.com/production/tr:w-90,ar-120-121,pr-true,f-auto,q-80/cms/sub_category/85.png",Modern Sandwich Supreme White Bread,Modern,45,45,450 g,4.5 (17.9k),Sold Out,https://www.zeptonow.com/pn/modern-sandwich-supreme-white-bread/pvid/f4d62350-3f13-40eb-9b6a-bd16fc558222,"https://cdn.zeptonow.com/production/tr:w-1280,ar-2000-2000,pr-true,f-auto,q-80/cms/product_variant/68a85c58-1c83-4eaa-bb6e-13786f994f50.jpeg"
"Dairy, Bread & Eggs",Breads & Buns,"https://cdn.zeptonow.com/production/tr:w-90,ar-120-121,pr-true,f-auto,q-80/cms/sub_category/85.png",The Health Factory Zero Maida Milk Bread | Clean Label - Not Brown,The Health Factory,52,60,250 g,4.3 (13.8k),Sold Out,https://www.zeptonow.com/pn/the-health-factory-zero-maida-milk-bread-clean-label-not-brown/pvid/5206d918-f6f8-4021-938c-7fb5aae87000,"https://cdn.zeptonow.com/production/tr:w-1280,ar-1200-1200,pr-true,f-auto,q-80/cms/product_variant/6790dfe8-1432-434e-8fd2-0bb5db9f8e2b.jpeg"
"Dairy, Bread & Eggs",Breads & Buns,"https://cdn.zeptonow.com/production/tr:w-90,ar-120-121,pr-true,f-auto,q-80/cms/sub_category/85.png",The Health Factory Zero Maida Multigrain Bread | Clean Label - Not Brown,The Health Factory,66,70,250 g,4.4 (14.3k),Sold Out,https://www.zeptonow.com/pn/the-health-factory-zero-maida-multigrain-bread-clean-label-not-brown/pvid/8d75f415-e5fa-4127-ba2f-bfdedc562b81,"https://cdn.zeptonow.com/production/tr:w-1280,ar-1200-1200,pr-true,f-auto,q-80/cms/product_variant/d9032fc8-8844-49ee-a395-ad5fae7de229.jpeg"
"Dairy, Bread & Eggs",Breads & Buns,"https://cdn.zeptonow.com/production/tr:w-90,ar-120-121,pr-true,f-auto,q-80/cms/sub_category/85.png",The Health Factory Zero Maida Multigrain Sourdough,The Health Factory,120,125,350 g,4.6 (576),Sold Out,https://www.zeptonow.com/pn/the-health-factory-zero-maida-multigrain-sourdough/pvid/10701b3a-d2c2-4b28-a533-ad15cdc71705,"https://cdn.zeptonow.com/production/tr:w-1280,ar-1000-1000,pr-true,f-auto,q-80/cms/product_variant/97f0fd45-c8e7-4d70-ad99-ac79d36dc48a.jpeg"
"Dairy, Bread & Eggs",Breads & Buns,"https://cdn.zeptonow.com/production/tr:w-90,ar-120-121,pr-true,f-auto,q-80/cms/sub_category/85.png",Modern Sandwich Supreme White Bread,Modern,70,70,800 g,4.5 (46.6k),Sold Out,https://www.zeptonow.com/pn/modern-sandwich-supreme-white-bread/pvid/bc38410c-6ce4-44a0-80b9-9f5e053ddf1c,"https://cdn.zeptonow.com/production/tr:w-1280,ar-2000-2000,pr-true,f-auto,q-80/cms/product_variant/a979d201-b5ca-4647-a379-8256240c0864.jpeg"
"Dairy, Bread & Eggs",Breads & Buns,"https://cdn.zeptonow.com/production/tr:w-90,ar-120-121,pr-true,f-auto,q-80/cms/sub_category/85.png",The Health Factory Zero Maida Bread - 100% Whole Wheat,The Health Factory,54,55,250 g,4.5 (26.7k),Sold Out,https://www.zeptonow.com/pn/the-health-factory-zero-maida-bread-100-whole-wheat/pvid/07029311-ef07-4ce8-819b-a2dfce156cb2,"https://cdn.zeptonow.com/production/tr:w-1280,ar-900-900,pr-true,f-auto,q-80/cms/product_variant/0b04a259-1d8b-42e5-898f-6786eb69e39a.jpeg"
"Dairy, Bread & Eggs",Breads & Buns,"https://cdn.zeptonow.com/production/tr:w-90,ar-120-121,pr-true,f-auto,q-80/cms/sub_category/85.png",The Health Factory Zero Maida Protein Bread | Clean Label - Not Brown,The Health Factory,81,85,250 g,4.3 (7.2k),Sold Out,https://www.zeptonow.com/pn/the-health-factory-zero-maida-protein-bread-clean-label-not-brown/pvid/c0bf40ad-fdb9-4d88-89b2-c8d690e024c3,"https://cdn.zeptonow.com/production/tr:w-1280,ar-1200-1200,pr-true,f-auto,q-80/cms/product_variant/e322f62a-7d55-429f-82ec-2491cd383027.jpeg"
"Dairy, Bread & Eggs",Breads & Buns,"https://cdn.zeptonow.com/production/tr:w-90,ar-120-121,pr-true,f-auto,q-80/cms/sub_category/85.png",The Baker's Dozen 100% Whole Wheat Bread - No Palm Oil No Preservative,The,65,65,400 g,4.2 (6.4k),Sold Out,https://www.zeptonow.com/pn/the-bakers-dozen-100-whole-wheat-bread-no-palm-oil-no-preservative/pvid/2cae5364-c96d-4823-9531-96357c021208,"https://cdn.zeptonow.com/production/tr:w-1280,ar-1000-1000,pr-true,f-auto,q-80/cms/product_variant/889e44a1-fc9c-42a5-86b3-5a2b200ce07a.jpeg"
"Dairy, Bread & Eggs",Breads & Buns,"https://cdn.zeptonow.com/production/tr:w-90,ar-120-121,pr-true,f-auto,q-80/cms/sub_category/85.png",Modern Milk Plus Bread,Modern,41,45,350 g,4.5 (17.1k),Sold Out,https://www.zeptonow.com/pn/modern-milk-plus-bread/pvid/f9b293df-bab7-4436-b4c2-46ccf9936da9,"https://cdn.zeptonow.com/production/tr:w-1280,ar-2000-2000,pr-true,f-auto,q-80/cms/product_variant/46d449f5-5e2b-4900-b920-f43c7fa9cc2f.jpeg"
"Dairy, Bread & Eggs",Breads & Buns,"https://cdn.zeptonow.com/production/tr:w-90,ar-120-121,pr-true,f-auto,q-80/cms/sub_category/85.png",The Health Factory Zero Maida Focaccia Sourdough,The Health Factory,75,75,160 g,4.5 (993),Sold Out,https://www.zeptonow.com/pn/the-health-factory-zero-maida-focaccia-sourdough/pvid/43c2276d-8748-42c6-a005-003cc40331e3,"https://cdn.zeptonow.com/production/tr:w-1280,ar-1200-1200,pr-true,f-auto,q-80/cms/product_variant/238cf0db-efbd-41ef-9c75-9ac8963506b9.jpeg"
"Dairy, Bread & Eggs",Breads & Buns,"https://cdn.zeptonow.com/production/tr:w-90,ar-120-121,pr-true,f-auto,q-80/cms/sub_category/85.png",Modern Family Special White Bread,Modern,40,40,400 g,4.6 (19.3k),Sold Out,https://www.zeptonow.com/pn/modern-family-special-white-bread/pvid/20a99370-049e-49d5-b44c-8f8f453630a9,"https://cdn.zeptonow.com/production/tr:w-1280,ar-2000-2000,pr-true,f-auto,q-80/cms/product_variant/434336af-397c-4a76-aef7-bc591ae365c5.jpeg"
"Dairy, Bread & Eggs",Breads & Buns,"https://cdn.zeptonow.com/production/tr:w-90,ar-120-121,pr-true,f-auto,q-80/cms/sub_category/85.png",Britannia Sweet Bun,Britannia,25,25,250 g,4.7 (3.7k),Sold Out,https://www.zeptonow.com/pn/britannia-sweet-bun/pvid/3b190628-5295-40c3-8885-6cb0dd9c56ff,"https://cdn.zeptonow.com/production/tr:w-1280,ar-1021-1021,pr-true,f-auto,q-80/cms/product_variant/33df05bd-433e-4743-b405-9783ba17428b.jpeg"
"Dairy, Bread & Eggs",Breads & Buns,"https://cdn.zeptonow.com/production/tr:w-90,ar-120-121,pr-true,f-auto,q-80/cms/sub_category/85.png",The Baker's Dozen Zero Maida Multigrain Bread - No Palm Oil No Preservative 100% Wholewheat,The,75,75,375 g,4.2 (2.8k),Sold Out,https://www.zeptonow.com/pn/the-bakers-dozen-zero-maida-multigrain-bread-no-palm-oil-no-preservative-100-wholewheat/pvid/b4c8bfce-3f1c-4393-afe1-fc619123b068,"https://cdn.zeptonow.com/production/tr:w-1280,ar-1000-1000,pr-true,f-auto,q-80/cms/product_variant/fc44d583-aea4-4aa5-bc84-9b6682343ffd.jpeg"
"Dairy, Bread & Eggs",Breads & Buns,"https://cdn.zeptonow.com/production/tr:w-90,ar-120-121,pr-true,f-auto,q-80/cms/sub_category/85.png",Modern Sandwich Supreme White Bread,Modern,53,54,600 g,4.5 (9.9k),Sold Out,https://www.zeptonow.com/pn/modern-sandwich-supreme-white-bread/pvid/78565287-b2d3-471a-84f1-5f934b532931,"https://cdn.zeptonow.com/production/tr:w-1280,ar-500-523,pr-true,f-auto,q-80/inventory/product/e9fdcc9a-1773-4e54-ab90-079fc68d41cc-tmp/99109e9d-e032-43f0-a023-c0a353c41df6.jpeg"
"Dairy, Bread & Eggs",Breads & Buns,"https://cdn.zeptonow.com/production/tr:w-90,ar-120-121,pr-true,f-auto,q-80/cms/sub_category/85.png",Britannia Brown Bread,Britannia,45,45,400 g,4.6 (41.6k),Sold Out,https://www.zeptonow.com/pn/britannia-brown-bread/pvid/9df86bf5-25f9-46e2-bc1d-4d2742ca2f2e,"https://cdn.zeptonow.com/production/tr:w-1280,ar-1000-1000,pr-true,f-auto,q-80/cms/product_variant/70811856-3012-48f9-b834-fbd727e2304f.jpeg"
"Dairy, Bread & Eggs",Breads & Buns,"https://cdn.zeptonow.com/production/tr:w-90,ar-120-121,pr-true,f-auto,q-80/cms/sub_category/85.png",Modern Atta Shakti - Zero Maida Bread (No trans fat),Modern,45,45,400 g,4.6 (3.2k),Sold Out,https://www.zeptonow.com/pn/modern-atta-shakti-zero-maida-bread-no-trans-fat/pvid/3a4eb18c-3033-4812-8405-f50625ce4981,"https://cdn.zeptonow.com/production/tr:w-1280,ar-2000-2000,pr-true,f-auto,q-80/cms/product_variant/f14f1888-3682-494f-8a1d-edd0cd999669.jpeg"
"Dairy, Bread & Eggs",Breads & Buns,"https://cdn.zeptonow.com/production/tr:w-90,ar-120-121,pr-true,f-auto,q-80/cms/sub_category/85.png",The Baker's Dozen Zero Maida Pav No Palm Oil No Preservative 100% Wholewheat,The,49,49,240 g,4.4 (3.7k),Sold Out,https://www.zeptonow.com/pn/the-bakers-dozen-zero-maida-pav-no-palm-oil-no-preservative-100-wholewheat/pvid/e9e55c9a-a126-44fd-8895-1ac629c95f7f,"https://cdn.zeptonow.com/production/tr:w-1280,ar-1000-1000,pr-true,f-auto,q-80/cms/product_variant/2a76a93e-72fa-46e8-8c2b-783e454e46b2.jpeg"
"Dairy, Bread & Eggs",Breads & Buns,"https://cdn.zeptonow.com/production/tr:w-90,ar-120-121,pr-true,f-auto,q-80/cms/sub_category/85.png",The Baker's Dozen Zero Maida Pizza Base No Palm Oil No Preservative 100% Wholewheat,The,89,89,140 g,4.6 (565),Sold Out,https://www.zeptonow.com/pn/the-bakers-dozen-zero-maida-pizza-base-no-palm-oil-no-preservative-100-wholewheat/pvid/ff972be1-9770-40a6-bc01-4f6a21c5161d,"https://cdn.zeptonow.com/production/tr:w-1280,ar-1000-1000,pr-true,f-auto,q-80/cms/product_variant/3e87d7c6-7cbf-455d-9e96-b8551f673eac.jpeg"
"Dairy, Bread & Eggs",Breads & Buns,"https://cdn.zeptonow.com/production/tr:w-90,ar-120-121,pr-true,f-auto,q-80/cms/sub_category/85.png",The Baker's Dozen Zero Maida Pita Bread No Palm Oil No Preservative 100% Wholewheat,The,85,85,100 g,4.5 (534),Sold Out,https://www.zeptonow.com/pn/the-bakers-dozen-zero-maida-pita-bread-no-palm-oil-no-preservative-100-wholewheat/pvid/956b7d93-8d5f-496b-adf4-ef58f4d87e16,"https://cdn.zeptonow.com/production/tr:w-1280,ar-1500-1500,pr-true,f-auto,q-80/cms/product_variant/5dea9e8e-548f-43dc-9ba7-7c843da3cd55.jpeg"
"Dairy, Bread & Eggs",Breads & Buns,"https://cdn.zeptonow.com/production/tr:w-90,ar-120-121,pr-true,f-auto,q-80/cms/sub_category/85.png",Britannia Milk Slice White Bread,Britannia,25,25,200 g,4.5 (46.0k),Sold Out,https://www.zeptonow.com/pn/britannia-milk-slice-white-bread/pvid/8070b619-4404-4a3e-9af5-d2a6a62ae497,"https://cdn.zeptonow.com/production/tr:w-1280,ar-1500-1500,pr-true,f-auto,q-80/cms/product_variant/f4b96f13-287c-457a-8bbf-c86c0be3c234.jpeg"
"Dairy, Bread & Eggs",Breads & Buns,"https://cdn.zeptonow.com/production/tr:w-90,ar-120-121,pr-true,f-auto,q-80/cms/sub_category/85.png",The Health Factory Zero Maida Garlic Bread | Clean Label - Not Brown,The Health Factory,55,55,156 g,4.3 (3.1k),Sold Out,https://www.zeptonow.com/pn/the-health-factory-zero-maida-garlic-bread-clean-label-not-brown/pvid/fc7600a3-8379-4e51-84dd-c5af9cecd831,"https://cdn.zeptonow.com/production/tr:w-1280,ar-1200-1200,pr-true,f-auto,q-80/cms/product_variant/6f422b49-8183-4289-a330-e9db40d3da0c.jpeg"
"Dairy, Bread & Eggs",Breads & Buns,"https://cdn.zeptonow.com/production/tr:w-90,ar-120-121,pr-true,f-auto,q-80/cms/sub_category/85.png",The Health Factory Zero Maida Burger Bun | Clean Label - Not Brown,The Health Factory,37,37,120 g,4.5 (8.1k),Sold Out,https://www.zeptonow.com/pn/the-health-factory-zero-maida-burger-bun-clean-label-not-brown/pvid/a7d7e8f0-534f-42be-bd89-1f91de8fc95b,"https://cdn.zeptonow.com/production/tr:w-1280,ar-1200-1200,pr-true,f-auto,q-80/cms/product_variant/09724774-797e-4bd9-8578-18059870066a.jpg"
"Dairy, Bread & Eggs",Breads & Buns,"https://cdn.zeptonow.com/production/tr:w-90,ar-120-121,pr-true,f-auto,q-80/cms/sub_category/85.png",The Baker's Dozen Ragi Bread - Zero Maida No Palm Oil No preservative 100% Wholewheat,The,75,75,400 g,4.1 (1.1k),Sold Out,https://www.zeptonow.com/pn/the-bakers-dozen-ragi-bread-zero-maida-no-palm-oil-no-preservative-100-wholewheat/pvid/dad55edf-ae58-4668-b69d-2a8d7be03eaf,"https://cdn.zeptonow.com/production/tr:w-1280,ar-1500-1500,pr-true,f-auto,q-80/cms/product_variant/12864f58-61a7-417f-8d64-842e19acf573.jpeg"
"Dairy, Bread & Eggs",Breads & Buns,"https://cdn.zeptonow.com/production/tr:w-90,ar-120-121,pr-true,f-auto,q-80/cms/sub_category/85.png",Modern Medium Crust Pizza Base,Modern,27,27,150 g,4.4 (7.4k),Sold Out,https://www.zeptonow.com/pn/modern-medium-crust-pizza-base/pvid/6b26297b-4697-4d11-9869-643355fd6352,"https://cdn.zeptonow.com/production/tr:w-1280,ar-1000-1000,pr-true,f-auto,q-80/cms/product_variant/8e5338de-4761-41af-8210-a79f39b0b1e7.jpeg"
"Dairy, Bread & Eggs",Breads & Buns,"https://cdn.zeptonow.com/production/tr:w-90,ar-120-121,pr-true,f-auto,q-80/cms/sub_category/85.png",Britannia Kulcha,Britannia,45,45,200 g,4.6 (1.1k),Sold Out,https://www.zeptonow.com/pn/britannia-kulcha/pvid/a976103a-a46d-4263-8523-33282bb433f2,"https://cdn.zeptonow.com/production/tr:w-1280,ar-2400-2400,pr-true,f-auto,q-80/cms/product_variant/e9651e71-56a1-49cb-8472-f32b41bda233.jpg"
"Dairy, Bread & Eggs",Breads & Buns,"https://cdn.zeptonow.com/production/tr:w-90,ar-120-121,pr-true,f-auto,q-80/cms/sub_category/85.png",The Baker's Dozen Fourgrain Sourdough Zero Maida Gut Friendly,The,228,235,380 g,4.5 (732),Sold Out,https://www.zeptonow.com/pn/the-bakers-dozen-fourgrain-sourdough-zero-maida-gut-friendly/pvid/5655c9dc-2517-4acb-b7ef-86b6d8e72b09,"https://cdn.zeptonow.com/production/tr:w-1280,ar-1000-1000,pr-true,f-auto,q-80/cms/product_variant/19df04d8-431e-4156-b885-21b1f40ee4a8.jpeg"
"Dairy, Bread & Eggs",Breads & Buns,"https://cdn.zeptonow.com/production/tr:w-90,ar-120-121,pr-true,f-auto,q-80/cms/sub_category/85.png",The Health Factory Zero Maida 100% Whole Wheat Bread | Clean Label - Not Brown,The Health Factory,59,65,350 g,4.6 (58.0k),Sold Out,https://www.zeptonow.com/pn/the-health-factory-zero-maida-100-whole-wheat-bread-clean-label-not-brown/pvid/58bd25ce-8f73-4031-96ed-7a1278834d2b,"https://cdn.zeptonow.com/production/tr:w-1280,ar-1200-1200,pr-true,f-auto,q-80/cms/product_variant/68de0f15-ba46-4a79-95ec-0e2a33ce9dcc.jpeg"
"Dairy, Bread & Eggs",Batters & Mixes,"https://cdn.zeptonow.com/production/tr:w-90,ar-120-121,pr-true,f-auto,q-80/cms/sub_category/86.png",Udhaiyam Idli Dosa Batter,Udhaiyam,62,62,1 kg,4.7 (12.8k),In Stock,https://www.zeptonow.com/pn/udhaiyam-idli-dosa-batter/pvid/af95a08c-050a-4185-93ae-a9e95e8e0157,"https://cdn.zeptonow.com/production/tr:w-1280,ar-1200-1200,pr-true,f-auto,q-80/cms/product_variant/996118d4-1327-4a38-b9a4-d397538f31b9.jpeg"
"Dairy, Bread & Eggs",Batters & Mixes,"https://cdn.zeptonow.com/production/tr:w-90,ar-120-121,pr-true,f-auto,q-80/cms/sub_category/86.png",Thaayar Idli Dosa Batter,Thaayar,63,63,800 g,4.7 (4.9k),In Stock,https://www.zeptonow.com/pn/thaayar-idli-dosa-batter/pvid/26f24f23-c90a-4076-b9d5-6d7588209dbf,"https://cdn.zeptonow.com/production/tr:w-1280,ar-2400-2400,pr-true,f-auto,q-80/cms/product_variant/01802bc7-e313-4de5-9e4a-ea5fe8291eb1.jpeg"
"Dairy, Bread & Eggs",Batters & Mixes,"https://cdn.zeptonow.com/production/tr:w-90,ar-120-121,pr-true,f-auto,q-80/cms/sub_category/86.png",Daily Good Idly & Dosa Batter,Daily Good,65,90,1 kg,4.4 (30.4k),In Stock,https://www.zeptonow.com/pn/daily-good-idly-dosa-batter/pvid/17ba6eec-53b9-4958-a325-056eb22e10ed,"https://cdn.zeptonow.com/production/tr:w-1280,ar-1600-1592,pr-true,f-auto,q-80/cms/product_variant/efbad9d5-e79b-484a-9c19-4654343f2c96.jpeg"
"Dairy, Bread & Eggs",Batters & Mixes,"https://cdn.zeptonow.com/production/tr:w-90,ar-120-121,pr-true,f-auto,q-80/cms/sub_category/86.png",iD Fresh Idli & Dosa Batter,iD,118,135,2 kg,4.6 (91.4k),In Stock,https://www.zeptonow.com/pn/id-fresh-idli-dosa-batter/pvid/c8cfe58e-3aee-404d-8783-a2dc877fc66d,"https://cdn.zeptonow.com/production/tr:w-1280,ar-1200-1200,pr-true,f-auto,q-80/cms/product_variant/28e35241-6a2d-4ba4-b8a7-96d0ff68410d.jpeg"
"Dairy, Bread & Eggs",Batters & Mixes,"https://cdn.zeptonow.com/production/tr:w-90,ar-120-121,pr-true,f-auto,q-80/cms/sub_category/86.png",Freshey's Stone Ground Idly Dosa Batter,Freshey's,64,70,1 kg,4.5 (4.0k),In Stock,https://www.zeptonow.com/pn/fresheys-stone-ground-idly-dosa-batter/pvid/d73344cb-bdfd-4829-b620-c5962358329a,"https://cdn.zeptonow.com/production/tr:w-1280,ar-1500-1500,pr-true,f-auto,q-80/cms/product_variant/293888e6-9c26-4929-9bcc-e9d97bb08918.jpeg"
"Dairy, Bread & Eggs",Batters & Mixes,"https://cdn.zeptonow.com/production/tr:w-90,ar-120-121,pr-true,f-auto,q-80/cms/sub_category/86.png",iD Fresh Idli & Dosa Batter,iD,80,80,1 kg,4.6 (100.3k),In Stock,https://www.zeptonow.com/pn/id-fresh-idli-dosa-batter/pvid/a66ba5b4-313d-4469-becd-01b69bd19fc7,"https://cdn.zeptonow.com/production/tr:w-1280,ar-1080-1080,pr-true,f-auto,q-80/cms/product_variant/df0e95c6-7fd2-46af-a251-b84ce5de86a9.jpeg"
"Dairy, Bread & Eggs",Batters & Mixes,"https://cdn.zeptonow.com/production/tr:w-90,ar-120-121,pr-true,f-auto,q-80/cms/sub_category/86.png",Ammamma's Dosa Idli Batter,Ammamma's,70,75,1 kg,4.4 (5.9k),In Stock,https://www.zeptonow.com/pn/ammammas-dosa-idli-batter/pvid/e380c945-21c2-41e9-883b-4de1932f240f,"https://cdn.zeptonow.com/production/tr:w-1280,ar-1200-1200,pr-true,f-auto,q-80/cms/product_variant/c639709d-d798-4199-919d-cf4c971da539.jpeg"
"Dairy, Bread & Eggs",Batters & Mixes,"https://cdn.zeptonow.com/production/tr:w-90,ar-120-121,pr-true,f-auto,q-80/cms/sub_category/86.png",Thaayar Adai Dosa Batter,Thaayar,63,63,500 g,4.6 (258),In Stock,https://www.zeptonow.com/pn/thaayar-adai-dosa-batter/pvid/d2ea10f8-50ad-42c5-b840-03986f8fc263,"https://cdn.zeptonow.com/production/tr:w-1280,ar-2400-2400,pr-true,f-auto,q-80/cms/product_variant/eae4135f-0348-4e75-a6b3-37b753f08f4c.jpeg"
"Dairy, Bread & Eggs",Batters & Mixes,"https://cdn.zeptonow.com/production/tr:w-90,ar-120-121,pr-true,f-auto,q-80/cms/sub_category/86.png",iD Fresh Superr Idli & Dosa Batter,iD,60,60,1 kg,4.5 (10.0k),In Stock,https://www.zeptonow.com/pn/id-fresh-superr-idli-dosa-batter/pvid/2f4ce4bf-1301-4a38-9c14-05f6ce00df8f,"https://cdn.zeptonow.com/production/tr:w-1280,ar-900-900,pr-true,f-auto,q-80/cms/product_variant/05942985-a52d-4f2e-b0c1-022c6e829894.jpeg"
"Dairy, Bread & Eggs",Batters & Mixes,"https://cdn.zeptonow.com/production/tr:w-90,ar-120-121,pr-true,f-auto,q-80/cms/sub_category/86.png",Daily Good Idly And Dosa Batter,Daily Good,45,65,500 g,4.4 (3.9k),In Stock,https://www.zeptonow.com/pn/daily-good-idly-and-dosa-batter/pvid/e59842f5-6b81-4dc1-af74-073f03b456b1,"https://cdn.zeptonow.com/production/tr:w-1280,ar-2250-2250,pr-true,f-auto,q-80/cms/product_variant/0d914c97-b2c1-44b4-89ad-5381a140d3df.jpeg"
"Dairy, Bread & Eggs",Batters & Mixes,"https://cdn.zeptonow.com/production/tr:w-90,ar-120-121,pr-true,f-auto,q-80/cms/sub_category/86.png",iD Fresh Tomato Chutney,iD,55,55,120 g,4.4 (4.4k),In Stock,https://www.zeptonow.com/pn/id-fresh-tomato-chutney/pvid/a442d02a-ad96-4642-bac5-a300317f3895,"https://cdn.zeptonow.com/production/tr:w-1280,ar-450-450,pr-true,f-auto,q-80/cms/product_variant/0fff3b05-084f-447c-bfea-6237c07728c3.jpg"
"Dairy, Bread & Eggs",Batters & Mixes,"https://cdn.zeptonow.com/production/tr:w-90,ar-120-121,pr-true,f-auto,q-80/cms/sub_category/86.png",iD Fresh Coriander Chutney,iD,55,55,120 g,4.7 (2.1k),In Stock,https://www.zeptonow.com/pn/id-fresh-coriander-chutney/pvid/3d9b2dc5-cb15-4212-a81a-8c6d442b7171,"https://cdn.zeptonow.com/production/tr:w-1280,ar-450-450,pr-true,f-auto,q-80/cms/product_variant/3739cf00-bae2-4cc0-a99a-78a68af234c1.jpg"
"Dairy, Bread & Eggs",Batters & Mixes,"https://cdn.zeptonow.com/production/tr:w-90,ar-120-121,pr-true,f-auto,q-80/cms/sub_category/86.png",iD Fresh Dhaniya Pudina Chutney,iD,55,55,120 g,4.3 (381),In Stock,https://www.zeptonow.com/pn/id-fresh-dhaniya-pudina-chutney/pvid/213ba900-2fb6-4121-ab11-a7c0802e3c9d,"https://cdn.zeptonow.com/production/tr:w-1280,ar-4167-4167,pr-true,f-auto,q-80/cms/product_variant/86ceaea9-e96b-466b-848e-e6632850bb91.jpeg"
"Dairy, Bread & Eggs",Batters & Mixes,"https://cdn.zeptonow.com/production/tr:w-90,ar-120-121,pr-true,f-auto,q-80/cms/sub_category/86.png",iD Fresh Coconut Chutney,iD,55,55,120 g,4.4 (7.5k),In Stock,https://www.zeptonow.com/pn/id-fresh-coconut-chutney/pvid/2e69b70f-9925-4e93-9ca2-048d05e91bb1,"https://cdn.zeptonow.com/production/tr:w-1280,ar-450-450,pr-true,f-auto,q-80/cms/product_variant/224d2192-0110-4bec-9e3c-e81030f99261.jpg"
"Dairy, Bread & Eggs",Batters & Mixes,"https://cdn.zeptonow.com/production/tr:w-90,ar-120-121,pr-true,f-auto,q-80/cms/sub_category/86.png",iD Fresh Tamarind Chutney,iD,55,55,120 g,4.4 (95),In Stock,https://www.zeptonow.com/pn/id-fresh-tamarind-chutney/pvid/2e491d42-5e85-45d2-b671-1f1fa08a61f6,"https://cdn.zeptonow.com/production/tr:w-1280,ar-4167-4167,pr-true,f-auto,q-80/cms/product_variant/8cba8c15-49a5-4b09-9ce6-86fb69fd10f2.jpg"
"Dairy, Bread & Eggs",Batters & Mixes,"https://cdn.zeptonow.com/production/tr:w-90,ar-120-121,pr-true,f-auto,q-80/cms/sub_category/86.png",Udhaiyam Idli Dosa Batter(1pc) & Tomato Country / Naattu Thakkali(1pc) Combo,Udhaiyam,91,96,2 combo,4.5 (200),In Stock,https://www.zeptonow.com/pn/udhaiyam-idli-dosa-batter1pc-tomato-country-naattu-thakkali1pc-combo/pvid/7e61d185-6bc7-4431-9447-e1115e979d4f,"https://cdn.zeptonow.com/production/tr:w-1280,ar-1500-1500,pr-true,f-auto,q-80/cms/product_variant/f5ebd516-4db4-46ee-8e66-634d3e062223.jpg"
"Dairy, Bread & Eggs",Batters & Mixes,"https://cdn.zeptonow.com/production/tr:w-90,ar-120-121,pr-true,f-auto,q-80/cms/sub_category/86.png",Thaayar Idli Dosa Batter(1pc) & Tomato Country / Naattu Thakkali(1pc) Combo,Thaayar,92,97,2 combo,4.7 (75),In Stock,https://www.zeptonow.com/pn/thaayar-idli-dosa-batter1pc-tomato-country-naattu-thakkali1pc-combo/pvid/2ef1252d-2f38-4a84-803c-3f93320fc393,"https://cdn.zeptonow.com/production/tr:w-1280,ar-1500-1500,pr-true,f-auto,q-80/cms/product_variant/079d5dd9-b72e-49d6-aebe-258f35812ba3.jpg"
"Dairy, Bread & Eggs",Batters & Mixes,"https://cdn.zeptonow.com/production/tr:w-90,ar-120-121,pr-true,f-auto,q-80/cms/sub_category/86.png",Thaayar Idli Dosa Batter(1pc) & Mint Leaves(1pc) Combo,Thaayar,72,76,2 combo,4.6 (894),In Stock,https://www.zeptonow.com/pn/thaayar-idli-dosa-batter1pc-mint-leaves1pc-combo/pvid/7395f4c9-b433-4248-a066-a2cf36f01a39,"https://cdn.zeptonow.com/production/tr:w-1280,ar-1500-1500,pr-true,f-auto,q-80/cms/product_variant/9c05e162-68e7-460f-b968-83dc49be5d4d.jpg"
"Dairy, Bread & Eggs",Batters & Mixes,"https://cdn.zeptonow.com/production/tr:w-90,ar-120-121,pr-true,f-auto,q-80/cms/sub_category/86.png",Udhaiyam Idli Dosa Batter(1pc) & Onion (Vengayam)(1pc) Combo,Udhaiyam,100,114,2 combo,4.4 (897),In Stock,https://www.zeptonow.com/pn/udhaiyam-idli-dosa-batter1pc-onion-vengayam1pc-combo/pvid/fc8c8d06-b4e6-4c18-b582-f15ecbafc774,"https://cdn.zeptonow.com/production/tr:w-1280,ar-1500-1500,pr-true,f-auto,q-80/cms/product_variant/17ea84e6-e91c-4315-95d2-0cd285dd43b5.jpg"
"Dairy, Bread & Eggs",Batters & Mixes,"https://cdn.zeptonow.com/production/tr:w-90,ar-120-121,pr-true,f-auto,q-80/cms/sub_category/86.png",Thaayar Idli Dosa Batter(1pc) & Green Chilli (Pachchai Milagai)(1pc) Combo,Thaayar,75,75,2 combo,4.2 (497),In Stock,https://www.zeptonow.com/pn/thaayar-idli-dosa-batter1pc-green-chilli-pachchai-milagai1pc-combo/pvid/0f6c0544-e1cc-4b5f-bcaf-93e685654e17,"https://cdn.zeptonow.com/production/tr:w-1280,ar-1500-1500,pr-true,f-auto,q-80/cms/product_variant/9ea1a379-923f-4f6d-8d47-ff2d7741a54b.jpg"
"Dairy, Bread & Eggs",Batters & Mixes,"https://cdn.zeptonow.com/production/tr:w-90,ar-120-121,pr-true,f-auto,q-80/cms/sub_category/86.png",Ammamma's Dosa Idli Batter 1 kg Combo,Ammamma's,128,150,1 kg X 2,4.3 (979),In Stock,https://www.zeptonow.com/pn/ammammas-dosa-idli-batter-1-kg-combo/pvid/e708fe73-b7e2-44c3-b514-92b14c61b846,"https://cdn.zeptonow.com/production/tr:w-1280,ar-1500-1500,pr-true,f-auto,q-80/cms/product_variant/6ec05f6e-f4ef-44dd-8c2d-b958510b56d73277.jpg"
"Dairy, Bread & Eggs",Batters & Mixes,"https://cdn.zeptonow.com/production/tr:w-90,ar-120-121,pr-true,f-auto,q-80/cms/sub_category/86.png",Thaayar Idli Dosa Batter(1pc) & Onion (Vengayam)(1pc) Combo,Thaayar,101,115,2 combo,4.4 (653),In Stock,https://www.zeptonow.com/pn/thaayar-idli-dosa-batter1pc-onion-vengayam1pc-combo/pvid/57e9e0c6-baef-4f38-8777-8c74fc9108d3,"https://cdn.zeptonow.com/production/tr:w-1280,ar-1500-1500,pr-true,f-auto,q-80/cms/product_variant/44e0cce7-fda8-49f6-a6bb-9f58d2be9521.jpg"
"Dairy, Bread & Eggs",Batters & Mixes,"https://cdn.zeptonow.com/production/tr:w-90,ar-120-121,pr-true,f-auto,q-80/cms/sub_category/86.png",iD Superr Idli & Dosa Batter 1 kg Combo,iD,165,180,1 kg X 3,4.2 (235),In Stock,https://www.zeptonow.com/pn/id-superr-idli-dosa-batter-1-kg-combo/pvid/a312315d-36ab-4791-a668-56989c191078,"https://cdn.zeptonow.com/production/tr:w-1280,ar-1500-1500,pr-true,f-auto,q-80/cms/product_variant/7ac774a4-b60e-43dd-bcb7-8475e6dd9377.jpg"
"Dairy, Bread & Eggs",Batters & Mixes,"https://cdn.zeptonow.com/production/tr:w-90,ar-120-121,pr-true,f-auto,q-80/cms/sub_category/86.png",Udhaiyam Idli Dosa Batter 1 kg Combo,Udhaiyam,114,124,1 kg X 2,4.6 (335),In Stock,https://www.zeptonow.com/pn/udhaiyam-idli-dosa-batter-1-kg-combo/pvid/eb2ddf1f-f54e-4188-82d1-c22236f5e9e8,"https://cdn.zeptonow.com/production/tr:w-1280,ar-1500-1500,pr-true,f-auto,q-80/inventory/product/cafaf4dd-1740-4136-837c-23355cf6396e-5220.jpg"
"Dairy, Bread & Eggs",Batters & Mixes,"https://cdn.zeptonow.com/production/tr:w-90,ar-120-121,pr-true,f-auto,q-80/cms/sub_category/86.png",iD Fresh Superr Idli & Dosa Batter 1 kg Combo,iD,114,120,1 kg X 2,4.6 (169),In Stock,https://www.zeptonow.com/pn/id-fresh-superr-idli-dosa-batter-1-kg-combo/pvid/945d1f4e-c262-4c62-b37a-bd6804192590,"https://cdn.zeptonow.com/production/tr:w-1280,ar-1500-1500,pr-true,f-auto,q-80/inventory/product/00512016-fd58-4c43-afe3-519d1bbea49c-5940.jpg"
"Dairy, Bread & Eggs",Batters & Mixes,"https://cdn.zeptonow.com/production/tr:w-90,ar-120-121,pr-true,f-auto,q-80/cms/sub_category/86.png",Udhaiyam Idli Dosa Batter 1 kg Combo,Udhaiyam,162,186,1 kg X 3,4.4 (540),In Stock,https://www.zeptonow.com/pn/udhaiyam-idli-dosa-batter-1-kg-combo/pvid/6d6f5d6a-5f65-4ccd-86ac-81082a67efd7,"https://cdn.zeptonow.com/production/tr:w-1280,ar-1500-1500,pr-true,f-auto,q-80/cms/product_variant/beaa7e5d-65e7-41d1-8274-76ba7e22a722.jpg"
"Dairy, Bread & Eggs",Batters & Mixes,"https://cdn.zeptonow.com/production/tr:w-90,ar-120-121,pr-true,f-auto,q-80/cms/sub_category/86.png",Thaayar Idli Dosa Batter 800 g Combo,Thaayar,116,126,800 g X 2,4.2 (494),In Stock,https://www.zeptonow.com/pn/thaayar-idli-dosa-batter-800-g-combo/pvid/f587e358-f3c1-4930-bf11-d1f2cbe3a9a0,"https://cdn.zeptonow.com/production/tr:w-1280,ar-1500-1500,pr-true,f-auto,q-80/inventory/product/6a1131be-952f-4bf2-af04-b70ff070fabc-5186.jpg"
"Dairy, Bread & Eggs",Batters & Mixes,"https://cdn.zeptonow.com/production/tr:w-90,ar-120-121,pr-true,f-auto,q-80/cms/sub_category/86.png",Freshey's Stone Ground Idly Dosa Batter 1 kg Combo,Freshey's,102,140,1 kg X 2,4.6 (68),In Stock,https://www.zeptonow.com/pn/fresheys-stone-ground-idly-dosa-batter-1-kg-combo/pvid/687179dd-6eea-4b64-a860-d8257efa26b3,"https://cdn.zeptonow.com/production/tr:w-1280,ar-1500-1500,pr-true,f-auto,q-80/cms/product_variant/0bcb6194-d5b0-4f51-96b1-2b1290c8461d.jpg"
"Dairy, Bread & Eggs",Batters & Mixes,"https://cdn.zeptonow.com/production/tr:w-90,ar-120-121,pr-true,f-auto,q-80/cms/sub_category/86.png",Thaayar Idli Dosa Batter 800 g Combo,Thaayar,165,189,800 g X 3,4.4 (961),In Stock,https://www.zeptonow.com/pn/thaayar-idli-dosa-batter-800-g-combo/pvid/99ea6859-78c3-48d3-b90c-a5902ed4172b,"https://cdn.zeptonow.com/production/tr:w-1280,ar-1500-1500,pr-true,f-auto,q-80/cms/product_variant/cbaef66a-994c-47f9-b2b2-c79a1d748d69.jpg"
"Dairy, Bread & Eggs",Batters & Mixes,"https://cdn.zeptonow.com/production/tr:w-90,ar-120-121,pr-true,f-auto,q-80/cms/sub_category/86.png",Daily Good Idly & Dosa Batter 1 kg Combo,Daily Good,120,180,1 kg X 2,4.7 (287),In Stock,https://www.zeptonow.com/pn/daily-good-idly-dosa-batter-1-kg-combo/pvid/7c11ffff-df59-4c4c-8862-af3056eb49bb,"https://cdn.zeptonow.com/production/tr:w-1280,ar-1500-1500,pr-true,f-auto,q-80/cms/product_variant/736a992a-4dbe-4b94-84d3-997e79cc2c0f.jpg"
"Dairy, Bread & Eggs",Batters & Mixes,"https://cdn.zeptonow.com/production/tr:w-90,ar-120-121,pr-true,f-auto,q-80/cms/sub_category/86.png",Thaayar Adai Dosa Batter 500 g Combo,Thaayar,116,126,500 g X 2,4.6 (788),In Stock,https://www.zeptonow.com/pn/thaayar-adai-dosa-batter-500-g-combo/pvid/873a2f44-da23-41c6-85fe-99909a23e577,"https://cdn.zeptonow.com/production/tr:w-1280,ar-1500-1500,pr-true,f-auto,q-80/inventory/product/b6cec028-c191-4f41-9abe-6c437f90b502-5989.jpg"
"Dairy, Bread & Eggs",Batters & Mixes,"https://cdn.zeptonow.com/production/tr:w-90,ar-120-121,pr-true,f-auto,q-80/cms/sub_category/86.png",iD Coconut Chutney 120 g Combo,iD,147,165,120 g X 3,4.3 (798),In Stock,https://www.zeptonow.com/pn/id-coconut-chutney-120-g-combo/pvid/7e1a67bb-435a-497f-b0a8-e2147bf2d39a,"https://cdn.zeptonow.com/production/tr:w-1280,ar-1500-1500,pr-true,f-auto,q-80/cms/product_variant/f4e20681-7ccc-44fc-8c2b-10718d3b0ae7.jpg"
"Dairy, Bread & Eggs",Batters & Mixes,"https://cdn.zeptonow.com/production/tr:w-90,ar-120-121,pr-true,f-auto,q-80/cms/sub_category/86.png",iD Tomato Chutney 120 g Combo,iD,147,165,120 g X 3,4.4 (793),In Stock,https://www.zeptonow.com/pn/id-tomato-chutney-120-g-combo/pvid/7d7a492b-568b-4626-99b5-2750f3079e26,"https://cdn.zeptonow.com/production/tr:w-1280,ar-1500-1500,pr-true,f-auto,q-80/cms/product_variant/e5b08515-87a6-4b5d-a22d-4c856143f1ce.jpg"
"Dairy, Bread & Eggs",Batters & Mixes,"https://cdn.zeptonow.com/production/tr:w-90,ar-120-121,pr-true,f-auto,q-80/cms/sub_category/86.png",iD Fresh Mallige Idly Batter,iD,120,120,750 g,4.1 (187),Sold Out,https://www.zeptonow.com/pn/id-fresh-mallige-idly-batter/pvid/ac31d460-fc56-491b-a7a5-6e10e5b9e6dd,"https://cdn.zeptonow.com/production/tr:w-1280,ar-1000-1000,pr-true,f-auto,q-80/cms/product_variant/cda3b8b6-85b9-4c8f-8e54-befb81f3a276.jpeg"
"Dairy, Bread & Eggs",Batters & Mixes,"https://cdn.zeptonow.com/production/tr:w-90,ar-120-121,pr-true,f-auto,q-80/cms/sub_category/86.png",iD Fresh Multigrain Idly & Dosa Batter,iD,155,155,750 g,4 (532),Sold Out,https://www.zeptonow.com/pn/id-fresh-multigrain-idly-dosa-batter/pvid/5d61543f-44f6-4f99-8ec1-b30c63d3207a,"https://cdn.zeptonow.com/production/tr:w-1280,ar-1000-1000,pr-true,f-auto,q-80/cms/product_variant/68ffdf44-35d7-42a4-9c27-c099e3d15582.jpeg"
"Dairy, Bread & Eggs",Batters & Mixes,"https://cdn.zeptonow.com/production/tr:w-90,ar-120-121,pr-true,f-auto,q-80/cms/sub_category/86.png",iD Fresh Ragi Millet Idly & Dosa Batter,iD,135,135,750 g,3.9 (1.6k),Sold Out,https://www.zeptonow.com/pn/id-fresh-ragi-millet-idly-dosa-batter/pvid/8f43592f-ec0f-44ab-8bb7-8b911c05d0cb,"https://cdn.zeptonow.com/production/tr:w-1280,ar-1000-1000,pr-true,f-auto,q-80/cms/product_variant/39f81f0e-e993-49f0-8c2f-c27d654b783d.jpeg"
"Dairy, Bread & Eggs",Batters & Mixes,"https://cdn.zeptonow.com/production/tr:w-90,ar-120-121,pr-true,f-auto,q-80/cms/sub_category/86.png",Asal Batter,Asal,83,95,1 kg,4.5 (12.3k),Sold Out,https://www.zeptonow.com/pn/asal-batter/pvid/14b128f4-897c-405c-bd0e-bf0606dabd59,"https://cdn.zeptonow.com/production/tr:w-1280,ar-1200-1200,pr-true,f-auto,q-80/cms/product_variant/755e6525-a851-4538-9068-22cdd5f19d79.jpeg"
"Dairy, Bread & Eggs",Batters & Mixes,"https://cdn.zeptonow.com/production/tr:w-90,ar-120-121,pr-true,f-auto,q-80/cms/sub_category/86.png",iD Fresh Liquid Sambar (Heat & Eat),iD,99,99,350 g,4.3 (1.2k),Sold Out,https://www.zeptonow.com/pn/id-fresh-liquid-sambar-heat-eat/pvid/fd45a534-2d33-400c-b71b-bba3dee4925c,"https://cdn.zeptonow.com/production/tr:w-1280,ar-1080-1080,pr-true,f-auto,q-80/cms/product_variant/84f5efb6-55a9-4129-9ce1-43947a4288f4.jpg"
"Dairy, Bread & Eggs",Batters & Mixes,"https://cdn.zeptonow.com/production/tr:w-90,ar-120-121,pr-true,f-auto,q-80/cms/sub_category/86.png",iD Fresh Peanut Chutney,iD,55,55,120 g,4.6 (4.7k),Sold Out,https://www.zeptonow.com/pn/id-fresh-peanut-chutney/pvid/fba8e9d6-b299-4367-a7d4-aac841f3a667,"https://cdn.zeptonow.com/production/tr:w-1280,ar-450-450,pr-true,f-auto,q-80/cms/product_variant/a21b0101-31c2-4325-8aaa-67670344d9bd.jpg"
"Dairy, Bread & Eggs",Top Picks,"https://cdn.zeptonow.com/production/tr:w-90,ar-120-121,pr-true,f-auto,q-80/cms/sub_category/79.png",Akshayakalpa Organic Cow Milk - Uht,Akshayakalpa,125,131,1 L,4.7 (1.3k),In Stock,https://www.zeptonow.com/pn/akshayakalpa-organic-cow-milk-uht/pvid/cfc168c0-bb8d-4614-bcb4-bd1f115c048e,"https://cdn.zeptonow.com/production/tr:w-1280,ar-1000-1000,pr-true,f-auto,q-80/cms/product_variant/e7d0ce71-3108-461e-84d4-c7d04e6f4f40.jpeg"
"Dairy, Bread & Eggs",Top Picks,"https://cdn.zeptonow.com/production/tr:w-90,ar-120-121,pr-true,f-auto,q-80/cms/sub_category/79.png",Eggoz Protein Rich Farm Fresh White Eggs,Eggoz,319,419,1 pack (30 pcs),4.3 (29.3k),In Stock,https://www.zeptonow.com/pn/eggoz-protein-rich-farm-fresh-white-eggs/pvid/919c9cd8-8961-41cb-841f-b0bbcdcf6b62,"https://cdn.zeptonow.com/production/tr:w-1280,ar-2500-2500,pr-true,f-auto,q-80/cms/product_variant/044a0893-3136-416a-978b-36da192b4443.jpeg"
"Dairy, Bread & Eggs",Top Picks,"https://cdn.zeptonow.com/production/tr:w-90,ar-120-121,pr-true,f-auto,q-80/cms/sub_category/79.png","Modern 100% Whole Wheat Bread (Zero Maida, No trans fat)",Modern,47,50,400 g,4.6 (98.2k),In Stock,https://www.zeptonow.com/pn/modern-100-whole-wheat-bread-zero-maida-no-trans-fat/pvid/a9da2861-358c-4824-b58c-d357e36eeca7,"https://cdn.zeptonow.com/production/tr:w-1280,ar-2400-2400,pr-true,f-auto,q-80/cms/product_variant/d54c8d9d-5cb6-4af2-b773-4fc4024851ce.jpeg"
"Dairy, Bread & Eggs",Top Picks,"https://cdn.zeptonow.com/production/tr:w-90,ar-120-121,pr-true,f-auto,q-80/cms/sub_category/79.png",D'lecta 100% Mozzarella Shreds Cheese,D'lecta,100,118,140 g,4.7 (18.9k),In Stock,https://www.zeptonow.com/pn/dlecta-100-mozzarella-shreds-cheese/pvid/c0ad40d4-626a-4477-925d-f5fad77a6022,"https://cdn.zeptonow.com/production/tr:w-1280,ar-1200-1200,pr-true,f-auto,q-80/cms/product_variant/5cff0aed-6831-4bb0-b8d0-f829f507730f.jpeg"
"Dairy, Bread & Eggs",Top Picks,"https://cdn.zeptonow.com/production/tr:w-90,ar-120-121,pr-true,f-auto,q-80/cms/sub_category/79.png",Udhaiyam Idli Dosa Batter,Udhaiyam,62,62,1 kg,4.7 (12.8k),In Stock,https://www.zeptonow.com/pn/udhaiyam-idli-dosa-batter/pvid/af95a08c-050a-4185-93ae-a9e95e8e0157,"https://cdn.zeptonow.com/production/tr:w-1280,ar-1200-1200,pr-true,f-auto,q-80/cms/product_variant/996118d4-1327-4a38-b9a4-d397538f31b9.jpeg"
"Dairy, Bread & Eggs",Top Picks,"https://cdn.zeptonow.com/production/tr:w-90,ar-120-121,pr-true,f-auto,q-80/cms/sub_category/79.png",Milky Mist Cooking Butter Unsalted,Milky Mist,334,355,500 g,4.8 (4.2k),In Stock,https://www.zeptonow.com/pn/milky-mist-cooking-butter-unsalted/pvid/0acb07c2-6c83-4eab-920a-8b931a7ae72d,"https://cdn.zeptonow.com/production/tr:w-1280,ar-1600-1600,pr-true,f-auto,q-80/cms/product_variant/5acce062-beb2-4aa3-a8bc-d07b6752ee58.jpeg"
"Dairy, Bread & Eggs",Top Picks,"https://cdn.zeptonow.com/production/tr:w-90,ar-120-121,pr-true,f-auto,q-80/cms/sub_category/79.png",Milky Mist Skyr,Milky Mist,266,299,700 g,4.9 (118),In Stock,https://www.zeptonow.com/pn/milky-mist-skyr/pvid/b80aaaac-a1e2-4385-99ce-d6071250f44a,"https://cdn.zeptonow.com/production/tr:w-1280,ar-1600-1600,pr-true,f-auto,q-80/cms/product_variant/972bc091-ef0d-463e-8a9a-86d2affffeb8.jpg"
"Dairy, Bread & Eggs",Top Picks,"https://cdn.zeptonow.com/production/tr:w-90,ar-120-121,pr-true,f-auto,q-80/cms/sub_category/79.png",Akshayakalpa Organic Pasteurized Cow Fresh Milk (Pouch),Akshayakalpa,42,42,500 ml,4.6 (6.5k),In Stock,https://www.zeptonow.com/pn/akshayakalpa-organic-pasteurized-cow-fresh-milk-pouch/pvid/9cd6367f-6ae0-45f4-b529-625ad8b01069,"https://cdn.zeptonow.com/production/tr:w-1280,ar-1000-1000,pr-true,f-auto,q-80/cms/product_variant/a05ee90f-d81b-43a5-8f40-8c16a981730e.jpeg"
"Dairy, Bread & Eggs",Top Picks,"https://cdn.zeptonow.com/production/tr:w-90,ar-120-121,pr-true,f-auto,q-80/cms/sub_category/79.png",Milky Mist Butter Chiplet,Milky Mist,74,78,10 x 10 g,4.7 (1.5k),In Stock,https://www.zeptonow.com/pn/milky-mist-butter-chiplet/pvid/5fe7ad1b-0036-4356-9d18-cda79c1c6f88,"https://cdn.zeptonow.com/production/tr:w-1280,ar-1600-1600,pr-true,f-auto,q-80/cms/product_variant/92d89185-b803-45c2-9adc-daa69bab8fea.jpeg"
"Dairy, Bread & Eggs",Top Picks,"https://cdn.zeptonow.com/production/tr:w-90,ar-120-121,pr-true,f-auto,q-80/cms/sub_category/79.png",Milky Mist Greek Yogurt,Milky Mist,201,225,700 g,4.7 (297),In Stock,https://www.zeptonow.com/pn/milky-mist-greek-yogurt/pvid/826c1982-0d44-4cdc-8fa1-88e9cbc352b5,"https://cdn.zeptonow.com/production/tr:w-1280,ar-1600-1600,pr-true,f-auto,q-80/cms/product_variant/c9f7b448-28aa-4f83-bef8-b885f657190c.jpg"
"Dairy, Bread & Eggs",Top Picks,"https://cdn.zeptonow.com/production/tr:w-90,ar-120-121,pr-true,f-auto,q-80/cms/sub_category/79.png",Hatsun Curd,Hatsun,120,120,1 kg,4.8 (4.3k),In Stock,https://www.zeptonow.com/pn/hatsun-curd/pvid/d1469ad2-08a1-426c-bc7f-3073feee548d,"https://cdn.zeptonow.com/production/tr:w-1280,ar-2400-2400,pr-true,f-auto,q-80/cms/product_variant/eceb3527-3f4f-4bc4-b2cb-d1d7ed412fdb.jpeg"
"Dairy, Bread & Eggs",Top Picks,"https://cdn.zeptonow.com/production/tr:w-90,ar-120-121,pr-true,f-auto,q-80/cms/sub_category/79.png",D'lecta 100% Mozzarella Cheese Pizza Block,D'lecta,109,165,200 g,4.6 (17.9k),In Stock,https://www.zeptonow.com/pn/dlecta-100-mozzarella-cheese-pizza-block/pvid/1b435a73-e84f-4e23-8961-d159a48fdf53,"https://cdn.zeptonow.com/production/tr:w-1280,ar-1000-1000,pr-true,f-auto,q-80/cms/product_variant/29aaa7a9-58d4-4ee7-a55b-8f3004321331.jpeg"
"Dairy, Bread & Eggs",Top Picks,"https://cdn.zeptonow.com/production/tr:w-90,ar-120-121,pr-true,f-auto,q-80/cms/sub_category/79.png",Milky Mist High Protein Paneer,Milky Mist,116,150,200 g,4.5 (8.0k),In Stock,https://www.zeptonow.com/pn/milky-mist-high-protein-paneer/pvid/7c8ea69b-fd38-47ed-b212-75f6c825affd,"https://cdn.zeptonow.com/production/tr:w-1280,ar-1200-1200,pr-true,f-auto,q-80/cms/product_variant/8cd95c47-e10f-42a2-aa78-4e2a767c875d.jpg"
"Dairy, Bread & Eggs",Top Picks,"https://cdn.zeptonow.com/production/tr:w-90,ar-120-121,pr-true,f-auto,q-80/cms/sub_category/79.png",Thaayar Idli Dosa Batter,Thaayar,63,63,800 g,4.7 (4.9k),In Stock,https://www.zeptonow.com/pn/thaayar-idli-dosa-batter/pvid/26f24f23-c90a-4076-b9d5-6d7588209dbf,"https://cdn.zeptonow.com/production/tr:w-1280,ar-2400-2400,pr-true,f-auto,q-80/cms/product_variant/01802bc7-e313-4de5-9e4a-ea5fe8291eb1.jpeg"
"Dairy, Bread & Eggs",Top Picks,"https://cdn.zeptonow.com/production/tr:w-90,ar-120-121,pr-true,f-auto,q-80/cms/sub_category/79.png",Farm Made Free Range Brown Eggs - Protein Rich | Veg Feed | Non-Fertile,Farm,536,569,1 pack (24 pcs),4.5 (734),In Stock,https://www.zeptonow.com/pn/farm-made-free-range-brown-eggs-protein-rich-veg-feed-non-fertile/pvid/270c3832-e239-4466-bfec-e0dbfed3081e,"https://cdn.zeptonow.com/production/tr:w-1280,ar-1000-1000,pr-true,f-auto,q-80/cms/product_variant/17784bc9-abb0-4b96-b091-2661318410d6.jpeg"
"Dairy, Bread & Eggs",Top Picks,"https://cdn.zeptonow.com/production/tr:w-90,ar-120-121,pr-true,f-auto,q-80/cms/sub_category/79.png",Eggoz Protein Rich Farm Fresh White Eggs,Eggoz,117,155,1 pack (10 pcs),4.3 (35.3k),In Stock,https://www.zeptonow.com/pn/eggoz-protein-rich-farm-fresh-white-eggs/pvid/3e5b5972-959f-4862-b1f9-b478d4c710a4,"https://cdn.zeptonow.com/production/tr:w-1280,ar-2500-2500,pr-true,f-auto,q-80/cms/product_variant/822dafe6-d7cb-4935-8143-3a873f270931.jpeg"
"Dairy, Bread & Eggs",Top Picks,"https://cdn.zeptonow.com/production/tr:w-90,ar-120-121,pr-true,f-auto,q-80/cms/sub_category/79.png",Hatsun Fruit Yoghurt Mixed Berry,Hatsun,20,30,100 g,4.7 (244),In Stock,https://www.zeptonow.com/pn/hatsun-fruit-yoghurt-mixed-berry/pvid/8df539f3-cd11-4721-926a-6c6e6bb29c32,"https://cdn.zeptonow.com/production/tr:w-1280,ar-4167-4167,pr-true,f-auto,q-80/cms/product_variant/a2cb8793-967e-431d-939a-1fc4e9170a1e.jpg"
"Dairy, Bread & Eggs",Top Picks,"https://cdn.zeptonow.com/production/tr:w-90,ar-120-121,pr-true,f-auto,q-80/cms/sub_category/79.png",Milky Mist Cooking Butter Unsalted,Milky Mist,66,75,100 g,4.8 (6.4k),In Stock,https://www.zeptonow.com/pn/milky-mist-cooking-butter-unsalted/pvid/7616a7d1-abd7-4e30-ae4e-e364710b9bc8,"https://cdn.zeptonow.com/production/tr:w-1280,ar-1600-1600,pr-true,f-auto,q-80/cms/product_variant/3233a87c-f6dc-4aab-84ec-637d91cbcad9.jpeg"
"Dairy, Bread & Eggs",Top Picks,"https://cdn.zeptonow.com/production/tr:w-90,ar-120-121,pr-true,f-auto,q-80/cms/sub_category/79.png",Daily Good Idly & Dosa Batter,Daily Good,65,90,1 kg,4.4 (30.4k),In Stock,https://www.zeptonow.com/pn/daily-good-idly-dosa-batter/pvid/17ba6eec-53b9-4958-a325-056eb22e10ed,"https://cdn.zeptonow.com/production/tr:w-1280,ar-1600-1592,pr-true,f-auto,q-80/cms/product_variant/efbad9d5-e79b-484a-9c19-4654343f2c96.jpeg"
"Dairy, Bread & Eggs",Top Picks,"https://cdn.zeptonow.com/production/tr:w-90,ar-120-121,pr-true,f-auto,q-80/cms/sub_category/79.png",Hatsun Cup Curd,Hatsun,50,50,400 g,4.7 (18.9k),In Stock,https://www.zeptonow.com/pn/hatsun-cup-curd/pvid/cad89a81-5551-4d0d-b99a-2809a4623206,"https://cdn.zeptonow.com/production/tr:w-1280,ar-2400-2400,pr-true,f-auto,q-80/cms/product_variant/0066b54a-53ca-47cc-bbc9-5c227db51ada.jpeg"
"Dairy, Bread & Eggs",Top Picks,"https://cdn.zeptonow.com/production/tr:w-90,ar-120-121,pr-true,f-auto,q-80/cms/sub_category/79.png",D'lecta Cheese Slices,D'lecta,99,180,200 g,4.7 (15.3k),In Stock,https://www.zeptonow.com/pn/dlecta-cheese-slices/pvid/cda77b2d-7e62-47e9-abac-254e8b9f525e,"https://cdn.zeptonow.com/production/tr:w-1280,ar-1500-1500,pr-true,f-auto,q-80/cms/product_variant/ec798171-8e31-400f-bd64-3e08dd70b0bb.jpeg"
"Dairy, Bread & Eggs",Top Picks,"https://cdn.zeptonow.com/production/tr:w-90,ar-120-121,pr-true,f-auto,q-80/cms/sub_category/79.png",Hatsun Fresh Paneer,Hatsun,130,130,200 g,4.8 (3.5k),In Stock,https://www.zeptonow.com/pn/hatsun-fresh-paneer/pvid/1232ac7d-b9e2-4f44-aa9e-e4aea9b70fa6,"https://cdn.zeptonow.com/production/tr:w-1280,ar-2400-2400,pr-true,f-auto,q-80/cms/product_variant/f653151f-a1c4-4ad4-a047-5cffc88e4360.jpeg"
"Dairy, Bread & Eggs",Top Picks,"https://cdn.zeptonow.com/production/tr:w-90,ar-120-121,pr-true,f-auto,q-80/cms/sub_category/79.png",Akshayakalpa Amrutha A2 Pasteurized Fresh Milk (Pouch),Akshayakalpa,45,45,500 ml,4.7 (11.3k),In Stock,https://www.zeptonow.com/pn/akshayakalpa-amrutha-a2-pasteurized-fresh-milk-pouch/pvid/d3db9200-f330-4c52-996c-e231fcceaed0,"https://cdn.zeptonow.com/production/tr:w-1280,ar-1200-1200,pr-true,f-auto,q-80/cms/product_variant/0e10ef1c-54e1-4722-a366-4e2d024da0e4.jpeg"
"Dairy, Bread & Eggs",Top Picks,"https://cdn.zeptonow.com/production/tr:w-90,ar-120-121,pr-true,f-auto,q-80/cms/sub_category/79.png",Milky Mist Table Butter,Milky Mist,66,75,100 g,4.6 (1.5k),In Stock,https://www.zeptonow.com/pn/milky-mist-table-butter/pvid/18fa8072-a91b-4cb7-ab28-c9f7a0d1404f,"https://cdn.zeptonow.com/production/tr:w-1280,ar-2400-2400,pr-true,f-auto,q-80/cms/product_variant/d5ed3a6f-0f74-4135-bfdc-0f2876f79b3e.jpeg"
"Dairy, Bread & Eggs",Top Picks,"https://cdn.zeptonow.com/production/tr:w-90,ar-120-121,pr-true,f-auto,q-80/cms/sub_category/79.png","UPF Healthy Brown - Large Eggs, 6 Pieces | Protein Rich | Veg Feed | Infertile",UPF,93,99,1 pack (6 pcs),4.4 (21.7k),In Stock,https://www.zeptonow.com/pn/upf-healthy-brown-large-eggs-6-pieces-protein-rich-veg-feed-infertile/pvid/01639c72-4f92-4142-ab87-362b42dfe23d,"https://cdn.zeptonow.com/production/tr:w-1280,ar-2400-2400,pr-true,f-auto,q-80/cms/product_variant/6cd7d515-8e32-42f9-b446-c504226535bb.jpeg"
"Dairy, Bread & Eggs",Top Picks,"https://cdn.zeptonow.com/production/tr:w-90,ar-120-121,pr-true,f-auto,q-80/cms/sub_category/79.png",Hatsun Fruit Yoghurt Rose And Lychee,Hatsun,20,30,100 g,4.8 (196),In Stock,https://www.zeptonow.com/pn/hatsun-fruit-yoghurt-rose-and-lychee/pvid/b95cbf02-e22d-4d24-a4d8-04bf6eef7de5,"https://cdn.zeptonow.com/production/tr:w-1280,ar-4167-4167,pr-true,f-auto,q-80/cms/product_variant/ae82bacc-1f67-4423-96af-722e267d221c.jpg"
"Dairy, Bread & Eggs",Top Picks,"https://cdn.zeptonow.com/production/tr:w-90,ar-120-121,pr-true,f-auto,q-80/cms/sub_category/79.png",D'lecta Natural Feta Cheese Blocks,D'lecta,109,120,100 g,4.2 (1.9k),In Stock,https://www.zeptonow.com/pn/dlecta-natural-feta-cheese-blocks/pvid/3bb12c45-6c0f-44bc-a60a-8b2e7684c29f,"https://cdn.zeptonow.com/production/tr:w-1280,ar-1000-1000,pr-true,f-auto,q-80/cms/product_variant/4d221c2a-378a-4782-bf41-f84f4d727bd1.jpeg"
"Dairy, Bread & Eggs",Top Picks,"https://cdn.zeptonow.com/production/tr:w-90,ar-120-121,pr-true,f-auto,q-80/cms/sub_category/79.png",Akshayakalpa Organic Malai Paneer,Akshayakalpa,140,140,200 g,4.7 (5.7k),In Stock,https://www.zeptonow.com/pn/akshayakalpa-organic-malai-paneer/pvid/a5b27839-d7bb-4c42-9687-16ba67ea2d83,"https://cdn.zeptonow.com/production/tr:w-1280,ar-1200-1200,pr-true,f-auto,q-80/cms/product_variant/a9d01b2e-360a-4b63-b9ed-d04d9036245e.jpeg"
"Dairy, Bread & Eggs",Top Picks,"https://cdn.zeptonow.com/production/tr:w-90,ar-120-121,pr-true,f-auto,q-80/cms/sub_category/79.png",Milky Mist Set Curd Tub,Milky Mist,117,120,1 L,4.7 (33.5k),In Stock,https://www.zeptonow.com/pn/milky-mist-set-curd-tub/pvid/0af6a1a5-373b-4ddb-a661-cefc7f18298e,"https://cdn.zeptonow.com/production/tr:w-1280,ar-1600-1600,pr-true,f-auto,q-80/cms/product_variant/b4827858-6de4-406c-886d-863e41f92013.jpeg"
"Dairy, Bread & Eggs",Top Picks,"https://cdn.zeptonow.com/production/tr:w-90,ar-120-121,pr-true,f-auto,q-80/cms/sub_category/79.png",iD Fresh Idli & Dosa Batter,iD,118,135,2 kg,4.6 (91.4k),In Stock,https://www.zeptonow.com/pn/id-fresh-idli-dosa-batter/pvid/c8cfe58e-3aee-404d-8783-a2dc877fc66d,"https://cdn.zeptonow.com/production/tr:w-1280,ar-1200-1200,pr-true,f-auto,q-80/cms/product_variant/28e35241-6a2d-4ba4-b8a7-96d0ff68410d.jpeg"
"Dairy, Bread & Eggs",Top Picks,"https://cdn.zeptonow.com/production/tr:w-90,ar-120-121,pr-true,f-auto,q-80/cms/sub_category/79.png",Britannia Cheese Slice,Britannia,507,650,663 g,4.8 (2.3k),In Stock,https://www.zeptonow.com/pn/britannia-cheese-slice/pvid/75557163-55ad-4d56-a1ef-2b5258817220,"https://cdn.zeptonow.com/production/tr:w-1280,ar-3000-3000,pr-true,f-auto,q-80/cms/product_variant/a3268722-0a11-4d67-9819-655187b1731b.jpeg"
"Dairy, Bread & Eggs",Top Picks,"https://cdn.zeptonow.com/production/tr:w-90,ar-120-121,pr-true,f-auto,q-80/cms/sub_category/79.png",Arokya Full Cream Fresh Milk (Pouch),Arokya,38,38,500 ml,4.8 (38.6k),In Stock,https://www.zeptonow.com/pn/arokya-full-cream-fresh-milk-pouch/pvid/6ce2d5e9-61a8-42f1-aa7b-d9deb8fbbf76,"https://cdn.zeptonow.com/production/tr:w-1280,ar-1000-1000,pr-true,f-auto,q-80/cms/product_variant/3cae0bdf-b982-41bd-9446-5a144decb209.jpeg"
"Dairy, Bread & Eggs",Top Picks,"https://cdn.zeptonow.com/production/tr:w-90,ar-120-121,pr-true,f-auto,q-80/cms/sub_category/79.png",Milky Mist Greek Yogurt,Milky Mist,74,80,225 g,4.2 (275),In Stock,https://www.zeptonow.com/pn/milky-mist-greek-yogurt/pvid/7994b5d8-14ac-4325-ba44-dcf659ad697a,"https://cdn.zeptonow.com/production/tr:w-1280,ar-1600-1600,pr-true,f-auto,q-80/cms/product_variant/060e7a62-dc32-4094-97bb-cbfebb4c6b5c.jpg"
"Dairy, Bread & Eggs",Top Picks,"https://cdn.zeptonow.com/production/tr:w-90,ar-120-121,pr-true,f-auto,q-80/cms/sub_category/79.png",Milky Mist Paneer,Milky Mist,128,128,200 g,4.6 (53.0k),In Stock,https://www.zeptonow.com/pn/milky-mist-paneer/pvid/861549d8-effd-49de-a2d3-d2ffd3c7333d,"https://cdn.zeptonow.com/production/tr:w-1280,ar-1600-1600,pr-true,f-auto,q-80/cms/product_variant/bdabbe58-cf0e-422c-b7d1-b811fa13bdf7.jpeg"
"Dairy, Bread & Eggs",Top Picks,"https://cdn.zeptonow.com/production/tr:w-90,ar-120-121,pr-true,f-auto,q-80/cms/sub_category/79.png","The Ethical Eggs Co. Free Range Eggs, 12 Pieces - Free to roam outdoors, Veg Feed, Non-fertile",The,304,310,1 pack (12 pcs),5 (450),In Stock,https://www.zeptonow.com/pn/the-ethical-eggs-co-free-range-eggs-12-pieces-free-to-roam-outdoors-veg-feed-non-fertile/pvid/52e0c185-0a31-41b5-a283-87defea7816d,"https://cdn.zeptonow.com/production/tr:w-1280,ar-1000-1000,pr-true,f-auto,q-80/cms/product_variant/84f1f37d-e99b-431b-a089-083410cf76a7.jpeg"
"Dairy, Bread & Eggs",Top Picks,"https://cdn.zeptonow.com/production/tr:w-90,ar-120-121,pr-true,f-auto,q-80/cms/sub_category/79.png",Arokya Toned Fresh Milk (Pouch),Arokya,27,28,500 ml,4.7 (29.7k),In Stock,https://www.zeptonow.com/pn/arokya-toned-fresh-milk-pouch/pvid/edc180a1-cb0b-4824-b10e-1c306f1aacae,"https://cdn.zeptonow.com/production/tr:w-1280,ar-1000-1000,pr-true,f-auto,q-80/cms/product_variant/88e24eb5-e3a3-48c8-a7c3-e1d21ede131c.jpeg"
"Dairy, Bread & Eggs",Top Picks,"https://cdn.zeptonow.com/production/tr:w-90,ar-120-121,pr-true,f-auto,q-80/cms/sub_category/79.png",Suguna Delfrez White Eggs,Suguna,319,370,1 pack (30 pcs),4.3 (2.8k),In Stock,https://www.zeptonow.com/pn/suguna-delfrez-white-eggs/pvid/0f076401-3a9d-45eb-93ac-f71b0e9171d7,"https://cdn.zeptonow.com/production/tr:w-1280,ar-1200-1200,pr-true,f-auto,q-80/cms/product_variant/2be8d852-e1e0-4111-a06c-df07e3d55b0a.jpeg"
"Dairy, Bread & Eggs",Top Picks,"https://cdn.zeptonow.com/production/tr:w-90,ar-120-121,pr-true,f-auto,q-80/cms/sub_category/79.png",Gowardhan Fresh Paneer- Block,Gowardhan,95,105,200 g,4.4 (21.1k),In Stock,https://www.zeptonow.com/pn/gowardhan-fresh-paneer-block/pvid/635f0d0b-7749-4fc1-86c8-3f7f8b1c97ba,"https://cdn.zeptonow.com/production/tr:w-1280,ar-1200-1200,pr-true,f-auto,q-80/cms/product_variant/c0a38dd0-f8df-43d2-99ae-36b5530b1482.jpeg"
"Dairy, Bread & Eggs",Top Picks,"https://cdn.zeptonow.com/production/tr:w-90,ar-120-121,pr-true,f-auto,q-80/cms/sub_category/79.png",Hatsun Toned Fresh Cow Milk (Pouch),Hatsun,30,30,500 ml,4.3 (5.5k),In Stock,https://www.zeptonow.com/pn/hatsun-toned-fresh-cow-milk-pouch/pvid/306efce3-0f76-4b91-b7d8-317d09e049ea,"https://cdn.zeptonow.com/production/tr:w-1280,ar-1030-802,pr-true,f-auto,q-80/cms/product_variant/102e1316-e891-49bc-b473-252aa784cb29.png"
"Dairy, Bread & Eggs",Top Picks,"https://cdn.zeptonow.com/production/tr:w-90,ar-120-121,pr-true,f-auto,q-80/cms/sub_category/79.png",Freshey's Stone Ground Idly Dosa Batter,Freshey's,64,70,1 kg,4.5 (4.0k),In Stock,https://www.zeptonow.com/pn/fresheys-stone-ground-idly-dosa-batter/pvid/d73344cb-bdfd-4829-b620-c5962358329a,"https://cdn.zeptonow.com/production/tr:w-1280,ar-1500-1500,pr-true,f-auto,q-80/cms/product_variant/293888e6-9c26-4929-9bcc-e9d97bb08918.jpeg"
"Dairy, Bread & Eggs",Top Picks,"https://cdn.zeptonow.com/production/tr:w-90,ar-120-121,pr-true,f-auto,q-80/cms/sub_category/79.png",Hatsun Greek Yoghurt Red Cherry,Hatsun,30,40,100 g,4.2 (114),In Stock,https://www.zeptonow.com/pn/hatsun-greek-yoghurt-red-cherry/pvid/e57fe0d0-abe1-4aac-a3ed-e04e6d6118fc,"https://cdn.zeptonow.com/production/tr:w-1280,ar-4167-4167,pr-true,f-auto,q-80/cms/product_variant/ff3042b6-138e-44c0-879b-3757c601c116.jpg"
"Dairy, Bread & Eggs",Top Picks,"https://cdn.zeptonow.com/production/tr:w-90,ar-120-121,pr-true,f-auto,q-80/cms/sub_category/79.png","Farm Made Free Range Brown Eggs, 6 Pieces - Protein Rich, Veg Feed, Non-Fertile",Farm,133,149,1 pack (6 pcs),4.5 (7.7k),In Stock,https://www.zeptonow.com/pn/farm-made-free-range-brown-eggs-6-pieces-protein-rich-veg-feed-non-fertile/pvid/d259d494-f6da-43a0-810d-1ea10d6f26ac,"https://cdn.zeptonow.com/production/tr:w-1280,ar-1000-1000,pr-true,f-auto,q-80/cms/product_variant/561f7449-6d79-406d-8107-2c45cb4a6dfc.jpeg"
"Dairy, Bread & Eggs",Top Picks,"https://cdn.zeptonow.com/production/tr:w-90,ar-120-121,pr-true,f-auto,q-80/cms/sub_category/79.png",Hello Tempayy 36g Protein Tempeh Cubes | Peri Peri - Low Fat & High Fibre,Hello,138,175,200 g,4 (275),In Stock,https://www.zeptonow.com/pn/hello-tempayy-36g-protein-tempeh-cubes-peri-peri-low-fat-high-fibre/pvid/e65221ae-dac0-4788-9695-11b7f82555de,"https://cdn.zeptonow.com/production/tr:w-1280,ar-1200-1200,pr-true,f-auto,q-80/cms/product_variant/879f5187-4c76-4b4b-aaaa-562c8dca6e5b.jpeg"
"Dairy, Bread & Eggs",Top Picks,"https://cdn.zeptonow.com/production/tr:w-90,ar-120-121,pr-true,f-auto,q-80/cms/sub_category/79.png",D'lecta Cream Cheese,D'lecta,178,200,150 g,4.3 (2.4k),In Stock,https://www.zeptonow.com/pn/dlecta-cream-cheese/pvid/dc2f051a-765c-4a89-a0f6-0c734f08c8a2,"https://cdn.zeptonow.com/production/tr:w-1280,ar-1080-1080,pr-true,f-auto,q-80/cms/product_variant/6477c09b-069a-409a-9bdb-90a8bee97664.jpeg"
"Dairy, Bread & Eggs",Top Picks,"https://cdn.zeptonow.com/production/tr:w-90,ar-120-121,pr-true,f-auto,q-80/cms/sub_category/79.png",Amul Salted Butter,Amul,305,305,500 g,4.7 (349.3k),In Stock,https://www.zeptonow.com/pn/amul-salted-butter/pvid/fc2ffbca-a36b-4728-b6be-3168475f3b75,"https://cdn.zeptonow.com/production/tr:w-1280,ar-1200-1200,pr-true,f-auto,q-80/cms/product_variant/229b297f-d894-457d-9c8b-34aa86df6b88.jpeg"
"Dairy, Bread & Eggs",Top Picks,"https://cdn.zeptonow.com/production/tr:w-90,ar-120-121,pr-true,f-auto,q-80/cms/sub_category/79.png",D'lecta Cheese Spread,D'lecta,69,99,150 g,4.4 (8.3k),In Stock,https://www.zeptonow.com/pn/dlecta-cheese-spread/pvid/a632dfc1-e421-4469-aae0-4daf6f790c78,"https://cdn.zeptonow.com/production/tr:w-1280,ar-1200-1200,pr-true,f-auto,q-80/cms/product_variant/a9a10ee7-25c5-4bd4-adfc-74bb9a5d768c.jpeg"
"Dairy, Bread & Eggs",Top Picks,"https://cdn.zeptonow.com/production/tr:w-90,ar-120-121,pr-true,f-auto,q-80/cms/sub_category/79.png",Hatsun Greek Yoghurt Fig And Dates,Hatsun,30,40,100 g,4.4 (109),In Stock,https://www.zeptonow.com/pn/hatsun-greek-yoghurt-fig-and-dates/pvid/df2d524e-7537-4c1f-89d1-7043b9ff83a5,"https://cdn.zeptonow.com/production/tr:w-1280,ar-4167-4167,pr-true,f-auto,q-80/cms/product_variant/b838f221-db2a-482f-82cf-e98fa47f6e9e.jpg"
"Dairy, Bread & Eggs",Top Picks,"https://cdn.zeptonow.com/production/tr:w-90,ar-120-121,pr-true,f-auto,q-80/cms/sub_category/79.png",Abhi Nutri+ White Eggs,Abhi,260,325,1 pack (24 pcs),3.9 (5.1k),In Stock,https://www.zeptonow.com/pn/abhi-nutri-white-eggs/pvid/f04a4aaa-6af1-4f86-9584-85d470c53465,"https://cdn.zeptonow.com/production/tr:w-1280,ar-1200-1200,pr-true,f-auto,q-80/cms/product_variant/6cedd27c-dafd-49f2-810d-1efa7eeeb0a8.jpeg"
"Dairy, Bread & Eggs",Top Picks,"https://cdn.zeptonow.com/production/tr:w-90,ar-120-121,pr-true,f-auto,q-80/cms/sub_category/79.png",Amul Unsalted Cooking Butter,Amul,310,310,500 g,4.7 (11.9k),In Stock,https://www.zeptonow.com/pn/amul-unsalted-cooking-butter/pvid/e1f5d8b0-ac7a-42d3-b4fa-17a5f8a99904,"https://cdn.zeptonow.com/production/tr:w-1280,ar-1200-1200,pr-true,f-auto,q-80/cms/product_variant/9803afd6-4c0e-4e79-b255-4937a303d97f.jpeg"
"Dairy, Bread & Eggs",Top Picks,"https://cdn.zeptonow.com/production/tr:w-90,ar-120-121,pr-true,f-auto,q-80/cms/sub_category/79.png",Milky Mist Curd Pouch,Milky Mist,42,42,400 g,4.7 (40.8k),In Stock,https://www.zeptonow.com/pn/milky-mist-curd-pouch/pvid/06806c10-0b66-4131-8279-ccf912d0758e,"https://cdn.zeptonow.com/production/tr:w-1280,ar-3000-2000,pr-true,f-auto,q-80/cms/product_variant/db79a256-b5ca-424a-8cdc-e13626ffb11c.jpeg"
"Dairy, Bread & Eggs",Top Picks,"https://cdn.zeptonow.com/production/tr:w-90,ar-120-121,pr-true,f-auto,q-80/cms/sub_category/79.png",Ovenfresh Wheat Bread,Ovenfresh,55,55,400 g,4.3 (1.8k),In Stock,https://www.zeptonow.com/pn/ovenfresh-wheat-bread/pvid/14a62df6-8249-40ee-9249-6bcfbaa895c9,"https://cdn.zeptonow.com/production/tr:w-1280,ar-2000-2000,pr-true,f-auto,q-80/cms/product_variant/27c50bfb-5bc6-4f13-a0a5-884bdd04eb0f.jpeg"
"Dairy, Bread & Eggs",Top Picks,"https://cdn.zeptonow.com/production/tr:w-90,ar-120-121,pr-true,f-auto,q-80/cms/sub_category/79.png",Hello Tempayy 28g Protein Tandoori Tempeh Thins - Sandwiches & Wraps,Hello,122,159,150 g,3.9 (459),In Stock,https://www.zeptonow.com/pn/hello-tempayy-28g-protein-tandoori-tempeh-thins-sandwiches-wraps/pvid/c58c8c57-479a-40a3-93c6-c9af7d9be6f7,"https://cdn.zeptonow.com/production/tr:w-1280,ar-1200-1200,pr-true,f-auto,q-80/cms/product_variant/745d970c-478f-4e25-810e-12e29e3f9c6b.jpeg"
"Dairy, Bread & Eggs",Top Picks,"https://cdn.zeptonow.com/production/tr:w-90,ar-120-121,pr-true,f-auto,q-80/cms/sub_category/79.png",iD Fresh Idli & Dosa Batter,iD,80,80,1 kg,4.6 (100.3k),In Stock,https://www.zeptonow.com/pn/id-fresh-idli-dosa-batter/pvid/a66ba5b4-313d-4469-becd-01b69bd19fc7,"https://cdn.zeptonow.com/production/tr:w-1280,ar-1080-1080,pr-true,f-auto,q-80/cms/product_variant/df0e95c6-7fd2-46af-a251-b84ce5de86a9.jpeg"
"Dairy, Bread & Eggs",Top Picks,"https://cdn.zeptonow.com/production/tr:w-90,ar-120-121,pr-true,f-auto,q-80/cms/sub_category/79.png",D'lecta 100% Cheddar Cheese Slices,D'lecta,198,220,200 g,4.4 (1.1k),In Stock,https://www.zeptonow.com/pn/dlecta-100-cheddar-cheese-slices/pvid/b9f78a4d-3cd2-41f5-aa04-8b94f136a5d6,"https://cdn.zeptonow.com/production/tr:w-1280,ar-1500-1500,pr-true,f-auto,q-80/cms/product_variant/cd923a09-17b5-4137-88e9-fb7d4badedda.jpeg"
"Dairy, Bread & Eggs",Top Picks,"https://cdn.zeptonow.com/production/tr:w-90,ar-120-121,pr-true,f-auto,q-80/cms/sub_category/79.png",Abhi Vit D3 White Eggs With Immunity Boosters | Pack Of 24,Abhi,280,365,1 pack (24 pcs),4.3 (547),In Stock,https://www.zeptonow.com/pn/abhi-vit-d3-white-eggs-with-immunity-boosters-pack-of-24/pvid/e2b2c19f-1eca-4900-9c9e-c997ac193fdb,"https://cdn.zeptonow.com/production/tr:w-1280,ar-2400-2400,pr-true,f-auto,q-80/cms/product_variant/11fbb6c4-af22-42b0-aecc-a96cbe3be027.jpg"
"Dairy, Bread & Eggs",Top Picks,"https://cdn.zeptonow.com/production/tr:w-90,ar-120-121,pr-true,f-auto,q-80/cms/sub_category/79.png",Ammamma's Dosa Idli Batter,Ammamma's,70,75,1 kg,4.4 (5.9k),In Stock,https://www.zeptonow.com/pn/ammammas-dosa-idli-batter/pvid/e380c945-21c2-41e9-883b-4de1932f240f,"https://cdn.zeptonow.com/production/tr:w-1280,ar-1200-1200,pr-true,f-auto,q-80/cms/product_variant/c639709d-d798-4199-919d-cf4c971da539.jpeg"
"Dairy, Bread & Eggs",Top Picks,"https://cdn.zeptonow.com/production/tr:w-90,ar-120-121,pr-true,f-auto,q-80/cms/sub_category/79.png",Milky Mist Probiotic Curd Cup,Milky Mist,62,65,400 g,4.7 (5.5k),In Stock,https://www.zeptonow.com/pn/milky-mist-probiotic-curd-cup/pvid/d26207e4-d61b-473c-9934-a4d47adca6f8,"https://cdn.zeptonow.com/production/tr:w-1280,ar-1600-1600,pr-true,f-auto,q-80/cms/product_variant/9066c6a1-6819-4b35-b17a-faa821ea0cbd.jpeg"
"Dairy, Bread & Eggs",Top Picks,"https://cdn.zeptonow.com/production/tr:w-90,ar-120-121,pr-true,f-auto,q-80/cms/sub_category/79.png",Hatsun Yoghurt Shake Strawberry,Hatsun,25,25,175 ml,4.7 (3.7k),In Stock,https://www.zeptonow.com/pn/hatsun-yoghurt-shake-strawberry/pvid/1dc6b1b2-42ca-439d-88a1-2c59b591c915,"https://cdn.zeptonow.com/production/tr:w-1280,ar-1000-1000,pr-true,f-auto,q-80/cms/product_variant/9907f39a-ef8c-4bf4-9843-de837968b84f.jpeg"
"Dairy, Bread & Eggs",Top Picks,"https://cdn.zeptonow.com/production/tr:w-90,ar-120-121,pr-true,f-auto,q-80/cms/sub_category/79.png",Hello Tempayy 38g Protein Tempeh Cubes - Low Fat & High Fibre,Hello,126,159,200 g,4.5 (888),In Stock,https://www.zeptonow.com/pn/hello-tempayy-38g-protein-tempeh-cubes-low-fat-high-fibre/pvid/1c9533a9-6edf-4a02-9121-448d2e7c2fda,"https://cdn.zeptonow.com/production/tr:w-1280,ar-1200-1200,pr-true,f-auto,q-80/cms/product_variant/914489b6-0b43-449e-8af9-8534b1ad4465.jpeg"
"Dairy, Bread & Eggs",Top Picks,"https://cdn.zeptonow.com/production/tr:w-90,ar-120-121,pr-true,f-auto,q-80/cms/sub_category/79.png",Amul Safed Makkhan,Amul,310,310,500 g,4.7 (4.7k),In Stock,https://www.zeptonow.com/pn/amul-safed-makkhan/pvid/fa8b6831-172b-4d8f-993b-90384421d316,"https://cdn.zeptonow.com/production/tr:w-1280,ar-1200-1200,pr-true,f-auto,q-80/cms/product_variant/5d82c0bc-0dd7-4486-85ab-2cf9921fe858.jpeg"
"Dairy, Bread & Eggs",Top Picks,"https://cdn.zeptonow.com/production/tr:w-90,ar-120-121,pr-true,f-auto,q-80/cms/sub_category/79.png",Hatsun Yogurt Drink Blueberry,Hatsun,25,25,175 ml,4.5 (5.2k),In Stock,https://www.zeptonow.com/pn/hatsun-yogurt-drink-blueberry/pvid/ea33c7ca-0888-4bf7-bd09-3b43947bacd6,"https://cdn.zeptonow.com/production/tr:w-1280,ar-2400-2400,pr-true,f-auto,q-80/cms/product_variant/7bc0c9d9-d358-4cc4-936d-29d4416afa58.jpeg"
"Dairy, Bread & Eggs",Top Picks,"https://cdn.zeptonow.com/production/tr:w-90,ar-120-121,pr-true,f-auto,q-80/cms/sub_category/79.png",Thaayar Adai Dosa Batter,Thaayar,63,63,500 g,4.6 (258),In Stock,https://www.zeptonow.com/pn/thaayar-adai-dosa-batter/pvid/d2ea10f8-50ad-42c5-b840-03986f8fc263,"https://cdn.zeptonow.com/production/tr:w-1280,ar-2400-2400,pr-true,f-auto,q-80/cms/product_variant/eae4135f-0348-4e75-a6b3-37b753f08f4c.jpeg"
"Dairy, Bread & Eggs",Top Picks,"https://cdn.zeptonow.com/production/tr:w-90,ar-120-121,pr-true,f-auto,q-80/cms/sub_category/79.png",Britannia Cheese Slice,Britannia,138,140,180 g,4.8 (3.1k),In Stock,https://www.zeptonow.com/pn/britannia-cheese-slice/pvid/36694535-8242-42d1-b7e1-d89154ba5644,"https://cdn.zeptonow.com/production/tr:w-1280,ar-1000-1000,pr-true,f-auto,q-80/cms/product_variant/d0a742dc-5858-4026-92a4-195ce3dd930f.jpeg"
"Dairy, Bread & Eggs",Top Picks,"https://cdn.zeptonow.com/production/tr:w-90,ar-120-121,pr-true,f-auto,q-80/cms/sub_category/79.png",Hatsun Curd Pouch,Hatsun,40,40,500 g,4.8 (83.9k),In Stock,https://www.zeptonow.com/pn/hatsun-curd-pouch/pvid/b87ff0cd-08a4-4d2d-972d-0e458dc67d85,"https://cdn.zeptonow.com/production/tr:w-1280,ar-1000-1000,pr-true,f-auto,q-80/cms/product_variant/e1c05a12-1de9-4b21-b2cf-58654d199f31.jpeg"
"Dairy, Bread & Eggs",Top Picks,"https://cdn.zeptonow.com/production/tr:w-90,ar-120-121,pr-true,f-auto,q-80/cms/sub_category/79.png",Hello Tempayy 36g Protein Tempeh Cubes | Szechuan - Low Fat & High Fibre,Hello,138,175,200 g,4.7 (457),In Stock,https://www.zeptonow.com/pn/hello-tempayy-36g-protein-tempeh-cubes-szechuan-low-fat-high-fibre/pvid/a591348d-a5c7-4fee-949f-c6fa4faf6023,"https://cdn.zeptonow.com/production/tr:w-1280,ar-1200-1200,pr-true,f-auto,q-80/cms/product_variant/3da90773-0665-4378-a1c2-b0795f5f2128.jpeg"
"Dairy, Bread & Eggs",Top Picks,"https://cdn.zeptonow.com/production/tr:w-90,ar-120-121,pr-true,f-auto,q-80/cms/sub_category/79.png",Modern 100% Whole Wheat Chapathi,Modern,75,75,450 g,4.7 (7.5k),In Stock,https://www.zeptonow.com/pn/modern-100-whole-wheat-chapathi/pvid/0319f386-b069-4042-b7d7-91a8a81dfa3b,"https://cdn.zeptonow.com/production/tr:w-1280,ar-2000-2000,pr-true,f-auto,q-80/cms/product_variant/3e2ecefe-8679-4ea6-97f0-2d99bc102e5f.jpeg"
"Dairy, Bread & Eggs",Top Picks,"https://cdn.zeptonow.com/production/tr:w-90,ar-120-121,pr-true,f-auto,q-80/cms/sub_category/79.png",Amul Salted Butter (Chiplets),Amul,75,75,10 x 10 g,4.8 (53.5k),In Stock,https://www.zeptonow.com/pn/amul-salted-butter-chiplets/pvid/7457c7d6-26b9-466b-8950-9c1adb6faa9a,"https://cdn.zeptonow.com/production/tr:w-1280,ar-2400-2400,pr-true,f-auto,q-80/cms/product_variant/bc145179-e4da-45db-a10c-7c19dff04176.jpeg"
"Dairy, Bread & Eggs",Top Picks,"https://cdn.zeptonow.com/production/tr:w-90,ar-120-121,pr-true,f-auto,q-80/cms/sub_category/79.png",Abhi Eggs Vit D3 White Eggs With Immunity Boosters | Pack Of 10,Abhi,132,155,1 pack (10 pcs),4.5 (322),In Stock,https://www.zeptonow.com/pn/abhi-eggs-vit-d3-white-eggs-with-immunity-boosters-pack-of-10/pvid/66b2ac7e-d2e7-4856-8d12-ee460bb16a28,"https://cdn.zeptonow.com/production/tr:w-1280,ar-3704-3704,pr-true,f-auto,q-80/cms/product_variant/ff13b788-9997-4b19-b28b-55d3f6a39e2e.jpg"
"Dairy, Bread & Eggs",Top Picks,"https://cdn.zeptonow.com/production/tr:w-90,ar-120-121,pr-true,f-auto,q-80/cms/sub_category/79.png",Nestle EveryDay Dairy Whitener,Nestle,255,255,400 g,4.8 (3.2k),In Stock,https://www.zeptonow.com/pn/nestle-everyday-dairy-whitener/pvid/7d1c5e87-3939-4a49-850a-62401f90a693,"https://cdn.zeptonow.com/production/tr:w-1280,ar-1000-1000,pr-true,f-auto,q-80/cms/product_variant/a1ad20ca-6859-4c0f-9955-521982e686bc.jpeg"
"Dairy, Bread & Eggs",Top Picks,"https://cdn.zeptonow.com/production/tr:w-90,ar-120-121,pr-true,f-auto,q-80/cms/sub_category/79.png",D'lecta 100% Cheddar Cheese Blocks,D'lecta,191,220,200 g,4.9 (450),In Stock,https://www.zeptonow.com/pn/dlecta-100-cheddar-cheese-blocks/pvid/3c9fed7e-06b8-4e26-a62e-1d62424e021f,"https://cdn.zeptonow.com/production/tr:w-1280,ar-1000-1000,pr-true,f-auto,q-80/cms/product_variant/19b40e18-47b0-40bb-806c-f8e9319f6f16.jpeg"
"Dairy, Bread & Eggs",Top Picks,"https://cdn.zeptonow.com/production/tr:w-90,ar-120-121,pr-true,f-auto,q-80/cms/sub_category/79.png",Nandini Goodlife Toned Milk UHT (Tetra Pack Brick),Nandini,70,70,1 L,4.7 (17.5k),In Stock,https://www.zeptonow.com/pn/nandini-goodlife-toned-milk-uht-tetra-pack-brick/pvid/b76a82b8-8c7d-4b3a-aa17-754fa3bfc0d4,"https://cdn.zeptonow.com/production/tr:w-1280,ar-1200-1200,pr-true,f-auto,q-80/cms/product_variant/935ea53e-1c67-4e00-8515-6ac65249c777.jpeg"
"Dairy, Bread & Eggs",Top Picks,"https://cdn.zeptonow.com/production/tr:w-90,ar-120-121,pr-true,f-auto,q-80/cms/sub_category/79.png",Eggoz Protein Rich Farm Fresh White Eggs,Eggoz,72,94,1 pack (6 pcs),4.3 (29.2k),In Stock,https://www.zeptonow.com/pn/eggoz-protein-rich-farm-fresh-white-eggs/pvid/edfe97bc-aec9-47ba-a6ab-ecd6ecebf9c0,"https://cdn.zeptonow.com/production/tr:w-1280,ar-2500-2500,pr-true,f-auto,q-80/cms/product_variant/1c15def1-10b4-4467-b7d0-bd930ecb45dd.jpeg"
"Dairy, Bread & Eggs",Top Picks,"https://cdn.zeptonow.com/production/tr:w-90,ar-120-121,pr-true,f-auto,q-80/cms/sub_category/79.png",Milky Mist Greek Yogurt Blueberry,Milky Mist,39,40,100 g,4.2 (337),In Stock,https://www.zeptonow.com/pn/milky-mist-greek-yogurt-blueberry/pvid/bb1df266-70cb-4c15-8dcc-0acd245fe3ac,"https://cdn.zeptonow.com/production/tr:w-1280,ar-1600-1600,pr-true,f-auto,q-80/cms/product_variant/9245ac61-587a-4857-ad96-eb5e2bca67b7.jpg"
"Dairy, Bread & Eggs",Top Picks,"https://cdn.zeptonow.com/production/tr:w-90,ar-120-121,pr-true,f-auto,q-80/cms/sub_category/79.png","UPF Healthy White - Large Eggs, 6 Pieces | Protein Rich | Veg Feed | Infertile",UPF,84,89,1 pack (6 pcs),4.5 (5.7k),In Stock,https://www.zeptonow.com/pn/upf-healthy-white-large-eggs-6-pieces-protein-rich-veg-feed-infertile/pvid/3815500c-83f0-4ad8-a869-7aa7fe9e4fbe,"https://cdn.zeptonow.com/production/tr:w-1280,ar-1000-1000,pr-true,f-auto,q-80/cms/product_variant/ed6e79b4-63cf-4cff-95ef-13f159930a5a.jpeg"
"Dairy, Bread & Eggs",Top Picks,"https://cdn.zeptonow.com/production/tr:w-90,ar-120-121,pr-true,f-auto,q-80/cms/sub_category/79.png",Britannia Cheese Cubes,Britannia,133,135,200 g,4.6 (2.8k),In Stock,https://www.zeptonow.com/pn/britannia-cheese-cubes/pvid/08933994-11dd-4bcb-b40b-526dbf3b9b14,"https://cdn.zeptonow.com/production/tr:w-1280,ar-1000-1000,pr-true,f-auto,q-80/cms/product_variant/683e4338-d565-4629-b99d-256490ac2eea.jpeg"
"Dairy, Bread & Eggs",Top Picks,"https://cdn.zeptonow.com/production/tr:w-90,ar-120-121,pr-true,f-auto,q-80/cms/sub_category/79.png",Amul Salted Butter,Amul,122,126,200 g,4.7 (337.9k),In Stock,https://www.zeptonow.com/pn/amul-salted-butter/pvid/bebc0d21-3d61-49ad-bedc-a7155a5169d3,"https://cdn.zeptonow.com/production/tr:w-1280,ar-1200-1200,pr-true,f-auto,q-80/cms/product_variant/a9d3d8d2-ffe9-48d9-90dd-c76defed76dd.jpeg"
"Dairy, Bread & Eggs",Top Picks,"https://cdn.zeptonow.com/production/tr:w-90,ar-120-121,pr-true,f-auto,q-80/cms/sub_category/79.png",Hatsun Yoghurt Shake Mango,Hatsun,25,25,175 ml,4.5 (5.9k),In Stock,https://www.zeptonow.com/pn/hatsun-yoghurt-shake-mango/pvid/5b8935dd-8c33-4a70-8dce-62fbe9c9b681,"https://cdn.zeptonow.com/production/tr:w-1280,ar-1000-1000,pr-true,f-auto,q-80/cms/product_variant/0fb4f740-9624-4f8a-985b-b57ea1b63cc9.jpeg"
"Dairy, Bread & Eggs",Top Picks,"https://cdn.zeptonow.com/production/tr:w-90,ar-120-121,pr-true,f-auto,q-80/cms/sub_category/79.png",Amulya Dairy Whitener (Box),Amul,99,99,200 g,4.8 (2.2k),In Stock,https://www.zeptonow.com/pn/amulya-dairy-whitener-box/pvid/461599fa-46ae-47a8-adcd-8f45050f6d5c,"https://cdn.zeptonow.com/production/tr:w-1280,ar-2400-2400,pr-true,f-auto,q-80/cms/product_variant/752a6b1d-b89e-43cd-b426-8d0bcb755b1f.jpeg"
"Dairy, Bread & Eggs",Top Picks,"https://cdn.zeptonow.com/production/tr:w-90,ar-120-121,pr-true,f-auto,q-80/cms/sub_category/79.png",D'lecta Cheese Cubes,D'lecta,119,175,200 g,4.6 (8.8k),In Stock,https://www.zeptonow.com/pn/dlecta-cheese-cubes/pvid/85584029-7626-4021-b830-920d685e438c,"https://cdn.zeptonow.com/production/tr:w-1280,ar-1200-1200,pr-true,f-auto,q-80/cms/product_variant/e088b36e-ff26-40d3-8a94-7ceb76f4554e.jpeg"
"Dairy, Bread & Eggs",Top Picks,"https://cdn.zeptonow.com/production/tr:w-90,ar-120-121,pr-true,f-auto,q-80/cms/sub_category/79.png",Akshayakalpa Organic High Protein Paneer,Akshayakalpa,144,180,200 g,4.4 (393),In Stock,https://www.zeptonow.com/pn/akshayakalpa-organic-high-protein-paneer/pvid/01b9375e-f09c-4447-9a16-8d32a4bd267a,"https://cdn.zeptonow.com/production/tr:w-1280,ar-1000-1000,pr-true,f-auto,q-80/cms/product_variant/234846da-5d2c-4fc1-a711-d70b31709856.jpg"
"Dairy, Bread & Eggs",Top Picks,"https://cdn.zeptonow.com/production/tr:w-90,ar-120-121,pr-true,f-auto,q-80/cms/sub_category/79.png",Milky Mist Fruit Yogurt Strawberry,Milky Mist,30,30,100 g,4.6 (10.1k),In Stock,https://www.zeptonow.com/pn/milky-mist-fruit-yogurt-strawberry/pvid/02ca9865-7f0e-4053-ba08-5f62b09fd7bb,"https://cdn.zeptonow.com/production/tr:w-1280,ar-1600-1600,pr-true,f-auto,q-80/cms/product_variant/2c92d940-dbc1-4d1a-a7a2-8b151cbefac5.jpeg"
"Dairy, Bread & Eggs",Top Picks,"https://cdn.zeptonow.com/production/tr:w-90,ar-120-121,pr-true,f-auto,q-80/cms/sub_category/79.png",Abhi Vitamin D3 White Eggs With Immunity Boosters,Abhi,73,94,1 pack (6 pcs),4.5 (20.8k),In Stock,https://www.zeptonow.com/pn/abhi-vitamin-d3-white-eggs-with-immunity-boosters/pvid/c66973d8-66c2-4d14-9b76-20374e38dda3,"https://cdn.zeptonow.com/production/tr:w-1280,ar-1200-1200,pr-true,f-auto,q-80/cms/product_variant/35241f67-e64e-4f15-8c9e-175186993049.jpeg"
"Dairy, Bread & Eggs",Top Picks,"https://cdn.zeptonow.com/production/tr:w-90,ar-120-121,pr-true,f-auto,q-80/cms/sub_category/79.png",Modern Multigrain Bread - 13 Grains & Seeds (Zero Maida),Modern,55,55,400 g,4.6 (14.8k),In Stock,https://www.zeptonow.com/pn/modern-multigrain-bread-13-grains-seeds-zero-maida/pvid/5c7bd61a-cd55-4caf-97ef-6ba8e4e4afef,"https://cdn.zeptonow.com/production/tr:w-1280,ar-1200-1200,pr-true,f-auto,q-80/cms/product_variant/c9c102e5-467a-4eb4-9612-e96c947f99c1.jpeg"
"Dairy, Bread & Eggs",Top Picks,"https://cdn.zeptonow.com/production/tr:w-90,ar-120-121,pr-true,f-auto,q-80/cms/sub_category/79.png",Britannia The Laughing Cow Cheese- Roasted Garlic Spread Tub,Britannia,103,110,180 g,4.4 (674),In Stock,https://www.zeptonow.com/pn/britannia-the-laughing-cow-cheese-roasted-garlic-spread-tub/pvid/f7a48730-33d4-4f93-aac9-eccc13704338,"https://cdn.zeptonow.com/production/tr:w-1280,ar-1500-1500,pr-true,f-auto,q-80/cms/product_variant/f6191262-d081-45b3-b53c-a1212f4d7c26.jpeg"
"Dairy, Bread & Eggs",Top Picks,"https://cdn.zeptonow.com/production/tr:w-90,ar-120-121,pr-true,f-auto,q-80/cms/sub_category/79.png",Milky Mist Khova Mawa,Milky Mist,95,95,200 g,4.6 (4.6k),In Stock,https://www.zeptonow.com/pn/milky-mist-khova-mawa/pvid/6419ed26-94ef-4810-a47f-2231f7e835b7,"https://cdn.zeptonow.com/production/tr:w-1280,ar-1600-1600,pr-true,f-auto,q-80/cms/product_variant/97be2666-0dce-4d78-ad18-7c0f076517ef.jpeg"
"Dairy, Bread & Eggs",Top Picks,"https://cdn.zeptonow.com/production/tr:w-90,ar-120-121,pr-true,f-auto,q-80/cms/sub_category/79.png",Amul Salted Butter,Amul,62,62,100 g,4.7 (601.1k),In Stock,https://www.zeptonow.com/pn/amul-salted-butter/pvid/8da0c985-dc37-495c-a8bd-6019c120cb44,"https://cdn.zeptonow.com/production/tr:w-1280,ar-1200-1200,pr-true,f-auto,q-80/cms/product_variant/e15c0b10-0367-4675-a5ab-6da2abf9bee1.jpeg"
"Dairy, Bread & Eggs",Top Picks,"https://cdn.zeptonow.com/production/tr:w-90,ar-120-121,pr-true,f-auto,q-80/cms/sub_category/79.png",Milky Mist Fruit Yogurt Blueberry,Milky Mist,30,30,100 g,4.7 (27.8k),In Stock,https://www.zeptonow.com/pn/milky-mist-fruit-yogurt-blueberry/pvid/eeed4cba-822f-4e04-9c04-81e340f25462,"https://cdn.zeptonow.com/production/tr:w-1280,ar-1600-1600,pr-true,f-auto,q-80/cms/product_variant/91a60df8-5561-4e83-aaf0-9dc5f503d45d.jpeg"
"Dairy, Bread & Eggs",Top Picks,"https://cdn.zeptonow.com/production/tr:w-90,ar-120-121,pr-true,f-auto,q-80/cms/sub_category/79.png",Abhi Nutri + White Eggs With Immunity Boosters,Abhi,77,84,1 pack (6 pcs),4.5 (5.7k),In Stock,https://www.zeptonow.com/pn/abhi-nutri-white-eggs-with-immunity-boosters/pvid/4a0bf364-9eca-41f9-8037-778507bc45ae,"https://cdn.zeptonow.com/production/tr:w-1280,ar-1000-1000,pr-true,f-auto,q-80/cms/product_variant/2879f174-c5ae-43a5-8f3a-64c40ed821a8.jpeg"
"Dairy, Bread & Eggs",Top Picks,"https://cdn.zeptonow.com/production/tr:w-90,ar-120-121,pr-true,f-auto,q-80/cms/sub_category/79.png",Britannia 100% Whole Wheat Bread (No Maida),Britannia,50,50,400 g,4.5 (40.5k),In Stock,https://www.zeptonow.com/pn/britannia-100-whole-wheat-bread-no-maida/pvid/c58f1b83-4064-4b52-bdf6-c568a221dc11,"https://cdn.zeptonow.com/production/tr:w-1280,ar-1000-1000,pr-true,f-auto,q-80/cms/product_variant/8e372d70-9935-47da-9172-439a03f863ab.jpeg"
"Dairy, Bread & Eggs",Top Picks,"https://cdn.zeptonow.com/production/tr:w-90,ar-120-121,pr-true,f-auto,q-80/cms/sub_category/79.png",Britannia Spreadable Cheese Triangles,Britannia,125,135,120 g,4.9 (1.4k),In Stock,https://www.zeptonow.com/pn/britannia-spreadable-cheese-triangles/pvid/54de8407-0ccf-44d5-8752-931e0b08ae08,"https://cdn.zeptonow.com/production/tr:w-1280,ar-1000-1000,pr-true,f-auto,q-80/cms/product_variant/03216546-6a46-4f8c-8225-9f26dd595cd7.jpeg"
"Dairy, Bread & Eggs",Top Picks,"https://cdn.zeptonow.com/production/tr:w-90,ar-120-121,pr-true,f-auto,q-80/cms/sub_category/79.png",iD Fresh Superr Idli & Dosa Batter,iD,60,60,1 kg,4.5 (10.0k),In Stock,https://www.zeptonow.com/pn/id-fresh-superr-idli-dosa-batter/pvid/2f4ce4bf-1301-4a38-9c14-05f6ce00df8f,"https://cdn.zeptonow.com/production/tr:w-1280,ar-900-900,pr-true,f-auto,q-80/cms/product_variant/05942985-a52d-4f2e-b0c1-022c6e829894.jpeg"
"Dairy, Bread & Eggs",Top Picks,"https://cdn.zeptonow.com/production/tr:w-90,ar-120-121,pr-true,f-auto,q-80/cms/sub_category/79.png",Aavin Delite Premium Fresh Cow Milk (Pouch),Aavin,22,22,500 ml,4.6 (86.4k),In Stock,https://www.zeptonow.com/pn/aavin-delite-premium-fresh-cow-milk-pouch/pvid/c960c338-5fd8-4c93-af37-bce2e68e0ad2,"https://cdn.zeptonow.com/production/tr:w-1280,ar-1200-1200,pr-true,f-auto,q-80/cms/product_variant/658ba015-88cd-4a5f-9d26-828772658414.jpeg"
"Dairy, Bread & Eggs",Top Picks,"https://cdn.zeptonow.com/production/tr:w-90,ar-120-121,pr-true,f-auto,q-80/cms/sub_category/79.png",Daily Good Idly And Dosa Batter,Daily Good,45,65,500 g,4.4 (3.9k),In Stock,https://www.zeptonow.com/pn/daily-good-idly-and-dosa-batter/pvid/e59842f5-6b81-4dc1-af74-073f03b456b1,"https://cdn.zeptonow.com/production/tr:w-1280,ar-2250-2250,pr-true,f-auto,q-80/cms/product_variant/0d914c97-b2c1-44b4-89ad-5381a140d3df.jpeg"
"Dairy, Bread & Eggs",Top Picks,"https://cdn.zeptonow.com/production/tr:w-90,ar-120-121,pr-true,f-auto,q-80/cms/sub_category/79.png",The Health Factory Zero Maida Multigrain Bread | Clean Label - Not Brown,The Health Factory,77,80,375 g,4.5 (1.5k),In Stock,https://www.zeptonow.com/pn/the-health-factory-zero-maida-multigrain-bread-clean-label-not-brown/pvid/1b4d5867-dd92-427c-a9ef-7568b03b6be1,"https://cdn.zeptonow.com/production/tr:w-1280,ar-1200-1200,pr-true,f-auto,q-80/cms/product_variant/a16936c6-2b44-4b63-b6f2-906081a15bff.jpeg"
"Dairy, Bread & Eggs",Top Picks,"https://cdn.zeptonow.com/production/tr:w-90,ar-120-121,pr-true,f-auto,q-80/cms/sub_category/79.png",D'lecta Cheese Blocks,D'lecta,119,170,200 g,4.5 (4.3k),In Stock,https://www.zeptonow.com/pn/dlecta-cheese-blocks/pvid/958701a2-a200-4134-a38a-c16acfa3a6eb,"https://cdn.zeptonow.com/production/tr:w-1280,ar-1000-1000,pr-true,f-auto,q-80/cms/product_variant/e51a582c-83f7-451e-89c1-10c00b3fbe4d.jpeg"
"Dairy, Bread & Eggs",Top Picks,"https://cdn.zeptonow.com/production/tr:w-90,ar-120-121,pr-true,f-auto,q-80/cms/sub_category/79.png",Amul Unsalted Cooking Butter,Amul,65,65,100 g,4.7 (16.0k),In Stock,https://www.zeptonow.com/pn/amul-unsalted-cooking-butter/pvid/1685c097-3845-4e73-be56-9910c3391c0c,"https://cdn.zeptonow.com/production/tr:w-1280,ar-1200-1200,pr-true,f-auto,q-80/cms/product_variant/238198ac-e000-47e7-a0e4-3b0c3b98cb34.jpeg"
"Dairy, Bread & Eggs",Top Picks,"https://cdn.zeptonow.com/production/tr:w-90,ar-120-121,pr-true,f-auto,q-80/cms/sub_category/79.png",Aavin Premium Full Cream Fresh Milk (Pouch),Aavin,30,30,500 ml,4.7 (89.2k),In Stock,https://www.zeptonow.com/pn/aavin-premium-full-cream-fresh-milk-pouch/pvid/a8e6cffe-b4e1-4b8a-ac2b-f7f3e3839e98,"https://cdn.zeptonow.com/production/tr:w-1280,ar-1200-1200,pr-true,f-auto,q-80/cms/product_variant/e528ed2e-a905-44a8-8338-0f7f733b63b4.jpeg"
"Dairy, Bread & Eggs",Top Picks,"https://cdn.zeptonow.com/production/tr:w-90,ar-120-121,pr-true,f-auto,q-80/cms/sub_category/79.png",Hello Tempayy 15g Protein Tempeh Crumbles - Low Fat & High Fibre | Soy Tempeh,Hello,65,85,75 g,4.3 (198),In Stock,https://www.zeptonow.com/pn/hello-tempayy-15g-protein-tempeh-crumbles-low-fat-high-fibre-soy-tempeh/pvid/123951f2-7289-4ff5-b837-e3f53c32eef8,"https://cdn.zeptonow.com/production/tr:w-1280,ar-1080-1080,pr-true,f-auto,q-80/cms/product_variant/152864c9-cacf-42c9-b739-900ae186169d.jpeg"
"Dairy, Bread & Eggs",Top Picks,"https://cdn.zeptonow.com/production/tr:w-90,ar-120-121,pr-true,f-auto,q-80/cms/sub_category/79.png",Milky Mist Greek Yogurt,Milky Mist,40,40,100 g,4.3 (13.7k),In Stock,https://www.zeptonow.com/pn/milky-mist-greek-yogurt/pvid/18b892c6-d938-4317-9fe1-37eada03f3c9,"https://cdn.zeptonow.com/production/tr:w-1280,ar-1600-1600,pr-true,f-auto,q-80/cms/product_variant/16cbf1a8-d592-410d-b74d-efe6c021d001.jpeg"
"Dairy, Bread & Eggs",Top Picks,"https://cdn.zeptonow.com/production/tr:w-90,ar-120-121,pr-true,f-auto,q-80/cms/sub_category/79.png",Suguna Delfrez Nourish White Eggs,Suguna,75,88,1 pack (6 pcs),4.6 (4.9k),In Stock,https://www.zeptonow.com/pn/suguna-delfrez-nourish-white-eggs/pvid/7e26603f-1343-427d-a539-244a7919894b,"https://cdn.zeptonow.com/production/tr:w-1280,ar-1000-1000,pr-true,f-auto,q-80/cms/product_variant/5b2d556e-360a-47c3-a815-8795876d7cfe.jpeg"
"Dairy, Bread & Eggs",Top Picks,"https://cdn.zeptonow.com/production/tr:w-90,ar-120-121,pr-true,f-auto,q-80/cms/sub_category/79.png",Britannia Milk Slice White Bread,Britannia,45,45,400 g,4.5 (63.5k),In Stock,https://www.zeptonow.com/pn/britannia-milk-slice-white-bread/pvid/6b647b7a-59fa-49fa-83d2-36bb790eb425,"https://cdn.zeptonow.com/production/tr:w-1280,ar-1200-1200,pr-true,f-auto,q-80/cms/product_variant/1369659e-ffa1-4dbc-b037-6b91e0b59e8f.jpg"
"Dairy, Bread & Eggs",Top Picks,"https://cdn.zeptonow.com/production/tr:w-90,ar-120-121,pr-true,f-auto,q-80/cms/sub_category/79.png",Aavin Nice Toned Fresh Milk (Pouch),Aavin,17,20,500 ml,4.7 (76.8k),In Stock,https://www.zeptonow.com/pn/aavin-nice-toned-fresh-milk-pouch/pvid/44a4ee1e-d3e7-4569-b768-f245a7655e37,"https://cdn.zeptonow.com/production/tr:w-1280,ar-2400-2400,pr-true,f-auto,q-80/cms/product_variant/ba9f31a6-741b-4c96-ade6-224c23417aaa.jpeg"
"Dairy, Bread & Eggs",Top Picks,"https://cdn.zeptonow.com/production/tr:w-90,ar-120-121,pr-true,f-auto,q-80/cms/sub_category/79.png",Britannia Cheese Slice,Britannia,244,460,400 g,4.8 (2.6k),In Stock,https://www.zeptonow.com/pn/britannia-cheese-slice/pvid/701bb346-cb28-4aa2-9e37-1f7d0801c1e3,"https://cdn.zeptonow.com/production/tr:w-1280,ar-1000-1000,pr-true,f-auto,q-80/cms/product_variant/bab3ef35-13c5-4a5a-9401-2201b7053a58.jpeg"
"Dairy, Bread & Eggs",Top Picks,"https://cdn.zeptonow.com/production/tr:w-90,ar-120-121,pr-true,f-auto,q-80/cms/sub_category/79.png",Hello Tempayy 14g Protein Tempeh Crumbles | Szechuan - Heat & Add | Soy Tempeh,Hello,77,95,75 g,4.2 (79),In Stock,https://www.zeptonow.com/pn/hello-tempayy-14g-protein-tempeh-crumbles-szechuan-heat-add-soy-tempeh/pvid/d59bf9a5-a76e-459a-9059-d7230a81e4fd,"https://cdn.zeptonow.com/production/tr:w-1280,ar-1080-1080,pr-true,f-auto,q-80/cms/product_variant/79ebc1ce-21b0-4330-a5dd-9f716e79138f.jpeg"
"Dairy, Bread & Eggs",Top Picks,"https://cdn.zeptonow.com/production/tr:w-90,ar-120-121,pr-true,f-auto,q-80/cms/sub_category/79.png",Ovenfresh Milk Bread,Ovenfresh,53,55,400 g,4.2 (214),In Stock,https://www.zeptonow.com/pn/ovenfresh-milk-bread/pvid/342ffba6-61f4-4848-8377-17bf81296408,"https://cdn.zeptonow.com/production/tr:w-1280,ar-2400-2400,pr-true,f-auto,q-80/cms/product_variant/dfe1d253-d66c-49fd-9cb8-57ea0596f0fd.jpeg"
"Dairy, Bread & Eggs",Top Picks,"https://cdn.zeptonow.com/production/tr:w-90,ar-120-121,pr-true,f-auto,q-80/cms/sub_category/79.png",iD Fresh Tomato Chutney,iD,55,55,120 g,4.4 (4.4k),In Stock,https://www.zeptonow.com/pn/id-fresh-tomato-chutney/pvid/a442d02a-ad96-4642-bac5-a300317f3895,"https://cdn.zeptonow.com/production/tr:w-1280,ar-450-450,pr-true,f-auto,q-80/cms/product_variant/0fff3b05-084f-447c-bfea-6237c07728c3.jpg"
"Dairy, Bread & Eggs",Top Picks,"https://cdn.zeptonow.com/production/tr:w-90,ar-120-121,pr-true,f-auto,q-80/cms/sub_category/79.png",Britannia Cheese Slice,Britannia,79,80,90 g,4.8 (2.0k),In Stock,https://www.zeptonow.com/pn/britannia-cheese-slice/pvid/28ac0073-be2e-470a-bab6-7e653c6beeb5,"https://cdn.zeptonow.com/production/tr:w-1280,ar-1000-668,pr-true,f-auto,q-80/cms/product_variant/0047e9ec-22c9-43ec-a36d-55a0b39c3eb6.jpeg"
"Dairy, Bread & Eggs",Top Picks,"https://cdn.zeptonow.com/production/tr:w-90,ar-120-121,pr-true,f-auto,q-80/cms/sub_category/79.png",Milky Mist Elaichi Shrikhand,Milky Mist,40,45,100 g,4.4 (1.3k),In Stock,https://www.zeptonow.com/pn/milky-mist-elaichi-shrikhand/pvid/b2125870-f590-42c1-8ce7-1256aad17881,"https://cdn.zeptonow.com/production/tr:w-1280,ar-1600-1600,pr-true,f-auto,q-80/cms/product_variant/9654fd7c-9ca4-4b10-8ca2-ae93f370cbc0.jpeg"
"Dairy, Bread & Eggs",Top Picks,"https://cdn.zeptonow.com/production/tr:w-90,ar-120-121,pr-true,f-auto,q-80/cms/sub_category/79.png",The Health Factory Vegan Protein Bread | Clean Label - Not Brown,The Health Factory,99,105,250 g,4 (1.0k),In Stock,https://www.zeptonow.com/pn/the-health-factory-vegan-protein-bread-clean-label-not-brown/pvid/d1019ea0-33b3-4f6a-aa3e-d9dd2984eb94,"https://cdn.zeptonow.com/production/tr:w-1280,ar-1200-1200,pr-true,f-auto,q-80/cms/product_variant/e668ff72-5c98-4b5c-aae5-334f1a36ce4e.jpeg"
"Dairy, Bread & Eggs",Top Picks,"https://cdn.zeptonow.com/production/tr:w-90,ar-120-121,pr-true,f-auto,q-80/cms/sub_category/79.png",Britannia Cheese Spread Classic,Britannia,103,110,180 g,4.5 (888),In Stock,https://www.zeptonow.com/pn/britannia-cheese-spread-classic/pvid/ccdeb575-a860-4d6d-ac79-97d791bc654d,"https://cdn.zeptonow.com/production/tr:w-1280,ar-1000-729,pr-true,f-auto,q-80/cms/product_variant/dcc7aa3a-450b-45ad-ba55-ca2ec2d0a0c6.jpeg"
"Dairy, Bread & Eggs",Top Picks,"https://cdn.zeptonow.com/production/tr:w-90,ar-120-121,pr-true,f-auto,q-80/cms/sub_category/79.png",Milky Mist Mango Shrikhand,Milky Mist,40,45,100 g,4.6 (2.6k),In Stock,https://www.zeptonow.com/pn/milky-mist-mango-shrikhand/pvid/18e36636-83c0-4c41-b022-d52fed91d985,"https://cdn.zeptonow.com/production/tr:w-1280,ar-1600-1600,pr-true,f-auto,q-80/cms/product_variant/c3cde490-ffe5-4c0f-ad58-5db83ca98874.jpeg"
"Dairy, Bread & Eggs",Top Picks,"https://cdn.zeptonow.com/production/tr:w-90,ar-120-121,pr-true,f-auto,q-80/cms/sub_category/79.png",iD Fresh Coriander Chutney,iD,55,55,120 g,4.7 (2.1k),In Stock,https://www.zeptonow.com/pn/id-fresh-coriander-chutney/pvid/3d9b2dc5-cb15-4212-a81a-8c6d442b7171,"https://cdn.zeptonow.com/production/tr:w-1280,ar-450-450,pr-true,f-auto,q-80/cms/product_variant/3739cf00-bae2-4cc0-a99a-78a68af234c1.jpg"
"Dairy, Bread & Eggs",Top Picks,"https://cdn.zeptonow.com/production/tr:w-90,ar-120-121,pr-true,f-auto,q-80/cms/sub_category/79.png",Britannia Cheese Block,Britannia,128,130,200 g,4.4 (424),In Stock,https://www.zeptonow.com/pn/britannia-cheese-block/pvid/90aaf877-560e-4b74-a3d0-376c4356269b,"https://cdn.zeptonow.com/production/tr:w-1280,ar-1532-1000,pr-true,f-auto,q-80/cms/product_variant/9afdab50-c761-49d9-912d-5d813d446555.jpeg"
"Dairy, Bread & Eggs",Top Picks,"https://cdn.zeptonow.com/production/tr:w-90,ar-120-121,pr-true,f-auto,q-80/cms/sub_category/79.png",Cavin's Fresh Cow Milk (Pouch),Cavin's,26,26,450 ml,4.5 (5.5k),In Stock,https://www.zeptonow.com/pn/cavins-fresh-cow-milk-pouch/pvid/7c0a8f52-6b2b-41a2-9ffe-cc7891afd933,"https://cdn.zeptonow.com/production/tr:w-1280,ar-1500-1500,pr-true,f-auto,q-80/cms/product_variant/23c25148-cd10-453e-a5d3-9d9d7686b4e6.jpeg"
"Dairy, Bread & Eggs",Top Picks,"https://cdn.zeptonow.com/production/tr:w-90,ar-120-121,pr-true,f-auto,q-80/cms/sub_category/79.png",Milky Mist Fruit Yogurt Peach,Milky Mist,30,30,100 g,4.1 (2.3k),In Stock,https://www.zeptonow.com/pn/milky-mist-fruit-yogurt-peach/pvid/7249bbdf-9096-4da6-ba80-3727d189dfaa,"https://cdn.zeptonow.com/production/tr:w-1280,ar-1600-1600,pr-true,f-auto,q-80/cms/product_variant/4b1831ba-0193-4a9f-910d-3c394f698095.jpeg"
"Dairy, Bread & Eggs",Top Picks,"https://cdn.zeptonow.com/production/tr:w-90,ar-120-121,pr-true,f-auto,q-80/cms/sub_category/79.png",Heritage Total Curd Tub,Heritage,106,110,1 kg,4.6 (50.5k),In Stock,https://www.zeptonow.com/pn/heritage-total-curd-tub/pvid/23a90a6f-2dab-4bd1-a911-bfd3ab97648c,"https://cdn.zeptonow.com/production/tr:w-1280,ar-1000-1000,pr-true,f-auto,q-80/cms/product_variant/73da078b-f98d-4dd5-b1cb-6558debb6a04.jpeg"
"Dairy, Bread & Eggs",Top Picks,"https://cdn.zeptonow.com/production/tr:w-90,ar-120-121,pr-true,f-auto,q-80/cms/sub_category/79.png",iD Fresh Dhaniya Pudina Chutney,iD,55,55,120 g,4.3 (381),In Stock,https://www.zeptonow.com/pn/id-fresh-dhaniya-pudina-chutney/pvid/213ba900-2fb6-4121-ab11-a7c0802e3c9d,"https://cdn.zeptonow.com/production/tr:w-1280,ar-4167-4167,pr-true,f-auto,q-80/cms/product_variant/86ceaea9-e96b-466b-848e-e6632850bb91.jpeg"
"Dairy, Bread & Eggs",Top Picks,"https://cdn.zeptonow.com/production/tr:w-90,ar-120-121,pr-true,f-auto,q-80/cms/sub_category/79.png",Britannia Cheese Cheeza,Britannia,131,135,200 g,4.6 (1.5k),In Stock,https://www.zeptonow.com/pn/britannia-cheese-cheeza/pvid/0a5eb556-0e79-48f3-afb9-02189ab23a46,"https://cdn.zeptonow.com/production/tr:w-1280,ar-2400-2400,pr-true,f-auto,q-80/cms/product_variant/cff0b7b8-6e32-4a82-a4e5-41f62537472d.jpeg"
"Dairy, Bread & Eggs",Top Picks,"https://cdn.zeptonow.com/production/tr:w-90,ar-120-121,pr-true,f-auto,q-80/cms/sub_category/79.png",iD Fresh Coconut Chutney,iD,55,55,120 g,4.4 (7.5k),In Stock,https://www.zeptonow.com/pn/id-fresh-coconut-chutney/pvid/2e69b70f-9925-4e93-9ca2-048d05e91bb1,"https://cdn.zeptonow.com/production/tr:w-1280,ar-450-450,pr-true,f-auto,q-80/cms/product_variant/224d2192-0110-4bec-9e3c-e81030f99261.jpg"
"Dairy, Bread & Eggs",Top Picks,"https://cdn.zeptonow.com/production/tr:w-90,ar-120-121,pr-true,f-auto,q-80/cms/sub_category/79.png",Amul Masti Set Curd Tub,Amul,105,125,1 kg,4.6 (52.1k),In Stock,https://www.zeptonow.com/pn/amul-masti-set-curd-tub/pvid/cf8c88da-d6d3-40af-893c-db15c351513b,"https://cdn.zeptonow.com/production/tr:w-1280,ar-1000-1000,pr-true,f-auto,q-80/cms/product_variant/ca568776-411d-4f0a-acf7-f0b040f9550d.jpg"
"Dairy, Bread & Eggs",Top Picks,"https://cdn.zeptonow.com/production/tr:w-90,ar-120-121,pr-true,f-auto,q-80/cms/sub_category/79.png",Nestle A+ Slim Milk (Tetra Pack),Nestle,90,100,1 L,5 (541),In Stock,https://www.zeptonow.com/pn/nestle-a-slim-milk-tetra-pack/pvid/4359adde-02dd-4c22-8960-36958913e8fd,"https://cdn.zeptonow.com/production/tr:w-1280,ar-2400-2400,pr-true,f-auto,q-80/cms/product_variant/d0f7cb91-9302-47ea-a096-4412feb97092.jpeg"
"Dairy, Bread & Eggs",Top Picks,"https://cdn.zeptonow.com/production/tr:w-90,ar-120-121,pr-true,f-auto,q-80/cms/sub_category/79.png",iD Fresh Tamarind Chutney,iD,55,55,120 g,4.4 (95),In Stock,https://www.zeptonow.com/pn/id-fresh-tamarind-chutney/pvid/2e491d42-5e85-45d2-b671-1f1fa08a61f6,"https://cdn.zeptonow.com/production/tr:w-1280,ar-4167-4167,pr-true,f-auto,q-80/cms/product_variant/8cba8c15-49a5-4b09-9ce6-86fb69fd10f2.jpg"
"Dairy, Bread & Eggs",Top Picks,"https://cdn.zeptonow.com/production/tr:w-90,ar-120-121,pr-true,f-auto,q-80/cms/sub_category/79.png",Yakult Probiotic Fermented Milk Drink,Yakult,90,90,325 ml,4.8 (14.6k),In Stock,https://www.zeptonow.com/pn/yakult-probiotic-fermented-milk-drink/pvid/e44249e2-37fc-438e-a905-4e0cdcb2077e,"https://cdn.zeptonow.com/production/tr:w-1280,ar-1050-1050,pr-true,f-auto,q-80/cms/product_variant/fed6f256-aefe-402a-8309-53ee4affac65.jpeg"
"Dairy, Bread & Eggs",Top Picks,"https://cdn.zeptonow.com/production/tr:w-90,ar-120-121,pr-true,f-auto,q-80/cms/sub_category/79.png",Britannia The Laughing Cow Cheezza Cheese- Pizza Block,Britannia,265,270,400 g,4.5 (410),In Stock,https://www.zeptonow.com/pn/britannia-the-laughing-cow-cheezza-cheese-pizza-block/pvid/9ebd00df-47c1-4087-aed5-6e76e8eedf3f,"https://cdn.zeptonow.com/production/tr:w-1280,ar-1200-1200,pr-true,f-auto,q-80/cms/product_variant/7ea960f2-fc84-4e48-bb4e-168bbf44133c.jpeg"
"Dairy, Bread & Eggs",Top Picks,"https://cdn.zeptonow.com/production/tr:w-90,ar-120-121,pr-true,f-auto,q-80/cms/sub_category/79.png",Nandini Goodlife Slim Skimmed Milk UHT (Tetra Pack Brik),Nandini,73,73,1 L,4.8 (1.7k),In Stock,https://www.zeptonow.com/pn/nandini-goodlife-slim-skimmed-milk-uht-tetra-pack-brik/pvid/053a43dd-d1bd-48cc-bcb5-754a270c53f2,"https://cdn.zeptonow.com/production/tr:w-1280,ar-1800-1800,pr-true,f-auto,q-80/cms/product_variant/dfe6befc-1283-4c64-8175-d5e689d37b54.jpg"
"Dairy, Bread & Eggs",Top Picks,"https://cdn.zeptonow.com/production/tr:w-90,ar-120-121,pr-true,f-auto,q-80/cms/sub_category/79.png",Epigamia Lactose Free Curd,Epigamia,100,100,400 g,4.8 (1.6k),In Stock,https://www.zeptonow.com/pn/epigamia-lactose-free-curd/pvid/e46b6766-4d38-437c-b58d-0edfdf9ee5db,"https://cdn.zeptonow.com/production/tr:w-1280,ar-1500-1500,pr-true,f-auto,q-80/cms/product_variant/2add7744-ebcc-4d18-bf24-30d4bde40e63.jpeg"
"Dairy, Bread & Eggs",Top Picks,"https://cdn.zeptonow.com/production/tr:w-90,ar-120-121,pr-true,f-auto,q-80/cms/sub_category/79.png",Heritage Gold Milk,Heritage,23,24,450 ml,4.7 (2.3k),In Stock,https://www.zeptonow.com/pn/heritage-gold-milk/pvid/cee22a27-e951-4687-a489-1b63542c62d0,"https://cdn.zeptonow.com/production/tr:w-1280,ar-1200-1200,pr-true,f-auto,q-80/cms/product_variant/c407d8fa-8577-4355-bbc7-b0cb1e5af7ab.jpg"
"Dairy, Bread & Eggs",Top Picks,"https://cdn.zeptonow.com/production/tr:w-90,ar-120-121,pr-true,f-auto,q-80/cms/sub_category/79.png",Modern Classic Sweet Bun,Modern,25,25,200 g,4.4 (12.2k),In Stock,https://www.zeptonow.com/pn/modern-classic-sweet-bun/pvid/6c283896-ca6f-410d-9970-e85869d056a8,"https://cdn.zeptonow.com/production/tr:w-1280,ar-2000-2000,pr-true,f-auto,q-80/cms/product_variant/1d122411-bcd5-4242-86c9-c194a55da44a.jpeg"
"Dairy, Bread & Eggs",Top Picks,"https://cdn.zeptonow.com/production/tr:w-90,ar-120-121,pr-true,f-auto,q-80/cms/sub_category/79.png",Freshey's Curd Pouch,Freshey's,34,39,450 g,4.7 (3.3k),In Stock,https://www.zeptonow.com/pn/fresheys-curd-pouch/pvid/155c1959-b858-4a04-80bc-2d0b90084162,"https://cdn.zeptonow.com/production/tr:w-1280,ar-900-900,pr-true,f-auto,q-80/cms/product_variant/1cc6034b-7a61-40da-a683-cec7ae9511ba.jpg"
"Dairy, Bread & Eggs",Top Picks,"https://cdn.zeptonow.com/production/tr:w-90,ar-120-121,pr-true,f-auto,q-80/cms/sub_category/79.png",Ovenfresh Sandwich White Bread,Ovenfresh,55,55,400 g,3.9 (993),In Stock,https://www.zeptonow.com/pn/ovenfresh-sandwich-white-bread/pvid/5b394f01-3fce-4b60-93c2-08f8acae95a0,"https://cdn.zeptonow.com/production/tr:w-1280,ar-4000-4000,pr-true,f-auto,q-80/cms/product_variant/22bb37fe-0ba4-420b-9fbe-46992dc6976b.jpeg"
"Dairy, Bread & Eggs",Top Picks,"https://cdn.zeptonow.com/production/tr:w-90,ar-120-121,pr-true,f-auto,q-80/cms/sub_category/79.png",Aavin Green Magic Fresh Milk (Pouch),Aavin,22,22,500 ml,4.8 (30.5k),In Stock,https://www.zeptonow.com/pn/aavin-green-magic-fresh-milk-pouch/pvid/be992603-05e4-40e1-85b8-c7b7883e1965,"https://cdn.zeptonow.com/production/tr:w-1280,ar-2400-2400,pr-true,f-auto,q-80/cms/product_variant/a94b8911-71a6-4203-a469-414cf9393f5c.jpeg"
"Dairy, Bread & Eggs",Top Picks,"https://cdn.zeptonow.com/production/tr:w-90,ar-120-121,pr-true,f-auto,q-80/cms/sub_category/79.png",Nandini Goodlife Slim Skimmed Milk UHT (Tetra Pack),Nandini,37,37,500 ml,4.6 (2.1k),In Stock,https://www.zeptonow.com/pn/nandini-goodlife-slim-skimmed-milk-uht-tetra-pack/pvid/205272e0-ba4c-4b0b-9165-a57fe603a9b5,"https://cdn.zeptonow.com/production/tr:w-1280,ar-2400-2400,pr-true,f-auto,q-80/cms/product_variant/6962ed05-02b8-47d3-84b5-923096ece102.jpeg"
"Dairy, Bread & Eggs",Top Picks,"https://cdn.zeptonow.com/production/tr:w-90,ar-120-121,pr-true,f-auto,q-80/cms/sub_category/79.png",Yakult Light Probiotic Fermented Milk Drink,Yakult,100,100,325 ml,4.6 (4.5k),In Stock,https://www.zeptonow.com/pn/yakult-light-probiotic-fermented-milk-drink/pvid/5e222276-00a2-4166-b97e-0a08b067158c,"https://cdn.zeptonow.com/production/tr:w-1280,ar-1050-1050,pr-true,f-auto,q-80/cms/product_variant/0eeb675d-7b49-4242-92b5-028bc687ab4a.jpeg"
"Dairy, Bread & Eggs",Top Picks,"https://cdn.zeptonow.com/production/tr:w-90,ar-120-121,pr-true,f-auto,q-80/cms/sub_category/79.png",Vijay White Eggs,Vijay,241,345,1 pack (30 pcs),4.5 (9.0k),In Stock,https://www.zeptonow.com/pn/vijay-white-eggs/pvid/1e4048aa-735c-4856-950e-63ea3227a5c4,"https://cdn.zeptonow.com/production/tr:w-1280,ar-2926-2926,pr-true,f-auto,q-80/cms/product_variant/0f0764c7-b6e5-4b56-89fe-52d0e42af79f.jpeg"
"Dairy, Bread & Eggs",Top Picks,"https://cdn.zeptonow.com/production/tr:w-90,ar-120-121,pr-true,f-auto,q-80/cms/sub_category/79.png",The Baker's Dozen Zero Maida Milk Bread,The,53,60,180 g,4.5 (756),In Stock,https://www.zeptonow.com/pn/the-bakers-dozen-zero-maida-milk-bread/pvid/c982e07b-b933-4a78-8f3c-23c3cc58901c,"https://cdn.zeptonow.com/production/tr:w-1280,ar-1000-1000,pr-true,f-auto,q-80/cms/product_variant/1936a635-305f-4c8e-8d4a-79335c43a0af.jpeg"
"Dairy, Bread & Eggs",Top Picks,"https://cdn.zeptonow.com/production/tr:w-90,ar-120-121,pr-true,f-auto,q-80/cms/sub_category/79.png",Heritage Super Gold Milk,Heritage,30,32,475 ml,4.6 (1.2k),In Stock,https://www.zeptonow.com/pn/heritage-super-gold-milk/pvid/7e71f269-5f3d-49d4-8dc2-fcc896f6502e,"https://cdn.zeptonow.com/production/tr:w-1280,ar-1200-1200,pr-true,f-auto,q-80/cms/product_variant/fb518a22-c671-475f-9e39-d7fd24a1d298.jpg"
"Dairy, Bread & Eggs",Top Picks,"https://cdn.zeptonow.com/production/tr:w-90,ar-120-121,pr-true,f-auto,q-80/cms/sub_category/79.png",Skm Best Plus Eggs,Skm,175,175,1 pack (12 pcs),4.4 (817),In Stock,https://www.zeptonow.com/pn/skm-best-plus-eggs/pvid/403bad3c-6a0e-42f5-b54e-5c1f53c37ec1,"https://cdn.zeptonow.com/production/tr:w-1280,ar-2400-2400,pr-true,f-auto,q-80/cms/product_variant/54e885be-fbeb-4505-a981-4e5938597447.jpeg"
"Dairy, Bread & Eggs",Top Picks,"https://cdn.zeptonow.com/production/tr:w-90,ar-120-121,pr-true,f-auto,q-80/cms/sub_category/79.png",Cavin's Curd Pouch,Cavin's,34,34,400 g,4.8 (4.0k),In Stock,https://www.zeptonow.com/pn/cavins-curd-pouch/pvid/a7d31f87-9edd-475f-b1b7-aeeac8402db0,"https://cdn.zeptonow.com/production/tr:w-1280,ar-1500-1500,pr-true,f-auto,q-80/cms/product_variant/904692cc-aa24-401f-80cc-6c6d34099c87.jpeg"
"Dairy, Bread & Eggs",Top Picks,"https://cdn.zeptonow.com/production/tr:w-90,ar-120-121,pr-true,f-auto,q-80/cms/sub_category/79.png",Yakult Mango,Yakult,100,100,325 ml,4.8 (1.7k),In Stock,https://www.zeptonow.com/pn/yakult-mango/pvid/1e6cbcf4-5670-4699-9803-b5329db99b87,"https://cdn.zeptonow.com/production/tr:w-1280,ar-710-400,pr-true,f-auto,q-80/cms/product_variant/e5de05a0-d811-43af-932c-034636d55e08.jpg"
"Dairy, Bread & Eggs",Top Picks,"https://cdn.zeptonow.com/production/tr:w-90,ar-120-121,pr-true,f-auto,q-80/cms/sub_category/79.png",Heritage Fresh Paneer,Heritage,111,120,200 g,4.6 (45.1k),In Stock,https://www.zeptonow.com/pn/heritage-fresh-paneer/pvid/030e4b73-2373-479b-a013-f1e48ee8ab37,"https://cdn.zeptonow.com/production/tr:w-1280,ar-2400-2400,pr-true,f-auto,q-80/cms/product_variant/681d5b1c-6e3d-4267-8c27-ee7cbf595b7a.jpg"
"Dairy, Bread & Eggs",Top Picks,"https://cdn.zeptonow.com/production/tr:w-90,ar-120-121,pr-true,f-auto,q-80/cms/sub_category/79.png",Akshayakalpa Organic Country Eggs,Akshayakalpa,261,290,1 pack (12 pcs),4.7 (945),In Stock,https://www.zeptonow.com/pn/akshayakalpa-organic-country-eggs/pvid/bc6ea8f5-f1a0-4b27-954d-20aa42e59d50,"https://cdn.zeptonow.com/production/tr:w-1280,ar-1200-1200,pr-true,f-auto,q-80/cms/product_variant/4d53ddf4-b662-418d-8e2f-e86734d8972a.jpeg"
"Dairy, Bread & Eggs",Top Picks,"https://cdn.zeptonow.com/production/tr:w-90,ar-120-121,pr-true,f-auto,q-80/cms/sub_category/79.png",Nandini Goodlife Milk UHT (Pouch Brik),Nandini,36,36,500 ml,4.7 (14.9k),In Stock,https://www.zeptonow.com/pn/nandini-goodlife-milk-uht-pouch-brik/pvid/7790e233-c829-422b-bf16-45eefe9b5bd5,"https://cdn.zeptonow.com/production/tr:w-1280,ar-2400-2400,pr-true,f-auto,q-80/cms/product_variant/82e9dc66-09b6-44d7-852d-87e62a6f18b0.jpeg"
"Dairy, Bread & Eggs",Top Picks,"https://cdn.zeptonow.com/production/tr:w-90,ar-120-121,pr-true,f-auto,q-80/cms/sub_category/79.png",Amul Fresh Malai Paneer,Amul,105,105,200 g,4.6 (207.4k),In Stock,https://www.zeptonow.com/pn/amul-fresh-malai-paneer/pvid/54099eb2-2d08-4013-a822-a3eebc72f19f,"https://cdn.zeptonow.com/production/tr:w-1280,ar-2400-2400,pr-true,f-auto,q-80/cms/product_variant/ea26ac16-e17e-4364-aafb-ef78db990f30.jpg"
"Dairy, Bread & Eggs",Top Picks,"https://cdn.zeptonow.com/production/tr:w-90,ar-120-121,pr-true,f-auto,q-80/cms/sub_category/79.png",K K White Egg,K,95,110,1 pack (12 pcs),4.5 (24.2k),In Stock,https://www.zeptonow.com/pn/k-k-white-egg/pvid/5d1960a2-cfa0-4873-b37f-4937c0bf77d8,"https://cdn.zeptonow.com/production/tr:w-1280,ar-1021-1021,pr-true,f-auto,q-80/cms/product_variant/7e5f3b52-792e-4206-a3ef-5eaed6eb9734.jpeg"
"Dairy, Bread & Eggs",Top Picks,"https://cdn.zeptonow.com/production/tr:w-90,ar-120-121,pr-true,f-auto,q-80/cms/sub_category/79.png",Amul Curd,Amul,50,50,1 kg,4.8 (14.0k),In Stock,https://www.zeptonow.com/pn/amul-curd/pvid/cb1308a4-ab3d-4425-b27d-cd08048bc339,"https://cdn.zeptonow.com/production/tr:w-1280,ar-1006-988,pr-true,f-auto,q-80/cms/product_variant/41b3009c-c107-498c-be36-6157ab0b059d.jpg"
"Dairy, Bread & Eggs",Top Picks,"https://cdn.zeptonow.com/production/tr:w-90,ar-120-121,pr-true,f-auto,q-80/cms/sub_category/79.png",Amul Moti - Homogenised Toned Milk (Pouch 90 Days Shelf life),Amul,30,30,450 ml,4.5 (43.2k),In Stock,https://www.zeptonow.com/pn/amul-moti-homogenised-toned-milk-pouch-90-days-shelf-life/pvid/1638f685-befc-478e-95f8-2d92213866e7,"https://cdn.zeptonow.com/production/tr:w-1280,ar-1500-1500,pr-true,f-auto,q-80/cms/product_variant/0b462c8d-e38c-4b49-aab1-d8f57b8fb89c.jpeg"
"Dairy, Bread & Eggs",Top Picks,"https://cdn.zeptonow.com/production/tr:w-90,ar-120-121,pr-true,f-auto,q-80/cms/sub_category/79.png",Modern Sweet Bread,Modern,45,45,350 g,4.6 (5.3k),In Stock,https://www.zeptonow.com/pn/modern-sweet-bread/pvid/30d919bd-c65d-4d23-82dd-f0fde1a282ea,"https://cdn.zeptonow.com/production/tr:w-1280,ar-1200-1200,pr-true,f-auto,q-80/cms/product_variant/5fd5bfab-6a89-42f8-9256-1723a35f36ed.jpeg"
"Dairy, Bread & Eggs",Top Picks,"https://cdn.zeptonow.com/production/tr:w-90,ar-120-121,pr-true,f-auto,q-80/cms/sub_category/79.png",Amul Masti Curd Pouch,Amul,34,34,450 g,4.7 (15.6k),In Stock,https://www.zeptonow.com/pn/amul-masti-curd-pouch/pvid/3f3d772a-04a4-4236-8dd5-e848d99c459a,"https://cdn.zeptonow.com/production/tr:w-1280,ar-3000-3000,pr-true,f-auto,q-80/cms/product_variant/a0c4ad5c-a307-4c1e-8fcc-5ec9259c3bda.jpeg"
"Dairy, Bread & Eggs",Top Picks,"https://cdn.zeptonow.com/production/tr:w-90,ar-120-121,pr-true,f-auto,q-80/cms/sub_category/79.png",Akshayakalpa Organic Country Brown Eggs,Akshayakalpa,146,150,1 pack (6 pcs),4.6 (1.4k),In Stock,https://www.zeptonow.com/pn/akshayakalpa-organic-country-brown-eggs/pvid/1e39b6ff-9e4b-4190-b02b-e484b928cc8d,"https://cdn.zeptonow.com/production/tr:w-1280,ar-1300-1000,pr-true,f-auto,q-80/cms/product_variant/6cd9324f-66c5-473d-a84d-bae60849a9f1.jpeg"
"Dairy, Bread & Eggs",Top Picks,"https://cdn.zeptonow.com/production/tr:w-90,ar-120-121,pr-true,f-auto,q-80/cms/sub_category/79.png",Cavin's Full Cream Fresh Milk (Pouch),Cavin's,38,38,475 ml,4.6 (2.0k),In Stock,https://www.zeptonow.com/pn/cavins-full-cream-fresh-milk-pouch/pvid/e2170ba7-a7f9-410b-938b-6c76afd775fa,"https://cdn.zeptonow.com/production/tr:w-1280,ar-1500-1500,pr-true,f-auto,q-80/cms/product_variant/bcffd793-a502-4bad-b131-6c40841cc1c9.jpeg"
"Dairy, Bread & Eggs",Top Picks,"https://cdn.zeptonow.com/production/tr:w-90,ar-120-121,pr-true,f-auto,q-80/cms/sub_category/79.png",Amul Masti Dahi Pouch,Amul,72,72,1 kg,4.7 (213.3k),In Stock,https://www.zeptonow.com/pn/amul-masti-dahi-pouch/pvid/cf83fdee-ebcf-4f49-915c-3c552a088670,"https://cdn.zeptonow.com/production/tr:w-1280,ar-1200-1200,pr-true,f-auto,q-80/cms/product_variant/75db7c09-d598-4300-aa1a-b35016cf88c5.jpeg"
"Dairy, Bread & Eggs",Top Picks,"https://cdn.zeptonow.com/production/tr:w-90,ar-120-121,pr-true,f-auto,q-80/cms/sub_category/79.png",iD Fresh Soft & Creamy Paneer,iD,140,140,200 g,4.5 (7.2k),In Stock,https://www.zeptonow.com/pn/id-fresh-soft-creamy-paneer/pvid/29e0f66e-aed9-4d7b-a656-b62e7e8110b2,"https://cdn.zeptonow.com/production/tr:w-1280,ar-1200-1200,pr-true,f-auto,q-80/cms/product_variant/fd04f128-dfd4-432c-a189-5e22c8d78f28.jpeg"
"Dairy, Bread & Eggs",Top Picks,"https://cdn.zeptonow.com/production/tr:w-90,ar-120-121,pr-true,f-auto,q-80/cms/sub_category/79.png","epigamia 50 g Protein Turbo Yogurt, Natural",Epigamia,309,325,430 g,4.7 (1.1k),In Stock,https://www.zeptonow.com/pn/epigamia-50-g-protein-turbo-yogurt-natural/pvid/fb45e3d9-1509-4654-834d-4174a939a5de,"https://cdn.zeptonow.com/production/tr:w-1280,ar-1500-1500,pr-true,f-auto,q-80/cms/product_variant/2524b04d-09a4-439f-b26b-63aa4ff23114.jpeg"
"Dairy, Bread & Eggs",Top Picks,"https://cdn.zeptonow.com/production/tr:w-90,ar-120-121,pr-true,f-auto,q-80/cms/sub_category/79.png",The Baker's Dozen Zero Maida Garlic Bread No Palm Oil No Preservative 100% Wholewheat,The,99,99,160 g,4.2 (1.5k),In Stock,https://www.zeptonow.com/pn/the-bakers-dozen-zero-maida-garlic-bread-no-palm-oil-no-preservative-100-wholewheat/pvid/fa697749-988d-454a-8a53-9c636fac9acd,"https://cdn.zeptonow.com/production/tr:w-1280,ar-1000-1000,pr-true,f-auto,q-80/cms/product_variant/edfd7777-853d-479f-b21a-968e9ecb99fe.jpg"
"Dairy, Bread & Eggs",Top Picks,"https://cdn.zeptonow.com/production/tr:w-90,ar-120-121,pr-true,f-auto,q-80/cms/sub_category/79.png",Aavin Paneer,Aavin,110,110,200 g,4.6 (2.7k),In Stock,https://www.zeptonow.com/pn/aavin-paneer/pvid/7e894e35-1252-4ae5-aeac-6c92e785c665,"https://cdn.zeptonow.com/production/tr:w-1280,ar-500-500,pr-true,f-auto,q-80/cms/product_variant/54456266-65f3-4319-9ecd-f4fcac28db40.jpg"
"Dairy, Bread & Eggs",Top Picks,"https://cdn.zeptonow.com/production/tr:w-90,ar-120-121,pr-true,f-auto,q-80/cms/sub_category/79.png",Epigamia Greek Yogurt- Natural,Epigamia,238,250,400 g,4.5 (7.5k),In Stock,https://www.zeptonow.com/pn/epigamia-greek-yogurt-natural/pvid/5fef1d45-2fc1-4fcc-a2ad-5391a56a7623,"https://cdn.zeptonow.com/production/tr:w-1280,ar-1500-1500,pr-true,f-auto,q-80/cms/product_variant/4b2e0c92-f101-4f72-a376-c5e612137579.jpeg"
"Dairy, Bread & Eggs",Top Picks,"https://cdn.zeptonow.com/production/tr:w-90,ar-120-121,pr-true,f-auto,q-80/cms/sub_category/79.png",Amul High Protein Cup Dahi,Amul,70,70,400 g,4.4 (3.8k),In Stock,https://www.zeptonow.com/pn/amul-high-protein-cup-dahi/pvid/e90e8c07-553f-4169-9c44-cb468b6b2741,"https://cdn.zeptonow.com/production/tr:w-1280,ar-3000-3000,pr-true,f-auto,q-80/cms/product_variant/206cec1f-1f51-47a5-8b08-f2344388f0e9.jpg"
"Dairy, Bread & Eggs",Top Picks,"https://cdn.zeptonow.com/production/tr:w-90,ar-120-121,pr-true,f-auto,q-80/cms/sub_category/79.png",Amul Gold Special Milk Pouch,Amul,35,35,500 ml,4.8 (348),In Stock,https://www.zeptonow.com/pn/amul-gold-special-milk-pouch/pvid/1c1553de-e42d-474c-a1db-423f64a14010,"https://cdn.zeptonow.com/production/tr:w-1280,ar-3000-3000,pr-true,f-auto,q-80/cms/product_variant/50adc182-756d-4c3d-8d98-3263122fad28.jpeg"
"Dairy, Bread & Eggs",Top Picks,"https://cdn.zeptonow.com/production/tr:w-90,ar-120-121,pr-true,f-auto,q-80/cms/sub_category/79.png",Britannia Multigrain Bread (No Maida),Britannia,55,55,400 g,4.1 (3.1k),In Stock,https://www.zeptonow.com/pn/britannia-multigrain-bread-no-maida/pvid/83b25257-105c-4c84-97dc-82ac18754c8f,"https://cdn.zeptonow.com/production/tr:w-1280,ar-1500-1500,pr-true,f-auto,q-80/cms/product_variant/015d4bd8-6ba7-4693-8464-dbcd3cb74c65.jpeg"
"Dairy, Bread & Eggs",Top Picks,"https://cdn.zeptonow.com/production/tr:w-90,ar-120-121,pr-true,f-auto,q-80/cms/sub_category/79.png",Skm Best Brown Eggs,Skm,95,95,1 pack (6 pcs),4.5 (1.5k),In Stock,https://www.zeptonow.com/pn/skm-best-brown-eggs/pvid/090c6f91-b745-4fc7-b019-d15e8f28f0c7,"https://cdn.zeptonow.com/production/tr:w-1280,ar-1080-1080,pr-true,f-auto,q-80/cms/product_variant/7022eb63-26fe-4cfa-b779-87271d88124d.jpeg"
"Dairy, Bread & Eggs",Top Picks,"https://cdn.zeptonow.com/production/tr:w-90,ar-120-121,pr-true,f-auto,q-80/cms/sub_category/79.png",Amul Taaza Toned Fresh Milk (Pouch),Amul,28,28,500 ml,4.7 (704.6k),In Stock,https://www.zeptonow.com/pn/amul-taaza-toned-fresh-milk-pouch/pvid/9d447ba5-1d35-46e1-bc64-e932135d026f,"https://cdn.zeptonow.com/production/tr:w-1280,ar-1200-1200,pr-true,f-auto,q-80/cms/product_variant/d4b8ef20-df5e-4d0b-ab04-36de62dd0f45.jpeg"
"Dairy, Bread & Eggs",Top Picks,"https://cdn.zeptonow.com/production/tr:w-90,ar-120-121,pr-true,f-auto,q-80/cms/sub_category/79.png",Skm Best Plus Eggs,Skm,89,89,1 pack (6 pcs),4.7 (1.1k),In Stock,https://www.zeptonow.com/pn/skm-best-plus-eggs/pvid/6c5328c7-900e-4187-bae2-c43561cb7e95,"https://cdn.zeptonow.com/production/tr:w-1280,ar-2400-2400,pr-true,f-auto,q-80/cms/product_variant/37b67abc-e0a3-4b89-8a36-c341ec075c6c.jpeg"
"Dairy, Bread & Eggs",Top Picks,"https://cdn.zeptonow.com/production/tr:w-90,ar-120-121,pr-true,f-auto,q-80/cms/sub_category/79.png",Britannia Sweet Slice White Bread,Britannia,60,60,600 g,4.2 (2.8k),In Stock,https://www.zeptonow.com/pn/britannia-sweet-slice-white-bread/pvid/5985a64e-90b3-468d-b6b0-3aeb7fe1b09c,"https://cdn.zeptonow.com/production/tr:w-1280,ar-1500-1500,pr-true,f-auto,q-80/cms/product_variant/22980904-b172-40cd-b772-14506568e283.jpeg"
"Dairy, Bread & Eggs",Top Picks,"https://cdn.zeptonow.com/production/tr:w-90,ar-120-121,pr-true,f-auto,q-80/cms/sub_category/79.png",Epigamia 17g Protein Turbo Yogurt Natural,Epigamia,124,125,140 g,4.4 (857),In Stock,https://www.zeptonow.com/pn/epigamia-17g-protein-turbo-yogurt-natural/pvid/37d14f3d-babd-4718-ba43-5ccfee866459,"https://cdn.zeptonow.com/production/tr:w-1280,ar-1500-1500,pr-true,f-auto,q-80/cms/product_variant/7b58d68f-3bd7-402b-bd53-02949cb497cc.jpeg"
"Dairy, Bread & Eggs",Top Picks,"https://cdn.zeptonow.com/production/tr:w-90,ar-120-121,pr-true,f-auto,q-80/cms/sub_category/79.png",Amul Taaza Homogenised Toned Milk (Tetra Pack),Amul,17,17,200 ml,4.7 (71.4k),In Stock,https://www.zeptonow.com/pn/amul-taaza-homogenised-toned-milk-tetra-pack/pvid/2a231315-2b07-4de0-af4a-3a4f9c48ad0c,"https://cdn.zeptonow.com/production/tr:w-1280,ar-1200-1200,pr-true,f-auto,q-80/cms/product_variant/7aecef2d-80ab-406d-8f44-bea711b845ae.jpeg"
"Dairy, Bread & Eggs",Top Picks,"https://cdn.zeptonow.com/production/tr:w-90,ar-120-121,pr-true,f-auto,q-80/cms/sub_category/79.png",K K White Egg,K,48,50,1 pack (6 pcs),4.6 (33.4k),In Stock,https://www.zeptonow.com/pn/k-k-white-egg/pvid/c523e2b2-e016-4944-9d96-ca76a13f3094,"https://cdn.zeptonow.com/production/tr:w-1280,ar-2400-2400,pr-true,f-auto,q-80/cms/product_variant/5bb5da15-b15e-42bc-bc36-83f4d8dc5962.jpeg"
"Dairy, Bread & Eggs",Top Picks,"https://cdn.zeptonow.com/production/tr:w-90,ar-120-121,pr-true,f-auto,q-80/cms/sub_category/79.png",Amul Fresh Cream,Amul,70,70,250 ml,4.6 (41.8k),In Stock,https://www.zeptonow.com/pn/amul-fresh-cream/pvid/5d93efe8-2046-450d-87ca-ce891fbf2a5b,"https://cdn.zeptonow.com/production/tr:w-1280,ar-1200-1200,pr-true,f-auto,q-80/cms/product_variant/2a89bb87-f1cd-46eb-9fc0-49741625eac2.jpeg"
"Dairy, Bread & Eggs",Top Picks,"https://cdn.zeptonow.com/production/tr:w-90,ar-120-121,pr-true,f-auto,q-80/cms/sub_category/79.png","epigamia 15 g Protein Turbo Yogurt, Strawberry",Epigamia,124,125,140 g,4 (561),In Stock,https://www.zeptonow.com/pn/epigamia-15-g-protein-turbo-yogurt-strawberry/pvid/cd232228-2cda-4f1a-9d65-d1f6fbc4371c,"https://cdn.zeptonow.com/production/tr:w-1280,ar-1500-1500,pr-true,f-auto,q-80/cms/product_variant/f401df8d-d8f2-4719-b7eb-783519b199fd.jpeg"
"Dairy, Bread & Eggs",Top Picks,"https://cdn.zeptonow.com/production/tr:w-90,ar-120-121,pr-true,f-auto,q-80/cms/sub_category/79.png",Amul Cheese Slices,Amul,145,145,200 g,4.7 (56.9k),In Stock,https://www.zeptonow.com/pn/amul-cheese-slices/pvid/1e981626-002a-4122-be38-a0532267214c,"https://cdn.zeptonow.com/production/tr:w-1280,ar-1200-1200,pr-true,f-auto,q-80/cms/product_variant/263afa34-4a15-4e5d-b891-d3126b1b3019.jpeg"
"Dairy, Bread & Eggs",Top Picks,"https://cdn.zeptonow.com/production/tr:w-90,ar-120-121,pr-true,f-auto,q-80/cms/sub_category/79.png",Amul Lactose Free Milk (Tetra Pack),Amul,26,26,250 ml,4.7 (15.7k),In Stock,https://www.zeptonow.com/pn/amul-lactose-free-milk-tetra-pack/pvid/23037033-b0ab-4109-82b6-30f3a2a2cf84,"https://cdn.zeptonow.com/production/tr:w-1280,ar-1200-1200,pr-true,f-auto,q-80/cms/product_variant/bb9facdf-f5ad-45e6-90bb-3568b9791d88.jpeg"
"Dairy, Bread & Eggs",Top Picks,"https://cdn.zeptonow.com/production/tr:w-90,ar-120-121,pr-true,f-auto,q-80/cms/sub_category/79.png",The Baker's Dozen Zero Maida Burger Buns No Palm Oil No Preservative 100% Wholehwheat,The,49,49,200 g,4.4 (2.7k),In Stock,https://www.zeptonow.com/pn/the-bakers-dozen-zero-maida-burger-buns-no-palm-oil-no-preservative-100-wholehwheat/pvid/5b6044e1-31ab-49b9-abad-9418c245ec44,"https://cdn.zeptonow.com/production/tr:w-1280,ar-1000-1000,pr-true,f-auto,q-80/cms/product_variant/0fe82005-3cd2-48e5-a52e-9733df9195d3.jpeg"
"Dairy, Bread & Eggs",Top Picks,"https://cdn.zeptonow.com/production/tr:w-90,ar-120-121,pr-true,f-auto,q-80/cms/sub_category/79.png",D'lecta Dairy Fresh Cream,D'lecta,60,65,200 ml,4 (4.4k),In Stock,https://www.zeptonow.com/pn/dlecta-dairy-fresh-cream/pvid/3b398272-5b66-4c61-b2c5-a31b3f3acf17,"https://cdn.zeptonow.com/production/tr:w-1280,ar-1000-1000,pr-true,f-auto,q-80/cms/product_variant/81cf2cca-f52e-46d0-9243-f5c1dddd4828.jpeg"
"Dairy, Bread & Eggs",Top Picks,"https://cdn.zeptonow.com/production/tr:w-90,ar-120-121,pr-true,f-auto,q-80/cms/sub_category/79.png",Go Cheese Slices,Go Cheese,99,190,200 g,4.7 (18.5k),In Stock,https://www.zeptonow.com/pn/go-cheese-slices/pvid/30b152b2-01d7-48e1-a2f8-dd186a629877,"https://cdn.zeptonow.com/production/tr:w-1280,ar-3001-3001,pr-true,f-auto,q-80/cms/product_variant/e8ece52b-046d-444c-8a93-bc6068ecb0bb.jpeg"
"Dairy, Bread & Eggs",Top Picks,"https://cdn.zeptonow.com/production/tr:w-90,ar-120-121,pr-true,f-auto,q-80/cms/sub_category/79.png",Nandini Good Life Toned UHT Milk (Fino Pouch),Nandini,14,14,180 ml,4.7 (9.4k),In Stock,https://www.zeptonow.com/pn/nandini-good-life-toned-uht-milk-fino-pouch/pvid/17ce1910-171f-4aac-8fcb-86d96d679487,"https://cdn.zeptonow.com/production/tr:w-1280,ar-1021-1021,pr-true,f-auto,q-80/cms/product_variant/fb0161e3-4656-477a-bda6-3acc4c4cb849.jpeg"
"Dairy, Bread & Eggs",Top Picks,"https://cdn.zeptonow.com/production/tr:w-90,ar-120-121,pr-true,f-auto,q-80/cms/sub_category/79.png",Milky Mist Cheese- Slices,Milky Mist,145,149,200 g,4.7 (5.7k),In Stock,https://www.zeptonow.com/pn/milky-mist-cheese-slices/pvid/356360f8-cb98-4b7d-9124-2401081a7149,"https://cdn.zeptonow.com/production/tr:w-1280,ar-1600-1600,pr-true,f-auto,q-80/cms/product_variant/d4b7222b-1b8e-43f6-a79d-c4163297812b.jpeg"
"Dairy, Bread & Eggs",Top Picks,"https://cdn.zeptonow.com/production/tr:w-90,ar-120-121,pr-true,f-auto,q-80/cms/sub_category/79.png",Vijay White Eggs,Vijay,50,75,1 pack (6 pcs),4.5 (10.6k),In Stock,https://www.zeptonow.com/pn/vijay-white-eggs/pvid/6a3a08f7-e8a1-41ec-8e3b-c825e2be04e5,"https://cdn.zeptonow.com/production/tr:w-1280,ar-1500-1500,pr-true,f-auto,q-80/cms/product_variant/b3cb1516-8409-4074-b30d-a8162c1d976b.jpeg"
"Dairy, Bread & Eggs",Top Picks,"https://cdn.zeptonow.com/production/tr:w-90,ar-120-121,pr-true,f-auto,q-80/cms/sub_category/79.png",Epigamia No Added Sugar Mixed Berry Yogurt,Epigamia,70,70,85 g,4.3 (469),In Stock,https://www.zeptonow.com/pn/epigamia-no-added-sugar-mixed-berry-yogurt/pvid/c3fbff7b-cbee-4bd5-8568-5907562403e4,"https://cdn.zeptonow.com/production/tr:w-1280,ar-1500-1500,pr-true,f-auto,q-80/cms/product_variant/6aa4f461-1230-4e5b-9638-43b7a949470e.jpg"
"Dairy, Bread & Eggs",Top Picks,"https://cdn.zeptonow.com/production/tr:w-90,ar-120-121,pr-true,f-auto,q-80/cms/sub_category/79.png",Amul Fresh Cream,Amul,230,230,1 L,4.6 (26.6k),In Stock,https://www.zeptonow.com/pn/amul-fresh-cream/pvid/490c9d61-d19e-462d-9022-6e8b5a0a03da,"https://cdn.zeptonow.com/production/tr:w-1280,ar-1200-1200,pr-true,f-auto,q-80/cms/product_variant/741f9717-40d0-4567-9d3a-a9a08fc95abb.jpeg"
"Dairy, Bread & Eggs",Top Picks,"https://cdn.zeptonow.com/production/tr:w-90,ar-120-121,pr-true,f-auto,q-80/cms/sub_category/79.png",Britannia Breakfast Slice White Bread,Britannia,45,45,450 g,4.6 (32.2k),In Stock,https://www.zeptonow.com/pn/britannia-breakfast-slice-white-bread/pvid/ca7ac3ed-9e61-4e49-8880-6a3d033833a0,"https://cdn.zeptonow.com/production/tr:w-1280,ar-1000-1000,pr-true,f-auto,q-80/cms/product_variant/13b69390-fe3b-4835-b5a4-c7887454543c.jpeg"
"Dairy, Bread & Eggs",Top Picks,"https://cdn.zeptonow.com/production/tr:w-90,ar-120-121,pr-true,f-auto,q-80/cms/sub_category/79.png",Amul Frozen Malai Paneer,Amul,115,115,250 g,4.5 (121),In Stock,https://www.zeptonow.com/pn/amul-frozen-malai-paneer/pvid/c1c27dac-4402-44c4-88ee-2c23b17fe76d,"https://cdn.zeptonow.com/production/tr:w-1280,ar-3000-3000,pr-true,f-auto,q-80/cms/product_variant/42d0ca5a-4ebd-47f4-ae88-63291ae3da23.jpg"
"Dairy, Bread & Eggs",Top Picks,"https://cdn.zeptonow.com/production/tr:w-90,ar-120-121,pr-true,f-auto,q-80/cms/sub_category/79.png",Epigamia No Added Sugar Blueberry Yogurt,Epigamia,70,70,85 g,4.8 (266),In Stock,https://www.zeptonow.com/pn/epigamia-no-added-sugar-blueberry-yogurt/pvid/7479dbdd-2709-43e4-a8b3-aeed6fdf1aab,"https://cdn.zeptonow.com/production/tr:w-1280,ar-1500-1500,pr-true,f-auto,q-80/cms/product_variant/d9eeaf36-35e3-4784-86c7-1b8bb5702f72.jpg"
"Dairy, Bread & Eggs",Top Picks,"https://cdn.zeptonow.com/production/tr:w-90,ar-120-121,pr-true,f-auto,q-80/cms/sub_category/79.png",Amul Processed Cheese Cubes,Amul,135,135,200 g,4.7 (52.6k),In Stock,https://www.zeptonow.com/pn/amul-processed-cheese-cubes/pvid/d7e39d38-933d-4f4d-8c7b-985c846803c8,"https://cdn.zeptonow.com/production/tr:w-1280,ar-1200-1200,pr-true,f-auto,q-80/cms/product_variant/e5a4d2d8-29fb-48a3-b922-4a410de75143.jpeg"
"Dairy, Bread & Eggs",Top Picks,"https://cdn.zeptonow.com/production/tr:w-90,ar-120-121,pr-true,f-auto,q-80/cms/sub_category/79.png",Modern- Brown Bread (No trans Fat ),Modern,45,45,400 g,4.6 (20.0k),In Stock,https://www.zeptonow.com/pn/modern-brown-bread-no-trans-fat/pvid/cca20719-c1ea-430f-b930-feb767d3542f,"https://cdn.zeptonow.com/production/tr:w-1280,ar-2000-2000,pr-true,f-auto,q-80/cms/product_variant/70794b77-a6da-46e2-a800-3ce9e37a842e.jpeg"
"Dairy, Bread & Eggs",Top Picks,"https://cdn.zeptonow.com/production/tr:w-90,ar-120-121,pr-true,f-auto,q-80/cms/sub_category/79.png",Milky Mist Cheese- Slices,Milky Mist,74,79,100 g,4.7 (5.5k),In Stock,https://www.zeptonow.com/pn/milky-mist-cheese-slices/pvid/98f7e48a-7a30-44f4-a9d0-f2e390333c9f,"https://cdn.zeptonow.com/production/tr:w-1280,ar-1600-1600,pr-true,f-auto,q-80/cms/product_variant/97cb9c70-79d6-4eec-bc5c-70e6e39706fa.jpeg"
"Dairy, Bread & Eggs",Top Picks,"https://cdn.zeptonow.com/production/tr:w-90,ar-120-121,pr-true,f-auto,q-80/cms/sub_category/79.png",Epigamia No Added Sugar Strawberry Yogurt,Epigamia,70,70,85 g,4.1 (325),In Stock,https://www.zeptonow.com/pn/epigamia-no-added-sugar-strawberry-yogurt/pvid/4e665c72-3eb9-4014-bc56-770ca8aefaf8,"https://cdn.zeptonow.com/production/tr:w-1280,ar-1500-1500,pr-true,f-auto,q-80/cms/product_variant/9c4548d4-06e8-462d-a2cc-ba9b6efd87a8.jpg"
"Dairy, Bread & Eggs",Top Picks,"https://cdn.zeptonow.com/production/tr:w-90,ar-120-121,pr-true,f-auto,q-80/cms/sub_category/79.png",Britannia Pav,Britannia,25,25,200 g,4.3 (22.0k),In Stock,https://www.zeptonow.com/pn/britannia-pav/pvid/a907840c-1e69-4589-956b-69b987601dda,"https://cdn.zeptonow.com/production/tr:w-1280,ar-2400-2400,pr-true,f-auto,q-80/cms/product_variant/799c32c1-be5a-4855-949f-5a9a929c6d6d.jpeg"
"Dairy, Bread & Eggs",Top Picks,"https://cdn.zeptonow.com/production/tr:w-90,ar-120-121,pr-true,f-auto,q-80/cms/sub_category/79.png",Epigamia Mango Crunch Cup - Greek Yogurt With Granola,Epigamia,96,100,115 g,4.4 (95),In Stock,https://www.zeptonow.com/pn/epigamia-mango-crunch-cup-greek-yogurt-with-granola/pvid/4dc27a4d-0b5d-42ad-b505-856994ff6aa5,"https://cdn.zeptonow.com/production/tr:w-1280,ar-1501-1500,pr-true,f-auto,q-80/cms/product_variant/3ce5c1f0-a9a3-44d4-a174-e251796b543c.jpeg"
"Dairy, Bread & Eggs",Top Picks,"https://cdn.zeptonow.com/production/tr:w-90,ar-120-121,pr-true,f-auto,q-80/cms/sub_category/79.png",Epigamia Greek Yogurt Blueberry,Epigamia,60,60,85 g,4.5 (8.0k),In Stock,https://www.zeptonow.com/pn/epigamia-greek-yogurt-blueberry/pvid/8cb40c84-7ae8-4eab-b4dc-920aff7dd9e8,"https://cdn.zeptonow.com/production/tr:w-1280,ar-1500-1500,pr-true,f-auto,q-80/cms/product_variant/6f7c0fc5-4869-4f40-8f1c-8b139c39a888.jpeg"
"Dairy, Bread & Eggs",Top Picks,"https://cdn.zeptonow.com/production/tr:w-90,ar-120-121,pr-true,f-auto,q-80/cms/sub_category/79.png",Epigamia Natural Crunch Cup | Greek Yogurt With Granola,Epigamia,100,100,115 g,4.3 (134),In Stock,https://www.zeptonow.com/pn/epigamia-natural-crunch-cup-greek-yogurt-with-granola/pvid/77399c67-097d-453b-88b2-e9fa708753ed,"https://cdn.zeptonow.com/production/tr:w-1280,ar-1501-1500,pr-true,f-auto,q-80/cms/product_variant/620aa1b7-2de3-45d1-a8bb-0d14bb40a991.jpeg"
"Dairy, Bread & Eggs",Top Picks,"https://cdn.zeptonow.com/production/tr:w-90,ar-120-121,pr-true,f-auto,q-80/cms/sub_category/79.png",Amul Diced Cheese Blend,Amul,125,125,200 g,4.7 (64.3k),In Stock,https://www.zeptonow.com/pn/amul-diced-cheese-blend/pvid/65645f83-456f-4dfe-a0dc-bd33e7a82d68,"https://cdn.zeptonow.com/production/tr:w-1280,ar-2400-2400,pr-true,f-auto,q-80/cms/product_variant/f913a533-609f-4f95-bdd1-eb28f8a6b49c.jpeg"
"Dairy, Bread & Eggs",Top Picks,"https://cdn.zeptonow.com/production/tr:w-90,ar-120-121,pr-true,f-auto,q-80/cms/sub_category/79.png",Modern Supreme Burger Bun,Modern,22,22,140 g,4.6 (1.5k),In Stock,https://www.zeptonow.com/pn/modern-supreme-burger-bun/pvid/16f2b190-ea73-438b-b896-0a5c97904fd7,"https://cdn.zeptonow.com/production/tr:w-0.98,h-0.98,f-auto/cms/product_variant/e7fb9599-349d-420f-9e03-4da4f973536d.jpeg"
"Dairy, Bread & Eggs",Top Picks,"https://cdn.zeptonow.com/production/tr:w-90,ar-120-121,pr-true,f-auto,q-80/cms/sub_category/79.png",Epigamia Greek Yogurt- Alphonso Mango,Epigamia,60,60,85 g,4.6 (3.3k),In Stock,https://www.zeptonow.com/pn/epigamia-greek-yogurt-alphonso-mango/pvid/03ea892c-6de0-423a-a2a2-e531f220fb86,"https://cdn.zeptonow.com/production/tr:w-1280,ar-1500-1500,pr-true,f-auto,q-80/cms/product_variant/cb065ba3-71c9-46a5-82fe-db88fd8ac092.jpeg"
"Dairy, Bread & Eggs",Top Picks,"https://cdn.zeptonow.com/production/tr:w-90,ar-120-121,pr-true,f-auto,q-80/cms/sub_category/79.png",Epigamia Greek Yogurt- Strawberry,Epigamia,60,60,85 g,4.3 (2.2k),In Stock,https://www.zeptonow.com/pn/epigamia-greek-yogurt-strawberry/pvid/2134223d-5881-45f1-886b-34ca9c871289,"https://cdn.zeptonow.com/production/tr:w-1280,ar-1500-1500,pr-true,f-auto,q-80/cms/product_variant/24edddf4-e671-477f-91ec-3564a5cbb367.jpeg"
"Dairy, Bread & Eggs",Top Picks,"https://cdn.zeptonow.com/production/tr:w-90,ar-120-121,pr-true,f-auto,q-80/cms/sub_category/79.png",Milky Mist Shredded Mozzarella Pizza Cheese,Milky Mist,129,140,200 g,4.6 (2.0k),In Stock,https://www.zeptonow.com/pn/milky-mist-shredded-mozzarella-pizza-cheese/pvid/e41d42c5-0b34-484a-8541-393b5e05e320,"https://cdn.zeptonow.com/production/tr:w-1280,ar-1600-1600,pr-true,f-auto,q-80/cms/product_variant/feb4845f-73ce-4cca-88f9-1afe80cc3aec.jpeg"
"Dairy, Bread & Eggs",Top Picks,"https://cdn.zeptonow.com/production/tr:w-90,ar-120-121,pr-true,f-auto,q-80/cms/sub_category/79.png",Epigamia Greek Yogurt- Vanilla Bean,Epigamia,60,60,85 g,4.4 (818),In Stock,https://www.zeptonow.com/pn/epigamia-greek-yogurt-vanilla-bean/pvid/d1cde821-3a20-4041-a5aa-e5ef041c3473,"https://cdn.zeptonow.com/production/tr:w-1280,ar-2400-2400,pr-true,f-auto,q-80/cms/product_variant/072e28c4-1881-4d36-af7f-75ddafccb4ec.jpeg"
"Dairy, Bread & Eggs",Top Picks,"https://cdn.zeptonow.com/production/tr:w-90,ar-120-121,pr-true,f-auto,q-80/cms/sub_category/79.png",Epigamia Greek Yogurt- Raspberry,Epigamia,60,60,90 g,4.7 (2.5k),In Stock,https://www.zeptonow.com/pn/epigamia-greek-yogurt-raspberry/pvid/0dc04b66-61e5-465a-954c-174270062b30,"https://cdn.zeptonow.com/production/tr:w-1280,ar-1500-1500,pr-true,f-auto,q-80/cms/product_variant/a5862cb6-295c-41cc-8a1f-1f9d91d6e5e6.jpeg"
"Dairy, Bread & Eggs",Top Picks,"https://cdn.zeptonow.com/production/tr:w-90,ar-120-121,pr-true,f-auto,q-80/cms/sub_category/79.png",Amul Cheese Spread Yummy Plain,Amul,110,110,200 g,4.6 (9.8k),In Stock,https://www.zeptonow.com/pn/amul-cheese-spread-yummy-plain/pvid/38992f7a-d9fb-47cc-9ab0-45d8f1295941,"https://cdn.zeptonow.com/production/tr:w-1280,ar-1200-1200,pr-true,f-auto,q-80/cms/product_variant/93b5df20-2fb1-4181-a1be-62ca07465fce.jpeg"
"Dairy, Bread & Eggs",Top Picks,"https://cdn.zeptonow.com/production/tr:w-90,ar-120-121,pr-true,f-auto,q-80/cms/sub_category/79.png",The Health Factory Zero Maida Pizza Base | Clean Label - Not Brown,The Health Factory,39,39,140 g,4.4 (8.7k),In Stock,https://www.zeptonow.com/pn/the-health-factory-zero-maida-pizza-base-clean-label-not-brown/pvid/ccf51e5b-5ca8-4675-9539-cdb47e3958c4,"https://cdn.zeptonow.com/production/tr:w-1280,ar-1200-1200,pr-true,f-auto,q-80/cms/product_variant/f0c29678-a065-49c9-9f3f-3a9642927134.jpeg"
"Dairy, Bread & Eggs",Top Picks,"https://cdn.zeptonow.com/production/tr:w-90,ar-120-121,pr-true,f-auto,q-80/cms/sub_category/79.png",Britannia Fruit Bread,Britannia,25,25,200 g,4.3 (25.1k),In Stock,https://www.zeptonow.com/pn/britannia-fruit-bread/pvid/12486ac4-df45-4cc4-b9c0-470942e273d1,"https://cdn.zeptonow.com/production/tr:w-1280,ar-2400-2400,pr-true,f-auto,q-80/cms/product_variant/95997c0c-da20-42c7-9178-9543a5a56e35.jpeg"
"Dairy, Bread & Eggs",Top Picks,"https://cdn.zeptonow.com/production/tr:w-90,ar-120-121,pr-true,f-auto,q-80/cms/sub_category/79.png",Epigamia Lychee Flavoured Yogurt,Epigamia,25,25,75 g,4.4 (4.8k),In Stock,https://www.zeptonow.com/pn/epigamia-lychee-flavoured-yogurt/pvid/5de3b2d0-82a6-4d7d-b42a-ec241b6903ce,"https://cdn.zeptonow.com/production/tr:w-1280,ar-1029-859,pr-true,f-auto,q-80/cms/product_variant/06fc7d81-6e5c-475b-92b1-35899d96d879.jpg"
"Dairy, Bread & Eggs",Top Picks,"https://cdn.zeptonow.com/production/tr:w-90,ar-120-121,pr-true,f-auto,q-80/cms/sub_category/79.png",Ovenfresh Pav Bun,Ovenfresh,51,54,160 g,4.6 (156),In Stock,https://www.zeptonow.com/pn/ovenfresh-pav-bun/pvid/70dcadbc-571a-4d82-9792-6d4e091467d3,"https://cdn.zeptonow.com/production/tr:w-1280,ar-2400-2400,pr-true,f-auto,q-80/cms/product_variant/87dd164d-4ccb-4d21-831e-e3553d983ac2.jpeg"
"Dairy, Bread & Eggs",Top Picks,"https://cdn.zeptonow.com/production/tr:w-90,ar-120-121,pr-true,f-auto,q-80/cms/sub_category/79.png",The Health Factory Zero Maida Bombay Pav | Clean Label - Not Brown,The Health Factory,40,40,1 pack (4 pcs),4.5 (15.6k),In Stock,https://www.zeptonow.com/pn/the-health-factory-zero-maida-bombay-pav-clean-label-not-brown/pvid/680aaba2-ccb5-4679-8d94-789b6a6ed3fe,"https://cdn.zeptonow.com/production/tr:w-1280,ar-1200-1200,pr-true,f-auto,q-80/cms/product_variant/4bccd95e-7ef7-488a-abca-943824a01516.jpg"
"Dairy, Bread & Eggs",Top Picks,"https://cdn.zeptonow.com/production/tr:w-90,ar-120-121,pr-true,f-auto,q-80/cms/sub_category/79.png",Epigamia Fruit Yogurt- Strawberry,Epigamia,35,35,75 g,4.1 (3.4k),In Stock,https://www.zeptonow.com/pn/epigamia-fruit-yogurt-strawberry/pvid/6c57ecc4-b982-4a90-9674-c4691aeb2c08,"https://cdn.zeptonow.com/production/tr:w-1280,ar-1501-1500,pr-true,f-auto,q-80/cms/product_variant/53d6d370-635d-40eb-8893-0a146f1c73a7.jpeg"
"Dairy, Bread & Eggs",Top Picks,"https://cdn.zeptonow.com/production/tr:w-90,ar-120-121,pr-true,f-auto,q-80/cms/sub_category/79.png",Britannia Atta Kulcha Bread (5 pcs),Britannia,45,45,250 g,4.7 (5.8k),In Stock,https://www.zeptonow.com/pn/britannia-atta-kulcha-bread-5-pcs/pvid/435f1a0f-d0bd-4fd5-ae0e-8a0b4a6fb77c,"https://cdn.zeptonow.com/production/tr:w-1280,ar-1000-1000,pr-true,f-auto,q-80/cms/product_variant/b6140884-3b0a-457b-85c7-229816e5bfa9.jpeg"
"Dairy, Bread & Eggs",Top Picks,"https://cdn.zeptonow.com/production/tr:w-90,ar-120-121,pr-true,f-auto,q-80/cms/sub_category/79.png",Britannia Atta Bread,Britannia,45,45,400 g,4.4 (1.3k),In Stock,https://www.zeptonow.com/pn/britannia-atta-bread/pvid/1a1e4623-d784-46a4-9edd-7ffbda15c14a,"https://cdn.zeptonow.com/production/tr:w-1280,ar-1000-1000,pr-true,f-auto,q-80/cms/product_variant/2a1caf99-ab9c-4c34-9bf0-ef5dc923ace7.jpeg"
"Dairy, Bread & Eggs",Top Picks,"https://cdn.zeptonow.com/production/tr:w-90,ar-120-121,pr-true,f-auto,q-80/cms/sub_category/79.png",Milky Mist Mozzarella Pizza Cheese,Milky Mist,156,170,200 g,5 (623),In Stock,https://www.zeptonow.com/pn/milky-mist-mozzarella-pizza-cheese/pvid/a263ad7b-08e2-4010-87a2-d4769386c820,"https://cdn.zeptonow.com/production/tr:w-1280,ar-1600-1600,pr-true,f-auto,q-80/cms/product_variant/bde06fdd-67bb-413b-ac53-33793edbaaaf.jpeg"
"Dairy, Bread & Eggs",Top Picks,"https://cdn.zeptonow.com/production/tr:w-90,ar-120-121,pr-true,f-auto,q-80/cms/sub_category/79.png",Modern Cremtreat Vanilla Cream Bun,MTR,7,10,50 g,4.5 (53.0k),In Stock,https://www.zeptonow.com/pn/modern-cremtreat-vanilla-cream-bun/pvid/f097b488-daf1-4ac5-9dbe-b117442a9353,"https://cdn.zeptonow.com/production/tr:w-1280,ar-909-949,pr-true,f-auto,q-80/cms/product_variant/6b942814-1c6d-4464-8d47-e4752bd8c594.jpg"
"Dairy, Bread & Eggs",Top Picks,"https://cdn.zeptonow.com/production/tr:w-90,ar-120-121,pr-true,f-auto,q-80/cms/sub_category/79.png",Amul Cheese Spread - Pepper,Amul,110,110,200 g,4.5 (1.9k),In Stock,https://www.zeptonow.com/pn/amul-cheese-spread-pepper/pvid/52f98ff6-dda7-4cda-9677-e2b5b270d966,"https://cdn.zeptonow.com/production/tr:w-1280,ar-2400-2400,pr-true,f-auto,q-80/cms/product_variant/67c81d0b-a3e8-4726-b30c-47141e213265.jpeg"
"Dairy, Bread & Eggs",Top Picks,"https://cdn.zeptonow.com/production/tr:w-90,ar-120-121,pr-true,f-auto,q-80/cms/sub_category/79.png",Modern Cremtreat Chocolate Cream Bun,MTR,10,10,50 g,4.5 (31.4k),In Stock,https://www.zeptonow.com/pn/modern-cremtreat-chocolate-cream-bun/pvid/524bc3f4-92e1-42e2-b96e-7a52bde947a2,"https://cdn.zeptonow.com/production/tr:w-1280,ar-2408-2408,pr-true,f-auto,q-80/cms/product_variant/827fba65-5949-481c-9d36-0430c328c79a.jpeg"
"Dairy, Bread & Eggs",Top Picks,"https://cdn.zeptonow.com/production/tr:w-90,ar-120-121,pr-true,f-auto,q-80/cms/sub_category/79.png",The Health Factory Zero Maida Kulcha Bread | Clean Label - Not Brown,The Health Factory,45,45,210 g,4.4 (1.6k),In Stock,https://www.zeptonow.com/pn/the-health-factory-zero-maida-kulcha-bread-clean-label-not-brown/pvid/552833c9-3f49-4d1e-89cb-36babff88177,"https://cdn.zeptonow.com/production/tr:w-1280,ar-1200-1200,pr-true,f-auto,q-80/cms/product_variant/e5facfee-812d-4f77-8acb-9eb03a1d6d73.jpeg"
"Dairy, Bread & Eggs",Top Picks,"https://cdn.zeptonow.com/production/tr:w-90,ar-120-121,pr-true,f-auto,q-80/cms/sub_category/79.png",Go Pizza Cheese,Go,107,185,200 g,4.5 (4.3k),In Stock,https://www.zeptonow.com/pn/go-pizza-cheese/pvid/a65ee16a-6503-441d-a11b-149b86fd0491,"https://cdn.zeptonow.com/production/tr:w-1280,ar-3001-3001,pr-true,f-auto,q-80/cms/product_variant/c83774fa-0dba-4000-9da6-63ca4eaf16ed.jpeg"
"Dairy, Bread & Eggs",Top Picks,"https://cdn.zeptonow.com/production/tr:w-90,ar-120-121,pr-true,f-auto,q-80/cms/sub_category/79.png",Modern Wow Pav,Modern,22,22,140 g,4.4 (8.7k),In Stock,https://www.zeptonow.com/pn/modern-wow-pav/pvid/d217b94b-186c-4644-b29e-4e07cadd3bcd,"https://cdn.zeptonow.com/production/tr:w-1280,ar-500-523,pr-true,f-auto,q-80/inventory/product/b2fd2c73-2f72-455e-a7d7-33d74294ad5b-tmp/9562a01b-103f-41f2-8a3c-e7c231554050.jpeg"
"Dairy, Bread & Eggs",Top Picks,"https://cdn.zeptonow.com/production/tr:w-90,ar-120-121,pr-true,f-auto,q-80/cms/sub_category/79.png",Milky Mist Processed Cheese- Block,Milky Mist,138,140,200 g,4.7 (1.1k),In Stock,https://www.zeptonow.com/pn/milky-mist-processed-cheese-block/pvid/cfdb7efa-6b68-4f6b-895d-7a279b415781,"https://cdn.zeptonow.com/production/tr:w-1280,ar-2400-2400,pr-true,f-auto,q-80/cms/product_variant/df988946-0a5b-40c1-a6c0-e0e42fb03c94.jpeg"
"Dairy, Bread & Eggs",Top Picks,"https://cdn.zeptonow.com/production/tr:w-90,ar-120-121,pr-true,f-auto,q-80/cms/sub_category/79.png",Milky Mist Shredded Mozzarella Pizza Cheese,Milky Mist,336,360,500 g,4.6 (1.4k),In Stock,https://www.zeptonow.com/pn/milky-mist-shredded-mozzarella-pizza-cheese/pvid/5d812f82-fb16-4a96-9452-5a4de14957a7,"https://cdn.zeptonow.com/production/tr:w-1280,ar-1600-1600,pr-true,f-auto,q-80/cms/product_variant/c4ae762f-bd25-435a-851c-e13076144c99.jpeg"
"Dairy, Bread & Eggs",Top Picks,"https://cdn.zeptonow.com/production/tr:w-90,ar-120-121,pr-true,f-auto,q-80/cms/sub_category/79.png",Amul Processed Cheese Block,Amul,130,130,200 g,4.8 (38.1k),In Stock,https://www.zeptonow.com/pn/amul-processed-cheese-block/pvid/0b30de60-36d7-4789-a325-66c44d8ba9d2,"https://cdn.zeptonow.com/production/tr:w-1280,ar-1200-1200,pr-true,f-auto,q-80/cms/product_variant/458eaddf-af1d-4255-aa6f-10ca177f2331.jpeg"
"Dairy, Bread & Eggs",Top Picks,"https://cdn.zeptonow.com/production/tr:w-90,ar-120-121,pr-true,f-auto,q-80/cms/sub_category/79.png",Go Cheese Spread Plain,Go Cheese,96,115,200 g,4.2 (2.4k),In Stock,https://www.zeptonow.com/pn/go-cheese-spread-plain/pvid/61f4c927-4d99-4a15-b92d-519b24b5566f,"https://cdn.zeptonow.com/production/tr:w-1280,ar-2400-2400,pr-true,f-auto,q-80/cms/product_variant/5ddfccf7-245e-4fe4-99bb-a9399cf64e9e.jpeg"
"Dairy, Bread & Eggs",Top Picks,"https://cdn.zeptonow.com/production/tr:w-90,ar-120-121,pr-true,f-auto,q-80/cms/sub_category/79.png",Go Cheese Slices,Go Cheese,322,485,476 g,4.7 (10.7k),In Stock,https://www.zeptonow.com/pn/go-cheese-slices/pvid/c48faab7-4f9f-48c2-95f7-713e9c5b2195,"https://cdn.zeptonow.com/production/tr:w-1280,ar-2278-2292,pr-true,f-auto,q-80/cms/product_variant/41b961af-bc12-4bb5-a78c-4f40968148e9.jpg"
"Dairy, Bread & Eggs",Top Picks,"https://cdn.zeptonow.com/production/tr:w-90,ar-120-121,pr-true,f-auto,q-80/cms/sub_category/79.png",Milky Mist Processed Cheese- Block,Milky Mist,310,330,500 g,4.7 (567),In Stock,https://www.zeptonow.com/pn/milky-mist-processed-cheese-block/pvid/05903a61-3f12-4f75-90ac-0357c17efb70,"https://cdn.zeptonow.com/production/tr:w-1280,ar-2400-2400,pr-true,f-auto,q-80/cms/product_variant/d824029e-5a53-4f16-bbcb-7d6e76653209.jpeg"
"Dairy, Bread & Eggs",Top Picks,"https://cdn.zeptonow.com/production/tr:w-90,ar-120-121,pr-true,f-auto,q-80/cms/sub_category/79.png",Heritage Cheese Slices,Heritage,132,145,200 g,4.7 (3.5k),In Stock,https://www.zeptonow.com/pn/heritage-cheese-slices/pvid/45a8ffbe-6c36-4d03-a77e-2d2bbd4fa732,"https://cdn.zeptonow.com/production/tr:w-1280,ar-1500-1500,pr-true,f-auto,q-80/cms/product_variant/26646600-7928-49b9-8907-159f52bc96fe.jpg"
"Dairy, Bread & Eggs",Top Picks,"https://cdn.zeptonow.com/production/tr:w-90,ar-120-121,pr-true,f-auto,q-80/cms/sub_category/79.png",Puramate Bread Crumbs,Puramate,57,60,75 g,4.6 (1.0k),In Stock,https://www.zeptonow.com/pn/puramate-bread-crumbs/pvid/6ab53a26-253a-4ec4-8300-e3349a43beb2,"https://cdn.zeptonow.com/production/tr:w-1280,ar-1500-1500,pr-true,f-auto,q-80/cms/product_variant/4c837054-7060-4c10-be22-ce31cd5aec3f.jpeg"
"Dairy, Bread & Eggs",Top Picks,"https://cdn.zeptonow.com/production/tr:w-90,ar-120-121,pr-true,f-auto,q-80/cms/sub_category/79.png",Nandini Good Life Toned UHT Milk (Fino Pouch) 180 ml Combo,Nandini,42,42,180 ml X 3,4.3 (376),In Stock,https://www.zeptonow.com/pn/nandini-good-life-toned-uht-milk-fino-pouch-180-ml-combo/pvid/ff03aa6b-20f4-4dc5-b3a6-ada5039a543c,"https://cdn.zeptonow.com/production/tr:w-1280,ar-1500-1500,pr-true,f-auto,q-80/cms/product_variant/ba1a4bd4-82ea-4f3c-82a6-e6c70702e157.jpg"
"Dairy, Bread & Eggs",Top Picks,"https://cdn.zeptonow.com/production/tr:w-90,ar-120-121,pr-true,f-auto,q-80/cms/sub_category/79.png",Amul Taaza Toned Homogenised Milk (Tetra Pack),Amul,51,51,200 ml X 3,4.2 (504),In Stock,https://www.zeptonow.com/pn/amul-taaza-toned-homogenised-milk-tetra-pack/pvid/4f247026-a098-4a2a-84ad-eba8eb0b81d8,"https://cdn.zeptonow.com/production/tr:w-1280,ar-1500-1500,pr-true,f-auto,q-80/inventory/product/f79da399-5599-4cca-aae3-6ad6769bec86-Amul_Taaza_Homogenised_Toned_Milk_(Pack_of_3).jpg"
"Dairy, Bread & Eggs",Top Picks,"https://cdn.zeptonow.com/production/tr:w-90,ar-120-121,pr-true,f-auto,q-80/cms/sub_category/79.png",Amul Taaza Homogenised Toned Milk (Tetra Pack) 200 ml Combo,Amul,34,34,200 ml X 2,4.7 (215),In Stock,https://www.zeptonow.com/pn/amul-taaza-homogenised-toned-milk-tetra-pack-200-ml-combo/pvid/33b6f312-be17-4248-8643-147cfdb0ea60,"https://cdn.zeptonow.com/production/tr:w-1280,ar-1500-1500,pr-true,f-auto,q-80/inventory/product/a0d039a4-72f2-44e8-a67d-6a8631241c3a-Amul_Taaza_Homogenised_Toned_Milk_(Pack_of_2).jpg"
"Dairy, Bread & Eggs",Top Picks,"https://cdn.zeptonow.com/production/tr:w-90,ar-120-121,pr-true,f-auto,q-80/cms/sub_category/79.png","Hatsun Toned Fresh Cow Milk (Pouch)(1pc) & Curry Leaves (Karuveppilai) - Cleaned, Without Roots(1pc) Combo",Hatsun,40,44,2 combo,4.2 (513),In Stock,https://www.zeptonow.com/pn/hatsun-toned-fresh-cow-milk-pouch1pc-curry-leaves-karuveppilai-cleaned-without-roots1pc-combo/pvid/8f904c20-83b6-47f1-aacf-8c620c1edd6e,"https://cdn.zeptonow.com/production/tr:w-1280,ar-1494-1494,pr-true,f-auto,q-80/cms/product_variant/10c8c68c-2046-4680-857b-8803689df4ce.jpg"
"Dairy, Bread & Eggs",Top Picks,"https://cdn.zeptonow.com/production/tr:w-90,ar-120-121,pr-true,f-auto,q-80/cms/sub_category/79.png",Modern Cremtreat Vanilla Cream Bun 50 g Combo,MTR,14,20,50 g X 2,4.7 (155),In Stock,https://www.zeptonow.com/pn/modern-cremtreat-vanilla-cream-bun-50-g-combo/pvid/17e315d4-0e62-42bc-bb4d-c49b14c03492,"https://cdn.zeptonow.com/production/tr:w-1280,ar-1494-1494,pr-true,f-auto,q-80/cms/product_variant/ca565680-1c92-42bd-853c-a6cb5d04125c.jpg"
"Dairy, Bread & Eggs",Top Picks,"https://cdn.zeptonow.com/production/tr:w-90,ar-120-121,pr-true,f-auto,q-80/cms/sub_category/79.png",Aavin Nice Toned Fresh Milk (Pouch)(1pc) & Tomato Country / Naattu Thakkali(1pc) Combo,Aavin,47,54,2 combo,4.5 (483),In Stock,https://www.zeptonow.com/pn/aavin-nice-toned-fresh-milk-pouch1pc-tomato-country-naattu-thakkali1pc-combo/pvid/8d47edfa-291d-4d82-ae76-445d49417aaa,"https://cdn.zeptonow.com/production/tr:w-1280,ar-1494-1494,pr-true,f-auto,q-80/cms/product_variant/c632e355-9559-4799-908a-dd70b686a6fe.jpg"
"Dairy, Bread & Eggs",Top Picks,"https://cdn.zeptonow.com/production/tr:w-90,ar-120-121,pr-true,f-auto,q-80/cms/sub_category/79.png",Modern Cremtreat Chocolate Cream Bun 50 g Combo,MTR,20,20,50 g X 2,4.3 (537),In Stock,https://www.zeptonow.com/pn/modern-cremtreat-chocolate-cream-bun-50-g-combo/pvid/9261b1c8-fe23-4890-a12d-77f9377c2bbf,"https://cdn.zeptonow.com/production/tr:w-1280,ar-1494-1494,pr-true,f-auto,q-80/cms/product_variant/377bba66-43bc-4dca-9546-9420475cbbef.jpg"
"Dairy, Bread & Eggs",Top Picks,"https://cdn.zeptonow.com/production/tr:w-90,ar-120-121,pr-true,f-auto,q-80/cms/sub_category/79.png",Arokya Full Cream Milk Combo,Arokya,76,76,500 ml X 2,4.2 (638),In Stock,https://www.zeptonow.com/pn/arokya-full-cream-milk-combo/pvid/bd97629a-2ffe-4dae-ab84-1760679e24ce,"https://cdn.zeptonow.com/production/tr:w-1280,ar-1500-1500,pr-true,f-auto,q-80/inventory/product/fce94ecf-bd97-4890-9874-27f8d8185a4f-Arokya_Full_Cream_Milk_(Pack_of_2).jpg"
"Dairy, Bread & Eggs",Top Picks,"https://cdn.zeptonow.com/production/tr:w-90,ar-120-121,pr-true,f-auto,q-80/cms/sub_category/79.png",Aavin Nice Toned Fresh Milk (Pouch) 500 ml X 3 Combo,Aavin,51,60,500 ml X 3,4.6 (244),In Stock,https://www.zeptonow.com/pn/aavin-nice-toned-fresh-milk-pouch-500-ml-x-3-combo/pvid/9bb47439-f102-422a-95dd-a516714bc1c4,"https://cdn.zeptonow.com/production/tr:w-1280,ar-1200-1200,pr-true,f-auto,q-80/cms/product_variant/ad2ab781-29ce-4d16-a930-8a96460ddeab.jpg"
"Dairy, Bread & Eggs",Top Picks,"https://cdn.zeptonow.com/production/tr:w-90,ar-120-121,pr-true,f-auto,q-80/cms/sub_category/79.png",Aavin Nice Toned Fresh Milk (Pouch) 500 ml Combo,Aavin,34,40,500 ml X 2,4.4 (158),In Stock,https://www.zeptonow.com/pn/aavin-nice-toned-fresh-milk-pouch-500-ml-combo/pvid/b1ec8a22-53da-4142-8cb4-0ea287afeb85,"https://cdn.zeptonow.com/production/tr:w-1280,ar-1200-1200,pr-true,f-auto,q-80/cms/product_variant/9dc5b4db-b1a4-4fb3-b457-6e03d4c435a2.jpg"
"Dairy, Bread & Eggs",Top Picks,"https://cdn.zeptonow.com/production/tr:w-90,ar-120-121,pr-true,f-auto,q-80/cms/sub_category/79.png",Aavin Delite Premium Fresh Cow Milk (Pouch)(1pc) & Coconut Small(1pc) Combo,Aavin,65,77,2 combo,4.2 (803),In Stock,https://www.zeptonow.com/pn/aavin-delite-premium-fresh-cow-milk-pouch1pc-coconut-small1pc-combo/pvid/34d3f68f-76af-45c0-a762-dc74c352ef65,"https://cdn.zeptonow.com/production/tr:w-1280,ar-1494-1494,pr-true,f-auto,q-80/cms/product_variant/0a1258e1-276a-4e62-805b-28f251380850.jpg"
"Dairy, Bread & Eggs",Top Picks,"https://cdn.zeptonow.com/production/tr:w-90,ar-120-121,pr-true,f-auto,q-80/cms/sub_category/79.png",Arokya Full Cream Fresh Milk (Pouch) 500 ml Combo,Arokya,114,114,500 ml X 3,4.5 (843),In Stock,https://www.zeptonow.com/pn/arokya-full-cream-fresh-milk-pouch-500-ml-combo/pvid/65e68d1d-da45-4138-823f-fae7fbdc9558,"https://cdn.zeptonow.com/production/tr:w-1280,ar-1500-1500,pr-true,f-auto,q-80/inventory/product/8815e6a2-6b07-4e82-b65e-7ed7ac3568eb-3976.jpg"
"Dairy, Bread & Eggs",Top Picks,"https://cdn.zeptonow.com/production/tr:w-90,ar-120-121,pr-true,f-auto,q-80/cms/sub_category/79.png",Aavin Nice Toned Fresh Milk (Pouch) 500 ml Combo,Aavin,44,44,500 ml X 2,4.3 (884),In Stock,https://www.zeptonow.com/pn/aavin-nice-toned-fresh-milk-pouch-500-ml-combo/pvid/69422ba6-0b83-4958-a463-e55770373dcd,"https://cdn.zeptonow.com/production/tr:w-1280,ar-1200-1200,pr-true,f-auto,q-80/cms/product_variant/b25ec75c-47d4-4b12-ab20-2cda2b5025ff.jpg"
"Dairy, Bread & Eggs",Top Picks,"https://cdn.zeptonow.com/production/tr:w-90,ar-120-121,pr-true,f-auto,q-80/cms/sub_category/79.png",Udhaiyam Idli Dosa Batter(1pc) & Tomato Country / Naattu Thakkali(1pc) Combo,Udhaiyam,91,96,2 combo,4.5 (200),In Stock,https://www.zeptonow.com/pn/udhaiyam-idli-dosa-batter1pc-tomato-country-naattu-thakkali1pc-combo/pvid/7e61d185-6bc7-4431-9447-e1115e979d4f,"https://cdn.zeptonow.com/production/tr:w-1280,ar-1500-1500,pr-true,f-auto,q-80/cms/product_variant/f5ebd516-4db4-46ee-8e66-634d3e062223.jpg"
"Dairy, Bread & Eggs",Top Picks,"https://cdn.zeptonow.com/production/tr:w-90,ar-120-121,pr-true,f-auto,q-80/cms/sub_category/79.png",Modern Cremtreat Vanilla Cream Bun 50 g Combo,MTR,27,30,50 g X 3,4.7 (318),In Stock,https://www.zeptonow.com/pn/modern-cremtreat-vanilla-cream-bun-50-g-combo/pvid/2e013144-591f-4556-b060-078242911aee,"https://cdn.zeptonow.com/production/tr:w-1280,ar-1500-1500,pr-true,f-auto,q-80/cms/product_variant/bee0c01f-9fff-42b1-a703-bb34cfcb6f1f.jpg"
"Dairy, Bread & Eggs",Top Picks,"https://cdn.zeptonow.com/production/tr:w-90,ar-120-121,pr-true,f-auto,q-80/cms/sub_category/79.png",Hatsun Greek Yoghurt Red Cherry 100 g X 2 Combo,Hatsun,40,80,100 g X 2,4.2 (231),In Stock,https://www.zeptonow.com/pn/hatsun-greek-yoghurt-red-cherry-100-g-x-2-combo/pvid/642994a4-3fa3-4c07-8b22-43f59c3dfb23,"https://cdn.zeptonow.com/production/tr:w-1280,ar-1200-1200,pr-true,f-auto,q-80/cms/product_variant/05db3899-e48f-4e07-b940-a7730bed8fa2.jpg"
"Dairy, Bread & Eggs",Top Picks,"https://cdn.zeptonow.com/production/tr:w-90,ar-120-121,pr-true,f-auto,q-80/cms/sub_category/79.png",Britannia Milk Slice White Bread 400 g X 2 Combo,Britannia,84,90,400 g X 2,4.2 (831),In Stock,https://www.zeptonow.com/pn/britannia-milk-slice-white-bread-400-g-x-2-combo/pvid/7cb7c503-4e1d-4de5-915c-8354b3e6494e,"https://cdn.zeptonow.com/production/tr:w-1280,ar-1500-1500,pr-true,f-auto,q-80/cms/product_variant/98a836c8-57ec-4df4-a824-5e0fc93b7dea.jpg"
"Dairy, Bread & Eggs",Top Picks,"https://cdn.zeptonow.com/production/tr:w-90,ar-120-121,pr-true,f-auto,q-80/cms/sub_category/79.png",Hatsun Fruit Yoghurt Rose And Lychee 100 g X 2 Combo,Hatsun,30,60,100 g X 2,4.2 (132),In Stock,https://www.zeptonow.com/pn/hatsun-fruit-yoghurt-rose-and-lychee-100-g-x-2-combo/pvid/433abbc2-e76b-48a6-b83d-06546b9d47ed,"https://cdn.zeptonow.com/production/tr:w-1280,ar-1200-1200,pr-true,f-auto,q-80/cms/product_variant/b710994c-fc5a-4db1-8f9f-493df14879fd.jpg"
"Dairy, Bread & Eggs",Top Picks,"https://cdn.zeptonow.com/production/tr:w-90,ar-120-121,pr-true,f-auto,q-80/cms/sub_category/79.png",Aavin Delite Premium Fresh Cow Milk (Pouch) 500 ml X 3 Combo,Aavin,66,66,500 ml X 3,4.7 (727),In Stock,https://www.zeptonow.com/pn/aavin-delite-premium-fresh-cow-milk-pouch-500-ml-x-3-combo/pvid/96b176e8-9820-46b6-b3f8-00b0930b5454,"https://cdn.zeptonow.com/production/tr:w-1280,ar-1200-1200,pr-true,f-auto,q-80/cms/product_variant/894c347c-a32e-49ca-aa7b-20a4e3c74e11.jpg"
"Dairy, Bread & Eggs",Top Picks,"https://cdn.zeptonow.com/production/tr:w-90,ar-120-121,pr-true,f-auto,q-80/cms/sub_category/79.png",Aavin Premium Full Cream Fresh Milk (Pouch)(1pc) & Coconut Small(1pc) Combo,Aavin,73,85,2 combo,4.6 (237),In Stock,https://www.zeptonow.com/pn/aavin-premium-full-cream-fresh-milk-pouch1pc-coconut-small1pc-combo/pvid/25f46d38-4784-4698-9818-36edb143fa13,"https://cdn.zeptonow.com/production/tr:w-1280,ar-1494-1494,pr-true,f-auto,q-80/cms/product_variant/e5e0c48e-ad0f-4b90-ad24-b44e7ed5ad31.jpg"
"Dairy, Bread & Eggs",Top Picks,"https://cdn.zeptonow.com/production/tr:w-90,ar-120-121,pr-true,f-auto,q-80/cms/sub_category/79.png",Britannia Fruit Bread 200 g Combo,Britannia,46,50,200 g X 2,4.6 (461),In Stock,https://www.zeptonow.com/pn/britannia-fruit-bread-200-g-combo/pvid/e1596adc-8779-4aff-8b7b-552868a36fb8,"https://cdn.zeptonow.com/production/tr:w-1280,ar-1500-1500,pr-true,f-auto,q-80/inventory/product/a1a6e1be-2668-4969-9182-6c7f24fc976a-Britannia_Fruit_Bread_(Pack_of_2).jpg"
"Dairy, Bread & Eggs",Top Picks,"https://cdn.zeptonow.com/production/tr:w-90,ar-120-121,pr-true,f-auto,q-80/cms/sub_category/79.png",Britannia Fruit Bread 200 g Combo,Britannia,66,75,200 g X 3,4.4 (733),In Stock,https://www.zeptonow.com/pn/britannia-fruit-bread-200-g-combo/pvid/7118255a-761f-426a-b098-68c6acf41041,"https://cdn.zeptonow.com/production/tr:w-1280,ar-1500-1500,pr-true,f-auto,q-80/inventory/product/0de2c625-0011-46f9-be3d-9b41e5b56046-4075.jpg"
"Dairy, Bread & Eggs",Top Picks,"https://cdn.zeptonow.com/production/tr:w-90,ar-120-121,pr-true,f-auto,q-80/cms/sub_category/79.png",Modern Cremtreat Vanilla Cream Bun 50 g Combo,MTR,48,60,50 g X 6,4.5 (320),In Stock,https://www.zeptonow.com/pn/modern-cremtreat-vanilla-cream-bun-50-g-combo/pvid/1fc28497-057d-4db8-a717-f4e3b1d9b3e3,"https://cdn.zeptonow.com/production/tr:w-1280,ar-1500-1500,pr-true,f-auto,q-80/cms/product_variant/0b617a3a-b14f-404d-876b-209cbc30e695.jpg"
"Dairy, Bread & Eggs",Top Picks,"https://cdn.zeptonow.com/production/tr:w-90,ar-120-121,pr-true,f-auto,q-80/cms/sub_category/79.png",Aavin Nice Toned Fresh Milk (Pouch) 500 ml Combo,Aavin,68,80,500 ml X 4,4.2 (614),In Stock,https://www.zeptonow.com/pn/aavin-nice-toned-fresh-milk-pouch-500-ml-combo/pvid/95115c6e-a997-42b2-a375-420c6a194eb7,"https://cdn.zeptonow.com/production/tr:w-1280,ar-1500-1500,pr-true,f-auto,q-80/cms/product_variant/f98d3bb4-87a5-432c-805a-61d3918042a7.jpg"
"Dairy, Bread & Eggs",Top Picks,"https://cdn.zeptonow.com/production/tr:w-90,ar-120-121,pr-true,f-auto,q-80/cms/sub_category/79.png",Hatsun Fruit Yoghurt Mixed Berry 100 g X 2 Combo,Hatsun,30,60,100 g X 2,4.5 (871),In Stock,https://www.zeptonow.com/pn/hatsun-fruit-yoghurt-mixed-berry-100-g-x-2-combo/pvid/2d350643-4ca7-4dde-9f76-d97c77966753,"https://cdn.zeptonow.com/production/tr:w-1280,ar-1200-1200,pr-true,f-auto,q-80/cms/product_variant/9e5f1f16-841d-4bf6-a861-29f96c486139.jpg"
"Dairy, Bread & Eggs",Top Picks,"https://cdn.zeptonow.com/production/tr:w-90,ar-120-121,pr-true,f-auto,q-80/cms/sub_category/79.png",Aavin Nice Toned Fresh Milk (Pouch) 500 ml Combo,Aavin,88,88,500 ml X 4,4.6 (554),In Stock,https://www.zeptonow.com/pn/aavin-nice-toned-fresh-milk-pouch-500-ml-combo/pvid/51ec3bc8-ffea-4820-8ead-0f3f3ed64e05,"https://cdn.zeptonow.com/production/tr:w-1280,ar-1500-1500,pr-true,f-auto,q-80/cms/product_variant/33c81248-e604-4c5c-acc7-d73d850b5193.jpg"
"Dairy, Bread & Eggs",Top Picks,"https://cdn.zeptonow.com/production/tr:w-90,ar-120-121,pr-true,f-auto,q-80/cms/sub_category/79.png",Thaayar Idli Dosa Batter(1pc) & Tomato Country / Naattu Thakkali(1pc) Combo,Thaayar,92,97,2 combo,4.7 (75),In Stock,https://www.zeptonow.com/pn/thaayar-idli-dosa-batter1pc-tomato-country-naattu-thakkali1pc-combo/pvid/2ef1252d-2f38-4a84-803c-3f93320fc393,"https://cdn.zeptonow.com/production/tr:w-1280,ar-1500-1500,pr-true,f-auto,q-80/cms/product_variant/079d5dd9-b72e-49d6-aebe-258f35812ba3.jpg"
"Dairy, Bread & Eggs",Top Picks,"https://cdn.zeptonow.com/production/tr:w-90,ar-120-121,pr-true,f-auto,q-80/cms/sub_category/79.png",Modern Classic Sweet Bun 200 g Combo,Modern,46,50,200 g X 2,4.2 (980),In Stock,https://www.zeptonow.com/pn/modern-classic-sweet-bun-200-g-combo/pvid/83563b08-444a-4df9-81e4-00ef8aefc939,"https://cdn.zeptonow.com/production/tr:w-1280,ar-1500-1500,pr-true,f-auto,q-80/cms/product_variant/edb01995-aa13-4ef3-964b-6886ed4e632b.jpg"
"Dairy, Bread & Eggs",Top Picks,"https://cdn.zeptonow.com/production/tr:w-90,ar-120-121,pr-true,f-auto,q-80/cms/sub_category/79.png",Thaayar Idli Dosa Batter(1pc) & Mint Leaves(1pc) Combo,Thaayar,72,76,2 combo,4.6 (894),In Stock,https://www.zeptonow.com/pn/thaayar-idli-dosa-batter1pc-mint-leaves1pc-combo/pvid/7395f4c9-b433-4248-a066-a2cf36f01a39,"https://cdn.zeptonow.com/production/tr:w-1280,ar-1500-1500,pr-true,f-auto,q-80/cms/product_variant/9c05e162-68e7-460f-b968-83dc49be5d4d.jpg"
"Dairy, Bread & Eggs",Top Picks,"https://cdn.zeptonow.com/production/tr:w-90,ar-120-121,pr-true,f-auto,q-80/cms/sub_category/79.png",Modern Classic Sweet Bun 200 g Combo,Modern,66,75,200 g X 3,4.5 (708),In Stock,https://www.zeptonow.com/pn/modern-classic-sweet-bun-200-g-combo/pvid/9bf4276f-d4c3-4a2b-aaee-065d486bad33,"https://cdn.zeptonow.com/production/tr:w-1280,ar-1500-1500,pr-true,f-auto,q-80/cms/product_variant/59f8a488-a60c-4602-8be5-74963b327451.jpg"
"Dairy, Bread & Eggs",Top Picks,"https://cdn.zeptonow.com/production/tr:w-90,ar-120-121,pr-true,f-auto,q-80/cms/sub_category/79.png",Aavin Premium Full Cream Fresh Milk (Pouch) 500 ml X 2 Combo,Aavin,60,60,500 ml X 2,4.7 (786),In Stock,https://www.zeptonow.com/pn/aavin-premium-full-cream-fresh-milk-pouch-500-ml-x-2-combo/pvid/0d1fb13f-9fb6-4013-a9db-51480e15e2b4,"https://cdn.zeptonow.com/production/tr:w-1280,ar-1200-1200,pr-true,f-auto,q-80/cms/product_variant/fa10b77b-3647-4074-836c-b012eeb65ff2.jpg"
"Dairy, Bread & Eggs",Top Picks,"https://cdn.zeptonow.com/production/tr:w-90,ar-120-121,pr-true,f-auto,q-80/cms/sub_category/79.png",Hatsun Greek Yoghurt Fig And Dates 100 g X 2 Combo,Hatsun,40,80,100 g X 2,4.4 (713),In Stock,https://www.zeptonow.com/pn/hatsun-greek-yoghurt-fig-and-dates-100-g-x-2-combo/pvid/8fff29d4-c128-425c-8c1d-e7b8cdc21e0a,"https://cdn.zeptonow.com/production/tr:w-1280,ar-1200-1200,pr-true,f-auto,q-80/cms/product_variant/128625a7-1f81-4bac-b45d-6aa50a2b9dcf.jpg"
"Dairy, Bread & Eggs",Top Picks,"https://cdn.zeptonow.com/production/tr:w-90,ar-120-121,pr-true,f-auto,q-80/cms/sub_category/79.png",Udhaiyam Idli Dosa Batter(1pc) & Onion (Vengayam)(1pc) Combo,Udhaiyam,100,114,2 combo,4.4 (897),In Stock,https://www.zeptonow.com/pn/udhaiyam-idli-dosa-batter1pc-onion-vengayam1pc-combo/pvid/fc8c8d06-b4e6-4c18-b582-f15ecbafc774,"https://cdn.zeptonow.com/production/tr:w-1280,ar-1500-1500,pr-true,f-auto,q-80/cms/product_variant/17ea84e6-e91c-4315-95d2-0cd285dd43b5.jpg"
"Dairy, Bread & Eggs",Top Picks,"https://cdn.zeptonow.com/production/tr:w-90,ar-120-121,pr-true,f-auto,q-80/cms/sub_category/79.png",Thaayar Idli Dosa Batter(1pc) & Green Chilli (Pachchai Milagai)(1pc) Combo,Thaayar,75,75,2 combo,4.2 (497),In Stock,https://www.zeptonow.com/pn/thaayar-idli-dosa-batter1pc-green-chilli-pachchai-milagai1pc-combo/pvid/0f6c0544-e1cc-4b5f-bcaf-93e685654e17,"https://cdn.zeptonow.com/production/tr:w-1280,ar-1500-1500,pr-true,f-auto,q-80/cms/product_variant/9ea1a379-923f-4f6d-8d47-ff2d7741a54b.jpg"
"Dairy, Bread & Eggs",Top Picks,"https://cdn.zeptonow.com/production/tr:w-90,ar-120-121,pr-true,f-auto,q-80/cms/sub_category/79.png",Hatsun Cup Curd(1pc) & Tomato Country / Naattu Thakkal(1pc) Combo,Hatsun,79,84,2 combo,4.7 (386),In Stock,https://www.zeptonow.com/pn/hatsun-cup-curd1pc-tomato-country-naattu-thakkal1pc-combo/pvid/e5788441-6dda-41c3-9a60-8e90a4ccf620,"https://cdn.zeptonow.com/production/tr:w-1280,ar-1494-1494,pr-true,f-auto,q-80/cms/product_variant/67964191-c9f6-4872-9abf-e6370f79676d.jpg"
"Dairy, Bread & Eggs",Top Picks,"https://cdn.zeptonow.com/production/tr:w-90,ar-120-121,pr-true,f-auto,q-80/cms/sub_category/79.png",Aavin Green Magic Fresh Milk (Pouch)(1pc) & Coccinia (Kovakkai)(1pc) Combo,Aavin,41,42,2 combo,4.5 (381),In Stock,https://www.zeptonow.com/pn/aavin-green-magic-fresh-milk-pouch1pc-coccinia-kovakkai1pc-combo/pvid/9588765e-483e-4d61-b3af-918e6df6cba0,"https://cdn.zeptonow.com/production/tr:w-1280,ar-1494-1494,pr-true,f-auto,q-80/cms/product_variant/11f7be47-4605-48cd-8150-5abd060fe58d.jpg"
"Dairy, Bread & Eggs",Top Picks,"https://cdn.zeptonow.com/production/tr:w-90,ar-120-121,pr-true,f-auto,q-80/cms/sub_category/79.png",Britannia Pav Combo,Britannia,48,50,200 g X 2,4.5 (251),In Stock,https://www.zeptonow.com/pn/britannia-pav-combo/pvid/e56b9ad1-5e16-4f25-b306-e8491cbdfabf,"https://cdn.zeptonow.com/production/tr:w-1280,ar-1500-1500,pr-true,f-auto,q-80/inventory/product/c1865b85-011d-4f93-b524-bfb450352e56-Britannia_Pav_(Pack_of_2)_(1).jpg"
"Dairy, Bread & Eggs",Top Picks,"https://cdn.zeptonow.com/production/tr:w-90,ar-120-121,pr-true,f-auto,q-80/cms/sub_category/79.png",Nandini Goodlife Slim Skimmed Milk UHT (Tetra Pack) 500 ml Combo,Nandini,210,222,500 ml X 6,4.7 (197),In Stock,https://www.zeptonow.com/pn/nandini-goodlife-slim-skimmed-milk-uht-tetra-pack-500-ml-combo/pvid/a3c71699-a9f0-4b5a-9061-bf5d5c839fc6,"https://cdn.zeptonow.com/production/tr:w-1280,ar-1500-1500,pr-true,f-auto,q-80/cms/product_variant/15c3e6f2-9ca5-4005-8102-277af566208d.jpg"
"Dairy, Bread & Eggs",Top Picks,"https://cdn.zeptonow.com/production/tr:w-90,ar-120-121,pr-true,f-auto,q-80/cms/sub_category/79.png",Amul Masti Curd Pouch 450 g Combo,Amul,64,68,450 g X 2,4.5 (828),In Stock,https://www.zeptonow.com/pn/amul-masti-curd-pouch-450-g-combo/pvid/f42fe4bc-b6db-45e9-a263-9b7cec801e7b,"https://cdn.zeptonow.com/production/tr:w-1280,ar-1500-1500,pr-true,f-auto,q-80/cms/product_variant/90caa49d-6c23-48d6-9585-f433fe79bcfa.jpg"
"Dairy, Bread & Eggs",Top Picks,"https://cdn.zeptonow.com/production/tr:w-90,ar-120-121,pr-true,f-auto,q-80/cms/sub_category/79.png",Hatsun Curd Pouch 500 g Combo,Hatsun,108,120,500 g X 3,4.6 (516),In Stock,https://www.zeptonow.com/pn/hatsun-curd-pouch-500-g-combo/pvid/1a7cc8c5-0cc2-44f7-be98-5acd5ebe2ff6,"https://cdn.zeptonow.com/production/tr:w-1280,ar-1500-1500,pr-true,f-auto,q-80/cms/product_variant/bf97aef3-18f0-4412-9849-a977f8e68b29.jpg"
"Dairy, Bread & Eggs",Top Picks,"https://cdn.zeptonow.com/production/tr:w-90,ar-120-121,pr-true,f-auto,q-80/cms/sub_category/79.png",Nandini Goodlife Slim Skimmed Milk UHT (Tetra Pack) 500 ml Combo,Nandini,108,111,500 ml X 3,4.3 (550),In Stock,https://www.zeptonow.com/pn/nandini-goodlife-slim-skimmed-milk-uht-tetra-pack-500-ml-combo/pvid/9b318db0-bc6d-4f88-a103-9b499d2fe869,"https://cdn.zeptonow.com/production/tr:w-1280,ar-1500-1500,pr-true,f-auto,q-80/cms/product_variant/8e21799c-e3fc-41ce-b213-cb8a4d568226.jpg"
"Dairy, Bread & Eggs",Top Picks,"https://cdn.zeptonow.com/production/tr:w-90,ar-120-121,pr-true,f-auto,q-80/cms/sub_category/79.png",Modern Sweet Bread 350 g Combo,Modern,86,90,350 g X 2,4.5 (311),In Stock,https://www.zeptonow.com/pn/modern-sweet-bread-350-g-combo/pvid/4632d8d1-2f61-4d32-b66a-524779f148d0,"https://cdn.zeptonow.com/production/tr:w-1280,ar-1500-1500,pr-true,f-auto,q-80/cms/product_variant/db66b3c7-7854-420e-b7d4-cf3699c94db1.jpg"
"Dairy, Bread & Eggs",Top Picks,"https://cdn.zeptonow.com/production/tr:w-90,ar-120-121,pr-true,f-auto,q-80/cms/sub_category/79.png",Aavin Nice Toned Fresh Milk (Pouch)(1pc) & Onion (Vengayam)(1pc) Combo,Aavin,57,72,2 combo,4.6 (68),In Stock,https://www.zeptonow.com/pn/aavin-nice-toned-fresh-milk-pouch1pc-onion-vengayam1pc-combo/pvid/5bc3702d-8ead-419a-abbb-ec0eb94e3268,"https://cdn.zeptonow.com/production/tr:w-1280,ar-1494-1494,pr-true,f-auto,q-80/cms/product_variant/6d119dfa-3efc-434f-8b96-7062fb88ae25.jpg"
"Dairy, Bread & Eggs",Top Picks,"https://cdn.zeptonow.com/production/tr:w-90,ar-120-121,pr-true,f-auto,q-80/cms/sub_category/79.png",Milky Mist Fruit Yogurt Peach 100 ml Combo,Milky Mist,84,90,100 ml X 3,4.6 (961),In Stock,https://www.zeptonow.com/pn/milky-mist-fruit-yogurt-peach-100-ml-combo/pvid/a4859ddc-3385-486c-beb7-028a906f25f4,"https://cdn.zeptonow.com/production/tr:w-1280,ar-1500-1500,pr-true,f-auto,q-80/cms/product_variant/9bb483b4-d2f3-462d-9c93-40fe6e2ef517.jpg"
"Dairy, Bread & Eggs",Top Picks,"https://cdn.zeptonow.com/production/tr:w-90,ar-120-121,pr-true,f-auto,q-80/cms/sub_category/79.png",Milky Mist Fruit Yogurt Blueberry 100 ml Combo,Milky Mist,56,60,100 ml X 2,4.4 (492),In Stock,https://www.zeptonow.com/pn/milky-mist-fruit-yogurt-blueberry-100-ml-combo/pvid/f0396267-7a75-4804-8fcd-88e7f9124e60,"https://cdn.zeptonow.com/production/tr:w-1280,ar-1500-1500,pr-true,f-auto,q-80/inventory/product/9d7ec30d-1be9-4833-87af-01b1ad473376-2680.jpg"
"Dairy, Bread & Eggs",Top Picks,"https://cdn.zeptonow.com/production/tr:w-90,ar-120-121,pr-true,f-auto,q-80/cms/sub_category/79.png",Modern Multigrain Bread - 13 Grains & Seeds (Zero Maida) 400 g Combo,Modern,104,110,400 g X 2,4.5 (869),In Stock,https://www.zeptonow.com/pn/modern-multigrain-bread-13-grains-seeds-zero-maida-400-g-combo/pvid/a29ec2ac-ed5e-48f7-abb5-cf009904f3b8,"https://cdn.zeptonow.com/production/tr:w-1280,ar-1500-1500,pr-true,f-auto,q-80/cms/product_variant/93f04d9f-2ced-4dfa-b49b-8df1a231585f.jpg"
"Dairy, Bread & Eggs",Top Picks,"https://cdn.zeptonow.com/production/tr:w-90,ar-120-121,pr-true,f-auto,q-80/cms/sub_category/79.png",Hatsun Curd Pouch 500 g Combo,Hatsun,76,80,500 g X 2,4.4 (264),In Stock,https://www.zeptonow.com/pn/hatsun-curd-pouch-500-g-combo/pvid/2e3f1aea-7a55-42f8-957f-426ba5a4539d,"https://cdn.zeptonow.com/production/tr:w-1280,ar-1500-1500,pr-true,f-auto,q-80/inventory/product/caefe874-d37a-43b4-a6e4-704610692771-1.jpg"
"Dairy, Bread & Eggs",Top Picks,"https://cdn.zeptonow.com/production/tr:w-90,ar-120-121,pr-true,f-auto,q-80/cms/sub_category/79.png",Milky Mist Fruit Yogurt Blueberry 100 ml Combo,Milky Mist,81,90,100 ml X 3,4.2 (885),In Stock,https://www.zeptonow.com/pn/milky-mist-fruit-yogurt-blueberry-100-ml-combo/pvid/d23a3d9c-0703-4a9c-b67f-1728ed0ad80c,"https://cdn.zeptonow.com/production/tr:w-1280,ar-1500-1500,pr-true,f-auto,q-80/cms/product_variant/299b140b-0db2-408d-b4c9-a7c1c031dc37.jpg"
"Dairy, Bread & Eggs",Top Picks,"https://cdn.zeptonow.com/production/tr:w-90,ar-120-121,pr-true,f-auto,q-80/cms/sub_category/79.png",Hatsun Yogurt Drink-Mango Combo,Hatsun,46,50,175 ml X 2,4.6 (840),In Stock,https://www.zeptonow.com/pn/hatsun-yogurt-drink-mango-combo/pvid/a1032c7b-3464-4376-972c-0b4a6e740337,"https://cdn.zeptonow.com/production/tr:w-1280,ar-1500-1500,pr-true,f-auto,q-80/inventory/product/27d45fe5-d570-4543-8a5d-837443fd6c37-406.jpg"
"Dairy, Bread & Eggs",Top Picks,"https://cdn.zeptonow.com/production/tr:w-90,ar-120-121,pr-true,f-auto,q-80/cms/sub_category/79.png",Hatsun Yoghurt Shake Strawberry 175 ml Combo,Hatsun,46,50,175 ml X 2,4.5 (112),In Stock,https://www.zeptonow.com/pn/hatsun-yoghurt-shake-strawberry-175-ml-combo/pvid/3ffa8614-ad75-4df7-84dc-0f0e227289cc,"https://cdn.zeptonow.com/production/tr:w-1280,ar-1500-1500,pr-true,f-auto,q-80/inventory/product/13ad2740-152c-4e29-8c16-8ec84ea2caa9-Hatsun_Yogurt_Drink-_Strawberry_(Pack_of_2).jpg"
"Dairy, Bread & Eggs",Top Picks,"https://cdn.zeptonow.com/production/tr:w-90,ar-120-121,pr-true,f-auto,q-80/cms/sub_category/79.png","Modern 100% Whole Wheat Bread (Zero Maida, No trans fat) 400 g Combo",Modern,88,100,400 g X 2,4.4 (635),In Stock,https://www.zeptonow.com/pn/modern-100-whole-wheat-bread-zero-maida-no-trans-fat-400-g-combo/pvid/7c9ed5a6-574a-4759-aa99-0bee06bba7a3,"https://cdn.zeptonow.com/production/tr:w-1280,ar-1500-1500,pr-true,f-auto,q-80/cms/product_variant/dc914c8b-1968-4c99-9515-536d43d84ea7.jpg"
"Dairy, Bread & Eggs",Top Picks,"https://cdn.zeptonow.com/production/tr:w-90,ar-120-121,pr-true,f-auto,q-80/cms/sub_category/79.png",Amul Masti Curd Pouch 450 g Combo,Amul,90,102,450 g X 3,4.2 (847),In Stock,https://www.zeptonow.com/pn/amul-masti-curd-pouch-450-g-combo/pvid/a9dbb343-b3c8-4799-8044-09ba621cb622,"https://cdn.zeptonow.com/production/tr:w-1280,ar-1500-1500,pr-true,f-auto,q-80/cms/product_variant/093604b8-2482-4ab4-8f97-deb024f1466a.jpg"
"Dairy, Bread & Eggs",Top Picks,"https://cdn.zeptonow.com/production/tr:w-90,ar-120-121,pr-true,f-auto,q-80/cms/sub_category/79.png",Yakult Light Probiotic Fermented Milk Drink 325 ml Combo,Yakult,188,200,325 ml X 2,4.4 (184),In Stock,https://www.zeptonow.com/pn/yakult-light-probiotic-fermented-milk-drink-325-ml-combo/pvid/39384d08-1bff-41b5-88cf-919f0655485e,"https://cdn.zeptonow.com/production/tr:w-1280,ar-1200-1200,pr-true,f-auto,q-80/cms/product_variant/11f9dcc7-843f-4315-b637-3507d302b19a.jpg"
"Dairy, Bread & Eggs",Top Picks,"https://cdn.zeptonow.com/production/tr:w-90,ar-120-121,pr-true,f-auto,q-80/cms/sub_category/79.png",Yakult Probiotic Fermented Milk Drink 325 ml Combo,Yakult,166,180,325 ml X 2,4.7 (255),In Stock,https://www.zeptonow.com/pn/yakult-probiotic-fermented-milk-drink-325-ml-combo/pvid/6934e4ba-b535-45c2-a5a6-41bb19f386dc,"https://cdn.zeptonow.com/production/tr:w-1280,ar-1200-1200,pr-true,f-auto,q-80/cms/product_variant/06fc087c-71bb-410b-8a88-6bfce9391b20.jpg"
"Dairy, Bread & Eggs",Top Picks,"https://cdn.zeptonow.com/production/tr:w-90,ar-120-121,pr-true,f-auto,q-80/cms/sub_category/79.png",Ammamma's Dosa Idli Batter 1 kg Combo,Ammamma's,128,150,1 kg X 2,4.3 (979),In Stock,https://www.zeptonow.com/pn/ammammas-dosa-idli-batter-1-kg-combo/pvid/e708fe73-b7e2-44c3-b514-92b14c61b846,"https://cdn.zeptonow.com/production/tr:w-1280,ar-1500-1500,pr-true,f-auto,q-80/cms/product_variant/6ec05f6e-f4ef-44dd-8c2d-b958510b56d73277.jpg"
"Dairy, Bread & Eggs",Top Picks,"https://cdn.zeptonow.com/production/tr:w-90,ar-120-121,pr-true,f-auto,q-80/cms/sub_category/79.png",Amul Processed Cheese Cubes(200gms) & Amul Butter - Pasteurised(100gms) Combo,Amul,193,197,2 Combo,4.6 (476),In Stock,https://www.zeptonow.com/pn/amul-processed-cheese-cubes200gms-amul-butter-pasteurised100gms-combo/pvid/6e498102-d36a-4696-9762-11534f4e24a6,"https://cdn.zeptonow.com/production/tr:w-1280,ar-1000-1000,pr-true,f-auto,q-80/cms/product_variant/2101b670-16b5-4975-872b-a850f4e00b36.jpeg"
"Dairy, Bread & Eggs",Top Picks,"https://cdn.zeptonow.com/production/tr:w-90,ar-120-121,pr-true,f-auto,q-80/cms/sub_category/79.png",Hatsun Yogurt Drink Blueberry 175 ml Combo,Hatsun,46,50,175 ml X 2,4.3 (402),In Stock,https://www.zeptonow.com/pn/hatsun-yogurt-drink-blueberry-175-ml-combo/pvid/b9c2f5b3-72d3-4b35-956d-08a22c13ebaa,"https://cdn.zeptonow.com/production/tr:w-1280,ar-1500-1500,pr-true,f-auto,q-80/inventory/product/7db7e02a-7351-4900-bc3b-bdef15e42d88-679.jpg"
"Dairy, Bread & Eggs",Top Picks,"https://cdn.zeptonow.com/production/tr:w-90,ar-120-121,pr-true,f-auto,q-80/cms/sub_category/79.png",K K White Egg 6.0 Piece(1pc) & Tomato Country / Naattu Thakkali(1pc) Combo,K,78,84,2 combo,4.2 (765),In Stock,https://www.zeptonow.com/pn/k-k-white-egg-60-piece1pc-tomato-country-naattu-thakkali1pc-combo/pvid/e7b026b2-c139-44be-bee2-c3bdd3af34e6,"https://cdn.zeptonow.com/production/tr:w-1280,ar-1494-1494,pr-true,f-auto,q-80/cms/product_variant/c6bbf6a6-ec59-45ad-9b61-e3191f9c67d6.jpg"
"Dairy, Bread & Eggs",Top Picks,"https://cdn.zeptonow.com/production/tr:w-90,ar-120-121,pr-true,f-auto,q-80/cms/sub_category/79.png",D'lecta Shredded Mozzarella Pizza Cheese 140 g Combo,D'lecta,190,236,140 g X 2,4.3 (277),In Stock,https://www.zeptonow.com/pn/dlecta-shredded-mozzarella-pizza-cheese-140-g-combo/pvid/14b88249-bb30-43ae-87dd-13ec754e6d17,"https://cdn.zeptonow.com/production/tr:w-1280,ar-1200-1200,pr-true,f-auto,q-80/cms/product_variant/a35551f7-f3c1-46b6-8b1d-e3ddc778ac23.jpg"
"Dairy, Bread & Eggs",Top Picks,"https://cdn.zeptonow.com/production/tr:w-90,ar-120-121,pr-true,f-auto,q-80/cms/sub_category/79.png",Puramate Bread Crumbs 75 g Combo,Puramate,153,180,75 g X 3,4.7 (274),In Stock,https://www.zeptonow.com/pn/puramate-bread-crumbs-75-g-combo/pvid/73e07f1d-7e85-4fa6-9013-c4a6a289013c,"https://cdn.zeptonow.com/production/tr:w-1280,ar-1500-1500,pr-true,f-auto,q-80/cms/product_variant/477ae7cd-0b29-4b09-b5fd-e16e41bf4c20.jpg"
"Dairy, Bread & Eggs",Top Picks,"https://cdn.zeptonow.com/production/tr:w-90,ar-120-121,pr-true,f-auto,q-80/cms/sub_category/79.png",The Health Factory Zero Maida Pizza Base 140 g Combo,The Health Factory,72,78,140 g X 2,4.5 (582),In Stock,https://www.zeptonow.com/pn/the-health-factory-zero-maida-pizza-base-140-g-combo/pvid/9d7dc46a-d5bd-40a4-9e73-018fd8002d92,"https://cdn.zeptonow.com/production/tr:w-1280,ar-1494-1494,pr-true,f-auto,q-80/cms/product_variant/5b8bd57e-336f-4e7b-9ec7-ddb519f79fc9.jpg"
"Dairy, Bread & Eggs",Top Picks,"https://cdn.zeptonow.com/production/tr:w-90,ar-120-121,pr-true,f-auto,q-80/cms/sub_category/79.png",Thaayar Idli Dosa Batter(1pc) & Onion (Vengayam)(1pc) Combo,Thaayar,101,115,2 combo,4.4 (653),In Stock,https://www.zeptonow.com/pn/thaayar-idli-dosa-batter1pc-onion-vengayam1pc-combo/pvid/57e9e0c6-baef-4f38-8777-8c74fc9108d3,"https://cdn.zeptonow.com/production/tr:w-1280,ar-1500-1500,pr-true,f-auto,q-80/cms/product_variant/44e0cce7-fda8-49f6-a6bb-9f58d2be9521.jpg"
"Dairy, Bread & Eggs",Top Picks,"https://cdn.zeptonow.com/production/tr:w-90,ar-120-121,pr-true,f-auto,q-80/cms/sub_category/79.png",Modern- Brown Bread (No trans Fat ) 400 g Combo,Modern,84,90,400 g X 2,4.6 (721),In Stock,https://www.zeptonow.com/pn/modern-brown-bread-no-trans-fat-400-g-combo/pvid/d9e8cf8b-ae6f-4680-be7f-6f09785ccbae,"https://cdn.zeptonow.com/production/tr:w-1280,ar-1500-1500,pr-true,f-auto,q-80/inventory/product/54064881-f6f1-400f-bee0-e14121c471c7-Modern_Hi_Fibre_Brown_Bread_(Pack_of_2).jpg"
"Dairy, Bread & Eggs",Top Picks,"https://cdn.zeptonow.com/production/tr:w-90,ar-120-121,pr-true,f-auto,q-80/cms/sub_category/79.png",Aavin Premium Full Cream Fresh Milk (Pouch) 500 ml Combo,Aavin,90,90,500 ml X 3,4.6 (137),In Stock,https://www.zeptonow.com/pn/aavin-premium-full-cream-fresh-milk-pouch-500-ml-combo/pvid/248974ef-a6f9-4c20-a19d-d49a60047176,"https://cdn.zeptonow.com/production/tr:w-1280,ar-1500-1500,pr-true,f-auto,q-80/inventory/product/64360fe6-c584-4bb5-8f41-22285cddee8d-3358.jpg"
"Dairy, Bread & Eggs",Top Picks,"https://cdn.zeptonow.com/production/tr:w-90,ar-120-121,pr-true,f-auto,q-80/cms/sub_category/79.png",D'lecta Cheese- Cubes 200 g Combo,D'lecta,220,350,200 g X 2,4.4 (379),In Stock,https://www.zeptonow.com/pn/dlecta-cheese-cubes-200-g-combo/pvid/7bfab50b-68ab-4037-b145-9a0a8572db2d,"https://cdn.zeptonow.com/production/tr:w-1280,ar-1500-1500,pr-true,f-auto,q-80/inventory/product/f621c1f0-c097-4b99-8f1d-2575b866cc8f-390.jpg"
"Dairy, Bread & Eggs",Top Picks,"https://cdn.zeptonow.com/production/tr:w-90,ar-120-121,pr-true,f-auto,q-80/cms/sub_category/79.png",Modern- Brown Bread (No trans Fat ) 400 g Combo,Modern,117,135,400 g X 3,4.2 (908),In Stock,https://www.zeptonow.com/pn/modern-brown-bread-no-trans-fat-400-g-combo/pvid/465dd0f0-7071-4afd-b7fc-ad91211bdf06,"https://cdn.zeptonow.com/production/tr:w-1280,ar-1500-1500,pr-true,f-auto,q-80/cms/product_variant/18c676dc-17e9-474d-a931-4859764ad5e3.jpg"
"Dairy, Bread & Eggs",Top Picks,"https://cdn.zeptonow.com/production/tr:w-90,ar-120-121,pr-true,f-auto,q-80/cms/sub_category/79.png",Britannia Sweet Slice White Bread 600 g Combo,Britannia,114,120,600 g X 2,4.4 (73),In Stock,https://www.zeptonow.com/pn/britannia-sweet-slice-white-bread-600-g-combo/pvid/983af6ea-c5c2-4d35-87b4-bf276d018445,"https://cdn.zeptonow.com/production/tr:w-1280,ar-1500-1500,pr-true,f-auto,q-80/cms/product_variant/f903ce03-7562-45f1-b1e8-272167380057.jpg"
"Dairy, Bread & Eggs",Vegan Drinks,"https://cdn.zeptonow.com/production/tr:w-90,ar-120-120,pr-true,f-auto,q-80/cms/sub_category/e577078b-9dba-4e2c-88a4-d8119d75b2d1.png",Alt Co. Oat Drink,Alt,270,299,1 L,4.4 (961),In Stock,https://www.zeptonow.com/pn/alt-co-oat-drink/pvid/bad9d63c-5d61-4cc2-b70c-bb10a3286650,"https://cdn.zeptonow.com/production/tr:w-1280,ar-9920-9920,pr-true,f-auto,q-80/cms/product_variant/26dc4d79-97b1-4796-8d2b-88060add98c3.jpeg"
"Dairy, Bread & Eggs",Vegan Drinks,"https://cdn.zeptonow.com/production/tr:w-90,ar-120-120,pr-true,f-auto,q-80/cms/sub_category/e577078b-9dba-4e2c-88a4-d8119d75b2d1.png",Alt Co. Almond Milk,Alt,270,299,1 L,4.5 (496),In Stock,https://www.zeptonow.com/pn/alt-co-almond-milk/pvid/2f72762b-5215-495c-a9b9-9726b553e7b0,"https://cdn.zeptonow.com/production/tr:w-1280,ar-1500-1500,pr-true,f-auto,q-80/cms/product_variant/b02171d7-22f4-4904-abbb-8f167f3d7e22.jpeg"
"Dairy, Bread & Eggs",Vegan Drinks,"https://cdn.zeptonow.com/production/tr:w-90,ar-120-120,pr-true,f-auto,q-80/cms/sub_category/e577078b-9dba-4e2c-88a4-d8119d75b2d1.png",Only Earth Organic Oats Unsweetened Beverage,Only,279,295,1 L,4.9 (351),In Stock,https://www.zeptonow.com/pn/only-earth-organic-oats-unsweetened-beverage/pvid/2137110b-11ec-4481-a8e8-8636f96b31e3,"https://cdn.zeptonow.com/production/tr:w-1280,ar-1200-1200,pr-true,f-auto,q-80/cms/product_variant/0a58d011-0577-408c-a5fc-14cbba7dd03e.jpeg"
"Dairy, Bread & Eggs",Vegan Drinks,"https://cdn.zeptonow.com/production/tr:w-90,ar-120-120,pr-true,f-auto,q-80/cms/sub_category/e577078b-9dba-4e2c-88a4-d8119d75b2d1.png",So Good Plant Based Almond Milk,So,270,300,1 L,4.8 (745),In Stock,https://www.zeptonow.com/pn/so-good-plant-based-almond-milk/pvid/046dd783-2e2f-456c-b320-d5e0c8bf93dc,"https://cdn.zeptonow.com/production/tr:w-1280,ar-900-900,pr-true,f-auto,q-80/cms/product_variant/1a781ca6-e969-4cc8-bfbc-bd45c0dac43b.jpeg"
"Dairy, Bread & Eggs",Vegan Drinks,"https://cdn.zeptonow.com/production/tr:w-90,ar-120-120,pr-true,f-auto,q-80/cms/sub_category/e577078b-9dba-4e2c-88a4-d8119d75b2d1.png",Only Earth Organic Coconut Drink,Only,259,295,1 L,4.7 (122),In Stock,https://www.zeptonow.com/pn/only-earth-organic-coconut-drink/pvid/7e1d7282-d490-4373-a4c7-1c7e44976830,"https://cdn.zeptonow.com/production/tr:w-1280,ar-2400-2400,pr-true,f-auto,q-80/cms/product_variant/86e85ad0-01e9-4b38-bb4e-ee28f193fe4e.jpeg"
"Dairy, Bread & Eggs",Vegan Drinks,"https://cdn.zeptonow.com/production/tr:w-90,ar-120-120,pr-true,f-auto,q-80/cms/sub_category/e577078b-9dba-4e2c-88a4-d8119d75b2d1.png",Only Earth Almond Milk,Only,249,285,1 L,4.4 (261),In Stock,https://www.zeptonow.com/pn/only-earth-almond-milk/pvid/c681e040-b094-45b3-ab12-468521759bd5,"https://cdn.zeptonow.com/production/tr:w-1280,ar-1200-1200,pr-true,f-auto,q-80/cms/product_variant/92f87d8d-c496-4076-9d18-6df6ed7c2110.jpeg"
"Dairy, Bread & Eggs",Vegan Drinks,"https://cdn.zeptonow.com/production/tr:w-90,ar-120-120,pr-true,f-auto,q-80/cms/sub_category/e577078b-9dba-4e2c-88a4-d8119d75b2d1.png",So Good Vanilla Almond Milk,So,300,300,1 L,4 (246),In Stock,https://www.zeptonow.com/pn/so-good-vanilla-almond-milk/pvid/d715b210-4111-406f-a1e2-1a1593d2d4ba,"https://cdn.zeptonow.com/production/tr:w-1280,ar-2400-2400,pr-true,f-auto,q-80/cms/product_variant/8475ae5c-abec-4f99-9372-5432335768eb.jpeg"
"Dairy, Bread & Eggs",Vegan Drinks,"https://cdn.zeptonow.com/production/tr:w-90,ar-120-120,pr-true,f-auto,q-80/cms/sub_category/e577078b-9dba-4e2c-88a4-d8119d75b2d1.png",Urban Platter Almond Beverage,Urban,243,250,1 L,4.8 (351),In Stock,https://www.zeptonow.com/pn/urban-platter-almond-beverage/pvid/e8f42f9e-d316-414a-bc9b-e8080e6661ca,"https://cdn.zeptonow.com/production/tr:w-1280,ar-1500-1500,pr-true,f-auto,q-80/cms/product_variant/1d423582-d028-4ec2-a34f-abdf09ef1ae3.jpg"
"Dairy, Bread & Eggs",Vegan Drinks,"https://cdn.zeptonow.com/production/tr:w-90,ar-120-120,pr-true,f-auto,q-80/cms/sub_category/e577078b-9dba-4e2c-88a4-d8119d75b2d1.png",Epigamia Almond Milk,Epigamia,277,325,1 L,4.2 (765),In Stock,https://www.zeptonow.com/pn/epigamia-almond-milk/pvid/6312bdca-1472-4df2-ae61-32e235e41ec6,"https://cdn.zeptonow.com/production/tr:w-1280,ar-1500-1500,pr-true,f-auto,q-80/cms/product_variant/d77b3f9b-945e-410e-8d32-514616ba830c.jpeg"
"Dairy, Bread & Eggs",Vegan Drinks,"https://cdn.zeptonow.com/production/tr:w-90,ar-120-120,pr-true,f-auto,q-80/cms/sub_category/e577078b-9dba-4e2c-88a4-d8119d75b2d1.png",Dabur Hommade Organic Coconut Milk,Dabur,73,85,200 ml,4.7 (8.1k),In Stock,https://www.zeptonow.com/pn/dabur-hommade-organic-coconut-milk/pvid/9687009f-7d47-4cd0-8b2e-6512e9730427,"https://cdn.zeptonow.com/production/tr:w-1280,ar-2000-2000,pr-true,f-auto,q-80/cms/product_variant/2d84ea3d-dbd7-48a5-a639-012ec5cf213f.jpeg"
"Dairy, Bread & Eggs",Vegan Drinks,"https://cdn.zeptonow.com/production/tr:w-90,ar-120-120,pr-true,f-auto,q-80/cms/sub_category/e577078b-9dba-4e2c-88a4-d8119d75b2d1.png",So Good Plant Based Soy Beverage,So,134,145,1 L,4.6 (956),In Stock,https://www.zeptonow.com/pn/so-good-plant-based-soy-beverage/pvid/e6fa7dde-243f-423a-adf6-fc4b3b4c7995,"https://cdn.zeptonow.com/production/tr:w-1280,ar-1500-1500,pr-true,f-auto,q-80/cms/product_variant/520f412e-0a0a-435c-9a27-f400be614fa6.jpeg"
"Dairy, Bread & Eggs",Vegan Drinks,"https://cdn.zeptonow.com/production/tr:w-90,ar-120-120,pr-true,f-auto,q-80/cms/sub_category/e577078b-9dba-4e2c-88a4-d8119d75b2d1.png",Sofit Vanilla Soy Milk,Sofit,146,155,1 L,4.4 (3.2k),In Stock,https://www.zeptonow.com/pn/sofit-vanilla-soy-milk/pvid/bd3a3484-a910-4390-9964-9b98ee6a7714,"https://cdn.zeptonow.com/production/tr:w-1280,ar-2400-2400,pr-true,f-auto,q-80/cms/product_variant/6611d23e-5d2a-47de-822c-eea06989ba8a.jpeg"
"Dairy, Bread & Eggs",Vegan Drinks,"https://cdn.zeptonow.com/production/tr:w-90,ar-120-120,pr-true,f-auto,q-80/cms/sub_category/e577078b-9dba-4e2c-88a4-d8119d75b2d1.png",Sofit Chocolate Soy Milk,Sofit,155,155,1 L,4.4 (1.2k),In Stock,https://www.zeptonow.com/pn/sofit-chocolate-soy-milk/pvid/13eff06c-904a-430b-a4cf-b973d0a8df2e,"https://cdn.zeptonow.com/production/tr:w-1280,ar-1200-1200,pr-true,f-auto,q-80/cms/product_variant/18d1e4a6-6985-45d6-bb89-08da15c22e1c.jpeg"
"Dairy, Bread & Eggs",Vegan Drinks,"https://cdn.zeptonow.com/production/tr:w-90,ar-120-120,pr-true,f-auto,q-80/cms/sub_category/e577078b-9dba-4e2c-88a4-d8119d75b2d1.png",Raw Pressery Cocoa Almond Milk,Raw Pressery,254,325,1 L,4.1 (84),In Stock,https://www.zeptonow.com/pn/raw-pressery-cocoa-almond-milk/pvid/0e2db924-61fa-4ed0-a156-0a1cf73b455a,"https://cdn.zeptonow.com/production/tr:w-1280,ar-1200-1200,pr-true,f-auto,q-80/cms/product_variant/b5c4579f-33ff-4d16-bff0-b17ed7ad6b10.jpeg"
"Dairy, Bread & Eggs",Vegan Drinks,"https://cdn.zeptonow.com/production/tr:w-90,ar-120-120,pr-true,f-auto,q-80/cms/sub_category/e577078b-9dba-4e2c-88a4-d8119d75b2d1.png",So Good Plant Based Soy Milk,So,150,150,1 L,4.3 (755),In Stock,https://www.zeptonow.com/pn/so-good-plant-based-soy-milk/pvid/753485de-4ab0-442f-9685-c7f2990b3df5,"https://cdn.zeptonow.com/production/tr:w-1280,ar-1500-1500,pr-true,f-auto,q-80/cms/product_variant/174d1bb6-849d-4e34-81e6-30368207d9ff.jpeg"
"Dairy, Bread & Eggs",Vegan Drinks,"https://cdn.zeptonow.com/production/tr:w-90,ar-120-120,pr-true,f-auto,q-80/cms/sub_category/e577078b-9dba-4e2c-88a4-d8119d75b2d1.png",So Good Coco Mama Organic Coconut Milk,So,90,90,250 ml,4.4 (844),In Stock,https://www.zeptonow.com/pn/so-good-coco-mama-organic-coconut-milk/pvid/d8f1d7a8-c1f5-4e79-ad62-44c1cec8310a,"https://cdn.zeptonow.com/production/tr:w-1280,ar-1500-1500,pr-true,f-auto,q-80/cms/product_variant/e5181811-ecf9-4b1e-8e5c-71e50d1f5778.jpeg"
"Dairy, Bread & Eggs",Vegan Drinks,"https://cdn.zeptonow.com/production/tr:w-90,ar-120-120,pr-true,f-auto,q-80/cms/sub_category/e577078b-9dba-4e2c-88a4-d8119d75b2d1.png",Only Earth Vanilla Oat Shake,Only,33,40,165 ml,4.6 (178),In Stock,https://www.zeptonow.com/pn/only-earth-vanilla-oat-shake/pvid/9f6f20cd-ade2-42a5-8af1-adb9ea4dc1cd,"https://cdn.zeptonow.com/production/tr:w-1280,ar-5000-5000,pr-true,f-auto,q-80/cms/product_variant/b1d30ee3-fc93-4359-8bc0-a31e6f51e4a9.jpeg"
"Dairy, Bread & Eggs",Vegan Drinks,"https://cdn.zeptonow.com/production/tr:w-90,ar-120-120,pr-true,f-auto,q-80/cms/sub_category/e577078b-9dba-4e2c-88a4-d8119d75b2d1.png",Sofit Soya Milk Drink,Sofit,155,155,1 L,4.4 (1.6k),In Stock,https://www.zeptonow.com/pn/sofit-soya-milk-drink/pvid/ef3047ea-7586-4795-a07e-03016b2227a6,"https://cdn.zeptonow.com/production/tr:w-1280,ar-2400-2400,pr-true,f-auto,q-80/cms/product_variant/08e4de4c-301f-4973-b89c-a36ac1d809b7.jpeg"
"Dairy, Bread & Eggs",Vegan Drinks,"https://cdn.zeptonow.com/production/tr:w-90,ar-120-120,pr-true,f-auto,q-80/cms/sub_category/e577078b-9dba-4e2c-88a4-d8119d75b2d1.png",Real Thai Imported Coconut Milk,Real Thai,118,135,250 ml,4.7 (263),In Stock,https://www.zeptonow.com/pn/real-thai-imported-coconut-milk/pvid/d50c13af-acc0-4a01-924b-71fb699fae98,"https://cdn.zeptonow.com/production/tr:w-1280,ar-1500-1500,pr-true,f-auto,q-80/cms/product_variant/c46a0a6a-68ca-4321-aed0-897391fe2e6d.jpg"
"Dairy, Bread & Eggs",Vegan Drinks,"https://cdn.zeptonow.com/production/tr:w-90,ar-120-120,pr-true,f-auto,q-80/cms/sub_category/e577078b-9dba-4e2c-88a4-d8119d75b2d1.png",Alt Co. Oat Milk,Alt,65,69,180 ml,4.7 (886),In Stock,https://www.zeptonow.com/pn/alt-co-oat-milk/pvid/2ecf82fa-e35b-432d-888e-067c8650fe05,"https://cdn.zeptonow.com/production/tr:w-1280,ar-1500-1500,pr-true,f-auto,q-80/cms/product_variant/228792d0-2e2e-49de-99a1-18924a3f00bc.jpeg"
"Dairy, Bread & Eggs",Vegan Drinks,"https://cdn.zeptonow.com/production/tr:w-90,ar-120-120,pr-true,f-auto,q-80/cms/sub_category/e577078b-9dba-4e2c-88a4-d8119d75b2d1.png",Only Earth Belgian Chocolate Oat Drink,Only,33,40,165 ml,3.9 (676),In Stock,https://www.zeptonow.com/pn/only-earth-belgian-chocolate-oat-drink/pvid/cff9eee7-7401-4d00-908a-2952e5eaddc0,"https://cdn.zeptonow.com/production/tr:w-1280,ar-5000-5000,pr-true,f-auto,q-80/cms/product_variant/c0d136c8-a493-43b9-a523-a965134d53ae.jpeg"
"Dairy, Bread & Eggs",Vegan Drinks,"https://cdn.zeptonow.com/production/tr:w-90,ar-120-120,pr-true,f-auto,q-80/cms/sub_category/e577078b-9dba-4e2c-88a4-d8119d75b2d1.png",Only Earth Almond Unsweetened Lactose-free Plant Based Drink,Only,55,65,180 ml,5 (177),In Stock,https://www.zeptonow.com/pn/only-earth-almond-unsweetened-lactose-free-plant-based-drink/pvid/315075a1-e4a4-4165-a710-9adb0c2f47e3,"https://cdn.zeptonow.com/production/tr:w-1280,ar-6250-6250,pr-true,f-auto,q-80/cms/product_variant/ed965895-4643-441a-b5a7-46039ff6c8d3.jpg"
"Dairy, Bread & Eggs",Vegan Drinks,"https://cdn.zeptonow.com/production/tr:w-90,ar-120-120,pr-true,f-auto,q-80/cms/sub_category/e577078b-9dba-4e2c-88a4-d8119d75b2d1.png",Hershey's Kesar Pista Soy Milk,Hershey's,145,155,1 L,4.4 (630),In Stock,https://www.zeptonow.com/pn/hersheys-kesar-pista-soy-milk/pvid/c3e27e5a-5241-47af-b7b8-f583054e8887,"https://cdn.zeptonow.com/production/tr:w-1280,ar-2400-2400,pr-true,f-auto,q-80/cms/product_variant/5d53fa07-8247-41d6-88e6-1bc28d647519.jpeg"
"Dairy, Bread & Eggs",Vegan Drinks,"https://cdn.zeptonow.com/production/tr:w-90,ar-120-120,pr-true,f-auto,q-80/cms/sub_category/e577078b-9dba-4e2c-88a4-d8119d75b2d1.png",Only Earth Coffee Oat Shake,Only,33,40,165 ml,4.3 (311),In Stock,https://www.zeptonow.com/pn/only-earth-coffee-oat-shake/pvid/9ec37b7c-bca1-4692-9a85-a011a950d8d3,"https://cdn.zeptonow.com/production/tr:w-1280,ar-5000-5000,pr-true,f-auto,q-80/cms/product_variant/0fa6ce31-761a-47b0-bcaf-320b04ea2b2e.jpeg"
"Dairy, Bread & Eggs",Vegan Drinks,"https://cdn.zeptonow.com/production/tr:w-90,ar-120-120,pr-true,f-auto,q-80/cms/sub_category/e577078b-9dba-4e2c-88a4-d8119d75b2d1.png",Only Earth Strawberry Oat Shake,Only,33,40,165 ml,4.6 (180),In Stock,https://www.zeptonow.com/pn/only-earth-strawberry-oat-shake/pvid/51ba618e-8301-4ce3-96a8-e3a1fee46760,"https://cdn.zeptonow.com/production/tr:w-1280,ar-5000-5000,pr-true,f-auto,q-80/cms/product_variant/3dd16dc6-bf1f-4d05-a0ae-df52c9772fa5.jpeg"
"Dairy, Bread & Eggs",Vegan Drinks,"https://cdn.zeptonow.com/production/tr:w-90,ar-120-120,pr-true,f-auto,q-80/cms/sub_category/e577078b-9dba-4e2c-88a4-d8119d75b2d1.png",Only Earth Alphonso Mango Oat Shake,Only,33,40,165 ml,4 (188),In Stock,https://www.zeptonow.com/pn/only-earth-alphonso-mango-oat-shake/pvid/506a040a-13d5-4476-8d28-b6eadaf67d7d,"https://cdn.zeptonow.com/production/tr:w-1280,ar-5000-5000,pr-true,f-auto,q-80/cms/product_variant/c8c32549-7275-468c-bf09-445a22a9dc22.jpeg"
"Dairy, Bread & Eggs",Vegan Drinks,"https://cdn.zeptonow.com/production/tr:w-90,ar-120-120,pr-true,f-auto,q-80/cms/sub_category/e577078b-9dba-4e2c-88a4-d8119d75b2d1.png",Sofit Unsweetened Almond Milk,Sofit,90,90,180 ml,4.4 (351),In Stock,https://www.zeptonow.com/pn/sofit-unsweetened-almond-milk/pvid/67be7613-061d-4b66-9d68-b018e248d1f3,"https://cdn.zeptonow.com/production/tr:w-1280,ar-2400-2400,pr-true,f-auto,q-80/cms/product_variant/66a1af8d-604c-4e93-b287-866079367f95.jpeg"
"Dairy, Bread & Eggs",Vegan Drinks,"https://cdn.zeptonow.com/production/tr:w-90,ar-120-120,pr-true,f-auto,q-80/cms/sub_category/e577078b-9dba-4e2c-88a4-d8119d75b2d1.png",Sofit Vanilla Soy Milk,Sofit,38,40,180 ml,4.4 (2.7k),In Stock,https://www.zeptonow.com/pn/sofit-vanilla-soy-milk/pvid/fb7a3358-0254-4b44-acf4-bd5226d6659d,"https://cdn.zeptonow.com/production/tr:w-1280,ar-1500-1500,pr-true,f-auto,q-80/cms/product_variant/f3784efd-d525-4427-83fe-aa706e472427.jpeg"
"Dairy, Bread & Eggs",Vegan Drinks,"https://cdn.zeptonow.com/production/tr:w-90,ar-120-120,pr-true,f-auto,q-80/cms/sub_category/e577078b-9dba-4e2c-88a4-d8119d75b2d1.png",Only Earth Oats Belgian Chocolate Milk Shake Tetrapack,Only,66,80,200 ml X 2,4.4 (87),In Stock,https://www.zeptonow.com/pn/only-earth-oats-belgian-chocolate-milk-shake-tetrapack/pvid/0310005b-f972-4233-9ede-adb178667e70,"https://cdn.zeptonow.com/production/tr:w-1280,ar-1200-1200,pr-true,f-auto,q-80/cms/product_variant/9b282a98-d135-49e0-b722-54e4160f32b8.jpg"
"Dairy, Bread & Eggs",Vegan Drinks,"https://cdn.zeptonow.com/production/tr:w-90,ar-120-120,pr-true,f-auto,q-80/cms/sub_category/e577078b-9dba-4e2c-88a4-d8119d75b2d1.png",Dabur Hommade Coconut Milk 200 ml Combo,Dabur,132,170,200 ml X 2,4.4 (698),In Stock,https://www.zeptonow.com/pn/dabur-hommade-coconut-milk-200-ml-combo/pvid/3a1d6828-1cdd-4466-8ae9-e1ff0ebd9580,"https://cdn.zeptonow.com/production/tr:w-1280,ar-1500-1500,pr-true,f-auto,q-80/inventory/product/b74df2ed-ac4c-484b-ab5a-07467d41695e-311.jpg"
"Dairy, Bread & Eggs",Vegan Drinks,"https://cdn.zeptonow.com/production/tr:w-90,ar-120-120,pr-true,f-auto,q-80/cms/sub_category/e577078b-9dba-4e2c-88a4-d8119d75b2d1.png",Dabur Hommade Coconut Milk 200 ml Combo,Dabur,186,255,200 ml X 3,4.6 (577),In Stock,https://www.zeptonow.com/pn/dabur-hommade-coconut-milk-200-ml-combo/pvid/c4d1ea16-38f5-4c5f-a431-107b3c820a79,"https://cdn.zeptonow.com/production/tr:w-1280,ar-1000-1000,pr-true,f-auto,q-80/cms/product_variant/b1cd01f6-cc96-484f-a805-e76a498ed974.jpeg"
"Dairy, Bread & Eggs",Vegan Drinks,"https://cdn.zeptonow.com/production/tr:w-90,ar-120-120,pr-true,f-auto,q-80/cms/sub_category/e577078b-9dba-4e2c-88a4-d8119d75b2d1.png","Only Earth Oats Beverage Unsweetened, Non-Dairy Drink, Lactose Free(1l) & Only Earth Oats Belgian Chocolate Milk Shake Tetrapack(200ml) Combo",Only,312,335,2 combo,4.5 (689),In Stock,https://www.zeptonow.com/pn/only-earth-oats-beverage-unsweetened-non-dairy-drink-lactose-free1l-only-earth-oats-belgian-chocolate-milk-shake-tetrapack200ml-combo/pvid/3e5e9b3d-1ec2-463b-b339-fd8c94495925,"https://cdn.zeptonow.com/production/tr:w-1280,ar-1494-1494,pr-true,f-auto,q-80/cms/product_variant/649d02af-204d-4eb2-82d6-68d4150cd666.jpg"
"Dairy, Bread & Eggs",Vegan Drinks,"https://cdn.zeptonow.com/production/tr:w-90,ar-120-120,pr-true,f-auto,q-80/cms/sub_category/e577078b-9dba-4e2c-88a4-d8119d75b2d1.png",Alt Co Oats Milk 180 ml Combo,Alt,124,138,180 ml X 2,4.5 (634),In Stock,https://www.zeptonow.com/pn/alt-co-oats-milk-180-ml-combo/pvid/70f66bd9-77f0-4eb2-80cc-e0cd7960a4ad,"https://cdn.zeptonow.com/production/tr:w-1280,ar-1500-1500,pr-true,f-auto,q-80/cms/product_variant/cac5a0fd-ada4-47c3-a215-ea4f2c6b64fa.jpg"
"Dairy, Bread & Eggs",Vegan Drinks,"https://cdn.zeptonow.com/production/tr:w-90,ar-120-120,pr-true,f-auto,q-80/cms/sub_category/e577078b-9dba-4e2c-88a4-d8119d75b2d1.png",Sofit Soya drink Naturally Sugar free Tetrapack 1 l Combo,Sugar free,296,310,1 l X 2,4.6 (969),In Stock,https://www.zeptonow.com/pn/sofit-soya-drink-naturally-sugar-free-tetrapack-1-l-combo/pvid/39c19239-3950-446f-a2d3-4093734a23c4,"https://cdn.zeptonow.com/production/tr:w-1280,ar-1494-1494,pr-true,f-auto,q-80/cms/product_variant/302f0715-1bf2-4aec-925f-53d54caa876a.jpg"
"Dairy, Bread & Eggs",Vegan Drinks,"https://cdn.zeptonow.com/production/tr:w-90,ar-120-120,pr-true,f-auto,q-80/cms/sub_category/e577078b-9dba-4e2c-88a4-d8119d75b2d1.png",So Good Plant Based Soy Beverage Unsweetened Tetrapack 1 l Combo,So,242,290,1 l X 2,4.2 (763),In Stock,https://www.zeptonow.com/pn/so-good-plant-based-soy-beverage-unsweetened-tetrapack-1-l-combo/pvid/32e8da21-f4bc-4ac4-b7e0-327389306257,"https://cdn.zeptonow.com/production/tr:w-1280,ar-1500-1500,pr-true,f-auto,q-80/inventory/product/8d7da66b-d151-4785-8d77-ffc4f1227e5d-5743.jpg"
"Dairy, Bread & Eggs",Vegan Drinks,"https://cdn.zeptonow.com/production/tr:w-90,ar-120-120,pr-true,f-auto,q-80/cms/sub_category/e577078b-9dba-4e2c-88a4-d8119d75b2d1.png",Epigamia Almond Milk Unsweetened Dairy Free (Tetra Pack) 1 l Combo,Epigamia,522,650,1 l X 2,4.5 (934),In Stock,https://www.zeptonow.com/pn/epigamia-almond-milk-unsweetened-dairy-free-tetra-pack-1-l-combo/pvid/be5872b2-38e6-4fc5-a8ad-d0d78d2449a0,"https://cdn.zeptonow.com/production/tr:w-1280,ar-1500-1500,pr-true,f-auto,q-80/inventory/product/a303e2f8-051c-46ab-aed9-892eabc8a125-5917.jpg"
"Dairy, Bread & Eggs",Vegan Drinks,"https://cdn.zeptonow.com/production/tr:w-90,ar-120-120,pr-true,f-auto,q-80/cms/sub_category/e577078b-9dba-4e2c-88a4-d8119d75b2d1.png",So Good Almond Plant Based Beverage Vanilla 1000 Ml Tetra Pak 1 l Combo,So,568,600,1 l X 2,4.6 (524),In Stock,https://www.zeptonow.com/pn/so-good-almond-plant-based-beverage-vanilla-1000-ml-tetra-pak-1-l-combo/pvid/565af94c-c3ca-4466-867c-61c522b6528e,"https://cdn.zeptonow.com/production/tr:w-1280,ar-1500-1500,pr-true,f-auto,q-80/cms/product_variant/366f7ad1-9e1a-4f1e-988c-98df4ed0bc10.jpg"
"Dairy, Bread & Eggs",Vegan Drinks,"https://cdn.zeptonow.com/production/tr:w-90,ar-120-120,pr-true,f-auto,q-80/cms/sub_category/e577078b-9dba-4e2c-88a4-d8119d75b2d1.png",Only Earth Oats Vanilla Plant-based Lactose-free Shake,Only,312,335,2 combo,4.4 (567),In Stock,https://www.zeptonow.com/pn/only-earth-oats-vanilla-plant-based-lactose-free-shake/pvid/049070d6-ecc4-4371-a394-ffeb44581138,"https://cdn.zeptonow.com/production/tr:w-1280,ar-1200-1200,pr-true,f-auto,q-80/cms/product_variant/e3f94b91-10ea-4ea1-98b0-f0b526f7e0a5.jpg"
"Dairy, Bread & Eggs",Vegan Drinks,"https://cdn.zeptonow.com/production/tr:w-90,ar-120-120,pr-true,f-auto,q-80/cms/sub_category/e577078b-9dba-4e2c-88a4-d8119d75b2d1.png",So Good Plant Based Almond Beverage Unsweetened Tetrapack 1 l Combo,So,498,600,1 l X 2,4.2 (876),In Stock,https://www.zeptonow.com/pn/so-good-plant-based-almond-beverage-unsweetened-tetrapack-1-l-combo/pvid/1d79744c-e42f-43c7-bff6-47eaa5c7ff59,"https://cdn.zeptonow.com/production/tr:w-1280,ar-1500-1500,pr-true,f-auto,q-80/cms/product_variant/6249.jpg"
"Dairy, Bread & Eggs",Vegan Drinks,"https://cdn.zeptonow.com/production/tr:w-90,ar-120-120,pr-true,f-auto,q-80/cms/sub_category/e577078b-9dba-4e2c-88a4-d8119d75b2d1.png",Only Earth Oats Shake Cold Coffee Non Dairy Drink Lactose Free 200 ml Combo,Only,66,80,200 ml X 2,4.3 (732),In Stock,https://www.zeptonow.com/pn/only-earth-oats-shake-cold-coffee-non-dairy-drink-lactose-free-200-ml-combo/pvid/b5b7761a-0676-49f7-ac2a-ecfacc550162,"https://cdn.zeptonow.com/production/tr:w-1280,ar-1494-1494,pr-true,f-auto,q-80/cms/product_variant/937e9143-bbdd-4f55-b31d-d458a578e567.jpg"
"Dairy, Bread & Eggs",Vegan Drinks,"https://cdn.zeptonow.com/production/tr:w-90,ar-120-120,pr-true,f-auto,q-80/cms/sub_category/e577078b-9dba-4e2c-88a4-d8119d75b2d1.png","Only Earth Oats Beverage Unsweetened, Non-Dairy Drink, Lactose Free(1l) & Only Earth Oats Strawberry Plant-Based Shake(200ml) Combo",Only,312,335,2 combo,4.2 (132),In Stock,https://www.zeptonow.com/pn/only-earth-oats-beverage-unsweetened-non-dairy-drink-lactose-free1l-only-earth-oats-strawberry-plant-based-shake200ml-combo/pvid/0119ddc9-1167-462d-ba60-35025ce817cb,"https://cdn.zeptonow.com/production/tr:w-1280,ar-1494-1494,pr-true,f-auto,q-80/cms/product_variant/d3e73e9f-bc41-4bb7-9b69-5ad5bd31ad68.jpg"
"Dairy, Bread & Eggs",Vegan Drinks,"https://cdn.zeptonow.com/production/tr:w-90,ar-120-120,pr-true,f-auto,q-80/cms/sub_category/e577078b-9dba-4e2c-88a4-d8119d75b2d1.png",So Good Plant Based Soy Beverage Unsweetened Tetrapack 1 l Combo,So,256,290,1 l X 2,4.2 (86),In Stock,https://www.zeptonow.com/pn/so-good-plant-based-soy-beverage-unsweetened-tetrapack-1-l-combo/pvid/bc077d1b-e9a9-469a-b8e7-99fa9d7d750c,"https://cdn.zeptonow.com/production/tr:w-1280,ar-1500-1500,pr-true,f-auto,q-80/inventory/product/1970bcb3-e2d8-4bd9-98cd-883300a67bef-3800.jpg"
"Dairy, Bread & Eggs",Vegan Drinks,"https://cdn.zeptonow.com/production/tr:w-90,ar-120-120,pr-true,f-auto,q-80/cms/sub_category/e577078b-9dba-4e2c-88a4-d8119d75b2d1.png",Alt Co Oat Beverage 1 l Combo,Alt,514,598,1 l X 2,4.7 (142),In Stock,https://www.zeptonow.com/pn/alt-co-oat-beverage-1-l-combo/pvid/808d7295-c81a-43ed-8f0e-7d24b3481241,"https://cdn.zeptonow.com/production/tr:w-1280,ar-1875-1875,pr-true,f-auto,q-80/cms/product_variant/dk.jpg"
"Dairy, Bread & Eggs",Vegan Drinks,"https://cdn.zeptonow.com/production/tr:w-90,ar-120-120,pr-true,f-auto,q-80/cms/sub_category/e577078b-9dba-4e2c-88a4-d8119d75b2d1.png",Raw Pressery Almond Milk Cacao - Lactose Free 1 l Combo,Raw Pressery,468,650,1 l X 2,4.5 (525),In Stock,https://www.zeptonow.com/pn/raw-pressery-almond-milk-cacao-lactose-free-1-l-combo/pvid/865ed69e-b004-4683-8911-0d289ca4d13c,"https://cdn.zeptonow.com/production/tr:w-1280,ar-1500-1500,pr-true,f-auto,q-80/cms/product_variant/39256dd3-9b80-4476-bddd-4da70538f4c8.jpg"
"Dairy, Bread & Eggs",Vegan Drinks,"https://cdn.zeptonow.com/production/tr:w-90,ar-120-120,pr-true,f-auto,q-80/cms/sub_category/e577078b-9dba-4e2c-88a4-d8119d75b2d1.png",Only Earth Oats Shake Cold Coffee | Non Dairy Drink | Lactose Free,Only,312,335,2 combo,4.3 (365),In Stock,https://www.zeptonow.com/pn/only-earth-oats-shake-cold-coffee-non-dairy-drink-lactose-free/pvid/08b3936f-c57c-40df-8c31-d6abe025c7df,"https://cdn.zeptonow.com/production/tr:w-1280,ar-1200-1200,pr-true,f-auto,q-80/cms/product_variant/fd957b11-380a-457a-b53d-835704197b4a.jpg"
"Dairy, Bread & Eggs",Vegan Drinks,"https://cdn.zeptonow.com/production/tr:w-90,ar-120-120,pr-true,f-auto,q-80/cms/sub_category/e577078b-9dba-4e2c-88a4-d8119d75b2d1.png",Only Earth Almond Drink | Unsweetened Tetrapack 1 l Combo,Only,470,570,1 l X 2,4.3 (559),In Stock,https://www.zeptonow.com/pn/only-earth-almond-drink-unsweetened-tetrapack-1-l-combo/pvid/de8db1fd-ee4b-43c6-8fd5-647e727a856d,"https://cdn.zeptonow.com/production/tr:w-1280,ar-1494-1494,pr-true,f-auto,q-80/cms/product_variant/fe12789a-5c45-443a-a8d2-c36c8cd8eae9.jpg"
"Dairy, Bread & Eggs",Vegan Drinks,"https://cdn.zeptonow.com/production/tr:w-90,ar-120-120,pr-true,f-auto,q-80/cms/sub_category/e577078b-9dba-4e2c-88a4-d8119d75b2d1.png",Only Earth Coconut Milk | Unsweetened Tetrapack 1 l Combo,Only,488,590,1 l X 2,4.7 (659),In Stock,https://www.zeptonow.com/pn/only-earth-coconut-milk-unsweetened-tetrapack-1-l-combo/pvid/8e209e97-895a-41ad-b827-085f90d8cb2b,"https://cdn.zeptonow.com/production/tr:w-1280,ar-1500-1500,pr-true,f-auto,q-80/cms/product_variant/b811eaea-6234-473e-aebd-13c75c23c480.jpg"
"Dairy, Bread & Eggs",Vegan Drinks,"https://cdn.zeptonow.com/production/tr:w-90,ar-120-120,pr-true,f-auto,q-80/cms/sub_category/e577078b-9dba-4e2c-88a4-d8119d75b2d1.png",Only Earth Oats Shake - Alphonso Mango | Plant-Based | Lactose-Free,Only,312,335,2 combo,4.5 (120),In Stock,https://www.zeptonow.com/pn/only-earth-oats-shake-alphonso-mango-plant-based-lactose-free/pvid/e73a4a17-fe55-4c3f-9125-81747102706d,"https://cdn.zeptonow.com/production/tr:w-1280,ar-1200-1200,pr-true,f-auto,q-80/cms/product_variant/df18b239-007f-4ad2-8ed3-a0ea6ab57509.jpg"
"Dairy, Bread & Eggs",Vegan Drinks,"https://cdn.zeptonow.com/production/tr:w-90,ar-120-120,pr-true,f-auto,q-80/cms/sub_category/e577078b-9dba-4e2c-88a4-d8119d75b2d1.png",KLF Coconad Coconut Milk,KLF,165,165,400 ml,4.4 (201),Sold Out,https://www.zeptonow.com/pn/klf-coconad-coconut-milk/pvid/aac295dd-8e2a-48f8-bf09-c90ea72996bf,"https://cdn.zeptonow.com/production/tr:w-1280,ar-2000-2000,pr-true,f-auto,q-80/cms/product_variant/3ab0f799-e872-4715-bbec-58e6aae219d3.jpeg"
"Dairy, Bread & Eggs",Vegan Drinks,"https://cdn.zeptonow.com/production/tr:w-90,ar-120-120,pr-true,f-auto,q-80/cms/sub_category/e577078b-9dba-4e2c-88a4-d8119d75b2d1.png",Sofit Unsweetened Almond Milk Drink,Sofit,222,330,1 L,4.3 (217),Sold Out,https://www.zeptonow.com/pn/sofit-unsweetened-almond-milk-drink/pvid/f73bcce6-e648-479d-87fe-7e664f8af1e3,"https://cdn.zeptonow.com/production/tr:w-1280,ar-2400-2400,pr-true,f-auto,q-80/cms/product_variant/d0043146-1862-44b9-b0ae-c48d716bb007.jpeg"
"Dairy, Bread & Eggs",Vegan Drinks,"https://cdn.zeptonow.com/production/tr:w-90,ar-120-120,pr-true,f-auto,q-80/cms/sub_category/e577078b-9dba-4e2c-88a4-d8119d75b2d1.png",So Good Almond Milk,So,75,75,200 ml,4.1 (1.4k),Sold Out,https://www.zeptonow.com/pn/so-good-almond-milk/pvid/59c49f2d-ee8e-481f-bfe9-2bbf67ea8cda,"https://cdn.zeptonow.com/production/tr:w-1280,ar-1500-1500,pr-true,f-auto,q-80/cms/product_variant/8e893d4e-da86-4130-bd54-ee18940dbe95.jpeg"
"Dairy, Bread & Eggs",Vegan Drinks,"https://cdn.zeptonow.com/production/tr:w-90,ar-120-120,pr-true,f-auto,q-80/cms/sub_category/e577078b-9dba-4e2c-88a4-d8119d75b2d1.png",Real Thai Coconut Milk,Real Thai,170,195,400 ml,4.5 (271),Sold Out,https://www.zeptonow.com/pn/real-thai-coconut-milk/pvid/cd818c17-ac3a-4017-845a-41154283d618,"https://cdn.zeptonow.com/production/tr:w-1280,ar-1000-1000,pr-true,f-auto,q-80/cms/product_variant/ed52d041-74d6-4171-b564-9c028b1a0e65.jpeg"
"Dairy, Bread & Eggs",Vegan Drinks,"https://cdn.zeptonow.com/production/tr:w-90,ar-120-120,pr-true,f-auto,q-80/cms/sub_category/e577078b-9dba-4e2c-88a4-d8119d75b2d1.png",Sofit Chocolate Soy Milk,Sofit,38,40,180 ml,4.4 (1.5k),Sold Out,https://www.zeptonow.com/pn/sofit-chocolate-soy-milk/pvid/7de592dd-7983-47b8-90fc-61668d6bbd9a,"https://cdn.zeptonow.com/production/tr:w-1280,ar-2400-2400,pr-true,f-auto,q-80/cms/product_variant/94f141c4-291b-4521-aed3-66726a8132f2.jpeg"
"Dairy, Bread & Eggs",Vegan Drinks,"https://cdn.zeptonow.com/production/tr:w-90,ar-120-120,pr-true,f-auto,q-80/cms/sub_category/e577078b-9dba-4e2c-88a4-d8119d75b2d1.png",Raw Pressery Almond Milk,Raw Pressery,270,325,1 L,4.5 (294),Sold Out,https://www.zeptonow.com/pn/raw-pressery-almond-milk/pvid/1b1b90cc-ad0a-4f14-81a4-14f22b8b64ac,"https://cdn.zeptonow.com/production/tr:w-1280,ar-1500-1500,pr-true,f-auto,q-80/cms/product_variant/f19cec89-f8f7-4054-bd30-a033655f61f1.jpeg"
"Dairy, Bread & Eggs",Vegan Drinks,"https://cdn.zeptonow.com/production/tr:w-90,ar-120-120,pr-true,f-auto,q-80/cms/sub_category/e577078b-9dba-4e2c-88a4-d8119d75b2d1.png",So Good Regular Oat Milk,So,270,300,1 L,4.7 (142),Sold Out,https://www.zeptonow.com/pn/so-good-regular-oat-milk/pvid/cedaec19-a71a-4fd7-8a34-8af2e85591f6,"https://cdn.zeptonow.com/production/tr:w-1280,ar-1500-1500,pr-true,f-auto,q-80/cms/product_variant/744a51d6-763d-4a22-a2c5-fa91d66f41bd.jpeg"
"Dairy, Bread & Eggs",Vegan Drinks,"https://cdn.zeptonow.com/production/tr:w-90,ar-120-120,pr-true,f-auto,q-80/cms/sub_category/e577078b-9dba-4e2c-88a4-d8119d75b2d1.png",So Good Barista Oat Beverage,So,260,325,1 L,5 (68),Sold Out,https://www.zeptonow.com/pn/so-good-barista-oat-beverage/pvid/33833e18-df7a-46d4-bd41-32abd6a71f16,"https://cdn.zeptonow.com/production/tr:w-1280,ar-1200-1200,pr-true,f-auto,q-80/cms/product_variant/54ad1ce1-7960-4bbc-961e-a2be835e0371.jpg"
