main_category,sub_category,sub_category_image_url,product_name,brand,price,original_price,quantity,rating,stock_status,product_url,image_url
Frozen Food & Ice Creams,Top Picks,"https://cdn.zeptonow.com/production/tr:w-90,ar-120-121,pr-true,f-auto,q-80/cms/sub_category/53.png",iD Fresh Malabar Parota,iD,105,105,400 g,4.7 (40.8k),In Stock,https://www.zeptonow.com/pn/id-fresh-malabar-parota/pvid/32262b8b-8205-43db-995f-9c32d020292b,"https://cdn.zeptonow.com/production/tr:w-1280,ar-1200-1200,pr-true,f-auto,q-80/cms/product_variant/65a31aa3-81f9-4184-9531-122feed06451.jpeg"
Frozen Food & Ice Creams,Top Picks,"https://cdn.zeptonow.com/production/tr:w-90,ar-120-121,pr-true,f-auto,q-80/cms/sub_category/53.png",Yummiez Green Peas,Yu,149,160,500 g,4.6 (10.1k),In Stock,https://www.zeptonow.com/pn/yummiez-green-peas/pvid/46cd5bc6-3f03-4faf-a6d8-4825cbc0cd8e,"https://cdn.zeptonow.com/production/tr:w-1280,ar-1200-1200,pr-true,f-auto,q-80/cms/product_variant/2c3cf0da-b016-4b5d-b68d-2803cf604e41.jpeg"
Frozen Food & Ice Creams,Top Picks,"https://cdn.zeptonow.com/production/tr:w-90,ar-120-121,pr-true,f-auto,q-80/cms/sub_category/53.png",McCain French Fries,McCain,98,125,420 g,4.7 (56.4k),In Stock,https://www.zeptonow.com/pn/mccain-french-fries/pvid/cefb066b-c0f5-4a09-abc8-683f67daf141,"https://cdn.zeptonow.com/production/tr:w-1280,ar-3481-3999,pr-true,f-auto,q-80/cms/product_variant/c51703d3-5c97-4d5e-8cee-1c012802f318.jpeg"
Frozen Food & Ice Creams,Top Picks,"https://cdn.zeptonow.com/production/tr:w-90,ar-120-121,pr-true,f-auto,q-80/cms/sub_category/53.png",McCain Smiles,McCain,150,150,415 g,4.6 (16.3k),In Stock,https://www.zeptonow.com/pn/mccain-smiles/pvid/581b568c-738f-4d74-a46a-12fb2926cf3f,"https://cdn.zeptonow.com/production/tr:w-1280,ar-1200-1200,pr-true,f-auto,q-80/cms/product_variant/d898fdfb-c5ca-4696-9d27-35bb96e2062d.jpeg"
Frozen Food & Ice Creams,Top Picks,"https://cdn.zeptonow.com/production/tr:w-90,ar-120-121,pr-true,f-auto,q-80/cms/sub_category/53.png",McCain Variety Pack,McCain,175,175,550 g,4.7 (18.0k),In Stock,https://www.zeptonow.com/pn/mccain-variety-pack/pvid/442e670e-111f-48ee-8aea-84b26a4ff62d,"https://cdn.zeptonow.com/production/tr:w-1280,ar-2400-2400,pr-true,f-auto,q-80/cms/product_variant/e625e166-0b0d-4496-abf1-c51d5ab4cce6.jpeg"
Frozen Food & Ice Creams,Top Picks,"https://cdn.zeptonow.com/production/tr:w-90,ar-120-121,pr-true,f-auto,q-80/cms/sub_category/53.png",ITC Master Chef Chicken Seekh Kebab | High in Protein | No Added preservatives | Microwave Friendly,ITC,365,365,500 g,4.8 (2.5k),In Stock,https://www.zeptonow.com/pn/itc-master-chef-chicken-seekh-kebab-high-in-protein-no-added-preservatives-microwave-friendly/pvid/c0329da3-8850-49fb-a00c-adf139731a03,"https://cdn.zeptonow.com/production/tr:w-1280,ar-2560-2560,pr-true,f-auto,q-80/cms/product_variant/8e4fc3b7-a3da-4fd8-9a98-82bce429bed8.jpeg"
Frozen Food & Ice Creams,Top Picks,"https://cdn.zeptonow.com/production/tr:w-90,ar-120-121,pr-true,f-auto,q-80/cms/sub_category/53.png",ITC Master Chef Medium Prawns | Freshly Frozen | 15 hours from the Time of Harvesting,ITC,223,250,200 g,4.6 (2.8k),In Stock,https://www.zeptonow.com/pn/itc-master-chef-medium-prawns-freshly-frozen-15-hours-from-the-time-of-harvesting/pvid/d8beb5e6-c810-4435-97dd-4b9974e52bba,"https://cdn.zeptonow.com/production/tr:w-1280,ar-2560-2560,pr-true,f-auto,q-80/cms/product_variant/8ed4a05f-0242-49c4-8f3f-669e05d1da8c.jpeg"
Frozen Food & Ice Creams,Top Picks,"https://cdn.zeptonow.com/production/tr:w-90,ar-120-121,pr-true,f-auto,q-80/cms/sub_category/53.png",Godrej Yummiez Chicken Nuggets,Yu,299,370,500 g,4.7 (2.6k),In Stock,https://www.zeptonow.com/pn/godrej-yummiez-chicken-nuggets/pvid/541131fb-3067-40ad-868d-ff506c42994f,"https://cdn.zeptonow.com/production/tr:w-1280,ar-3000-3000,pr-true,f-auto,q-80/cms/product_variant/11c52004-fa64-47f5-b588-2c8961e27ca6.jpeg"
Frozen Food & Ice Creams,Top Picks,"https://cdn.zeptonow.com/production/tr:w-90,ar-120-121,pr-true,f-auto,q-80/cms/sub_category/53.png",Prasuma Spicy Chicken Momos,MOM,306,325,1 pack (24 pcs),4.7 (2.3k),In Stock,https://www.zeptonow.com/pn/prasuma-spicy-chicken-momos/pvid/78a0044b-9bb4-47e0-8eff-d5b7cda6e189,"https://cdn.zeptonow.com/production/tr:w-1280,ar-1000-1000,pr-true,f-auto,q-80/cms/product_variant/e8253482-1d3d-4527-a3b5-52f3fb2d9b18.jpg"
Frozen Food & Ice Creams,Top Picks,"https://cdn.zeptonow.com/production/tr:w-90,ar-120-121,pr-true,f-auto,q-80/cms/sub_category/53.png",iD Fresh Whole Wheat Chapati (10 pieces),iD,79,79,400 g,4.5 (18.8k),In Stock,https://www.zeptonow.com/pn/id-fresh-whole-wheat-chapati-10-pieces/pvid/b31b9175-5030-434d-a453-4c233fbdf83a,"https://cdn.zeptonow.com/production/tr:w-1280,ar-1200-1200,pr-true,f-auto,q-80/cms/product_variant/8dfae6a8-9187-445e-bd71-283add729820.jpeg"
Frozen Food & Ice Creams,Top Picks,"https://cdn.zeptonow.com/production/tr:w-90,ar-120-121,pr-true,f-auto,q-80/cms/sub_category/53.png",Farmland Green Peas | No Added Colours,Farmland,242,320,1 kg,4.7 (5.8k),In Stock,https://www.zeptonow.com/pn/farmland-green-peas-no-added-colours/pvid/30b6be6f-85b4-4dee-8759-0235dd65653d,"https://cdn.zeptonow.com/production/tr:w-1280,ar-900-900,pr-true,f-auto,q-80/cms/product_variant/07334ac7-7510-46c6-802b-be6ae4952ed3.jpeg"
Frozen Food & Ice Creams,Top Picks,"https://cdn.zeptonow.com/production/tr:w-90,ar-120-121,pr-true,f-auto,q-80/cms/sub_category/53.png",iD Fresh Wheat Lachha Paratha,iD,110,110,400 g,4.6 (10.2k),In Stock,https://www.zeptonow.com/pn/id-fresh-wheat-lachha-paratha/pvid/b7572183-860a-4e3f-9d6d-15da396f9634,"https://cdn.zeptonow.com/production/tr:w-1280,ar-2400-2400,pr-true,f-auto,q-80/cms/product_variant/addbd655-a601-45a8-8c6d-fec2a4aa0bf0.jpeg"
Frozen Food & Ice Creams,Top Picks,"https://cdn.zeptonow.com/production/tr:w-90,ar-120-121,pr-true,f-auto,q-80/cms/sub_category/53.png",McCain Aloo Tikki,McCain,98,133,400 g,4.6 (14.7k),In Stock,https://www.zeptonow.com/pn/mccain-aloo-tikki/pvid/13d88580-0eb7-47e3-bfe3-e437e7cbcb4a,"https://cdn.zeptonow.com/production/tr:w-1280,ar-1200-1200,pr-true,f-auto,q-80/cms/product_variant/ab30dd23-7648-49d4-b0a9-99831a19b884.jpeg"
Frozen Food & Ice Creams,Top Picks,"https://cdn.zeptonow.com/production/tr:w-90,ar-120-121,pr-true,f-auto,q-80/cms/sub_category/53.png",ITC Master Chef Crispy French Fries | No Added Preservatives,ITC,125,125,420 g,4.6 (15.4k),In Stock,https://www.zeptonow.com/pn/itc-master-chef-crispy-french-fries-no-added-preservatives/pvid/940c943a-a155-4993-82df-9318339cca70,"https://cdn.zeptonow.com/production/tr:w-1280,ar-2560-2560,pr-true,f-auto,q-80/cms/product_variant/8f61ab5b-96fb-4d40-bc1c-64fe5b467d2a.jpeg"
Frozen Food & Ice Creams,Top Picks,"https://cdn.zeptonow.com/production/tr:w-90,ar-120-121,pr-true,f-auto,q-80/cms/sub_category/53.png",McCain Chilli Garlic Potato Bites,McCain,119,165,420 g,4.7 (11.9k),In Stock,https://www.zeptonow.com/pn/mccain-chilli-garlic-potato-bites/pvid/bfec78f0-068e-471b-926f-786d542019a0,"https://cdn.zeptonow.com/production/tr:w-1280,ar-2400-2400,pr-true,f-auto,q-80/cms/product_variant/70c30649-abec-42b3-ab6e-5d8d31f277fc.jpeg"
Frozen Food & Ice Creams,Top Picks,"https://cdn.zeptonow.com/production/tr:w-90,ar-120-121,pr-true,f-auto,q-80/cms/sub_category/53.png",McCain Cheese Pizza Mini Samosa,McCain,164,165,240 g,4.6 (9.4k),In Stock,https://www.zeptonow.com/pn/mccain-cheese-pizza-mini-samosa/pvid/e04a53be-0ff1-46c7-9f9e-f905890c1a40,"https://cdn.zeptonow.com/production/tr:w-1280,ar-1200-1200,pr-true,f-auto,q-80/cms/product_variant/f176d389-dd06-48f5-b105-e081c6ab2933.jpeg"
Frozen Food & Ice Creams,Top Picks,"https://cdn.zeptonow.com/production/tr:w-90,ar-120-121,pr-true,f-auto,q-80/cms/sub_category/53.png",ITC Master Chef Crunchy Chicken Nuggets | Source of Protein | No Added Preservatives | 25 pieces,ITC,325,325,450 g,4.5 (2.8k),In Stock,https://www.zeptonow.com/pn/itc-master-chef-crunchy-chicken-nuggets-source-of-protein-no-added-preservatives-25-pieces/pvid/b56796bb-02b4-4134-b2fb-f30af75a395d,"https://cdn.zeptonow.com/production/tr:w-1280,ar-2560-2560,pr-true,f-auto,q-80/cms/product_variant/d1530e69-c6c8-4467-b151-ae7766720ddd.jpeg"
Frozen Food & Ice Creams,Top Picks,"https://cdn.zeptonow.com/production/tr:w-90,ar-120-121,pr-true,f-auto,q-80/cms/sub_category/53.png",McCain Chilli Garlic Potato Bites,McCain,269,270,700 g,4.7 (9.7k),In Stock,https://www.zeptonow.com/pn/mccain-chilli-garlic-potato-bites/pvid/55e4cb09-71eb-445d-8c1c-6d0f4509b266,"https://cdn.zeptonow.com/production/tr:w-1280,ar-1200-1200,pr-true,f-auto,q-80/cms/product_variant/360d164f-b543-4a20-bbe7-8e6a7d259ac5.jpeg"
Frozen Food & Ice Creams,Top Picks,"https://cdn.zeptonow.com/production/tr:w-90,ar-120-121,pr-true,f-auto,q-80/cms/sub_category/53.png",McCain Veggie Burger Patty,McCain,150,150,360 g,4.6 (7.5k),In Stock,https://www.zeptonow.com/pn/mccain-veggie-burger-patty/pvid/ef653983-be9e-495c-bcb1-96c369e8670e,"https://cdn.zeptonow.com/production/tr:w-1280,ar-1200-1200,pr-true,f-auto,q-80/cms/product_variant/e9073381-8f80-41bf-9427-d527be6fee1e.jpeg"
Frozen Food & Ice Creams,Top Picks,"https://cdn.zeptonow.com/production/tr:w-90,ar-120-121,pr-true,f-auto,q-80/cms/sub_category/53.png",ITC Master Chef Cheesy Corn Triangle Nugget | Goodness of Protein | With Cheddar Cheese | 18 pieces,ITC,160,195,320 g,4.4 (620),In Stock,https://www.zeptonow.com/pn/itc-master-chef-cheesy-corn-triangle-nugget-goodness-of-protein-with-cheddar-cheese-18-pieces/pvid/23ef4b22-5cda-4ea2-8d52-fa846ecd3c62,"https://cdn.zeptonow.com/production/tr:w-1280,ar-2560-2560,pr-true,f-auto,q-80/cms/product_variant/6268e344-142d-4c7e-92ac-0f3f65bd2e99.jpeg"
Frozen Food & Ice Creams,Top Picks,"https://cdn.zeptonow.com/production/tr:w-90,ar-120-121,pr-true,f-auto,q-80/cms/sub_category/53.png",Prasuma Pork Breakfast Bacon,Prasuma,384,395,300 g,4.8 (309),In Stock,https://www.zeptonow.com/pn/prasuma-pork-breakfast-bacon/pvid/aaabbe07-af05-4ea8-973b-29e8bb744af0,"https://cdn.zeptonow.com/production/tr:w-1280,ar-1000-1000,pr-true,f-auto,q-80/cms/product_variant/e1277e43-6f10-47a4-acb6-61969e41d76b.jpeg"
Frozen Food & Ice Creams,Top Picks,"https://cdn.zeptonow.com/production/tr:w-90,ar-120-121,pr-true,f-auto,q-80/cms/sub_category/53.png",Farmland Sweet Corn | No Added Colours,Farmland,198,200,1 kg,4.7 (959),In Stock,https://www.zeptonow.com/pn/farmland-sweet-corn-no-added-colours/pvid/ff3befcf-7cd2-4278-a92a-445a4d5fd51d,"https://cdn.zeptonow.com/production/tr:w-1280,ar-900-900,pr-true,f-auto,q-80/cms/product_variant/8380dd78-7a08-4c8c-b7c9-410832d77292.jpeg"
Frozen Food & Ice Creams,Top Picks,"https://cdn.zeptonow.com/production/tr:w-90,ar-120-121,pr-true,f-auto,q-80/cms/sub_category/53.png",Godrej Yummiez Chicken Breakfast Sausage,Yu,259,325,500 g,4.6 (309),In Stock,https://www.zeptonow.com/pn/godrej-yummiez-chicken-breakfast-sausage/pvid/95503470-af74-4ff0-ae05-4dd1ea393069,"https://cdn.zeptonow.com/production/tr:w-1280,ar-1200-1200,pr-true,f-auto,q-80/cms/product_variant/ce4b4e05-af6c-4265-af47-f6aac30e354b.jpeg"
Frozen Food & Ice Creams,Top Picks,"https://cdn.zeptonow.com/production/tr:w-90,ar-120-121,pr-true,f-auto,q-80/cms/sub_category/53.png",Yummiez American Sweet Corn,Yu,98,110,400 g,4.5 (3.0k),In Stock,https://www.zeptonow.com/pn/yummiez-american-sweet-corn/pvid/8dee25c8-4a21-48f5-a33f-65e838a2ca10,"https://cdn.zeptonow.com/production/tr:w-1280,ar-1200-1200,pr-true,f-auto,q-80/cms/product_variant/9ac81fed-76dd-48f8-add2-8d92a9329626.jpeg"
Frozen Food & Ice Creams,Top Picks,"https://cdn.zeptonow.com/production/tr:w-90,ar-120-121,pr-true,f-auto,q-80/cms/sub_category/53.png",Godrej Yummiez Large Prawns,Yu,233,280,200 g,4.5 (458),In Stock,https://www.zeptonow.com/pn/godrej-yummiez-large-prawns/pvid/27f20e4d-dc39-43b7-a586-aa5d36595fbd,"https://cdn.zeptonow.com/production/tr:w-1280,ar-1200-1200,pr-true,f-auto,q-80/cms/product_variant/78944c74-fe70-43ea-8c16-950c2534e955.jpeg"
Frozen Food & Ice Creams,Top Picks,"https://cdn.zeptonow.com/production/tr:w-90,ar-120-121,pr-true,f-auto,q-80/cms/sub_category/53.png",Godrej yummiez Pepper and Herb Sausages,Yu,316,345,500 g,4.2 (381),In Stock,https://www.zeptonow.com/pn/godrej-yummiez-pepper-and-herb-sausages/pvid/581cae53-c9d0-4252-8aa1-9685bbfce841,"https://cdn.zeptonow.com/production/tr:w-1280,ar-1200-1200,pr-true,f-auto,q-80/cms/product_variant/16bf3c36-5df2-4dc0-ac00-0a6dda51d92f.jpeg"
Frozen Food & Ice Creams,Top Picks,"https://cdn.zeptonow.com/production/tr:w-90,ar-120-121,pr-true,f-auto,q-80/cms/sub_category/53.png",Godrej Chicken Breast Boneless (Freshly Frozen),Godrej,244,270,450 g,4 (564),In Stock,https://www.zeptonow.com/pn/godrej-chicken-breast-boneless-freshly-frozen/pvid/6d87a3b9-2658-4a5c-be58-c4d620c7f14a,"https://cdn.zeptonow.com/production/tr:w-1280,ar-1080-1080,pr-true,f-auto,q-80/cms/product_variant/6feaf362-6023-4850-a0ce-2913df260484.jpeg"
Frozen Food & Ice Creams,Top Picks,"https://cdn.zeptonow.com/production/tr:w-90,ar-120-121,pr-true,f-auto,q-80/cms/sub_category/53.png",Aashirvaad Ready To Cook Paneer Paratha,Aashirvaad,198,250,400 g,4 (423),In Stock,https://www.zeptonow.com/pn/aashirvaad-ready-to-cook-paneer-paratha/pvid/ef6c6180-b02e-480e-9e7c-cfe8016adc3b,"https://cdn.zeptonow.com/production/tr:w-1280,ar-1412-1412,pr-true,f-auto,q-80/cms/product_variant/b2bf068b-f9d3-4f0a-8cfa-4dbe3989d39e.jpg"
Frozen Food & Ice Creams,Top Picks,"https://cdn.zeptonow.com/production/tr:w-90,ar-120-121,pr-true,f-auto,q-80/cms/sub_category/53.png",ITC Master Chef Chili Garlic Potato Shots Nuggets | 52 pieces,ITC,118,135,420 g,4.7 (1.2k),In Stock,https://www.zeptonow.com/pn/itc-master-chef-chili-garlic-potato-shots-nuggets-52-pieces/pvid/6bfe5eec-7667-40a0-b159-6ed5f7f8973a,"https://cdn.zeptonow.com/production/tr:w-1280,ar-2560-2560,pr-true,f-auto,q-80/cms/product_variant/714559d6-c984-4c39-a46d-f67fde3229b1.jpeg"
Frozen Food & Ice Creams,Top Picks,"https://cdn.zeptonow.com/production/tr:w-90,ar-120-121,pr-true,f-auto,q-80/cms/sub_category/53.png",Yummiez Green Peas,Yu,259,280,1 kg,4.6 (6.7k),In Stock,https://www.zeptonow.com/pn/yummiez-green-peas/pvid/d0a89dbd-71da-4e79-8a70-1cceae9b28e9,"https://cdn.zeptonow.com/production/tr:w-1280,ar-1200-1200,pr-true,f-auto,q-80/cms/product_variant/21aa68be-c7b2-4c56-bd91-75cf12d2c7a7.jpeg"
Frozen Food & Ice Creams,Top Picks,"https://cdn.zeptonow.com/production/tr:w-90,ar-120-121,pr-true,f-auto,q-80/cms/sub_category/53.png",Godrej Yummiez Chicken Cheese Cocktail Sausages,Yu,239,250,400 g,4.5 (516),In Stock,https://www.zeptonow.com/pn/godrej-yummiez-chicken-cheese-cocktail-sausages/pvid/4b58aefb-af4d-47fa-8633-042a385d5799,"https://cdn.zeptonow.com/production/tr:w-1280,ar-2400-2400,pr-true,f-auto,q-80/cms/product_variant/28bb9cc4-a652-4a98-b2d4-09ee7a51054c.jpg"
Frozen Food & Ice Creams,Top Picks,"https://cdn.zeptonow.com/production/tr:w-90,ar-120-121,pr-true,f-auto,q-80/cms/sub_category/53.png",ITC Master Chef Chicken Breast Strips | High in Protein | No Added Preservatives | 12 pieces,ITC,347,385,500 g,4.6 (269),In Stock,https://www.zeptonow.com/pn/itc-master-chef-chicken-breast-strips-high-in-protein-no-added-preservatives-12-pieces/pvid/dc09676e-0637-439b-ae8f-3682a26652f8,"https://cdn.zeptonow.com/production/tr:w-1280,ar-2560-2560,pr-true,f-auto,q-80/cms/product_variant/4a64d239-5cd8-4e68-813e-57903bd5f29c.jpeg"
Frozen Food & Ice Creams,Top Picks,"https://cdn.zeptonow.com/production/tr:w-90,ar-120-121,pr-true,f-auto,q-80/cms/sub_category/53.png",Godrej Chicken Curry Cut (Freshly Frozen),Godrej,166,200,500 g,4.2 (82),In Stock,https://www.zeptonow.com/pn/godrej-chicken-curry-cut-freshly-frozen/pvid/a643afc9-31f0-4e5d-98ca-b0aed4df1b47,"https://cdn.zeptonow.com/production/tr:w-1280,ar-1080-1080,pr-true,f-auto,q-80/cms/product_variant/d8bca61a-c4f3-4dc5-b4c5-11d8a0c4a3cf.jpeg"
Frozen Food & Ice Creams,Top Picks,"https://cdn.zeptonow.com/production/tr:w-90,ar-120-121,pr-true,f-auto,q-80/cms/sub_category/53.png",Asal Malabar Parota,Asal,70,99,450 g,4.5 (3.2k),In Stock,https://www.zeptonow.com/pn/asal-malabar-parota/pvid/fc4a73da-2f4c-4cf8-93cd-728abd26c8cb,"https://cdn.zeptonow.com/production/tr:w-1280,ar-2400-2400,pr-true,f-auto,q-80/cms/product_variant/92724563-2427-470b-b9e5-cdadcd66270e.jpeg"
Frozen Food & Ice Creams,Top Picks,"https://cdn.zeptonow.com/production/tr:w-90,ar-120-121,pr-true,f-auto,q-80/cms/sub_category/53.png",Frugivore Frozen Blueberry,Frugivore,638,980,500 g,4 (180),In Stock,https://www.zeptonow.com/pn/frugivore-frozen-blueberry/pvid/ddefa6d5-0e81-479c-ac14-427a13dbfd7b,"https://cdn.zeptonow.com/production/tr:w-1280,ar-1080-1080,pr-true,f-auto,q-80/cms/product_variant/5164a40a-92e3-4be1-9b54-9e60180f3874.jpeg"
Frozen Food & Ice Creams,Top Picks,"https://cdn.zeptonow.com/production/tr:w-90,ar-120-121,pr-true,f-auto,q-80/cms/sub_category/53.png",Yummiez Chicken Pepper and Herb Sausage Pouch,Yu,189,199,250 g,4.5 (512),In Stock,https://www.zeptonow.com/pn/yummiez-chicken-pepper-and-herb-sausage-pouch/pvid/d5ec6917-0d77-45a6-8f38-c95c9e0bbc6f,"https://cdn.zeptonow.com/production/tr:w-1280,ar-1000-1000,pr-true,f-auto,q-80/cms/product_variant/89ea06c9-be01-4888-9800-a81a844a6dec.jpeg"
Frozen Food & Ice Creams,Top Picks,"https://cdn.zeptonow.com/production/tr:w-90,ar-120-121,pr-true,f-auto,q-80/cms/sub_category/53.png",ITC Master Chef Chicken Popcorn | Source of Protein | No Added Preservatives | 55 pieces,ITC,321,345,500 g,4.2 (1.1k),In Stock,https://www.zeptonow.com/pn/itc-master-chef-chicken-popcorn-source-of-protein-no-added-preservatives-55-pieces/pvid/761ae641-3bad-4359-992b-de864a5fe746,"https://cdn.zeptonow.com/production/tr:w-1280,ar-2560-2560,pr-true,f-auto,q-80/cms/product_variant/e4510629-f767-43f3-b59e-3bd406dab4b5.jpeg"
Frozen Food & Ice Creams,Top Picks,"https://cdn.zeptonow.com/production/tr:w-90,ar-120-121,pr-true,f-auto,q-80/cms/sub_category/53.png",Godrej Yummiez Cheese Corn Nuggets,Yu,229,250,400 g,4.6 (2.5k),In Stock,https://www.zeptonow.com/pn/godrej-yummiez-cheese-corn-nuggets/pvid/42ebac0d-14a3-468b-a2cd-bdf9247cc336,"https://cdn.zeptonow.com/production/tr:w-1280,ar-1200-1200,pr-true,f-auto,q-80/cms/product_variant/954e426e-16e9-43ed-b29a-94752209345c.jpeg"
Frozen Food & Ice Creams,Top Picks,"https://cdn.zeptonow.com/production/tr:w-90,ar-120-121,pr-true,f-auto,q-80/cms/sub_category/53.png",Godrej Yummiez Real Good Chicken Drumstick,Yu,250,250,500 g,3.9 (85),In Stock,https://www.zeptonow.com/pn/godrej-yummiez-real-good-chicken-drumstick/pvid/b14fbf64-ab1b-4144-be64-8239f1c0a234,"https://cdn.zeptonow.com/production/tr:w-1280,ar-3611-3611,pr-true,f-auto,q-80/cms/product_variant/543c09cb-64c5-4753-a792-eae6ed945b3e.jpg"
Frozen Food & Ice Creams,Top Picks,"https://cdn.zeptonow.com/production/tr:w-90,ar-120-121,pr-true,f-auto,q-80/cms/sub_category/53.png",Godrej Yummiez Chicken Pepper & Herb Salami,Yu,188,199,250 g,4.3 (606),In Stock,https://www.zeptonow.com/pn/godrej-yummiez-chicken-pepper-herb-salami/pvid/51769c4b-f6df-499a-82ff-dad02837da99,"https://cdn.zeptonow.com/production/tr:w-1280,ar-2400-2400,pr-true,f-auto,q-80/cms/product_variant/5359d67a-7045-4378-b5d7-18118811c078.jpeg"
Frozen Food & Ice Creams,Top Picks,"https://cdn.zeptonow.com/production/tr:w-90,ar-120-121,pr-true,f-auto,q-80/cms/sub_category/53.png",Hyfun Jalapeno Cheesy Pops,Hyfun,128,200,250 g,4.9 (87),In Stock,https://www.zeptonow.com/pn/hyfun-jalapeno-cheesy-pops/pvid/69a3e076-f7c2-41bd-865e-3c55c5282a3b,"https://cdn.zeptonow.com/production/tr:w-1280,ar-1500-1500,pr-true,f-auto,q-80/cms/product_variant/4ab24369-3398-41af-ab28-93245b3bf117.jpeg"
Frozen Food & Ice Creams,Top Picks,"https://cdn.zeptonow.com/production/tr:w-90,ar-120-121,pr-true,f-auto,q-80/cms/sub_category/53.png",ITC Master Chef Desi Style Chicken Patty | Goodness of Protein | No Added Preservatives | 6 pieces,ITC,200,210,330 g,4.7 (2.6k),In Stock,https://www.zeptonow.com/pn/itc-master-chef-desi-style-chicken-patty-goodness-of-protein-no-added-preservatives-6-pieces/pvid/f2467cd1-f389-495f-8d52-6116eb4b8c5b,"https://cdn.zeptonow.com/production/tr:w-1280,ar-2560-2560,pr-true,f-auto,q-80/cms/product_variant/4e5e0aa4-dd57-40f3-91ce-d94190cfe30f.jpeg"
Frozen Food & Ice Creams,Top Picks,"https://cdn.zeptonow.com/production/tr:w-90,ar-120-121,pr-true,f-auto,q-80/cms/sub_category/53.png",Frugivore Frozen Cranberry,Frugivore,312,480,200 g,5 (81),In Stock,https://www.zeptonow.com/pn/frugivore-frozen-cranberry/pvid/3cced78a-606d-4d09-8da9-c89c9b4f24ba,"https://cdn.zeptonow.com/production/tr:w-1280,ar-1080-1080,pr-true,f-auto,q-80/cms/product_variant/1ca64b34-a5d3-4731-be25-019113d4231c.jpeg"
Frozen Food & Ice Creams,Top Picks,"https://cdn.zeptonow.com/production/tr:w-90,ar-120-121,pr-true,f-auto,q-80/cms/sub_category/53.png",Prasuma Chicken Breakfast Bacon,Prasuma,285,320,200 g,4.5 (252),In Stock,https://www.zeptonow.com/pn/prasuma-chicken-breakfast-bacon/pvid/46db6fe2-77ba-42d9-92d7-8885a81ecd78,"https://cdn.zeptonow.com/production/tr:w-1280,ar-1000-1000,pr-true,f-auto,q-80/cms/product_variant/dff8d566-adc7-41b4-aa36-b32151186546.jpeg"
Frozen Food & Ice Creams,Top Picks,"https://cdn.zeptonow.com/production/tr:w-90,ar-120-121,pr-true,f-auto,q-80/cms/sub_category/53.png",Godrej Yummiez Chicken Punjabi Tikka,Yu,196,325,360 g,4.9 (80),In Stock,https://www.zeptonow.com/pn/godrej-yummiez-chicken-punjabi-tikka/pvid/28e428c5-172d-46c6-9830-cd7f6e4fb99a,"https://cdn.zeptonow.com/production/tr:w-1280,ar-1200-1286,pr-true,f-auto,q-80/cms/product_variant/5170fe70-2166-4eff-90d6-75df15566299.jpeg"
Frozen Food & Ice Creams,Top Picks,"https://cdn.zeptonow.com/production/tr:w-90,ar-120-121,pr-true,f-auto,q-80/cms/sub_category/53.png",Deli Chic Mutton Curry Cut Freshly Frozen),Deli,511,625,500 g,4.2 (71),In Stock,https://www.zeptonow.com/pn/deli-chic-mutton-curry-cut-freshly-frozen/pvid/6f100891-1a24-4663-8e67-ea069dc8cf14,"https://cdn.zeptonow.com/production/tr:w-1280,ar-834-1000,pr-true,f-auto,q-80/cms/product_variant/785a3588-d02c-4696-9c1b-3713d3d8483a.jpg"
Frozen Food & Ice Creams,Top Picks,"https://cdn.zeptonow.com/production/tr:w-90,ar-120-121,pr-true,f-auto,q-80/cms/sub_category/53.png",Prasuma Chicken Ham,Prasuma,175,195,200 g,4.5 (530),In Stock,https://www.zeptonow.com/pn/prasuma-chicken-ham/pvid/417e0248-653c-4f8f-b602-47e82710f444,"https://cdn.zeptonow.com/production/tr:w-1280,ar-1000-1000,pr-true,f-auto,q-80/cms/product_variant/9962486f-d22f-4cb4-8cef-7da8b7238c38.jpeg"
Frozen Food & Ice Creams,Top Picks,"https://cdn.zeptonow.com/production/tr:w-90,ar-120-121,pr-true,f-auto,q-80/cms/sub_category/53.png",Yummiez Chicken Popcorn Pou,Yu,249,275,400 g,4.3 (535),In Stock,https://www.zeptonow.com/pn/yummiez-chicken-popcorn-pou/pvid/101ca18a-5c90-4ee1-828e-83ada12d6fa9,"https://cdn.zeptonow.com/production/tr:w-1280,ar-2400-2400,pr-true,f-auto,q-80/cms/product_variant/0678e42d-2bd8-427d-8bcc-098e4ed1720f.jpeg"
Frozen Food & Ice Creams,Top Picks,"https://cdn.zeptonow.com/production/tr:w-90,ar-120-121,pr-true,f-auto,q-80/cms/sub_category/53.png",Godrej Yummiez Chilli Chicken Sausages,Yu,188,190,250 g,4.5 (910),In Stock,https://www.zeptonow.com/pn/godrej-yummiez-chilli-chicken-sausages/pvid/7d800526-66e6-4294-b24e-077c3685bce8,"https://cdn.zeptonow.com/production/tr:w-1280,ar-1200-1200,pr-true,f-auto,q-80/cms/product_variant/5ec61cbe-c444-498b-ae98-5ca667e058e3.jpeg"
Frozen Food & Ice Creams,Top Picks,"https://cdn.zeptonow.com/production/tr:w-90,ar-120-121,pr-true,f-auto,q-80/cms/sub_category/53.png",Prasuma Pork Cubes Frozen (Curry Cut Boneless),Prasuma,513,540,500 g,4.1 (359),In Stock,https://www.zeptonow.com/pn/prasuma-pork-cubes-frozen-curry-cut-boneless/pvid/a5d00dac-6dac-47b5-b5bf-75577539b24c,"https://cdn.zeptonow.com/production/tr:w-1280,ar-1000-1000,pr-true,f-auto,q-80/cms/product_variant/822c0d9b-f191-4591-a027-ea44be42d349.jpeg"
Frozen Food & Ice Creams,Top Picks,"https://cdn.zeptonow.com/production/tr:w-90,ar-120-121,pr-true,f-auto,q-80/cms/sub_category/53.png",Godrej Yummiez Cheesy Pizza Fingers,Yu,149,190,250 g,4.9 (60),In Stock,https://www.zeptonow.com/pn/godrej-yummiez-cheesy-pizza-fingers/pvid/91220051-a6b8-40b4-96d5-d3666e0d1d76,"https://cdn.zeptonow.com/production/tr:w-1280,ar-1000-1000,pr-true,f-auto,q-80/cms/product_variant/01473b57-ffb3-4d42-b654-328adcd51dbe.jpeg"
Frozen Food & Ice Creams,Top Picks,"https://cdn.zeptonow.com/production/tr:w-90,ar-120-121,pr-true,f-auto,q-80/cms/sub_category/53.png",Prasuma Chicken Cheese & Chilli Sausage,Prasuma,166,195,250 g,4.6 (771),In Stock,https://www.zeptonow.com/pn/prasuma-chicken-cheese-chilli-sausage/pvid/5a32f237-f030-4b97-a5c9-361cc3090f0d,"https://cdn.zeptonow.com/production/tr:w-1280,ar-1000-1000,pr-true,f-auto,q-80/cms/product_variant/6e40aa3a-6c19-4747-bff9-76d9d75e4527.jpeg"
Frozen Food & Ice Creams,Top Picks,"https://cdn.zeptonow.com/production/tr:w-90,ar-120-121,pr-true,f-auto,q-80/cms/sub_category/53.png",Godrej Yummiez Chicken & Cheese Nuggets,Yu,267,285,325 g,4.3 (497),In Stock,https://www.zeptonow.com/pn/godrej-yummiez-chicken-cheese-nuggets/pvid/c4697c49-03e8-436d-a29c-df42cdf92328,"https://cdn.zeptonow.com/production/tr:w-1280,ar-2400-2400,pr-true,f-auto,q-80/cms/product_variant/21c8f305-da7f-4b22-b71d-a729f43221aa.jpg"
Frozen Food & Ice Creams,Top Picks,"https://cdn.zeptonow.com/production/tr:w-90,ar-120-121,pr-true,f-auto,q-80/cms/sub_category/53.png",Meatzza Fresh -Mutton Curry Cut,Meatzza,550,550,500 g,4.4 (56),In Stock,https://www.zeptonow.com/pn/meatzza-fresh-mutton-curry-cut/pvid/6a77bf6e-b134-4599-a6df-06be6ac9ab4d,"https://cdn.zeptonow.com/production/tr:w-1280,ar-1200-1200,pr-true,f-auto,q-80/cms/product_variant/f8a249a9-c4a3-4004-aa91-d87b5eea5da9.jpeg"
Frozen Food & Ice Creams,Top Picks,"https://cdn.zeptonow.com/production/tr:w-90,ar-120-121,pr-true,f-auto,q-80/cms/sub_category/53.png",Wow! Veg Peri Peri Momo Buy 1 Get 1 Free,MOM,149,225,1 pack (20 pcs),4.3 (1.5k),In Stock,https://www.zeptonow.com/pn/wow-veg-peri-peri-momo-buy-1-get-1-free/pvid/84ceb3e7-1772-452a-8b1d-3be4903aa8f8,"https://cdn.zeptonow.com/production/tr:w-1280,ar-1000-1000,pr-true,f-auto,q-80/cms/product_variant/13b15802-3bc2-43ef-b675-4df43875b92d.jpeg"
Frozen Food & Ice Creams,Top Picks,"https://cdn.zeptonow.com/production/tr:w-90,ar-120-121,pr-true,f-auto,q-80/cms/sub_category/53.png",Yummiez Veg Cheese Fingers Pouch,Yu,250,250,400 g,4.4 (1.2k),In Stock,https://www.zeptonow.com/pn/yummiez-veg-cheese-fingers-pouch/pvid/37b43465-f99a-4f98-9fb7-fc0660ed6e9a,"https://cdn.zeptonow.com/production/tr:w-1280,ar-1200-1200,pr-true,f-auto,q-80/cms/product_variant/61328d16-bebe-4b02-a6a8-14dbb0025be7.jpeg"
Frozen Food & Ice Creams,Top Picks,"https://cdn.zeptonow.com/production/tr:w-90,ar-120-121,pr-true,f-auto,q-80/cms/sub_category/53.png",ITC Master Chef Crispy Chicken Fries,ITC,199,199,280 g,4.4 (1.1k),In Stock,https://www.zeptonow.com/pn/itc-master-chef-crispy-chicken-fries/pvid/8b3876b7-104c-41e3-a31e-2532ae357c03,"https://cdn.zeptonow.com/production/tr:w-1280,ar-2560-2560,pr-true,f-auto,q-80/cms/product_variant/d83352f2-607f-43fc-8663-7b0b1cab4d9c.jpeg"
Frozen Food & Ice Creams,Top Picks,"https://cdn.zeptonow.com/production/tr:w-90,ar-120-121,pr-true,f-auto,q-80/cms/sub_category/53.png",Pork Passion Pork Bacon,Pork,349,349,200 g,4.5 (96),In Stock,https://www.zeptonow.com/pn/pork-passion-pork-bacon/pvid/a10f29fb-4694-4f90-9076-fc20aad2dfaf,"https://cdn.zeptonow.com/production/tr:w-1280,ar-2364-3072,pr-true,f-auto,q-80/cms/product_variant/b943f516-b894-4d0a-9b92-873e292cb6e4.jpg"
Frozen Food & Ice Creams,Top Picks,"https://cdn.zeptonow.com/production/tr:w-90,ar-120-121,pr-true,f-auto,q-80/cms/sub_category/53.png",Prasuma Pork Sausage,Prasuma,243,250,250 g,4.4 (375),In Stock,https://www.zeptonow.com/pn/prasuma-pork-sausage/pvid/db1d1083-c652-4db7-946c-06057deccbd7,"https://cdn.zeptonow.com/production/tr:w-1280,ar-1000-1000,pr-true,f-auto,q-80/cms/product_variant/dbcea38c-3eda-43fa-b609-e33a331ebeec.jpeg"
Frozen Food & Ice Creams,Top Picks,"https://cdn.zeptonow.com/production/tr:w-90,ar-120-121,pr-true,f-auto,q-80/cms/sub_category/53.png",Aashirvaad Ready To Cook Malabar Paratha,Aashirvaad,128,150,400 g,3.9 (1.8k),In Stock,https://www.zeptonow.com/pn/aashirvaad-ready-to-cook-malabar-paratha/pvid/9e08c722-80b0-4435-9dbe-b18831a8e28c,"https://cdn.zeptonow.com/production/tr:w-1280,ar-2400-2400,pr-true,f-auto,q-80/cms/product_variant/7b4c8fc4-7624-4f34-afaf-b5cf85101937.jpeg"
Frozen Food & Ice Creams,Top Picks,"https://cdn.zeptonow.com/production/tr:w-90,ar-120-121,pr-true,f-auto,q-80/cms/sub_category/53.png",Godrej Yummiez Chicken Burger Patty,Yu,189,210,300 g,4.5 (528),In Stock,https://www.zeptonow.com/pn/godrej-yummiez-chicken-burger-patty/pvid/b7040e90-29b8-4ff1-9af7-65a695dec187,"https://cdn.zeptonow.com/production/tr:w-1280,ar-1000-1000,pr-true,f-auto,q-80/cms/product_variant/5a228000-ae27-4348-8ff5-f942780b5650.jpeg"
Frozen Food & Ice Creams,Top Picks,"https://cdn.zeptonow.com/production/tr:w-90,ar-120-121,pr-true,f-auto,q-80/cms/sub_category/53.png",Yummiez Chicken Sausages - Cheese & Onion,Yu,197,215,250 g,4.4 (124),In Stock,https://www.zeptonow.com/pn/yummiez-chicken-sausages-cheese-onion/pvid/2f1457b6-d1ec-441a-b7b6-3f2f8c86a3b4,"https://cdn.zeptonow.com/production/tr:w-1280,ar-1000-1000,pr-true,f-auto,q-80/cms/product_variant/58c41cd9-d3be-4bf4-a87c-7170f44f7dcb.jpeg"
Frozen Food & Ice Creams,Top Picks,"https://cdn.zeptonow.com/production/tr:w-90,ar-120-121,pr-true,f-auto,q-80/cms/sub_category/53.png",Ammamma's Whole Wheat Chapati,Ammamma's,46,82,400 g,4.1 (4.3k),In Stock,https://www.zeptonow.com/pn/ammammas-whole-wheat-chapati/pvid/30775679-e15a-4ff7-8e4a-8a2dbad1ef6c,"https://cdn.zeptonow.com/production/tr:w-1280,ar-1000-1000,pr-true,f-auto,q-80/cms/product_variant/4ef7747b-1abe-4d2a-a3f6-3ac8eb4723dd.jpeg"
Frozen Food & Ice Creams,Top Picks,"https://cdn.zeptonow.com/production/tr:w-90,ar-120-121,pr-true,f-auto,q-80/cms/sub_category/53.png",Godrej Yummiez Chicken Breakfast Salami,Yu,158,190,250 g,4.8 (923),In Stock,https://www.zeptonow.com/pn/godrej-yummiez-chicken-breakfast-salami/pvid/4af9154d-b2b4-4afe-afb6-aee1231d7cdf,"https://cdn.zeptonow.com/production/tr:w-1280,ar-1200-1200,pr-true,f-auto,q-80/cms/product_variant/8d246eb9-be15-459b-8020-25d60fff7151.jpeg"
Frozen Food & Ice Creams,Top Picks,"https://cdn.zeptonow.com/production/tr:w-90,ar-120-121,pr-true,f-auto,q-80/cms/sub_category/53.png",Godrej Yummiez Chicken Lucknowi Seekh Kebab,Yu,279,315,400 g,4.4 (730),In Stock,https://www.zeptonow.com/pn/godrej-yummiez-chicken-lucknowi-seekh-kebab/pvid/648e9f7f-d606-4b69-bf6a-b18cbc624c02,"https://cdn.zeptonow.com/production/tr:w-1280,ar-2400-2400,pr-true,f-auto,q-80/cms/product_variant/5ba1734b-cda7-4215-9967-670c7860c9d9.jpg"
Frozen Food & Ice Creams,Top Picks,"https://cdn.zeptonow.com/production/tr:w-90,ar-120-121,pr-true,f-auto,q-80/cms/sub_category/53.png",Yummiez Chicken Breakfast Sausages,Yu,158,190,250 g,4.7 (1.7k),In Stock,https://www.zeptonow.com/pn/yummiez-chicken-breakfast-sausages/pvid/0e405453-3a78-4f20-8f7e-64edd479bbb8,"https://cdn.zeptonow.com/production/tr:w-1280,ar-1000-1000,pr-true,f-auto,q-80/cms/product_variant/dbf7da09-14ed-42a7-a652-ea7d8125314e.jpeg"
Frozen Food & Ice Creams,Top Picks,"https://cdn.zeptonow.com/production/tr:w-90,ar-120-121,pr-true,f-auto,q-80/cms/sub_category/53.png",Switz Samosa Dough Sheets,Switz,111,120,1 pack (50 pcs),4.5 (8.8k),In Stock,https://www.zeptonow.com/pn/switz-samosa-dough-sheets/pvid/fbc71954-093b-466b-a297-015173d59e88,"https://cdn.zeptonow.com/production/tr:w-1280,ar-2100-1800,pr-true,f-auto,q-80/cms/product_variant/79473c0d-0dd3-4f87-a896-c24174166720.jpeg"
Frozen Food & Ice Creams,Top Picks,"https://cdn.zeptonow.com/production/tr:w-90,ar-120-121,pr-true,f-auto,q-80/cms/sub_category/53.png",ITC Master Chef Crispy Onion Rings | 15 pieces,ITC,170,170,250 g,4.1 (477),In Stock,https://www.zeptonow.com/pn/itc-master-chef-crispy-onion-rings-15-pieces/pvid/83714b58-3965-4ea8-88fb-5f3c86df8499,"https://cdn.zeptonow.com/production/tr:w-1280,ar-2560-2560,pr-true,f-auto,q-80/cms/product_variant/1b626589-591f-4652-81a1-398823efcd0f.jpeg"
Frozen Food & Ice Creams,Top Picks,"https://cdn.zeptonow.com/production/tr:w-90,ar-120-121,pr-true,f-auto,q-80/cms/sub_category/53.png",Switz Paratha Puff,Switz,102,110,400 g,4.2 (2.9k),In Stock,https://www.zeptonow.com/pn/switz-paratha-puff/pvid/4639443e-e1b4-4a13-9b0b-96834d82e426,"https://cdn.zeptonow.com/production/tr:w-1280,ar-2400-2400,pr-true,f-auto,q-80/cms/product_variant/2e52fa93-d16d-4f1e-927b-8880a6d72174.jpeg"
Frozen Food & Ice Creams,Top Picks,"https://cdn.zeptonow.com/production/tr:w-90,ar-120-121,pr-true,f-auto,q-80/cms/sub_category/53.png",Deli Chic Chicken Boneless Cubes Freshly Frozen,Deli,257,280,500 g,4.5 (218),In Stock,https://www.zeptonow.com/pn/deli-chic-chicken-boneless-cubes-freshly-frozen/pvid/499c52f6-1fdf-4d87-81ea-f882365c9844,"https://cdn.zeptonow.com/production/tr:w-1280,ar-834-1000,pr-true,f-auto,q-80/cms/product_variant/a4523134-160e-46b7-9306-d02ba780cbb7.jpg"
Frozen Food & Ice Creams,Top Picks,"https://cdn.zeptonow.com/production/tr:w-90,ar-120-121,pr-true,f-auto,q-80/cms/sub_category/53.png",Prasuma Chicken Pepperoni Salami,Prasuma,151,160,100 g,4.5 (634),In Stock,https://www.zeptonow.com/pn/prasuma-chicken-pepperoni-salami/pvid/814a464e-c18a-4354-ac70-47260fa51fcc,"https://cdn.zeptonow.com/production/tr:w-1280,ar-1000-1000,pr-true,f-auto,q-80/cms/product_variant/e3ed8251-15cc-4662-9708-1ec31db6ace3.jpeg"
Frozen Food & Ice Creams,Top Picks,"https://cdn.zeptonow.com/production/tr:w-90,ar-120-121,pr-true,f-auto,q-80/cms/sub_category/53.png",Yummiez Veg Burger Patty,Yu,119,140,340 g,4.4 (540),In Stock,https://www.zeptonow.com/pn/yummiez-veg-burger-patty/pvid/c955fd77-9622-4190-ad1e-6e97a1cbaca2,"https://cdn.zeptonow.com/production/tr:w-1280,ar-1500-1500,pr-true,f-auto,q-80/cms/product_variant/765178f6-aa79-47e2-810e-b35654180dcd.jpeg"
Frozen Food & Ice Creams,Top Picks,"https://cdn.zeptonow.com/production/tr:w-90,ar-120-121,pr-true,f-auto,q-80/cms/sub_category/53.png",Frugivore Frozen Blueberry,Frugivore,270,415,200 g,4.5 (278),In Stock,https://www.zeptonow.com/pn/frugivore-frozen-blueberry/pvid/bc9f4266-4b01-40bf-b0b4-f8d9d2e2b829,"https://cdn.zeptonow.com/production/tr:w-1280,ar-2160-2160,pr-true,f-auto,q-80/cms/product_variant/217fe9cc-02d9-4958-8c31-05510dd58aaf.jpeg"
Frozen Food & Ice Creams,Top Picks,"https://cdn.zeptonow.com/production/tr:w-90,ar-120-121,pr-true,f-auto,q-80/cms/sub_category/53.png",Godrej Yummiez Chicken Kheema,Yu,158,190,300 g,4.8 (154),In Stock,https://www.zeptonow.com/pn/godrej-yummiez-chicken-kheema/pvid/1977a2c2-4f62-40e1-b77f-082b9cff1c9c,"https://cdn.zeptonow.com/production/tr:w-1280,ar-900-900,pr-true,f-auto,q-80/inventory/product/ff210447-1231-4374-a5b3-d5fac6402ded-/tmp/20230321-0932171.jpeg"
Frozen Food & Ice Creams,Top Picks,"https://cdn.zeptonow.com/production/tr:w-90,ar-120-121,pr-true,f-auto,q-80/cms/sub_category/53.png",Deli Chic Chicken Thigh Boneless Freshly Frozen,Deli,300,300,500 g,4.6 (998),In Stock,https://www.zeptonow.com/pn/deli-chic-chicken-thigh-boneless-freshly-frozen/pvid/908e3bf1-f4eb-45ca-a853-74eb726882f7,"https://cdn.zeptonow.com/production/tr:w-1280,ar-834-1000,pr-true,f-auto,q-80/cms/product_variant/a4ebfe8b-8542-42cc-bc45-d7d95e30c861.jpg"
Frozen Food & Ice Creams,Top Picks,"https://cdn.zeptonow.com/production/tr:w-90,ar-120-121,pr-true,f-auto,q-80/cms/sub_category/53.png",Meatigo Chicken Drumsticks (Frozen),Meatigo,247,260,450 g,4 (661),In Stock,https://www.zeptonow.com/pn/meatigo-chicken-drumsticks-frozen/pvid/365b9347-f946-447d-aab4-4fb5f98a1768,"https://cdn.zeptonow.com/production/tr:w-1280,ar-1000-1000,pr-true,f-auto,q-80/cms/product_variant/977f1910-481a-49a2-a851-0568f7709e65.jpeg"
Frozen Food & Ice Creams,Top Picks,"https://cdn.zeptonow.com/production/tr:w-90,ar-120-121,pr-true,f-auto,q-80/cms/sub_category/53.png",Carnivore Chicken Frank Furter,Carnivore,256,360,500 g,4.8 (67),In Stock,https://www.zeptonow.com/pn/carnivore-chicken-frank-furter/pvid/f295a8e5-f3ee-4b97-918c-35ba6ac69030,"https://cdn.zeptonow.com/production/tr:w-1280,ar-2000-2000,pr-true,f-auto,q-80/cms/product_variant/44108499-f11e-4f73-ad15-fdd1427e52ea.jpg"
Frozen Food & Ice Creams,Top Picks,"https://cdn.zeptonow.com/production/tr:w-90,ar-120-121,pr-true,f-auto,q-80/cms/sub_category/53.png",Carnivore Chicken Nuggets,Carnivore,350,350,500 g,4.2 (137),In Stock,https://www.zeptonow.com/pn/carnivore-chicken-nuggets/pvid/de078629-5a25-4fa7-a4cf-69ce9e958b3e,"https://cdn.zeptonow.com/production/tr:w-1280,ar-1200-1200,pr-true,f-auto,q-80/cms/product_variant/7a101909-8dff-4523-b5d6-77f39fdde540.jpg"
Frozen Food & Ice Creams,Top Picks,"https://cdn.zeptonow.com/production/tr:w-90,ar-120-121,pr-true,f-auto,q-80/cms/sub_category/53.png",Frugivore Frozen Raspberry,Frugivore,423,650,200 g,4.5 (115),In Stock,https://www.zeptonow.com/pn/frugivore-frozen-raspberry/pvid/85e35253-18c0-44a2-91d2-13510932d7bb,"https://cdn.zeptonow.com/production/tr:w-1280,ar-1080-1080,pr-true,f-auto,q-80/cms/product_variant/7c12b89d-ed4b-4382-bf45-c4ec5e2c046b.jpeg"
Frozen Food & Ice Creams,Top Picks,"https://cdn.zeptonow.com/production/tr:w-90,ar-120-121,pr-true,f-auto,q-80/cms/sub_category/53.png",Carnivore Chicken Salami Sliced (Plain),Carnivore,185,335,500 g,4.4 (83),In Stock,https://www.zeptonow.com/pn/carnivore-chicken-salami-sliced-plain/pvid/a5453c62-94be-4411-8246-65e2c0d37427,"https://cdn.zeptonow.com/production/tr:w-1280,ar-2000-2000,pr-true,f-auto,q-80/cms/product_variant/c03eb162-931b-4fa1-a38b-caab97f0859e.jpg"
Frozen Food & Ice Creams,Top Picks,"https://cdn.zeptonow.com/production/tr:w-90,ar-120-121,pr-true,f-auto,q-80/cms/sub_category/53.png",Meatigo Frozen Chicken Boneless Breast,Meatigo,262,275,450 g,3.9 (577),In Stock,https://www.zeptonow.com/pn/meatigo-frozen-chicken-boneless-breast/pvid/3475f3b8-ecc7-4eaa-a566-337e457fbe1d,"https://cdn.zeptonow.com/production/tr:w-1280,ar-1000-1000,pr-true,f-auto,q-80/cms/product_variant/34282313-eabc-4ce3-bf9c-73537f578a90.jpeg"
Frozen Food & Ice Creams,Top Picks,"https://cdn.zeptonow.com/production/tr:w-90,ar-120-121,pr-true,f-auto,q-80/cms/sub_category/53.png",Venky's Breakfast Sausages,Venky's,220,265,500 g,4.7 (1.6k),In Stock,https://www.zeptonow.com/pn/venkys-breakfast-sausages/pvid/3a171aae-97b2-4c8c-8e2b-7fc86e24f0aa,"https://cdn.zeptonow.com/production/tr:w-1280,ar-2400-2400,pr-true,f-auto,q-80/cms/product_variant/2dba4fb7-64d9-4fd3-8d03-c4a89af5d2be.jpeg"
Frozen Food & Ice Creams,Top Picks,"https://cdn.zeptonow.com/production/tr:w-90,ar-120-121,pr-true,f-auto,q-80/cms/sub_category/53.png",Prasuma Momos Original Chicken,MOM,306,325,1 pack (24 pcs),4.2 (949),In Stock,https://www.zeptonow.com/pn/prasuma-momos-original-chicken/pvid/a283d64d-d206-4cf9-b51f-33b087d74d9e,"https://cdn.zeptonow.com/production/tr:w-1280,ar-1000-1000,pr-true,f-auto,q-80/cms/product_variant/6d92a726-8af2-478c-8f53-462df54f70a2.jpeg"
Frozen Food & Ice Creams,Top Picks,"https://cdn.zeptonow.com/production/tr:w-90,ar-120-121,pr-true,f-auto,q-80/cms/sub_category/53.png",Meatigo Boneless Chicken Thigh (Frozen),Meatigo,272,295,450 g,4 (298),In Stock,https://www.zeptonow.com/pn/meatigo-boneless-chicken-thigh-frozen/pvid/74169fb6-65c4-4e6b-a45a-3a1585f8c4de,"https://cdn.zeptonow.com/production/tr:w-1280,ar-1000-1000,pr-true,f-auto,q-80/cms/product_variant/d8c63e84-3d45-4bd2-8aa2-34831a193d38.jpeg"
Frozen Food & Ice Creams,Top Picks,"https://cdn.zeptonow.com/production/tr:w-90,ar-120-121,pr-true,f-auto,q-80/cms/sub_category/53.png",Uro Pork Smoked Back Bacon Sliced Imported 250G,Uro,316,395,250 g,4.3 (87),In Stock,https://www.zeptonow.com/pn/uro-pork-smoked-back-bacon-sliced-imported-250g/pvid/0e909c96-a652-4266-8fa0-68d06b9b4cee,"https://cdn.zeptonow.com/production/tr:w-1280,ar-3391-3600,pr-true,f-auto,q-80/cms/product_variant/5cc83067-3941-42ab-ad92-422ddeb1f550.jpg"
Frozen Food & Ice Creams,Top Picks,"https://cdn.zeptonow.com/production/tr:w-90,ar-120-121,pr-true,f-auto,q-80/cms/sub_category/53.png",Carnivore Chicken Burger Patty,Carnivore,350,350,500 g,5 (79),In Stock,https://www.zeptonow.com/pn/carnivore-chicken-burger-patty/pvid/0d300600-aab4-4a1d-b2f5-1ac8dded1221,"https://cdn.zeptonow.com/production/tr:w-1280,ar-2000-2000,pr-true,f-auto,q-80/cms/product_variant/c7a949a1-bd7d-49c0-9d60-e0596901d192.jpg"
Frozen Food & Ice Creams,Top Picks,"https://cdn.zeptonow.com/production/tr:w-90,ar-120-121,pr-true,f-auto,q-80/cms/sub_category/53.png",Prasuma Veg & Paneer Momos,MOM,272,295,1 pack (24 pcs),4.5 (1.7k),In Stock,https://www.zeptonow.com/pn/prasuma-veg-paneer-momos/pvid/4ac04141-c542-4673-9773-251548e8f1be,"https://cdn.zeptonow.com/production/tr:w-1280,ar-1000-1000,pr-true,f-auto,q-80/cms/product_variant/5ff9d861-7bf6-4d87-bf35-5aa39fdf6838.jpeg"
Frozen Food & Ice Creams,Top Picks,"https://cdn.zeptonow.com/production/tr:w-90,ar-120-121,pr-true,f-auto,q-80/cms/sub_category/53.png",Meatzza Fresh Boneless Chicken Breast,Meatzza,258,260,500 g,4.3 (297),In Stock,https://www.zeptonow.com/pn/meatzza-fresh-boneless-chicken-breast/pvid/1ceb72be-34e6-4169-bff8-90fde6cbf985,"https://cdn.zeptonow.com/production/tr:w-1280,ar-1500-1500,pr-true,f-auto,q-80/cms/product_variant/8379ae36-d2a4-4164-a8e1-c3585dcf0f62.jpeg"
Frozen Food & Ice Creams,Top Picks,"https://cdn.zeptonow.com/production/tr:w-90,ar-120-121,pr-true,f-auto,q-80/cms/sub_category/53.png",Carnivore Chicken Salami Sliced (Spicy),Carnivore,335,335,500 g,5 (60),In Stock,https://www.zeptonow.com/pn/carnivore-chicken-salami-sliced-spicy/pvid/726d8dee-85b1-47d1-bc44-37f7da09162d,"https://cdn.zeptonow.com/production/tr:w-1280,ar-2000-2000,pr-true,f-auto,q-80/cms/product_variant/3be42180-4eeb-4fbe-99b3-f0907ef4793b.jpg"
Frozen Food & Ice Creams,Top Picks,"https://cdn.zeptonow.com/production/tr:w-90,ar-120-121,pr-true,f-auto,q-80/cms/sub_category/53.png",Carnivore Chicken Seekh Kabab Punjabi,Carnivore,370,370,500 g,4.8 (67),In Stock,https://www.zeptonow.com/pn/carnivore-chicken-seekh-kabab-punjabi/pvid/e0e3ceb3-f0f9-42f1-b1b5-e7d6dd7a33aa,"https://cdn.zeptonow.com/production/tr:w-1280,ar-1500-1500,pr-true,f-auto,q-80/cms/product_variant/ad858383-581e-4f8e-8e74-f25c79281c9e.jpeg"
Frozen Food & Ice Creams,Top Picks,"https://cdn.zeptonow.com/production/tr:w-90,ar-120-121,pr-true,f-auto,q-80/cms/sub_category/53.png",ITC Master Chef Veg Burger Patty | Loaded with Veggies | Crispy & Delicious | 8 pieces,Delicious,126,135,430 g,4.5 (5.5k),In Stock,https://www.zeptonow.com/pn/itc-master-chef-veg-burger-patty-loaded-with-veggies-crispy-delicious-8-pieces/pvid/3cc40ab3-580c-48d6-b90e-9aa11742ad2c,"https://cdn.zeptonow.com/production/tr:w-1280,ar-2560-2560,pr-true,f-auto,q-80/cms/product_variant/eebebc4f-2863-4f07-8065-14e2685a015f.jpeg"
Frozen Food & Ice Creams,Top Picks,"https://cdn.zeptonow.com/production/tr:w-90,ar-120-121,pr-true,f-auto,q-80/cms/sub_category/53.png",Deli Chic Chicken Liver,Deli,137,150,500 g,3.9 (425),In Stock,https://www.zeptonow.com/pn/deli-chic-chicken-liver/pvid/43e2d3fb-81f3-428a-9afd-345b75c3a14b,"https://cdn.zeptonow.com/production/tr:w-1280,ar-2370-2834,pr-true,f-auto,q-80/cms/product_variant/cf1a910a-b46d-4e3d-9f1c-f89bfd06cada.jpg"
Frozen Food & Ice Creams,Top Picks,"https://cdn.zeptonow.com/production/tr:w-90,ar-120-121,pr-true,f-auto,q-80/cms/sub_category/53.png",Prasuma Spicy Chicken Momos,MOM,166,195,220 g,4.7 (2.6k),In Stock,https://www.zeptonow.com/pn/prasuma-spicy-chicken-momos/pvid/46784e60-1c16-4141-9c74-17d97ef89ed2,"https://cdn.zeptonow.com/production/tr:w-1280,ar-2400-2400,pr-true,f-auto,q-80/cms/product_variant/0e30cdcf-f065-4a92-8ab1-31c42f3d8e59.png"
Frozen Food & Ice Creams,Top Picks,"https://cdn.zeptonow.com/production/tr:w-90,ar-120-121,pr-true,f-auto,q-80/cms/sub_category/53.png",Switz Spring Roll Dough Sheets,Switz,112,120,275 g,4.5 (4.4k),In Stock,https://www.zeptonow.com/pn/switz-spring-roll-dough-sheets/pvid/de3b2cbc-98de-464d-9ce3-e549b556af88,"https://cdn.zeptonow.com/production/tr:w-1280,ar-900-900,pr-true,f-auto,q-80/cms/product_variant/c0594cee-8648-4add-9e72-0fcd6227e994.jpeg"
Frozen Food & Ice Creams,Top Picks,"https://cdn.zeptonow.com/production/tr:w-90,ar-120-121,pr-true,f-auto,q-80/cms/sub_category/53.png",Venky's Spicy And Crispy Chicken Wings,Venky's,288,290,550 g,4.6 (931),In Stock,https://www.zeptonow.com/pn/venkys-spicy-and-crispy-chicken-wings/pvid/0ebee519-0bf4-47ce-956d-aabf94e0de2d,"https://cdn.zeptonow.com/production/tr:w-1280,ar-2659-2599,pr-true,f-auto,q-80/cms/product_variant/80866dc9-a7f7-439b-ab0f-f42c5d38c2b0.jpeg"
Frozen Food & Ice Creams,Top Picks,"https://cdn.zeptonow.com/production/tr:w-90,ar-120-121,pr-true,f-auto,q-80/cms/sub_category/53.png",Prasuma Cheesy Spicy Veg Momos,MOM,280,325,1 pack (24 pcs),4.6 (529),In Stock,https://www.zeptonow.com/pn/prasuma-cheesy-spicy-veg-momos/pvid/2753249f-9fe2-4581-8ee8-a076730dcf93,"https://cdn.zeptonow.com/production/tr:w-1280,ar-1000-1000,pr-true,f-auto,q-80/cms/product_variant/c1bc381b-cf0f-4b49-a01f-5c04c3a41cce.jpeg"
Frozen Food & Ice Creams,Top Picks,"https://cdn.zeptonow.com/production/tr:w-90,ar-120-121,pr-true,f-auto,q-80/cms/sub_category/53.png",Uro Pork Ham,Uro,276,345,250 g,4.4 (786),In Stock,https://www.zeptonow.com/pn/uro-pork-ham/pvid/388affe4-154a-4645-aa34-1c44fbd3a9b2,"https://cdn.zeptonow.com/production/tr:w-1280,ar-1500-1500,pr-true,f-auto,q-80/cms/product_variant/773f6ad2-3287-41d0-96c4-211f1b8c41a1.jpg"
Frozen Food & Ice Creams,Top Picks,"https://cdn.zeptonow.com/production/tr:w-90,ar-120-121,pr-true,f-auto,q-80/cms/sub_category/53.png",Venky's Chicken Pops,Venky's,173,200,300 g,4.4 (1.4k),In Stock,https://www.zeptonow.com/pn/venkys-chicken-pops/pvid/309f3353-468a-40c8-90c3-3a80bb7742c3,"https://cdn.zeptonow.com/production/tr:w-1280,ar-1000-724,pr-true,f-auto,q-80/cms/product_variant/089be29c-0dd9-4c77-a140-a1c8830af38f.jpeg"
Frozen Food & Ice Creams,Top Picks,"https://cdn.zeptonow.com/production/tr:w-90,ar-120-121,pr-true,f-auto,q-80/cms/sub_category/53.png",Prasuma Classic Darjeeling Veg Momos,MOM,257,285,1 pack (24 pcs),4 (200),In Stock,https://www.zeptonow.com/pn/prasuma-classic-darjeeling-veg-momos/pvid/0291927b-7e0d-405e-898d-3c21e9770349,"https://cdn.zeptonow.com/production/tr:w-1280,ar-1000-1000,pr-true,f-auto,q-80/cms/product_variant/6ffa7b35-09dd-4061-a4f1-f6c36e374251.jpeg"
Frozen Food & Ice Creams,Top Picks,"https://cdn.zeptonow.com/production/tr:w-90,ar-120-121,pr-true,f-auto,q-80/cms/sub_category/53.png",Venky's Chicken Sausages,Venky's,324,375,500 g,4.2 (209),In Stock,https://www.zeptonow.com/pn/venkys-chicken-sausages/pvid/606984c6-1016-4f17-85ad-2ce5bd4959d2,"https://cdn.zeptonow.com/production/tr:w-1280,ar-1000-978,pr-true,f-auto,q-80/cms/product_variant/aa1d2070-1e61-47b4-82f4-cb1d7090d23a.jpeg"
Frozen Food & Ice Creams,Top Picks,"https://cdn.zeptonow.com/production/tr:w-90,ar-120-121,pr-true,f-auto,q-80/cms/sub_category/53.png",Deli Chic Chicken Drumsticks Freshly Frozen,Deli,270,270,500 g,4.1 (88),In Stock,https://www.zeptonow.com/pn/deli-chic-chicken-drumsticks-freshly-frozen/pvid/f0e99448-3468-478f-97ff-c1ed3edfde18,"https://cdn.zeptonow.com/production/tr:w-1280,ar-834-1000,pr-true,f-auto,q-80/cms/product_variant/6d2992ff-f202-413c-8c35-26beb4dccac5.jpg"
Frozen Food & Ice Creams,Top Picks,"https://cdn.zeptonow.com/production/tr:w-90,ar-120-121,pr-true,f-auto,q-80/cms/sub_category/53.png",Deli Chic Chicken Curry Cut Freshly Frozen,Deli,178,220,500 g,4 (255),In Stock,https://www.zeptonow.com/pn/deli-chic-chicken-curry-cut-freshly-frozen/pvid/980db988-29a0-47e3-8623-55ecd5c9bf88,"https://cdn.zeptonow.com/production/tr:w-1280,ar-835-1000,pr-true,f-auto,q-80/cms/product_variant/b3b16d8f-d401-4b5a-a81f-8b6d52241c90.jpg"
Frozen Food & Ice Creams,Top Picks,"https://cdn.zeptonow.com/production/tr:w-90,ar-120-121,pr-true,f-auto,q-80/cms/sub_category/53.png",Prasuma Peri Peri Veg Momos,MOM,206,260,1 pack (15 pcs),4.8 (578),In Stock,https://www.zeptonow.com/pn/prasuma-peri-peri-veg-momos/pvid/1789cbe2-1e4b-4e05-9330-35ac3e9f5017,"https://cdn.zeptonow.com/production/tr:w-1280,ar-2400-2400,pr-true,f-auto,q-80/cms/product_variant/37a199ac-ffb7-4aee-935b-02306e796026.jpeg"
Frozen Food & Ice Creams,Top Picks,"https://cdn.zeptonow.com/production/tr:w-90,ar-120-121,pr-true,f-auto,q-80/cms/sub_category/53.png",Mccain Smiles,Mccain,265,265,750 g,4.7 (1.9k),In Stock,https://www.zeptonow.com/pn/mccain-smiles/pvid/f1fa1dcf-7d9f-4a22-be84-53a4fc95578f,"https://cdn.zeptonow.com/production/tr:w-1280,ar-1200-1200,pr-true,f-auto,q-80/cms/product_variant/3e2d3aef-5701-4b35-a6a2-4a9474a5a4e3.jpeg"
Frozen Food & Ice Creams,Top Picks,"https://cdn.zeptonow.com/production/tr:w-90,ar-120-121,pr-true,f-auto,q-80/cms/sub_category/53.png",iD Fresh Peri Peri Parota,iD,40,65,160 g,4.5 (267),In Stock,https://www.zeptonow.com/pn/id-fresh-peri-peri-parota/pvid/3bc28820-37db-4f3e-93e6-8cacf9255bd4,"https://cdn.zeptonow.com/production/tr:w-1280,ar-540-540,pr-true,f-auto,q-80/cms/product_variant/32af48fd-3add-457a-b799-0112a83a5831.jpg"
Frozen Food & Ice Creams,Top Picks,"https://cdn.zeptonow.com/production/tr:w-90,ar-120-121,pr-true,f-auto,q-80/cms/sub_category/53.png",Meatzza Fresh Boneless Chicken Thighs,Meatzza,266,280,500 g,4.3 (143),In Stock,https://www.zeptonow.com/pn/meatzza-fresh-boneless-chicken-thighs/pvid/55070fb5-0efc-48dc-ad81-6e2c097602fc,"https://cdn.zeptonow.com/production/tr:w-1280,ar-1500-1500,pr-true,f-auto,q-80/cms/product_variant/21e44fcb-d664-47f9-a39a-1e4b560bc3d7.jpeg"
Frozen Food & Ice Creams,Top Picks,"https://cdn.zeptonow.com/production/tr:w-90,ar-120-121,pr-true,f-auto,q-80/cms/sub_category/53.png",Carnivore Chicken Seekh Kabab (Lime Pudina),Carnivore,360,360,500 g,4.3 (65),In Stock,https://www.zeptonow.com/pn/carnivore-chicken-seekh-kabab-lime-pudina/pvid/399b2c7e-8c9a-4e30-bc1c-31ebd2064f45,"https://cdn.zeptonow.com/production/tr:w-1280,ar-2000-2000,pr-true,f-auto,q-80/cms/product_variant/3f2811ec-dcf0-4507-ab5d-f6e442d866ef.jpg"
Frozen Food & Ice Creams,Top Picks,"https://cdn.zeptonow.com/production/tr:w-90,ar-120-121,pr-true,f-auto,q-80/cms/sub_category/53.png",Venky's Chicken Nuggets,Venky's,183,205,300 g,4.6 (5.8k),In Stock,https://www.zeptonow.com/pn/venkys-chicken-nuggets/pvid/be783781-6854-4507-8740-3fbf2aa19b1e,"https://cdn.zeptonow.com/production/tr:w-1280,ar-1000-724,pr-true,f-auto,q-80/cms/product_variant/26a3bca6-47a3-4ab2-afbd-ea83a77f211d.jpeg"
Frozen Food & Ice Creams,Top Picks,"https://cdn.zeptonow.com/production/tr:w-90,ar-120-121,pr-true,f-auto,q-80/cms/sub_category/53.png",Meatzza Fresh Chicken Curry Cut Bone In,Meatzza,195,195,500 g,4.1 (64),In Stock,https://www.zeptonow.com/pn/meatzza-fresh-chicken-curry-cut-bone-in/pvid/82657ccd-a561-400d-99d0-2d6e3fb7eb83,"https://cdn.zeptonow.com/production/tr:w-1280,ar-1500-1500,pr-true,f-auto,q-80/cms/product_variant/4355d5e7-3dd9-442a-84b4-3e11304c12fe.jpeg"
Frozen Food & Ice Creams,Top Picks,"https://cdn.zeptonow.com/production/tr:w-90,ar-120-121,pr-true,f-auto,q-80/cms/sub_category/53.png",Ammamma's Poori,Ammamma's,44,79,300 g,4.2 (604),In Stock,https://www.zeptonow.com/pn/ammammas-poori/pvid/bb508380-568c-4025-8b6d-374482f0ee83,"https://cdn.zeptonow.com/production/tr:w-1280,ar-1737-1815,pr-true,f-auto,q-80/inventory/product/bb508380-568c-4025-8b6d-374482f0ee83-18keMMErzhP1mip94qhWQgUd82ZqJamz-.jpeg"
Frozen Food & Ice Creams,Top Picks,"https://cdn.zeptonow.com/production/tr:w-90,ar-120-121,pr-true,f-auto,q-80/cms/sub_category/53.png",Meatigo Everyday Harissa Chicken Breast (Frozen),Meatigo,200,210,175 g,4.6 (136),In Stock,https://www.zeptonow.com/pn/meatigo-everyday-harissa-chicken-breast-frozen/pvid/86f025d1-d9fd-406b-befe-d0d5bcb8c9f1,"https://cdn.zeptonow.com/production/tr:w-1280,ar-1000-1000,pr-true,f-auto,q-80/cms/product_variant/511f4111-ee60-4368-bd77-ba8824df97f8.jpeg"
Frozen Food & Ice Creams,Top Picks,"https://cdn.zeptonow.com/production/tr:w-90,ar-120-121,pr-true,f-auto,q-80/cms/sub_category/53.png",Meatzza Krispy Fried Chicken,Meatzza,338,375,500 g,4.4 (141),In Stock,https://www.zeptonow.com/pn/meatzza-krispy-fried-chicken/pvid/64f0b8d9-ac16-4da3-8829-538a7a4f2650,"https://cdn.zeptonow.com/production/tr:w-1280,ar-2400-2400,pr-true,f-auto,q-80/cms/product_variant/1173cfc5-fa59-44d3-a691-19fcc772dcab.jpg"
Frozen Food & Ice Creams,Top Picks,"https://cdn.zeptonow.com/production/tr:w-90,ar-120-121,pr-true,f-auto,q-80/cms/sub_category/53.png",Prasuma Peri Peri Chicken Momos,MOM,198,210,250 g,4.4 (401),In Stock,https://www.zeptonow.com/pn/prasuma-peri-peri-chicken-momos/pvid/0f1b3dda-fce8-46e6-9731-24bef19d41f3,"https://cdn.zeptonow.com/production/tr:w-1280,ar-1000-1000,pr-true,f-auto,q-80/cms/product_variant/f8d434f1-4c5e-4704-a0d3-a1f741d630a8.jpeg"
Frozen Food & Ice Creams,Top Picks,"https://cdn.zeptonow.com/production/tr:w-90,ar-120-121,pr-true,f-auto,q-80/cms/sub_category/53.png",ITC Master Chef Classic Aloo Tikki | No Added Preservatives | 12 pieces,ITC,135,135,480 g,4.7 (1.2k),In Stock,https://www.zeptonow.com/pn/itc-master-chef-classic-aloo-tikki-no-added-preservatives-12-pieces/pvid/a80588ad-38f5-4ca2-9c97-ce029e2b6744,"https://cdn.zeptonow.com/production/tr:w-1280,ar-2560-2560,pr-true,f-auto,q-80/cms/product_variant/ee8b72ac-2c1e-496f-9fd0-8ef9a7f2f2c4.jpeg"
Frozen Food & Ice Creams,Top Picks,"https://cdn.zeptonow.com/production/tr:w-90,ar-120-121,pr-true,f-auto,q-80/cms/sub_category/53.png",Meatigo Everyday Herb & Lime Chicken Breast (Frozen),Meatigo,200,210,175 g,4.2 (231),In Stock,https://www.zeptonow.com/pn/meatigo-everyday-herb-lime-chicken-breast-frozen/pvid/541b6fa3-a834-4d40-b04b-59cdc674680b,"https://cdn.zeptonow.com/production/tr:w-1280,ar-1000-1000,pr-true,f-auto,q-80/cms/product_variant/b2884f76-f41a-4c85-97b8-d455e045edac.jpeg"
Frozen Food & Ice Creams,Top Picks,"https://cdn.zeptonow.com/production/tr:w-90,ar-120-121,pr-true,f-auto,q-80/cms/sub_category/53.png",Prasuma Tandoori Chicken Momos,MOM,221,235,280 g,4.6 (71),In Stock,https://www.zeptonow.com/pn/prasuma-tandoori-chicken-momos/pvid/5561d0d2-c703-4e6b-be53-ab12b61c9792,"https://cdn.zeptonow.com/production/tr:w-1280,ar-1000-1000,pr-true,f-auto,q-80/cms/product_variant/808e46b1-c951-40b0-a4a4-866f0fa3809b.jpeg"
Frozen Food & Ice Creams,Top Picks,"https://cdn.zeptonow.com/production/tr:w-90,ar-120-121,pr-true,f-auto,q-80/cms/sub_category/53.png",ITC Master Chef Veggie Pizza Pocket | With Real Cheese | 9 pieces,ITC,170,195,340 g,4.4 (2.5k),In Stock,https://www.zeptonow.com/pn/itc-master-chef-veggie-pizza-pocket-with-real-cheese-9-pieces/pvid/4e965695-a13b-4ae1-8cf8-67479a118b02,"https://cdn.zeptonow.com/production/tr:w-1280,ar-2560-2560,pr-true,f-auto,q-80/cms/product_variant/20e3306e-86c1-4975-8539-3adca8c3a86d.jpeg"
Frozen Food & Ice Creams,Top Picks,"https://cdn.zeptonow.com/production/tr:w-90,ar-120-121,pr-true,f-auto,q-80/cms/sub_category/53.png",Zorabian Chicken Smoked Ham,Zorabian,136,225,250 g,4.8 (276),In Stock,https://www.zeptonow.com/pn/zorabian-chicken-smoked-ham/pvid/1c28c1be-edb5-45a9-b98e-bd33cfc1817e,"https://cdn.zeptonow.com/production/tr:w-1280,ar-2400-2400,pr-true,f-auto,q-80/cms/product_variant/c7b03fe7-3ffb-40b8-b04c-317a1a730203.jpg"
Frozen Food & Ice Creams,Top Picks,"https://cdn.zeptonow.com/production/tr:w-90,ar-120-121,pr-true,f-auto,q-80/cms/sub_category/53.png",McCain Veggie Fingers,McCain,148,175,400 g,4.7 (7.2k),In Stock,https://www.zeptonow.com/pn/mccain-veggie-fingers/pvid/ea0fdaaa-049d-40dc-b107-b496b7c27d7f,"https://cdn.zeptonow.com/production/tr:w-1280,ar-1200-1200,pr-true,f-auto,q-80/cms/product_variant/0b4a3205-2513-4f2f-af4a-4c20a71c004d.jpeg"
Frozen Food & Ice Creams,Top Picks,"https://cdn.zeptonow.com/production/tr:w-90,ar-120-121,pr-true,f-auto,q-80/cms/sub_category/53.png",Deli Chic Chicken Whole Tandori Freshly Frozen,Deli,272,299,500 g,4 (120),In Stock,https://www.zeptonow.com/pn/deli-chic-chicken-whole-tandori-freshly-frozen/pvid/37568f30-38ff-452c-b946-805e164e83c6,"https://cdn.zeptonow.com/production/tr:w-1280,ar-834-1000,pr-true,f-auto,q-80/cms/product_variant/bde8313d-8c29-48e2-977b-178455a55266.jpg"
Frozen Food & Ice Creams,Top Picks,"https://cdn.zeptonow.com/production/tr:w-90,ar-120-121,pr-true,f-auto,q-80/cms/sub_category/53.png",Meatigo Frozen Chicken Curry Cuts,Meatigo,186,195,450 g,4.1 (247),In Stock,https://www.zeptonow.com/pn/meatigo-frozen-chicken-curry-cuts/pvid/01d4e286-97ec-4ad8-bfd4-93595c51ca5f,"https://cdn.zeptonow.com/production/tr:w-1280,ar-1200-1200,pr-true,f-auto,q-80/cms/product_variant/cf6b6bf6-cf0c-4ec8-b71f-9ccf713ef19e.jpeg"
Frozen Food & Ice Creams,Top Picks,"https://cdn.zeptonow.com/production/tr:w-90,ar-120-121,pr-true,f-auto,q-80/cms/sub_category/53.png",McCain Cheesy Pizza Finger,McCain,224,225,250 g,4.4 (1.2k),In Stock,https://www.zeptonow.com/pn/mccain-cheesy-pizza-finger/pvid/5c66c200-5aa1-4d6e-b911-605239acecc5,"https://cdn.zeptonow.com/production/tr:w-1280,ar-2400-2400,pr-true,f-auto,q-80/cms/product_variant/8a13822d-99ac-440e-81c1-2751837e4328.jpg"
Frozen Food & Ice Creams,Top Picks,"https://cdn.zeptonow.com/production/tr:w-90,ar-120-121,pr-true,f-auto,q-80/cms/sub_category/53.png",Carnivore Chicken Sausages Masala,Carnivore,190,190,250 g,4.8 (85),In Stock,https://www.zeptonow.com/pn/carnivore-chicken-sausages-masala/pvid/6c385332-5907-4785-89a6-987c4d82296c,"https://cdn.zeptonow.com/production/tr:w-1280,ar-2400-2400,pr-true,f-auto,q-80/cms/product_variant/d5220afe-5f27-4a3d-8823-aee8ff8b05e8.jpeg"
Frozen Food & Ice Creams,Top Picks,"https://cdn.zeptonow.com/production/tr:w-90,ar-120-121,pr-true,f-auto,q-80/cms/sub_category/53.png",Meatzza Zing Boneless Chicken Breast Strips,Meatzza,339,380,500 g,4.6 (162),In Stock,https://www.zeptonow.com/pn/meatzza-zing-boneless-chicken-breast-strips/pvid/0875d6ee-54f7-4c40-84db-fe13e0a60f18,"https://cdn.zeptonow.com/production/tr:w-1280,ar-1021-1021,pr-true,f-auto,q-80/cms/product_variant/9fb5d808-828d-4b02-8f5b-e9f748dfed4c.jpeg"
Frozen Food & Ice Creams,Top Picks,"https://cdn.zeptonow.com/production/tr:w-90,ar-120-121,pr-true,f-auto,q-80/cms/sub_category/53.png",Prasuma Crunchy Chicken Momos (Kurkure),MOM,265,265,380 g,4.9 (191),In Stock,https://www.zeptonow.com/pn/prasuma-crunchy-chicken-momos-kurkure/pvid/941859b3-24b1-4454-8d05-877814173f0e,"https://cdn.zeptonow.com/production/tr:w-1280,ar-1000-1000,pr-true,f-auto,q-80/cms/product_variant/051bf49b-3865-4c2c-b8d7-a0a2d9358fb1.jpeg"
Frozen Food & Ice Creams,Top Picks,"https://cdn.zeptonow.com/production/tr:w-90,ar-120-121,pr-true,f-auto,q-80/cms/sub_category/53.png",Meatzza Fresh Chicken Drumsticks,Meatzza,245,245,500 g,4.1 (152),In Stock,https://www.zeptonow.com/pn/meatzza-fresh-chicken-drumsticks/pvid/d39ea99d-65fa-49c0-8b5f-f8ecd0868c9c,"https://cdn.zeptonow.com/production/tr:w-1280,ar-500-500,pr-true,f-auto,q-80/inventory/product/80cc1db9-b5b4-429b-abcd-78c97a61abc6-tmp/3d787b52-f42e-4c8c-8c9a-7ee3d6a608d9.jpeg"
Frozen Food & Ice Creams,Top Picks,"https://cdn.zeptonow.com/production/tr:w-90,ar-120-121,pr-true,f-auto,q-80/cms/sub_category/53.png",Prasuma Tandoori Veg Momos,MOM,212,225,280 g,3.9 (88),In Stock,https://www.zeptonow.com/pn/prasuma-tandoori-veg-momos/pvid/86a1d782-599c-4723-9c55-5cf78f31a6cc,"https://cdn.zeptonow.com/production/tr:w-1280,ar-1000-1000,pr-true,f-auto,q-80/cms/product_variant/391b61ea-66dd-441a-b09b-12b5736b3c96.jpeg"
Frozen Food & Ice Creams,Top Picks,"https://cdn.zeptonow.com/production/tr:w-90,ar-120-121,pr-true,f-auto,q-80/cms/sub_category/53.png",Carnivore Chicken Seekh Kabab (Pahadi Hariyali),Carnivore,360,360,500 g,4.9 (72),In Stock,https://www.zeptonow.com/pn/carnivore-chicken-seekh-kabab-pahadi-hariyali/pvid/5b50a643-d750-4156-814c-3cc60d46d9de,"https://cdn.zeptonow.com/production/tr:w-1280,ar-2000-2000,pr-true,f-auto,q-80/cms/product_variant/420a5a80-df8d-45da-b909-f029acdc2434.jpg"
Frozen Food & Ice Creams,Top Picks,"https://cdn.zeptonow.com/production/tr:w-90,ar-120-121,pr-true,f-auto,q-80/cms/sub_category/53.png",Meatzza Chicken Spicy Breast Strips,Meatzza,347,385,500 g,5 (103),In Stock,https://www.zeptonow.com/pn/meatzza-chicken-spicy-breast-strips/pvid/b397c784-2159-4536-ba8f-c1ab9108d7b9,"https://cdn.zeptonow.com/production/tr:w-1280,ar-1021-1021,pr-true,f-auto,q-80/cms/product_variant/8d01069a-f7a2-45d0-a098-cbed32496c97.jpeg"
Frozen Food & Ice Creams,Top Picks,"https://cdn.zeptonow.com/production/tr:w-90,ar-120-121,pr-true,f-auto,q-80/cms/sub_category/53.png",McCain Aloo Tikki,McCain,250,250,760 g,4.6 (7.9k),In Stock,https://www.zeptonow.com/pn/mccain-aloo-tikki/pvid/1f3d47c6-5616-4e65-9f3c-8b3bbbe6629f,"https://cdn.zeptonow.com/production/tr:w-1280,ar-757-863,pr-true,f-auto,q-80/cms/product_variant/3d6aecb4-2402-42f8-88c7-6d6be15b9613.jpeg"
Frozen Food & Ice Creams,Top Picks,"https://cdn.zeptonow.com/production/tr:w-90,ar-120-121,pr-true,f-auto,q-80/cms/sub_category/53.png",Zorabian Chicken Salami,Zorabian,167,175,250 g,4.8 (180),In Stock,https://www.zeptonow.com/pn/zorabian-chicken-salami/pvid/285e3fbf-d14e-4d66-b797-df2e98e0d64c,"https://cdn.zeptonow.com/production/tr:w-1280,ar-1001-1001,pr-true,f-auto,q-80/cms/product_variant/a81490b1-08be-40c0-a05c-7d65d6c3fda6.jpeg"
Frozen Food & Ice Creams,Top Picks,"https://cdn.zeptonow.com/production/tr:w-90,ar-120-121,pr-true,f-auto,q-80/cms/sub_category/53.png",Meatzza Chicken Nuggets,Meatzza,223,370,500 g,4.5 (355),In Stock,https://www.zeptonow.com/pn/meatzza-chicken-nuggets/pvid/c43150ac-6c22-46b2-8fab-7bdfe260690d,"https://cdn.zeptonow.com/production/tr:w-1280,ar-1500-1500,pr-true,f-auto,q-80/cms/product_variant/a9987738-02bd-4775-9a8b-4e3b344eab89.jpeg"
Frozen Food & Ice Creams,Top Picks,"https://cdn.zeptonow.com/production/tr:w-90,ar-120-121,pr-true,f-auto,q-80/cms/sub_category/53.png",Meatzza Chicken Ham Sliced,Meatzza,187,220,250 g,4.6 (200),In Stock,https://www.zeptonow.com/pn/meatzza-chicken-ham-sliced/pvid/d58b127b-0378-4231-93fe-691b831705f3,"https://cdn.zeptonow.com/production/tr:w-1280,ar-1500-1500,pr-true,f-auto,q-80/cms/product_variant/0d320b6a-43af-4764-94c4-b7ce549936ea.jpg"
Frozen Food & Ice Creams,Top Picks,"https://cdn.zeptonow.com/production/tr:w-90,ar-120-121,pr-true,f-auto,q-80/cms/sub_category/53.png",Sneha Supercool Fz Lollipop,Sneha,173,180,450 g,4 (127),In Stock,https://www.zeptonow.com/pn/sneha-supercool-fz-lollipop/pvid/cb45f587-ab1f-4eac-88b3-e55eb6479810,"https://cdn.zeptonow.com/production/tr:w-1280,ar-1000-1000,pr-true,f-auto,q-80/cms/product_variant/7f7ea2ec-d3e4-4da1-9814-ac8b9b529476.jpg"
Frozen Food & Ice Creams,Top Picks,"https://cdn.zeptonow.com/production/tr:w-90,ar-120-121,pr-true,f-auto,q-80/cms/sub_category/53.png",Meatigo Chicken Kheema (Frozen),Meatigo,259,275,450 g,4.1 (329),In Stock,https://www.zeptonow.com/pn/meatigo-chicken-kheema-frozen/pvid/95081bd0-b5d8-4c53-8a23-6dacda5c9273,"https://cdn.zeptonow.com/production/tr:w-1280,ar-1000-1000,pr-true,f-auto,q-80/cms/product_variant/28f458c3-27a7-446b-a5b6-a00766643955.jpeg"
Frozen Food & Ice Creams,Top Picks,"https://cdn.zeptonow.com/production/tr:w-90,ar-120-121,pr-true,f-auto,q-80/cms/sub_category/53.png",Meatzza Chicken Salami Plain Sliced,Meatzza,172,185,250 g,4.6 (156),In Stock,https://www.zeptonow.com/pn/meatzza-chicken-salami-plain-sliced/pvid/9d9b9e3c-d29c-4109-90df-31f1c2e67dc7,"https://cdn.zeptonow.com/production/tr:w-1280,ar-500-500,pr-true,f-auto,q-80/cms/product_variant/e1f13ee1-09be-44b1-a02c-e4299505eca7.jpg"
Frozen Food & Ice Creams,Top Picks,"https://cdn.zeptonow.com/production/tr:w-90,ar-120-121,pr-true,f-auto,q-80/cms/sub_category/53.png",Hyfun Veggie Stix,Hyfun,116,165,425 g,4.5 (1.1k),In Stock,https://www.zeptonow.com/pn/hyfun-veggie-stix/pvid/502aaf6b-6ea3-4622-9e9d-31e001de46bb,"https://cdn.zeptonow.com/production/tr:w-1280,ar-1500-1500,pr-true,f-auto,q-80/cms/product_variant/3a3ba8df-34e7-4004-8b23-3184be0668e3.jpg"
Frozen Food & Ice Creams,Top Picks,"https://cdn.zeptonow.com/production/tr:w-90,ar-120-121,pr-true,f-auto,q-80/cms/sub_category/53.png",Deli Chic Chicken Spicy Salami,Deli,190,190,250 g,4.8 (266),In Stock,https://www.zeptonow.com/pn/deli-chic-chicken-spicy-salami/pvid/3f0f0e0c-7600-4693-bae6-7cba28200086,"https://cdn.zeptonow.com/production/tr:w-1280,ar-1510-2138,pr-true,f-auto,q-80/cms/product_variant/e0f1769d-b1db-4347-a458-be7f70a3e3c7.jpg"
Frozen Food & Ice Creams,Top Picks,"https://cdn.zeptonow.com/production/tr:w-90,ar-120-121,pr-true,f-auto,q-80/cms/sub_category/53.png",Meatigo Everyday Chicken Breast (Frozen),Meatigo,167,175,150 g,4.1 (162),In Stock,https://www.zeptonow.com/pn/meatigo-everyday-chicken-breast-frozen/pvid/45aa3125-a1d5-458f-b2e0-5b6fcedc15b4,"https://cdn.zeptonow.com/production/tr:w-1280,ar-1000-1000,pr-true,f-auto,q-80/cms/product_variant/7ab4b3cb-7bdf-4e5b-9f29-df32dce1df12.jpeg"
Frozen Food & Ice Creams,Top Picks,"https://cdn.zeptonow.com/production/tr:w-90,ar-120-121,pr-true,f-auto,q-80/cms/sub_category/53.png",Sneha Supercool Fz Leg Boneless,Sneha,222,222,450 g,4.7 (76),In Stock,https://www.zeptonow.com/pn/sneha-supercool-fz-leg-boneless/pvid/22e287fa-dfa1-428b-94df-6adc4302f749,"https://cdn.zeptonow.com/production/tr:w-1280,ar-1000-1000,pr-true,f-auto,q-80/cms/product_variant/579c3857-2df6-4d22-a123-1f537b39ff76.jpg"
Frozen Food & Ice Creams,Top Picks,"https://cdn.zeptonow.com/production/tr:w-90,ar-120-121,pr-true,f-auto,q-80/cms/sub_category/53.png",Meatzza Chicken Chapli Kebab,Meatzza,351,390,500 g,4.8 (187),In Stock,https://www.zeptonow.com/pn/meatzza-chicken-chapli-kebab/pvid/d9c25c8f-f95c-4277-a3a3-7a41c602f79a,"https://cdn.zeptonow.com/production/tr:w-1280,ar-1200-1200,pr-true,f-auto,q-80/cms/product_variant/64559ada-a6d4-47fb-bdaf-d47ea98e5227.jpg"
Frozen Food & Ice Creams,Top Picks,"https://cdn.zeptonow.com/production/tr:w-90,ar-120-121,pr-true,f-auto,q-80/cms/sub_category/53.png",Sneha Supercool Fz Drumsticks Skinless,Sneha,185,185,450 g,4.3 (147),In Stock,https://www.zeptonow.com/pn/sneha-supercool-fz-drumsticks-skinless/pvid/b718dc2e-da67-41e6-bed8-94c7ac8169db,"https://cdn.zeptonow.com/production/tr:w-1280,ar-1000-1000,pr-true,f-auto,q-80/cms/product_variant/83dcd411-728c-41b7-8572-4e6a9b94151b.jpg"
Frozen Food & Ice Creams,Top Picks,"https://cdn.zeptonow.com/production/tr:w-90,ar-120-121,pr-true,f-auto,q-80/cms/sub_category/53.png",Deli Chic Chicken Sandwich Ham Slices,Deli,199,199,200 g,3.9 (99),In Stock,https://www.zeptonow.com/pn/deli-chic-chicken-sandwich-ham-slices/pvid/19f4ad81-ba8b-4b15-a967-626ff73fd513,"https://cdn.zeptonow.com/production/tr:w-1280,ar-1511-1979,pr-true,f-auto,q-80/cms/product_variant/647eea6a-8366-4b48-b924-e09f8326af1f.jpg"
Frozen Food & Ice Creams,Top Picks,"https://cdn.zeptonow.com/production/tr:w-90,ar-120-121,pr-true,f-auto,q-80/cms/sub_category/53.png",Meatzza Chicken Burger Patty,Meatzza,245,330,500 g,4.9 (329),In Stock,https://www.zeptonow.com/pn/meatzza-chicken-burger-patty/pvid/6c3c4bdc-ed7e-4ab1-88e2-92adc30a7a9b,"https://cdn.zeptonow.com/production/tr:w-1280,ar-2400-2400,pr-true,f-auto,q-80/cms/product_variant/60c7786d-686d-4293-9339-c773cd0deee0.jpg"
Frozen Food & Ice Creams,Top Picks,"https://cdn.zeptonow.com/production/tr:w-90,ar-120-121,pr-true,f-auto,q-80/cms/sub_category/53.png",McCain Crazy Fries Masala MixHot 'n' Tangy,McCain,169,170,400 g,4.7 (1.7k),In Stock,https://www.zeptonow.com/pn/mccain-crazy-fries-masala-mixhot-n-tangy/pvid/3acf4521-2eef-4a0a-8e9e-df3ca5004c50,"https://cdn.zeptonow.com/production/tr:w-1280,ar-1200-1200,pr-true,f-auto,q-80/cms/product_variant/947bd70a-95c2-481e-829c-2a97907cb64b.jpeg"
Frozen Food & Ice Creams,Top Picks,"https://cdn.zeptonow.com/production/tr:w-90,ar-120-121,pr-true,f-auto,q-80/cms/sub_category/53.png",Meatzza Chicken Malai Seekh Kabab,Meatzza,226,375,500 g,5 (209),In Stock,https://www.zeptonow.com/pn/meatzza-chicken-malai-seekh-kabab/pvid/78493097-ed01-4412-8630-9c95dfed7d6d,"https://cdn.zeptonow.com/production/tr:w-1280,ar-2400-2400,pr-true,f-auto,q-80/cms/product_variant/e42f098a-513b-40c6-818b-66aad8624da6.jpg"
Frozen Food & Ice Creams,Top Picks,"https://cdn.zeptonow.com/production/tr:w-90,ar-120-121,pr-true,f-auto,q-80/cms/sub_category/53.png",Meatzza Chicken Seekh Kebab Hot & Spicy,Meatzza,316,365,500 g,4.6 (186),In Stock,https://www.zeptonow.com/pn/meatzza-chicken-seekh-kebab-hot-spicy/pvid/fe50bd9f-8ba3-44e2-9c47-a9d2ab9b03e6,"https://cdn.zeptonow.com/production/tr:w-1280,ar-2400-2400,pr-true,f-auto,q-80/cms/product_variant/ad9dfec1-af5f-4958-a5b9-9bdf6b08203d.jpg"
Frozen Food & Ice Creams,Top Picks,"https://cdn.zeptonow.com/production/tr:w-90,ar-120-121,pr-true,f-auto,q-80/cms/sub_category/53.png",McCain Masala Fries,McCain,175,175,420 g,4.7 (2.7k),In Stock,https://www.zeptonow.com/pn/mccain-masala-fries/pvid/6af9e54a-1511-4063-840f-5407f45773b4,"https://cdn.zeptonow.com/production/tr:w-1280,ar-1200-1200,pr-true,f-auto,q-80/cms/product_variant/54ae9ac6-aca8-4b34-9a8a-baae39e87c0f.jpeg"
Frozen Food & Ice Creams,Top Picks,"https://cdn.zeptonow.com/production/tr:w-90,ar-120-121,pr-true,f-auto,q-80/cms/sub_category/53.png",Deli Chic Chicken Blackpepper Salami,Deli,135,190,250 g,4.9 (229),In Stock,https://www.zeptonow.com/pn/deli-chic-chicken-blackpepper-salami/pvid/8d16d3af-d58e-4296-9414-37f16b01b207,"https://cdn.zeptonow.com/production/tr:w-1280,ar-2030-2720,pr-true,f-auto,q-80/cms/product_variant/56f45947-33ee-4b97-bb60-fbd90493a5cb.jpg"
Frozen Food & Ice Creams,Top Picks,"https://cdn.zeptonow.com/production/tr:w-90,ar-120-121,pr-true,f-auto,q-80/cms/sub_category/53.png",Meatzza Marinated Boneless Peri Peri Tikka,Meatzza,277,325,500 g,4.6 (53),In Stock,https://www.zeptonow.com/pn/meatzza-marinated-boneless-peri-peri-tikka/pvid/e0083373-8097-43b4-a5b7-ea7db342facf,"https://cdn.zeptonow.com/production/tr:w-1280,ar-1000-1000,pr-true,f-auto,q-80/cms/product_variant/18e7299e-704e-4f85-b104-523e6f325e91.jpg"
Frozen Food & Ice Creams,Top Picks,"https://cdn.zeptonow.com/production/tr:w-90,ar-120-121,pr-true,f-auto,q-80/cms/sub_category/53.png",Wow! Smiley Chicken Nuggets,Wow!,129,249,252 g,4.2 (95),In Stock,https://www.zeptonow.com/pn/wow-smiley-chicken-nuggets/pvid/9591c5d3-e13b-4fe3-97ee-f69f0dd4865f,"https://cdn.zeptonow.com/production/tr:w-1280,ar-4167-4167,pr-true,f-auto,q-80/cms/product_variant/4a47c24e-4994-4fdf-8253-cdd90242ad0d.jpg"
Frozen Food & Ice Creams,Top Picks,"https://cdn.zeptonow.com/production/tr:w-90,ar-120-121,pr-true,f-auto,q-80/cms/sub_category/53.png",Carnivore Mutton Shami Kabab,Carnivore,403,575,500 g,4.5 (756),In Stock,https://www.zeptonow.com/pn/carnivore-mutton-shami-kabab/pvid/6b35d2ba-d3a4-44fb-89e7-2a08f6250f1a,"https://cdn.zeptonow.com/production/tr:w-1280,ar-1500-1500,pr-true,f-auto,q-80/cms/product_variant/754b88bd-381f-4181-a10b-e5c058525764.jpeg"
Frozen Food & Ice Creams,Top Picks,"https://cdn.zeptonow.com/production/tr:w-90,ar-120-121,pr-true,f-auto,q-80/cms/sub_category/53.png",Sneha Snackster Chicken Breakfast Sausage,Sneha,181,300,340 g,4.4 (458),In Stock,https://www.zeptonow.com/pn/sneha-snackster-chicken-breakfast-sausage/pvid/511620ed-b4ef-493c-84ef-77c398237b15,"https://cdn.zeptonow.com/production/tr:w-1280,ar-1001-1001,pr-true,f-auto,q-80/cms/product_variant/8737c370-1317-4336-b947-3e9bb7563534.jpg"
Frozen Food & Ice Creams,Top Picks,"https://cdn.zeptonow.com/production/tr:w-90,ar-120-121,pr-true,f-auto,q-80/cms/sub_category/53.png",Mccain Airfryer French Fries,Mccain,124,160,420 g,4.6 (447),In Stock,https://www.zeptonow.com/pn/mccain-airfryer-french-fries/pvid/deff06b2-7c3a-44ef-b546-64df60dd80ee,"https://cdn.zeptonow.com/production/tr:w-1280,ar-900-900,pr-true,f-auto,q-80/cms/product_variant/b03932fa-2851-4a09-a58d-4943f48828d4.jpg"
Frozen Food & Ice Creams,Top Picks,"https://cdn.zeptonow.com/production/tr:w-90,ar-120-121,pr-true,f-auto,q-80/cms/sub_category/53.png",McCain French Fries,McCain,223,223,750 g,4.2 (1.0k),In Stock,https://www.zeptonow.com/pn/mccain-french-fries/pvid/eba71a71-d820-4ffd-89cc-e2f4f3605ad5,"https://cdn.zeptonow.com/production/tr:w-1280,ar-2400-2400,pr-true,f-auto,q-80/cms/product_variant/92126812-17ce-446d-9a80-1917256231e7.jpeg"
Frozen Food & Ice Creams,Top Picks,"https://cdn.zeptonow.com/production/tr:w-90,ar-120-121,pr-true,f-auto,q-80/cms/sub_category/53.png",Meatzza Marinated Boneless Tandoori Tikka,Meatzza,277,325,500 g,4.8 (92),In Stock,https://www.zeptonow.com/pn/meatzza-marinated-boneless-tandoori-tikka/pvid/a751eb4a-5d5c-419a-a2c8-139842dea0ea,"https://cdn.zeptonow.com/production/tr:w-1280,ar-1000-1000,pr-true,f-auto,q-80/cms/product_variant/5d4ba21e-a830-4d82-a635-d19388aa4467.jpg"
Frozen Food & Ice Creams,Top Picks,"https://cdn.zeptonow.com/production/tr:w-90,ar-120-121,pr-true,f-auto,q-80/cms/sub_category/53.png",Carnivore Chicken Seekh Kabab Onion,Carnivore,272,380,500 g,5 (56),In Stock,https://www.zeptonow.com/pn/carnivore-chicken-seekh-kabab-onion/pvid/87b16c42-3529-4e60-a751-9032dfa07d36,"https://cdn.zeptonow.com/production/tr:w-1280,ar-1500-1500,pr-true,f-auto,q-80/cms/product_variant/85d22a9e-495b-4f54-93a5-a5ab044e328a.jpeg"
Frozen Food & Ice Creams,Top Picks,"https://cdn.zeptonow.com/production/tr:w-90,ar-120-121,pr-true,f-auto,q-80/cms/sub_category/53.png",Carnivore Chicken Seekh Kabab Nawabi,Carnivore,288,410,500 g,4.9 (61),In Stock,https://www.zeptonow.com/pn/carnivore-chicken-seekh-kabab-nawabi/pvid/134422a8-3037-4fef-9033-be71492387d5,"https://cdn.zeptonow.com/production/tr:w-1280,ar-2400-2400,pr-true,f-auto,q-80/cms/product_variant/f4f27edc-feb8-42f1-8189-ecec7246b132.jpg"
Frozen Food & Ice Creams,Top Picks,"https://cdn.zeptonow.com/production/tr:w-90,ar-120-121,pr-true,f-auto,q-80/cms/sub_category/53.png",Deli Chic Chicken Galawat Seekh Kabab,Deli,244,299,500 g,4.5 (414),In Stock,https://www.zeptonow.com/pn/deli-chic-chicken-galawat-seekh-kabab/pvid/cab9ab1c-90e6-4a88-901a-586da3c29cae,"https://cdn.zeptonow.com/production/tr:w-1280,ar-1511-1694,pr-true,f-auto,q-80/cms/product_variant/7ee80d6a-f4c1-44a2-b57c-39672d967fd4.jpg"
Frozen Food & Ice Creams,Top Picks,"https://cdn.zeptonow.com/production/tr:w-90,ar-120-121,pr-true,f-auto,q-80/cms/sub_category/53.png",Prasuma Loaded Chicken Pizza Minis,Prasuma,180,180,180 g,4.5 (151),In Stock,https://www.zeptonow.com/pn/prasuma-loaded-chicken-pizza-minis/pvid/673a34cb-c631-4b17-bf9f-c4c0a0b89fba,"https://cdn.zeptonow.com/production/tr:w-1280,ar-1000-1000,pr-true,f-auto,q-80/cms/product_variant/8a4dabe3-d0b7-43fc-ac1c-94aa171eb5b9.jpeg"
Frozen Food & Ice Creams,Top Picks,"https://cdn.zeptonow.com/production/tr:w-90,ar-120-121,pr-true,f-auto,q-80/cms/sub_category/53.png",Pfc FOODs Plant Based Classic Chicken Nuggets,Pfc,210,350,400 g,4.9 (92),In Stock,https://www.zeptonow.com/pn/pfc-foods-plant-based-classic-chicken-nuggets/pvid/1dcc28ce-3c79-485e-969e-a4192a0bae10,"https://cdn.zeptonow.com/production/tr:w-1280,ar-1500-2193,pr-true,f-auto,q-80/cms/product_variant/2f765f93-b4ac-4314-8a25-6c4a9e68ec2c.jpg"
Frozen Food & Ice Creams,Top Picks,"https://cdn.zeptonow.com/production/tr:w-90,ar-120-121,pr-true,f-auto,q-80/cms/sub_category/53.png",Pfc FOODs Plant Based Smoked Chicken Sausage,Pfc,241,375,250 g,4.5 (318),In Stock,https://www.zeptonow.com/pn/pfc-foods-plant-based-smoked-chicken-sausage/pvid/b676add5-c9ba-4e94-9b68-24d264245b77,"https://cdn.zeptonow.com/production/tr:w-1280,ar-1500-2193,pr-true,f-auto,q-80/cms/product_variant/0f98f0cb-24c1-4113-ab8e-12a875e58cd8.jpg"
Frozen Food & Ice Creams,Top Picks,"https://cdn.zeptonow.com/production/tr:w-90,ar-120-121,pr-true,f-auto,q-80/cms/sub_category/53.png",Deli Chic Chicken Lehsuni Seekh Kabab,Deli,242,299,500 g,4 (495),In Stock,https://www.zeptonow.com/pn/deli-chic-chicken-lehsuni-seekh-kabab/pvid/237e8264-bc05-4b43-b8f4-6733d3b7c36d,"https://cdn.zeptonow.com/production/tr:w-1280,ar-904-1280,pr-true,f-auto,q-80/cms/product_variant/a3564fd2-107a-4c08-b178-2d5f3e715e53.jpg"
Frozen Food & Ice Creams,Top Picks,"https://cdn.zeptonow.com/production/tr:w-90,ar-120-121,pr-true,f-auto,q-80/cms/sub_category/53.png",Pfc FOODs Plant Based Mutton Seekh Kebab,Pfc,257,395,250 g,4.4 (61),In Stock,https://www.zeptonow.com/pn/pfc-foods-plant-based-mutton-seekh-kebab/pvid/2462fe0c-670f-4bac-8fde-bfeae10c7873,"https://cdn.zeptonow.com/production/tr:w-1280,ar-1500-2193,pr-true,f-auto,q-80/cms/product_variant/9e0228eb-21f4-4cd3-aa41-2dcc6f49281c.jpg"
Frozen Food & Ice Creams,Top Picks,"https://cdn.zeptonow.com/production/tr:w-90,ar-120-121,pr-true,f-auto,q-80/cms/sub_category/53.png",Carnivore Chicken Seekh Kabab Lahori,Carnivore,288,410,500 g,4.2 (60),In Stock,https://www.zeptonow.com/pn/carnivore-chicken-seekh-kabab-lahori/pvid/f6aeaec8-baa5-466f-a5cc-9a43908364c1,"https://cdn.zeptonow.com/production/tr:w-1280,ar-2400-2400,pr-true,f-auto,q-80/cms/product_variant/31fc100f-4749-427d-b12a-c3b82b239e6d.jpeg"
Frozen Food & Ice Creams,Top Picks,"https://cdn.zeptonow.com/production/tr:w-90,ar-120-121,pr-true,f-auto,q-80/cms/sub_category/53.png",Pfc FOODs Plant Based Chicken Seekh Kebab,Pfc,257,395,250 g,4.5 (728),In Stock,https://www.zeptonow.com/pn/pfc-foods-plant-based-chicken-seekh-kebab/pvid/3ee68ad3-3cea-47f5-a7c0-473b288414e8,"https://cdn.zeptonow.com/production/tr:w-1280,ar-1500-2193,pr-true,f-auto,q-80/cms/product_variant/3b06eefa-3eb4-4785-b22a-26e14eb6c631.jpg"
Frozen Food & Ice Creams,Top Picks,"https://cdn.zeptonow.com/production/tr:w-90,ar-120-121,pr-true,f-auto,q-80/cms/sub_category/53.png",Meatigo Old School Chicken Tikka (Frozen),Meatigo,249,249,250 g,4.4 (196),In Stock,https://www.zeptonow.com/pn/meatigo-old-school-chicken-tikka-frozen/pvid/a9f3427a-fd31-4349-90a1-0c9903c20bbc,"https://cdn.zeptonow.com/production/tr:w-1280,ar-1000-1000,pr-true,f-auto,q-80/cms/product_variant/7906c9e6-9014-4198-98a9-a26d3b612128.jpeg"
Frozen Food & Ice Creams,Top Picks,"https://cdn.zeptonow.com/production/tr:w-90,ar-120-121,pr-true,f-auto,q-80/cms/sub_category/53.png",Mr. Munchies Afghani Soya Chaap,Mr.,171,189,280 g,4.1 (514),In Stock,https://www.zeptonow.com/pn/mr-munchies-afghani-soya-chaap/pvid/3eb5a228-2068-40b2-8988-0ed5a5e8c053,"https://cdn.zeptonow.com/production/tr:w-1280,ar-1488-2104,pr-true,f-auto,q-80/cms/product_variant/4a2f838a-9573-469c-b13e-9218025279c6.jpg"
Frozen Food & Ice Creams,Top Picks,"https://cdn.zeptonow.com/production/tr:w-90,ar-120-121,pr-true,f-auto,q-80/cms/sub_category/53.png",Carnivore Chicken Shami Kabab,Carnivore,266,380,500 g,4.8 (56),In Stock,https://www.zeptonow.com/pn/carnivore-chicken-shami-kabab/pvid/74968072-aee9-48d4-970b-0b84e043407c,"https://cdn.zeptonow.com/production/tr:w-1280,ar-768-1002,pr-true,f-auto,q-80/inventory/product/bb4d04b1-b08a-411b-9529-94260117c380-image_file.jpeg"
Frozen Food & Ice Creams,Top Picks,"https://cdn.zeptonow.com/production/tr:w-90,ar-120-121,pr-true,f-auto,q-80/cms/sub_category/53.png",Pfc FOODs Plant Based Classic Burger Patty,Pfc,260,400,400 g,4.5 (63),In Stock,https://www.zeptonow.com/pn/pfc-foods-plant-based-classic-burger-patty/pvid/5f0c8368-d511-4311-bda7-dae4b1ba58c5,"https://cdn.zeptonow.com/production/tr:w-1280,ar-1500-2193,pr-true,f-auto,q-80/cms/product_variant/2e36fe2b-2398-4c50-8616-380ca205850c.jpg"
Frozen Food & Ice Creams,Top Picks,"https://cdn.zeptonow.com/production/tr:w-90,ar-120-121,pr-true,f-auto,q-80/cms/sub_category/53.png",Mr. Munchies Tandoori Soya Chaap,Mr.,171,189,280 g,4.4 (593),In Stock,https://www.zeptonow.com/pn/mr-munchies-tandoori-soya-chaap/pvid/efd405d6-2e86-440e-94ac-e7f81869617a,"https://cdn.zeptonow.com/production/tr:w-1280,ar-1200-1200,pr-true,f-auto,q-80/cms/product_variant/4735ab00-4cf8-4707-8428-e21685ab557b.jpeg"
Frozen Food & Ice Creams,Top Picks,"https://cdn.zeptonow.com/production/tr:w-90,ar-120-121,pr-true,f-auto,q-80/cms/sub_category/53.png",Mr. Munchies Spicy Paneer Burger Patty,Mr.,183,209,280 g,4.2 (873),In Stock,https://www.zeptonow.com/pn/mr-munchies-spicy-paneer-burger-patty/pvid/440dc682-9bdb-469f-97db-cc6ae5790ed0,"https://cdn.zeptonow.com/production/tr:w-1280,ar-1000-1000,pr-true,f-auto,q-80/cms/product_variant/d5ed876e-33c3-47be-8e33-f0ed0e79a2a4.jpeg"
Frozen Food & Ice Creams,Top Picks,"https://cdn.zeptonow.com/production/tr:w-90,ar-120-121,pr-true,f-auto,q-80/cms/sub_category/53.png",Mr. Munchies Pizza Samosa,Mr.,154,169,270 g,4.3 (878),In Stock,https://www.zeptonow.com/pn/mr-munchies-pizza-samosa/pvid/78f7636b-6002-45a6-aa3c-ae81ffba2e34,"https://cdn.zeptonow.com/production/tr:w-1280,ar-2400-2400,pr-true,f-auto,q-80/cms/product_variant/7ce4eaff-8a43-4d7e-a380-204b596f9280.jpg"
Frozen Food & Ice Creams,Top Picks,"https://cdn.zeptonow.com/production/tr:w-90,ar-120-121,pr-true,f-auto,q-80/cms/sub_category/53.png",Mr. Munchies Paneer Cheese Corn Roll,Mr.,187,209,250 g,4.5 (490),In Stock,https://www.zeptonow.com/pn/mr-munchies-paneer-cheese-corn-roll/pvid/111e46ce-0448-4a3e-b90c-aeb0091dce7a,"https://cdn.zeptonow.com/production/tr:w-1280,ar-1200-1200,pr-true,f-auto,q-80/cms/product_variant/f0f19ee3-b6a0-4847-876d-896b0e5e1992.jpeg"
Frozen Food & Ice Creams,Top Picks,"https://cdn.zeptonow.com/production/tr:w-90,ar-120-121,pr-true,f-auto,q-80/cms/sub_category/53.png",Mr. Munchies Premium Cheese Jalapeno Popper,Mr.,145,169,250 g,4.5 (576),In Stock,https://www.zeptonow.com/pn/mr-munchies-premium-cheese-jalapeno-popper/pvid/29c78018-0fbe-4050-8a97-7fbafbe2ec59,"https://cdn.zeptonow.com/production/tr:w-1280,ar-1200-1200,pr-true,f-auto,q-80/cms/product_variant/c6760439-b4ff-495f-b51b-12b30d8f88fd.jpeg"
Frozen Food & Ice Creams,Top Picks,"https://cdn.zeptonow.com/production/tr:w-90,ar-120-121,pr-true,f-auto,q-80/cms/sub_category/53.png",Mr. Munchies Lasooni Soya Chaap,Mr.,170,189,280 g,4.6 (339),In Stock,https://www.zeptonow.com/pn/mr-munchies-lasooni-soya-chaap/pvid/cc29a235-3292-4e7d-9be9-9f529dc06699,"https://cdn.zeptonow.com/production/tr:w-1280,ar-1200-1200,pr-true,f-auto,q-80/cms/product_variant/ffc1f417-a851-4515-a5d3-d446959fee9c.jpeg"
Frozen Food & Ice Creams,Top Picks,"https://cdn.zeptonow.com/production/tr:w-90,ar-120-121,pr-true,f-auto,q-80/cms/sub_category/53.png",Mr. Munchies Spicy Paneer Bites,Mr.,179,209,250 g,4.7 (930),In Stock,https://www.zeptonow.com/pn/mr-munchies-spicy-paneer-bites/pvid/8cd56382-20de-4f46-8992-d4dec721c71b,"https://cdn.zeptonow.com/production/tr:w-1280,ar-4000-6000,pr-true,f-auto,q-80/cms/product_variant/7035c85a-25ba-4074-8a33-68b8efd475f6.jpg"
Frozen Food & Ice Creams,Top Picks,"https://cdn.zeptonow.com/production/tr:w-90,ar-120-121,pr-true,f-auto,q-80/cms/sub_category/53.png",Prasuma Pizza Minis - Veg Supreme,Prasuma,157,165,180 g,4 (632),In Stock,https://www.zeptonow.com/pn/prasuma-pizza-minis-veg-supreme/pvid/3595b1fa-b481-4a5c-a5bf-30b919426a4c,"https://cdn.zeptonow.com/production/tr:w-1280,ar-1000-1000,pr-true,f-auto,q-80/cms/product_variant/655d1425-a5e5-4ae3-8844-dd153b43aeff.jpeg"
Frozen Food & Ice Creams,Top Picks,"https://cdn.zeptonow.com/production/tr:w-90,ar-120-121,pr-true,f-auto,q-80/cms/sub_category/53.png",Prasuma Pizza Minis - Paneer Tikka,Prasuma,156,165,180 g,4.1 (651),In Stock,https://www.zeptonow.com/pn/prasuma-pizza-minis-paneer-tikka/pvid/dcfadc26-f227-42a3-9727-1e91ca254830,"https://cdn.zeptonow.com/production/tr:w-1280,ar-1000-1000,pr-true,f-auto,q-80/cms/product_variant/d374143b-a720-46ad-8461-293fb8327de2.jpeg"
Frozen Food & Ice Creams,Top Picks,"https://cdn.zeptonow.com/production/tr:w-90,ar-120-121,pr-true,f-auto,q-80/cms/sub_category/53.png",Mr. Munchies Premium Cheese Burst Burger Patty,Mr.,146,169,250 g,4.2 (72),In Stock,https://www.zeptonow.com/pn/mr-munchies-premium-cheese-burst-burger-patty/pvid/95f563a0-7938-492d-a43e-a24fab9c0a31,"https://cdn.zeptonow.com/production/tr:w-1280,ar-1500-1500,pr-true,f-auto,q-80/cms/product_variant/738da63a-ead4-4ce3-96f4-37821c938801.jpg"
Frozen Food & Ice Creams,Top Picks,"https://cdn.zeptonow.com/production/tr:w-90,ar-120-121,pr-true,f-auto,q-80/cms/sub_category/53.png",Mr. Munchies Crunchy Thread Paneer,Mr.,115,209,220 g,4.7 (231),In Stock,https://www.zeptonow.com/pn/mr-munchies-crunchy-thread-paneer/pvid/352d3d07-5f86-4702-a9a0-bd8ae50679ff,"https://cdn.zeptonow.com/production/tr:w-1280,ar-1200-1200,pr-true,f-auto,q-80/cms/product_variant/d79c5943-d63c-4d36-9b25-c6d7624fadb4.jpeg"
Frozen Food & Ice Creams,Top Picks,"https://cdn.zeptonow.com/production/tr:w-90,ar-120-121,pr-true,f-auto,q-80/cms/sub_category/53.png",ITC Master Chef Chicken Seekh Kabab 500 g Combo,ITC,996,1095,500 g X 3,4.2 (58),In Stock,https://www.zeptonow.com/pn/itc-master-chef-chicken-seekh-kabab-500-g-combo/pvid/9da25be3-8cc7-4e25-8791-ba61034be0cc,"https://cdn.zeptonow.com/production/tr:w-1280,ar-1500-1500,pr-true,f-auto,q-80/cms/product_variant/bf108649-7125-4d2b-8069-2e461cfeb1e6.jpg"
Frozen Food & Ice Creams,Top Picks,"https://cdn.zeptonow.com/production/tr:w-90,ar-120-121,pr-true,f-auto,q-80/cms/sub_category/53.png",Venky's Breakfast Sausages 500 g Combo,Venky's,339,795,500 g X 3,4.6 (336),In Stock,https://www.zeptonow.com/pn/venkys-breakfast-sausages-500-g-combo/pvid/4bf05e61-8318-495c-a635-20909a471f16,"https://cdn.zeptonow.com/production/tr:w-1280,ar-1500-1500,pr-true,f-auto,q-80/cms/product_variant/733965f2-e47f-49be-ab5e-4dc0888e4413.jpg"
Frozen Food & Ice Creams,Top Picks,"https://cdn.zeptonow.com/production/tr:w-90,ar-120-121,pr-true,f-auto,q-80/cms/sub_category/53.png",ITC Master Chef Veg Burger Patty 430 g Combo,ITC,236,270,430 g X 2,4.2 (793),In Stock,https://www.zeptonow.com/pn/itc-master-chef-veg-burger-patty-430-g-combo/pvid/aa2eea63-5885-47db-8342-51d12aa1fef4,"https://cdn.zeptonow.com/production/tr:w-1280,ar-1500-1500,pr-true,f-auto,q-80/cms/product_variant/1fef5338-73d3-49ec-80e5-bc9fa3d53846.jpg"
Frozen Food & Ice Creams,Top Picks,"https://cdn.zeptonow.com/production/tr:w-90,ar-120-121,pr-true,f-auto,q-80/cms/sub_category/53.png",ITC Master Chef Crispy French Fries 420 g Combo,ITC,236,250,420 g X 2,4.7 (653),In Stock,https://www.zeptonow.com/pn/itc-master-chef-crispy-french-fries-420-g-combo/pvid/93d8458d-1f26-4d03-9372-78fb00626958,"https://cdn.zeptonow.com/production/tr:w-1280,ar-1500-1500,pr-true,f-auto,q-80/inventory/product/93d8458d-1f26-4d03-9372-78fb00626958-117vLobJIeGdRjmxWOOT73rwcxHHcFWYY.jpeg"
Frozen Food & Ice Creams,Top Picks,"https://cdn.zeptonow.com/production/tr:w-90,ar-120-121,pr-true,f-auto,q-80/cms/sub_category/53.png",iD Malabar Parota 400 g X 2 Combo,iD,210,210,400 g X 2,4.3 (226),In Stock,https://www.zeptonow.com/pn/id-malabar-parota-400-g-x-2-combo/pvid/89258a45-6f43-4aaa-a5ad-d0bc959fa7b2,"https://cdn.zeptonow.com/production/tr:w-1280,ar-1200-1200,pr-true,f-auto,q-80/cms/product_variant/eb734917-f9fc-4fd5-897b-9ce684fa7e83.jpg"
Frozen Food & Ice Creams,Top Picks,"https://cdn.zeptonow.com/production/tr:w-90,ar-120-121,pr-true,f-auto,q-80/cms/sub_category/53.png",Mccain Aloo Tikki(400gms) & Thums Up Soft Drink(750ml) Combo,Mccain,137,178,2 combo,4.6 (393),In Stock,https://www.zeptonow.com/pn/mccain-aloo-tikki400gms-thums-up-soft-drink750ml-combo/pvid/f70d8ea2-0008-4ba7-95c0-66dce129003f,"https://cdn.zeptonow.com/production/tr:w-1280,ar-1494-1494,pr-true,f-auto,q-80/cms/product_variant/fbc484b8-7c83-4155-9f7d-8f9439ff6419.jpg"
Frozen Food & Ice Creams,Top Picks,"https://cdn.zeptonow.com/production/tr:w-90,ar-120-121,pr-true,f-auto,q-80/cms/sub_category/53.png",Mccain French Fries(420gms) & Pepsi Soft Drink(750ml) Combo,Mccain,135,165,2 combo,4.4 (378),In Stock,https://www.zeptonow.com/pn/mccain-french-fries420gms-pepsi-soft-drink750ml-combo/pvid/c05bff71-b7a0-40af-a489-0a0c14beebaf,"https://cdn.zeptonow.com/production/tr:w-1280,ar-1494-1494,pr-true,f-auto,q-80/cms/product_variant/4d547e52-3584-4025-98b2-831bcc295132.jpg"
Frozen Food & Ice Creams,Top Picks,"https://cdn.zeptonow.com/production/tr:w-90,ar-120-121,pr-true,f-auto,q-80/cms/sub_category/53.png",iD Fresh Whole Wheat Chapati (10 pieces) 400 g Combo,iD,150,158,400 g X 2,4.5 (209),In Stock,https://www.zeptonow.com/pn/id-fresh-whole-wheat-chapati-10-pieces-400-g-combo/pvid/23397fdb-8697-4ba6-9dae-52401c59d044,"https://cdn.zeptonow.com/production/tr:w-1280,ar-1494-1494,pr-true,f-auto,q-80/cms/product_variant/9c3cffaa-bab6-4889-8584-3866b86419bb.jpg"
Frozen Food & Ice Creams,Top Picks,"https://cdn.zeptonow.com/production/tr:w-90,ar-120-121,pr-true,f-auto,q-80/cms/sub_category/53.png",McCain French Fries 420 g Combo,McCain,184,250,420 g X 2,4.5 (881),In Stock,https://www.zeptonow.com/pn/mccain-french-fries-420-g-combo/pvid/8f7ee7be-eb2f-461e-b144-ec3c084f14fd,"https://cdn.zeptonow.com/production/tr:w-1280,ar-1500-1500,pr-true,f-auto,q-80/cms/product_variant/98f9b581-f3dc-449d-89b4-75f1ed2cb372.jpg"
Frozen Food & Ice Creams,Top Picks,"https://cdn.zeptonow.com/production/tr:w-90,ar-120-121,pr-true,f-auto,q-80/cms/sub_category/53.png",iD Fresh Malabar Parota Combo,iD,198,210,400 g X 2,4.5 (201),In Stock,https://www.zeptonow.com/pn/id-fresh-malabar-parota-combo/pvid/bf0224ec-ad09-4cb9-9598-d419b3534f69,"https://cdn.zeptonow.com/production/tr:w-1280,ar-1500-1500,pr-true,f-auto,q-80/inventory/product/7d27c208-1d5e-4997-a026-84cc43644e84-iD_Malabar_Parota_(Pack_of_2).jpg"
Frozen Food & Ice Creams,Top Picks,"https://cdn.zeptonow.com/production/tr:w-90,ar-120-121,pr-true,f-auto,q-80/cms/sub_category/53.png",iD Fresh Whole Wheat Chapati (10 pieces) 400 g Combo,iD,216,237,400 g X 3,4.7 (939),In Stock,https://www.zeptonow.com/pn/id-fresh-whole-wheat-chapati-10-pieces-400-g-combo/pvid/ef398266-ba63-49d5-8064-1de3a9a3bf5a,"https://cdn.zeptonow.com/production/tr:w-1280,ar-1494-1494,pr-true,f-auto,q-80/cms/product_variant/7300a4be-803e-41b1-bb00-04c893563b3f.jpg"
Frozen Food & Ice Creams,Top Picks,"https://cdn.zeptonow.com/production/tr:w-90,ar-120-121,pr-true,f-auto,q-80/cms/sub_category/53.png",iD Fresh Wheat Lachha Paratha 400 g Combo,iD,204,220,400 g X 2,4.5 (760),In Stock,https://www.zeptonow.com/pn/id-fresh-wheat-lachha-paratha-400-g-combo/pvid/44d798b1-c02c-4b02-a432-629c6e89b8c8,"https://cdn.zeptonow.com/production/tr:w-1280,ar-1000-1000,pr-true,f-auto,q-80/cms/product_variant/d2a1f3ee-bd7b-4751-81dd-2812cc9258ba.jpeg"
Frozen Food & Ice Creams,Top Picks,"https://cdn.zeptonow.com/production/tr:w-90,ar-120-121,pr-true,f-auto,q-80/cms/sub_category/53.png",Switz Puff Dough Paratha (05 Units)(400gms) & Switz Spring Roll Dough Sheets 20 Piece(20pc) Combo,Switz,212,230,2 combo,4.7 (889),In Stock,https://www.zeptonow.com/pn/switz-puff-dough-paratha-05-units400gms-switz-spring-roll-dough-sheets-20-piece20pc-combo/pvid/e05f8848-8e64-4cd3-8ccf-4761ef263ec6,"https://cdn.zeptonow.com/production/tr:w-1280,ar-1500-1500,pr-true,f-auto,q-80/inventory/product/24861c32-cc1b-4af0-9fd8-4e997bcdd84a-983.jpg"
Frozen Food & Ice Creams,Top Picks,"https://cdn.zeptonow.com/production/tr:w-90,ar-120-121,pr-true,f-auto,q-80/cms/sub_category/53.png",Meatigo Chicken Kheema (Frozen) 450 g Combo,Meatigo,490,550,450 g X 2,4.6 (316),In Stock,https://www.zeptonow.com/pn/meatigo-chicken-kheema-frozen-450-g-combo/pvid/fcaa3986-80c8-4640-bd8e-61c9127945ef,"https://cdn.zeptonow.com/production/tr:w-1280,ar-1500-1500,pr-true,f-auto,q-80/cms/product_variant/97229a6c-4829-494c-aa93-2707628d0d3a.jpg"
Frozen Food & Ice Creams,Top Picks,"https://cdn.zeptonow.com/production/tr:w-90,ar-120-121,pr-true,f-auto,q-80/cms/sub_category/53.png",Mccain New Mini Samosa With Cheese Pizza Style Filling(240gms) & Mccain Cheesy Pizza Finger(250gms) Combo,Mccain,381,390,2 combo,4.4 (817),In Stock,https://www.zeptonow.com/pn/mccain-new-mini-samosa-with-cheese-pizza-style-filling240gms-mccain-cheesy-pizza-finger250gms-combo/pvid/2be04092-3db2-4124-886b-bf021ac6cbef,"https://cdn.zeptonow.com/production/tr:w-1280,ar-1494-1494,pr-true,f-auto,q-80/cms/product_variant/f46ea578-0c9a-4698-9be8-6e6fc69a94b3.jpg"
Frozen Food & Ice Creams,Top Picks,"https://cdn.zeptonow.com/production/tr:w-90,ar-120-121,pr-true,f-auto,q-80/cms/sub_category/53.png",Prasuma Peri Peri Veg Momos 15 pc Combo,MOM,380,520,15 pc X 2,4.4 (367),In Stock,https://www.zeptonow.com/pn/prasuma-peri-peri-veg-momos-15-pc-combo/pvid/6493fb67-078e-4f04-83b2-4c8658ff16d6,"https://cdn.zeptonow.com/production/tr:w-1280,ar-1500-1500,pr-true,f-auto,q-80/cms/product_variant/6c663f39-916b-4dcd-938a-a260bf0dead8.jpg"
Frozen Food & Ice Creams,Top Picks,"https://cdn.zeptonow.com/production/tr:w-90,ar-120-121,pr-true,f-auto,q-80/cms/sub_category/53.png",McCain Chilli Garlic Potato Bites Nuggets 420 g Combo,McCain,216,330,420 g X 2,4.4 (569),In Stock,https://www.zeptonow.com/pn/mccain-chilli-garlic-potato-bites-nuggets-420-g-combo/pvid/0a7af563-7e9f-48e4-8a6d-3495151cbda5,"https://cdn.zeptonow.com/production/tr:w-1280,ar-1500-1500,pr-true,f-auto,q-80/cms/product_variant/15c5f63a-dc08-448b-a429-918ab29210e0.jpg"
Frozen Food & Ice Creams,Top Picks,"https://cdn.zeptonow.com/production/tr:w-90,ar-120-121,pr-true,f-auto,q-80/cms/sub_category/53.png",Switz Samosa Dough Sheets 50 pc Combo,Switz,206,240,50 pc X 2,4.5 (184),In Stock,https://www.zeptonow.com/pn/switz-samosa-dough-sheets-50-pc-combo/pvid/6791dafb-66f7-4940-ba9f-6820efbeaa8f,"https://cdn.zeptonow.com/production/tr:w-1280,ar-1500-1500,pr-true,f-auto,q-80/inventory/product/b57e6959-4f7f-4e97-ace3-3004193f4cec-2693.jpg"
Frozen Food & Ice Creams,Top Picks,"https://cdn.zeptonow.com/production/tr:w-90,ar-120-121,pr-true,f-auto,q-80/cms/sub_category/53.png",Switz Samosa Dough Sheets 50 pc Combo,Switz,297,360,50 pc X 3,4.5 (235),In Stock,https://www.zeptonow.com/pn/switz-samosa-dough-sheets-50-pc-combo/pvid/db14c4bd-0a42-483f-9039-9c77d5d76281,"https://cdn.zeptonow.com/production/tr:w-1280,ar-1500-1500,pr-true,f-auto,q-80/cms/product_variant/8e22934d-469c-4f5a-af6b-277850ad3903.jpg"
Frozen Food & Ice Creams,Top Picks,"https://cdn.zeptonow.com/production/tr:w-90,ar-120-121,pr-true,f-auto,q-80/cms/sub_category/53.png",McCain French Fries 420 g Combo,McCain,264,375,420 g X 3,4.3 (748),In Stock,https://www.zeptonow.com/pn/mccain-french-fries-420-g-combo/pvid/8c21a73d-e404-4692-b1f8-d90c7efd2190,"https://cdn.zeptonow.com/production/tr:w-1280,ar-1500-1500,pr-true,f-auto,q-80/cms/product_variant/c91c1ef3-42d4-40f6-afbf-66e1aa430be8.jpg"
Frozen Food & Ice Creams,Top Picks,"https://cdn.zeptonow.com/production/tr:w-90,ar-120-121,pr-true,f-auto,q-80/cms/sub_category/53.png",McCain Smiles Cripsy Happy Potatoes 415 g Combo,McCain,284,300,415 g X 2,4.2 (242),In Stock,https://www.zeptonow.com/pn/mccain-smiles-cripsy-happy-potatoes-415-g-combo/pvid/7f3f86b5-2fa2-4eee-87a1-cb465c5e5515,"https://cdn.zeptonow.com/production/tr:w-1280,ar-1500-1500,pr-true,f-auto,q-80/cms/product_variant/f97aece3-1d91-4470-8201-3de56b3db43f.jpg"
Frozen Food & Ice Creams,Top Picks,"https://cdn.zeptonow.com/production/tr:w-90,ar-120-121,pr-true,f-auto,q-80/cms/sub_category/53.png",ITC Master Chef Crispy French Fries 420 g Combo,ITC,336,375,420 g X 3,4.6 (384),In Stock,https://www.zeptonow.com/pn/itc-master-chef-crispy-french-fries-420-g-combo/pvid/397f5487-c220-4215-b060-85731754df16,"https://cdn.zeptonow.com/production/tr:w-1280,ar-1500-1500,pr-true,f-auto,q-80/cms/product_variant/b4afd5c6-0dd3-44c8-b65d-8e0c45cb4cc3.jpg"
Frozen Food & Ice Creams,Top Picks,"https://cdn.zeptonow.com/production/tr:w-90,ar-120-121,pr-true,f-auto,q-80/cms/sub_category/53.png",Venky's Chicken Pops 300 g Combo,Venky's,286,400,300 g X 2,4.3 (502),In Stock,https://www.zeptonow.com/pn/venkys-chicken-pops-300-g-combo/pvid/5e76a9ca-a0fa-499b-8f24-3eba7787e4ad,"https://cdn.zeptonow.com/production/tr:w-1280,ar-1500-1500,pr-true,f-auto,q-80/cms/product_variant/905dbc4b-7155-4142-99b6-a81d3912fb98.jpg"
Frozen Food & Ice Creams,Top Picks,"https://cdn.zeptonow.com/production/tr:w-90,ar-120-121,pr-true,f-auto,q-80/cms/sub_category/53.png",McCain Smiles Cripsy Happy Potatoes 415 g Combo,McCain,414,450,415 g X 3,4.7 (149),In Stock,https://www.zeptonow.com/pn/mccain-smiles-cripsy-happy-potatoes-415-g-combo/pvid/0ee303e2-2328-4ba9-b213-1e1085172f55,"https://cdn.zeptonow.com/production/tr:w-1280,ar-1500-1500,pr-true,f-auto,q-80/cms/product_variant/e653a5f4-85fc-44d9-a24c-71c00edcc06b.jpg"
Frozen Food & Ice Creams,Top Picks,"https://cdn.zeptonow.com/production/tr:w-90,ar-120-121,pr-true,f-auto,q-80/cms/sub_category/53.png",ITC Farmland Frozen Green Peas 1 kg Combo,ITC,452,640,1 kg X 2,4.6 (385),In Stock,https://www.zeptonow.com/pn/itc-farmland-frozen-green-peas-1-kg-combo/pvid/63ac7ee9-99e5-4eb9-93b2-7d1a3d42f90b,"https://cdn.zeptonow.com/production/tr:w-1280,ar-1200-1200,pr-true,f-auto,q-80/cms/product_variant/6f9e52be-cc59-4b10-a4ac-8d1c3fc8b72c.jpg"
Frozen Food & Ice Creams,Top Picks,"https://cdn.zeptonow.com/production/tr:w-90,ar-120-121,pr-true,f-auto,q-80/cms/sub_category/53.png",ITC Master Chef Medium Prawns Peeled & Deveined 200 g Combo,ITC,416,500,200 g X 2,4.4 (152),In Stock,https://www.zeptonow.com/pn/itc-master-chef-medium-prawns-peeled-deveined-200-g-combo/pvid/67c73d3e-3749-4c6f-8182-979d574bdde3,"https://cdn.zeptonow.com/production/tr:w-1280,ar-1500-1500,pr-true,f-auto,q-80/cms/product_variant/f3bc2d7c-217c-4d6b-b3ba-dab159ebfa1f.jpg"
Frozen Food & Ice Creams,Top Picks,"https://cdn.zeptonow.com/production/tr:w-90,ar-120-121,pr-true,f-auto,q-80/cms/sub_category/53.png",Yummiez Chicken Breakfast Sausages 250 g Combo,Yu,296,380,250 g X 2,4.6 (381),In Stock,https://www.zeptonow.com/pn/yummiez-chicken-breakfast-sausages-250-g-combo/pvid/1049aff9-94f4-4896-979f-2bbe7067da45,"https://cdn.zeptonow.com/production/tr:w-1280,ar-1500-1500,pr-true,f-auto,q-80/cms/product_variant/e56d3444-18ae-4ae2-bb47-9f25095502ce.jpg"
Frozen Food & Ice Creams,Top Picks,"https://cdn.zeptonow.com/production/tr:w-90,ar-120-121,pr-true,f-auto,q-80/cms/sub_category/53.png",Prasuma Pizza Minis - Loaded Chicken 180 g Combo,Prasuma,338,360,180 g X 2,4.6 (101),In Stock,https://www.zeptonow.com/pn/prasuma-pizza-minis-loaded-chicken-180-g-combo/pvid/fc084f49-fab7-42fe-8042-d647d5ea0ee8,"https://cdn.zeptonow.com/production/tr:w-1280,ar-1500-1500,pr-true,f-auto,q-80/cms/product_variant/92550276-4bbe-427c-9049-3a51258baad6.jpg"
Frozen Food & Ice Creams,Top Picks,"https://cdn.zeptonow.com/production/tr:w-90,ar-120-121,pr-true,f-auto,q-80/cms/sub_category/53.png",Godrej Yummiez Chilli Chicken Sausages 250 g Combo,Yu,356,380,250 g X 2,4.3 (532),In Stock,https://www.zeptonow.com/pn/godrej-yummiez-chilli-chicken-sausages-250-g-combo/pvid/7e21926a-9e6e-4334-aa70-f095a42edee1,"https://cdn.zeptonow.com/production/tr:w-1280,ar-1500-1500,pr-true,f-auto,q-80/cms/product_variant/d47e86c9-dd8a-42cb-b323-ef0dd4d444e0.jpg"
Frozen Food & Ice Creams,Top Picks,"https://cdn.zeptonow.com/production/tr:w-90,ar-120-121,pr-true,f-auto,q-80/cms/sub_category/53.png",Switz Spring Roll Dough Sheets 20 pc Combo,Switz,208,240,20 pc X 2,4.2 (653),In Stock,https://www.zeptonow.com/pn/switz-spring-roll-dough-sheets-20-pc-combo/pvid/5b7f52cd-6f0d-4b79-8bb7-c0db291d089a,"https://cdn.zeptonow.com/production/tr:w-1280,ar-1500-1500,pr-true,f-auto,q-80/inventory/product/b40e527a-196f-47b1-ae9a-b8293c3d2ad0-350.jpg"
Frozen Food & Ice Creams,Top Picks,"https://cdn.zeptonow.com/production/tr:w-90,ar-120-121,pr-true,f-auto,q-80/cms/sub_category/53.png",Aashirvaad Ready To Cook Malabar Paratha 400 g Combo,Aashirvaad,339,450,400 g X 3,4.5 (111),In Stock,https://www.zeptonow.com/pn/aashirvaad-ready-to-cook-malabar-paratha-400-g-combo/pvid/1fd45493-92c2-4d92-8f5b-590f7e87f1bc,"https://cdn.zeptonow.com/production/tr:w-1280,ar-1500-1500,pr-true,f-auto,q-80/cms/product_variant/e8f30efe-1c24-461b-8508-7866e4eb5921.jpg"
Frozen Food & Ice Creams,Top Picks,"https://cdn.zeptonow.com/production/tr:w-90,ar-120-121,pr-true,f-auto,q-80/cms/sub_category/53.png",ITC Master Chef Medium Prawns Peeled & Deveined 200 g Combo,ITC,594,750,200 g X 3,4.6 (504),In Stock,https://www.zeptonow.com/pn/itc-master-chef-medium-prawns-peeled-deveined-200-g-combo/pvid/2ac2406d-ecaf-44d7-b380-b159478e545c,"https://cdn.zeptonow.com/production/tr:w-1280,ar-1500-1500,pr-true,f-auto,q-80/cms/product_variant/46eabc84-0f78-46c5-b375-77cdb0d936e5.jpg"
Frozen Food & Ice Creams,Top Picks,"https://cdn.zeptonow.com/production/tr:w-90,ar-120-121,pr-true,f-auto,q-80/cms/sub_category/53.png",Meatzza Chicken Nuggets 500 g Combo,Meatzza,402,740,500 g X 2,4.4 (534),In Stock,https://www.zeptonow.com/pn/meatzza-chicken-nuggets-500-g-combo/pvid/f7863c93-f269-4391-8490-b31cb05d8ccd,"https://cdn.zeptonow.com/production/tr:w-1280,ar-1500-1500,pr-true,f-auto,q-80/inventory/product/0f8250e4-8963-4098-81ce-6bdf6e510123-2403.jpg"
Frozen Food & Ice Creams,Top Picks,"https://cdn.zeptonow.com/production/tr:w-90,ar-120-121,pr-true,f-auto,q-80/cms/sub_category/53.png",ITC Master Chef Chicken Seekh Kabab 500 g Combo,ITC,690,730,500 g X 2,4.5 (686),In Stock,https://www.zeptonow.com/pn/itc-master-chef-chicken-seekh-kabab-500-g-combo/pvid/bc457071-aa6f-4df8-aa41-09db6b9e80b2,"https://cdn.zeptonow.com/production/tr:w-1280,ar-1500-1500,pr-true,f-auto,q-80/cms/product_variant/2c99e12d-c3ec-4757-afde-c9b75fd626c4.jpg"
Frozen Food & Ice Creams,Top Picks,"https://cdn.zeptonow.com/production/tr:w-90,ar-120-121,pr-true,f-auto,q-80/cms/sub_category/53.png",ITC Master Chef Veggie Pizza Pocket 340 g Combo,ITC,316,390,340 g X 2,4.3 (540),In Stock,https://www.zeptonow.com/pn/itc-master-chef-veggie-pizza-pocket-340-g-combo/pvid/2890d5dc-ef74-464d-ba25-3b4b856b2162,"https://cdn.zeptonow.com/production/tr:w-1280,ar-1500-1500,pr-true,f-auto,q-80/cms/product_variant/6111cae1-fab1-49ae-8217-7929d850a0b9.jpg"
Frozen Food & Ice Creams,Top Picks,"https://cdn.zeptonow.com/production/tr:w-90,ar-120-121,pr-true,f-auto,q-80/cms/sub_category/53.png",ITC Master Chef Chicken Popcorn 500 g Combo,ITC,608,690,500 g X 2,4.3 (906),In Stock,https://www.zeptonow.com/pn/itc-master-chef-chicken-popcorn-500-g-combo/pvid/38cd0855-8499-4546-8ac9-715f9ba8d0ae,"https://cdn.zeptonow.com/production/tr:w-1280,ar-1566-1566,pr-true,f-auto,q-80/cms/product_variant/c9e84e4e-0381-4a72-8951-0e3f02b1a927.jpg"
Frozen Food & Ice Creams,Top Picks,"https://cdn.zeptonow.com/production/tr:w-90,ar-120-121,pr-true,f-auto,q-80/cms/sub_category/53.png",Godrej Yummiez Chicken Pepper & Herb Sausages(250gms) & Godrej Yummiez Chicken Breakfast Sausages(250gms) Combo,Yu,347,389,2 combo,4.6 (236),In Stock,https://www.zeptonow.com/pn/godrej-yummiez-chicken-pepper-herb-sausages250gms-godrej-yummiez-chicken-breakfast-sausages250gms-combo/pvid/3ae4575d-8102-4ff4-b2ca-895e31364077,"https://cdn.zeptonow.com/production/tr:w-1280,ar-1494-1494,pr-true,f-auto,q-80/cms/product_variant/4bd01ad1-a9f5-4a3c-a845-97f71f6fb5f1.jpg"
Frozen Food & Ice Creams,Top Picks,"https://cdn.zeptonow.com/production/tr:w-90,ar-120-121,pr-true,f-auto,q-80/cms/sub_category/53.png",Yummiez American Sweet Corn 400 g Combo,Yu,184,220,400 g X 2,4.4 (770),In Stock,https://www.zeptonow.com/pn/yummiez-american-sweet-corn-400-g-combo/pvid/e57348d3-fbb3-41ac-b4cb-e8124d2b4514,"https://cdn.zeptonow.com/production/tr:w-1280,ar-1566-1566,pr-true,f-auto,q-80/cms/product_variant/b7b96f1f-0c1b-4de5-8d6c-6a303d05dfe4.jpg"
Frozen Food & Ice Creams,Top Picks,"https://cdn.zeptonow.com/production/tr:w-90,ar-120-121,pr-true,f-auto,q-80/cms/sub_category/53.png",Prasuma Spicy Chicken Momos 24 pc Combo,MOM,572,650,24 pc X 2,4.7 (753),In Stock,https://www.zeptonow.com/pn/prasuma-spicy-chicken-momos-24-pc-combo/pvid/6f8db1c6-a10c-4ed1-b956-7457968945ff,"https://cdn.zeptonow.com/production/tr:w-1280,ar-1500-1500,pr-true,f-auto,q-80/inventory/product/c427d98e-e681-47c1-83a9-7947952c2bbd-4747.jpg"
Frozen Food & Ice Creams,Top Picks,"https://cdn.zeptonow.com/production/tr:w-90,ar-120-121,pr-true,f-auto,q-80/cms/sub_category/53.png",Yummiez Veg Cheese Fingers Pouch 400 g Combo,Yu,476,500,400 g X 2,4.6 (697),In Stock,https://www.zeptonow.com/pn/yummiez-veg-cheese-fingers-pouch-400-g-combo/pvid/245a4a83-f0c2-4d79-85ea-98669a6ea823,"https://cdn.zeptonow.com/production/tr:w-1280,ar-1500-1500,pr-true,f-auto,q-80/cms/product_variant/10806bf9-3e18-4d4f-8f27-b753fb3ae231.jpg"
Frozen Food & Ice Creams,Top Picks,"https://cdn.zeptonow.com/production/tr:w-90,ar-120-121,pr-true,f-auto,q-80/cms/sub_category/53.png",Godrej Yummiez Large Prawns 200 g Combo,Yu,436,560,200 g X 2,4.6 (498),In Stock,https://www.zeptonow.com/pn/godrej-yummiez-large-prawns-200-g-combo/pvid/7cf778a1-df7f-43d4-a796-cd7e4ab52bb4,"https://cdn.zeptonow.com/production/tr:w-1280,ar-1200-1200,pr-true,f-auto,q-80/cms/product_variant/efd42bc2-faa4-4e45-881a-fa1e7cdcc890.jpg"
Frozen Food & Ice Creams,Top Picks,"https://cdn.zeptonow.com/production/tr:w-90,ar-120-121,pr-true,f-auto,q-80/cms/sub_category/53.png",Prasuma Peri Peri Chicken Momos(250gms) & Prasuma Peri Peri Veg Momos(15pc) Combo,MOM,404,470,2 combo,4.4 (931),In Stock,https://www.zeptonow.com/pn/prasuma-peri-peri-chicken-momos250gms-prasuma-peri-peri-veg-momos15pc-combo/pvid/fb829152-6ea7-4c8f-b279-3feb02616d16,"https://cdn.zeptonow.com/production/tr:w-1280,ar-1494-1494,pr-true,f-auto,q-80/cms/product_variant/1ceb80a6-366c-496b-af18-1d70b0da0d21.jpg"
Frozen Food & Ice Creams,Top Picks,"https://cdn.zeptonow.com/production/tr:w-90,ar-120-121,pr-true,f-auto,q-80/cms/sub_category/53.png",Prasuma Frozen Pork Sausage(250gms) & Prasuma Frozen Chicken Cheese & Chilli Sausage(250gms) Combo,Prasuma,409,445,2 combo,4.7 (188),In Stock,https://www.zeptonow.com/pn/prasuma-frozen-pork-sausage250gms-prasuma-frozen-chicken-cheese-chilli-sausage250gms-combo/pvid/565c8cde-5233-4376-abd2-554455bf6560,"https://cdn.zeptonow.com/production/tr:w-1280,ar-1494-1494,pr-true,f-auto,q-80/cms/product_variant/89b181bd-de84-4d85-8982-be6db27c6d73.jpg"
Frozen Food & Ice Creams,Top Picks,"https://cdn.zeptonow.com/production/tr:w-90,ar-120-121,pr-true,f-auto,q-80/cms/sub_category/53.png",Meatigo Frozen Chicken Boneless Breast 450 g Combo,Meatigo,490,550,450 g X 2,4.4 (155),In Stock,https://www.zeptonow.com/pn/meatigo-frozen-chicken-boneless-breast-450-g-combo/pvid/28badc9e-6eac-419c-ab22-dc8e1eb6073e,"https://cdn.zeptonow.com/production/tr:w-1280,ar-1500-1500,pr-true,f-auto,q-80/cms/product_variant/356ad813-b44d-4ccc-9dab-7005b000905b.jpg"
Frozen Food & Ice Creams,Top Picks,"https://cdn.zeptonow.com/production/tr:w-90,ar-120-121,pr-true,f-auto,q-80/cms/sub_category/53.png",Prasuma Momos Cheesy Spicy Veg(24pc) & Prasuma Momos Original Chicken(24pc) Combo,MOM,586,650,2 combo,4.7 (237),In Stock,https://www.zeptonow.com/pn/prasuma-momos-cheesy-spicy-veg24pc-prasuma-momos-original-chicken24pc-combo/pvid/f50a413e-0428-496d-ae26-d64b810e7773,"https://cdn.zeptonow.com/production/tr:w-1280,ar-1494-1494,pr-true,f-auto,q-80/cms/product_variant/4947d999-132b-4980-b16f-02948fe43336.jpg"
Frozen Food & Ice Creams,Top Picks,"https://cdn.zeptonow.com/production/tr:w-90,ar-120-121,pr-true,f-auto,q-80/cms/sub_category/53.png",Wow! Veg Peri Peri Momo Buy 1 Get 1 Free 20 pc Combo,MOM,276,450,20 pc X 2,4.3 (844),In Stock,https://www.zeptonow.com/pn/wow-veg-peri-peri-momo-buy-1-get-1-free-20-pc-combo/pvid/ce4ed62d-909d-4460-a746-d0de45a88941,"https://cdn.zeptonow.com/production/tr:w-1280,ar-1500-1500,pr-true,f-auto,q-80/cms/product_variant/25ad890e-8bc8-4d7c-806d-a826dfef3bcc.jpg"
Frozen Food & Ice Creams,Top Picks,"https://cdn.zeptonow.com/production/tr:w-90,ar-120-121,pr-true,f-auto,q-80/cms/sub_category/53.png",Prasuma Frozen Chicken Pepperoni Salami 100 g Combo,Prasuma,282,320,100 g X 2,4.2 (272),In Stock,https://www.zeptonow.com/pn/prasuma-frozen-chicken-pepperoni-salami-100-g-combo/pvid/59bc2ee8-b1c8-4c96-bf78-e4813037b688,"https://cdn.zeptonow.com/production/tr:w-1280,ar-1500-1500,pr-true,f-auto,q-80/cms/product_variant/33283505-3704-46a7-98b6-d0ab853d1688.jpg"
Frozen Food & Ice Creams,Top Picks,"https://cdn.zeptonow.com/production/tr:w-90,ar-120-121,pr-true,f-auto,q-80/cms/sub_category/53.png",Meatigo Boneless Chicken Thigh (Frozen) 450 g Combo,Meatigo,514,590,450 g X 2,4.6 (95),In Stock,https://www.zeptonow.com/pn/meatigo-boneless-chicken-thigh-frozen-450-g-combo/pvid/e1cbf717-1109-47da-b356-2a2be33bd48f,"https://cdn.zeptonow.com/production/tr:w-1280,ar-1500-1500,pr-true,f-auto,q-80/cms/product_variant/a207e696-7375-44b9-be30-edb524bc3858.jpg"
Frozen Food & Ice Creams,Top Picks,"https://cdn.zeptonow.com/production/tr:w-90,ar-120-121,pr-true,f-auto,q-80/cms/sub_category/53.png",Prasuma Vegetable And Paneer Momos 24 pc Combo,MOM,508,590,24 pc X 2,4.3 (575),In Stock,https://www.zeptonow.com/pn/prasuma-vegetable-and-paneer-momos-24-pc-combo/pvid/3b8d5a5a-e6c4-4add-b501-11d61f655d84,"https://cdn.zeptonow.com/production/tr:w-1280,ar-1500-1500,pr-true,f-auto,q-80/cms/product_variant/dffdd8bf-e921-4545-a77d-1ceb43233103.jpg"
Frozen Food & Ice Creams,Top Picks,"https://cdn.zeptonow.com/production/tr:w-90,ar-120-121,pr-true,f-auto,q-80/cms/sub_category/53.png",Prasuma Momos Original Chicken(24pc) & Prasuma Spicy Chicken Momos(10pc) Combo,MOM,472,520,2 combo,4.6 (397),In Stock,https://www.zeptonow.com/pn/prasuma-momos-original-chicken24pc-prasuma-spicy-chicken-momos10pc-combo/pvid/55b1ed0a-2177-4b0c-aad4-4b8cb1f80f1a,"https://cdn.zeptonow.com/production/tr:w-1280,ar-1494-1494,pr-true,f-auto,q-80/cms/product_variant/6f4bee50-f86a-4cc2-9a85-9840d561c2e9.jpg"
Frozen Food & Ice Creams,Top Picks,"https://cdn.zeptonow.com/production/tr:w-90,ar-120-121,pr-true,f-auto,q-80/cms/sub_category/53.png",Prasuma Momos Cheesy Spicy Veg 24 pc Combo,MOM,520,650,24 pc X 2,4.2 (885),In Stock,https://www.zeptonow.com/pn/prasuma-momos-cheesy-spicy-veg-24-pc-combo/pvid/08c59179-a747-4275-80a4-b245a64fd9bd,"https://cdn.zeptonow.com/production/tr:w-1280,ar-1500-1500,pr-true,f-auto,q-80/cms/product_variant/b222126e-15e8-4ba4-bdfd-76450ec8c763.jpg"
Frozen Food & Ice Creams,Top Picks,"https://cdn.zeptonow.com/production/tr:w-90,ar-120-121,pr-true,f-auto,q-80/cms/sub_category/53.png",Meatzza Fresh Boneless Chicken Thighs 500 g Combo,Meatzza,723,840,500 g X 3,4.6 (313),In Stock,https://www.zeptonow.com/pn/meatzza-fresh-boneless-chicken-thighs-500-g-combo/pvid/972520d8-2069-4540-a182-d4f37a24fdd9,"https://cdn.zeptonow.com/production/tr:w-1280,ar-1500-1500,pr-true,f-auto,q-80/cms/product_variant/27722f03-b713-46ee-b3f0-41032009e974.jpg"
Frozen Food & Ice Creams,Top Picks,"https://cdn.zeptonow.com/production/tr:w-90,ar-120-121,pr-true,f-auto,q-80/cms/sub_category/53.png",Switz Samosa Dough Sheets (50 Units)(50pc) & Switz Puff Dough Paratha (05 Units)(400gms) Combo,Switz,211,230,2 combo,4.4 (995),In Stock,https://www.zeptonow.com/pn/switz-samosa-dough-sheets-50-units50pc-switz-puff-dough-paratha-05-units400gms-combo/pvid/af2e4437-a348-4255-b394-86d9ae81d886,"https://cdn.zeptonow.com/production/tr:w-1280,ar-1500-1500,pr-true,f-auto,q-80/inventory/product/eeb9f0ff-fb21-4847-a2ad-ee8d8ae9a8c7-982.jpg"
Frozen Food & Ice Creams,Top Picks,"https://cdn.zeptonow.com/production/tr:w-90,ar-120-121,pr-true,f-auto,q-80/cms/sub_category/53.png",Meatzza Chicken Malai Seekh Kabab 500 g Combo,Meatzza,414,750,500 g X 2,4.5 (309),In Stock,https://www.zeptonow.com/pn/meatzza-chicken-malai-seekh-kabab-500-g-combo/pvid/bcc9795d-da6f-4840-a967-001b80b57804,"https://cdn.zeptonow.com/production/tr:w-1280,ar-1500-1500,pr-true,f-auto,q-80/cms/product_variant/0ce56234-6cba-4981-965a-e8fedda41f18.jpg"
Frozen Food & Ice Creams,Top Picks,"https://cdn.zeptonow.com/production/tr:w-90,ar-120-121,pr-true,f-auto,q-80/cms/sub_category/53.png",Mccain French Fries(420gms) & Limca Soft Drink Pet(750ml) Combo,Mccain,138,170,2 combo,4.5 (190),In Stock,https://www.zeptonow.com/pn/mccain-french-fries420gms-limca-soft-drink-pet750ml-combo/pvid/41b81f42-e126-4ef1-b073-c0afc19c36b3,"https://cdn.zeptonow.com/production/tr:w-1280,ar-1494-1494,pr-true,f-auto,q-80/cms/product_variant/da5ce98a-bfca-42b7-8267-1bb9f284db4a.jpg"
Frozen Food & Ice Creams,Top Picks,"https://cdn.zeptonow.com/production/tr:w-90,ar-120-121,pr-true,f-auto,q-80/cms/sub_category/53.png",iD Peri Peri Parota Combo,iD,74,130,160 g X 2,4.3 (442),In Stock,https://www.zeptonow.com/pn/id-peri-peri-parota-combo/pvid/26fdb98a-8644-49d6-acd6-838bce63896b,"https://cdn.zeptonow.com/production/tr:w-1280,ar-1200-1200,pr-true,f-auto,q-80/cms/product_variant/2fb73ee0-a841-4ac1-80df-5b24171ec0df.jpg"
Frozen Food & Ice Creams,Top Picks,"https://cdn.zeptonow.com/production/tr:w-90,ar-120-121,pr-true,f-auto,q-80/cms/sub_category/53.png",Prasuma Crunchy Chicken Momos - Kurkure Momos 380 g Combo,MOM,498,530,380 g X 2,4.5 (127),In Stock,https://www.zeptonow.com/pn/prasuma-crunchy-chicken-momos-kurkure-momos-380-g-combo/pvid/6684cf4c-a5a5-4d6a-a355-b9ab70d90940,"https://cdn.zeptonow.com/production/tr:w-1280,ar-1500-1500,pr-true,f-auto,q-80/cms/product_variant/8743eccf-e3b7-400e-b83f-262e74fdf34b.jpg"
Frozen Food & Ice Creams,Top Picks,"https://cdn.zeptonow.com/production/tr:w-90,ar-120-121,pr-true,f-auto,q-80/cms/sub_category/53.png",Prasuma Frozen Pork Breakfast Bacon(300gms) & Prasuma Frozen Pork Sausage(250gms) Combo,Prasuma,627,645,2 combo,4.2 (167),In Stock,https://www.zeptonow.com/pn/prasuma-frozen-pork-breakfast-bacon300gms-prasuma-frozen-pork-sausage250gms-combo/pvid/0b32a46f-aac3-4ba0-8bcc-fae8530ac502,"https://cdn.zeptonow.com/production/tr:w-1280,ar-1494-1494,pr-true,f-auto,q-80/cms/product_variant/2dfade70-b0ca-4673-bb6d-01d53f988e37.jpg"
Frozen Food & Ice Creams,Top Picks,"https://cdn.zeptonow.com/production/tr:w-90,ar-120-121,pr-true,f-auto,q-80/cms/sub_category/53.png",Meatigo Chicken Drumsticks (Frozen) 450 g Combo,Meatigo,468,520,450 g X 2,4.4 (443),In Stock,https://www.zeptonow.com/pn/meatigo-chicken-drumsticks-frozen-450-g-combo/pvid/522d9d45-30a4-409c-b220-41e836120841,"https://cdn.zeptonow.com/production/tr:w-1280,ar-1500-1500,pr-true,f-auto,q-80/cms/product_variant/dc6ec26f-482b-4288-84c8-3f282301202b.jpg"
Frozen Food & Ice Creams,Top Picks,"https://cdn.zeptonow.com/production/tr:w-90,ar-120-121,pr-true,f-auto,q-80/cms/sub_category/53.png",McCain Veggie Fingers & Chilli Garlic Potato Nuggets Combo,McCain,260,340,2 Combo,4.6 (843),In Stock,https://www.zeptonow.com/pn/mccain-veggie-fingers-chilli-garlic-potato-nuggets-combo/pvid/b1a9a437-b471-44af-8501-d35ae762e823,"https://cdn.zeptonow.com/production/tr:w-1280,ar-1736-1066,pr-true,f-auto,q-80/inventory/product/570490c0-4790-43ae-95ec-31ad0766f3b9-197.png"
Frozen Food & Ice Creams,Top Picks,"https://cdn.zeptonow.com/production/tr:w-90,ar-120-121,pr-true,f-auto,q-80/cms/sub_category/53.png",Prasuma Spicy Chicken Momos 24 pc Combo,MOM,819,975,24 pc X 3,4.5 (643),In Stock,https://www.zeptonow.com/pn/prasuma-spicy-chicken-momos-24-pc-combo/pvid/99ec21f9-7e66-49ac-a080-a401a9e1df1f,"https://cdn.zeptonow.com/production/tr:w-1280,ar-1500-1500,pr-true,f-auto,q-80/cms/product_variant/90079de3-b28f-4d2c-9a8c-1702a2bbe14a.jpg"
Frozen Food & Ice Creams,Top Picks,"https://cdn.zeptonow.com/production/tr:w-90,ar-120-121,pr-true,f-auto,q-80/cms/sub_category/53.png",Prasuma Momos Original Chicken 24 pc Combo,MOM,572,650,24 pc X 2,4.2 (906),In Stock,https://www.zeptonow.com/pn/prasuma-momos-original-chicken-24-pc-combo/pvid/95c47413-5911-47f5-b45d-9bd05cbfbe6f,"https://cdn.zeptonow.com/production/tr:w-1280,ar-1500-1500,pr-true,f-auto,q-80/cms/product_variant/3047f773-f144-45c6-8d42-150f66943f7f.jpg"
Frozen Food & Ice Creams,Top Picks,"https://cdn.zeptonow.com/production/tr:w-90,ar-120-121,pr-true,f-auto,q-80/cms/sub_category/53.png",Meatzza Chicken Burger Patty 500 g Combo,Meatzza,450,660,500 g X 2,4.5 (169),In Stock,https://www.zeptonow.com/pn/meatzza-chicken-burger-patty-500-g-combo/pvid/18a48978-6058-4f2e-b105-8297aa62a7c9,"https://cdn.zeptonow.com/production/tr:w-1280,ar-1500-1500,pr-true,f-auto,q-80/inventory/product/238dc712-620e-4239-aaca-f6d71b16a486-2404.jpg"
Frozen Food & Ice Creams,Top Picks,"https://cdn.zeptonow.com/production/tr:w-90,ar-120-121,pr-true,f-auto,q-80/cms/sub_category/53.png",Prasuma Peri Peri Veg Momos(15pc) & Prasuma Momos Cheesy Spicy Veg(24pc) Combo,MOM,486,585,2 combo,4.2 (507),In Stock,https://www.zeptonow.com/pn/prasuma-peri-peri-veg-momos15pc-prasuma-momos-cheesy-spicy-veg24pc-combo/pvid/b72fb26e-a3f7-4f6a-bfc9-96f115a09b2f,"https://cdn.zeptonow.com/production/tr:w-1280,ar-1494-1494,pr-true,f-auto,q-80/cms/product_variant/c4f9016e-6330-450a-a236-fce05a381265.jpg"
Frozen Food & Ice Creams,Top Picks,"https://cdn.zeptonow.com/production/tr:w-90,ar-120-121,pr-true,f-auto,q-80/cms/sub_category/53.png",Prasuma Frozen Chicken Breakfast Bacon(200gms) & Prasuma Chicken Ham(200gms) Combo,Prasuma,460,515,2 combo,4.3 (451),In Stock,https://www.zeptonow.com/pn/prasuma-frozen-chicken-breakfast-bacon200gms-prasuma-chicken-ham200gms-combo/pvid/9eec3c73-2a2a-4b43-9604-4b1b87da8062,"https://cdn.zeptonow.com/production/tr:w-1280,ar-1494-1494,pr-true,f-auto,q-80/cms/product_variant/b131c722-26c7-4abc-8a04-bb5e7cd9e9a6.jpg"
Frozen Food & Ice Creams,Top Picks,"https://cdn.zeptonow.com/production/tr:w-90,ar-120-121,pr-true,f-auto,q-80/cms/sub_category/53.png",Mccain French Fries(420gms) & Thums Up Soft Drink(750ml) Combo,Mccain,138,170,2 combo,4.7 (433),In Stock,https://www.zeptonow.com/pn/mccain-french-fries420gms-thums-up-soft-drink750ml-combo/pvid/a04da464-2cb7-4682-9dd5-a1031ebff5fe,"https://cdn.zeptonow.com/production/tr:w-1280,ar-1494-1494,pr-true,f-auto,q-80/cms/product_variant/439fa156-bcc4-4809-be62-d90c916ad49c.jpg"
Frozen Food & Ice Creams,Top Picks,"https://cdn.zeptonow.com/production/tr:w-90,ar-120-121,pr-true,f-auto,q-80/cms/sub_category/53.png",Godrej Yummiez Chicken Pepper & Herb Sausages 250G(250gms) & Godrej Yummiez Chicken Pepper & Herb Salami(250gms) Combo,Yu,377,398,2 combo,4.6 (622),In Stock,https://www.zeptonow.com/pn/godrej-yummiez-chicken-pepper-herb-sausages-250g250gms-godrej-yummiez-chicken-pepper-herb-salami250gms-combo/pvid/2403ddcb-c358-4520-9948-a017a057def3,"https://cdn.zeptonow.com/production/tr:w-1280,ar-1494-1494,pr-true,f-auto,q-80/cms/product_variant/c31c2b65-20ce-4fd4-a778-6818b1c40797.jpg"
Frozen Food & Ice Creams,Top Picks,"https://cdn.zeptonow.com/production/tr:w-90,ar-120-121,pr-true,f-auto,q-80/cms/sub_category/53.png",Godrej Yummiez Chicken Pepper & Herb Salami 250 g Combo,Yu,356,398,250 g X 2,4.6 (91),In Stock,https://www.zeptonow.com/pn/godrej-yummiez-chicken-pepper-herb-salami-250-g-combo/pvid/d3d576e5-cd2a-49ca-83cf-2d9ea53feaff,"https://cdn.zeptonow.com/production/tr:w-1280,ar-1500-1500,pr-true,f-auto,q-80/cms/product_variant/cde9cdd8-abbe-44aa-a900-c5f19bd10dca.jpg"
Frozen Food & Ice Creams,Top Picks,"https://cdn.zeptonow.com/production/tr:w-90,ar-120-121,pr-true,f-auto,q-80/cms/sub_category/53.png",Venky's Breakfast Sausages 500 g Combo,Venky's,328,530,500 g X 2,4.6 (69),In Stock,https://www.zeptonow.com/pn/venkys-breakfast-sausages-500-g-combo/pvid/e6b911e4-3578-455f-80b1-37a1c164c089,"https://cdn.zeptonow.com/production/tr:w-1280,ar-1500-1500,pr-true,f-auto,q-80/cms/product_variant/f4802ea9-08e8-44c3-ae13-d747e4e729a9.jpg"
Frozen Food & Ice Creams,Top Picks,"https://cdn.zeptonow.com/production/tr:w-90,ar-120-121,pr-true,f-auto,q-80/cms/sub_category/53.png",McCain New Mini Samosa With Cheese Pizza Style Filling 240 g Combo,McCain,438,495,240 g X 3,4.5 (972),In Stock,https://www.zeptonow.com/pn/mccain-new-mini-samosa-with-cheese-pizza-style-filling-240-g-combo/pvid/8d5e526c-4495-4dac-a64c-4e01a289a1c3,"https://cdn.zeptonow.com/production/tr:w-1280,ar-1500-1500,pr-true,f-auto,q-80/cms/product_variant/12b905fa-9b0a-4244-99db-d4639f0c9352.jpg"
Frozen Food & Ice Creams,Top Picks,"https://cdn.zeptonow.com/production/tr:w-90,ar-120-121,pr-true,f-auto,q-80/cms/sub_category/53.png",Godrej Yummiez Chicken Lucknowi Seekh Kebab 400 g Combo,Yu,526,630,400 g X 2,4.3 (335),In Stock,https://www.zeptonow.com/pn/godrej-yummiez-chicken-lucknowi-seekh-kebab-400-g-combo/pvid/31cda087-695f-40b0-beb9-5f8db30990ba,"https://cdn.zeptonow.com/production/tr:w-1280,ar-1500-1500,pr-true,f-auto,q-80/cms/product_variant/65db38a7-4ea3-4c5c-b406-5214db40cc04.jpg"
Frozen Food & Ice Creams,Top Picks,"https://cdn.zeptonow.com/production/tr:w-90,ar-120-121,pr-true,f-auto,q-80/cms/sub_category/53.png",Godrej Yummiez Chicken Pepper & Herb Sausages(250gms) & Godrej Yummiez Chicken Cheese & Onion Sausages(250gms) Combo,Yu,386,414,2 combo,4.5 (381),In Stock,https://www.zeptonow.com/pn/godrej-yummiez-chicken-pepper-herb-sausages250gms-godrej-yummiez-chicken-cheese-onion-sausages250gms-combo/pvid/7ef550ae-6c8c-4d83-8053-219732e7e5ba,"https://cdn.zeptonow.com/production/tr:w-1280,ar-1494-1494,pr-true,f-auto,q-80/cms/product_variant/c0659f8b-bf84-4dfb-bf58-943c0efa6ebf.jpg"
Frozen Food & Ice Creams,Top Picks,"https://cdn.zeptonow.com/production/tr:w-90,ar-120-121,pr-true,f-auto,q-80/cms/sub_category/53.png",Prasuma Frozen Pork Breakfast Bacon 300 g Combo,Prasuma,736,790,300 g X 2,4.5 (154),In Stock,https://www.zeptonow.com/pn/prasuma-frozen-pork-breakfast-bacon-300-g-combo/pvid/afbc3abc-0e66-469f-939b-b8e316e3caaf,"https://cdn.zeptonow.com/production/tr:w-1280,ar-1500-1500,pr-true,f-auto,q-80/cms/product_variant/6e65e2c1-2e2c-4a1f-a48c-0a5d27f55385.jpg"
Frozen Food & Ice Creams,Top Picks,"https://cdn.zeptonow.com/production/tr:w-90,ar-120-121,pr-true,f-auto,q-80/cms/sub_category/53.png",ITC Master Chef Veggie Pizza Pocket 340 g Combo,ITC,450,585,340 g X 3,4.6 (687),In Stock,https://www.zeptonow.com/pn/itc-master-chef-veggie-pizza-pocket-340-g-combo/pvid/a099abc7-442d-4732-b319-25b351d846cb,"https://cdn.zeptonow.com/production/tr:w-1280,ar-1500-1500,pr-true,f-auto,q-80/cms/product_variant/c138b3d3-ef55-4d46-8526-6db0fc842f12.jpg"
Frozen Food & Ice Creams,Top Picks,"https://cdn.zeptonow.com/production/tr:w-90,ar-120-121,pr-true,f-auto,q-80/cms/sub_category/53.png",McCain Masala Fries 375 g Combo,McCain,330,350,375 g X 2,4.7 (490),In Stock,https://www.zeptonow.com/pn/mccain-masala-fries-375-g-combo/pvid/64be24c3-ba41-4cf9-b0c3-1f4aab44795c,"https://cdn.zeptonow.com/production/tr:w-1280,ar-1500-1500,pr-true,f-auto,q-80/cms/product_variant/e987b734-b3a3-46da-88bf-7b6047f7ccef.jpg"
Frozen Food & Ice Creams,Top Picks,"https://cdn.zeptonow.com/production/tr:w-90,ar-120-121,pr-true,f-auto,q-80/cms/sub_category/53.png",Prasuma Frozen Chicken Breakfast Bacon 200 g Combo,Prasuma,532,640,200 g X 2,4.2 (591),In Stock,https://www.zeptonow.com/pn/prasuma-frozen-chicken-breakfast-bacon-200-g-combo/pvid/6e3ebe05-9573-4cc1-bf36-b77103505e14,"https://cdn.zeptonow.com/production/tr:w-1280,ar-1500-1500,pr-true,f-auto,q-80/cms/product_variant/9bdd26e8-ea21-4028-8224-62b5549d6dc5.jpg"
Frozen Food & Ice Creams,Top Picks,"https://cdn.zeptonow.com/production/tr:w-90,ar-120-121,pr-true,f-auto,q-80/cms/sub_category/53.png",Prasuma Peri Peri Chicken Momos 250 g Combo,MOM,370,420,250 g X 2,4.6 (416),In Stock,https://www.zeptonow.com/pn/prasuma-peri-peri-chicken-momos-250-g-combo/pvid/3d56c674-8051-409b-b1ff-041f12ce590a,"https://cdn.zeptonow.com/production/tr:w-1280,ar-1500-1500,pr-true,f-auto,q-80/cms/product_variant/5b2d0e98-d5b2-47a6-bd52-d7107edffe18.jpg"
Frozen Food & Ice Creams,Top Picks,"https://cdn.zeptonow.com/production/tr:w-90,ar-120-121,pr-true,f-auto,q-80/cms/sub_category/53.png",Prasuma Pizza Minis - Veg Supreme 180 g Combo,Prasuma,294,330,180 g X 2,4.6 (414),In Stock,https://www.zeptonow.com/pn/prasuma-pizza-minis-veg-supreme-180-g-combo/pvid/759a0c23-5446-485f-a347-c3de169eb819,"https://cdn.zeptonow.com/production/tr:w-1280,ar-1500-1500,pr-true,f-auto,q-80/cms/product_variant/335f51c2-662e-44d5-b229-6f95ca8fc727.jpg"
Frozen Food & Ice Creams,Top Picks,"https://cdn.zeptonow.com/production/tr:w-90,ar-120-121,pr-true,f-auto,q-80/cms/sub_category/53.png",Finger Spin Combo,Finger,174,245,2 combo,4.5 (511),In Stock,https://www.zeptonow.com/pn/finger-spin-combo/pvid/0568f115-97d1-42ff-86de-2a94409d5846,"https://cdn.zeptonow.com/production/tr:w-1280,ar-1000-1000,pr-true,f-auto,q-80/cms/product_variant/cac2081a-009a-4f2f-bab9-5e060d76c0fd.jpeg"
Frozen Food & Ice Creams,Top Picks,"https://cdn.zeptonow.com/production/tr:w-90,ar-120-121,pr-true,f-auto,q-80/cms/sub_category/53.png",Meatzza Fresh -Mutton Curry Cut 500 g Combo,Meatzza,1044,1100,500 g X 2,4.2 (785),In Stock,https://www.zeptonow.com/pn/meatzza-fresh-mutton-curry-cut-500-g-combo/pvid/d6c7e14e-264a-444f-9548-c9a2f16c6084,"https://cdn.zeptonow.com/production/tr:w-1280,ar-1500-1500,pr-true,f-auto,q-80/cms/product_variant/dc6da9fd-0d9d-4097-a218-80c117cab7e6.jpg"
Frozen Food & Ice Creams,Top Picks,"https://cdn.zeptonow.com/production/tr:w-90,ar-120-121,pr-true,f-auto,q-80/cms/sub_category/53.png",Mccain Veggie Burger Patty(360gms) & Thums Up Soft Drink(750ml) Combo,Mccain,189,195,2 combo,4.2 (734),In Stock,https://www.zeptonow.com/pn/mccain-veggie-burger-patty360gms-thums-up-soft-drink750ml-combo/pvid/d37d2d3b-ae7d-4470-b3da-7ca8c821a527,"https://cdn.zeptonow.com/production/tr:w-1280,ar-1494-1494,pr-true,f-auto,q-80/cms/product_variant/581df8af-7684-4b75-9e15-78572b65e1fc.jpg"
Frozen Food & Ice Creams,Top Picks,"https://cdn.zeptonow.com/production/tr:w-90,ar-120-121,pr-true,f-auto,q-80/cms/sub_category/53.png",Prasuma Frozen Chicken Pepperoni Salami(100gms) & Prasuma Frozen Pork Sausage(250gms) Combo,Prasuma,394,410,2 combo,4.6 (518),In Stock,https://www.zeptonow.com/pn/prasuma-frozen-chicken-pepperoni-salami100gms-prasuma-frozen-pork-sausage250gms-combo/pvid/d129d7ec-99d2-45ac-a05b-c44409b58e0f,"https://cdn.zeptonow.com/production/tr:w-1280,ar-1494-1494,pr-true,f-auto,q-80/cms/product_variant/fc4cdefa-910c-4f32-b552-60f7c7cc4226.jpg"
Frozen Food & Ice Creams,Top Picks,"https://cdn.zeptonow.com/production/tr:w-90,ar-120-121,pr-true,f-auto,q-80/cms/sub_category/53.png",Godrej Yummiez Cheese Corn Nuggets 400 gms X 2 Combo,Yu,458,500,400 g X 2,4.5 (589),In Stock,https://www.zeptonow.com/pn/godrej-yummiez-cheese-corn-nuggets-400-gms-x-2-combo/pvid/f1fc6dad-f9af-454a-a7fc-a3fa8e29c4c3,"https://cdn.zeptonow.com/production/tr:w-1280,ar-1566-1566,pr-true,f-auto,q-80/cms/product_variant/fa9bf463-926d-4aee-8359-1eb5675d2c05.jpg"
Frozen Food & Ice Creams,Top Picks,"https://cdn.zeptonow.com/production/tr:w-90,ar-120-121,pr-true,f-auto,q-80/cms/sub_category/53.png",McCain New Mini Samosa With Cheese Pizza Style Filling 240 g Combo,McCain,306,330,240 g X 2,4.4 (450),In Stock,https://www.zeptonow.com/pn/mccain-new-mini-samosa-with-cheese-pizza-style-filling-240-g-combo/pvid/09fb0c11-9f80-4d97-9a3d-852bca09d7c3,"https://cdn.zeptonow.com/production/tr:w-1280,ar-1500-1500,pr-true,f-auto,q-80/cms/product_variant/a84abe2c-a320-414d-b95e-f12a37c0b7f4.jpg"
Frozen Food & Ice Creams,Top Picks,"https://cdn.zeptonow.com/production/tr:w-90,ar-120-121,pr-true,f-auto,q-80/cms/sub_category/53.png",ITC Master Chef Crispy Chicken Fries 280 g Combo,ITC,378,398,280 g X 2,4.2 (976),In Stock,https://www.zeptonow.com/pn/itc-master-chef-crispy-chicken-fries-280-g-combo/pvid/0ebe64d5-365e-41dc-9a2c-74d4d3986279,"https://cdn.zeptonow.com/production/tr:w-1280,ar-1500-1500,pr-true,f-auto,q-80/cms/product_variant/e0fb8d40-e038-42a2-95e6-ed2f54d9835b.jpg"
Frozen Food & Ice Creams,Top Picks,"https://cdn.zeptonow.com/production/tr:w-90,ar-120-121,pr-true,f-auto,q-80/cms/sub_category/53.png",Prasuma Chicken Ham 200 g Combo,Prasuma,330,390,200 g X 2,4.2 (88),In Stock,https://www.zeptonow.com/pn/prasuma-chicken-ham-200-g-combo/pvid/fbbfe2ab-ab57-474a-9aee-8dc24203db66,"https://cdn.zeptonow.com/production/tr:w-1280,ar-1500-1500,pr-true,f-auto,q-80/cms/product_variant/854e8a80-55d8-4c44-be99-3127cec1bca6.jpg"
Frozen Food & Ice Creams,Top Picks,"https://cdn.zeptonow.com/production/tr:w-90,ar-120-121,pr-true,f-auto,q-80/cms/sub_category/53.png",Prasuma Frozen Chicken Cheese & Chilli Sausage 250 g Combo,Prasuma,308,390,250 g X 2,4.2 (828),In Stock,https://www.zeptonow.com/pn/prasuma-frozen-chicken-cheese-chilli-sausage-250-g-combo/pvid/a1d6dd03-7db2-4ec6-83c1-c825ff914b85,"https://cdn.zeptonow.com/production/tr:w-1280,ar-1500-1500,pr-true,f-auto,q-80/cms/product_variant/010ad08e-ceec-433f-a9ce-53c06ac04709.jpg"
Frozen Food & Ice Creams,Top Picks,"https://cdn.zeptonow.com/production/tr:w-90,ar-120-121,pr-true,f-auto,q-80/cms/sub_category/53.png",Godrej Yummiez Chilli Chicken Sausages 250 g Combo,Yu,513,570,250 g X 3,4.4 (573),In Stock,https://www.zeptonow.com/pn/godrej-yummiez-chilli-chicken-sausages-250-g-combo/pvid/7522988d-1df9-445c-93f4-bd726a596d8a,"https://cdn.zeptonow.com/production/tr:w-1280,ar-1500-1500,pr-true,f-auto,q-80/cms/product_variant/81890274-d871-4b26-939c-18e5e0d79bf1.jpg"
Frozen Food & Ice Creams,Top Picks,"https://cdn.zeptonow.com/production/tr:w-90,ar-120-121,pr-true,f-auto,q-80/cms/sub_category/53.png",Aashirvaad Ready To Cook Malabar Paratha 400 g Combo,Aashirvaad,238,300,400 g X 2,4.5 (607),In Stock,https://www.zeptonow.com/pn/aashirvaad-ready-to-cook-malabar-paratha-400-g-combo/pvid/1e0151af-6883-43ac-9e9c-2e15d8bf9820,"https://cdn.zeptonow.com/production/tr:w-1280,ar-1494-1494,pr-true,f-auto,q-80/cms/product_variant/0ea2e33d-9237-46dd-a9db-e99c48a4d83a.jpg"
Frozen Food & Ice Creams,Top Picks,"https://cdn.zeptonow.com/production/tr:w-90,ar-120-121,pr-true,f-auto,q-80/cms/sub_category/53.png",Yummiez Chicken Breakfast Sausages 250 g Combo,Yu,423,570,250 g X 3,4.4 (789),In Stock,https://www.zeptonow.com/pn/yummiez-chicken-breakfast-sausages-250-g-combo/pvid/1b0078e0-8e34-4059-8a4b-727bf348b8be,"https://cdn.zeptonow.com/production/tr:w-1280,ar-1500-1500,pr-true,f-auto,q-80/cms/product_variant/9ba34d28-7127-43aa-9f48-89fa0a2d78b7.jpg"
Frozen Food & Ice Creams,Top Picks,"https://cdn.zeptonow.com/production/tr:w-90,ar-120-121,pr-true,f-auto,q-80/cms/sub_category/53.png",Prasuma Vegetable And Paneer Momos(24pc) & Prasuma Momos Cheesy Spicy Veg(24pc) Combo,MOM,552,620,2 combo,4.2 (333),In Stock,https://www.zeptonow.com/pn/prasuma-vegetable-and-paneer-momos24pc-prasuma-momos-cheesy-spicy-veg24pc-combo/pvid/b33872e7-4aee-465c-b488-c61f37c501d8,"https://cdn.zeptonow.com/production/tr:w-1280,ar-1494-1494,pr-true,f-auto,q-80/cms/product_variant/76e6d3dd-2031-45ed-9f8c-d8ee5cc83138.jpg"
Frozen Food & Ice Creams,Top Picks,"https://cdn.zeptonow.com/production/tr:w-90,ar-120-121,pr-true,f-auto,q-80/cms/sub_category/53.png",Mccain French Fries(420gms) & Tang Lemon Instant Drink Mix(500gms) Combo,Mccain,263,295,2 combo,4.4 (263),In Stock,https://www.zeptonow.com/pn/mccain-french-fries420gms-tang-lemon-instant-drink-mix500gms-combo/pvid/9ffde54b-6608-40b0-8c11-0b108ea5993b,"https://cdn.zeptonow.com/production/tr:w-1280,ar-1500-1500,pr-true,f-auto,q-80/cms/product_variant/0c3a6060-414d-4b81-ae7f-c3610cb88d5e.jpg"
Frozen Food & Ice Creams,Veg Snacks,"https://cdn.zeptonow.com/production/tr:w-90,ar-120-120,pr-true,f-auto,q-80/cms/sub_category/668732d5-0fb6-4d28-8acf-176adf71849e.png",McCain French Fries,McCain,98,125,420 g,4.7 (56.4k),In Stock,https://www.zeptonow.com/pn/mccain-french-fries/pvid/cefb066b-c0f5-4a09-abc8-683f67daf141,"https://cdn.zeptonow.com/production/tr:w-1280,ar-3481-3999,pr-true,f-auto,q-80/cms/product_variant/c51703d3-5c97-4d5e-8cee-1c012802f318.jpeg"
Frozen Food & Ice Creams,Veg Snacks,"https://cdn.zeptonow.com/production/tr:w-90,ar-120-120,pr-true,f-auto,q-80/cms/sub_category/668732d5-0fb6-4d28-8acf-176adf71849e.png",McCain Smiles,McCain,150,150,415 g,4.6 (16.3k),In Stock,https://www.zeptonow.com/pn/mccain-smiles/pvid/581b568c-738f-4d74-a46a-12fb2926cf3f,"https://cdn.zeptonow.com/production/tr:w-1280,ar-1200-1200,pr-true,f-auto,q-80/cms/product_variant/d898fdfb-c5ca-4696-9d27-35bb96e2062d.jpeg"
Frozen Food & Ice Creams,Veg Snacks,"https://cdn.zeptonow.com/production/tr:w-90,ar-120-120,pr-true,f-auto,q-80/cms/sub_category/668732d5-0fb6-4d28-8acf-176adf71849e.png",ITC Master Chef Crispy French Fries | No Added Preservatives,ITC,125,125,420 g,4.6 (15.4k),In Stock,https://www.zeptonow.com/pn/itc-master-chef-crispy-french-fries-no-added-preservatives/pvid/940c943a-a155-4993-82df-9318339cca70,"https://cdn.zeptonow.com/production/tr:w-1280,ar-2560-2560,pr-true,f-auto,q-80/cms/product_variant/8f61ab5b-96fb-4d40-bc1c-64fe5b467d2a.jpeg"
Frozen Food & Ice Creams,Veg Snacks,"https://cdn.zeptonow.com/production/tr:w-90,ar-120-120,pr-true,f-auto,q-80/cms/sub_category/668732d5-0fb6-4d28-8acf-176adf71849e.png",McCain Variety Pack,McCain,175,175,550 g,4.7 (18.0k),In Stock,https://www.zeptonow.com/pn/mccain-variety-pack/pvid/442e670e-111f-48ee-8aea-84b26a4ff62d,"https://cdn.zeptonow.com/production/tr:w-1280,ar-2400-2400,pr-true,f-auto,q-80/cms/product_variant/e625e166-0b0d-4496-abf1-c51d5ab4cce6.jpeg"
Frozen Food & Ice Creams,Veg Snacks,"https://cdn.zeptonow.com/production/tr:w-90,ar-120-120,pr-true,f-auto,q-80/cms/sub_category/668732d5-0fb6-4d28-8acf-176adf71849e.png",ITC Master Chef Veg Burger Patty | Loaded with Veggies | Crispy & Delicious | 8 pieces,Delicious,126,135,430 g,4.5 (5.5k),In Stock,https://www.zeptonow.com/pn/itc-master-chef-veg-burger-patty-loaded-with-veggies-crispy-delicious-8-pieces/pvid/3cc40ab3-580c-48d6-b90e-9aa11742ad2c,"https://cdn.zeptonow.com/production/tr:w-1280,ar-2560-2560,pr-true,f-auto,q-80/cms/product_variant/eebebc4f-2863-4f07-8065-14e2685a015f.jpeg"
Frozen Food & Ice Creams,Veg Snacks,"https://cdn.zeptonow.com/production/tr:w-90,ar-120-120,pr-true,f-auto,q-80/cms/sub_category/668732d5-0fb6-4d28-8acf-176adf71849e.png",McCain Aloo Tikki,McCain,98,133,400 g,4.6 (14.7k),In Stock,https://www.zeptonow.com/pn/mccain-aloo-tikki/pvid/13d88580-0eb7-47e3-bfe3-e437e7cbcb4a,"https://cdn.zeptonow.com/production/tr:w-1280,ar-1200-1200,pr-true,f-auto,q-80/cms/product_variant/ab30dd23-7648-49d4-b0a9-99831a19b884.jpeg"
Frozen Food & Ice Creams,Veg Snacks,"https://cdn.zeptonow.com/production/tr:w-90,ar-120-120,pr-true,f-auto,q-80/cms/sub_category/668732d5-0fb6-4d28-8acf-176adf71849e.png",McCain Chilli Garlic Potato Bites,McCain,119,165,420 g,4.7 (11.9k),In Stock,https://www.zeptonow.com/pn/mccain-chilli-garlic-potato-bites/pvid/bfec78f0-068e-471b-926f-786d542019a0,"https://cdn.zeptonow.com/production/tr:w-1280,ar-2400-2400,pr-true,f-auto,q-80/cms/product_variant/70c30649-abec-42b3-ab6e-5d8d31f277fc.jpeg"
Frozen Food & Ice Creams,Veg Snacks,"https://cdn.zeptonow.com/production/tr:w-90,ar-120-120,pr-true,f-auto,q-80/cms/sub_category/668732d5-0fb6-4d28-8acf-176adf71849e.png",McCain Cheese Pizza Mini Samosa,McCain,164,165,240 g,4.6 (9.4k),In Stock,https://www.zeptonow.com/pn/mccain-cheese-pizza-mini-samosa/pvid/e04a53be-0ff1-46c7-9f9e-f905890c1a40,"https://cdn.zeptonow.com/production/tr:w-1280,ar-1200-1200,pr-true,f-auto,q-80/cms/product_variant/f176d389-dd06-48f5-b105-e081c6ab2933.jpeg"
Frozen Food & Ice Creams,Veg Snacks,"https://cdn.zeptonow.com/production/tr:w-90,ar-120-120,pr-true,f-auto,q-80/cms/sub_category/668732d5-0fb6-4d28-8acf-176adf71849e.png",McCain Chilli Garlic Potato Bites,McCain,269,270,700 g,4.7 (9.7k),In Stock,https://www.zeptonow.com/pn/mccain-chilli-garlic-potato-bites/pvid/55e4cb09-71eb-445d-8c1c-6d0f4509b266,"https://cdn.zeptonow.com/production/tr:w-1280,ar-1200-1200,pr-true,f-auto,q-80/cms/product_variant/360d164f-b543-4a20-bbe7-8e6a7d259ac5.jpeg"
Frozen Food & Ice Creams,Veg Snacks,"https://cdn.zeptonow.com/production/tr:w-90,ar-120-120,pr-true,f-auto,q-80/cms/sub_category/668732d5-0fb6-4d28-8acf-176adf71849e.png",McCain Veggie Burger Patty,McCain,150,150,360 g,4.6 (7.5k),In Stock,https://www.zeptonow.com/pn/mccain-veggie-burger-patty/pvid/ef653983-be9e-495c-bcb1-96c369e8670e,"https://cdn.zeptonow.com/production/tr:w-1280,ar-1200-1200,pr-true,f-auto,q-80/cms/product_variant/e9073381-8f80-41bf-9427-d527be6fee1e.jpeg"
Frozen Food & Ice Creams,Veg Snacks,"https://cdn.zeptonow.com/production/tr:w-90,ar-120-120,pr-true,f-auto,q-80/cms/sub_category/668732d5-0fb6-4d28-8acf-176adf71849e.png",McCain Veggie Fingers,McCain,148,175,400 g,4.7 (7.2k),In Stock,https://www.zeptonow.com/pn/mccain-veggie-fingers/pvid/ea0fdaaa-049d-40dc-b107-b496b7c27d7f,"https://cdn.zeptonow.com/production/tr:w-1280,ar-1200-1200,pr-true,f-auto,q-80/cms/product_variant/0b4a3205-2513-4f2f-af4a-4c20a71c004d.jpeg"
Frozen Food & Ice Creams,Veg Snacks,"https://cdn.zeptonow.com/production/tr:w-90,ar-120-120,pr-true,f-auto,q-80/cms/sub_category/668732d5-0fb6-4d28-8acf-176adf71849e.png",Godrej Yummiez Cheese Corn Nuggets,Yu,229,250,400 g,4.6 (2.5k),In Stock,https://www.zeptonow.com/pn/godrej-yummiez-cheese-corn-nuggets/pvid/42ebac0d-14a3-468b-a2cd-bdf9247cc336,"https://cdn.zeptonow.com/production/tr:w-1280,ar-1200-1200,pr-true,f-auto,q-80/cms/product_variant/954e426e-16e9-43ed-b29a-94752209345c.jpeg"
Frozen Food & Ice Creams,Veg Snacks,"https://cdn.zeptonow.com/production/tr:w-90,ar-120-120,pr-true,f-auto,q-80/cms/sub_category/668732d5-0fb6-4d28-8acf-176adf71849e.png",McCain Masala Fries,McCain,175,175,420 g,4.7 (2.7k),In Stock,https://www.zeptonow.com/pn/mccain-masala-fries/pvid/6af9e54a-1511-4063-840f-5407f45773b4,"https://cdn.zeptonow.com/production/tr:w-1280,ar-1200-1200,pr-true,f-auto,q-80/cms/product_variant/54ae9ac6-aca8-4b34-9a8a-baae39e87c0f.jpeg"
Frozen Food & Ice Creams,Veg Snacks,"https://cdn.zeptonow.com/production/tr:w-90,ar-120-120,pr-true,f-auto,q-80/cms/sub_category/668732d5-0fb6-4d28-8acf-176adf71849e.png",ITC Master Chef Veggie Pizza Pocket | With Real Cheese | 9 pieces,ITC,170,195,340 g,4.4 (2.5k),In Stock,https://www.zeptonow.com/pn/itc-master-chef-veggie-pizza-pocket-with-real-cheese-9-pieces/pvid/4e965695-a13b-4ae1-8cf8-67479a118b02,"https://cdn.zeptonow.com/production/tr:w-1280,ar-2560-2560,pr-true,f-auto,q-80/cms/product_variant/20e3306e-86c1-4975-8539-3adca8c3a86d.jpeg"
Frozen Food & Ice Creams,Veg Snacks,"https://cdn.zeptonow.com/production/tr:w-90,ar-120-120,pr-true,f-auto,q-80/cms/sub_category/668732d5-0fb6-4d28-8acf-176adf71849e.png",Mccain Smiles,Mccain,265,265,750 g,4.7 (1.9k),In Stock,https://www.zeptonow.com/pn/mccain-smiles/pvid/f1fa1dcf-7d9f-4a22-be84-53a4fc95578f,"https://cdn.zeptonow.com/production/tr:w-1280,ar-1200-1200,pr-true,f-auto,q-80/cms/product_variant/3e2d3aef-5701-4b35-a6a2-4a9474a5a4e3.jpeg"
Frozen Food & Ice Creams,Veg Snacks,"https://cdn.zeptonow.com/production/tr:w-90,ar-120-120,pr-true,f-auto,q-80/cms/sub_category/668732d5-0fb6-4d28-8acf-176adf71849e.png",Mccain Airfryer French Fries,Mccain,124,160,420 g,4.6 (447),In Stock,https://www.zeptonow.com/pn/mccain-airfryer-french-fries/pvid/deff06b2-7c3a-44ef-b546-64df60dd80ee,"https://cdn.zeptonow.com/production/tr:w-1280,ar-900-900,pr-true,f-auto,q-80/cms/product_variant/b03932fa-2851-4a09-a58d-4943f48828d4.jpg"
Frozen Food & Ice Creams,Veg Snacks,"https://cdn.zeptonow.com/production/tr:w-90,ar-120-120,pr-true,f-auto,q-80/cms/sub_category/668732d5-0fb6-4d28-8acf-176adf71849e.png",ITC Master Chef Cheesy Corn Triangle Nugget | Goodness of Protein | With Cheddar Cheese | 18 pieces,ITC,160,195,320 g,4.4 (620),In Stock,https://www.zeptonow.com/pn/itc-master-chef-cheesy-corn-triangle-nugget-goodness-of-protein-with-cheddar-cheese-18-pieces/pvid/23ef4b22-5cda-4ea2-8d52-fa846ecd3c62,"https://cdn.zeptonow.com/production/tr:w-1280,ar-2560-2560,pr-true,f-auto,q-80/cms/product_variant/6268e344-142d-4c7e-92ac-0f3f65bd2e99.jpeg"
Frozen Food & Ice Creams,Veg Snacks,"https://cdn.zeptonow.com/production/tr:w-90,ar-120-120,pr-true,f-auto,q-80/cms/sub_category/668732d5-0fb6-4d28-8acf-176adf71849e.png",ITC Master Chef Chili Garlic Potato Shots Nuggets | 52 pieces,ITC,118,135,420 g,4.7 (1.2k),In Stock,https://www.zeptonow.com/pn/itc-master-chef-chili-garlic-potato-shots-nuggets-52-pieces/pvid/6bfe5eec-7667-40a0-b159-6ed5f7f8973a,"https://cdn.zeptonow.com/production/tr:w-1280,ar-2560-2560,pr-true,f-auto,q-80/cms/product_variant/714559d6-c984-4c39-a46d-f67fde3229b1.jpeg"
Frozen Food & Ice Creams,Veg Snacks,"https://cdn.zeptonow.com/production/tr:w-90,ar-120-120,pr-true,f-auto,q-80/cms/sub_category/668732d5-0fb6-4d28-8acf-176adf71849e.png",Hyfun Jalapeno Cheesy Pops,Hyfun,128,200,250 g,4.9 (87),In Stock,https://www.zeptonow.com/pn/hyfun-jalapeno-cheesy-pops/pvid/69a3e076-f7c2-41bd-865e-3c55c5282a3b,"https://cdn.zeptonow.com/production/tr:w-1280,ar-1500-1500,pr-true,f-auto,q-80/cms/product_variant/4ab24369-3398-41af-ab28-93245b3bf117.jpeg"
Frozen Food & Ice Creams,Veg Snacks,"https://cdn.zeptonow.com/production/tr:w-90,ar-120-120,pr-true,f-auto,q-80/cms/sub_category/668732d5-0fb6-4d28-8acf-176adf71849e.png",Godrej Yummiez Cheesy Pizza Fingers,Yu,149,190,250 g,4.9 (60),In Stock,https://www.zeptonow.com/pn/godrej-yummiez-cheesy-pizza-fingers/pvid/91220051-a6b8-40b4-96d5-d3666e0d1d76,"https://cdn.zeptonow.com/production/tr:w-1280,ar-1000-1000,pr-true,f-auto,q-80/cms/product_variant/01473b57-ffb3-4d42-b654-328adcd51dbe.jpeg"
Frozen Food & Ice Creams,Veg Snacks,"https://cdn.zeptonow.com/production/tr:w-90,ar-120-120,pr-true,f-auto,q-80/cms/sub_category/668732d5-0fb6-4d28-8acf-176adf71849e.png",Yummiez Veg Cheese Fingers Pouch,Yu,250,250,400 g,4.4 (1.2k),In Stock,https://www.zeptonow.com/pn/yummiez-veg-cheese-fingers-pouch/pvid/37b43465-f99a-4f98-9fb7-fc0660ed6e9a,"https://cdn.zeptonow.com/production/tr:w-1280,ar-1200-1200,pr-true,f-auto,q-80/cms/product_variant/61328d16-bebe-4b02-a6a8-14dbb0025be7.jpeg"
Frozen Food & Ice Creams,Veg Snacks,"https://cdn.zeptonow.com/production/tr:w-90,ar-120-120,pr-true,f-auto,q-80/cms/sub_category/668732d5-0fb6-4d28-8acf-176adf71849e.png",ITC Master Chef Crispy Onion Rings | 15 pieces,ITC,170,170,250 g,4.1 (477),In Stock,https://www.zeptonow.com/pn/itc-master-chef-crispy-onion-rings-15-pieces/pvid/83714b58-3965-4ea8-88fb-5f3c86df8499,"https://cdn.zeptonow.com/production/tr:w-1280,ar-2560-2560,pr-true,f-auto,q-80/cms/product_variant/1b626589-591f-4652-81a1-398823efcd0f.jpeg"
Frozen Food & Ice Creams,Veg Snacks,"https://cdn.zeptonow.com/production/tr:w-90,ar-120-120,pr-true,f-auto,q-80/cms/sub_category/668732d5-0fb6-4d28-8acf-176adf71849e.png",Yummiez Veg Burger Patty,Yu,119,140,340 g,4.4 (540),In Stock,https://www.zeptonow.com/pn/yummiez-veg-burger-patty/pvid/c955fd77-9622-4190-ad1e-6e97a1cbaca2,"https://cdn.zeptonow.com/production/tr:w-1280,ar-1500-1500,pr-true,f-auto,q-80/cms/product_variant/765178f6-aa79-47e2-810e-b35654180dcd.jpeg"
Frozen Food & Ice Creams,Veg Snacks,"https://cdn.zeptonow.com/production/tr:w-90,ar-120-120,pr-true,f-auto,q-80/cms/sub_category/668732d5-0fb6-4d28-8acf-176adf71849e.png",ITC Master Chef Classic Aloo Tikki | No Added Preservatives | 12 pieces,ITC,135,135,480 g,4.7 (1.2k),In Stock,https://www.zeptonow.com/pn/itc-master-chef-classic-aloo-tikki-no-added-preservatives-12-pieces/pvid/a80588ad-38f5-4ca2-9c97-ce029e2b6744,"https://cdn.zeptonow.com/production/tr:w-1280,ar-2560-2560,pr-true,f-auto,q-80/cms/product_variant/ee8b72ac-2c1e-496f-9fd0-8ef9a7f2f2c4.jpeg"
Frozen Food & Ice Creams,Veg Snacks,"https://cdn.zeptonow.com/production/tr:w-90,ar-120-120,pr-true,f-auto,q-80/cms/sub_category/668732d5-0fb6-4d28-8acf-176adf71849e.png",McCain Cheesy Pizza Finger,McCain,224,225,250 g,4.4 (1.2k),In Stock,https://www.zeptonow.com/pn/mccain-cheesy-pizza-finger/pvid/5c66c200-5aa1-4d6e-b911-605239acecc5,"https://cdn.zeptonow.com/production/tr:w-1280,ar-2400-2400,pr-true,f-auto,q-80/cms/product_variant/8a13822d-99ac-440e-81c1-2751837e4328.jpg"
Frozen Food & Ice Creams,Veg Snacks,"https://cdn.zeptonow.com/production/tr:w-90,ar-120-120,pr-true,f-auto,q-80/cms/sub_category/668732d5-0fb6-4d28-8acf-176adf71849e.png",McCain Aloo Tikki,McCain,250,250,760 g,4.6 (7.9k),In Stock,https://www.zeptonow.com/pn/mccain-aloo-tikki/pvid/1f3d47c6-5616-4e65-9f3c-8b3bbbe6629f,"https://cdn.zeptonow.com/production/tr:w-1280,ar-757-863,pr-true,f-auto,q-80/cms/product_variant/3d6aecb4-2402-42f8-88c7-6d6be15b9613.jpeg"
Frozen Food & Ice Creams,Veg Snacks,"https://cdn.zeptonow.com/production/tr:w-90,ar-120-120,pr-true,f-auto,q-80/cms/sub_category/668732d5-0fb6-4d28-8acf-176adf71849e.png",Hyfun Veggie Stix,Hyfun,116,165,425 g,4.5 (1.1k),In Stock,https://www.zeptonow.com/pn/hyfun-veggie-stix/pvid/502aaf6b-6ea3-4622-9e9d-31e001de46bb,"https://cdn.zeptonow.com/production/tr:w-1280,ar-1500-1500,pr-true,f-auto,q-80/cms/product_variant/3a3ba8df-34e7-4004-8b23-3184be0668e3.jpg"
Frozen Food & Ice Creams,Veg Snacks,"https://cdn.zeptonow.com/production/tr:w-90,ar-120-120,pr-true,f-auto,q-80/cms/sub_category/668732d5-0fb6-4d28-8acf-176adf71849e.png",McCain Crazy Fries Masala MixHot 'n' Tangy,McCain,169,170,400 g,4.7 (1.7k),In Stock,https://www.zeptonow.com/pn/mccain-crazy-fries-masala-mixhot-n-tangy/pvid/3acf4521-2eef-4a0a-8e9e-df3ca5004c50,"https://cdn.zeptonow.com/production/tr:w-1280,ar-1200-1200,pr-true,f-auto,q-80/cms/product_variant/947bd70a-95c2-481e-829c-2a97907cb64b.jpeg"
Frozen Food & Ice Creams,Veg Snacks,"https://cdn.zeptonow.com/production/tr:w-90,ar-120-120,pr-true,f-auto,q-80/cms/sub_category/668732d5-0fb6-4d28-8acf-176adf71849e.png",McCain French Fries,McCain,223,223,750 g,4.2 (1.0k),In Stock,https://www.zeptonow.com/pn/mccain-french-fries/pvid/eba71a71-d820-4ffd-89cc-e2f4f3605ad5,"https://cdn.zeptonow.com/production/tr:w-1280,ar-2400-2400,pr-true,f-auto,q-80/cms/product_variant/92126812-17ce-446d-9a80-1917256231e7.jpeg"
Frozen Food & Ice Creams,Veg Snacks,"https://cdn.zeptonow.com/production/tr:w-90,ar-120-120,pr-true,f-auto,q-80/cms/sub_category/668732d5-0fb6-4d28-8acf-176adf71849e.png",Pfc FOODs Plant Based Classic Chicken Nuggets,Pfc,210,350,400 g,4.9 (92),In Stock,https://www.zeptonow.com/pn/pfc-foods-plant-based-classic-chicken-nuggets/pvid/1dcc28ce-3c79-485e-969e-a4192a0bae10,"https://cdn.zeptonow.com/production/tr:w-1280,ar-1500-2193,pr-true,f-auto,q-80/cms/product_variant/2f765f93-b4ac-4314-8a25-6c4a9e68ec2c.jpg"
Frozen Food & Ice Creams,Veg Snacks,"https://cdn.zeptonow.com/production/tr:w-90,ar-120-120,pr-true,f-auto,q-80/cms/sub_category/668732d5-0fb6-4d28-8acf-176adf71849e.png",Pfc FOODs Plant Based Smoked Chicken Sausage,Pfc,241,375,250 g,4.5 (318),In Stock,https://www.zeptonow.com/pn/pfc-foods-plant-based-smoked-chicken-sausage/pvid/b676add5-c9ba-4e94-9b68-24d264245b77,"https://cdn.zeptonow.com/production/tr:w-1280,ar-1500-2193,pr-true,f-auto,q-80/cms/product_variant/0f98f0cb-24c1-4113-ab8e-12a875e58cd8.jpg"
Frozen Food & Ice Creams,Veg Snacks,"https://cdn.zeptonow.com/production/tr:w-90,ar-120-120,pr-true,f-auto,q-80/cms/sub_category/668732d5-0fb6-4d28-8acf-176adf71849e.png",Pfc FOODs Plant Based Mutton Seekh Kebab,Pfc,257,395,250 g,4.4 (61),In Stock,https://www.zeptonow.com/pn/pfc-foods-plant-based-mutton-seekh-kebab/pvid/2462fe0c-670f-4bac-8fde-bfeae10c7873,"https://cdn.zeptonow.com/production/tr:w-1280,ar-1500-2193,pr-true,f-auto,q-80/cms/product_variant/9e0228eb-21f4-4cd3-aa41-2dcc6f49281c.jpg"
Frozen Food & Ice Creams,Veg Snacks,"https://cdn.zeptonow.com/production/tr:w-90,ar-120-120,pr-true,f-auto,q-80/cms/sub_category/668732d5-0fb6-4d28-8acf-176adf71849e.png",Pfc FOODs Plant Based Chicken Seekh Kebab,Pfc,257,395,250 g,4.5 (728),In Stock,https://www.zeptonow.com/pn/pfc-foods-plant-based-chicken-seekh-kebab/pvid/3ee68ad3-3cea-47f5-a7c0-473b288414e8,"https://cdn.zeptonow.com/production/tr:w-1280,ar-1500-2193,pr-true,f-auto,q-80/cms/product_variant/3b06eefa-3eb4-4785-b22a-26e14eb6c631.jpg"
Frozen Food & Ice Creams,Veg Snacks,"https://cdn.zeptonow.com/production/tr:w-90,ar-120-120,pr-true,f-auto,q-80/cms/sub_category/668732d5-0fb6-4d28-8acf-176adf71849e.png",Mr. Munchies Afghani Soya Chaap,Mr.,171,189,280 g,4.1 (514),In Stock,https://www.zeptonow.com/pn/mr-munchies-afghani-soya-chaap/pvid/3eb5a228-2068-40b2-8988-0ed5a5e8c053,"https://cdn.zeptonow.com/production/tr:w-1280,ar-1488-2104,pr-true,f-auto,q-80/cms/product_variant/4a2f838a-9573-469c-b13e-9218025279c6.jpg"
Frozen Food & Ice Creams,Veg Snacks,"https://cdn.zeptonow.com/production/tr:w-90,ar-120-120,pr-true,f-auto,q-80/cms/sub_category/668732d5-0fb6-4d28-8acf-176adf71849e.png",Pfc FOODs Plant Based Classic Burger Patty,Pfc,260,400,400 g,4.5 (63),In Stock,https://www.zeptonow.com/pn/pfc-foods-plant-based-classic-burger-patty/pvid/5f0c8368-d511-4311-bda7-dae4b1ba58c5,"https://cdn.zeptonow.com/production/tr:w-1280,ar-1500-2193,pr-true,f-auto,q-80/cms/product_variant/2e36fe2b-2398-4c50-8616-380ca205850c.jpg"
Frozen Food & Ice Creams,Veg Snacks,"https://cdn.zeptonow.com/production/tr:w-90,ar-120-120,pr-true,f-auto,q-80/cms/sub_category/668732d5-0fb6-4d28-8acf-176adf71849e.png",Mr. Munchies Tandoori Soya Chaap,Mr.,171,189,280 g,4.4 (593),In Stock,https://www.zeptonow.com/pn/mr-munchies-tandoori-soya-chaap/pvid/efd405d6-2e86-440e-94ac-e7f81869617a,"https://cdn.zeptonow.com/production/tr:w-1280,ar-1200-1200,pr-true,f-auto,q-80/cms/product_variant/4735ab00-4cf8-4707-8428-e21685ab557b.jpeg"
Frozen Food & Ice Creams,Veg Snacks,"https://cdn.zeptonow.com/production/tr:w-90,ar-120-120,pr-true,f-auto,q-80/cms/sub_category/668732d5-0fb6-4d28-8acf-176adf71849e.png",Mr. Munchies Spicy Paneer Burger Patty,Mr.,183,209,280 g,4.2 (873),In Stock,https://www.zeptonow.com/pn/mr-munchies-spicy-paneer-burger-patty/pvid/440dc682-9bdb-469f-97db-cc6ae5790ed0,"https://cdn.zeptonow.com/production/tr:w-1280,ar-1000-1000,pr-true,f-auto,q-80/cms/product_variant/d5ed876e-33c3-47be-8e33-f0ed0e79a2a4.jpeg"
Frozen Food & Ice Creams,Veg Snacks,"https://cdn.zeptonow.com/production/tr:w-90,ar-120-120,pr-true,f-auto,q-80/cms/sub_category/668732d5-0fb6-4d28-8acf-176adf71849e.png",Mr. Munchies Pizza Samosa,Mr.,154,169,270 g,4.3 (878),In Stock,https://www.zeptonow.com/pn/mr-munchies-pizza-samosa/pvid/78f7636b-6002-45a6-aa3c-ae81ffba2e34,"https://cdn.zeptonow.com/production/tr:w-1280,ar-2400-2400,pr-true,f-auto,q-80/cms/product_variant/7ce4eaff-8a43-4d7e-a380-204b596f9280.jpg"
Frozen Food & Ice Creams,Veg Snacks,"https://cdn.zeptonow.com/production/tr:w-90,ar-120-120,pr-true,f-auto,q-80/cms/sub_category/668732d5-0fb6-4d28-8acf-176adf71849e.png",Mr. Munchies Paneer Cheese Corn Roll,Mr.,187,209,250 g,4.5 (490),In Stock,https://www.zeptonow.com/pn/mr-munchies-paneer-cheese-corn-roll/pvid/111e46ce-0448-4a3e-b90c-aeb0091dce7a,"https://cdn.zeptonow.com/production/tr:w-1280,ar-1200-1200,pr-true,f-auto,q-80/cms/product_variant/f0f19ee3-b6a0-4847-876d-896b0e5e1992.jpeg"
Frozen Food & Ice Creams,Veg Snacks,"https://cdn.zeptonow.com/production/tr:w-90,ar-120-120,pr-true,f-auto,q-80/cms/sub_category/668732d5-0fb6-4d28-8acf-176adf71849e.png",Mr. Munchies Premium Cheese Jalapeno Popper,Mr.,145,169,250 g,4.5 (576),In Stock,https://www.zeptonow.com/pn/mr-munchies-premium-cheese-jalapeno-popper/pvid/29c78018-0fbe-4050-8a97-7fbafbe2ec59,"https://cdn.zeptonow.com/production/tr:w-1280,ar-1200-1200,pr-true,f-auto,q-80/cms/product_variant/c6760439-b4ff-495f-b51b-12b30d8f88fd.jpeg"
Frozen Food & Ice Creams,Veg Snacks,"https://cdn.zeptonow.com/production/tr:w-90,ar-120-120,pr-true,f-auto,q-80/cms/sub_category/668732d5-0fb6-4d28-8acf-176adf71849e.png",Mr. Munchies Lasooni Soya Chaap,Mr.,170,189,280 g,4.6 (339),In Stock,https://www.zeptonow.com/pn/mr-munchies-lasooni-soya-chaap/pvid/cc29a235-3292-4e7d-9be9-9f529dc06699,"https://cdn.zeptonow.com/production/tr:w-1280,ar-1200-1200,pr-true,f-auto,q-80/cms/product_variant/ffc1f417-a851-4515-a5d3-d446959fee9c.jpeg"
Frozen Food & Ice Creams,Veg Snacks,"https://cdn.zeptonow.com/production/tr:w-90,ar-120-120,pr-true,f-auto,q-80/cms/sub_category/668732d5-0fb6-4d28-8acf-176adf71849e.png",Mr. Munchies Spicy Paneer Bites,Mr.,179,209,250 g,4.7 (930),In Stock,https://www.zeptonow.com/pn/mr-munchies-spicy-paneer-bites/pvid/8cd56382-20de-4f46-8992-d4dec721c71b,"https://cdn.zeptonow.com/production/tr:w-1280,ar-4000-6000,pr-true,f-auto,q-80/cms/product_variant/7035c85a-25ba-4074-8a33-68b8efd475f6.jpg"
Frozen Food & Ice Creams,Veg Snacks,"https://cdn.zeptonow.com/production/tr:w-90,ar-120-120,pr-true,f-auto,q-80/cms/sub_category/668732d5-0fb6-4d28-8acf-176adf71849e.png",Prasuma Pizza Minis - Veg Supreme,Prasuma,157,165,180 g,4 (632),In Stock,https://www.zeptonow.com/pn/prasuma-pizza-minis-veg-supreme/pvid/3595b1fa-b481-4a5c-a5bf-30b919426a4c,"https://cdn.zeptonow.com/production/tr:w-1280,ar-1000-1000,pr-true,f-auto,q-80/cms/product_variant/655d1425-a5e5-4ae3-8844-dd153b43aeff.jpeg"
Frozen Food & Ice Creams,Veg Snacks,"https://cdn.zeptonow.com/production/tr:w-90,ar-120-120,pr-true,f-auto,q-80/cms/sub_category/668732d5-0fb6-4d28-8acf-176adf71849e.png",Prasuma Pizza Minis - Paneer Tikka,Prasuma,156,165,180 g,4.1 (651),In Stock,https://www.zeptonow.com/pn/prasuma-pizza-minis-paneer-tikka/pvid/dcfadc26-f227-42a3-9727-1e91ca254830,"https://cdn.zeptonow.com/production/tr:w-1280,ar-1000-1000,pr-true,f-auto,q-80/cms/product_variant/d374143b-a720-46ad-8461-293fb8327de2.jpeg"
Frozen Food & Ice Creams,Veg Snacks,"https://cdn.zeptonow.com/production/tr:w-90,ar-120-120,pr-true,f-auto,q-80/cms/sub_category/668732d5-0fb6-4d28-8acf-176adf71849e.png",Mr. Munchies Premium Cheese Burst Burger Patty,Mr.,146,169,250 g,4.2 (72),In Stock,https://www.zeptonow.com/pn/mr-munchies-premium-cheese-burst-burger-patty/pvid/95f563a0-7938-492d-a43e-a24fab9c0a31,"https://cdn.zeptonow.com/production/tr:w-1280,ar-1500-1500,pr-true,f-auto,q-80/cms/product_variant/738da63a-ead4-4ce3-96f4-37821c938801.jpg"
Frozen Food & Ice Creams,Veg Snacks,"https://cdn.zeptonow.com/production/tr:w-90,ar-120-120,pr-true,f-auto,q-80/cms/sub_category/668732d5-0fb6-4d28-8acf-176adf71849e.png",Mr. Munchies Crunchy Thread Paneer,Mr.,115,209,220 g,4.7 (231),In Stock,https://www.zeptonow.com/pn/mr-munchies-crunchy-thread-paneer/pvid/352d3d07-5f86-4702-a9a0-bd8ae50679ff,"https://cdn.zeptonow.com/production/tr:w-1280,ar-1200-1200,pr-true,f-auto,q-80/cms/product_variant/d79c5943-d63c-4d36-9b25-c6d7624fadb4.jpeg"
Frozen Food & Ice Creams,Veg Snacks,"https://cdn.zeptonow.com/production/tr:w-90,ar-120-120,pr-true,f-auto,q-80/cms/sub_category/668732d5-0fb6-4d28-8acf-176adf71849e.png",ITC Master Chef Veg Burger Patty 430 g Combo,ITC,236,270,430 g X 2,4.2 (793),In Stock,https://www.zeptonow.com/pn/itc-master-chef-veg-burger-patty-430-g-combo/pvid/aa2eea63-5885-47db-8342-51d12aa1fef4,"https://cdn.zeptonow.com/production/tr:w-1280,ar-1500-1500,pr-true,f-auto,q-80/cms/product_variant/1fef5338-73d3-49ec-80e5-bc9fa3d53846.jpg"
Frozen Food & Ice Creams,Veg Snacks,"https://cdn.zeptonow.com/production/tr:w-90,ar-120-120,pr-true,f-auto,q-80/cms/sub_category/668732d5-0fb6-4d28-8acf-176adf71849e.png",ITC Master Chef Crispy French Fries 420 g Combo,ITC,236,250,420 g X 2,4.7 (653),In Stock,https://www.zeptonow.com/pn/itc-master-chef-crispy-french-fries-420-g-combo/pvid/93d8458d-1f26-4d03-9372-78fb00626958,"https://cdn.zeptonow.com/production/tr:w-1280,ar-1500-1500,pr-true,f-auto,q-80/inventory/product/93d8458d-1f26-4d03-9372-78fb00626958-117vLobJIeGdRjmxWOOT73rwcxHHcFWYY.jpeg"
Frozen Food & Ice Creams,Veg Snacks,"https://cdn.zeptonow.com/production/tr:w-90,ar-120-120,pr-true,f-auto,q-80/cms/sub_category/668732d5-0fb6-4d28-8acf-176adf71849e.png",Mccain Aloo Tikki(400gms) & Thums Up Soft Drink(750ml) Combo,Mccain,137,178,2 combo,4.6 (393),In Stock,https://www.zeptonow.com/pn/mccain-aloo-tikki400gms-thums-up-soft-drink750ml-combo/pvid/f70d8ea2-0008-4ba7-95c0-66dce129003f,"https://cdn.zeptonow.com/production/tr:w-1280,ar-1494-1494,pr-true,f-auto,q-80/cms/product_variant/fbc484b8-7c83-4155-9f7d-8f9439ff6419.jpg"
Frozen Food & Ice Creams,Veg Snacks,"https://cdn.zeptonow.com/production/tr:w-90,ar-120-120,pr-true,f-auto,q-80/cms/sub_category/668732d5-0fb6-4d28-8acf-176adf71849e.png",Mccain French Fries(420gms) & Pepsi Soft Drink(750ml) Combo,Mccain,135,165,2 combo,4.4 (378),In Stock,https://www.zeptonow.com/pn/mccain-french-fries420gms-pepsi-soft-drink750ml-combo/pvid/c05bff71-b7a0-40af-a489-0a0c14beebaf,"https://cdn.zeptonow.com/production/tr:w-1280,ar-1494-1494,pr-true,f-auto,q-80/cms/product_variant/4d547e52-3584-4025-98b2-831bcc295132.jpg"
Frozen Food & Ice Creams,Veg Snacks,"https://cdn.zeptonow.com/production/tr:w-90,ar-120-120,pr-true,f-auto,q-80/cms/sub_category/668732d5-0fb6-4d28-8acf-176adf71849e.png",McCain French Fries 420 g Combo,McCain,184,250,420 g X 2,4.5 (881),In Stock,https://www.zeptonow.com/pn/mccain-french-fries-420-g-combo/pvid/8f7ee7be-eb2f-461e-b144-ec3c084f14fd,"https://cdn.zeptonow.com/production/tr:w-1280,ar-1500-1500,pr-true,f-auto,q-80/cms/product_variant/98f9b581-f3dc-449d-89b4-75f1ed2cb372.jpg"
Frozen Food & Ice Creams,Veg Snacks,"https://cdn.zeptonow.com/production/tr:w-90,ar-120-120,pr-true,f-auto,q-80/cms/sub_category/668732d5-0fb6-4d28-8acf-176adf71849e.png",Mccain New Mini Samosa With Cheese Pizza Style Filling(240gms) & Mccain Cheesy Pizza Finger(250gms) Combo,Mccain,381,390,2 combo,4.4 (817),In Stock,https://www.zeptonow.com/pn/mccain-new-mini-samosa-with-cheese-pizza-style-filling240gms-mccain-cheesy-pizza-finger250gms-combo/pvid/2be04092-3db2-4124-886b-bf021ac6cbef,"https://cdn.zeptonow.com/production/tr:w-1280,ar-1494-1494,pr-true,f-auto,q-80/cms/product_variant/f46ea578-0c9a-4698-9be8-6e6fc69a94b3.jpg"
Frozen Food & Ice Creams,Veg Snacks,"https://cdn.zeptonow.com/production/tr:w-90,ar-120-120,pr-true,f-auto,q-80/cms/sub_category/668732d5-0fb6-4d28-8acf-176adf71849e.png",McCain Chilli Garlic Potato Bites Nuggets 420 g Combo,McCain,216,330,420 g X 2,4.4 (569),In Stock,https://www.zeptonow.com/pn/mccain-chilli-garlic-potato-bites-nuggets-420-g-combo/pvid/0a7af563-7e9f-48e4-8a6d-3495151cbda5,"https://cdn.zeptonow.com/production/tr:w-1280,ar-1500-1500,pr-true,f-auto,q-80/cms/product_variant/15c5f63a-dc08-448b-a429-918ab29210e0.jpg"
Frozen Food & Ice Creams,Veg Snacks,"https://cdn.zeptonow.com/production/tr:w-90,ar-120-120,pr-true,f-auto,q-80/cms/sub_category/668732d5-0fb6-4d28-8acf-176adf71849e.png",McCain French Fries 420 g Combo,McCain,264,375,420 g X 3,4.3 (748),In Stock,https://www.zeptonow.com/pn/mccain-french-fries-420-g-combo/pvid/8c21a73d-e404-4692-b1f8-d90c7efd2190,"https://cdn.zeptonow.com/production/tr:w-1280,ar-1500-1500,pr-true,f-auto,q-80/cms/product_variant/c91c1ef3-42d4-40f6-afbf-66e1aa430be8.jpg"
Frozen Food & Ice Creams,Veg Snacks,"https://cdn.zeptonow.com/production/tr:w-90,ar-120-120,pr-true,f-auto,q-80/cms/sub_category/668732d5-0fb6-4d28-8acf-176adf71849e.png",McCain Smiles Cripsy Happy Potatoes 415 g Combo,McCain,284,300,415 g X 2,4.2 (242),In Stock,https://www.zeptonow.com/pn/mccain-smiles-cripsy-happy-potatoes-415-g-combo/pvid/7f3f86b5-2fa2-4eee-87a1-cb465c5e5515,"https://cdn.zeptonow.com/production/tr:w-1280,ar-1500-1500,pr-true,f-auto,q-80/cms/product_variant/f97aece3-1d91-4470-8201-3de56b3db43f.jpg"
Frozen Food & Ice Creams,Veg Snacks,"https://cdn.zeptonow.com/production/tr:w-90,ar-120-120,pr-true,f-auto,q-80/cms/sub_category/668732d5-0fb6-4d28-8acf-176adf71849e.png",ITC Master Chef Crispy French Fries 420 g Combo,ITC,336,375,420 g X 3,4.6 (384),In Stock,https://www.zeptonow.com/pn/itc-master-chef-crispy-french-fries-420-g-combo/pvid/397f5487-c220-4215-b060-85731754df16,"https://cdn.zeptonow.com/production/tr:w-1280,ar-1500-1500,pr-true,f-auto,q-80/cms/product_variant/b4afd5c6-0dd3-44c8-b65d-8e0c45cb4cc3.jpg"
Frozen Food & Ice Creams,Veg Snacks,"https://cdn.zeptonow.com/production/tr:w-90,ar-120-120,pr-true,f-auto,q-80/cms/sub_category/668732d5-0fb6-4d28-8acf-176adf71849e.png",McCain Smiles Cripsy Happy Potatoes 415 g Combo,McCain,414,450,415 g X 3,4.7 (149),In Stock,https://www.zeptonow.com/pn/mccain-smiles-cripsy-happy-potatoes-415-g-combo/pvid/0ee303e2-2328-4ba9-b213-1e1085172f55,"https://cdn.zeptonow.com/production/tr:w-1280,ar-1500-1500,pr-true,f-auto,q-80/cms/product_variant/e653a5f4-85fc-44d9-a24c-71c00edcc06b.jpg"
Frozen Food & Ice Creams,Veg Snacks,"https://cdn.zeptonow.com/production/tr:w-90,ar-120-120,pr-true,f-auto,q-80/cms/sub_category/668732d5-0fb6-4d28-8acf-176adf71849e.png",ITC Master Chef Veggie Pizza Pocket 340 g Combo,ITC,316,390,340 g X 2,4.3 (540),In Stock,https://www.zeptonow.com/pn/itc-master-chef-veggie-pizza-pocket-340-g-combo/pvid/2890d5dc-ef74-464d-ba25-3b4b856b2162,"https://cdn.zeptonow.com/production/tr:w-1280,ar-1500-1500,pr-true,f-auto,q-80/cms/product_variant/6111cae1-fab1-49ae-8217-7929d850a0b9.jpg"
Frozen Food & Ice Creams,Veg Snacks,"https://cdn.zeptonow.com/production/tr:w-90,ar-120-120,pr-true,f-auto,q-80/cms/sub_category/668732d5-0fb6-4d28-8acf-176adf71849e.png",Yummiez Veg Cheese Fingers Pouch 400 g Combo,Yu,476,500,400 g X 2,4.6 (697),In Stock,https://www.zeptonow.com/pn/yummiez-veg-cheese-fingers-pouch-400-g-combo/pvid/245a4a83-f0c2-4d79-85ea-98669a6ea823,"https://cdn.zeptonow.com/production/tr:w-1280,ar-1500-1500,pr-true,f-auto,q-80/cms/product_variant/10806bf9-3e18-4d4f-8f27-b753fb3ae231.jpg"
Frozen Food & Ice Creams,Veg Snacks,"https://cdn.zeptonow.com/production/tr:w-90,ar-120-120,pr-true,f-auto,q-80/cms/sub_category/668732d5-0fb6-4d28-8acf-176adf71849e.png",Mccain French Fries(420gms) & Limca Soft Drink Pet(750ml) Combo,Mccain,138,170,2 combo,4.5 (190),In Stock,https://www.zeptonow.com/pn/mccain-french-fries420gms-limca-soft-drink-pet750ml-combo/pvid/41b81f42-e126-4ef1-b073-c0afc19c36b3,"https://cdn.zeptonow.com/production/tr:w-1280,ar-1494-1494,pr-true,f-auto,q-80/cms/product_variant/da5ce98a-bfca-42b7-8267-1bb9f284db4a.jpg"
Frozen Food & Ice Creams,Veg Snacks,"https://cdn.zeptonow.com/production/tr:w-90,ar-120-120,pr-true,f-auto,q-80/cms/sub_category/668732d5-0fb6-4d28-8acf-176adf71849e.png",McCain Veggie Fingers & Chilli Garlic Potato Nuggets Combo,McCain,260,340,2 Combo,4.6 (843),In Stock,https://www.zeptonow.com/pn/mccain-veggie-fingers-chilli-garlic-potato-nuggets-combo/pvid/b1a9a437-b471-44af-8501-d35ae762e823,"https://cdn.zeptonow.com/production/tr:w-1280,ar-1736-1066,pr-true,f-auto,q-80/inventory/product/570490c0-4790-43ae-95ec-31ad0766f3b9-197.png"
Frozen Food & Ice Creams,Veg Snacks,"https://cdn.zeptonow.com/production/tr:w-90,ar-120-120,pr-true,f-auto,q-80/cms/sub_category/668732d5-0fb6-4d28-8acf-176adf71849e.png",Mccain French Fries(420gms) & Thums Up Soft Drink(750ml) Combo,Mccain,138,170,2 combo,4.7 (433),In Stock,https://www.zeptonow.com/pn/mccain-french-fries420gms-thums-up-soft-drink750ml-combo/pvid/a04da464-2cb7-4682-9dd5-a1031ebff5fe,"https://cdn.zeptonow.com/production/tr:w-1280,ar-1494-1494,pr-true,f-auto,q-80/cms/product_variant/439fa156-bcc4-4809-be62-d90c916ad49c.jpg"
Frozen Food & Ice Creams,Veg Snacks,"https://cdn.zeptonow.com/production/tr:w-90,ar-120-120,pr-true,f-auto,q-80/cms/sub_category/668732d5-0fb6-4d28-8acf-176adf71849e.png",McCain New Mini Samosa With Cheese Pizza Style Filling 240 g Combo,McCain,438,495,240 g X 3,4.5 (972),In Stock,https://www.zeptonow.com/pn/mccain-new-mini-samosa-with-cheese-pizza-style-filling-240-g-combo/pvid/8d5e526c-4495-4dac-a64c-4e01a289a1c3,"https://cdn.zeptonow.com/production/tr:w-1280,ar-1500-1500,pr-true,f-auto,q-80/cms/product_variant/12b905fa-9b0a-4244-99db-d4639f0c9352.jpg"
Frozen Food & Ice Creams,Veg Snacks,"https://cdn.zeptonow.com/production/tr:w-90,ar-120-120,pr-true,f-auto,q-80/cms/sub_category/668732d5-0fb6-4d28-8acf-176adf71849e.png",ITC Master Chef Veggie Pizza Pocket 340 g Combo,ITC,450,585,340 g X 3,4.6 (687),In Stock,https://www.zeptonow.com/pn/itc-master-chef-veggie-pizza-pocket-340-g-combo/pvid/a099abc7-442d-4732-b319-25b351d846cb,"https://cdn.zeptonow.com/production/tr:w-1280,ar-1500-1500,pr-true,f-auto,q-80/cms/product_variant/c138b3d3-ef55-4d46-8526-6db0fc842f12.jpg"
Frozen Food & Ice Creams,Veg Snacks,"https://cdn.zeptonow.com/production/tr:w-90,ar-120-120,pr-true,f-auto,q-80/cms/sub_category/668732d5-0fb6-4d28-8acf-176adf71849e.png",McCain Masala Fries 375 g Combo,McCain,330,350,375 g X 2,4.7 (490),In Stock,https://www.zeptonow.com/pn/mccain-masala-fries-375-g-combo/pvid/64be24c3-ba41-4cf9-b0c3-1f4aab44795c,"https://cdn.zeptonow.com/production/tr:w-1280,ar-1500-1500,pr-true,f-auto,q-80/cms/product_variant/e987b734-b3a3-46da-88bf-7b6047f7ccef.jpg"
Frozen Food & Ice Creams,Veg Snacks,"https://cdn.zeptonow.com/production/tr:w-90,ar-120-120,pr-true,f-auto,q-80/cms/sub_category/668732d5-0fb6-4d28-8acf-176adf71849e.png",Prasuma Pizza Minis - Veg Supreme 180 g Combo,Prasuma,294,330,180 g X 2,4.6 (414),In Stock,https://www.zeptonow.com/pn/prasuma-pizza-minis-veg-supreme-180-g-combo/pvid/759a0c23-5446-485f-a347-c3de169eb819,"https://cdn.zeptonow.com/production/tr:w-1280,ar-1500-1500,pr-true,f-auto,q-80/cms/product_variant/335f51c2-662e-44d5-b229-6f95ca8fc727.jpg"
Frozen Food & Ice Creams,Veg Snacks,"https://cdn.zeptonow.com/production/tr:w-90,ar-120-120,pr-true,f-auto,q-80/cms/sub_category/668732d5-0fb6-4d28-8acf-176adf71849e.png",Mccain Veggie Burger Patty(360gms) & Thums Up Soft Drink(750ml) Combo,Mccain,189,195,2 combo,4.2 (734),In Stock,https://www.zeptonow.com/pn/mccain-veggie-burger-patty360gms-thums-up-soft-drink750ml-combo/pvid/d37d2d3b-ae7d-4470-b3da-7ca8c821a527,"https://cdn.zeptonow.com/production/tr:w-1280,ar-1494-1494,pr-true,f-auto,q-80/cms/product_variant/581df8af-7684-4b75-9e15-78572b65e1fc.jpg"
Frozen Food & Ice Creams,Veg Snacks,"https://cdn.zeptonow.com/production/tr:w-90,ar-120-120,pr-true,f-auto,q-80/cms/sub_category/668732d5-0fb6-4d28-8acf-176adf71849e.png",Godrej Yummiez Cheese Corn Nuggets 400 gms X 2 Combo,Yu,458,500,400 g X 2,4.5 (589),In Stock,https://www.zeptonow.com/pn/godrej-yummiez-cheese-corn-nuggets-400-gms-x-2-combo/pvid/f1fc6dad-f9af-454a-a7fc-a3fa8e29c4c3,"https://cdn.zeptonow.com/production/tr:w-1280,ar-1566-1566,pr-true,f-auto,q-80/cms/product_variant/fa9bf463-926d-4aee-8359-1eb5675d2c05.jpg"
Frozen Food & Ice Creams,Veg Snacks,"https://cdn.zeptonow.com/production/tr:w-90,ar-120-120,pr-true,f-auto,q-80/cms/sub_category/668732d5-0fb6-4d28-8acf-176adf71849e.png",McCain New Mini Samosa With Cheese Pizza Style Filling 240 g Combo,McCain,306,330,240 g X 2,4.4 (450),In Stock,https://www.zeptonow.com/pn/mccain-new-mini-samosa-with-cheese-pizza-style-filling-240-g-combo/pvid/09fb0c11-9f80-4d97-9a3d-852bca09d7c3,"https://cdn.zeptonow.com/production/tr:w-1280,ar-1500-1500,pr-true,f-auto,q-80/cms/product_variant/a84abe2c-a320-414d-b95e-f12a37c0b7f4.jpg"
Frozen Food & Ice Creams,Veg Snacks,"https://cdn.zeptonow.com/production/tr:w-90,ar-120-120,pr-true,f-auto,q-80/cms/sub_category/668732d5-0fb6-4d28-8acf-176adf71849e.png",Mccain French Fries(420gms) & Tang Lemon Instant Drink Mix(500gms) Combo,Mccain,263,295,2 combo,4.4 (263),In Stock,https://www.zeptonow.com/pn/mccain-french-fries420gms-tang-lemon-instant-drink-mix500gms-combo/pvid/9ffde54b-6608-40b0-8c11-0b108ea5993b,"https://cdn.zeptonow.com/production/tr:w-1280,ar-1500-1500,pr-true,f-auto,q-80/cms/product_variant/0c3a6060-414d-4b81-ae7f-c3610cb88d5e.jpg"
Frozen Food & Ice Creams,Veg Snacks,"https://cdn.zeptonow.com/production/tr:w-90,ar-120-120,pr-true,f-auto,q-80/cms/sub_category/668732d5-0fb6-4d28-8acf-176adf71849e.png",Hyfun French Fries,Hyfun,99,125,425 g,4.6 (3.8k),Sold Out,https://www.zeptonow.com/pn/hyfun-french-fries/pvid/2b49b824-1f59-4c09-ae9b-c568111f1847,"https://cdn.zeptonow.com/production/tr:w-1280,ar-1500-1500,pr-true,f-auto,q-80/cms/product_variant/5bc397f1-58e6-4482-918c-48cdfdedeb50.jpg"
Frozen Food & Ice Creams,Veg Snacks,"https://cdn.zeptonow.com/production/tr:w-90,ar-120-120,pr-true,f-auto,q-80/cms/sub_category/668732d5-0fb6-4d28-8acf-176adf71849e.png",McCain French Fries,McCain,235,370,1.25 kg,4.7 (33.1k),Sold Out,https://www.zeptonow.com/pn/mccain-french-fries/pvid/d29ed8d9-cf7a-4547-a96d-a8883785ab64,"https://cdn.zeptonow.com/production/tr:w-1280,ar-1441-1441,pr-true,f-auto,q-80/cms/product_variant/9c4d732d-e3df-43d1-b216-8d704e4c8c31.jpeg"
Frozen Food & Ice Creams,Veg Snacks,"https://cdn.zeptonow.com/production/tr:w-90,ar-120-120,pr-true,f-auto,q-80/cms/sub_category/668732d5-0fb6-4d28-8acf-176adf71849e.png",McCain Chilli Cheesy Nuggets,McCain,170,170,250 g,4.6 (4.7k),Sold Out,https://www.zeptonow.com/pn/mccain-chilli-cheesy-nuggets/pvid/7b1dcd1f-84b3-42aa-bc08-c40fe37bfe7d,"https://cdn.zeptonow.com/production/tr:w-1280,ar-1200-1200,pr-true,f-auto,q-80/cms/product_variant/af11857d-cbdc-427b-b2a0-c9438967171d.jpeg"
Frozen Food & Ice Creams,Veg Snacks,"https://cdn.zeptonow.com/production/tr:w-90,ar-120-120,pr-true,f-auto,q-80/cms/sub_category/668732d5-0fb6-4d28-8acf-176adf71849e.png",McCain Potato Cheese Shotz,McCain,170,170,250 g,4.5 (5.7k),Sold Out,https://www.zeptonow.com/pn/mccain-potato-cheese-shotz/pvid/44293b0e-dacd-4706-833f-7003aa212fec,"https://cdn.zeptonow.com/production/tr:w-1280,ar-1200-1200,pr-true,f-auto,q-80/cms/product_variant/d1c7808d-67af-486d-a3ee-74f9299995ad.jpeg"
Frozen Food & Ice Creams,Veg Snacks,"https://cdn.zeptonow.com/production/tr:w-90,ar-120-120,pr-true,f-auto,q-80/cms/sub_category/668732d5-0fb6-4d28-8acf-176adf71849e.png",Hyfun French Fries Family Pack,Hyfun,225,300,1 kg,4.6 (1.3k),Sold Out,https://www.zeptonow.com/pn/hyfun-french-fries-family-pack/pvid/fc17690c-7477-46a0-bdcd-99f3077efb0d,"https://cdn.zeptonow.com/production/tr:w-1280,ar-2400-2400,pr-true,f-auto,q-80/cms/product_variant/bc684a24-68c4-441a-b4c3-fc623c79c737.jpg"
Frozen Food & Ice Creams,Veg Snacks,"https://cdn.zeptonow.com/production/tr:w-90,ar-120-120,pr-true,f-auto,q-80/cms/sub_category/668732d5-0fb6-4d28-8acf-176adf71849e.png",Hyfun Tandoori Paneer Pizza (Regular Base),Hyfun,140,199,240 g,4.7 (786),Sold Out,https://www.zeptonow.com/pn/hyfun-tandoori-paneer-pizza-regular-base/pvid/7879471e-0abf-452c-90d7-1620c487bee1,"https://cdn.zeptonow.com/production/tr:w-1280,ar-1500-1500,pr-true,f-auto,q-80/cms/product_variant/9b4bb784-c383-4ad4-ab40-3704d4f3034f.jpg"
Frozen Food & Ice Creams,Veg Snacks,"https://cdn.zeptonow.com/production/tr:w-90,ar-120-120,pr-true,f-auto,q-80/cms/sub_category/668732d5-0fb6-4d28-8acf-176adf71849e.png",Hyfun Flavory French Fries,Hyfun,95,160,400 g,4.5 (1.6k),Sold Out,https://www.zeptonow.com/pn/hyfun-flavory-french-fries/pvid/b185dfb0-0631-4f4a-96cc-fc830a5860bf,"https://cdn.zeptonow.com/production/tr:w-1280,ar-1500-1500,pr-true,f-auto,q-80/cms/product_variant/0b380510-649c-41ba-be1e-cbd46f934bb5.jpg"
Frozen Food & Ice Creams,Veg Snacks,"https://cdn.zeptonow.com/production/tr:w-90,ar-120-120,pr-true,f-auto,q-80/cms/sub_category/668732d5-0fb6-4d28-8acf-176adf71849e.png",Hyfun Chilli Garlic Potato Poppers,Hyfun,120,150,400 g,4.6 (1.4k),Sold Out,https://www.zeptonow.com/pn/hyfun-chilli-garlic-potato-poppers/pvid/b5665715-8bcd-476d-b3c6-debdb1e86c2d,"https://cdn.zeptonow.com/production/tr:w-1280,ar-849-853,pr-true,f-auto,q-80/cms/product_variant/d080aa6b-668e-475a-9529-180fb326f1a1.jpg"
Frozen Food & Ice Creams,Veg Snacks,"https://cdn.zeptonow.com/production/tr:w-90,ar-120-120,pr-true,f-auto,q-80/cms/sub_category/668732d5-0fb6-4d28-8acf-176adf71849e.png",Godrej Yummiez Potato Cheese Bites,Yu,219,245,400 g,4.5 (429),Sold Out,https://www.zeptonow.com/pn/godrej-yummiez-potato-cheese-bites/pvid/f8921a1e-4cf8-4ea3-adf6-22f1cae12b58,"https://cdn.zeptonow.com/production/tr:w-1280,ar-1200-1286,pr-true,f-auto,q-80/cms/product_variant/d03f81f9-56c1-43f3-bb6f-fa90e491c3b8.jpeg"
Frozen Food & Ice Creams,Veg Snacks,"https://cdn.zeptonow.com/production/tr:w-90,ar-120-120,pr-true,f-auto,q-80/cms/sub_category/668732d5-0fb6-4d28-8acf-176adf71849e.png",Hyfun Crinkle Fries,Hyfun,96,150,400 g,4.3 (87),Sold Out,https://www.zeptonow.com/pn/hyfun-crinkle-fries/pvid/05fd62a8-fd73-4db3-af36-b669cb369834,"https://cdn.zeptonow.com/production/tr:w-1280,ar-1200-1286,pr-true,f-auto,q-80/cms/product_variant/e51b4950-07af-4d90-95cf-507767f8c08f.jpeg"
Frozen Food & Ice Creams,Veg Snacks,"https://cdn.zeptonow.com/production/tr:w-90,ar-120-120,pr-true,f-auto,q-80/cms/sub_category/668732d5-0fb6-4d28-8acf-176adf71849e.png",ITC Master Chef Sabudana Tikki | No Onion | No Garlic | 8 pieces,ITC,134,150,320 g,4.4 (419),Sold Out,https://www.zeptonow.com/pn/itc-master-chef-sabudana-tikki-no-onion-no-garlic-8-pieces/pvid/2cff893f-82fb-4bc1-a64c-7a06c0377219,"https://cdn.zeptonow.com/production/tr:w-1280,ar-2560-2560,pr-true,f-auto,q-80/cms/product_variant/a388cf1a-143e-4728-9cc3-cae6cd2abe74.jpeg"
Frozen Food & Ice Creams,Veg Snacks,"https://cdn.zeptonow.com/production/tr:w-90,ar-120-120,pr-true,f-auto,q-80/cms/sub_category/668732d5-0fb6-4d28-8acf-176adf71849e.png",HyFun My Family Pack,HyFun,153,239,600 g,4.6 (169),Sold Out,https://www.zeptonow.com/pn/hyfun-my-family-pack/pvid/ccafc2d4-d706-4df3-badf-4145c4cdfeda,"https://cdn.zeptonow.com/production/tr:w-1280,ar-1200-1286,pr-true,f-auto,q-80/cms/product_variant/c39fbe10-1985-4f62-91eb-d88f7173c139.jpg"
Frozen Food & Ice Creams,Veg Snacks,"https://cdn.zeptonow.com/production/tr:w-90,ar-120-120,pr-true,f-auto,q-80/cms/sub_category/668732d5-0fb6-4d28-8acf-176adf71849e.png",Godrej Yummiez Aloo Tikki,Yu,99,130,400 g,4.5 (1.1k),Sold Out,https://www.zeptonow.com/pn/godrej-yummiez-aloo-tikki/pvid/00196224-a7ae-4c4f-a2b7-7c724470d254,"https://cdn.zeptonow.com/production/tr:w-1280,ar-1200-1286,pr-true,f-auto,q-80/cms/product_variant/365091a0-d29f-468f-9431-905ee40bb461.jpeg"
Frozen Food & Ice Creams,Veg Snacks,"https://cdn.zeptonow.com/production/tr:w-90,ar-120-120,pr-true,f-auto,q-80/cms/sub_category/668732d5-0fb6-4d28-8acf-176adf71849e.png",Godrej Yummiez Paneer Pops,Yu,129,164,200 g,4.3 (233),Sold Out,https://www.zeptonow.com/pn/godrej-yummiez-paneer-pops/pvid/5b7802cc-f7ed-4100-a7c2-403a17c1787e,"https://cdn.zeptonow.com/production/tr:w-1280,ar-1000-1000,pr-true,f-auto,q-80/cms/product_variant/a7332865-b21e-4a6f-971b-c17121599875.jpeg"
Frozen Food & Ice Creams,Veg Snacks,"https://cdn.zeptonow.com/production/tr:w-90,ar-120-120,pr-true,f-auto,q-80/cms/sub_category/668732d5-0fb6-4d28-8acf-176adf71849e.png",Godrej Yummiez Peri Peri French Fries,Yu,119,135,400 g,4.7 (1.0k),Sold Out,https://www.zeptonow.com/pn/godrej-yummiez-peri-peri-french-fries/pvid/8d4efc9e-4755-4623-a6ad-642b5e91c883,"https://cdn.zeptonow.com/production/tr:w-1280,ar-1080-1332,pr-true,f-auto,q-80/cms/product_variant/68adf127-26ae-4ad5-80b6-e74b8db6e8e5.jpg"
Frozen Food & Ice Creams,Veg Snacks,"https://cdn.zeptonow.com/production/tr:w-90,ar-120-120,pr-true,f-auto,q-80/cms/sub_category/668732d5-0fb6-4d28-8acf-176adf71849e.png",McCain Super Wedges,McCain,164,165,400 g,4.7 (912),Sold Out,https://www.zeptonow.com/pn/mccain-super-wedges/pvid/9b1cc619-a34d-4f84-83f7-bcf183f6f753,"https://cdn.zeptonow.com/production/tr:w-1280,ar-1200-1200,pr-true,f-auto,q-80/cms/product_variant/52c1d644-8580-40c5-94dc-60ee5f3407bc.jpeg"
Frozen Food & Ice Creams,Veg Snacks,"https://cdn.zeptonow.com/production/tr:w-90,ar-120-120,pr-true,f-auto,q-80/cms/sub_category/668732d5-0fb6-4d28-8acf-176adf71849e.png",Hyfun Burger Patty,Hyfun,90,140,360 g,4.7 (316),Sold Out,https://www.zeptonow.com/pn/hyfun-burger-patty/pvid/d2c7fd85-6e91-473f-b7f6-ecb50237d78b,"https://cdn.zeptonow.com/production/tr:w-1280,ar-1500-1500,pr-true,f-auto,q-80/cms/product_variant/a03f103e-80c7-46b1-a3e8-7b6ca5ec8a9f.jpeg"
Frozen Food & Ice Creams,Veg Snacks,"https://cdn.zeptonow.com/production/tr:w-90,ar-120-120,pr-true,f-auto,q-80/cms/sub_category/668732d5-0fb6-4d28-8acf-176adf71849e.png",Mccain Crispy Onion Rings,Mccain,169,170,250 g,4.2 (704),Sold Out,https://www.zeptonow.com/pn/mccain-crispy-onion-rings/pvid/636d5805-06be-4c43-bcc0-801e0659c20f,"https://cdn.zeptonow.com/production/tr:w-1280,ar-900-900,pr-true,f-auto,q-80/cms/product_variant/e3e0313f-551e-4d36-b05f-60b463724ac5.jpg"
Frozen Food & Ice Creams,Veg Snacks,"https://cdn.zeptonow.com/production/tr:w-90,ar-120-120,pr-true,f-auto,q-80/cms/sub_category/668732d5-0fb6-4d28-8acf-176adf71849e.png",McCain Cheese Corn Mini Samosa,McCain,165,165,240 g,4.7 (1.5k),Sold Out,https://www.zeptonow.com/pn/mccain-cheese-corn-mini-samosa/pvid/7161292b-a7ef-4be1-8130-03e7fd4ab405,"https://cdn.zeptonow.com/production/tr:w-1280,ar-1080-1241,pr-true,f-auto,q-80/cms/product_variant/c2ea4cc8-c80a-48a9-a394-30161d4afce0.jpeg"
Frozen Food & Ice Creams,Veg Snacks,"https://cdn.zeptonow.com/production/tr:w-90,ar-120-120,pr-true,f-auto,q-80/cms/sub_category/668732d5-0fb6-4d28-8acf-176adf71849e.png",Hyfun Margherita Pizza (Regular Base),Hyfun,140,199,215 g,3.9 (929),Sold Out,https://www.zeptonow.com/pn/hyfun-margherita-pizza-regular-base/pvid/1670458b-8dc5-4561-af43-5b04db5c24b6,"https://cdn.zeptonow.com/production/tr:w-1280,ar-1500-1500,pr-true,f-auto,q-80/cms/product_variant/6ea2ba9c-430d-43b4-b0db-6da2d42dcb2d.jpg"
Frozen Food & Ice Creams,Veg Snacks,"https://cdn.zeptonow.com/production/tr:w-90,ar-120-120,pr-true,f-auto,q-80/cms/sub_category/668732d5-0fb6-4d28-8acf-176adf71849e.png",Hyfun Aloo Tikki,Hyfun,98,140,400 g,4.7 (1.5k),Sold Out,https://www.zeptonow.com/pn/hyfun-aloo-tikki/pvid/08801693-9710-4f97-8713-ebac9da4780f,"https://cdn.zeptonow.com/production/tr:w-1280,ar-1500-1500,pr-true,f-auto,q-80/cms/product_variant/d83176f6-2ba2-4a9c-8533-d1106d53d4e5.jpg"
Frozen Food & Ice Creams,Veg Snacks,"https://cdn.zeptonow.com/production/tr:w-90,ar-120-120,pr-true,f-auto,q-80/cms/sub_category/668732d5-0fb6-4d28-8acf-176adf71849e.png",Hyfun Garden Fresh Pizza (Thin Crust Base),Hyfun,140,199,190 g,4.6 (842),Sold Out,https://www.zeptonow.com/pn/hyfun-garden-fresh-pizza-thin-crust-base/pvid/2a59aebc-752e-4731-b422-9b7e50981450,"https://cdn.zeptonow.com/production/tr:w-1280,ar-1500-1500,pr-true,f-auto,q-80/cms/product_variant/476d973c-69cc-4142-abde-af41c53b3faa.jpg"
Frozen Food & Ice Creams,Veg Snacks,"https://cdn.zeptonow.com/production/tr:w-90,ar-120-120,pr-true,f-auto,q-80/cms/sub_category/668732d5-0fb6-4d28-8acf-176adf71849e.png",Prasuma Spring Rolls Veg Frozen,Prasuma,154,175,240 g,4.6 (679),Sold Out,https://www.zeptonow.com/pn/prasuma-spring-rolls-veg-frozen/pvid/6aacff17-98cc-49f0-a040-153404499dba,"https://cdn.zeptonow.com/production/tr:w-1280,ar-1000-1000,pr-true,f-auto,q-80/cms/product_variant/76928ae4-e549-4dee-bb36-5ae274aac6e3.jpeg"
Frozen Food & Ice Creams,Veg Snacks,"https://cdn.zeptonow.com/production/tr:w-90,ar-120-120,pr-true,f-auto,q-80/cms/sub_category/668732d5-0fb6-4d28-8acf-176adf71849e.png",Blue Tribe Foods Plant Based Nuggets 100% Vegetarian,Blue,266,295,250 g,4.2 (624),Sold Out,https://www.zeptonow.com/pn/blue-tribe-foods-plant-based-nuggets-100-vegetarian/pvid/1e7774da-c7df-4cc9-b0b8-04ae1b18e382,"https://cdn.zeptonow.com/production/tr:w-1280,ar-1544-2241,pr-true,f-auto,q-80/inventory/product/fd16360e-fb2c-4a52-ba42-069ac697be13-Photo.jpeg"
Frozen Food & Ice Creams,Veg Snacks,"https://cdn.zeptonow.com/production/tr:w-90,ar-120-120,pr-true,f-auto,q-80/cms/sub_category/668732d5-0fb6-4d28-8acf-176adf71849e.png",Adf Soul Mini Jalapeno Cheese Samosa,Adf,153,159,290 g,4.5 (61),Sold Out,https://www.zeptonow.com/pn/adf-soul-mini-jalapeno-cheese-samosa/pvid/eea859a9-3bb2-4d3e-956c-11bd16bf0092,"https://cdn.zeptonow.com/production/tr:w-1280,ar-1201-1200,pr-true,f-auto,q-80/cms/product_variant/6a77762c-c07f-4be8-96af-ba2e145bf7ca.jpeg"
Frozen Food & Ice Creams,Veg Snacks,"https://cdn.zeptonow.com/production/tr:w-90,ar-120-120,pr-true,f-auto,q-80/cms/sub_category/668732d5-0fb6-4d28-8acf-176adf71849e.png",Adf Soul Veg Springroll,Adf,144,149,230 g,4.5 (835),Sold Out,https://www.zeptonow.com/pn/adf-soul-veg-springroll/pvid/47dee51a-61bf-487c-9b5a-82ff89c77b01,"https://cdn.zeptonow.com/production/tr:w-1280,ar-1201-1200,pr-true,f-auto,q-80/cms/product_variant/2348c799-400e-461f-ba4f-a13c07db2f9c.jpeg"
Frozen Food & Ice Creams,Non Veg Snacks,"https://cdn.zeptonow.com/production/tr:w-90,ar-120-120,pr-true,f-auto,q-80/cms/sub_category/57.png",ITC Master Chef Chicken Seekh Kebab | High in Protein | No Added preservatives | Microwave Friendly,ITC,365,365,500 g,4.8 (2.5k),In Stock,https://www.zeptonow.com/pn/itc-master-chef-chicken-seekh-kebab-high-in-protein-no-added-preservatives-microwave-friendly/pvid/c0329da3-8850-49fb-a00c-adf139731a03,"https://cdn.zeptonow.com/production/tr:w-1280,ar-2560-2560,pr-true,f-auto,q-80/cms/product_variant/8e4fc3b7-a3da-4fd8-9a98-82bce429bed8.jpeg"
Frozen Food & Ice Creams,Non Veg Snacks,"https://cdn.zeptonow.com/production/tr:w-90,ar-120-120,pr-true,f-auto,q-80/cms/sub_category/57.png",Godrej Yummiez Chicken Nuggets,Yu,299,370,500 g,4.7 (2.6k),In Stock,https://www.zeptonow.com/pn/godrej-yummiez-chicken-nuggets/pvid/541131fb-3067-40ad-868d-ff506c42994f,"https://cdn.zeptonow.com/production/tr:w-1280,ar-3000-3000,pr-true,f-auto,q-80/cms/product_variant/11c52004-fa64-47f5-b588-2c8961e27ca6.jpeg"
Frozen Food & Ice Creams,Non Veg Snacks,"https://cdn.zeptonow.com/production/tr:w-90,ar-120-120,pr-true,f-auto,q-80/cms/sub_category/57.png",ITC Master Chef Crunchy Chicken Nuggets | Source of Protein | No Added Preservatives | 25 pieces,ITC,325,325,450 g,4.5 (2.8k),In Stock,https://www.zeptonow.com/pn/itc-master-chef-crunchy-chicken-nuggets-source-of-protein-no-added-preservatives-25-pieces/pvid/b56796bb-02b4-4134-b2fb-f30af75a395d,"https://cdn.zeptonow.com/production/tr:w-1280,ar-2560-2560,pr-true,f-auto,q-80/cms/product_variant/d1530e69-c6c8-4467-b151-ae7766720ddd.jpeg"
Frozen Food & Ice Creams,Non Veg Snacks,"https://cdn.zeptonow.com/production/tr:w-90,ar-120-120,pr-true,f-auto,q-80/cms/sub_category/57.png",Venky's Chicken Nuggets,Venky's,183,205,300 g,4.6 (5.8k),In Stock,https://www.zeptonow.com/pn/venkys-chicken-nuggets/pvid/be783781-6854-4507-8740-3fbf2aa19b1e,"https://cdn.zeptonow.com/production/tr:w-1280,ar-1000-724,pr-true,f-auto,q-80/cms/product_variant/26a3bca6-47a3-4ab2-afbd-ea83a77f211d.jpeg"
Frozen Food & Ice Creams,Non Veg Snacks,"https://cdn.zeptonow.com/production/tr:w-90,ar-120-120,pr-true,f-auto,q-80/cms/sub_category/57.png",ITC Master Chef Desi Style Chicken Patty | Goodness of Protein | No Added Preservatives | 6 pieces,ITC,200,210,330 g,4.7 (2.6k),In Stock,https://www.zeptonow.com/pn/itc-master-chef-desi-style-chicken-patty-goodness-of-protein-no-added-preservatives-6-pieces/pvid/f2467cd1-f389-495f-8d52-6116eb4b8c5b,"https://cdn.zeptonow.com/production/tr:w-1280,ar-2560-2560,pr-true,f-auto,q-80/cms/product_variant/4e5e0aa4-dd57-40f3-91ce-d94190cfe30f.jpeg"
Frozen Food & Ice Creams,Non Veg Snacks,"https://cdn.zeptonow.com/production/tr:w-90,ar-120-120,pr-true,f-auto,q-80/cms/sub_category/57.png",Godrej Yummiez Chicken Lucknowi Seekh Kebab,Yu,279,315,400 g,4.4 (730),In Stock,https://www.zeptonow.com/pn/godrej-yummiez-chicken-lucknowi-seekh-kebab/pvid/648e9f7f-d606-4b69-bf6a-b18cbc624c02,"https://cdn.zeptonow.com/production/tr:w-1280,ar-2400-2400,pr-true,f-auto,q-80/cms/product_variant/5ba1734b-cda7-4215-9967-670c7860c9d9.jpg"
Frozen Food & Ice Creams,Non Veg Snacks,"https://cdn.zeptonow.com/production/tr:w-90,ar-120-120,pr-true,f-auto,q-80/cms/sub_category/57.png",ITC Master Chef Chicken Popcorn | Source of Protein | No Added Preservatives | 55 pieces,ITC,321,345,500 g,4.2 (1.1k),In Stock,https://www.zeptonow.com/pn/itc-master-chef-chicken-popcorn-source-of-protein-no-added-preservatives-55-pieces/pvid/761ae641-3bad-4359-992b-de864a5fe746,"https://cdn.zeptonow.com/production/tr:w-1280,ar-2560-2560,pr-true,f-auto,q-80/cms/product_variant/e4510629-f767-43f3-b59e-3bd406dab4b5.jpeg"
Frozen Food & Ice Creams,Non Veg Snacks,"https://cdn.zeptonow.com/production/tr:w-90,ar-120-120,pr-true,f-auto,q-80/cms/sub_category/57.png",Godrej Yummiez Chicken & Cheese Nuggets,Yu,267,285,325 g,4.3 (497),In Stock,https://www.zeptonow.com/pn/godrej-yummiez-chicken-cheese-nuggets/pvid/c4697c49-03e8-436d-a29c-df42cdf92328,"https://cdn.zeptonow.com/production/tr:w-1280,ar-2400-2400,pr-true,f-auto,q-80/cms/product_variant/21c8f305-da7f-4b22-b71d-a729f43221aa.jpg"
Frozen Food & Ice Creams,Non Veg Snacks,"https://cdn.zeptonow.com/production/tr:w-90,ar-120-120,pr-true,f-auto,q-80/cms/sub_category/57.png",Venky's Chicken Pops,Venky's,173,200,300 g,4.4 (1.4k),In Stock,https://www.zeptonow.com/pn/venkys-chicken-pops/pvid/309f3353-468a-40c8-90c3-3a80bb7742c3,"https://cdn.zeptonow.com/production/tr:w-1280,ar-1000-724,pr-true,f-auto,q-80/cms/product_variant/089be29c-0dd9-4c77-a140-a1c8830af38f.jpeg"
Frozen Food & Ice Creams,Non Veg Snacks,"https://cdn.zeptonow.com/production/tr:w-90,ar-120-120,pr-true,f-auto,q-80/cms/sub_category/57.png",Meatigo Chicken Kheema (Frozen),Meatigo,259,275,450 g,4.1 (329),In Stock,https://www.zeptonow.com/pn/meatigo-chicken-kheema-frozen/pvid/95081bd0-b5d8-4c53-8a23-6dacda5c9273,"https://cdn.zeptonow.com/production/tr:w-1280,ar-1000-1000,pr-true,f-auto,q-80/cms/product_variant/28f458c3-27a7-446b-a5b6-a00766643955.jpeg"
Frozen Food & Ice Creams,Non Veg Snacks,"https://cdn.zeptonow.com/production/tr:w-90,ar-120-120,pr-true,f-auto,q-80/cms/sub_category/57.png",Venky's Spicy And Crispy Chicken Wings,Venky's,288,290,550 g,4.6 (931),In Stock,https://www.zeptonow.com/pn/venkys-spicy-and-crispy-chicken-wings/pvid/0ebee519-0bf4-47ce-956d-aabf94e0de2d,"https://cdn.zeptonow.com/production/tr:w-1280,ar-2659-2599,pr-true,f-auto,q-80/cms/product_variant/80866dc9-a7f7-439b-ab0f-f42c5d38c2b0.jpeg"
Frozen Food & Ice Creams,Non Veg Snacks,"https://cdn.zeptonow.com/production/tr:w-90,ar-120-120,pr-true,f-auto,q-80/cms/sub_category/57.png",Meatzza Chicken Nuggets,Meatzza,223,370,500 g,4.5 (355),In Stock,https://www.zeptonow.com/pn/meatzza-chicken-nuggets/pvid/c43150ac-6c22-46b2-8fab-7bdfe260690d,"https://cdn.zeptonow.com/production/tr:w-1280,ar-1500-1500,pr-true,f-auto,q-80/cms/product_variant/a9987738-02bd-4775-9a8b-4e3b344eab89.jpeg"
Frozen Food & Ice Creams,Non Veg Snacks,"https://cdn.zeptonow.com/production/tr:w-90,ar-120-120,pr-true,f-auto,q-80/cms/sub_category/57.png",ITC Master Chef Crispy Chicken Fries,ITC,199,199,280 g,4.4 (1.1k),In Stock,https://www.zeptonow.com/pn/itc-master-chef-crispy-chicken-fries/pvid/8b3876b7-104c-41e3-a31e-2532ae357c03,"https://cdn.zeptonow.com/production/tr:w-1280,ar-2560-2560,pr-true,f-auto,q-80/cms/product_variant/d83352f2-607f-43fc-8663-7b0b1cab4d9c.jpeg"
Frozen Food & Ice Creams,Non Veg Snacks,"https://cdn.zeptonow.com/production/tr:w-90,ar-120-120,pr-true,f-auto,q-80/cms/sub_category/57.png",Deli Chic Chicken Lehsuni Seekh Kabab,Deli,242,299,500 g,4 (495),In Stock,https://www.zeptonow.com/pn/deli-chic-chicken-lehsuni-seekh-kabab/pvid/237e8264-bc05-4b43-b8f4-6733d3b7c36d,"https://cdn.zeptonow.com/production/tr:w-1280,ar-904-1280,pr-true,f-auto,q-80/cms/product_variant/a3564fd2-107a-4c08-b178-2d5f3e715e53.jpg"
Frozen Food & Ice Creams,Non Veg Snacks,"https://cdn.zeptonow.com/production/tr:w-90,ar-120-120,pr-true,f-auto,q-80/cms/sub_category/57.png",ITC Master Chef Chicken Breast Strips | High in Protein | No Added Preservatives | 12 pieces,ITC,347,385,500 g,4.6 (269),In Stock,https://www.zeptonow.com/pn/itc-master-chef-chicken-breast-strips-high-in-protein-no-added-preservatives-12-pieces/pvid/dc09676e-0637-439b-ae8f-3682a26652f8,"https://cdn.zeptonow.com/production/tr:w-1280,ar-2560-2560,pr-true,f-auto,q-80/cms/product_variant/4a64d239-5cd8-4e68-813e-57903bd5f29c.jpeg"
Frozen Food & Ice Creams,Non Veg Snacks,"https://cdn.zeptonow.com/production/tr:w-90,ar-120-120,pr-true,f-auto,q-80/cms/sub_category/57.png",Yummiez Chicken Popcorn Pou,Yu,249,275,400 g,4.3 (535),In Stock,https://www.zeptonow.com/pn/yummiez-chicken-popcorn-pou/pvid/101ca18a-5c90-4ee1-828e-83ada12d6fa9,"https://cdn.zeptonow.com/production/tr:w-1280,ar-2400-2400,pr-true,f-auto,q-80/cms/product_variant/0678e42d-2bd8-427d-8bcc-098e4ed1720f.jpeg"
Frozen Food & Ice Creams,Non Veg Snacks,"https://cdn.zeptonow.com/production/tr:w-90,ar-120-120,pr-true,f-auto,q-80/cms/sub_category/57.png",Godrej Yummiez Chicken Burger Patty,Yu,189,210,300 g,4.5 (528),In Stock,https://www.zeptonow.com/pn/godrej-yummiez-chicken-burger-patty/pvid/b7040e90-29b8-4ff1-9af7-65a695dec187,"https://cdn.zeptonow.com/production/tr:w-1280,ar-1000-1000,pr-true,f-auto,q-80/cms/product_variant/5a228000-ae27-4348-8ff5-f942780b5650.jpeg"
Frozen Food & Ice Creams,Non Veg Snacks,"https://cdn.zeptonow.com/production/tr:w-90,ar-120-120,pr-true,f-auto,q-80/cms/sub_category/57.png",Godrej Yummiez Chicken Kheema,Yu,158,190,300 g,4.8 (154),In Stock,https://www.zeptonow.com/pn/godrej-yummiez-chicken-kheema/pvid/1977a2c2-4f62-40e1-b77f-082b9cff1c9c,"https://cdn.zeptonow.com/production/tr:w-1280,ar-900-900,pr-true,f-auto,q-80/inventory/product/ff210447-1231-4374-a5b3-d5fac6402ded-/tmp/20230321-0932171.jpeg"
Frozen Food & Ice Creams,Non Veg Snacks,"https://cdn.zeptonow.com/production/tr:w-90,ar-120-120,pr-true,f-auto,q-80/cms/sub_category/57.png",Carnivore Chicken Nuggets,Carnivore,350,350,500 g,4.2 (137),In Stock,https://www.zeptonow.com/pn/carnivore-chicken-nuggets/pvid/de078629-5a25-4fa7-a4cf-69ce9e958b3e,"https://cdn.zeptonow.com/production/tr:w-1280,ar-1200-1200,pr-true,f-auto,q-80/cms/product_variant/7a101909-8dff-4523-b5d6-77f39fdde540.jpg"
Frozen Food & Ice Creams,Non Veg Snacks,"https://cdn.zeptonow.com/production/tr:w-90,ar-120-120,pr-true,f-auto,q-80/cms/sub_category/57.png",Carnivore Chicken Burger Patty,Carnivore,350,350,500 g,5 (79),In Stock,https://www.zeptonow.com/pn/carnivore-chicken-burger-patty/pvid/0d300600-aab4-4a1d-b2f5-1ac8dded1221,"https://cdn.zeptonow.com/production/tr:w-1280,ar-2000-2000,pr-true,f-auto,q-80/cms/product_variant/c7a949a1-bd7d-49c0-9d60-e0596901d192.jpg"
Frozen Food & Ice Creams,Non Veg Snacks,"https://cdn.zeptonow.com/production/tr:w-90,ar-120-120,pr-true,f-auto,q-80/cms/sub_category/57.png",Carnivore Chicken Seekh Kabab Punjabi,Carnivore,370,370,500 g,4.8 (67),In Stock,https://www.zeptonow.com/pn/carnivore-chicken-seekh-kabab-punjabi/pvid/e0e3ceb3-f0f9-42f1-b1b5-e7d6dd7a33aa,"https://cdn.zeptonow.com/production/tr:w-1280,ar-1500-1500,pr-true,f-auto,q-80/cms/product_variant/ad858383-581e-4f8e-8e74-f25c79281c9e.jpeg"
Frozen Food & Ice Creams,Non Veg Snacks,"https://cdn.zeptonow.com/production/tr:w-90,ar-120-120,pr-true,f-auto,q-80/cms/sub_category/57.png",Carnivore Chicken Seekh Kabab (Lime Pudina),Carnivore,360,360,500 g,4.3 (65),In Stock,https://www.zeptonow.com/pn/carnivore-chicken-seekh-kabab-lime-pudina/pvid/399b2c7e-8c9a-4e30-bc1c-31ebd2064f45,"https://cdn.zeptonow.com/production/tr:w-1280,ar-2000-2000,pr-true,f-auto,q-80/cms/product_variant/3f2811ec-dcf0-4507-ab5d-f6e442d866ef.jpg"
Frozen Food & Ice Creams,Non Veg Snacks,"https://cdn.zeptonow.com/production/tr:w-90,ar-120-120,pr-true,f-auto,q-80/cms/sub_category/57.png",Meatzza Krispy Fried Chicken,Meatzza,338,375,500 g,4.4 (141),In Stock,https://www.zeptonow.com/pn/meatzza-krispy-fried-chicken/pvid/64f0b8d9-ac16-4da3-8829-538a7a4f2650,"https://cdn.zeptonow.com/production/tr:w-1280,ar-2400-2400,pr-true,f-auto,q-80/cms/product_variant/1173cfc5-fa59-44d3-a691-19fcc772dcab.jpg"
Frozen Food & Ice Creams,Non Veg Snacks,"https://cdn.zeptonow.com/production/tr:w-90,ar-120-120,pr-true,f-auto,q-80/cms/sub_category/57.png",Meatzza Zing Boneless Chicken Breast Strips,Meatzza,339,380,500 g,4.6 (162),In Stock,https://www.zeptonow.com/pn/meatzza-zing-boneless-chicken-breast-strips/pvid/0875d6ee-54f7-4c40-84db-fe13e0a60f18,"https://cdn.zeptonow.com/production/tr:w-1280,ar-1021-1021,pr-true,f-auto,q-80/cms/product_variant/9fb5d808-828d-4b02-8f5b-e9f748dfed4c.jpeg"
Frozen Food & Ice Creams,Non Veg Snacks,"https://cdn.zeptonow.com/production/tr:w-90,ar-120-120,pr-true,f-auto,q-80/cms/sub_category/57.png",Carnivore Chicken Seekh Kabab (Pahadi Hariyali),Carnivore,360,360,500 g,4.9 (72),In Stock,https://www.zeptonow.com/pn/carnivore-chicken-seekh-kabab-pahadi-hariyali/pvid/5b50a643-d750-4156-814c-3cc60d46d9de,"https://cdn.zeptonow.com/production/tr:w-1280,ar-2000-2000,pr-true,f-auto,q-80/cms/product_variant/420a5a80-df8d-45da-b909-f029acdc2434.jpg"
Frozen Food & Ice Creams,Non Veg Snacks,"https://cdn.zeptonow.com/production/tr:w-90,ar-120-120,pr-true,f-auto,q-80/cms/sub_category/57.png",Meatzza Chicken Spicy Breast Strips,Meatzza,347,385,500 g,5 (103),In Stock,https://www.zeptonow.com/pn/meatzza-chicken-spicy-breast-strips/pvid/b397c784-2159-4536-ba8f-c1ab9108d7b9,"https://cdn.zeptonow.com/production/tr:w-1280,ar-1021-1021,pr-true,f-auto,q-80/cms/product_variant/8d01069a-f7a2-45d0-a098-cbed32496c97.jpeg"
Frozen Food & Ice Creams,Non Veg Snacks,"https://cdn.zeptonow.com/production/tr:w-90,ar-120-120,pr-true,f-auto,q-80/cms/sub_category/57.png",Meatzza Chicken Chapli Kebab,Meatzza,351,390,500 g,4.8 (187),In Stock,https://www.zeptonow.com/pn/meatzza-chicken-chapli-kebab/pvid/d9c25c8f-f95c-4277-a3a3-7a41c602f79a,"https://cdn.zeptonow.com/production/tr:w-1280,ar-1200-1200,pr-true,f-auto,q-80/cms/product_variant/64559ada-a6d4-47fb-bdaf-d47ea98e5227.jpg"
Frozen Food & Ice Creams,Non Veg Snacks,"https://cdn.zeptonow.com/production/tr:w-90,ar-120-120,pr-true,f-auto,q-80/cms/sub_category/57.png",Meatzza Chicken Burger Patty,Meatzza,245,330,500 g,4.9 (329),In Stock,https://www.zeptonow.com/pn/meatzza-chicken-burger-patty/pvid/6c3c4bdc-ed7e-4ab1-88e2-92adc30a7a9b,"https://cdn.zeptonow.com/production/tr:w-1280,ar-2400-2400,pr-true,f-auto,q-80/cms/product_variant/60c7786d-686d-4293-9339-c773cd0deee0.jpg"
Frozen Food & Ice Creams,Non Veg Snacks,"https://cdn.zeptonow.com/production/tr:w-90,ar-120-120,pr-true,f-auto,q-80/cms/sub_category/57.png",Meatzza Chicken Malai Seekh Kabab,Meatzza,226,375,500 g,5 (209),In Stock,https://www.zeptonow.com/pn/meatzza-chicken-malai-seekh-kabab/pvid/78493097-ed01-4412-8630-9c95dfed7d6d,"https://cdn.zeptonow.com/production/tr:w-1280,ar-2400-2400,pr-true,f-auto,q-80/cms/product_variant/e42f098a-513b-40c6-818b-66aad8624da6.jpg"
Frozen Food & Ice Creams,Non Veg Snacks,"https://cdn.zeptonow.com/production/tr:w-90,ar-120-120,pr-true,f-auto,q-80/cms/sub_category/57.png",Meatzza Chicken Seekh Kebab Hot & Spicy,Meatzza,316,365,500 g,4.6 (186),In Stock,https://www.zeptonow.com/pn/meatzza-chicken-seekh-kebab-hot-spicy/pvid/fe50bd9f-8ba3-44e2-9c47-a9d2ab9b03e6,"https://cdn.zeptonow.com/production/tr:w-1280,ar-2400-2400,pr-true,f-auto,q-80/cms/product_variant/ad9dfec1-af5f-4958-a5b9-9bdf6b08203d.jpg"
Frozen Food & Ice Creams,Non Veg Snacks,"https://cdn.zeptonow.com/production/tr:w-90,ar-120-120,pr-true,f-auto,q-80/cms/sub_category/57.png",Meatzza Marinated Boneless Peri Peri Tikka,Meatzza,277,325,500 g,4.6 (53),In Stock,https://www.zeptonow.com/pn/meatzza-marinated-boneless-peri-peri-tikka/pvid/e0083373-8097-43b4-a5b7-ea7db342facf,"https://cdn.zeptonow.com/production/tr:w-1280,ar-1000-1000,pr-true,f-auto,q-80/cms/product_variant/18e7299e-704e-4f85-b104-523e6f325e91.jpg"
Frozen Food & Ice Creams,Non Veg Snacks,"https://cdn.zeptonow.com/production/tr:w-90,ar-120-120,pr-true,f-auto,q-80/cms/sub_category/57.png",Wow! Smiley Chicken Nuggets,Wow!,129,249,252 g,4.2 (95),In Stock,https://www.zeptonow.com/pn/wow-smiley-chicken-nuggets/pvid/9591c5d3-e13b-4fe3-97ee-f69f0dd4865f,"https://cdn.zeptonow.com/production/tr:w-1280,ar-4167-4167,pr-true,f-auto,q-80/cms/product_variant/4a47c24e-4994-4fdf-8253-cdd90242ad0d.jpg"
Frozen Food & Ice Creams,Non Veg Snacks,"https://cdn.zeptonow.com/production/tr:w-90,ar-120-120,pr-true,f-auto,q-80/cms/sub_category/57.png",Carnivore Mutton Shami Kabab,Carnivore,403,575,500 g,4.5 (756),In Stock,https://www.zeptonow.com/pn/carnivore-mutton-shami-kabab/pvid/6b35d2ba-d3a4-44fb-89e7-2a08f6250f1a,"https://cdn.zeptonow.com/production/tr:w-1280,ar-1500-1500,pr-true,f-auto,q-80/cms/product_variant/754b88bd-381f-4181-a10b-e5c058525764.jpeg"
Frozen Food & Ice Creams,Non Veg Snacks,"https://cdn.zeptonow.com/production/tr:w-90,ar-120-120,pr-true,f-auto,q-80/cms/sub_category/57.png",Meatzza Marinated Boneless Tandoori Tikka,Meatzza,277,325,500 g,4.8 (92),In Stock,https://www.zeptonow.com/pn/meatzza-marinated-boneless-tandoori-tikka/pvid/a751eb4a-5d5c-419a-a2c8-139842dea0ea,"https://cdn.zeptonow.com/production/tr:w-1280,ar-1000-1000,pr-true,f-auto,q-80/cms/product_variant/5d4ba21e-a830-4d82-a635-d19388aa4467.jpg"
Frozen Food & Ice Creams,Non Veg Snacks,"https://cdn.zeptonow.com/production/tr:w-90,ar-120-120,pr-true,f-auto,q-80/cms/sub_category/57.png",Carnivore Chicken Seekh Kabab Onion,Carnivore,272,380,500 g,5 (56),In Stock,https://www.zeptonow.com/pn/carnivore-chicken-seekh-kabab-onion/pvid/87b16c42-3529-4e60-a751-9032dfa07d36,"https://cdn.zeptonow.com/production/tr:w-1280,ar-1500-1500,pr-true,f-auto,q-80/cms/product_variant/85d22a9e-495b-4f54-93a5-a5ab044e328a.jpeg"
Frozen Food & Ice Creams,Non Veg Snacks,"https://cdn.zeptonow.com/production/tr:w-90,ar-120-120,pr-true,f-auto,q-80/cms/sub_category/57.png",Carnivore Chicken Seekh Kabab Nawabi,Carnivore,288,410,500 g,4.9 (61),In Stock,https://www.zeptonow.com/pn/carnivore-chicken-seekh-kabab-nawabi/pvid/134422a8-3037-4fef-9033-be71492387d5,"https://cdn.zeptonow.com/production/tr:w-1280,ar-2400-2400,pr-true,f-auto,q-80/cms/product_variant/f4f27edc-feb8-42f1-8189-ecec7246b132.jpg"
Frozen Food & Ice Creams,Non Veg Snacks,"https://cdn.zeptonow.com/production/tr:w-90,ar-120-120,pr-true,f-auto,q-80/cms/sub_category/57.png",Deli Chic Chicken Galawat Seekh Kabab,Deli,244,299,500 g,4.5 (414),In Stock,https://www.zeptonow.com/pn/deli-chic-chicken-galawat-seekh-kabab/pvid/cab9ab1c-90e6-4a88-901a-586da3c29cae,"https://cdn.zeptonow.com/production/tr:w-1280,ar-1511-1694,pr-true,f-auto,q-80/cms/product_variant/7ee80d6a-f4c1-44a2-b57c-39672d967fd4.jpg"
Frozen Food & Ice Creams,Non Veg Snacks,"https://cdn.zeptonow.com/production/tr:w-90,ar-120-120,pr-true,f-auto,q-80/cms/sub_category/57.png",Prasuma Loaded Chicken Pizza Minis,Prasuma,180,180,180 g,4.5 (151),In Stock,https://www.zeptonow.com/pn/prasuma-loaded-chicken-pizza-minis/pvid/673a34cb-c631-4b17-bf9f-c4c0a0b89fba,"https://cdn.zeptonow.com/production/tr:w-1280,ar-1000-1000,pr-true,f-auto,q-80/cms/product_variant/8a4dabe3-d0b7-43fc-ac1c-94aa171eb5b9.jpeg"
Frozen Food & Ice Creams,Non Veg Snacks,"https://cdn.zeptonow.com/production/tr:w-90,ar-120-120,pr-true,f-auto,q-80/cms/sub_category/57.png",Carnivore Chicken Seekh Kabab Lahori,Carnivore,288,410,500 g,4.2 (60),In Stock,https://www.zeptonow.com/pn/carnivore-chicken-seekh-kabab-lahori/pvid/f6aeaec8-baa5-466f-a5cc-9a43908364c1,"https://cdn.zeptonow.com/production/tr:w-1280,ar-2400-2400,pr-true,f-auto,q-80/cms/product_variant/31fc100f-4749-427d-b12a-c3b82b239e6d.jpeg"
Frozen Food & Ice Creams,Non Veg Snacks,"https://cdn.zeptonow.com/production/tr:w-90,ar-120-120,pr-true,f-auto,q-80/cms/sub_category/57.png",Meatigo Old School Chicken Tikka (Frozen),Meatigo,249,249,250 g,4.4 (196),In Stock,https://www.zeptonow.com/pn/meatigo-old-school-chicken-tikka-frozen/pvid/a9f3427a-fd31-4349-90a1-0c9903c20bbc,"https://cdn.zeptonow.com/production/tr:w-1280,ar-1000-1000,pr-true,f-auto,q-80/cms/product_variant/7906c9e6-9014-4198-98a9-a26d3b612128.jpeg"
Frozen Food & Ice Creams,Non Veg Snacks,"https://cdn.zeptonow.com/production/tr:w-90,ar-120-120,pr-true,f-auto,q-80/cms/sub_category/57.png",Carnivore Chicken Shami Kabab,Carnivore,266,380,500 g,4.8 (56),In Stock,https://www.zeptonow.com/pn/carnivore-chicken-shami-kabab/pvid/74968072-aee9-48d4-970b-0b84e043407c,"https://cdn.zeptonow.com/production/tr:w-1280,ar-768-1002,pr-true,f-auto,q-80/inventory/product/bb4d04b1-b08a-411b-9529-94260117c380-image_file.jpeg"
Frozen Food & Ice Creams,Non Veg Snacks,"https://cdn.zeptonow.com/production/tr:w-90,ar-120-120,pr-true,f-auto,q-80/cms/sub_category/57.png",ITC Master Chef Chicken Seekh Kabab 500 g Combo,ITC,996,1095,500 g X 3,4.2 (58),In Stock,https://www.zeptonow.com/pn/itc-master-chef-chicken-seekh-kabab-500-g-combo/pvid/9da25be3-8cc7-4e25-8791-ba61034be0cc,"https://cdn.zeptonow.com/production/tr:w-1280,ar-1500-1500,pr-true,f-auto,q-80/cms/product_variant/bf108649-7125-4d2b-8069-2e461cfeb1e6.jpg"
Frozen Food & Ice Creams,Non Veg Snacks,"https://cdn.zeptonow.com/production/tr:w-90,ar-120-120,pr-true,f-auto,q-80/cms/sub_category/57.png",Meatigo Chicken Kheema (Frozen) 450 g Combo,Meatigo,490,550,450 g X 2,4.6 (316),In Stock,https://www.zeptonow.com/pn/meatigo-chicken-kheema-frozen-450-g-combo/pvid/fcaa3986-80c8-4640-bd8e-61c9127945ef,"https://cdn.zeptonow.com/production/tr:w-1280,ar-1500-1500,pr-true,f-auto,q-80/cms/product_variant/97229a6c-4829-494c-aa93-2707628d0d3a.jpg"
Frozen Food & Ice Creams,Non Veg Snacks,"https://cdn.zeptonow.com/production/tr:w-90,ar-120-120,pr-true,f-auto,q-80/cms/sub_category/57.png",Venky's Chicken Pops 300 g Combo,Venky's,286,400,300 g X 2,4.3 (502),In Stock,https://www.zeptonow.com/pn/venkys-chicken-pops-300-g-combo/pvid/5e76a9ca-a0fa-499b-8f24-3eba7787e4ad,"https://cdn.zeptonow.com/production/tr:w-1280,ar-1500-1500,pr-true,f-auto,q-80/cms/product_variant/905dbc4b-7155-4142-99b6-a81d3912fb98.jpg"
Frozen Food & Ice Creams,Non Veg Snacks,"https://cdn.zeptonow.com/production/tr:w-90,ar-120-120,pr-true,f-auto,q-80/cms/sub_category/57.png",Prasuma Pizza Minis - Loaded Chicken 180 g Combo,Prasuma,338,360,180 g X 2,4.6 (101),In Stock,https://www.zeptonow.com/pn/prasuma-pizza-minis-loaded-chicken-180-g-combo/pvid/fc084f49-fab7-42fe-8042-d647d5ea0ee8,"https://cdn.zeptonow.com/production/tr:w-1280,ar-1500-1500,pr-true,f-auto,q-80/cms/product_variant/92550276-4bbe-427c-9049-3a51258baad6.jpg"
Frozen Food & Ice Creams,Non Veg Snacks,"https://cdn.zeptonow.com/production/tr:w-90,ar-120-120,pr-true,f-auto,q-80/cms/sub_category/57.png",Meatzza Chicken Nuggets 500 g Combo,Meatzza,402,740,500 g X 2,4.4 (534),In Stock,https://www.zeptonow.com/pn/meatzza-chicken-nuggets-500-g-combo/pvid/f7863c93-f269-4391-8490-b31cb05d8ccd,"https://cdn.zeptonow.com/production/tr:w-1280,ar-1500-1500,pr-true,f-auto,q-80/inventory/product/0f8250e4-8963-4098-81ce-6bdf6e510123-2403.jpg"
Frozen Food & Ice Creams,Non Veg Snacks,"https://cdn.zeptonow.com/production/tr:w-90,ar-120-120,pr-true,f-auto,q-80/cms/sub_category/57.png",ITC Master Chef Chicken Seekh Kabab 500 g Combo,ITC,690,730,500 g X 2,4.5 (686),In Stock,https://www.zeptonow.com/pn/itc-master-chef-chicken-seekh-kabab-500-g-combo/pvid/bc457071-aa6f-4df8-aa41-09db6b9e80b2,"https://cdn.zeptonow.com/production/tr:w-1280,ar-1500-1500,pr-true,f-auto,q-80/cms/product_variant/2c99e12d-c3ec-4757-afde-c9b75fd626c4.jpg"
Frozen Food & Ice Creams,Non Veg Snacks,"https://cdn.zeptonow.com/production/tr:w-90,ar-120-120,pr-true,f-auto,q-80/cms/sub_category/57.png",ITC Master Chef Chicken Popcorn 500 g Combo,ITC,608,690,500 g X 2,4.3 (906),In Stock,https://www.zeptonow.com/pn/itc-master-chef-chicken-popcorn-500-g-combo/pvid/38cd0855-8499-4546-8ac9-715f9ba8d0ae,"https://cdn.zeptonow.com/production/tr:w-1280,ar-1566-1566,pr-true,f-auto,q-80/cms/product_variant/c9e84e4e-0381-4a72-8951-0e3f02b1a927.jpg"
Frozen Food & Ice Creams,Non Veg Snacks,"https://cdn.zeptonow.com/production/tr:w-90,ar-120-120,pr-true,f-auto,q-80/cms/sub_category/57.png",Meatzza Chicken Malai Seekh Kabab 500 g Combo,Meatzza,414,750,500 g X 2,4.5 (309),In Stock,https://www.zeptonow.com/pn/meatzza-chicken-malai-seekh-kabab-500-g-combo/pvid/bcc9795d-da6f-4840-a967-001b80b57804,"https://cdn.zeptonow.com/production/tr:w-1280,ar-1500-1500,pr-true,f-auto,q-80/cms/product_variant/0ce56234-6cba-4981-965a-e8fedda41f18.jpg"
Frozen Food & Ice Creams,Non Veg Snacks,"https://cdn.zeptonow.com/production/tr:w-90,ar-120-120,pr-true,f-auto,q-80/cms/sub_category/57.png",Meatzza Chicken Burger Patty 500 g Combo,Meatzza,450,660,500 g X 2,4.5 (169),In Stock,https://www.zeptonow.com/pn/meatzza-chicken-burger-patty-500-g-combo/pvid/18a48978-6058-4f2e-b105-8297aa62a7c9,"https://cdn.zeptonow.com/production/tr:w-1280,ar-1500-1500,pr-true,f-auto,q-80/inventory/product/238dc712-620e-4239-aaca-f6d71b16a486-2404.jpg"
Frozen Food & Ice Creams,Non Veg Snacks,"https://cdn.zeptonow.com/production/tr:w-90,ar-120-120,pr-true,f-auto,q-80/cms/sub_category/57.png",Godrej Yummiez Chicken Lucknowi Seekh Kebab 400 g Combo,Yu,526,630,400 g X 2,4.3 (335),In Stock,https://www.zeptonow.com/pn/godrej-yummiez-chicken-lucknowi-seekh-kebab-400-g-combo/pvid/31cda087-695f-40b0-beb9-5f8db30990ba,"https://cdn.zeptonow.com/production/tr:w-1280,ar-1500-1500,pr-true,f-auto,q-80/cms/product_variant/65db38a7-4ea3-4c5c-b406-5214db40cc04.jpg"
Frozen Food & Ice Creams,Non Veg Snacks,"https://cdn.zeptonow.com/production/tr:w-90,ar-120-120,pr-true,f-auto,q-80/cms/sub_category/57.png",Finger Spin Combo,Finger,174,245,2 combo,4.5 (511),In Stock,https://www.zeptonow.com/pn/finger-spin-combo/pvid/0568f115-97d1-42ff-86de-2a94409d5846,"https://cdn.zeptonow.com/production/tr:w-1280,ar-1000-1000,pr-true,f-auto,q-80/cms/product_variant/cac2081a-009a-4f2f-bab9-5e060d76c0fd.jpeg"
Frozen Food & Ice Creams,Non Veg Snacks,"https://cdn.zeptonow.com/production/tr:w-90,ar-120-120,pr-true,f-auto,q-80/cms/sub_category/57.png",ITC Master Chef Crispy Chicken Fries 280 g Combo,ITC,378,398,280 g X 2,4.2 (976),In Stock,https://www.zeptonow.com/pn/itc-master-chef-crispy-chicken-fries-280-g-combo/pvid/0ebe64d5-365e-41dc-9a2c-74d4d3986279,"https://cdn.zeptonow.com/production/tr:w-1280,ar-1500-1500,pr-true,f-auto,q-80/cms/product_variant/e0fb8d40-e038-42a2-95e6-ed2f54d9835b.jpg"
Frozen Food & Ice Creams,Non Veg Snacks,"https://cdn.zeptonow.com/production/tr:w-90,ar-120-120,pr-true,f-auto,q-80/cms/sub_category/57.png",ITC Master Chef Crunchy Chicken Nuggets | Source of Protein | No Added Preservatives | 55 pieces,ITC,572,650,1 kg,4.5 (1.0k),Sold Out,https://www.zeptonow.com/pn/itc-master-chef-crunchy-chicken-nuggets-source-of-protein-no-added-preservatives-55-pieces/pvid/92bbab87-fde3-48d7-9242-121dd9b0499d,"https://cdn.zeptonow.com/production/tr:w-1280,ar-2560-2560,pr-true,f-auto,q-80/cms/product_variant/fb1d6d43-bfc4-413d-8c6b-99e016662251.jpeg"
Frozen Food & Ice Creams,Non Veg Snacks,"https://cdn.zeptonow.com/production/tr:w-90,ar-120-120,pr-true,f-auto,q-80/cms/sub_category/57.png",Venky's Chicken & Cheese Nuggets,Venky's,345,355,500 g,4.7 (789),Sold Out,https://www.zeptonow.com/pn/venkys-chicken-cheese-nuggets/pvid/22a72b0b-d274-4d30-90cc-9654749c1e1e,"https://cdn.zeptonow.com/production/tr:w-1280,ar-1200-1200,pr-true,f-auto,q-80/cms/product_variant/95d1c7b7-88a3-4871-b951-407a76c2bd01.jpeg"
Frozen Food & Ice Creams,Non Veg Snacks,"https://cdn.zeptonow.com/production/tr:w-90,ar-120-120,pr-true,f-auto,q-80/cms/sub_category/57.png",Venky's Chicken Burger Patty,Venky's,258,305,500 g,4.4 (901),Sold Out,https://www.zeptonow.com/pn/venkys-chicken-burger-patty/pvid/96c801ed-ef18-459c-9bb3-b47a12f5654b,"https://cdn.zeptonow.com/production/tr:w-1280,ar-1200-1200,pr-true,f-auto,q-80/cms/product_variant/48f8dcc2-7cf1-43e5-8feb-57aa7eeef847.jpeg"
Frozen Food & Ice Creams,Non Veg Snacks,"https://cdn.zeptonow.com/production/tr:w-90,ar-120-120,pr-true,f-auto,q-80/cms/sub_category/57.png",Venky's Chicken Nuggets,Venky's,271,345,500 g,4.6 (3.8k),Sold Out,https://www.zeptonow.com/pn/venkys-chicken-nuggets/pvid/cdf8bd74-0f80-4254-a633-983cb52606e5,"https://cdn.zeptonow.com/production/tr:w-1280,ar-1200-1200,pr-true,f-auto,q-80/cms/product_variant/04d5022f-bceb-40a1-854e-ef323bbf4cc7.jpeg"
Frozen Food & Ice Creams,Non Veg Snacks,"https://cdn.zeptonow.com/production/tr:w-90,ar-120-120,pr-true,f-auto,q-80/cms/sub_category/57.png",Venkys Chicken Kheema,Venkys,173,200,250 g,4.6 (786),Sold Out,https://www.zeptonow.com/pn/venkys-chicken-kheema/pvid/9a8389b8-3b85-401b-9224-59562d71c0b0,"https://cdn.zeptonow.com/production/tr:w-1280,ar-1200-1200,pr-true,f-auto,q-80/cms/product_variant/585d041c-4711-4185-afb9-24b719761108.jpeg"
Frozen Food & Ice Creams,Non Veg Snacks,"https://cdn.zeptonow.com/production/tr:w-90,ar-120-120,pr-true,f-auto,q-80/cms/sub_category/57.png",ITC Master Chef Crispy Spicy Chicken | High in Protein | No Added Preservatives | 6 pieces,ITC,414,440,500 g,3.9 (330),Sold Out,https://www.zeptonow.com/pn/itc-master-chef-crispy-spicy-chicken-high-in-protein-no-added-preservatives-6-pieces/pvid/4d6e6a13-65b9-4a24-a82b-18737fefa6f4,"https://cdn.zeptonow.com/production/tr:w-1280,ar-2560-2560,pr-true,f-auto,q-80/cms/product_variant/aab41118-33e7-4a0f-99cd-a332cd6ca767.jpeg"
Frozen Food & Ice Creams,Non Veg Snacks,"https://cdn.zeptonow.com/production/tr:w-90,ar-120-120,pr-true,f-auto,q-80/cms/sub_category/57.png",ITC Master Chef Grilled Chicken Wings | High in Protein | No Added Preservatives | 12 pieces,ITC,395,395,360 g,4.2 (114),Sold Out,https://www.zeptonow.com/pn/itc-master-chef-grilled-chicken-wings-high-in-protein-no-added-preservatives-12-pieces/pvid/ed5725de-177b-4508-8b16-565c47a1d524,"https://cdn.zeptonow.com/production/tr:w-1280,ar-2560-2560,pr-true,f-auto,q-80/cms/product_variant/9090a063-f56a-4673-be4c-c60262b56357.jpeg"
Frozen Food & Ice Creams,Non Veg Snacks,"https://cdn.zeptonow.com/production/tr:w-90,ar-120-120,pr-true,f-auto,q-80/cms/sub_category/57.png",Venky's Chicken Nuggets,Venky's,616,635,1 kg,4.6 (3.6k),Sold Out,https://www.zeptonow.com/pn/venkys-chicken-nuggets/pvid/28c95fed-b8d7-40d7-b32b-d469c724c07d,"https://cdn.zeptonow.com/production/tr:w-1280,ar-1200-1200,pr-true,f-auto,q-80/cms/product_variant/5e8d8fa5-0801-434d-8922-cfe10c3dc8d4.jpeg"
Frozen Food & Ice Creams,Non Veg Snacks,"https://cdn.zeptonow.com/production/tr:w-90,ar-120-120,pr-true,f-auto,q-80/cms/sub_category/57.png",Deli Chic Mutton Keema Mince Freshly Frozen,Deli,549,599,500 g,4.4 (614),Sold Out,https://www.zeptonow.com/pn/deli-chic-mutton-keema-mince-freshly-frozen/pvid/6a64b649-1249-473c-9b1f-1f892e7821b2,"https://cdn.zeptonow.com/production/tr:w-1280,ar-2363-2835,pr-true,f-auto,q-80/cms/product_variant/4da93696-7f2b-4ade-aa80-9e40d36102be.jpg"
Frozen Food & Ice Creams,Non Veg Snacks,"https://cdn.zeptonow.com/production/tr:w-90,ar-120-120,pr-true,f-auto,q-80/cms/sub_category/57.png",Meatzza Chicken Popcorn,Meatzza,277,355,500 g,4.8 (127),Sold Out,https://www.zeptonow.com/pn/meatzza-chicken-popcorn/pvid/44835b4c-91c2-4ce9-9bb8-c1dd1d1257ca,"https://cdn.zeptonow.com/production/tr:w-1280,ar-1021-1021,pr-true,f-auto,q-80/cms/product_variant/33cebe9b-bb50-439a-b40e-38a19b21fcda.jpeg"
Frozen Food & Ice Creams,Non Veg Snacks,"https://cdn.zeptonow.com/production/tr:w-90,ar-120-120,pr-true,f-auto,q-80/cms/sub_category/57.png",Meatzza Chicken Mughlai Biryani,Meatzza,179,279,400 g,4.2 (740),Sold Out,https://www.zeptonow.com/pn/meatzza-chicken-mughlai-biryani/pvid/bdbbd284-fbf7-4dd1-b51f-163177bf60c5,"https://cdn.zeptonow.com/production/tr:w-1280,ar-900-900,pr-true,f-auto,q-80/cms/product_variant/df1ec56a-a65d-40ec-b21f-b628c3513933.jpg"
Frozen Food & Ice Creams,Non Veg Snacks,"https://cdn.zeptonow.com/production/tr:w-90,ar-120-120,pr-true,f-auto,q-80/cms/sub_category/57.png",Prasuma Korean Fried Chicken - Sweet & Spicy,Prasuma,345,345,275 g,4.7 (68),Sold Out,https://www.zeptonow.com/pn/prasuma-korean-fried-chicken-sweet-spicy/pvid/617de69a-dfaf-437c-acaf-33df0efba259,"https://cdn.zeptonow.com/production/tr:w-1280,ar-1000-1000,pr-true,f-auto,q-80/cms/product_variant/8d6b8b12-47a7-4b08-ba6d-4f3df5735f33.jpg"
Frozen Food & Ice Creams,Non Veg Snacks,"https://cdn.zeptonow.com/production/tr:w-90,ar-120-120,pr-true,f-auto,q-80/cms/sub_category/57.png",Meatigo Hot wings,Meatigo,176,185,250 g,4.4 (699),Sold Out,https://www.zeptonow.com/pn/meatigo-hot-wings/pvid/5ef19af1-6361-457e-9a44-95914fe05b65,"https://cdn.zeptonow.com/production/tr:w-1280,ar-1000-1000,pr-true,f-auto,q-80/cms/product_variant/e7f2739f-3590-4d6b-8a4a-4fa72ef502da.jpeg"
Frozen Food & Ice Creams,Non Veg Snacks,"https://cdn.zeptonow.com/production/tr:w-90,ar-120-120,pr-true,f-auto,q-80/cms/sub_category/57.png",Prasuma Pizza Minis - Chicken Tikka,Prasuma,179,180,180 g,4.1 (464),Sold Out,https://www.zeptonow.com/pn/prasuma-pizza-minis-chicken-tikka/pvid/62c0d93d-5e73-4235-93fc-2a26fe047248,"https://cdn.zeptonow.com/production/tr:w-1280,ar-1000-1000,pr-true,f-auto,q-80/cms/product_variant/f71e00dd-cda1-4da8-be23-8254626dff9d.jpeg"
Frozen Food & Ice Creams,Non Veg Snacks,"https://cdn.zeptonow.com/production/tr:w-90,ar-120-120,pr-true,f-auto,q-80/cms/sub_category/57.png",Sneha Snackster Chicken Burger Patty,Sneha,189,320,500 g,4.9 (81),Sold Out,https://www.zeptonow.com/pn/sneha-snackster-chicken-burger-patty/pvid/d0bd1f94-ec99-4d4e-bb12-2b4cb7a1d580,"https://cdn.zeptonow.com/production/tr:w-1280,ar-1001-1001,pr-true,f-auto,q-80/cms/product_variant/7dd33b59-c646-4b73-8433-0442f2b17f80.jpg"
Frozen Food & Ice Creams,Non Veg Snacks,"https://cdn.zeptonow.com/production/tr:w-90,ar-120-120,pr-true,f-auto,q-80/cms/sub_category/57.png",Yummiez Chicken Magic Ball,Yu,250,250,500 g,4.4 (88),Sold Out,https://www.zeptonow.com/pn/yummiez-chicken-magic-ball/pvid/01110a30-4507-4232-a358-1d1623951588,"https://cdn.zeptonow.com/production/tr:w-1280,ar-1200-1286,pr-true,f-auto,q-80/cms/product_variant/bc220a20-b03f-4e60-8a63-222be3ce4722.jpeg"
Frozen Food & Ice Creams,Momos & More,"https://cdn.zeptonow.com/production/tr:w-90,ar-120-120,pr-true,f-auto,q-80/cms/sub_category/67c4eff8-0592-4217-a752-c3b51ecc86b4.png",Prasuma Spicy Chicken Momos,MOM,306,325,1 pack (24 pcs),4.7 (2.3k),In Stock,https://www.zeptonow.com/pn/prasuma-spicy-chicken-momos/pvid/78a0044b-9bb4-47e0-8eff-d5b7cda6e189,"https://cdn.zeptonow.com/production/tr:w-1280,ar-1000-1000,pr-true,f-auto,q-80/cms/product_variant/e8253482-1d3d-4527-a3b5-52f3fb2d9b18.jpg"
Frozen Food & Ice Creams,Momos & More,"https://cdn.zeptonow.com/production/tr:w-90,ar-120-120,pr-true,f-auto,q-80/cms/sub_category/67c4eff8-0592-4217-a752-c3b51ecc86b4.png",Prasuma Veg & Paneer Momos,MOM,272,295,1 pack (24 pcs),4.5 (1.7k),In Stock,https://www.zeptonow.com/pn/prasuma-veg-paneer-momos/pvid/4ac04141-c542-4673-9773-251548e8f1be,"https://cdn.zeptonow.com/production/tr:w-1280,ar-1000-1000,pr-true,f-auto,q-80/cms/product_variant/5ff9d861-7bf6-4d87-bf35-5aa39fdf6838.jpeg"
Frozen Food & Ice Creams,Momos & More,"https://cdn.zeptonow.com/production/tr:w-90,ar-120-120,pr-true,f-auto,q-80/cms/sub_category/67c4eff8-0592-4217-a752-c3b51ecc86b4.png",Prasuma Spicy Chicken Momos,MOM,166,195,220 g,4.7 (2.6k),In Stock,https://www.zeptonow.com/pn/prasuma-spicy-chicken-momos/pvid/46784e60-1c16-4141-9c74-17d97ef89ed2,"https://cdn.zeptonow.com/production/tr:w-1280,ar-2400-2400,pr-true,f-auto,q-80/cms/product_variant/0e30cdcf-f065-4a92-8ab1-31c42f3d8e59.png"
Frozen Food & Ice Creams,Momos & More,"https://cdn.zeptonow.com/production/tr:w-90,ar-120-120,pr-true,f-auto,q-80/cms/sub_category/67c4eff8-0592-4217-a752-c3b51ecc86b4.png",Wow! Veg Peri Peri Momo Buy 1 Get 1 Free,MOM,149,225,1 pack (20 pcs),4.3 (1.5k),In Stock,https://www.zeptonow.com/pn/wow-veg-peri-peri-momo-buy-1-get-1-free/pvid/84ceb3e7-1772-452a-8b1d-3be4903aa8f8,"https://cdn.zeptonow.com/production/tr:w-1280,ar-1000-1000,pr-true,f-auto,q-80/cms/product_variant/13b15802-3bc2-43ef-b675-4df43875b92d.jpeg"
Frozen Food & Ice Creams,Momos & More,"https://cdn.zeptonow.com/production/tr:w-90,ar-120-120,pr-true,f-auto,q-80/cms/sub_category/67c4eff8-0592-4217-a752-c3b51ecc86b4.png",Prasuma Momos Original Chicken,MOM,306,325,1 pack (24 pcs),4.2 (949),In Stock,https://www.zeptonow.com/pn/prasuma-momos-original-chicken/pvid/a283d64d-d206-4cf9-b51f-33b087d74d9e,"https://cdn.zeptonow.com/production/tr:w-1280,ar-1000-1000,pr-true,f-auto,q-80/cms/product_variant/6d92a726-8af2-478c-8f53-462df54f70a2.jpeg"
Frozen Food & Ice Creams,Momos & More,"https://cdn.zeptonow.com/production/tr:w-90,ar-120-120,pr-true,f-auto,q-80/cms/sub_category/67c4eff8-0592-4217-a752-c3b51ecc86b4.png",Prasuma Cheesy Spicy Veg Momos,MOM,280,325,1 pack (24 pcs),4.6 (529),In Stock,https://www.zeptonow.com/pn/prasuma-cheesy-spicy-veg-momos/pvid/2753249f-9fe2-4581-8ee8-a076730dcf93,"https://cdn.zeptonow.com/production/tr:w-1280,ar-1000-1000,pr-true,f-auto,q-80/cms/product_variant/c1bc381b-cf0f-4b49-a01f-5c04c3a41cce.jpeg"
Frozen Food & Ice Creams,Momos & More,"https://cdn.zeptonow.com/production/tr:w-90,ar-120-120,pr-true,f-auto,q-80/cms/sub_category/67c4eff8-0592-4217-a752-c3b51ecc86b4.png",Prasuma Classic Darjeeling Veg Momos,MOM,257,285,1 pack (24 pcs),4 (200),In Stock,https://www.zeptonow.com/pn/prasuma-classic-darjeeling-veg-momos/pvid/0291927b-7e0d-405e-898d-3c21e9770349,"https://cdn.zeptonow.com/production/tr:w-1280,ar-1000-1000,pr-true,f-auto,q-80/cms/product_variant/6ffa7b35-09dd-4061-a4f1-f6c36e374251.jpeg"
Frozen Food & Ice Creams,Momos & More,"https://cdn.zeptonow.com/production/tr:w-90,ar-120-120,pr-true,f-auto,q-80/cms/sub_category/67c4eff8-0592-4217-a752-c3b51ecc86b4.png",Prasuma Peri Peri Veg Momos,MOM,206,260,1 pack (15 pcs),4.8 (578),In Stock,https://www.zeptonow.com/pn/prasuma-peri-peri-veg-momos/pvid/1789cbe2-1e4b-4e05-9330-35ac3e9f5017,"https://cdn.zeptonow.com/production/tr:w-1280,ar-2400-2400,pr-true,f-auto,q-80/cms/product_variant/37a199ac-ffb7-4aee-935b-02306e796026.jpeg"
Frozen Food & Ice Creams,Momos & More,"https://cdn.zeptonow.com/production/tr:w-90,ar-120-120,pr-true,f-auto,q-80/cms/sub_category/67c4eff8-0592-4217-a752-c3b51ecc86b4.png",Prasuma Peri Peri Chicken Momos,MOM,198,210,250 g,4.4 (401),In Stock,https://www.zeptonow.com/pn/prasuma-peri-peri-chicken-momos/pvid/0f1b3dda-fce8-46e6-9731-24bef19d41f3,"https://cdn.zeptonow.com/production/tr:w-1280,ar-1000-1000,pr-true,f-auto,q-80/cms/product_variant/f8d434f1-4c5e-4704-a0d3-a1f741d630a8.jpeg"
Frozen Food & Ice Creams,Momos & More,"https://cdn.zeptonow.com/production/tr:w-90,ar-120-120,pr-true,f-auto,q-80/cms/sub_category/67c4eff8-0592-4217-a752-c3b51ecc86b4.png",Prasuma Tandoori Chicken Momos,MOM,221,235,280 g,4.6 (71),In Stock,https://www.zeptonow.com/pn/prasuma-tandoori-chicken-momos/pvid/5561d0d2-c703-4e6b-be53-ab12b61c9792,"https://cdn.zeptonow.com/production/tr:w-1280,ar-1000-1000,pr-true,f-auto,q-80/cms/product_variant/808e46b1-c951-40b0-a4a4-866f0fa3809b.jpeg"
Frozen Food & Ice Creams,Momos & More,"https://cdn.zeptonow.com/production/tr:w-90,ar-120-120,pr-true,f-auto,q-80/cms/sub_category/67c4eff8-0592-4217-a752-c3b51ecc86b4.png",Prasuma Crunchy Chicken Momos (Kurkure),MOM,265,265,380 g,4.9 (191),In Stock,https://www.zeptonow.com/pn/prasuma-crunchy-chicken-momos-kurkure/pvid/941859b3-24b1-4454-8d05-877814173f0e,"https://cdn.zeptonow.com/production/tr:w-1280,ar-1000-1000,pr-true,f-auto,q-80/cms/product_variant/051bf49b-3865-4c2c-b8d7-a0a2d9358fb1.jpeg"
Frozen Food & Ice Creams,Momos & More,"https://cdn.zeptonow.com/production/tr:w-90,ar-120-120,pr-true,f-auto,q-80/cms/sub_category/67c4eff8-0592-4217-a752-c3b51ecc86b4.png",Prasuma Tandoori Veg Momos,MOM,212,225,280 g,3.9 (88),In Stock,https://www.zeptonow.com/pn/prasuma-tandoori-veg-momos/pvid/86a1d782-599c-4723-9c55-5cf78f31a6cc,"https://cdn.zeptonow.com/production/tr:w-1280,ar-1000-1000,pr-true,f-auto,q-80/cms/product_variant/391b61ea-66dd-441a-b09b-12b5736b3c96.jpeg"
Frozen Food & Ice Creams,Momos & More,"https://cdn.zeptonow.com/production/tr:w-90,ar-120-120,pr-true,f-auto,q-80/cms/sub_category/67c4eff8-0592-4217-a752-c3b51ecc86b4.png",Prasuma Peri Peri Veg Momos 15 pc Combo,MOM,380,520,15 pc X 2,4.4 (367),In Stock,https://www.zeptonow.com/pn/prasuma-peri-peri-veg-momos-15-pc-combo/pvid/6493fb67-078e-4f04-83b2-4c8658ff16d6,"https://cdn.zeptonow.com/production/tr:w-1280,ar-1500-1500,pr-true,f-auto,q-80/cms/product_variant/6c663f39-916b-4dcd-938a-a260bf0dead8.jpg"
Frozen Food & Ice Creams,Momos & More,"https://cdn.zeptonow.com/production/tr:w-90,ar-120-120,pr-true,f-auto,q-80/cms/sub_category/67c4eff8-0592-4217-a752-c3b51ecc86b4.png",Prasuma Spicy Chicken Momos 24 pc Combo,MOM,572,650,24 pc X 2,4.7 (753),In Stock,https://www.zeptonow.com/pn/prasuma-spicy-chicken-momos-24-pc-combo/pvid/6f8db1c6-a10c-4ed1-b956-7457968945ff,"https://cdn.zeptonow.com/production/tr:w-1280,ar-1500-1500,pr-true,f-auto,q-80/inventory/product/c427d98e-e681-47c1-83a9-7947952c2bbd-4747.jpg"
Frozen Food & Ice Creams,Momos & More,"https://cdn.zeptonow.com/production/tr:w-90,ar-120-120,pr-true,f-auto,q-80/cms/sub_category/67c4eff8-0592-4217-a752-c3b51ecc86b4.png",Prasuma Peri Peri Chicken Momos(250gms) & Prasuma Peri Peri Veg Momos(15pc) Combo,MOM,404,470,2 combo,4.4 (931),In Stock,https://www.zeptonow.com/pn/prasuma-peri-peri-chicken-momos250gms-prasuma-peri-peri-veg-momos15pc-combo/pvid/fb829152-6ea7-4c8f-b279-3feb02616d16,"https://cdn.zeptonow.com/production/tr:w-1280,ar-1494-1494,pr-true,f-auto,q-80/cms/product_variant/1ceb80a6-366c-496b-af18-1d70b0da0d21.jpg"
Frozen Food & Ice Creams,Momos & More,"https://cdn.zeptonow.com/production/tr:w-90,ar-120-120,pr-true,f-auto,q-80/cms/sub_category/67c4eff8-0592-4217-a752-c3b51ecc86b4.png",Prasuma Momos Cheesy Spicy Veg(24pc) & Prasuma Momos Original Chicken(24pc) Combo,MOM,586,650,2 combo,4.7 (237),In Stock,https://www.zeptonow.com/pn/prasuma-momos-cheesy-spicy-veg24pc-prasuma-momos-original-chicken24pc-combo/pvid/f50a413e-0428-496d-ae26-d64b810e7773,"https://cdn.zeptonow.com/production/tr:w-1280,ar-1494-1494,pr-true,f-auto,q-80/cms/product_variant/4947d999-132b-4980-b16f-02948fe43336.jpg"
Frozen Food & Ice Creams,Momos & More,"https://cdn.zeptonow.com/production/tr:w-90,ar-120-120,pr-true,f-auto,q-80/cms/sub_category/67c4eff8-0592-4217-a752-c3b51ecc86b4.png",Wow! Veg Peri Peri Momo Buy 1 Get 1 Free 20 pc Combo,MOM,276,450,20 pc X 2,4.3 (844),In Stock,https://www.zeptonow.com/pn/wow-veg-peri-peri-momo-buy-1-get-1-free-20-pc-combo/pvid/ce4ed62d-909d-4460-a746-d0de45a88941,"https://cdn.zeptonow.com/production/tr:w-1280,ar-1500-1500,pr-true,f-auto,q-80/cms/product_variant/25ad890e-8bc8-4d7c-806d-a826dfef3bcc.jpg"
Frozen Food & Ice Creams,Momos & More,"https://cdn.zeptonow.com/production/tr:w-90,ar-120-120,pr-true,f-auto,q-80/cms/sub_category/67c4eff8-0592-4217-a752-c3b51ecc86b4.png",Prasuma Vegetable And Paneer Momos 24 pc Combo,MOM,508,590,24 pc X 2,4.3 (575),In Stock,https://www.zeptonow.com/pn/prasuma-vegetable-and-paneer-momos-24-pc-combo/pvid/3b8d5a5a-e6c4-4add-b501-11d61f655d84,"https://cdn.zeptonow.com/production/tr:w-1280,ar-1500-1500,pr-true,f-auto,q-80/cms/product_variant/dffdd8bf-e921-4545-a77d-1ceb43233103.jpg"
Frozen Food & Ice Creams,Momos & More,"https://cdn.zeptonow.com/production/tr:w-90,ar-120-120,pr-true,f-auto,q-80/cms/sub_category/67c4eff8-0592-4217-a752-c3b51ecc86b4.png",Prasuma Momos Original Chicken(24pc) & Prasuma Spicy Chicken Momos(10pc) Combo,MOM,472,520,2 combo,4.6 (397),In Stock,https://www.zeptonow.com/pn/prasuma-momos-original-chicken24pc-prasuma-spicy-chicken-momos10pc-combo/pvid/55b1ed0a-2177-4b0c-aad4-4b8cb1f80f1a,"https://cdn.zeptonow.com/production/tr:w-1280,ar-1494-1494,pr-true,f-auto,q-80/cms/product_variant/6f4bee50-f86a-4cc2-9a85-9840d561c2e9.jpg"
Frozen Food & Ice Creams,Momos & More,"https://cdn.zeptonow.com/production/tr:w-90,ar-120-120,pr-true,f-auto,q-80/cms/sub_category/67c4eff8-0592-4217-a752-c3b51ecc86b4.png",Prasuma Momos Cheesy Spicy Veg 24 pc Combo,MOM,520,650,24 pc X 2,4.2 (885),In Stock,https://www.zeptonow.com/pn/prasuma-momos-cheesy-spicy-veg-24-pc-combo/pvid/08c59179-a747-4275-80a4-b245a64fd9bd,"https://cdn.zeptonow.com/production/tr:w-1280,ar-1500-1500,pr-true,f-auto,q-80/cms/product_variant/b222126e-15e8-4ba4-bdfd-76450ec8c763.jpg"
Frozen Food & Ice Creams,Momos & More,"https://cdn.zeptonow.com/production/tr:w-90,ar-120-120,pr-true,f-auto,q-80/cms/sub_category/67c4eff8-0592-4217-a752-c3b51ecc86b4.png",Prasuma Crunchy Chicken Momos - Kurkure Momos 380 g Combo,MOM,498,530,380 g X 2,4.5 (127),In Stock,https://www.zeptonow.com/pn/prasuma-crunchy-chicken-momos-kurkure-momos-380-g-combo/pvid/6684cf4c-a5a5-4d6a-a355-b9ab70d90940,"https://cdn.zeptonow.com/production/tr:w-1280,ar-1500-1500,pr-true,f-auto,q-80/cms/product_variant/8743eccf-e3b7-400e-b83f-262e74fdf34b.jpg"
Frozen Food & Ice Creams,Momos & More,"https://cdn.zeptonow.com/production/tr:w-90,ar-120-120,pr-true,f-auto,q-80/cms/sub_category/67c4eff8-0592-4217-a752-c3b51ecc86b4.png",Prasuma Spicy Chicken Momos 24 pc Combo,MOM,819,975,24 pc X 3,4.5 (643),In Stock,https://www.zeptonow.com/pn/prasuma-spicy-chicken-momos-24-pc-combo/pvid/99ec21f9-7e66-49ac-a080-a401a9e1df1f,"https://cdn.zeptonow.com/production/tr:w-1280,ar-1500-1500,pr-true,f-auto,q-80/cms/product_variant/90079de3-b28f-4d2c-9a8c-1702a2bbe14a.jpg"
Frozen Food & Ice Creams,Momos & More,"https://cdn.zeptonow.com/production/tr:w-90,ar-120-120,pr-true,f-auto,q-80/cms/sub_category/67c4eff8-0592-4217-a752-c3b51ecc86b4.png",Prasuma Momos Original Chicken 24 pc Combo,MOM,572,650,24 pc X 2,4.2 (906),In Stock,https://www.zeptonow.com/pn/prasuma-momos-original-chicken-24-pc-combo/pvid/95c47413-5911-47f5-b45d-9bd05cbfbe6f,"https://cdn.zeptonow.com/production/tr:w-1280,ar-1500-1500,pr-true,f-auto,q-80/cms/product_variant/3047f773-f144-45c6-8d42-150f66943f7f.jpg"
Frozen Food & Ice Creams,Momos & More,"https://cdn.zeptonow.com/production/tr:w-90,ar-120-120,pr-true,f-auto,q-80/cms/sub_category/67c4eff8-0592-4217-a752-c3b51ecc86b4.png",Prasuma Peri Peri Veg Momos(15pc) & Prasuma Momos Cheesy Spicy Veg(24pc) Combo,MOM,486,585,2 combo,4.2 (507),In Stock,https://www.zeptonow.com/pn/prasuma-peri-peri-veg-momos15pc-prasuma-momos-cheesy-spicy-veg24pc-combo/pvid/b72fb26e-a3f7-4f6a-bfc9-96f115a09b2f,"https://cdn.zeptonow.com/production/tr:w-1280,ar-1494-1494,pr-true,f-auto,q-80/cms/product_variant/c4f9016e-6330-450a-a236-fce05a381265.jpg"
Frozen Food & Ice Creams,Momos & More,"https://cdn.zeptonow.com/production/tr:w-90,ar-120-120,pr-true,f-auto,q-80/cms/sub_category/67c4eff8-0592-4217-a752-c3b51ecc86b4.png",Prasuma Peri Peri Chicken Momos 250 g Combo,MOM,370,420,250 g X 2,4.6 (416),In Stock,https://www.zeptonow.com/pn/prasuma-peri-peri-chicken-momos-250-g-combo/pvid/3d56c674-8051-409b-b1ff-041f12ce590a,"https://cdn.zeptonow.com/production/tr:w-1280,ar-1500-1500,pr-true,f-auto,q-80/cms/product_variant/5b2d0e98-d5b2-47a6-bd52-d7107edffe18.jpg"
Frozen Food & Ice Creams,Momos & More,"https://cdn.zeptonow.com/production/tr:w-90,ar-120-120,pr-true,f-auto,q-80/cms/sub_category/67c4eff8-0592-4217-a752-c3b51ecc86b4.png",Prasuma Vegetable And Paneer Momos(24pc) & Prasuma Momos Cheesy Spicy Veg(24pc) Combo,MOM,552,620,2 combo,4.2 (333),In Stock,https://www.zeptonow.com/pn/prasuma-vegetable-and-paneer-momos24pc-prasuma-momos-cheesy-spicy-veg24pc-combo/pvid/b33872e7-4aee-465c-b488-c61f37c501d8,"https://cdn.zeptonow.com/production/tr:w-1280,ar-1494-1494,pr-true,f-auto,q-80/cms/product_variant/76e6d3dd-2031-45ed-9f8c-d8ee5cc83138.jpg"
Frozen Food & Ice Creams,Momos & More,"https://cdn.zeptonow.com/production/tr:w-90,ar-120-120,pr-true,f-auto,q-80/cms/sub_category/67c4eff8-0592-4217-a752-c3b51ecc86b4.png",Godrej Yummiez Chicken Momos,MOM,184,250,420 g,4.6 (791),Sold Out,https://www.zeptonow.com/pn/godrej-yummiez-chicken-momos/pvid/06b09894-75f1-4dbb-a001-73ab5a28d091,"https://cdn.zeptonow.com/production/tr:w-1280,ar-1000-1168,pr-true,f-auto,q-80/cms/product_variant/15c05b4d-4973-472b-9ba8-ec4b2482c067.png"
Frozen Food & Ice Creams,Momos & More,"https://cdn.zeptonow.com/production/tr:w-90,ar-120-120,pr-true,f-auto,q-80/cms/sub_category/67c4eff8-0592-4217-a752-c3b51ecc86b4.png",Prasuma Veg & Paneer Momos,MOM,154,165,250 g,4.5 (2.3k),Sold Out,https://www.zeptonow.com/pn/prasuma-veg-paneer-momos/pvid/c0822690-0d15-4435-b115-31a64049f818,"https://cdn.zeptonow.com/production/tr:w-1280,ar-1200-1200,pr-true,f-auto,q-80/cms/product_variant/c1858e06-d485-4c94-a04b-a496f7d840f8.jpeg"
Frozen Food & Ice Creams,Momos & More,"https://cdn.zeptonow.com/production/tr:w-90,ar-120-120,pr-true,f-auto,q-80/cms/sub_category/67c4eff8-0592-4217-a752-c3b51ecc86b4.png",Prasuma Original Chicken Momos,MOM,166,195,250 g,4.9 (790),Sold Out,https://www.zeptonow.com/pn/prasuma-original-chicken-momos/pvid/cba4468f-7fb4-4257-9071-ff348ed99c70,"https://cdn.zeptonow.com/production/tr:w-1280,ar-1000-1000,pr-true,f-auto,q-80/cms/product_variant/e1ace2db-980b-46d4-8192-3d759d123f7e.jpeg"
Frozen Food & Ice Creams,Momos & More,"https://cdn.zeptonow.com/production/tr:w-90,ar-120-120,pr-true,f-auto,q-80/cms/sub_category/67c4eff8-0592-4217-a752-c3b51ecc86b4.png",Wow! Veg Darjeeling Momos,MOM,144,295,1 pack (20 pcs),4.4 (322),Sold Out,https://www.zeptonow.com/pn/wow-veg-darjeeling-momos/pvid/54fe1ab7-b0e0-42ad-b6b2-b126dfd372f0,"https://cdn.zeptonow.com/production/tr:w-1280,ar-1000-1000,pr-true,f-auto,q-80/cms/product_variant/7e9f917e-73f9-46d3-a74f-854d7064474f.jpeg"
Frozen Food & Ice Creams,Momos & More,"https://cdn.zeptonow.com/production/tr:w-90,ar-120-120,pr-true,f-auto,q-80/cms/sub_category/67c4eff8-0592-4217-a752-c3b51ecc86b4.png",Wow! Chicken Cheese Momos,MOM,226,375,1 pack (20 pcs),4.1 (319),Sold Out,https://www.zeptonow.com/pn/wow-chicken-cheese-momos/pvid/f725c5ae-4b28-49dd-98cd-315c134c44a9,"https://cdn.zeptonow.com/production/tr:w-1280,ar-1000-1000,pr-true,f-auto,q-80/cms/product_variant/2b827b77-898d-4d6f-ac3d-261ee17331a1.jpeg"
Frozen Food & Ice Creams,Momos & More,"https://cdn.zeptonow.com/production/tr:w-90,ar-120-120,pr-true,f-auto,q-80/cms/sub_category/67c4eff8-0592-4217-a752-c3b51ecc86b4.png",Wow! Chatpata Paneer Momos,MOM,100,199,1 pack (10 pcs),3.9 (417),Sold Out,https://www.zeptonow.com/pn/wow-chatpata-paneer-momos/pvid/e5fd981b-e5f3-4691-b333-221511fe054a,"https://cdn.zeptonow.com/production/tr:w-1280,ar-1000-1000,pr-true,f-auto,q-80/cms/product_variant/01b1244c-f2d2-4303-8c30-17c97518f8d3.jpeg"
Frozen Food & Ice Creams,Momos & More,"https://cdn.zeptonow.com/production/tr:w-90,ar-120-120,pr-true,f-auto,q-80/cms/sub_category/67c4eff8-0592-4217-a752-c3b51ecc86b4.png",Wow! Chicken Darjeeling Momos,MOM,99,195,1 pack (10 pcs),4.2 (1.1k),Sold Out,https://www.zeptonow.com/pn/wow-chicken-darjeeling-momos/pvid/d37a5a20-15ed-47a6-b144-f3b5d01e23c5,"https://cdn.zeptonow.com/production/tr:w-1280,ar-1000-1000,pr-true,f-auto,q-80/cms/product_variant/b5aad30f-e2c1-49ee-98c0-8fa6cb6256a8.jpeg"
Frozen Food & Ice Creams,Momos & More,"https://cdn.zeptonow.com/production/tr:w-90,ar-120-120,pr-true,f-auto,q-80/cms/sub_category/67c4eff8-0592-4217-a752-c3b51ecc86b4.png",Godrej Yummiez Chicken Cheese Momo,MOM,149,199,450 g,4.1 (79),Sold Out,https://www.zeptonow.com/pn/godrej-yummiez-chicken-cheese-momo/pvid/d07e97fd-aad1-4cc7-a84d-79c47ca746a0,"https://cdn.zeptonow.com/production/tr:w-1280,ar-854-828,pr-true,f-auto,q-80/cms/product_variant/86804ce1-2774-4264-bbdc-fb36f015fb1a.jpeg"
Frozen Food & Ice Creams,Momos & More,"https://cdn.zeptonow.com/production/tr:w-90,ar-120-120,pr-true,f-auto,q-80/cms/sub_category/67c4eff8-0592-4217-a752-c3b51ecc86b4.png",Wow! Chicken Cheese Chilli Momos,MOM,129,210,1 pack (10 pcs),4.2 (874),Sold Out,https://www.zeptonow.com/pn/wow-chicken-cheese-chilli-momos/pvid/3aeca44c-732f-454a-af73-ac3d55ddb4b7,"https://cdn.zeptonow.com/production/tr:w-1280,ar-1000-1000,pr-true,f-auto,q-80/cms/product_variant/0fa9feea-f8c9-4fc9-a0b4-c67e875808ee.jpeg"
Frozen Food & Ice Creams,Momos & More,"https://cdn.zeptonow.com/production/tr:w-90,ar-120-120,pr-true,f-auto,q-80/cms/sub_category/67c4eff8-0592-4217-a752-c3b51ecc86b4.png",Wow! Momo Chicken Delight Premium Momos,MOM,99,109,120 g,4.1 (194),Sold Out,https://www.zeptonow.com/pn/wow-momo-chicken-delight-premium-momos/pvid/2631d94d-e54f-4079-8b3d-39c79b68f598,"https://cdn.zeptonow.com/production/tr:w-1280,ar-2000-2000,pr-true,f-auto,q-80/cms/product_variant/5be4ecf5-f59e-4bd7-bd44-69caa31a728a.jpg"
Frozen Food & Ice Creams,Momos & More,"https://cdn.zeptonow.com/production/tr:w-90,ar-120-120,pr-true,f-auto,q-80/cms/sub_category/67c4eff8-0592-4217-a752-c3b51ecc86b4.png",Krunchyy Wow! Momo VEG Peri Peri Momos,MOM,99,199,240 g,3.9 (128),Sold Out,https://www.zeptonow.com/pn/krunchyy-wow-momo-veg-peri-peri-momos/pvid/003a2e50-c121-4267-81a9-2e4b7ab4c557,"https://cdn.zeptonow.com/production/tr:w-1280,ar-2000-2000,pr-true,f-auto,q-80/cms/product_variant/a60378a0-448f-45c3-b7f3-068d22113f81.jpg"
Frozen Food & Ice Creams,Momos & More,"https://cdn.zeptonow.com/production/tr:w-90,ar-120-120,pr-true,f-auto,q-80/cms/sub_category/67c4eff8-0592-4217-a752-c3b51ecc86b4.png",Wow! Momo VEG Delight Premium Momo,MOM,79,99,1 pack (5 pcs),4.6 (130),Sold Out,https://www.zeptonow.com/pn/wow-momo-veg-delight-premium-momo/pvid/f3d99e4b-cd9f-4023-96e8-7147e9ae34c3,"https://cdn.zeptonow.com/production/tr:w-1280,ar-2000-2000,pr-true,f-auto,q-80/cms/product_variant/497361f7-8369-46b7-ad5e-e1d13edbbcd6.jpg"
Frozen Food & Ice Creams,Raw Meats,"https://cdn.zeptonow.com/production/tr:w-90,ar-120-120,pr-true,f-auto,q-80/cms/sub_category/cf3f512b-9848-4ce1-809a-6c227e674b61.png",ITC Master Chef Medium Prawns | Freshly Frozen | 15 hours from the Time of Harvesting,ITC,223,250,200 g,4.6 (2.8k),In Stock,https://www.zeptonow.com/pn/itc-master-chef-medium-prawns-freshly-frozen-15-hours-from-the-time-of-harvesting/pvid/d8beb5e6-c810-4435-97dd-4b9974e52bba,"https://cdn.zeptonow.com/production/tr:w-1280,ar-2560-2560,pr-true,f-auto,q-80/cms/product_variant/8ed4a05f-0242-49c4-8f3f-669e05d1da8c.jpeg"
Frozen Food & Ice Creams,Raw Meats,"https://cdn.zeptonow.com/production/tr:w-90,ar-120-120,pr-true,f-auto,q-80/cms/sub_category/cf3f512b-9848-4ce1-809a-6c227e674b61.png",Meatigo Frozen Chicken Curry Cuts,Meatigo,186,195,450 g,4.1 (247),In Stock,https://www.zeptonow.com/pn/meatigo-frozen-chicken-curry-cuts/pvid/01d4e286-97ec-4ad8-bfd4-93595c51ca5f,"https://cdn.zeptonow.com/production/tr:w-1280,ar-1200-1200,pr-true,f-auto,q-80/cms/product_variant/cf6b6bf6-cf0c-4ec8-b71f-9ccf713ef19e.jpeg"
Frozen Food & Ice Creams,Raw Meats,"https://cdn.zeptonow.com/production/tr:w-90,ar-120-120,pr-true,f-auto,q-80/cms/sub_category/cf3f512b-9848-4ce1-809a-6c227e674b61.png",Meatigo Frozen Chicken Boneless Breast,Meatigo,262,275,450 g,3.9 (577),In Stock,https://www.zeptonow.com/pn/meatigo-frozen-chicken-boneless-breast/pvid/3475f3b8-ecc7-4eaa-a566-337e457fbe1d,"https://cdn.zeptonow.com/production/tr:w-1280,ar-1000-1000,pr-true,f-auto,q-80/cms/product_variant/34282313-eabc-4ce3-bf9c-73537f578a90.jpeg"
Frozen Food & Ice Creams,Raw Meats,"https://cdn.zeptonow.com/production/tr:w-90,ar-120-120,pr-true,f-auto,q-80/cms/sub_category/cf3f512b-9848-4ce1-809a-6c227e674b61.png",Godrej Chicken Breast Boneless (Freshly Frozen),Godrej,244,270,450 g,4 (564),In Stock,https://www.zeptonow.com/pn/godrej-chicken-breast-boneless-freshly-frozen/pvid/6d87a3b9-2658-4a5c-be58-c4d620c7f14a,"https://cdn.zeptonow.com/production/tr:w-1280,ar-1080-1080,pr-true,f-auto,q-80/cms/product_variant/6feaf362-6023-4850-a0ce-2913df260484.jpeg"
Frozen Food & Ice Creams,Raw Meats,"https://cdn.zeptonow.com/production/tr:w-90,ar-120-120,pr-true,f-auto,q-80/cms/sub_category/cf3f512b-9848-4ce1-809a-6c227e674b61.png",Meatigo Chicken Drumsticks (Frozen),Meatigo,247,260,450 g,4 (661),In Stock,https://www.zeptonow.com/pn/meatigo-chicken-drumsticks-frozen/pvid/365b9347-f946-447d-aab4-4fb5f98a1768,"https://cdn.zeptonow.com/production/tr:w-1280,ar-1000-1000,pr-true,f-auto,q-80/cms/product_variant/977f1910-481a-49a2-a851-0568f7709e65.jpeg"
Frozen Food & Ice Creams,Raw Meats,"https://cdn.zeptonow.com/production/tr:w-90,ar-120-120,pr-true,f-auto,q-80/cms/sub_category/cf3f512b-9848-4ce1-809a-6c227e674b61.png",Meatzza Fresh -Mutton Curry Cut,Meatzza,550,550,500 g,4.4 (56),In Stock,https://www.zeptonow.com/pn/meatzza-fresh-mutton-curry-cut/pvid/6a77bf6e-b134-4599-a6df-06be6ac9ab4d,"https://cdn.zeptonow.com/production/tr:w-1280,ar-1200-1200,pr-true,f-auto,q-80/cms/product_variant/f8a249a9-c4a3-4004-aa91-d87b5eea5da9.jpeg"
Frozen Food & Ice Creams,Raw Meats,"https://cdn.zeptonow.com/production/tr:w-90,ar-120-120,pr-true,f-auto,q-80/cms/sub_category/cf3f512b-9848-4ce1-809a-6c227e674b61.png",Godrej Chicken Curry Cut (Freshly Frozen),Godrej,166,200,500 g,4.2 (82),In Stock,https://www.zeptonow.com/pn/godrej-chicken-curry-cut-freshly-frozen/pvid/a643afc9-31f0-4e5d-98ca-b0aed4df1b47,"https://cdn.zeptonow.com/production/tr:w-1280,ar-1080-1080,pr-true,f-auto,q-80/cms/product_variant/d8bca61a-c4f3-4dc5-b4c5-11d8a0c4a3cf.jpeg"
Frozen Food & Ice Creams,Raw Meats,"https://cdn.zeptonow.com/production/tr:w-90,ar-120-120,pr-true,f-auto,q-80/cms/sub_category/cf3f512b-9848-4ce1-809a-6c227e674b61.png",Meatigo Boneless Chicken Thigh (Frozen),Meatigo,272,295,450 g,4 (298),In Stock,https://www.zeptonow.com/pn/meatigo-boneless-chicken-thigh-frozen/pvid/74169fb6-65c4-4e6b-a45a-3a1585f8c4de,"https://cdn.zeptonow.com/production/tr:w-1280,ar-1000-1000,pr-true,f-auto,q-80/cms/product_variant/d8c63e84-3d45-4bd2-8aa2-34831a193d38.jpeg"
Frozen Food & Ice Creams,Raw Meats,"https://cdn.zeptonow.com/production/tr:w-90,ar-120-120,pr-true,f-auto,q-80/cms/sub_category/cf3f512b-9848-4ce1-809a-6c227e674b61.png",Meatzza Fresh Boneless Chicken Breast,Meatzza,258,260,500 g,4.3 (297),In Stock,https://www.zeptonow.com/pn/meatzza-fresh-boneless-chicken-breast/pvid/1ceb72be-34e6-4169-bff8-90fde6cbf985,"https://cdn.zeptonow.com/production/tr:w-1280,ar-1500-1500,pr-true,f-auto,q-80/cms/product_variant/8379ae36-d2a4-4164-a8e1-c3585dcf0f62.jpeg"
Frozen Food & Ice Creams,Raw Meats,"https://cdn.zeptonow.com/production/tr:w-90,ar-120-120,pr-true,f-auto,q-80/cms/sub_category/cf3f512b-9848-4ce1-809a-6c227e674b61.png",Prasuma Pork Cubes Frozen (Curry Cut Boneless),Prasuma,513,540,500 g,4.1 (359),In Stock,https://www.zeptonow.com/pn/prasuma-pork-cubes-frozen-curry-cut-boneless/pvid/a5d00dac-6dac-47b5-b5bf-75577539b24c,"https://cdn.zeptonow.com/production/tr:w-1280,ar-1000-1000,pr-true,f-auto,q-80/cms/product_variant/822c0d9b-f191-4591-a027-ea44be42d349.jpeg"
Frozen Food & Ice Creams,Raw Meats,"https://cdn.zeptonow.com/production/tr:w-90,ar-120-120,pr-true,f-auto,q-80/cms/sub_category/cf3f512b-9848-4ce1-809a-6c227e674b61.png",Deli Chic Mutton Curry Cut Freshly Frozen),Deli,511,625,500 g,4.2 (71),In Stock,https://www.zeptonow.com/pn/deli-chic-mutton-curry-cut-freshly-frozen/pvid/6f100891-1a24-4663-8e67-ea069dc8cf14,"https://cdn.zeptonow.com/production/tr:w-1280,ar-834-1000,pr-true,f-auto,q-80/cms/product_variant/785a3588-d02c-4696-9c1b-3713d3d8483a.jpg"
Frozen Food & Ice Creams,Raw Meats,"https://cdn.zeptonow.com/production/tr:w-90,ar-120-120,pr-true,f-auto,q-80/cms/sub_category/cf3f512b-9848-4ce1-809a-6c227e674b61.png",Deli Chic Chicken Curry Cut Freshly Frozen,Deli,178,220,500 g,4 (255),In Stock,https://www.zeptonow.com/pn/deli-chic-chicken-curry-cut-freshly-frozen/pvid/980db988-29a0-47e3-8623-55ecd5c9bf88,"https://cdn.zeptonow.com/production/tr:w-1280,ar-835-1000,pr-true,f-auto,q-80/cms/product_variant/b3b16d8f-d401-4b5a-a81f-8b6d52241c90.jpg"
Frozen Food & Ice Creams,Raw Meats,"https://cdn.zeptonow.com/production/tr:w-90,ar-120-120,pr-true,f-auto,q-80/cms/sub_category/cf3f512b-9848-4ce1-809a-6c227e674b61.png",Godrej Yummiez Large Prawns,Yu,233,280,200 g,4.5 (458),In Stock,https://www.zeptonow.com/pn/godrej-yummiez-large-prawns/pvid/27f20e4d-dc39-43b7-a586-aa5d36595fbd,"https://cdn.zeptonow.com/production/tr:w-1280,ar-1200-1200,pr-true,f-auto,q-80/cms/product_variant/78944c74-fe70-43ea-8c16-950c2534e955.jpeg"
Frozen Food & Ice Creams,Raw Meats,"https://cdn.zeptonow.com/production/tr:w-90,ar-120-120,pr-true,f-auto,q-80/cms/sub_category/cf3f512b-9848-4ce1-809a-6c227e674b61.png",Deli Chic Chicken Boneless Cubes Freshly Frozen,Deli,257,280,500 g,4.5 (218),In Stock,https://www.zeptonow.com/pn/deli-chic-chicken-boneless-cubes-freshly-frozen/pvid/499c52f6-1fdf-4d87-81ea-f882365c9844,"https://cdn.zeptonow.com/production/tr:w-1280,ar-834-1000,pr-true,f-auto,q-80/cms/product_variant/a4523134-160e-46b7-9306-d02ba780cbb7.jpg"
Frozen Food & Ice Creams,Raw Meats,"https://cdn.zeptonow.com/production/tr:w-90,ar-120-120,pr-true,f-auto,q-80/cms/sub_category/cf3f512b-9848-4ce1-809a-6c227e674b61.png",Meatzza Fresh Chicken Drumsticks,Meatzza,245,245,500 g,4.1 (152),In Stock,https://www.zeptonow.com/pn/meatzza-fresh-chicken-drumsticks/pvid/d39ea99d-65fa-49c0-8b5f-f8ecd0868c9c,"https://cdn.zeptonow.com/production/tr:w-1280,ar-500-500,pr-true,f-auto,q-80/inventory/product/80cc1db9-b5b4-429b-abcd-78c97a61abc6-tmp/3d787b52-f42e-4c8c-8c9a-7ee3d6a608d9.jpeg"
Frozen Food & Ice Creams,Raw Meats,"https://cdn.zeptonow.com/production/tr:w-90,ar-120-120,pr-true,f-auto,q-80/cms/sub_category/cf3f512b-9848-4ce1-809a-6c227e674b61.png",Meatzza Fresh Chicken Curry Cut Bone In,Meatzza,195,195,500 g,4.1 (64),In Stock,https://www.zeptonow.com/pn/meatzza-fresh-chicken-curry-cut-bone-in/pvid/82657ccd-a561-400d-99d0-2d6e3fb7eb83,"https://cdn.zeptonow.com/production/tr:w-1280,ar-1500-1500,pr-true,f-auto,q-80/cms/product_variant/4355d5e7-3dd9-442a-84b4-3e11304c12fe.jpeg"
Frozen Food & Ice Creams,Raw Meats,"https://cdn.zeptonow.com/production/tr:w-90,ar-120-120,pr-true,f-auto,q-80/cms/sub_category/cf3f512b-9848-4ce1-809a-6c227e674b61.png",Meatigo Everyday Herb & Lime Chicken Breast (Frozen),Meatigo,200,210,175 g,4.2 (231),In Stock,https://www.zeptonow.com/pn/meatigo-everyday-herb-lime-chicken-breast-frozen/pvid/541b6fa3-a834-4d40-b04b-59cdc674680b,"https://cdn.zeptonow.com/production/tr:w-1280,ar-1000-1000,pr-true,f-auto,q-80/cms/product_variant/b2884f76-f41a-4c85-97b8-d455e045edac.jpeg"
Frozen Food & Ice Creams,Raw Meats,"https://cdn.zeptonow.com/production/tr:w-90,ar-120-120,pr-true,f-auto,q-80/cms/sub_category/cf3f512b-9848-4ce1-809a-6c227e674b61.png",Deli Chic Chicken Liver,Deli,137,150,500 g,3.9 (425),In Stock,https://www.zeptonow.com/pn/deli-chic-chicken-liver/pvid/43e2d3fb-81f3-428a-9afd-345b75c3a14b,"https://cdn.zeptonow.com/production/tr:w-1280,ar-2370-2834,pr-true,f-auto,q-80/cms/product_variant/cf1a910a-b46d-4e3d-9f1c-f89bfd06cada.jpg"
Frozen Food & Ice Creams,Raw Meats,"https://cdn.zeptonow.com/production/tr:w-90,ar-120-120,pr-true,f-auto,q-80/cms/sub_category/cf3f512b-9848-4ce1-809a-6c227e674b61.png",Godrej Yummiez Real Good Chicken Drumstick,Yu,250,250,500 g,3.9 (85),In Stock,https://www.zeptonow.com/pn/godrej-yummiez-real-good-chicken-drumstick/pvid/b14fbf64-ab1b-4144-be64-8239f1c0a234,"https://cdn.zeptonow.com/production/tr:w-1280,ar-3611-3611,pr-true,f-auto,q-80/cms/product_variant/543c09cb-64c5-4753-a792-eae6ed945b3e.jpg"
Frozen Food & Ice Creams,Raw Meats,"https://cdn.zeptonow.com/production/tr:w-90,ar-120-120,pr-true,f-auto,q-80/cms/sub_category/cf3f512b-9848-4ce1-809a-6c227e674b61.png",Godrej Yummiez Chicken Punjabi Tikka,Yu,196,325,360 g,4.9 (80),In Stock,https://www.zeptonow.com/pn/godrej-yummiez-chicken-punjabi-tikka/pvid/28e428c5-172d-46c6-9830-cd7f6e4fb99a,"https://cdn.zeptonow.com/production/tr:w-1280,ar-1200-1286,pr-true,f-auto,q-80/cms/product_variant/5170fe70-2166-4eff-90d6-75df15566299.jpeg"
Frozen Food & Ice Creams,Raw Meats,"https://cdn.zeptonow.com/production/tr:w-90,ar-120-120,pr-true,f-auto,q-80/cms/sub_category/cf3f512b-9848-4ce1-809a-6c227e674b61.png",Pork Passion Pork Bacon,Pork,349,349,200 g,4.5 (96),In Stock,https://www.zeptonow.com/pn/pork-passion-pork-bacon/pvid/a10f29fb-4694-4f90-9076-fc20aad2dfaf,"https://cdn.zeptonow.com/production/tr:w-1280,ar-2364-3072,pr-true,f-auto,q-80/cms/product_variant/b943f516-b894-4d0a-9b92-873e292cb6e4.jpg"
Frozen Food & Ice Creams,Raw Meats,"https://cdn.zeptonow.com/production/tr:w-90,ar-120-120,pr-true,f-auto,q-80/cms/sub_category/cf3f512b-9848-4ce1-809a-6c227e674b61.png",Deli Chic Chicken Thigh Boneless Freshly Frozen,Deli,300,300,500 g,4.6 (998),In Stock,https://www.zeptonow.com/pn/deli-chic-chicken-thigh-boneless-freshly-frozen/pvid/908e3bf1-f4eb-45ca-a853-74eb726882f7,"https://cdn.zeptonow.com/production/tr:w-1280,ar-834-1000,pr-true,f-auto,q-80/cms/product_variant/a4ebfe8b-8542-42cc-bc45-d7d95e30c861.jpg"
Frozen Food & Ice Creams,Raw Meats,"https://cdn.zeptonow.com/production/tr:w-90,ar-120-120,pr-true,f-auto,q-80/cms/sub_category/cf3f512b-9848-4ce1-809a-6c227e674b61.png",Deli Chic Chicken Drumsticks Freshly Frozen,Deli,270,270,500 g,4.1 (88),In Stock,https://www.zeptonow.com/pn/deli-chic-chicken-drumsticks-freshly-frozen/pvid/f0e99448-3468-478f-97ff-c1ed3edfde18,"https://cdn.zeptonow.com/production/tr:w-1280,ar-834-1000,pr-true,f-auto,q-80/cms/product_variant/6d2992ff-f202-413c-8c35-26beb4dccac5.jpg"
Frozen Food & Ice Creams,Raw Meats,"https://cdn.zeptonow.com/production/tr:w-90,ar-120-120,pr-true,f-auto,q-80/cms/sub_category/cf3f512b-9848-4ce1-809a-6c227e674b61.png",Meatzza Fresh Boneless Chicken Thighs,Meatzza,266,280,500 g,4.3 (143),In Stock,https://www.zeptonow.com/pn/meatzza-fresh-boneless-chicken-thighs/pvid/55070fb5-0efc-48dc-ad81-6e2c097602fc,"https://cdn.zeptonow.com/production/tr:w-1280,ar-1500-1500,pr-true,f-auto,q-80/cms/product_variant/21e44fcb-d664-47f9-a39a-1e4b560bc3d7.jpeg"
Frozen Food & Ice Creams,Raw Meats,"https://cdn.zeptonow.com/production/tr:w-90,ar-120-120,pr-true,f-auto,q-80/cms/sub_category/cf3f512b-9848-4ce1-809a-6c227e674b61.png",Meatigo Everyday Harissa Chicken Breast (Frozen),Meatigo,200,210,175 g,4.6 (136),In Stock,https://www.zeptonow.com/pn/meatigo-everyday-harissa-chicken-breast-frozen/pvid/86f025d1-d9fd-406b-befe-d0d5bcb8c9f1,"https://cdn.zeptonow.com/production/tr:w-1280,ar-1000-1000,pr-true,f-auto,q-80/cms/product_variant/511f4111-ee60-4368-bd77-ba8824df97f8.jpeg"
Frozen Food & Ice Creams,Raw Meats,"https://cdn.zeptonow.com/production/tr:w-90,ar-120-120,pr-true,f-auto,q-80/cms/sub_category/cf3f512b-9848-4ce1-809a-6c227e674b61.png",Deli Chic Chicken Whole Tandori Freshly Frozen,Deli,272,299,500 g,4 (120),In Stock,https://www.zeptonow.com/pn/deli-chic-chicken-whole-tandori-freshly-frozen/pvid/37568f30-38ff-452c-b946-805e164e83c6,"https://cdn.zeptonow.com/production/tr:w-1280,ar-834-1000,pr-true,f-auto,q-80/cms/product_variant/bde8313d-8c29-48e2-977b-178455a55266.jpg"
Frozen Food & Ice Creams,Raw Meats,"https://cdn.zeptonow.com/production/tr:w-90,ar-120-120,pr-true,f-auto,q-80/cms/sub_category/cf3f512b-9848-4ce1-809a-6c227e674b61.png",Sneha Supercool Fz Lollipop,Sneha,173,180,450 g,4 (127),In Stock,https://www.zeptonow.com/pn/sneha-supercool-fz-lollipop/pvid/cb45f587-ab1f-4eac-88b3-e55eb6479810,"https://cdn.zeptonow.com/production/tr:w-1280,ar-1000-1000,pr-true,f-auto,q-80/cms/product_variant/7f7ea2ec-d3e4-4da1-9814-ac8b9b529476.jpg"
Frozen Food & Ice Creams,Raw Meats,"https://cdn.zeptonow.com/production/tr:w-90,ar-120-120,pr-true,f-auto,q-80/cms/sub_category/cf3f512b-9848-4ce1-809a-6c227e674b61.png",Meatigo Everyday Chicken Breast (Frozen),Meatigo,167,175,150 g,4.1 (162),In Stock,https://www.zeptonow.com/pn/meatigo-everyday-chicken-breast-frozen/pvid/45aa3125-a1d5-458f-b2e0-5b6fcedc15b4,"https://cdn.zeptonow.com/production/tr:w-1280,ar-1000-1000,pr-true,f-auto,q-80/cms/product_variant/7ab4b3cb-7bdf-4e5b-9f29-df32dce1df12.jpeg"
Frozen Food & Ice Creams,Raw Meats,"https://cdn.zeptonow.com/production/tr:w-90,ar-120-120,pr-true,f-auto,q-80/cms/sub_category/cf3f512b-9848-4ce1-809a-6c227e674b61.png",Sneha Supercool Fz Leg Boneless,Sneha,222,222,450 g,4.7 (76),In Stock,https://www.zeptonow.com/pn/sneha-supercool-fz-leg-boneless/pvid/22e287fa-dfa1-428b-94df-6adc4302f749,"https://cdn.zeptonow.com/production/tr:w-1280,ar-1000-1000,pr-true,f-auto,q-80/cms/product_variant/579c3857-2df6-4d22-a123-1f537b39ff76.jpg"
Frozen Food & Ice Creams,Raw Meats,"https://cdn.zeptonow.com/production/tr:w-90,ar-120-120,pr-true,f-auto,q-80/cms/sub_category/cf3f512b-9848-4ce1-809a-6c227e674b61.png",Sneha Supercool Fz Drumsticks Skinless,Sneha,185,185,450 g,4.3 (147),In Stock,https://www.zeptonow.com/pn/sneha-supercool-fz-drumsticks-skinless/pvid/b718dc2e-da67-41e6-bed8-94c7ac8169db,"https://cdn.zeptonow.com/production/tr:w-1280,ar-1000-1000,pr-true,f-auto,q-80/cms/product_variant/83dcd411-728c-41b7-8572-4e6a9b94151b.jpg"
Frozen Food & Ice Creams,Raw Meats,"https://cdn.zeptonow.com/production/tr:w-90,ar-120-120,pr-true,f-auto,q-80/cms/sub_category/cf3f512b-9848-4ce1-809a-6c227e674b61.png",ITC Master Chef Medium Prawns Peeled & Deveined 200 g Combo,ITC,416,500,200 g X 2,4.4 (152),In Stock,https://www.zeptonow.com/pn/itc-master-chef-medium-prawns-peeled-deveined-200-g-combo/pvid/67c73d3e-3749-4c6f-8182-979d574bdde3,"https://cdn.zeptonow.com/production/tr:w-1280,ar-1500-1500,pr-true,f-auto,q-80/cms/product_variant/f3bc2d7c-217c-4d6b-b3ba-dab159ebfa1f.jpg"
Frozen Food & Ice Creams,Raw Meats,"https://cdn.zeptonow.com/production/tr:w-90,ar-120-120,pr-true,f-auto,q-80/cms/sub_category/cf3f512b-9848-4ce1-809a-6c227e674b61.png",ITC Master Chef Medium Prawns Peeled & Deveined 200 g Combo,ITC,594,750,200 g X 3,4.6 (504),In Stock,https://www.zeptonow.com/pn/itc-master-chef-medium-prawns-peeled-deveined-200-g-combo/pvid/2ac2406d-ecaf-44d7-b380-b159478e545c,"https://cdn.zeptonow.com/production/tr:w-1280,ar-1500-1500,pr-true,f-auto,q-80/cms/product_variant/46eabc84-0f78-46c5-b375-77cdb0d936e5.jpg"
Frozen Food & Ice Creams,Raw Meats,"https://cdn.zeptonow.com/production/tr:w-90,ar-120-120,pr-true,f-auto,q-80/cms/sub_category/cf3f512b-9848-4ce1-809a-6c227e674b61.png",Godrej Yummiez Large Prawns 200 g Combo,Yu,436,560,200 g X 2,4.6 (498),In Stock,https://www.zeptonow.com/pn/godrej-yummiez-large-prawns-200-g-combo/pvid/7cf778a1-df7f-43d4-a796-cd7e4ab52bb4,"https://cdn.zeptonow.com/production/tr:w-1280,ar-1200-1200,pr-true,f-auto,q-80/cms/product_variant/efd42bc2-faa4-4e45-881a-fa1e7cdcc890.jpg"
Frozen Food & Ice Creams,Raw Meats,"https://cdn.zeptonow.com/production/tr:w-90,ar-120-120,pr-true,f-auto,q-80/cms/sub_category/cf3f512b-9848-4ce1-809a-6c227e674b61.png",Meatigo Frozen Chicken Boneless Breast 450 g Combo,Meatigo,490,550,450 g X 2,4.4 (155),In Stock,https://www.zeptonow.com/pn/meatigo-frozen-chicken-boneless-breast-450-g-combo/pvid/28badc9e-6eac-419c-ab22-dc8e1eb6073e,"https://cdn.zeptonow.com/production/tr:w-1280,ar-1500-1500,pr-true,f-auto,q-80/cms/product_variant/356ad813-b44d-4ccc-9dab-7005b000905b.jpg"
Frozen Food & Ice Creams,Raw Meats,"https://cdn.zeptonow.com/production/tr:w-90,ar-120-120,pr-true,f-auto,q-80/cms/sub_category/cf3f512b-9848-4ce1-809a-6c227e674b61.png",Meatigo Boneless Chicken Thigh (Frozen) 450 g Combo,Meatigo,514,590,450 g X 2,4.6 (95),In Stock,https://www.zeptonow.com/pn/meatigo-boneless-chicken-thigh-frozen-450-g-combo/pvid/e1cbf717-1109-47da-b356-2a2be33bd48f,"https://cdn.zeptonow.com/production/tr:w-1280,ar-1500-1500,pr-true,f-auto,q-80/cms/product_variant/a207e696-7375-44b9-be30-edb524bc3858.jpg"
Frozen Food & Ice Creams,Raw Meats,"https://cdn.zeptonow.com/production/tr:w-90,ar-120-120,pr-true,f-auto,q-80/cms/sub_category/cf3f512b-9848-4ce1-809a-6c227e674b61.png",Meatzza Fresh Boneless Chicken Thighs 500 g Combo,Meatzza,723,840,500 g X 3,4.6 (313),In Stock,https://www.zeptonow.com/pn/meatzza-fresh-boneless-chicken-thighs-500-g-combo/pvid/972520d8-2069-4540-a182-d4f37a24fdd9,"https://cdn.zeptonow.com/production/tr:w-1280,ar-1500-1500,pr-true,f-auto,q-80/cms/product_variant/27722f03-b713-46ee-b3f0-41032009e974.jpg"
Frozen Food & Ice Creams,Raw Meats,"https://cdn.zeptonow.com/production/tr:w-90,ar-120-120,pr-true,f-auto,q-80/cms/sub_category/cf3f512b-9848-4ce1-809a-6c227e674b61.png",Meatigo Chicken Drumsticks (Frozen) 450 g Combo,Meatigo,468,520,450 g X 2,4.4 (443),In Stock,https://www.zeptonow.com/pn/meatigo-chicken-drumsticks-frozen-450-g-combo/pvid/522d9d45-30a4-409c-b220-41e836120841,"https://cdn.zeptonow.com/production/tr:w-1280,ar-1500-1500,pr-true,f-auto,q-80/cms/product_variant/dc6ec26f-482b-4288-84c8-3f282301202b.jpg"
Frozen Food & Ice Creams,Raw Meats,"https://cdn.zeptonow.com/production/tr:w-90,ar-120-120,pr-true,f-auto,q-80/cms/sub_category/cf3f512b-9848-4ce1-809a-6c227e674b61.png",Meatzza Fresh -Mutton Curry Cut 500 g Combo,Meatzza,1044,1100,500 g X 2,4.2 (785),In Stock,https://www.zeptonow.com/pn/meatzza-fresh-mutton-curry-cut-500-g-combo/pvid/d6c7e14e-264a-444f-9548-c9a2f16c6084,"https://cdn.zeptonow.com/production/tr:w-1280,ar-1500-1500,pr-true,f-auto,q-80/cms/product_variant/dc6da9fd-0d9d-4097-a218-80c117cab7e6.jpg"
Frozen Food & Ice Creams,Raw Meats,"https://cdn.zeptonow.com/production/tr:w-90,ar-120-120,pr-true,f-auto,q-80/cms/sub_category/cf3f512b-9848-4ce1-809a-6c227e674b61.png",ITC Master Chef Large Prawns | Freshly Frozen | 15 hours from the Time of Harvesting,ITC,263,285,200 g,4.6 (723),Sold Out,https://www.zeptonow.com/pn/itc-master-chef-large-prawns-freshly-frozen-15-hours-from-the-time-of-harvesting/pvid/46e17b37-897e-460e-a7ed-6962e43a81a1,"https://cdn.zeptonow.com/production/tr:w-1280,ar-2560-2560,pr-true,f-auto,q-80/cms/product_variant/4eb60096-947e-4ff3-86c9-8e223679b25e.jpeg"
Frozen Food & Ice Creams,Raw Meats,"https://cdn.zeptonow.com/production/tr:w-90,ar-120-120,pr-true,f-auto,q-80/cms/sub_category/cf3f512b-9848-4ce1-809a-6c227e674b61.png",Deli Chic Chicken Breast Boneless Freshly Frozen,Deli,254,280,500 g,4.2 (115),Sold Out,https://www.zeptonow.com/pn/deli-chic-chicken-breast-boneless-freshly-frozen/pvid/963cfd5e-cefb-4d01-8e7d-77ec9199155b,"https://cdn.zeptonow.com/production/tr:w-1280,ar-836-1000,pr-true,f-auto,q-80/cms/product_variant/1f77bc73-d3de-4a33-8a10-cff67a3a39f9.jpg"
Frozen Food & Ice Creams,Raw Meats,"https://cdn.zeptonow.com/production/tr:w-90,ar-120-120,pr-true,f-auto,q-80/cms/sub_category/cf3f512b-9848-4ce1-809a-6c227e674b61.png",Meatzza Fresh-Chicken-Mince,Meatzza,260,260,500 g,4.3 (265),Sold Out,https://www.zeptonow.com/pn/meatzza-fresh-chicken-mince/pvid/7e6477bd-f211-4fad-bd1d-06cc219e8d3a,"https://cdn.zeptonow.com/production/tr:w-1280,ar-2400-2400,pr-true,f-auto,q-80/cms/product_variant/0c799b97-ac38-49a0-9e39-763f567844dc.jpeg"
Frozen Food & Ice Creams,Raw Meats,"https://cdn.zeptonow.com/production/tr:w-90,ar-120-120,pr-true,f-auto,q-80/cms/sub_category/cf3f512b-9848-4ce1-809a-6c227e674b61.png",Godrej Chicken Lollipop (Freshly Frozen),Godrej,197,200,350 g,3.9 (688),Sold Out,https://www.zeptonow.com/pn/godrej-chicken-lollipop-freshly-frozen/pvid/f64cd035-122e-4f6b-b788-3f74739e6f75,"https://cdn.zeptonow.com/production/tr:w-1280,ar-1200-1286,pr-true,f-auto,q-80/cms/product_variant/c454be90-64b1-44f4-ba15-79a17a7d0a72.jpg"
Frozen Food & Ice Creams,Raw Meats,"https://cdn.zeptonow.com/production/tr:w-90,ar-120-120,pr-true,f-auto,q-80/cms/sub_category/cf3f512b-9848-4ce1-809a-6c227e674b61.png",Godrej Yummiez Medium Prawns,Yu,209,265,200 g,4.5 (431),Sold Out,https://www.zeptonow.com/pn/godrej-yummiez-medium-prawns/pvid/e3d7c466-620a-470f-805e-c598f7d86597,"https://cdn.zeptonow.com/production/tr:w-1280,ar-1200-1286,pr-true,f-auto,q-80/cms/product_variant/e0d7c49e-ba78-496e-9a0d-b13c234f6da2.jpeg"
Frozen Food & Ice Creams,Raw Meats,"https://cdn.zeptonow.com/production/tr:w-90,ar-120-120,pr-true,f-auto,q-80/cms/sub_category/cf3f512b-9848-4ce1-809a-6c227e674b61.png",Zorabian Pre Cut Chicken Skinless,Zorabian,323,340,900 g,4 (51),Sold Out,https://www.zeptonow.com/pn/zorabian-pre-cut-chicken-skinless/pvid/317c4562-4768-4d0f-9f63-e9b948ae2643,"https://cdn.zeptonow.com/production/tr:w-1280,ar-2400-2400,pr-true,f-auto,q-80/cms/product_variant/96c604c5-1eb3-43da-9840-0236d4b59595.jpeg"
Frozen Food & Ice Creams,Raw Meats,"https://cdn.zeptonow.com/production/tr:w-90,ar-120-120,pr-true,f-auto,q-80/cms/sub_category/cf3f512b-9848-4ce1-809a-6c227e674b61.png",Sneha Supercool Fz Minced Chicken,Sneha,183,190,450 g,4.5 (145),Sold Out,https://www.zeptonow.com/pn/sneha-supercool-fz-minced-chicken/pvid/5311d226-05db-4d7b-bcf6-1f0b4764a3a1,"https://cdn.zeptonow.com/production/tr:w-1280,ar-1000-1000,pr-true,f-auto,q-80/cms/product_variant/66a4ed5a-d03a-4100-ae13-29f09cf21518.jpg"
Frozen Food & Ice Creams,Raw Meats,"https://cdn.zeptonow.com/production/tr:w-90,ar-120-120,pr-true,f-auto,q-80/cms/sub_category/cf3f512b-9848-4ce1-809a-6c227e674b61.png",Deli Chic Chicken Curry Cut Freshly Frozen,Deli,306,380,900 g,3.9 (122),Sold Out,https://www.zeptonow.com/pn/deli-chic-chicken-curry-cut-freshly-frozen/pvid/96c7cbb6-2eb2-426b-86be-5e92811e9178,"https://cdn.zeptonow.com/production/tr:w-1280,ar-1333-1600,pr-true,f-auto,q-80/cms/product_variant/b12c2dd4-34ae-4956-ac0f-7adbd1d8f927.jpg"
Frozen Food & Ice Creams,Raw Meats,"https://cdn.zeptonow.com/production/tr:w-90,ar-120-120,pr-true,f-auto,q-80/cms/sub_category/cf3f512b-9848-4ce1-809a-6c227e674b61.png",Meatzza Fresh -Chicken Wings,Meatzza,230,230,500 g,4.4 (210),Sold Out,https://www.zeptonow.com/pn/meatzza-fresh-chicken-wings/pvid/638a0d7b-a78d-4081-9113-c335fda1936a,"https://cdn.zeptonow.com/production/tr:w-1280,ar-1500-1500,pr-true,f-auto,q-80/cms/product_variant/948162c2-8465-44af-976b-48c810db2fbf.jpg"
Frozen Food & Ice Creams,Roti & Paratha,"https://cdn.zeptonow.com/production/tr:w-90,ar-120-120,pr-true,f-auto,q-80/cms/sub_category/8dbc30c9-ec8c-434d-a3fa-8ec63e47bfdf.png",iD Fresh Malabar Parota,iD,105,105,400 g,4.7 (40.8k),In Stock,https://www.zeptonow.com/pn/id-fresh-malabar-parota/pvid/32262b8b-8205-43db-995f-9c32d020292b,"https://cdn.zeptonow.com/production/tr:w-1280,ar-1200-1200,pr-true,f-auto,q-80/cms/product_variant/65a31aa3-81f9-4184-9531-122feed06451.jpeg"
Frozen Food & Ice Creams,Roti & Paratha,"https://cdn.zeptonow.com/production/tr:w-90,ar-120-120,pr-true,f-auto,q-80/cms/sub_category/8dbc30c9-ec8c-434d-a3fa-8ec63e47bfdf.png",iD Fresh Whole Wheat Chapati (10 pieces),iD,79,79,400 g,4.5 (18.8k),In Stock,https://www.zeptonow.com/pn/id-fresh-whole-wheat-chapati-10-pieces/pvid/b31b9175-5030-434d-a453-4c233fbdf83a,"https://cdn.zeptonow.com/production/tr:w-1280,ar-1200-1200,pr-true,f-auto,q-80/cms/product_variant/8dfae6a8-9187-445e-bd71-283add729820.jpeg"
Frozen Food & Ice Creams,Roti & Paratha,"https://cdn.zeptonow.com/production/tr:w-90,ar-120-120,pr-true,f-auto,q-80/cms/sub_category/8dbc30c9-ec8c-434d-a3fa-8ec63e47bfdf.png",iD Fresh Wheat Lachha Paratha,iD,110,110,400 g,4.6 (10.2k),In Stock,https://www.zeptonow.com/pn/id-fresh-wheat-lachha-paratha/pvid/b7572183-860a-4e3f-9d6d-15da396f9634,"https://cdn.zeptonow.com/production/tr:w-1280,ar-2400-2400,pr-true,f-auto,q-80/cms/product_variant/addbd655-a601-45a8-8c6d-fec2a4aa0bf0.jpeg"
Frozen Food & Ice Creams,Roti & Paratha,"https://cdn.zeptonow.com/production/tr:w-90,ar-120-120,pr-true,f-auto,q-80/cms/sub_category/8dbc30c9-ec8c-434d-a3fa-8ec63e47bfdf.png",Ammamma's Whole Wheat Chapati,Ammamma's,46,82,400 g,4.1 (4.3k),In Stock,https://www.zeptonow.com/pn/ammammas-whole-wheat-chapati/pvid/30775679-e15a-4ff7-8e4a-8a2dbad1ef6c,"https://cdn.zeptonow.com/production/tr:w-1280,ar-1000-1000,pr-true,f-auto,q-80/cms/product_variant/4ef7747b-1abe-4d2a-a3f6-3ac8eb4723dd.jpeg"
Frozen Food & Ice Creams,Roti & Paratha,"https://cdn.zeptonow.com/production/tr:w-90,ar-120-120,pr-true,f-auto,q-80/cms/sub_category/8dbc30c9-ec8c-434d-a3fa-8ec63e47bfdf.png",Switz Samosa Dough Sheets,Switz,111,120,1 pack (50 pcs),4.5 (8.8k),In Stock,https://www.zeptonow.com/pn/switz-samosa-dough-sheets/pvid/fbc71954-093b-466b-a297-015173d59e88,"https://cdn.zeptonow.com/production/tr:w-1280,ar-2100-1800,pr-true,f-auto,q-80/cms/product_variant/79473c0d-0dd3-4f87-a896-c24174166720.jpeg"
Frozen Food & Ice Creams,Roti & Paratha,"https://cdn.zeptonow.com/production/tr:w-90,ar-120-120,pr-true,f-auto,q-80/cms/sub_category/8dbc30c9-ec8c-434d-a3fa-8ec63e47bfdf.png",Switz Spring Roll Dough Sheets,Switz,112,120,275 g,4.5 (4.4k),In Stock,https://www.zeptonow.com/pn/switz-spring-roll-dough-sheets/pvid/de3b2cbc-98de-464d-9ce3-e549b556af88,"https://cdn.zeptonow.com/production/tr:w-1280,ar-900-900,pr-true,f-auto,q-80/cms/product_variant/c0594cee-8648-4add-9e72-0fcd6227e994.jpeg"
Frozen Food & Ice Creams,Roti & Paratha,"https://cdn.zeptonow.com/production/tr:w-90,ar-120-120,pr-true,f-auto,q-80/cms/sub_category/8dbc30c9-ec8c-434d-a3fa-8ec63e47bfdf.png",Asal Malabar Parota,Asal,86,99,450 g,4.5 (3.2k),In Stock,https://www.zeptonow.com/pn/asal-malabar-parota/pvid/fc4a73da-2f4c-4cf8-93cd-728abd26c8cb,"https://cdn.zeptonow.com/production/tr:w-1280,ar-2400-2400,pr-true,f-auto,q-80/cms/product_variant/92724563-2427-470b-b9e5-cdadcd66270e.jpeg"
Frozen Food & Ice Creams,Roti & Paratha,"https://cdn.zeptonow.com/production/tr:w-90,ar-120-120,pr-true,f-auto,q-80/cms/sub_category/8dbc30c9-ec8c-434d-a3fa-8ec63e47bfdf.png",Aashirvaad Ready To Cook Malabar Paratha,Aashirvaad,128,150,400 g,3.9 (1.8k),In Stock,https://www.zeptonow.com/pn/aashirvaad-ready-to-cook-malabar-paratha/pvid/9e08c722-80b0-4435-9dbe-b18831a8e28c,"https://cdn.zeptonow.com/production/tr:w-1280,ar-2400-2400,pr-true,f-auto,q-80/cms/product_variant/7b4c8fc4-7624-4f34-afaf-b5cf85101937.jpeg"
Frozen Food & Ice Creams,Roti & Paratha,"https://cdn.zeptonow.com/production/tr:w-90,ar-120-120,pr-true,f-auto,q-80/cms/sub_category/8dbc30c9-ec8c-434d-a3fa-8ec63e47bfdf.png",Switz Paratha Puff,Switz,102,110,400 g,4.2 (2.9k),In Stock,https://www.zeptonow.com/pn/switz-paratha-puff/pvid/4639443e-e1b4-4a13-9b0b-96834d82e426,"https://cdn.zeptonow.com/production/tr:w-1280,ar-2400-2400,pr-true,f-auto,q-80/cms/product_variant/2e52fa93-d16d-4f1e-927b-8880a6d72174.jpeg"
Frozen Food & Ice Creams,Roti & Paratha,"https://cdn.zeptonow.com/production/tr:w-90,ar-120-120,pr-true,f-auto,q-80/cms/sub_category/8dbc30c9-ec8c-434d-a3fa-8ec63e47bfdf.png",Aashirvaad Ready To Cook Paneer Paratha,Aashirvaad,198,250,400 g,4 (423),In Stock,https://www.zeptonow.com/pn/aashirvaad-ready-to-cook-paneer-paratha/pvid/ef6c6180-b02e-480e-9e7c-cfe8016adc3b,"https://cdn.zeptonow.com/production/tr:w-1280,ar-1412-1412,pr-true,f-auto,q-80/cms/product_variant/b2bf068b-f9d3-4f0a-8cfa-4dbe3989d39e.jpg"
Frozen Food & Ice Creams,Roti & Paratha,"https://cdn.zeptonow.com/production/tr:w-90,ar-120-120,pr-true,f-auto,q-80/cms/sub_category/8dbc30c9-ec8c-434d-a3fa-8ec63e47bfdf.png",Ammamma's Poori,Ammamma's,44,79,300 g,4.2 (604),In Stock,https://www.zeptonow.com/pn/ammammas-poori/pvid/bb508380-568c-4025-8b6d-374482f0ee83,"https://cdn.zeptonow.com/production/tr:w-1280,ar-1737-1815,pr-true,f-auto,q-80/inventory/product/bb508380-568c-4025-8b6d-374482f0ee83-18keMMErzhP1mip94qhWQgUd82ZqJamz-.jpeg"
Frozen Food & Ice Creams,Roti & Paratha,"https://cdn.zeptonow.com/production/tr:w-90,ar-120-120,pr-true,f-auto,q-80/cms/sub_category/8dbc30c9-ec8c-434d-a3fa-8ec63e47bfdf.png",iD Fresh Peri Peri Parota,iD,40,65,160 g,4.5 (267),In Stock,https://www.zeptonow.com/pn/id-fresh-peri-peri-parota/pvid/3bc28820-37db-4f3e-93e6-8cacf9255bd4,"https://cdn.zeptonow.com/production/tr:w-1280,ar-540-540,pr-true,f-auto,q-80/cms/product_variant/32af48fd-3add-457a-b799-0112a83a5831.jpg"
Frozen Food & Ice Creams,Roti & Paratha,"https://cdn.zeptonow.com/production/tr:w-90,ar-120-120,pr-true,f-auto,q-80/cms/sub_category/8dbc30c9-ec8c-434d-a3fa-8ec63e47bfdf.png",iD Malabar Parota 400 g X 2 Combo,iD,210,210,400 g X 2,4.3 (226),In Stock,https://www.zeptonow.com/pn/id-malabar-parota-400-g-x-2-combo/pvid/89258a45-6f43-4aaa-a5ad-d0bc959fa7b2,"https://cdn.zeptonow.com/production/tr:w-1280,ar-1200-1200,pr-true,f-auto,q-80/cms/product_variant/eb734917-f9fc-4fd5-897b-9ce684fa7e83.jpg"
Frozen Food & Ice Creams,Roti & Paratha,"https://cdn.zeptonow.com/production/tr:w-90,ar-120-120,pr-true,f-auto,q-80/cms/sub_category/8dbc30c9-ec8c-434d-a3fa-8ec63e47bfdf.png",iD Fresh Whole Wheat Chapati (10 pieces) 400 g Combo,iD,150,158,400 g X 2,4.5 (209),In Stock,https://www.zeptonow.com/pn/id-fresh-whole-wheat-chapati-10-pieces-400-g-combo/pvid/23397fdb-8697-4ba6-9dae-52401c59d044,"https://cdn.zeptonow.com/production/tr:w-1280,ar-1494-1494,pr-true,f-auto,q-80/cms/product_variant/9c3cffaa-bab6-4889-8584-3866b86419bb.jpg"
Frozen Food & Ice Creams,Roti & Paratha,"https://cdn.zeptonow.com/production/tr:w-90,ar-120-120,pr-true,f-auto,q-80/cms/sub_category/8dbc30c9-ec8c-434d-a3fa-8ec63e47bfdf.png",iD Fresh Malabar Parota Combo,iD,198,210,400 g X 2,4.5 (201),In Stock,https://www.zeptonow.com/pn/id-fresh-malabar-parota-combo/pvid/bf0224ec-ad09-4cb9-9598-d419b3534f69,"https://cdn.zeptonow.com/production/tr:w-1280,ar-1500-1500,pr-true,f-auto,q-80/inventory/product/7d27c208-1d5e-4997-a026-84cc43644e84-iD_Malabar_Parota_(Pack_of_2).jpg"
Frozen Food & Ice Creams,Roti & Paratha,"https://cdn.zeptonow.com/production/tr:w-90,ar-120-120,pr-true,f-auto,q-80/cms/sub_category/8dbc30c9-ec8c-434d-a3fa-8ec63e47bfdf.png",iD Fresh Whole Wheat Chapati (10 pieces) 400 g Combo,iD,216,237,400 g X 3,4.7 (939),In Stock,https://www.zeptonow.com/pn/id-fresh-whole-wheat-chapati-10-pieces-400-g-combo/pvid/ef398266-ba63-49d5-8064-1de3a9a3bf5a,"https://cdn.zeptonow.com/production/tr:w-1280,ar-1494-1494,pr-true,f-auto,q-80/cms/product_variant/7300a4be-803e-41b1-bb00-04c893563b3f.jpg"
Frozen Food & Ice Creams,Roti & Paratha,"https://cdn.zeptonow.com/production/tr:w-90,ar-120-120,pr-true,f-auto,q-80/cms/sub_category/8dbc30c9-ec8c-434d-a3fa-8ec63e47bfdf.png",iD Fresh Wheat Lachha Paratha 400 g Combo,iD,204,220,400 g X 2,4.5 (760),In Stock,https://www.zeptonow.com/pn/id-fresh-wheat-lachha-paratha-400-g-combo/pvid/44d798b1-c02c-4b02-a432-629c6e89b8c8,"https://cdn.zeptonow.com/production/tr:w-1280,ar-1000-1000,pr-true,f-auto,q-80/cms/product_variant/d2a1f3ee-bd7b-4751-81dd-2812cc9258ba.jpeg"
Frozen Food & Ice Creams,Roti & Paratha,"https://cdn.zeptonow.com/production/tr:w-90,ar-120-120,pr-true,f-auto,q-80/cms/sub_category/8dbc30c9-ec8c-434d-a3fa-8ec63e47bfdf.png",Switz Puff Dough Paratha (05 Units)(400gms) & Switz Spring Roll Dough Sheets 20 Piece(20pc) Combo,Switz,212,230,2 combo,4.7 (889),In Stock,https://www.zeptonow.com/pn/switz-puff-dough-paratha-05-units400gms-switz-spring-roll-dough-sheets-20-piece20pc-combo/pvid/e05f8848-8e64-4cd3-8ccf-4761ef263ec6,"https://cdn.zeptonow.com/production/tr:w-1280,ar-1500-1500,pr-true,f-auto,q-80/inventory/product/24861c32-cc1b-4af0-9fd8-4e997bcdd84a-983.jpg"
Frozen Food & Ice Creams,Roti & Paratha,"https://cdn.zeptonow.com/production/tr:w-90,ar-120-120,pr-true,f-auto,q-80/cms/sub_category/8dbc30c9-ec8c-434d-a3fa-8ec63e47bfdf.png",Switz Samosa Dough Sheets 50 pc Combo,Switz,206,240,50 pc X 2,4.5 (184),In Stock,https://www.zeptonow.com/pn/switz-samosa-dough-sheets-50-pc-combo/pvid/6791dafb-66f7-4940-ba9f-6820efbeaa8f,"https://cdn.zeptonow.com/production/tr:w-1280,ar-1500-1500,pr-true,f-auto,q-80/inventory/product/b57e6959-4f7f-4e97-ace3-3004193f4cec-2693.jpg"
Frozen Food & Ice Creams,Roti & Paratha,"https://cdn.zeptonow.com/production/tr:w-90,ar-120-120,pr-true,f-auto,q-80/cms/sub_category/8dbc30c9-ec8c-434d-a3fa-8ec63e47bfdf.png",Switz Samosa Dough Sheets 50 pc Combo,Switz,297,360,50 pc X 3,4.5 (235),In Stock,https://www.zeptonow.com/pn/switz-samosa-dough-sheets-50-pc-combo/pvid/db14c4bd-0a42-483f-9039-9c77d5d76281,"https://cdn.zeptonow.com/production/tr:w-1280,ar-1500-1500,pr-true,f-auto,q-80/cms/product_variant/8e22934d-469c-4f5a-af6b-277850ad3903.jpg"
Frozen Food & Ice Creams,Roti & Paratha,"https://cdn.zeptonow.com/production/tr:w-90,ar-120-120,pr-true,f-auto,q-80/cms/sub_category/8dbc30c9-ec8c-434d-a3fa-8ec63e47bfdf.png",Switz Spring Roll Dough Sheets 20 pc Combo,Switz,208,240,20 pc X 2,4.2 (653),In Stock,https://www.zeptonow.com/pn/switz-spring-roll-dough-sheets-20-pc-combo/pvid/5b7f52cd-6f0d-4b79-8bb7-c0db291d089a,"https://cdn.zeptonow.com/production/tr:w-1280,ar-1500-1500,pr-true,f-auto,q-80/inventory/product/b40e527a-196f-47b1-ae9a-b8293c3d2ad0-350.jpg"
Frozen Food & Ice Creams,Roti & Paratha,"https://cdn.zeptonow.com/production/tr:w-90,ar-120-120,pr-true,f-auto,q-80/cms/sub_category/8dbc30c9-ec8c-434d-a3fa-8ec63e47bfdf.png",Aashirvaad Ready To Cook Malabar Paratha 400 g Combo,Aashirvaad,339,450,400 g X 3,4.5 (111),In Stock,https://www.zeptonow.com/pn/aashirvaad-ready-to-cook-malabar-paratha-400-g-combo/pvid/1fd45493-92c2-4d92-8f5b-590f7e87f1bc,"https://cdn.zeptonow.com/production/tr:w-1280,ar-1500-1500,pr-true,f-auto,q-80/cms/product_variant/e8f30efe-1c24-461b-8508-7866e4eb5921.jpg"
Frozen Food & Ice Creams,Roti & Paratha,"https://cdn.zeptonow.com/production/tr:w-90,ar-120-120,pr-true,f-auto,q-80/cms/sub_category/8dbc30c9-ec8c-434d-a3fa-8ec63e47bfdf.png",Switz Samosa Dough Sheets (50 Units)(50pc) & Switz Puff Dough Paratha (05 Units)(400gms) Combo,Switz,211,230,2 combo,4.4 (995),In Stock,https://www.zeptonow.com/pn/switz-samosa-dough-sheets-50-units50pc-switz-puff-dough-paratha-05-units400gms-combo/pvid/af2e4437-a348-4255-b394-86d9ae81d886,"https://cdn.zeptonow.com/production/tr:w-1280,ar-1500-1500,pr-true,f-auto,q-80/inventory/product/eeb9f0ff-fb21-4847-a2ad-ee8d8ae9a8c7-982.jpg"
Frozen Food & Ice Creams,Roti & Paratha,"https://cdn.zeptonow.com/production/tr:w-90,ar-120-120,pr-true,f-auto,q-80/cms/sub_category/8dbc30c9-ec8c-434d-a3fa-8ec63e47bfdf.png",iD Peri Peri Parota Combo,iD,74,130,160 g X 2,4.3 (442),In Stock,https://www.zeptonow.com/pn/id-peri-peri-parota-combo/pvid/26fdb98a-8644-49d6-acd6-838bce63896b,"https://cdn.zeptonow.com/production/tr:w-1280,ar-1200-1200,pr-true,f-auto,q-80/cms/product_variant/2fb73ee0-a841-4ac1-80df-5b24171ec0df.jpg"
Frozen Food & Ice Creams,Roti & Paratha,"https://cdn.zeptonow.com/production/tr:w-90,ar-120-120,pr-true,f-auto,q-80/cms/sub_category/8dbc30c9-ec8c-434d-a3fa-8ec63e47bfdf.png",Aashirvaad Ready To Cook Malabar Paratha 400 g Combo,Aashirvaad,238,300,400 g X 2,4.5 (607),In Stock,https://www.zeptonow.com/pn/aashirvaad-ready-to-cook-malabar-paratha-400-g-combo/pvid/1e0151af-6883-43ac-9e9c-2e15d8bf9820,"https://cdn.zeptonow.com/production/tr:w-1280,ar-1494-1494,pr-true,f-auto,q-80/cms/product_variant/0ea2e33d-9237-46dd-a9db-e99c48a4d83a.jpg"
Frozen Food & Ice Creams,Roti & Paratha,"https://cdn.zeptonow.com/production/tr:w-90,ar-120-120,pr-true,f-auto,q-80/cms/sub_category/8dbc30c9-ec8c-434d-a3fa-8ec63e47bfdf.png",Elanadu Malabar Porotta,Elanadu,80,80,400 g,4.8 (467),Sold Out,https://www.zeptonow.com/pn/elanadu-malabar-porotta/pvid/a19f8a6a-67fb-4fca-9a39-d60b1532a40d,"https://cdn.zeptonow.com/production/tr:w-1280,ar-3000-3000,pr-true,f-auto,q-80/cms/product_variant/e246e871-60a1-410c-bcaf-4b0c3f526142.jpg"
Frozen Food & Ice Creams,Roti & Paratha,"https://cdn.zeptonow.com/production/tr:w-90,ar-120-120,pr-true,f-auto,q-80/cms/sub_category/8dbc30c9-ec8c-434d-a3fa-8ec63e47bfdf.png",Adf Soul Aloo Paratha,Adf,144,149,400 g,4 (67),Sold Out,https://www.zeptonow.com/pn/adf-soul-aloo-paratha/pvid/bcb1e490-aa17-41c1-bf39-2a6f06a13c5f,"https://cdn.zeptonow.com/production/tr:w-1280,ar-1201-1200,pr-true,f-auto,q-80/cms/product_variant/52a20058-17da-4f61-b046-968c8e4505b4.jpeg"
Frozen Food & Ice Creams,Roti & Paratha,"https://cdn.zeptonow.com/production/tr:w-90,ar-120-120,pr-true,f-auto,q-80/cms/sub_category/8dbc30c9-ec8c-434d-a3fa-8ec63e47bfdf.png",Adf Soul Malabari Paratha,Adf,124,129,350 g,4.4 (65),Sold Out,https://www.zeptonow.com/pn/adf-soul-malabari-paratha/pvid/493435f5-668a-4d86-9fc0-add11d081d0f,"https://cdn.zeptonow.com/production/tr:w-1280,ar-1201-1200,pr-true,f-auto,q-80/cms/product_variant/5bf9ac20-9f82-405d-a998-532d53a5dc49.jpeg"
Frozen Food & Ice Creams,Roti & Paratha,"https://cdn.zeptonow.com/production/tr:w-90,ar-120-120,pr-true,f-auto,q-80/cms/sub_category/8dbc30c9-ec8c-434d-a3fa-8ec63e47bfdf.png",Adf Soul Mixed Veg Paratha,Adf,144,149,400 g,4.7 (50),Sold Out,https://www.zeptonow.com/pn/adf-soul-mixed-veg-paratha/pvid/227a7ea0-72f2-4eb1-b36c-4914dc1edc5b,"https://cdn.zeptonow.com/production/tr:w-1280,ar-1201-1200,pr-true,f-auto,q-80/cms/product_variant/1fc9e5da-7024-45d4-92c4-049294984128.jpeg"
Frozen Food & Ice Creams,Roti & Paratha,"https://cdn.zeptonow.com/production/tr:w-90,ar-120-120,pr-true,f-auto,q-80/cms/sub_category/8dbc30c9-ec8c-434d-a3fa-8ec63e47bfdf.png",Adf Soul Paneer Paratha,Adf,153,159,300 g,4.6 (56),Sold Out,https://www.zeptonow.com/pn/adf-soul-paneer-paratha/pvid/ed82666a-f1a4-41b8-94f8-fe0f427a9b75,"https://cdn.zeptonow.com/production/tr:w-1280,ar-1201-1200,pr-true,f-auto,q-80/cms/product_variant/df32b44b-3a40-4a2a-82ed-64a0ac502cf0.jpeg"
Frozen Food & Ice Creams,Roti & Paratha,"https://cdn.zeptonow.com/production/tr:w-90,ar-120-120,pr-true,f-auto,q-80/cms/sub_category/8dbc30c9-ec8c-434d-a3fa-8ec63e47bfdf.png",iD Fresh Homestyle Whole Wheat Paratha,iD,85,85,390 g,4.5 (6.0k),Sold Out,https://www.zeptonow.com/pn/id-fresh-homestyle-whole-wheat-paratha/pvid/03547ad2-220e-4de7-af52-841b0f5a55b0,"https://cdn.zeptonow.com/production/tr:w-1280,ar-1200-1200,pr-true,f-auto,q-80/cms/product_variant/d440940b-1e21-4da3-b2a8-da29dea2b0da.jpeg"
Frozen Food & Ice Creams,Roti & Paratha,"https://cdn.zeptonow.com/production/tr:w-90,ar-120-120,pr-true,f-auto,q-80/cms/sub_category/8dbc30c9-ec8c-434d-a3fa-8ec63e47bfdf.png",Ammamma's Parota,Ammamma's,99,99,1 pack (5 pcs),4.4 (3.0k),Sold Out,https://www.zeptonow.com/pn/ammammas-parota/pvid/8ecf008b-d8f3-488a-b7e0-fb9fd5a74b9a,"https://cdn.zeptonow.com/production/tr:w-1280,ar-1200-1200,pr-true,f-auto,q-80/cms/product_variant/f7cb0247-0714-445b-a6ea-2c124fc7727d.jpg"
Frozen Food & Ice Creams,Roti & Paratha,"https://cdn.zeptonow.com/production/tr:w-90,ar-120-120,pr-true,f-auto,q-80/cms/sub_category/8dbc30c9-ec8c-434d-a3fa-8ec63e47bfdf.png",Ammamma's Methi Chapati,Ammamma's,94,99,1 pack (10 pcs),4.2 (2.9k),Sold Out,https://www.zeptonow.com/pn/ammammas-methi-chapati/pvid/a5e2be81-b1fc-4b01-a952-36a7f223375b,"https://cdn.zeptonow.com/production/tr:w-0.98,h-0.98,f-auto/cms/product_variant/0750f084-d9dd-4fba-8ce1-7355188959dd.jpeg"
Frozen Food & Ice Creams,Roti & Paratha,"https://cdn.zeptonow.com/production/tr:w-90,ar-120-120,pr-true,f-auto,q-80/cms/sub_category/8dbc30c9-ec8c-434d-a3fa-8ec63e47bfdf.png",Aashirvaad Ready To Cook Aloo Paratha,Aashirvaad,128,150,400 g,4.3 (2.8k),Sold Out,https://www.zeptonow.com/pn/aashirvaad-ready-to-cook-aloo-paratha/pvid/d85a4a24-c398-45e8-81c6-332fda43ecc1,"https://cdn.zeptonow.com/production/tr:w-1280,ar-1200-1200,pr-true,f-auto,q-80/cms/product_variant/576df5f3-c96f-45a2-a4ed-77d1ac585d01.jpeg"
Frozen Food & Ice Creams,Roti & Paratha,"https://cdn.zeptonow.com/production/tr:w-90,ar-120-120,pr-true,f-auto,q-80/cms/sub_category/8dbc30c9-ec8c-434d-a3fa-8ec63e47bfdf.png",Modern Classic Malabar Parota,Modern,65,80,425 g,4.4 (2.2k),Sold Out,https://www.zeptonow.com/pn/modern-classic-malabar-parota/pvid/829f01ee-9dbf-4833-846d-4e7711161445,"https://cdn.zeptonow.com/production/tr:w-1280,ar-1000-1000,pr-true,f-auto,q-80/cms/product_variant/be93e52a-d386-4e14-866d-ebcb792519e4.jpg"
Frozen Food & Ice Creams,Roti & Paratha,"https://cdn.zeptonow.com/production/tr:w-90,ar-120-120,pr-true,f-auto,q-80/cms/sub_category/8dbc30c9-ec8c-434d-a3fa-8ec63e47bfdf.png",Goeld Premium Malabar Paratha,Goeld,90,95,335 g,4.3 (1.1k),Sold Out,https://www.zeptonow.com/pn/goeld-premium-malabar-paratha/pvid/4d20553b-e31e-4183-87d8-896ad680935e,"https://cdn.zeptonow.com/production/tr:w-1280,ar-4549-4654,pr-true,f-auto,q-80/cms/product_variant/ee86938f-6858-4ed8-8e7b-972ab6ed0c3c.jpeg"
Frozen Food & Ice Creams,Roti & Paratha,"https://cdn.zeptonow.com/production/tr:w-90,ar-120-120,pr-true,f-auto,q-80/cms/sub_category/8dbc30c9-ec8c-434d-a3fa-8ec63e47bfdf.png",Ammamma's Moringa Chapati,Ammamma's,55,99,1 pack (10 pcs),4.2 (962),Sold Out,https://www.zeptonow.com/pn/ammammas-moringa-chapati/pvid/e446dfb4-c826-4d8a-850a-ff0d0150b29f,"https://cdn.zeptonow.com/production/tr:w-1280,ar-1280-1224,pr-true,f-auto,q-80/cms/product_variant/cfce7797-0dde-401a-a5c0-edb55e221532.jpeg"
Frozen Food & Ice Creams,Roti & Paratha,"https://cdn.zeptonow.com/production/tr:w-90,ar-120-120,pr-true,f-auto,q-80/cms/sub_category/8dbc30c9-ec8c-434d-a3fa-8ec63e47bfdf.png",iD Fresh Paneer Paratha,iD,195,260,400 g,4 (625),Sold Out,https://www.zeptonow.com/pn/id-fresh-paneer-paratha/pvid/f967e003-1463-4f54-a9d6-f1e08b072375,"https://cdn.zeptonow.com/production/tr:w-1280,ar-2400-2400,pr-true,f-auto,q-80/cms/product_variant/22339762-1bce-4730-b28d-e7496fd9c9e6.jpeg"
Frozen Food & Ice Creams,Roti & Paratha,"https://cdn.zeptonow.com/production/tr:w-90,ar-120-120,pr-true,f-auto,q-80/cms/sub_category/8dbc30c9-ec8c-434d-a3fa-8ec63e47bfdf.png",iD Fresh Nool Parota,iD,60,60,160 g,4.5 (308),Sold Out,https://www.zeptonow.com/pn/id-fresh-nool-parota/pvid/4d32140d-06ef-480b-b663-52fe4b239da2,"https://cdn.zeptonow.com/production/tr:w-1280,ar-1080-1080,pr-true,f-auto,q-80/cms/product_variant/45741239-a779-4887-9a05-53574177271c.jpg"
Frozen Food & Ice Creams,Roti & Paratha,"https://cdn.zeptonow.com/production/tr:w-90,ar-120-120,pr-true,f-auto,q-80/cms/sub_category/8dbc30c9-ec8c-434d-a3fa-8ec63e47bfdf.png",Goeld Garlic Naan,Goeld,99,99,240 g,4.5 (984),Sold Out,https://www.zeptonow.com/pn/goeld-garlic-naan/pvid/3f39b430-552c-4a5b-9a66-f3f145b1b537,"https://cdn.zeptonow.com/production/tr:w-1280,ar-2400-2400,pr-true,f-auto,q-80/cms/product_variant/4958e5e5-6ccb-4c71-a0e1-d8591a4ae170.jpeg"
Frozen Food & Ice Creams,Roti & Paratha,"https://cdn.zeptonow.com/production/tr:w-90,ar-120-120,pr-true,f-auto,q-80/cms/sub_category/8dbc30c9-ec8c-434d-a3fa-8ec63e47bfdf.png",iD Fresh Chilli Parota,iD,65,65,160 g,4.5 (161),Sold Out,https://www.zeptonow.com/pn/id-fresh-chilli-parota/pvid/32334e23-c1f5-4b52-beca-43c3f96e98ad,"https://cdn.zeptonow.com/production/tr:w-1280,ar-540-540,pr-true,f-auto,q-80/cms/product_variant/6f1764b7-c11b-44ae-99cd-1b30150ce87c.jpg"
Frozen Food & Ice Creams,Plant Based Meat,"https://cdn.zeptonow.com/production/tr:w-90,ar-120-120,pr-true,f-auto,q-80/cms/sub_category/4beefc35-032c-494a-973e-654c0c6a4be7.png",Pfc FOODs Plant Based Classic Chicken Nuggets,Pfc,210,350,400 g,4.9 (92),In Stock,https://www.zeptonow.com/pn/pfc-foods-plant-based-classic-chicken-nuggets/pvid/1dcc28ce-3c79-485e-969e-a4192a0bae10,"https://cdn.zeptonow.com/production/tr:w-1280,ar-1500-2193,pr-true,f-auto,q-80/cms/product_variant/2f765f93-b4ac-4314-8a25-6c4a9e68ec2c.jpg"
Frozen Food & Ice Creams,Plant Based Meat,"https://cdn.zeptonow.com/production/tr:w-90,ar-120-120,pr-true,f-auto,q-80/cms/sub_category/4beefc35-032c-494a-973e-654c0c6a4be7.png",Pfc FOODs Plant Based Smoked Chicken Sausage,Pfc,241,375,250 g,4.5 (318),In Stock,https://www.zeptonow.com/pn/pfc-foods-plant-based-smoked-chicken-sausage/pvid/b676add5-c9ba-4e94-9b68-24d264245b77,"https://cdn.zeptonow.com/production/tr:w-1280,ar-1500-2193,pr-true,f-auto,q-80/cms/product_variant/0f98f0cb-24c1-4113-ab8e-12a875e58cd8.jpg"
Frozen Food & Ice Creams,Plant Based Meat,"https://cdn.zeptonow.com/production/tr:w-90,ar-120-120,pr-true,f-auto,q-80/cms/sub_category/4beefc35-032c-494a-973e-654c0c6a4be7.png",Pfc FOODs Plant Based Mutton Seekh Kebab,Pfc,257,395,250 g,4.4 (61),In Stock,https://www.zeptonow.com/pn/pfc-foods-plant-based-mutton-seekh-kebab/pvid/2462fe0c-670f-4bac-8fde-bfeae10c7873,"https://cdn.zeptonow.com/production/tr:w-1280,ar-1500-2193,pr-true,f-auto,q-80/cms/product_variant/9e0228eb-21f4-4cd3-aa41-2dcc6f49281c.jpg"
Frozen Food & Ice Creams,Plant Based Meat,"https://cdn.zeptonow.com/production/tr:w-90,ar-120-120,pr-true,f-auto,q-80/cms/sub_category/4beefc35-032c-494a-973e-654c0c6a4be7.png",Pfc FOODs Plant Based Chicken Seekh Kebab,Pfc,257,395,250 g,4.5 (728),In Stock,https://www.zeptonow.com/pn/pfc-foods-plant-based-chicken-seekh-kebab/pvid/3ee68ad3-3cea-47f5-a7c0-473b288414e8,"https://cdn.zeptonow.com/production/tr:w-1280,ar-1500-2193,pr-true,f-auto,q-80/cms/product_variant/3b06eefa-3eb4-4785-b22a-26e14eb6c631.jpg"
Frozen Food & Ice Creams,Plant Based Meat,"https://cdn.zeptonow.com/production/tr:w-90,ar-120-120,pr-true,f-auto,q-80/cms/sub_category/4beefc35-032c-494a-973e-654c0c6a4be7.png",Pfc FOODs Plant Based Classic Burger Patty,Pfc,260,400,400 g,4.5 (63),In Stock,https://www.zeptonow.com/pn/pfc-foods-plant-based-classic-burger-patty/pvid/5f0c8368-d511-4311-bda7-dae4b1ba58c5,"https://cdn.zeptonow.com/production/tr:w-1280,ar-1500-2193,pr-true,f-auto,q-80/cms/product_variant/2e36fe2b-2398-4c50-8616-380ca205850c.jpg"
Frozen Food & Ice Creams,Plant Based Meat,"https://cdn.zeptonow.com/production/tr:w-90,ar-120-120,pr-true,f-auto,q-80/cms/sub_category/4beefc35-032c-494a-973e-654c0c6a4be7.png",Blue Tribe Foods Plant Based Nuggets 100% Vegetarian,Blue,266,295,250 g,4.2 (624),Sold Out,https://www.zeptonow.com/pn/blue-tribe-foods-plant-based-nuggets-100-vegetarian/pvid/1e7774da-c7df-4cc9-b0b8-04ae1b18e382,"https://cdn.zeptonow.com/production/tr:w-1280,ar-1544-2241,pr-true,f-auto,q-80/inventory/product/fd16360e-fb2c-4a52-ba42-069ac697be13-Photo.jpeg"
Frozen Food & Ice Creams,"Sausages, Salami & Ham","https://cdn.zeptonow.com/production/tr:w-90,ar-120-120,pr-true,f-auto,q-80/cms/sub_category/8e6de457-7db5-4543-a047-a86068e3318f.png",Yummiez Chicken Breakfast Sausages,Yu,158,190,250 g,4.7 (1.7k),In Stock,https://www.zeptonow.com/pn/yummiez-chicken-breakfast-sausages/pvid/0e405453-3a78-4f20-8f7e-64edd479bbb8,"https://cdn.zeptonow.com/production/tr:w-1280,ar-1000-1000,pr-true,f-auto,q-80/cms/product_variant/dbf7da09-14ed-42a7-a652-ea7d8125314e.jpeg"
Frozen Food & Ice Creams,"Sausages, Salami & Ham","https://cdn.zeptonow.com/production/tr:w-90,ar-120-120,pr-true,f-auto,q-80/cms/sub_category/8e6de457-7db5-4543-a047-a86068e3318f.png",Venky's Breakfast Sausages,Venky's,220,265,500 g,4.7 (1.6k),In Stock,https://www.zeptonow.com/pn/venkys-breakfast-sausages/pvid/3a171aae-97b2-4c8c-8e2b-7fc86e24f0aa,"https://cdn.zeptonow.com/production/tr:w-1280,ar-2400-2400,pr-true,f-auto,q-80/cms/product_variant/2dba4fb7-64d9-4fd3-8d03-c4a89af5d2be.jpeg"
Frozen Food & Ice Creams,"Sausages, Salami & Ham","https://cdn.zeptonow.com/production/tr:w-90,ar-120-120,pr-true,f-auto,q-80/cms/sub_category/8e6de457-7db5-4543-a047-a86068e3318f.png",Godrej Yummiez Chicken Breakfast Salami,Yu,158,190,250 g,4.8 (923),In Stock,https://www.zeptonow.com/pn/godrej-yummiez-chicken-breakfast-salami/pvid/4af9154d-b2b4-4afe-afb6-aee1231d7cdf,"https://cdn.zeptonow.com/production/tr:w-1280,ar-1200-1200,pr-true,f-auto,q-80/cms/product_variant/8d246eb9-be15-459b-8020-25d60fff7151.jpeg"
Frozen Food & Ice Creams,"Sausages, Salami & Ham","https://cdn.zeptonow.com/production/tr:w-90,ar-120-120,pr-true,f-auto,q-80/cms/sub_category/8e6de457-7db5-4543-a047-a86068e3318f.png",Prasuma Pork Breakfast Bacon,Prasuma,384,395,300 g,4.8 (309),In Stock,https://www.zeptonow.com/pn/prasuma-pork-breakfast-bacon/pvid/aaabbe07-af05-4ea8-973b-29e8bb744af0,"https://cdn.zeptonow.com/production/tr:w-1280,ar-1000-1000,pr-true,f-auto,q-80/cms/product_variant/e1277e43-6f10-47a4-acb6-61969e41d76b.jpeg"
Frozen Food & Ice Creams,"Sausages, Salami & Ham","https://cdn.zeptonow.com/production/tr:w-90,ar-120-120,pr-true,f-auto,q-80/cms/sub_category/8e6de457-7db5-4543-a047-a86068e3318f.png",Prasuma Chicken Ham,Prasuma,175,195,200 g,4.5 (530),In Stock,https://www.zeptonow.com/pn/prasuma-chicken-ham/pvid/417e0248-653c-4f8f-b602-47e82710f444,"https://cdn.zeptonow.com/production/tr:w-1280,ar-1000-1000,pr-true,f-auto,q-80/cms/product_variant/9962486f-d22f-4cb4-8cef-7da8b7238c38.jpeg"
Frozen Food & Ice Creams,"Sausages, Salami & Ham","https://cdn.zeptonow.com/production/tr:w-90,ar-120-120,pr-true,f-auto,q-80/cms/sub_category/8e6de457-7db5-4543-a047-a86068e3318f.png",Godrej Yummiez Chilli Chicken Sausages,Yu,188,190,250 g,4.5 (910),In Stock,https://www.zeptonow.com/pn/godrej-yummiez-chilli-chicken-sausages/pvid/7d800526-66e6-4294-b24e-077c3685bce8,"https://cdn.zeptonow.com/production/tr:w-1280,ar-1200-1200,pr-true,f-auto,q-80/cms/product_variant/5ec61cbe-c444-498b-ae98-5ca667e058e3.jpeg"
Frozen Food & Ice Creams,"Sausages, Salami & Ham","https://cdn.zeptonow.com/production/tr:w-90,ar-120-120,pr-true,f-auto,q-80/cms/sub_category/8e6de457-7db5-4543-a047-a86068e3318f.png",Prasuma Chicken Cheese & Chilli Sausage,Prasuma,166,195,250 g,4.6 (771),In Stock,https://www.zeptonow.com/pn/prasuma-chicken-cheese-chilli-sausage/pvid/5a32f237-f030-4b97-a5c9-361cc3090f0d,"https://cdn.zeptonow.com/production/tr:w-1280,ar-1000-1000,pr-true,f-auto,q-80/cms/product_variant/6e40aa3a-6c19-4747-bff9-76d9d75e4527.jpeg"
Frozen Food & Ice Creams,"Sausages, Salami & Ham","https://cdn.zeptonow.com/production/tr:w-90,ar-120-120,pr-true,f-auto,q-80/cms/sub_category/8e6de457-7db5-4543-a047-a86068e3318f.png",Yummiez Chicken Pepper and Herb Sausage Pouch,Yu,189,199,250 g,4.5 (512),In Stock,https://www.zeptonow.com/pn/yummiez-chicken-pepper-and-herb-sausage-pouch/pvid/d5ec6917-0d77-45a6-8f38-c95c9e0bbc6f,"https://cdn.zeptonow.com/production/tr:w-1280,ar-1000-1000,pr-true,f-auto,q-80/cms/product_variant/89ea06c9-be01-4888-9800-a81a844a6dec.jpeg"
Frozen Food & Ice Creams,"Sausages, Salami & Ham","https://cdn.zeptonow.com/production/tr:w-90,ar-120-120,pr-true,f-auto,q-80/cms/sub_category/8e6de457-7db5-4543-a047-a86068e3318f.png",Godrej Yummiez Chicken Pepper & Herb Salami,Yu,188,199,250 g,4.3 (606),In Stock,https://www.zeptonow.com/pn/godrej-yummiez-chicken-pepper-herb-salami/pvid/51769c4b-f6df-499a-82ff-dad02837da99,"https://cdn.zeptonow.com/production/tr:w-1280,ar-2400-2400,pr-true,f-auto,q-80/cms/product_variant/5359d67a-7045-4378-b5d7-18118811c078.jpeg"
Frozen Food & Ice Creams,"Sausages, Salami & Ham","https://cdn.zeptonow.com/production/tr:w-90,ar-120-120,pr-true,f-auto,q-80/cms/sub_category/8e6de457-7db5-4543-a047-a86068e3318f.png",Godrej Yummiez Chicken Breakfast Sausage,Yu,259,325,500 g,4.6 (309),In Stock,https://www.zeptonow.com/pn/godrej-yummiez-chicken-breakfast-sausage/pvid/95503470-af74-4ff0-ae05-4dd1ea393069,"https://cdn.zeptonow.com/production/tr:w-1280,ar-1200-1200,pr-true,f-auto,q-80/cms/product_variant/ce4b4e05-af6c-4265-af47-f6aac30e354b.jpeg"
Frozen Food & Ice Creams,"Sausages, Salami & Ham","https://cdn.zeptonow.com/production/tr:w-90,ar-120-120,pr-true,f-auto,q-80/cms/sub_category/8e6de457-7db5-4543-a047-a86068e3318f.png",Godrej Yummiez Chicken Cheese Cocktail Sausages,Yu,239,250,400 g,4.5 (516),In Stock,https://www.zeptonow.com/pn/godrej-yummiez-chicken-cheese-cocktail-sausages/pvid/4b58aefb-af4d-47fa-8633-042a385d5799,"https://cdn.zeptonow.com/production/tr:w-1280,ar-2400-2400,pr-true,f-auto,q-80/cms/product_variant/28bb9cc4-a652-4a98-b2d4-09ee7a51054c.jpg"
Frozen Food & Ice Creams,"Sausages, Salami & Ham","https://cdn.zeptonow.com/production/tr:w-90,ar-120-120,pr-true,f-auto,q-80/cms/sub_category/8e6de457-7db5-4543-a047-a86068e3318f.png",Godrej yummiez Pepper and Herb Sausages,Yu,316,345,500 g,4.2 (381),In Stock,https://www.zeptonow.com/pn/godrej-yummiez-pepper-and-herb-sausages/pvid/581cae53-c9d0-4252-8aa1-9685bbfce841,"https://cdn.zeptonow.com/production/tr:w-1280,ar-1200-1200,pr-true,f-auto,q-80/cms/product_variant/16bf3c36-5df2-4dc0-ac00-0a6dda51d92f.jpeg"
Frozen Food & Ice Creams,"Sausages, Salami & Ham","https://cdn.zeptonow.com/production/tr:w-90,ar-120-120,pr-true,f-auto,q-80/cms/sub_category/8e6de457-7db5-4543-a047-a86068e3318f.png",Prasuma Chicken Pepperoni Salami,Prasuma,151,160,100 g,4.5 (634),In Stock,https://www.zeptonow.com/pn/prasuma-chicken-pepperoni-salami/pvid/814a464e-c18a-4354-ac70-47260fa51fcc,"https://cdn.zeptonow.com/production/tr:w-1280,ar-1000-1000,pr-true,f-auto,q-80/cms/product_variant/e3ed8251-15cc-4662-9708-1ec31db6ace3.jpeg"
Frozen Food & Ice Creams,"Sausages, Salami & Ham","https://cdn.zeptonow.com/production/tr:w-90,ar-120-120,pr-true,f-auto,q-80/cms/sub_category/8e6de457-7db5-4543-a047-a86068e3318f.png",Prasuma Pork Sausage,Prasuma,243,250,250 g,4.4 (375),In Stock,https://www.zeptonow.com/pn/prasuma-pork-sausage/pvid/db1d1083-c652-4db7-946c-06057deccbd7,"https://cdn.zeptonow.com/production/tr:w-1280,ar-1000-1000,pr-true,f-auto,q-80/cms/product_variant/dbcea38c-3eda-43fa-b609-e33a331ebeec.jpeg"
Frozen Food & Ice Creams,"Sausages, Salami & Ham","https://cdn.zeptonow.com/production/tr:w-90,ar-120-120,pr-true,f-auto,q-80/cms/sub_category/8e6de457-7db5-4543-a047-a86068e3318f.png",Prasuma Chicken Breakfast Bacon,Prasuma,285,320,200 g,4.5 (252),In Stock,https://www.zeptonow.com/pn/prasuma-chicken-breakfast-bacon/pvid/46db6fe2-77ba-42d9-92d7-8885a81ecd78,"https://cdn.zeptonow.com/production/tr:w-1280,ar-1000-1000,pr-true,f-auto,q-80/cms/product_variant/dff8d566-adc7-41b4-aa36-b32151186546.jpeg"
Frozen Food & Ice Creams,"Sausages, Salami & Ham","https://cdn.zeptonow.com/production/tr:w-90,ar-120-120,pr-true,f-auto,q-80/cms/sub_category/8e6de457-7db5-4543-a047-a86068e3318f.png",Venky's Chicken Sausages,Venky's,324,375,500 g,4.2 (209),In Stock,https://www.zeptonow.com/pn/venkys-chicken-sausages/pvid/606984c6-1016-4f17-85ad-2ce5bd4959d2,"https://cdn.zeptonow.com/production/tr:w-1280,ar-1000-978,pr-true,f-auto,q-80/cms/product_variant/aa1d2070-1e61-47b4-82f4-cb1d7090d23a.jpeg"
Frozen Food & Ice Creams,"Sausages, Salami & Ham","https://cdn.zeptonow.com/production/tr:w-90,ar-120-120,pr-true,f-auto,q-80/cms/sub_category/8e6de457-7db5-4543-a047-a86068e3318f.png",Yummiez Chicken Sausages - Cheese & Onion,Yu,197,215,250 g,4.4 (124),In Stock,https://www.zeptonow.com/pn/yummiez-chicken-sausages-cheese-onion/pvid/2f1457b6-d1ec-441a-b7b6-3f2f8c86a3b4,"https://cdn.zeptonow.com/production/tr:w-1280,ar-1000-1000,pr-true,f-auto,q-80/cms/product_variant/58c41cd9-d3be-4bf4-a87c-7170f44f7dcb.jpeg"
Frozen Food & Ice Creams,"Sausages, Salami & Ham","https://cdn.zeptonow.com/production/tr:w-90,ar-120-120,pr-true,f-auto,q-80/cms/sub_category/8e6de457-7db5-4543-a047-a86068e3318f.png",Carnivore Chicken Frank Furter,Carnivore,256,360,500 g,4.8 (67),In Stock,https://www.zeptonow.com/pn/carnivore-chicken-frank-furter/pvid/f295a8e5-f3ee-4b97-918c-35ba6ac69030,"https://cdn.zeptonow.com/production/tr:w-1280,ar-2000-2000,pr-true,f-auto,q-80/cms/product_variant/44108499-f11e-4f73-ad15-fdd1427e52ea.jpg"
Frozen Food & Ice Creams,"Sausages, Salami & Ham","https://cdn.zeptonow.com/production/tr:w-90,ar-120-120,pr-true,f-auto,q-80/cms/sub_category/8e6de457-7db5-4543-a047-a86068e3318f.png",Carnivore Chicken Salami Sliced (Plain),Carnivore,185,335,500 g,4.4 (83),In Stock,https://www.zeptonow.com/pn/carnivore-chicken-salami-sliced-plain/pvid/a5453c62-94be-4411-8246-65e2c0d37427,"https://cdn.zeptonow.com/production/tr:w-1280,ar-2000-2000,pr-true,f-auto,q-80/cms/product_variant/c03eb162-931b-4fa1-a38b-caab97f0859e.jpg"
Frozen Food & Ice Creams,"Sausages, Salami & Ham","https://cdn.zeptonow.com/production/tr:w-90,ar-120-120,pr-true,f-auto,q-80/cms/sub_category/8e6de457-7db5-4543-a047-a86068e3318f.png",Uro Pork Smoked Back Bacon Sliced Imported 250G,Uro,316,395,250 g,4.3 (87),In Stock,https://www.zeptonow.com/pn/uro-pork-smoked-back-bacon-sliced-imported-250g/pvid/0e909c96-a652-4266-8fa0-68d06b9b4cee,"https://cdn.zeptonow.com/production/tr:w-1280,ar-3391-3600,pr-true,f-auto,q-80/cms/product_variant/5cc83067-3941-42ab-ad92-422ddeb1f550.jpg"
Frozen Food & Ice Creams,"Sausages, Salami & Ham","https://cdn.zeptonow.com/production/tr:w-90,ar-120-120,pr-true,f-auto,q-80/cms/sub_category/8e6de457-7db5-4543-a047-a86068e3318f.png",Carnivore Chicken Salami Sliced (Spicy),Carnivore,335,335,500 g,5 (60),In Stock,https://www.zeptonow.com/pn/carnivore-chicken-salami-sliced-spicy/pvid/726d8dee-85b1-47d1-bc44-37f7da09162d,"https://cdn.zeptonow.com/production/tr:w-1280,ar-2000-2000,pr-true,f-auto,q-80/cms/product_variant/3be42180-4eeb-4fbe-99b3-f0907ef4793b.jpg"
Frozen Food & Ice Creams,"Sausages, Salami & Ham","https://cdn.zeptonow.com/production/tr:w-90,ar-120-120,pr-true,f-auto,q-80/cms/sub_category/8e6de457-7db5-4543-a047-a86068e3318f.png",Uro Pork Ham,Uro,276,345,250 g,4.4 (786),In Stock,https://www.zeptonow.com/pn/uro-pork-ham/pvid/388affe4-154a-4645-aa34-1c44fbd3a9b2,"https://cdn.zeptonow.com/production/tr:w-1280,ar-1500-1500,pr-true,f-auto,q-80/cms/product_variant/773f6ad2-3287-41d0-96c4-211f1b8c41a1.jpg"
Frozen Food & Ice Creams,"Sausages, Salami & Ham","https://cdn.zeptonow.com/production/tr:w-90,ar-120-120,pr-true,f-auto,q-80/cms/sub_category/8e6de457-7db5-4543-a047-a86068e3318f.png",Zorabian Chicken Smoked Ham,Zorabian,136,225,250 g,4.8 (276),In Stock,https://www.zeptonow.com/pn/zorabian-chicken-smoked-ham/pvid/1c28c1be-edb5-45a9-b98e-bd33cfc1817e,"https://cdn.zeptonow.com/production/tr:w-1280,ar-2400-2400,pr-true,f-auto,q-80/cms/product_variant/c7b03fe7-3ffb-40b8-b04c-317a1a730203.jpg"
Frozen Food & Ice Creams,"Sausages, Salami & Ham","https://cdn.zeptonow.com/production/tr:w-90,ar-120-120,pr-true,f-auto,q-80/cms/sub_category/8e6de457-7db5-4543-a047-a86068e3318f.png",Carnivore Chicken Sausages Masala,Carnivore,190,190,250 g,4.8 (85),In Stock,https://www.zeptonow.com/pn/carnivore-chicken-sausages-masala/pvid/6c385332-5907-4785-89a6-987c4d82296c,"https://cdn.zeptonow.com/production/tr:w-1280,ar-2400-2400,pr-true,f-auto,q-80/cms/product_variant/d5220afe-5f27-4a3d-8823-aee8ff8b05e8.jpeg"
Frozen Food & Ice Creams,"Sausages, Salami & Ham","https://cdn.zeptonow.com/production/tr:w-90,ar-120-120,pr-true,f-auto,q-80/cms/sub_category/8e6de457-7db5-4543-a047-a86068e3318f.png",Zorabian Chicken Salami,Zorabian,167,175,250 g,4.8 (180),In Stock,https://www.zeptonow.com/pn/zorabian-chicken-salami/pvid/285e3fbf-d14e-4d66-b797-df2e98e0d64c,"https://cdn.zeptonow.com/production/tr:w-1280,ar-1001-1001,pr-true,f-auto,q-80/cms/product_variant/a81490b1-08be-40c0-a05c-7d65d6c3fda6.jpeg"
Frozen Food & Ice Creams,"Sausages, Salami & Ham","https://cdn.zeptonow.com/production/tr:w-90,ar-120-120,pr-true,f-auto,q-80/cms/sub_category/8e6de457-7db5-4543-a047-a86068e3318f.png",Meatzza Chicken Ham Sliced,Meatzza,187,220,250 g,4.6 (200),In Stock,https://www.zeptonow.com/pn/meatzza-chicken-ham-sliced/pvid/d58b127b-0378-4231-93fe-691b831705f3,"https://cdn.zeptonow.com/production/tr:w-1280,ar-1500-1500,pr-true,f-auto,q-80/cms/product_variant/0d320b6a-43af-4764-94c4-b7ce549936ea.jpg"
Frozen Food & Ice Creams,"Sausages, Salami & Ham","https://cdn.zeptonow.com/production/tr:w-90,ar-120-120,pr-true,f-auto,q-80/cms/sub_category/8e6de457-7db5-4543-a047-a86068e3318f.png",Meatzza Chicken Salami Plain Sliced,Meatzza,172,185,250 g,4.6 (156),In Stock,https://www.zeptonow.com/pn/meatzza-chicken-salami-plain-sliced/pvid/9d9b9e3c-d29c-4109-90df-31f1c2e67dc7,"https://cdn.zeptonow.com/production/tr:w-1280,ar-500-500,pr-true,f-auto,q-80/cms/product_variant/e1f13ee1-09be-44b1-a02c-e4299505eca7.jpg"
Frozen Food & Ice Creams,"Sausages, Salami & Ham","https://cdn.zeptonow.com/production/tr:w-90,ar-120-120,pr-true,f-auto,q-80/cms/sub_category/8e6de457-7db5-4543-a047-a86068e3318f.png",Deli Chic Chicken Spicy Salami,Deli,190,190,250 g,4.8 (266),In Stock,https://www.zeptonow.com/pn/deli-chic-chicken-spicy-salami/pvid/3f0f0e0c-7600-4693-bae6-7cba28200086,"https://cdn.zeptonow.com/production/tr:w-1280,ar-1510-2138,pr-true,f-auto,q-80/cms/product_variant/e0f1769d-b1db-4347-a458-be7f70a3e3c7.jpg"
Frozen Food & Ice Creams,"Sausages, Salami & Ham","https://cdn.zeptonow.com/production/tr:w-90,ar-120-120,pr-true,f-auto,q-80/cms/sub_category/8e6de457-7db5-4543-a047-a86068e3318f.png",Deli Chic Chicken Sandwich Ham Slices,Deli,199,199,200 g,3.9 (99),In Stock,https://www.zeptonow.com/pn/deli-chic-chicken-sandwich-ham-slices/pvid/19f4ad81-ba8b-4b15-a967-626ff73fd513,"https://cdn.zeptonow.com/production/tr:w-1280,ar-1511-1979,pr-true,f-auto,q-80/cms/product_variant/647eea6a-8366-4b48-b924-e09f8326af1f.jpg"
Frozen Food & Ice Creams,"Sausages, Salami & Ham","https://cdn.zeptonow.com/production/tr:w-90,ar-120-120,pr-true,f-auto,q-80/cms/sub_category/8e6de457-7db5-4543-a047-a86068e3318f.png",Deli Chic Chicken Blackpepper Salami,Deli,135,190,250 g,4.9 (229),In Stock,https://www.zeptonow.com/pn/deli-chic-chicken-blackpepper-salami/pvid/8d16d3af-d58e-4296-9414-37f16b01b207,"https://cdn.zeptonow.com/production/tr:w-1280,ar-2030-2720,pr-true,f-auto,q-80/cms/product_variant/56f45947-33ee-4b97-bb60-fbd90493a5cb.jpg"
Frozen Food & Ice Creams,"Sausages, Salami & Ham","https://cdn.zeptonow.com/production/tr:w-90,ar-120-120,pr-true,f-auto,q-80/cms/sub_category/8e6de457-7db5-4543-a047-a86068e3318f.png",Sneha Snackster Chicken Breakfast Sausage,Sneha,181,300,340 g,4.4 (458),In Stock,https://www.zeptonow.com/pn/sneha-snackster-chicken-breakfast-sausage/pvid/511620ed-b4ef-493c-84ef-77c398237b15,"https://cdn.zeptonow.com/production/tr:w-1280,ar-1001-1001,pr-true,f-auto,q-80/cms/product_variant/8737c370-1317-4336-b947-3e9bb7563534.jpg"
Frozen Food & Ice Creams,"Sausages, Salami & Ham","https://cdn.zeptonow.com/production/tr:w-90,ar-120-120,pr-true,f-auto,q-80/cms/sub_category/8e6de457-7db5-4543-a047-a86068e3318f.png",Cookd Tandoori Tikka Kit,Cookd,105,149,38 g,4.3 (134),In Stock,https://www.zeptonow.com/pn/cookd-tandoori-tikka-kit/pvid/fa3c7105-4b40-4757-87cb-c1cf8d71bbcb,"https://cdn.zeptonow.com/production/tr:w-1280,ar-1080-1080,pr-true,f-auto,q-80/cms/product_variant/c22444ff-f478-4e1b-8de9-beac4b7dfc19.jpg"
Frozen Food & Ice Creams,"Sausages, Salami & Ham","https://cdn.zeptonow.com/production/tr:w-90,ar-120-120,pr-true,f-auto,q-80/cms/sub_category/8e6de457-7db5-4543-a047-a86068e3318f.png",Adukale Instant Khara Bhath Mix,Adukale,117,130,250 g,4.9 (110),In Stock,https://www.zeptonow.com/pn/adukale-instant-khara-bhath-mix/pvid/d335ef7c-075c-4f47-8003-17b33fe7c698,"https://cdn.zeptonow.com/production/tr:w-1280,ar-1500-1500,pr-true,f-auto,q-80/cms/product_variant/ccf4695b-ac8e-46b3-ad5f-3b1e98e725a0.png"
Frozen Food & Ice Creams,"Sausages, Salami & Ham","https://cdn.zeptonow.com/production/tr:w-90,ar-120-120,pr-true,f-auto,q-80/cms/sub_category/8e6de457-7db5-4543-a047-a86068e3318f.png",Prasuma Chicken Sausage,Prasuma,164,190,250 g,4.6 (1.2k),Sold Out,https://www.zeptonow.com/pn/prasuma-chicken-sausage/pvid/ed593930-5106-437b-8cae-569203404fff,"https://cdn.zeptonow.com/production/tr:w-1280,ar-1000-1000,pr-true,f-auto,q-80/cms/product_variant/6f0bb776-5a6b-41b7-ae56-eb17156f16b8.jpeg"
Frozen Food & Ice Creams,"Sausages, Salami & Ham","https://cdn.zeptonow.com/production/tr:w-90,ar-120-120,pr-true,f-auto,q-80/cms/sub_category/8e6de457-7db5-4543-a047-a86068e3318f.png",Prasuma Chicken Chilli Salami,Prasuma,165,185,200 g,4.5 (534),Sold Out,https://www.zeptonow.com/pn/prasuma-chicken-chilli-salami/pvid/4c244cd6-9464-4136-b057-d81376593e51,"https://cdn.zeptonow.com/production/tr:w-1280,ar-1000-1000,pr-true,f-auto,q-80/cms/product_variant/0eac3be3-6519-4b34-83d1-5a617bdebae4.jpeg"
Frozen Food & Ice Creams,"Sausages, Salami & Ham","https://cdn.zeptonow.com/production/tr:w-90,ar-120-120,pr-true,f-auto,q-80/cms/sub_category/8e6de457-7db5-4543-a047-a86068e3318f.png",Venky's Chicken Cheese & Onion Sausages,Venky's,369,380,500 g,4.8 (88),Sold Out,https://www.zeptonow.com/pn/venkys-chicken-cheese-onion-sausages/pvid/f45dbe63-915a-49c0-861f-104c45d125e5,"https://cdn.zeptonow.com/production/tr:w-1280,ar-1000-904,pr-true,f-auto,q-80/cms/product_variant/e04dc46a-ec78-4648-b9b8-4bb1417a2c82.jpeg"
Frozen Food & Ice Creams,"Sausages, Salami & Ham","https://cdn.zeptonow.com/production/tr:w-90,ar-120-120,pr-true,f-auto,q-80/cms/sub_category/8e6de457-7db5-4543-a047-a86068e3318f.png",Gits Khaman Dhokla Instant Snack Mix,Gits,149,150,500 g,4.7 (1.0k),Sold Out,https://www.zeptonow.com/pn/gits-khaman-dhokla-instant-snack-mix/pvid/1caaad95-f838-4496-8138-3d0ec901e085,"https://cdn.zeptonow.com/production/tr:w-1280,ar-2400-2400,pr-true,f-auto,q-80/cms/product_variant/33f414e5-7e6f-466e-bd1e-8bf1249e24f1.jpg"
Frozen Food & Ice Creams,"Sausages, Salami & Ham","https://cdn.zeptonow.com/production/tr:w-90,ar-120-120,pr-true,f-auto,q-80/cms/sub_category/8e6de457-7db5-4543-a047-a86068e3318f.png",Gits Khaman Dhokla Instant Snack Mix,Gits,75,75,180 g,4.5 (1.7k),Sold Out,https://www.zeptonow.com/pn/gits-khaman-dhokla-instant-snack-mix/pvid/d9a83719-259c-4d3c-bba0-d1f7359d5ea5,"https://cdn.zeptonow.com/production/tr:w-1280,ar-1500-1500,pr-true,f-auto,q-80/cms/product_variant/9c17c926-278b-4d3e-9701-eacbea675eac.jpeg"
Frozen Food & Ice Creams,Frozen Veggies & Pulp,"https://cdn.zeptonow.com/production/tr:w-90,ar-120-120,pr-true,f-auto,q-80/cms/sub_category/59.png",Farmland Green Peas | No Added Colours,Farmland,242,320,1 kg,4.7 (5.8k),In Stock,https://www.zeptonow.com/pn/farmland-green-peas-no-added-colours/pvid/30b6be6f-85b4-4dee-8759-0235dd65653d,"https://cdn.zeptonow.com/production/tr:w-1280,ar-900-900,pr-true,f-auto,q-80/cms/product_variant/07334ac7-7510-46c6-802b-be6ae4952ed3.jpeg"
Frozen Food & Ice Creams,Frozen Veggies & Pulp,"https://cdn.zeptonow.com/production/tr:w-90,ar-120-120,pr-true,f-auto,q-80/cms/sub_category/59.png",Farmland Sweet Corn | No Added Colours,Farmland,198,200,1 kg,4.7 (959),In Stock,https://www.zeptonow.com/pn/farmland-sweet-corn-no-added-colours/pvid/ff3befcf-7cd2-4278-a92a-445a4d5fd51d,"https://cdn.zeptonow.com/production/tr:w-1280,ar-900-900,pr-true,f-auto,q-80/cms/product_variant/8380dd78-7a08-4c8c-b7c9-410832d77292.jpeg"
Frozen Food & Ice Creams,Frozen Veggies & Pulp,"https://cdn.zeptonow.com/production/tr:w-90,ar-120-120,pr-true,f-auto,q-80/cms/sub_category/59.png",Yummiez Green Peas,Yu,149,160,500 g,4.6 (10.1k),In Stock,https://www.zeptonow.com/pn/yummiez-green-peas/pvid/46cd5bc6-3f03-4faf-a6d8-4825cbc0cd8e,"https://cdn.zeptonow.com/production/tr:w-1280,ar-1200-1200,pr-true,f-auto,q-80/cms/product_variant/2c3cf0da-b016-4b5d-b68d-2803cf604e41.jpeg"
Frozen Food & Ice Creams,Frozen Veggies & Pulp,"https://cdn.zeptonow.com/production/tr:w-90,ar-120-120,pr-true,f-auto,q-80/cms/sub_category/59.png",Yummiez American Sweet Corn,Yu,98,110,400 g,4.5 (3.0k),In Stock,https://www.zeptonow.com/pn/yummiez-american-sweet-corn/pvid/8dee25c8-4a21-48f5-a33f-65e838a2ca10,"https://cdn.zeptonow.com/production/tr:w-1280,ar-1200-1200,pr-true,f-auto,q-80/cms/product_variant/9ac81fed-76dd-48f8-add2-8d92a9329626.jpeg"
Frozen Food & Ice Creams,Frozen Veggies & Pulp,"https://cdn.zeptonow.com/production/tr:w-90,ar-120-120,pr-true,f-auto,q-80/cms/sub_category/59.png",Yummiez Green Peas,Yu,259,280,1 kg,4.6 (6.7k),In Stock,https://www.zeptonow.com/pn/yummiez-green-peas/pvid/d0a89dbd-71da-4e79-8a70-1cceae9b28e9,"https://cdn.zeptonow.com/production/tr:w-1280,ar-1200-1200,pr-true,f-auto,q-80/cms/product_variant/21aa68be-c7b2-4c56-bd91-75cf12d2c7a7.jpeg"
Frozen Food & Ice Creams,Frozen Veggies & Pulp,"https://cdn.zeptonow.com/production/tr:w-90,ar-120-120,pr-true,f-auto,q-80/cms/sub_category/59.png",Frugivore Frozen Blueberry,Frugivore,638,980,500 g,4 (180),In Stock,https://www.zeptonow.com/pn/frugivore-frozen-blueberry/pvid/ddefa6d5-0e81-479c-ac14-427a13dbfd7b,"https://cdn.zeptonow.com/production/tr:w-1280,ar-1080-1080,pr-true,f-auto,q-80/cms/product_variant/5164a40a-92e3-4be1-9b54-9e60180f3874.jpeg"
Frozen Food & Ice Creams,Frozen Veggies & Pulp,"https://cdn.zeptonow.com/production/tr:w-90,ar-120-120,pr-true,f-auto,q-80/cms/sub_category/59.png",Frugivore Frozen Cranberry,Frugivore,312,480,200 g,5 (81),In Stock,https://www.zeptonow.com/pn/frugivore-frozen-cranberry/pvid/3cced78a-606d-4d09-8da9-c89c9b4f24ba,"https://cdn.zeptonow.com/production/tr:w-1280,ar-1080-1080,pr-true,f-auto,q-80/cms/product_variant/1ca64b34-a5d3-4731-be25-019113d4231c.jpeg"
Frozen Food & Ice Creams,Frozen Veggies & Pulp,"https://cdn.zeptonow.com/production/tr:w-90,ar-120-120,pr-true,f-auto,q-80/cms/sub_category/59.png",Frugivore Frozen Blueberry,Frugivore,270,415,200 g,4.5 (278),In Stock,https://www.zeptonow.com/pn/frugivore-frozen-blueberry/pvid/bc9f4266-4b01-40bf-b0b4-f8d9d2e2b829,"https://cdn.zeptonow.com/production/tr:w-1280,ar-2160-2160,pr-true,f-auto,q-80/cms/product_variant/217fe9cc-02d9-4958-8c31-05510dd58aaf.jpeg"
Frozen Food & Ice Creams,Frozen Veggies & Pulp,"https://cdn.zeptonow.com/production/tr:w-90,ar-120-120,pr-true,f-auto,q-80/cms/sub_category/59.png",Frugivore Frozen Raspberry,Frugivore,423,650,200 g,4.5 (115),In Stock,https://www.zeptonow.com/pn/frugivore-frozen-raspberry/pvid/85e35253-18c0-44a2-91d2-13510932d7bb,"https://cdn.zeptonow.com/production/tr:w-1280,ar-1080-1080,pr-true,f-auto,q-80/cms/product_variant/7c12b89d-ed4b-4382-bf45-c4ec5e2c046b.jpeg"
Frozen Food & Ice Creams,Frozen Veggies & Pulp,"https://cdn.zeptonow.com/production/tr:w-90,ar-120-120,pr-true,f-auto,q-80/cms/sub_category/59.png",ITC Farmland Frozen Green Peas 1 kg Combo,ITC,452,640,1 kg X 2,4.6 (385),In Stock,https://www.zeptonow.com/pn/itc-farmland-frozen-green-peas-1-kg-combo/pvid/63ac7ee9-99e5-4eb9-93b2-7d1a3d42f90b,"https://cdn.zeptonow.com/production/tr:w-1280,ar-1200-1200,pr-true,f-auto,q-80/cms/product_variant/6f9e52be-cc59-4b10-a4ac-8d1c3fc8b72c.jpg"
Frozen Food & Ice Creams,Frozen Veggies & Pulp,"https://cdn.zeptonow.com/production/tr:w-90,ar-120-120,pr-true,f-auto,q-80/cms/sub_category/59.png",Yummiez American Sweet Corn 400 g Combo,Yu,184,220,400 g X 2,4.4 (770),In Stock,https://www.zeptonow.com/pn/yummiez-american-sweet-corn-400-g-combo/pvid/e57348d3-fbb3-41ac-b4cb-e8124d2b4514,"https://cdn.zeptonow.com/production/tr:w-1280,ar-1566-1566,pr-true,f-auto,q-80/cms/product_variant/b7b96f1f-0c1b-4de5-8d6c-6a303d05dfe4.jpg"
Frozen Food & Ice Creams,Frozen Veggies & Pulp,"https://cdn.zeptonow.com/production/tr:w-90,ar-120-120,pr-true,f-auto,q-80/cms/sub_category/59.png",Yummiez Mixed Vegetables,Yu,99,110,500 g,4.4 (785),Sold Out,https://www.zeptonow.com/pn/yummiez-mixed-vegetables/pvid/b33a0fd6-ece7-484d-a58c-fd31cbaabbef,"https://cdn.zeptonow.com/production/tr:w-1280,ar-1200-1286,pr-true,f-auto,q-80/cms/product_variant/7f4aefbb-792e-42ea-bfff-f8cbc63c6c41.jpeg"
Frozen Food & Ice Creams,Frozen Veggies & Pulp,"https://cdn.zeptonow.com/production/tr:w-90,ar-120-120,pr-true,f-auto,q-80/cms/sub_category/59.png",Frugivore Frozen Mixed Berry,Frugivore,703,1080,500 g,3.9 (151),Sold Out,https://www.zeptonow.com/pn/frugivore-frozen-mixed-berry/pvid/e9ca8723-961f-43e5-9d9f-5aa891524d83,"https://cdn.zeptonow.com/production/tr:w-1280,ar-2160-2160,pr-true,f-auto,q-80/cms/product_variant/768af278-c792-4a03-9a82-0a9e0363c04e.jpeg"
Frozen Food & Ice Creams,Frozen Veggies & Pulp,"https://cdn.zeptonow.com/production/tr:w-90,ar-120-120,pr-true,f-auto,q-80/cms/sub_category/59.png",Pluckk Frozen Blueberry,Pluckk,200,269,200 g,4.4 (300),Sold Out,https://www.zeptonow.com/pn/pluckk-frozen-blueberry/pvid/8d932021-2392-416a-a571-3c8275c1e2ea,"https://cdn.zeptonow.com/production/tr:w-1280,ar-1200-1200,pr-true,f-auto,q-80/cms/product_variant/5824d30e-6728-4806-88a2-fa84c8f717bc.jpg"
Frozen Food & Ice Creams,Frozen Veggies & Pulp,"https://cdn.zeptonow.com/production/tr:w-90,ar-120-120,pr-true,f-auto,q-80/cms/sub_category/59.png",Pluckk Frozen Mixed Berries,Pluckk,219,299,200 g,4.1 (181),Sold Out,https://www.zeptonow.com/pn/pluckk-frozen-mixed-berries/pvid/52b980ce-9cdb-4d36-bfff-6ce96f9e6e34,"https://cdn.zeptonow.com/production/tr:w-1280,ar-1200-1200,pr-true,f-auto,q-80/cms/product_variant/5c6206bd-096f-4001-bd1e-be9514608272.jpg"
Frozen Food & Ice Creams,Frozen Veggies & Pulp,"https://cdn.zeptonow.com/production/tr:w-90,ar-120-120,pr-true,f-auto,q-80/cms/sub_category/59.png",Pluckk Frozen Raspberry,Pluckk,324,499,200 g,4.1 (93),Sold Out,https://www.zeptonow.com/pn/pluckk-frozen-raspberry/pvid/05d95671-a9a5-4868-91fa-80332e403610,"https://cdn.zeptonow.com/production/tr:w-1280,ar-1200-1200,pr-true,f-auto,q-80/cms/product_variant/b0c99fa2-6159-45ee-8042-c7e53dac67c6.jpg"
Frozen Food & Ice Creams,Frozen Veggies & Pulp,"https://cdn.zeptonow.com/production/tr:w-90,ar-120-120,pr-true,f-auto,q-80/cms/sub_category/59.png",Pluckk Frozen Strawberry,Pluckk,179,259,200 g,4.6 (171),Sold Out,https://www.zeptonow.com/pn/pluckk-frozen-strawberry/pvid/72d1412d-8707-4496-bb6b-006907bebf82,"https://cdn.zeptonow.com/production/tr:w-1280,ar-1200-1200,pr-true,f-auto,q-80/cms/product_variant/f46b59c6-96ab-42b8-9394-47582799f82f.jpg"
Frozen Food & Ice Creams,Frozen Veggies & Pulp,"https://cdn.zeptonow.com/production/tr:w-90,ar-120-120,pr-true,f-auto,q-80/cms/sub_category/59.png",Frugivore Frozen Blackberry,Frugivore,339,520,200 g,4.1 (136),Sold Out,https://www.zeptonow.com/pn/frugivore-frozen-blackberry/pvid/149d5356-620f-47c3-8ae0-1136a3528168,"https://cdn.zeptonow.com/production/tr:w-1280,ar-1080-1080,pr-true,f-auto,q-80/cms/product_variant/6f26e18e-cf3f-481d-b61d-d998202e169c.jpeg"
Frozen Food & Ice Creams,Frozen Veggies & Pulp,"https://cdn.zeptonow.com/production/tr:w-90,ar-120-120,pr-true,f-auto,q-80/cms/sub_category/59.png",Frugivore Frozen Mixed Berry,Frugivore,296,455,200 g,4.6 (169),Sold Out,https://www.zeptonow.com/pn/frugivore-frozen-mixed-berry/pvid/366e5508-a0bd-4357-ac4a-62d68fbaf163,"https://cdn.zeptonow.com/production/tr:w-1280,ar-1080-1080,pr-true,f-auto,q-80/cms/product_variant/6e03fd5a-c30f-4ded-94be-ec9e18fee098.jpeg"
Frozen Food & Ice Creams,Frozen Veggies & Pulp,"https://cdn.zeptonow.com/production/tr:w-90,ar-120-120,pr-true,f-auto,q-80/cms/sub_category/59.png",Frugivore Frozen Strawberry,Frugivore,166,255,200 g,4.5 (164),Sold Out,https://www.zeptonow.com/pn/frugivore-frozen-strawberry/pvid/1582f41f-a237-4a0d-903d-511149d87f1d,"https://cdn.zeptonow.com/production/tr:w-1280,ar-1080-1080,pr-true,f-auto,q-80/cms/product_variant/59138629-7903-4629-8839-be91f9bd1fd4.jpeg"
