main_category,sub_category,sub_category_image_url,product_name,brand,price,original_price,quantity,rating,stock_status,product_url,image_url
Fruits & Vegetables,All,"https://cdn.zeptonow.com/production/tr:w-90,ar-120-120,pr-true,f-auto,q-80/cms/sub_category/102e9688-c220-4a0e-bc35-0f0b16de6ad1.png","Coriander Leaves (Koththamalli) - Cleaned, with roots",Coriander,9,12,80 - 100 g,4.7 (100.6k),In Stock,https://www.zeptonow.com/pn/coriander-leaves-koththamalli-cleaned-with-roots/pvid/0343b088-753d-4dd9-b35c-2e497a059aec,"https://cdn.zeptonow.com/production/tr:w-1280,ar-3000-3000,pr-true,f-auto,q-80/cms/product_variant/67c49fc8-f524-4a3d-91f4-7623ec5ea49b.jpeg"
Fruits & Vegetables,All,"https://cdn.zeptonow.com/production/tr:w-90,ar-120-120,pr-true,f-auto,q-80/cms/sub_category/102e9688-c220-4a0e-bc35-0f0b16de6ad1.png",Tomato Country / Naattu Thakkali / நாட்டு தக்காளி,Tomato,30,34,500 g,4.1 (131.7k),In Stock,https://www.zeptonow.com/pn/tomato-country-naattu-thakkali/pvid/d60b2214-1856-4213-aa81-7e656fb64282,https://cdn.zeptonow.com/production/image_not_available.jpeg
Fruits & Vegetables,All,"https://cdn.zeptonow.com/production/tr:w-90,ar-120-120,pr-true,f-auto,q-80/cms/sub_category/102e9688-c220-4a0e-bc35-0f0b16de6ad1.png",Banana Robusta Semi Ripe,Banana,33,40,450 - 550 Grams,3.9 (22.9k),In Stock,https://www.zeptonow.com/pn/banana-robusta-semi-ripe/pvid/e71597b4-ee84-46be-bc18-d4ea8ea62fd5,"https://cdn.zeptonow.com/production/tr:w-1280,ar-500-500,pr-true,f-auto,q-80/cms/product_variant/386b93d5-d474-467d-b6d8-3e239a2b55d2.jpeg"
Fruits & Vegetables,All,"https://cdn.zeptonow.com/production/tr:w-90,ar-120-120,pr-true,f-auto,q-80/cms/sub_category/102e9688-c220-4a0e-bc35-0f0b16de6ad1.png",Mushroom Button (Kalaan),Mushroom,57,61,200 g,4.4 (32.6k),In Stock,https://www.zeptonow.com/pn/mushroom-button-kalaan/pvid/b2f4b868-288e-4f8e-a82c-c6bc748aa9e7,"https://cdn.zeptonow.com/production/tr:w-1280,ar-3000-3000,pr-true,f-auto,q-80/cms/product_variant/0ff5fd95-b253-426f-90fc-cbc0d1ce0078.jpeg"
Fruits & Vegetables,All,"https://cdn.zeptonow.com/production/tr:w-90,ar-120-120,pr-true,f-auto,q-80/cms/sub_category/102e9688-c220-4a0e-bc35-0f0b16de6ad1.png",Green Chilli (Pachchai Milagai),Green,12,12,100 g,4.6 (74.0k),In Stock,https://www.zeptonow.com/pn/green-chilli-pachchai-milagai/pvid/9ca4d4fe-5567-49e0-8d23-70fde79693b2,https://cdn.zeptonow.com/production/image_not_available.jpeg
Fruits & Vegetables,All,"https://cdn.zeptonow.com/production/tr:w-90,ar-120-120,pr-true,f-auto,q-80/cms/sub_category/102e9688-c220-4a0e-bc35-0f0b16de6ad1.png",Coconut Small,Coconut,43,55,1 pc,4.1 (41.1k),In Stock,https://www.zeptonow.com/pn/coconut-small/pvid/cc180bd8-cc9c-4688-878e-5931f5c9fcd1,https://cdn.zeptonow.com/production/image_not_available.jpeg
Fruits & Vegetables,All,"https://cdn.zeptonow.com/production/tr:w-90,ar-120-120,pr-true,f-auto,q-80/cms/sub_category/102e9688-c220-4a0e-bc35-0f0b16de6ad1.png",Onion (Vengayam),Onion,40,52,1 Pack (900 - 1000 Gm),4.4 (121.1k),In Stock,https://www.zeptonow.com/pn/onion-vengayam/pvid/ba3309c3-5743-41c0-bcb4-0748d8c615fc,https://cdn.zeptonow.com/production/image_not_available.jpeg
Fruits & Vegetables,All,"https://cdn.zeptonow.com/production/tr:w-90,ar-120-120,pr-true,f-auto,q-80/cms/sub_category/102e9688-c220-4a0e-bc35-0f0b16de6ad1.png",Snacky Avocado,Snacky,69,78,1 piece,4.2 (12.0k),In Stock,https://www.zeptonow.com/pn/snacky-avocado/pvid/41bdd706-3d49-4c67-abc2-364679e3a16b,https://cdn.zeptonow.com/production/image_not_available.jpeg
Fruits & Vegetables,All,"https://cdn.zeptonow.com/production/tr:w-90,ar-120-120,pr-true,f-auto,q-80/cms/sub_category/102e9688-c220-4a0e-bc35-0f0b16de6ad1.png",Mint Leaves,Mint,9,13,100 Grams,4.5 (132.6k),In Stock,https://www.zeptonow.com/pn/mint-leaves/pvid/3e562442-cf06-497a-bdbf-222eaa862d1a,https://cdn.zeptonow.com/production/image_not_available.jpeg
Fruits & Vegetables,All,"https://cdn.zeptonow.com/production/tr:w-90,ar-120-120,pr-true,f-auto,q-80/cms/sub_category/102e9688-c220-4a0e-bc35-0f0b16de6ad1.png",Lady Finger (Vendikaai),Lady,22,50,250 g,4.4 (65.8k),In Stock,https://www.zeptonow.com/pn/lady-finger-vendikaai/pvid/803ef336-d3ed-4150-b89c-4cd4ae984f61,https://cdn.zeptonow.com/production/image_not_available.jpeg
Fruits & Vegetables,All,"https://cdn.zeptonow.com/production/tr:w-90,ar-120-120,pr-true,f-auto,q-80/cms/sub_category/102e9688-c220-4a0e-bc35-0f0b16de6ad1.png",Banana Red Semi Ripe,Banana,64,80,450 - 550 Grams,4.1 (46.1k),In Stock,https://www.zeptonow.com/pn/banana-red-semi-ripe/pvid/e3c155e3-d2e3-4128-bd61-f0bd4891bafa,"https://cdn.zeptonow.com/production/tr:w-1280,ar-225-225,pr-true,f-auto,q-80/cms/product_variant/487d286e-852d-4a27-afa7-24fe7d675e13.jpeg"
Fruits & Vegetables,All,"https://cdn.zeptonow.com/production/tr:w-90,ar-120-120,pr-true,f-auto,q-80/cms/sub_category/102e9688-c220-4a0e-bc35-0f0b16de6ad1.png","Curry Leaves (Karuveppilai) - Cleaned, without roots",Curry,10,14,50 g,4.6 (49.9k),In Stock,https://www.zeptonow.com/pn/curry-leaves-karuveppilai-cleaned-without-roots/pvid/5edf84fc-85bd-4a69-adb1-3a67ae576f15,https://cdn.zeptonow.com/production/image_not_available.jpeg
Fruits & Vegetables,All,"https://cdn.zeptonow.com/production/tr:w-90,ar-120-120,pr-true,f-auto,q-80/cms/sub_category/102e9688-c220-4a0e-bc35-0f0b16de6ad1.png",Gooseberry (Amla - Nellikaai),Gooseberry,35,43,250 g,4.5 (17.8k),In Stock,https://www.zeptonow.com/pn/gooseberry-amla-nellikaai/pvid/cea5d053-a430-42e7-8c7b-0274dbda6186,https://cdn.zeptonow.com/production/image_not_available.jpeg
Fruits & Vegetables,All,"https://cdn.zeptonow.com/production/tr:w-90,ar-120-120,pr-true,f-auto,q-80/cms/sub_category/102e9688-c220-4a0e-bc35-0f0b16de6ad1.png",Potato (Urulai Kilangu),Potato,45,58,1 Pack (900 - 1000 Gm),4.2 (56.2k),In Stock,https://www.zeptonow.com/pn/potato-urulai-kilangu/pvid/dfb1fa72-a840-4d25-92a5-cd8e3d82604e,https://cdn.zeptonow.com/production/image_not_available.jpeg
Fruits & Vegetables,All,"https://cdn.zeptonow.com/production/tr:w-90,ar-120-120,pr-true,f-auto,q-80/cms/sub_category/102e9688-c220-4a0e-bc35-0f0b16de6ad1.png",Hydroponic Italian Basil,Hydroponic,8,18,35 g,4.5 (648),In Stock,https://www.zeptonow.com/pn/hydroponic-italian-basil/pvid/90b84c14-1fee-49d4-ae1e-afca3429d1f6,"https://cdn.zeptonow.com/production/tr:w-1280,ar-900-900,pr-true,f-auto,q-80/inventory/product/c99b2f74-983e-4386-8e99-37c59e1f3127-864ef758-6f5e-4bc3-b583-f18b87378544.jpeg"
Fruits & Vegetables,All,"https://cdn.zeptonow.com/production/tr:w-90,ar-120-120,pr-true,f-auto,q-80/cms/sub_category/102e9688-c220-4a0e-bc35-0f0b16de6ad1.png",Coccinia (Kovakkai),Coccinia,19,20,250 g,4.2 (32.5k),In Stock,https://www.zeptonow.com/pn/coccinia-kovakkai/pvid/ffc1cd49-6e8a-479c-bf1f-428bac041a76,https://cdn.zeptonow.com/production/image_not_available.jpeg
Fruits & Vegetables,All,"https://cdn.zeptonow.com/production/tr:w-90,ar-120-120,pr-true,f-auto,q-80/cms/sub_category/102e9688-c220-4a0e-bc35-0f0b16de6ad1.png",Lemon (Elumichai Pazham),Lemon,20,27,200 g,4.5 (28.8k),In Stock,https://www.zeptonow.com/pn/lemon-elumichai-pazham/pvid/669f26cb-9136-434d-82b4-68ba9857fdeb,"https://cdn.zeptonow.com/production/tr:w-1280,ar-3000-3000,pr-true,f-auto,q-80/cms/product_variant/18dedbe2-6ba6-40b2-9160-33f525288120.jpeg"
Fruits & Vegetables,All,"https://cdn.zeptonow.com/production/tr:w-90,ar-120-120,pr-true,f-auto,q-80/cms/sub_category/102e9688-c220-4a0e-bc35-0f0b16de6ad1.png",Banana Poovan Semi ripe,Banana,41,52,450 - 550 Grams,3.9 (22.5k),In Stock,https://www.zeptonow.com/pn/banana-poovan-semi-ripe/pvid/7e6f3747-1907-438b-a460-f64a48cc80b4,"https://cdn.zeptonow.com/production/tr:w-1280,ar-500-500,pr-true,f-auto,q-80/cms/product_variant/3335d99a-86f1-43c9-b889-ac2d5f21d85f.jpeg"
Fruits & Vegetables,All,"https://cdn.zeptonow.com/production/tr:w-90,ar-120-120,pr-true,f-auto,q-80/cms/sub_category/102e9688-c220-4a0e-bc35-0f0b16de6ad1.png",Ginger (Inji),Ginger,26,26,200 g,4.5 (54.1k),In Stock,https://www.zeptonow.com/pn/ginger-inji/pvid/ce7e0604-343d-44f0-8711-e2137d151758,https://cdn.zeptonow.com/production/image_not_available.jpeg
Fruits & Vegetables,All,"https://cdn.zeptonow.com/production/tr:w-90,ar-120-120,pr-true,f-auto,q-80/cms/sub_category/102e9688-c220-4a0e-bc35-0f0b16de6ad1.png",Beans Haricot,Beans,29,29,250 g,4.6 (30.6k),In Stock,https://www.zeptonow.com/pn/beans-haricot/pvid/bc16bca4-db53-4fc3-b826-a1e8776c98ed,https://cdn.zeptonow.com/production/image_not_available.jpeg
Fruits & Vegetables,All,"https://cdn.zeptonow.com/production/tr:w-90,ar-120-120,pr-true,f-auto,q-80/cms/sub_category/102e9688-c220-4a0e-bc35-0f0b16de6ad1.png",Banana Elaichi / Yelakki Semi Ripe,Banana,71,90,450 - 550 Grams,4.3 (25.9k),In Stock,https://www.zeptonow.com/pn/banana-elaichi-yelakki-semi-ripe/pvid/30204347-ffff-4bf8-8fa3-05ec344ea85a,"https://cdn.zeptonow.com/production/tr:w-1280,ar-695-695,pr-true,f-auto,q-80/cms/product_variant/4c5d477b-b0ca-432a-a305-e589e5bca373.jpeg"
Fruits & Vegetables,All,"https://cdn.zeptonow.com/production/tr:w-90,ar-120-120,pr-true,f-auto,q-80/cms/sub_category/102e9688-c220-4a0e-bc35-0f0b16de6ad1.png",Beetroot,Beetroot,25,33,500 g,4.2 (54.7k),In Stock,https://www.zeptonow.com/pn/beetroot/pvid/6b6ec088-e025-42d3-b64e-c3fec13f593e,https://cdn.zeptonow.com/production/image_not_available.jpeg
Fruits & Vegetables,All,"https://cdn.zeptonow.com/production/tr:w-90,ar-120-120,pr-true,f-auto,q-80/cms/sub_category/102e9688-c220-4a0e-bc35-0f0b16de6ad1.png",Capsicum Red & Yellow,Capsicum,42,91,2 x (200 - 300 g),4.3 (601),In Stock,https://www.zeptonow.com/pn/capsicum-red-yellow/pvid/4d82f8c1-e956-4936-a70a-6576fc2eebf9,https://cdn.zeptonow.com/production/image_not_available.jpeg
Fruits & Vegetables,All,"https://cdn.zeptonow.com/production/tr:w-90,ar-120-120,pr-true,f-auto,q-80/cms/sub_category/102e9688-c220-4a0e-bc35-0f0b16de6ad1.png",Mosambi,Mosambi,59,73,1 kg,4.1 (15.7k),In Stock,https://www.zeptonow.com/pn/mosambi/pvid/4bbdeca6-16bd-4dc7-8b71-9d2b3ccdbe13,"https://cdn.zeptonow.com/production/tr:w-1280,ar-3000-3000,pr-true,f-auto,q-80/cms/product_variant/1a0896ea-c9e3-4712-b626-defdec94ab37.jpeg"
Fruits & Vegetables,All,"https://cdn.zeptonow.com/production/tr:w-90,ar-120-120,pr-true,f-auto,q-80/cms/sub_category/102e9688-c220-4a0e-bc35-0f0b16de6ad1.png",Garlic,Garlic,35,48,200 g,4.4 (28.5k),In Stock,https://www.zeptonow.com/pn/garlic/pvid/4e892e81-6e12-4fc9-b039-37a598b26a8b,https://cdn.zeptonow.com/production/image_not_available.jpeg
Fruits & Vegetables,All,"https://cdn.zeptonow.com/production/tr:w-90,ar-120-120,pr-true,f-auto,q-80/cms/sub_category/102e9688-c220-4a0e-bc35-0f0b16de6ad1.png",Pineapple (Annachi Pazham) Semi Ripe,Pineapple,70,89,750 g - 1 kg,4.4 (567),In Stock,https://www.zeptonow.com/pn/pineapple-annachi-pazham-semi-ripe/pvid/18a7a9ea-a832-489c-a7e8-fd0956b5007d,https://cdn.zeptonow.com/production/image_not_available.jpeg
Fruits & Vegetables,All,"https://cdn.zeptonow.com/production/tr:w-90,ar-120-120,pr-true,f-auto,q-80/cms/sub_category/102e9688-c220-4a0e-bc35-0f0b16de6ad1.png",Ginger (Inji),Ginger,14,14,100-150 gm,4.3 (4.0k),In Stock,https://www.zeptonow.com/pn/ginger-inji/pvid/32638d88-79ff-40b3-b88f-85fb96c190f5,https://cdn.zeptonow.com/production/image_not_available.jpeg
Fruits & Vegetables,All,"https://cdn.zeptonow.com/production/tr:w-90,ar-120-120,pr-true,f-auto,q-80/cms/sub_category/102e9688-c220-4a0e-bc35-0f0b16de6ad1.png",Papaya / Pappali Semi Ripe,Papaya,68,83,800 Gms- 1500 Gms,3.9 (10.2k),In Stock,https://www.zeptonow.com/pn/papaya-pappali-semi-ripe/pvid/983332e8-4698-454c-a338-3372cea6d03c,https://cdn.zeptonow.com/production/image_not_available.jpeg
Fruits & Vegetables,All,"https://cdn.zeptonow.com/production/tr:w-90,ar-120-120,pr-true,f-auto,q-80/cms/sub_category/102e9688-c220-4a0e-bc35-0f0b16de6ad1.png",Siru Keerai - With roots,Siru,20,25,220 - 250 g,4.2 (13.1k),In Stock,https://www.zeptonow.com/pn/siru-keerai-with-roots/pvid/e7f168b7-d188-4cb0-85a5-093110ac8322,"https://cdn.zeptonow.com/production/tr:w-1280,ar-500-500,pr-true,f-auto,q-80/inventory/product/653ab0f3-b080-4785-a2b7-65245751d39f-tmp/e038fe40-7dfa-4094-95be-43d98ecc9c10.jpeg"
Fruits & Vegetables,All,"https://cdn.zeptonow.com/production/tr:w-90,ar-120-120,pr-true,f-auto,q-80/cms/sub_category/102e9688-c220-4a0e-bc35-0f0b16de6ad1.png",Coconut (Thengaai),Coconut,54,68,1 pc,3.9 (5.3k),In Stock,https://www.zeptonow.com/pn/coconut-thengaai/pvid/0e9f7169-7a3e-4fdd-889c-64f9281e6b93,https://cdn.zeptonow.com/production/image_not_available.jpeg
Fruits & Vegetables,All,"https://cdn.zeptonow.com/production/tr:w-90,ar-120-120,pr-true,f-auto,q-80/cms/sub_category/102e9688-c220-4a0e-bc35-0f0b16de6ad1.png",Amaranth Leaves (Mulai Keerai),Amaranth,20,25,220 - 250 g,4.4 (7.2k),In Stock,https://www.zeptonow.com/pn/amaranth-leaves-mulai-keerai/pvid/b9b1f659-73a4-435b-b53b-50a8ef554be7,https://cdn.zeptonow.com/production/image_not_available.jpeg
Fruits & Vegetables,All,"https://cdn.zeptonow.com/production/tr:w-90,ar-120-120,pr-true,f-auto,q-80/cms/sub_category/102e9688-c220-4a0e-bc35-0f0b16de6ad1.png",Brinjal Kateri (Kathirikai Vari),Brinjal,20,20,250 g,4.2 (36.1k),In Stock,https://www.zeptonow.com/pn/brinjal-kateri-kathirikai-vari/pvid/5ea9e580-27f9-4119-bb5f-a77d7f361d17,"https://cdn.zeptonow.com/production/tr:w-0.98,h-0.98,f-auto/cms/product_variant/944383db-e0b0-4e73-aab8-0277fbf1397a.jpeg"
Fruits & Vegetables,All,"https://cdn.zeptonow.com/production/tr:w-90,ar-120-120,pr-true,f-auto,q-80/cms/sub_category/102e9688-c220-4a0e-bc35-0f0b16de6ad1.png",Banana Robusta Semi Ripe,Banana,11,24,250-400 g,4.6 (101),In Stock,https://www.zeptonow.com/pn/banana-robusta-semi-ripe/pvid/8784b7dd-60f4-4a8a-a444-7a64a4531349,https://cdn.zeptonow.com/production/image_not_available.jpeg
Fruits & Vegetables,All,"https://cdn.zeptonow.com/production/tr:w-90,ar-120-120,pr-true,f-auto,q-80/cms/sub_category/102e9688-c220-4a0e-bc35-0f0b16de6ad1.png",Banana Raw (Vazhaikaai),Banana,29,32,2 pcs,4.3 (11.0k),In Stock,https://www.zeptonow.com/pn/banana-raw-vazhaikaai/pvid/83615f2c-ed6b-4617-b472-2cc4feca9511,https://cdn.zeptonow.com/production/image_not_available.jpeg
Fruits & Vegetables,All,"https://cdn.zeptonow.com/production/tr:w-90,ar-120-120,pr-true,f-auto,q-80/cms/sub_category/102e9688-c220-4a0e-bc35-0f0b16de6ad1.png",Colocasia (Seppankilangu),Colocasia,15,18,250 g,4.3 (14.9k),In Stock,https://www.zeptonow.com/pn/colocasia-seppankilangu/pvid/be9f17c1-3dd1-4fc3-acc5-b355667fe29d,https://cdn.zeptonow.com/production/image_not_available.jpeg
Fruits & Vegetables,All,"https://cdn.zeptonow.com/production/tr:w-90,ar-120-120,pr-true,f-auto,q-80/cms/sub_category/102e9688-c220-4a0e-bc35-0f0b16de6ad1.png",Spring Onion,Spring,29,29,150 - 200 g,4.3 (5.8k),In Stock,https://www.zeptonow.com/pn/spring-onion/pvid/483e7bbc-61df-45d2-9b67-c4af1c2afe1d,https://cdn.zeptonow.com/production/image_not_available.jpeg
Fruits & Vegetables,All,"https://cdn.zeptonow.com/production/tr:w-90,ar-120-120,pr-true,f-auto,q-80/cms/sub_category/102e9688-c220-4a0e-bc35-0f0b16de6ad1.png",Sweet Corn,Sweet,36,40,1 piece,4.2 (4.7k),In Stock,https://www.zeptonow.com/pn/sweet-corn/pvid/72cb1fc4-fd27-43cc-88d9-b9fc7af71693,https://cdn.zeptonow.com/production/image_not_available.jpeg
Fruits & Vegetables,All,"https://cdn.zeptonow.com/production/tr:w-90,ar-120-120,pr-true,f-auto,q-80/cms/sub_category/102e9688-c220-4a0e-bc35-0f0b16de6ad1.png",Methi Leaves,Methi,26,34,250 g,4.5 (2.4k),In Stock,https://www.zeptonow.com/pn/methi-leaves/pvid/6e784870-cae4-47ac-ba08-bb7d9a4100dd,https://cdn.zeptonow.com/production/image_not_available.jpeg
Fruits & Vegetables,All,"https://cdn.zeptonow.com/production/tr:w-90,ar-120-120,pr-true,f-auto,q-80/cms/sub_category/102e9688-c220-4a0e-bc35-0f0b16de6ad1.png",Sambar Onion (Chinna Vengayam),Sambar,30,40,250 g,4.3 (32.2k),In Stock,https://www.zeptonow.com/pn/sambar-onion-chinna-vengayam/pvid/6926fece-4bb9-46bf-a6b7-7515b8606d4e,https://cdn.zeptonow.com/production/image_not_available.jpeg
Fruits & Vegetables,All,"https://cdn.zeptonow.com/production/tr:w-90,ar-120-120,pr-true,f-auto,q-80/cms/sub_category/102e9688-c220-4a0e-bc35-0f0b16de6ad1.png",Banana Nendran Semi Ripe,Banana,50,64,450 - 550 Grams,4.2 (7.6k),In Stock,https://www.zeptonow.com/pn/banana-nendran-semi-ripe/pvid/f79a4cf0-b860-4dbc-8df4-b9323a3fecab,"https://cdn.zeptonow.com/production/tr:w-1280,ar-500-500,pr-true,f-auto,q-80/cms/product_variant/5e21c6b3-9954-4c1c-8e08-0812cf344725.jpeg"
Fruits & Vegetables,All,"https://cdn.zeptonow.com/production/tr:w-90,ar-120-120,pr-true,f-auto,q-80/cms/sub_category/102e9688-c220-4a0e-bc35-0f0b16de6ad1.png","Gongura Leaves - Cleaned, without roots",Gongura,21,27,220 - 250 g,4.2 (8.7k),In Stock,https://www.zeptonow.com/pn/gongura-leaves-cleaned-without-roots/pvid/96fa6d41-b87e-4103-b87f-438f605157cf,"https://cdn.zeptonow.com/production/tr:w-1280,ar-872-583,pr-true,f-auto,q-80/inventory/product/a16fde67-ffd1-47c6-9eda-7d32960a9390-8d662c0f-b8fb-46ba-815a-e5faee1beb93.jpeg"
Fruits & Vegetables,All,"https://cdn.zeptonow.com/production/tr:w-90,ar-120-120,pr-true,f-auto,q-80/cms/sub_category/102e9688-c220-4a0e-bc35-0f0b16de6ad1.png",Cucumber Green (Vellarikaai),Cucumber,39,49,400 - 500 Grams,4.3 (42.0k),In Stock,https://www.zeptonow.com/pn/cucumber-green-vellarikaai/pvid/dc997d9c-1e20-4cba-b725-ef4e9dd0778e,"https://cdn.zeptonow.com/production/tr:w-1280,ar-3000-3000,pr-true,f-auto,q-80/cms/product_variant/31277fc8-9855-4005-b7d9-cee768f62b17.jpeg"
Fruits & Vegetables,All,"https://cdn.zeptonow.com/production/tr:w-90,ar-120-120,pr-true,f-auto,q-80/cms/sub_category/102e9688-c220-4a0e-bc35-0f0b16de6ad1.png",Avocado Hass Imported,Avocado,82,102,1 pc,4.3 (3.0k),In Stock,https://www.zeptonow.com/pn/avocado-hass-imported/pvid/00b7561d-7c6b-4bdf-a283-484222105c86,https://cdn.zeptonow.com/production/image_not_available.jpeg
Fruits & Vegetables,All,"https://cdn.zeptonow.com/production/tr:w-90,ar-120-120,pr-true,f-auto,q-80/cms/sub_category/102e9688-c220-4a0e-bc35-0f0b16de6ad1.png",Tomato Country / Naattu Thakkali,Tomato,14,14,200-300 g,4.3 (409),In Stock,https://www.zeptonow.com/pn/tomato-country-naattu-thakkali/pvid/2442706e-1c1d-4017-9183-270b37bedced,https://cdn.zeptonow.com/production/image_not_available.jpeg
Fruits & Vegetables,All,"https://cdn.zeptonow.com/production/tr:w-90,ar-120-120,pr-true,f-auto,q-80/cms/sub_category/102e9688-c220-4a0e-bc35-0f0b16de6ad1.png",Muskmelon (Kirni Pazham),Muskmelon,44,48,750 - 1000 g,3.9 (19.9k),In Stock,https://www.zeptonow.com/pn/muskmelon-kirni-pazham/pvid/1eb8d62c-2432-48e6-84e6-2fdf06c1b198,"https://cdn.zeptonow.com/production/tr:w-1280,ar-2924-3000,pr-true,f-auto,q-80/cms/product_variant/42b1835f-c87a-42ee-adc2-b21668b76582.jpeg"
Fruits & Vegetables,All,"https://cdn.zeptonow.com/production/tr:w-90,ar-120-120,pr-true,f-auto,q-80/cms/sub_category/102e9688-c220-4a0e-bc35-0f0b16de6ad1.png",Amaranth Red Leaves (Red Mulai Keerai),Amaranth,21,27,220 - 250 g,4.2 (1.5k),In Stock,https://www.zeptonow.com/pn/amaranth-red-leaves-red-mulai-keerai/pvid/57bf1014-0122-4115-b711-f91866f10f3a,"https://cdn.zeptonow.com/production/tr:w-1280,ar-3000-3000,pr-true,f-auto,q-80/cms/product_variant/88f1efe0-2e71-4d00-8d5a-8b9050fabef6.jpeg"
Fruits & Vegetables,All,"https://cdn.zeptonow.com/production/tr:w-90,ar-120-120,pr-true,f-auto,q-80/cms/sub_category/102e9688-c220-4a0e-bc35-0f0b16de6ad1.png",Banana Karpooravalli Semi Ripe,Banana,59,64,475 - 500 g,3.9 (17.4k),In Stock,https://www.zeptonow.com/pn/banana-karpooravalli-semi-ripe/pvid/b89bf34c-36a4-4789-98bc-b4af4ed915d3,https://cdn.zeptonow.com/production/image_not_available.jpeg
Fruits & Vegetables,All,"https://cdn.zeptonow.com/production/tr:w-90,ar-120-120,pr-true,f-auto,q-80/cms/sub_category/102e9688-c220-4a0e-bc35-0f0b16de6ad1.png",Sweet Potato,Sweet,43,50,500 g,3.9 (26.4k),In Stock,https://www.zeptonow.com/pn/sweet-potato/pvid/c1f2d2a1-f366-481b-b404-a299c6625a87,https://cdn.zeptonow.com/production/image_not_available.jpeg
Fruits & Vegetables,All,"https://cdn.zeptonow.com/production/tr:w-90,ar-120-120,pr-true,f-auto,q-80/cms/sub_category/102e9688-c220-4a0e-bc35-0f0b16de6ad1.png",Brinjal Purple Ujala (Kaththirikkai),Brinjal,14,26,250 g,4.3 (16.5k),In Stock,https://www.zeptonow.com/pn/brinjal-purple-ujala-kaththirikkai/pvid/eafe06ad-6107-487b-b948-bccfbb457a30,https://cdn.zeptonow.com/production/image_not_available.jpeg
Fruits & Vegetables,All,"https://cdn.zeptonow.com/production/tr:w-90,ar-120-120,pr-true,f-auto,q-80/cms/sub_category/102e9688-c220-4a0e-bc35-0f0b16de6ad1.png",Pea Eggplant/Sundaikai,Pea,9,22,100 g,4.4 (11.1k),In Stock,https://www.zeptonow.com/pn/pea-eggplantsundaikai/pvid/705f74ea-83ad-4f6a-8e10-e42178e94870,https://cdn.zeptonow.com/production/image_not_available.jpeg
Fruits & Vegetables,All,"https://cdn.zeptonow.com/production/tr:w-90,ar-120-120,pr-true,f-auto,q-80/cms/sub_category/102e9688-c220-4a0e-bc35-0f0b16de6ad1.png",Tomato Hybrid,Tomato,46,46,500 g,4.3 (140.4k),In Stock,https://www.zeptonow.com/pn/tomato-hybrid/pvid/e2157763-f106-44bf-984c-171f445cf591,https://cdn.zeptonow.com/production/image_not_available.jpeg
Fruits & Vegetables,All,"https://cdn.zeptonow.com/production/tr:w-90,ar-120-120,pr-true,f-auto,q-80/cms/sub_category/102e9688-c220-4a0e-bc35-0f0b16de6ad1.png",Pomegranate Regular,Pomegranate,250,279,1 kg,4.1 (7.8k),In Stock,https://www.zeptonow.com/pn/pomegranate-regular/pvid/0b63db2f-83b0-4893-9a47-35b459fbfe13,"https://cdn.zeptonow.com/production/tr:w-1280,ar-300-300,pr-true,f-auto,q-80/inventory/product/3c3efcb9-6b98-4570-8356-26308e822777-/tmp/20230109-120140.jpeg"
Fruits & Vegetables,All,"https://cdn.zeptonow.com/production/tr:w-90,ar-120-120,pr-true,f-auto,q-80/cms/sub_category/102e9688-c220-4a0e-bc35-0f0b16de6ad1.png",Plum Indian,Plum,62,78,250 g,3.9 (2.1k),In Stock,https://www.zeptonow.com/pn/plum-indian/pvid/63adfef5-d200-4fcd-aea4-aa5a52355c30,"https://cdn.zeptonow.com/production/tr:w-1280,ar-2000-2000,pr-true,f-auto,q-80/cms/product_variant/c5f62f91-8d72-40df-8b32-62b91734f872.jpeg"
Fruits & Vegetables,All,"https://cdn.zeptonow.com/production/tr:w-90,ar-120-120,pr-true,f-auto,q-80/cms/sub_category/102e9688-c220-4a0e-bc35-0f0b16de6ad1.png",Leeks,Leeks,25,76,100 g,5 (80),In Stock,https://www.zeptonow.com/pn/leeks/pvid/8b0674aa-1224-4093-a230-44ee9aa071ba,https://cdn.zeptonow.com/production/image_not_available.jpeg
Fruits & Vegetables,All,"https://cdn.zeptonow.com/production/tr:w-90,ar-120-120,pr-true,f-auto,q-80/cms/sub_category/102e9688-c220-4a0e-bc35-0f0b16de6ad1.png",Cucumber English,Cucumber,42,44,500 g,4.4 (32.0k),In Stock,https://www.zeptonow.com/pn/cucumber-english/pvid/c2bade34-bc42-4ca7-9bbb-83f12b022df7,https://cdn.zeptonow.com/production/image_not_available.jpeg
Fruits & Vegetables,All,"https://cdn.zeptonow.com/production/tr:w-90,ar-120-120,pr-true,f-auto,q-80/cms/sub_category/102e9688-c220-4a0e-bc35-0f0b16de6ad1.png",Beans Cluster (Seeni Avaraikkaai),Beans,12,30,250 g,4.2 (13.0k),In Stock,https://www.zeptonow.com/pn/beans-cluster-seeni-avaraikkaai/pvid/c9656a90-1235-45d2-89a6-b22eb45ec156,https://cdn.zeptonow.com/production/image_not_available.jpeg
Fruits & Vegetables,All,"https://cdn.zeptonow.com/production/tr:w-90,ar-120-120,pr-true,f-auto,q-80/cms/sub_category/102e9688-c220-4a0e-bc35-0f0b16de6ad1.png",Banana Elaichi / Yelakki Semi Ripe,Banana,37,40,3 pc (200-300 gm),3.9 (578),In Stock,https://www.zeptonow.com/pn/banana-elaichi-yelakki-semi-ripe/pvid/7b3477ff-6557-40a4-8657-eb54dc7c8512,https://cdn.zeptonow.com/production/image_not_available.jpeg
Fruits & Vegetables,All,"https://cdn.zeptonow.com/production/tr:w-90,ar-120-120,pr-true,f-auto,q-80/cms/sub_category/102e9688-c220-4a0e-bc35-0f0b16de6ad1.png",Kiwi Green,Kiwi,103,133,3 pcs,4.2 (13.1k),In Stock,https://www.zeptonow.com/pn/kiwi-green/pvid/2d7bff95-594e-4049-ab13-2ab857197e2a,https://cdn.zeptonow.com/production/image_not_available.jpeg
Fruits & Vegetables,All,"https://cdn.zeptonow.com/production/tr:w-90,ar-120-120,pr-true,f-auto,q-80/cms/sub_category/102e9688-c220-4a0e-bc35-0f0b16de6ad1.png",Ridge Gourd (Peerkkankaai),Ridge,42,57,400 - 500 g,4.2 (4.2k),In Stock,https://www.zeptonow.com/pn/ridge-gourd-peerkkankaai/pvid/90cc4ecc-794c-464e-a636-181b09ec812c,https://cdn.zeptonow.com/production/image_not_available.jpeg
Fruits & Vegetables,All,"https://cdn.zeptonow.com/production/tr:w-90,ar-120-120,pr-true,f-auto,q-80/cms/sub_category/102e9688-c220-4a0e-bc35-0f0b16de6ad1.png",Ash Gourd,Ash,37,45,1 pc (1 - 1.5 kg),4.6 (3.2k),In Stock,https://www.zeptonow.com/pn/ash-gourd/pvid/ea723eed-ff72-4db5-af92-d3d8642c3ff3,https://cdn.zeptonow.com/production/image_not_available.jpeg
Fruits & Vegetables,All,"https://cdn.zeptonow.com/production/tr:w-90,ar-120-120,pr-true,f-auto,q-80/cms/sub_category/102e9688-c220-4a0e-bc35-0f0b16de6ad1.png",Pomegranate Premium,Pomegranate,202,207,2 Pcs (500-600),4.3 (1.9k),In Stock,https://www.zeptonow.com/pn/pomegranate-premium/pvid/54c77878-8cb0-4ac4-94f5-73e566ca4bfd,https://cdn.zeptonow.com/production/image_not_available.jpeg
Fruits & Vegetables,All,"https://cdn.zeptonow.com/production/tr:w-90,ar-120-120,pr-true,f-auto,q-80/cms/sub_category/102e9688-c220-4a0e-bc35-0f0b16de6ad1.png",Pear Green Imported,Pear,121,121,2 Pieces 280 - 300 g,4.7 (538),In Stock,https://www.zeptonow.com/pn/pear-green-imported/pvid/680cd2e6-e14b-49d9-9769-60a5d04dba11,https://cdn.zeptonow.com/production/image_not_available.jpeg
Fruits & Vegetables,All,"https://cdn.zeptonow.com/production/tr:w-90,ar-120-120,pr-true,f-auto,q-80/cms/sub_category/102e9688-c220-4a0e-bc35-0f0b16de6ad1.png",Lemongrass,Lemongrass,25,85,100 g,4.2 (719),In Stock,https://www.zeptonow.com/pn/lemongrass/pvid/925555c4-b405-4e4b-af57-02c39055258a,https://cdn.zeptonow.com/production/image_not_available.jpeg
Fruits & Vegetables,All,"https://cdn.zeptonow.com/production/tr:w-90,ar-120-120,pr-true,f-auto,q-80/cms/sub_category/102e9688-c220-4a0e-bc35-0f0b16de6ad1.png",Capsicum Green (Kudai Milagaai),Capsicum,54,75,500 g,4.3 (14.6k),In Stock,https://www.zeptonow.com/pn/capsicum-green-kudai-milagaai/pvid/7a388977-67c7-4b10-b575-6438e3c26775,https://cdn.zeptonow.com/production/image_not_available.jpeg
Fruits & Vegetables,All,"https://cdn.zeptonow.com/production/tr:w-90,ar-120-120,pr-true,f-auto,q-80/cms/sub_category/102e9688-c220-4a0e-bc35-0f0b16de6ad1.png",Pumpkin Disco,Pumpkin,52,67,1 pc,4.3 (2.5k),In Stock,https://www.zeptonow.com/pn/pumpkin-disco/pvid/41294d08-004b-4042-8646-519095c3b7db,https://cdn.zeptonow.com/production/image_not_available.jpeg
Fruits & Vegetables,All,"https://cdn.zeptonow.com/production/tr:w-90,ar-120-120,pr-true,f-auto,q-80/cms/sub_category/102e9688-c220-4a0e-bc35-0f0b16de6ad1.png",Radish White,Radish,17,18,200-300 gm,4.3 (501),In Stock,https://www.zeptonow.com/pn/radish-white/pvid/7c9b8a12-d781-4f99-864f-a39c9ef49c13,https://cdn.zeptonow.com/production/image_not_available.jpeg
Fruits & Vegetables,All,"https://cdn.zeptonow.com/production/tr:w-90,ar-120-120,pr-true,f-auto,q-80/cms/sub_category/102e9688-c220-4a0e-bc35-0f0b16de6ad1.png",Tapioca / Maravallikilangu,Tapioca,33,37,600 g - 1 kg,4.5 (791),In Stock,https://www.zeptonow.com/pn/tapioca-maravallikilangu/pvid/1f5d8b20-8a5d-40da-be74-329ca8348971,https://cdn.zeptonow.com/production/image_not_available.jpeg
Fruits & Vegetables,All,"https://cdn.zeptonow.com/production/tr:w-90,ar-120-120,pr-true,f-auto,q-80/cms/sub_category/102e9688-c220-4a0e-bc35-0f0b16de6ad1.png",Beetroot,Beetroot,11,17,1 pc (150-250 gm),4 (1.3k),In Stock,https://www.zeptonow.com/pn/beetroot/pvid/5f7aeee9-d226-4b51-86e0-602adf669d64,https://cdn.zeptonow.com/production/image_not_available.jpeg
Fruits & Vegetables,All,"https://cdn.zeptonow.com/production/tr:w-90,ar-120-120,pr-true,f-auto,q-80/cms/sub_category/102e9688-c220-4a0e-bc35-0f0b16de6ad1.png",Cucumber Green (Vellarikaai),Cucumber,23,27,200-300 gm,4 (586),In Stock,https://www.zeptonow.com/pn/cucumber-green-vellarikaai/pvid/fb1e2ce0-7a8c-4de7-bb7b-8c304bf4c871,https://cdn.zeptonow.com/production/image_not_available.jpeg
Fruits & Vegetables,All,"https://cdn.zeptonow.com/production/tr:w-90,ar-120-120,pr-true,f-auto,q-80/cms/sub_category/102e9688-c220-4a0e-bc35-0f0b16de6ad1.png",Cucumber English,Cucumber,22,22,200-300 gm,4.3 (1.1k),In Stock,https://www.zeptonow.com/pn/cucumber-english/pvid/65c4ee6a-3cfe-4dc6-8c22-b0d0c1ac1261,https://cdn.zeptonow.com/production/image_not_available.jpeg
Fruits & Vegetables,All,"https://cdn.zeptonow.com/production/tr:w-90,ar-120-120,pr-true,f-auto,q-80/cms/sub_category/102e9688-c220-4a0e-bc35-0f0b16de6ad1.png",Baby Potato (Chinna Urulaikilangu),Baby,47,47,500 g,4.4 (5.0k),In Stock,https://www.zeptonow.com/pn/baby-potato-chinna-urulaikilangu/pvid/07b01184-4875-4fce-a411-dd3b0a36aceb,https://cdn.zeptonow.com/production/image_not_available.jpeg
Fruits & Vegetables,All,"https://cdn.zeptonow.com/production/tr:w-90,ar-120-120,pr-true,f-auto,q-80/cms/sub_category/102e9688-c220-4a0e-bc35-0f0b16de6ad1.png",Green Pumpkin,Green,54,54,1 piece,4.2 (483),In Stock,https://www.zeptonow.com/pn/green-pumpkin/pvid/194f808a-2b45-4dae-81a4-56814ded12df,https://cdn.zeptonow.com/production/image_not_available.jpeg
Fruits & Vegetables,All,"https://cdn.zeptonow.com/production/tr:w-90,ar-120-120,pr-true,f-auto,q-80/cms/sub_category/102e9688-c220-4a0e-bc35-0f0b16de6ad1.png",Lotus Stem,Lotus,51,64,2 pcs,4.4 (997),In Stock,https://www.zeptonow.com/pn/lotus-stem/pvid/c7dbb524-5480-460d-bd90-9ecf7c394ca3,"https://cdn.zeptonow.com/production/tr:w-1280,ar-500-500,pr-true,f-auto,q-80/inventory/product/718e489c-145a-49c4-a107-1e91fbf9304c-/tmp/20230731-1333321.jpeg"
Fruits & Vegetables,All,"https://cdn.zeptonow.com/production/tr:w-90,ar-120-120,pr-true,f-auto,q-80/cms/sub_category/102e9688-c220-4a0e-bc35-0f0b16de6ad1.png",Green Chilli (Pachchai Milagai) 100 g Combo,Green,24,24,100 g X 2,4.7 (528),In Stock,https://www.zeptonow.com/pn/green-chilli-pachchai-milagai-100-g-combo/pvid/72aa9231-f778-4133-b60f-b89e9ca2761e,"https://cdn.zeptonow.com/production/tr:w-1280,ar-3000-3000,pr-true,f-auto,q-80/cms/product_variant/dd16fe17-16d2-49de-846f-f8bf6228080e.jpeg"
Fruits & Vegetables,All,"https://cdn.zeptonow.com/production/tr:w-90,ar-120-120,pr-true,f-auto,q-80/cms/sub_category/102e9688-c220-4a0e-bc35-0f0b16de6ad1.png",Lemon (Elumichai Pazham)(200gms) & Mint Leaves(100gms) Combo,Lemon,28,40,2 combo,4.7 (66),In Stock,https://www.zeptonow.com/pn/lemon-elumichai-pazham200gms-mint-leaves100gms-combo/pvid/5992a8a2-ffc7-4619-8061-4248c7a2a770,"https://cdn.zeptonow.com/production/tr:w-1280,ar-1494-1494,pr-true,f-auto,q-80/cms/product_variant/17529ebb-9dff-4bee-b252-cc97488879a3.jpg"
Fruits & Vegetables,All,"https://cdn.zeptonow.com/production/tr:w-90,ar-120-120,pr-true,f-auto,q-80/cms/sub_category/102e9688-c220-4a0e-bc35-0f0b16de6ad1.png",Mint Leaves 90 g Combo,Mint,16,26,90 g X 2,4.5 (138),In Stock,https://www.zeptonow.com/pn/mint-leaves-90-g-combo/pvid/a1706422-41d7-4e41-a23a-802dd4070309,"https://cdn.zeptonow.com/production/tr:w-1280,ar-3000-3000,pr-true,f-auto,q-80/cms/product_variant/55a36a02-6ea2-43ff-bb9f-cb18e7789cc2.jpeg"
Fruits & Vegetables,All,"https://cdn.zeptonow.com/production/tr:w-90,ar-120-120,pr-true,f-auto,q-80/cms/sub_category/102e9688-c220-4a0e-bc35-0f0b16de6ad1.png",Ginger & Garlic & Green Chilli,Ginger,71,86,3 combo,4.5 (605),In Stock,https://www.zeptonow.com/pn/ginger-garlic-green-chilli/pvid/c2858fa2-d7f6-464b-9ade-81cf9644df03,"https://cdn.zeptonow.com/production/tr:w-1280,ar-1500-1500,pr-true,f-auto,q-80/cms/product_variant/1627.jpg"
Fruits & Vegetables,All,"https://cdn.zeptonow.com/production/tr:w-90,ar-120-120,pr-true,f-auto,q-80/cms/sub_category/102e9688-c220-4a0e-bc35-0f0b16de6ad1.png",Onion (Vengayam) & Potato (Urulai Kilangu),Onion,85,110,2 combo,4.3 (772),In Stock,https://www.zeptonow.com/pn/onion-vengayam-potato-urulai-kilangu/pvid/5b01aedb-255f-4aa1-9a2b-bcf8c5fbab9d,"https://cdn.zeptonow.com/production/tr:w-1280,ar-1494-1494,pr-true,f-auto,q-80/cms/product_variant/907d23d1-966f-4e7c-8968-0081563336cb.jpg"
Fruits & Vegetables,All,"https://cdn.zeptonow.com/production/tr:w-90,ar-120-120,pr-true,f-auto,q-80/cms/sub_category/102e9688-c220-4a0e-bc35-0f0b16de6ad1.png",Onion (Vengayam) & Tomato Hybrid,Onion,86,98,2 combo,4.4 (555),In Stock,https://www.zeptonow.com/pn/onion-vengayam-tomato-hybrid/pvid/37bc966e-106c-46a9-ad07-d0aecf0136e1,https://cdn.zeptonow.com/production/image_not_available.jpeg
Fruits & Vegetables,All,"https://cdn.zeptonow.com/production/tr:w-90,ar-120-120,pr-true,f-auto,q-80/cms/sub_category/102e9688-c220-4a0e-bc35-0f0b16de6ad1.png",Colocasia (Seppankilangu) 250 g Combo,Colocasia,28,36,250 g X 2,4.5 (401),In Stock,https://www.zeptonow.com/pn/colocasia-seppankilangu-250-g-combo/pvid/041232ad-84d2-4813-bbaf-4903e96fc210,"https://cdn.zeptonow.com/production/tr:w-1280,ar-3000-3000,pr-true,f-auto,q-80/cms/product_variant/2b0f2811-6ece-4f3a-9a32-0692882269ff.jpeg"
Fruits & Vegetables,All,"https://cdn.zeptonow.com/production/tr:w-90,ar-120-120,pr-true,f-auto,q-80/cms/sub_category/102e9688-c220-4a0e-bc35-0f0b16de6ad1.png",Ginger (Inji) 200 g Combo,Ginger,50,52,200 g X 2,4.2 (798),In Stock,https://www.zeptonow.com/pn/ginger-inji-200-g-combo/pvid/e2fc2d03-dfa1-4791-8923-4441cbdc81e5,"https://cdn.zeptonow.com/production/tr:w-1280,ar-3000-3000,pr-true,f-auto,q-80/cms/product_variant/1ae47f4e-a6dc-47bc-b5cd-2abcbda62271.jpeg"
Fruits & Vegetables,All,"https://cdn.zeptonow.com/production/tr:w-90,ar-120-120,pr-true,f-auto,q-80/cms/sub_category/102e9688-c220-4a0e-bc35-0f0b16de6ad1.png",Beans Cluster (Seeni Avaraikkaai) 250 g Combo,Beans,24,60,250 g X 2,4.6 (757),In Stock,https://www.zeptonow.com/pn/beans-cluster-seeni-avaraikkaai-250-g-combo/pvid/9ca097ca-5b86-4fa1-97ec-fb6aeabcd230,"https://cdn.zeptonow.com/production/tr:w-1280,ar-3000-3000,pr-true,f-auto,q-80/cms/product_variant/a68aeec9-2801-4b36-89c8-9486cdd2fdc3.jpeg"
Fruits & Vegetables,All,"https://cdn.zeptonow.com/production/tr:w-90,ar-120-120,pr-true,f-auto,q-80/cms/sub_category/102e9688-c220-4a0e-bc35-0f0b16de6ad1.png",Cucumber English 500 g Combo,Cucumber,82,88,500 g X 2,4.3 (272),In Stock,https://www.zeptonow.com/pn/cucumber-english-500-g-combo/pvid/40be4d55-92ba-4fb1-a0f2-b739d0190340,"https://cdn.zeptonow.com/production/tr:w-1280,ar-3000-3000,pr-true,f-auto,q-80/cms/product_variant/e29796d0-27e8-452a-a5ac-1615a992aa9e.jpeg"
Fruits & Vegetables,All,"https://cdn.zeptonow.com/production/tr:w-90,ar-120-120,pr-true,f-auto,q-80/cms/sub_category/102e9688-c220-4a0e-bc35-0f0b16de6ad1.png",Beetroot 500 g Combo,Beetroot,46,66,500 g X 2,4.7 (840),In Stock,https://www.zeptonow.com/pn/beetroot-500-g-combo/pvid/20b3e088-7254-4355-8955-e25ebd552f9e,"https://cdn.zeptonow.com/production/tr:w-1280,ar-3000-3000,pr-true,f-auto,q-80/cms/product_variant/ee23ebf7-77da-4c08-b644-0519b397aa4d.jpeg"
Fruits & Vegetables,All,"https://cdn.zeptonow.com/production/tr:w-90,ar-120-120,pr-true,f-auto,q-80/cms/sub_category/102e9688-c220-4a0e-bc35-0f0b16de6ad1.png",Coccinia (Kovakkai) 250 g Combo,Coccinia,36,40,250 g X 2,4.5 (101),In Stock,https://www.zeptonow.com/pn/coccinia-kovakkai-250-g-combo/pvid/e9781bbe-d5c6-47f4-8b14-228e2cc222b2,"https://cdn.zeptonow.com/production/tr:w-1280,ar-3000-3000,pr-true,f-auto,q-80/cms/product_variant/88ba8b11-f75d-4fd7-8aab-ddc7f4b89e93.jpeg"
Fruits & Vegetables,All,"https://cdn.zeptonow.com/production/tr:w-90,ar-120-120,pr-true,f-auto,q-80/cms/sub_category/102e9688-c220-4a0e-bc35-0f0b16de6ad1.png",Cooking Essentials,Cooking,59,74,2 combo,4.7 (357),In Stock,https://www.zeptonow.com/pn/cooking-essentials/pvid/4170f371-b95f-4c50-b106-6fa26d1207f8,"https://cdn.zeptonow.com/production/tr:w-1280,ar-1500-1500,pr-true,f-auto,q-80/cms/product_variant/fdcd0a00-950a-4131-b82b-655e20adfadd.jpg"
Fruits & Vegetables,All,"https://cdn.zeptonow.com/production/tr:w-90,ar-120-120,pr-true,f-auto,q-80/cms/sub_category/102e9688-c220-4a0e-bc35-0f0b16de6ad1.png",Siru Keerai - With roots 250 g Combo,Siru,38,50,250 g X 2,4.3 (115),In Stock,https://www.zeptonow.com/pn/siru-keerai-with-roots-250-g-combo/pvid/d0be8cdd-dc2a-4eaf-910b-9efde08d79cf,"https://cdn.zeptonow.com/production/tr:w-1280,ar-500-500,pr-true,f-auto,q-80/cms/product_variant/e038fe40-7dfa-4094-95be-43d98ecc9c10.jpeg"
Fruits & Vegetables,All,"https://cdn.zeptonow.com/production/tr:w-90,ar-120-120,pr-true,f-auto,q-80/cms/sub_category/102e9688-c220-4a0e-bc35-0f0b16de6ad1.png",Lemon (Elumichai Pazham) 200 g Combo,Lemon,38,54,200 g X 2,4.2 (844),In Stock,https://www.zeptonow.com/pn/lemon-elumichai-pazham-200-g-combo/pvid/9babcfa8-4fe3-47c4-a46b-7b28c5f57fc4,"https://cdn.zeptonow.com/production/tr:w-1280,ar-3000-3000,pr-true,f-auto,q-80/cms/product_variant/17c92e74-8833-4ce7-a100-c411668e9446.jpeg"
Fruits & Vegetables,All,"https://cdn.zeptonow.com/production/tr:w-90,ar-120-120,pr-true,f-auto,q-80/cms/sub_category/102e9688-c220-4a0e-bc35-0f0b16de6ad1.png",Garlic 200 g Combo,Garlic,66,96,200 g X 2,4.3 (181),In Stock,https://www.zeptonow.com/pn/garlic-200-g-combo/pvid/aa912ee8-66d8-4325-9a66-a8146a2eb413,"https://cdn.zeptonow.com/production/tr:w-1280,ar-3000-3000,pr-true,f-auto,q-80/cms/product_variant/9104aa34-173e-40c2-aeb7-eefeee2952c8.jpeg"
Fruits & Vegetables,All,"https://cdn.zeptonow.com/production/tr:w-90,ar-120-120,pr-true,f-auto,q-80/cms/sub_category/102e9688-c220-4a0e-bc35-0f0b16de6ad1.png",Baby Potato (Chinna Urulaikilangu) 500 g Combo,Baby,90,94,500 g X 2,4.6 (997),In Stock,https://www.zeptonow.com/pn/baby-potato-chinna-urulaikilangu-500-g-combo/pvid/2bc092a8-bbc6-4461-ba78-8ad86a6697cc,"https://cdn.zeptonow.com/production/tr:w-1280,ar-3000-3000,pr-true,f-auto,q-80/cms/product_variant/84795dd4-cacf-4165-8809-be839ffb5179.jpeg"
Fruits & Vegetables,All,"https://cdn.zeptonow.com/production/tr:w-90,ar-120-120,pr-true,f-auto,q-80/cms/sub_category/102e9688-c220-4a0e-bc35-0f0b16de6ad1.png",Cucumber Green (Vellarikaai) 500 g Combo,Cucumber,74,98,500 g X 2,4.5 (622),In Stock,https://www.zeptonow.com/pn/cucumber-green-vellarikaai-500-g-combo/pvid/9fd00ef9-6fec-454b-a82b-d61938eaeda5,"https://cdn.zeptonow.com/production/tr:w-1280,ar-3000-3000,pr-true,f-auto,q-80/cms/product_variant/cbc470cd-4566-4e0b-905d-499411b9c1d9.jpeg"
Fruits & Vegetables,All,"https://cdn.zeptonow.com/production/tr:w-90,ar-120-120,pr-true,f-auto,q-80/cms/sub_category/102e9688-c220-4a0e-bc35-0f0b16de6ad1.png",Beans Haricot 250 g Combo,Beans,56,58,250 g X 2,4.5 (693),In Stock,https://www.zeptonow.com/pn/beans-haricot-250-g-combo/pvid/aa02a5dc-212d-4c27-99bf-4b889ded0594,"https://cdn.zeptonow.com/production/tr:w-1280,ar-3000-3000,pr-true,f-auto,q-80/cms/product_variant/d1d376b6-931d-4522-822f-955f4eb39ec7.jpeg"
Fruits & Vegetables,All,"https://cdn.zeptonow.com/production/tr:w-90,ar-120-120,pr-true,f-auto,q-80/cms/sub_category/102e9688-c220-4a0e-bc35-0f0b16de6ad1.png",Detox must-haves,Detox,94,110,4 combo,4.7 (331),In Stock,https://www.zeptonow.com/pn/detox-must-haves/pvid/bd2d7b60-9b89-47cf-bdb3-c4c5c15919d7,"https://cdn.zeptonow.com/production/tr:w-1280,ar-1500-1500,pr-true,f-auto,q-80/cms/product_variant/cb774a5d-8c8a-4665-a781-4b52cf78a541.jpg"
Fruits & Vegetables,All,"https://cdn.zeptonow.com/production/tr:w-90,ar-120-120,pr-true,f-auto,q-80/cms/sub_category/102e9688-c220-4a0e-bc35-0f0b16de6ad1.png",Banana Raw (Vazhaikaai) 2 pc Combo,Banana,56,64,2 pc X 2,4.5 (592),In Stock,https://www.zeptonow.com/pn/banana-raw-vazhaikaai-2-pc-combo/pvid/41230c36-d965-44d3-8b61-803e084b15e8,"https://cdn.zeptonow.com/production/tr:w-1280,ar-3000-3000,pr-true,f-auto,q-80/cms/product_variant/f1bf791f-3a47-4bac-a4cc-a57148ac034e.jpeg"
Fruits & Vegetables,All,"https://cdn.zeptonow.com/production/tr:w-90,ar-120-120,pr-true,f-auto,q-80/cms/sub_category/102e9688-c220-4a0e-bc35-0f0b16de6ad1.png",Tomato Hybrid 500 g Combo,Tomato,132,138,500 g X 3,4.7 (197),In Stock,https://www.zeptonow.com/pn/tomato-hybrid-500-g-combo/pvid/87ae1b0d-1d8c-402e-ba0b-3ad595c3a0c8,"https://cdn.zeptonow.com/production/tr:w-1280,ar-3000-3000,pr-true,f-auto,q-80/cms/product_variant/59a63ebf-c63e-4eba-ad54-7f2c8c17bb82.jpeg"
Fruits & Vegetables,All,"https://cdn.zeptonow.com/production/tr:w-90,ar-120-120,pr-true,f-auto,q-80/cms/sub_category/102e9688-c220-4a0e-bc35-0f0b16de6ad1.png",Banana Poovan 500 g Combo,Banana,76,104,500 g X 2,4.4 (262),In Stock,https://www.zeptonow.com/pn/banana-poovan-500-g-combo/pvid/333e8172-af80-41e5-8044-99883bcabd16,"https://cdn.zeptonow.com/production/tr:w-1280,ar-500-500,pr-true,f-auto,q-80/cms/product_variant/9512ec2e-9d3d-4ae2-bc91-7b413a1f1849.jpeg"
Fruits & Vegetables,All,"https://cdn.zeptonow.com/production/tr:w-90,ar-120-120,pr-true,f-auto,q-80/cms/sub_category/102e9688-c220-4a0e-bc35-0f0b16de6ad1.png",Potato (Urulai Kilangu) 1 kg Combo,Potato,86,116,1 kg X 2,4.2 (207),In Stock,https://www.zeptonow.com/pn/potato-urulai-kilangu-1-kg-combo/pvid/c5d40e58-6e08-40bc-94a7-be31b9aebe69,"https://cdn.zeptonow.com/production/tr:w-1280,ar-3000-3000,pr-true,f-auto,q-80/cms/product_variant/ab6726a7-5655-48d6-a329-b0152cf66ea2.jpeg"
Fruits & Vegetables,All,"https://cdn.zeptonow.com/production/tr:w-90,ar-120-120,pr-true,f-auto,q-80/cms/sub_category/102e9688-c220-4a0e-bc35-0f0b16de6ad1.png",Sweet Potato 500 g Combo,Sweet,82,100,500 g X 2,4.4 (949),In Stock,https://www.zeptonow.com/pn/sweet-potato-500-g-combo/pvid/4e52cf8d-6b80-4f96-8db0-6f2b9907de1b,"https://cdn.zeptonow.com/production/tr:w-1280,ar-1500-1500,pr-true,f-auto,q-80/cms/product_variant/706ed3d8-94cb-49c7-a858-7d2cd746b7fc.jpg"
Fruits & Vegetables,All,"https://cdn.zeptonow.com/production/tr:w-90,ar-120-120,pr-true,f-auto,q-80/cms/sub_category/102e9688-c220-4a0e-bc35-0f0b16de6ad1.png",Sambar Onion (Chinna Vengayam) 250 g Combo,Sambar,56,80,250 g X 2,4.3 (349),In Stock,https://www.zeptonow.com/pn/sambar-onion-chinna-vengayam-250-g-combo/pvid/49f819f6-d1a7-4ea7-9cdc-adee7b45bfe4,"https://cdn.zeptonow.com/production/tr:w-1280,ar-3000-3000,pr-true,f-auto,q-80/cms/product_variant/08545201-a23f-439d-89b0-b38a71ff9078.jpeg"
Fruits & Vegetables,All,"https://cdn.zeptonow.com/production/tr:w-90,ar-120-120,pr-true,f-auto,q-80/cms/sub_category/102e9688-c220-4a0e-bc35-0f0b16de6ad1.png",Banana Nendran Semi Ripe 500 g Combo,Banana,94,128,500 g X 2,4.3 (952),In Stock,https://www.zeptonow.com/pn/banana-nendran-semi-ripe-500-g-combo/pvid/7250be09-e401-4b34-b12b-2293b9f102cd,"https://cdn.zeptonow.com/production/tr:w-1280,ar-500-500,pr-true,f-auto,q-80/cms/product_variant/f4def3c9-da6b-4190-9680-68d6f1c0ec5d.jpeg"
Fruits & Vegetables,All,"https://cdn.zeptonow.com/production/tr:w-90,ar-120-120,pr-true,f-auto,q-80/cms/sub_category/102e9688-c220-4a0e-bc35-0f0b16de6ad1.png",Gooseberry (Amla - Nellikaai) 250 g Combo,Gooseberry,66,86,250 g X 2,4.5 (336),In Stock,https://www.zeptonow.com/pn/gooseberry-amla-nellikaai-250-g-combo/pvid/4401a5fa-a96d-4cce-a7dd-b8b00bd82977,"https://cdn.zeptonow.com/production/tr:w-1280,ar-3000-3000,pr-true,f-auto,q-80/cms/product_variant/61367389-ff3e-4771-8d84-509c6bf42a12.jpeg"
Fruits & Vegetables,All,"https://cdn.zeptonow.com/production/tr:w-90,ar-120-120,pr-true,f-auto,q-80/cms/sub_category/102e9688-c220-4a0e-bc35-0f0b16de6ad1.png",Tomato Country / Naattu Thakkali Combo,Tomato,58,68,500 g X 2,4.5 (839),In Stock,https://www.zeptonow.com/pn/tomato-country-naattu-thakkali-combo/pvid/37efc9ac-c52c-4885-85ea-da8788a6f03a,"https://cdn.zeptonow.com/production/tr:w-1280,ar-3000-3000,pr-true,f-auto,q-80/cms/product_variant/58a4c16f-fb05-4062-91bf-fa1095d09771.jpeg"
Fruits & Vegetables,All,"https://cdn.zeptonow.com/production/tr:w-90,ar-120-120,pr-true,f-auto,q-80/cms/sub_category/102e9688-c220-4a0e-bc35-0f0b16de6ad1.png",Mushroom Button (Kalaan) 200 g Combo,Mushroom,159,183,200 g X 3,4.5 (566),In Stock,https://www.zeptonow.com/pn/mushroom-button-kalaan-200-g-combo/pvid/f3d03ee2-2c9f-464d-b6b5-37e479181b03,"https://cdn.zeptonow.com/production/tr:w-1280,ar-3000-3000,pr-true,f-auto,q-80/cms/product_variant/c09006c7-dfe5-45fe-afa3-860c92e7a759.jpeg"
Fruits & Vegetables,All,"https://cdn.zeptonow.com/production/tr:w-90,ar-120-120,pr-true,f-auto,q-80/cms/sub_category/102e9688-c220-4a0e-bc35-0f0b16de6ad1.png","Muskmelon (Kirni Pazham)(1pc), Papaya / Pappali (1pc) & Khari Foods Kimera Dates(400gms) Combo",Muskmelon,318,480,3 combo,4.3 (693),In Stock,https://www.zeptonow.com/pn/muskmelon-kirni-pazham1pc-papaya-pappali-1pc-khari-foods-kimera-dates400gms-combo/pvid/5a57e380-7440-4e1b-8b94-ebdcfccd26ec,"https://cdn.zeptonow.com/production/tr:w-1280,ar-1500-1500,pr-true,f-auto,q-80/cms/product_variant/baa58e31-712b-497e-a67f-bcb6531e19b5.jpg"
Fruits & Vegetables,All,"https://cdn.zeptonow.com/production/tr:w-90,ar-120-120,pr-true,f-auto,q-80/cms/sub_category/102e9688-c220-4a0e-bc35-0f0b16de6ad1.png",Onion (Vengayam) 1 kg Combo,Onion,105,156,1 kg X 3,4.2 (213),In Stock,https://www.zeptonow.com/pn/onion-vengayam-1-kg-combo/pvid/e5210bc6-24f7-4ca5-a6c6-271aabddc11b,"https://cdn.zeptonow.com/production/tr:w-1280,ar-3000-3000,pr-true,f-auto,q-80/cms/product_variant/44dea9a3-de3a-43f4-99aa-bf28cbcc55bd.jpeg"
Fruits & Vegetables,All,"https://cdn.zeptonow.com/production/tr:w-90,ar-120-120,pr-true,f-auto,q-80/cms/sub_category/102e9688-c220-4a0e-bc35-0f0b16de6ad1.png",Tomato Country / Naattu Thakkali 500 gms Combo,Tomato,56,68,500gms X 2,4.3 (371),In Stock,https://www.zeptonow.com/pn/tomato-country-naattu-thakkali-500-gms-combo/pvid/197f7ae8-3777-4b5f-a127-eb5a490c8b41,"https://cdn.zeptonow.com/production/tr:w-1280,ar-3000-3000,pr-true,f-auto,q-80/cms/product_variant/d52c2e46-fd0e-460f-8ac7-4d36514b5517.jpeg"
Fruits & Vegetables,All,"https://cdn.zeptonow.com/production/tr:w-90,ar-120-120,pr-true,f-auto,q-80/cms/sub_category/102e9688-c220-4a0e-bc35-0f0b16de6ad1.png",Banana Elaichi / Yelakki (Yelakki Vaazhai Pazham) 500 g Combo,Banana,134,180,500 g X 2,4.5 (267),In Stock,https://www.zeptonow.com/pn/banana-elaichi-yelakki-yelakki-vaazhai-pazham-500-g-combo/pvid/2fee0edc-3875-441d-a1de-627a97c23db7,"https://cdn.zeptonow.com/production/tr:w-1280,ar-695-695,pr-true,f-auto,q-80/cms/product_variant/4f6ebe49-e06f-47eb-8e3a-491ff58dbaac.jpeg"
Fruits & Vegetables,All,"https://cdn.zeptonow.com/production/tr:w-90,ar-120-120,pr-true,f-auto,q-80/cms/sub_category/102e9688-c220-4a0e-bc35-0f0b16de6ad1.png",Coconut Small 1 pc Combo,Coconut,80,110,1 pc X 2,4.2 (824),In Stock,https://www.zeptonow.com/pn/coconut-small-1-pc-combo/pvid/ff1b869b-a66e-4b23-ae6e-edef67c8e0d7,"https://cdn.zeptonow.com/production/tr:w-1280,ar-3000-3000,pr-true,f-auto,q-80/cms/product_variant/7ab86158-9c5d-4e86-92be-17dd7a61a2d2.jpeg"
Fruits & Vegetables,All,"https://cdn.zeptonow.com/production/tr:w-90,ar-120-120,pr-true,f-auto,q-80/cms/sub_category/102e9688-c220-4a0e-bc35-0f0b16de6ad1.png",Banana Karpooravalli 500 g Combo,Banana,114,128,500 g X 2,4.3 (451),In Stock,https://www.zeptonow.com/pn/banana-karpooravalli-500-g-combo/pvid/0f582d22-15c6-433e-9e1a-17b202c5a47f,"https://cdn.zeptonow.com/production/tr:w-1280,ar-1500-1500,pr-true,f-auto,q-80/cms/product_variant/64d94d0c-825b-44a9-863c-b065703ae467.jpg"
Fruits & Vegetables,All,"https://cdn.zeptonow.com/production/tr:w-90,ar-120-120,pr-true,f-auto,q-80/cms/sub_category/102e9688-c220-4a0e-bc35-0f0b16de6ad1.png",Coconut Small 1 pc Combo,Coconut,114,165,1 pc X 3,4.5 (960),In Stock,https://www.zeptonow.com/pn/coconut-small-1-pc-combo/pvid/d5a4463a-fed0-4f67-813e-ebdff18a0bd8,"https://cdn.zeptonow.com/production/tr:w-1280,ar-1500-1500,pr-true,f-auto,q-80/cms/product_variant/5d035276-0ca2-4f97-81d3-72ce918b3a8d.jpg"
Fruits & Vegetables,All,"https://cdn.zeptonow.com/production/tr:w-90,ar-120-120,pr-true,f-auto,q-80/cms/sub_category/102e9688-c220-4a0e-bc35-0f0b16de6ad1.png",Onion (Vengayam) 1 kg Combo,Onion,76,104,1 kg X 2,4.3 (434),In Stock,https://www.zeptonow.com/pn/onion-vengayam-1-kg-combo/pvid/9c2ba04c-f9c6-44e3-9412-8a9495edfaba,"https://cdn.zeptonow.com/production/tr:w-1280,ar-3000-3000,pr-true,f-auto,q-80/cms/product_variant/5fb34be0-8a44-4f9e-b3d4-22467670e93b.jpeg"
Fruits & Vegetables,All,"https://cdn.zeptonow.com/production/tr:w-90,ar-120-120,pr-true,f-auto,q-80/cms/sub_category/102e9688-c220-4a0e-bc35-0f0b16de6ad1.png",Sambar Onion (Chinna Vengayam) 250 g Combo,Sambar,81,120,250 g X 3,4.4 (453),In Stock,https://www.zeptonow.com/pn/sambar-onion-chinna-vengayam-250-g-combo/pvid/16ab2bf7-d74c-4ad9-9612-9e871f585c85,"https://cdn.zeptonow.com/production/tr:w-1280,ar-1500-1500,pr-true,f-auto,q-80/cms/product_variant/cf53838f-8044-4537-bf95-436b35101289.jpg"
Fruits & Vegetables,All,"https://cdn.zeptonow.com/production/tr:w-90,ar-120-120,pr-true,f-auto,q-80/cms/sub_category/102e9688-c220-4a0e-bc35-0f0b16de6ad1.png",Mushroom Button (Kalaan) 200 g Combo,Mushroom,112,122,200 g X 2,4.5 (226),In Stock,https://www.zeptonow.com/pn/mushroom-button-kalaan-200-g-combo/pvid/cebd250e-2570-44ff-82fc-2b1dd430f0e4,"https://cdn.zeptonow.com/production/tr:w-1280,ar-3000-3000,pr-true,f-auto,q-80/cms/product_variant/a6786c3e-7048-4d2d-a749-4e19e9ab81f4.jpeg"
Fruits & Vegetables,All,"https://cdn.zeptonow.com/production/tr:w-90,ar-120-120,pr-true,f-auto,q-80/cms/sub_category/102e9688-c220-4a0e-bc35-0f0b16de6ad1.png",Banana Red 500 g Combo,Banana,122,160,500 g X 2,4.6 (662),In Stock,https://www.zeptonow.com/pn/banana-red-500-g-combo/pvid/b3cd177f-4c88-402f-8808-cebbb4f9591e,"https://cdn.zeptonow.com/production/tr:w-1280,ar-1500-1500,pr-true,f-auto,q-80/cms/product_variant/7c8ae041-36da-495b-8c7c-8149cff07b50.jpg"
Fruits & Vegetables,All,"https://cdn.zeptonow.com/production/tr:w-90,ar-120-120,pr-true,f-auto,q-80/cms/sub_category/102e9688-c220-4a0e-bc35-0f0b16de6ad1.png",Tomato Hybrid 500 g Combo,Tomato,90,92,500 g X 2,4.4 (782),In Stock,https://www.zeptonow.com/pn/tomato-hybrid-500-g-combo/pvid/ed02c00e-f314-41d8-8b03-6bbaaa65bcfc,"https://cdn.zeptonow.com/production/tr:w-1280,ar-1500-1500,pr-true,f-auto,q-80/inventory/product/82dafd52-23d4-4b88-bb04-b480814d6162-703.jpg"
Fruits & Vegetables,All,"https://cdn.zeptonow.com/production/tr:w-90,ar-120-120,pr-true,f-auto,q-80/cms/sub_category/102e9688-c220-4a0e-bc35-0f0b16de6ad1.png",Mosambi 1 kg Combo,Mosambi,112,146,1 kg X 2,4.2 (218),In Stock,https://www.zeptonow.com/pn/mosambi-1-kg-combo/pvid/15709081-cfc0-4b96-aa62-4247891a1f5b,"https://cdn.zeptonow.com/production/tr:w-1280,ar-3000-3000,pr-true,f-auto,q-80/cms/product_variant/50eb3872-db43-4b63-9d74-1007d329116c.jpeg"
Fruits & Vegetables,All,"https://cdn.zeptonow.com/production/tr:w-90,ar-120-120,pr-true,f-auto,q-80/cms/sub_category/102e9688-c220-4a0e-bc35-0f0b16de6ad1.png",Pomegranate Premium 2 pc Combo,Pomegranate,392,414,2 pc X 2,4.7 (963),In Stock,https://www.zeptonow.com/pn/pomegranate-premium-2-pc-combo/pvid/1786ee00-d0dc-45b9-ada2-20a7c0a50a5e,"https://cdn.zeptonow.com/production/tr:w-1280,ar-3000-3000,pr-true,f-auto,q-80/cms/product_variant/f1eef3ea-3976-472a-b731-f74956b7fcc8.jpeg"
Fruits & Vegetables,All,"https://cdn.zeptonow.com/production/tr:w-90,ar-120-120,pr-true,f-auto,q-80/cms/sub_category/102e9688-c220-4a0e-bc35-0f0b16de6ad1.png",Hydroponic Kale Curled,Hydroponic,40,52,100 g,4.9 (75),In Stock,https://www.zeptonow.com/pn/hydroponic-kale-curled/pvid/cef3041f-6b60-4226-9dec-7bdf84f833ca,"https://cdn.zeptonow.com/production/tr:w-1280,ar-800-800,pr-true,f-auto,q-80/inventory/product/fadf6065-2f7c-439f-a8d4-11e997c3d876-5f370ae1-dfac-48f7-bcf2-acc3a4c98100.jpeg"
Fruits & Vegetables,All,"https://cdn.zeptonow.com/production/tr:w-90,ar-120-120,pr-true,f-auto,q-80/cms/sub_category/102e9688-c220-4a0e-bc35-0f0b16de6ad1.png",Banana Robusta 500 g Combo,Banana,62,80,500 g X 2,4.7 (984),In Stock,https://www.zeptonow.com/pn/banana-robusta-500-g-combo/pvid/85fcb89f-1bcd-4355-b9f3-b5d609690fde,"https://cdn.zeptonow.com/production/tr:w-1280,ar-500-500,pr-true,f-auto,q-80/cms/product_variant/275e9fbe-e2b0-4981-8514-7a419c877736.jpeg"
Fruits & Vegetables,All,"https://cdn.zeptonow.com/production/tr:w-90,ar-120-120,pr-true,f-auto,q-80/cms/sub_category/102e9688-c220-4a0e-bc35-0f0b16de6ad1.png","Coriander Leaves (Koththamalli) - Cleaned, with roots 100 g Combo",Coriander,18,24,100 g X 2,4.5 (525),In Stock,https://www.zeptonow.com/pn/coriander-leaves-koththamalli-cleaned-with-roots-100-g-combo/pvid/3c99fbe4-da03-4e41-b487-99fe5c7d596d,"https://cdn.zeptonow.com/production/tr:w-1280,ar-3000-3000,pr-true,f-auto,q-80/cms/product_variant/6b550998-a77e-4b64-9e7c-30024b9b3706.jpeg"
Fruits & Vegetables,All,"https://cdn.zeptonow.com/production/tr:w-90,ar-120-120,pr-true,f-auto,q-80/cms/sub_category/102e9688-c220-4a0e-bc35-0f0b16de6ad1.png",Coconut (Thengaai) 1 pc Combo,Coconut,102,136,1 pc X 2,4.2 (164),In Stock,https://www.zeptonow.com/pn/coconut-thengaai-1-pc-combo/pvid/ca9ece6a-1885-4769-9aaf-a6dba1492176,https://cdn.zeptonow.com/production/image_not_available.jpeg
Fruits & Vegetables,All,"https://cdn.zeptonow.com/production/tr:w-90,ar-120-120,pr-true,f-auto,q-80/cms/sub_category/102e9688-c220-4a0e-bc35-0f0b16de6ad1.png","Ginger (Inji)(200gms), Garlic(200gms) & Green Chilli (Pachchai Milagai)(100gms) Mint Leaves(100gms) Coriander Leaves (Koththamalli) - Cleaned, with roots(100gms) Combo",Ginger,89,111,5 combo,4.7 (141),In Stock,https://www.zeptonow.com/pn/ginger-inji200gms-garlic200gms-green-chilli-pachchai-milagai100gms-mint-leaves100gms-coriander-leaves-koththamalli-cleaned-with-roots100gms-combo/pvid/b589bd1a-0439-4ea4-baf4-97f90d659ee3,https://cdn.zeptonow.com/production/image_not_available.jpeg
Fruits & Vegetables,All,"https://cdn.zeptonow.com/production/tr:w-90,ar-120-120,pr-true,f-auto,q-80/cms/sub_category/102e9688-c220-4a0e-bc35-0f0b16de6ad1.png",Coconut (Thengaai) 1 pc Combo,Coconut,144,204,1 pc X 3,4.6 (686),In Stock,https://www.zeptonow.com/pn/coconut-thengaai-1-pc-combo/pvid/990eea67-6cfd-4032-807b-5f77eee84da7,https://cdn.zeptonow.com/production/image_not_available.jpeg
Fruits & Vegetables,All,"https://cdn.zeptonow.com/production/tr:w-90,ar-120-120,pr-true,f-auto,q-80/cms/sub_category/102e9688-c220-4a0e-bc35-0f0b16de6ad1.png",Nannari Root,Nannari,27,35,50 g,5 (62),In Stock,https://www.zeptonow.com/pn/nannari-root/pvid/465282f1-bce5-46d7-9fc3-f6cd9c2f3832,"https://cdn.zeptonow.com/production/tr:w-1280,ar-800-600,pr-true,f-auto,q-80/inventory/product/f04ceb4d-a3ce-4cef-a058-53941e8792a5-/tmp/20230310-0249051.jpeg"
Fruits & Vegetables,All,"https://cdn.zeptonow.com/production/tr:w-90,ar-120-120,pr-true,f-auto,q-80/cms/sub_category/102e9688-c220-4a0e-bc35-0f0b16de6ad1.png",Vilvam Leaves,Vilvam,30,37,25 g,4.7 (433),Sold Out,https://www.zeptonow.com/pn/vilvam-leaves/pvid/a3883fc9-0761-481b-82dd-8f32d813424f,"https://cdn.zeptonow.com/production/tr:w-1280,ar-213-213,pr-true,f-auto,q-80/cms/product_variant/bc1d7803-3daa-44f5-a400-783d2d2c7684.jpeg"
Fruits & Vegetables,All,"https://cdn.zeptonow.com/production/tr:w-90,ar-120-120,pr-true,f-auto,q-80/cms/sub_category/102e9688-c220-4a0e-bc35-0f0b16de6ad1.png",Organic Chilli Green (Pachai Milagaai),Organic,17,23,100 g,4.8 (2.8k),Sold Out,https://www.zeptonow.com/pn/organic-chilli-green-pachai-milagaai/pvid/b98945c5-913b-4c4e-a967-47e378cd4921,"https://cdn.zeptonow.com/production/tr:w-1280,ar-312-207,pr-true,f-auto,q-80/inventory/product/009adbd4-de84-4282-ba5c-cf08a7ba3456-7eb75066-49b8-45bc-9674-0c5a99376901.jpeg"
Fruits & Vegetables,All,"https://cdn.zeptonow.com/production/tr:w-90,ar-120-120,pr-true,f-auto,q-80/cms/sub_category/102e9688-c220-4a0e-bc35-0f0b16de6ad1.png",Gourmet Garden Organic Curry Leaves (Karuveppillai),Gourmet,15,19,100 g,4.8 (2.3k),Sold Out,https://www.zeptonow.com/pn/gourmet-garden-organic-curry-leaves-karuveppillai/pvid/a466c485-c7f7-4650-8102-06ce95bdf196,"https://cdn.zeptonow.com/production/tr:w-1280,ar-400-300,pr-true,f-auto,q-80/inventory/product/a12ad7ba-e20a-4247-8267-4c984388a82c-677a0216-879b-4597-baf7-0007d1f774c6.jpeg"
Fruits & Vegetables,All,"https://cdn.zeptonow.com/production/tr:w-90,ar-120-120,pr-true,f-auto,q-80/cms/sub_category/102e9688-c220-4a0e-bc35-0f0b16de6ad1.png",Bhoomi Farms Organic Chow Chow,Bhoomi,22,26,250g,4.2 (61),Sold Out,https://www.zeptonow.com/pn/bhoomi-farms-organic-chow-chow/pvid/5dececc0-8a47-453c-bee9-a1e5600e29c5,"https://cdn.zeptonow.com/production/tr:w-1280,ar-225-225,pr-true,f-auto,q-80/cms/product_variant/f398c0a1-dcff-4900-ac9e-e2f0d3006e59.jpeg"
Fruits & Vegetables,All,"https://cdn.zeptonow.com/production/tr:w-90,ar-120-120,pr-true,f-auto,q-80/cms/sub_category/102e9688-c220-4a0e-bc35-0f0b16de6ad1.png",Gourmet Garden Organic Coriander,Gourmet,18,22,100 g,4.6 (761),Sold Out,https://www.zeptonow.com/pn/gourmet-garden-organic-coriander/pvid/51a44ab7-7833-4365-91ca-ab75d77cc79a,"https://cdn.zeptonow.com/production/tr:w-1280,ar-500-501,pr-true,f-auto,q-80/cms/product_variant/1e0905e3-1911-4459-9110-bcfd00b008f5.jpg"
Fruits & Vegetables,All,"https://cdn.zeptonow.com/production/tr:w-90,ar-120-120,pr-true,f-auto,q-80/cms/sub_category/102e9688-c220-4a0e-bc35-0f0b16de6ad1.png",Bhoomi Farms Organic Cucumber,Bhoomi,35,37,1 Pack / 480 - 530 gm,4.4 (310),Sold Out,https://www.zeptonow.com/pn/bhoomi-farms-organic-cucumber/pvid/065443ae-2444-4c41-8347-7a50ff02ac2b,"https://cdn.zeptonow.com/production/tr:w-1280,ar-225-225,pr-true,f-auto,q-80/cms/product_variant/85b5a46a-6bde-47b5-baa4-7cf8735c5573.jpeg"
Fruits & Vegetables,All,"https://cdn.zeptonow.com/production/tr:w-90,ar-120-120,pr-true,f-auto,q-80/cms/sub_category/102e9688-c220-4a0e-bc35-0f0b16de6ad1.png",Apple Washington,Apple,115,125,2 pcs,4.3 (1.8k),Sold Out,https://www.zeptonow.com/pn/apple-washington/pvid/74ba1208-3eef-4e78-9b5f-96798004ce01,"https://cdn.zeptonow.com/production/tr:w-1280,ar-3000-3000,pr-true,f-auto,q-80/cms/product_variant/aed364bd-7849-4045-abfd-ca66500344ed.jpeg"
Fruits & Vegetables,All,"https://cdn.zeptonow.com/production/tr:w-90,ar-120-120,pr-true,f-auto,q-80/cms/sub_category/102e9688-c220-4a0e-bc35-0f0b16de6ad1.png",Apple Royal Gala,Apple,229,284,4 pcs,4.3 (18.2k),Sold Out,https://www.zeptonow.com/pn/apple-royal-gala/pvid/daec33d2-a8a6-425f-8fdd-2e9be59d836f,"https://cdn.zeptonow.com/production/tr:w-1280,ar-3000-3000,pr-true,f-auto,q-80/cms/product_variant/a72ab068-bbf0-428c-ae48-13dc98954e6c.jpeg"
Fruits & Vegetables,All,"https://cdn.zeptonow.com/production/tr:w-90,ar-120-120,pr-true,f-auto,q-80/cms/sub_category/102e9688-c220-4a0e-bc35-0f0b16de6ad1.png",Mandarin Orange Imported,Mandarin,147,159,500 g,4.2 (1.9k),Sold Out,https://www.zeptonow.com/pn/mandarin-orange-imported/pvid/6761315d-7542-4db4-a7eb-0bb75ba56026,"https://cdn.zeptonow.com/production/tr:w-1280,ar-3000-3000,pr-true,f-auto,q-80/cms/product_variant/56837e40-a7ce-4526-9ae5-b7a058b8885b.jpeg"
Fruits & Vegetables,All,"https://cdn.zeptonow.com/production/tr:w-90,ar-120-120,pr-true,f-auto,q-80/cms/sub_category/102e9688-c220-4a0e-bc35-0f0b16de6ad1.png",Organic Certified Beetroot,Organic,30,38,250 g,4.3 (1.4k),Sold Out,https://www.zeptonow.com/pn/organic-certified-beetroot/pvid/7b52c2f6-b00b-4fa2-94a2-3cf1ef17fe01,"https://cdn.zeptonow.com/production/tr:w-1280,ar-500-500,pr-true,f-auto,q-80/inventory/product/93c786ee-6040-471e-9d4e-2d9ca41d0bad-tmp/e73b9c80-da64-4208-8416-cfe75c6a2ec1.jpeg"
Fruits & Vegetables,All,"https://cdn.zeptonow.com/production/tr:w-90,ar-120-120,pr-true,f-auto,q-80/cms/sub_category/102e9688-c220-4a0e-bc35-0f0b16de6ad1.png",Apple Royal Gala,Apple,115,144,2 pcs,4.3 (17.9k),Sold Out,https://www.zeptonow.com/pn/apple-royal-gala/pvid/0f2d6cb9-abb2-49f8-b80d-503f5842737d,"https://cdn.zeptonow.com/production/tr:w-1280,ar-3000-3000,pr-true,f-auto,q-80/cms/product_variant/4770e9b3-a5d3-4662-aa5a-dd648fb81535.jpeg"
Fruits & Vegetables,All,"https://cdn.zeptonow.com/production/tr:w-90,ar-120-120,pr-true,f-auto,q-80/cms/sub_category/102e9688-c220-4a0e-bc35-0f0b16de6ad1.png","Spinach (Palak Keerai) - Cleaned, without roots",Spinach,27,34,220 - 250 g,4.3 (19.3k),Sold Out,https://www.zeptonow.com/pn/spinach-palak-keerai-cleaned-without-roots/pvid/36b294d5-0e2c-4c16-9070-e9dfff070259,"https://cdn.zeptonow.com/production/tr:w-1280,ar-3000-3000,pr-true,f-auto,q-80/cms/product_variant/f04b9727-70c5-419f-8a7b-1651d9127f11.jpeg"
Fruits & Vegetables,All,"https://cdn.zeptonow.com/production/tr:w-90,ar-120-120,pr-true,f-auto,q-80/cms/sub_category/102e9688-c220-4a0e-bc35-0f0b16de6ad1.png",Bhoomi Farms Organic Bottle gourd,Bhoomi,33,38,1 Pc / 550 - 600 gm,4.2 (125),Sold Out,https://www.zeptonow.com/pn/bhoomi-farms-organic-bottle-gourd/pvid/ead500ba-a789-4354-ad1a-6bf3a2fe8b49,"https://cdn.zeptonow.com/production/tr:w-1280,ar-225-225,pr-true,f-auto,q-80/cms/product_variant/02e86334-1520-4f7b-b743-6f1d6bb6ad5f.jpeg"
Fruits & Vegetables,All,"https://cdn.zeptonow.com/production/tr:w-90,ar-120-120,pr-true,f-auto,q-80/cms/sub_category/102e9688-c220-4a0e-bc35-0f0b16de6ad1.png",Organic Potato (Urulaikilangu),Organic,28,35,475 g,4.3 (1.1k),Sold Out,https://www.zeptonow.com/pn/organic-potato-urulaikilangu/pvid/11ca460a-331f-44d6-83fa-190e35b4d94e,"https://cdn.zeptonow.com/production/tr:w-1280,ar-3000-3000,pr-true,f-auto,q-80/cms/product_variant/d1b59c3a-a099-46d9-b88c-e9a33ddff7fb.jpeg"
Fruits & Vegetables,All,"https://cdn.zeptonow.com/production/tr:w-90,ar-120-120,pr-true,f-auto,q-80/cms/sub_category/102e9688-c220-4a0e-bc35-0f0b16de6ad1.png",Lettuce Iceberg,Lettuce,29,38,250 g,3.9 (11.2k),Sold Out,https://www.zeptonow.com/pn/lettuce-iceberg/pvid/dc4a8856-05cb-426b-aae3-83f44f179c0f,"https://cdn.zeptonow.com/production/tr:w-1280,ar-3000-3000,pr-true,f-auto,q-80/cms/product_variant/45b64439-9217-4737-8025-ea8868c3a1ff.jpeg"
Fruits & Vegetables,All,"https://cdn.zeptonow.com/production/tr:w-90,ar-120-120,pr-true,f-auto,q-80/cms/sub_category/102e9688-c220-4a0e-bc35-0f0b16de6ad1.png",Drumstick (Murungaikaai),Drumstick,15,25,250 g,4.2 (20.7k),Sold Out,https://www.zeptonow.com/pn/drumstick-murungaikaai/pvid/73594273-aeec-4529-b23a-2e0be0cac9ab,"https://cdn.zeptonow.com/production/tr:w-1280,ar-3000-3000,pr-true,f-auto,q-80/cms/product_variant/23bf0899-a2c3-4a28-a627-47b7a22eff85.jpeg"
Fruits & Vegetables,All,"https://cdn.zeptonow.com/production/tr:w-90,ar-120-120,pr-true,f-auto,q-80/cms/sub_category/102e9688-c220-4a0e-bc35-0f0b16de6ad1.png",Carrot Ooty,Carrot,42,57,200-300 gm,4.3 (2.7k),Sold Out,https://www.zeptonow.com/pn/carrot-ooty/pvid/da08af31-945c-488a-bbee-7e82d2700faf,"https://cdn.zeptonow.com/production/tr:w-1280,ar-3000-3000,pr-true,f-auto,q-80/cms/product_variant/165adf95-8aab-4b6f-8527-a9ee60244609.jpeg"
Fruits & Vegetables,All,"https://cdn.zeptonow.com/production/tr:w-90,ar-120-120,pr-true,f-auto,q-80/cms/sub_category/102e9688-c220-4a0e-bc35-0f0b16de6ad1.png",Imported Apple Bites,Imported,108,135,3 pcs,4.6 (114),Sold Out,https://www.zeptonow.com/pn/imported-apple-bites/pvid/fcc3ff75-e90d-447a-914a-3e73992f1dff,"https://cdn.zeptonow.com/production/tr:w-1280,ar-522-372,pr-true,f-auto,q-80/cms/product_variant/236e8b18-5f4d-4384-883d-97c93fc611e0.jpeg"
Fruits & Vegetables,All,"https://cdn.zeptonow.com/production/tr:w-90,ar-120-120,pr-true,f-auto,q-80/cms/sub_category/102e9688-c220-4a0e-bc35-0f0b16de6ad1.png",Cauliflower,Cauliflower,39,58,1 Piece Approx. 300gms Above,3.9 (59.5k),Sold Out,https://www.zeptonow.com/pn/cauliflower/pvid/32eaa661-1c7f-4a73-a979-01fbf526af52,"https://cdn.zeptonow.com/production/tr:w-1280,ar-3000-3000,pr-true,f-auto,q-80/cms/product_variant/fe477515-a211-467c-b439-76483097d513.jpeg"
Fruits & Vegetables,All,"https://cdn.zeptonow.com/production/tr:w-90,ar-120-120,pr-true,f-auto,q-80/cms/sub_category/102e9688-c220-4a0e-bc35-0f0b16de6ad1.png",Bhoomi Farms Organic Ladies finger,Bhoomi,26,30,1 Pack / 230 - 260 gm,5 (67),Sold Out,https://www.zeptonow.com/pn/bhoomi-farms-organic-ladies-finger/pvid/19ba5f39-6a79-4e2f-946d-46e2b184b4cc,"https://cdn.zeptonow.com/production/tr:w-1280,ar-276-183,pr-true,f-auto,q-80/cms/product_variant/b9d85e12-4558-4a20-b4d4-4bf2a2da57e6.jpeg"
Fruits & Vegetables,All,"https://cdn.zeptonow.com/production/tr:w-90,ar-120-120,pr-true,f-auto,q-80/cms/sub_category/102e9688-c220-4a0e-bc35-0f0b16de6ad1.png",Broccoli,Broccoli,123,142,200 - 300 g,3.9 (25.8k),Sold Out,https://www.zeptonow.com/pn/broccoli/pvid/2b1fc916-efd6-47d0-9132-9afb33dca3ab,"https://cdn.zeptonow.com/production/tr:w-1280,ar-1000-1000,pr-true,f-auto,q-80/inventory/product/e64934b3-6268-4f43-8827-51f88cfb4774-tmp/c68d7d36-9b64-4960-af19-77cfae7e4fca.jpeg"
Fruits & Vegetables,All,"https://cdn.zeptonow.com/production/tr:w-90,ar-120-120,pr-true,f-auto,q-80/cms/sub_category/102e9688-c220-4a0e-bc35-0f0b16de6ad1.png",Green Chilli Gundu,Green,32,35,200 g,4.7 (10.8k),Sold Out,https://www.zeptonow.com/pn/green-chilli-gundu/pvid/39cba37f-25c0-4a4b-aae3-4c011698e4da,"https://cdn.zeptonow.com/production/tr:w-1280,ar-370-310,pr-true,f-auto,q-80/inventory/product/60836302-6636-4fac-b16d-6dc9df9acafe-Photo.jpeg"
Fruits & Vegetables,All,"https://cdn.zeptonow.com/production/tr:w-90,ar-120-120,pr-true,f-auto,q-80/cms/sub_category/102e9688-c220-4a0e-bc35-0f0b16de6ad1.png",Cabbage,Cabbage,25,34,500 - 800 g,4.3 (25.8k),Sold Out,https://www.zeptonow.com/pn/cabbage/pvid/45cde468-1126-4014-a1cb-ad9693d5b3e1,"https://cdn.zeptonow.com/production/tr:w-1280,ar-3000-3000,pr-true,f-auto,q-80/cms/product_variant/b0836537-bf69-4886-a2b7-b4bf2fb4fd76.jpeg"
Fruits & Vegetables,All,"https://cdn.zeptonow.com/production/tr:w-90,ar-120-120,pr-true,f-auto,q-80/cms/sub_category/102e9688-c220-4a0e-bc35-0f0b16de6ad1.png",Orange Imported,Orange,112,140,4 pcs,4.3 (1.6k),Sold Out,https://www.zeptonow.com/pn/orange-imported/pvid/58297737-4cde-454e-ba44-59a961aab85c,"https://cdn.zeptonow.com/production/tr:w-1280,ar-1000-730,pr-true,f-auto,q-80/inventory/product/24de6838-b883-4fed-af17-05bd433cb92a-dc9a91ce-79d4-4fd7-8d6f-d72e992489d5.jpeg"
Fruits & Vegetables,All,"https://cdn.zeptonow.com/production/tr:w-90,ar-120-120,pr-true,f-auto,q-80/cms/sub_category/102e9688-c220-4a0e-bc35-0f0b16de6ad1.png",Watermelon Kiran (Dharboosani),Watermelon,99,122,1 pc (2 - 3.5 kg),4.1 (11.3k),Sold Out,https://www.zeptonow.com/pn/watermelon-kiran-dharboosani/pvid/e3b84007-a4a9-45d5-9fbd-9e6a06cf5544,"https://cdn.zeptonow.com/production/tr:w-1280,ar-3000-3000,pr-true,f-auto,q-80/cms/product_variant/9189a9f9-d66e-498a-9867-2960e734ec60.jpeg"
Fruits & Vegetables,All,"https://cdn.zeptonow.com/production/tr:w-90,ar-120-120,pr-true,f-auto,q-80/cms/sub_category/102e9688-c220-4a0e-bc35-0f0b16de6ad1.png","Spinach Red Ponnanganni - Cleaned, without roots",Spinach,20,25,220 - 250 g,4.1 (6.4k),Sold Out,https://www.zeptonow.com/pn/spinach-red-ponnanganni-cleaned-without-roots/pvid/a3c96e5f-03e3-4a98-8822-7fdced3d1e24,"https://cdn.zeptonow.com/production/tr:w-1280,ar-500-500,pr-true,f-auto,q-80/inventory/product/599e4a15-6f41-4c38-9b5a-b40a958e14a6-40084105_3-fresho-amaranthus-red-premium-institutional.webp"
Fruits & Vegetables,All,"https://cdn.zeptonow.com/production/tr:w-90,ar-120-120,pr-true,f-auto,q-80/cms/sub_category/102e9688-c220-4a0e-bc35-0f0b16de6ad1.png",Lettuce Green,Lettuce,15,20,100 g,4.3 (12.5k),Sold Out,https://www.zeptonow.com/pn/lettuce-green/pvid/f5eb4a0f-7433-4b3a-a970-780278f3cb02,"https://cdn.zeptonow.com/production/tr:w-1280,ar-3000-3000,pr-true,f-auto,q-80/cms/product_variant/35cb2b53-04d2-4c69-9c83-1acec5ab0433.jpeg"
Fruits & Vegetables,All,"https://cdn.zeptonow.com/production/tr:w-90,ar-120-120,pr-true,f-auto,q-80/cms/sub_category/102e9688-c220-4a0e-bc35-0f0b16de6ad1.png",Guava White (Koiya Pazham),Guava,24,35,500 g,4 (13.7k),Sold Out,https://www.zeptonow.com/pn/guava-white-koiya-pazham/pvid/17aa9545-9579-4580-bf2e-0d9d416f518f,"https://cdn.zeptonow.com/production/tr:w-1280,ar-3000-3000,pr-true,f-auto,q-80/cms/product_variant/ea388a46-1f12-47c9-87e5-93073175b72e.jpeg"
Fruits & Vegetables,All,"https://cdn.zeptonow.com/production/tr:w-90,ar-120-120,pr-true,f-auto,q-80/cms/sub_category/102e9688-c220-4a0e-bc35-0f0b16de6ad1.png",Hydroponic Arugula/Rocket,Hydroponic,12,59,25 g,4.4 (767),Sold Out,https://www.zeptonow.com/pn/hydroponic-arugularocket/pvid/22df1924-fda8-4d99-8453-3e42cee98897,"https://cdn.zeptonow.com/production/tr:w-1280,ar-1200-717,pr-true,f-auto,q-80/inventory/product/bd5acce5-5348-493d-8ccb-473484cddc96-5e6ba077-c544-44f6-9ea7-95f730153ee3.jpeg"
Fruits & Vegetables,All,"https://cdn.zeptonow.com/production/tr:w-90,ar-120-120,pr-true,f-auto,q-80/cms/sub_category/102e9688-c220-4a0e-bc35-0f0b16de6ad1.png",Sapota (Chicko),Sapota,63,75,500 g,4.2 (578),Sold Out,https://www.zeptonow.com/pn/sapota-chicko/pvid/e5beb13b-09fb-40ea-a374-e2f0f4e21c12,"https://cdn.zeptonow.com/production/tr:w-1280,ar-3000-3000,pr-true,f-auto,q-80/cms/product_variant/3713f58a-0f58-4fef-9ba3-ce61ca99f450.jpeg"
Fruits & Vegetables,All,"https://cdn.zeptonow.com/production/tr:w-90,ar-120-120,pr-true,f-auto,q-80/cms/sub_category/102e9688-c220-4a0e-bc35-0f0b16de6ad1.png",Amaranthus Leaves (Arai Keerai),Amaranthus,20,25,220 - 250 g,4.1 (5.3k),Sold Out,https://www.zeptonow.com/pn/amaranthus-leaves-arai-keerai/pvid/cb467455-a5c4-4f38-8912-8e4586c21643,"https://cdn.zeptonow.com/production/tr:w-1280,ar-3000-3000,pr-true,f-auto,q-80/cms/product_variant/5c8ee1d2-e775-4123-aeda-38d9b16a3f04.jpeg"
Fruits & Vegetables,All,"https://cdn.zeptonow.com/production/tr:w-90,ar-120-120,pr-true,f-auto,q-80/cms/sub_category/102e9688-c220-4a0e-bc35-0f0b16de6ad1.png",Mango Raw,Mango,33,33,250- 300 g,4.2 (13.6k),Sold Out,https://www.zeptonow.com/pn/mango-raw/pvid/03b75a9d-d1ce-4fcb-b498-cc7c7e276e34,"https://cdn.zeptonow.com/production/tr:w-1280,ar-900-900,pr-true,f-auto,q-80/cms/product_variant/9e49865d-af19-4847-b47d-3097b905590d.jpg"
Fruits & Vegetables,Fresh Vegetables,"https://cdn.zeptonow.com/production/tr:w-90,ar-160-161,pr-true,f-auto,q-80/cms/sub_category/694c07e0-542b-49db-a596-b1f4f4935342.png",Tomato Country / Naattu Thakkali / நாட்டு தக்காளி,Tomato,30,34,500 g,4.1 (131.7k),In Stock,https://www.zeptonow.com/pn/tomato-country-naattu-thakkali/pvid/d60b2214-1856-4213-aa81-7e656fb64282,"https://cdn.zeptonow.com/production/tr:w-1280,ar-3000-3000,pr-true,f-auto,q-80/cms/product_variant/94c89fce-4ba2-49c6-a8c0-7e9784127b78.jpeg"
Fruits & Vegetables,Fresh Vegetables,"https://cdn.zeptonow.com/production/tr:w-90,ar-160-161,pr-true,f-auto,q-80/cms/sub_category/694c07e0-542b-49db-a596-b1f4f4935342.png",Mushroom Button (Kalaan),Mushroom,57,61,200 g,4.4 (32.6k),In Stock,https://www.zeptonow.com/pn/mushroom-button-kalaan/pvid/b2f4b868-288e-4f8e-a82c-c6bc748aa9e7,"https://cdn.zeptonow.com/production/tr:w-1280,ar-3000-3000,pr-true,f-auto,q-80/cms/product_variant/0ff5fd95-b253-426f-90fc-cbc0d1ce0078.jpeg"
Fruits & Vegetables,Fresh Vegetables,"https://cdn.zeptonow.com/production/tr:w-90,ar-160-161,pr-true,f-auto,q-80/cms/sub_category/694c07e0-542b-49db-a596-b1f4f4935342.png",Onion (Vengayam),Onion,40,52,1 Pack (900 - 1000 Gm),4.4 (121.1k),In Stock,https://www.zeptonow.com/pn/onion-vengayam/pvid/ba3309c3-5743-41c0-bcb4-0748d8c615fc,"https://cdn.zeptonow.com/production/tr:w-1280,ar-3000-3000,pr-true,f-auto,q-80/cms/product_variant/dc92f9f3-ad00-4ec1-a9c7-714f395dc4b5.jpeg"
Fruits & Vegetables,Fresh Vegetables,"https://cdn.zeptonow.com/production/tr:w-90,ar-160-161,pr-true,f-auto,q-80/cms/sub_category/694c07e0-542b-49db-a596-b1f4f4935342.png",Lady Finger (Vendikaai),Lady,22,50,250 g,4.4 (65.8k),In Stock,https://www.zeptonow.com/pn/lady-finger-vendikaai/pvid/803ef336-d3ed-4150-b89c-4cd4ae984f61,"https://cdn.zeptonow.com/production/tr:w-1280,ar-3000-3000,pr-true,f-auto,q-80/cms/product_variant/ae458c42-5f8b-43fe-af57-37f15329d7bd.jpeg"
Fruits & Vegetables,Fresh Vegetables,"https://cdn.zeptonow.com/production/tr:w-90,ar-160-161,pr-true,f-auto,q-80/cms/sub_category/694c07e0-542b-49db-a596-b1f4f4935342.png",Potato (Urulai Kilangu),Potato,45,58,1 Pack (900 - 1000 Gm),4.2 (56.2k),In Stock,https://www.zeptonow.com/pn/potato-urulai-kilangu/pvid/dfb1fa72-a840-4d25-92a5-cd8e3d82604e,"https://cdn.zeptonow.com/production/tr:w-1280,ar-3000-3000,pr-true,f-auto,q-80/cms/product_variant/7f50ff60-3110-42b3-9482-14315d563ac8.jpeg"
Fruits & Vegetables,Fresh Vegetables,"https://cdn.zeptonow.com/production/tr:w-90,ar-160-161,pr-true,f-auto,q-80/cms/sub_category/694c07e0-542b-49db-a596-b1f4f4935342.png",Coccinia (Kovakkai),Coccinia,19,20,250 g,4.2 (32.5k),In Stock,https://www.zeptonow.com/pn/coccinia-kovakkai/pvid/ffc1cd49-6e8a-479c-bf1f-428bac041a76,"https://cdn.zeptonow.com/production/tr:w-1280,ar-3000-3000,pr-true,f-auto,q-80/cms/product_variant/557bb33b-65cd-400b-b653-2ba10e0a7454.jpeg"
Fruits & Vegetables,Fresh Vegetables,"https://cdn.zeptonow.com/production/tr:w-90,ar-160-161,pr-true,f-auto,q-80/cms/sub_category/694c07e0-542b-49db-a596-b1f4f4935342.png",Beans Haricot,Beans,29,29,250 g,4.6 (30.6k),In Stock,https://www.zeptonow.com/pn/beans-haricot/pvid/bc16bca4-db53-4fc3-b826-a1e8776c98ed,"https://cdn.zeptonow.com/production/tr:w-1280,ar-3000-3000,pr-true,f-auto,q-80/cms/product_variant/fa3de54d-e36c-4a64-baff-87ad622e4919.jpeg"
Fruits & Vegetables,Fresh Vegetables,"https://cdn.zeptonow.com/production/tr:w-90,ar-160-161,pr-true,f-auto,q-80/cms/sub_category/694c07e0-542b-49db-a596-b1f4f4935342.png",Beetroot,Beetroot,25,33,500 g,4.2 (54.7k),In Stock,https://www.zeptonow.com/pn/beetroot/pvid/6b6ec088-e025-42d3-b64e-c3fec13f593e,"https://cdn.zeptonow.com/production/tr:w-1280,ar-3000-3000,pr-true,f-auto,q-80/cms/product_variant/48e0a732-00b0-41dd-9a33-4c4182e8550c.jpeg"
Fruits & Vegetables,Fresh Vegetables,"https://cdn.zeptonow.com/production/tr:w-90,ar-160-161,pr-true,f-auto,q-80/cms/sub_category/694c07e0-542b-49db-a596-b1f4f4935342.png",Capsicum Red & Yellow,Capsicum,42,91,2 x (200 - 300 g),4.3 (601),In Stock,https://www.zeptonow.com/pn/capsicum-red-yellow/pvid/4d82f8c1-e956-4936-a70a-6576fc2eebf9,"https://cdn.zeptonow.com/production/tr:w-1280,ar-3000-3000,pr-true,f-auto,q-80/cms/product_variant/31518bf5-db13-4452-82f4-9a7110e3dec2.jpeg"
Fruits & Vegetables,Fresh Vegetables,"https://cdn.zeptonow.com/production/tr:w-90,ar-160-161,pr-true,f-auto,q-80/cms/sub_category/694c07e0-542b-49db-a596-b1f4f4935342.png",Brinjal Kateri (Kathirikai Vari),Brinjal,20,20,250 g,4.2 (36.1k),In Stock,https://www.zeptonow.com/pn/brinjal-kateri-kathirikai-vari/pvid/5ea9e580-27f9-4119-bb5f-a77d7f361d17,"https://cdn.zeptonow.com/production/tr:w-0.98,h-0.98,f-auto/cms/product_variant/944383db-e0b0-4e73-aab8-0277fbf1397a.jpeg"
Fruits & Vegetables,Fresh Vegetables,"https://cdn.zeptonow.com/production/tr:w-90,ar-160-161,pr-true,f-auto,q-80/cms/sub_category/694c07e0-542b-49db-a596-b1f4f4935342.png",Banana Raw (Vazhaikaai),Banana,29,32,2 pcs,4.3 (11.0k),In Stock,https://www.zeptonow.com/pn/banana-raw-vazhaikaai/pvid/83615f2c-ed6b-4617-b472-2cc4feca9511,"https://cdn.zeptonow.com/production/tr:w-1280,ar-3000-3000,pr-true,f-auto,q-80/cms/product_variant/33e4125a-0ade-48bf-9081-7419004c1b37.jpeg"
Fruits & Vegetables,Fresh Vegetables,"https://cdn.zeptonow.com/production/tr:w-90,ar-160-161,pr-true,f-auto,q-80/cms/sub_category/694c07e0-542b-49db-a596-b1f4f4935342.png",Colocasia (Seppankilangu),Colocasia,15,18,250 g,4.3 (14.9k),In Stock,https://www.zeptonow.com/pn/colocasia-seppankilangu/pvid/be9f17c1-3dd1-4fc3-acc5-b355667fe29d,"https://cdn.zeptonow.com/production/tr:w-1280,ar-500-412,pr-true,f-auto,q-80/inventory/product/8dbeed84-1f7f-41c3-9d0c-e910fb114c58-Photo.jpeg"
Fruits & Vegetables,Fresh Vegetables,"https://cdn.zeptonow.com/production/tr:w-90,ar-160-161,pr-true,f-auto,q-80/cms/sub_category/694c07e0-542b-49db-a596-b1f4f4935342.png",Sweet Corn,Sweet,36,40,1 piece,4.2 (4.7k),In Stock,https://www.zeptonow.com/pn/sweet-corn/pvid/72cb1fc4-fd27-43cc-88d9-b9fc7af71693,"https://cdn.zeptonow.com/production/tr:w-0.98,h-0.98,f-auto/cms/product_variant/061f7d8f-5671-46de-9ee4-cc4673de5ceb.jpg"
Fruits & Vegetables,Fresh Vegetables,"https://cdn.zeptonow.com/production/tr:w-90,ar-160-161,pr-true,f-auto,q-80/cms/sub_category/694c07e0-542b-49db-a596-b1f4f4935342.png",Sambar Onion (Chinna Vengayam),Sambar,30,40,250 g,4.3 (32.2k),In Stock,https://www.zeptonow.com/pn/sambar-onion-chinna-vengayam/pvid/6926fece-4bb9-46bf-a6b7-7515b8606d4e,"https://cdn.zeptonow.com/production/tr:w-1280,ar-3000-3000,pr-true,f-auto,q-80/cms/product_variant/fdf40ed3-c54b-4098-b574-e4abe9e450f9.jpeg"
Fruits & Vegetables,Fresh Vegetables,"https://cdn.zeptonow.com/production/tr:w-90,ar-160-161,pr-true,f-auto,q-80/cms/sub_category/694c07e0-542b-49db-a596-b1f4f4935342.png",Cucumber Green (Vellarikaai),Cucumber,39,49,400 - 500 Grams,4.3 (42.0k),In Stock,https://www.zeptonow.com/pn/cucumber-green-vellarikaai/pvid/dc997d9c-1e20-4cba-b725-ef4e9dd0778e,"https://cdn.zeptonow.com/production/tr:w-1280,ar-3000-3000,pr-true,f-auto,q-80/cms/product_variant/31277fc8-9855-4005-b7d9-cee768f62b17.jpeg"
Fruits & Vegetables,Fresh Vegetables,"https://cdn.zeptonow.com/production/tr:w-90,ar-160-161,pr-true,f-auto,q-80/cms/sub_category/694c07e0-542b-49db-a596-b1f4f4935342.png",Tomato Country / Naattu Thakkali,Tomato,14,14,200-300 g,4.3 (409),In Stock,https://www.zeptonow.com/pn/tomato-country-naattu-thakkali/pvid/2442706e-1c1d-4017-9183-270b37bedced,"https://cdn.zeptonow.com/production/tr:w-1280,ar-3000-3000,pr-true,f-auto,q-80/cms/product_variant/e4d9e2f8-9a0e-4021-ab09-245def28ef2a.jpeg"
Fruits & Vegetables,Fresh Vegetables,"https://cdn.zeptonow.com/production/tr:w-90,ar-160-161,pr-true,f-auto,q-80/cms/sub_category/694c07e0-542b-49db-a596-b1f4f4935342.png",Sweet Potato,Sweet,43,50,500 g,3.9 (26.4k),In Stock,https://www.zeptonow.com/pn/sweet-potato/pvid/c1f2d2a1-f366-481b-b404-a299c6625a87,"https://cdn.zeptonow.com/production/tr:w-1280,ar-3000-3000,pr-true,f-auto,q-80/cms/product_variant/c5b9487d-e072-4a82-a680-16957f4f9c2c.jpeg"
Fruits & Vegetables,Fresh Vegetables,"https://cdn.zeptonow.com/production/tr:w-90,ar-160-161,pr-true,f-auto,q-80/cms/sub_category/694c07e0-542b-49db-a596-b1f4f4935342.png",Brinjal Purple Ujala (Kaththirikkai),Brinjal,14,26,250 g,4.3 (16.5k),In Stock,https://www.zeptonow.com/pn/brinjal-purple-ujala-kaththirikkai/pvid/eafe06ad-6107-487b-b948-bccfbb457a30,"https://cdn.zeptonow.com/production/tr:w-1280,ar-3000-3000,pr-true,f-auto,q-80/cms/product_variant/7515e40d-9465-4bef-a711-589ab262b1d7.jpeg"
Fruits & Vegetables,Fresh Vegetables,"https://cdn.zeptonow.com/production/tr:w-90,ar-160-161,pr-true,f-auto,q-80/cms/sub_category/694c07e0-542b-49db-a596-b1f4f4935342.png",Pea Eggplant/Sundaikai,Pea,9,22,100 g,4.4 (11.1k),In Stock,https://www.zeptonow.com/pn/pea-eggplantsundaikai/pvid/705f74ea-83ad-4f6a-8e10-e42178e94870,"https://cdn.zeptonow.com/production/tr:w-1280,ar-400-400,pr-true,f-auto,q-80/inventory/product/c3faab3e-9fcb-4daa-8fdd-8b68de0196f7-tmp/2adea0a1-6675-4344-b794-a279d4a4d88a.jpeg"
Fruits & Vegetables,Fresh Vegetables,"https://cdn.zeptonow.com/production/tr:w-90,ar-160-161,pr-true,f-auto,q-80/cms/sub_category/694c07e0-542b-49db-a596-b1f4f4935342.png",Tomato Hybrid,Tomato,46,46,500 g,4.3 (140.4k),In Stock,https://www.zeptonow.com/pn/tomato-hybrid/pvid/e2157763-f106-44bf-984c-171f445cf591,"https://cdn.zeptonow.com/production/tr:w-1280,ar-3000-3000,pr-true,f-auto,q-80/cms/product_variant/cafd7a3a-3426-45dd-9885-04bb65470c9f.jpeg"
Fruits & Vegetables,Fresh Vegetables,"https://cdn.zeptonow.com/production/tr:w-90,ar-160-161,pr-true,f-auto,q-80/cms/sub_category/694c07e0-542b-49db-a596-b1f4f4935342.png",Cucumber English,Cucumber,42,44,500 g,4.4 (32.0k),In Stock,https://www.zeptonow.com/pn/cucumber-english/pvid/c2bade34-bc42-4ca7-9bbb-83f12b022df7,"https://cdn.zeptonow.com/production/tr:w-1280,ar-3000-3000,pr-true,f-auto,q-80/cms/product_variant/b474abb9-be96-4dfb-a22f-99915bf32acb.jpeg"
Fruits & Vegetables,Fresh Vegetables,"https://cdn.zeptonow.com/production/tr:w-90,ar-160-161,pr-true,f-auto,q-80/cms/sub_category/694c07e0-542b-49db-a596-b1f4f4935342.png",Beans Cluster (Seeni Avaraikkaai),Beans,12,30,250 g,4.2 (13.0k),In Stock,https://www.zeptonow.com/pn/beans-cluster-seeni-avaraikkaai/pvid/c9656a90-1235-45d2-89a6-b22eb45ec156,"https://cdn.zeptonow.com/production/tr:w-1280,ar-3000-3000,pr-true,f-auto,q-80/cms/product_variant/8d5dcc60-a25b-487a-9363-55285cafa9ba.jpeg"
Fruits & Vegetables,Fresh Vegetables,"https://cdn.zeptonow.com/production/tr:w-90,ar-160-161,pr-true,f-auto,q-80/cms/sub_category/694c07e0-542b-49db-a596-b1f4f4935342.png",Ridge Gourd (Peerkkankaai),Ridge,42,57,400 - 500 g,4.2 (4.2k),In Stock,https://www.zeptonow.com/pn/ridge-gourd-peerkkankaai/pvid/90cc4ecc-794c-464e-a636-181b09ec812c,"https://cdn.zeptonow.com/production/tr:w-1280,ar-3000-3000,pr-true,f-auto,q-80/cms/product_variant/5b7155ca-e0f1-4fa6-8f9b-b54a397f08f6.jpeg"
Fruits & Vegetables,Fresh Vegetables,"https://cdn.zeptonow.com/production/tr:w-90,ar-160-161,pr-true,f-auto,q-80/cms/sub_category/694c07e0-542b-49db-a596-b1f4f4935342.png",Ash Gourd,Ash,37,45,1 pc (1 - 1.5 kg),4.6 (3.2k),In Stock,https://www.zeptonow.com/pn/ash-gourd/pvid/ea723eed-ff72-4db5-af92-d3d8642c3ff3,"https://cdn.zeptonow.com/production/tr:w-1280,ar-3000-3000,pr-true,f-auto,q-80/cms/product_variant/68df0868-7adf-4c59-b0d5-2a73b9143498.jpeg"
Fruits & Vegetables,Fresh Vegetables,"https://cdn.zeptonow.com/production/tr:w-90,ar-160-161,pr-true,f-auto,q-80/cms/sub_category/694c07e0-542b-49db-a596-b1f4f4935342.png",Capsicum Green (Kudai Milagaai),Capsicum,54,75,500 g,4.3 (14.6k),In Stock,https://www.zeptonow.com/pn/capsicum-green-kudai-milagaai/pvid/7a388977-67c7-4b10-b575-6438e3c26775,"https://cdn.zeptonow.com/production/tr:w-1280,ar-3000-3000,pr-true,f-auto,q-80/cms/product_variant/047ec52a-d51e-484c-9d29-75bfe11ddff2.jpeg"
Fruits & Vegetables,Fresh Vegetables,"https://cdn.zeptonow.com/production/tr:w-90,ar-160-161,pr-true,f-auto,q-80/cms/sub_category/694c07e0-542b-49db-a596-b1f4f4935342.png",Pumpkin Disco,Pumpkin,52,67,1 pc,4.3 (2.5k),In Stock,https://www.zeptonow.com/pn/pumpkin-disco/pvid/41294d08-004b-4042-8646-519095c3b7db,"https://cdn.zeptonow.com/production/tr:w-1280,ar-3000-3000,pr-true,f-auto,q-80/cms/product_variant/27a2656a-6535-4fe6-b9b0-314003691a6a.jpeg"
Fruits & Vegetables,Fresh Vegetables,"https://cdn.zeptonow.com/production/tr:w-90,ar-160-161,pr-true,f-auto,q-80/cms/sub_category/694c07e0-542b-49db-a596-b1f4f4935342.png",Radish White,Radish,17,18,200-300 gm,4.3 (501),In Stock,https://www.zeptonow.com/pn/radish-white/pvid/7c9b8a12-d781-4f99-864f-a39c9ef49c13,"https://cdn.zeptonow.com/production/tr:w-1280,ar-3000-3000,pr-true,f-auto,q-80/cms/product_variant/dc621159-8f6a-44d1-8713-2efac0fdf823.jpeg"
Fruits & Vegetables,Fresh Vegetables,"https://cdn.zeptonow.com/production/tr:w-90,ar-160-161,pr-true,f-auto,q-80/cms/sub_category/694c07e0-542b-49db-a596-b1f4f4935342.png",Tapioca / Maravallikilangu,Tapioca,33,37,600 g - 1 kg,4.5 (791),In Stock,https://www.zeptonow.com/pn/tapioca-maravallikilangu/pvid/1f5d8b20-8a5d-40da-be74-329ca8348971,"https://cdn.zeptonow.com/production/tr:w-1280,ar-3000-3000,pr-true,f-auto,q-80/cms/product_variant/5e25cb80-476f-4d41-b2ab-5731b4cd8048.jpeg"
Fruits & Vegetables,Fresh Vegetables,"https://cdn.zeptonow.com/production/tr:w-90,ar-160-161,pr-true,f-auto,q-80/cms/sub_category/694c07e0-542b-49db-a596-b1f4f4935342.png",Beetroot,Beetroot,11,17,1 pc (150-250 gm),4 (1.3k),In Stock,https://www.zeptonow.com/pn/beetroot/pvid/5f7aeee9-d226-4b51-86e0-602adf669d64,"https://cdn.zeptonow.com/production/tr:w-1280,ar-3000-3000,pr-true,f-auto,q-80/cms/product_variant/1dcfbe5c-47a0-4514-8251-818362260765.jpeg"
Fruits & Vegetables,Fresh Vegetables,"https://cdn.zeptonow.com/production/tr:w-90,ar-160-161,pr-true,f-auto,q-80/cms/sub_category/694c07e0-542b-49db-a596-b1f4f4935342.png",Cucumber Green (Vellarikaai),Cucumber,23,27,200-300 gm,4 (586),In Stock,https://www.zeptonow.com/pn/cucumber-green-vellarikaai/pvid/fb1e2ce0-7a8c-4de7-bb7b-8c304bf4c871,"https://cdn.zeptonow.com/production/tr:w-1280,ar-3000-3000,pr-true,f-auto,q-80/cms/product_variant/ed585b83-ef98-42fa-8145-7e61b3d7dcbb.jpeg"
Fruits & Vegetables,Fresh Vegetables,"https://cdn.zeptonow.com/production/tr:w-90,ar-160-161,pr-true,f-auto,q-80/cms/sub_category/694c07e0-542b-49db-a596-b1f4f4935342.png",Cucumber English,Cucumber,22,22,200-300 gm,4.3 (1.1k),In Stock,https://www.zeptonow.com/pn/cucumber-english/pvid/65c4ee6a-3cfe-4dc6-8c22-b0d0c1ac1261,"https://cdn.zeptonow.com/production/tr:w-1280,ar-3000-3000,pr-true,f-auto,q-80/cms/product_variant/35d8ba17-60bc-4d80-8a93-3aa6240c6e7f.jpeg"
Fruits & Vegetables,Fresh Vegetables,"https://cdn.zeptonow.com/production/tr:w-90,ar-160-161,pr-true,f-auto,q-80/cms/sub_category/694c07e0-542b-49db-a596-b1f4f4935342.png",Baby Potato (Chinna Urulaikilangu),Baby,47,47,500 g,4.4 (5.0k),In Stock,https://www.zeptonow.com/pn/baby-potato-chinna-urulaikilangu/pvid/07b01184-4875-4fce-a411-dd3b0a36aceb,"https://cdn.zeptonow.com/production/tr:w-1280,ar-3000-3000,pr-true,f-auto,q-80/cms/product_variant/6696e0af-a391-45ad-a53f-e0f367c14f9a.jpeg"
Fruits & Vegetables,Fresh Vegetables,"https://cdn.zeptonow.com/production/tr:w-90,ar-160-161,pr-true,f-auto,q-80/cms/sub_category/694c07e0-542b-49db-a596-b1f4f4935342.png",Green Pumpkin,Green,54,54,1 piece,4.2 (483),In Stock,https://www.zeptonow.com/pn/green-pumpkin/pvid/194f808a-2b45-4dae-81a4-56814ded12df,"https://cdn.zeptonow.com/production/tr:w-1280,ar-640-480,pr-true,f-auto,q-80/cms/product_variant/952f76de-b9cf-4bfb-b808-9003ec6a4478.jpeg"
Fruits & Vegetables,Fresh Vegetables,"https://cdn.zeptonow.com/production/tr:w-90,ar-160-161,pr-true,f-auto,q-80/cms/sub_category/694c07e0-542b-49db-a596-b1f4f4935342.png",Lotus Stem,Lotus,51,64,2 pcs,4.4 (997),In Stock,https://www.zeptonow.com/pn/lotus-stem/pvid/c7dbb524-5480-460d-bd90-9ecf7c394ca3,"https://cdn.zeptonow.com/production/tr:w-1280,ar-500-500,pr-true,f-auto,q-80/inventory/product/718e489c-145a-49c4-a107-1e91fbf9304c-/tmp/20230731-1333321.jpeg"
Fruits & Vegetables,Fresh Vegetables,"https://cdn.zeptonow.com/production/tr:w-90,ar-160-161,pr-true,f-auto,q-80/cms/sub_category/694c07e0-542b-49db-a596-b1f4f4935342.png",Onion (Vengayam) & Potato (Urulai Kilangu),Onion,85,110,2 combo,4.3 (772),In Stock,https://www.zeptonow.com/pn/onion-vengayam-potato-urulai-kilangu/pvid/5b01aedb-255f-4aa1-9a2b-bcf8c5fbab9d,"https://cdn.zeptonow.com/production/tr:w-1280,ar-1494-1494,pr-true,f-auto,q-80/cms/product_variant/907d23d1-966f-4e7c-8968-0081563336cb.jpg"
Fruits & Vegetables,Fresh Vegetables,"https://cdn.zeptonow.com/production/tr:w-90,ar-160-161,pr-true,f-auto,q-80/cms/sub_category/694c07e0-542b-49db-a596-b1f4f4935342.png",Onion (Vengayam) & Tomato Hybrid,Onion,86,98,2 combo,4.4 (555),In Stock,https://www.zeptonow.com/pn/onion-vengayam-tomato-hybrid/pvid/37bc966e-106c-46a9-ad07-d0aecf0136e1,"https://cdn.zeptonow.com/production/tr:w-1280,ar-1494-1494,pr-true,f-auto,q-80/cms/product_variant/754ddbe8-9829-486d-9337-1ccb20d97ee7.jpg"
Fruits & Vegetables,Fresh Vegetables,"https://cdn.zeptonow.com/production/tr:w-90,ar-160-161,pr-true,f-auto,q-80/cms/sub_category/694c07e0-542b-49db-a596-b1f4f4935342.png",Colocasia (Seppankilangu) 250 g Combo,Colocasia,28,36,250 g X 2,4.5 (401),In Stock,https://www.zeptonow.com/pn/colocasia-seppankilangu-250-g-combo/pvid/041232ad-84d2-4813-bbaf-4903e96fc210,"https://cdn.zeptonow.com/production/tr:w-1280,ar-3000-3000,pr-true,f-auto,q-80/cms/product_variant/2b0f2811-6ece-4f3a-9a32-0692882269ff.jpeg"
Fruits & Vegetables,Fresh Vegetables,"https://cdn.zeptonow.com/production/tr:w-90,ar-160-161,pr-true,f-auto,q-80/cms/sub_category/694c07e0-542b-49db-a596-b1f4f4935342.png",Beans Cluster (Seeni Avaraikkaai) 250 g Combo,Beans,24,60,250 g X 2,4.6 (757),In Stock,https://www.zeptonow.com/pn/beans-cluster-seeni-avaraikkaai-250-g-combo/pvid/9ca097ca-5b86-4fa1-97ec-fb6aeabcd230,"https://cdn.zeptonow.com/production/tr:w-1280,ar-3000-3000,pr-true,f-auto,q-80/cms/product_variant/a68aeec9-2801-4b36-89c8-9486cdd2fdc3.jpeg"
Fruits & Vegetables,Fresh Vegetables,"https://cdn.zeptonow.com/production/tr:w-90,ar-160-161,pr-true,f-auto,q-80/cms/sub_category/694c07e0-542b-49db-a596-b1f4f4935342.png",Cucumber English 500 g Combo,Cucumber,82,88,500 g X 2,4.3 (272),In Stock,https://www.zeptonow.com/pn/cucumber-english-500-g-combo/pvid/40be4d55-92ba-4fb1-a0f2-b739d0190340,"https://cdn.zeptonow.com/production/tr:w-1280,ar-3000-3000,pr-true,f-auto,q-80/cms/product_variant/e29796d0-27e8-452a-a5ac-1615a992aa9e.jpeg"
Fruits & Vegetables,Fresh Vegetables,"https://cdn.zeptonow.com/production/tr:w-90,ar-160-161,pr-true,f-auto,q-80/cms/sub_category/694c07e0-542b-49db-a596-b1f4f4935342.png",Beetroot 500 g Combo,Beetroot,46,66,500 g X 2,4.7 (840),In Stock,https://www.zeptonow.com/pn/beetroot-500-g-combo/pvid/20b3e088-7254-4355-8955-e25ebd552f9e,"https://cdn.zeptonow.com/production/tr:w-1280,ar-3000-3000,pr-true,f-auto,q-80/cms/product_variant/ee23ebf7-77da-4c08-b644-0519b397aa4d.jpeg"
Fruits & Vegetables,Fresh Vegetables,"https://cdn.zeptonow.com/production/tr:w-90,ar-160-161,pr-true,f-auto,q-80/cms/sub_category/694c07e0-542b-49db-a596-b1f4f4935342.png",Coccinia (Kovakkai) 250 g Combo,Coccinia,36,40,250 g X 2,4.5 (101),In Stock,https://www.zeptonow.com/pn/coccinia-kovakkai-250-g-combo/pvid/e9781bbe-d5c6-47f4-8b14-228e2cc222b2,"https://cdn.zeptonow.com/production/tr:w-1280,ar-3000-3000,pr-true,f-auto,q-80/cms/product_variant/88ba8b11-f75d-4fd7-8aab-ddc7f4b89e93.jpeg"
Fruits & Vegetables,Fresh Vegetables,"https://cdn.zeptonow.com/production/tr:w-90,ar-160-161,pr-true,f-auto,q-80/cms/sub_category/694c07e0-542b-49db-a596-b1f4f4935342.png",Baby Potato (Chinna Urulaikilangu) 500 g Combo,Baby,90,94,500 g X 2,4.6 (997),In Stock,https://www.zeptonow.com/pn/baby-potato-chinna-urulaikilangu-500-g-combo/pvid/2bc092a8-bbc6-4461-ba78-8ad86a6697cc,"https://cdn.zeptonow.com/production/tr:w-1280,ar-3000-3000,pr-true,f-auto,q-80/cms/product_variant/84795dd4-cacf-4165-8809-be839ffb5179.jpeg"
Fruits & Vegetables,Fresh Vegetables,"https://cdn.zeptonow.com/production/tr:w-90,ar-160-161,pr-true,f-auto,q-80/cms/sub_category/694c07e0-542b-49db-a596-b1f4f4935342.png",Cucumber Green (Vellarikaai) 500 g Combo,Cucumber,74,98,500 g X 2,4.5 (622),In Stock,https://www.zeptonow.com/pn/cucumber-green-vellarikaai-500-g-combo/pvid/9fd00ef9-6fec-454b-a82b-d61938eaeda5,"https://cdn.zeptonow.com/production/tr:w-1280,ar-3000-3000,pr-true,f-auto,q-80/cms/product_variant/cbc470cd-4566-4e0b-905d-499411b9c1d9.jpeg"
Fruits & Vegetables,Fresh Vegetables,"https://cdn.zeptonow.com/production/tr:w-90,ar-160-161,pr-true,f-auto,q-80/cms/sub_category/694c07e0-542b-49db-a596-b1f4f4935342.png",Beans Haricot 250 g Combo,Beans,56,58,250 g X 2,4.5 (693),In Stock,https://www.zeptonow.com/pn/beans-haricot-250-g-combo/pvid/aa02a5dc-212d-4c27-99bf-4b889ded0594,"https://cdn.zeptonow.com/production/tr:w-1280,ar-3000-3000,pr-true,f-auto,q-80/cms/product_variant/d1d376b6-931d-4522-822f-955f4eb39ec7.jpeg"
Fruits & Vegetables,Fresh Vegetables,"https://cdn.zeptonow.com/production/tr:w-90,ar-160-161,pr-true,f-auto,q-80/cms/sub_category/694c07e0-542b-49db-a596-b1f4f4935342.png",Tomato Hybrid 500 g Combo,Tomato,132,138,500 g X 3,4.7 (197),In Stock,https://www.zeptonow.com/pn/tomato-hybrid-500-g-combo/pvid/87ae1b0d-1d8c-402e-ba0b-3ad595c3a0c8,"https://cdn.zeptonow.com/production/tr:w-1280,ar-3000-3000,pr-true,f-auto,q-80/cms/product_variant/59a63ebf-c63e-4eba-ad54-7f2c8c17bb82.jpeg"
Fruits & Vegetables,Fresh Vegetables,"https://cdn.zeptonow.com/production/tr:w-90,ar-160-161,pr-true,f-auto,q-80/cms/sub_category/694c07e0-542b-49db-a596-b1f4f4935342.png",Potato (Urulai Kilangu) 1 kg Combo,Potato,86,116,1 kg X 2,4.2 (207),In Stock,https://www.zeptonow.com/pn/potato-urulai-kilangu-1-kg-combo/pvid/c5d40e58-6e08-40bc-94a7-be31b9aebe69,"https://cdn.zeptonow.com/production/tr:w-1280,ar-3000-3000,pr-true,f-auto,q-80/cms/product_variant/ab6726a7-5655-48d6-a329-b0152cf66ea2.jpeg"
Fruits & Vegetables,Fresh Vegetables,"https://cdn.zeptonow.com/production/tr:w-90,ar-160-161,pr-true,f-auto,q-80/cms/sub_category/694c07e0-542b-49db-a596-b1f4f4935342.png",Sweet Potato 500 g Combo,Sweet,82,100,500 g X 2,4.4 (949),In Stock,https://www.zeptonow.com/pn/sweet-potato-500-g-combo/pvid/4e52cf8d-6b80-4f96-8db0-6f2b9907de1b,"https://cdn.zeptonow.com/production/tr:w-1280,ar-1500-1500,pr-true,f-auto,q-80/cms/product_variant/706ed3d8-94cb-49c7-a858-7d2cd746b7fc.jpg"
Fruits & Vegetables,Fresh Vegetables,"https://cdn.zeptonow.com/production/tr:w-90,ar-160-161,pr-true,f-auto,q-80/cms/sub_category/694c07e0-542b-49db-a596-b1f4f4935342.png",Tomato Country / Naattu Thakkali Combo,Tomato,58,68,500 g X 2,4.5 (839),In Stock,https://www.zeptonow.com/pn/tomato-country-naattu-thakkali-combo/pvid/37efc9ac-c52c-4885-85ea-da8788a6f03a,"https://cdn.zeptonow.com/production/tr:w-1280,ar-3000-3000,pr-true,f-auto,q-80/cms/product_variant/58a4c16f-fb05-4062-91bf-fa1095d09771.jpeg"
Fruits & Vegetables,Fresh Vegetables,"https://cdn.zeptonow.com/production/tr:w-90,ar-160-161,pr-true,f-auto,q-80/cms/sub_category/694c07e0-542b-49db-a596-b1f4f4935342.png",Onion (Vengayam) 1 kg Combo,Onion,105,156,1 kg X 3,4.2 (213),In Stock,https://www.zeptonow.com/pn/onion-vengayam-1-kg-combo/pvid/e5210bc6-24f7-4ca5-a6c6-271aabddc11b,"https://cdn.zeptonow.com/production/tr:w-1280,ar-3000-3000,pr-true,f-auto,q-80/cms/product_variant/44dea9a3-de3a-43f4-99aa-bf28cbcc55bd.jpeg"
Fruits & Vegetables,Fresh Vegetables,"https://cdn.zeptonow.com/production/tr:w-90,ar-160-161,pr-true,f-auto,q-80/cms/sub_category/694c07e0-542b-49db-a596-b1f4f4935342.png",Tomato Country / Naattu Thakkali 500 gms Combo,Tomato,56,68,500gms X 2,4.3 (371),In Stock,https://www.zeptonow.com/pn/tomato-country-naattu-thakkali-500-gms-combo/pvid/197f7ae8-3777-4b5f-a127-eb5a490c8b41,"https://cdn.zeptonow.com/production/tr:w-1280,ar-3000-3000,pr-true,f-auto,q-80/cms/product_variant/d52c2e46-fd0e-460f-8ac7-4d36514b5517.jpeg"
Fruits & Vegetables,Fresh Vegetables,"https://cdn.zeptonow.com/production/tr:w-90,ar-160-161,pr-true,f-auto,q-80/cms/sub_category/694c07e0-542b-49db-a596-b1f4f4935342.png",Onion (Vengayam) 1 kg Combo,Onion,76,104,1 kg X 2,4.3 (434),In Stock,https://www.zeptonow.com/pn/onion-vengayam-1-kg-combo/pvid/9c2ba04c-f9c6-44e3-9412-8a9495edfaba,"https://cdn.zeptonow.com/production/tr:w-1280,ar-3000-3000,pr-true,f-auto,q-80/cms/product_variant/5fb34be0-8a44-4f9e-b3d4-22467670e93b.jpeg"
Fruits & Vegetables,Fresh Vegetables,"https://cdn.zeptonow.com/production/tr:w-90,ar-160-161,pr-true,f-auto,q-80/cms/sub_category/694c07e0-542b-49db-a596-b1f4f4935342.png",Tomato Hybrid 500 g Combo,Tomato,90,92,500 g X 2,4.4 (782),In Stock,https://www.zeptonow.com/pn/tomato-hybrid-500-g-combo/pvid/ed02c00e-f314-41d8-8b03-6bbaaa65bcfc,"https://cdn.zeptonow.com/production/tr:w-1280,ar-1500-1500,pr-true,f-auto,q-80/inventory/product/82dafd52-23d4-4b88-bb04-b480814d6162-703.jpg"
Fruits & Vegetables,Fresh Vegetables,"https://cdn.zeptonow.com/production/tr:w-90,ar-160-161,pr-true,f-auto,q-80/cms/sub_category/694c07e0-542b-49db-a596-b1f4f4935342.png",Zucchini Yellow,Zucchini,44,55,1 pc,3.9 (117),Sold Out,https://www.zeptonow.com/pn/zucchini-yellow/pvid/511a939f-bb97-48fb-a36d-a9595e65c18a,"https://cdn.zeptonow.com/production/tr:w-1280,ar-3000-3000,pr-true,f-auto,q-80/cms/product_variant/28f0064e-845c-4982-8331-fa9ca8fe2f64.jpeg"
Fruits & Vegetables,Fresh Vegetables,"https://cdn.zeptonow.com/production/tr:w-90,ar-160-161,pr-true,f-auto,q-80/cms/sub_category/694c07e0-542b-49db-a596-b1f4f4935342.png",Chow Chow,Chow,31,32,400 - 500 g,4.5 (13.6k),Sold Out,https://www.zeptonow.com/pn/chow-chow/pvid/ca1ea9e3-8c06-4811-b066-3c4cbb89ae14,"https://cdn.zeptonow.com/production/tr:w-1280,ar-3000-3000,pr-true,f-auto,q-80/cms/product_variant/49fa4daf-a958-4423-a493-6d4a220a96a4.jpeg"
Fruits & Vegetables,Fresh Vegetables,"https://cdn.zeptonow.com/production/tr:w-90,ar-160-161,pr-true,f-auto,q-80/cms/sub_category/694c07e0-542b-49db-a596-b1f4f4935342.png",Carrot Ooty,Carrot,76,77,500 g,4.4 (67.1k),Sold Out,https://www.zeptonow.com/pn/carrot-ooty/pvid/c2b75dea-26ec-4d6a-af88-82c71ec1eae3,"https://cdn.zeptonow.com/production/tr:w-1280,ar-3000-3000,pr-true,f-auto,q-80/cms/product_variant/3a0c045e-f6bb-45b1-9c44-82466a6ca952.jpeg"
Fruits & Vegetables,Fresh Vegetables,"https://cdn.zeptonow.com/production/tr:w-90,ar-160-161,pr-true,f-auto,q-80/cms/sub_category/694c07e0-542b-49db-a596-b1f4f4935342.png",Bitter Gourd,Bitter,26,29,250 g,4.3 (20.3k),Sold Out,https://www.zeptonow.com/pn/bitter-gourd/pvid/1d176b54-2495-482e-9144-0535774f8cca,"https://cdn.zeptonow.com/production/tr:w-1280,ar-500-500,pr-true,f-auto,q-80/inventory/product/d7c65e59-efb3-46db-bfb7-28fc275a39e8-tmp/848a143d-74fa-484e-997c-0ac21b959848.jpeg"
Fruits & Vegetables,Fresh Vegetables,"https://cdn.zeptonow.com/production/tr:w-90,ar-160-161,pr-true,f-auto,q-80/cms/sub_category/694c07e0-542b-49db-a596-b1f4f4935342.png",Radish White,Radish,29,37,500 g,4.5 (11.0k),Sold Out,https://www.zeptonow.com/pn/radish-white/pvid/5ca2c8c6-72c1-4f79-bda8-e1856d113466,"https://cdn.zeptonow.com/production/tr:w-1280,ar-3000-3000,pr-true,f-auto,q-80/cms/product_variant/7e42a048-e733-4a60-ae02-712e837f7c1d.jpeg"
Fruits & Vegetables,Fresh Vegetables,"https://cdn.zeptonow.com/production/tr:w-90,ar-160-161,pr-true,f-auto,q-80/cms/sub_category/694c07e0-542b-49db-a596-b1f4f4935342.png",Snake Gourd (Pudalangaai),Snake,33,44,500 g,4.4 (7.3k),Sold Out,https://www.zeptonow.com/pn/snake-gourd-pudalangaai/pvid/b25472cb-0bf0-4772-bc66-0c46e29683e1,"https://cdn.zeptonow.com/production/tr:w-1280,ar-2000-2000,pr-true,f-auto,q-80/cms/product_variant/cd9de3d2-6a3c-4368-8757-6c0b1d78d274.jpeg"
Fruits & Vegetables,Fresh Vegetables,"https://cdn.zeptonow.com/production/tr:w-90,ar-160-161,pr-true,f-auto,q-80/cms/sub_category/694c07e0-542b-49db-a596-b1f4f4935342.png",Banana Stem,Banana,24,39,1 pc,4 (8.4k),Sold Out,https://www.zeptonow.com/pn/banana-stem/pvid/304a6e3c-1a48-4aac-9885-60676691ed56,"https://cdn.zeptonow.com/production/tr:w-1280,ar-700-800,pr-true,f-auto,q-80/inventory/product/167cda3a-973c-4b6b-8a97-5cf1c5ccec10-tmp/f004af46-b9a4-42fb-a46b-73cbe2ba676e.jpeg"
Fruits & Vegetables,Fresh Vegetables,"https://cdn.zeptonow.com/production/tr:w-90,ar-160-161,pr-true,f-auto,q-80/cms/sub_category/694c07e0-542b-49db-a596-b1f4f4935342.png",Baby Bottle Gourd,Baby,45,48,300 - 600 g,4.4 (9.7k),Sold Out,https://www.zeptonow.com/pn/baby-bottle-gourd/pvid/ef20369d-a6e3-481a-95a3-b2fdd201c917,"https://cdn.zeptonow.com/production/tr:w-1280,ar-500-500,pr-true,f-auto,q-80/inventory/product/212c1190-7032-427c-9879-d36332f6aad6-/tmp/20230731-1333381.jpeg"
Fruits & Vegetables,Fresh Vegetables,"https://cdn.zeptonow.com/production/tr:w-90,ar-160-161,pr-true,f-auto,q-80/cms/sub_category/694c07e0-542b-49db-a596-b1f4f4935342.png",Brinjal Kateri (Kathirikai Vari),Brinjal,31,31,500 g,4.1 (1.5k),Sold Out,https://www.zeptonow.com/pn/brinjal-kateri-kathirikai-vari/pvid/805aa953-815c-4ec8-8f30-6aac9a4db0ad,"https://cdn.zeptonow.com/production/tr:w-1280,ar-500-500,pr-true,f-auto,q-80/inventory/product/424ab16f-eb3c-407c-ac07-dd7b6cb1d2ac-tmp/2f38e6c8-9c47-4223-8efc-6dce4b610ef2.jpeg"
Fruits & Vegetables,Fresh Vegetables,"https://cdn.zeptonow.com/production/tr:w-90,ar-160-161,pr-true,f-auto,q-80/cms/sub_category/694c07e0-542b-49db-a596-b1f4f4935342.png",Bottle Gourd (Surakkaai),Bottle,38,45,600 g - 1.2 kg,4.3 (5.3k),Sold Out,https://www.zeptonow.com/pn/bottle-gourd-surakkaai/pvid/978d6d86-a168-4edb-82dc-472af56c6fd4,"https://cdn.zeptonow.com/production/tr:w-1280,ar-3000-3000,pr-true,f-auto,q-80/cms/product_variant/f5970068-dcba-4b18-bba1-6eec3491e16e.jpeg"
Fruits & Vegetables,Fresh Vegetables,"https://cdn.zeptonow.com/production/tr:w-90,ar-160-161,pr-true,f-auto,q-80/cms/sub_category/694c07e0-542b-49db-a596-b1f4f4935342.png",Cucumber 2pcs,Cucumber,12,12,2 piece,4.3 (1.7k),Sold Out,https://www.zeptonow.com/pn/cucumber-2pcs/pvid/00b5d111-eb15-4fd8-abbf-1f9240358233,"https://cdn.zeptonow.com/production/tr:w-1280,ar-3000-3000,pr-true,f-auto,q-80/cms/product_variant/86d48c96-6765-4999-b0bc-819e74195452.jpg"
Fruits & Vegetables,Fresh Vegetables,"https://cdn.zeptonow.com/production/tr:w-90,ar-160-161,pr-true,f-auto,q-80/cms/sub_category/694c07e0-542b-49db-a596-b1f4f4935342.png",Potato Ooty,Potato,89,110,1 kg,3.9 (3.2k),Sold Out,https://www.zeptonow.com/pn/potato-ooty/pvid/d9d0c7d8-278c-4ff1-b3c5-a7d75ed5bc91,"https://cdn.zeptonow.com/production/tr:w-1280,ar-500-305,pr-true,f-auto,q-80/inventory/product/e2ee2859-e540-4bf8-924d-7dbc9a6f4f30-fc143908-eedf-489b-ac42-e5dd741118f0.jpeg"
Fruits & Vegetables,Fresh Vegetables,"https://cdn.zeptonow.com/production/tr:w-90,ar-160-161,pr-true,f-auto,q-80/cms/sub_category/694c07e0-542b-49db-a596-b1f4f4935342.png",Banana Flower (Vazhai Poo),Banana,37,39,1 pc (350 - 500 g),4 (165),Sold Out,https://www.zeptonow.com/pn/banana-flower-vazhai-poo/pvid/dc4ecc52-c89d-48e1-84ef-6bdfc42324ff,"https://cdn.zeptonow.com/production/tr:w-1280,ar-500-500,pr-true,f-auto,q-80/inventory/product/2d306034-d57b-4e47-8d9e-eb6c679d0d2f-tmp/b6508dd0-15f5-46d5-8614-51525736b40c.jpeg"
Fruits & Vegetables,Fresh Vegetables,"https://cdn.zeptonow.com/production/tr:w-90,ar-160-161,pr-true,f-auto,q-80/cms/sub_category/694c07e0-542b-49db-a596-b1f4f4935342.png",Cucumber Malabar,Cucumber,36,38,1 pc (350 - 500 g),4 (4.4k),Sold Out,https://www.zeptonow.com/pn/cucumber-malabar/pvid/b348324a-0d69-4627-abd1-f75f526722b0,"https://cdn.zeptonow.com/production/tr:w-1280,ar-679-401,pr-true,f-auto,q-80/inventory/product/307ae5ee-8d36-4107-88a9-19e3f7d63d1f-image_file.jpeg"
Fruits & Vegetables,Fresh Vegetables,"https://cdn.zeptonow.com/production/tr:w-90,ar-160-161,pr-true,f-auto,q-80/cms/sub_category/694c07e0-542b-49db-a596-b1f4f4935342.png",Brinjal Bharta / Baloon Brinjal,Brinjal,43,43,1 pc (250 - 350 g),4.1 (2.6k),Sold Out,https://www.zeptonow.com/pn/brinjal-bharta-baloon-brinjal/pvid/c3ca5398-3c59-43ad-a769-73a1f33f07d0,"https://cdn.zeptonow.com/production/tr:w-1280,ar-3000-3000,pr-true,f-auto,q-80/cms/product_variant/6ea9e4ca-5f30-4f9c-8696-bd224a1cdb04.jpeg"
Fruits & Vegetables,Fresh Vegetables,"https://cdn.zeptonow.com/production/tr:w-90,ar-160-161,pr-true,f-auto,q-80/cms/sub_category/694c07e0-542b-49db-a596-b1f4f4935342.png",Beans Cowpea,Beans,27,33,250 g,4.1 (872),Sold Out,https://www.zeptonow.com/pn/beans-cowpea/pvid/d80c4154-c3c8-4b23-8da2-7030ab20a3f4,"https://cdn.zeptonow.com/production/tr:w-1280,ar-500-500,pr-true,f-auto,q-80/inventory/product/a15e479d-a981-428c-84a3-0a62ba62fc0d-Photo.jpeg"
Fruits & Vegetables,Fresh Vegetables,"https://cdn.zeptonow.com/production/tr:w-90,ar-160-161,pr-true,f-auto,q-80/cms/sub_category/694c07e0-542b-49db-a596-b1f4f4935342.png",Bitter Gourd,Bitter,37,40,500 g,4.2 (635),Sold Out,https://www.zeptonow.com/pn/bitter-gourd/pvid/026ebcda-55ec-4df2-8f8a-5a5a74175667,"https://cdn.zeptonow.com/production/tr:w-1280,ar-3000-3000,pr-true,f-auto,q-80/cms/product_variant/29b4679e-f2f0-4af6-859b-910913be3605.jpeg"
Fruits & Vegetables,Fresh Vegetables,"https://cdn.zeptonow.com/production/tr:w-90,ar-160-161,pr-true,f-auto,q-80/cms/sub_category/694c07e0-542b-49db-a596-b1f4f4935342.png",Beetroot,Beetroot,48,60,500 g,4.3 (21.9k),Sold Out,https://www.zeptonow.com/pn/beetroot/pvid/0282149a-c52b-4e48-b960-6e1bee8b0866,"https://cdn.zeptonow.com/production/tr:w-1280,ar-3000-3000,pr-true,f-auto,q-80/cms/product_variant/bd38d0d1-6f97-4500-96d0-7c72eafc77ef.jpeg"
Fruits & Vegetables,Fresh Vegetables,"https://cdn.zeptonow.com/production/tr:w-90,ar-160-161,pr-true,f-auto,q-80/cms/sub_category/694c07e0-542b-49db-a596-b1f4f4935342.png",Parwal,Parwal,45,59,500 g,4.3 (182),Sold Out,https://www.zeptonow.com/pn/parwal/pvid/353883a4-df4a-4cce-abcd-05342a278674,"https://cdn.zeptonow.com/production/tr:w-1280,ar-900-900,pr-true,f-auto,q-80/cms/product_variant/4e28ce66-6867-4442-a18b-0a7e0479ac30.jpg"
Fruits & Vegetables,Fresh Vegetables,"https://cdn.zeptonow.com/production/tr:w-90,ar-160-161,pr-true,f-auto,q-80/cms/sub_category/694c07e0-542b-49db-a596-b1f4f4935342.png",Beans French,Beans,23,31,250 g,4.3 (28.4k),Sold Out,https://www.zeptonow.com/pn/beans-french/pvid/cd1bf0d9-eee1-4b19-8d46-32286d2ab4ba,"https://cdn.zeptonow.com/production/tr:w-1280,ar-3000-3000,pr-true,f-auto,q-80/cms/product_variant/5e7a1296-f599-4f4f-b4ee-29068dcb31ea.jpeg"
Fruits & Vegetables,Fresh Vegetables,"https://cdn.zeptonow.com/production/tr:w-90,ar-160-161,pr-true,f-auto,q-80/cms/sub_category/694c07e0-542b-49db-a596-b1f4f4935342.png",Drumstick (Murungaikaai),Drumstick,15,25,250 g,4.2 (20.7k),Sold Out,https://www.zeptonow.com/pn/drumstick-murungaikaai/pvid/73594273-aeec-4529-b23a-2e0be0cac9ab,"https://cdn.zeptonow.com/production/tr:w-1280,ar-3000-3000,pr-true,f-auto,q-80/cms/product_variant/23bf0899-a2c3-4a28-a627-47b7a22eff85.jpeg"
Fruits & Vegetables,Fresh Vegetables,"https://cdn.zeptonow.com/production/tr:w-90,ar-160-161,pr-true,f-auto,q-80/cms/sub_category/694c07e0-542b-49db-a596-b1f4f4935342.png",Carrot Ooty,Carrot,42,57,200-300 gm,4.3 (2.7k),Sold Out,https://www.zeptonow.com/pn/carrot-ooty/pvid/da08af31-945c-488a-bbee-7e82d2700faf,"https://cdn.zeptonow.com/production/tr:w-1280,ar-3000-3000,pr-true,f-auto,q-80/cms/product_variant/165adf95-8aab-4b6f-8527-a9ee60244609.jpeg"
Fruits & Vegetables,Fresh Vegetables,"https://cdn.zeptonow.com/production/tr:w-90,ar-160-161,pr-true,f-auto,q-80/cms/sub_category/694c07e0-542b-49db-a596-b1f4f4935342.png",Cauliflower,Cauliflower,39,58,1 Piece Approx. 300gms Above,3.9 (59.5k),Sold Out,https://www.zeptonow.com/pn/cauliflower/pvid/32eaa661-1c7f-4a73-a979-01fbf526af52,"https://cdn.zeptonow.com/production/tr:w-1280,ar-3000-3000,pr-true,f-auto,q-80/cms/product_variant/fe477515-a211-467c-b439-76483097d513.jpeg"
Fruits & Vegetables,Fresh Vegetables,"https://cdn.zeptonow.com/production/tr:w-90,ar-160-161,pr-true,f-auto,q-80/cms/sub_category/694c07e0-542b-49db-a596-b1f4f4935342.png",Broccoli,Broccoli,123,142,200 - 300 g,3.9 (25.8k),Sold Out,https://www.zeptonow.com/pn/broccoli/pvid/2b1fc916-efd6-47d0-9132-9afb33dca3ab,"https://cdn.zeptonow.com/production/tr:w-1280,ar-1000-1000,pr-true,f-auto,q-80/inventory/product/e64934b3-6268-4f43-8827-51f88cfb4774-tmp/c68d7d36-9b64-4960-af19-77cfae7e4fca.jpeg"
Fruits & Vegetables,Fresh Vegetables,"https://cdn.zeptonow.com/production/tr:w-90,ar-160-161,pr-true,f-auto,q-80/cms/sub_category/694c07e0-542b-49db-a596-b1f4f4935342.png",Cabbage,Cabbage,25,34,500 - 800 g,4.3 (25.8k),Sold Out,https://www.zeptonow.com/pn/cabbage/pvid/45cde468-1126-4014-a1cb-ad9693d5b3e1,"https://cdn.zeptonow.com/production/tr:w-1280,ar-3000-3000,pr-true,f-auto,q-80/cms/product_variant/b0836537-bf69-4886-a2b7-b4bf2fb4fd76.jpeg"
Fruits & Vegetables,Fresh Vegetables,"https://cdn.zeptonow.com/production/tr:w-90,ar-160-161,pr-true,f-auto,q-80/cms/sub_category/694c07e0-542b-49db-a596-b1f4f4935342.png",Beans Broad (Avarakkaai),Beans,21,21,250 g,4.5 (18.3k),Sold Out,https://www.zeptonow.com/pn/beans-broad-avarakkaai/pvid/f6ca5cda-9d57-48b7-9efe-4975a3c8475f,"https://cdn.zeptonow.com/production/tr:w-1280,ar-3000-3000,pr-true,f-auto,q-80/cms/product_variant/4e453420-78d3-465d-9f3d-428dc7d01b18.jpeg"
Fruits & Vegetables,Seasonal Picks,"https://cdn.zeptonow.com/production/tr:w-90,ar-192-192,pr-true,f-auto,q-80/cms/sub_category/8aeb735f-3e05-4556-8dba-63c890d0fc0a.png",Plum Indian,Plum,62,78,250 g,3.9 (2.1k),In Stock,https://www.zeptonow.com/pn/plum-indian/pvid/63adfef5-d200-4fcd-aea4-aa5a52355c30,"https://cdn.zeptonow.com/production/tr:w-1280,ar-2000-2000,pr-true,f-auto,q-80/cms/product_variant/c5f62f91-8d72-40df-8b32-62b91734f872.jpeg"
Fruits & Vegetables,Seasonal Picks,"https://cdn.zeptonow.com/production/tr:w-90,ar-192-192,pr-true,f-auto,q-80/cms/sub_category/8aeb735f-3e05-4556-8dba-63c890d0fc0a.png",Apple Washington,Apple,115,125,2 pcs,4.3 (1.8k),Sold Out,https://www.zeptonow.com/pn/apple-washington/pvid/74ba1208-3eef-4e78-9b5f-96798004ce01,"https://cdn.zeptonow.com/production/tr:w-1280,ar-3000-3000,pr-true,f-auto,q-80/cms/product_variant/aed364bd-7849-4045-abfd-ca66500344ed.jpeg"
Fruits & Vegetables,Seasonal Picks,"https://cdn.zeptonow.com/production/tr:w-90,ar-192-192,pr-true,f-auto,q-80/cms/sub_category/8aeb735f-3e05-4556-8dba-63c890d0fc0a.png",Apple Royal Gala,Apple,229,284,4 pcs,4.3 (18.2k),Sold Out,https://www.zeptonow.com/pn/apple-royal-gala/pvid/daec33d2-a8a6-425f-8fdd-2e9be59d836f,"https://cdn.zeptonow.com/production/tr:w-1280,ar-3000-3000,pr-true,f-auto,q-80/cms/product_variant/a72ab068-bbf0-428c-ae48-13dc98954e6c.jpeg"
Fruits & Vegetables,Seasonal Picks,"https://cdn.zeptonow.com/production/tr:w-90,ar-192-192,pr-true,f-auto,q-80/cms/sub_category/8aeb735f-3e05-4556-8dba-63c890d0fc0a.png",Apple Royal Gala,Apple,115,144,2 pcs,4.3 (17.9k),Sold Out,https://www.zeptonow.com/pn/apple-royal-gala/pvid/0f2d6cb9-abb2-49f8-b80d-503f5842737d,"https://cdn.zeptonow.com/production/tr:w-1280,ar-3000-3000,pr-true,f-auto,q-80/cms/product_variant/4770e9b3-a5d3-4662-aa5a-dd648fb81535.jpeg"
Fruits & Vegetables,Seasonal Picks,"https://cdn.zeptonow.com/production/tr:w-90,ar-192-192,pr-true,f-auto,q-80/cms/sub_category/8aeb735f-3e05-4556-8dba-63c890d0fc0a.png",Imported Apple Bites,Imported,108,135,3 pcs,4.6 (114),Sold Out,https://www.zeptonow.com/pn/imported-apple-bites/pvid/fcc3ff75-e90d-447a-914a-3e73992f1dff,"https://cdn.zeptonow.com/production/tr:w-1280,ar-522-372,pr-true,f-auto,q-80/cms/product_variant/236e8b18-5f4d-4384-883d-97c93fc611e0.jpeg"
Fruits & Vegetables,Seasonal Picks,"https://cdn.zeptonow.com/production/tr:w-90,ar-192-192,pr-true,f-auto,q-80/cms/sub_category/8aeb735f-3e05-4556-8dba-63c890d0fc0a.png",Apple Red Delicious,Delicious,194,242,4 pcs,4.4 (518),Sold Out,https://www.zeptonow.com/pn/apple-red-delicious/pvid/4ec91e31-7fb8-4000-97ca-28bfda9c051d,"https://cdn.zeptonow.com/production/tr:w-1280,ar-3000-3000,pr-true,f-auto,q-80/cms/product_variant/d2383de9-e60a-4ce5-9c6b-631869f77484.jpeg"
Fruits & Vegetables,Seasonal Picks,"https://cdn.zeptonow.com/production/tr:w-90,ar-192-192,pr-true,f-auto,q-80/cms/sub_category/8aeb735f-3e05-4556-8dba-63c890d0fc0a.png",Pear Green Nashpati,Pear,66,66,500 g,4 (268),Sold Out,https://www.zeptonow.com/pn/pear-green-nashpati/pvid/2a7add34-7114-453e-88b3-bd8762d322e7,"https://cdn.zeptonow.com/production/tr:w-1280,ar-1280-1280,pr-true,f-auto,q-80/cms/product_variant/6b0cfca7-fc71-44f5-b50a-2ca2782726c8.jpeg"
Fruits & Vegetables,Seasonal Picks,"https://cdn.zeptonow.com/production/tr:w-90,ar-192-192,pr-true,f-auto,q-80/cms/sub_category/8aeb735f-3e05-4556-8dba-63c890d0fc0a.png",Apple Red Delicious,Delicious,104,130,2 Pieces 250 - 400 g,4.3 (3.2k),Sold Out,https://www.zeptonow.com/pn/apple-red-delicious/pvid/8ded576c-02c1-46e6-b7b0-55000eb1e993,"https://cdn.zeptonow.com/production/tr:w-1280,ar-3000-3000,pr-true,f-auto,q-80/cms/product_variant/68683477-cf51-46e4-a1d3-6736b7edf0bb.jpeg"
Fruits & Vegetables,Seasonal Picks,"https://cdn.zeptonow.com/production/tr:w-90,ar-192-192,pr-true,f-auto,q-80/cms/sub_category/8aeb735f-3e05-4556-8dba-63c890d0fc0a.png",Apple Pink Lady,Apple,84,120,2 piece,4.4 (993),Sold Out,https://www.zeptonow.com/pn/apple-pink-lady/pvid/6eb2b6d1-25bf-488e-b3e5-0ec337d70b21,"https://cdn.zeptonow.com/production/tr:w-1280,ar-3000-3000,pr-true,f-auto,q-80/cms/product_variant/80627b31-8e3b-4862-913b-d00546e57cb9.jpeg"
Fruits & Vegetables,Seasonal Picks,"https://cdn.zeptonow.com/production/tr:w-90,ar-192-192,pr-true,f-auto,q-80/cms/sub_category/8aeb735f-3e05-4556-8dba-63c890d0fc0a.png",Cherry Imported,Cherry,305,382,100 g,4.3 (463),Sold Out,https://www.zeptonow.com/pn/cherry-imported/pvid/4b12f528-4999-4e01-866e-373581f60c19,"https://cdn.zeptonow.com/production/tr:w-1280,ar-521-600,pr-true,f-auto,q-80/cms/product_variant/9b69206a-b825-4c14-bed9-f9887d9af3df.png"
Fruits & Vegetables,Seasonal Picks,"https://cdn.zeptonow.com/production/tr:w-90,ar-192-192,pr-true,f-auto,q-80/cms/sub_category/8aeb735f-3e05-4556-8dba-63c890d0fc0a.png",Plum Imported,Plum,67,88,250 g,3.9 (383),Sold Out,https://www.zeptonow.com/pn/plum-imported/pvid/301fce9b-68d0-4f17-80e8-53cf642f119b,"https://cdn.zeptonow.com/production/tr:w-1280,ar-3000-3000,pr-true,f-auto,q-80/cms/product_variant/f8c6d56d-9152-49ac-82b9-edbcc6e3453c.jpeg"
Fruits & Vegetables,Seasonal Picks,"https://cdn.zeptonow.com/production/tr:w-90,ar-192-192,pr-true,f-auto,q-80/cms/sub_category/8aeb735f-3e05-4556-8dba-63c890d0fc0a.png",Custard Apple Golden Semi Ripe,Custard,108,108,2 piece,4.5 (106),Sold Out,https://www.zeptonow.com/pn/custard-apple-golden-semi-ripe/pvid/ac9e2e26-ce7f-4062-b26a-40c5833e2808,"https://cdn.zeptonow.com/production/tr:w-1280,ar-225-225,pr-true,f-auto,q-80/inventory/product/3d0a37ff-3609-40eb-a531-00e7c3b1dcaa-Photo.jpeg"
Fruits & Vegetables,Fresh Fruits,"https://cdn.zeptonow.com/production/tr:w-90,ar-160-161,pr-true,f-auto,q-80/cms/sub_category/7e51d0f6-ee57-42f3-98f9-945033ad3e5f.png",Banana Robusta Semi Ripe,Banana,11,24,250-400 g,4.6 (101),In Stock,https://www.zeptonow.com/pn/banana-robusta-semi-ripe/pvid/8784b7dd-60f4-4a8a-a444-7a64a4531349,"https://cdn.zeptonow.com/production/tr:w-1280,ar-3000-3000,pr-true,f-auto,q-80/cms/product_variant/9bb91218-6862-4a86-a949-4a01cae071c1.jpeg"
Fruits & Vegetables,Fresh Fruits,"https://cdn.zeptonow.com/production/tr:w-90,ar-160-161,pr-true,f-auto,q-80/cms/sub_category/7e51d0f6-ee57-42f3-98f9-945033ad3e5f.png",Banana Robusta Semi Ripe,Banana,33,40,450 - 550 Grams,3.9 (22.9k),In Stock,https://www.zeptonow.com/pn/banana-robusta-semi-ripe/pvid/e71597b4-ee84-46be-bc18-d4ea8ea62fd5,"https://cdn.zeptonow.com/production/tr:w-1280,ar-500-500,pr-true,f-auto,q-80/cms/product_variant/386b93d5-d474-467d-b6d8-3e239a2b55d2.jpeg"
Fruits & Vegetables,Fresh Fruits,"https://cdn.zeptonow.com/production/tr:w-90,ar-160-161,pr-true,f-auto,q-80/cms/sub_category/7e51d0f6-ee57-42f3-98f9-945033ad3e5f.png",Coconut Small,Coconut,43,55,1 pc,4.1 (41.1k),In Stock,https://www.zeptonow.com/pn/coconut-small/pvid/cc180bd8-cc9c-4688-878e-5931f5c9fcd1,"https://cdn.zeptonow.com/production/tr:w-1280,ar-3000-3000,pr-true,f-auto,q-80/cms/product_variant/643be159-8fe9-47a4-9d51-d3ed477b245b.jpeg"
Fruits & Vegetables,Fresh Fruits,"https://cdn.zeptonow.com/production/tr:w-90,ar-160-161,pr-true,f-auto,q-80/cms/sub_category/7e51d0f6-ee57-42f3-98f9-945033ad3e5f.png",Snacky Avocado,Snacky,69,78,1 piece,4.2 (12.0k),In Stock,https://www.zeptonow.com/pn/snacky-avocado/pvid/41bdd706-3d49-4c67-abc2-364679e3a16b,"https://cdn.zeptonow.com/production/tr:w-1280,ar-3000-3000,pr-true,f-auto,q-80/cms/product_variant/366753e0-f787-4c3a-9774-391a42be1567.jpeg"
Fruits & Vegetables,Fresh Fruits,"https://cdn.zeptonow.com/production/tr:w-90,ar-160-161,pr-true,f-auto,q-80/cms/sub_category/7e51d0f6-ee57-42f3-98f9-945033ad3e5f.png",Banana Red Semi Ripe,Banana,64,80,450 - 550 Grams,4.1 (46.1k),In Stock,https://www.zeptonow.com/pn/banana-red-semi-ripe/pvid/e3c155e3-d2e3-4128-bd61-f0bd4891bafa,"https://cdn.zeptonow.com/production/tr:w-1280,ar-225-225,pr-true,f-auto,q-80/cms/product_variant/487d286e-852d-4a27-afa7-24fe7d675e13.jpeg"
Fruits & Vegetables,Fresh Fruits,"https://cdn.zeptonow.com/production/tr:w-90,ar-160-161,pr-true,f-auto,q-80/cms/sub_category/7e51d0f6-ee57-42f3-98f9-945033ad3e5f.png",Gooseberry (Amla - Nellikaai),Gooseberry,35,43,250 g,4.5 (17.8k),In Stock,https://www.zeptonow.com/pn/gooseberry-amla-nellikaai/pvid/cea5d053-a430-42e7-8c7b-0274dbda6186,"https://cdn.zeptonow.com/production/tr:w-1280,ar-3000-3000,pr-true,f-auto,q-80/cms/product_variant/6fa0f20b-b258-4284-a23b-9a48676543c0.jpeg"
Fruits & Vegetables,Fresh Fruits,"https://cdn.zeptonow.com/production/tr:w-90,ar-160-161,pr-true,f-auto,q-80/cms/sub_category/7e51d0f6-ee57-42f3-98f9-945033ad3e5f.png",Banana Poovan Semi ripe,Banana,41,52,450 - 550 Grams,3.9 (22.5k),In Stock,https://www.zeptonow.com/pn/banana-poovan-semi-ripe/pvid/7e6f3747-1907-438b-a460-f64a48cc80b4,"https://cdn.zeptonow.com/production/tr:w-1280,ar-500-500,pr-true,f-auto,q-80/cms/product_variant/3335d99a-86f1-43c9-b889-ac2d5f21d85f.jpeg"
Fruits & Vegetables,Fresh Fruits,"https://cdn.zeptonow.com/production/tr:w-90,ar-160-161,pr-true,f-auto,q-80/cms/sub_category/7e51d0f6-ee57-42f3-98f9-945033ad3e5f.png",Banana Elaichi / Yelakki Semi Ripe,Banana,71,90,450 - 550 Grams,4.3 (25.9k),In Stock,https://www.zeptonow.com/pn/banana-elaichi-yelakki-semi-ripe/pvid/30204347-ffff-4bf8-8fa3-05ec344ea85a,"https://cdn.zeptonow.com/production/tr:w-1280,ar-695-695,pr-true,f-auto,q-80/cms/product_variant/4c5d477b-b0ca-432a-a305-e589e5bca373.jpeg"
Fruits & Vegetables,Fresh Fruits,"https://cdn.zeptonow.com/production/tr:w-90,ar-160-161,pr-true,f-auto,q-80/cms/sub_category/7e51d0f6-ee57-42f3-98f9-945033ad3e5f.png",Mosambi,Mosambi,59,73,1 kg,4.1 (15.7k),In Stock,https://www.zeptonow.com/pn/mosambi/pvid/4bbdeca6-16bd-4dc7-8b71-9d2b3ccdbe13,"https://cdn.zeptonow.com/production/tr:w-1280,ar-3000-3000,pr-true,f-auto,q-80/cms/product_variant/1a0896ea-c9e3-4712-b626-defdec94ab37.jpeg"
Fruits & Vegetables,Fresh Fruits,"https://cdn.zeptonow.com/production/tr:w-90,ar-160-161,pr-true,f-auto,q-80/cms/sub_category/7e51d0f6-ee57-42f3-98f9-945033ad3e5f.png",Pineapple (Annachi Pazham) Semi Ripe,Pineapple,70,89,750 g - 1 kg,4.4 (567),In Stock,https://www.zeptonow.com/pn/pineapple-annachi-pazham-semi-ripe/pvid/18a7a9ea-a832-489c-a7e8-fd0956b5007d,"https://cdn.zeptonow.com/production/tr:w-1280,ar-3000-3000,pr-true,f-auto,q-80/cms/product_variant/93b4f537-31a5-4bd1-a025-43fdf63fe252.jpeg"
Fruits & Vegetables,Fresh Fruits,"https://cdn.zeptonow.com/production/tr:w-90,ar-160-161,pr-true,f-auto,q-80/cms/sub_category/7e51d0f6-ee57-42f3-98f9-945033ad3e5f.png",Papaya / Pappali Semi Ripe,Papaya,68,83,800 Gms- 1500 Gms,3.9 (10.2k),In Stock,https://www.zeptonow.com/pn/papaya-pappali-semi-ripe/pvid/983332e8-4698-454c-a338-3372cea6d03c,"https://cdn.zeptonow.com/production/tr:w-1280,ar-3000-3000,pr-true,f-auto,q-80/cms/product_variant/c3610bc2-a53f-4f48-897b-f3e4fbc4a20f.jpeg"
Fruits & Vegetables,Fresh Fruits,"https://cdn.zeptonow.com/production/tr:w-90,ar-160-161,pr-true,f-auto,q-80/cms/sub_category/7e51d0f6-ee57-42f3-98f9-945033ad3e5f.png",Coconut (Thengaai),Coconut,54,68,1 pc,3.9 (5.3k),In Stock,https://www.zeptonow.com/pn/coconut-thengaai/pvid/0e9f7169-7a3e-4fdd-889c-64f9281e6b93,"https://cdn.zeptonow.com/production/tr:w-1280,ar-3000-3000,pr-true,f-auto,q-80/cms/product_variant/ecdb18bb-c8f8-4482-b30a-f08662d0f6c9.jpeg"
Fruits & Vegetables,Fresh Fruits,"https://cdn.zeptonow.com/production/tr:w-90,ar-160-161,pr-true,f-auto,q-80/cms/sub_category/7e51d0f6-ee57-42f3-98f9-945033ad3e5f.png",Banana Nendran Semi Ripe,Banana,50,64,450 - 550 Grams,4.2 (7.6k),In Stock,https://www.zeptonow.com/pn/banana-nendran-semi-ripe/pvid/f79a4cf0-b860-4dbc-8df4-b9323a3fecab,"https://cdn.zeptonow.com/production/tr:w-1280,ar-500-500,pr-true,f-auto,q-80/cms/product_variant/5e21c6b3-9954-4c1c-8e08-0812cf344725.jpeg"
Fruits & Vegetables,Fresh Fruits,"https://cdn.zeptonow.com/production/tr:w-90,ar-160-161,pr-true,f-auto,q-80/cms/sub_category/7e51d0f6-ee57-42f3-98f9-945033ad3e5f.png",Avocado Hass Imported,Avocado,82,102,1 pc,4.3 (3.0k),In Stock,https://www.zeptonow.com/pn/avocado-hass-imported/pvid/00b7561d-7c6b-4bdf-a283-484222105c86,"https://cdn.zeptonow.com/production/tr:w-1280,ar-1500-882,pr-true,f-auto,q-80/inventory/product/7b506465-f834-4241-ae67-8a57df6691e0-h0618g16207257173805.jpg"
Fruits & Vegetables,Fresh Fruits,"https://cdn.zeptonow.com/production/tr:w-90,ar-160-161,pr-true,f-auto,q-80/cms/sub_category/7e51d0f6-ee57-42f3-98f9-945033ad3e5f.png",Muskmelon (Kirni Pazham),Muskmelon,44,48,750 - 1000 g,3.9 (19.9k),In Stock,https://www.zeptonow.com/pn/muskmelon-kirni-pazham/pvid/1eb8d62c-2432-48e6-84e6-2fdf06c1b198,"https://cdn.zeptonow.com/production/tr:w-1280,ar-2924-3000,pr-true,f-auto,q-80/cms/product_variant/42b1835f-c87a-42ee-adc2-b21668b76582.jpeg"
Fruits & Vegetables,Fresh Fruits,"https://cdn.zeptonow.com/production/tr:w-90,ar-160-161,pr-true,f-auto,q-80/cms/sub_category/7e51d0f6-ee57-42f3-98f9-945033ad3e5f.png",Banana Karpooravalli Semi Ripe,Banana,59,64,475 - 500 g,3.9 (17.4k),In Stock,https://www.zeptonow.com/pn/banana-karpooravalli-semi-ripe/pvid/b89bf34c-36a4-4789-98bc-b4af4ed915d3,"https://cdn.zeptonow.com/production/tr:w-1280,ar-500-515,pr-true,f-auto,q-80/inventory/product/ac00666b-49f3-41cb-9977-407c522c64b3-tmp/b2e3e990-1680-48af-8d9b-b40b03715691.jpeg"
Fruits & Vegetables,Fresh Fruits,"https://cdn.zeptonow.com/production/tr:w-90,ar-160-161,pr-true,f-auto,q-80/cms/sub_category/7e51d0f6-ee57-42f3-98f9-945033ad3e5f.png",Pomegranate Regular,Pomegranate,250,279,1 kg,4.1 (7.8k),In Stock,https://www.zeptonow.com/pn/pomegranate-regular/pvid/0b63db2f-83b0-4893-9a47-35b459fbfe13,"https://cdn.zeptonow.com/production/tr:w-1280,ar-300-300,pr-true,f-auto,q-80/inventory/product/3c3efcb9-6b98-4570-8356-26308e822777-/tmp/20230109-120140.jpeg"
Fruits & Vegetables,Fresh Fruits,"https://cdn.zeptonow.com/production/tr:w-90,ar-160-161,pr-true,f-auto,q-80/cms/sub_category/7e51d0f6-ee57-42f3-98f9-945033ad3e5f.png",Plum Indian,Plum,62,78,250 g,3.9 (2.1k),In Stock,https://www.zeptonow.com/pn/plum-indian/pvid/63adfef5-d200-4fcd-aea4-aa5a52355c30,"https://cdn.zeptonow.com/production/tr:w-1280,ar-2000-2000,pr-true,f-auto,q-80/cms/product_variant/c5f62f91-8d72-40df-8b32-62b91734f872.jpeg"
Fruits & Vegetables,Fresh Fruits,"https://cdn.zeptonow.com/production/tr:w-90,ar-160-161,pr-true,f-auto,q-80/cms/sub_category/7e51d0f6-ee57-42f3-98f9-945033ad3e5f.png",Banana Elaichi / Yelakki Semi Ripe,Banana,37,40,3 pc (200-300 gm),3.9 (578),In Stock,https://www.zeptonow.com/pn/banana-elaichi-yelakki-semi-ripe/pvid/7b3477ff-6557-40a4-8657-eb54dc7c8512,"https://cdn.zeptonow.com/production/tr:w-1280,ar-3000-3000,pr-true,f-auto,q-80/cms/product_variant/da733e30-c649-4abb-84ef-0e597043d1cc.jpeg"
Fruits & Vegetables,Fresh Fruits,"https://cdn.zeptonow.com/production/tr:w-90,ar-160-161,pr-true,f-auto,q-80/cms/sub_category/7e51d0f6-ee57-42f3-98f9-945033ad3e5f.png",Pomegranate Premium,Pomegranate,202,207,2 Pcs (500-600),4.3 (1.9k),In Stock,https://www.zeptonow.com/pn/pomegranate-premium/pvid/54c77878-8cb0-4ac4-94f5-73e566ca4bfd,"https://cdn.zeptonow.com/production/tr:w-1280,ar-3000-3000,pr-true,f-auto,q-80/cms/product_variant/7c9a2255-8c2b-4518-845a-75c6fb7a708e.jpeg"
Fruits & Vegetables,Fresh Fruits,"https://cdn.zeptonow.com/production/tr:w-90,ar-160-161,pr-true,f-auto,q-80/cms/sub_category/7e51d0f6-ee57-42f3-98f9-945033ad3e5f.png",Banana Raw (Vazhaikaai) 2 pc Combo,Banana,56,64,2 pc X 2,4.5 (592),In Stock,https://www.zeptonow.com/pn/banana-raw-vazhaikaai-2-pc-combo/pvid/41230c36-d965-44d3-8b61-803e084b15e8,"https://cdn.zeptonow.com/production/tr:w-1280,ar-3000-3000,pr-true,f-auto,q-80/cms/product_variant/f1bf791f-3a47-4bac-a4cc-a57148ac034e.jpeg"
Fruits & Vegetables,Fresh Fruits,"https://cdn.zeptonow.com/production/tr:w-90,ar-160-161,pr-true,f-auto,q-80/cms/sub_category/7e51d0f6-ee57-42f3-98f9-945033ad3e5f.png",Banana Poovan 500 g Combo,Banana,76,104,500 g X 2,4.4 (262),In Stock,https://www.zeptonow.com/pn/banana-poovan-500-g-combo/pvid/333e8172-af80-41e5-8044-99883bcabd16,"https://cdn.zeptonow.com/production/tr:w-1280,ar-500-500,pr-true,f-auto,q-80/cms/product_variant/9512ec2e-9d3d-4ae2-bc91-7b413a1f1849.jpeg"
Fruits & Vegetables,Fresh Fruits,"https://cdn.zeptonow.com/production/tr:w-90,ar-160-161,pr-true,f-auto,q-80/cms/sub_category/7e51d0f6-ee57-42f3-98f9-945033ad3e5f.png",Banana Nendran Semi Ripe 500 g Combo,Banana,94,128,500 g X 2,4.3 (952),In Stock,https://www.zeptonow.com/pn/banana-nendran-semi-ripe-500-g-combo/pvid/7250be09-e401-4b34-b12b-2293b9f102cd,"https://cdn.zeptonow.com/production/tr:w-1280,ar-500-500,pr-true,f-auto,q-80/cms/product_variant/f4def3c9-da6b-4190-9680-68d6f1c0ec5d.jpeg"
Fruits & Vegetables,Fresh Fruits,"https://cdn.zeptonow.com/production/tr:w-90,ar-160-161,pr-true,f-auto,q-80/cms/sub_category/7e51d0f6-ee57-42f3-98f9-945033ad3e5f.png",Gooseberry (Amla - Nellikaai) 250 g Combo,Gooseberry,66,86,250 g X 2,4.5 (336),In Stock,https://www.zeptonow.com/pn/gooseberry-amla-nellikaai-250-g-combo/pvid/4401a5fa-a96d-4cce-a7dd-b8b00bd82977,"https://cdn.zeptonow.com/production/tr:w-1280,ar-3000-3000,pr-true,f-auto,q-80/cms/product_variant/61367389-ff3e-4771-8d84-509c6bf42a12.jpeg"
Fruits & Vegetables,Fresh Fruits,"https://cdn.zeptonow.com/production/tr:w-90,ar-160-161,pr-true,f-auto,q-80/cms/sub_category/7e51d0f6-ee57-42f3-98f9-945033ad3e5f.png","Muskmelon (Kirni Pazham)(1pc), Papaya / Pappali (1pc) & Khari Foods Kimera Dates(400gms) Combo",Muskmelon,318,480,3 combo,4.3 (693),In Stock,https://www.zeptonow.com/pn/muskmelon-kirni-pazham1pc-papaya-pappali-1pc-khari-foods-kimera-dates400gms-combo/pvid/5a57e380-7440-4e1b-8b94-ebdcfccd26ec,"https://cdn.zeptonow.com/production/tr:w-1280,ar-1500-1500,pr-true,f-auto,q-80/cms/product_variant/baa58e31-712b-497e-a67f-bcb6531e19b5.jpg"
Fruits & Vegetables,Fresh Fruits,"https://cdn.zeptonow.com/production/tr:w-90,ar-160-161,pr-true,f-auto,q-80/cms/sub_category/7e51d0f6-ee57-42f3-98f9-945033ad3e5f.png",Banana Elaichi / Yelakki (Yelakki Vaazhai Pazham) 500 g Combo,Banana,134,180,500 g X 2,4.5 (267),In Stock,https://www.zeptonow.com/pn/banana-elaichi-yelakki-yelakki-vaazhai-pazham-500-g-combo/pvid/2fee0edc-3875-441d-a1de-627a97c23db7,"https://cdn.zeptonow.com/production/tr:w-1280,ar-695-695,pr-true,f-auto,q-80/cms/product_variant/4f6ebe49-e06f-47eb-8e3a-491ff58dbaac.jpeg"
Fruits & Vegetables,Fresh Fruits,"https://cdn.zeptonow.com/production/tr:w-90,ar-160-161,pr-true,f-auto,q-80/cms/sub_category/7e51d0f6-ee57-42f3-98f9-945033ad3e5f.png",Coconut Small 1 pc Combo,Coconut,80,110,1 pc X 2,4.2 (824),In Stock,https://www.zeptonow.com/pn/coconut-small-1-pc-combo/pvid/ff1b869b-a66e-4b23-ae6e-edef67c8e0d7,"https://cdn.zeptonow.com/production/tr:w-1280,ar-3000-3000,pr-true,f-auto,q-80/cms/product_variant/7ab86158-9c5d-4e86-92be-17dd7a61a2d2.jpeg"
Fruits & Vegetables,Fresh Fruits,"https://cdn.zeptonow.com/production/tr:w-90,ar-160-161,pr-true,f-auto,q-80/cms/sub_category/7e51d0f6-ee57-42f3-98f9-945033ad3e5f.png",Banana Karpooravalli 500 g Combo,Banana,114,128,500 g X 2,4.3 (451),In Stock,https://www.zeptonow.com/pn/banana-karpooravalli-500-g-combo/pvid/0f582d22-15c6-433e-9e1a-17b202c5a47f,"https://cdn.zeptonow.com/production/tr:w-1280,ar-1500-1500,pr-true,f-auto,q-80/cms/product_variant/64d94d0c-825b-44a9-863c-b065703ae467.jpg"
Fruits & Vegetables,Fresh Fruits,"https://cdn.zeptonow.com/production/tr:w-90,ar-160-161,pr-true,f-auto,q-80/cms/sub_category/7e51d0f6-ee57-42f3-98f9-945033ad3e5f.png",Coconut Small 1 pc Combo,Coconut,114,165,1 pc X 3,4.5 (960),In Stock,https://www.zeptonow.com/pn/coconut-small-1-pc-combo/pvid/d5a4463a-fed0-4f67-813e-ebdff18a0bd8,"https://cdn.zeptonow.com/production/tr:w-1280,ar-1500-1500,pr-true,f-auto,q-80/cms/product_variant/5d035276-0ca2-4f97-81d3-72ce918b3a8d.jpg"
Fruits & Vegetables,Fresh Fruits,"https://cdn.zeptonow.com/production/tr:w-90,ar-160-161,pr-true,f-auto,q-80/cms/sub_category/7e51d0f6-ee57-42f3-98f9-945033ad3e5f.png",Banana Red 500 g Combo,Banana,122,160,500 g X 2,4.6 (662),In Stock,https://www.zeptonow.com/pn/banana-red-500-g-combo/pvid/b3cd177f-4c88-402f-8808-cebbb4f9591e,"https://cdn.zeptonow.com/production/tr:w-1280,ar-1500-1500,pr-true,f-auto,q-80/cms/product_variant/7c8ae041-36da-495b-8c7c-8149cff07b50.jpg"
Fruits & Vegetables,Fresh Fruits,"https://cdn.zeptonow.com/production/tr:w-90,ar-160-161,pr-true,f-auto,q-80/cms/sub_category/7e51d0f6-ee57-42f3-98f9-945033ad3e5f.png",Mosambi 1 kg Combo,Mosambi,112,146,1 kg X 2,4.2 (218),In Stock,https://www.zeptonow.com/pn/mosambi-1-kg-combo/pvid/15709081-cfc0-4b96-aa62-4247891a1f5b,"https://cdn.zeptonow.com/production/tr:w-1280,ar-3000-3000,pr-true,f-auto,q-80/cms/product_variant/50eb3872-db43-4b63-9d74-1007d329116c.jpeg"
Fruits & Vegetables,Fresh Fruits,"https://cdn.zeptonow.com/production/tr:w-90,ar-160-161,pr-true,f-auto,q-80/cms/sub_category/7e51d0f6-ee57-42f3-98f9-945033ad3e5f.png",Pomegranate Premium 2 pc Combo,Pomegranate,392,414,2 pc X 2,4.7 (963),In Stock,https://www.zeptonow.com/pn/pomegranate-premium-2-pc-combo/pvid/1786ee00-d0dc-45b9-ada2-20a7c0a50a5e,"https://cdn.zeptonow.com/production/tr:w-1280,ar-3000-3000,pr-true,f-auto,q-80/cms/product_variant/f1eef3ea-3976-472a-b731-f74956b7fcc8.jpeg"
Fruits & Vegetables,Fresh Fruits,"https://cdn.zeptonow.com/production/tr:w-90,ar-160-161,pr-true,f-auto,q-80/cms/sub_category/7e51d0f6-ee57-42f3-98f9-945033ad3e5f.png",Banana Robusta 500 g Combo,Banana,62,80,500 g X 2,4.7 (984),In Stock,https://www.zeptonow.com/pn/banana-robusta-500-g-combo/pvid/85fcb89f-1bcd-4355-b9f3-b5d609690fde,"https://cdn.zeptonow.com/production/tr:w-1280,ar-500-500,pr-true,f-auto,q-80/cms/product_variant/275e9fbe-e2b0-4981-8514-7a419c877736.jpeg"
Fruits & Vegetables,Fresh Fruits,"https://cdn.zeptonow.com/production/tr:w-90,ar-160-161,pr-true,f-auto,q-80/cms/sub_category/7e51d0f6-ee57-42f3-98f9-945033ad3e5f.png",Coconut (Thengaai) 1 pc Combo,Coconut,102,136,1 pc X 2,4.2 (164),In Stock,https://www.zeptonow.com/pn/coconut-thengaai-1-pc-combo/pvid/ca9ece6a-1885-4769-9aaf-a6dba1492176,"https://cdn.zeptonow.com/production/tr:w-1280,ar-3000-3000,pr-true,f-auto,q-80/cms/product_variant/ff854229-8123-4989-9e76-810e94efcafb.jpeg"
Fruits & Vegetables,Fresh Fruits,"https://cdn.zeptonow.com/production/tr:w-90,ar-160-161,pr-true,f-auto,q-80/cms/sub_category/7e51d0f6-ee57-42f3-98f9-945033ad3e5f.png",Coconut (Thengaai) 1 pc Combo,Coconut,144,204,1 pc X 3,4.6 (686),In Stock,https://www.zeptonow.com/pn/coconut-thengaai-1-pc-combo/pvid/990eea67-6cfd-4032-807b-5f77eee84da7,"https://cdn.zeptonow.com/production/tr:w-1280,ar-3000-3000,pr-true,f-auto,q-80/cms/product_variant/cc0c9682-01ee-4dca-92f6-3d7d9828ef8d.jpeg"
Fruits & Vegetables,Fresh Fruits,"https://cdn.zeptonow.com/production/tr:w-90,ar-160-161,pr-true,f-auto,q-80/cms/sub_category/7e51d0f6-ee57-42f3-98f9-945033ad3e5f.png",Apple Royal Gala,Apple,229,284,4 pcs,4.3 (18.2k),Sold Out,https://www.zeptonow.com/pn/apple-royal-gala/pvid/daec33d2-a8a6-425f-8fdd-2e9be59d836f,"https://cdn.zeptonow.com/production/tr:w-1280,ar-3000-3000,pr-true,f-auto,q-80/cms/product_variant/a72ab068-bbf0-428c-ae48-13dc98954e6c.jpeg"
Fruits & Vegetables,Fresh Fruits,"https://cdn.zeptonow.com/production/tr:w-90,ar-160-161,pr-true,f-auto,q-80/cms/sub_category/7e51d0f6-ee57-42f3-98f9-945033ad3e5f.png",Apple Royal Gala,Apple,115,144,2 pcs,4.3 (17.9k),Sold Out,https://www.zeptonow.com/pn/apple-royal-gala/pvid/0f2d6cb9-abb2-49f8-b80d-503f5842737d,"https://cdn.zeptonow.com/production/tr:w-1280,ar-3000-3000,pr-true,f-auto,q-80/cms/product_variant/4770e9b3-a5d3-4662-aa5a-dd648fb81535.jpeg"
Fruits & Vegetables,Fresh Fruits,"https://cdn.zeptonow.com/production/tr:w-90,ar-160-161,pr-true,f-auto,q-80/cms/sub_category/7e51d0f6-ee57-42f3-98f9-945033ad3e5f.png",Watermelon Kiran (Dharboosani),Watermelon,99,122,1 pc (2 - 3.5 kg),4.1 (11.3k),Sold Out,https://www.zeptonow.com/pn/watermelon-kiran-dharboosani/pvid/e3b84007-a4a9-45d5-9fbd-9e6a06cf5544,"https://cdn.zeptonow.com/production/tr:w-1280,ar-3000-3000,pr-true,f-auto,q-80/cms/product_variant/9189a9f9-d66e-498a-9867-2960e734ec60.jpeg"
Fruits & Vegetables,Fresh Fruits,"https://cdn.zeptonow.com/production/tr:w-90,ar-160-161,pr-true,f-auto,q-80/cms/sub_category/7e51d0f6-ee57-42f3-98f9-945033ad3e5f.png",Guava White (Koiya Pazham),Guava,24,35,500 g,4 (13.7k),Sold Out,https://www.zeptonow.com/pn/guava-white-koiya-pazham/pvid/17aa9545-9579-4580-bf2e-0d9d416f518f,"https://cdn.zeptonow.com/production/tr:w-1280,ar-3000-3000,pr-true,f-auto,q-80/cms/product_variant/ea388a46-1f12-47c9-87e5-93073175b72e.jpeg"
Fruits & Vegetables,Fresh Fruits,"https://cdn.zeptonow.com/production/tr:w-90,ar-160-161,pr-true,f-auto,q-80/cms/sub_category/7e51d0f6-ee57-42f3-98f9-945033ad3e5f.png",Sapota (Chicko),Sapota,63,75,500 g,4.2 (578),Sold Out,https://www.zeptonow.com/pn/sapota-chicko/pvid/e5beb13b-09fb-40ea-a374-e2f0f4e21c12,"https://cdn.zeptonow.com/production/tr:w-1280,ar-3000-3000,pr-true,f-auto,q-80/cms/product_variant/3713f58a-0f58-4fef-9ba3-ce61ca99f450.jpeg"
Fruits & Vegetables,Fresh Fruits,"https://cdn.zeptonow.com/production/tr:w-90,ar-160-161,pr-true,f-auto,q-80/cms/sub_category/7e51d0f6-ee57-42f3-98f9-945033ad3e5f.png",Mango Raw,Mango,33,33,250- 300 g,4.2 (13.6k),Sold Out,https://www.zeptonow.com/pn/mango-raw/pvid/03b75a9d-d1ce-4fcb-b498-cc7c7e276e34,"https://cdn.zeptonow.com/production/tr:w-1280,ar-900-900,pr-true,f-auto,q-80/cms/product_variant/9e49865d-af19-4847-b47d-3097b905590d.jpg"
Fruits & Vegetables,Fresh Fruits,"https://cdn.zeptonow.com/production/tr:w-90,ar-160-161,pr-true,f-auto,q-80/cms/sub_category/7e51d0f6-ee57-42f3-98f9-945033ad3e5f.png",Tender Coconut,Tender,95,119,1 pc,3.9 (16.1k),Sold Out,https://www.zeptonow.com/pn/tender-coconut/pvid/066b0772-8d6b-4583-8671-60f3694c1128,"https://cdn.zeptonow.com/production/tr:w-1280,ar-3000-3000,pr-true,f-auto,q-80/cms/product_variant/375a00dd-aa11-461b-8a9f-2b283a04e41e.jpeg"
Fruits & Vegetables,Fresh Fruits,"https://cdn.zeptonow.com/production/tr:w-90,ar-160-161,pr-true,f-auto,q-80/cms/sub_category/7e51d0f6-ee57-42f3-98f9-945033ad3e5f.png",Dragon Fruit,Dragon,102,120,1 pc,4.5 (25.1k),Sold Out,https://www.zeptonow.com/pn/dragon-fruit/pvid/1624f9f8-a01a-4c1d-bb05-14af56ea3932,"https://cdn.zeptonow.com/production/tr:w-1280,ar-3000-3000,pr-true,f-auto,q-80/cms/product_variant/1153f02b-5193-4617-800d-1f9899fbda04.jpeg"
Fruits & Vegetables,Fresh Fruits,"https://cdn.zeptonow.com/production/tr:w-90,ar-160-161,pr-true,f-auto,q-80/cms/sub_category/7e51d0f6-ee57-42f3-98f9-945033ad3e5f.png",Pear Green Nashpati,Pear,66,66,500 g,4 (268),Sold Out,https://www.zeptonow.com/pn/pear-green-nashpati/pvid/2a7add34-7114-453e-88b3-bd8762d322e7,"https://cdn.zeptonow.com/production/tr:w-1280,ar-1280-1280,pr-true,f-auto,q-80/cms/product_variant/6b0cfca7-fc71-44f5-b50a-2ca2782726c8.jpeg"
Fruits & Vegetables,Fresh Fruits,"https://cdn.zeptonow.com/production/tr:w-90,ar-160-161,pr-true,f-auto,q-80/cms/sub_category/7e51d0f6-ee57-42f3-98f9-945033ad3e5f.png",Grapes Paneer,Grapes,33,37,250 g,4.3 (17.9k),Sold Out,https://www.zeptonow.com/pn/grapes-paneer/pvid/4e539099-844a-4e94-a577-d96f27f73e9c,"https://cdn.zeptonow.com/production/tr:w-1280,ar-600-654,pr-true,f-auto,q-80/inventory/product/c1601084-cf67-4dd1-aa5e-59bb23a952d4-/tmp/20230607-1033481.jpeg"
Fruits & Vegetables,Fresh Fruits,"https://cdn.zeptonow.com/production/tr:w-90,ar-160-161,pr-true,f-auto,q-80/cms/sub_category/7e51d0f6-ee57-42f3-98f9-945033ad3e5f.png",Fig,Fig,37,58,200 - 250 Grams,4 (6.2k),Sold Out,https://www.zeptonow.com/pn/fig/pvid/f69ea64c-aa7c-457b-abb1-d3f2ddb91b1e,"https://cdn.zeptonow.com/production/tr:w-1280,ar-3000-3000,pr-true,f-auto,q-80/cms/product_variant/8bd78c10-93a4-4367-b9f7-c73d6bc38b07.jpeg"
Fruits & Vegetables,Fresh Fruits,"https://cdn.zeptonow.com/production/tr:w-90,ar-160-161,pr-true,f-auto,q-80/cms/sub_category/7e51d0f6-ee57-42f3-98f9-945033ad3e5f.png",Pomegranate (Madhulai Pazham),Pomegranate,159,172,2 pcs,4.5 (6.5k),Sold Out,https://www.zeptonow.com/pn/pomegranate-madhulai-pazham/pvid/61aa5256-5254-473a-9628-428234d579fb,"https://cdn.zeptonow.com/production/tr:w-1280,ar-3000-3000,pr-true,f-auto,q-80/cms/product_variant/fc1c715b-518e-46f6-8ba1-3dfd9742828f.jpeg"
Fruits & Vegetables,Fresh Fruits,"https://cdn.zeptonow.com/production/tr:w-90,ar-160-161,pr-true,f-auto,q-80/cms/sub_category/7e51d0f6-ee57-42f3-98f9-945033ad3e5f.png",Mosambi,Mosambi,35,42,4 Pc (500 - 650 g),4.1 (12.3k),Sold Out,https://www.zeptonow.com/pn/mosambi/pvid/3f6d990b-5ea5-42ee-b559-3d973958729e,"https://cdn.zeptonow.com/production/tr:w-1280,ar-5616-3744,pr-true,f-auto,q-80/inventory/product/e8027c8d-fac5-45c7-bf61-6e55d7059f1f-image"
Fruits & Vegetables,Fresh Fruits,"https://cdn.zeptonow.com/production/tr:w-90,ar-160-161,pr-true,f-auto,q-80/cms/sub_category/7e51d0f6-ee57-42f3-98f9-945033ad3e5f.png",Banana Hill (Kodaikanal) Semi Ripe,Banana,79,88,450 - 550 Grams,3.9 (655),Sold Out,https://www.zeptonow.com/pn/banana-hill-kodaikanal-semi-ripe/pvid/8571735a-47d0-480a-baf6-d39f81c7e756,"https://cdn.zeptonow.com/production/tr:w-1280,ar-500-500,pr-true,f-auto,q-80/inventory/product/7d29e8cd-8e67-4059-92eb-f9aefa00b445-image"
Fruits & Vegetables,Fresh Fruits,"https://cdn.zeptonow.com/production/tr:w-90,ar-160-161,pr-true,f-auto,q-80/cms/sub_category/7e51d0f6-ee57-42f3-98f9-945033ad3e5f.png",Banana Red Semi Ripe,Banana,35,43,200-300 gm,4.2 (149),Sold Out,https://www.zeptonow.com/pn/banana-red-semi-ripe/pvid/53b843ae-26ec-4a1b-b99c-76c3e9669ded,"https://cdn.zeptonow.com/production/tr:w-1280,ar-3000-3000,pr-true,f-auto,q-80/cms/product_variant/173a274a-0c26-43d6-9d61-05ce2015e962.jpeg"
Fruits & Vegetables,Fresh Fruits,"https://cdn.zeptonow.com/production/tr:w-90,ar-160-161,pr-true,f-auto,q-80/cms/sub_category/7e51d0f6-ee57-42f3-98f9-945033ad3e5f.png",Raw Mango Round,Raw,44,55,500 g,3.9 (2.2k),Sold Out,https://www.zeptonow.com/pn/raw-mango-round/pvid/b4350eca-87f2-4a1e-acbe-9c90b8cec87b,"https://cdn.zeptonow.com/production/tr:w-1280,ar-360-240,pr-true,f-auto,q-80/inventory/product/ef1ccebd-1c89-4baf-a2aa-7ed7fa8695b9-/tmp/20231013-1806041.jpeg"
Fruits & Vegetables,Fresh Fruits,"https://cdn.zeptonow.com/production/tr:w-90,ar-160-161,pr-true,f-auto,q-80/cms/sub_category/7e51d0f6-ee57-42f3-98f9-945033ad3e5f.png",Watermelon Regular - Dharboosani,Watermelon,160,174,3.5 - 6 kg,4.2 (363),Sold Out,https://www.zeptonow.com/pn/watermelon-regular-dharboosani/pvid/c1faa6cf-42a3-4a88-be2c-deda79892308,"https://cdn.zeptonow.com/production/tr:w-1280,ar-3000-3000,pr-true,f-auto,q-80/cms/product_variant/b4569026-7f0a-402e-89f1-22609552dc84.jpeg"
Fruits & Vegetables,Fresh Fruits,"https://cdn.zeptonow.com/production/tr:w-90,ar-160-161,pr-true,f-auto,q-80/cms/sub_category/7e51d0f6-ee57-42f3-98f9-945033ad3e5f.png",Mango Rumani,Mango,71,84,3 Pcs,4 (239),Sold Out,https://www.zeptonow.com/pn/mango-rumani/pvid/b52adcdc-bed7-4d3e-ab4c-b04a440455cf,"https://cdn.zeptonow.com/production/tr:w-1280,ar-600-600,pr-true,f-auto,q-80/inventory/product/17561a57-8257-4b85-bcb6-634a96499e05-8e011c67-fbe9-4942-a3b4-c868d3042cea.jpeg"
Fruits & Vegetables,Fresh Fruits,"https://cdn.zeptonow.com/production/tr:w-90,ar-160-161,pr-true,f-auto,q-80/cms/sub_category/7e51d0f6-ee57-42f3-98f9-945033ad3e5f.png",Mango Neelam,Mango,115,145,1 kg,4.6 (835),Sold Out,https://www.zeptonow.com/pn/mango-neelam/pvid/845f1685-fdba-438a-9160-2529a9ece369,"https://cdn.zeptonow.com/production/tr:w-1280,ar-980-980,pr-true,f-auto,q-80/cms/product_variant/5e561f5e-1ba1-49a5-a26a-2fc0e661f5d7.jpg"
Fruits & Vegetables,Fresh Fruits,"https://cdn.zeptonow.com/production/tr:w-90,ar-160-161,pr-true,f-auto,q-80/cms/sub_category/7e51d0f6-ee57-42f3-98f9-945033ad3e5f.png",Custard Apple Golden Semi Ripe,Custard,108,108,2 piece,4.5 (106),Sold Out,https://www.zeptonow.com/pn/custard-apple-golden-semi-ripe/pvid/ac9e2e26-ce7f-4062-b26a-40c5833e2808,"https://cdn.zeptonow.com/production/tr:w-1280,ar-225-225,pr-true,f-auto,q-80/inventory/product/3d0a37ff-3609-40eb-a531-00e7c3b1dcaa-Photo.jpeg"
Fruits & Vegetables,Exotics & Premium,"https://cdn.zeptonow.com/production/tr:w-90,ar-480-480,pr-true,f-auto,q-80/cms/sub_category/c82b4bac-d830-46e3-a6d3-ac8934abc9f5.png",Mushroom Button (Kalaan),Mushroom,57,61,200 g,4.4 (32.6k),In Stock,https://www.zeptonow.com/pn/mushroom-button-kalaan/pvid/b2f4b868-288e-4f8e-a82c-c6bc748aa9e7,"https://cdn.zeptonow.com/production/tr:w-1280,ar-3000-3000,pr-true,f-auto,q-80/cms/product_variant/0ff5fd95-b253-426f-90fc-cbc0d1ce0078.jpeg"
Fruits & Vegetables,Exotics & Premium,"https://cdn.zeptonow.com/production/tr:w-90,ar-480-480,pr-true,f-auto,q-80/cms/sub_category/c82b4bac-d830-46e3-a6d3-ac8934abc9f5.png",Capsicum Red & Yellow,Capsicum,42,91,2 x (200 - 300 g),4.3 (601),In Stock,https://www.zeptonow.com/pn/capsicum-red-yellow/pvid/4d82f8c1-e956-4936-a70a-6576fc2eebf9,"https://cdn.zeptonow.com/production/tr:w-1280,ar-3000-3000,pr-true,f-auto,q-80/cms/product_variant/31518bf5-db13-4452-82f4-9a7110e3dec2.jpeg"
Fruits & Vegetables,Exotics & Premium,"https://cdn.zeptonow.com/production/tr:w-90,ar-480-480,pr-true,f-auto,q-80/cms/sub_category/c82b4bac-d830-46e3-a6d3-ac8934abc9f5.png",Avocado Hass Imported,Avocado,82,102,1 pc,4.3 (3.0k),In Stock,https://www.zeptonow.com/pn/avocado-hass-imported/pvid/00b7561d-7c6b-4bdf-a283-484222105c86,"https://cdn.zeptonow.com/production/tr:w-1280,ar-1500-882,pr-true,f-auto,q-80/inventory/product/7b506465-f834-4241-ae67-8a57df6691e0-h0618g16207257173805.jpg"
Fruits & Vegetables,Exotics & Premium,"https://cdn.zeptonow.com/production/tr:w-90,ar-480-480,pr-true,f-auto,q-80/cms/sub_category/c82b4bac-d830-46e3-a6d3-ac8934abc9f5.png",Pear Green Imported,Pear,121,121,2 Pieces 280 - 300 g,4.7 (538),In Stock,https://www.zeptonow.com/pn/pear-green-imported/pvid/680cd2e6-e14b-49d9-9769-60a5d04dba11,"https://cdn.zeptonow.com/production/tr:w-1280,ar-3000-3000,pr-true,f-auto,q-80/cms/product_variant/7795ac28-d8c0-4a79-a94e-86e8563e5a7f.jpeg"
Fruits & Vegetables,Exotics & Premium,"https://cdn.zeptonow.com/production/tr:w-90,ar-480-480,pr-true,f-auto,q-80/cms/sub_category/c82b4bac-d830-46e3-a6d3-ac8934abc9f5.png",Kiwi Green,Kiwi,103,133,3 pcs,4.2 (13.1k),In Stock,https://www.zeptonow.com/pn/kiwi-green/pvid/2d7bff95-594e-4049-ab13-2ab857197e2a,"https://cdn.zeptonow.com/production/tr:w-1280,ar-3000-3000,pr-true,f-auto,q-80/cms/product_variant/65bb6a79-0df5-4cd1-a0b6-6c5e60b9126e.jpeg"
Fruits & Vegetables,Exotics & Premium,"https://cdn.zeptonow.com/production/tr:w-90,ar-480-480,pr-true,f-auto,q-80/cms/sub_category/c82b4bac-d830-46e3-a6d3-ac8934abc9f5.png",Snacky Avocado,Snacky,69,78,1 piece,4.2 (12.0k),In Stock,https://www.zeptonow.com/pn/snacky-avocado/pvid/41bdd706-3d49-4c67-abc2-364679e3a16b,"https://cdn.zeptonow.com/production/tr:w-1280,ar-3000-3000,pr-true,f-auto,q-80/cms/product_variant/366753e0-f787-4c3a-9774-391a42be1567.jpeg"
Fruits & Vegetables,Exotics & Premium,"https://cdn.zeptonow.com/production/tr:w-90,ar-480-480,pr-true,f-auto,q-80/cms/sub_category/c82b4bac-d830-46e3-a6d3-ac8934abc9f5.png",Lemongrass,Lemongrass,25,85,100 g,4.2 (719),In Stock,https://www.zeptonow.com/pn/lemongrass/pvid/925555c4-b405-4e4b-af57-02c39055258a,"https://cdn.zeptonow.com/production/tr:w-1280,ar-3000-3000,pr-true,f-auto,q-80/cms/product_variant/076d513b-170e-4f76-85f9-0a0a4a5e6ec0.jpeg"
Fruits & Vegetables,Exotics & Premium,"https://cdn.zeptonow.com/production/tr:w-90,ar-480-480,pr-true,f-auto,q-80/cms/sub_category/c82b4bac-d830-46e3-a6d3-ac8934abc9f5.png",Leeks,Leeks,25,76,100 g,5 (80),In Stock,https://www.zeptonow.com/pn/leeks/pvid/8b0674aa-1224-4093-a230-44ee9aa071ba,"https://cdn.zeptonow.com/production/tr:w-1280,ar-500-500,pr-true,f-auto,q-80/inventory/product/7db66eb0-b51a-45a5-84de-ee5b8555ebde-9f977121-67d6-4636-93b1-553213fc3620.jpeg"
Fruits & Vegetables,Exotics & Premium,"https://cdn.zeptonow.com/production/tr:w-90,ar-480-480,pr-true,f-auto,q-80/cms/sub_category/c82b4bac-d830-46e3-a6d3-ac8934abc9f5.png",Mushroom Button (Kalaan) 200 g Combo,Mushroom,159,183,200 g X 3,4.5 (566),In Stock,https://www.zeptonow.com/pn/mushroom-button-kalaan-200-g-combo/pvid/f3d03ee2-2c9f-464d-b6b5-37e479181b03,"https://cdn.zeptonow.com/production/tr:w-1280,ar-3000-3000,pr-true,f-auto,q-80/cms/product_variant/c09006c7-dfe5-45fe-afa3-860c92e7a759.jpeg"
Fruits & Vegetables,Exotics & Premium,"https://cdn.zeptonow.com/production/tr:w-90,ar-480-480,pr-true,f-auto,q-80/cms/sub_category/c82b4bac-d830-46e3-a6d3-ac8934abc9f5.png",Mushroom Button (Kalaan) 200 g Combo,Mushroom,112,122,200 g X 2,4.5 (226),In Stock,https://www.zeptonow.com/pn/mushroom-button-kalaan-200-g-combo/pvid/cebd250e-2570-44ff-82fc-2b1dd430f0e4,"https://cdn.zeptonow.com/production/tr:w-1280,ar-3000-3000,pr-true,f-auto,q-80/cms/product_variant/a6786c3e-7048-4d2d-a749-4e19e9ab81f4.jpeg"
Fruits & Vegetables,Exotics & Premium,"https://cdn.zeptonow.com/production/tr:w-90,ar-480-480,pr-true,f-auto,q-80/cms/sub_category/c82b4bac-d830-46e3-a6d3-ac8934abc9f5.png",Orange Imported,Orange,112,140,4 pcs,4.3 (1.6k),Sold Out,https://www.zeptonow.com/pn/orange-imported/pvid/58297737-4cde-454e-ba44-59a961aab85c,"https://cdn.zeptonow.com/production/tr:w-1280,ar-1000-730,pr-true,f-auto,q-80/inventory/product/24de6838-b883-4fed-af17-05bd433cb92a-dc9a91ce-79d4-4fd7-8d6f-d72e992489d5.jpeg"
Fruits & Vegetables,Exotics & Premium,"https://cdn.zeptonow.com/production/tr:w-90,ar-480-480,pr-true,f-auto,q-80/cms/sub_category/c82b4bac-d830-46e3-a6d3-ac8934abc9f5.png",Apple Red Delicious,Delicious,104,130,2 Pieces 250 - 400 g,4.3 (3.2k),Sold Out,https://www.zeptonow.com/pn/apple-red-delicious/pvid/8ded576c-02c1-46e6-b7b0-55000eb1e993,"https://cdn.zeptonow.com/production/tr:w-1280,ar-3000-3000,pr-true,f-auto,q-80/cms/product_variant/68683477-cf51-46e4-a1d3-6736b7edf0bb.jpeg"
Fruits & Vegetables,Exotics & Premium,"https://cdn.zeptonow.com/production/tr:w-90,ar-480-480,pr-true,f-auto,q-80/cms/sub_category/c82b4bac-d830-46e3-a6d3-ac8934abc9f5.png",Baby Corn,Baby,32,40,200 g,4.7 (1.4k),Sold Out,https://www.zeptonow.com/pn/baby-corn/pvid/6f4b0175-10eb-4041-951d-862ce4bab6d6,"https://cdn.zeptonow.com/production/tr:w-1280,ar-500-500,pr-true,f-auto,q-80/inventory/product/a4a4266e-a9b5-43dc-afd8-5903f67bf3c2-tmp/3313e315-3b45-4ad4-a117-d3862b800a74.jpeg"
Fruits & Vegetables,Exotics & Premium,"https://cdn.zeptonow.com/production/tr:w-90,ar-480-480,pr-true,f-auto,q-80/cms/sub_category/c82b4bac-d830-46e3-a6d3-ac8934abc9f5.png",Broccoli,Broccoli,123,142,200 - 300 g,3.9 (25.8k),Sold Out,https://www.zeptonow.com/pn/broccoli/pvid/2b1fc916-efd6-47d0-9132-9afb33dca3ab,"https://cdn.zeptonow.com/production/tr:w-1280,ar-1000-1000,pr-true,f-auto,q-80/inventory/product/e64934b3-6268-4f43-8827-51f88cfb4774-tmp/c68d7d36-9b64-4960-af19-77cfae7e4fca.jpeg"
Fruits & Vegetables,Exotics & Premium,"https://cdn.zeptonow.com/production/tr:w-90,ar-480-480,pr-true,f-auto,q-80/cms/sub_category/c82b4bac-d830-46e3-a6d3-ac8934abc9f5.png",Blueberry,Blueberry,295,369,120 - 130 g,4 (4.9k),Sold Out,https://www.zeptonow.com/pn/blueberry/pvid/b7d27beb-b7da-4caa-b7a3-4e520062d9c7,"https://cdn.zeptonow.com/production/tr:w-1280,ar-3000-3000,pr-true,f-auto,q-80/cms/product_variant/3874781d-377e-48b2-a617-bd2070d9de40.jpeg"
Fruits & Vegetables,Exotics & Premium,"https://cdn.zeptonow.com/production/tr:w-90,ar-480-480,pr-true,f-auto,q-80/cms/sub_category/c82b4bac-d830-46e3-a6d3-ac8934abc9f5.png",Apple Royal Gala,Apple,115,144,2 pcs,4.3 (17.9k),Sold Out,https://www.zeptonow.com/pn/apple-royal-gala/pvid/0f2d6cb9-abb2-49f8-b80d-503f5842737d,"https://cdn.zeptonow.com/production/tr:w-1280,ar-3000-3000,pr-true,f-auto,q-80/cms/product_variant/4770e9b3-a5d3-4662-aa5a-dd648fb81535.jpeg"
Fruits & Vegetables,Exotics & Premium,"https://cdn.zeptonow.com/production/tr:w-90,ar-480-480,pr-true,f-auto,q-80/cms/sub_category/c82b4bac-d830-46e3-a6d3-ac8934abc9f5.png",Apple Washington,Apple,115,125,2 pcs,4.3 (1.8k),Sold Out,https://www.zeptonow.com/pn/apple-washington/pvid/74ba1208-3eef-4e78-9b5f-96798004ce01,"https://cdn.zeptonow.com/production/tr:w-1280,ar-3000-3000,pr-true,f-auto,q-80/cms/product_variant/aed364bd-7849-4045-abfd-ca66500344ed.jpeg"
Fruits & Vegetables,Exotics & Premium,"https://cdn.zeptonow.com/production/tr:w-90,ar-480-480,pr-true,f-auto,q-80/cms/sub_category/c82b4bac-d830-46e3-a6d3-ac8934abc9f5.png",Lettuce Green,Lettuce,15,20,100 g,4.3 (12.5k),Sold Out,https://www.zeptonow.com/pn/lettuce-green/pvid/f5eb4a0f-7433-4b3a-a970-780278f3cb02,"https://cdn.zeptonow.com/production/tr:w-1280,ar-3000-3000,pr-true,f-auto,q-80/cms/product_variant/35cb2b53-04d2-4c69-9c83-1acec5ab0433.jpeg"
Fruits & Vegetables,Exotics & Premium,"https://cdn.zeptonow.com/production/tr:w-90,ar-480-480,pr-true,f-auto,q-80/cms/sub_category/c82b4bac-d830-46e3-a6d3-ac8934abc9f5.png",Zucchini Yellow,Zucchini,44,55,1 pc,3.9 (117),Sold Out,https://www.zeptonow.com/pn/zucchini-yellow/pvid/511a939f-bb97-48fb-a36d-a9595e65c18a,"https://cdn.zeptonow.com/production/tr:w-1280,ar-3000-3000,pr-true,f-auto,q-80/cms/product_variant/28f0064e-845c-4982-8331-fa9ca8fe2f64.jpeg"
Fruits & Vegetables,Exotics & Premium,"https://cdn.zeptonow.com/production/tr:w-90,ar-480-480,pr-true,f-auto,q-80/cms/sub_category/c82b4bac-d830-46e3-a6d3-ac8934abc9f5.png",Lettuce Iceberg,Lettuce,29,38,250 g,3.9 (11.2k),Sold Out,https://www.zeptonow.com/pn/lettuce-iceberg/pvid/dc4a8856-05cb-426b-aae3-83f44f179c0f,"https://cdn.zeptonow.com/production/tr:w-1280,ar-3000-3000,pr-true,f-auto,q-80/cms/product_variant/45b64439-9217-4737-8025-ea8868c3a1ff.jpeg"
Fruits & Vegetables,Exotics & Premium,"https://cdn.zeptonow.com/production/tr:w-90,ar-480-480,pr-true,f-auto,q-80/cms/sub_category/c82b4bac-d830-46e3-a6d3-ac8934abc9f5.png",Celery,Celery,20,73,200 g,4.4 (1.6k),Sold Out,https://www.zeptonow.com/pn/celery/pvid/0980320a-a237-4a33-a95a-048b57757e1a,"https://cdn.zeptonow.com/production/tr:w-1280,ar-483-725,pr-true,f-auto,q-80/inventory/product/76840d70-ab63-4a7c-b9bd-a877a83a21b2-tmp/003d676c-945c-4998-9fcf-2c71150505e2.jpeg"
Fruits & Vegetables,Exotics & Premium,"https://cdn.zeptonow.com/production/tr:w-90,ar-480-480,pr-true,f-auto,q-80/cms/sub_category/c82b4bac-d830-46e3-a6d3-ac8934abc9f5.png",Cherry Imported,Cherry,305,382,100 g,4.3 (463),Sold Out,https://www.zeptonow.com/pn/cherry-imported/pvid/4b12f528-4999-4e01-866e-373581f60c19,"https://cdn.zeptonow.com/production/tr:w-1280,ar-521-600,pr-true,f-auto,q-80/cms/product_variant/9b69206a-b825-4c14-bed9-f9887d9af3df.png"
Fruits & Vegetables,Exotics & Premium,"https://cdn.zeptonow.com/production/tr:w-90,ar-480-480,pr-true,f-auto,q-80/cms/sub_category/c82b4bac-d830-46e3-a6d3-ac8934abc9f5.png",Avocado Indian Semi Ripe (Butter Fruit),Avocado,137,183,1 pc (180 - 220 g),4.9 (134),Sold Out,https://www.zeptonow.com/pn/avocado-indian-semi-ripe-butter-fruit/pvid/449f33b7-1a0a-4cf4-aa32-99ededba8106,"https://cdn.zeptonow.com/production/tr:w-1280,ar-3000-3000,pr-true,f-auto,q-80/cms/product_variant/8920b6b4-0e9d-434e-ac89-6bf856fc8003.jpeg"
Fruits & Vegetables,Exotics & Premium,"https://cdn.zeptonow.com/production/tr:w-90,ar-480-480,pr-true,f-auto,q-80/cms/sub_category/c82b4bac-d830-46e3-a6d3-ac8934abc9f5.png",Guava Thai,Guava,77,103,2 pcs,4.2 (13.7k),Sold Out,https://www.zeptonow.com/pn/guava-thai/pvid/a0e15be1-f904-43ef-974e-5d26a992bc1a,"https://cdn.zeptonow.com/production/tr:w-1280,ar-3000-3000,pr-true,f-auto,q-80/cms/product_variant/a64135c7-4707-48cb-8c0c-700c3511698f.jpeg"
Fruits & Vegetables,Exotics & Premium,"https://cdn.zeptonow.com/production/tr:w-90,ar-480-480,pr-true,f-auto,q-80/cms/sub_category/c82b4bac-d830-46e3-a6d3-ac8934abc9f5.png",Zespri Kiwi Sun Gold,Zespri,64,73,1 Piece,4 (438),Sold Out,https://www.zeptonow.com/pn/zespri-kiwi-sun-gold/pvid/1b4889d3-b9e5-460b-b34c-27775adb3302,"https://cdn.zeptonow.com/production/tr:w-1280,ar-225-225,pr-true,f-auto,q-80/cms/product_variant/72fb7bfe-b875-4162-80d3-b283a8f3ce27.jpg"
Fruits & Vegetables,Exotics & Premium,"https://cdn.zeptonow.com/production/tr:w-90,ar-480-480,pr-true,f-auto,q-80/cms/sub_category/c82b4bac-d830-46e3-a6d3-ac8934abc9f5.png",Grapes Red Globe (Sivappu Thiratchai),Grapes,50,103,250 g,5 (79),Sold Out,https://www.zeptonow.com/pn/grapes-red-globe-sivappu-thiratchai/pvid/907d953b-d606-4fd0-bd97-11328fa0f38a,"https://cdn.zeptonow.com/production/tr:w-1280,ar-1200-1600,pr-true,f-auto,q-80/cms/product_variant/901e4d49-e519-444b-a1da-b193d6c60426.jpg"
Fruits & Vegetables,Exotics & Premium,"https://cdn.zeptonow.com/production/tr:w-90,ar-480-480,pr-true,f-auto,q-80/cms/sub_category/c82b4bac-d830-46e3-a6d3-ac8934abc9f5.png",Apple Pink Lady,Apple,84,120,2 piece,4.4 (993),Sold Out,https://www.zeptonow.com/pn/apple-pink-lady/pvid/6eb2b6d1-25bf-488e-b3e5-0ec337d70b21,"https://cdn.zeptonow.com/production/tr:w-1280,ar-3000-3000,pr-true,f-auto,q-80/cms/product_variant/80627b31-8e3b-4862-913b-d00546e57cb9.jpeg"
Fruits & Vegetables,Exotics & Premium,"https://cdn.zeptonow.com/production/tr:w-90,ar-480-480,pr-true,f-auto,q-80/cms/sub_category/c82b4bac-d830-46e3-a6d3-ac8934abc9f5.png",Lettuce Romaine,Lettuce,17,59,1 pc,4.8 (78),Sold Out,https://www.zeptonow.com/pn/lettuce-romaine/pvid/d8722295-42e6-47f5-8e84-965ee0705db9,"https://cdn.zeptonow.com/production/tr:w-1280,ar-500-500,pr-true,f-auto,q-80/inventory/product/ae7be59c-8e7c-4ffd-a95f-067fa0c8c767-tmp/448ff817-7a0b-450f-b93f-ebf15975cbb5.jpeg"
Fruits & Vegetables,Exotics & Premium,"https://cdn.zeptonow.com/production/tr:w-90,ar-480-480,pr-true,f-auto,q-80/cms/sub_category/c82b4bac-d830-46e3-a6d3-ac8934abc9f5.png",Zucchini Green,Zucchini,37,49,2 x (250 - 350 g),4.1 (438),Sold Out,https://www.zeptonow.com/pn/zucchini-green/pvid/cd5fed4c-89a5-4196-b0ff-f94f24b6beaf,"https://cdn.zeptonow.com/production/tr:w-1280,ar-3521-2157,pr-true,f-auto,q-80/inventory/product/febf03be-0043-4d09-a803-520fdb7b08f6-shutterstock_1056905804.jpg"
Fruits & Vegetables,Exotics & Premium,"https://cdn.zeptonow.com/production/tr:w-90,ar-480-480,pr-true,f-auto,q-80/cms/sub_category/c82b4bac-d830-46e3-a6d3-ac8934abc9f5.png",Parsley,Parsley,20,72,100 g,4.8 (593),Sold Out,https://www.zeptonow.com/pn/parsley/pvid/179895d6-0233-4f5a-855f-88d5618ace56,"https://cdn.zeptonow.com/production/tr:w-1280,ar-1500-1347,pr-true,f-auto,q-80/inventory/product/416ce06f-13ac-43bb-b8d4-a8a220643b58-7adf6e62-08c6-477e-9926-c2df6c9ce41e.jpeg"
Fruits & Vegetables,Exotics & Premium,"https://cdn.zeptonow.com/production/tr:w-90,ar-480-480,pr-true,f-auto,q-80/cms/sub_category/c82b4bac-d830-46e3-a6d3-ac8934abc9f5.png",Plum Imported,Plum,67,88,250 g,3.9 (383),Sold Out,https://www.zeptonow.com/pn/plum-imported/pvid/301fce9b-68d0-4f17-80e8-53cf642f119b,"https://cdn.zeptonow.com/production/tr:w-1280,ar-3000-3000,pr-true,f-auto,q-80/cms/product_variant/f8c6d56d-9152-49ac-82b9-edbcc6e3453c.jpeg"
Fruits & Vegetables,Exotics & Premium,"https://cdn.zeptonow.com/production/tr:w-90,ar-480-480,pr-true,f-auto,q-80/cms/sub_category/c82b4bac-d830-46e3-a6d3-ac8934abc9f5.png",Chinese Cabbage 250gms,Chinese,24,70,250 g,5 (54),Sold Out,https://www.zeptonow.com/pn/chinese-cabbage-250gms/pvid/ebc957bd-4978-4f16-ba08-9ed948abdeca,"https://cdn.zeptonow.com/production/tr:w-0.98,h-0.98,f-auto/cms/product_variant/255154bb-ecc5-4e00-aac3-3800948aab15.jpeg"
Fruits & Vegetables,Exotics & Premium,"https://cdn.zeptonow.com/production/tr:w-90,ar-480-480,pr-true,f-auto,q-80/cms/sub_category/c82b4bac-d830-46e3-a6d3-ac8934abc9f5.png",Rosemary,Rosemary,14,18,20 g,4.5 (2.5k),Sold Out,https://www.zeptonow.com/pn/rosemary/pvid/5bf460db-6b32-4d50-bf1e-fe545485ba80,"https://cdn.zeptonow.com/production/tr:w-1280,ar-3000-3000,pr-true,f-auto,q-80/cms/product_variant/c965de6d-6d5f-4a76-9219-4e70d7efc75c.jpeg"
Fruits & Vegetables,Exotics & Premium,"https://cdn.zeptonow.com/production/tr:w-90,ar-480-480,pr-true,f-auto,q-80/cms/sub_category/c82b4bac-d830-46e3-a6d3-ac8934abc9f5.png",Fresh Thyme,Fresh,18,39,25 g,5 (108),Sold Out,https://www.zeptonow.com/pn/fresh-thyme/pvid/8739547f-8b76-4a97-ba4f-5095b9cafc1d,"https://cdn.zeptonow.com/production/tr:w-1280,ar-500-500,pr-true,f-auto,q-80/inventory/product/4cdfb0ff-3d89-4569-854e-94fa6665f6a2-/tmp/20230310-0249131.jpeg"
Fruits & Vegetables,Exotics & Premium,"https://cdn.zeptonow.com/production/tr:w-90,ar-480-480,pr-true,f-auto,q-80/cms/sub_category/c82b4bac-d830-46e3-a6d3-ac8934abc9f5.png",Apple Royal Gala,Apple,229,284,4 pcs,4.3 (18.2k),Sold Out,https://www.zeptonow.com/pn/apple-royal-gala/pvid/daec33d2-a8a6-425f-8fdd-2e9be59d836f,"https://cdn.zeptonow.com/production/tr:w-1280,ar-3000-3000,pr-true,f-auto,q-80/cms/product_variant/a72ab068-bbf0-428c-ae48-13dc98954e6c.jpeg"
Fruits & Vegetables,Exotics & Premium,"https://cdn.zeptonow.com/production/tr:w-90,ar-480-480,pr-true,f-auto,q-80/cms/sub_category/c82b4bac-d830-46e3-a6d3-ac8934abc9f5.png",Apple Red Delicious,Delicious,194,242,4 pcs,4.4 (518),Sold Out,https://www.zeptonow.com/pn/apple-red-delicious/pvid/4ec91e31-7fb8-4000-97ca-28bfda9c051d,"https://cdn.zeptonow.com/production/tr:w-1280,ar-3000-3000,pr-true,f-auto,q-80/cms/product_variant/d2383de9-e60a-4ce5-9c6b-631869f77484.jpeg"
Fruits & Vegetables,Exotics & Premium,"https://cdn.zeptonow.com/production/tr:w-90,ar-480-480,pr-true,f-auto,q-80/cms/sub_category/c82b4bac-d830-46e3-a6d3-ac8934abc9f5.png",Imported Apple Bites,Imported,108,135,3 pcs,4.6 (114),Sold Out,https://www.zeptonow.com/pn/imported-apple-bites/pvid/fcc3ff75-e90d-447a-914a-3e73992f1dff,"https://cdn.zeptonow.com/production/tr:w-1280,ar-522-372,pr-true,f-auto,q-80/cms/product_variant/236e8b18-5f4d-4384-883d-97c93fc611e0.jpeg"
Fruits & Vegetables,Exotics & Premium,"https://cdn.zeptonow.com/production/tr:w-90,ar-480-480,pr-true,f-auto,q-80/cms/sub_category/c82b4bac-d830-46e3-a6d3-ac8934abc9f5.png",Mandarin Orange Imported,Mandarin,147,159,500 g,4.2 (1.9k),Sold Out,https://www.zeptonow.com/pn/mandarin-orange-imported/pvid/6761315d-7542-4db4-a7eb-0bb75ba56026,"https://cdn.zeptonow.com/production/tr:w-1280,ar-3000-3000,pr-true,f-auto,q-80/cms/product_variant/56837e40-a7ce-4526-9ae5-b7a058b8885b.jpeg"
Fruits & Vegetables,Flowers & Leaves,"https://cdn.zeptonow.com/production/tr:w-90,ar-120-120,pr-true,f-auto,q-80/cms/sub_category/bd21967b-db0e-4cc5-9ea2-5ba1571d58d1.png",Fresh Shevanthi White,Fresh,47,53,100 g,4.2 (4.3k),In Stock,https://www.zeptonow.com/pn/fresh-shevanthi-white/pvid/6950b674-a12e-44ce-bde8-2d737b7ba586,"https://cdn.zeptonow.com/production/tr:w-1280,ar-3000-3000,pr-true,f-auto,q-80/cms/product_variant/74f67e9f-e19a-493c-ab3c-a302fedd6c3f.jpeg"
Fruits & Vegetables,Flowers & Leaves,"https://cdn.zeptonow.com/production/tr:w-90,ar-120-120,pr-true,f-auto,q-80/cms/sub_category/bd21967b-db0e-4cc5-9ea2-5ba1571d58d1.png",Button Rose,Button,40,40,100 g,4.7 (4.9k),In Stock,https://www.zeptonow.com/pn/button-rose/pvid/86888395-f172-40ea-a471-2c2a9245e43c,"https://cdn.zeptonow.com/production/tr:w-1280,ar-500-439,pr-true,f-auto,q-80/inventory/product/0a204f85-3012-4486-b698-923dc857e8dd-d7e0059e-e987-4140-af5c-23c633f1b40c.jpeg"
Fruits & Vegetables,Flowers & Leaves,"https://cdn.zeptonow.com/production/tr:w-90,ar-120-120,pr-true,f-auto,q-80/cms/sub_category/bd21967b-db0e-4cc5-9ea2-5ba1571d58d1.png",Drumstick Leaves (Murungai Keerai),Drumstick,27,34,250 g,4.2 (3.0k),In Stock,https://www.zeptonow.com/pn/drumstick-leaves-murungai-keerai/pvid/452e9c0b-46e9-4830-8b44-f2f6d010d23e,"https://cdn.zeptonow.com/production/tr:w-1280,ar-1000-1000,pr-true,f-auto,q-80/inventory/product/d74cc398-990a-42c9-ab95-95e7e5585353-tmp/7da8403a-d5e1-448c-ac0a-3345af747313.jpeg"
Fruits & Vegetables,Flowers & Leaves,"https://cdn.zeptonow.com/production/tr:w-90,ar-120-120,pr-true,f-auto,q-80/cms/sub_category/bd21967b-db0e-4cc5-9ea2-5ba1571d58d1.png",Hoovu Fresh Pink Rose,Hoovu,42,53,1 pc,4.2 (824),In Stock,https://www.zeptonow.com/pn/hoovu-fresh-pink-rose/pvid/2081d2c7-4799-4736-baaa-b6632456fc52,"https://cdn.zeptonow.com/production/tr:w-1280,ar-973-1280,pr-true,f-auto,q-80/cms/product_variant/37431e9f-df42-4ff9-8fb9-916f6481579e.jpeg"
Fruits & Vegetables,Flowers & Leaves,"https://cdn.zeptonow.com/production/tr:w-90,ar-120-120,pr-true,f-auto,q-80/cms/sub_category/bd21967b-db0e-4cc5-9ea2-5ba1571d58d1.png",Fresh Shevanthi White 100 g Combo,Fresh,92,106,100 g X 2,4.7 (255),In Stock,https://www.zeptonow.com/pn/fresh-shevanthi-white-100-g-combo/pvid/479b6be0-895c-4db8-93e6-189b4fc6b3c6,"https://cdn.zeptonow.com/production/tr:w-1280,ar-3000-3000,pr-true,f-auto,q-80/cms/product_variant/b401c345-4ce8-45c9-acc4-f30d56aebedb.jpeg"
Fruits & Vegetables,Flowers & Leaves,"https://cdn.zeptonow.com/production/tr:w-90,ar-120-120,pr-true,f-auto,q-80/cms/sub_category/bd21967b-db0e-4cc5-9ea2-5ba1571d58d1.png",Hoovu Fresh Pink Rose 1 pc Combo,Hoovu,78,106,1 pc X 2,4.3 (849),In Stock,https://www.zeptonow.com/pn/hoovu-fresh-pink-rose-1-pc-combo/pvid/335fb5a3-37f6-4b9b-8e43-f5d6c7348bd2,"https://cdn.zeptonow.com/production/tr:w-1280,ar-973-1280,pr-true,f-auto,q-80/cms/product_variant/a7f8fdc0-a7b9-4ae8-a22d-aacafbe475df.jpeg"
Fruits & Vegetables,Flowers & Leaves,"https://cdn.zeptonow.com/production/tr:w-90,ar-120-120,pr-true,f-auto,q-80/cms/sub_category/bd21967b-db0e-4cc5-9ea2-5ba1571d58d1.png",Button Rose 100 g Combo,Button,78,80,100 g X 2,4.5 (511),In Stock,https://www.zeptonow.com/pn/button-rose-100-g-combo/pvid/95abffae-5140-442f-a482-1a5048ca9dda,"https://cdn.zeptonow.com/production/tr:w-1280,ar-500-439,pr-true,f-auto,q-80/cms/product_variant/0a204f85-3012-4486-b698-923dc857e8dd-d7e0059e-e987-4140-af5c-23c633f1b40c.jpeg"
Fruits & Vegetables,Flowers & Leaves,"https://cdn.zeptonow.com/production/tr:w-90,ar-120-120,pr-true,f-auto,q-80/cms/sub_category/bd21967b-db0e-4cc5-9ea2-5ba1571d58d1.png",FlowerAura 2 Yellow Roses in Black Paper,FlowerAura,109,200,1 pcs,4.5 (487),Sold Out,https://www.zeptonow.com/pn/floweraura-2-yellow-roses-in-black-paper/pvid/2643e49f-285c-4727-b320-3b273a8b9587,"https://cdn.zeptonow.com/production/tr:w-1280,ar-4000-4000,pr-true,f-auto,q-80/cms/product_variant/7ead3afd-c24b-46f5-9a8b-fde1b6c19cbd.JPG"
Fruits & Vegetables,Flowers & Leaves,"https://cdn.zeptonow.com/production/tr:w-90,ar-120-120,pr-true,f-auto,q-80/cms/sub_category/bd21967b-db0e-4cc5-9ea2-5ba1571d58d1.png",FlowerAura 1 Orchid In White Premium Paper,FlowerAura,99,200,1 pcs,4.6 (651),Sold Out,https://www.zeptonow.com/pn/floweraura-1-orchid-in-white-premium-paper/pvid/3fa51273-7ba0-4061-92e7-7e376828b7bc,"https://cdn.zeptonow.com/production/tr:w-1280,ar-4000-4000,pr-true,f-auto,q-80/cms/product_variant/6a9793d8-5c3c-4fec-b0c4-38510cc15e01.jpeg"
Fruits & Vegetables,Flowers & Leaves,"https://cdn.zeptonow.com/production/tr:w-90,ar-120-120,pr-true,f-auto,q-80/cms/sub_category/bd21967b-db0e-4cc5-9ea2-5ba1571d58d1.png",FNP Friendship Day Yellow Rose Bouquet,FNP,55,100,1 pcs,4.2 (418),Sold Out,https://www.zeptonow.com/pn/fnp-friendship-day-yellow-rose-bouquet/pvid/65212f5c-9083-4115-81c2-178640957ae9,"https://cdn.zeptonow.com/production/tr:w-1280,ar-1500-1500,pr-true,f-auto,q-80/cms/product_variant/b8a166e9-04e2-4f7f-aab3-b6ea92d6f44a.JPG"
Fruits & Vegetables,Flowers & Leaves,"https://cdn.zeptonow.com/production/tr:w-90,ar-120-120,pr-true,f-auto,q-80/cms/sub_category/bd21967b-db0e-4cc5-9ea2-5ba1571d58d1.png",FNP Friendship Day Three Roses Bouquet,FNP,129,450,1 pcs,4.3 (849),Sold Out,https://www.zeptonow.com/pn/fnp-friendship-day-three-roses-bouquet/pvid/c018b3f5-1461-4fcd-9470-ffd430f1c0b8,"https://cdn.zeptonow.com/production/tr:w-1280,ar-1500-1500,pr-true,f-auto,q-80/cms/product_variant/8391bc72-0681-432b-93c3-5ac03dc3edba.JPG"
Fruits & Vegetables,Flowers & Leaves,"https://cdn.zeptonow.com/production/tr:w-90,ar-120-120,pr-true,f-auto,q-80/cms/sub_category/bd21967b-db0e-4cc5-9ea2-5ba1571d58d1.png",FNP 6 Pink Roses Bouquet,FNP,329,411,1 pc,4.6 (131),Sold Out,https://www.zeptonow.com/pn/fnp-6-pink-roses-bouquet/pvid/4c6c626a-f87e-40c8-abf9-38cc24d0d691,"https://cdn.zeptonow.com/production/tr:w-1280,ar-1500-1500,pr-true,f-auto,q-80/cms/product_variant/1e28b337-5c04-470c-9864-96ff9abcebb2.JPG"
Fruits & Vegetables,Flowers & Leaves,"https://cdn.zeptonow.com/production/tr:w-90,ar-120-120,pr-true,f-auto,q-80/cms/sub_category/bd21967b-db0e-4cc5-9ea2-5ba1571d58d1.png",FNP Three Carnations Bouquet,FNP,189,237,1 pc,4.3 (863),Sold Out,https://www.zeptonow.com/pn/fnp-three-carnations-bouquet/pvid/99ca23a7-4ac0-4b07-8850-5e788b5facd9,"https://cdn.zeptonow.com/production/tr:w-1280,ar-1500-1500,pr-true,f-auto,q-80/cms/product_variant/47f66db9-34f7-4f5c-818c-49d6acc4bb63.JPG"
Fruits & Vegetables,Flowers & Leaves,"https://cdn.zeptonow.com/production/tr:w-90,ar-120-120,pr-true,f-auto,q-80/cms/sub_category/bd21967b-db0e-4cc5-9ea2-5ba1571d58d1.png",Hoovu Fresh Pooja Flower Mix,Hoovu,57,70,200 g,4 (314),Sold Out,https://www.zeptonow.com/pn/hoovu-fresh-pooja-flower-mix/pvid/0564761e-d57f-4820-a706-5621b554d632,"https://cdn.zeptonow.com/production/tr:w-1280,ar-950-867,pr-true,f-auto,q-80/cms/product_variant/74fbf642-25d1-4b4e-8d80-0d2537a87be4.png"
Fruits & Vegetables,Flowers & Leaves,"https://cdn.zeptonow.com/production/tr:w-90,ar-120-120,pr-true,f-auto,q-80/cms/sub_category/bd21967b-db0e-4cc5-9ea2-5ba1571d58d1.png",Fresh Shevanthi Yellow,Fresh,35,43,100 g,4.1 (4.1k),Sold Out,https://www.zeptonow.com/pn/fresh-shevanthi-yellow/pvid/4b64f9b5-b766-48a1-92db-7b2ad190b320,"https://cdn.zeptonow.com/production/tr:w-1280,ar-3000-3000,pr-true,f-auto,q-80/cms/product_variant/debec5e8-80d1-4669-9bb1-4460f603bd6b.jpeg"
Fruits & Vegetables,Flowers & Leaves,"https://cdn.zeptonow.com/production/tr:w-90,ar-120-120,pr-true,f-auto,q-80/cms/sub_category/bd21967b-db0e-4cc5-9ea2-5ba1571d58d1.png",Fresh Marigold Flower Yellow,Fresh,20,22,100 g,4.5 (4.3k),Sold Out,https://www.zeptonow.com/pn/fresh-marigold-flower-yellow/pvid/ebbbdd91-6bfe-449e-aa1d-85fb3b32cf3d,"https://cdn.zeptonow.com/production/tr:w-1280,ar-3000-3000,pr-true,f-auto,q-80/cms/product_variant/58a4ab4c-353b-4bb1-b22d-25e93d234eee.jpeg"
Fruits & Vegetables,Flowers & Leaves,"https://cdn.zeptonow.com/production/tr:w-90,ar-120-120,pr-true,f-auto,q-80/cms/sub_category/bd21967b-db0e-4cc5-9ea2-5ba1571d58d1.png",Betel Leaves,Betel,12,15,5 pcs,4.4 (5.3k),Sold Out,https://www.zeptonow.com/pn/betel-leaves/pvid/26d9e015-c4b7-4cf1-bffe-b3346b179605,"https://cdn.zeptonow.com/production/tr:w-1280,ar-3000-3000,pr-true,f-auto,q-80/cms/product_variant/3584185b-16ae-45eb-9ed7-6c6e592c235a.jpeg"
Fruits & Vegetables,Flowers & Leaves,"https://cdn.zeptonow.com/production/tr:w-90,ar-120-120,pr-true,f-auto,q-80/cms/sub_category/bd21967b-db0e-4cc5-9ea2-5ba1571d58d1.png",Fresh Marigold Orange,Fresh,17,18,100 g,4.5 (1.1k),Sold Out,https://www.zeptonow.com/pn/fresh-marigold-orange/pvid/2fb952cf-fc3c-4431-a274-e1040b3bdc69,"https://cdn.zeptonow.com/production/tr:w-1280,ar-1080-916,pr-true,f-auto,q-80/cms/product_variant/05bc6040-119f-4f42-9dea-f306d8bfd970.png"
Fruits & Vegetables,Flowers & Leaves,"https://cdn.zeptonow.com/production/tr:w-90,ar-120-120,pr-true,f-auto,q-80/cms/sub_category/bd21967b-db0e-4cc5-9ea2-5ba1571d58d1.png",Fresh Lotus,Fresh,59,74,2 pcs,4.9 (150),Sold Out,https://www.zeptonow.com/pn/fresh-lotus/pvid/1b729505-79f7-4a34-b9ad-ae92d454d948,"https://cdn.zeptonow.com/production/tr:w-1280,ar-500-500,pr-true,f-auto,q-80/cms/product_variant/8f8b458f-3cdf-48ac-a892-15f9e238ddc9.jpeg"
Fruits & Vegetables,Flowers & Leaves,"https://cdn.zeptonow.com/production/tr:w-90,ar-120-120,pr-true,f-auto,q-80/cms/sub_category/bd21967b-db0e-4cc5-9ea2-5ba1571d58d1.png",Fresh Tuberose,Fresh,28,59,100 g,4.7 (643),Sold Out,https://www.zeptonow.com/pn/fresh-tuberose/pvid/1b1e3361-d6bf-48cf-a5e5-87feecd81242,"https://cdn.zeptonow.com/production/tr:w-1280,ar-958-877,pr-true,f-auto,q-80/cms/product_variant/b97ad728-a638-4956-9de4-e37f7a1762bc.png"
Fruits & Vegetables,Flowers & Leaves,"https://cdn.zeptonow.com/production/tr:w-90,ar-120-120,pr-true,f-auto,q-80/cms/sub_category/bd21967b-db0e-4cc5-9ea2-5ba1571d58d1.png",Vilvam Leaves,Vilvam,57,67,50 g,4.1 (149),Sold Out,https://www.zeptonow.com/pn/vilvam-leaves/pvid/e30f9a09-b299-435b-8512-4c2145686046,"https://cdn.zeptonow.com/production/tr:w-1280,ar-500-500,pr-true,f-auto,q-80/inventory/product/96cb3278-7cf8-4242-a18e-476cbca4c5d5-/tmp/20230215-0546281.jpeg"
Fruits & Vegetables,Flowers & Leaves,"https://cdn.zeptonow.com/production/tr:w-90,ar-120-120,pr-true,f-auto,q-80/cms/sub_category/bd21967b-db0e-4cc5-9ea2-5ba1571d58d1.png",Vilvam Leaves,Vilvam,30,37,25 g,4.7 (433),Sold Out,https://www.zeptonow.com/pn/vilvam-leaves/pvid/a3883fc9-0761-481b-82dd-8f32d813424f,"https://cdn.zeptonow.com/production/tr:w-1280,ar-213-213,pr-true,f-auto,q-80/cms/product_variant/bc1d7803-3daa-44f5-a400-783d2d2c7684.jpeg"
Fruits & Vegetables,Flowers & Leaves,"https://cdn.zeptonow.com/production/tr:w-90,ar-120-120,pr-true,f-auto,q-80/cms/sub_category/bd21967b-db0e-4cc5-9ea2-5ba1571d58d1.png",Hoovu Fresh Pooja Flower Mix,Hoovu,25,150,100 g,4.7 (247),Sold Out,https://www.zeptonow.com/pn/hoovu-fresh-pooja-flower-mix/pvid/e46cbca1-e841-44c5-afbb-ec36a5e614ad,"https://cdn.zeptonow.com/production/tr:w-1280,ar-931-850,pr-true,f-auto,q-80/cms/product_variant/1e4bf586-556b-4ab5-8cf2-d1e140dd9231.jpg"
Fruits & Vegetables,Flowers & Leaves,"https://cdn.zeptonow.com/production/tr:w-90,ar-120-120,pr-true,f-auto,q-80/cms/sub_category/bd21967b-db0e-4cc5-9ea2-5ba1571d58d1.png",Arugampul /Durva Grass,Arugampul,9,11,10 g,4.4 (1.3k),Sold Out,https://www.zeptonow.com/pn/arugampul-durva-grass/pvid/0101c84b-f304-4dc7-9db1-775cccce1627,"https://cdn.zeptonow.com/production/tr:w-1280,ar-662-1000,pr-true,f-auto,q-80/inventory/product/935d9c88-b09b-4ccf-a91e-db55a629ecdd-/tmp/20230310-0244131.jpeg"
Fruits & Vegetables,Flowers & Leaves,"https://cdn.zeptonow.com/production/tr:w-90,ar-120-120,pr-true,f-auto,q-80/cms/sub_category/bd21967b-db0e-4cc5-9ea2-5ba1571d58d1.png",Fresh Lotus,Fresh,25,25,1 pcs,4.3 (315),Sold Out,https://www.zeptonow.com/pn/fresh-lotus/pvid/7cf35cb0-58e2-4e95-b3a0-dd3ef445c292,"https://cdn.zeptonow.com/production/tr:w-1280,ar-490-490,pr-true,f-auto,q-80/cms/product_variant/062799d1-d70c-4a9f-b00d-64ecbf05396b.jpg"
Fruits & Vegetables,Flowers & Leaves,"https://cdn.zeptonow.com/production/tr:w-90,ar-120-120,pr-true,f-auto,q-80/cms/sub_category/bd21967b-db0e-4cc5-9ea2-5ba1571d58d1.png",FNP Single Rose Bouquet,FNP,79,99,1 piece,4.3 (108),Sold Out,https://www.zeptonow.com/pn/fnp-single-rose-bouquet/pvid/c23d4d53-32b0-4249-9e0e-acf0deb9a58f,"https://cdn.zeptonow.com/production/tr:w-1280,ar-440-494,pr-true,f-auto,q-80/cms/product_variant/494acccb-6774-42c4-a2b2-a2a3133c8332.jpg"
Fruits & Vegetables,Flowers & Leaves,"https://cdn.zeptonow.com/production/tr:w-90,ar-120-120,pr-true,f-auto,q-80/cms/sub_category/bd21967b-db0e-4cc5-9ea2-5ba1571d58d1.png",IGP Premium Red Rose,IGP,70,93,1 pc,4.6 (844),Sold Out,https://www.zeptonow.com/pn/igp-premium-red-rose/pvid/036f0aca-0a54-4ab6-a03d-77e5d7d70920,"https://cdn.zeptonow.com/production/tr:w-1280,ar-4160-4160,pr-true,f-auto,q-80/cms/product_variant/7e279080-2eb3-4f93-a416-0f511b14900d.jpeg"
Fruits & Vegetables,Flowers & Leaves,"https://cdn.zeptonow.com/production/tr:w-90,ar-120-120,pr-true,f-auto,q-80/cms/sub_category/bd21967b-db0e-4cc5-9ea2-5ba1571d58d1.png",IGP Premium Single Rose,IGP,83,111,1 piece,4.6 (736),Sold Out,https://www.zeptonow.com/pn/igp-premium-single-rose/pvid/4179bd06-e0fd-4da3-b5ac-f81d46901e59,"https://cdn.zeptonow.com/production/tr:w-1280,ar-1400-1400,pr-true,f-auto,q-80/cms/product_variant/f40a533c-49ea-4257-8571-eba1442a1789.jpeg"
Fruits & Vegetables,"Leafy, Herbs & Seasonings","https://cdn.zeptonow.com/production/tr:w-90,ar-160-161,pr-true,f-auto,q-80/cms/sub_category/63d60637-1717-4eb3-9df3-a9bfb6f05d49.png","Coriander Leaves (Koththamalli) - Cleaned, with roots",Coriander,9,12,80 - 100 g,4.7 (100.6k),In Stock,https://www.zeptonow.com/pn/coriander-leaves-koththamalli-cleaned-with-roots/pvid/0343b088-753d-4dd9-b35c-2e497a059aec,"https://cdn.zeptonow.com/production/tr:w-1280,ar-3000-3000,pr-true,f-auto,q-80/cms/product_variant/67c49fc8-f524-4a3d-91f4-7623ec5ea49b.jpeg"
Fruits & Vegetables,"Leafy, Herbs & Seasonings","https://cdn.zeptonow.com/production/tr:w-90,ar-160-161,pr-true,f-auto,q-80/cms/sub_category/63d60637-1717-4eb3-9df3-a9bfb6f05d49.png",Green Chilli (Pachchai Milagai),Green,12,12,100 g,4.6 (74.0k),In Stock,https://www.zeptonow.com/pn/green-chilli-pachchai-milagai/pvid/9ca4d4fe-5567-49e0-8d23-70fde79693b2,"https://cdn.zeptonow.com/production/tr:w-1280,ar-3000-3000,pr-true,f-auto,q-80/cms/product_variant/3aa2445c-8c2d-40a2-a6df-b876762adbd8.jpeg"
Fruits & Vegetables,"Leafy, Herbs & Seasonings","https://cdn.zeptonow.com/production/tr:w-90,ar-160-161,pr-true,f-auto,q-80/cms/sub_category/63d60637-1717-4eb3-9df3-a9bfb6f05d49.png",Mint Leaves,Mint,9,13,100 Grams,4.5 (132.6k),In Stock,https://www.zeptonow.com/pn/mint-leaves/pvid/3e562442-cf06-497a-bdbf-222eaa862d1a,"https://cdn.zeptonow.com/production/tr:w-1280,ar-3000-3000,pr-true,f-auto,q-80/cms/product_variant/73d2c7f8-1830-4ec4-870f-a5fb7b34cf41.jpeg"
Fruits & Vegetables,"Leafy, Herbs & Seasonings","https://cdn.zeptonow.com/production/tr:w-90,ar-160-161,pr-true,f-auto,q-80/cms/sub_category/63d60637-1717-4eb3-9df3-a9bfb6f05d49.png","Curry Leaves (Karuveppilai) - Cleaned, without roots",Curry,10,14,50 g,4.6 (49.9k),In Stock,https://www.zeptonow.com/pn/curry-leaves-karuveppilai-cleaned-without-roots/pvid/5edf84fc-85bd-4a69-adb1-3a67ae576f15,"https://cdn.zeptonow.com/production/tr:w-1280,ar-3000-3000,pr-true,f-auto,q-80/cms/product_variant/22397776-c10c-42b6-8e5c-1c7c4b949a4e.jpeg"
Fruits & Vegetables,"Leafy, Herbs & Seasonings","https://cdn.zeptonow.com/production/tr:w-90,ar-160-161,pr-true,f-auto,q-80/cms/sub_category/63d60637-1717-4eb3-9df3-a9bfb6f05d49.png",Lemon (Elumichai Pazham),Lemon,20,27,200 g,4.5 (28.8k),In Stock,https://www.zeptonow.com/pn/lemon-elumichai-pazham/pvid/669f26cb-9136-434d-82b4-68ba9857fdeb,"https://cdn.zeptonow.com/production/tr:w-1280,ar-3000-3000,pr-true,f-auto,q-80/cms/product_variant/18dedbe2-6ba6-40b2-9160-33f525288120.jpeg"
Fruits & Vegetables,"Leafy, Herbs & Seasonings","https://cdn.zeptonow.com/production/tr:w-90,ar-160-161,pr-true,f-auto,q-80/cms/sub_category/63d60637-1717-4eb3-9df3-a9bfb6f05d49.png",Ginger (Inji),Ginger,26,26,200 g,4.5 (54.1k),In Stock,https://www.zeptonow.com/pn/ginger-inji/pvid/ce7e0604-343d-44f0-8711-e2137d151758,"https://cdn.zeptonow.com/production/tr:w-1280,ar-3000-3000,pr-true,f-auto,q-80/cms/product_variant/464f2112-3f6c-48a5-9b98-6b569f37d507.jpeg"
Fruits & Vegetables,"Leafy, Herbs & Seasonings","https://cdn.zeptonow.com/production/tr:w-90,ar-160-161,pr-true,f-auto,q-80/cms/sub_category/63d60637-1717-4eb3-9df3-a9bfb6f05d49.png",Garlic,Garlic,35,48,200 g,4.4 (28.5k),In Stock,https://www.zeptonow.com/pn/garlic/pvid/4e892e81-6e12-4fc9-b039-37a598b26a8b,"https://cdn.zeptonow.com/production/tr:w-1280,ar-3000-3000,pr-true,f-auto,q-80/cms/product_variant/6baebfd6-2ffd-44eb-a301-894ef048bebf.jpeg"
Fruits & Vegetables,"Leafy, Herbs & Seasonings","https://cdn.zeptonow.com/production/tr:w-90,ar-160-161,pr-true,f-auto,q-80/cms/sub_category/63d60637-1717-4eb3-9df3-a9bfb6f05d49.png",Ginger (Inji),Ginger,14,14,100-150 gm,4.3 (4.0k),In Stock,https://www.zeptonow.com/pn/ginger-inji/pvid/32638d88-79ff-40b3-b88f-85fb96c190f5,"https://cdn.zeptonow.com/production/tr:w-1280,ar-3000-3000,pr-true,f-auto,q-80/cms/product_variant/b59d84f0-1487-4b3a-b9cb-8f12c8ba5067.jpeg"
Fruits & Vegetables,"Leafy, Herbs & Seasonings","https://cdn.zeptonow.com/production/tr:w-90,ar-160-161,pr-true,f-auto,q-80/cms/sub_category/63d60637-1717-4eb3-9df3-a9bfb6f05d49.png",Siru Keerai - With roots,Siru,20,25,220 - 250 g,4.2 (13.1k),In Stock,https://www.zeptonow.com/pn/siru-keerai-with-roots/pvid/e7f168b7-d188-4cb0-85a5-093110ac8322,"https://cdn.zeptonow.com/production/tr:w-1280,ar-500-500,pr-true,f-auto,q-80/inventory/product/653ab0f3-b080-4785-a2b7-65245751d39f-tmp/e038fe40-7dfa-4094-95be-43d98ecc9c10.jpeg"
Fruits & Vegetables,"Leafy, Herbs & Seasonings","https://cdn.zeptonow.com/production/tr:w-90,ar-160-161,pr-true,f-auto,q-80/cms/sub_category/63d60637-1717-4eb3-9df3-a9bfb6f05d49.png",Amaranth Leaves (Mulai Keerai),Amaranth,20,25,220 - 250 g,4.4 (7.2k),In Stock,https://www.zeptonow.com/pn/amaranth-leaves-mulai-keerai/pvid/b9b1f659-73a4-435b-b53b-50a8ef554be7,"https://cdn.zeptonow.com/production/tr:w-1280,ar-431-470,pr-true,f-auto,q-80/inventory/product/a25c5e34-7e39-4d9f-88c6-72fc56199c5a--500x500.jpg"
Fruits & Vegetables,"Leafy, Herbs & Seasonings","https://cdn.zeptonow.com/production/tr:w-90,ar-160-161,pr-true,f-auto,q-80/cms/sub_category/63d60637-1717-4eb3-9df3-a9bfb6f05d49.png",Spring Onion,Spring,29,29,150 - 200 g,4.3 (5.8k),In Stock,https://www.zeptonow.com/pn/spring-onion/pvid/483e7bbc-61df-45d2-9b67-c4af1c2afe1d,"https://cdn.zeptonow.com/production/tr:w-1280,ar-3000-3000,pr-true,f-auto,q-80/cms/product_variant/c6a8f4c3-c0bc-492e-88a7-dd211619018f.jpeg"
Fruits & Vegetables,"Leafy, Herbs & Seasonings","https://cdn.zeptonow.com/production/tr:w-90,ar-160-161,pr-true,f-auto,q-80/cms/sub_category/63d60637-1717-4eb3-9df3-a9bfb6f05d49.png",Methi Leaves,Methi,26,34,250 g,4.5 (2.4k),In Stock,https://www.zeptonow.com/pn/methi-leaves/pvid/6e784870-cae4-47ac-ba08-bb7d9a4100dd,"https://cdn.zeptonow.com/production/tr:w-1280,ar-3000-3000,pr-true,f-auto,q-80/cms/product_variant/60d25488-bac0-4de2-aa4b-9a49b863f140.jpeg"
Fruits & Vegetables,"Leafy, Herbs & Seasonings","https://cdn.zeptonow.com/production/tr:w-90,ar-160-161,pr-true,f-auto,q-80/cms/sub_category/63d60637-1717-4eb3-9df3-a9bfb6f05d49.png","Gongura Leaves - Cleaned, without roots",Gongura,21,27,220 - 250 g,4.2 (8.7k),In Stock,https://www.zeptonow.com/pn/gongura-leaves-cleaned-without-roots/pvid/96fa6d41-b87e-4103-b87f-438f605157cf,"https://cdn.zeptonow.com/production/tr:w-1280,ar-872-583,pr-true,f-auto,q-80/inventory/product/a16fde67-ffd1-47c6-9eda-7d32960a9390-8d662c0f-b8fb-46ba-815a-e5faee1beb93.jpeg"
Fruits & Vegetables,"Leafy, Herbs & Seasonings","https://cdn.zeptonow.com/production/tr:w-90,ar-160-161,pr-true,f-auto,q-80/cms/sub_category/63d60637-1717-4eb3-9df3-a9bfb6f05d49.png",Green Chilli (Pachchai Milagai) 100 g Combo,Green,24,24,100 g X 2,4.7 (528),In Stock,https://www.zeptonow.com/pn/green-chilli-pachchai-milagai-100-g-combo/pvid/72aa9231-f778-4133-b60f-b89e9ca2761e,"https://cdn.zeptonow.com/production/tr:w-1280,ar-3000-3000,pr-true,f-auto,q-80/cms/product_variant/dd16fe17-16d2-49de-846f-f8bf6228080e.jpeg"
Fruits & Vegetables,"Leafy, Herbs & Seasonings","https://cdn.zeptonow.com/production/tr:w-90,ar-160-161,pr-true,f-auto,q-80/cms/sub_category/63d60637-1717-4eb3-9df3-a9bfb6f05d49.png",Lemon (Elumichai Pazham)(200gms) & Mint Leaves(100gms) Combo,Lemon,28,40,2 combo,4.7 (66),In Stock,https://www.zeptonow.com/pn/lemon-elumichai-pazham200gms-mint-leaves100gms-combo/pvid/5992a8a2-ffc7-4619-8061-4248c7a2a770,"https://cdn.zeptonow.com/production/tr:w-1280,ar-1494-1494,pr-true,f-auto,q-80/cms/product_variant/17529ebb-9dff-4bee-b252-cc97488879a3.jpg"
Fruits & Vegetables,"Leafy, Herbs & Seasonings","https://cdn.zeptonow.com/production/tr:w-90,ar-160-161,pr-true,f-auto,q-80/cms/sub_category/63d60637-1717-4eb3-9df3-a9bfb6f05d49.png",Ginger & Garlic & Green Chilli,Ginger,71,86,3 combo,4.5 (605),In Stock,https://www.zeptonow.com/pn/ginger-garlic-green-chilli/pvid/c2858fa2-d7f6-464b-9ade-81cf9644df03,"https://cdn.zeptonow.com/production/tr:w-1280,ar-1500-1500,pr-true,f-auto,q-80/cms/product_variant/1627.jpg"
Fruits & Vegetables,"Leafy, Herbs & Seasonings","https://cdn.zeptonow.com/production/tr:w-90,ar-160-161,pr-true,f-auto,q-80/cms/sub_category/63d60637-1717-4eb3-9df3-a9bfb6f05d49.png",Ginger (Inji) 200 g Combo,Ginger,50,52,200 g X 2,4.2 (798),In Stock,https://www.zeptonow.com/pn/ginger-inji-200-g-combo/pvid/e2fc2d03-dfa1-4791-8923-4441cbdc81e5,"https://cdn.zeptonow.com/production/tr:w-1280,ar-3000-3000,pr-true,f-auto,q-80/cms/product_variant/1ae47f4e-a6dc-47bc-b5cd-2abcbda62271.jpeg"
Fruits & Vegetables,"Leafy, Herbs & Seasonings","https://cdn.zeptonow.com/production/tr:w-90,ar-160-161,pr-true,f-auto,q-80/cms/sub_category/63d60637-1717-4eb3-9df3-a9bfb6f05d49.png",Cooking Essentials,Cooking,59,74,2 combo,4.7 (357),In Stock,https://www.zeptonow.com/pn/cooking-essentials/pvid/4170f371-b95f-4c50-b106-6fa26d1207f8,"https://cdn.zeptonow.com/production/tr:w-1280,ar-1500-1500,pr-true,f-auto,q-80/cms/product_variant/fdcd0a00-950a-4131-b82b-655e20adfadd.jpg"
Fruits & Vegetables,"Leafy, Herbs & Seasonings","https://cdn.zeptonow.com/production/tr:w-90,ar-160-161,pr-true,f-auto,q-80/cms/sub_category/63d60637-1717-4eb3-9df3-a9bfb6f05d49.png",Siru Keerai - With roots 250 g Combo,Siru,38,50,250 g X 2,4.3 (115),In Stock,https://www.zeptonow.com/pn/siru-keerai-with-roots-250-g-combo/pvid/d0be8cdd-dc2a-4eaf-910b-9efde08d79cf,"https://cdn.zeptonow.com/production/tr:w-1280,ar-500-500,pr-true,f-auto,q-80/cms/product_variant/e038fe40-7dfa-4094-95be-43d98ecc9c10.jpeg"
Fruits & Vegetables,"Leafy, Herbs & Seasonings","https://cdn.zeptonow.com/production/tr:w-90,ar-160-161,pr-true,f-auto,q-80/cms/sub_category/63d60637-1717-4eb3-9df3-a9bfb6f05d49.png",Lemon (Elumichai Pazham) 200 g Combo,Lemon,38,54,200 g X 2,4.2 (844),In Stock,https://www.zeptonow.com/pn/lemon-elumichai-pazham-200-g-combo/pvid/9babcfa8-4fe3-47c4-a46b-7b28c5f57fc4,"https://cdn.zeptonow.com/production/tr:w-1280,ar-3000-3000,pr-true,f-auto,q-80/cms/product_variant/17c92e74-8833-4ce7-a100-c411668e9446.jpeg"
Fruits & Vegetables,"Leafy, Herbs & Seasonings","https://cdn.zeptonow.com/production/tr:w-90,ar-160-161,pr-true,f-auto,q-80/cms/sub_category/63d60637-1717-4eb3-9df3-a9bfb6f05d49.png",Garlic 200 g Combo,Garlic,66,96,200 g X 2,4.3 (181),In Stock,https://www.zeptonow.com/pn/garlic-200-g-combo/pvid/aa912ee8-66d8-4325-9a66-a8146a2eb413,"https://cdn.zeptonow.com/production/tr:w-1280,ar-3000-3000,pr-true,f-auto,q-80/cms/product_variant/9104aa34-173e-40c2-aeb7-eefeee2952c8.jpeg"
Fruits & Vegetables,"Leafy, Herbs & Seasonings","https://cdn.zeptonow.com/production/tr:w-90,ar-160-161,pr-true,f-auto,q-80/cms/sub_category/63d60637-1717-4eb3-9df3-a9bfb6f05d49.png",Detox must-haves,Detox,94,110,4 combo,4.7 (331),In Stock,https://www.zeptonow.com/pn/detox-must-haves/pvid/bd2d7b60-9b89-47cf-bdb3-c4c5c15919d7,"https://cdn.zeptonow.com/production/tr:w-1280,ar-1500-1500,pr-true,f-auto,q-80/cms/product_variant/cb774a5d-8c8a-4665-a781-4b52cf78a541.jpg"
Fruits & Vegetables,"Leafy, Herbs & Seasonings","https://cdn.zeptonow.com/production/tr:w-90,ar-160-161,pr-true,f-auto,q-80/cms/sub_category/63d60637-1717-4eb3-9df3-a9bfb6f05d49.png","Coriander Leaves (Koththamalli) - Cleaned, with roots 100 g Combo",Coriander,18,24,100 g X 2,4.5 (525),In Stock,https://www.zeptonow.com/pn/coriander-leaves-koththamalli-cleaned-with-roots-100-g-combo/pvid/3c99fbe4-da03-4e41-b487-99fe5c7d596d,"https://cdn.zeptonow.com/production/tr:w-1280,ar-3000-3000,pr-true,f-auto,q-80/cms/product_variant/6b550998-a77e-4b64-9e7c-30024b9b3706.jpeg"
Fruits & Vegetables,"Leafy, Herbs & Seasonings","https://cdn.zeptonow.com/production/tr:w-90,ar-160-161,pr-true,f-auto,q-80/cms/sub_category/63d60637-1717-4eb3-9df3-a9bfb6f05d49.png","Ginger (Inji)(200gms), Garlic(200gms) & Green Chilli (Pachchai Milagai)(100gms) Mint Leaves(100gms) Coriander Leaves (Koththamalli) - Cleaned, with roots(100gms) Combo",Ginger,89,111,5 combo,4.7 (141),In Stock,https://www.zeptonow.com/pn/ginger-inji200gms-garlic200gms-green-chilli-pachchai-milagai100gms-mint-leaves100gms-coriander-leaves-koththamalli-cleaned-with-roots100gms-combo/pvid/b589bd1a-0439-4ea4-baf4-97f90d659ee3,"https://cdn.zeptonow.com/production/tr:w-1280,ar-1494-1494,pr-true,f-auto,q-80/cms/product_variant/86a024ef-60d3-4d6f-825d-3546121262c2.jpg"
Fruits & Vegetables,"Leafy, Herbs & Seasonings","https://cdn.zeptonow.com/production/tr:w-90,ar-160-161,pr-true,f-auto,q-80/cms/sub_category/63d60637-1717-4eb3-9df3-a9bfb6f05d49.png",Nannari Root,Nannari,27,35,50 g,5 (62),In Stock,https://www.zeptonow.com/pn/nannari-root/pvid/465282f1-bce5-46d7-9fc3-f6cd9c2f3832,"https://cdn.zeptonow.com/production/tr:w-1280,ar-800-600,pr-true,f-auto,q-80/inventory/product/f04ceb4d-a3ce-4cef-a058-53941e8792a5-/tmp/20230310-0249051.jpeg"
Fruits & Vegetables,"Leafy, Herbs & Seasonings","https://cdn.zeptonow.com/production/tr:w-90,ar-160-161,pr-true,f-auto,q-80/cms/sub_category/63d60637-1717-4eb3-9df3-a9bfb6f05d49.png","Spinach (Palak Keerai) - Cleaned, without roots",Spinach,27,34,220 - 250 g,4.3 (19.3k),Sold Out,https://www.zeptonow.com/pn/spinach-palak-keerai-cleaned-without-roots/pvid/36b294d5-0e2c-4c16-9070-e9dfff070259,"https://cdn.zeptonow.com/production/tr:w-1280,ar-3000-3000,pr-true,f-auto,q-80/cms/product_variant/f04b9727-70c5-419f-8a7b-1651d9127f11.jpeg"
Fruits & Vegetables,"Leafy, Herbs & Seasonings","https://cdn.zeptonow.com/production/tr:w-90,ar-160-161,pr-true,f-auto,q-80/cms/sub_category/63d60637-1717-4eb3-9df3-a9bfb6f05d49.png",Lettuce Iceberg,Lettuce,29,38,250 g,3.9 (11.2k),Sold Out,https://www.zeptonow.com/pn/lettuce-iceberg/pvid/dc4a8856-05cb-426b-aae3-83f44f179c0f,"https://cdn.zeptonow.com/production/tr:w-1280,ar-3000-3000,pr-true,f-auto,q-80/cms/product_variant/45b64439-9217-4737-8025-ea8868c3a1ff.jpeg"
Fruits & Vegetables,"Leafy, Herbs & Seasonings","https://cdn.zeptonow.com/production/tr:w-90,ar-160-161,pr-true,f-auto,q-80/cms/sub_category/63d60637-1717-4eb3-9df3-a9bfb6f05d49.png",Green Chilli Gundu,Green,32,35,200 g,4.7 (10.8k),Sold Out,https://www.zeptonow.com/pn/green-chilli-gundu/pvid/39cba37f-25c0-4a4b-aae3-4c011698e4da,"https://cdn.zeptonow.com/production/tr:w-1280,ar-370-310,pr-true,f-auto,q-80/inventory/product/60836302-6636-4fac-b16d-6dc9df9acafe-Photo.jpeg"
Fruits & Vegetables,"Leafy, Herbs & Seasonings","https://cdn.zeptonow.com/production/tr:w-90,ar-160-161,pr-true,f-auto,q-80/cms/sub_category/63d60637-1717-4eb3-9df3-a9bfb6f05d49.png","Spinach Red Ponnanganni - Cleaned, without roots",Spinach,20,25,220 - 250 g,4.1 (6.4k),Sold Out,https://www.zeptonow.com/pn/spinach-red-ponnanganni-cleaned-without-roots/pvid/a3c96e5f-03e3-4a98-8822-7fdced3d1e24,"https://cdn.zeptonow.com/production/tr:w-1280,ar-500-500,pr-true,f-auto,q-80/inventory/product/599e4a15-6f41-4c38-9b5a-b40a958e14a6-40084105_3-fresho-amaranthus-red-premium-institutional.webp"
Fruits & Vegetables,"Leafy, Herbs & Seasonings","https://cdn.zeptonow.com/production/tr:w-90,ar-160-161,pr-true,f-auto,q-80/cms/sub_category/63d60637-1717-4eb3-9df3-a9bfb6f05d49.png",Lettuce Green,Lettuce,15,20,100 g,4.3 (12.5k),Sold Out,https://www.zeptonow.com/pn/lettuce-green/pvid/f5eb4a0f-7433-4b3a-a970-780278f3cb02,"https://cdn.zeptonow.com/production/tr:w-1280,ar-3000-3000,pr-true,f-auto,q-80/cms/product_variant/35cb2b53-04d2-4c69-9c83-1acec5ab0433.jpeg"
Fruits & Vegetables,"Leafy, Herbs & Seasonings","https://cdn.zeptonow.com/production/tr:w-90,ar-160-161,pr-true,f-auto,q-80/cms/sub_category/63d60637-1717-4eb3-9df3-a9bfb6f05d49.png",Amaranthus Leaves (Arai Keerai),Amaranthus,20,25,220 - 250 g,4.1 (5.3k),Sold Out,https://www.zeptonow.com/pn/amaranthus-leaves-arai-keerai/pvid/cb467455-a5c4-4f38-8912-8e4586c21643,"https://cdn.zeptonow.com/production/tr:w-1280,ar-3000-3000,pr-true,f-auto,q-80/cms/product_variant/5c8ee1d2-e775-4123-aeda-38d9b16a3f04.jpeg"
Fruits & Vegetables,"Leafy, Herbs & Seasonings","https://cdn.zeptonow.com/production/tr:w-90,ar-160-161,pr-true,f-auto,q-80/cms/sub_category/63d60637-1717-4eb3-9df3-a9bfb6f05d49.png",Alternanthera Leaves/Ponnagenni Leaves,Alternanthera,20,25,220 - 250 g,4.4 (3.9k),Sold Out,https://www.zeptonow.com/pn/alternanthera-leavesponnagenni-leaves/pvid/032391a0-72eb-43c6-8332-a8adc49eaecf,"https://cdn.zeptonow.com/production/tr:w-1280,ar-900-900,pr-true,f-auto,q-80/inventory/product/9553f9ee-67cc-4210-a7c1-f4b2972136eb-tmp/02fa86d1-4646-497c-8520-53ccfe2f9726.jpeg"
Fruits & Vegetables,"Leafy, Herbs & Seasonings","https://cdn.zeptonow.com/production/tr:w-90,ar-160-161,pr-true,f-auto,q-80/cms/sub_category/63d60637-1717-4eb3-9df3-a9bfb6f05d49.png",Pikador Green Chilli (Bajji Milagaai),Pikador,28,29,250 g,4.6 (2.5k),Sold Out,https://www.zeptonow.com/pn/pikador-green-chilli-bajji-milagaai/pvid/22602028-7c0e-4fcf-8991-f46f5a711120,"https://cdn.zeptonow.com/production/tr:w-1280,ar-679-567,pr-true,f-auto,q-80/cms/product_variant/7856c306-a150-4e5f-9422-4b0a1179ffca.jpg"
Fruits & Vegetables,"Leafy, Herbs & Seasonings","https://cdn.zeptonow.com/production/tr:w-90,ar-160-161,pr-true,f-auto,q-80/cms/sub_category/63d60637-1717-4eb3-9df3-a9bfb6f05d49.png",Amaranth Red Leaves (Red Mulai Keerai),Amaranth,21,27,220 - 250 g,4.2 (1.5k),Sold Out,https://www.zeptonow.com/pn/amaranth-red-leaves-red-mulai-keerai/pvid/57bf1014-0122-4115-b711-f91866f10f3a,"https://cdn.zeptonow.com/production/tr:w-1280,ar-3000-3000,pr-true,f-auto,q-80/cms/product_variant/88f1efe0-2e71-4d00-8d5a-8b9050fabef6.jpeg"
Fruits & Vegetables,"Leafy, Herbs & Seasonings","https://cdn.zeptonow.com/production/tr:w-90,ar-160-161,pr-true,f-auto,q-80/cms/sub_category/63d60637-1717-4eb3-9df3-a9bfb6f05d49.png",Arai keerai cleaned leaflets,Arai,39,75,150 g,4 (326),Sold Out,https://www.zeptonow.com/pn/arai-keerai-cleaned-leaflets/pvid/49a41f9a-c792-4c71-870f-861fd8b28cde,"https://cdn.zeptonow.com/production/tr:w-1280,ar-279-181,pr-true,f-auto,q-80/cms/product_variant/7a61f46d-eaf5-49a5-a0c2-770e16b79710.jpg"
Fruits & Vegetables,"Leafy, Herbs & Seasonings","https://cdn.zeptonow.com/production/tr:w-90,ar-160-161,pr-true,f-auto,q-80/cms/sub_category/63d60637-1717-4eb3-9df3-a9bfb6f05d49.png",Rosemary,Rosemary,14,18,20 g,4.5 (2.5k),Sold Out,https://www.zeptonow.com/pn/rosemary/pvid/5bf460db-6b32-4d50-bf1e-fe545485ba80,"https://cdn.zeptonow.com/production/tr:w-1280,ar-3000-3000,pr-true,f-auto,q-80/cms/product_variant/c965de6d-6d5f-4a76-9219-4e70d7efc75c.jpeg"
Fruits & Vegetables,"Leafy, Herbs & Seasonings","https://cdn.zeptonow.com/production/tr:w-90,ar-160-161,pr-true,f-auto,q-80/cms/sub_category/63d60637-1717-4eb3-9df3-a9bfb6f05d49.png",Piradandai,Piradandai,44,60,1 bunch,3.9 (165),Sold Out,https://www.zeptonow.com/pn/piradandai/pvid/95940f58-ebb8-4875-9ec5-a717879e8d23,"https://cdn.zeptonow.com/production/tr:w-1280,ar-872-412,pr-true,f-auto,q-80/inventory/product/b703ac99-72fe-4489-b1d2-1e0518d1e578-/tmp/20230310-0239211.jpeg"
Fruits & Vegetables,Organics & Hydroponics,"https://cdn.zeptonow.com/production/tr:w-90,ar-480-480,pr-true,f-auto,q-80/cms/sub_category/8eaac110-0f14-47d3-b986-b024f107aba3.png",Hydroponic Italian Basil,Hydroponic,8,18,35 g,4.5 (648),In Stock,https://www.zeptonow.com/pn/hydroponic-italian-basil/pvid/90b84c14-1fee-49d4-ae1e-afca3429d1f6,"https://cdn.zeptonow.com/production/tr:w-1280,ar-900-900,pr-true,f-auto,q-80/inventory/product/c99b2f74-983e-4386-8e99-37c59e1f3127-864ef758-6f5e-4bc3-b583-f18b87378544.jpeg"
Fruits & Vegetables,Organics & Hydroponics,"https://cdn.zeptonow.com/production/tr:w-90,ar-480-480,pr-true,f-auto,q-80/cms/sub_category/8eaac110-0f14-47d3-b986-b024f107aba3.png",Mint Leaves 90 g Combo,Mint,16,26,90 g X 2,4.5 (138),In Stock,https://www.zeptonow.com/pn/mint-leaves-90-g-combo/pvid/a1706422-41d7-4e41-a23a-802dd4070309,"https://cdn.zeptonow.com/production/tr:w-1280,ar-3000-3000,pr-true,f-auto,q-80/cms/product_variant/55a36a02-6ea2-43ff-bb9f-cb18e7789cc2.jpeg"
Fruits & Vegetables,Organics & Hydroponics,"https://cdn.zeptonow.com/production/tr:w-90,ar-480-480,pr-true,f-auto,q-80/cms/sub_category/8eaac110-0f14-47d3-b986-b024f107aba3.png",Sambar Onion (Chinna Vengayam) 250 g Combo,Sambar,56,80,250 g X 2,4.3 (349),In Stock,https://www.zeptonow.com/pn/sambar-onion-chinna-vengayam-250-g-combo/pvid/49f819f6-d1a7-4ea7-9cdc-adee7b45bfe4,"https://cdn.zeptonow.com/production/tr:w-1280,ar-3000-3000,pr-true,f-auto,q-80/cms/product_variant/08545201-a23f-439d-89b0-b38a71ff9078.jpeg"
Fruits & Vegetables,Organics & Hydroponics,"https://cdn.zeptonow.com/production/tr:w-90,ar-480-480,pr-true,f-auto,q-80/cms/sub_category/8eaac110-0f14-47d3-b986-b024f107aba3.png",Sambar Onion (Chinna Vengayam) 250 g Combo,Sambar,81,120,250 g X 3,4.4 (453),In Stock,https://www.zeptonow.com/pn/sambar-onion-chinna-vengayam-250-g-combo/pvid/16ab2bf7-d74c-4ad9-9612-9e871f585c85,"https://cdn.zeptonow.com/production/tr:w-1280,ar-1500-1500,pr-true,f-auto,q-80/cms/product_variant/cf53838f-8044-4537-bf95-436b35101289.jpg"
Fruits & Vegetables,Organics & Hydroponics,"https://cdn.zeptonow.com/production/tr:w-90,ar-480-480,pr-true,f-auto,q-80/cms/sub_category/8eaac110-0f14-47d3-b986-b024f107aba3.png",Hydroponic Kale Curled,Hydroponic,40,52,100 g,4.9 (75),In Stock,https://www.zeptonow.com/pn/hydroponic-kale-curled/pvid/cef3041f-6b60-4226-9dec-7bdf84f833ca,"https://cdn.zeptonow.com/production/tr:w-1280,ar-800-800,pr-true,f-auto,q-80/inventory/product/fadf6065-2f7c-439f-a8d4-11e997c3d876-5f370ae1-dfac-48f7-bcf2-acc3a4c98100.jpeg"
Fruits & Vegetables,Organics & Hydroponics,"https://cdn.zeptonow.com/production/tr:w-90,ar-480-480,pr-true,f-auto,q-80/cms/sub_category/8eaac110-0f14-47d3-b986-b024f107aba3.png",Organic Chilli Green (Pachai Milagaai),Organic,17,23,100 g,4.8 (2.8k),Sold Out,https://www.zeptonow.com/pn/organic-chilli-green-pachai-milagaai/pvid/b98945c5-913b-4c4e-a967-47e378cd4921,"https://cdn.zeptonow.com/production/tr:w-1280,ar-312-207,pr-true,f-auto,q-80/inventory/product/009adbd4-de84-4282-ba5c-cf08a7ba3456-7eb75066-49b8-45bc-9674-0c5a99376901.jpeg"
Fruits & Vegetables,Organics & Hydroponics,"https://cdn.zeptonow.com/production/tr:w-90,ar-480-480,pr-true,f-auto,q-80/cms/sub_category/8eaac110-0f14-47d3-b986-b024f107aba3.png",Bhoomi Farms Organic Cucumber,Bhoomi,35,37,1 Pack / 480 - 530 gm,4.4 (310),Sold Out,https://www.zeptonow.com/pn/bhoomi-farms-organic-cucumber/pvid/065443ae-2444-4c41-8347-7a50ff02ac2b,"https://cdn.zeptonow.com/production/tr:w-1280,ar-225-225,pr-true,f-auto,q-80/cms/product_variant/85b5a46a-6bde-47b5-baa4-7cf8735c5573.jpeg"
Fruits & Vegetables,Organics & Hydroponics,"https://cdn.zeptonow.com/production/tr:w-90,ar-480-480,pr-true,f-auto,q-80/cms/sub_category/8eaac110-0f14-47d3-b986-b024f107aba3.png",Bhoomi Farms Organic Chow Chow,Bhoomi,22,26,250g,4.2 (61),Sold Out,https://www.zeptonow.com/pn/bhoomi-farms-organic-chow-chow/pvid/5dececc0-8a47-453c-bee9-a1e5600e29c5,"https://cdn.zeptonow.com/production/tr:w-1280,ar-225-225,pr-true,f-auto,q-80/cms/product_variant/f398c0a1-dcff-4900-ac9e-e2f0d3006e59.jpeg"
Fruits & Vegetables,Organics & Hydroponics,"https://cdn.zeptonow.com/production/tr:w-90,ar-480-480,pr-true,f-auto,q-80/cms/sub_category/8eaac110-0f14-47d3-b986-b024f107aba3.png",Bhoomi Farms Organic Bottle gourd,Bhoomi,33,38,1 Pc / 550 - 600 gm,4.2 (125),Sold Out,https://www.zeptonow.com/pn/bhoomi-farms-organic-bottle-gourd/pvid/ead500ba-a789-4354-ad1a-6bf3a2fe8b49,"https://cdn.zeptonow.com/production/tr:w-1280,ar-225-225,pr-true,f-auto,q-80/cms/product_variant/02e86334-1520-4f7b-b743-6f1d6bb6ad5f.jpeg"
Fruits & Vegetables,Organics & Hydroponics,"https://cdn.zeptonow.com/production/tr:w-90,ar-480-480,pr-true,f-auto,q-80/cms/sub_category/8eaac110-0f14-47d3-b986-b024f107aba3.png",Organic Potato (Urulaikilangu),Organic,28,35,475 g,4.3 (1.1k),Sold Out,https://www.zeptonow.com/pn/organic-potato-urulaikilangu/pvid/11ca460a-331f-44d6-83fa-190e35b4d94e,"https://cdn.zeptonow.com/production/tr:w-1280,ar-3000-3000,pr-true,f-auto,q-80/cms/product_variant/d1b59c3a-a099-46d9-b88c-e9a33ddff7fb.jpeg"
Fruits & Vegetables,Organics & Hydroponics,"https://cdn.zeptonow.com/production/tr:w-90,ar-480-480,pr-true,f-auto,q-80/cms/sub_category/8eaac110-0f14-47d3-b986-b024f107aba3.png",Organic Certified Beetroot,Organic,30,38,250 g,4.3 (1.4k),Sold Out,https://www.zeptonow.com/pn/organic-certified-beetroot/pvid/7b52c2f6-b00b-4fa2-94a2-3cf1ef17fe01,"https://cdn.zeptonow.com/production/tr:w-1280,ar-500-500,pr-true,f-auto,q-80/inventory/product/93c786ee-6040-471e-9d4e-2d9ca41d0bad-tmp/e73b9c80-da64-4208-8416-cfe75c6a2ec1.jpeg"
Fruits & Vegetables,Organics & Hydroponics,"https://cdn.zeptonow.com/production/tr:w-90,ar-480-480,pr-true,f-auto,q-80/cms/sub_category/8eaac110-0f14-47d3-b986-b024f107aba3.png",Bhoomi Farms Organic Ladies finger,Bhoomi,26,30,1 Pack / 230 - 260 gm,5 (67),Sold Out,https://www.zeptonow.com/pn/bhoomi-farms-organic-ladies-finger/pvid/19ba5f39-6a79-4e2f-946d-46e2b184b4cc,"https://cdn.zeptonow.com/production/tr:w-1280,ar-276-183,pr-true,f-auto,q-80/cms/product_variant/b9d85e12-4558-4a20-b4d4-4bf2a2da57e6.jpeg"
Fruits & Vegetables,Organics & Hydroponics,"https://cdn.zeptonow.com/production/tr:w-90,ar-480-480,pr-true,f-auto,q-80/cms/sub_category/8eaac110-0f14-47d3-b986-b024f107aba3.png",Hydroponic Arugula/Rocket,Hydroponic,12,59,25 g,4.4 (767),Sold Out,https://www.zeptonow.com/pn/hydroponic-arugularocket/pvid/22df1924-fda8-4d99-8453-3e42cee98897,"https://cdn.zeptonow.com/production/tr:w-1280,ar-1200-717,pr-true,f-auto,q-80/inventory/product/bd5acce5-5348-493d-8ccb-473484cddc96-5e6ba077-c544-44f6-9ea7-95f730153ee3.jpeg"
Fruits & Vegetables,Organics & Hydroponics,"https://cdn.zeptonow.com/production/tr:w-90,ar-480-480,pr-true,f-auto,q-80/cms/sub_category/8eaac110-0f14-47d3-b986-b024f107aba3.png",Organic Tomato Hybrid,Organic,41,52,500 g,4.6 (406),Sold Out,https://www.zeptonow.com/pn/organic-tomato-hybrid/pvid/39f86de5-92f7-4090-b979-9d8a1e181a46,"https://cdn.zeptonow.com/production/tr:w-1280,ar-500-500,pr-true,f-auto,q-80/inventory/product/9d4bfca8-66af-4826-a6a7-2f7688697744-/tmp/20230926-1212121.jpeg"
Fruits & Vegetables,Organics & Hydroponics,"https://cdn.zeptonow.com/production/tr:w-90,ar-480-480,pr-true,f-auto,q-80/cms/sub_category/8eaac110-0f14-47d3-b986-b024f107aba3.png",Gourmet Garden Organic Curry Leaves (Karuveppillai),Gourmet,15,19,100 g,4.8 (2.3k),Sold Out,https://www.zeptonow.com/pn/gourmet-garden-organic-curry-leaves-karuveppillai/pvid/a466c485-c7f7-4650-8102-06ce95bdf196,"https://cdn.zeptonow.com/production/tr:w-1280,ar-400-300,pr-true,f-auto,q-80/inventory/product/a12ad7ba-e20a-4247-8267-4c984388a82c-677a0216-879b-4597-baf7-0007d1f774c6.jpeg"
Fruits & Vegetables,Organics & Hydroponics,"https://cdn.zeptonow.com/production/tr:w-90,ar-480-480,pr-true,f-auto,q-80/cms/sub_category/8eaac110-0f14-47d3-b986-b024f107aba3.png",Gourmet Garden Organic Coriander,Gourmet,18,22,100 g,4.6 (761),Sold Out,https://www.zeptonow.com/pn/gourmet-garden-organic-coriander/pvid/51a44ab7-7833-4365-91ca-ab75d77cc79a,"https://cdn.zeptonow.com/production/tr:w-1280,ar-500-501,pr-true,f-auto,q-80/cms/product_variant/1e0905e3-1911-4459-9110-bcfd00b008f5.jpg"
Fruits & Vegetables,Organics & Hydroponics,"https://cdn.zeptonow.com/production/tr:w-90,ar-480-480,pr-true,f-auto,q-80/cms/sub_category/8eaac110-0f14-47d3-b986-b024f107aba3.png",Organic Drumsticks (Moringa),Organic,35,42,130-150g,3.9 (126),Sold Out,https://www.zeptonow.com/pn/organic-drumsticks-moringa/pvid/25ff83b5-5699-403c-92a7-ff32381807eb,"https://cdn.zeptonow.com/production/tr:w-1280,ar-500-500,pr-true,f-auto,q-80/inventory/product/42af06c9-d53e-4314-9bf1-b02f9232fd4f-/tmp/20230202-0614071.jpeg"
Fruits & Vegetables,Plants & Gardening,"https://cdn.zeptonow.com/production/tr:w-90,ar-480-480,pr-true,f-auto,q-80/cms/sub_category/7194d5a4-c6a3-4a8c-9749-474e44bf5519.png",Nurturing Green - Natural Plant Immunity Booster | 250ml concentrate | Liquid Plant Booster,Nurturing,899,949,1 pc,4.3 (152),In Stock,https://www.zeptonow.com/pn/nurturing-green-natural-plant-immunity-booster-250ml-concentrate-liquid-plant-booster/pvid/282d79a5-15b4-429c-a963-17ee93776479,"https://cdn.zeptonow.com/production/tr:w-1280,ar-1000-1000,pr-true,f-auto,q-80/cms/product_variant/7df2a47f-45ad-4d58-9267-175b16a7def6.jpeg"
Fruits & Vegetables,Plants & Gardening,"https://cdn.zeptonow.com/production/tr:w-90,ar-480-480,pr-true,f-auto,q-80/cms/sub_category/7194d5a4-c6a3-4a8c-9749-474e44bf5519.png",Ugaoo Jade Feng-Shui Plant with Ibiza Pot,Ugaoo,182,201,1 pc,4.4 (1.2k),In Stock,https://www.zeptonow.com/pn/ugaoo-jade-feng-shui-plant-with-ibiza-pot/pvid/54a95395-70c7-4ad2-a6c1-eff86c956db3,"https://cdn.zeptonow.com/production/tr:w-1280,ar-3276-3276,pr-true,f-auto,q-80/cms/product_variant/2ade75c6-33e6-4c2f-8d39-9ffa07ad43d9.jpeg"
Fruits & Vegetables,Plants & Gardening,"https://cdn.zeptonow.com/production/tr:w-90,ar-480-480,pr-true,f-auto,q-80/cms/sub_category/7194d5a4-c6a3-4a8c-9749-474e44bf5519.png",Ugaoo Three Layer Bamboo Plant,Ugaoo,279,358,500 gm,4.9 (61),In Stock,https://www.zeptonow.com/pn/ugaoo-three-layer-bamboo-plant/pvid/b4ee5d1b-e041-4a95-9e52-f56191e096ab,"https://cdn.zeptonow.com/production/tr:w-1280,ar-1000-1000,pr-true,f-auto,q-80/cms/product_variant/61c3b139-bcce-4e0b-8662-7b3d885fe7fa.jpeg"
Fruits & Vegetables,Plants & Gardening,"https://cdn.zeptonow.com/production/tr:w-90,ar-480-480,pr-true,f-auto,q-80/cms/sub_category/7194d5a4-c6a3-4a8c-9749-474e44bf5519.png",Ugaoo Good Luck Money Plant Variegated with Self Watering Pot,Ugaoo,235,301,1 pc,5 (577),In Stock,https://www.zeptonow.com/pn/ugaoo-good-luck-money-plant-variegated-with-self-watering-pot/pvid/82022a94-cee6-4148-92bf-0dd7c9caf9b9,"https://cdn.zeptonow.com/production/tr:w-1280,ar-3685-3685,pr-true,f-auto,q-80/cms/product_variant/77925da4-f8ac-4d40-9c5e-c3e4a1824393.jpeg"
Fruits & Vegetables,Plants & Gardening,"https://cdn.zeptonow.com/production/tr:w-90,ar-480-480,pr-true,f-auto,q-80/cms/sub_category/7194d5a4-c6a3-4a8c-9749-474e44bf5519.png",Bloom Air-Purifying Snake Plant,Bloom,175,195,1 pc,4.3 (874),In Stock,https://www.zeptonow.com/pn/bloom-air-purifying-snake-plant/pvid/dd6f94ef-554c-49ae-a755-59774fddf6c6,"https://cdn.zeptonow.com/production/tr:w-1280,ar-3000-3000,pr-true,f-auto,q-80/cms/product_variant/af54bfe2-ee49-4627-bb10-76eba2f488b7.jpeg"
Fruits & Vegetables,Plants & Gardening,"https://cdn.zeptonow.com/production/tr:w-90,ar-480-480,pr-true,f-auto,q-80/cms/sub_category/7194d5a4-c6a3-4a8c-9749-474e44bf5519.png",Ugaoo Jade Feng-Shui Plant With Self Watering Pot,Ugaoo,235,301,1 pc,4.7 (576),In Stock,https://www.zeptonow.com/pn/ugaoo-jade-feng-shui-plant-with-self-watering-pot/pvid/f5242ce0-05d2-4c7c-92b1-89c9b038b3c4,"https://cdn.zeptonow.com/production/tr:w-1280,ar-3348-3348,pr-true,f-auto,q-80/cms/product_variant/849fb54e-40f3-4765-9671-1ac152677c98.jpeg"
Fruits & Vegetables,Plants & Gardening,"https://cdn.zeptonow.com/production/tr:w-90,ar-480-480,pr-true,f-auto,q-80/cms/sub_category/7194d5a4-c6a3-4a8c-9749-474e44bf5519.png",Ugaoo Jade Plant With Self Watering Ivory Pot(1pc) & Ugaoo Money Plant Variegated With Self Watering Yellow Pot(1pc) Combo,Ugaoo,470,602,2 combo,4.6 (968),In Stock,https://www.zeptonow.com/pn/ugaoo-jade-plant-with-self-watering-ivory-pot1pc-ugaoo-money-plant-variegated-with-self-watering-yellow-pot1pc-combo/pvid/2dbb730f-6fa9-4f5b-9e34-995961517165,"https://cdn.zeptonow.com/production/tr:w-1280,ar-1000-1000,pr-true,f-auto,q-80/cms/product_variant/413ba814-a5b2-4900-a8d7-649fffb1efe5.jpeg"
Fruits & Vegetables,Plants & Gardening,"https://cdn.zeptonow.com/production/tr:w-90,ar-480-480,pr-true,f-auto,q-80/cms/sub_category/7194d5a4-c6a3-4a8c-9749-474e44bf5519.png","Nurturing Green - Syngonium Pink Plant in Self Watering Pot (Ivory, 8cm x 6.5cm) | Indoor Plants",Nurturing,133,167,1 pc,4.4 (853),In Stock,https://www.zeptonow.com/pn/nurturing-green-syngonium-pink-plant-in-self-watering-pot-ivory-8cm-x-65cm-indoor-plants/pvid/55e044ae-55c3-4d6d-bdea-1b0e3d49d04f,"https://cdn.zeptonow.com/production/tr:w-1280,ar-1000-1000,pr-true,f-auto,q-80/cms/product_variant/ebe672a4-b046-4810-bcc0-1202ac336e8e.png"
Fruits & Vegetables,Plants & Gardening,"https://cdn.zeptonow.com/production/tr:w-90,ar-480-480,pr-true,f-auto,q-80/cms/sub_category/7194d5a4-c6a3-4a8c-9749-474e44bf5519.png",Ugaoo Air Purifying Peace Lily Plant Plant In Ibiza Pot,Ugaoo,187,234,1 pc,4.2 (1.8k),Sold Out,https://www.zeptonow.com/pn/ugaoo-air-purifying-peace-lily-plant-plant-in-ibiza-pot/pvid/0018abc3-c7a2-4301-94ba-826cbb1d5c76,"https://cdn.zeptonow.com/production/tr:w-1280,ar-3850-3850,pr-true,f-auto,q-80/cms/product_variant/a1040024-e39a-4f72-b440-8737986e255b.jpeg"
Fruits & Vegetables,Plants & Gardening,"https://cdn.zeptonow.com/production/tr:w-90,ar-480-480,pr-true,f-auto,q-80/cms/sub_category/7194d5a4-c6a3-4a8c-9749-474e44bf5519.png",Ugaoo Good Luck Money Plant Variegated with Ibiza Pot,Ugaoo,174,218,1 pc,3.9 (748),Sold Out,https://www.zeptonow.com/pn/ugaoo-good-luck-money-plant-variegated-with-ibiza-pot/pvid/c949c4a4-9699-4f6b-b6d8-6901f318d27d,"https://cdn.zeptonow.com/production/tr:w-1280,ar-3438-3438,pr-true,f-auto,q-80/cms/product_variant/e330f29e-bd6c-46a3-9e4f-fae549e60d0f.jpeg"
Fruits & Vegetables,Plants & Gardening,"https://cdn.zeptonow.com/production/tr:w-90,ar-480-480,pr-true,f-auto,q-80/cms/sub_category/7194d5a4-c6a3-4a8c-9749-474e44bf5519.png",Nurturing Green - Herbal Plant Protector | 650ml | Plant Spray Bottle with Neem Oil for Plant Care,Nurturing,233,290,1 pc,5 (149),Sold Out,https://www.zeptonow.com/pn/nurturing-green-herbal-plant-protector-650ml-plant-spray-bottle-with-neem-oil-for-plant-care/pvid/324e993d-6c21-4177-9ce1-65bc6fa771f0,"https://cdn.zeptonow.com/production/tr:w-1280,ar-1000-1000,pr-true,f-auto,q-80/cms/product_variant/8c8ff537-d726-4aee-b8a4-012f42cc86d0.jpeg"
Fruits & Vegetables,Plants & Gardening,"https://cdn.zeptonow.com/production/tr:w-90,ar-480-480,pr-true,f-auto,q-80/cms/sub_category/7194d5a4-c6a3-4a8c-9749-474e44bf5519.png",Bloom Air Purifying Peace Lily Plant,Bloom,156,177,1 pc,4 (183),Sold Out,https://www.zeptonow.com/pn/bloom-air-purifying-peace-lily-plant/pvid/e75a4937-31c0-4baf-8c00-c5a5687edb94,"https://cdn.zeptonow.com/production/tr:w-1280,ar-3000-3000,pr-true,f-auto,q-80/cms/product_variant/a4fcde35-901f-49a3-b91b-011dc38034b7.jpeg"
Fruits & Vegetables,Plants & Gardening,"https://cdn.zeptonow.com/production/tr:w-90,ar-480-480,pr-true,f-auto,q-80/cms/sub_category/7194d5a4-c6a3-4a8c-9749-474e44bf5519.png",Bloom Rubber Plant,Bloom,182,206,1 pc,4.3 (730),Sold Out,https://www.zeptonow.com/pn/bloom-rubber-plant/pvid/5480b485-eb85-4a68-addd-2601bf2eb5cd,"https://cdn.zeptonow.com/production/tr:w-1280,ar-3000-3000,pr-true,f-auto,q-80/cms/product_variant/0d06def6-e660-4502-aa37-f67d409e00af.jpeg"
Fruits & Vegetables,Plants & Gardening,"https://cdn.zeptonow.com/production/tr:w-90,ar-480-480,pr-true,f-auto,q-80/cms/sub_category/7194d5a4-c6a3-4a8c-9749-474e44bf5519.png",Bloom Auspicious Jade Plant,Bloom,162,184,1 pc,4.6 (139),Sold Out,https://www.zeptonow.com/pn/bloom-auspicious-jade-plant/pvid/461ce789-0384-4ca1-9e09-7c120bc9d4a5,"https://cdn.zeptonow.com/production/tr:w-1280,ar-3000-3000,pr-true,f-auto,q-80/cms/product_variant/3f35af55-42f3-427b-95c3-4cfd6b5343ce.jpeg"
Fruits & Vegetables,Plants & Gardening,"https://cdn.zeptonow.com/production/tr:w-90,ar-480-480,pr-true,f-auto,q-80/cms/sub_category/7194d5a4-c6a3-4a8c-9749-474e44bf5519.png",Bloom Air Purifying Oxycardium Plant,Bloom,156,177,1 pc,4.3 (185),Sold Out,https://www.zeptonow.com/pn/bloom-air-purifying-oxycardium-plant/pvid/47cc8a68-e72c-411b-86ce-203f369866cd,"https://cdn.zeptonow.com/production/tr:w-1280,ar-3000-3000,pr-true,f-auto,q-80/cms/product_variant/4debd61e-9d89-421b-a5ab-ac837d85b777.jpeg"
Fruits & Vegetables,Plants & Gardening,"https://cdn.zeptonow.com/production/tr:w-90,ar-480-480,pr-true,f-auto,q-80/cms/sub_category/7194d5a4-c6a3-4a8c-9749-474e44bf5519.png",Natures Plus Fenugreek - Seeds,Natures,50,56,250 g,4.3 (578),Sold Out,https://www.zeptonow.com/pn/natures-plus-fenugreek-seeds/pvid/052d1756-1b99-4504-bfa5-be638a1331b3,"https://cdn.zeptonow.com/production/tr:w-1280,ar-2000-2000,pr-true,f-auto,q-80/cms/product_variant/3ae05042-9bf9-4089-9ebd-ae0a02f699fe.jpeg"
Fruits & Vegetables,Cuts & Sprouts,"https://cdn.zeptonow.com/production/tr:w-90,ar-480-480,pr-true,f-auto,q-80/cms/sub_category/f3282f5f-6ab2-4998-977f-926d86bcbb56.png",Sambhar Onion Peeled (Chinna Vengayam Urichadhu),Sambhar,101,134,200 g,4.7 (584),In Stock,https://www.zeptonow.com/pn/sambhar-onion-peeled-chinna-vengayam-urichadhu/pvid/b3ce0c1d-2442-41e5-9bca-86019ba27245,"https://cdn.zeptonow.com/production/tr:w-1280,ar-3000-3000,pr-true,f-auto,q-80/cms/product_variant/06196fa3-b385-4978-8952-5db6a1c792d6.jpeg"
Fruits & Vegetables,Cuts & Sprouts,"https://cdn.zeptonow.com/production/tr:w-90,ar-480-480,pr-true,f-auto,q-80/cms/sub_category/f3282f5f-6ab2-4998-977f-926d86bcbb56.png",Beans Mochai Peeled,Beans,74,109,200 g,4.2 (871),In Stock,https://www.zeptonow.com/pn/beans-mochai-peeled/pvid/6cd34c6b-45f8-401f-b941-75ee2a1b4352,"https://cdn.zeptonow.com/production/tr:w-1280,ar-900-900,pr-true,f-auto,q-80/cms/product_variant/e6e80ea8-3975-458b-89c3-e7485d87d21f.jpg"
Fruits & Vegetables,Cuts & Sprouts,"https://cdn.zeptonow.com/production/tr:w-90,ar-480-480,pr-true,f-auto,q-80/cms/sub_category/f3282f5f-6ab2-4998-977f-926d86bcbb56.png",Mix Sprouts,Mix,38,48,175 g,4.4 (17.8k),In Stock,https://www.zeptonow.com/pn/mix-sprouts/pvid/4c1b7bef-75de-466a-827a-1260fe2cc56b,"https://cdn.zeptonow.com/production/tr:w-1280,ar-3000-3000,pr-true,f-auto,q-80/cms/product_variant/ffdcd80a-b048-45cd-a1a9-ba79a38fc2ce.jpeg"
Fruits & Vegetables,Cuts & Sprouts,"https://cdn.zeptonow.com/production/tr:w-90,ar-480-480,pr-true,f-auto,q-80/cms/sub_category/f3282f5f-6ab2-4998-977f-926d86bcbb56.png",Pomegranate Peeled (Madhulai Pazham Urichadhu),Pomegranate,86,99,100 g,5 (346),In Stock,https://www.zeptonow.com/pn/pomegranate-peeled-madhulai-pazham-urichadhu/pvid/1d9d0cab-10ce-46dc-8183-898e1676cb4f,"https://cdn.zeptonow.com/production/tr:w-1280,ar-3760-2848,pr-true,f-auto,q-80/inventory/product/41ea6ff7-c59d-4362-916b-1bacbe9381f3-shutterstock_1871193754.jpg"
Fruits & Vegetables,Cuts & Sprouts,"https://cdn.zeptonow.com/production/tr:w-90,ar-480-480,pr-true,f-auto,q-80/cms/sub_category/f3282f5f-6ab2-4998-977f-926d86bcbb56.png",Fruit Salad Mix,Fruit,100,116,200 g,4.4 (199),In Stock,https://www.zeptonow.com/pn/fruit-salad-mix/pvid/20594926-66ee-4c8f-9dc2-3bd1fd6e0004,"https://cdn.zeptonow.com/production/tr:w-1280,ar-1189-1520,pr-true,f-auto,q-80/inventory/product/e56710dc-751f-45f2-88a4-9fae6756c047-FruitChaat_mix.jpg"
Fruits & Vegetables,Cuts & Sprouts,"https://cdn.zeptonow.com/production/tr:w-90,ar-480-480,pr-true,f-auto,q-80/cms/sub_category/f3282f5f-6ab2-4998-977f-926d86bcbb56.png",Pineapple Sliced,Pineapple,116,156,200 g,4.1 (288),In Stock,https://www.zeptonow.com/pn/pineapple-sliced/pvid/b4a110d1-b627-4708-b535-93bfd9fba697,"https://cdn.zeptonow.com/production/tr:w-1280,ar-1000-1000,pr-true,f-auto,q-80/inventory/product/b10d597f-37b8-4b34-a1a8-005ab46418bf-image_file.jpeg"
Fruits & Vegetables,Cuts & Sprouts,"https://cdn.zeptonow.com/production/tr:w-90,ar-480-480,pr-true,f-auto,q-80/cms/sub_category/f3282f5f-6ab2-4998-977f-926d86bcbb56.png",Gourmet Garden Fruit Salad Mix & Gourmet Garden Pineapple Sliced,Gourmet,216,272,2 combo,4.3 (421),In Stock,https://www.zeptonow.com/pn/gourmet-garden-fruit-salad-mix-gourmet-garden-pineapple-sliced/pvid/dbe932bf-f6b2-4f8a-9f8d-4216d088fd37,"https://cdn.zeptonow.com/production/tr:w-1280,ar-1494-1494,pr-true,f-auto,q-80/cms/product_variant/09d29fdc-de70-482d-b530-ae3590db8d31.jpg"
Fruits & Vegetables,Cuts & Sprouts,"https://cdn.zeptonow.com/production/tr:w-90,ar-480-480,pr-true,f-auto,q-80/cms/sub_category/f3282f5f-6ab2-4998-977f-926d86bcbb56.png",Gourmet Garden Fruit Salad Mix & Pomegranate Peeled (Madhulai Pazham Urichadhu),Gourmet,186,215,2 combo,4.2 (680),In Stock,https://www.zeptonow.com/pn/gourmet-garden-fruit-salad-mix-pomegranate-peeled-madhulai-pazham-urichadhu/pvid/dbabaf5a-7a33-4d38-9ac4-4a7f6a96a02f,"https://cdn.zeptonow.com/production/tr:w-1280,ar-1494-1494,pr-true,f-auto,q-80/cms/product_variant/f786d998-7f28-4db8-ab54-d5584791ebda.jpg"
Fruits & Vegetables,Cuts & Sprouts,"https://cdn.zeptonow.com/production/tr:w-90,ar-480-480,pr-true,f-auto,q-80/cms/sub_category/f3282f5f-6ab2-4998-977f-926d86bcbb56.png",Pomegranate Peeled (Madhulai Pazham Urichadhu) 100 g Combo,Pomegranate,162,198,100 g X 2,4.4 (752),In Stock,https://www.zeptonow.com/pn/pomegranate-peeled-madhulai-pazham-urichadhu-100-g-combo/pvid/0ca02b7c-58cd-4488-a072-ad8ecced3a77,"https://cdn.zeptonow.com/production/tr:w-1280,ar-3760-2848,pr-true,f-auto,q-80/cms/product_variant/bc84ee09-5c66-41ae-8797-615987ca3291.jpeg"
Fruits & Vegetables,Cuts & Sprouts,"https://cdn.zeptonow.com/production/tr:w-90,ar-480-480,pr-true,f-auto,q-80/cms/sub_category/f3282f5f-6ab2-4998-977f-926d86bcbb56.png",Garlic Peeled,Garlic,58,73,100 g,4.6 (4.3k),Sold Out,https://www.zeptonow.com/pn/garlic-peeled/pvid/0d0a49f1-29c3-46c6-8ee0-f344e1a66abb,"https://cdn.zeptonow.com/production/tr:w-1280,ar-3000-3000,pr-true,f-auto,q-80/cms/product_variant/85c8618e-3462-414e-8c10-7fdd1072b713.jpeg"
Fruits & Vegetables,Cuts & Sprouts,"https://cdn.zeptonow.com/production/tr:w-90,ar-480-480,pr-true,f-auto,q-80/cms/sub_category/f3282f5f-6ab2-4998-977f-926d86bcbb56.png",Butter Beans Peeled,Butter,79,79,100 g,5 (66),Sold Out,https://www.zeptonow.com/pn/butter-beans-peeled/pvid/311d99ac-638e-4b85-9d98-f56e49ee9190,"https://cdn.zeptonow.com/production/tr:w-1280,ar-500-375,pr-true,f-auto,q-80/inventory/product/772611fd-8115-421a-bb28-fc1af0656680-/tmp/20230109-120640.jpeg"
Fruits & Vegetables,Cuts & Sprouts,"https://cdn.zeptonow.com/production/tr:w-90,ar-480-480,pr-true,f-auto,q-80/cms/sub_category/f3282f5f-6ab2-4998-977f-926d86bcbb56.png",Broccoli Florets,Broccoli,112,130,200 g,4.4 (284),Sold Out,https://www.zeptonow.com/pn/broccoli-florets/pvid/a7ab87ee-b484-40b5-bd86-27bf52940a71,"https://cdn.zeptonow.com/production/tr:w-1280,ar-2048-2048,pr-true,f-auto,q-80/inventory/product/e32a7e7c-adde-4ac6-92cb-f8f21a3a3d90-tmp/1ae716c6-08c3-4b98-b431-1a2a32cb281a.jpeg"
Fruits & Vegetables,Cuts & Sprouts,"https://cdn.zeptonow.com/production/tr:w-90,ar-480-480,pr-true,f-auto,q-80/cms/sub_category/f3282f5f-6ab2-4998-977f-926d86bcbb56.png",Coconut Cut,Coconut,60,71,150 g,4.6 (114),Sold Out,https://www.zeptonow.com/pn/coconut-cut/pvid/fa9bf0fc-a725-4b77-b3a1-e1ea2c47ee98,"https://cdn.zeptonow.com/production/tr:w-1280,ar-3000-3000,pr-true,f-auto,q-80/cms/product_variant/91234f0c-0cac-48ca-9133-077fc49c4b52.jpeg"
Fruits & Vegetables,Cuts & Sprouts,"https://cdn.zeptonow.com/production/tr:w-90,ar-480-480,pr-true,f-auto,q-80/cms/sub_category/f3282f5f-6ab2-4998-977f-926d86bcbb56.png",Ginger Peeled,Ginger,58,72,200 g,5 (174),Sold Out,https://www.zeptonow.com/pn/ginger-peeled/pvid/d9d6c129-8d74-4a16-aeb3-efdd049adb3d,"https://cdn.zeptonow.com/production/tr:w-1280,ar-612-612,pr-true,f-auto,q-80/inventory/product/e57eff9e-0165-42fc-a9b4-1185ae0c4c8f-istockphoto-1290330520-612x612.jpg"
Fruits & Vegetables,Cuts & Sprouts,"https://cdn.zeptonow.com/production/tr:w-90,ar-480-480,pr-true,f-auto,q-80/cms/sub_category/f3282f5f-6ab2-4998-977f-926d86bcbb56.png",Yam Portion,Yam,52,62,250 g,4.6 (302),Sold Out,https://www.zeptonow.com/pn/yam-portion/pvid/e25c79b8-92dd-43d4-ae1c-a025ab04a9ee,"https://cdn.zeptonow.com/production/tr:w-1280,ar-500-500,pr-true,f-auto,q-80/inventory/product/325b0a73-d34a-463e-893f-0cac77e82d28-tmp/17c7555e-485e-4da8-8b50-ba1ad2d15676.jpeg"
Fruits & Vegetables,Cuts & Sprouts,"https://cdn.zeptonow.com/production/tr:w-90,ar-480-480,pr-true,f-auto,q-80/cms/sub_category/f3282f5f-6ab2-4998-977f-926d86bcbb56.png",Drumstick Cut,Drumstick,51,64,200 g,4.4 (383),Sold Out,https://www.zeptonow.com/pn/drumstick-cut/pvid/7f4f1c72-917d-4ae4-b1c4-38565583fd60,"https://cdn.zeptonow.com/production/tr:w-1280,ar-466-351,pr-true,f-auto,q-80/inventory/product/b0e4cf69-8a20-4fc8-8c54-a83001ebc6ae-tmp/81e665b7-c41b-4ef8-8642-db38d0624af5.jpeg"
Fruits & Vegetables,Cuts & Sprouts,"https://cdn.zeptonow.com/production/tr:w-90,ar-480-480,pr-true,f-auto,q-80/cms/sub_category/f3282f5f-6ab2-4998-977f-926d86bcbb56.png",Super Sweetcorn Kernels Chipotle,Super,31,39,145 g,4.5 (260),Sold Out,https://www.zeptonow.com/pn/super-sweetcorn-kernels-chipotle/pvid/436649b6-61c5-4e6f-aa6f-8edd27d69379,"https://cdn.zeptonow.com/production/tr:w-1280,ar-237-341,pr-true,f-auto,q-80/cms/product_variant/4e0729db-c9cc-415f-8455-dcb158c315e9.png"
Fruits & Vegetables,Cuts & Sprouts,"https://cdn.zeptonow.com/production/tr:w-90,ar-480-480,pr-true,f-auto,q-80/cms/sub_category/f3282f5f-6ab2-4998-977f-926d86bcbb56.png",Avial Mix,Avial,75,87,250 g,5 (152),Sold Out,https://www.zeptonow.com/pn/avial-mix/pvid/92257db6-adfe-490f-a074-750979566a38,"https://cdn.zeptonow.com/production/tr:w-1280,ar-525-350,pr-true,f-auto,q-80/inventory/product/005f752b-f70f-48ad-8714-fc26fa8963d4-Aviyal_2.jpg"
Fruits & Vegetables,Cuts & Sprouts,"https://cdn.zeptonow.com/production/tr:w-90,ar-480-480,pr-true,f-auto,q-80/cms/sub_category/f3282f5f-6ab2-4998-977f-926d86bcbb56.png",Sambhar Mix,Sambhar,72,83,200 g,4.1 (212),Sold Out,https://www.zeptonow.com/pn/sambhar-mix/pvid/e2ad71c0-7449-448a-a023-8545b0a07966,"https://cdn.zeptonow.com/production/tr:w-1280,ar-3000-3000,pr-true,f-auto,q-80/cms/product_variant/7caedcf2-fc65-4705-a66a-f157baca52ed.jpeg"
Fruits & Vegetables,Cuts & Sprouts,"https://cdn.zeptonow.com/production/tr:w-90,ar-480-480,pr-true,f-auto,q-80/cms/sub_category/f3282f5f-6ab2-4998-977f-926d86bcbb56.png",Lady Finger Cut,Lady,41,48,200 g,5 (61),Sold Out,https://www.zeptonow.com/pn/lady-finger-cut/pvid/c919bca6-6f9a-4fda-ad0d-44af8cced4c6,"https://cdn.zeptonow.com/production/tr:w-1280,ar-500-500,pr-true,f-auto,q-80/inventory/product/b66e9f9a-da84-43e6-80d8-3ec2d0c2a589-/tmp/20230926-1202141.jpeg"
Fruits & Vegetables,Cuts & Sprouts,"https://cdn.zeptonow.com/production/tr:w-90,ar-480-480,pr-true,f-auto,q-80/cms/sub_category/f3282f5f-6ab2-4998-977f-926d86bcbb56.png",Tadaa Sweet Corn Kernels Sea Salt & Pepper,Tadaa,75,99,225 g,4.9 (250),Sold Out,https://www.zeptonow.com/pn/tadaa-sweet-corn-kernels-sea-salt-pepper/pvid/36233440-810c-4799-a4aa-9bf8cb77b779,"https://cdn.zeptonow.com/production/tr:w-1280,ar-3000-3000,pr-true,f-auto,q-80/cms/product_variant/0e82ddfa-2695-4643-9af5-049f4073a9c2.jpeg"
Fruits & Vegetables,Cuts & Sprouts,"https://cdn.zeptonow.com/production/tr:w-90,ar-480-480,pr-true,f-auto,q-80/cms/sub_category/f3282f5f-6ab2-4998-977f-926d86bcbb56.png",Beans Diced (Beans Narukiyadhu),Beans,51,58,200 g,4.4 (76),Sold Out,https://www.zeptonow.com/pn/beans-diced-beans-narukiyadhu/pvid/8c7a6824-2440-4f1e-8456-9e529fb9f023,"https://cdn.zeptonow.com/production/tr:w-1280,ar-900-900,pr-true,f-auto,q-80/inventory/product/5a4c2508-c840-4c19-a2cf-1664d5329ef3-tmp/ad64ee88-3389-494c-ba3f-881172bf6633.jpeg"
Fruits & Vegetables,Cuts & Sprouts,"https://cdn.zeptonow.com/production/tr:w-90,ar-480-480,pr-true,f-auto,q-80/cms/sub_category/f3282f5f-6ab2-4998-977f-926d86bcbb56.png",Tadaa Sweet Corn Kernels Masala Masti,Tadaa,75,99,225 g,4.9 (266),Sold Out,https://www.zeptonow.com/pn/tadaa-sweet-corn-kernels-masala-masti/pvid/25a9062a-a379-4fd2-b71a-85e729a35e78,"https://cdn.zeptonow.com/production/tr:w-1280,ar-3000-3000,pr-true,f-auto,q-80/cms/product_variant/a2d3e94b-c5e8-41f0-9f3d-078f2675574d.jpeg"
Fruits & Vegetables,Cuts & Sprouts,"https://cdn.zeptonow.com/production/tr:w-90,ar-480-480,pr-true,f-auto,q-80/cms/sub_category/f3282f5f-6ab2-4998-977f-926d86bcbb56.png",Soya Beans Peeled,Soya,85,85,100 g,4.3 (888),Sold Out,https://www.zeptonow.com/pn/soya-beans-peeled/pvid/fab6d45c-9b42-467f-b6cf-af8fe87cb5ec,"https://cdn.zeptonow.com/production/tr:w-1280,ar-225-225,pr-true,f-auto,q-80/inventory/product/58e4bf1c-513d-47a8-a5bd-61206ab3702e-/tmp/20230109-114037.jpeg"
Fruits & Vegetables,Cuts & Sprouts,"https://cdn.zeptonow.com/production/tr:w-90,ar-480-480,pr-true,f-auto,q-80/cms/sub_category/f3282f5f-6ab2-4998-977f-926d86bcbb56.png",Pineapple Peeled,Pineapple,100,100,1 pc,4.7 (475),Sold Out,https://www.zeptonow.com/pn/pineapple-peeled/pvid/fa18575c-9ff1-4883-9d54-e944f256a8e7,"https://cdn.zeptonow.com/production/tr:w-1280,ar-706-799,pr-true,f-auto,q-80/cms/product_variant/65096e97-7460-40cc-bd47-88752ecb2930.jpeg"
Fruits & Vegetables,Cuts & Sprouts,"https://cdn.zeptonow.com/production/tr:w-90,ar-480-480,pr-true,f-auto,q-80/cms/sub_category/f3282f5f-6ab2-4998-977f-926d86bcbb56.png",Coconut Sprouted,Coconut,65,78,1 pc,4.3 (347),Sold Out,https://www.zeptonow.com/pn/coconut-sprouted/pvid/7ef180a3-04db-42aa-8eb6-d31f74900551,"https://cdn.zeptonow.com/production/tr:w-1280,ar-400-300,pr-true,f-auto,q-80/inventory/product/1ebd8a82-afa5-4286-a4d1-b8ceb544c9b8-/tmp/20230129-192857.jpeg"
Fruits & Vegetables,Cuts & Sprouts,"https://cdn.zeptonow.com/production/tr:w-90,ar-480-480,pr-true,f-auto,q-80/cms/sub_category/f3282f5f-6ab2-4998-977f-926d86bcbb56.png",Tadaa Sweet Corn Kernels,Tadaa,150,199,725 g,4.6 (276),Sold Out,https://www.zeptonow.com/pn/tadaa-sweet-corn-kernels/pvid/d53c6e55-e22a-409d-bd90-357327a6774d,"https://cdn.zeptonow.com/production/tr:w-1280,ar-3000-3000,pr-true,f-auto,q-80/cms/product_variant/204c983f-3b39-4d11-8726-6d8732272e5b.jpeg"
Fruits & Vegetables,Cuts & Sprouts,"https://cdn.zeptonow.com/production/tr:w-90,ar-480-480,pr-true,f-auto,q-80/cms/sub_category/f3282f5f-6ab2-4998-977f-926d86bcbb56.png",Coleslaw,Coleslaw,53,62,250 g,4.7 (627),Sold Out,https://www.zeptonow.com/pn/coleslaw/pvid/1e908226-9574-4d3c-ad81-b256544862b8,"https://cdn.zeptonow.com/production/tr:w-1280,ar-2592-3872,pr-true,f-auto,q-80/inventory/product/e9d0cf81-0f79-4f7f-9b1d-00d0bc6c953a-tmp/d8eec63b-e553-4d98-b54d-65ffd077b82c.jpeg"
Fruits & Vegetables,Cuts & Sprouts,"https://cdn.zeptonow.com/production/tr:w-90,ar-480-480,pr-true,f-auto,q-80/cms/sub_category/f3282f5f-6ab2-4998-977f-926d86bcbb56.png","Salad Sliced Mix (Carrots, Cucumber, Beet)",Salad,47,56,200 g,4.5 (93),Sold Out,https://www.zeptonow.com/pn/salad-sliced-mix-carrots-cucumber-beet/pvid/bbb99f43-e297-465f-be3a-035f89e5d684,"https://cdn.zeptonow.com/production/tr:w-1280,ar-266-190,pr-true,f-auto,q-80/inventory/product/3ce1b08b-4286-44a6-9172-f13cf508f323-Photo.jpeg"
Fruits & Vegetables,Cuts & Sprouts,"https://cdn.zeptonow.com/production/tr:w-90,ar-480-480,pr-true,f-auto,q-80/cms/sub_category/f3282f5f-6ab2-4998-977f-926d86bcbb56.png",Tadaa Sweet Corn Kernels Pani Puri,Tadaa,75,99,225 g,4.2 (299),Sold Out,https://www.zeptonow.com/pn/tadaa-sweet-corn-kernels-pani-puri/pvid/c0847fbd-5140-47d3-a330-5af998bbce57,"https://cdn.zeptonow.com/production/tr:w-1280,ar-3000-3000,pr-true,f-auto,q-80/cms/product_variant/53fb44de-4542-40ac-9ab8-19dc08f21ecf.jpeg"
Fruits & Vegetables,Cuts & Sprouts,"https://cdn.zeptonow.com/production/tr:w-90,ar-480-480,pr-true,f-auto,q-80/cms/sub_category/f3282f5f-6ab2-4998-977f-926d86bcbb56.png",Cucumber Roundels Salad,Cucumber,32,37,200 g,4.6 (799),Sold Out,https://www.zeptonow.com/pn/cucumber-roundels-salad/pvid/ee149d65-f6a9-429a-bb66-a30cb97c1875,"https://cdn.zeptonow.com/production/tr:w-1280,ar-225-225,pr-true,f-auto,q-80/inventory/product/a751b90c-7910-4d09-b168-d09cff597896-/tmp/20230328-1319411.jpeg"
Fruits & Vegetables,Cuts & Sprouts,"https://cdn.zeptonow.com/production/tr:w-90,ar-480-480,pr-true,f-auto,q-80/cms/sub_category/f3282f5f-6ab2-4998-977f-926d86bcbb56.png",Diet Salad,Diet,78,90,200 g,4.6 (453),Sold Out,https://www.zeptonow.com/pn/diet-salad/pvid/fe0c1658-0b66-4830-9340-cb19faa232b6,"https://cdn.zeptonow.com/production/tr:w-1280,ar-547-456,pr-true,f-auto,q-80/inventory/product/98fd1887-aebb-45b3-8e87-ced11eb4ac92-IMG-20230414-WA0376-removebg-preview.png"
Fruits & Vegetables,Cuts & Sprouts,"https://cdn.zeptonow.com/production/tr:w-90,ar-480-480,pr-true,f-auto,q-80/cms/sub_category/f3282f5f-6ab2-4998-977f-926d86bcbb56.png",Sprouted Coconut Flower Pack,Sprouted,73,73,1 piece,4.2 (699),Sold Out,https://www.zeptonow.com/pn/sprouted-coconut-flower-pack/pvid/02137630-f581-43f0-936e-111c2a6b442e,"https://cdn.zeptonow.com/production/tr:w-1280,ar-1000-981,pr-true,f-auto,q-80/inventory/product/77cc0879-1583-4ed4-a768-6c3d3390614d-/tmp/20231013-1800461.jpeg"
Fruits & Vegetables,Cuts & Sprouts,"https://cdn.zeptonow.com/production/tr:w-90,ar-480-480,pr-true,f-auto,q-80/cms/sub_category/f3282f5f-6ab2-4998-977f-926d86bcbb56.png",Mango Cut,Mango,47,56,200 g,4.3 (272),Sold Out,https://www.zeptonow.com/pn/mango-cut/pvid/d0f21eb9-8e86-4150-acca-9f1d3d2eb3af,"https://cdn.zeptonow.com/production/tr:w-1280,ar-225-225,pr-true,f-auto,q-80/inventory/product/f8b05b7b-510b-47df-aef9-8293dcb88e3d-image_file.jpeg"
Fruits & Vegetables,Cuts & Sprouts,"https://cdn.zeptonow.com/production/tr:w-90,ar-480-480,pr-true,f-auto,q-80/cms/sub_category/f3282f5f-6ab2-4998-977f-926d86bcbb56.png",Tadaa Sweet Corn Kernels Peri Peri,Tadaa,75,99,225 g,3.9 (233),Sold Out,https://www.zeptonow.com/pn/tadaa-sweet-corn-kernels-peri-peri/pvid/604a0eff-60aa-4546-af88-35c7e4ea288c,"https://cdn.zeptonow.com/production/tr:w-1280,ar-2906-2507,pr-true,f-auto,q-80/cms/product_variant/b017c2e4-0abe-4407-bc12-50d121215db6.png"
Fruits & Vegetables,Cuts & Sprouts,"https://cdn.zeptonow.com/production/tr:w-90,ar-480-480,pr-true,f-auto,q-80/cms/sub_category/f3282f5f-6ab2-4998-977f-926d86bcbb56.png","Pluckk Pomegranate Peeled Arils, 200 g",Pluckk,203,203,200 g,4.4 (614),Sold Out,https://www.zeptonow.com/pn/pluckk-pomegranate-peeled-arils-200-g/pvid/68dd6108-a048-4411-9c99-fbe799d5193f,"https://cdn.zeptonow.com/production/tr:w-1280,ar-1200-1200,pr-true,f-auto,q-80/cms/product_variant/6aa76137-8fb6-40d7-9151-8efe44a1ea90.jpg"
Fruits & Vegetables,Cuts & Sprouts,"https://cdn.zeptonow.com/production/tr:w-90,ar-480-480,pr-true,f-auto,q-80/cms/sub_category/f3282f5f-6ab2-4998-977f-926d86bcbb56.png",Pomegranate Peeled,Pomegranate,131,164,175 g,4.4 (1.2k),Sold Out,https://www.zeptonow.com/pn/pomegranate-peeled/pvid/7cb4b263-9029-42cb-834a-0cd2f16379fd,"https://cdn.zeptonow.com/production/tr:w-1280,ar-2928-3000,pr-true,f-auto,q-80/cms/product_variant/b348e832-8e00-4b8a-b05c-44cc7f712a19.jpeg"
Fruits & Vegetables,Cuts & Sprouts,"https://cdn.zeptonow.com/production/tr:w-90,ar-480-480,pr-true,f-auto,q-80/cms/sub_category/f3282f5f-6ab2-4998-977f-926d86bcbb56.png",Green Peas Peeled,Green,146,181,200 g,4.4 (1.7k),Sold Out,https://www.zeptonow.com/pn/green-peas-peeled/pvid/436e8cd5-57dd-448a-b758-50afc0d0b4fd,"https://cdn.zeptonow.com/production/tr:w-1280,ar-2400-2400,pr-true,f-auto,q-80/cms/product_variant/d848cc83-d454-45a9-b3c9-107272565c4a.jpeg"
Fruits & Vegetables,Cuts & Sprouts,"https://cdn.zeptonow.com/production/tr:w-90,ar-480-480,pr-true,f-auto,q-80/cms/sub_category/f3282f5f-6ab2-4998-977f-926d86bcbb56.png",Jackfruit Peeled,Jackfruit,115,144,250 g,4.7 (74),Sold Out,https://www.zeptonow.com/pn/jackfruit-peeled/pvid/0414d7f6-25bc-476b-a274-139f140db4f9,"https://cdn.zeptonow.com/production/tr:w-1280,ar-450-330,pr-true,f-auto,q-80/inventory/product/9a242c9a-6e73-4bc8-97c9-c039fbb3e0fc-image_file.webp"
Fruits & Vegetables,Frozen Veggies & Pulp,"https://cdn.zeptonow.com/production/tr:w-90,ar-500-500,pr-true,f-auto,q-80/cms/sub_category/4fdb58c9-69c3-445c-ae90-7d8055a3fef6.png",Frugivore Frozen Blueberry,Frugivore,638,980,500 g,4 (180),In Stock,https://www.zeptonow.com/pn/frugivore-frozen-blueberry/pvid/ddefa6d5-0e81-479c-ac14-427a13dbfd7b,"https://cdn.zeptonow.com/production/tr:w-1280,ar-1080-1080,pr-true,f-auto,q-80/cms/product_variant/5164a40a-92e3-4be1-9b54-9e60180f3874.jpeg"
Fruits & Vegetables,Frozen Veggies & Pulp,"https://cdn.zeptonow.com/production/tr:w-90,ar-500-500,pr-true,f-auto,q-80/cms/sub_category/4fdb58c9-69c3-445c-ae90-7d8055a3fef6.png",Frugivore Frozen Cranberry,Frugivore,312,480,200 g,5 (81),In Stock,https://www.zeptonow.com/pn/frugivore-frozen-cranberry/pvid/3cced78a-606d-4d09-8da9-c89c9b4f24ba,"https://cdn.zeptonow.com/production/tr:w-1280,ar-1080-1080,pr-true,f-auto,q-80/cms/product_variant/1ca64b34-a5d3-4731-be25-019113d4231c.jpeg"
Fruits & Vegetables,Frozen Veggies & Pulp,"https://cdn.zeptonow.com/production/tr:w-90,ar-500-500,pr-true,f-auto,q-80/cms/sub_category/4fdb58c9-69c3-445c-ae90-7d8055a3fef6.png",Yummiez Green Peas,Yu,149,160,500 g,4.6 (10.1k),In Stock,https://www.zeptonow.com/pn/yummiez-green-peas/pvid/46cd5bc6-3f03-4faf-a6d8-4825cbc0cd8e,"https://cdn.zeptonow.com/production/tr:w-1280,ar-1200-1200,pr-true,f-auto,q-80/cms/product_variant/2c3cf0da-b016-4b5d-b68d-2803cf604e41.jpeg"
Fruits & Vegetables,Frozen Veggies & Pulp,"https://cdn.zeptonow.com/production/tr:w-90,ar-500-500,pr-true,f-auto,q-80/cms/sub_category/4fdb58c9-69c3-445c-ae90-7d8055a3fef6.png",Farmland Sweet Corn | No Added Colours,Farmland,198,200,1 kg,4.7 (959),In Stock,https://www.zeptonow.com/pn/farmland-sweet-corn-no-added-colours/pvid/ff3befcf-7cd2-4278-a92a-445a4d5fd51d,"https://cdn.zeptonow.com/production/tr:w-1280,ar-900-900,pr-true,f-auto,q-80/cms/product_variant/8380dd78-7a08-4c8c-b7c9-410832d77292.jpeg"
Fruits & Vegetables,Frozen Veggies & Pulp,"https://cdn.zeptonow.com/production/tr:w-90,ar-500-500,pr-true,f-auto,q-80/cms/sub_category/4fdb58c9-69c3-445c-ae90-7d8055a3fef6.png",Yummiez American Sweet Corn,Yu,98,110,400 g,4.5 (3.0k),In Stock,https://www.zeptonow.com/pn/yummiez-american-sweet-corn/pvid/8dee25c8-4a21-48f5-a33f-65e838a2ca10,"https://cdn.zeptonow.com/production/tr:w-1280,ar-1200-1200,pr-true,f-auto,q-80/cms/product_variant/9ac81fed-76dd-48f8-add2-8d92a9329626.jpeg"
Fruits & Vegetables,Frozen Veggies & Pulp,"https://cdn.zeptonow.com/production/tr:w-90,ar-500-500,pr-true,f-auto,q-80/cms/sub_category/4fdb58c9-69c3-445c-ae90-7d8055a3fef6.png",Farmland Green Peas | No Added Colours,Farmland,242,320,1 kg,4.7 (5.8k),In Stock,https://www.zeptonow.com/pn/farmland-green-peas-no-added-colours/pvid/30b6be6f-85b4-4dee-8759-0235dd65653d,"https://cdn.zeptonow.com/production/tr:w-1280,ar-900-900,pr-true,f-auto,q-80/cms/product_variant/07334ac7-7510-46c6-802b-be6ae4952ed3.jpeg"
Fruits & Vegetables,Frozen Veggies & Pulp,"https://cdn.zeptonow.com/production/tr:w-90,ar-500-500,pr-true,f-auto,q-80/cms/sub_category/4fdb58c9-69c3-445c-ae90-7d8055a3fef6.png",Yummiez Green Peas,Yu,259,280,1 kg,4.6 (6.7k),In Stock,https://www.zeptonow.com/pn/yummiez-green-peas/pvid/d0a89dbd-71da-4e79-8a70-1cceae9b28e9,"https://cdn.zeptonow.com/production/tr:w-1280,ar-1200-1200,pr-true,f-auto,q-80/cms/product_variant/21aa68be-c7b2-4c56-bd91-75cf12d2c7a7.jpeg"
Fruits & Vegetables,Frozen Veggies & Pulp,"https://cdn.zeptonow.com/production/tr:w-90,ar-500-500,pr-true,f-auto,q-80/cms/sub_category/4fdb58c9-69c3-445c-ae90-7d8055a3fef6.png",Frugivore Frozen Blueberry,Frugivore,270,415,200 g,4.5 (278),In Stock,https://www.zeptonow.com/pn/frugivore-frozen-blueberry/pvid/bc9f4266-4b01-40bf-b0b4-f8d9d2e2b829,"https://cdn.zeptonow.com/production/tr:w-1280,ar-2160-2160,pr-true,f-auto,q-80/cms/product_variant/217fe9cc-02d9-4958-8c31-05510dd58aaf.jpeg"
Fruits & Vegetables,Frozen Veggies & Pulp,"https://cdn.zeptonow.com/production/tr:w-90,ar-500-500,pr-true,f-auto,q-80/cms/sub_category/4fdb58c9-69c3-445c-ae90-7d8055a3fef6.png",Frugivore Frozen Raspberry,Frugivore,423,650,200 g,4.5 (115),In Stock,https://www.zeptonow.com/pn/frugivore-frozen-raspberry/pvid/85e35253-18c0-44a2-91d2-13510932d7bb,"https://cdn.zeptonow.com/production/tr:w-1280,ar-1080-1080,pr-true,f-auto,q-80/cms/product_variant/7c12b89d-ed4b-4382-bf45-c4ec5e2c046b.jpeg"
Fruits & Vegetables,Frozen Veggies & Pulp,"https://cdn.zeptonow.com/production/tr:w-90,ar-500-500,pr-true,f-auto,q-80/cms/sub_category/4fdb58c9-69c3-445c-ae90-7d8055a3fef6.png",ITC Farmland Frozen Green Peas 1 kg Combo,ITC,452,640,1 kg X 2,4.6 (385),In Stock,https://www.zeptonow.com/pn/itc-farmland-frozen-green-peas-1-kg-combo/pvid/63ac7ee9-99e5-4eb9-93b2-7d1a3d42f90b,"https://cdn.zeptonow.com/production/tr:w-1280,ar-1200-1200,pr-true,f-auto,q-80/cms/product_variant/6f9e52be-cc59-4b10-a4ac-8d1c3fc8b72c.jpg"
Fruits & Vegetables,Frozen Veggies & Pulp,"https://cdn.zeptonow.com/production/tr:w-90,ar-500-500,pr-true,f-auto,q-80/cms/sub_category/4fdb58c9-69c3-445c-ae90-7d8055a3fef6.png",Yummiez American Sweet Corn 400 g Combo,Yu,184,220,400 g X 2,4.4 (770),In Stock,https://www.zeptonow.com/pn/yummiez-american-sweet-corn-400-g-combo/pvid/e57348d3-fbb3-41ac-b4cb-e8124d2b4514,"https://cdn.zeptonow.com/production/tr:w-1280,ar-1566-1566,pr-true,f-auto,q-80/cms/product_variant/b7b96f1f-0c1b-4de5-8d6c-6a303d05dfe4.jpg"
Fruits & Vegetables,Frozen Veggies & Pulp,"https://cdn.zeptonow.com/production/tr:w-90,ar-500-500,pr-true,f-auto,q-80/cms/sub_category/4fdb58c9-69c3-445c-ae90-7d8055a3fef6.png",Frugivore Frozen Mixed Berry,Frugivore,703,1080,500 g,3.9 (151),Sold Out,https://www.zeptonow.com/pn/frugivore-frozen-mixed-berry/pvid/e9ca8723-961f-43e5-9d9f-5aa891524d83,"https://cdn.zeptonow.com/production/tr:w-1280,ar-2160-2160,pr-true,f-auto,q-80/cms/product_variant/768af278-c792-4a03-9a82-0a9e0363c04e.jpeg"
Fruits & Vegetables,Frozen Veggies & Pulp,"https://cdn.zeptonow.com/production/tr:w-90,ar-500-500,pr-true,f-auto,q-80/cms/sub_category/4fdb58c9-69c3-445c-ae90-7d8055a3fef6.png",Pluckk Frozen Blueberry,Pluckk,200,269,200 g,4.4 (300),Sold Out,https://www.zeptonow.com/pn/pluckk-frozen-blueberry/pvid/8d932021-2392-416a-a571-3c8275c1e2ea,"https://cdn.zeptonow.com/production/tr:w-1280,ar-1200-1200,pr-true,f-auto,q-80/cms/product_variant/5824d30e-6728-4806-88a2-fa84c8f717bc.jpg"
Fruits & Vegetables,Frozen Veggies & Pulp,"https://cdn.zeptonow.com/production/tr:w-90,ar-500-500,pr-true,f-auto,q-80/cms/sub_category/4fdb58c9-69c3-445c-ae90-7d8055a3fef6.png",Yummiez Mixed Vegetables,Yu,99,110,500 g,4.4 (785),Sold Out,https://www.zeptonow.com/pn/yummiez-mixed-vegetables/pvid/b33a0fd6-ece7-484d-a58c-fd31cbaabbef,"https://cdn.zeptonow.com/production/tr:w-1280,ar-1200-1286,pr-true,f-auto,q-80/cms/product_variant/7f4aefbb-792e-42ea-bfff-f8cbc63c6c41.jpeg"
Fruits & Vegetables,Frozen Veggies & Pulp,"https://cdn.zeptonow.com/production/tr:w-90,ar-500-500,pr-true,f-auto,q-80/cms/sub_category/4fdb58c9-69c3-445c-ae90-7d8055a3fef6.png",Pluckk Frozen Mixed Berries,Pluckk,219,299,200 g,4.1 (181),Sold Out,https://www.zeptonow.com/pn/pluckk-frozen-mixed-berries/pvid/52b980ce-9cdb-4d36-bfff-6ce96f9e6e34,"https://cdn.zeptonow.com/production/tr:w-1280,ar-1200-1200,pr-true,f-auto,q-80/cms/product_variant/5c6206bd-096f-4001-bd1e-be9514608272.jpg"
Fruits & Vegetables,Frozen Veggies & Pulp,"https://cdn.zeptonow.com/production/tr:w-90,ar-500-500,pr-true,f-auto,q-80/cms/sub_category/4fdb58c9-69c3-445c-ae90-7d8055a3fef6.png",Pluckk Frozen Strawberry,Pluckk,179,259,200 g,4.6 (171),Sold Out,https://www.zeptonow.com/pn/pluckk-frozen-strawberry/pvid/72d1412d-8707-4496-bb6b-006907bebf82,"https://cdn.zeptonow.com/production/tr:w-1280,ar-1200-1200,pr-true,f-auto,q-80/cms/product_variant/f46b59c6-96ab-42b8-9394-47582799f82f.jpg"
Fruits & Vegetables,Frozen Veggies & Pulp,"https://cdn.zeptonow.com/production/tr:w-90,ar-500-500,pr-true,f-auto,q-80/cms/sub_category/4fdb58c9-69c3-445c-ae90-7d8055a3fef6.png",Frugivore Frozen Strawberry,Frugivore,166,255,200 g,4.5 (164),Sold Out,https://www.zeptonow.com/pn/frugivore-frozen-strawberry/pvid/1582f41f-a237-4a0d-903d-511149d87f1d,"https://cdn.zeptonow.com/production/tr:w-1280,ar-1080-1080,pr-true,f-auto,q-80/cms/product_variant/59138629-7903-4629-8839-be91f9bd1fd4.jpeg"
Fruits & Vegetables,Frozen Veggies & Pulp,"https://cdn.zeptonow.com/production/tr:w-90,ar-500-500,pr-true,f-auto,q-80/cms/sub_category/4fdb58c9-69c3-445c-ae90-7d8055a3fef6.png",Frugivore Frozen Mixed Berry,Frugivore,296,455,200 g,4.6 (169),Sold Out,https://www.zeptonow.com/pn/frugivore-frozen-mixed-berry/pvid/366e5508-a0bd-4357-ac4a-62d68fbaf163,"https://cdn.zeptonow.com/production/tr:w-1280,ar-1080-1080,pr-true,f-auto,q-80/cms/product_variant/6e03fd5a-c30f-4ded-94be-ec9e18fee098.jpeg"
Fruits & Vegetables,Frozen Veggies & Pulp,"https://cdn.zeptonow.com/production/tr:w-90,ar-500-500,pr-true,f-auto,q-80/cms/sub_category/4fdb58c9-69c3-445c-ae90-7d8055a3fef6.png",Pluckk Frozen Raspberry,Pluckk,324,499,200 g,4.1 (93),Sold Out,https://www.zeptonow.com/pn/pluckk-frozen-raspberry/pvid/05d95671-a9a5-4868-91fa-80332e403610,"https://cdn.zeptonow.com/production/tr:w-1280,ar-1200-1200,pr-true,f-auto,q-80/cms/product_variant/b0c99fa2-6159-45ee-8042-c7e53dac67c6.jpg"
Fruits & Vegetables,Frozen Veggies & Pulp,"https://cdn.zeptonow.com/production/tr:w-90,ar-500-500,pr-true,f-auto,q-80/cms/sub_category/4fdb58c9-69c3-445c-ae90-7d8055a3fef6.png",Frugivore Frozen Blackberry,Frugivore,339,520,200 g,4.1 (136),Sold Out,https://www.zeptonow.com/pn/frugivore-frozen-blackberry/pvid/149d5356-620f-47c3-8ae0-1136a3528168,"https://cdn.zeptonow.com/production/tr:w-1280,ar-1080-1080,pr-true,f-auto,q-80/cms/product_variant/6f26e18e-cf3f-481d-b61d-d998202e169c.jpeg"
