main_category,sub_category,sub_category_image_url,product_name,brand,price,original_price,quantity,rating,stock_status,product_url,image_url
Homegrown Brands,Drinks & Juices,"https://cdn.zeptonow.com/production/tr:w-90,ar-120-120,pr-true,f-auto,q-80/cms/sub_category/236.png",Perrier Imported Sparkling Water,Perrier,375,375,750 ml,4.6 (103),In Stock,https://www.zeptonow.com/pn/perrier-imported-sparkling-water/pvid/e76dcf81-93fb-4028-82c7-a369eef96750,"https://cdn.zeptonow.com/production/tr:w-1280,ar-1200-1200,pr-true,f-auto,q-80/cms/product_variant/a84f74bd-fade-4eab-8fb8-aabb40af8f6a.jpg"
Homegrown Brands,Drinks & Juices,"https://cdn.zeptonow.com/production/tr:w-90,ar-120-120,pr-true,f-auto,q-80/cms/sub_category/236.png",Paper Boat Zero Sugar Mint Mojito Sparkling Water | Sugar Free Cocktail Mixer,Paper Boat,59,60,600 ml,4.7 (2.1k),In Stock,https://www.zeptonow.com/pn/paper-boat-zero-sugar-mint-mojito-sparkling-water-sugar-free-cocktail-mixer/pvid/a04753fd-cbc4-4f97-a7d4-bddf59a1928d,"https://cdn.zeptonow.com/production/tr:w-1280,ar-1200-1200,pr-true,f-auto,q-80/cms/product_variant/fe40d8b1-39e0-4663-802c-b4e0536a871b.jpeg"
Homegrown Brands,Drinks & Juices,"https://cdn.zeptonow.com/production/tr:w-90,ar-120-120,pr-true,f-auto,q-80/cms/sub_category/236.png",Paper Boat Zero Sugar Lemon Lime Sparkling Water | Sugar Free Cold Drink,Paper Boat,59,60,600 ml,4.8 (6.7k),In Stock,https://www.zeptonow.com/pn/paper-boat-zero-sugar-lemon-lime-sparkling-water-sugar-free-cold-drink/pvid/a02356db-f2df-4bb0-a669-64d47857bc43,"https://cdn.zeptonow.com/production/tr:w-1280,ar-1200-1200,pr-true,f-auto,q-80/cms/product_variant/78e249b6-e4dd-42a0-a0f8-732496ce7f78.jpeg"
Homegrown Brands,Drinks & Juices,"https://cdn.zeptonow.com/production/tr:w-90,ar-120-120,pr-true,f-auto,q-80/cms/sub_category/236.png",Paper Boat Zero Sugar Ginger Lemon Sparkling Water | Sugar Free Ginger Ale Drink,Paper Boat,59,60,600 ml,4.8 (2.3k),In Stock,https://www.zeptonow.com/pn/paper-boat-zero-sugar-ginger-lemon-sparkling-water-sugar-free-ginger-ale-drink/pvid/fb735a3d-13e8-49d3-aca2-eb1d2b33ad11,"https://cdn.zeptonow.com/production/tr:w-1280,ar-1200-1200,pr-true,f-auto,q-80/cms/product_variant/d83d5ecf-6af4-4731-b212-05118c78a1cf.jpeg"
Homegrown Brands,Drinks & Juices,"https://cdn.zeptonow.com/production/tr:w-90,ar-120-120,pr-true,f-auto,q-80/cms/sub_category/236.png",Paper Boat Zero Sugar Green Apple Sparkling Water | Sugar Free Cold Drink,Paper Boat,59,60,600 ml,4.9 (2.7k),In Stock,https://www.zeptonow.com/pn/paper-boat-zero-sugar-green-apple-sparkling-water-sugar-free-cold-drink/pvid/10ea9553-c5b5-438e-b92c-17152d50916c,"https://cdn.zeptonow.com/production/tr:w-1280,ar-1000-1000,pr-true,f-auto,q-80/cms/product_variant/2e4e73c3-e25a-49af-8145-f56a2eeef23e.jpg"
Homegrown Brands,Drinks & Juices,"https://cdn.zeptonow.com/production/tr:w-90,ar-120-120,pr-true,f-auto,q-80/cms/sub_category/236.png",Jimmy's Cocktails Zero Sugar Green Apple Sparkling Water,Jimmy's,60,60,600 ml,4.4 (383),In Stock,https://www.zeptonow.com/pn/jimmys-cocktails-zero-sugar-green-apple-sparkling-water/pvid/ceda09b9-2a65-4b4c-bc64-c89037d94040,"https://cdn.zeptonow.com/production/tr:w-1280,ar-1000-1000,pr-true,f-auto,q-80/cms/product_variant/26cc9a1d-2878-452f-9e20-0e85fde58c49.jpeg"
Homegrown Brands,Drinks & Juices,"https://cdn.zeptonow.com/production/tr:w-90,ar-120-120,pr-true,f-auto,q-80/cms/sub_category/236.png",Paper Boat Zero Sugar Peach Sparkling Water | Sugar Free Cold Drink,Paper Boat,59,60,600 ml,4.8 (2.6k),In Stock,https://www.zeptonow.com/pn/paper-boat-zero-sugar-peach-sparkling-water-sugar-free-cold-drink/pvid/e1365193-da9f-41e0-99ba-2e45f0377879,"https://cdn.zeptonow.com/production/tr:w-1280,ar-1200-1200,pr-true,f-auto,q-80/cms/product_variant/ad33c80d-b0e4-41b5-bfac-59bcfafbf829.jpeg"
Homegrown Brands,Drinks & Juices,"https://cdn.zeptonow.com/production/tr:w-90,ar-120-120,pr-true,f-auto,q-80/cms/sub_category/236.png",Jimmy's Cocktails Zero Sugar Lime & Lemon Sparkling Water,Jimmy's,59,60,600 ml,4.4 (323),In Stock,https://www.zeptonow.com/pn/jimmys-cocktails-zero-sugar-lime-lemon-sparkling-water/pvid/c29f6b00-3642-41c9-95ce-758694d324e6,"https://cdn.zeptonow.com/production/tr:w-1280,ar-1000-1000,pr-true,f-auto,q-80/cms/product_variant/0da8222c-44a4-4348-ad04-fc84ff117d69.jpeg"
Homegrown Brands,Drinks & Juices,"https://cdn.zeptonow.com/production/tr:w-90,ar-120-120,pr-true,f-auto,q-80/cms/sub_category/236.png",Jimmy's Cocktails Peach Sparkling Water,Jimmy's,60,60,600 ml,4.7 (311),In Stock,https://www.zeptonow.com/pn/jimmys-cocktails-peach-sparkling-water/pvid/9f778db2-a30d-4d9f-89f3-dc2d16fb312b,"https://cdn.zeptonow.com/production/tr:w-1280,ar-1000-1000,pr-true,f-auto,q-80/cms/product_variant/a56fe0ad-f022-4e9e-bcaf-26f040035b16.jpeg"
Homegrown Brands,Drinks & Juices,"https://cdn.zeptonow.com/production/tr:w-90,ar-120-120,pr-true,f-auto,q-80/cms/sub_category/236.png",Paper Boat Zero Sugar Cumin Sparkling Water | Sugar Free Jeera Drink,Paper Boat,59,60,600 ml,4.8 (4.2k),In Stock,https://www.zeptonow.com/pn/paper-boat-zero-sugar-cumin-sparkling-water-sugar-free-jeera-drink/pvid/51573613-2f20-475c-86fd-0555c5c23633,"https://cdn.zeptonow.com/production/tr:w-1280,ar-1200-1200,pr-true,f-auto,q-80/cms/product_variant/5a3d7ace-bd17-4a79-b9a9-550024ca7fcd.jpeg"
Homegrown Brands,Drinks & Juices,"https://cdn.zeptonow.com/production/tr:w-90,ar-120-120,pr-true,f-auto,q-80/cms/sub_category/236.png",Polka Pop Lemon and Lime Sparkling Water,Polka,40,40,300 ml,4.4 (2.7k),In Stock,https://www.zeptonow.com/pn/polka-pop-lemon-and-lime-sparkling-water/pvid/a9c6c418-25fe-4ae3-a16e-da8e0384342f,"https://cdn.zeptonow.com/production/tr:w-1280,ar-1080-1080,pr-true,f-auto,q-80/cms/product_variant/66bf471b-73b9-446b-81e6-e6ac4d39be9a.jpeg"
Homegrown Brands,Drinks & Juices,"https://cdn.zeptonow.com/production/tr:w-90,ar-120-120,pr-true,f-auto,q-80/cms/sub_category/236.png",Polka Pop Cranberry Sparkling Water,Polka,40,40,300 ml,4.1 (2.8k),In Stock,https://www.zeptonow.com/pn/polka-pop-cranberry-sparkling-water/pvid/892a7fd3-3280-49d9-8aac-526c7ee7449e,"https://cdn.zeptonow.com/production/tr:w-1280,ar-4500-4500,pr-true,f-auto,q-80/cms/product_variant/80c416bd-9b6e-4c6a-b2c5-96727991c552.jpeg"
Homegrown Brands,Drinks & Juices,"https://cdn.zeptonow.com/production/tr:w-90,ar-120-120,pr-true,f-auto,q-80/cms/sub_category/236.png",Polka Pop Peach Sparkling Water,Polka,40,40,300 ml,4.1 (1.4k),In Stock,https://www.zeptonow.com/pn/polka-pop-peach-sparkling-water/pvid/01a556cd-240a-45cf-bf71-5d43ce5e03e9,"https://cdn.zeptonow.com/production/tr:w-1280,ar-4500-4500,pr-true,f-auto,q-80/cms/product_variant/ac36525a-6a86-45c2-beb7-485cc80cff77.jpeg"
Homegrown Brands,Drinks & Juices,"https://cdn.zeptonow.com/production/tr:w-90,ar-120-120,pr-true,f-auto,q-80/cms/sub_category/236.png",Paper Boat Zero Sugar Yuzu Orange Sparkling Water | Sugar Free Cold Drink,Paper Boat,59,60,600 ml,4 (1.4k),In Stock,https://www.zeptonow.com/pn/paper-boat-zero-sugar-yuzu-orange-sparkling-water-sugar-free-cold-drink/pvid/e323afa6-04cb-497c-8cc6-4266f22aeb94,"https://cdn.zeptonow.com/production/tr:w-1280,ar-980-980,pr-true,f-auto,q-80/cms/product_variant/8c96dea4-29dc-4869-aeb8-fcfc632b6843.jpeg"
Homegrown Brands,Drinks & Juices,"https://cdn.zeptonow.com/production/tr:w-90,ar-120-120,pr-true,f-auto,q-80/cms/sub_category/236.png",Polka Pop Ginger Sparkling Water,Polka,40,40,300 ml,4.3 (818),In Stock,https://www.zeptonow.com/pn/polka-pop-ginger-sparkling-water/pvid/778993a3-f4a6-4bf6-83b9-ef5784801ab1,"https://cdn.zeptonow.com/production/tr:w-1280,ar-4500-4500,pr-true,f-auto,q-80/cms/product_variant/b68d0c88-2af5-4a8c-8a26-7b34069f5c47.png"
Homegrown Brands,Drinks & Juices,"https://cdn.zeptonow.com/production/tr:w-90,ar-120-120,pr-true,f-auto,q-80/cms/sub_category/236.png",Paper Boat Zero Sugar Indian Tonic Water | Sugar Free Cocktail Mixer,Paper Boat,59,60,600 ml,4.6 (524),In Stock,https://www.zeptonow.com/pn/paper-boat-zero-sugar-indian-tonic-water-sugar-free-cocktail-mixer/pvid/8e47c7df-edc3-4058-9c43-55727f2ea808,"https://cdn.zeptonow.com/production/tr:w-1280,ar-1200-1200,pr-true,f-auto,q-80/cms/product_variant/36089e22-ac33-4e00-9476-a853451d461e.jpeg"
Homegrown Brands,Drinks & Juices,"https://cdn.zeptonow.com/production/tr:w-90,ar-120-120,pr-true,f-auto,q-80/cms/sub_category/236.png",Real Cheers Tonic Water - Cocktail Mixer,Real,60,65,250 ml,4.4 (113),In Stock,https://www.zeptonow.com/pn/real-cheers-tonic-water-cocktail-mixer/pvid/3aaa5b73-edd0-4bdf-be3f-2ad4019bb367,"https://cdn.zeptonow.com/production/tr:w-1280,ar-2000-2000,pr-true,f-auto,q-80/cms/product_variant/75169b9f-4ae9-4865-8000-158168b1b1a4.jpg"
Homegrown Brands,Drinks & Juices,"https://cdn.zeptonow.com/production/tr:w-90,ar-120-120,pr-true,f-auto,q-80/cms/sub_category/236.png",Paper Boat Zero Sugar Cranberry Lime Sparkling Water | Sugar Free Cold Drink,Paper Boat,59,60,600 ml,4.8 (3.7k),Sold Out,https://www.zeptonow.com/pn/paper-boat-zero-sugar-cranberry-lime-sparkling-water-sugar-free-cold-drink/pvid/e92688b0-c159-4f43-90e1-b1c4b3492990,"https://cdn.zeptonow.com/production/tr:w-1280,ar-980-980,pr-true,f-auto,q-80/cms/product_variant/7ce997be-a589-4543-beae-02ed32712c2e.jpeg"
Homegrown Brands,Drinks & Juices,"https://cdn.zeptonow.com/production/tr:w-90,ar-120-120,pr-true,f-auto,q-80/cms/sub_category/236.png",Schweppes Indian Tonic Water,Schweppes,57,60,300 ml,4.3 (5.4k),Sold Out,https://www.zeptonow.com/pn/schweppes-indian-tonic-water/pvid/5ceab9a9-f5c6-421b-8914-7737d930363e,"https://cdn.zeptonow.com/production/tr:w-1280,ar-1200-1200,pr-true,f-auto,q-80/cms/product_variant/6a43abcd-7261-4ebf-aca2-d5664ce6bcd1.jpeg"
Homegrown Brands,Drinks & Juices,"https://cdn.zeptonow.com/production/tr:w-90,ar-120-120,pr-true,f-auto,q-80/cms/sub_category/236.png",Jade Forest Elderflower Tonic Water,Jade,78,79,250 ml,3.9 (56),Sold Out,https://www.zeptonow.com/pn/jade-forest-elderflower-tonic-water/pvid/c6ddb745-cbe0-472c-ab04-63945181bcbb,"https://cdn.zeptonow.com/production/tr:w-1280,ar-2222-2222,pr-true,f-auto,q-80/cms/product_variant/56c17e37-10ff-4c33-984c-b9eba70c326a.jpeg"
Homegrown Brands,Assorted Snacks,"https://cdn.zeptonow.com/production/tr:w-90,ar-120-120,pr-true,f-auto,q-80/cms/sub_category/237.png",Crax Curls Chatpata Masala Puff Snacks,Crax,36,60,82 g,4.7 (47.2k),In Stock,https://www.zeptonow.com/pn/crax-curls-chatpata-masala-puff-snacks/pvid/82839eb6-92a7-49ff-9f9e-a31a1a46a2c6,"https://cdn.zeptonow.com/production/tr:w-1280,ar-1165-1500,pr-true,f-auto,q-80/cms/product_variant/af03b0f6-5d00-444c-a87e-486148a05693.png"
Homegrown Brands,Assorted Snacks,"https://cdn.zeptonow.com/production/tr:w-90,ar-120-120,pr-true,f-auto,q-80/cms/sub_category/237.png",Bingo Hashtags Potato Chips - Spicy Masala,Bingo,26,30,53 g,4.6 (10.6k),In Stock,https://www.zeptonow.com/pn/bingo-hashtags-potato-chips-spicy-masala/pvid/543d514b-92c9-45b9-b90c-1a0498e9c15b,"https://cdn.zeptonow.com/production/tr:w-0.98,h-0.98,f-auto/cms/product_variant/680dec99-8de6-4ad0-b353-94b039bd759d.jpeg"
Homegrown Brands,Assorted Snacks,"https://cdn.zeptonow.com/production/tr:w-90,ar-120-120,pr-true,f-auto,q-80/cms/sub_category/237.png",Bingo! Original Style Potato Chips - Korean Style,Bingo!,42,50,85 g,4.6 (7.7k),In Stock,https://www.zeptonow.com/pn/bingo-original-style-potato-chips-korean-style/pvid/ab1d7510-24c7-49e3-af75-aec8c180547a,"https://cdn.zeptonow.com/production/tr:w-1280,ar-669-720,pr-true,f-auto,q-80/cms/product_variant/8780f9b0-c700-46b8-a15e-8c4d3c239134.png"
Homegrown Brands,Assorted Snacks,"https://cdn.zeptonow.com/production/tr:w-90,ar-120-120,pr-true,f-auto,q-80/cms/sub_category/237.png",Bingo! Hot & Spicy Hashtags - Korean Style,Bingo!,24,30,53 g,4.6 (6.2k),In Stock,https://www.zeptonow.com/pn/bingo-hot-spicy-hashtags-korean-style/pvid/44c6b698-2f48-43c9-bf4c-40c61451a779,"https://cdn.zeptonow.com/production/tr:w-1280,ar-785-838,pr-true,f-auto,q-80/cms/product_variant/2a6570f1-843f-4f1e-b985-c8d7dc93c775.jpg"
Homegrown Brands,Assorted Snacks,"https://cdn.zeptonow.com/production/tr:w-90,ar-120-120,pr-true,f-auto,q-80/cms/sub_category/237.png",Bingo! Popped Chips Indian Spice Mix,Bingo!,45,50,48 g,4.5 (620),In Stock,https://www.zeptonow.com/pn/bingo-popped-chips-indian-spice-mix/pvid/0977f75b-cd5b-4769-b959-f7e6082dbacd,"https://cdn.zeptonow.com/production/tr:w-1280,ar-1200-1200,pr-true,f-auto,q-80/cms/product_variant/c29a0b44-0d08-454f-b739-7f7597b37ea6.jpeg"
Homegrown Brands,Assorted Snacks,"https://cdn.zeptonow.com/production/tr:w-90,ar-120-120,pr-true,f-auto,q-80/cms/sub_category/237.png",Bingo! Mad Angles Achaari Masti Crisps,Bingo!,43,50,117 g,4.7 (137.7k),In Stock,https://www.zeptonow.com/pn/bingo-mad-angles-achaari-masti-crisps/pvid/be717299-1656-49a7-a0e3-8c55eeaf9969,"https://cdn.zeptonow.com/production/tr:w-1280,ar-1200-1200,pr-true,f-auto,q-80/cms/product_variant/2e39ac3d-a244-4362-a7d6-694f33cf32c2.jpeg"
Homegrown Brands,Assorted Snacks,"https://cdn.zeptonow.com/production/tr:w-90,ar-120-120,pr-true,f-auto,q-80/cms/sub_category/237.png",Bingo Yumitos Original Style - Salted,Yu,20,20,43 g,4.7 (20.2k),In Stock,https://www.zeptonow.com/pn/bingo-yumitos-original-style-salted/pvid/486d2389-c25f-49e2-933b-a0c7e1f03cb6,"https://cdn.zeptonow.com/production/tr:w-1280,ar-2560-2560,pr-true,f-auto,q-80/cms/product_variant/0f2ec5fb-590e-455f-8b01-9a05968500c0.jpeg"
Homegrown Brands,Assorted Snacks,"https://cdn.zeptonow.com/production/tr:w-90,ar-120-120,pr-true,f-auto,q-80/cms/sub_category/237.png",Bingo! Mad Angles Masala Madness Crisps,Bingo!,19,20,60 g,4.6 (33.7k),In Stock,https://www.zeptonow.com/pn/bingo-mad-angles-masala-madness-crisps/pvid/7bfb3f6f-c392-4dcf-acbc-ba268e1bf92c,"https://cdn.zeptonow.com/production/tr:w-1280,ar-1200-1200,pr-true,f-auto,q-80/cms/product_variant/0731bfbe-4e4d-4ade-925d-560d1aa7d038.jpeg"
Homegrown Brands,Assorted Snacks,"https://cdn.zeptonow.com/production/tr:w-90,ar-120-120,pr-true,f-auto,q-80/cms/sub_category/237.png",Bingo! Popped Chips Sour Cream & Herbs,Bingo!,18,20,25 g,4.8 (508),In Stock,https://www.zeptonow.com/pn/bingo-popped-chips-sour-cream-herbs/pvid/dbbe718b-d0f0-4e11-aaa0-59518bf7e7c1,"https://cdn.zeptonow.com/production/tr:w-1280,ar-1773-1773,pr-true,f-auto,q-80/cms/product_variant/f4491b6e-e693-40a9-8432-604f6c8a3038.jpeg"
Homegrown Brands,Assorted Snacks,"https://cdn.zeptonow.com/production/tr:w-90,ar-120-120,pr-true,f-auto,q-80/cms/sub_category/237.png",Bingo! Original Style Chilli Sprinkled - Flat Cut Spicy Potato Chips Pack for Snacks,Bingo!,48,50,85 g,4.7 (159.9k),In Stock,https://www.zeptonow.com/pn/bingo-original-style-chilli-sprinkled-flat-cut-spicy-potato-chips-pack-for-snacks/pvid/cff91b9e-62d9-46a4-bd36-974c1e8df51c,"https://cdn.zeptonow.com/production/tr:w-1280,ar-2560-2560,pr-true,f-auto,q-80/cms/product_variant/6ae8e5d7-656a-483c-950a-5625232c933c.jpeg"
Homegrown Brands,Assorted Snacks,"https://cdn.zeptonow.com/production/tr:w-90,ar-120-120,pr-true,f-auto,q-80/cms/sub_category/237.png",Bingo! Mad Angles Very Peri Peri Crisps,Bingo!,45,50,117 g,4.5 (7.9k),In Stock,https://www.zeptonow.com/pn/bingo-mad-angles-very-peri-peri-crisps/pvid/2c286382-c7cd-4af5-ab6f-c8d11fbeeb04,"https://cdn.zeptonow.com/production/tr:w-1280,ar-1500-1500,pr-true,f-auto,q-80/cms/product_variant/a2fbf3c3-6c31-4537-8bc5-ad4c66910932.jpeg"
Homegrown Brands,Assorted Snacks,"https://cdn.zeptonow.com/production/tr:w-90,ar-120-120,pr-true,f-auto,q-80/cms/sub_category/237.png",Bingo! Original Style Chilli Sprinkled - Flat Cut Spicy Potato Chips Pack for Snacks,Bingo!,19,20,43 g,4.7 (237.3k),In Stock,https://www.zeptonow.com/pn/bingo-original-style-chilli-sprinkled-flat-cut-spicy-potato-chips-pack-for-snacks/pvid/cc0c8026-9b71-4bdd-bc88-b55d08e50185,"https://cdn.zeptonow.com/production/tr:w-1280,ar-2400-2400,pr-true,f-auto,q-80/cms/product_variant/287c93bf-a8b4-4163-82e1-da9466771f0c.jpeg"
Homegrown Brands,Assorted Snacks,"https://cdn.zeptonow.com/production/tr:w-90,ar-120-120,pr-true,f-auto,q-80/cms/sub_category/237.png",Bingo Mad Angles Tomato Madness,Bingo,20,20,60 g,4.7 (49.6k),In Stock,https://www.zeptonow.com/pn/bingo-mad-angles-tomato-madness/pvid/9468186f-3b4f-401e-821c-94683949453c,"https://cdn.zeptonow.com/production/tr:w-1280,ar-1021-1021,pr-true,f-auto,q-80/cms/product_variant/d9b7658b-926f-47f1-b45a-a723623ed232.jpeg"
Homegrown Brands,Assorted Snacks,"https://cdn.zeptonow.com/production/tr:w-90,ar-120-120,pr-true,f-auto,q-80/cms/sub_category/237.png",Bingo! Popped Chips Salt N Pepper,Bingo!,45,50,48 g,4.4 (425),In Stock,https://www.zeptonow.com/pn/bingo-popped-chips-salt-n-pepper/pvid/7602f20c-c4cd-43fc-b6a7-f72322a3d5e8,"https://cdn.zeptonow.com/production/tr:w-1280,ar-1200-1200,pr-true,f-auto,q-80/cms/product_variant/670ca7e9-4d55-4a2d-9adb-1474181a1e4d.jpeg"
Homegrown Brands,Assorted Snacks,"https://cdn.zeptonow.com/production/tr:w-90,ar-120-120,pr-true,f-auto,q-80/cms/sub_category/237.png",Bingo! Mad Angles Achaari Masti Crisps,Bingo!,19,20,60 g,4.7 (304.3k),In Stock,https://www.zeptonow.com/pn/bingo-mad-angles-achaari-masti-crisps/pvid/28239b4b-a028-4ccb-b8dd-62de1006b208,"https://cdn.zeptonow.com/production/tr:w-1280,ar-1500-1500,pr-true,f-auto,q-80/cms/product_variant/3a0ae201-ad5a-4757-a2c0-f687f7a2bf35.jpeg"
Homegrown Brands,Assorted Snacks,"https://cdn.zeptonow.com/production/tr:w-90,ar-120-120,pr-true,f-auto,q-80/cms/sub_category/237.png","Healthy Master Baked Chips Combo 210G (30G Each), (Pack Of 7)",Healthy,260,399,210 g,4.4 (191),In Stock,https://www.zeptonow.com/pn/healthy-master-baked-chips-combo-210g-30g-each-pack-of-7/pvid/ce26fa96-909a-4038-b166-d6075f05c8ae,"https://cdn.zeptonow.com/production/tr:w-1280,ar-1080-1080,pr-true,f-auto,q-80/cms/product_variant/0d806438-832d-4bd1-ab08-7f8bbd12e30a.jpg"
Homegrown Brands,Assorted Snacks,"https://cdn.zeptonow.com/production/tr:w-90,ar-120-120,pr-true,f-auto,q-80/cms/sub_category/237.png","Cheetos Masala Balls, Crispy Chips & Snacks",Cheetos,36,50,84 g,4.6 (22.6k),In Stock,https://www.zeptonow.com/pn/cheetos-masala-balls-crispy-chips-snacks/pvid/4c47c210-ab0a-4fb7-bdb3-2734af181edd,"https://cdn.zeptonow.com/production/tr:w-1280,ar-1200-1200,pr-true,f-auto,q-80/cms/product_variant/3ceffd72-4e82-4998-aa72-9a77ce47dddf.jpeg"
Homegrown Brands,Assorted Snacks,"https://cdn.zeptonow.com/production/tr:w-90,ar-120-120,pr-true,f-auto,q-80/cms/sub_category/237.png","VS Mani Potato Hot Chips Salt, No Palm Oil",VS,57,75,65 g,4.4 (3.4k),In Stock,https://www.zeptonow.com/pn/vs-mani-potato-hot-chips-salt-no-palm-oil/pvid/27f83d6a-520d-4b8a-8fd9-891a546b8856,"https://cdn.zeptonow.com/production/tr:w-1280,ar-1080-1080,pr-true,f-auto,q-80/cms/product_variant/bc01bbc9-8cdc-486f-bdd8-7e8edb9eb621.png"
Homegrown Brands,Assorted Snacks,"https://cdn.zeptonow.com/production/tr:w-90,ar-120-120,pr-true,f-auto,q-80/cms/sub_category/237.png",Modern Kitchens Hot Chips Spicy,Modern,62,70,100 g,4 (18.9k),In Stock,https://www.zeptonow.com/pn/modern-kitchens-hot-chips-spicy/pvid/bba38a1d-041f-4d31-8551-303e652422f4,"https://cdn.zeptonow.com/production/tr:w-1280,ar-1135-1672,pr-true,f-auto,q-80/cms/product_variant/306a2a1e-b22d-464a-9eca-380294bec9b3.jpeg"
Homegrown Brands,Assorted Snacks,"https://cdn.zeptonow.com/production/tr:w-90,ar-120-120,pr-true,f-auto,q-80/cms/sub_category/237.png",Sweet Karam Coffee Kerala Nendran Banana Chips,Sweet,63,69,65 g,4.7 (5.7k),In Stock,https://www.zeptonow.com/pn/sweet-karam-coffee-kerala-nendran-banana-chips/pvid/80370b55-c0a0-4356-b9b2-915b5252c8d7,"https://cdn.zeptonow.com/production/tr:w-1280,ar-2400-2400,pr-true,f-auto,q-80/cms/product_variant/ed5495bf-d9ac-4fd5-aea1-8724982566ff.jpeg"
Homegrown Brands,Assorted Snacks,"https://cdn.zeptonow.com/production/tr:w-90,ar-120-120,pr-true,f-auto,q-80/cms/sub_category/237.png",Modern Kitchens Banana Chips Salted,Modern,51,60,70 g,4.6 (24.2k),In Stock,https://www.zeptonow.com/pn/modern-kitchens-banana-chips-salted/pvid/5dae6a4d-b3e7-4743-9dce-3204acc60f35,"https://cdn.zeptonow.com/production/tr:w-1280,ar-1135-1672,pr-true,f-auto,q-80/cms/product_variant/1b367b3c-f29e-4e58-b888-f1db6519bd3b.jpeg"
Homegrown Brands,Assorted Snacks,"https://cdn.zeptonow.com/production/tr:w-90,ar-120-120,pr-true,f-auto,q-80/cms/sub_category/237.png",Modern Kitchens Wheel Chips,Modern,48,60,60 g,4.3 (2.2k),In Stock,https://www.zeptonow.com/pn/modern-kitchens-wheel-chips/pvid/7fa5e966-a041-497f-b980-94333b561174,"https://cdn.zeptonow.com/production/tr:w-1280,ar-2953-3543,pr-true,f-auto,q-80/cms/product_variant/3141100d-e224-42b8-bdaf-c231e5e904d6.jpg"
Homegrown Brands,Assorted Snacks,"https://cdn.zeptonow.com/production/tr:w-90,ar-120-120,pr-true,f-auto,q-80/cms/sub_category/237.png",Modern Kitchens Hot Chips Salted,Modern,63,70,100 g,4.4 (10.0k),In Stock,https://www.zeptonow.com/pn/modern-kitchens-hot-chips-salted/pvid/bba8758f-5dda-42a1-9372-1c378cfe6090,"https://cdn.zeptonow.com/production/tr:w-1280,ar-1088-1088,pr-true,f-auto,q-80/cms/product_variant/d0a60cbf-2fae-460b-bc28-68e762bc95a1.jpeg"
Homegrown Brands,Assorted Snacks,"https://cdn.zeptonow.com/production/tr:w-90,ar-120-120,pr-true,f-auto,q-80/cms/sub_category/237.png",Beyond Snack Kerala Banana Chips - Original Style,Beyond,54,60,70 g,4.6 (43.0k),In Stock,https://www.zeptonow.com/pn/beyond-snack-kerala-banana-chips-original-style/pvid/68cba80c-2777-454a-b655-b2d9def1f73f,"https://cdn.zeptonow.com/production/tr:w-1280,ar-1080-1080,pr-true,f-auto,q-80/cms/product_variant/921f3067-3b00-4e6d-9363-dd50cd1dc165.jpeg"
Homegrown Brands,Assorted Snacks,"https://cdn.zeptonow.com/production/tr:w-90,ar-120-120,pr-true,f-auto,q-80/cms/sub_category/237.png",A2B Masala Chips,A2B,44,45,100 g,4.4 (2.2k),In Stock,https://www.zeptonow.com/pn/a2b-masala-chips/pvid/78efa729-6a6b-45f6-8192-dc18c82e8e4e,"https://cdn.zeptonow.com/production/tr:w-1280,ar-1021-1021,pr-true,f-auto,q-80/cms/product_variant/72843202-9b5a-4157-8d98-c8027b078aa0.jpeg"
Homegrown Brands,Assorted Snacks,"https://cdn.zeptonow.com/production/tr:w-90,ar-120-120,pr-true,f-auto,q-80/cms/sub_category/237.png",Modern Kitchens Banana Chips Salted,Modern,92,120,160 g,4.8 (2.2k),In Stock,https://www.zeptonow.com/pn/modern-kitchens-banana-chips-salted/pvid/186d8486-a03e-4088-970c-054472a60547,"https://cdn.zeptonow.com/production/tr:w-1280,ar-2270-3344,pr-true,f-auto,q-80/cms/product_variant/2c480b15-3eda-43c2-a6f7-a605fd1b273c.jpg"
Homegrown Brands,Assorted Snacks,"https://cdn.zeptonow.com/production/tr:w-90,ar-120-120,pr-true,f-auto,q-80/cms/sub_category/237.png",Sweet Karam Coffee Indian Masala Tapioca Chips | No Palm Oil,Sweet,63,69,65 g,4.4 (1.7k),In Stock,https://www.zeptonow.com/pn/sweet-karam-coffee-indian-masala-tapioca-chips-no-palm-oil/pvid/110cefd8-ffc7-4b3c-8f68-9a025060b6ca,"https://cdn.zeptonow.com/production/tr:w-1280,ar-2001-2000,pr-true,f-auto,q-80/cms/product_variant/db5ac149-5ac3-47aa-835b-0fd116716d1e.jpeg"
Homegrown Brands,Assorted Snacks,"https://cdn.zeptonow.com/production/tr:w-90,ar-120-120,pr-true,f-auto,q-80/cms/sub_category/237.png",Sweet Karam Coffee Classic Tapioca Chips | No Palm Oil,Sweet,63,69,65 g,4.3 (2.3k),In Stock,https://www.zeptonow.com/pn/sweet-karam-coffee-classic-tapioca-chips-no-palm-oil/pvid/b07cc365-bb7f-4843-9751-6fe6f8930fb2,"https://cdn.zeptonow.com/production/tr:w-1280,ar-2001-2000,pr-true,f-auto,q-80/cms/product_variant/d7a2098c-4c04-4efd-a465-f115e4f4e45b.jpeg"
Homegrown Brands,Assorted Snacks,"https://cdn.zeptonow.com/production/tr:w-90,ar-120-120,pr-true,f-auto,q-80/cms/sub_category/237.png",Beyond Snack Kerala Banana Chips - Peri Peri,Beyond,53,60,70 g,4.7 (16.1k),In Stock,https://www.zeptonow.com/pn/beyond-snack-kerala-banana-chips-peri-peri/pvid/6495b184-3e27-4f6a-ac4e-d819fc81dd1e,"https://cdn.zeptonow.com/production/tr:w-1280,ar-1080-1080,pr-true,f-auto,q-80/cms/product_variant/48864931-d867-4b43-bacd-20e35ed6d8da.jpeg"
Homegrown Brands,Assorted Snacks,"https://cdn.zeptonow.com/production/tr:w-90,ar-120-120,pr-true,f-auto,q-80/cms/sub_category/237.png",Namaskaram Beetroot Chips,Namaskaram,66,75,100 g,4.8 (3.8k),In Stock,https://www.zeptonow.com/pn/namaskaram-beetroot-chips/pvid/d95ae599-a5b1-4fb2-a29a-cfa2e8cbd1de,"https://cdn.zeptonow.com/production/tr:w-1280,ar-1021-1021,pr-true,f-auto,q-80/cms/product_variant/d966e004-02d9-4a71-b5c7-37d505d7c6c2.jpeg"
Homegrown Brands,Assorted Snacks,"https://cdn.zeptonow.com/production/tr:w-90,ar-120-120,pr-true,f-auto,q-80/cms/sub_category/237.png",Modern Kitchens Banana Chips Spicy,Modern,52,60,70 g,4.5 (4.8k),In Stock,https://www.zeptonow.com/pn/modern-kitchens-banana-chips-spicy/pvid/f7397840-ceaf-465d-b700-02bada6f0818,"https://cdn.zeptonow.com/production/tr:w-1280,ar-1135-1672,pr-true,f-auto,q-80/cms/product_variant/2610cba8-9795-4d8d-b58d-0ee8b37dc45f.jpeg"
Homegrown Brands,Assorted Snacks,"https://cdn.zeptonow.com/production/tr:w-90,ar-120-120,pr-true,f-auto,q-80/cms/sub_category/237.png",Lay's American Cream & Onion Potato Chips,Lay's,20,20,48 g,4.7 (625.0k),In Stock,https://www.zeptonow.com/pn/lays-american-cream-onion-potato-chips/pvid/1e28f2c0-fbc5-4366-9efb-a65bd12428cb,"https://cdn.zeptonow.com/production/tr:w-1280,ar-2400-2400,pr-true,f-auto,q-80/cms/product_variant/e4e5e98d-56d9-4845-96c6-7f9f2326081a.jpg"
Homegrown Brands,Assorted Snacks,"https://cdn.zeptonow.com/production/tr:w-90,ar-120-120,pr-true,f-auto,q-80/cms/sub_category/237.png",Lay's India's Magic Masala Potato Chips,Lay's,20,20,48 g,4.7 (504.2k),In Stock,https://www.zeptonow.com/pn/lays-indias-magic-masala-potato-chips/pvid/07878a63-2656-4618-a7cc-ecfe8c2faf22,"https://cdn.zeptonow.com/production/tr:w-1280,ar-1021-1021,pr-true,f-auto,q-80/cms/product_variant/5f134c5a-96e7-4a31-95be-aa3958d768c1.jpeg"
Homegrown Brands,Assorted Snacks,"https://cdn.zeptonow.com/production/tr:w-90,ar-120-120,pr-true,f-auto,q-80/cms/sub_category/237.png",Uncle Chips Spicy Treat,Uncle,40,50,80 g,4.7 (65.0k),In Stock,https://www.zeptonow.com/pn/uncle-chips-spicy-treat/pvid/955ee89f-e341-4386-8582-7296905a9c09,"https://cdn.zeptonow.com/production/tr:w-1280,ar-2400-2400,pr-true,f-auto,q-80/cms/product_variant/dd8a7f89-8e5a-444c-8297-3575da357124.jpeg"
Homegrown Brands,Assorted Snacks,"https://cdn.zeptonow.com/production/tr:w-90,ar-120-120,pr-true,f-auto,q-80/cms/sub_category/237.png","VS Mani Potato Hot Chips Chilli, No Palm Oil",VS,57,75,65 g,4.1 (5.3k),In Stock,https://www.zeptonow.com/pn/vs-mani-potato-hot-chips-chilli-no-palm-oil/pvid/e34c1e67-8490-4cdc-b145-889bbdd036e5,"https://cdn.zeptonow.com/production/tr:w-1280,ar-1080-1080,pr-true,f-auto,q-80/cms/product_variant/88a2cc38-cb32-4e33-acac-f2aa4b1163fa.png"
Homegrown Brands,Assorted Snacks,"https://cdn.zeptonow.com/production/tr:w-90,ar-120-120,pr-true,f-auto,q-80/cms/sub_category/237.png",Beyond Snack Kerala Banana Chips - Hot & Sweet Chilli,Beyond,53,60,70 g,4.7 (3.6k),In Stock,https://www.zeptonow.com/pn/beyond-snack-kerala-banana-chips-hot-sweet-chilli/pvid/3679cf19-f1bc-4906-a499-e81d9d766bf1,"https://cdn.zeptonow.com/production/tr:w-1280,ar-1080-1080,pr-true,f-auto,q-80/cms/product_variant/9040ce68-f5f5-4100-9dbb-2ebd64f8f011.jpeg"
Homegrown Brands,Assorted Snacks,"https://cdn.zeptonow.com/production/tr:w-90,ar-120-120,pr-true,f-auto,q-80/cms/sub_category/237.png",Lay's West Indies Hot 'n' Sweet Chilli Potato Chips,Lay's,20,20,48 g,4.7 (247.8k),In Stock,https://www.zeptonow.com/pn/lays-west-indies-hot-n-sweet-chilli-potato-chips/pvid/70bda37d-7f15-4189-b90c-e16dc170d950,"https://cdn.zeptonow.com/production/tr:w-1280,ar-1021-1021,pr-true,f-auto,q-80/cms/product_variant/0051be8c-c6f0-43be-a534-82b6bc7d222a.jpeg"
Homegrown Brands,Assorted Snacks,"https://cdn.zeptonow.com/production/tr:w-90,ar-120-120,pr-true,f-auto,q-80/cms/sub_category/237.png",Too Yumm - Potato Chips American Sour Cream And Onion,Yu,52,70,84 g,4.4 (7.6k),In Stock,https://www.zeptonow.com/pn/too-yumm-potato-chips-american-sour-cream-and-onion/pvid/8952bf12-7512-4f88-bf09-ddfab6608c65,"https://cdn.zeptonow.com/production/tr:w-1280,ar-2000-2000,pr-true,f-auto,q-80/cms/product_variant/8895c21c-1ef5-4791-8ff2-7c67e681c5fd.jpg"
Homegrown Brands,Assorted Snacks,"https://cdn.zeptonow.com/production/tr:w-90,ar-120-120,pr-true,f-auto,q-80/cms/sub_category/237.png",Pringles Potato Chips - Sour Cream & Onion,Pringles,59,60,40 g,4.6 (9.0k),In Stock,https://www.zeptonow.com/pn/pringles-potato-chips-sour-cream-onion/pvid/e942fea9-1496-4a90-b371-82f18527a72b,"https://cdn.zeptonow.com/production/tr:w-1280,ar-3000-3000,pr-true,f-auto,q-80/cms/product_variant/b6a388d2-67dd-4dee-96bb-e8b284c76f62e942fea9-1496-4a90-b371-82f18527a72b2023-10-31 14:48:08.012630665 +0000 UTC m=+13563.032045394.jpg"
Homegrown Brands,Assorted Snacks,"https://cdn.zeptonow.com/production/tr:w-90,ar-120-120,pr-true,f-auto,q-80/cms/sub_category/237.png",Pringles Potato Chips Sour Cream & Onion Flavour,Pringles,117,125,107 g,4.6 (6.8k),In Stock,https://www.zeptonow.com/pn/pringles-potato-chips-sour-cream-onion-flavour/pvid/3974346d-33ac-4c68-acef-94c25a62d264,"https://cdn.zeptonow.com/production/tr:w-1280,ar-1200-1200,pr-true,f-auto,q-80/cms/product_variant/c4253ee9-dc8d-4b35-9765-96d24d307fc7.jpeg"
Homegrown Brands,Assorted Snacks,"https://cdn.zeptonow.com/production/tr:w-90,ar-120-120,pr-true,f-auto,q-80/cms/sub_category/237.png",Pringles Potato Chips Pizza Flavour,Pringles,117,125,102 g,4.4 (7.7k),In Stock,https://www.zeptonow.com/pn/pringles-potato-chips-pizza-flavour/pvid/ab7eea16-5afc-4ffe-ad69-874a444f8a98,"https://cdn.zeptonow.com/production/tr:w-1280,ar-3000-3000,pr-true,f-auto,q-80/cms/product_variant/4281c019-a101-49b5-a094-5ed0be8c40bd.jpeg"
Homegrown Brands,Assorted Snacks,"https://cdn.zeptonow.com/production/tr:w-90,ar-120-120,pr-true,f-auto,q-80/cms/sub_category/237.png",Modern Kitchens Potato Chips Salted,Modern,37,40,70 g,4.7 (5.1k),In Stock,https://www.zeptonow.com/pn/modern-kitchens-potato-chips-salted/pvid/b7ee59e0-5513-4d62-a791-894fe9d8811a,"https://cdn.zeptonow.com/production/tr:w-1280,ar-1135-1672,pr-true,f-auto,q-80/cms/product_variant/3adc05af-288c-4565-9d3e-4d230b26f6fd.jpeg"
Homegrown Brands,Assorted Snacks,"https://cdn.zeptonow.com/production/tr:w-90,ar-120-120,pr-true,f-auto,q-80/cms/sub_category/237.png","Beyond Snack Kerala Banana Chips - Sour Cream, Onion & Parsley",Beyond,54,60,70 g,4.6 (5.2k),In Stock,https://www.zeptonow.com/pn/beyond-snack-kerala-banana-chips-sour-cream-onion-parsley/pvid/7dfcbb14-e5e6-4e72-8003-f3259c1c8c8e,"https://cdn.zeptonow.com/production/tr:w-1280,ar-1080-1080,pr-true,f-auto,q-80/cms/product_variant/2b97b56b-be65-4884-b08a-134a4297e363.jpeg"
Homegrown Brands,Assorted Snacks,"https://cdn.zeptonow.com/production/tr:w-90,ar-120-120,pr-true,f-auto,q-80/cms/sub_category/237.png",Pringles Chips - Desi Masala Tadka,Pringles,116,125,102 g,4.6 (4.6k),In Stock,https://www.zeptonow.com/pn/pringles-chips-desi-masala-tadka/pvid/6418eebd-babf-4a45-b98d-305ca169bcaf,"https://cdn.zeptonow.com/production/tr:w-1280,ar-3000-3000,pr-true,f-auto,q-80/cms/product_variant/ab2ff05e-397f-43b0-8433-dc85685d39a1.jpeg"
Homegrown Brands,Assorted Snacks,"https://cdn.zeptonow.com/production/tr:w-90,ar-120-120,pr-true,f-auto,q-80/cms/sub_category/237.png",Kurkure Yummy PuffCorn Yummy Cheese Chips,Yu,20,20,52 g,4.7 (281.4k),In Stock,https://www.zeptonow.com/pn/kurkure-yummy-puffcorn-yummy-cheese-chips/pvid/c3ff38bd-c4be-4783-a08c-f8e04f9b2d1b,"https://cdn.zeptonow.com/production/tr:w-1280,ar-1000-1000,pr-true,f-auto,q-80/cms/product_variant/c249f351-5d5a-4f9a-99d6-4a3614f52d29.jpeg"
Homegrown Brands,Assorted Snacks,"https://cdn.zeptonow.com/production/tr:w-90,ar-120-120,pr-true,f-auto,q-80/cms/sub_category/237.png",Beyond Snack Kerala Banana Chips - with Coconut Oil & Rock Salt,Beyond,72,75,80 g,4.6 (4.1k),In Stock,https://www.zeptonow.com/pn/beyond-snack-kerala-banana-chips-with-coconut-oil-rock-salt/pvid/534a0e02-45e0-45d3-b6ed-ffc415e49b1a,"https://cdn.zeptonow.com/production/tr:w-1280,ar-1600-1600,pr-true,f-auto,q-80/cms/product_variant/44bd95ee-4631-4cc2-a184-f4e35116d078.jpeg"
Homegrown Brands,Assorted Snacks,"https://cdn.zeptonow.com/production/tr:w-90,ar-120-120,pr-true,f-auto,q-80/cms/sub_category/237.png",The Healthy Binge Ragi Baked Chips Chatpata Chaat- High Protein & Fibre,The,36,40,40 g,4.5 (7.9k),In Stock,https://www.zeptonow.com/pn/the-healthy-binge-ragi-baked-chips-chatpata-chaat-high-protein-fibre/pvid/df37d116-0b18-4f99-9f54-828220650939,"https://cdn.zeptonow.com/production/tr:w-1280,ar-1080-1080,pr-true,f-auto,q-80/cms/product_variant/5443f646-f590-4787-b5e7-02358be510cd.jpeg"
Homegrown Brands,Assorted Snacks,"https://cdn.zeptonow.com/production/tr:w-90,ar-120-120,pr-true,f-auto,q-80/cms/sub_category/237.png",Sweet Karam Coffee Indian Masala Potato Chips - No Palm Oil,Sweet,51,59,60 g,4.3 (329),In Stock,https://www.zeptonow.com/pn/sweet-karam-coffee-indian-masala-potato-chips-no-palm-oil/pvid/c70cb209-2c0c-4be4-afea-b023dbdd1021,"https://cdn.zeptonow.com/production/tr:w-1280,ar-3000-3000,pr-true,f-auto,q-80/cms/product_variant/87f72773-c827-41e5-a51a-adcc69eeaf08.jpeg"
Homegrown Brands,Assorted Snacks,"https://cdn.zeptonow.com/production/tr:w-90,ar-120-120,pr-true,f-auto,q-80/cms/sub_category/237.png",Sweet Karam Coffee Tuticorin Rock Salt Potato Chips - No Palm Oil,Sweet,51,59,60 g,4.5 (221),In Stock,https://www.zeptonow.com/pn/sweet-karam-coffee-tuticorin-rock-salt-potato-chips-no-palm-oil/pvid/d04acb09-08db-4a63-b5be-94c14dcd92dd,"https://cdn.zeptonow.com/production/tr:w-1280,ar-1200-1200,pr-true,f-auto,q-80/cms/product_variant/e8f5ee68-2294-4d79-985a-6ed045f9b2e8.jpeg"
Homegrown Brands,Assorted Snacks,"https://cdn.zeptonow.com/production/tr:w-90,ar-120-120,pr-true,f-auto,q-80/cms/sub_category/237.png",Pringles Potato Chips Sour Cream & Onion Flavour,Pringles,154,190,141 g,4.5 (2.6k),In Stock,https://www.zeptonow.com/pn/pringles-potato-chips-sour-cream-onion-flavour/pvid/d70c5651-53c5-4f2e-9847-2a34e5924da4,"https://cdn.zeptonow.com/production/tr:w-1280,ar-3000-3000,pr-true,f-auto,q-80/cms/product_variant/15ac318e-b548-4729-8fa0-2a5f135c2024.jpeg"
Homegrown Brands,Assorted Snacks,"https://cdn.zeptonow.com/production/tr:w-90,ar-120-120,pr-true,f-auto,q-80/cms/sub_category/237.png",Kettle Studio Rock Sea Salt & English Vinegar,Kettle,99,99,113 g,4.4 (112),In Stock,https://www.zeptonow.com/pn/kettle-studio-rock-sea-salt-english-vinegar/pvid/2ce31646-4aba-41c8-a5f6-2aa57c9597bd,"https://cdn.zeptonow.com/production/tr:w-1280,ar-3000-3000,pr-true,f-auto,q-80/cms/product_variant/1e59a692-0eec-412a-9400-3161601e98f3.jpeg"
Homegrown Brands,Assorted Snacks,"https://cdn.zeptonow.com/production/tr:w-90,ar-120-120,pr-true,f-auto,q-80/cms/sub_category/237.png",Sweet Karam Coffee Guntur Red Chilli Potato Chips - No Palm Oil,Sweet,50,59,60 g,4.6 (335),In Stock,https://www.zeptonow.com/pn/sweet-karam-coffee-guntur-red-chilli-potato-chips-no-palm-oil/pvid/8248f9f6-efc3-43e5-bbd9-ecf837f65576,"https://cdn.zeptonow.com/production/tr:w-1280,ar-3000-3000,pr-true,f-auto,q-80/cms/product_variant/d6944566-de67-4a36-a3ca-1503df600955.jpeg"
Homegrown Brands,Assorted Snacks,"https://cdn.zeptonow.com/production/tr:w-90,ar-120-120,pr-true,f-auto,q-80/cms/sub_category/237.png",Beyond Snack Kerala Banana Chips - Desi Masala,Beyond,54,60,70 g,4.6 (3.5k),In Stock,https://www.zeptonow.com/pn/beyond-snack-kerala-banana-chips-desi-masala/pvid/502a3f86-a32d-4f37-90ad-d7af8e0bfff3,"https://cdn.zeptonow.com/production/tr:w-1280,ar-1080-1080,pr-true,f-auto,q-80/cms/product_variant/dabf1075-bd33-4cfb-b665-9ac641280824.jpeg"
Homegrown Brands,Assorted Snacks,"https://cdn.zeptonow.com/production/tr:w-90,ar-120-120,pr-true,f-auto,q-80/cms/sub_category/237.png",The Healthy Binge Millet Baked Chips- Classic Cheese- Protein Rich,The,36,40,40 g,4.8 (2.3k),In Stock,https://www.zeptonow.com/pn/the-healthy-binge-millet-baked-chips-classic-cheese-protein-rich/pvid/ddcd239b-40f9-49ce-897b-ff689d0343e3,"https://cdn.zeptonow.com/production/tr:w-1280,ar-1080-1080,pr-true,f-auto,q-80/cms/product_variant/e8f3870e-dc7b-4ae1-a3ed-0e8f7cb161f8.jpeg"
Homegrown Brands,Assorted Snacks,"https://cdn.zeptonow.com/production/tr:w-90,ar-120-120,pr-true,f-auto,q-80/cms/sub_category/237.png",Pringles Potato Chips Peri Peri Flavour,Pringles,116,125,102 g,4.5 (7.2k),In Stock,https://www.zeptonow.com/pn/pringles-potato-chips-peri-peri-flavour/pvid/9f3d6638-3cca-479f-9df0-a31843a02b33,"https://cdn.zeptonow.com/production/tr:w-1280,ar-3000-3000,pr-true,f-auto,q-80/cms/product_variant/8a8ba289-c4f2-4543-820f-a93a0f4c5553.jpeg"
Homegrown Brands,Assorted Snacks,"https://cdn.zeptonow.com/production/tr:w-90,ar-120-120,pr-true,f-auto,q-80/cms/sub_category/237.png",The Healthy Binge Moringa Jowar Baked Chips Indian Masala - High Protein & Fibre,The,36,40,40 g,4.7 (3.4k),In Stock,https://www.zeptonow.com/pn/the-healthy-binge-moringa-jowar-baked-chips-indian-masala-high-protein-fibre/pvid/848c6ce4-2a3d-4f2c-805f-8f21346ee908,"https://cdn.zeptonow.com/production/tr:w-1280,ar-1080-1080,pr-true,f-auto,q-80/cms/product_variant/9c07579f-2952-4a78-89ab-cedc0a217723.jpeg"
Homegrown Brands,Assorted Snacks,"https://cdn.zeptonow.com/production/tr:w-90,ar-120-120,pr-true,f-auto,q-80/cms/sub_category/237.png","Ritebite Max Protein Cream & Onion 10G Multigrain Protein Chips, Healthy Snacks & Munchies",Max Protein,44,45,60 g,4.7 (2.2k),In Stock,https://www.zeptonow.com/pn/ritebite-max-protein-cream-onion-10g-multigrain-protein-chips-healthy-snacks-munchies/pvid/9489e0b0-788c-48c6-a56b-14f83c2c8fa8,"https://cdn.zeptonow.com/production/tr:w-1280,ar-1021-1021,pr-true,f-auto,q-80/cms/product_variant/f70231a3-8bc1-41df-bf56-285edd4ecbe6.jpeg"
Homegrown Brands,Assorted Snacks,"https://cdn.zeptonow.com/production/tr:w-90,ar-120-120,pr-true,f-auto,q-80/cms/sub_category/237.png",Granamma Banana Chips Salted - No Added Preservatives,Granamma,45,60,75 g,4.5 (256),In Stock,https://www.zeptonow.com/pn/granamma-banana-chips-salted-no-added-preservatives/pvid/ebe750e1-ccf8-497c-bfa5-02616efedb74,"https://cdn.zeptonow.com/production/tr:w-1280,ar-1000-1000,pr-true,f-auto,q-80/cms/product_variant/8cadf395-a934-4a0c-a829-5eaec6886b8d.jpg"
Homegrown Brands,Assorted Snacks,"https://cdn.zeptonow.com/production/tr:w-90,ar-120-120,pr-true,f-auto,q-80/cms/sub_category/237.png",VS Mani Chilli Banana Chips,VS,66,75,65 g,4.3 (689),In Stock,https://www.zeptonow.com/pn/vs-mani-chilli-banana-chips/pvid/f419e167-ef37-4140-b7a8-ffa57ec1c1a0,"https://cdn.zeptonow.com/production/tr:w-1280,ar-1080-1080,pr-true,f-auto,q-80/cms/product_variant/c17170da-e89e-48aa-a77a-c0539e1b1e5b.jpeg"
Homegrown Brands,Assorted Snacks,"https://cdn.zeptonow.com/production/tr:w-90,ar-120-120,pr-true,f-auto,q-80/cms/sub_category/237.png",Beyond Snack Kerala Banana Chips - Peri Peri,Beyond,89,95,120 g,5 (291),In Stock,https://www.zeptonow.com/pn/beyond-snack-kerala-banana-chips-peri-peri/pvid/2752286c-c40f-4582-bd96-34f12fa43a71,"https://cdn.zeptonow.com/production/tr:w-1280,ar-1080-1080,pr-true,f-auto,q-80/cms/product_variant/4fdd30f8-b87f-4c12-b35a-e30c4cb8efcf.jpeg"
Homegrown Brands,Assorted Snacks,"https://cdn.zeptonow.com/production/tr:w-90,ar-120-120,pr-true,f-auto,q-80/cms/sub_category/237.png",4700BC Chips+ Cheese & Herbs Popped Corn-Based,4700BC,50,50,55 g,4.8 (1.1k),In Stock,https://www.zeptonow.com/pn/4700bc-chips-cheese-herbs-popped-corn-based/pvid/7e69f034-cb93-4fba-b1cb-e2b8a4f6a3c7,"https://cdn.zeptonow.com/production/tr:w-1280,ar-1000-1000,pr-true,f-auto,q-80/cms/product_variant/a23ebf18-be6a-4b91-9842-6ea53872ce3f.jpeg"
Homegrown Brands,Assorted Snacks,"https://cdn.zeptonow.com/production/tr:w-90,ar-120-120,pr-true,f-auto,q-80/cms/sub_category/237.png",Namaskaram Banana Chips Original Style Masala Spicy,Namaskaram,72,120,150 g,4.6 (398),In Stock,https://www.zeptonow.com/pn/namaskaram-banana-chips-original-style-masala-spicy/pvid/771af013-aa95-433f-9904-d8d847b330d0,"https://cdn.zeptonow.com/production/tr:w-1280,ar-1000-1000,pr-true,f-auto,q-80/cms/product_variant/1d91ca64-3c43-458f-88bc-14faaa3d5ec9.jpeg"
Homegrown Brands,Assorted Snacks,"https://cdn.zeptonow.com/production/tr:w-90,ar-120-120,pr-true,f-auto,q-80/cms/sub_category/237.png",Modern Kitchens Potato Chips Roasted Masala,Modern,37,40,70 g,4.6 (1.6k),In Stock,https://www.zeptonow.com/pn/modern-kitchens-potato-chips-roasted-masala/pvid/c7949f5b-5993-40e0-aee5-1f454dd028d2,"https://cdn.zeptonow.com/production/tr:w-1280,ar-1500-1500,pr-true,f-auto,q-80/cms/product_variant/da46356a-a4ab-4398-bbdc-b653992c944d.jpg"
Homegrown Brands,Assorted Snacks,"https://cdn.zeptonow.com/production/tr:w-90,ar-120-120,pr-true,f-auto,q-80/cms/sub_category/237.png",The Healthy Binge Ragi Baked Chips Cajun Spice -High Protein & Fibre,The,36,40,40 g,4.4 (3.8k),In Stock,https://www.zeptonow.com/pn/the-healthy-binge-ragi-baked-chips-cajun-spice-high-protein-fibre/pvid/e77b9d20-b5d2-416d-b106-78fa330b1888,"https://cdn.zeptonow.com/production/tr:w-1280,ar-1080-1080,pr-true,f-auto,q-80/cms/product_variant/bea69a0f-0250-478d-9d83-14c676f25c9a.jpeg"
Homegrown Brands,Assorted Snacks,"https://cdn.zeptonow.com/production/tr:w-90,ar-120-120,pr-true,f-auto,q-80/cms/sub_category/237.png",Lay's Hot n Sweet,Lay's,45,50,82 g,4.7 (28.9k),In Stock,https://www.zeptonow.com/pn/lays-hot-n-sweet/pvid/a74120ab-4099-42f5-b91e-74beb1f6ac5b,"https://cdn.zeptonow.com/production/tr:w-1280,ar-577-688,pr-true,f-auto,q-80/cms/product_variant/fc51be12-86ad-4e2b-9c35-aaa4626ad08e.jpg"
Homegrown Brands,Assorted Snacks,"https://cdn.zeptonow.com/production/tr:w-90,ar-120-120,pr-true,f-auto,q-80/cms/sub_category/237.png",Sweet Karam Coffee Mysore Masala Potato Chips - No Palm Oil,Sweet,54,59,60 g,4.2 (257),In Stock,https://www.zeptonow.com/pn/sweet-karam-coffee-mysore-masala-potato-chips-no-palm-oil/pvid/e7ec9410-e118-448e-b724-cb457012cfd6,"https://cdn.zeptonow.com/production/tr:w-1280,ar-3000-3000,pr-true,f-auto,q-80/cms/product_variant/aff8fefe-f904-4c1f-a401-11b21d350c0c.jpeg"
Homegrown Brands,Assorted Snacks,"https://cdn.zeptonow.com/production/tr:w-90,ar-120-120,pr-true,f-auto,q-80/cms/sub_category/237.png",Beyond Snack Kerala Banana Chips - Salt & Black Pepper,Beyond,53,60,70 g,4.5 (7.6k),In Stock,https://www.zeptonow.com/pn/beyond-snack-kerala-banana-chips-salt-black-pepper/pvid/59efe81e-ed3e-40a9-a2c5-4fcaf400e281,"https://cdn.zeptonow.com/production/tr:w-1280,ar-1080-1080,pr-true,f-auto,q-80/cms/product_variant/47232a1b-757a-4623-8102-db9366aa067f.jpeg"
Homegrown Brands,Assorted Snacks,"https://cdn.zeptonow.com/production/tr:w-90,ar-120-120,pr-true,f-auto,q-80/cms/sub_category/237.png",Pringles Potato Chips Original Flavour,Pringles,117,125,107 g,4.5 (5.8k),In Stock,https://www.zeptonow.com/pn/pringles-potato-chips-original-flavour/pvid/63c58b9b-f61c-4c42-b417-16fba473cbf2,"https://cdn.zeptonow.com/production/tr:w-1280,ar-1200-1200,pr-true,f-auto,q-80/cms/product_variant/8cb7b2da-b44a-47ea-b1ce-5b14f95e7c88.jpeg"
Homegrown Brands,Assorted Snacks,"https://cdn.zeptonow.com/production/tr:w-90,ar-120-120,pr-true,f-auto,q-80/cms/sub_category/237.png",Sweet Karam Coffee Madras Curry Leaves Potato Chips - No Palm Oil,Sweet,54,59,60 g,4.5 (257),In Stock,https://www.zeptonow.com/pn/sweet-karam-coffee-madras-curry-leaves-potato-chips-no-palm-oil/pvid/4d90947c-65b2-49e3-af58-eaf4cec54dfc,"https://cdn.zeptonow.com/production/tr:w-1280,ar-2400-2400,pr-true,f-auto,q-80/cms/product_variant/1ded6ed3-261f-4774-ba7f-eec18cd321a7.jpeg"
Homegrown Brands,Assorted Snacks,"https://cdn.zeptonow.com/production/tr:w-90,ar-120-120,pr-true,f-auto,q-80/cms/sub_category/237.png",Lay's India's Magic Masala Potato Chips,Lay's,45,50,80 g,4.7 (237.3k),In Stock,https://www.zeptonow.com/pn/lays-indias-magic-masala-potato-chips/pvid/f320f879-7942-4ddd-8d08-e7a91915d213,"https://cdn.zeptonow.com/production/tr:w-1280,ar-655-993,pr-true,f-auto,q-80/cms/product_variant/f520f20b-60fe-48bf-830d-2aa5b98dc318.jpeg"
Homegrown Brands,Assorted Snacks,"https://cdn.zeptonow.com/production/tr:w-90,ar-120-120,pr-true,f-auto,q-80/cms/sub_category/237.png",Too Yumm! Bhoot Potato Chips Spicy Chilli Flavour Chips | No Palm Oil Snacks,Yu,54,60,82 g,4.7 (16.6k),In Stock,https://www.zeptonow.com/pn/too-yumm-bhoot-potato-chips-spicy-chilli-flavour-chips-no-palm-oil-snacks/pvid/7ae2021b-9b56-4d47-9ce4-defeefdedabb,"https://cdn.zeptonow.com/production/tr:w-1280,ar-1920-1920,pr-true,f-auto,q-80/cms/product_variant/07729e19-9350-4949-b5d3-5c50770f608c.jpeg"
Homegrown Brands,Assorted Snacks,"https://cdn.zeptonow.com/production/tr:w-90,ar-120-120,pr-true,f-auto,q-80/cms/sub_category/237.png",Snackible Piri Piri Ragi Chips (with Cheesy Jalapeno Dip) | High Fibre,Snackible,47,50,56 g,4.9 (320),In Stock,https://www.zeptonow.com/pn/snackible-piri-piri-ragi-chips-with-cheesy-jalapeno-dip-high-fibre/pvid/a4ae278e-b6f1-4085-9209-f547c76c3277,"https://cdn.zeptonow.com/production/tr:w-1280,ar-2000-2000,pr-true,f-auto,q-80/cms/product_variant/f2e2da49-fe70-4aba-beb8-5a09d19c805d.jpeg"
Homegrown Brands,Assorted Snacks,"https://cdn.zeptonow.com/production/tr:w-90,ar-120-120,pr-true,f-auto,q-80/cms/sub_category/237.png",MOM Kerala Banana Chips - Spicy Peri Peri,MOM,58,60,75 g,4.2 (466),In Stock,https://www.zeptonow.com/pn/mom-kerala-banana-chips-spicy-peri-peri/pvid/b8673345-f922-4231-aef2-44e9a0088b94,"https://cdn.zeptonow.com/production/tr:w-1280,ar-1200-1200,pr-true,f-auto,q-80/cms/product_variant/4da2046a-bd09-46f3-8a97-0a9eb20b1ff1.jpeg"
Homegrown Brands,Assorted Snacks,"https://cdn.zeptonow.com/production/tr:w-90,ar-120-120,pr-true,f-auto,q-80/cms/sub_category/237.png",Too Yumm! Bhoot Wafers | Bhut Jolokia flavour | Spicy Chilli Potato Chips,Yu,54,60,82 g,4.7 (1.3k),In Stock,https://www.zeptonow.com/pn/too-yumm-bhoot-wafers-bhut-jolokia-flavour-spicy-chilli-potato-chips/pvid/ea58c944-5204-4529-a74f-8cda7472f0f0,"https://cdn.zeptonow.com/production/tr:w-1280,ar-624-649,pr-true,f-auto,q-80/cms/product_variant/d33e393e-325b-4d74-bbad-b508c4cecb8c.png"
Homegrown Brands,Assorted Snacks,"https://cdn.zeptonow.com/production/tr:w-90,ar-120-120,pr-true,f-auto,q-80/cms/sub_category/237.png",Too Yumm! Dahi Papdi Chaat Multigrain Healthy Chips High Protein Crunchy Crisps,Yu,34,40,75 g,4.6 (16.3k),In Stock,https://www.zeptonow.com/pn/too-yumm-dahi-papdi-chaat-multigrain-healthy-chips-high-protein-crunchy-crisps/pvid/91f0d2c8-f423-417b-89cc-92814bc0be33,"https://cdn.zeptonow.com/production/tr:w-1280,ar-1920-1920,pr-true,f-auto,q-80/cms/product_variant/ad37acca-7bab-4191-88be-b2dafa445b38.jpeg"
Homegrown Brands,Assorted Snacks,"https://cdn.zeptonow.com/production/tr:w-90,ar-120-120,pr-true,f-auto,q-80/cms/sub_category/237.png",MOM Kerala Banana Chips - Cheese Masala,MOM,58,60,75 g,4 (1.1k),In Stock,https://www.zeptonow.com/pn/mom-kerala-banana-chips-cheese-masala/pvid/495489bf-3b28-4870-a09e-9b9793c4a05c,"https://cdn.zeptonow.com/production/tr:w-1280,ar-1200-1200,pr-true,f-auto,q-80/cms/product_variant/ff1bcb96-2c73-4d2b-aa93-f94f2737d881.jpeg"
Homegrown Brands,Assorted Snacks,"https://cdn.zeptonow.com/production/tr:w-90,ar-120-120,pr-true,f-auto,q-80/cms/sub_category/237.png",Superyou Multigrain Cheese & Tomato Chips,Superyou,42,50,1 piece,4.6 (185),In Stock,https://www.zeptonow.com/pn/superyou-multigrain-cheese-tomato-chips/pvid/48146ad1-1247-4a60-bb7b-74468382f20c,"https://cdn.zeptonow.com/production/tr:w-1280,ar-1080-1080,pr-true,f-auto,q-80/cms/product_variant/2498e56d-8094-4479-a645-f541063e9874.jpg"
Homegrown Brands,Assorted Snacks,"https://cdn.zeptonow.com/production/tr:w-90,ar-120-120,pr-true,f-auto,q-80/cms/sub_category/237.png",Lay's American Cream & Onion Potato Chips,Lay's,45,50,82 g,4.7 (283.8k),In Stock,https://www.zeptonow.com/pn/lays-american-cream-onion-potato-chips/pvid/c93f510e-0ae9-4912-b4df-41603bef01da,"https://cdn.zeptonow.com/production/tr:w-1280,ar-2400-2400,pr-true,f-auto,q-80/cms/product_variant/7068984d-f5c2-4af0-b94c-f061797612e6.jpeg"
Homegrown Brands,Assorted Snacks,"https://cdn.zeptonow.com/production/tr:w-90,ar-120-120,pr-true,f-auto,q-80/cms/sub_category/237.png",VS Mani Salt Banana Chips,VS,67,75,65 g,4.4 (1.1k),In Stock,https://www.zeptonow.com/pn/vs-mani-salt-banana-chips/pvid/954be7f6-ccff-4bc0-9da4-0e64092aca37,"https://cdn.zeptonow.com/production/tr:w-1280,ar-1080-1080,pr-true,f-auto,q-80/cms/product_variant/a0b108ed-49bb-4e53-9a08-1feb7f0cb585.jpeg"
Homegrown Brands,Assorted Snacks,"https://cdn.zeptonow.com/production/tr:w-90,ar-120-120,pr-true,f-auto,q-80/cms/sub_category/237.png",Evolve Snacks Beetroot Chips,Evolve,46,50,50 g,3.9 (87),In Stock,https://www.zeptonow.com/pn/evolve-snacks-beetroot-chips/pvid/b8edb720-58a7-478a-91ed-f0fc2b3cc323,"https://cdn.zeptonow.com/production/tr:w-1280,ar-1200-1200,pr-true,f-auto,q-80/cms/product_variant/1191a211-624a-4b97-8566-8047a3ba53ed.jpg"
Homegrown Brands,Assorted Snacks,"https://cdn.zeptonow.com/production/tr:w-90,ar-120-120,pr-true,f-auto,q-80/cms/sub_category/237.png",Evolve Snacks Exotic Spicy Chips Combo - Pack Of 3 Qunioa|Oats|Ragi,Evolve,144,160,3 x 50 g,5 (56),In Stock,https://www.zeptonow.com/pn/evolve-snacks-exotic-spicy-chips-combo-pack-of-3-qunioaoatsragi/pvid/82526d09-52d2-4265-9cd2-5ed373f88458,"https://cdn.zeptonow.com/production/tr:w-1280,ar-1600-1600,pr-true,f-auto,q-80/cms/product_variant/c75e10db-f8f8-40ac-9bd3-5f4a33e9baf8.jpg"
Homegrown Brands,Assorted Snacks,"https://cdn.zeptonow.com/production/tr:w-90,ar-120-120,pr-true,f-auto,q-80/cms/sub_category/237.png",4700BC Chips+ Sun Dried Tomato Popped Corn-Based,4700BC,50,50,55 g,4 (510),In Stock,https://www.zeptonow.com/pn/4700bc-chips-sun-dried-tomato-popped-corn-based/pvid/4bbbcb9b-12ce-4dba-a672-f1c74b7dd45b,"https://cdn.zeptonow.com/production/tr:w-1280,ar-2400-2400,pr-true,f-auto,q-80/cms/product_variant/3178725b-c8a7-4681-b9b4-920d8e22c9c5.jpeg"
Homegrown Brands,Assorted Snacks,"https://cdn.zeptonow.com/production/tr:w-90,ar-120-120,pr-true,f-auto,q-80/cms/sub_category/237.png",Wickedgud Chickpea Popped Chips - Perfect Pudina,Wickedgud,30,35,20 g,4 (90),In Stock,https://www.zeptonow.com/pn/wickedgud-chickpea-popped-chips-perfect-pudina/pvid/6accea30-2b2a-4369-99b1-b512f7c5b983,"https://cdn.zeptonow.com/production/tr:w-1280,ar-1021-1021,pr-true,f-auto,q-80/cms/product_variant/9ca57de2-c3e8-416f-bc71-f708a55c47b2.jpeg"
Homegrown Brands,Assorted Snacks,"https://cdn.zeptonow.com/production/tr:w-90,ar-120-120,pr-true,f-auto,q-80/cms/sub_category/237.png",Kurkure Red Chilli Chataka Chips,Kurkure,20,20,68 g,4.7 (166.5k),In Stock,https://www.zeptonow.com/pn/kurkure-red-chilli-chataka-chips/pvid/b086d167-28f2-4a94-8fe0-a32eb637fa36,"https://cdn.zeptonow.com/production/tr:w-1280,ar-2000-2000,pr-true,f-auto,q-80/cms/product_variant/458ec119-7596-4709-9b71-67ec9920b158.jpeg"
Homegrown Brands,Assorted Snacks,"https://cdn.zeptonow.com/production/tr:w-90,ar-120-120,pr-true,f-auto,q-80/cms/sub_category/237.png","Saffola Crunchiez (Munchiez) Ragi Chips Takatak Tomato, Tasty and Healthy Snacks",Saffola,46,60,70 g,4.8 (813),In Stock,https://www.zeptonow.com/pn/saffola-crunchiez-munchiez-ragi-chips-takatak-tomato-tasty-and-healthy-snacks/pvid/1eb90f74-570c-4721-a735-2014bb31d7fb,"https://cdn.zeptonow.com/production/tr:w-1280,ar-1500-1500,pr-true,f-auto,q-80/cms/product_variant/c165bad6-6b21-4564-b939-0c5400a6757c.jpeg"
Homegrown Brands,Assorted Snacks,"https://cdn.zeptonow.com/production/tr:w-90,ar-120-120,pr-true,f-auto,q-80/cms/sub_category/237.png",Kellogg's Pringles Potato Chips Desi Masala Tadka Flavour,Kellogg's,59,60,40 g,4.4 (277),In Stock,https://www.zeptonow.com/pn/kelloggs-pringles-potato-chips-desi-masala-tadka-flavour/pvid/6c18fd2f-3f67-4177-b417-8b7f86de0646,"https://cdn.zeptonow.com/production/tr:w-1280,ar-3000-3000,pr-true,f-auto,q-80/cms/product_variant/8fe970cd-e367-4a55-940e-aee9ba69e0d6.jpg"
Homegrown Brands,Assorted Snacks,"https://cdn.zeptonow.com/production/tr:w-90,ar-120-120,pr-true,f-auto,q-80/cms/sub_category/237.png",Sweet Karam Coffee Kerala Kanthari Green Chilli Potato Chips - No Palm Oil,Sweet,51,59,60 g,4.7 (261),In Stock,https://www.zeptonow.com/pn/sweet-karam-coffee-kerala-kanthari-green-chilli-potato-chips-no-palm-oil/pvid/905b8bc5-a0dd-4c9a-b7be-197dd3466891,"https://cdn.zeptonow.com/production/tr:w-1280,ar-3000-3000,pr-true,f-auto,q-80/cms/product_variant/4a260d78-1c4d-45bd-b2ec-cabadd008f01.jpeg"
Homegrown Brands,Assorted Snacks,"https://cdn.zeptonow.com/production/tr:w-90,ar-120-120,pr-true,f-auto,q-80/cms/sub_category/237.png",Granamma Banana Chips Salt & Pepper - No Added Preservatives,Granamma,45,60,65 g,4.5 (205),In Stock,https://www.zeptonow.com/pn/granamma-banana-chips-salt-pepper-no-added-preservatives/pvid/fa82ae3e-edfe-4ca0-92bb-bd2b79e85069,"https://cdn.zeptonow.com/production/tr:w-1280,ar-1000-1000,pr-true,f-auto,q-80/cms/product_variant/b0bdd5a8-3838-4c4c-8837-0c2543635707.jpg"
Homegrown Brands,Assorted Snacks,"https://cdn.zeptonow.com/production/tr:w-90,ar-120-120,pr-true,f-auto,q-80/cms/sub_category/237.png",Beyond Snack Kerala Banana Chips - Original Style,Beyond,18,20,25 g,4.6 (6.1k),In Stock,https://www.zeptonow.com/pn/beyond-snack-kerala-banana-chips-original-style/pvid/0998a45c-b7d8-4555-849d-8b350aacc54c,"https://cdn.zeptonow.com/production/tr:w-1280,ar-1080-1080,pr-true,f-auto,q-80/cms/product_variant/2f2e9461-5b39-404b-a365-39777a59a3cd.jpeg"
Homegrown Brands,Assorted Snacks,"https://cdn.zeptonow.com/production/tr:w-90,ar-120-120,pr-true,f-auto,q-80/cms/sub_category/237.png","Saffola Crunchiez (Munchiez) Ragi Chips Masala Twist, Tasty and Healthy Snacks Chips",Saffola,47,60,70 g,4.5 (2.1k),In Stock,https://www.zeptonow.com/pn/saffola-crunchiez-munchiez-ragi-chips-masala-twist-tasty-and-healthy-snacks-chips/pvid/4e83c539-fd76-4849-a64d-d05bbbc0ef26,"https://cdn.zeptonow.com/production/tr:w-1280,ar-1500-1500,pr-true,f-auto,q-80/cms/product_variant/051f4b92-73e4-4a3f-91af-b544120077d3.jpeg"
Homegrown Brands,Assorted Snacks,"https://cdn.zeptonow.com/production/tr:w-90,ar-120-120,pr-true,f-auto,q-80/cms/sub_category/237.png",Too Yumm! Kashmiri Chilli Spicy Potato Chips| No Palm Oil Snacks,Yu,45,50,82 g,4.7 (7.1k),In Stock,https://www.zeptonow.com/pn/too-yumm-kashmiri-chilli-spicy-potato-chips-no-palm-oil-snacks/pvid/9c237966-5d3e-43ec-acc1-2f3bf41ff8b8,"https://cdn.zeptonow.com/production/tr:w-1280,ar-1000-1000,pr-true,f-auto,q-80/cms/product_variant/65ed30d8-9401-4177-ad89-07e7a05d9ab8.jpg"
Homegrown Brands,Assorted Snacks,"https://cdn.zeptonow.com/production/tr:w-90,ar-120-120,pr-true,f-auto,q-80/cms/sub_category/237.png",Lay's Spanish Tomato Tango Potato Chips,Lay's,45,50,82 g,4.7 (57.2k),In Stock,https://www.zeptonow.com/pn/lays-spanish-tomato-tango-potato-chips/pvid/c25191e7-afd9-443b-983d-6e70808e183c,"https://cdn.zeptonow.com/production/tr:w-1280,ar-793-1141,pr-true,f-auto,q-80/cms/product_variant/7b9167a0-14b1-4775-ab16-d370005efaa8.jpeg"
Homegrown Brands,Assorted Snacks,"https://cdn.zeptonow.com/production/tr:w-90,ar-120-120,pr-true,f-auto,q-80/cms/sub_category/237.png",Lay's Potato Chips - Chile Lemon Flavour,Lay's,20,20,48 g,4.6 (148.7k),In Stock,https://www.zeptonow.com/pn/lays-potato-chips-chile-lemon-flavour/pvid/7ffb904c-6169-46a2-9c9f-bdfc287572c7,"https://cdn.zeptonow.com/production/tr:w-1280,ar-1021-1021,pr-true,f-auto,q-80/cms/product_variant/02ec15ec-cbe3-419c-8fca-7acfcee2a50c.jpeg"
Homegrown Brands,Assorted Snacks,"https://cdn.zeptonow.com/production/tr:w-90,ar-120-120,pr-true,f-auto,q-80/cms/sub_category/237.png",Lay's American Cream & Onion Potato Chips,Lay's,30,30,67 g,4.7 (307.0k),In Stock,https://www.zeptonow.com/pn/lays-american-cream-onion-potato-chips/pvid/a221968b-7cf1-4af7-adfd-40b8b19360ce,"https://cdn.zeptonow.com/production/tr:w-1280,ar-730-1050,pr-true,f-auto,q-80/cms/product_variant/c2917ab2-4cc3-443c-b5d5-064b7c25854b.jpeg"
Homegrown Brands,Assorted Snacks,"https://cdn.zeptonow.com/production/tr:w-90,ar-120-120,pr-true,f-auto,q-80/cms/sub_category/237.png",Beyond Snack Kerala Banana Chips - Salt & Pepper,Beyond,18,20,25 g,4.5 (2.4k),In Stock,https://www.zeptonow.com/pn/beyond-snack-kerala-banana-chips-salt-pepper/pvid/48cf1e80-de02-4d50-a5d3-4ff8501e0cbc,"https://cdn.zeptonow.com/production/tr:w-1280,ar-1080-1080,pr-true,f-auto,q-80/cms/product_variant/9ac240d4-8a89-4410-b97c-85cc1af2d6a8.jpeg"
Homegrown Brands,Assorted Snacks,"https://cdn.zeptonow.com/production/tr:w-90,ar-120-120,pr-true,f-auto,q-80/cms/sub_category/237.png",Lay's Classic Salted Potato Chips,Lay's,45,50,82 g,4.7 (65.2k),In Stock,https://www.zeptonow.com/pn/lays-classic-salted-potato-chips/pvid/9595b7b2-21fb-43c2-b195-87805ea25057,"https://cdn.zeptonow.com/production/tr:w-1280,ar-1000-1000,pr-true,f-auto,q-80/cms/product_variant/b862ef41-67a1-4d97-8853-7c6afecabd74.jpeg"
Homegrown Brands,Assorted Snacks,"https://cdn.zeptonow.com/production/tr:w-90,ar-120-120,pr-true,f-auto,q-80/cms/sub_category/237.png",Pringles Potato Chips Tangy Tomato Twist Flavour,Pringles,116,125,102 g,4.7 (1.3k),In Stock,https://www.zeptonow.com/pn/pringles-potato-chips-tangy-tomato-twist-flavour/pvid/5820a39b-90c2-4f35-9b28-5a8fa59a2958,"https://cdn.zeptonow.com/production/tr:w-1280,ar-2475-2475,pr-true,f-auto,q-80/cms/product_variant/c2c4cf33-211b-48ed-8bcc-74f5ffecc506.jpeg"
Homegrown Brands,Assorted Snacks,"https://cdn.zeptonow.com/production/tr:w-90,ar-120-120,pr-true,f-auto,q-80/cms/sub_category/237.png",Beyond Snack Kerala Banana chips - Peri Peri,Beyond,18,20,25 g,4.3 (2.3k),In Stock,https://www.zeptonow.com/pn/beyond-snack-kerala-banana-chips-peri-peri/pvid/bc77a13a-f192-476b-bc89-cbccbf1bdd46,"https://cdn.zeptonow.com/production/tr:w-1280,ar-1080-1080,pr-true,f-auto,q-80/cms/product_variant/63349950-4869-4ef2-a260-fa62de82b8a6.jpeg"
Homegrown Brands,Assorted Snacks,"https://cdn.zeptonow.com/production/tr:w-90,ar-120-120,pr-true,f-auto,q-80/cms/sub_category/237.png",Evolve Snacks Raagi Chips,Evolve,45,50,50 g,4.8 (57),In Stock,https://www.zeptonow.com/pn/evolve-snacks-raagi-chips/pvid/1ff11742-b3b5-45e5-a33e-b81f7e268b98,"https://cdn.zeptonow.com/production/tr:w-1280,ar-1200-1200,pr-true,f-auto,q-80/cms/product_variant/36b8ccbd-f8ef-4198-bef5-475a346b9d1a.jpg"
Homegrown Brands,Assorted Snacks,"https://cdn.zeptonow.com/production/tr:w-90,ar-120-120,pr-true,f-auto,q-80/cms/sub_category/237.png",Lay's India's Magic Masala Potato Chips,Lay's,30,30,67 g,4.7 (239.5k),In Stock,https://www.zeptonow.com/pn/lays-indias-magic-masala-potato-chips/pvid/4699dfae-81c2-428a-84e2-ac784d463616,"https://cdn.zeptonow.com/production/tr:w-1280,ar-730-1050,pr-true,f-auto,q-80/cms/product_variant/51c5960f-4f98-47e9-a67e-498b3d7fae5a.jpeg"
Homegrown Brands,Assorted Snacks,"https://cdn.zeptonow.com/production/tr:w-90,ar-120-120,pr-true,f-auto,q-80/cms/sub_category/237.png",Too Yumm! Bhoot Karare Spicy Chilli Flavour Crisps | No Palm Oil Snacks,Yu,19,20,67 g,4.5 (13.4k),In Stock,https://www.zeptonow.com/pn/too-yumm-bhoot-karare-spicy-chilli-flavour-crisps-no-palm-oil-snacks/pvid/94d80f16-0596-4588-a1de-e0561799799f,"https://cdn.zeptonow.com/production/tr:w-1280,ar-1600-1600,pr-true,f-auto,q-80/cms/product_variant/d300b0b1-9685-4100-96cf-6d3a8db8a3f4.jpeg"
Homegrown Brands,Assorted Snacks,"https://cdn.zeptonow.com/production/tr:w-90,ar-120-120,pr-true,f-auto,q-80/cms/sub_category/237.png",Lays Wafer Chips Red Chilli Flavor,Lays,41,50,82 g,4.7 (5.4k),In Stock,https://www.zeptonow.com/pn/lays-wafer-chips-red-chilli-flavor/pvid/b08e8147-960c-4905-acc6-2fa36069964a,"https://cdn.zeptonow.com/production/tr:w-1280,ar-1043-1400,pr-true,f-auto,q-80/cms/product_variant/68180604-1318-4996-a795-1f04e54b3fca.jpeg"
Homegrown Brands,Assorted Snacks,"https://cdn.zeptonow.com/production/tr:w-90,ar-120-120,pr-true,f-auto,q-80/cms/sub_category/237.png",Too Yumm Classic Salted Banana Chips | Made with Nendran bananas | No Palm Oil | 100% Veg,Yu,67,75,42 g,5 (64),In Stock,https://www.zeptonow.com/pn/too-yumm-classic-salted-banana-chips-made-with-nendran-bananas-no-palm-oil-100-veg/pvid/5fa29785-6af2-4458-9f2d-fd19aa6140c7,"https://cdn.zeptonow.com/production/tr:w-1280,ar-1000-1000,pr-true,f-auto,q-80/cms/product_variant/789c2bdb-6377-4a7c-b081-204a1fce8d50.jpeg"
Homegrown Brands,Assorted Snacks,"https://cdn.zeptonow.com/production/tr:w-90,ar-120-120,pr-true,f-auto,q-80/cms/sub_category/237.png",Lay's Spanish Tomato Tango Potato Chips,Lay's,20,20,48 g,4.7 (118.2k),In Stock,https://www.zeptonow.com/pn/lays-spanish-tomato-tango-potato-chips/pvid/64cfe3fd-d3f1-431f-9655-d57c3a38e1d4,"https://cdn.zeptonow.com/production/tr:w-1280,ar-1021-1021,pr-true,f-auto,q-80/cms/product_variant/44df0c2d-6fbb-4301-a274-e75ef693aec1.jpeg"
Homegrown Brands,Assorted Snacks,"https://cdn.zeptonow.com/production/tr:w-90,ar-120-120,pr-true,f-auto,q-80/cms/sub_category/237.png",Lay's American Cream & Onion Potato Chips,Lay's,67,78,143 g,4.7 (273.8k),In Stock,https://www.zeptonow.com/pn/lays-american-cream-onion-potato-chips/pvid/c4cfb628-36be-42bf-a1a3-11e1f3cf0971,"https://cdn.zeptonow.com/production/tr:w-1280,ar-2400-2400,pr-true,f-auto,q-80/cms/product_variant/ae98dffb-57bc-4e60-86c3-2412a1c4efb6.jpeg"
Homegrown Brands,Assorted Snacks,"https://cdn.zeptonow.com/production/tr:w-90,ar-120-120,pr-true,f-auto,q-80/cms/sub_category/237.png",Evolve Snacks Oats Chips Peri Peri,Evolve,48,50,50 g,5 (54),In Stock,https://www.zeptonow.com/pn/evolve-snacks-oats-chips-peri-peri/pvid/bb791bee-caa6-4982-8a30-7b749691b061,"https://cdn.zeptonow.com/production/tr:w-1280,ar-1200-1200,pr-true,f-auto,q-80/cms/product_variant/e409cd4d-f056-44ff-b388-e770f8f0da01.jpg"
Homegrown Brands,Assorted Snacks,"https://cdn.zeptonow.com/production/tr:w-90,ar-120-120,pr-true,f-auto,q-80/cms/sub_category/237.png",Lay's Spanish Tomato Tango Potato Chips,Lay's,30,30,67 g,4.7 (58.0k),In Stock,https://www.zeptonow.com/pn/lays-spanish-tomato-tango-potato-chips/pvid/6daad06f-a509-40a4-b6eb-4c684abf3183,"https://cdn.zeptonow.com/production/tr:w-1280,ar-2400-2400,pr-true,f-auto,q-80/cms/product_variant/91fc5039-3745-4b71-bdd8-96d160c20217.jpeg"
Homegrown Brands,Assorted Snacks,"https://cdn.zeptonow.com/production/tr:w-90,ar-120-120,pr-true,f-auto,q-80/cms/sub_category/237.png",Lay's Potato Chips - Sizzling Hot Spicy Flavour,Lay's,20,20,48 g,4.6 (100.1k),In Stock,https://www.zeptonow.com/pn/lays-potato-chips-sizzling-hot-spicy-flavour/pvid/918d66a3-516f-4650-ba60-661c9f91bbb0,"https://cdn.zeptonow.com/production/tr:w-1280,ar-1021-1021,pr-true,f-auto,q-80/cms/product_variant/8360f87e-3386-4984-8ae7-910ebb11220a.jpeg"
Homegrown Brands,Assorted Snacks,"https://cdn.zeptonow.com/production/tr:w-90,ar-120-120,pr-true,f-auto,q-80/cms/sub_category/237.png",Lay's Wafer Chips Red Chilli,Lay's,20,20,48 g,4.6 (40.4k),In Stock,https://www.zeptonow.com/pn/lays-wafer-chips-red-chilli/pvid/5297a83c-77c0-4bf8-970a-947a7caabf85,"https://cdn.zeptonow.com/production/tr:w-1280,ar-1200-1553,pr-true,f-auto,q-80/cms/product_variant/3f57ff54-9317-4de0-985e-0404c1d84cfb.jpeg"
Homegrown Brands,Assorted Snacks,"https://cdn.zeptonow.com/production/tr:w-90,ar-120-120,pr-true,f-auto,q-80/cms/sub_category/237.png",Pringles Potato Chips - Original,Pringles,59,60,40 g,4.5 (8.0k),In Stock,https://www.zeptonow.com/pn/pringles-potato-chips-original/pvid/10a41ba3-077d-42cf-a359-7397492b2d0c,"https://cdn.zeptonow.com/production/tr:w-1280,ar-3000-3000,pr-true,f-auto,q-80/cms/product_variant/50128257-0a18-482d-9d10-9c4da124854510a41ba3-077d-42cf-a359-7397492b2d0c2023-11-01 16:05:28.895193068 +0000 UTC m=+104603.914607796.jpg"
Homegrown Brands,Assorted Snacks,"https://cdn.zeptonow.com/production/tr:w-90,ar-120-120,pr-true,f-auto,q-80/cms/sub_category/237.png",Nuttoz Soya Chips Masala,Nuttoz,72,80,150 g,4.4 (96),In Stock,https://www.zeptonow.com/pn/nuttoz-soya-chips-masala/pvid/c178eaa5-147d-4d10-87d9-449499b2b391,"https://cdn.zeptonow.com/production/tr:w-1280,ar-1200-1200,pr-true,f-auto,q-80/cms/product_variant/9db75a04-2f81-4f09-a07f-aa0ad8b88c7a.jpeg"
Homegrown Brands,Assorted Snacks,"https://cdn.zeptonow.com/production/tr:w-90,ar-120-120,pr-true,f-auto,q-80/cms/sub_category/237.png",The Theatre Project Kettle Cooked - Exotic Indian Spices,The,36,40,42 g,4.6 (436),In Stock,https://www.zeptonow.com/pn/the-theatre-project-kettle-cooked-exotic-indian-spices/pvid/62790eb2-ba06-491a-8ea1-ea91c2e2ab20,"https://cdn.zeptonow.com/production/tr:w-1280,ar-4500-4500,pr-true,f-auto,q-80/cms/product_variant/25178adf-3d4d-4fb8-a7a4-9ad28d3a7430.jpeg"
Homegrown Brands,Assorted Snacks,"https://cdn.zeptonow.com/production/tr:w-90,ar-120-120,pr-true,f-auto,q-80/cms/sub_category/237.png",Bingo Mad Angles Very Peri Peri 117 g Combo,Bingo,76,100,117 g X 2,4.4 (485),In Stock,https://www.zeptonow.com/pn/bingo-mad-angles-very-peri-peri-117-g-combo/pvid/269f93a8-d184-46da-af19-488a8c1edeba,"https://cdn.zeptonow.com/production/tr:w-1280,ar-1500-1500,pr-true,f-auto,q-80/cms/product_variant/14c98827-1cec-4dac-b611-1b099ab9f1691658 (1).jpg"
Homegrown Brands,Assorted Snacks,"https://cdn.zeptonow.com/production/tr:w-90,ar-120-120,pr-true,f-auto,q-80/cms/sub_category/237.png",Kurkure Yummy PuffCorn Yummy Cheese Chips 55 gms & Doritos Nacho Chips - Cheese Flavour 44 gms Combo,Yu,40,40,2 Combo,4.2 (119),In Stock,https://www.zeptonow.com/pn/kurkure-yummy-puffcorn-yummy-cheese-chips-55-gms-doritos-nacho-chips-cheese-flavour-44-gms-combo/pvid/d1a48b61-a23a-4ee7-be2b-9ef7ee6fe8f6,"https://cdn.zeptonow.com/production/tr:w-1280,ar-1494-1494,pr-true,f-auto,q-80/cms/product_variant/c3617f82-3c9c-4fb7-8059-68aa6e64ab8c.jpg"
Homegrown Brands,Assorted Snacks,"https://cdn.zeptonow.com/production/tr:w-90,ar-120-120,pr-true,f-auto,q-80/cms/sub_category/237.png",Kurkure Yummy Puffcorn Yummy Cheese Chips(52gms) & Parle Hide & Seek Chocolate Biscuits(100gms) Combo,Parle,48,50,2 combo,4.7 (963),In Stock,https://www.zeptonow.com/pn/kurkure-yummy-puffcorn-yummy-cheese-chips52gms-parle-hide-seek-chocolate-biscuits100gms-combo/pvid/530a4164-f4ee-4abb-91e9-f369bedfe905,"https://cdn.zeptonow.com/production/tr:w-1280,ar-1494-1494,pr-true,f-auto,q-80/cms/product_variant/f56c7517-e084-4897-8272-a10fa39118ca.jpg"
Homegrown Brands,Assorted Snacks,"https://cdn.zeptonow.com/production/tr:w-90,ar-120-120,pr-true,f-auto,q-80/cms/sub_category/237.png",Lay'S India'S Magic Masala Potato Chips(82gms) & Mountain Dew Soft Drink(750ml) Combo,Lay'S,85,90,2 combo,4.6 (592),In Stock,https://www.zeptonow.com/pn/lays-indias-magic-masala-potato-chips82gms-mountain-dew-soft-drink750ml-combo/pvid/2352fa0f-e4ac-4bef-bf34-27aef568a133,"https://cdn.zeptonow.com/production/tr:w-1280,ar-1494-1494,pr-true,f-auto,q-80/cms/product_variant/c5ab3e07-9558-4cab-9ae2-e8c341c930e7.jpg"
Homegrown Brands,Assorted Snacks,"https://cdn.zeptonow.com/production/tr:w-90,ar-120-120,pr-true,f-auto,q-80/cms/sub_category/237.png",Lay's India's Magic Masala Potato Chips 82 g Combo,Lay's,84,100,82 g X 2,4.4 (322),In Stock,https://www.zeptonow.com/pn/lays-indias-magic-masala-potato-chips-82-g-combo/pvid/88fd058d-398e-49cb-b3ba-b4664f7b381a,"https://cdn.zeptonow.com/production/tr:w-1280,ar-1500-1500,pr-true,f-auto,q-80/inventory/product/fb938a18-54d9-4eb0-b593-e1171d9734d4-1923_S_SKU_F.jpg"
Homegrown Brands,Assorted Snacks,"https://cdn.zeptonow.com/production/tr:w-90,ar-120-120,pr-true,f-auto,q-80/cms/sub_category/237.png","Bingo! Chilli Sprinkled Potato Chips(45gms) & Sunfeast Dark Fantasy Bourbon, Classic Biscuit Made With Real Chocolate(120gms) Combo",Sunfeast,35,55,2 combo,4.4 (861),In Stock,https://www.zeptonow.com/pn/bingo-chilli-sprinkled-potato-chips45gms-sunfeast-dark-fantasy-bourbon-classic-biscuit-made-with-real-chocolate120gms-combo/pvid/bf9f0374-81f7-4182-ba32-685a3fc696b8,"https://cdn.zeptonow.com/production/tr:w-1280,ar-1494-1494,pr-true,f-auto,q-80/cms/product_variant/4363a9cb-9778-4c07-945e-e38c44f0ff71.jpg"
Homegrown Brands,Assorted Snacks,"https://cdn.zeptonow.com/production/tr:w-90,ar-120-120,pr-true,f-auto,q-80/cms/sub_category/237.png",Modern Kitchens Hot Chips Spicy 100 g Combo,Modern,156,210,100 g X 3,4.3 (486),In Stock,https://www.zeptonow.com/pn/modern-kitchens-hot-chips-spicy-100-g-combo/pvid/a69b0b0b-04a4-43e4-af49-91e3df311a35,"https://cdn.zeptonow.com/production/tr:w-1280,ar-1500-1500,pr-true,f-auto,q-80/cms/product_variant/74cd69e3-91dc-4b37-b77a-6d64c656f2f6.jpg"
Homegrown Brands,Assorted Snacks,"https://cdn.zeptonow.com/production/tr:w-90,ar-120-120,pr-true,f-auto,q-80/cms/sub_category/237.png",Modern Kitchens Hot Chips Spicy 100 g Combo,Modern,110,140,100 g X 2,4.2 (928),In Stock,https://www.zeptonow.com/pn/modern-kitchens-hot-chips-spicy-100-g-combo/pvid/e54e8eac-0e94-4311-84e3-1ab9ac23e62b,"https://cdn.zeptonow.com/production/tr:w-1280,ar-1500-1500,pr-true,f-auto,q-80/cms/product_variant/dfa17c91-69d9-407b-a521-3154542d04d0.jpg"
Homegrown Brands,Assorted Snacks,"https://cdn.zeptonow.com/production/tr:w-90,ar-120-120,pr-true,f-auto,q-80/cms/sub_category/237.png",Pringles Potato Chips Sour Cream & Onion Flavour (107g) & Thums Up Soft Drink (750ml) Combo,Pringles,160,170,2 combo,4.5 (903),In Stock,https://www.zeptonow.com/pn/pringles-potato-chips-sour-cream-onion-flavour-107g-thums-up-soft-drink-750ml-combo/pvid/2ef73f4e-e8b9-456d-bfdb-521ba7584dc6,"https://cdn.zeptonow.com/production/tr:w-1280,ar-1500-1500,pr-true,f-auto,q-80/cms/product_variant/9e90b486-7990-44f5-881e-85cb0eecf927.jpg"
Homegrown Brands,Assorted Snacks,"https://cdn.zeptonow.com/production/tr:w-90,ar-120-120,pr-true,f-auto,q-80/cms/sub_category/237.png",Pringles Potato Chips Sour Cream & Onion Flavour 107 g Combo,Pringles,208,250,107 g X 2,4.4 (212),In Stock,https://www.zeptonow.com/pn/pringles-potato-chips-sour-cream-onion-flavour-107-g-combo/pvid/bba9830f-4485-4fde-870f-e03886203d9c,"https://cdn.zeptonow.com/production/tr:w-1280,ar-1494-1494,pr-true,f-auto,q-80/cms/product_variant/e5f0c1a5-0013-4e6d-ae9b-90ba6b8f1b6c.jpg"
Homegrown Brands,Assorted Snacks,"https://cdn.zeptonow.com/production/tr:w-90,ar-120-120,pr-true,f-auto,q-80/cms/sub_category/237.png",Pringles Potato Chips Sour Cream & Onion Flavour 107 g Combo,Pringles,312,375,107 g X 3,4.6 (754),In Stock,https://www.zeptonow.com/pn/pringles-potato-chips-sour-cream-onion-flavour-107-g-combo/pvid/4bd3923a-d0b8-410a-ae2d-15c4f27b2b6e,"https://cdn.zeptonow.com/production/tr:w-1280,ar-1200-1200,pr-true,f-auto,q-80/cms/product_variant/acd85818-ccf4-432e-a0cd-4bac5165c0c7.jpg"
Homegrown Brands,Assorted Snacks,"https://cdn.zeptonow.com/production/tr:w-90,ar-120-120,pr-true,f-auto,q-80/cms/sub_category/237.png",Uncle Chipps - Spicy Treat,Uncle,20,20,48 g,4.7 (140.2k),Sold Out,https://www.zeptonow.com/pn/uncle-chipps-spicy-treat/pvid/ad2397de-4b1b-49c4-adaf-71ab039c3602,"https://cdn.zeptonow.com/production/tr:w-1280,ar-1021-1021,pr-true,f-auto,q-80/cms/product_variant/d8aeab4b-81fc-4a47-978d-855017898856.jpeg"
Homegrown Brands,Assorted Snacks,"https://cdn.zeptonow.com/production/tr:w-90,ar-120-120,pr-true,f-auto,q-80/cms/sub_category/237.png",Bingo! Hot & Spicy Potato Chips - Korean Style 90 g,Bingo!,42,50,90 g,4.7 (8.1k),Sold Out,https://www.zeptonow.com/pn/bingo-hot-spicy-potato-chips-korean-style-90-g/pvid/401a771a-46a2-4266-9b0b-131669bfb7ca,"https://cdn.zeptonow.com/production/tr:w-1280,ar-746-795,pr-true,f-auto,q-80/cms/product_variant/0301572a-5a19-4048-ab92-dae0496c2e8e.jpg"
Homegrown Brands,Assorted Snacks,"https://cdn.zeptonow.com/production/tr:w-90,ar-120-120,pr-true,f-auto,q-80/cms/sub_category/237.png",Bingo! Popped Chips Sour Cream & Herbs,Bingo!,45,50,48 g,4.7 (307),Sold Out,https://www.zeptonow.com/pn/bingo-popped-chips-sour-cream-herbs/pvid/9a07e0af-9450-4d83-bab9-59dad6f21018,"https://cdn.zeptonow.com/production/tr:w-1280,ar-1200-1200,pr-true,f-auto,q-80/cms/product_variant/2c53dd8b-e7c0-4c63-8180-9cbc09be80c2.jpeg"
Homegrown Brands,Assorted Snacks,"https://cdn.zeptonow.com/production/tr:w-90,ar-120-120,pr-true,f-auto,q-80/cms/sub_category/237.png",Bingo! Mad Angles Pizza Crisps,Bingo!,20,20,60 g,4.5 (6.0k),Sold Out,https://www.zeptonow.com/pn/bingo-mad-angles-pizza-crisps/pvid/651a2e23-229d-4e1b-99bc-07b4a8cc6f97,"https://cdn.zeptonow.com/production/tr:w-1280,ar-1200-1200,pr-true,f-auto,q-80/cms/product_variant/0cd97406-957d-47f4-82a2-c66b0d93ad25.jpeg"
Homegrown Brands,Assorted Snacks,"https://cdn.zeptonow.com/production/tr:w-90,ar-120-120,pr-true,f-auto,q-80/cms/sub_category/237.png",Bingo! Potato Chips - Cream & Onion Chips - Crispy & Crunchy Chips Pack for Snacks,Bingo!,45,50,90 g,5 (208),Sold Out,https://www.zeptonow.com/pn/bingo-potato-chips-cream-onion-chips-crispy-crunchy-chips-pack-for-snacks/pvid/1748396d-776c-4581-97d6-c5688bf1334d,"https://cdn.zeptonow.com/production/tr:w-1280,ar-1301-1079,pr-true,f-auto,q-80/cms/product_variant/aad334e9-a06b-4359-b84a-0b4fc3387f5a.jpg"
Homegrown Brands,Assorted Snacks,"https://cdn.zeptonow.com/production/tr:w-90,ar-120-120,pr-true,f-auto,q-80/cms/sub_category/237.png",Bingo! Flat Cut Himalayan Pink Salt,Bingo!,18,20,42 g,4.5 (143),Sold Out,https://www.zeptonow.com/pn/bingo-flat-cut-himalayan-pink-salt/pvid/88ef2924-ddaf-4eb8-83fe-e88065796d14,"https://cdn.zeptonow.com/production/tr:w-1280,ar-1173-1079,pr-true,f-auto,q-80/cms/product_variant/0e730704-3dfb-4bf7-9364-adb0e3d9b857.jpg"
Homegrown Brands,Assorted Snacks,"https://cdn.zeptonow.com/production/tr:w-90,ar-120-120,pr-true,f-auto,q-80/cms/sub_category/237.png",Crax Masala Punch Potato Chips Snacks,Crax,44,50,85 g,4.6 (10.3k),Sold Out,https://www.zeptonow.com/pn/crax-masala-punch-potato-chips-snacks/pvid/d7e7de90-2994-47dd-894c-f3dbd552e2d1,"https://cdn.zeptonow.com/production/tr:w-1280,ar-1200-1200,pr-true,f-auto,q-80/cms/product_variant/80bca895-f06c-45f6-adb7-37495878d7e3.jpeg"
Homegrown Brands,Assorted Snacks,"https://cdn.zeptonow.com/production/tr:w-90,ar-120-120,pr-true,f-auto,q-80/cms/sub_category/237.png",Bingo! Flat Cut Himalayan Pink Salt,Bingo!,45,50,90 g,4.1 (132),Sold Out,https://www.zeptonow.com/pn/bingo-flat-cut-himalayan-pink-salt/pvid/8a4b83e0-62f7-4b83-867f-3fd4cc587f89,"https://cdn.zeptonow.com/production/tr:w-1280,ar-1151-1079,pr-true,f-auto,q-80/cms/product_variant/f93161f7-5cd5-4290-8715-a0f24868306c.jpg"
Homegrown Brands,Assorted Snacks,"https://cdn.zeptonow.com/production/tr:w-90,ar-120-120,pr-true,f-auto,q-80/cms/sub_category/237.png",Bingo! Popped Chips Indian Spice Mix,Bingo!,18,20,25 g,4.3 (435),Sold Out,https://www.zeptonow.com/pn/bingo-popped-chips-indian-spice-mix/pvid/11eda568-fc40-4507-98ab-30ef862afe30,"https://cdn.zeptonow.com/production/tr:w-1280,ar-1200-1200,pr-true,f-auto,q-80/cms/product_variant/e4131db3-d21c-40dd-8a45-20b405a9e785.jpeg"
Homegrown Brands,Assorted Snacks,"https://cdn.zeptonow.com/production/tr:w-90,ar-120-120,pr-true,f-auto,q-80/cms/sub_category/237.png",Bingo! Tedhe Medhe Xtraa Teekha,Bingo!,18,20,75 g,4.4 (161),Sold Out,https://www.zeptonow.com/pn/bingo-tedhe-medhe-xtraa-teekha/pvid/0189c83e-8f41-4c9a-ae72-750a422b2e63,"https://cdn.zeptonow.com/production/tr:w-1280,ar-3000-3000,pr-true,f-auto,q-80/cms/product_variant/90e3fbd2-5d7e-4594-b3fc-b8b45bf63eda.jpeg"
Homegrown Brands,Assorted Snacks,"https://cdn.zeptonow.com/production/tr:w-90,ar-120-120,pr-true,f-auto,q-80/cms/sub_category/237.png",Bingo! Original Style Chilli Charged Tomato Chips,Bingo!,24,30,55 g,4.6 (3.7k),Sold Out,https://www.zeptonow.com/pn/bingo-original-style-chilli-charged-tomato-chips/pvid/acd757cc-564d-4c82-bc65-ac24c0e24ce6,"https://cdn.zeptonow.com/production/tr:w-1280,ar-1500-1500,pr-true,f-auto,q-80/cms/product_variant/8ff54cb5-7bd9-4e41-bb37-d003b961ffe8.jpeg"
Homegrown Brands,Assorted Snacks,"https://cdn.zeptonow.com/production/tr:w-90,ar-120-120,pr-true,f-auto,q-80/cms/sub_category/237.png",Bingo! Original Style Cream & Onion Flat Cut Potato Chips,Bingo!,18,20,43 g,4.8 (1.7k),Sold Out,https://www.zeptonow.com/pn/bingo-original-style-cream-onion-flat-cut-potato-chips/pvid/0ef26411-c0f4-4e9e-9b40-5f9fb7c4e152,"https://cdn.zeptonow.com/production/tr:w-1280,ar-2560-2560,pr-true,f-auto,q-80/cms/product_variant/caf99494-400c-477a-93d5-7b27acecdd8b.jpeg"
Homegrown Brands,Assorted Snacks,"https://cdn.zeptonow.com/production/tr:w-90,ar-120-120,pr-true,f-auto,q-80/cms/sub_category/237.png",Beyond Snack Kerala Banana Chips - Original Style (Salted),Beyond,129,200,235 g,4.7 (182),Sold Out,https://www.zeptonow.com/pn/beyond-snack-kerala-banana-chips-original-style-salted/pvid/2bca326d-d8bf-446f-9dd3-1886b2efbc21,"https://cdn.zeptonow.com/production/tr:w-1280,ar-1000-1000,pr-true,f-auto,q-80/cms/product_variant/39fcee64-4e78-4562-be3e-9c7fea0b2d21.jpg"
Homegrown Brands,Assorted Snacks,"https://cdn.zeptonow.com/production/tr:w-90,ar-120-120,pr-true,f-auto,q-80/cms/sub_category/237.png","Ritebite Max Protein Chinese Manchurian 10G Multigrain Protein Chips, Healthy Snacks & Munchies",Max Protein,44,45,60 g,4.6 (2.9k),Sold Out,https://www.zeptonow.com/pn/ritebite-max-protein-chinese-manchurian-10g-multigrain-protein-chips-healthy-snacks-munchies/pvid/2cb87f2a-f39e-4eff-a20e-3a2d3b9dd32b,"https://cdn.zeptonow.com/production/tr:w-1280,ar-1500-1500,pr-true,f-auto,q-80/cms/product_variant/5e0cd6a9-21ab-467c-9057-504764e9c735.jpg"
Homegrown Brands,Assorted Snacks,"https://cdn.zeptonow.com/production/tr:w-90,ar-120-120,pr-true,f-auto,q-80/cms/sub_category/237.png",Kettle Studio Black Truffle With Salt,Kettle,249,249,150 g,4.6 (786),Sold Out,https://www.zeptonow.com/pn/kettle-studio-black-truffle-with-salt/pvid/98eab840-1686-49b9-a058-586d72aafbf2,"https://cdn.zeptonow.com/production/tr:w-1280,ar-1500-1499,pr-true,f-auto,q-80/cms/product_variant/600855f6-1dc5-441f-8cd7-224fff7bb5dd.jpg"
Homegrown Brands,Assorted Snacks,"https://cdn.zeptonow.com/production/tr:w-90,ar-120-120,pr-true,f-auto,q-80/cms/sub_category/237.png","Troovy Healthy High Protein Mix Veggie Chips (No Palm Oil, No Chemicals)",Troovy,70,70,70 g,4.8 (339),Sold Out,https://www.zeptonow.com/pn/troovy-healthy-high-protein-mix-veggie-chips-no-palm-oil-no-chemicals/pvid/86dbcef6-cbfb-4d35-ad44-e7dc9b946a9d,"https://cdn.zeptonow.com/production/tr:w-1280,ar-1080-1080,pr-true,f-auto,q-80/cms/product_variant/1860afe1-d5c4-45b0-b461-3b080ae174fe.png"
Homegrown Brands,Assorted Snacks,"https://cdn.zeptonow.com/production/tr:w-90,ar-120-120,pr-true,f-auto,q-80/cms/sub_category/237.png",Uncle Chips Plain Salted,Uncle,40,50,80 g,4.6 (19.4k),Sold Out,https://www.zeptonow.com/pn/uncle-chips-plain-salted/pvid/ac2a537b-5767-4998-8890-c7bfef3ea0be,"https://cdn.zeptonow.com/production/tr:w-1280,ar-1200-1200,pr-true,f-auto,q-80/cms/product_variant/462ccb3a-108a-40f4-8767-024e948b7356.jpeg"
Homegrown Brands,Assorted Snacks,"https://cdn.zeptonow.com/production/tr:w-90,ar-120-120,pr-true,f-auto,q-80/cms/sub_category/237.png",Kettle Studio Mature Cheddar & Red Onions,Kettle,99,99,113 g,4 (57),Sold Out,https://www.zeptonow.com/pn/kettle-studio-mature-cheddar-red-onions/pvid/2c9047ec-5afb-4636-9b7a-999e3f24933e,"https://cdn.zeptonow.com/production/tr:w-1280,ar-1500-1500,pr-true,f-auto,q-80/cms/product_variant/ed77de5e-d714-414a-b31c-77a839b0f48e.jpg"
Homegrown Brands,Assorted Snacks,"https://cdn.zeptonow.com/production/tr:w-90,ar-120-120,pr-true,f-auto,q-80/cms/sub_category/237.png","Ritebite Max Protein Cheese & Jalapeno 10G Multigrain Protein Chips, Healthy Snacks & Munchies",Max Protein,44,45,60 g,4.7 (3.0k),Sold Out,https://www.zeptonow.com/pn/ritebite-max-protein-cheese-jalapeno-10g-multigrain-protein-chips-healthy-snacks-munchies/pvid/9cace367-79b6-4462-98af-19a0f06235f8,"https://cdn.zeptonow.com/production/tr:w-1280,ar-1021-1021,pr-true,f-auto,q-80/cms/product_variant/dd8d10f5-63ad-42e4-a31c-6d12ebd142cd.jpeg"
Homegrown Brands,Assorted Snacks,"https://cdn.zeptonow.com/production/tr:w-90,ar-120-120,pr-true,f-auto,q-80/cms/sub_category/237.png","Troovy Healthy High Protein Ragi Chips (No Palm Oil, No Chemicals)",Troovy,70,70,70 g,4.9 (314),Sold Out,https://www.zeptonow.com/pn/troovy-healthy-high-protein-ragi-chips-no-palm-oil-no-chemicals/pvid/f822b9f8-e1fb-4ece-9b16-dec7700079a5,"https://cdn.zeptonow.com/production/tr:w-1280,ar-1080-1080,pr-true,f-auto,q-80/cms/product_variant/c686d0f9-b5a7-4697-8071-ee15fe717a5e.png"
Homegrown Brands,Assorted Snacks,"https://cdn.zeptonow.com/production/tr:w-90,ar-120-120,pr-true,f-auto,q-80/cms/sub_category/237.png",Modern Kitchens Potato Chips Masala,Modern,37,40,70 g,4.6 (3.0k),Sold Out,https://www.zeptonow.com/pn/modern-kitchens-potato-chips-masala/pvid/0c471456-f703-4659-8fd0-73fde0b4c9cb,"https://cdn.zeptonow.com/production/tr:w-1280,ar-1135-1672,pr-true,f-auto,q-80/cms/product_variant/59d151d6-9113-47ce-9fac-b310c80a9bd7.jpeg"
Homegrown Brands,Assorted Snacks,"https://cdn.zeptonow.com/production/tr:w-90,ar-120-120,pr-true,f-auto,q-80/cms/sub_category/237.png",Kettle Studio Crushed Paprika With Exotic Spices,Kettle,99,99,113 g,4.9 (224),Sold Out,https://www.zeptonow.com/pn/kettle-studio-crushed-paprika-with-exotic-spices/pvid/192c1fd1-19b5-407d-9d27-97744f394b74,"https://cdn.zeptonow.com/production/tr:w-1280,ar-1021-1021,pr-true,f-auto,q-80/cms/product_variant/5f50a225-76eb-45e0-8eda-f311c9a22d13.jpeg"
Homegrown Brands,Assorted Snacks,"https://cdn.zeptonow.com/production/tr:w-90,ar-120-120,pr-true,f-auto,q-80/cms/sub_category/237.png",Snackible Peri Peri Ragi Chips | High Fibre,Snackible,46,50,55 g,4.7 (2.2k),Sold Out,https://www.zeptonow.com/pn/snackible-peri-peri-ragi-chips-high-fibre/pvid/0f25d131-5687-4f12-816a-445e0230bbd2,"https://cdn.zeptonow.com/production/tr:w-1280,ar-1000-1000,pr-true,f-auto,q-80/cms/product_variant/960c7367-8095-40e6-8c85-66eaa353fb57.jpeg"
Homegrown Brands,Assorted Snacks,"https://cdn.zeptonow.com/production/tr:w-90,ar-120-120,pr-true,f-auto,q-80/cms/sub_category/237.png","Ritebite Max Protein Peri Peri 10G Multigrain Protein Chips, Healthy Snacks & Munchies",Max Protein,44,45,60 g,4.7 (4.2k),Sold Out,https://www.zeptonow.com/pn/ritebite-max-protein-peri-peri-10g-multigrain-protein-chips-healthy-snacks-munchies/pvid/11769821-bd5b-4b87-bbea-302bfb3f47bb,"https://cdn.zeptonow.com/production/tr:w-1280,ar-1021-1021,pr-true,f-auto,q-80/cms/product_variant/3685914e-5ef0-44c4-a309-3285a1958f72.jpeg"
Homegrown Brands,Assorted Snacks,"https://cdn.zeptonow.com/production/tr:w-90,ar-120-120,pr-true,f-auto,q-80/cms/sub_category/237.png",4700BC Chips+ Hawaiian Barbeque Popped Corn-Based,4700BC,50,50,55 g,4.6 (1.1k),Sold Out,https://www.zeptonow.com/pn/4700bc-chips-hawaiian-barbeque-popped-corn-based/pvid/2a41bff4-55fc-4ce5-9bf2-42859bc556d2,"https://cdn.zeptonow.com/production/tr:w-1280,ar-2400-2400,pr-true,f-auto,q-80/cms/product_variant/3ae15aa7-d154-46e9-9222-3da12461f744.jpg"
Homegrown Brands,Assorted Snacks,"https://cdn.zeptonow.com/production/tr:w-90,ar-120-120,pr-true,f-auto,q-80/cms/sub_category/237.png",Beyond Snack Kerala Banana Chips - Original Style,Beyond,83,95,120 g,4.7 (1.1k),Sold Out,https://www.zeptonow.com/pn/beyond-snack-kerala-banana-chips-original-style/pvid/b7542d9d-c2b5-458d-a987-81a0d6d6a893,"https://cdn.zeptonow.com/production/tr:w-1280,ar-1080-1080,pr-true,f-auto,q-80/cms/product_variant/4d6c4c7c-1ed3-4850-9eee-d290f4c451a1.jpeg"
Homegrown Brands,Assorted Snacks,"https://cdn.zeptonow.com/production/tr:w-90,ar-120-120,pr-true,f-auto,q-80/cms/sub_category/237.png","Ritebite Max Protein Desi Masala 10G Multigrain Protein Chips, Healthy Snacks & Munchies",Max Protein,44,45,60 g,4.8 (2.2k),Sold Out,https://www.zeptonow.com/pn/ritebite-max-protein-desi-masala-10g-multigrain-protein-chips-healthy-snacks-munchies/pvid/5163e2d2-b3b6-4584-9112-93b607ec206f,"https://cdn.zeptonow.com/production/tr:w-1280,ar-1000-1000,pr-true,f-auto,q-80/cms/product_variant/127b22e3-4c88-497d-8851-4c4d57d44541.jpg"
Homegrown Brands,Assorted Snacks,"https://cdn.zeptonow.com/production/tr:w-90,ar-120-120,pr-true,f-auto,q-80/cms/sub_category/237.png",Lay's India's Magic Masala Potato Chips,Lay's,67,78,143 g,4.7 (226.0k),Sold Out,https://www.zeptonow.com/pn/lays-indias-magic-masala-potato-chips/pvid/a1846726-c186-42a6-b55f-851bd58a95ec,"https://cdn.zeptonow.com/production/tr:w-1280,ar-765-1100,pr-true,f-auto,q-80/cms/product_variant/5d4e7983-7b48-4d11-90ff-a69efb9e20e3.jpeg"
Homegrown Brands,Assorted Snacks,"https://cdn.zeptonow.com/production/tr:w-90,ar-120-120,pr-true,f-auto,q-80/cms/sub_category/237.png",Wingreens Farms Butter Garlic Naan Chips ,Wingreens,39,40,60 g,4 (200),Sold Out,https://www.zeptonow.com/pn/wingreens-farms-butter-garlic-naan-chips/pvid/72644a5c-d9e8-4388-ae3c-9fea54301bec,"https://cdn.zeptonow.com/production/tr:w-1280,ar-1200-1200,pr-true,f-auto,q-80/cms/product_variant/b2f2aa80-a9d4-4116-9b7b-a76f88ff34e2.jpg"
Homegrown Brands,Assorted Snacks,"https://cdn.zeptonow.com/production/tr:w-90,ar-120-120,pr-true,f-auto,q-80/cms/sub_category/237.png",Beyond Snack Kerala Banana Chips - Salt & Black Pepper,Beyond,123,200,235 g,4.3 (167),Sold Out,https://www.zeptonow.com/pn/beyond-snack-kerala-banana-chips-salt-black-pepper/pvid/10110a31-15b7-4cc2-ac33-70872d25fbf4,"https://cdn.zeptonow.com/production/tr:w-1280,ar-2100-2100,pr-true,f-auto,q-80/cms/product_variant/cc309e72-14a3-4f34-9257-05faf72f2d1f.jpg"
Homegrown Brands,Assorted Snacks,"https://cdn.zeptonow.com/production/tr:w-90,ar-120-120,pr-true,f-auto,q-80/cms/sub_category/237.png",Beyond Snack Kerala Banana Chips - Combo | Party Pack,Beyond,76,80,100 g,4.5 (240),Sold Out,https://www.zeptonow.com/pn/beyond-snack-kerala-banana-chips-combo-party-pack/pvid/6f547f88-300b-4471-8ab7-459d7569072b,"https://cdn.zeptonow.com/production/tr:w-1280,ar-1000-1000,pr-true,f-auto,q-80/cms/product_variant/02ec07a0-e91d-4122-81f5-cfc153ef51af.jpeg"
Homegrown Brands,Assorted Snacks,"https://cdn.zeptonow.com/production/tr:w-90,ar-120-120,pr-true,f-auto,q-80/cms/sub_category/237.png",Snackible Jalapeno Ragi Chips (with Spicy Mayo Dip) | High Fibre,Snackible,46,50,56 g,4.8 (404),Sold Out,https://www.zeptonow.com/pn/snackible-jalapeno-ragi-chips-with-spicy-mayo-dip-high-fibre/pvid/fe2ecdb4-2c56-4a7d-a6f5-c711cddcb1e2,"https://cdn.zeptonow.com/production/tr:w-1280,ar-2000-2000,pr-true,f-auto,q-80/cms/product_variant/a084aabe-4d7a-476d-a246-ee8a703c9b0f.jpeg"
Homegrown Brands,Assorted Snacks,"https://cdn.zeptonow.com/production/tr:w-90,ar-120-120,pr-true,f-auto,q-80/cms/sub_category/237.png",Lays Wafer Chips Sal N Pepper Flavor,Lays,41,50,82 g,4.5 (2.4k),Sold Out,https://www.zeptonow.com/pn/lays-wafer-chips-sal-n-pepper-flavor/pvid/f328780d-4338-4df2-b067-8fc2b4e52ed5,"https://cdn.zeptonow.com/production/tr:w-1280,ar-1043-1400,pr-true,f-auto,q-80/cms/product_variant/3d94d6bf-2dd3-4c61-a254-bea48d14acb3.jpeg"
Homegrown Brands,Assorted Snacks,"https://cdn.zeptonow.com/production/tr:w-90,ar-120-120,pr-true,f-auto,q-80/cms/sub_category/237.png",Haldiram's Halke Fulke - Salted Potato Chips,Haldiram's,30,30,100 g,4.5 (9.4k),Sold Out,https://www.zeptonow.com/pn/haldirams-halke-fulke-salted-potato-chips/pvid/6b1c0999-fea2-4fcd-a6c1-b6ed7845708f,"https://cdn.zeptonow.com/production/tr:w-1280,ar-500-500,pr-true,f-auto,q-80/cms/product_variant/8e022ef4-08cb-4e29-93b0-7cc7e9cb1e85.jpg"
Homegrown Brands,Assorted Snacks,"https://cdn.zeptonow.com/production/tr:w-90,ar-120-120,pr-true,f-auto,q-80/cms/sub_category/237.png",Snackible Desi Masala Ragi Chips | High Fibre,Snackible,45,50,55 g,4.8 (465),Sold Out,https://www.zeptonow.com/pn/snackible-desi-masala-ragi-chips-high-fibre/pvid/fc20dc94-02d1-47ea-bfed-865570f1911f,"https://cdn.zeptonow.com/production/tr:w-1280,ar-1000-1000,pr-true,f-auto,q-80/cms/product_variant/d9961f1e-dd93-4829-b4f5-7891cdfbfc84.jpeg"
Homegrown Brands,Assorted Snacks,"https://cdn.zeptonow.com/production/tr:w-90,ar-120-120,pr-true,f-auto,q-80/cms/sub_category/237.png",Superyou Multigrain Masala Chips,Superyou,42,50,1 piece,4.3 (167),Sold Out,https://www.zeptonow.com/pn/superyou-multigrain-masala-chips/pvid/3b19c7d7-7a87-4b19-bd8d-a7303883ece7,"https://cdn.zeptonow.com/production/tr:w-1280,ar-1080-1080,pr-true,f-auto,q-80/cms/product_variant/1a85333e-6e3a-4c24-a8f2-90be0d9b4eb9.jpg"
Homegrown Brands,Assorted Snacks,"https://cdn.zeptonow.com/production/tr:w-90,ar-120-120,pr-true,f-auto,q-80/cms/sub_category/237.png",Superyou Multigrain Sour Cream & Onion Chips,Superyou,42,50,1 piece,4.4 (214),Sold Out,https://www.zeptonow.com/pn/superyou-multigrain-sour-cream-onion-chips/pvid/34c083a8-6bf4-42bf-9e4d-3944a33f0ffd,"https://cdn.zeptonow.com/production/tr:w-1280,ar-1080-1080,pr-true,f-auto,q-80/cms/product_variant/a9db1e00-f72e-4576-9871-1629c77fe97f.jpg"
Homegrown Brands,Assorted Snacks,"https://cdn.zeptonow.com/production/tr:w-90,ar-120-120,pr-true,f-auto,q-80/cms/sub_category/237.png",Wickedgud Chickpea Popped Chips - Dil Se Cheese,Wickedgud,30,35,20 g,4.4 (852),Sold Out,https://www.zeptonow.com/pn/wickedgud-chickpea-popped-chips-dil-se-cheese/pvid/a20d6312-7f0f-45ad-a821-3abe01de6d65,"https://cdn.zeptonow.com/production/tr:w-1280,ar-980-980,pr-true,f-auto,q-80/cms/product_variant/7499b6c3-7719-43b4-8cde-dac6cc6a61b0.jpg"
Homegrown Brands,Assorted Snacks,"https://cdn.zeptonow.com/production/tr:w-90,ar-120-120,pr-true,f-auto,q-80/cms/sub_category/237.png",Yellow Diamond Piri Piri Chips,Yellow,20,50,80 g,4.2 (753),Sold Out,https://www.zeptonow.com/pn/yellow-diamond-piri-piri-chips/pvid/7433a6d3-4587-498f-96a9-c251528a78e6,"https://cdn.zeptonow.com/production/tr:w-1280,ar-900-900,pr-true,f-auto,q-80/cms/product_variant/c6794af3-2127-4a19-89d5-9633ca1bca81.jpg"
Homegrown Brands,Assorted Snacks,"https://cdn.zeptonow.com/production/tr:w-90,ar-120-120,pr-true,f-auto,q-80/cms/sub_category/237.png",Khari Foods Peri Peri Beetroot Crispies Chips - No Palm Oil,Khari,55,55,50 g,4.2 (1.1k),Sold Out,https://www.zeptonow.com/pn/khari-foods-peri-peri-beetroot-crispies-chips-no-palm-oil/pvid/37bedab5-5335-417f-ba52-ac66a3b51b6e,"https://cdn.zeptonow.com/production/tr:w-1280,ar-1500-1500,pr-true,f-auto,q-80/cms/product_variant/f6a447de-4b92-4631-adce-6d9c535771e0.jpg"
Homegrown Brands,Assorted Snacks,"https://cdn.zeptonow.com/production/tr:w-90,ar-120-120,pr-true,f-auto,q-80/cms/sub_category/237.png",Lay's Classic Salted Potato Chips,Lay's,20,20,48 g,4.7 (127.1k),Sold Out,https://www.zeptonow.com/pn/lays-classic-salted-potato-chips/pvid/12cdefc2-c4c6-4a74-8b63-cefd3e293a3c,"https://cdn.zeptonow.com/production/tr:w-1280,ar-1200-1200,pr-true,f-auto,q-80/cms/product_variant/b3c6d501-b257-4994-8ec8-02a855744e84.jpg"
Homegrown Brands,Assorted Snacks,"https://cdn.zeptonow.com/production/tr:w-90,ar-120-120,pr-true,f-auto,q-80/cms/sub_category/237.png",Too Yumm Masala Banana Chips | Made with Nendran bananas | No Palm Oil | 100% Veg,Yu,67,75,42 g,4.5 (80),Sold Out,https://www.zeptonow.com/pn/too-yumm-masala-banana-chips-made-with-nendran-bananas-no-palm-oil-100-veg/pvid/a55f8ee5-0075-48a4-af67-f9770bccc28f,"https://cdn.zeptonow.com/production/tr:w-1280,ar-1000-1000,pr-true,f-auto,q-80/cms/product_variant/b2bbbb2f-2467-4a1d-9246-2185f023868a.jpeg"
Homegrown Brands,Assorted Snacks,"https://cdn.zeptonow.com/production/tr:w-90,ar-120-120,pr-true,f-auto,q-80/cms/sub_category/237.png",Kettle Studio Banana Chips Lime & Chilli,Kettle,97,99,125 g,4.1 (286),Sold Out,https://www.zeptonow.com/pn/kettle-studio-banana-chips-lime-chilli/pvid/f16ead74-6d4d-44b2-8ab6-0f25964dc3dd,"https://cdn.zeptonow.com/production/tr:w-1280,ar-2400-2400,pr-true,f-auto,q-80/cms/product_variant/9a492e0d-232f-4701-a581-a16e3d844c80.jpg"
Homegrown Brands,Assorted Snacks,"https://cdn.zeptonow.com/production/tr:w-90,ar-120-120,pr-true,f-auto,q-80/cms/sub_category/237.png",Superyou Multigrain Pundina Chips,Superyou,42,50,1 piece,4.2 (188),Sold Out,https://www.zeptonow.com/pn/superyou-multigrain-pundina-chips/pvid/3f4726eb-2131-4ffa-a9b5-57c32d5b7c47,"https://cdn.zeptonow.com/production/tr:w-1280,ar-1080-1080,pr-true,f-auto,q-80/cms/product_variant/d226024f-f570-4f61-a8ad-0837a8a8d63e.jpg"
Homegrown Brands,Assorted Snacks,"https://cdn.zeptonow.com/production/tr:w-90,ar-120-120,pr-true,f-auto,q-80/cms/sub_category/237.png",Lay's Classic Salted Potato Chips,Lay's,30,30,67 g,4.7 (70.1k),Sold Out,https://www.zeptonow.com/pn/lays-classic-salted-potato-chips/pvid/351db1e6-d693-4a28-88a8-2d59e864f67a,"https://cdn.zeptonow.com/production/tr:w-1280,ar-2000-2000,pr-true,f-auto,q-80/cms/product_variant/595808a8-7204-4b09-b167-631ebd3815f7.jpeg"
Homegrown Brands,Assorted Snacks,"https://cdn.zeptonow.com/production/tr:w-90,ar-120-120,pr-true,f-auto,q-80/cms/sub_category/237.png",Khari Foods Tandoori Ragi Crispies Chips - No Palm Oil,Khari,55,55,50 g,4.6 (961),Sold Out,https://www.zeptonow.com/pn/khari-foods-tandoori-ragi-crispies-chips-no-palm-oil/pvid/8a9e8822-ed8e-4846-8de9-ac3e4f04e408,"https://cdn.zeptonow.com/production/tr:w-1280,ar-1500-1500,pr-true,f-auto,q-80/cms/product_variant/abbd5583-dc31-49f0-846c-593dcb641cd7.jpg"
Homegrown Brands,Assorted Snacks,"https://cdn.zeptonow.com/production/tr:w-90,ar-120-120,pr-true,f-auto,q-80/cms/sub_category/237.png",Yellow Diamond Cream 'N' Onion Chips,Yellow,16,50,80 g,4.6 (7.0k),Sold Out,https://www.zeptonow.com/pn/yellow-diamond-cream-n-onion-chips/pvid/4ce820a0-0b28-4b6b-b8bc-3405468c1229,"https://cdn.zeptonow.com/production/tr:w-1280,ar-900-900,pr-true,f-auto,q-80/cms/product_variant/4f4db302-a416-4d6d-8764-23e362be78b5.jpg"
Homegrown Brands,Assorted Snacks,"https://cdn.zeptonow.com/production/tr:w-90,ar-120-120,pr-true,f-auto,q-80/cms/sub_category/237.png",Let's Try Vrat Potato Chips,Let's,41,45,60 g,4.1 (2.2k),Sold Out,https://www.zeptonow.com/pn/lets-try-vrat-potato-chips/pvid/b8bb6921-214c-432d-bcc7-30920e98509f,"https://cdn.zeptonow.com/production/tr:w-1280,ar-1573-1600,pr-true,f-auto,q-80/cms/product_variant/c402fbea-9ba6-40ea-8cab-fc4afda60f7f.jpg"
Homegrown Brands,Assorted Snacks,"https://cdn.zeptonow.com/production/tr:w-90,ar-120-120,pr-true,f-auto,q-80/cms/sub_category/237.png",Wickedgud Chickpea Popped Chips - Tomato Thumka,Wickedgud,20,35,20 g,4.6 (68),Sold Out,https://www.zeptonow.com/pn/wickedgud-chickpea-popped-chips-tomato-thumka/pvid/7e37da7f-6956-498a-8cc0-94f92980a77b,"https://cdn.zeptonow.com/production/tr:w-1280,ar-1021-1021,pr-true,f-auto,q-80/cms/product_variant/feefbab2-af24-441d-9edd-2d89fb3c23e6.jpeg"
Homegrown Brands,Assorted Snacks,"https://cdn.zeptonow.com/production/tr:w-90,ar-120-120,pr-true,f-auto,q-80/cms/sub_category/237.png",Too Yumm Spicy Korean Banana Chips | Made with Nendran bananas | No Palm Oil | 100% Veg,Yu,67,75,42 g,4.9 (76),Sold Out,https://www.zeptonow.com/pn/too-yumm-spicy-korean-banana-chips-made-with-nendran-bananas-no-palm-oil-100-veg/pvid/f4a29f97-b1a3-4ab3-b5b6-10fb2f47ec8f,"https://cdn.zeptonow.com/production/tr:w-1280,ar-1000-1000,pr-true,f-auto,q-80/cms/product_variant/b4995f2d-d71d-46c9-ac9c-fa49fd6b30da.jpeg"
Homegrown Brands,Assorted Snacks,"https://cdn.zeptonow.com/production/tr:w-90,ar-120-120,pr-true,f-auto,q-80/cms/sub_category/237.png",Khari Foods Masala Oats Crispies Chips - No Palm Oil,Khari,55,55,50 g,4.6 (576),Sold Out,https://www.zeptonow.com/pn/khari-foods-masala-oats-crispies-chips-no-palm-oil/pvid/cc5d5a29-cd63-4c47-a50e-901edd950017,"https://cdn.zeptonow.com/production/tr:w-1280,ar-1500-1500,pr-true,f-auto,q-80/cms/product_variant/5e3a6377-3a04-45a1-9962-b313c4ee0442.jpg"
Homegrown Brands,Assorted Snacks,"https://cdn.zeptonow.com/production/tr:w-90,ar-120-120,pr-true,f-auto,q-80/cms/sub_category/237.png",Lay's Potato Chips Wafer style - Salt with Pepper Flavour,Lay's,20,20,48 g,4.7 (23.6k),Sold Out,https://www.zeptonow.com/pn/lays-potato-chips-wafer-style-salt-with-pepper-flavour/pvid/d86d05e4-4ea6-4a61-a185-b101c1094509,"https://cdn.zeptonow.com/production/tr:w-1280,ar-1500-1500,pr-true,f-auto,q-80/cms/product_variant/bab0b2ac-e008-4a26-a1b8-b262d059a40d.jpeg"
Homegrown Brands,Assorted Snacks,"https://cdn.zeptonow.com/production/tr:w-90,ar-120-120,pr-true,f-auto,q-80/cms/sub_category/237.png",FitFeast Protein Chips Peri Peri,FitFeast,86,99,60 g,4.9 (168),Sold Out,https://www.zeptonow.com/pn/fitfeast-protein-chips-peri-peri/pvid/e1893294-015b-4e23-baed-2e142c4dd217,"https://cdn.zeptonow.com/production/tr:w-1280,ar-1200-1200,pr-true,f-auto,q-80/cms/product_variant/bcfe81d2-604c-46c0-9f8f-51c0861af22a.jpeg"
Homegrown Brands,Assorted Snacks,"https://cdn.zeptonow.com/production/tr:w-90,ar-120-120,pr-true,f-auto,q-80/cms/sub_category/237.png",Aloo Waffers Sendha Namak,Aloo,92,100,150 g,4.2 (69),Sold Out,https://www.zeptonow.com/pn/aloo-waffers-sendha-namak/pvid/234df476-ab7d-4433-80ef-85c76e7ac460,"https://cdn.zeptonow.com/production/tr:w-1280,ar-433-577,pr-true,f-auto,q-80/inventory/product/fde0545b-1cf2-438f-a62c-09aa9a09370d-Photo.jpeg"
Homegrown Brands,Assorted Snacks,"https://cdn.zeptonow.com/production/tr:w-90,ar-120-120,pr-true,f-auto,q-80/cms/sub_category/237.png",Let's Try Lite Snacks Sticks | Vrat | Fasting Chips,Let's,45,60,60 g,4.3 (789),Sold Out,https://www.zeptonow.com/pn/lets-try-lite-snacks-sticks-vrat-fasting-chips/pvid/e7fa4cd0-a983-4a3c-8d43-43dc09794970,"https://cdn.zeptonow.com/production/tr:w-1280,ar-1573-1600,pr-true,f-auto,q-80/cms/product_variant/5d5016f0-189a-415c-85e2-d40f6b6a667c.jpg"
Homegrown Brands,Assorted Snacks,"https://cdn.zeptonow.com/production/tr:w-90,ar-120-120,pr-true,f-auto,q-80/cms/sub_category/237.png",Let's Try Lite Snacks Chips | Vrat | Fasting Chips,Let's,45,60,50 g,4.6 (683),Sold Out,https://www.zeptonow.com/pn/lets-try-lite-snacks-chips-vrat-fasting-chips/pvid/d8af99bf-30c2-40aa-9e40-141aba36e626,"https://cdn.zeptonow.com/production/tr:w-1280,ar-1573-1600,pr-true,f-auto,q-80/cms/product_variant/4c21275f-d86e-45fb-a997-43267fd7f8f1.jpg"
Homegrown Brands,Assorted Snacks,"https://cdn.zeptonow.com/production/tr:w-90,ar-120-120,pr-true,f-auto,q-80/cms/sub_category/237.png",Too Yumm! Spicy & Icy Bhoot Chips,Yu,59,70,82 g,4.5 (659),Sold Out,https://www.zeptonow.com/pn/too-yumm-spicy-icy-bhoot-chips/pvid/2eb4ef5f-a3df-451d-98cc-3a4085417f58,"https://cdn.zeptonow.com/production/tr:w-1280,ar-5000-5000,pr-true,f-auto,q-80/cms/product_variant/41b9a285-f14d-4193-a374-7212ce4c67ed.jpg"
Homegrown Brands,Assorted Snacks,"https://cdn.zeptonow.com/production/tr:w-90,ar-120-120,pr-true,f-auto,q-80/cms/sub_category/237.png",Kappo Banana Chips Classic Salted,Kappo,53,55,75 g,4.8 (1.0k),Sold Out,https://www.zeptonow.com/pn/kappo-banana-chips-classic-salted/pvid/1c6ecf24-860e-4103-af54-4b789053f0b7,"https://cdn.zeptonow.com/production/tr:w-1280,ar-385-384,pr-true,f-auto,q-80/cms/product_variant/e1812333-0760-48f2-8e8e-2820a2d128b7.jpg"
Homegrown Brands,Assorted Snacks,"https://cdn.zeptonow.com/production/tr:w-90,ar-120-120,pr-true,f-auto,q-80/cms/sub_category/237.png",BRB Rice Popped Chips Jalapeno & Tomato Flavour,BRB,38,40,1 Pack (48 g),4.6 (885),Sold Out,https://www.zeptonow.com/pn/brb-rice-popped-chips-jalapeno-tomato-flavour/pvid/bccd0165-4d0e-43b0-a381-dda70fec2f5e,"https://cdn.zeptonow.com/production/tr:w-1280,ar-2400-2400,pr-true,f-auto,q-80/cms/product_variant/e1c687b4-b153-49d2-9ab2-107fe24d5e8f.jpeg"
Homegrown Brands,Assorted Snacks,"https://cdn.zeptonow.com/production/tr:w-90,ar-120-120,pr-true,f-auto,q-80/cms/sub_category/237.png",Yellow Diamond Naga Spicy Punch Chips,Naga,20,50,80 g,4.7 (1.7k),Sold Out,https://www.zeptonow.com/pn/yellow-diamond-naga-spicy-punch-chips/pvid/da6b3dcc-5729-422c-901b-fc3ea533ea2b,"https://cdn.zeptonow.com/production/tr:w-1280,ar-1448-2004,pr-true,f-auto,q-80/cms/product_variant/47fdb0b3-d200-4c4c-ba03-e23f2fe23ab3.jpg"
Homegrown Brands,Assorted Snacks,"https://cdn.zeptonow.com/production/tr:w-90,ar-120-120,pr-true,f-auto,q-80/cms/sub_category/237.png",UNIBIC Swaadesi No Palm Oil Kerala Banana Chips-Fiery Red Hot,Unibic,90,99,100 g,4.9 (888),Sold Out,https://www.zeptonow.com/pn/unibic-swaadesi-no-palm-oil-kerala-banana-chips-fiery-red-hot/pvid/40a8f0e8-8309-4cf3-a614-5aad47c8bc55,"https://cdn.zeptonow.com/production/tr:w-1280,ar-1500-1500,pr-true,f-auto,q-80/cms/product_variant/bb7972c7-f2eb-4515-a943-3ae263560fbf.jpeg"
Homegrown Brands,Instant & Packaged Food,"https://cdn.zeptonow.com/production/tr:w-90,ar-120-120,pr-true,f-auto,q-80/cms/sub_category/238.png",Swetha Telugu Foods Red Chilli Pickle,Swetha,75,110,300 g,4.9 (519),In Stock,https://www.zeptonow.com/pn/swetha-telugu-foods-red-chilli-pickle/pvid/d1058f8d-a5b2-454b-a5e2-1d8c8b93f7b9,"https://cdn.zeptonow.com/production/tr:w-1280,ar-1200-1200,pr-true,f-auto,q-80/cms/product_variant/c0fee718-b67f-4104-a957-69ef2136bbc0.jpeg"
Homegrown Brands,Instant & Packaged Food,"https://cdn.zeptonow.com/production/tr:w-90,ar-120-120,pr-true,f-auto,q-80/cms/sub_category/238.png",Keya Malabar Chicken Pickle,Keya,244,320,270 g,4.3 (470),In Stock,https://www.zeptonow.com/pn/keya-malabar-chicken-pickle/pvid/7e99ae99-0119-4fe8-ac0e-cfcb54195d22,"https://cdn.zeptonow.com/production/tr:w-1280,ar-2000-2000,pr-true,f-auto,q-80/cms/product_variant/21b4738a-fdfb-4f80-894e-b11cb167a797.jpg"
Homegrown Brands,Instant & Packaged Food,"https://cdn.zeptonow.com/production/tr:w-90,ar-120-120,pr-true,f-auto,q-80/cms/sub_category/238.png",Del Monte Sliced Black Olives,Del Monte,204,210,235 g,4.5 (1.3k),In Stock,https://www.zeptonow.com/pn/del-monte-sliced-black-olives/pvid/00ffea66-b581-4b07-9d3c-ae070a80fb2a,"https://cdn.zeptonow.com/production/tr:w-1280,ar-2400-2400,pr-true,f-auto,q-80/cms/product_variant/ddd25460-f034-4ad5-9718-88e9ea5825aa.jpeg"
Homegrown Brands,Instant & Packaged Food,"https://cdn.zeptonow.com/production/tr:w-90,ar-120-120,pr-true,f-auto,q-80/cms/sub_category/238.png",Ruchi Magic Lime Pickle,Ruchi,99,110,300 g,4.7 (206),In Stock,https://www.zeptonow.com/pn/ruchi-magic-lime-pickle/pvid/e010dd70-f767-4a38-bc20-2d20ab1cc525,"https://cdn.zeptonow.com/production/tr:w-1280,ar-1500-1500,pr-true,f-auto,q-80/cms/product_variant/989ef5fc-4537-48c2-af48-8beb5ba52821.jpeg"
Homegrown Brands,Instant & Packaged Food,"https://cdn.zeptonow.com/production/tr:w-90,ar-120-120,pr-true,f-auto,q-80/cms/sub_category/238.png",Ruchi Magic Mango Avakkai Pickle,Ruchi,99,110,300 g,4.3 (365),In Stock,https://www.zeptonow.com/pn/ruchi-magic-mango-avakkai-pickle/pvid/34ff9f27-bbd3-4bf4-8519-c226738ed0eb,"https://cdn.zeptonow.com/production/tr:w-1280,ar-1500-1500,pr-true,f-auto,q-80/cms/product_variant/b1b86426-2a95-4746-808c-2d4ba7aa1c53.jpeg"
Homegrown Brands,Instant & Packaged Food,"https://cdn.zeptonow.com/production/tr:w-90,ar-120-120,pr-true,f-auto,q-80/cms/sub_category/238.png",Aachi Cut Mango Pickle,Aachi,89,89,200 g,4.5 (243),In Stock,https://www.zeptonow.com/pn/aachi-cut-mango-pickle/pvid/8df8f252-69f9-4245-8a77-a10702c7c97c,"https://cdn.zeptonow.com/production/tr:w-1280,ar-937-1516,pr-true,f-auto,q-80/cms/product_variant/33ff25a8-27b2-4103-95f2-8b2b413f3dcf.jpg"
Homegrown Brands,Instant & Packaged Food,"https://cdn.zeptonow.com/production/tr:w-90,ar-120-120,pr-true,f-auto,q-80/cms/sub_category/238.png",Ruchi magic Garlic Pickle,Ruchi,99,110,300 g,4.4 (789),In Stock,https://www.zeptonow.com/pn/ruchi-magic-garlic-pickle/pvid/11a6be68-8f3c-4908-a06d-7d18e4bd4939,"https://cdn.zeptonow.com/production/tr:w-1280,ar-1500-1500,pr-true,f-auto,q-80/cms/product_variant/aec38a9d-8a48-44bc-a0c8-77b60bd5ab54.jpeg"
Homegrown Brands,Instant & Packaged Food,"https://cdn.zeptonow.com/production/tr:w-90,ar-120-120,pr-true,f-auto,q-80/cms/sub_category/238.png",Ruchi magic Citron Pickle,Ruchi,99,110,300 g,4.7 (261),In Stock,https://www.zeptonow.com/pn/ruchi-magic-citron-pickle/pvid/07e5878a-3ec9-4d56-b977-d4a6d5e623ea,"https://cdn.zeptonow.com/production/tr:w-1280,ar-1500-1500,pr-true,f-auto,q-80/cms/product_variant/d2920993-093f-4608-816d-d20c8b00371b.jpeg"
Homegrown Brands,Instant & Packaged Food,"https://cdn.zeptonow.com/production/tr:w-90,ar-120-120,pr-true,f-auto,q-80/cms/sub_category/238.png",Mother's Recipe Mango Pickle,Mother's Recipe,110,110,300 g,4.5 (3.3k),In Stock,https://www.zeptonow.com/pn/mothers-recipe-mango-pickle/pvid/4b4f3888-d771-4486-9735-1cc3f94f0e98,"https://cdn.zeptonow.com/production/tr:w-1280,ar-1200-1200,pr-true,f-auto,q-80/cms/product_variant/b30bf27f-cd26-4d70-b7de-5360f1534442.jpeg"
Homegrown Brands,Instant & Packaged Food,"https://cdn.zeptonow.com/production/tr:w-90,ar-120-120,pr-true,f-auto,q-80/cms/sub_category/238.png",Aachi Puliyotharai Rice Paste,Aachi,109,109,200 g,3.9 (91),In Stock,https://www.zeptonow.com/pn/aachi-puliyotharai-rice-paste/pvid/a06f3c0e-2868-4f4c-bf2b-2e291e415db6,"https://cdn.zeptonow.com/production/tr:w-1280,ar-900-900,pr-true,f-auto,q-80/cms/product_variant/273e17f2-c904-41c7-adb5-ebcdddbe2483.jpg"
Homegrown Brands,Instant & Packaged Food,"https://cdn.zeptonow.com/production/tr:w-90,ar-120-120,pr-true,f-auto,q-80/cms/sub_category/238.png",Swetha Telugu Foods Mango thokku Pickle,Swetha,75,110,300 g,4.9 (468),In Stock,https://www.zeptonow.com/pn/swetha-telugu-foods-mango-thokku-pickle/pvid/4358e2a5-7fc4-4c54-95b1-586af52f964f,"https://cdn.zeptonow.com/production/tr:w-1280,ar-1021-1021,pr-true,f-auto,q-80/cms/product_variant/81f6b948-7afd-4905-908a-beee32faa58a.jpeg"
Homegrown Brands,Instant & Packaged Food,"https://cdn.zeptonow.com/production/tr:w-90,ar-120-120,pr-true,f-auto,q-80/cms/sub_category/238.png",Keya Goan Prawn Pickle,Keya,293,390,270 g,4.5 (296),In Stock,https://www.zeptonow.com/pn/keya-goan-prawn-pickle/pvid/5039ce3e-4d46-4aca-9b86-994668e43c36,"https://cdn.zeptonow.com/production/tr:w-1280,ar-1021-1021,pr-true,f-auto,q-80/cms/product_variant/f426525a-2217-4ee9-a61f-84b436cf5c44.jpeg"
Homegrown Brands,Instant & Packaged Food,"https://cdn.zeptonow.com/production/tr:w-90,ar-120-120,pr-true,f-auto,q-80/cms/sub_category/238.png",Aachi Vathakulambu Rice Paste,Aachi,109,109,2 x 200 g,4.9 (119),In Stock,https://www.zeptonow.com/pn/aachi-vathakulambu-rice-paste/pvid/0535067f-8c67-4c7b-a877-23d48833e596,"https://cdn.zeptonow.com/production/tr:w-1280,ar-1500-1500,pr-true,f-auto,q-80/cms/product_variant/4ea419c7-2e63-4312-a484-b0b8bf8a6090.jpg"
Homegrown Brands,Instant & Packaged Food,"https://cdn.zeptonow.com/production/tr:w-90,ar-120-120,pr-true,f-auto,q-80/cms/sub_category/238.png",Mother's Recipe Mixed Pickle,Mother's Recipe,110,110,300 g,4.7 (4.0k),In Stock,https://www.zeptonow.com/pn/mothers-recipe-mixed-pickle/pvid/74c58f4f-6bbd-4786-8a7f-53a84f02552a,"https://cdn.zeptonow.com/production/tr:w-1280,ar-2400-2400,pr-true,f-auto,q-80/cms/product_variant/d2a4c7f4-959d-4399-8baa-3ef03e06c5d5.jpeg"
Homegrown Brands,Instant & Packaged Food,"https://cdn.zeptonow.com/production/tr:w-90,ar-120-120,pr-true,f-auto,q-80/cms/sub_category/238.png",Priya Cut Mango Pickle,Priya,105,110,300 g,4.5 (2.2k),In Stock,https://www.zeptonow.com/pn/priya-cut-mango-pickle/pvid/76d0d3fa-5f0f-4a0f-b416-163d3c1e30a2,"https://cdn.zeptonow.com/production/tr:w-1280,ar-2400-2400,pr-true,f-auto,q-80/cms/product_variant/d11ead4c-b39b-4c75-b35c-2e384d460eb5.jpeg"
Homegrown Brands,Instant & Packaged Food,"https://cdn.zeptonow.com/production/tr:w-90,ar-120-120,pr-true,f-auto,q-80/cms/sub_category/238.png",Priya Mango Avakaya Pickle With Garlic,Priya,105,110,300 g,4.7 (3.0k),In Stock,https://www.zeptonow.com/pn/priya-mango-avakaya-pickle-with-garlic/pvid/eed41dfa-a45b-45c4-b1ef-a55e16711405,"https://cdn.zeptonow.com/production/tr:w-1280,ar-1200-1200,pr-true,f-auto,q-80/cms/product_variant/fa3eab91-e77a-4260-aa80-00777d6eaa91.jpeg"
Homegrown Brands,Instant & Packaged Food,"https://cdn.zeptonow.com/production/tr:w-90,ar-120-120,pr-true,f-auto,q-80/cms/sub_category/238.png",Priya Tomato Pickle With Garlic,Priya,105,110,300 g,4.7 (2.6k),In Stock,https://www.zeptonow.com/pn/priya-tomato-pickle-with-garlic/pvid/1cba86b2-ac4b-4f85-b4ed-6bf1c5f4e1c8,"https://cdn.zeptonow.com/production/tr:w-1280,ar-1200-1200,pr-true,f-auto,q-80/cms/product_variant/33101fc9-ebb8-43b0-9b4d-74e168e52818.jpeg"
Homegrown Brands,Instant & Packaged Food,"https://cdn.zeptonow.com/production/tr:w-90,ar-120-120,pr-true,f-auto,q-80/cms/sub_category/238.png",Priya Lime Pickle In Lime Juice With Garlic,Priya,105,110,300 g,4.8 (1.1k),In Stock,https://www.zeptonow.com/pn/priya-lime-pickle-in-lime-juice-with-garlic/pvid/361c0a74-419b-4c48-8e37-d70bc1afeae1,"https://cdn.zeptonow.com/production/tr:w-1280,ar-900-900,pr-true,f-auto,q-80/cms/product_variant/a65ea09d-6461-4559-a461-d31c6c068227.jpeg"
Homegrown Brands,Instant & Packaged Food,"https://cdn.zeptonow.com/production/tr:w-90,ar-120-120,pr-true,f-auto,q-80/cms/sub_category/238.png",Aachi Mango Avakkai Pickle,Aachi,89,89,200 g,4.9 (179),In Stock,https://www.zeptonow.com/pn/aachi-mango-avakkai-pickle/pvid/7ee1e626-9464-4064-8a82-04312b54f111,"https://cdn.zeptonow.com/production/tr:w-1280,ar-934-1516,pr-true,f-auto,q-80/cms/product_variant/7526451a-1fce-4d63-8fc1-beea71223a40.jpg"
Homegrown Brands,Instant & Packaged Food,"https://cdn.zeptonow.com/production/tr:w-90,ar-120-120,pr-true,f-auto,q-80/cms/sub_category/238.png",Swetha Telugu FOODs Mango Avakaya Pickle With Garlic Glass Bottle,Swetha,110,110,300 g,5 (222),In Stock,https://www.zeptonow.com/pn/swetha-telugu-foods-mango-avakaya-pickle-with-garlic-glass-bottle/pvid/7791c383-dda6-46c8-8deb-07287bccee1a,"https://cdn.zeptonow.com/production/tr:w-1280,ar-1200-1200,pr-true,f-auto,q-80/cms/product_variant/6ee3d7c1-3e02-4d80-bdf0-99fa5579825a.jpg"
Homegrown Brands,Instant & Packaged Food,"https://cdn.zeptonow.com/production/tr:w-90,ar-120-120,pr-true,f-auto,q-80/cms/sub_category/238.png",9am Super Gold Mango Pickle,9am,139,180,900 g,3.9 (1.1k),In Stock,https://www.zeptonow.com/pn/9am-super-gold-mango-pickle/pvid/566c1e7d-c445-412a-84f0-8454bce9a502,"https://cdn.zeptonow.com/production/tr:w-1280,ar-2000-2000,pr-true,f-auto,q-80/cms/product_variant/b607dba9-7cc5-49c3-a46d-850202de075b.jpeg"
Homegrown Brands,Instant & Packaged Food,"https://cdn.zeptonow.com/production/tr:w-90,ar-120-120,pr-true,f-auto,q-80/cms/sub_category/238.png",Nutty Yogi Banarasi Whole Red Chilli Pickle,Nutty,282,299,200 g,4.7 (644),In Stock,https://www.zeptonow.com/pn/nutty-yogi-banarasi-whole-red-chilli-pickle/pvid/65059a7d-4445-4200-b939-c271d516b419,"https://cdn.zeptonow.com/production/tr:w-1280,ar-1200-1200,pr-true,f-auto,q-80/cms/product_variant/fcc9893e-7f26-416b-ac63-429347b60a23.jpg"
Homegrown Brands,Instant & Packaged Food,"https://cdn.zeptonow.com/production/tr:w-90,ar-120-120,pr-true,f-auto,q-80/cms/sub_category/238.png",Nilon's Simply South Green Chilli Pickle,Nilon's,120,160,500 g,4.3 (124),In Stock,https://www.zeptonow.com/pn/nilons-simply-south-green-chilli-pickle/pvid/cad42470-1c9c-4b90-8d0d-6d466c9203ad,"https://cdn.zeptonow.com/production/tr:w-1280,ar-1200-1200,pr-true,f-auto,q-80/cms/product_variant/056a0264-8cf0-43f2-95bb-2d139ffbf476.jpeg"
Homegrown Brands,Instant & Packaged Food,"https://cdn.zeptonow.com/production/tr:w-90,ar-120-120,pr-true,f-auto,q-80/cms/sub_category/238.png",Swetha Telugu Foods Tomato Pickle,Swetha,75,110,300 g,5 (475),In Stock,https://www.zeptonow.com/pn/swetha-telugu-foods-tomato-pickle/pvid/b8d1227b-63c5-418b-999b-e4c47fa76f50,"https://cdn.zeptonow.com/production/tr:w-1280,ar-1021-1021,pr-true,f-auto,q-80/cms/product_variant/66f12432-d526-408e-b716-a4f17e69431f.jpeg"
Homegrown Brands,Instant & Packaged Food,"https://cdn.zeptonow.com/production/tr:w-90,ar-120-120,pr-true,f-auto,q-80/cms/sub_category/238.png",Swetha Telugu Foods Cut Mango Pickle,Swetha,75,110,300 g,4.5 (50),In Stock,https://www.zeptonow.com/pn/swetha-telugu-foods-cut-mango-pickle/pvid/c7aa9ca0-90f3-4840-b325-d0dad61c8bbc,"https://cdn.zeptonow.com/production/tr:w-1280,ar-1021-1021,pr-true,f-auto,q-80/cms/product_variant/b31f8e79-3667-4667-8704-9f63c5598250.jpeg"
Homegrown Brands,Instant & Packaged Food,"https://cdn.zeptonow.com/production/tr:w-90,ar-120-120,pr-true,f-auto,q-80/cms/sub_category/238.png",Farmdidi Stuffed Red Chilli Pickle,Farmdidi,145,155,150 g,4.4 (135),Sold Out,https://www.zeptonow.com/pn/farmdidi-stuffed-red-chilli-pickle/pvid/93e82724-509a-4251-aea5-23dd6fca1ba7,"https://cdn.zeptonow.com/production/tr:w-1280,ar-1000-1000,pr-true,f-auto,q-80/cms/product_variant/3fb16250-9408-4bc9-a478-2d3c276e5148.jpeg"
Homegrown Brands,Instant & Packaged Food,"https://cdn.zeptonow.com/production/tr:w-90,ar-120-120,pr-true,f-auto,q-80/cms/sub_category/238.png",Farmdidi Garlic Pickle,Farmdidi,145,155,150 g,4.6 (406),Sold Out,https://www.zeptonow.com/pn/farmdidi-garlic-pickle/pvid/e1b0cedf-2a1d-4443-880d-760cd584ed3d,"https://cdn.zeptonow.com/production/tr:w-1280,ar-1000-1000,pr-true,f-auto,q-80/cms/product_variant/4f790d0c-1490-4036-865b-fc88ed608dbb.jpeg"
Homegrown Brands,Instant & Packaged Food,"https://cdn.zeptonow.com/production/tr:w-90,ar-120-120,pr-true,f-auto,q-80/cms/sub_category/238.png",Farmdidi Traditional Mango Pickle,Farmdidi,145,155,150 g,4.8 (131),Sold Out,https://www.zeptonow.com/pn/farmdidi-traditional-mango-pickle/pvid/1f2b6be1-575c-4c67-b138-06a202da1ab9,"https://cdn.zeptonow.com/production/tr:w-1280,ar-1000-1000,pr-true,f-auto,q-80/cms/product_variant/88975974-b50c-4c51-96db-59b73c410656.jpeg"
Homegrown Brands,Instant & Packaged Food,"https://cdn.zeptonow.com/production/tr:w-90,ar-120-120,pr-true,f-auto,q-80/cms/sub_category/238.png",Farmdidi Punjabi Mango Pickle,Farmdidi,145,155,150 g,4.2 (737),Sold Out,https://www.zeptonow.com/pn/farmdidi-punjabi-mango-pickle/pvid/bb5373cb-86a3-4b32-b111-68413c15488e,"https://cdn.zeptonow.com/production/tr:w-1280,ar-1000-1000,pr-true,f-auto,q-80/cms/product_variant/239fb086-05b3-450f-a7c8-4a29158c9793.jpeg"
Homegrown Brands,Instant & Packaged Food,"https://cdn.zeptonow.com/production/tr:w-90,ar-120-120,pr-true,f-auto,q-80/cms/sub_category/238.png",Aachi Garlic Pickle,Aachi,95,95,200 g,4.8 (377),Sold Out,https://www.zeptonow.com/pn/aachi-garlic-pickle/pvid/7a4e36a8-db33-482c-81a8-d5c590c4a5a4,"https://cdn.zeptonow.com/production/tr:w-1280,ar-934-1516,pr-true,f-auto,q-80/cms/product_variant/839b7db4-6f8d-4e8d-ad3e-fbef66c88689.jpg"
Homegrown Brands,Instant & Packaged Food,"https://cdn.zeptonow.com/production/tr:w-90,ar-120-120,pr-true,f-auto,q-80/cms/sub_category/238.png",ADF Soul Mixed Pickle In Olive Oil,ADF,235,249,275 g,5 (159),Sold Out,https://www.zeptonow.com/pn/adf-soul-mixed-pickle-in-olive-oil/pvid/728b3bbd-397a-48f7-a5f7-1147feb95755,"https://cdn.zeptonow.com/production/tr:w-1280,ar-1201-1200,pr-true,f-auto,q-80/cms/product_variant/be8adbff-bff7-44bc-9315-4383c6f52801.jpeg"
Homegrown Brands,Instant & Packaged Food,"https://cdn.zeptonow.com/production/tr:w-90,ar-120-120,pr-true,f-auto,q-80/cms/sub_category/238.png",ADF Soul Garlic Pickle In Olive Oil,ADF,235,249,275 g,4.3 (213),Sold Out,https://www.zeptonow.com/pn/adf-soul-garlic-pickle-in-olive-oil/pvid/270d163e-4d99-4ed1-8cd4-002e1a1a9bb1,"https://cdn.zeptonow.com/production/tr:w-1280,ar-1201-1200,pr-true,f-auto,q-80/cms/product_variant/59febc55-5d4f-4a2f-aa6e-503fc6c7d98e.jpeg"
Homegrown Brands,Instant & Packaged Food,"https://cdn.zeptonow.com/production/tr:w-90,ar-120-120,pr-true,f-auto,q-80/cms/sub_category/238.png",Being Bania Sweet Lemon Pickle with a flavor of Hing - Oil-free,Being,384,399,280 g,4.5 (423),Sold Out,https://www.zeptonow.com/pn/being-bania-sweet-lemon-pickle-with-a-flavor-of-hing-oil-free/pvid/fc7e2e18-ee1c-4b19-a64f-461c683b71e1,"https://cdn.zeptonow.com/production/tr:w-1280,ar-1200-1200,pr-true,f-auto,q-80/cms/product_variant/a1fe85d7-d6b0-4e91-8d63-10fe92724982.jpg"
Homegrown Brands,Instant & Packaged Food,"https://cdn.zeptonow.com/production/tr:w-90,ar-120-120,pr-true,f-auto,q-80/cms/sub_category/238.png",Being Bania Ker Sangri Pickle | Rajasthani Panchkutta Achar,Being,336,349,250 g,4.6 (380),Sold Out,https://www.zeptonow.com/pn/being-bania-ker-sangri-pickle-rajasthani-panchkutta-achar/pvid/e4cb2e0d-58de-417b-8698-f66962a3874d,"https://cdn.zeptonow.com/production/tr:w-1280,ar-1200-1200,pr-true,f-auto,q-80/cms/product_variant/89012642-b534-493c-b3af-d48120e2788f.jpg"
Homegrown Brands,Instant & Packaged Food,"https://cdn.zeptonow.com/production/tr:w-90,ar-120-120,pr-true,f-auto,q-80/cms/sub_category/238.png",Priya Gongura Pickle With Garlic,Priya,105,110,300 g,4.2 (1.8k),Sold Out,https://www.zeptonow.com/pn/priya-gongura-pickle-with-garlic/pvid/b2b559e0-2e84-42ba-9373-eaaf6a7e03ee,"https://cdn.zeptonow.com/production/tr:w-1280,ar-2400-2400,pr-true,f-auto,q-80/cms/product_variant/0cefb35b-f1fb-4087-9672-a8e3b6f82681.jpg"
Homegrown Brands,Instant & Packaged Food,"https://cdn.zeptonow.com/production/tr:w-90,ar-120-120,pr-true,f-auto,q-80/cms/sub_category/238.png",Nilon's Simply South Mixed Pickle,Nilon's,121,160,500 g,5 (297),Sold Out,https://www.zeptonow.com/pn/nilons-simply-south-mixed-pickle/pvid/fab8d66f-b112-4a19-9dc6-684d52965f68,"https://cdn.zeptonow.com/production/tr:w-1280,ar-1200-1200,pr-true,f-auto,q-80/cms/product_variant/f2f9c9fc-9a93-43f6-9afd-d51cb6364e96.jpeg"
Homegrown Brands,Instant & Packaged Food,"https://cdn.zeptonow.com/production/tr:w-90,ar-120-120,pr-true,f-auto,q-80/cms/sub_category/238.png",Being Bania Ker Pickle | Teet Dela Achar,Being,380,399,250 g,4.6 (741),Sold Out,https://www.zeptonow.com/pn/being-bania-ker-pickle-teet-dela-achar/pvid/e044482f-ff5f-48fa-84d9-d978b2752073,"https://cdn.zeptonow.com/production/tr:w-1280,ar-1500-1500,pr-true,f-auto,q-80/cms/product_variant/7726a707-ad74-45f6-a49f-0f14b1dd55fb.jpeg"
Homegrown Brands,Instant & Packaged Food,"https://cdn.zeptonow.com/production/tr:w-90,ar-120-120,pr-true,f-auto,q-80/cms/sub_category/238.png",Mother's Recipe Pickle - Green Chilli,Mother's Recipe,110,110,300 g,4.5 (1.5k),Sold Out,https://www.zeptonow.com/pn/mothers-recipe-pickle-green-chilli/pvid/24bac1b8-f731-42f8-9418-9653b096f111,"https://cdn.zeptonow.com/production/tr:w-1280,ar-1200-1200,pr-true,f-auto,q-80/cms/product_variant/7f898fb7-a265-4539-869d-7dd1dd15d5ba.jpeg"
Homegrown Brands,Instant & Packaged Food,"https://cdn.zeptonow.com/production/tr:w-90,ar-120-120,pr-true,f-auto,q-80/cms/sub_category/238.png",Being Bania Stuffed Red chilli pickle | Banarasi laal mirch bharwa,Being,380,399,250 g,5 (58),Sold Out,https://www.zeptonow.com/pn/being-bania-stuffed-red-chilli-pickle-banarasi-laal-mirch-bharwa/pvid/12508377-b8db-4aa8-8008-3cffb3ab6898,"https://cdn.zeptonow.com/production/tr:w-1280,ar-1200-1200,pr-true,f-auto,q-80/cms/product_variant/93620291-cf2c-4c0c-82ae-d8cba6b1a7b0.jpg"
Homegrown Brands,Instant & Packaged Food,"https://cdn.zeptonow.com/production/tr:w-90,ar-120-120,pr-true,f-auto,q-80/cms/sub_category/238.png",Mother's Recipe Pickle - Red Stuffed Chilli,Mother's Recipe,190,190,400 g,4.7 (471),Sold Out,https://www.zeptonow.com/pn/mothers-recipe-pickle-red-stuffed-chilli/pvid/badf7137-843b-4948-a0b5-e5a257de969c,"https://cdn.zeptonow.com/production/tr:w-1280,ar-1200-1200,pr-true,f-auto,q-80/cms/product_variant/973b9409-2e22-4042-9370-b4b3fc6b1b37.jpeg"
Homegrown Brands,Makeup & Beauty,"https://cdn.zeptonow.com/production/tr:w-90,ar-120-120,pr-true,f-auto,q-80/cms/sub_category/239.png",Renee Gloss Touch N02 Everyday Nudes - Set Of 4 Nail Enamels,Renee,379,499,20 ml,4.5 (63),In Stock,https://www.zeptonow.com/pn/renee-gloss-touch-n02-everyday-nudes-set-of-4-nail-enamels/pvid/7b50ccf2-8b27-4e23-a73f-396d8f301e92,"https://cdn.zeptonow.com/production/tr:w-1280,ar-1500-1500,pr-true,f-auto,q-80/cms/product_variant/92e87449-662b-4684-b812-d23c738dbfcc.jpg"
Homegrown Brands,Makeup & Beauty,"https://cdn.zeptonow.com/production/tr:w-90,ar-120-120,pr-true,f-auto,q-80/cms/sub_category/239.png",SUGAR POP Nail Lacquer 15 Bold Please | Maroon | Dries in 45 seconds,SUGAR,97,129,1 pc,4.5 (362),In Stock,https://www.zeptonow.com/pn/sugar-pop-nail-lacquer-15-bold-please-maroon-dries-in-45-seconds/pvid/48175181-ccae-4b97-90f9-d5e84e237574,"https://cdn.zeptonow.com/production/tr:w-1280,ar-2000-2000,pr-true,f-auto,q-80/cms/product_variant/b3c4c55d-8b9e-4108-99de-d3ffa6dff1cb.jpeg"
Homegrown Brands,Makeup & Beauty,"https://cdn.zeptonow.com/production/tr:w-90,ar-120-120,pr-true,f-auto,q-80/cms/sub_category/239.png",Just Herbs 12 Free Nail Paint-Barbie World-25,Just,50,149,11 ml,4.2 (557),In Stock,https://www.zeptonow.com/pn/just-herbs-12-free-nail-paint-barbie-world-25/pvid/6457ce46-60d1-4ba4-99a1-3a7aadfd4892,"https://cdn.zeptonow.com/production/tr:w-1280,ar-1500-1500,pr-true,f-auto,q-80/cms/product_variant/b95f0c6e-fd3c-422f-868f-58f8ea1e6418.jpg"
Homegrown Brands,Makeup & Beauty,"https://cdn.zeptonow.com/production/tr:w-90,ar-120-120,pr-true,f-auto,q-80/cms/sub_category/239.png",Insight Cosmetics 5 Toxic Free Long Lasting Nail Polish - Color 158,Insight,76,80,9 ml,5 (247),In Stock,https://www.zeptonow.com/pn/insight-cosmetics-5-toxic-free-long-lasting-nail-polish-color-158/pvid/7d5ee3b5-dc6a-4d4a-a13c-6a4d67cfa58c,"https://cdn.zeptonow.com/production/tr:w-1280,ar-1500-1500,pr-true,f-auto,q-80/cms/product_variant/662e212a-4fe8-4ffb-a204-9b6c679c2d65.jpg"
Homegrown Brands,Makeup & Beauty,"https://cdn.zeptonow.com/production/tr:w-90,ar-120-120,pr-true,f-auto,q-80/cms/sub_category/239.png",Lakme Color Crush Nailart U4,Lakme,162,199,6 ml,4.6 (453),In Stock,https://www.zeptonow.com/pn/lakme-color-crush-nailart-u4/pvid/295a59e8-39ca-4e3a-8a75-88447698ba90,"https://cdn.zeptonow.com/production/tr:w-1280,ar-1000-1000,pr-true,f-auto,q-80/cms/product_variant/a8dd5f4f-24af-439a-94c2-d70ca022b19d.jpeg"
Homegrown Brands,Makeup & Beauty,"https://cdn.zeptonow.com/production/tr:w-90,ar-120-120,pr-true,f-auto,q-80/cms/sub_category/239.png",Coloressence Cute Coats Mini Nail Polish - Crystal Look,Coloressence,48,60,5 ml,4.8 (476),In Stock,https://www.zeptonow.com/pn/coloressence-cute-coats-mini-nail-polish-crystal-look/pvid/3fbfcd13-574b-4d0b-8560-207a9b11ad72,"https://cdn.zeptonow.com/production/tr:w-1280,ar-1100-1100,pr-true,f-auto,q-80/cms/product_variant/6c2777ea-d605-4a30-8783-59e0c1841576.jpeg"
Homegrown Brands,Makeup & Beauty,"https://cdn.zeptonow.com/production/tr:w-90,ar-120-120,pr-true,f-auto,q-80/cms/sub_category/239.png",Elle18 Nail Pops Nail Color - 171,Elle18,55,60,5 ml,4.2 (340),In Stock,https://www.zeptonow.com/pn/elle18-nail-pops-nail-color-171/pvid/49c7bcb1-66d6-426e-b555-a74de1696f3b,"https://cdn.zeptonow.com/production/tr:w-1280,ar-1000-1000,pr-true,f-auto,q-80/inventory/product/f6296779-a460-44c0-b208-20d4428f8d33-/tmp/20230314-1323151.jpeg"
Homegrown Brands,Makeup & Beauty,"https://cdn.zeptonow.com/production/tr:w-90,ar-120-120,pr-true,f-auto,q-80/cms/sub_category/239.png",Coloressence Mini Nude Nail Polish - Nude Sand,Coloressence,45,60,5 ml,4 (180),In Stock,https://www.zeptonow.com/pn/coloressence-mini-nude-nail-polish-nude-sand/pvid/808ac761-7759-4b2e-a1cd-ac1c55d1efca,"https://cdn.zeptonow.com/production/tr:w-1280,ar-1100-1100,pr-true,f-auto,q-80/cms/product_variant/d3f1ef45-a355-4411-9a80-733a9ed87758.jpg"
Homegrown Brands,Makeup & Beauty,"https://cdn.zeptonow.com/production/tr:w-90,ar-120-120,pr-true,f-auto,q-80/cms/sub_category/239.png",Coloressence Cute Coats Mini Nail Polish - Copper Shine,Coloressence,45,60,5 ml,4.7 (186),In Stock,https://www.zeptonow.com/pn/coloressence-cute-coats-mini-nail-polish-copper-shine/pvid/099615b9-3c86-4d39-b91b-c289ce1479a9,"https://cdn.zeptonow.com/production/tr:w-1280,ar-1100-1100,pr-true,f-auto,q-80/cms/product_variant/c52519d8-36e2-470a-bd7a-7a899874ad95.jpg"
Homegrown Brands,Makeup & Beauty,"https://cdn.zeptonow.com/production/tr:w-90,ar-120-120,pr-true,f-auto,q-80/cms/sub_category/239.png",Just Herbs Trendsetter Nail Paint Kit,Just,271,645,55 ml,4.8 (57),Sold Out,https://www.zeptonow.com/pn/just-herbs-trendsetter-nail-paint-kit/pvid/ab965eaf-65e8-4eb9-8145-cdb8a73a1c2d,"https://cdn.zeptonow.com/production/tr:w-1280,ar-1500-1500,pr-true,f-auto,q-80/cms/product_variant/53b2085d-48af-4f98-bfb7-efba5f24260d.jpg"
Homegrown Brands,Makeup & Beauty,"https://cdn.zeptonow.com/production/tr:w-90,ar-120-120,pr-true,f-auto,q-80/cms/sub_category/239.png",Just Herbs 12 Free Nail Paint-Midnight Magic-31,Just,92,149,11 ml,5 (79),Sold Out,https://www.zeptonow.com/pn/just-herbs-12-free-nail-paint-midnight-magic-31/pvid/76027d0e-e110-422e-a09d-ee725e39f054,"https://cdn.zeptonow.com/production/tr:w-1280,ar-1500-1500,pr-true,f-auto,q-80/cms/product_variant/ae3443de-75bd-47a1-8423-081e3d01cc3b.jpg"
Homegrown Brands,Makeup & Beauty,"https://cdn.zeptonow.com/production/tr:w-90,ar-120-120,pr-true,f-auto,q-80/cms/sub_category/239.png",Just Herbs Nail Paint (Blossom Pink),Just,150,195,6 ml,5 (56),Sold Out,https://www.zeptonow.com/pn/just-herbs-nail-paint-blossom-pink/pvid/7e5215be-c7e0-4589-acb8-2c0a04c6e157,"https://cdn.zeptonow.com/production/tr:w-1280,ar-1000-1000,pr-true,f-auto,q-80/cms/product_variant/3b1fdb02-ec7a-47ef-940f-70a6da72272e.jpeg"
Homegrown Brands,Makeup & Beauty,"https://cdn.zeptonow.com/production/tr:w-90,ar-120-120,pr-true,f-auto,q-80/cms/sub_category/239.png",Just Herbs Nail Paint (Wild Indian Rose),Just,150,195,6 ml,5 (136),Sold Out,https://www.zeptonow.com/pn/just-herbs-nail-paint-wild-indian-rose/pvid/ae76e3e7-c42a-4a20-b819-26bc53106c4b,"https://cdn.zeptonow.com/production/tr:w-1280,ar-1000-1000,pr-true,f-auto,q-80/cms/product_variant/a0c2f4c8-ec2b-4861-9515-fbc1a7bf363f.jpeg"
Homegrown Brands,Makeup & Beauty,"https://cdn.zeptonow.com/production/tr:w-90,ar-120-120,pr-true,f-auto,q-80/cms/sub_category/239.png",Just Herbs 12 Free Nail Paint-Nude Elegance-16,Just,88,149,11 ml,4.2 (77),Sold Out,https://www.zeptonow.com/pn/just-herbs-12-free-nail-paint-nude-elegance-16/pvid/9eceaaf4-11e6-4c4d-9560-d69a664b59cc,"https://cdn.zeptonow.com/production/tr:w-1280,ar-1500-1500,pr-true,f-auto,q-80/cms/product_variant/c076aafa-e725-4222-9c70-9e1b143ee573.jpg"
Homegrown Brands,Makeup & Beauty,"https://cdn.zeptonow.com/production/tr:w-90,ar-120-120,pr-true,f-auto,q-80/cms/sub_category/239.png",Nail Polish 21 Chemical Free Formula Long Lasting Nail Paints (Jasmine White),Nail,156,195,6 ml,4.7 (50),Sold Out,https://www.zeptonow.com/pn/nail-polish-21-chemical-free-formula-long-lasting-nail-paints-jasmine-white/pvid/e489058d-e0f5-4961-a129-358920e1b753,"https://cdn.zeptonow.com/production/tr:w-1280,ar-1500-1500,pr-true,f-auto,q-80/cms/product_variant/4fd61a27-c269-4b69-b6eb-33e42b1da57c.jpg"
Homegrown Brands,Makeup & Beauty,"https://cdn.zeptonow.com/production/tr:w-90,ar-120-120,pr-true,f-auto,q-80/cms/sub_category/239.png",Faces Canada Ultime Pro Splash Nail Enamel Need Sunglasses 16,Faces,99,129,8 ml,4.5 (97),Sold Out,https://www.zeptonow.com/pn/faces-canada-ultime-pro-splash-nail-enamel-need-sunglasses-16/pvid/aeb95b08-926e-4167-8d4f-7bbfd118d2a6,"https://cdn.zeptonow.com/production/tr:w-1280,ar-2500-2500,pr-true,f-auto,q-80/inventory/product/aeb95b08-926e-4167-8d4f-7bbfd118d2a6-1glOaCrM1dMDoOtV0nuKj9Ka1r2J0fI-a.jpeg"
Homegrown Brands,Makeup & Beauty,"https://cdn.zeptonow.com/production/tr:w-90,ar-120-120,pr-true,f-auto,q-80/cms/sub_category/239.png",Just Herbs 12 Free Nail Paint-Sunshine Glow-29,Just,50,149,11 ml,4 (67),Sold Out,https://www.zeptonow.com/pn/just-herbs-12-free-nail-paint-sunshine-glow-29/pvid/1e5922ea-613b-4f0f-87ee-9ffa6954bea3,"https://cdn.zeptonow.com/production/tr:w-1280,ar-1500-1500,pr-true,f-auto,q-80/cms/product_variant/c7e00bb7-f271-47c4-b37a-50a81620c977.jpg"
Homegrown Brands,Makeup & Beauty,"https://cdn.zeptonow.com/production/tr:w-90,ar-120-120,pr-true,f-auto,q-80/cms/sub_category/239.png",SUGAR POP Quick Drying Ultra Long-wear Glossy Finish Nail Lacquer - Bubblegum Dreams,SUGAR,102,129,10 ml,4.7 (61),Sold Out,https://www.zeptonow.com/pn/sugar-pop-quick-drying-ultra-long-wear-glossy-finish-nail-lacquer-bubblegum-dreams/pvid/0334561e-5bb4-460b-9886-a054fb114fda,"https://cdn.zeptonow.com/production/tr:w-1280,ar-2000-2000,pr-true,f-auto,q-80/cms/product_variant/066a08d2-d2fd-44bc-8f19-b815ab04ceb7.jpeg"
Homegrown Brands,Makeup & Beauty,"https://cdn.zeptonow.com/production/tr:w-90,ar-120-120,pr-true,f-auto,q-80/cms/sub_category/239.png",Just Herbs 12 Free Nail Paint-Rich Ruby-22,Just,50,149,11 ml,5 (57),Sold Out,https://www.zeptonow.com/pn/just-herbs-12-free-nail-paint-rich-ruby-22/pvid/be3bc74f-a89e-4f32-a541-dc92eac5a5fa,"https://cdn.zeptonow.com/production/tr:w-1280,ar-1500-1500,pr-true,f-auto,q-80/cms/product_variant/81ef60c2-3f02-4a17-9dcb-183f990fd58e.jpg"
Homegrown Brands,Makeup & Beauty,"https://cdn.zeptonow.com/production/tr:w-90,ar-120-120,pr-true,f-auto,q-80/cms/sub_category/239.png",MARS Cosmetics Euro Nail Lacquer Shade-44,MARS,65,69,6 ml,4.6 (185),Sold Out,https://www.zeptonow.com/pn/mars-cosmetics-euro-nail-lacquer-shade-44/pvid/a435db5d-1d5f-48fe-aba2-cfbc421e1692,"https://cdn.zeptonow.com/production/tr:w-1280,ar-2000-2000,pr-true,f-auto,q-80/cms/product_variant/7e8dc8ec-e572-4f34-97df-c80a8970f73f.jpeg"
Homegrown Brands,Makeup & Beauty,"https://cdn.zeptonow.com/production/tr:w-90,ar-120-120,pr-true,f-auto,q-80/cms/sub_category/239.png",SUGAR POP Quick Drying Ultra Long-Wear Glossy Finish Nail Lacquer Call Me Hot 10,SUGAR,102,129,10 ml,4.2 (191),Sold Out,https://www.zeptonow.com/pn/sugar-pop-quick-drying-ultra-long-wear-glossy-finish-nail-lacquer-call-me-hot-10/pvid/65066e2c-cd3b-4047-8517-e4f32f8fd6fa,"https://cdn.zeptonow.com/production/tr:w-1280,ar-2000-2000,pr-true,f-auto,q-80/cms/product_variant/fbdad8d1-2898-47b5-9821-acf0704121aa.jpeg"
Homegrown Brands,Makeup & Beauty,"https://cdn.zeptonow.com/production/tr:w-90,ar-120-120,pr-true,f-auto,q-80/cms/sub_category/239.png",Gush Gel Nail Paint/Polish – Orangesicle | Glossy Finish Nail Polish | Long Lasting Lacquer | Peachy Orange,Gush,160,199,7 ml,4.2 (786),Sold Out,https://www.zeptonow.com/pn/gush-gel-nail-paintpolish-orangesicle-glossy-finish-nail-polish-long-lasting-lacquer-peachy-orange/pvid/fb26cf24-721a-44c4-b5f7-14c12d8f5f6b,"https://cdn.zeptonow.com/production/tr:w-1280,ar-1500-1500,pr-true,f-auto,q-80/cms/product_variant/b91e7b30-d5ee-443a-91b4-1fac2131fc0e.jpg"
Homegrown Brands,Makeup & Beauty,"https://cdn.zeptonow.com/production/tr:w-90,ar-120-120,pr-true,f-auto,q-80/cms/sub_category/239.png",Faces Canada Ultime Pro Splash Nail Enamel Floral Dream 56,Faces,99,129,8 ml,4.2 (452),Sold Out,https://www.zeptonow.com/pn/faces-canada-ultime-pro-splash-nail-enamel-floral-dream-56/pvid/745816f4-ab32-4304-be2b-d927f5b16cf9,"https://cdn.zeptonow.com/production/tr:w-1280,ar-1200-1200,pr-true,f-auto,q-80/cms/product_variant/3498997f-a7ce-456c-a112-6fb0520809ce.jpeg"
Homegrown Brands,Makeup & Beauty,"https://cdn.zeptonow.com/production/tr:w-90,ar-120-120,pr-true,f-auto,q-80/cms/sub_category/239.png",Just Herbs 12 Free Nail Paint-Burgundy Beauty-04,Just,95,149,11 ml,4.3 (89),Sold Out,https://www.zeptonow.com/pn/just-herbs-12-free-nail-paint-burgundy-beauty-04/pvid/6a0638ab-3039-46d4-bf0e-72702cc0bbe8,"https://cdn.zeptonow.com/production/tr:w-1280,ar-1500-1500,pr-true,f-auto,q-80/cms/product_variant/be24dafa-7c06-4981-b747-9f9476726352.jpg"
Homegrown Brands,Makeup & Beauty,"https://cdn.zeptonow.com/production/tr:w-90,ar-120-120,pr-true,f-auto,q-80/cms/sub_category/239.png",Faces Canada Ultime Pro Splash Nail Enamel Black Beauty 15,Faces,110,129,8 ml,4.9 (65),Sold Out,https://www.zeptonow.com/pn/faces-canada-ultime-pro-splash-nail-enamel-black-beauty-15/pvid/fb35e203-14f4-46f8-b21e-23a737b2a99a,"https://cdn.zeptonow.com/production/tr:w-1280,ar-679-679,pr-true,f-auto,q-80/inventory/product/fb35e203-14f4-46f8-b21e-23a737b2a99a-1LwNxK0Zoj8Ro0SXr0kTdEoKFsocYYjJq.jpeg"
Homegrown Brands,Makeup & Beauty,"https://cdn.zeptonow.com/production/tr:w-90,ar-120-120,pr-true,f-auto,q-80/cms/sub_category/239.png",Just Herbs 12 Free Nail Paint -Berry Brave - Jh Anp 39,Just,92,149,11 ml,4.3 (101),Sold Out,https://www.zeptonow.com/pn/just-herbs-12-free-nail-paint-berry-brave-jh-anp-39/pvid/daa39705-0243-4ae8-94b7-b3885a85038a,"https://cdn.zeptonow.com/production/tr:w-1280,ar-1500-1500,pr-true,f-auto,q-80/cms/product_variant/dde5d94b-d3f8-4924-af69-c77e3854444d.jpg"
Homegrown Brands,Makeup & Beauty,"https://cdn.zeptonow.com/production/tr:w-90,ar-120-120,pr-true,f-auto,q-80/cms/sub_category/239.png",Faces Canada Ultime Pro Splash Nail Enamel White O White 14,Faces,99,129,8 ml,4.6 (206),Sold Out,https://www.zeptonow.com/pn/faces-canada-ultime-pro-splash-nail-enamel-white-o-white-14/pvid/69bd5b47-b9b0-4762-8da4-658c1d4568ac,"https://cdn.zeptonow.com/production/tr:w-1280,ar-679-679,pr-true,f-auto,q-80/inventory/product/69bd5b47-b9b0-4762-8da4-658c1d4568ac-1srPmKz6kaAuccbePL-XbLlJ1q0KaaSAK.jpeg"
Homegrown Brands,Makeup & Beauty,"https://cdn.zeptonow.com/production/tr:w-90,ar-120-120,pr-true,f-auto,q-80/cms/sub_category/239.png",SUGAR POP Quick Drying Ultra Long-wear Glossy Finish Nail Lacquer - Red Rum 18,SUGAR,97,129,10 ml,4.9 (216),Sold Out,https://www.zeptonow.com/pn/sugar-pop-quick-drying-ultra-long-wear-glossy-finish-nail-lacquer-red-rum-18/pvid/e15597c5-75e6-462d-a15a-b79596b4288a,"https://cdn.zeptonow.com/production/tr:w-1280,ar-2000-2000,pr-true,f-auto,q-80/cms/product_variant/4d1d67ff-0a2b-4bde-8fe0-2f9cff491ca7.jpeg"
Homegrown Brands,Makeup & Beauty,"https://cdn.zeptonow.com/production/tr:w-90,ar-120-120,pr-true,f-auto,q-80/cms/sub_category/239.png",Just Herbs 12 Free Nail Paint-Electric Lime-08,Just,53,149,11 ml,4.4 (46),Sold Out,https://www.zeptonow.com/pn/just-herbs-12-free-nail-paint-electric-lime-08/pvid/f7284fea-949c-440e-a0df-0c8c6a458747,"https://cdn.zeptonow.com/production/tr:w-1280,ar-1500-1500,pr-true,f-auto,q-80/cms/product_variant/3e2f1caf-687f-4d0c-a49a-b1921b918953.jpg"
Homegrown Brands,Makeup & Beauty,"https://cdn.zeptonow.com/production/tr:w-90,ar-120-120,pr-true,f-auto,q-80/cms/sub_category/239.png",Debelle Gel Nail Lacquer Majestique Mauve,Debelle,198,295,8 ml,5 (93),Sold Out,https://www.zeptonow.com/pn/debelle-gel-nail-lacquer-majestique-mauve/pvid/b38c4e8c-cb12-446d-881d-41ca03994ebc,"https://cdn.zeptonow.com/production/tr:w-1280,ar-1000-1000,pr-true,f-auto,q-80/cms/product_variant/99305cd2-631b-412b-b0aa-6f56c7cd1cb5.jpeg"
Homegrown Brands,Makeup & Beauty,"https://cdn.zeptonow.com/production/tr:w-90,ar-120-120,pr-true,f-auto,q-80/cms/sub_category/239.png",Revlon Super Lustrous Nail Enamel - Choco Celebration,Revlon,150,249,8 ml,5 (101),Sold Out,https://www.zeptonow.com/pn/revlon-super-lustrous-nail-enamel-choco-celebration/pvid/770ae0a5-c609-4656-84ca-bb8ea42d73e2,"https://cdn.zeptonow.com/production/tr:w-1280,ar-1500-1500,pr-true,f-auto,q-80/cms/product_variant/d40b8e38-3c2e-4515-abf2-ec17b36bb8a6.jpeg"
Homegrown Brands,Makeup & Beauty,"https://cdn.zeptonow.com/production/tr:w-90,ar-120-120,pr-true,f-auto,q-80/cms/sub_category/239.png",Coloressence Cute Coats Mini Nail Polish - Dark Ruby,Coloressence,50,60,6 ml,4.4 (194),Sold Out,https://www.zeptonow.com/pn/coloressence-cute-coats-mini-nail-polish-dark-ruby/pvid/38a3f9f3-d4e0-4a79-b760-5738efa5ae8a,"https://cdn.zeptonow.com/production/tr:w-1280,ar-1100-1100,pr-true,f-auto,q-80/cms/product_variant/75cc3833-2796-412c-b446-30f7a903df50.jpeg"
Homegrown Brands,Makeup & Beauty,"https://cdn.zeptonow.com/production/tr:w-90,ar-120-120,pr-true,f-auto,q-80/cms/sub_category/239.png",Insight Cosmetics 5 Toxic Free Long Lasting Pastel Color Nail Polish - 34,Insight,69,80,9 ml,4.8 (406),Sold Out,https://www.zeptonow.com/pn/insight-cosmetics-5-toxic-free-long-lasting-pastel-color-nail-polish-34/pvid/69b74423-1a7a-4812-92ff-e97b76390c8a,"https://cdn.zeptonow.com/production/tr:w-1280,ar-1500-1500,pr-true,f-auto,q-80/cms/product_variant/e535a950-9328-42a5-9991-ee00e690a2bc.jpeg"
Homegrown Brands,Makeup & Beauty,"https://cdn.zeptonow.com/production/tr:w-90,ar-120-120,pr-true,f-auto,q-80/cms/sub_category/239.png",Insight Cosmetics 5 Toxic Free Long Lasting Nail Polish - Color 215,Insight,68,80,9 ml,4.1 (490),Sold Out,https://www.zeptonow.com/pn/insight-cosmetics-5-toxic-free-long-lasting-nail-polish-color-215/pvid/7c4448ad-090a-4096-a505-b1deaf645cab,"https://cdn.zeptonow.com/production/tr:w-1280,ar-3000-3000,pr-true,f-auto,q-80/cms/product_variant/da9185f5-5e15-4948-a972-19a675734ea4.jpeg"
Homegrown Brands,Makeup & Beauty,"https://cdn.zeptonow.com/production/tr:w-90,ar-120-120,pr-true,f-auto,q-80/cms/sub_category/239.png",Insight Cosmetics 5 Toxic Free Long Lasting Nail Polish - 164,Insight,76,80,9 ml,3.9 (241),Sold Out,https://www.zeptonow.com/pn/insight-cosmetics-5-toxic-free-long-lasting-nail-polish-164/pvid/4ddc0ea7-fdb4-449e-a9cb-4c88b7a0292f,"https://cdn.zeptonow.com/production/tr:w-1280,ar-1200-1200,pr-true,f-auto,q-80/cms/product_variant/a31930c8-c4f7-4c64-a913-51bb3f90e319.jpeg"
Homegrown Brands,Makeup & Beauty,"https://cdn.zeptonow.com/production/tr:w-90,ar-120-120,pr-true,f-auto,q-80/cms/sub_category/239.png",Insight Cosmetics 5 Toxic Free Long Lasting Nail Polish - Color 101,Insight,76,80,9 ml,4.4 (135),Sold Out,https://www.zeptonow.com/pn/insight-cosmetics-5-toxic-free-long-lasting-nail-polish-color-101/pvid/ebdc2306-7e7d-436a-91d1-aed2c4530e55,"https://cdn.zeptonow.com/production/tr:w-1280,ar-3000-3000,pr-true,f-auto,q-80/cms/product_variant/6d591bdb-f4a4-4563-9a69-a4be5ca8f540.jpeg"
Homegrown Brands,Makeup & Beauty,"https://cdn.zeptonow.com/production/tr:w-90,ar-120-120,pr-true,f-auto,q-80/cms/sub_category/239.png",Elle 18 Nail Pops Nail Colour | Chip Resistent | Quick Drying | Glossy Finish - Shade 131,Elle,54,60,5 ml,4.3 (157),Sold Out,https://www.zeptonow.com/pn/elle-18-nail-pops-nail-colour-chip-resistent-quick-drying-glossy-finish-shade-131/pvid/2f97cc5d-0f18-4eb7-93a3-179d7c8c82d0,"https://cdn.zeptonow.com/production/tr:w-1280,ar-1000-1000,pr-true,f-auto,q-80/inventory/product/0b83c5b9-e05d-4c34-825a-ae8248a1ee66-/tmp/20230314-1323111.jpeg"
Homegrown Brands,Makeup & Beauty,"https://cdn.zeptonow.com/production/tr:w-90,ar-120-120,pr-true,f-auto,q-80/cms/sub_category/239.png",Elle 18 Nail Pops Nail Colour | Chip Resistent | Quick Drying | Glossy Finish - Shade 39,Elle,57,65,5 ml,4 (125),Sold Out,https://www.zeptonow.com/pn/elle-18-nail-pops-nail-colour-chip-resistent-quick-drying-glossy-finish-shade-39/pvid/3860fe08-ee68-43a9-9913-ebcf1ae63f4d,"https://cdn.zeptonow.com/production/tr:w-1280,ar-2000-2000,pr-true,f-auto,q-80/cms/product_variant/50342119-ef49-4c3c-b067-12396305df1f.jpg"
Homegrown Brands,Makeup & Beauty,"https://cdn.zeptonow.com/production/tr:w-90,ar-120-120,pr-true,f-auto,q-80/cms/sub_category/239.png",Coloressence Cute Coats Mini Nail Polish - Denim Rush,Coloressence,42,60,6 ml,4.3 (214),Sold Out,https://www.zeptonow.com/pn/coloressence-cute-coats-mini-nail-polish-denim-rush/pvid/8677b6b4-e0f8-43e8-98ab-f5241c853e8d,"https://cdn.zeptonow.com/production/tr:w-1280,ar-1100-1100,pr-true,f-auto,q-80/cms/product_variant/bfe33fcc-611c-4c49-b9f1-b5604d0ba42f.jpeg"
Homegrown Brands,Makeup & Beauty,"https://cdn.zeptonow.com/production/tr:w-90,ar-120-120,pr-true,f-auto,q-80/cms/sub_category/239.png",Elle 18 Nail Pops Nail Color - Shade 136,Elle,55,60,5 ml,4.7 (225),Sold Out,https://www.zeptonow.com/pn/elle-18-nail-pops-nail-color-shade-136/pvid/905b4d4d-e56a-4b70-ac7f-bf29ba1d6f87,"https://cdn.zeptonow.com/production/tr:w-0.98,h-0.98,f-auto/cms/product_variant/75a99057-5df6-450f-b37d-764459ee48bc.jpg"
Homegrown Brands,Personal Care,"https://cdn.zeptonow.com/production/tr:w-90,ar-120-120,pr-true,f-auto,q-80/cms/sub_category/240.png",Bold Care Surge - L Arginine & Gokshura Tablets - Energy Booster Supplements for Men,Bold,587,1199,1 pack (60 pcs),4.5 (92),In Stock,https://www.zeptonow.com/pn/bold-care-surge-l-arginine-gokshura-tablets-energy-booster-supplements-for-men/pvid/898437e9-9bc9-4c94-b490-6455c2d4ce2c,"https://cdn.zeptonow.com/production/tr:w-1280,ar-2000-2000,pr-true,f-auto,q-80/cms/product_variant/c088c798-8cb4-4ae7-9b9d-f0a3589d5c93.jpeg"
Homegrown Brands,Personal Care,"https://cdn.zeptonow.com/production/tr:w-90,ar-120-120,pr-true,f-auto,q-80/cms/sub_category/240.png",Attar Ayurveda Moringa Powder,Yu,245,350,200 g,4.8 (159),In Stock,https://www.zeptonow.com/pn/attar-ayurveda-moringa-powder/pvid/10f6b1d6-1a65-4730-8b46-d5a2d2d3bb45,"https://cdn.zeptonow.com/production/tr:w-1280,ar-1000-1000,pr-true,f-auto,q-80/cms/product_variant/6a276b35-0ed7-4393-904f-16d1155a3211.jpg"
Homegrown Brands,Personal Care,"https://cdn.zeptonow.com/production/tr:w-90,ar-120-120,pr-true,f-auto,q-80/cms/sub_category/240.png",Organic India Moringa Powder,Organic,243,275,100 g,4.9 (150),In Stock,https://www.zeptonow.com/pn/organic-india-moringa-powder/pvid/d2e57d59-4712-40f1-a136-8a9e2bc25683,"https://cdn.zeptonow.com/production/tr:w-1280,ar-1500-1500,pr-true,f-auto,q-80/cms/product_variant/b62780b7-c528-420b-b076-bcd55dc9c05f.jpeg"
Homegrown Brands,Personal Care,"https://cdn.zeptonow.com/production/tr:w-90,ar-120-120,pr-true,f-auto,q-80/cms/sub_category/240.png",Dabur Tulsi for Immunity & Respiratory Health Drops,Dabur,109,195,30 ml,4.8 (583),In Stock,https://www.zeptonow.com/pn/dabur-tulsi-for-immunity-respiratory-health-drops/pvid/8ad0e6e8-30d7-4e80-a137-9a19f5ac0588,"https://cdn.zeptonow.com/production/tr:w-1280,ar-1021-1021,pr-true,f-auto,q-80/cms/product_variant/5c56e8bf-c3f7-4cbd-b0f6-e62aa66b2a5c.jpeg"
Homegrown Brands,Personal Care,"https://cdn.zeptonow.com/production/tr:w-90,ar-120-120,pr-true,f-auto,q-80/cms/sub_category/240.png",Dabur Sitopaladi Churna,Dabur,203,225,100 g,4.5 (194),In Stock,https://www.zeptonow.com/pn/dabur-sitopaladi-churna/pvid/0a8f80d2-36dc-49cb-969b-474ce55fa507,"https://cdn.zeptonow.com/production/tr:w-1280,ar-1526-1526,pr-true,f-auto,q-80/cms/product_variant/d11acf20-2ead-4864-97fa-0d0e6b713f96.jpg"
Homegrown Brands,Personal Care,"https://cdn.zeptonow.com/production/tr:w-90,ar-120-120,pr-true,f-auto,q-80/cms/sub_category/240.png",Organic India Wheat Grass,Organic,380,425,100 g,4.2 (60),In Stock,https://www.zeptonow.com/pn/organic-india-wheat-grass/pvid/149387c1-e949-4b54-8eee-8ad5be27e0d7,"https://cdn.zeptonow.com/production/tr:w-1280,ar-2000-2000,pr-true,f-auto,q-80/cms/product_variant/a4daf923-8f02-4c5a-9333-474fa99881b9.jpeg"
Homegrown Brands,Personal Care,"https://cdn.zeptonow.com/production/tr:w-90,ar-120-120,pr-true,f-auto,q-80/cms/sub_category/240.png","Zandu Ashwagandha Gold Plus Made with 24K Pure gold 9 Potent Herbs, Helps Improves Strength",Zandu,370,499,1 pack (60 pcs),4.4 (191),In Stock,https://www.zeptonow.com/pn/zandu-ashwagandha-gold-plus-made-with-24k-pure-gold-9-potent-herbs-helps-improves-strength/pvid/80896582-5a7d-4f57-b456-debfcbf73ab6,"https://cdn.zeptonow.com/production/tr:w-1280,ar-1500-1500,pr-true,f-auto,q-80/cms/product_variant/ebc5c7b0-232b-4a46-b94b-48a894fe160a.jpg"
Homegrown Brands,Personal Care,"https://cdn.zeptonow.com/production/tr:w-90,ar-120-120,pr-true,f-auto,q-80/cms/sub_category/240.png",Oziva Acv Moringa For Weigh Loss Lemon Masala,Oziva,350,450,1 pc,5 (64),Sold Out,https://www.zeptonow.com/pn/oziva-acv-moringa-for-weigh-loss-lemon-masala/pvid/144a61d8-93f3-4d56-9755-66ec18476162,"https://cdn.zeptonow.com/production/tr:w-1280,ar-1080-1080,pr-true,f-auto,q-80/cms/product_variant/493cfd24-50fa-42f3-9f4c-57ed9ae9ebcd.jpg"
Homegrown Brands,Personal Care,"https://cdn.zeptonow.com/production/tr:w-90,ar-120-120,pr-true,f-auto,q-80/cms/sub_category/240.png",Organic Tattva Wheat Grass Powder,Organic Tattva,251,295,100 g,5 (75),Sold Out,https://www.zeptonow.com/pn/organic-tattva-wheat-grass-powder/pvid/2006b9be-b3d7-4da6-8a10-8a16386cd5b8,"https://cdn.zeptonow.com/production/tr:w-1280,ar-1500-1500,pr-true,f-auto,q-80/cms/product_variant/3982ed76-8389-48da-821a-301e114a9686.jpeg"
Homegrown Brands,Personal Care,"https://cdn.zeptonow.com/production/tr:w-90,ar-120-120,pr-true,f-auto,q-80/cms/sub_category/240.png","Fast&Up 100% Pure Moringa Powder For Healthy Digestion, Skin & Hair Health",Fast&Up,208,250,100 g,4.4 (252),Sold Out,https://www.zeptonow.com/pn/fastup-100-pure-moringa-powder-for-healthy-digestion-skin-hair-health/pvid/2a934a01-220d-4478-aa55-f4b3b5ddef8b,"https://cdn.zeptonow.com/production/tr:w-1280,ar-1000-1000,pr-true,f-auto,q-80/cms/product_variant/5fbff8c6-8445-4d5b-ad32-df788ffabade.jpg"
Homegrown Brands,Personal Care,"https://cdn.zeptonow.com/production/tr:w-90,ar-120-120,pr-true,f-auto,q-80/cms/sub_category/240.png",Dabur Ashwagandha Churna,Dabur,99,110,60 g,4.1 (277),Sold Out,https://www.zeptonow.com/pn/dabur-ashwagandha-churna/pvid/64074bc8-6ed4-441f-8c3e-05246d724d4e,"https://cdn.zeptonow.com/production/tr:w-1280,ar-1500-1500,pr-true,f-auto,q-80/cms/product_variant/96f3ff72-6e3c-4a39-8592-5bda9f0895b1.jpg"
Homegrown Brands,Personal Care,"https://cdn.zeptonow.com/production/tr:w-90,ar-120-120,pr-true,f-auto,q-80/cms/sub_category/240.png",Patanjali Tulsi Ghan Vati,Patanjali,110,110,40 g,4.1 (128),Sold Out,https://www.zeptonow.com/pn/patanjali-tulsi-ghan-vati/pvid/d6854f89-e586-4b8f-963d-a64f4047763d,"https://cdn.zeptonow.com/production/tr:w-1280,ar-2000-2000,pr-true,f-auto,q-80/cms/product_variant/6e044417-ef28-4ca0-bd15-e6cdcadeaa7a.jpeg"
Homegrown Brands,Personal Care,"https://cdn.zeptonow.com/production/tr:w-90,ar-120-120,pr-true,f-auto,q-80/cms/sub_category/240.png",Anveshan Moringa Leaf Powder Immunity Booster,Anveshan,551,849,200 g,4.5 (569),Sold Out,https://www.zeptonow.com/pn/anveshan-moringa-leaf-powder-immunity-booster/pvid/049e540b-7e66-4e66-bcab-778c5cb3e27f,"https://cdn.zeptonow.com/production/tr:w-1280,ar-1080-1080,pr-true,f-auto,q-80/cms/product_variant/1473c12e-1672-4789-9e6d-2ed669052eca.jpg"
Homegrown Brands,Personal Care,"https://cdn.zeptonow.com/production/tr:w-90,ar-120-120,pr-true,f-auto,q-80/cms/sub_category/240.png",Sri Tattva Ashwagandha,Sri,171,180,1 pack (60 pcs),5 (78),Sold Out,https://www.zeptonow.com/pn/sri-tattva-ashwagandha/pvid/b4829890-bfaa-4b49-9c6b-3fcb6548a7c0,"https://cdn.zeptonow.com/production/tr:w-1280,ar-3000-3000,pr-true,f-auto,q-80/cms/product_variant/f9f7165b-cec1-47d7-b642-f16e279e4535.jpg"
Homegrown Brands,Personal Care,"https://cdn.zeptonow.com/production/tr:w-90,ar-120-120,pr-true,f-auto,q-80/cms/sub_category/240.png",Vansaar Tulsi Tablets Ayurvedic I mmunity Booster,Yu,182,249,1 pack (60 pcs),4.4 (276),Sold Out,https://www.zeptonow.com/pn/vansaar-tulsi-tablets-ayurvedic-i-mmunity-booster/pvid/a6c95078-6c84-4359-af66-838f11f18435,"https://cdn.zeptonow.com/production/tr:w-1280,ar-1000-1000,pr-true,f-auto,q-80/cms/product_variant/45b9506d-1e35-468f-8868-c55bf25d619f.jpeg"
Homegrown Brands,Hygiene & Grooming,"https://cdn.zeptonow.com/production/tr:w-90,ar-120-120,pr-true,f-auto,q-80/cms/sub_category/241.png",Sirona Reusable Menstrual Cup With Pouch - Medium,Sirona,257,399,1 pc,4.6 (423),In Stock,https://www.zeptonow.com/pn/sirona-reusable-menstrual-cup-with-pouch-medium/pvid/5c6c90a8-3702-46e9-8166-4aa033f57ea5,"https://cdn.zeptonow.com/production/tr:w-1280,ar-1021-1021,pr-true,f-auto,q-80/cms/product_variant/ac04eb39-c43f-4a9c-8d8b-e0e1890897fb.jpeg"
Homegrown Brands,Hygiene & Grooming,"https://cdn.zeptonow.com/production/tr:w-90,ar-120-120,pr-true,f-auto,q-80/cms/sub_category/241.png",Carmesi Menstrual Cup For Women | Medium Size - With Free Pouch | Rash-Free | Itch-Free|Odour-Free,Carmesi,216,399,1 pc,4.7 (123),Sold Out,https://www.zeptonow.com/pn/carmesi-menstrual-cup-for-women-medium-size-with-free-pouch-rash-free-itch-freeodour-free/pvid/a82f73ab-7297-4e52-9df0-8770ccf8d1d8,"https://cdn.zeptonow.com/production/tr:w-1280,ar-2000-2000,pr-true,f-auto,q-80/cms/product_variant/02bb2521-77d8-43d5-9b70-572cd13c610a.jpg"
Homegrown Brands,Home & Cleaning,"https://cdn.zeptonow.com/production/tr:w-90,ar-120-120,pr-true,f-auto,q-80/cms/sub_category/243.png",Beco Super Soft Facial Tissue Paper - 2 Ply,Beco,199,270,6 pack (600 pcs),4.7 (1.0k),In Stock,https://www.zeptonow.com/pn/beco-super-soft-facial-tissue-paper-2-ply/pvid/3100e0c1-a945-4d22-b429-0ff9a43e1e0b,"https://cdn.zeptonow.com/production/tr:w-1280,ar-1500-1500,pr-true,f-auto,q-80/cms/product_variant/20f06ece-3095-4467-b9d8-7ede3bfc00ca.jpeg"
Homegrown Brands,Home & Cleaning,"https://cdn.zeptonow.com/production/tr:w-90,ar-120-120,pr-true,f-auto,q-80/cms/sub_category/243.png",Origami 2 Ply Kitchen Tissue Paper Roll - 60 Pulls Per Roll,Origami,324,375,Pack Of 4,4.7 (890),In Stock,https://www.zeptonow.com/pn/origami-2-ply-kitchen-tissue-paper-roll-60-pulls-per-roll/pvid/820ac7b0-bef9-48af-a942-bab29c76a18d,"https://cdn.zeptonow.com/production/tr:w-1280,ar-1500-1500,pr-true,f-auto,q-80/cms/product_variant/08175722-dea3-4d90-943b-75eaf9b5d8ab.jpeg"
Homegrown Brands,Home & Cleaning,"https://cdn.zeptonow.com/production/tr:w-90,ar-120-120,pr-true,f-auto,q-80/cms/sub_category/243.png",The Honest Home Company Toilet Roll (2 Ply) - Pack of 8,The,239,395,1 pack (8 pcs),4.7 (391),In Stock,https://www.zeptonow.com/pn/the-honest-home-company-toilet-roll-2-ply-pack-of-8/pvid/59318aff-84a1-48b7-95c9-d1e1d010a8e0,"https://cdn.zeptonow.com/production/tr:w-1280,ar-2000-2000,pr-true,f-auto,q-80/cms/product_variant/4c4206b9-882a-462d-be23-3a7cdf366a1f.jpeg"
Homegrown Brands,Home & Cleaning,"https://cdn.zeptonow.com/production/tr:w-90,ar-120-120,pr-true,f-auto,q-80/cms/sub_category/243.png",Origami 3 Ply Toilet Tissue Paper Roll - 160 Pulls Per Roll,Origami,259,290,1 pack (6 pcs),4.6 (2.0k),In Stock,https://www.zeptonow.com/pn/origami-3-ply-toilet-tissue-paper-roll-160-pulls-per-roll/pvid/9a7cdd91-3d2f-4b30-9219-9c66fd6950d8,"https://cdn.zeptonow.com/production/tr:w-1280,ar-1500-1500,pr-true,f-auto,q-80/cms/product_variant/5ed225b3-c3f0-4b62-878f-9750dcbd2b0e.jpeg"
Homegrown Brands,Home & Cleaning,"https://cdn.zeptonow.com/production/tr:w-90,ar-120-120,pr-true,f-auto,q-80/cms/sub_category/243.png",Origami 3 Ply Toilet Tissue Paper Roll - 340 Pulls Per Roll,Origami,339,375,1 pack (4 pcs),4.1 (388),In Stock,https://www.zeptonow.com/pn/origami-3-ply-toilet-tissue-paper-roll-340-pulls-per-roll/pvid/1d59c188-3e9c-404f-8fe6-151f2aa92217,"https://cdn.zeptonow.com/production/tr:w-1280,ar-1500-1500,pr-true,f-auto,q-80/cms/product_variant/2a9b28ca-ed29-4980-981c-dfdd279fdd05.jpeg"
Homegrown Brands,Home & Cleaning,"https://cdn.zeptonow.com/production/tr:w-90,ar-120-120,pr-true,f-auto,q-80/cms/sub_category/243.png",Beco Toilet Tissue Paper Roll - 3 ply - Ecofriendly,Beco,324,350,1 pack (220 pcs),4.4 (74),In Stock,https://www.zeptonow.com/pn/beco-toilet-tissue-paper-roll-3-ply-ecofriendly/pvid/c5a65db1-d017-4a4f-94f4-2ac87dc35f43,"https://cdn.zeptonow.com/production/tr:w-1280,ar-1080-1080,pr-true,f-auto,q-80/cms/product_variant/002391e3-80c0-49fb-993e-65c09cd9f7bc.jpeg"
Homegrown Brands,Home & Cleaning,"https://cdn.zeptonow.com/production/tr:w-90,ar-120-120,pr-true,f-auto,q-80/cms/sub_category/243.png",Premier 3 ply Toilet Roll 4 in 1 | 300 pulls,Premier,279,350,1 pack (4 pcs),4.9 (149),In Stock,https://www.zeptonow.com/pn/premier-3-ply-toilet-roll-4-in-1-300-pulls/pvid/af6f1a4d-f420-4657-b5b6-b460362e8341,"https://cdn.zeptonow.com/production/tr:w-1280,ar-1200-1200,pr-true,f-auto,q-80/cms/product_variant/6a283724-3ac9-4dbb-aaca-0a4514a2e768.jpeg"
Homegrown Brands,Home & Cleaning,"https://cdn.zeptonow.com/production/tr:w-90,ar-120-120,pr-true,f-auto,q-80/cms/sub_category/243.png",Origami Klassic 2 Ply Toilet Roll | 320 Pulls | 6 units,Origami,309,365,1 pack (6 pcs),4.7 (236),In Stock,https://www.zeptonow.com/pn/origami-klassic-2-ply-toilet-roll-320-pulls-6-units/pvid/22f4f4e3-7c09-48fc-8f10-561410b5525a,"https://cdn.zeptonow.com/production/tr:w-1280,ar-1500-1500,pr-true,f-auto,q-80/cms/product_variant/ad24a5c0-8fee-4562-ab48-7998887bf4c1.jpeg"
Homegrown Brands,Home & Cleaning,"https://cdn.zeptonow.com/production/tr:w-90,ar-120-120,pr-true,f-auto,q-80/cms/sub_category/243.png",The Honest Home Company Toilet Tissues - Pack of 4,The,189,325,1 pack (4 pcs),5 (269),In Stock,https://www.zeptonow.com/pn/the-honest-home-company-toilet-tissues-pack-of-4/pvid/c0baa437-85ab-48b3-9334-a5bae1469578,"https://cdn.zeptonow.com/production/tr:w-1280,ar-1200-1200,pr-true,f-auto,q-80/cms/product_variant/b9de8a59-7642-4523-bfcf-03afffabf59d.jpeg"
Homegrown Brands,Home & Cleaning,"https://cdn.zeptonow.com/production/tr:w-90,ar-120-120,pr-true,f-auto,q-80/cms/sub_category/243.png",Origami So Soft Tissue Box (Assorted) - Pack of 1,Origami,89,100,1 pack (100 pcs),4.6 (4.1k),In Stock,https://www.zeptonow.com/pn/origami-so-soft-tissue-box-assorted-pack-of-1/pvid/0a3eef0a-375c-4aa1-924a-5ae8f97b9988,"https://cdn.zeptonow.com/production/tr:w-1280,ar-1500-1500,pr-true,f-auto,q-80/cms/product_variant/4c0d7520-9a96-4837-89cf-d4b22568ffb5.jpeg"
Homegrown Brands,Home & Cleaning,"https://cdn.zeptonow.com/production/tr:w-90,ar-120-120,pr-true,f-auto,q-80/cms/sub_category/243.png",Origami 3 Ply Toilet Tissue Paper Roll - 160 Pulls Per Roll,Origami,406,570,1 pack (12 pcs),4 (269),In Stock,https://www.zeptonow.com/pn/origami-3-ply-toilet-tissue-paper-roll-160-pulls-per-roll/pvid/ed4fb371-87dc-4cd2-a7ab-f848838bdb96,"https://cdn.zeptonow.com/production/tr:w-1280,ar-1500-1500,pr-true,f-auto,q-80/cms/product_variant/932acb5e-3d1e-452b-ba23-6bc779150a90.jpeg"
Homegrown Brands,Home & Cleaning,"https://cdn.zeptonow.com/production/tr:w-90,ar-120-120,pr-true,f-auto,q-80/cms/sub_category/243.png",Origami So Soft Napkins 100 Serviettes - Table Top - Plain,Origami,79,85,1 pc,4.6 (957),In Stock,https://www.zeptonow.com/pn/origami-so-soft-napkins-100-serviettes-table-top-plain/pvid/651431b6-5c66-490a-b54e-04f525683fa0,"https://cdn.zeptonow.com/production/tr:w-1280,ar-1500-1500,pr-true,f-auto,q-80/cms/product_variant/be4179d6-aee4-46b5-b35e-49db22b77afb.jpeg"
Homegrown Brands,Home & Cleaning,"https://cdn.zeptonow.com/production/tr:w-90,ar-120-120,pr-true,f-auto,q-80/cms/sub_category/243.png",Origami So Soft Pocket Tissue | 3 Ply,Origami,122,135,1 pack (10 pcs),4.7 (306),In Stock,https://www.zeptonow.com/pn/origami-so-soft-pocket-tissue-3-ply/pvid/fd8f5092-1a68-47a5-9a7c-13678b9a3aa1,"https://cdn.zeptonow.com/production/tr:w-1280,ar-1500-1500,pr-true,f-auto,q-80/cms/product_variant/d5238a9c-135b-4e36-aabe-10018d7504c5.jpeg"
Homegrown Brands,Home & Cleaning,"https://cdn.zeptonow.com/production/tr:w-90,ar-120-120,pr-true,f-auto,q-80/cms/sub_category/243.png",Ezee Velvet Tissue Paper Napkins - Pack of 1,Ezee,62,72,1 pack (100 pcs),4.6 (1.9k),In Stock,https://www.zeptonow.com/pn/ezee-velvet-tissue-paper-napkins-pack-of-1/pvid/28e7aa78-3077-4c07-a918-8161292218b5,"https://cdn.zeptonow.com/production/tr:w-1280,ar-1500-1500,pr-true,f-auto,q-80/inventory/product/aecc7dc6-fd35-4b57-8ddc-888054bf216a-be2c3648-b2eb-47af-9f33-b848dea1b2ad.jpeg"
Homegrown Brands,Home & Cleaning,"https://cdn.zeptonow.com/production/tr:w-90,ar-120-120,pr-true,f-auto,q-80/cms/sub_category/243.png",Beco Super Soft Facial Tissue paper - Carbox - 2 ply,Beco,139,180,1 pack (200 pcs),4.5 (621),In Stock,https://www.zeptonow.com/pn/beco-super-soft-facial-tissue-paper-carbox-2-ply/pvid/0b6380e9-5ba9-4178-9bd5-16283fdfca03,"https://cdn.zeptonow.com/production/tr:w-1280,ar-3000-3000,pr-true,f-auto,q-80/cms/product_variant/d884067c-788d-4e65-90a8-1c4277b93baf.jpeg"
Homegrown Brands,Home & Cleaning,"https://cdn.zeptonow.com/production/tr:w-90,ar-120-120,pr-true,f-auto,q-80/cms/sub_category/243.png",Origami So Soft Face Tissues 200 Pulls 2 Ply,Origami,147,185,1 pack (200 pcs),4.5 (464),In Stock,https://www.zeptonow.com/pn/origami-so-soft-face-tissues-200-pulls-2-ply/pvid/a41dd4bf-39cf-4821-b6fd-906f92e856ed,"https://cdn.zeptonow.com/production/tr:w-1280,ar-1500-1500,pr-true,f-auto,q-80/cms/product_variant/ad98d4c3-11f4-46fc-a6e6-2d83bdcf70eb.jpeg"
Homegrown Brands,Home & Cleaning,"https://cdn.zeptonow.com/production/tr:w-90,ar-120-120,pr-true,f-auto,q-80/cms/sub_category/243.png",Origami Luncheon Tissue Paper Napkins - 32 X 32 cm - 50 Serviettes,Origami,36,48,1 pack (50 pcs),4.6 (11.7k),In Stock,https://www.zeptonow.com/pn/origami-luncheon-tissue-paper-napkins-32-x-32-cm-50-serviettes/pvid/1a36cbac-e19b-4c1e-96c3-245c5b7007b3,"https://cdn.zeptonow.com/production/tr:w-1280,ar-1280-1280,pr-true,f-auto,q-80/cms/product_variant/94287521-0b29-4ebb-be1d-95558ce4bedb.jpeg"
Homegrown Brands,Home & Cleaning,"https://cdn.zeptonow.com/production/tr:w-90,ar-120-120,pr-true,f-auto,q-80/cms/sub_category/243.png",Beco Super Soft Facial Tissue paper - Carbox - 2 ply,Beco,79,105,1 pack (100 pcs),4.7 (1.1k),In Stock,https://www.zeptonow.com/pn/beco-super-soft-facial-tissue-paper-carbox-2-ply/pvid/2dc0f624-8a60-49ee-847c-11607e25e064,"https://cdn.zeptonow.com/production/tr:w-1280,ar-1000-1000,pr-true,f-auto,q-80/cms/product_variant/3e3ad7e6-5aa2-4673-93f9-90c3eccc5fd0.jpeg"
Homegrown Brands,Home & Cleaning,"https://cdn.zeptonow.com/production/tr:w-90,ar-120-120,pr-true,f-auto,q-80/cms/sub_category/243.png",Premier Face Tissue Box | 200 Pulls | 2 Ply - Pack of 1,Premier,114,175,1 pack,4.7 (194),In Stock,https://www.zeptonow.com/pn/premier-face-tissue-box-200-pulls-2-ply-pack-of-1/pvid/ebc20b8a-7a05-4192-83e1-e7e128b4f469,"https://cdn.zeptonow.com/production/tr:w-1280,ar-1021-1021,pr-true,f-auto,q-80/cms/product_variant/081b01a2-5833-4fdf-9661-e1cbdfd0028e.jpeg"
Homegrown Brands,Home & Cleaning,"https://cdn.zeptonow.com/production/tr:w-90,ar-120-120,pr-true,f-auto,q-80/cms/sub_category/243.png",Beco Toilet Tissue Paper Roll - 3 ply - Ecofriendly,Beco,209,245,1 pack (6 pcs),4.9 (691),In Stock,https://www.zeptonow.com/pn/beco-toilet-tissue-paper-roll-3-ply-ecofriendly/pvid/f0522369-fa14-48f3-8567-59bdc9606e8c,"https://cdn.zeptonow.com/production/tr:w-1280,ar-1080-1080,pr-true,f-auto,q-80/cms/product_variant/144f1926-9ec5-4181-b029-c9fa0313f34c.jpeg"
Homegrown Brands,Home & Cleaning,"https://cdn.zeptonow.com/production/tr:w-90,ar-120-120,pr-true,f-auto,q-80/cms/sub_category/243.png",The Honest Home Company Bamboosa 2 Ply Facial Tissue - 100 Pulls - Brown,The,69,115,1 pc,4.5 (140),In Stock,https://www.zeptonow.com/pn/the-honest-home-company-bamboosa-2-ply-facial-tissue-100-pulls-brown/pvid/15a16d7d-118d-41dd-b794-295d30d19118,"https://cdn.zeptonow.com/production/tr:w-1280,ar-1500-1500,pr-true,f-auto,q-80/cms/product_variant/f63d9e5c-0dea-4ed0-a8a7-0852107c7ecd.jpeg"
Homegrown Brands,Home & Cleaning,"https://cdn.zeptonow.com/production/tr:w-90,ar-120-120,pr-true,f-auto,q-80/cms/sub_category/243.png",Origami Klassic Toilet Roll | 2 Ply,Origami,59,70,1 pc,4.4 (987),In Stock,https://www.zeptonow.com/pn/origami-klassic-toilet-roll-2-ply/pvid/d075f881-5303-4701-972a-042340d32ae5,"https://cdn.zeptonow.com/production/tr:w-1280,ar-1500-1500,pr-true,f-auto,q-80/cms/product_variant/d53be616-6461-4670-90a6-36a548d2b625.jpeg"
Homegrown Brands,Home & Cleaning,"https://cdn.zeptonow.com/production/tr:w-90,ar-120-120,pr-true,f-auto,q-80/cms/sub_category/243.png",Premier Face Tissue Box 100 pulls | 2 ply - Pack of 1,Premier,68,100,1 pack,4.5 (634),In Stock,https://www.zeptonow.com/pn/premier-face-tissue-box-100-pulls-2-ply-pack-of-1/pvid/e3afc8d6-77d9-449f-95cf-1467df3b4993,"https://cdn.zeptonow.com/production/tr:w-1280,ar-2400-2400,pr-true,f-auto,q-80/cms/product_variant/79443ec5-9ab7-4fff-adb1-ee31866c2dc6.jpg"
Homegrown Brands,Home & Cleaning,"https://cdn.zeptonow.com/production/tr:w-90,ar-120-120,pr-true,f-auto,q-80/cms/sub_category/243.png",The Honest Home Company Napkins | 2 Ply,The,52,95,1 pack (4 pcs),4.4 (217),In Stock,https://www.zeptonow.com/pn/the-honest-home-company-napkins-2-ply/pvid/3a637e37-a5ca-4ddc-a3ff-4258e3c0c629,"https://cdn.zeptonow.com/production/tr:w-1280,ar-1500-1500,pr-true,f-auto,q-80/cms/product_variant/05214aa2-e366-430e-81bc-b4b385c5b9e7.jpeg"
Homegrown Brands,Home & Cleaning,"https://cdn.zeptonow.com/production/tr:w-90,ar-120-120,pr-true,f-auto,q-80/cms/sub_category/243.png",Origami So Soft Napkins,Origami,52,85,30 x 30 cm,4.2 (671),In Stock,https://www.zeptonow.com/pn/origami-so-soft-napkins/pvid/efe04c09-1a53-4e98-a0cf-999ee8b502c5,"https://cdn.zeptonow.com/production/tr:w-1280,ar-1021-1021,pr-true,f-auto,q-80/cms/product_variant/a9f32caa-10ba-46e3-9d3e-f39317d9cab1.jpeg"
Homegrown Brands,Home & Cleaning,"https://cdn.zeptonow.com/production/tr:w-90,ar-120-120,pr-true,f-auto,q-80/cms/sub_category/243.png",Beco Travel Pocket Tissue Paper,Beco,149,200,10 pack (100 pcs),4.4 (88),In Stock,https://www.zeptonow.com/pn/beco-travel-pocket-tissue-paper/pvid/c0d46066-ab30-4997-809e-5350db02d8b4,"https://cdn.zeptonow.com/production/tr:w-1280,ar-1000-1000,pr-true,f-auto,q-80/cms/product_variant/fcd2d379-167e-454a-bd65-4047e66626b3.jpeg"
Homegrown Brands,Home & Cleaning,"https://cdn.zeptonow.com/production/tr:w-90,ar-120-120,pr-true,f-auto,q-80/cms/sub_category/243.png","Zepbake Baking Paper, Cooking, Parchment paper(10 Mtr)",MTR,89,99,1 pack,4.6 (4.1k),In Stock,https://www.zeptonow.com/pn/zepbake-baking-paper-cooking-parchment-paper10-mtr/pvid/1d4c61e3-db22-4cb4-a152-463d25eadcf2,"https://cdn.zeptonow.com/production/tr:w-1280,ar-2400-2400,pr-true,f-auto,q-80/cms/product_variant/0543b45f-b3fb-48ec-b887-d416d5510e6b.jpg"
Homegrown Brands,Home & Cleaning,"https://cdn.zeptonow.com/production/tr:w-90,ar-120-120,pr-true,f-auto,q-80/cms/sub_category/243.png",Kotton Multipurpose Napkin | 100% Virgin Pulp-Paper | 25 cm X 25 cm | 100Pcs,Kotton,29,35,1 pack (100 pcs),4.6 (13.1k),In Stock,https://www.zeptonow.com/pn/kotton-multipurpose-napkin-100-virgin-pulp-paper-25-cm-x-25-cm-100pcs/pvid/3c6cd328-466c-42ef-b753-ee88256bf9ea,"https://cdn.zeptonow.com/production/tr:w-1280,ar-1000-1000,pr-true,f-auto,q-80/cms/product_variant/db5e90ab-911c-46c5-b992-3b63650a4273.jpeg"
Homegrown Brands,Home & Cleaning,"https://cdn.zeptonow.com/production/tr:w-90,ar-120-120,pr-true,f-auto,q-80/cms/sub_category/243.png",Ezee M-Fold Tissue Paper,Ezee,94,108,1 pack (130 pcs),4.4 (296),Sold Out,https://www.zeptonow.com/pn/ezee-m-fold-tissue-paper/pvid/a25b2cd9-fb20-4ab3-9379-72c52a97ad11,"https://cdn.zeptonow.com/production/tr:w-1280,ar-1000-1000,pr-true,f-auto,q-80/cms/product_variant/38693feb-d028-4d10-993a-1f29b03d8f8e.jpeg"
Homegrown Brands,Home & Cleaning,"https://cdn.zeptonow.com/production/tr:w-90,ar-120-120,pr-true,f-auto,q-80/cms/sub_category/243.png",The Honest Home Company Facial Tissue Box - 200 Pulls,The,105,195,1 pc,4.4 (428),Sold Out,https://www.zeptonow.com/pn/the-honest-home-company-facial-tissue-box-200-pulls/pvid/dd0560b1-8f07-465a-943a-b238c354bc4d,"https://cdn.zeptonow.com/production/tr:w-1280,ar-900-900,pr-true,f-auto,q-80/cms/product_variant/c97a6450-5d8d-4ba6-b138-78a04a698a33.jpg"
Homegrown Brands,Home & Cleaning,"https://cdn.zeptonow.com/production/tr:w-90,ar-120-120,pr-true,f-auto,q-80/cms/sub_category/243.png",Origami Klassic Cocktail Napkin Tissue Paper - Pack of 1 - 100 Sheets - 23x23 cm,Origami,27,29,1 pack (100 pcs),4.6 (788),Sold Out,https://www.zeptonow.com/pn/origami-klassic-cocktail-napkin-tissue-paper-pack-of-1-100-sheets-23x23-cm/pvid/4f5961be-cc76-418d-b81d-777a6be3bf00,"https://cdn.zeptonow.com/production/tr:w-1280,ar-1500-1500,pr-true,f-auto,q-80/cms/product_variant/03d115b8-63d1-45be-ada5-7fd951bbddac.jpg"
Homegrown Brands,Home & Cleaning,"https://cdn.zeptonow.com/production/tr:w-90,ar-120-120,pr-true,f-auto,q-80/cms/sub_category/243.png",Origami Klassic Premium Napkins (1 Ply),Origami,59,65,1 pack (100 pcs),4.8 (563),Sold Out,https://www.zeptonow.com/pn/origami-klassic-premium-napkins-1-ply/pvid/51da3c0d-8159-4893-aa2a-7bf9cdc8faa2,"https://cdn.zeptonow.com/production/tr:w-1280,ar-1200-1200,pr-true,f-auto,q-80/cms/product_variant/318bb75a-f3ea-4f15-969a-0dcf21c7ce37.jpeg"
Homegrown Brands,Home & Cleaning,"https://cdn.zeptonow.com/production/tr:w-90,ar-120-120,pr-true,f-auto,q-80/cms/sub_category/243.png",Premier Silky Napkins 90 Pulls,Premier,39,75,1 pack (90 pcs),5 (79),Sold Out,https://www.zeptonow.com/pn/premier-silky-napkins-90-pulls/pvid/e6916f96-e469-47ed-b562-242e6d52ceea,"https://cdn.zeptonow.com/production/tr:w-1280,ar-6016-4016,pr-true,f-auto,q-80/cms/product_variant/7693de07-f6d1-4193-a724-e290565aa675.jpg"
Homegrown Brands,Home & Cleaning,"https://cdn.zeptonow.com/production/tr:w-90,ar-120-120,pr-true,f-auto,q-80/cms/sub_category/243.png",Tempware Wooden Toothpick 50Pcs With Box,Tempware,69,99,1 pack (50 pcs),4.4 (705),Sold Out,https://www.zeptonow.com/pn/tempware-wooden-toothpick-50pcs-with-box/pvid/855f9a65-7eee-4726-87e3-ef1363a0d47d,"https://cdn.zeptonow.com/production/tr:w-1280,ar-489-500,pr-true,f-auto,q-80/cms/product_variant/f8272350-8c13-4cc3-a11e-718725c35fb1.jpg"
Homegrown Brands,Home & Cleaning,"https://cdn.zeptonow.com/production/tr:w-90,ar-120-120,pr-true,f-auto,q-80/cms/sub_category/243.png",Wintex Fab Toilet Roll 12x1(3Ply),Wintex,252,560,1 pack (12 pcs),4.7 (151),Sold Out,https://www.zeptonow.com/pn/wintex-fab-toilet-roll-12x13ply/pvid/b6bf9ee8-0327-4982-9afc-6295925439fc,"https://cdn.zeptonow.com/production/tr:w-1280,ar-1200-1200,pr-true,f-auto,q-80/cms/product_variant/c3419a3a-a734-40f9-8795-a2434a6556c9.jpeg"
Homegrown Brands,Home & Cleaning,"https://cdn.zeptonow.com/production/tr:w-90,ar-120-120,pr-true,f-auto,q-80/cms/sub_category/243.png",Royal Tissue Paper Cutie Napkin 90 Pulls,Royal,39,48,1 pack,4.4 (620),Sold Out,https://www.zeptonow.com/pn/royal-tissue-paper-cutie-napkin-90-pulls/pvid/bc5b90f4-8dc0-4aa0-8c4d-cd9c3f5ca4b8,"https://cdn.zeptonow.com/production/tr:w-1280,ar-2400-2400,pr-true,f-auto,q-80/cms/product_variant/11fe6730-980d-43d8-950c-9bab654dcbdc.jpg"
Homegrown Brands,Home Electronics,"https://cdn.zeptonow.com/production/tr:w-90,ar-120-120,pr-true,f-auto,q-80/cms/sub_category/244.png","Ambrane 85W Fast Charging Powerbank, Power Delivery & Quick Charge (Powerlit Ultra Lite, Black)",Ambrane,3999,7999,1 pc,5 (55),In Stock,https://www.zeptonow.com/pn/ambrane-85w-fast-charging-powerbank-power-delivery-quick-charge-powerlit-ultra-lite-black/pvid/3ff6b1b8-dc2a-46f4-83e3-4d8d1512a339,"https://cdn.zeptonow.com/production/tr:w-1280,ar-2000-2000,pr-true,f-auto,q-80/cms/product_variant/9e74953d-a9a0-416b-9c3b-da816da6ed84.jpg"
Homegrown Brands,Home Electronics,"https://cdn.zeptonow.com/production/tr:w-90,ar-120-120,pr-true,f-auto,q-80/cms/sub_category/244.png","Agaro Digital Portable Tyre Inflator, 12V Dc/230V Ac, 150 Psi, 165W, Digital Display For Car & Bike",Agaro,3099,5999,1 pc,4.8 (62),In Stock,https://www.zeptonow.com/pn/agaro-digital-portable-tyre-inflator-12v-dc230v-ac-150-psi-165w-digital-display-for-car-bike/pvid/9703be10-9e52-441a-8d61-abbc53314aae,"https://cdn.zeptonow.com/production/tr:w-1280,ar-1500-1500,pr-true,f-auto,q-80/cms/product_variant/b72044d2-b32b-4fb1-887b-f4a6ec635c15.jpg"
Homegrown Brands,Home Electronics,"https://cdn.zeptonow.com/production/tr:w-90,ar-120-120,pr-true,f-auto,q-80/cms/sub_category/244.png",boAt Stone 1200F 14W Bluetooth Speaker With Upto 9 Hours Battery Rgb Leds Ipx7 Black Raptor,boAt,3329,6990,1 pc,4.6 (69),In Stock,https://www.zeptonow.com/pn/boat-stone-1200f-14w-bluetooth-speaker-with-upto-9-hours-battery-rgb-leds-ipx7-black-raptor/pvid/010f923a-551c-48a8-b231-3fec577501b8,"https://cdn.zeptonow.com/production/tr:w-1280,ar-1500-1500,pr-true,f-auto,q-80/cms/product_variant/c788795e-3904-42f4-99b4-d14b5ca16e66.jpg"
Homegrown Brands,Home Electronics,"https://cdn.zeptonow.com/production/tr:w-90,ar-120-120,pr-true,f-auto,q-80/cms/sub_category/244.png","Portronics Pure Sound 106 | 120W Bluetooth Soundbar With Wired Subwoofer For Deep Bass,(Black)",Portronics,3849,12999,1 set (3 pcs),3.9 (148),In Stock,https://www.zeptonow.com/pn/portronics-pure-sound-106-120w-bluetooth-soundbar-with-wired-subwoofer-for-deep-bassblack/pvid/d18ecbaa-f461-45f4-af83-7a246d00e1fe,"https://cdn.zeptonow.com/production/tr:w-1280,ar-1500-1500,pr-true,f-auto,q-80/cms/product_variant/3f81df19-5579-4b3d-b5ed-59d94a305afc.jpg"
Homegrown Brands,Home Electronics,"https://cdn.zeptonow.com/production/tr:w-90,ar-120-120,pr-true,f-auto,q-80/cms/sub_category/244.png","Agaro Galaxy Cordless Tyre Inflator, Upto 150 Psi",Galaxy,1949,4499,1 pc,4.3 (101),In Stock,https://www.zeptonow.com/pn/agaro-galaxy-cordless-tyre-inflator-upto-150-psi/pvid/8469de75-8feb-4c2f-ba65-8c921b90d3b6,"https://cdn.zeptonow.com/production/tr:w-1280,ar-1500-1500,pr-true,f-auto,q-80/cms/product_variant/f4b1dc77-1d5a-4270-8a46-4200a74e9249.jpg"
Homegrown Brands,Home Electronics,"https://cdn.zeptonow.com/production/tr:w-90,ar-120-120,pr-true,f-auto,q-80/cms/sub_category/244.png",JBL Go 3 Bluetooth Speaker,JBL,2499,4499,1 pc,5 (56),In Stock,https://www.zeptonow.com/pn/jbl-go-3-bluetooth-speaker/pvid/d1341e61-2116-4d8a-816b-095e52bf06b9,"https://cdn.zeptonow.com/production/tr:w-1280,ar-1000-1000,pr-true,f-auto,q-80/cms/product_variant/d53a0996-e9a3-4878-af09-12285105e918.jpeg"
Homegrown Brands,Home Electronics,"https://cdn.zeptonow.com/production/tr:w-90,ar-120-120,pr-true,f-auto,q-80/cms/sub_category/244.png",JBL Clip 4 Bluetooth Speaker,JBL,3499,5499,1 pc,4.3 (349),In Stock,https://www.zeptonow.com/pn/jbl-clip-4-bluetooth-speaker/pvid/936377b3-4322-4f14-8438-e196bb066346,"https://cdn.zeptonow.com/production/tr:w-1280,ar-1200-1200,pr-true,f-auto,q-80/cms/product_variant/a71e2d37-f453-4a06-aef6-9bfa5b92c306.jpg"
Homegrown Brands,Home Electronics,"https://cdn.zeptonow.com/production/tr:w-90,ar-120-120,pr-true,f-auto,q-80/cms/sub_category/244.png",Portronics POR 343 UFO USB Home Charger 6Ports 8A Charging Station for Smartphones & Tablets- White,Portronics,499,1299,1 pc,5 (101),In Stock,https://www.zeptonow.com/pn/portronics-por-343-ufo-usb-home-charger-6ports-8a-charging-station-for-smartphones-tablets-white/pvid/7bba268a-0c2a-4110-a81c-7c7e308d7185,"https://cdn.zeptonow.com/production/tr:w-1280,ar-1200-1200,pr-true,f-auto,q-80/cms/product_variant/eff712e9-ee59-4044-a110-73df61a9ef60.jpg"
Homegrown Brands,Home Electronics,"https://cdn.zeptonow.com/production/tr:w-90,ar-120-120,pr-true,f-auto,q-80/cms/sub_category/244.png",Portronics Konnect Recoil 100W Retractable Charging Cable - White,Portronics,432,699,1 pc,4.3 (180),In Stock,https://www.zeptonow.com/pn/portronics-konnect-recoil-100w-retractable-charging-cable-white/pvid/6bf5f243-b337-43d2-a528-0de41c017219,"https://cdn.zeptonow.com/production/tr:w-1280,ar-1500-1500,pr-true,f-auto,q-80/cms/product_variant/44915656-be4d-4ff9-adf6-85d1922ab3e2.jpg"
Homegrown Brands,Home Electronics,"https://cdn.zeptonow.com/production/tr:w-90,ar-120-120,pr-true,f-auto,q-80/cms/sub_category/244.png",Portronics 10000mah Power Bank(Black),Portronics,900,2299,1 pc,4.9 (187),In Stock,https://www.zeptonow.com/pn/portronics-10000mah-power-bankblack/pvid/8012821e-851d-4805-8a8e-0f28347276a9,"https://cdn.zeptonow.com/production/tr:w-1280,ar-1500-1500,pr-true,f-auto,q-80/cms/product_variant/96d4056e-9c36-477b-92dd-8f507f4d9920.jpg"
Homegrown Brands,Home Electronics,"https://cdn.zeptonow.com/production/tr:w-90,ar-120-120,pr-true,f-auto,q-80/cms/sub_category/244.png","Stuffcool Major Plus 20000mAH 20W Type C PD Powerbank,Fast Charging,50% in 30 mins,22.5W Type A Port",Stuffcool,1285,3299,1 pc,4 (115),In Stock,https://www.zeptonow.com/pn/stuffcool-major-plus-20000mah-20w-type-c-pd-powerbankfast-charging50-in-30-mins225w-type-a-port/pvid/6404e7f2-9d2d-40b2-9714-7be92944e7ab,"https://cdn.zeptonow.com/production/tr:w-1280,ar-1080-1080,pr-true,f-auto,q-80/cms/product_variant/e56e4a17-1e20-4038-818e-e8ee7de1e555.jpeg"
Homegrown Brands,Home Electronics,"https://cdn.zeptonow.com/production/tr:w-90,ar-120-120,pr-true,f-auto,q-80/cms/sub_category/244.png",Ultimus 38W Dual Port Aluminium Car Charger with 20W PD Type C Charges iPhones 50% in 30 mins,Ultimus,639,1299,1 pc,4.8 (108),In Stock,https://www.zeptonow.com/pn/ultimus-38w-dual-port-aluminium-car-charger-with-20w-pd-type-c-charges-iphones-50-in-30-mins/pvid/7ddc45de-bc7e-4074-a4b8-d91ea610ae6a,"https://cdn.zeptonow.com/production/tr:w-1280,ar-1200-1200,pr-true,f-auto,q-80/cms/product_variant/62557c80-2956-41b5-9758-eb9fe31e7f48.jpeg"
Homegrown Brands,Home Electronics,"https://cdn.zeptonow.com/production/tr:w-90,ar-120-120,pr-true,f-auto,q-80/cms/sub_category/244.png",Stuffcool Ecolo Made From Recycled Plastic Type C To C Pd100W 5A Sync & Charge Cable,Stuffcool,380,999,1 pc,4.3 (53),In Stock,https://www.zeptonow.com/pn/stuffcool-ecolo-made-from-recycled-plastic-type-c-to-c-pd100w-5a-sync-charge-cable/pvid/d51ae426-a2ec-4f51-ad3e-eb3b54227b3b,"https://cdn.zeptonow.com/production/tr:w-1280,ar-1080-1080,pr-true,f-auto,q-80/cms/product_variant/fd1cbdf9-3be2-4038-b47f-b6008acd8f86.jpeg"
Homegrown Brands,Home Electronics,"https://cdn.zeptonow.com/production/tr:w-90,ar-120-120,pr-true,f-auto,q-80/cms/sub_category/244.png",Urbn 20000Mah Ultra Link - Blue,Urbn,1299,4999,1 pc,4.3 (106),In Stock,https://www.zeptonow.com/pn/urbn-20000mah-ultra-link-blue/pvid/127d9738-48d7-474c-909d-97019b5a655d,"https://cdn.zeptonow.com/production/tr:w-1280,ar-4500-4500,pr-true,f-auto,q-80/cms/product_variant/7dbd08c6-d683-45ca-9572-c7cad5d0f0e9.jpeg"
Homegrown Brands,Home Electronics,"https://cdn.zeptonow.com/production/tr:w-90,ar-120-120,pr-true,f-auto,q-80/cms/sub_category/244.png",Urbn 10000Mah Ultra Link - Blue,Urbn,892,2999,1 pc,4.1 (80),In Stock,https://www.zeptonow.com/pn/urbn-10000mah-ultra-link-blue/pvid/347e1ce6-dcc4-4263-b443-c8fa1105429d,"https://cdn.zeptonow.com/production/tr:w-1280,ar-1500-1500,pr-true,f-auto,q-80/cms/product_variant/437aa74a-5fca-457a-b2cd-0bc06cc0afa4.jpg"
Homegrown Brands,Home Electronics,"https://cdn.zeptonow.com/production/tr:w-90,ar-120-120,pr-true,f-auto,q-80/cms/sub_category/244.png",Aroma HF505 Clear Hi-Fi Sound | Deep Bass Wired Earphone with Mic Wired | Yellow - 3.5 mm Jack,Aroma,172,1699,1 pc,4 (1.5k),Sold Out,https://www.zeptonow.com/pn/aroma-hf505-clear-hi-fi-sound-deep-bass-wired-earphone-with-mic-wired-yellow-35-mm-jack/pvid/d2f87dc8-1140-4752-b368-97a6ce6ff49d,"https://cdn.zeptonow.com/production/tr:w-1280,ar-2000-2000,pr-true,f-auto,q-80/cms/product_variant/fc008664-16ba-4d4d-835e-f7fc4ab531a6.jpeg"
Homegrown Brands,Home Electronics,"https://cdn.zeptonow.com/production/tr:w-90,ar-120-120,pr-true,f-auto,q-80/cms/sub_category/244.png",Aroma HF505 Clear Hi-Fi Sound | Deep Bass Wired Earphone with Mic Wired | Red - 3.5 mm Jack,Aroma,172,1699,1 pc,4.5 (689),Sold Out,https://www.zeptonow.com/pn/aroma-hf505-clear-hi-fi-sound-deep-bass-wired-earphone-with-mic-wired-red-35-mm-jack/pvid/07751497-af95-4faa-b965-b47a89cc3852,"https://cdn.zeptonow.com/production/tr:w-1280,ar-2000-2000,pr-true,f-auto,q-80/cms/product_variant/6e7a5fb4-f63a-4e56-a38e-41dc6b675be4.jpeg"
Homegrown Brands,Home Electronics,"https://cdn.zeptonow.com/production/tr:w-90,ar-120-120,pr-true,f-auto,q-80/cms/sub_category/244.png","boAt Stone 190 Pro BT Speaker w/ 5W RMS Sound, 12H Playtime, BT v5.3 & IPX6 Rating (Tropical Blue)",boAt,849,2990,1 pc,3.9 (324),Sold Out,https://www.zeptonow.com/pn/boat-stone-190-pro-bt-speaker-w-5w-rms-sound-12h-playtime-bt-v53-ipx6-rating-tropical-blue/pvid/058b9abd-eb02-4e6e-8f5c-73ca34fde655,"https://cdn.zeptonow.com/production/tr:w-1280,ar-1500-1500,pr-true,f-auto,q-80/cms/product_variant/2bb2fcfa-b12d-41c7-9fc6-bfaab9b5c0b8.jpeg"
Homegrown Brands,Home Electronics,"https://cdn.zeptonow.com/production/tr:w-90,ar-120-120,pr-true,f-auto,q-80/cms/sub_category/244.png",Agaro Primo Digital Tyre Inflator 120 W,Agaro,1799,4499,1 pc,4.9 (84),Sold Out,https://www.zeptonow.com/pn/agaro-primo-digital-tyre-inflator-120-w/pvid/ddaebf29-6f68-41fd-83b4-b5788358224c,"https://cdn.zeptonow.com/production/tr:w-1280,ar-1280-1280,pr-true,f-auto,q-80/cms/product_variant/2c7d0687-488d-4b14-af52-8ae7d0292d7c.jpg"
Homegrown Brands,Home Electronics,"https://cdn.zeptonow.com/production/tr:w-90,ar-120-120,pr-true,f-auto,q-80/cms/sub_category/244.png",Portronics Universal Mobile Phone Holder/Stand,Portronics,79,699,1 pc,4.6 (3.6k),Sold Out,https://www.zeptonow.com/pn/portronics-universal-mobile-phone-holderstand/pvid/84996d98-3259-4670-99d6-3fb0b280cc0e,"https://cdn.zeptonow.com/production/tr:w-1280,ar-1000-1000,pr-true,f-auto,q-80/cms/product_variant/ff3eb55d-76fa-4bd1-abff-d314ea19233d.jpeg"
Homegrown Brands,Home Electronics,"https://cdn.zeptonow.com/production/tr:w-90,ar-120-120,pr-true,f-auto,q-80/cms/sub_category/244.png","Portronics Charge Clamp 2, Mobile Holder With Wireless Charging - Black",Portronics,889,2499,1 pc,4 (90),Sold Out,https://www.zeptonow.com/pn/portronics-charge-clamp-2-mobile-holder-with-wireless-charging-black/pvid/b3d7f965-d492-4b02-932a-99a388292378,"https://cdn.zeptonow.com/production/tr:w-1280,ar-1000-1000,pr-true,f-auto,q-80/cms/product_variant/6ff010a9-fa16-4a95-877c-50879401478d.jpeg"
Homegrown Brands,Home Electronics,"https://cdn.zeptonow.com/production/tr:w-90,ar-120-120,pr-true,f-auto,q-80/cms/sub_category/244.png","Portronics Dash 3, 16W Portable Speaker with Mic",Portronics,1749,3999,1 pc,4.6 (89),Sold Out,https://www.zeptonow.com/pn/portronics-dash-3-16w-portable-speaker-with-mic/pvid/c0443431-4575-4567-9536-8a0abb89d7be,"https://cdn.zeptonow.com/production/tr:w-1280,ar-1000-1000,pr-true,f-auto,q-80/cms/product_variant/21d77780-69a0-400f-ab33-7988111e4b28.jpeg"
Homegrown Brands,Home Electronics,"https://cdn.zeptonow.com/production/tr:w-90,ar-120-120,pr-true,f-auto,q-80/cms/sub_category/244.png",Portronics POR2181 Luxcell B20k 20000 mAh Power Bank - Black,Portronics,1038,3499,1 pc,4.2 (300),Sold Out,https://www.zeptonow.com/pn/portronics-por2181-luxcell-b20k-20000-mah-power-bank-black/pvid/fe7f94e1-f9a9-4367-9af8-fc0b109deef4,"https://cdn.zeptonow.com/production/tr:w-1280,ar-1500-1500,pr-true,f-auto,q-80/cms/product_variant/17822b2a-a700-4b2e-b10a-6fc1d0fcc917.jpg"
Homegrown Brands,Home Electronics,"https://cdn.zeptonow.com/production/tr:w-90,ar-120-120,pr-true,f-auto,q-80/cms/sub_category/244.png",Portronics SoundDrum 1 Bluetooth Speaker,Portronics,999,2499,1 pc,3.9 (340),Sold Out,https://www.zeptonow.com/pn/portronics-sounddrum-1-bluetooth-speaker/pvid/12ee39a0-5c36-4dfc-b738-db125bae997d,"https://cdn.zeptonow.com/production/tr:w-1280,ar-1500-1500,pr-true,f-auto,q-80/cms/product_variant/ed135516-0a7c-46fc-96e1-330ce34ec497.jpg"
Homegrown Brands,Home Electronics,"https://cdn.zeptonow.com/production/tr:w-90,ar-120-120,pr-true,f-auto,q-80/cms/sub_category/244.png","Zebronics Vita Bar 200 Compact BT Soundbar with 24W RMS Output, Multicolor LED, upto 8hr Backup and TWS mode",Zebronics,1299,3499,1 pc,4.7 (233),Sold Out,https://www.zeptonow.com/pn/zebronics-vita-bar-200-compact-bt-soundbar-with-24w-rms-output-multicolor-led-upto-8hr-backup-and-tws-mode/pvid/752d936b-b962-4b7e-9a4e-aea38575dd67,"https://cdn.zeptonow.com/production/tr:w-1280,ar-832-411,pr-true,f-auto,q-80/cms/product_variant/b4a135d7-467b-40ed-8953-0a789b966035.jpeg"
Homegrown Brands,Home Electronics,"https://cdn.zeptonow.com/production/tr:w-90,ar-120-120,pr-true,f-auto,q-80/cms/sub_category/244.png",boAt 10000mAh Pocket Size Power Bank w/ 2-Way 22.5W Fast Charging - PB300 Pro (Steel Blue),boAt,1199,3499,1 pc,3.9 (286),Sold Out,https://www.zeptonow.com/pn/boat-10000mah-pocket-size-power-bank-w-2-way-225w-fast-charging-pb300-pro-steel-blue/pvid/d7e8dba7-340f-41ff-afa4-f95a8fc21f30,"https://cdn.zeptonow.com/production/tr:w-1280,ar-1500-1500,pr-true,f-auto,q-80/cms/product_variant/f06e3902-b8fa-4646-8f36-d7817ab125da.jpg"
Homegrown Brands,Home Electronics,"https://cdn.zeptonow.com/production/tr:w-90,ar-120-120,pr-true,f-auto,q-80/cms/sub_category/244.png",Portronics SoundDrum P 20W Bluetooth Speaker - Multi-Connectivity | 6-7 Hours Play Time,Portronics,1999,3999,1 pc,4.3 (436),Sold Out,https://www.zeptonow.com/pn/portronics-sounddrum-p-20w-bluetooth-speaker-multi-connectivity-6-7-hours-play-time/pvid/797fa8c9-82d8-4ab3-872c-899082d8b3b0,"https://cdn.zeptonow.com/production/tr:w-1280,ar-1500-1500,pr-true,f-auto,q-80/cms/product_variant/36b47b80-236f-4862-82e2-8055fa65d428.jpg"
Homegrown Brands,Home Electronics,"https://cdn.zeptonow.com/production/tr:w-90,ar-120-120,pr-true,f-auto,q-80/cms/sub_category/244.png","Portronics Harmony Mini, 25W Hd Sound Portable Bluetooth Speaker - Black",Portronics,2899,4999,1 pc,4.4 (90),Sold Out,https://www.zeptonow.com/pn/portronics-harmony-mini-25w-hd-sound-portable-bluetooth-speaker-black/pvid/b2698af8-3ea3-4b1b-9f85-5611892a2cf1,"https://cdn.zeptonow.com/production/tr:w-1280,ar-1400-1400,pr-true,f-auto,q-80/cms/product_variant/accf8e68-a774-41e4-abde-c98b7716133d.jpg"
Homegrown Brands,Home Electronics,"https://cdn.zeptonow.com/production/tr:w-90,ar-120-120,pr-true,f-auto,q-80/cms/sub_category/244.png","Portronics Sound Drum, Portable Bluetooth 4.2 Speaker Aux, Inbuilt Mic - Blue",Portronics,1259,2999,1 pc,4.5 (142),Sold Out,https://www.zeptonow.com/pn/portronics-sound-drum-portable-bluetooth-42-speaker-aux-inbuilt-mic-blue/pvid/7a408233-3f08-430f-97cc-580477a86705,"https://cdn.zeptonow.com/production/tr:w-1280,ar-1200-1200,pr-true,f-auto,q-80/cms/product_variant/b1c6df64-77e1-4055-99cd-399ad1969b76.jpg"
Homegrown Brands,Home Electronics,"https://cdn.zeptonow.com/production/tr:w-90,ar-120-120,pr-true,f-auto,q-80/cms/sub_category/244.png",Portronics 15 W Portable Wireless Speaker(Blue),Portronics,1929,2999,1 pc,4.3 (54),Sold Out,https://www.zeptonow.com/pn/portronics-15-w-portable-wireless-speakerblue/pvid/ee7f038d-6d42-4d12-8706-f749f37dd7f5,"https://cdn.zeptonow.com/production/tr:w-1280,ar-1500-1500,pr-true,f-auto,q-80/cms/product_variant/0abd70ab-360d-41c1-9d3e-ec5ff0b5f5d5.jpg"
Homegrown Brands,Home Electronics,"https://cdn.zeptonow.com/production/tr:w-90,ar-120-120,pr-true,f-auto,q-80/cms/sub_category/244.png",Portronics My Buddy J Laptop Table - Grey | Collapsible,Portronics,679,1499,1 pc,4.8 (900),Sold Out,https://www.zeptonow.com/pn/portronics-my-buddy-j-laptop-table-grey-collapsible/pvid/07709f76-861a-4203-9e9d-32e0e8dc3d4d,"https://cdn.zeptonow.com/production/tr:w-1280,ar-1200-1200,pr-true,f-auto,q-80/cms/product_variant/356ea34a-c263-490d-8d2c-c18dc546ce8e.jpg"
Homegrown Brands,Home Electronics,"https://cdn.zeptonow.com/production/tr:w-90,ar-120-120,pr-true,f-auto,q-80/cms/sub_category/244.png","boAt Stone 1800 BT Speaker w/ 90W RMS Sound, 5H Platime, EQ Modes, BT v5.3 & IPX6 Rating (Camo Black)",boAt,6351,21990,1 pc,5 (91),Sold Out,https://www.zeptonow.com/pn/boat-stone-1800-bt-speaker-w-90w-rms-sound-5h-platime-eq-modes-bt-v53-ipx6-rating-camo-black/pvid/e3425097-8a7d-4f03-9b9c-94d7c73a74d3,"https://cdn.zeptonow.com/production/tr:w-1280,ar-1500-1500,pr-true,f-auto,q-80/cms/product_variant/291301cb-6874-4413-9777-b9f18d4999ec.jpeg"
Homegrown Brands,Home Electronics,"https://cdn.zeptonow.com/production/tr:w-90,ar-120-120,pr-true,f-auto,q-80/cms/sub_category/244.png",boAt Stone Lumos 60W Bt Speaker W - 7 Led Projection Modes 9H Playtime Midnight Black,boAt,3999,14990,1 pc,4.6 (208),Sold Out,https://www.zeptonow.com/pn/boat-stone-lumos-60w-bt-speaker-w-7-led-projection-modes-9h-playtime-midnight-black/pvid/9bcda4c5-ac5a-464f-bdda-ff8f4d40a26a,"https://cdn.zeptonow.com/production/tr:w-1280,ar-1500-1500,pr-true,f-auto,q-80/cms/product_variant/e46e3ee9-bbf9-4fac-99dc-1d987e8554be.jpg"
Homegrown Brands,Home Electronics,"https://cdn.zeptonow.com/production/tr:w-90,ar-120-120,pr-true,f-auto,q-80/cms/sub_category/244.png","Portronics Vayu Lite, 150 Psi Portable Tyre Inflator - Black",Yu,1400,2999,1 pack,4.7 (176),Sold Out,https://www.zeptonow.com/pn/portronics-vayu-lite-150-psi-portable-tyre-inflator-black/pvid/fdc488ea-5615-4157-96f0-be79665bd3d5,"https://cdn.zeptonow.com/production/tr:w-1280,ar-1000-1000,pr-true,f-auto,q-80/cms/product_variant/501b4a35-2590-433e-9860-dcf98a212b1d.jpeg"
Homegrown Brands,Home Electronics,"https://cdn.zeptonow.com/production/tr:w-90,ar-120-120,pr-true,f-auto,q-80/cms/sub_category/244.png",Portronics Car Power 16 Car Charger With Dual Output (Pd + Quick Charge),Portronics,399,999,1 pc,4.4 (257),Sold Out,https://www.zeptonow.com/pn/portronics-car-power-16-car-charger-with-dual-output-pd-quick-charge/pvid/af1e51ec-beb6-44a7-a479-2509503c4bc5,"https://cdn.zeptonow.com/production/tr:w-1280,ar-1200-1200,pr-true,f-auto,q-80/cms/product_variant/d79fcf75-baa0-4b68-a1ec-b961fd45840b.jpg"
Homegrown Brands,Home Electronics,"https://cdn.zeptonow.com/production/tr:w-90,ar-120-120,pr-true,f-auto,q-80/cms/sub_category/244.png",Mivi Roam 2 Bluetooth Speaker,Mivi,749,2999,1 pack,3.9 (436),Sold Out,https://www.zeptonow.com/pn/mivi-roam-2-bluetooth-speaker/pvid/c2f106da-b1e0-412d-a226-82130e844871,"https://cdn.zeptonow.com/production/tr:w-1280,ar-2400-2400,pr-true,f-auto,q-80/cms/product_variant/6f46b47e-93e3-4783-9b05-f094a9d764ec.jpg"
Homegrown Brands,Home Electronics,"https://cdn.zeptonow.com/production/tr:w-90,ar-120-120,pr-true,f-auto,q-80/cms/sub_category/244.png","Fire-Boltt Ashphalt Smartwatch | 1.91"" Display | BT Calling - Gun Metal Orange",Fire-Boltt,2299,19999,1 pc,4.6 (93),Sold Out,https://www.zeptonow.com/pn/fire-boltt-ashphalt-smartwatch-191-display-bt-calling-gun-metal-orange/pvid/aa16cbd5-9dee-458a-824f-43978501dc24,"https://cdn.zeptonow.com/production/tr:w-1280,ar-1441-1441,pr-true,f-auto,q-80/cms/product_variant/a5ff44e3-45ac-4bea-86b6-08e85a8ab65c.jpeg"
Homegrown Brands,Home Electronics,"https://cdn.zeptonow.com/production/tr:w-90,ar-120-120,pr-true,f-auto,q-80/cms/sub_category/244.png","Lapcare 5In1 Screen Cleaning Kit With Suction Balloon, 125Ml With Micro Fiber Cloth & Compact Brush",Lapcare,200,505,1 set,4.6 (158),Sold Out,https://www.zeptonow.com/pn/lapcare-5in1-screen-cleaning-kit-with-suction-balloon-125ml-with-micro-fiber-cloth-compact-brush/pvid/5ea6556e-f2cc-4a2c-9675-921d68812767,"https://cdn.zeptonow.com/production/tr:w-1280,ar-1200-1200,pr-true,f-auto,q-80/cms/product_variant/52dd610c-db84-4972-8c8f-90993626d9a1.jpg"
Homegrown Brands,Home Electronics,"https://cdn.zeptonow.com/production/tr:w-90,ar-120-120,pr-true,f-auto,q-80/cms/sub_category/244.png","Nu Republic Sonicpop 160 With 20 Hrs Playtime, 52mm Dual Drivers, RGB Led Lights, 16W Output Bluetooth Wireless Speaker (Black)",Nu,999,2999,1 pc,5 (124),Sold Out,https://www.zeptonow.com/pn/nu-republic-sonicpop-160-with-20-hrs-playtime-52mm-dual-drivers-rgb-led-lights-16w-output-bluetooth-wireless-speaker-black/pvid/461a9439-f8be-43e3-838d-21d35392043d,"https://cdn.zeptonow.com/production/tr:w-1280,ar-1000-1000,pr-true,f-auto,q-80/cms/product_variant/b2dd55f4-51cd-41ff-a525-18786c1b4513.jpeg"
Homegrown Brands,Home Electronics,"https://cdn.zeptonow.com/production/tr:w-90,ar-120-120,pr-true,f-auto,q-80/cms/sub_category/244.png","Saregama Carvaan Hindi -Portable Music Player with 5000 Preloaded Songs, FM/BT/AUX (Porcelain White)",Saregama,4999,7190,1 pc,5 (66),Sold Out,https://www.zeptonow.com/pn/saregama-carvaan-hindi-portable-music-player-with-5000-preloaded-songs-fmbtaux-porcelain-white/pvid/369362fd-e6dc-4e06-98cb-3f03de65e6b3,"https://cdn.zeptonow.com/production/tr:w-1280,ar-1500-1500,pr-true,f-auto,q-80/cms/product_variant/8114edac-7d54-4518-9dd8-0f981a58fd9b.jpg"
Homegrown Brands,Home Electronics,"https://cdn.zeptonow.com/production/tr:w-90,ar-120-120,pr-true,f-auto,q-80/cms/sub_category/244.png","Intex 20000 mAh 22 W Power Bank (Black, Lithium Polymer, Fast Charging for Mobile)",Intex,1369,4999,1 pc,4.5 (589),Sold Out,https://www.zeptonow.com/pn/intex-20000-mah-22-w-power-bank-black-lithium-polymer-fast-charging-for-mobile/pvid/7d463274-8e13-4412-963d-a30127438adf,"https://cdn.zeptonow.com/production/tr:w-1280,ar-2400-2400,pr-true,f-auto,q-80/cms/product_variant/5c0fe71d-4424-4530-863d-97461d83b858.jpg"
Homegrown Brands,Home Electronics,"https://cdn.zeptonow.com/production/tr:w-90,ar-120-120,pr-true,f-auto,q-80/cms/sub_category/244.png","Ambrane 45W Dual Port Gan Charger, Usb & Type C Port With Qc & Pd Technology (Charge 45, Black)",Ambrane,1099,2499,1 pc,3.9 (154),Sold Out,https://www.zeptonow.com/pn/ambrane-45w-dual-port-gan-charger-usb-type-c-port-with-qc-pd-technology-charge-45-black/pvid/e827d5eb-5fd4-4b79-b726-d023a0c4611a,"https://cdn.zeptonow.com/production/tr:w-1280,ar-679-679,pr-true,f-auto,q-80/cms/product_variant/4329cdbf-b281-4887-b6e9-f9a154086768.jpg"
Homegrown Brands,Home Electronics,"https://cdn.zeptonow.com/production/tr:w-90,ar-120-120,pr-true,f-auto,q-80/cms/sub_category/244.png",Duracell 20000 mAh Power Bank - 22.5 W | Fast Charging,Duracell,2749,3499,1 pc,4.4 (108),Sold Out,https://www.zeptonow.com/pn/duracell-20000-mah-power-bank-225-w-fast-charging/pvid/3802f6e5-3832-476d-b208-62224f07be47,"https://cdn.zeptonow.com/production/tr:w-1280,ar-1200-1200,pr-true,f-auto,q-80/cms/product_variant/b7da01bb-90cf-417b-b51b-8b26a7929718.jpeg"
Homegrown Brands,Home Electronics,"https://cdn.zeptonow.com/production/tr:w-90,ar-120-120,pr-true,f-auto,q-80/cms/sub_category/244.png",URBN 20000 mAh Premium Black Edition Nano Power Bank | 22.5W Super Fast Charging (Black),URBN,1979,4999,1 pc,4.2 (388),Sold Out,https://www.zeptonow.com/pn/urbn-20000-mah-premium-black-edition-nano-power-bank-225w-super-fast-charging-black/pvid/e13aeeb2-f9d8-4f11-b82f-c8d9a6c0db15,"https://cdn.zeptonow.com/production/tr:w-1280,ar-2100-2100,pr-true,f-auto,q-80/cms/product_variant/c930b78d-e9cb-4197-a2ea-b5fd2802e429.jpeg"
Homegrown Brands,Home Electronics,"https://cdn.zeptonow.com/production/tr:w-90,ar-120-120,pr-true,f-auto,q-80/cms/sub_category/244.png",Aroma Electronic UC11 - 2.4 Amp USB-A to Type-C | 1 m Fast Charging Sync & Charge Data Cable |White,Aroma,89,1699,1 pc,4.5 (4.5k),Sold Out,https://www.zeptonow.com/pn/aroma-electronic-uc11-24-amp-usb-a-to-type-c-1-m-fast-charging-sync-charge-data-cable-white/pvid/0dc99cd6-137c-49db-9e90-48ca5ec22195,"https://cdn.zeptonow.com/production/tr:w-1280,ar-2000-2000,pr-true,f-auto,q-80/cms/product_variant/d2ed68c0-7ea8-4610-ab3e-f028a5e080d7.jpeg"
Homegrown Brands,Home Electronics,"https://cdn.zeptonow.com/production/tr:w-90,ar-120-120,pr-true,f-auto,q-80/cms/sub_category/244.png",Basics Ind Fast Charging & Data Sync USB Cable,Basics,89,1699,1 pc,4.1 (5.3k),Sold Out,https://www.zeptonow.com/pn/basics-ind-fast-charging-data-sync-usb-cable/pvid/a455587a-675c-4c64-9c0d-36cdd93bf262,"https://cdn.zeptonow.com/production/tr:w-1280,ar-500-453,pr-true,f-auto,q-80/cms/product_variant/a9c178c5-bc77-43b4-9dec-09063a73c595.jpeg"
Homegrown Brands,Home Electronics,"https://cdn.zeptonow.com/production/tr:w-90,ar-120-120,pr-true,f-auto,q-80/cms/sub_category/244.png","Urbn 10000Mah Nano Slim Power Bank - Black,Cable Type C to C(Wired Mobile Connectivity)",Urbn,1399,2999,1 pc,4.3 (520),Sold Out,https://www.zeptonow.com/pn/urbn-10000mah-nano-slim-power-bank-blackcable-type-c-to-cwired-mobile-connectivity/pvid/394304da-2a62-482b-bab0-5684911f1a41,"https://cdn.zeptonow.com/production/tr:w-1280,ar-1000-1000,pr-true,f-auto,q-80/cms/product_variant/9a3c554d-727c-4125-9ec4-207571fbe75f.jpeg"
Homegrown Brands,Home Electronics,"https://cdn.zeptonow.com/production/tr:w-90,ar-120-120,pr-true,f-auto,q-80/cms/sub_category/244.png","Ultimus 25W Aluminium Type C Compact Samsung Super Fast Charging, iPhones & Pixels 50% in 30 mins",Ultimus,399,999,1 pc,4.4 (58),Sold Out,https://www.zeptonow.com/pn/ultimus-25w-aluminium-type-c-compact-samsung-super-fast-charging-iphones-pixels-50-in-30-mins/pvid/f434cd39-c97a-4e41-b057-e1afb392ff39,"https://cdn.zeptonow.com/production/tr:w-1280,ar-1080-1080,pr-true,f-auto,q-80/cms/product_variant/67a5e491-82d6-4d0f-a1db-f1e70ebebc6e.jpeg"
Homegrown Brands,Home Electronics,"https://cdn.zeptonow.com/production/tr:w-90,ar-120-120,pr-true,f-auto,q-80/cms/sub_category/244.png",Stuffcool Mega Ii 30W Mini 10000Mah Powerbank For Super Fast Chargingpixels Iphones- Green,Stuffcool,1229,2999,1 pc,4.3 (54),Sold Out,https://www.zeptonow.com/pn/stuffcool-mega-ii-30w-mini-10000mah-powerbank-for-super-fast-chargingpixels-iphones-green/pvid/8caaff00-0397-49f2-9fe4-0b930d5a7934,"https://cdn.zeptonow.com/production/tr:w-1280,ar-1080-1080,pr-true,f-auto,q-80/cms/product_variant/81f8d929-f9a7-4535-be1c-550c50496466.jpeg"
Homegrown Brands,Home Electronics,"https://cdn.zeptonow.com/production/tr:w-90,ar-120-120,pr-true,f-auto,q-80/cms/sub_category/244.png",Stuffcool Qaud Pro 4-In-1 USB Cable - Grey | Braided and Durable | High-Quality Material,Stuffcool,749,2999,1 pc,4.2 (140),Sold Out,https://www.zeptonow.com/pn/stuffcool-qaud-pro-4-in-1-usb-cable-grey-braided-and-durable-high-quality-material/pvid/ee2e10ad-9f72-4b83-b206-87f7a81b7cac,"https://cdn.zeptonow.com/production/tr:w-1280,ar-1080-1080,pr-true,f-auto,q-80/cms/product_variant/3925d2bd-17bc-47c2-ba9e-c79eb3881054.jpeg"
Homegrown Brands,Home Electronics,"https://cdn.zeptonow.com/production/tr:w-90,ar-120-120,pr-true,f-auto,q-80/cms/sub_category/244.png",Urbn 10000Mah Nano Link - Black,Urbn,1499,3499,1 pc,3.9 (302),Sold Out,https://www.zeptonow.com/pn/urbn-10000mah-nano-link-black/pvid/14434256-c8cf-47dc-92fb-3396cd54b9b5,"https://cdn.zeptonow.com/production/tr:w-1280,ar-2300-2008,pr-true,f-auto,q-80/cms/product_variant/ab449b37-426d-418b-9e10-33ed6cb98f85.jpeg"
Homegrown Brands,Home Electronics,"https://cdn.zeptonow.com/production/tr:w-90,ar-120-120,pr-true,f-auto,q-80/cms/sub_category/244.png",Mivi Duopods A850 Bluetooth Earbuds (50 Hrs Playtime),Mivi,1150,3999,1 pc,4.2 (773),Sold Out,https://www.zeptonow.com/pn/mivi-duopods-a850-bluetooth-earbuds-50-hrs-playtime/pvid/d9463d6d-09a0-4a51-90ca-9eb2e4d7dfc7,"https://cdn.zeptonow.com/production/tr:w-1280,ar-1000-1000,pr-true,f-auto,q-80/cms/product_variant/e4a4c658-5942-473b-922a-1e429ae4b1c2.jpeg"
Homegrown Brands,Tea & Coffee,"https://cdn.zeptonow.com/production/tr:w-90,ar-120-120,pr-true,f-auto,q-80/cms/sub_category/247.png",Continental Xtra Instant Strong Coffee - Jar,Continental,461,650,200 g,4.9 (1.7k),In Stock,https://www.zeptonow.com/pn/continental-xtra-instant-strong-coffee-jar/pvid/387133ab-df83-4bb0-a2ef-29b9428d1887,"https://cdn.zeptonow.com/production/tr:w-1280,ar-2000-3001,pr-true,f-auto,q-80/cms/product_variant/e8682119-036b-4b16-8f3e-cc4ef430f238.jpeg"
Homegrown Brands,Tea & Coffee,"https://cdn.zeptonow.com/production/tr:w-90,ar-120-120,pr-true,f-auto,q-80/cms/sub_category/247.png",Sleepy Owl French Vanilla 100% Arabica Organic Instant Coffee,Sleepy,599,749,100 g,4.2 (296),In Stock,https://www.zeptonow.com/pn/sleepy-owl-french-vanilla-100-arabica-organic-instant-coffee/pvid/378065e7-9fa3-4851-a328-b31d976c5ab8,"https://cdn.zeptonow.com/production/tr:w-1280,ar-1500-1500,pr-true,f-auto,q-80/cms/product_variant/ab2b1cb5-830f-4ca4-9ccd-477e1e27a451.png"
Homegrown Brands,Tea & Coffee,"https://cdn.zeptonow.com/production/tr:w-90,ar-120-120,pr-true,f-auto,q-80/cms/sub_category/247.png",Sleepy Owl Original 100% Arabica Medium Roast Instant Coffee,Sleepy,599,749,100 g,4.9 (329),In Stock,https://www.zeptonow.com/pn/sleepy-owl-original-100-arabica-medium-roast-instant-coffee/pvid/00ceaab9-0b4c-475d-800e-68b6a721d13e,"https://cdn.zeptonow.com/production/tr:w-1280,ar-1500-1500,pr-true,f-auto,q-80/cms/product_variant/1085a54c-eb70-4b91-8dc1-8deb3d79f09d.png"
Homegrown Brands,Tea & Coffee,"https://cdn.zeptonow.com/production/tr:w-90,ar-120-120,pr-true,f-auto,q-80/cms/sub_category/247.png",Sleepy Owl 100% Arabica Hazelnut Medium Roast Instant Coffee,Sleepy,599,749,100 g,4.3 (300),In Stock,https://www.zeptonow.com/pn/sleepy-owl-100-arabica-hazelnut-medium-roast-instant-coffee/pvid/98849f34-eb39-4610-a861-273d6833f262,"https://cdn.zeptonow.com/production/tr:w-1280,ar-1500-1500,pr-true,f-auto,q-80/cms/product_variant/1d3b19d8-5a22-4807-b404-29b44c62cf2d.png"
Homegrown Brands,Tea & Coffee,"https://cdn.zeptonow.com/production/tr:w-90,ar-120-120,pr-true,f-auto,q-80/cms/sub_category/247.png",Continental Strong Instant Coffee - Jar,Continental,90,180,50 g,4.7 (6.9k),In Stock,https://www.zeptonow.com/pn/continental-strong-instant-coffee-jar/pvid/4a529f59-cfb1-42ba-8adb-e11362f94707,"https://cdn.zeptonow.com/production/tr:w-1280,ar-2926-2926,pr-true,f-auto,q-80/cms/product_variant/9381dc72-32a7-40ce-bd2e-7dca3f6c91a2.jpeg"
Homegrown Brands,Tea & Coffee,"https://cdn.zeptonow.com/production/tr:w-90,ar-120-120,pr-true,f-auto,q-80/cms/sub_category/247.png",Continental Xtra Instant Strong Coffee - Pouch,Continental,90,180,50 g,4.7 (14.9k),In Stock,https://www.zeptonow.com/pn/continental-xtra-instant-strong-coffee-pouch/pvid/0b7a3134-f94f-4f64-80ef-a70bee333b91,"https://cdn.zeptonow.com/production/tr:w-1280,ar-2000-2392,pr-true,f-auto,q-80/cms/product_variant/317f5f99-c095-4714-ad09-0413641becaf.jpeg"
Homegrown Brands,Tea & Coffee,"https://cdn.zeptonow.com/production/tr:w-90,ar-120-120,pr-true,f-auto,q-80/cms/sub_category/247.png",BRU Instant Coffee,BRU,260,325,100 g,4.8 (8.6k),In Stock,https://www.zeptonow.com/pn/bru-instant-coffee/pvid/d51e76a6-7cf7-4276-9845-2ece9465e048,"https://cdn.zeptonow.com/production/tr:w-1280,ar-2400-2400,pr-true,f-auto,q-80/cms/product_variant/889f0b17-081c-4e98-b937-03a294ebbad3.jpeg"
Homegrown Brands,Tea & Coffee,"https://cdn.zeptonow.com/production/tr:w-90,ar-120-120,pr-true,f-auto,q-80/cms/sub_category/247.png",Sleepy Owl Espresso Intense Dark Roast Instant Coffee,Sleepy,420,499,100 g,4.4 (445),In Stock,https://www.zeptonow.com/pn/sleepy-owl-espresso-intense-dark-roast-instant-coffee/pvid/256f509e-d774-43ed-a860-ee6c85fb7f1f,"https://cdn.zeptonow.com/production/tr:w-1280,ar-2400-2400,pr-true,f-auto,q-80/cms/product_variant/968d15e6-0b5a-46eb-b39f-36d51902035d.jpg"
Homegrown Brands,Tea & Coffee,"https://cdn.zeptonow.com/production/tr:w-90,ar-120-120,pr-true,f-auto,q-80/cms/sub_category/247.png",Tata Classic Grand Instant Coffee,Tata,164,170,50 g,4.7 (4.4k),In Stock,https://www.zeptonow.com/pn/tata-classic-grand-instant-coffee/pvid/eb3aaadd-2228-482b-aa2c-554adb0429d5,"https://cdn.zeptonow.com/production/tr:w-1280,ar-1200-1200,pr-true,f-auto,q-80/cms/product_variant/d4357846-d914-4b24-8d29-8055b4641f39.jpeg"
Homegrown Brands,Tea & Coffee,"https://cdn.zeptonow.com/production/tr:w-90,ar-120-120,pr-true,f-auto,q-80/cms/sub_category/247.png",Continental Speciale Instant Coffee - Mocha | Jar,Continental,275,375,50 g,4.6 (60),In Stock,https://www.zeptonow.com/pn/continental-speciale-instant-coffee-mocha-jar/pvid/bdbacb0c-30c7-4741-96b7-2be9b8aba4dc,"https://cdn.zeptonow.com/production/tr:w-1280,ar-2198-3300,pr-true,f-auto,q-80/cms/product_variant/6f9e837f-879a-46cd-9c0c-9ed2fbdddd4d.jpeg"
Homegrown Brands,Tea & Coffee,"https://cdn.zeptonow.com/production/tr:w-90,ar-120-120,pr-true,f-auto,q-80/cms/sub_category/247.png",Continental Decaf | Decaffeinated Coffee Powder | Instant Coffee | Sachet,Continental,419,500,2 g X 25,4.4 (416),In Stock,https://www.zeptonow.com/pn/continental-decaf-decaffeinated-coffee-powder-instant-coffee-sachet/pvid/d1de74b6-ecb0-4fd3-8311-62ec55582f11,"https://cdn.zeptonow.com/production/tr:w-1280,ar-1080-1080,pr-true,f-auto,q-80/cms/product_variant/252e81df-8f99-430d-a8b8-bbe055f1f8e5.jpeg"
Homegrown Brands,Tea & Coffee,"https://cdn.zeptonow.com/production/tr:w-90,ar-120-120,pr-true,f-auto,q-80/cms/sub_category/247.png",Bru Instant Coffee Jar,Bru,509,620,150 g,5 (53),In Stock,https://www.zeptonow.com/pn/bru-instant-coffee-jar/pvid/99aaa0ae-08cc-4111-8f82-dbeeec1bcd2a,"https://cdn.zeptonow.com/production/tr:w-1280,ar-1200-1200,pr-true,f-auto,q-80/cms/product_variant/e2c1b10b-276c-4fa0-8dc5-aa44250bb18f.jpeg"
Homegrown Brands,Tea & Coffee,"https://cdn.zeptonow.com/production/tr:w-90,ar-120-120,pr-true,f-auto,q-80/cms/sub_category/247.png",BRU Instant Coffee,BRU,170,175,50 g,4.8 (7.9k),In Stock,https://www.zeptonow.com/pn/bru-instant-coffee/pvid/d0e468d2-313c-4673-8c49-862a60f6d778,"https://cdn.zeptonow.com/production/tr:w-1280,ar-2400-2400,pr-true,f-auto,q-80/cms/product_variant/065a7ccf-40cd-4b14-bb7f-5028d9f8ca85.jpeg"
Homegrown Brands,Tea & Coffee,"https://cdn.zeptonow.com/production/tr:w-90,ar-120-120,pr-true,f-auto,q-80/cms/sub_category/247.png",Bru Instant Coffee Jar,Bru,300,300,75 g,4.9 (65),In Stock,https://www.zeptonow.com/pn/bru-instant-coffee-jar/pvid/48f05006-06a7-4d05-a71c-c98e23e7896e,"https://cdn.zeptonow.com/production/tr:w-1280,ar-1200-1200,pr-true,f-auto,q-80/cms/product_variant/a6e7b7ee-a78f-4ac1-a431-1398703b1187.jpeg"
Homegrown Brands,Tea & Coffee,"https://cdn.zeptonow.com/production/tr:w-90,ar-120-120,pr-true,f-auto,q-80/cms/sub_category/247.png",Continental Xtra Instant Strong Coffee - Pouch,Continental,356,449,150 g,4.9 (362),In Stock,https://www.zeptonow.com/pn/continental-xtra-instant-strong-coffee-pouch/pvid/d984bd96-a72e-4535-8ca6-d746a46a38b5,"https://cdn.zeptonow.com/production/tr:w-1280,ar-2000-2000,pr-true,f-auto,q-80/cms/product_variant/1e2136ce-7c4b-412e-864c-97711131fbb5.jpeg"
Homegrown Brands,Tea & Coffee,"https://cdn.zeptonow.com/production/tr:w-90,ar-120-120,pr-true,f-auto,q-80/cms/sub_category/247.png",Continental Xtra Instant Strong Coffee - Jar,Continental,135,180,50 g,4.8 (779),In Stock,https://www.zeptonow.com/pn/continental-xtra-instant-strong-coffee-jar/pvid/0fefdddf-a071-4565-a3ef-40e0045d4f47,"https://cdn.zeptonow.com/production/tr:w-1280,ar-2000-2000,pr-true,f-auto,q-80/cms/product_variant/bb2c5c68-f58e-4563-adc2-bb84189737a5.jpeg"
Homegrown Brands,Tea & Coffee,"https://cdn.zeptonow.com/production/tr:w-90,ar-120-120,pr-true,f-auto,q-80/cms/sub_category/247.png",Bru Gold Freeze Dried Vanilla,Bru,522,600,100 g,5 (70),In Stock,https://www.zeptonow.com/pn/bru-gold-freeze-dried-vanilla/pvid/c184b31a-2992-4be7-af8d-c34c384382b9,"https://cdn.zeptonow.com/production/tr:w-1280,ar-1000-1000,pr-true,f-auto,q-80/inventory/product/b12564be-602e-4f4d-a6dd-2292c17ee9a0-/tmp/20231019-0453161.jpeg"
Homegrown Brands,Tea & Coffee,"https://cdn.zeptonow.com/production/tr:w-90,ar-120-120,pr-true,f-auto,q-80/cms/sub_category/247.png",Tata Coffee Grand Classic Instant Coffee,Tata,178,180,45 g,4.6 (1.4k),In Stock,https://www.zeptonow.com/pn/tata-coffee-grand-classic-instant-coffee/pvid/3af6f9fd-8d1d-4b6b-9f76-d39a9d850273,"https://cdn.zeptonow.com/production/tr:w-1280,ar-1200-1200,pr-true,f-auto,q-80/cms/product_variant/99a85374-9506-46a2-82b7-5879d4fff118.jpeg"
Homegrown Brands,Tea & Coffee,"https://cdn.zeptonow.com/production/tr:w-90,ar-120-120,pr-true,f-auto,q-80/cms/sub_category/247.png",Sleepy Owl Original 100% Arabica Instant Coffee,Sleepy,126,150,1 pack (10 pcs),4.5 (152),In Stock,https://www.zeptonow.com/pn/sleepy-owl-original-100-arabica-instant-coffee/pvid/a966e73c-c4d8-49eb-acb2-c42eec874b9c,"https://cdn.zeptonow.com/production/tr:w-1280,ar-1500-1500,pr-true,f-auto,q-80/cms/product_variant/e8dc7c7c-6b7a-47e7-b12b-38f20fa2beb7.jpeg"
Homegrown Brands,Tea & Coffee,"https://cdn.zeptonow.com/production/tr:w-90,ar-120-120,pr-true,f-auto,q-80/cms/sub_category/247.png",Sleepy Owl French Vanilla 100% Arabica Instant Coffee,Sleepy,129,150,1 pack (10 pcs),4.8 (184),In Stock,https://www.zeptonow.com/pn/sleepy-owl-french-vanilla-100-arabica-instant-coffee/pvid/8889dc4c-b05c-445c-9a8a-ac395762df3a,"https://cdn.zeptonow.com/production/tr:w-1280,ar-1500-1500,pr-true,f-auto,q-80/cms/product_variant/6a898525-31de-4959-9057-b69368545e48.jpeg"
Homegrown Brands,Tea & Coffee,"https://cdn.zeptonow.com/production/tr:w-90,ar-120-120,pr-true,f-auto,q-80/cms/sub_category/247.png",Sleepy Owl Hazelnut 100% Arabica Instant Coffee,Sleepy,129,150,1 pack (10 pcs),4.9 (171),In Stock,https://www.zeptonow.com/pn/sleepy-owl-hazelnut-100-arabica-instant-coffee/pvid/f3573189-1f13-4d66-8560-17eca6d55398,"https://cdn.zeptonow.com/production/tr:w-1280,ar-1500-1500,pr-true,f-auto,q-80/cms/product_variant/9188f294-65b7-45cd-8149-55ef0c69226e.jpeg"
Homegrown Brands,Tea & Coffee,"https://cdn.zeptonow.com/production/tr:w-90,ar-120-120,pr-true,f-auto,q-80/cms/sub_category/247.png",Continental Speciale Instant Coffee - Pouch,Continental,508,699,180 g,4.6 (198),In Stock,https://www.zeptonow.com/pn/continental-speciale-instant-coffee-pouch/pvid/cd5a37c1-2dbf-404a-bf55-3eded9899030,"https://cdn.zeptonow.com/production/tr:w-1280,ar-6672-5372,pr-true,f-auto,q-80/cms/product_variant/84611cf3-993e-45db-b47a-8499a0680cb6.jpg"
Homegrown Brands,Tea & Coffee,"https://cdn.zeptonow.com/production/tr:w-90,ar-120-120,pr-true,f-auto,q-80/cms/sub_category/247.png",Tata Coffee Grand Premium 100% Coffee Blend Instant Coffee,Tata,431,455,90 g,4.8 (272),In Stock,https://www.zeptonow.com/pn/tata-coffee-grand-premium-100-coffee-blend-instant-coffee/pvid/b8ee3993-e055-4d97-a4a6-b1ac6c6452c0,"https://cdn.zeptonow.com/production/tr:w-1280,ar-444-884,pr-true,f-auto,q-80/cms/product_variant/70e3e079-6fbb-480f-ade4-e2ec8ada9ead.jpg"
Homegrown Brands,Tea & Coffee,"https://cdn.zeptonow.com/production/tr:w-90,ar-120-120,pr-true,f-auto,q-80/cms/sub_category/247.png",Tata Coffee Grand Premium 100% Coffee Blend Classic Instant Coffee,Tata,209,220,45 g,4.5 (2.0k),In Stock,https://www.zeptonow.com/pn/tata-coffee-grand-premium-100-coffee-blend-classic-instant-coffee/pvid/fd0970e7-07fa-4080-bd84-c3ac06f0fcd5,"https://cdn.zeptonow.com/production/tr:w-1280,ar-1200-1200,pr-true,f-auto,q-80/cms/product_variant/6ad3b766-06b2-4073-be1e-2fbdd8b37012.jpeg"
Homegrown Brands,Tea & Coffee,"https://cdn.zeptonow.com/production/tr:w-90,ar-120-120,pr-true,f-auto,q-80/cms/sub_category/247.png",Continental Speciale Instant Coffee - Vanilla | Jar,Continental,238,375,50 g,4.4 (87),In Stock,https://www.zeptonow.com/pn/continental-speciale-instant-coffee-vanilla-jar/pvid/b9c295f4-8088-4835-bf28-dc5b1f73f06b,"https://cdn.zeptonow.com/production/tr:w-1280,ar-2198-3300,pr-true,f-auto,q-80/cms/product_variant/888d48a8-f8f8-4c76-a966-6669ab185642.jpeg"
Homegrown Brands,Tea & Coffee,"https://cdn.zeptonow.com/production/tr:w-90,ar-120-120,pr-true,f-auto,q-80/cms/sub_category/247.png",Bru Gold Freeze Dried Hazelnut,Bru,428,600,100 g,4 (129),In Stock,https://www.zeptonow.com/pn/bru-gold-freeze-dried-hazelnut/pvid/117922b0-1fbb-4867-aa2f-681b022b389b,"https://cdn.zeptonow.com/production/tr:w-1280,ar-1000-1000,pr-true,f-auto,q-80/cms/product_variant/771d2faf-714f-4abc-9399-491face31f17.jpg"
Homegrown Brands,Tea & Coffee,"https://cdn.zeptonow.com/production/tr:w-90,ar-120-120,pr-true,f-auto,q-80/cms/sub_category/247.png",Tata Coffee Grand Premium Classic Medium Roast Instant Coffee,Tata,226,235,45 g,4.6 (1.8k),In Stock,https://www.zeptonow.com/pn/tata-coffee-grand-premium-classic-medium-roast-instant-coffee/pvid/e733c000-4811-48b7-8e3c-e747a5a2d6e4,"https://cdn.zeptonow.com/production/tr:w-1280,ar-1200-1200,pr-true,f-auto,q-80/cms/product_variant/4e355775-ce4a-423d-a36a-ce33be58f462.jpeg"
Homegrown Brands,Tea & Coffee,"https://cdn.zeptonow.com/production/tr:w-90,ar-120-120,pr-true,f-auto,q-80/cms/sub_category/247.png",Continental Speciale Hazelnut Flavored Instant Coffee,Continental,212,375,50 g,3.9 (78),In Stock,https://www.zeptonow.com/pn/continental-speciale-hazelnut-flavored-instant-coffee/pvid/0939b521-9603-4db5-b1c5-f6702dc9df7d,"https://cdn.zeptonow.com/production/tr:w-1280,ar-2198-3300,pr-true,f-auto,q-80/cms/product_variant/d6dbe563-2ec1-47d5-b7f6-85d94427c991.jpeg"
Homegrown Brands,Tea & Coffee,"https://cdn.zeptonow.com/production/tr:w-90,ar-120-120,pr-true,f-auto,q-80/cms/sub_category/247.png",Levista Classic Pure Instant Coffee Pouch,Levista,480,640,100 g,5 (78),In Stock,https://www.zeptonow.com/pn/levista-classic-pure-instant-coffee-pouch/pvid/11271764-26c5-4ed2-a539-7d75cbc49cdc,"https://cdn.zeptonow.com/production/tr:w-1280,ar-2400-2400,pr-true,f-auto,q-80/cms/product_variant/803c1440-a43a-4a0b-a808-bdfaa72141ce.jpg"
Homegrown Brands,Tea & Coffee,"https://cdn.zeptonow.com/production/tr:w-90,ar-120-120,pr-true,f-auto,q-80/cms/sub_category/247.png",TGL Co. Creamy Hazelnut Medium Roast Organic Instant Coffee,TGL,552,649,100 g,3.9 (92),In Stock,https://www.zeptonow.com/pn/tgl-co-creamy-hazelnut-medium-roast-organic-instant-coffee/pvid/ffb395af-75f9-4171-9f61-21d715335c1a,"https://cdn.zeptonow.com/production/tr:w-1280,ar-1080-1080,pr-true,f-auto,q-80/cms/product_variant/76ee6286-b17a-41d3-aa22-a8324467b2c7.jpeg"
Homegrown Brands,Tea & Coffee,"https://cdn.zeptonow.com/production/tr:w-90,ar-120-120,pr-true,f-auto,q-80/cms/sub_category/247.png",Brew & Bliss Irish Cream Instant Coffee,Brew,506,595,100 g,4.5 (100),In Stock,https://www.zeptonow.com/pn/brew-bliss-irish-cream-instant-coffee/pvid/ffc099ed-af53-460c-96af-f2b909a9880c,"https://cdn.zeptonow.com/production/tr:w-1280,ar-1080-1080,pr-true,f-auto,q-80/cms/product_variant/7afcd568-4ffa-4f6f-bd8a-2896815aa77a.jpeg"
Homegrown Brands,Tea & Coffee,"https://cdn.zeptonow.com/production/tr:w-90,ar-120-120,pr-true,f-auto,q-80/cms/sub_category/247.png",Levista Strong Instant Coffee,Levista,383,510,100 g,4.3 (1.4k),In Stock,https://www.zeptonow.com/pn/levista-strong-instant-coffee/pvid/44788b2e-717c-436a-8f68-833b2ca12038,"https://cdn.zeptonow.com/production/tr:w-1280,ar-2400-2400,pr-true,f-auto,q-80/cms/product_variant/d8866e8f-defd-404b-bc22-43d76ebe979b.jpg"
Homegrown Brands,Tea & Coffee,"https://cdn.zeptonow.com/production/tr:w-90,ar-120-120,pr-true,f-auto,q-80/cms/sub_category/247.png",Davidoff Expresso Classic Medium Roast Instant Coffee,Davidoff,637,749,100 g,4.9 (795),In Stock,https://www.zeptonow.com/pn/davidoff-expresso-classic-medium-roast-instant-coffee/pvid/57a29b86-86d6-4f86-8beb-761653b459d4,"https://cdn.zeptonow.com/production/tr:w-1280,ar-2400-2400,pr-true,f-auto,q-80/cms/product_variant/a97dc9c7-e535-49eb-8c33-837f74dfdbc1.jpeg"
Homegrown Brands,Tea & Coffee,"https://cdn.zeptonow.com/production/tr:w-90,ar-120-120,pr-true,f-auto,q-80/cms/sub_category/247.png",Nescafe Gold Blend Rich And Smooth Instant Coffee,Nescafe,1349,1349,200 g,4.6 (100),In Stock,https://www.zeptonow.com/pn/nescafe-gold-blend-rich-and-smooth-instant-coffee/pvid/e9086a76-6720-4873-8386-31fc3a889142,"https://cdn.zeptonow.com/production/tr:w-1280,ar-2000-2000,pr-true,f-auto,q-80/cms/product_variant/fda176de-0580-4e5d-8841-b08e1381e8d8.jpeg"
Homegrown Brands,Tea & Coffee,"https://cdn.zeptonow.com/production/tr:w-90,ar-120-120,pr-true,f-auto,q-80/cms/sub_category/247.png",Davidoff Origins Brazil Flavour Instant Coffee,Davidoff,765,899,100 g,4.7 (107),In Stock,https://www.zeptonow.com/pn/davidoff-origins-brazil-flavour-instant-coffee/pvid/c84b3912-f144-4d88-9852-a852498ee2a8,"https://cdn.zeptonow.com/production/tr:w-1280,ar-1200-1200,pr-true,f-auto,q-80/cms/product_variant/1c04331f-8f21-4877-8d9f-81d49b390a10.jpg"
Homegrown Brands,Tea & Coffee,"https://cdn.zeptonow.com/production/tr:w-90,ar-120-120,pr-true,f-auto,q-80/cms/sub_category/247.png",Narasus Strong Classic Instant Coffee,Narasus,135,135,50 g,4.9 (584),In Stock,https://www.zeptonow.com/pn/narasus-strong-classic-instant-coffee/pvid/01f9d38b-61c7-42f4-b172-22222f884158,"https://cdn.zeptonow.com/production/tr:w-1280,ar-2400-2400,pr-true,f-auto,q-80/cms/product_variant/ff984f2f-aced-4843-9e8b-615fa578fb8e.jpg"
Homegrown Brands,Tea & Coffee,"https://cdn.zeptonow.com/production/tr:w-90,ar-120-120,pr-true,f-auto,q-80/cms/sub_category/247.png",Levista Premium Instant Coffee,Levista,191,280,50 g,4.8 (1.2k),In Stock,https://www.zeptonow.com/pn/levista-premium-instant-coffee/pvid/e413b65c-eee9-46fb-bd03-1ab435c380e5,"https://cdn.zeptonow.com/production/tr:w-1280,ar-1500-1500,pr-true,f-auto,q-80/cms/product_variant/c216280e-5c13-493e-a35f-a6844a9eb431.jpeg"
Homegrown Brands,Tea & Coffee,"https://cdn.zeptonow.com/production/tr:w-90,ar-120-120,pr-true,f-auto,q-80/cms/sub_category/247.png",Nescafe Sunrise Instant Coffee,Nescafe,130,160,45 g,4.7 (658),In Stock,https://www.zeptonow.com/pn/nescafe-sunrise-instant-coffee/pvid/a3659ff9-e509-4328-89b1-226f86e02e99,"https://cdn.zeptonow.com/production/tr:w-1280,ar-1000-1000,pr-true,f-auto,q-80/cms/product_variant/36740297-aa2b-42e1-a147-a7211f46027f.jpeg"
Homegrown Brands,Tea & Coffee,"https://cdn.zeptonow.com/production/tr:w-90,ar-120-120,pr-true,f-auto,q-80/cms/sub_category/247.png",Nescafe Gold Blend Rich and Smooth Arabica and Robusta Instant Coffee,Nescafe,670,750,100 g,4.7 (1.6k),In Stock,https://www.zeptonow.com/pn/nescafe-gold-blend-rich-and-smooth-arabica-and-robusta-instant-coffee/pvid/bee9353f-3ec3-4fdf-a077-e1b31b10dca4,"https://cdn.zeptonow.com/production/tr:w-1280,ar-2000-2000,pr-true,f-auto,q-80/cms/product_variant/998928b5-a6f5-4d37-9e32-71c981261bc2.jpeg"
Homegrown Brands,Tea & Coffee,"https://cdn.zeptonow.com/production/tr:w-90,ar-120-120,pr-true,f-auto,q-80/cms/sub_category/247.png",Nescafe Sunrise Instant Coffee,Nescafe,319,320,90 g,4.5 (345),In Stock,https://www.zeptonow.com/pn/nescafe-sunrise-instant-coffee/pvid/fbd4aae3-6e3a-4a19-89ec-57053f37be65,"https://cdn.zeptonow.com/production/tr:w-1280,ar-1000-1000,pr-true,f-auto,q-80/cms/product_variant/0c9e4555-0fc3-4683-943b-a1a28be8bc5a.jpeg"
Homegrown Brands,Tea & Coffee,"https://cdn.zeptonow.com/production/tr:w-90,ar-120-120,pr-true,f-auto,q-80/cms/sub_category/247.png",Davidoff Rich Aroma Arabica and Robusta Light Instant Coffee,Davidoff,600,749,100 g,4.8 (951),In Stock,https://www.zeptonow.com/pn/davidoff-rich-aroma-arabica-and-robusta-light-instant-coffee/pvid/524a61f9-0d1f-44a6-bf05-68001ed2aa63,"https://cdn.zeptonow.com/production/tr:w-1280,ar-2400-2400,pr-true,f-auto,q-80/cms/product_variant/d98464e9-7f79-4e35-b619-919796e1f52a.jpeg"
Homegrown Brands,Tea & Coffee,"https://cdn.zeptonow.com/production/tr:w-90,ar-120-120,pr-true,f-auto,q-80/cms/sub_category/247.png",Davidoff Decaf Elegant Medium Roast Instant Coffee,Davidoff,765,899,100 g,4.9 (90),In Stock,https://www.zeptonow.com/pn/davidoff-decaf-elegant-medium-roast-instant-coffee/pvid/3f6cec82-cab9-4221-b2aa-19eb288408c8,"https://cdn.zeptonow.com/production/tr:w-1280,ar-1200-1200,pr-true,f-auto,q-80/cms/product_variant/b06e8407-0343-4e47-a029-1747abd07a41.jpg"
Homegrown Brands,Tea & Coffee,"https://cdn.zeptonow.com/production/tr:w-90,ar-120-120,pr-true,f-auto,q-80/cms/sub_category/247.png",Davidoff Crema Intense Arabica and Robusta Medium Roast Instant Coffee,Davidoff,637,749,90 g,4.1 (406),In Stock,https://www.zeptonow.com/pn/davidoff-crema-intense-arabica-and-robusta-medium-roast-instant-coffee/pvid/0110f361-3a3f-4121-ab58-c24993238b31,"https://cdn.zeptonow.com/production/tr:w-1280,ar-1200-1200,pr-true,f-auto,q-80/cms/product_variant/d76c3f8b-ad93-48bd-8d1f-740e6feb3691.jpeg"
Homegrown Brands,Tea & Coffee,"https://cdn.zeptonow.com/production/tr:w-90,ar-120-120,pr-true,f-auto,q-80/cms/sub_category/247.png",Nescafe Sunrise Instant Coffee,Nescafe,180,180,45 g,4.7 (704),In Stock,https://www.zeptonow.com/pn/nescafe-sunrise-instant-coffee/pvid/23433b9c-2997-4c46-abbb-b296440841b8,"https://cdn.zeptonow.com/production/tr:w-1280,ar-870-867,pr-true,f-auto,q-80/cms/product_variant/c9f2a77a-4586-4881-8fc3-8259fbf3cd5b.jpg"
Homegrown Brands,Tea & Coffee,"https://cdn.zeptonow.com/production/tr:w-90,ar-120-120,pr-true,f-auto,q-80/cms/sub_category/247.png",Davidoff Fine Aroma Arabica and Robusta Light Instant Coffee,Davidoff,637,749,100 g,4.8 (847),In Stock,https://www.zeptonow.com/pn/davidoff-fine-aroma-arabica-and-robusta-light-instant-coffee/pvid/9000abf2-d4c1-472c-ab63-849661941636,"https://cdn.zeptonow.com/production/tr:w-1280,ar-2400-2400,pr-true,f-auto,q-80/cms/product_variant/f8da00eb-40a6-4244-8b96-cb3f0b7cb809.jpeg"
Homegrown Brands,Tea & Coffee,"https://cdn.zeptonow.com/production/tr:w-90,ar-120-120,pr-true,f-auto,q-80/cms/sub_category/247.png",VS Mani Signature Instant Coffee | South Indian Blend | 70:30 Blend,VS,171,190,100 g,4.5 (206),In Stock,https://www.zeptonow.com/pn/vs-mani-signature-instant-coffee-south-indian-blend-7030-blend/pvid/ce27931c-5481-4857-8fc4-932f3353e349,"https://cdn.zeptonow.com/production/tr:w-1280,ar-1200-1200,pr-true,f-auto,q-80/cms/product_variant/a89a56e3-758c-4545-82a2-aabf9d19c3c5.jpg"
Homegrown Brands,Tea & Coffee,"https://cdn.zeptonow.com/production/tr:w-90,ar-120-120,pr-true,f-auto,q-80/cms/sub_category/247.png",Rage Coffee Silk Blend Vanilla Velvet Instant Coffee,Rage,225,249,60 g,4.5 (393),In Stock,https://www.zeptonow.com/pn/rage-coffee-silk-blend-vanilla-velvet-instant-coffee/pvid/60810517-1f80-41c7-a596-1a18ec611bc1,"https://cdn.zeptonow.com/production/tr:w-1280,ar-2000-2000,pr-true,f-auto,q-80/cms/product_variant/57259a8c-7c95-4c96-b50a-57ab50583b03.jpeg"
Homegrown Brands,Tea & Coffee,"https://cdn.zeptonow.com/production/tr:w-90,ar-120-120,pr-true,f-auto,q-80/cms/sub_category/247.png",Rage Coffee Silk Blend Creamy Hazelnut Instant Coffee,Rage,225,249,60 g,3.9 (599),In Stock,https://www.zeptonow.com/pn/rage-coffee-silk-blend-creamy-hazelnut-instant-coffee/pvid/5b76c369-70d8-4ffb-b0e6-f6fbe3050b8b,"https://cdn.zeptonow.com/production/tr:w-1280,ar-1000-1000,pr-true,f-auto,q-80/cms/product_variant/591424d2-4a39-4fb7-90a6-c5f93410b5ff.jpeg"
Homegrown Brands,Tea & Coffee,"https://cdn.zeptonow.com/production/tr:w-90,ar-120-120,pr-true,f-auto,q-80/cms/sub_category/247.png",Nescafe Sunrise Instant Coffee,Nescafe,566,680,190 g,4.4 (211),In Stock,https://www.zeptonow.com/pn/nescafe-sunrise-instant-coffee/pvid/e533893f-f0a3-4dee-911b-618c59767d24,"https://cdn.zeptonow.com/production/tr:w-1280,ar-1000-1000,pr-true,f-auto,q-80/cms/product_variant/d7490409-aa77-4bba-b6b5-0f0228fb5f6b.jpeg"
Homegrown Brands,Tea & Coffee,"https://cdn.zeptonow.com/production/tr:w-90,ar-120-120,pr-true,f-auto,q-80/cms/sub_category/247.png",Nescafe Roastery Dark Roast Instant Coffee,Nescafe,725,1000,95 g,4 (92),In Stock,https://www.zeptonow.com/pn/nescafe-roastery-dark-roast-instant-coffee/pvid/28275ff1-538c-4c73-a4d2-d8466a151230,"https://cdn.zeptonow.com/production/tr:w-1280,ar-2000-2000,pr-true,f-auto,q-80/cms/product_variant/23513a17-90ce-4c89-a13d-bd93b09f9b9e.jpeg"
Homegrown Brands,Tea & Coffee,"https://cdn.zeptonow.com/production/tr:w-90,ar-120-120,pr-true,f-auto,q-80/cms/sub_category/247.png",Colombian Brew Original Classic Instant Coffee,Colombian,99,99,1 pack (40 pcs),4.5 (5.6k),In Stock,https://www.zeptonow.com/pn/colombian-brew-original-classic-instant-coffee/pvid/2af9867b-1ce2-466c-ae1a-00313981b05b,"https://cdn.zeptonow.com/production/tr:w-1280,ar-1469-1568,pr-true,f-auto,q-80/cms/product_variant/ee563a6a-f96d-4d73-8c10-1a57696be42c.jpeg"
Homegrown Brands,Tea & Coffee,"https://cdn.zeptonow.com/production/tr:w-90,ar-120-120,pr-true,f-auto,q-80/cms/sub_category/247.png",Nescafe Gold Blend Rich and Smooth Arabica and Robusta Instant Coffee,Nescafe,448,449,50 g,4.7 (1.6k),In Stock,https://www.zeptonow.com/pn/nescafe-gold-blend-rich-and-smooth-arabica-and-robusta-instant-coffee/pvid/729a8a16-08c0-464c-bfb5-a1dee737641b,"https://cdn.zeptonow.com/production/tr:w-1280,ar-1000-1000,pr-true,f-auto,q-80/cms/product_variant/1f54fb59-8787-4941-acc0-bd51e2e5c6f3.jpeg"
Homegrown Brands,Tea & Coffee,"https://cdn.zeptonow.com/production/tr:w-90,ar-120-120,pr-true,f-auto,q-80/cms/sub_category/247.png",iD Fresh Medium Roast Instant Coffee Powder,iD,560,560,200 g,4.9 (107),In Stock,https://www.zeptonow.com/pn/id-fresh-medium-roast-instant-coffee-powder/pvid/01a28cd2-1390-4daa-ac62-89e2cd6e6f38,"https://cdn.zeptonow.com/production/tr:w-1280,ar-2400-2400,pr-true,f-auto,q-80/cms/product_variant/6f4676ef-642f-4e2b-a1a3-b5193d05b96c.jpeg"
Homegrown Brands,Tea & Coffee,"https://cdn.zeptonow.com/production/tr:w-90,ar-120-120,pr-true,f-auto,q-80/cms/sub_category/247.png",Rage Coffee Silk Blend Classic Instant Coffee,Rage,225,249,60 g,4.8 (404),In Stock,https://www.zeptonow.com/pn/rage-coffee-silk-blend-classic-instant-coffee/pvid/a9d146fa-eab5-44ff-8704-99e92e5dd046,"https://cdn.zeptonow.com/production/tr:w-1280,ar-1000-1000,pr-true,f-auto,q-80/cms/product_variant/7ec1633d-369b-4d35-8bcb-7655cf125c6c.jpeg"
Homegrown Brands,Tea & Coffee,"https://cdn.zeptonow.com/production/tr:w-90,ar-120-120,pr-true,f-auto,q-80/cms/sub_category/247.png",Country Bean Vanilla Blend Instant Coffee,Country,293,325,50 g,4.3 (717),In Stock,https://www.zeptonow.com/pn/country-bean-vanilla-blend-instant-coffee/pvid/32e09ba4-b1a2-49e4-a6da-57944db000a3,"https://cdn.zeptonow.com/production/tr:w-1280,ar-1080-1080,pr-true,f-auto,q-80/cms/product_variant/9c0956ed-067b-49c0-8cd1-4296a0877c90.jpg"
Homegrown Brands,Tea & Coffee,"https://cdn.zeptonow.com/production/tr:w-90,ar-120-120,pr-true,f-auto,q-80/cms/sub_category/247.png",iD Fresh Instant Coffee,iD,145,145,50 g,4.8 (1.7k),In Stock,https://www.zeptonow.com/pn/id-fresh-instant-coffee/pvid/6e7b97f3-c3e4-4c5b-894b-69ef81e2c612,"https://cdn.zeptonow.com/production/tr:w-1280,ar-2400-2400,pr-true,f-auto,q-80/cms/product_variant/a6c061fc-d56c-4376-a9eb-2e7d81f7a926.jpg"
Homegrown Brands,Tea & Coffee,"https://cdn.zeptonow.com/production/tr:w-90,ar-120-120,pr-true,f-auto,q-80/cms/sub_category/247.png",Country Bean Strawberry Cheesecake Coffee,Country,293,325,50 g,4.5 (149),In Stock,https://www.zeptonow.com/pn/country-bean-strawberry-cheesecake-coffee/pvid/f1f77545-7309-48b7-a4ce-8a7ac7d09391,"https://cdn.zeptonow.com/production/tr:w-1280,ar-1000-1000,pr-true,f-auto,q-80/cms/product_variant/6b6b5f63-12ed-4d02-bc83-a7e43da67340.jpeg"
Homegrown Brands,Tea & Coffee,"https://cdn.zeptonow.com/production/tr:w-90,ar-120-120,pr-true,f-auto,q-80/cms/sub_category/247.png",Rage Coffee Silk Blend Assorted Medium Roast Instant Coffee,Rage,180,199,45 g,4.6 (604),In Stock,https://www.zeptonow.com/pn/rage-coffee-silk-blend-assorted-medium-roast-instant-coffee/pvid/689cc871-343b-49ee-852d-3cdc3e5e6297,"https://cdn.zeptonow.com/production/tr:w-1280,ar-1000-1000,pr-true,f-auto,q-80/cms/product_variant/09a57ac4-7f9a-40c8-9cf8-aea3c6afe1c1.jpg"
Homegrown Brands,Tea & Coffee,"https://cdn.zeptonow.com/production/tr:w-90,ar-120-120,pr-true,f-auto,q-80/cms/sub_category/247.png",Nescafe Roastery Medium Roast Instant Coffee,Nescafe,737,1000,95 g,4.7 (93),In Stock,https://www.zeptonow.com/pn/nescafe-roastery-medium-roast-instant-coffee/pvid/a2ab95e9-1b4f-4e4c-95ce-a79ec86d01f3,"https://cdn.zeptonow.com/production/tr:w-1280,ar-1000-1000,pr-true,f-auto,q-80/cms/product_variant/b70306de-6edf-45c7-9f27-d5dc821fea70.jpeg"
Homegrown Brands,Tea & Coffee,"https://cdn.zeptonow.com/production/tr:w-90,ar-120-120,pr-true,f-auto,q-80/cms/sub_category/247.png",Colombian Brew French Vanilla Instant Coffee,Colombian,196,225,40 g,4.9 (447),In Stock,https://www.zeptonow.com/pn/colombian-brew-french-vanilla-instant-coffee/pvid/f9fd3486-d007-4b8d-8820-a1faa21c2b7e,"https://cdn.zeptonow.com/production/tr:w-1280,ar-3000-3000,pr-true,f-auto,q-80/cms/product_variant/a857a3e7-8d26-4907-9508-5dad55efc5af.jpeg"
Homegrown Brands,Tea & Coffee,"https://cdn.zeptonow.com/production/tr:w-90,ar-120-120,pr-true,f-auto,q-80/cms/sub_category/247.png",Country Bean Caramel Bold Instant Coffee,Country,293,325,50 g,5 (319),In Stock,https://www.zeptonow.com/pn/country-bean-caramel-bold-instant-coffee/pvid/680ae23c-4bed-4ffe-ba68-5a9c3125323d,"https://cdn.zeptonow.com/production/tr:w-1280,ar-1000-1000,pr-true,f-auto,q-80/cms/product_variant/50047582-e01a-478c-9583-124e816ee2c3.jpeg"
Homegrown Brands,Tea & Coffee,"https://cdn.zeptonow.com/production/tr:w-90,ar-120-120,pr-true,f-auto,q-80/cms/sub_category/247.png",Country Bean Original Bold Instant Coffee,Country,293,325,50 g,5 (118),In Stock,https://www.zeptonow.com/pn/country-bean-original-bold-instant-coffee/pvid/6a6960b6-63c8-4aa9-983c-df791611673f,"https://cdn.zeptonow.com/production/tr:w-1280,ar-1000-1000,pr-true,f-auto,q-80/cms/product_variant/7b76c5d9-d7f2-4b02-8871-fa8834e786c7.jpeg"
Homegrown Brands,Tea & Coffee,"https://cdn.zeptonow.com/production/tr:w-90,ar-120-120,pr-true,f-auto,q-80/cms/sub_category/247.png",Country Bean Original Blend Instant Coffee,Country,293,325,50 g,4.3 (362),In Stock,https://www.zeptonow.com/pn/country-bean-original-blend-instant-coffee/pvid/8a8ea078-407e-4402-8ada-3ed45d3d1dab,"https://cdn.zeptonow.com/production/tr:w-1280,ar-1080-1080,pr-true,f-auto,q-80/cms/product_variant/ac0a6337-b1eb-46f3-abbb-23c2e6bfcfc9.jpg"
Homegrown Brands,Tea & Coffee,"https://cdn.zeptonow.com/production/tr:w-90,ar-120-120,pr-true,f-auto,q-80/cms/sub_category/247.png",Nescafe Sunrise Instant Coffee,Nescafe,339,340,90 g,4.8 (170),In Stock,https://www.zeptonow.com/pn/nescafe-sunrise-instant-coffee/pvid/5c73af97-50f8-4c0d-85eb-7e278d8ee785,"https://cdn.zeptonow.com/production/tr:w-1280,ar-1000-1000,pr-true,f-auto,q-80/cms/product_variant/476ff544-a937-4ddd-a287-0be038197605.jpeg"
Homegrown Brands,Tea & Coffee,"https://cdn.zeptonow.com/production/tr:w-90,ar-120-120,pr-true,f-auto,q-80/cms/sub_category/247.png",Nescafe Classic - Instant Coffee Powder - 100% Pure Coffee,Nescafe,245,245,45 g,4.7 (9.5k),In Stock,https://www.zeptonow.com/pn/nescafe-classic-instant-coffee-powder-100-pure-coffee/pvid/817dd990-1675-4e6b-88f9-fdc865cb2801,"https://cdn.zeptonow.com/production/tr:w-1280,ar-1000-1000,pr-true,f-auto,q-80/cms/product_variant/dd60e80a-293d-4a10-bdaf-766eff3a017c.jpeg"
Homegrown Brands,Tea & Coffee,"https://cdn.zeptonow.com/production/tr:w-90,ar-120-120,pr-true,f-auto,q-80/cms/sub_category/247.png",Rage Coffee Assorted Blend Sachets - Pack Of 20,Rage,94,104,30 g,3.9 (135),In Stock,https://www.zeptonow.com/pn/rage-coffee-assorted-blend-sachets-pack-of-20/pvid/77ff073f-6b7e-45d3-acee-adbbff017b49,"https://cdn.zeptonow.com/production/tr:w-1280,ar-2000-2000,pr-true,f-auto,q-80/cms/product_variant/19870f8d-5f1a-4f29-bf25-aa8a712bc7e0.jpg"
Homegrown Brands,Tea & Coffee,"https://cdn.zeptonow.com/production/tr:w-90,ar-120-120,pr-true,f-auto,q-80/cms/sub_category/247.png",Country Bean Caramel Blend Instant Coffee,Country,293,325,50 g,4.7 (863),In Stock,https://www.zeptonow.com/pn/country-bean-caramel-blend-instant-coffee/pvid/dcaca69a-9a9b-4612-8821-e1fe7472e90c,"https://cdn.zeptonow.com/production/tr:w-1280,ar-1080-1080,pr-true,f-auto,q-80/cms/product_variant/da793764-694c-420b-9d22-829871e4520b.jpg"
Homegrown Brands,Tea & Coffee,"https://cdn.zeptonow.com/production/tr:w-90,ar-120-120,pr-true,f-auto,q-80/cms/sub_category/247.png",Country Bean Strawberry Blend Instant Coffee,Country,293,325,50 g,4.3 (277),In Stock,https://www.zeptonow.com/pn/country-bean-strawberry-blend-instant-coffee/pvid/dc1a2a0c-30cd-48d4-bb4e-75bb736ca720,"https://cdn.zeptonow.com/production/tr:w-1280,ar-1080-1080,pr-true,f-auto,q-80/cms/product_variant/dee912e4-2abd-421c-b6d6-6a353b40341a.jpg"
Homegrown Brands,Tea & Coffee,"https://cdn.zeptonow.com/production/tr:w-90,ar-120-120,pr-true,f-auto,q-80/cms/sub_category/247.png",Colombian Brew Pure Classic Instant Coffee,Colombian,158,225,45 g,4.5 (457),In Stock,https://www.zeptonow.com/pn/colombian-brew-pure-classic-instant-coffee/pvid/0b895f6a-2227-4206-82cb-78491f7ac6f5,"https://cdn.zeptonow.com/production/tr:w-1280,ar-2442-2293,pr-true,f-auto,q-80/cms/product_variant/14e36e55-8e9e-4607-bfc3-d4bf6aaef54f.jpeg"
Homegrown Brands,Tea & Coffee,"https://cdn.zeptonow.com/production/tr:w-90,ar-120-120,pr-true,f-auto,q-80/cms/sub_category/247.png",Nescafe Classic Black Roast Instant Coffee | Rich & Strong,Nescafe,533,585,90 g,4.7 (558),In Stock,https://www.zeptonow.com/pn/nescafe-classic-black-roast-instant-coffee-rich-strong/pvid/80a4b8a8-8675-4c0d-8e51-814aeac069b8,"https://cdn.zeptonow.com/production/tr:w-1280,ar-1000-1000,pr-true,f-auto,q-80/cms/product_variant/2ee9ce9f-e398-4d94-b957-8048bba2169e.jpeg"
Homegrown Brands,Tea & Coffee,"https://cdn.zeptonow.com/production/tr:w-90,ar-120-120,pr-true,f-auto,q-80/cms/sub_category/247.png",Nescafe Classic - Instant Coffee Powder - 100% Pure Coffee,Nescafe,235,235,45 g,4.6 (4.2k),In Stock,https://www.zeptonow.com/pn/nescafe-classic-instant-coffee-powder-100-pure-coffee/pvid/3e4bbfa2-22e5-44f0-98e9-3a8606683a3e,"https://cdn.zeptonow.com/production/tr:w-1280,ar-2000-2000,pr-true,f-auto,q-80/cms/product_variant/55c9e340-92d9-40b2-8d08-b0b9d85ce21e.jpeg"
Homegrown Brands,Tea & Coffee,"https://cdn.zeptonow.com/production/tr:w-90,ar-120-120,pr-true,f-auto,q-80/cms/sub_category/247.png",Tata Coffee Gold Hazelnut Instant Coffee,Tata,391,440,50 g,4.2 (391),In Stock,https://www.zeptonow.com/pn/tata-coffee-gold-hazelnut-instant-coffee/pvid/62fd02d7-bb34-4802-b617-b5dacca0fa92,"https://cdn.zeptonow.com/production/tr:w-1280,ar-1200-1200,pr-true,f-auto,q-80/cms/product_variant/4a98bb78-1bf5-4967-9cae-60fc5fe82512.jpeg"
Homegrown Brands,Tea & Coffee,"https://cdn.zeptonow.com/production/tr:w-90,ar-120-120,pr-true,f-auto,q-80/cms/sub_category/247.png",Nescafe Classic - Instant Coffee Powder - 100% Pure Coffee,Nescafe,130,130,24 g,4.7 (6.9k),In Stock,https://www.zeptonow.com/pn/nescafe-classic-instant-coffee-powder-100-pure-coffee/pvid/8c7eb119-6eec-49d1-a70f-d758647d8b1b,"https://cdn.zeptonow.com/production/tr:w-1280,ar-2000-2000,pr-true,f-auto,q-80/cms/product_variant/3d68acd5-e060-4d0c-8c2f-19b0ee0ca99e.jpeg"
Homegrown Brands,Tea & Coffee,"https://cdn.zeptonow.com/production/tr:w-90,ar-120-120,pr-true,f-auto,q-80/cms/sub_category/247.png",Nescafe Classic - Instant Coffee Powder - 100% Pure Coffee,Nescafe,435,470,90 g,4.7 (7.1k),In Stock,https://www.zeptonow.com/pn/nescafe-classic-instant-coffee-powder-100-pure-coffee/pvid/71a7eed6-36e9-4a7f-9f49-19ea6540a146,"https://cdn.zeptonow.com/production/tr:w-1280,ar-2400-2400,pr-true,f-auto,q-80/cms/product_variant/ae921659-a785-4a99-bcab-1fd470a78b30.jpeg"
Homegrown Brands,Tea & Coffee,"https://cdn.zeptonow.com/production/tr:w-90,ar-120-120,pr-true,f-auto,q-80/cms/sub_category/247.png",Bevzilla Premium Classic Strong Coffee powder,Bevzilla,194,225,1 pack (2 pcs),4.5 (657),In Stock,https://www.zeptonow.com/pn/bevzilla-premium-classic-strong-coffee-powder/pvid/95919f01-f223-4832-bef3-8b5fc2855329,"https://cdn.zeptonow.com/production/tr:w-1280,ar-1000-1000,pr-true,f-auto,q-80/cms/product_variant/c0c7e4d1-5496-4507-9532-c7fb585cf9b8.jpeg"
Homegrown Brands,Tea & Coffee,"https://cdn.zeptonow.com/production/tr:w-90,ar-120-120,pr-true,f-auto,q-80/cms/sub_category/247.png",Bevzilla Dark Wish Black Roast Instant Coffee Powder,Bevzilla,212,235,1 pack (45 pcs),4.5 (834),In Stock,https://www.zeptonow.com/pn/bevzilla-dark-wish-black-roast-instant-coffee-powder/pvid/08170253-feaf-4884-86f5-7991fb4918eb,"https://cdn.zeptonow.com/production/tr:w-1280,ar-1372-1378,pr-true,f-auto,q-80/cms/product_variant/9c91b145-bd3e-4529-ab96-3c2cd556507c.jpeg"
Homegrown Brands,Tea & Coffee,"https://cdn.zeptonow.com/production/tr:w-90,ar-120-120,pr-true,f-auto,q-80/cms/sub_category/247.png",Bevzilla Cafe Coffee kit with Frother,Bevzilla,246,270,1 pack (28 pcs),4.1 (524),In Stock,https://www.zeptonow.com/pn/bevzilla-cafe-coffee-kit-with-frother/pvid/babca58a-525e-411e-b0df-e9aba3ef7043,"https://cdn.zeptonow.com/production/tr:w-1280,ar-1000-1000,pr-true,f-auto,q-80/cms/product_variant/7cae2d3b-9c08-49be-a61d-b017ec196d38.jpeg"
Homegrown Brands,Tea & Coffee,"https://cdn.zeptonow.com/production/tr:w-90,ar-120-120,pr-true,f-auto,q-80/cms/sub_category/247.png",Colombian Brew Double Chocolate Mocha Dark Roast Instant Coffee,Colombian,198,225,50 g,4.3 (559),In Stock,https://www.zeptonow.com/pn/colombian-brew-double-chocolate-mocha-dark-roast-instant-coffee/pvid/03add71c-9a67-4ff9-be33-8168e87ff64b,"https://cdn.zeptonow.com/production/tr:w-1280,ar-2400-2400,pr-true,f-auto,q-80/cms/product_variant/9b515c6c-a9ad-4e45-989b-ae775ce2dfba.jpg"
Homegrown Brands,Tea & Coffee,"https://cdn.zeptonow.com/production/tr:w-90,ar-120-120,pr-true,f-auto,q-80/cms/sub_category/247.png",Nescafe Classic Instant Coffee,Nescafe,144,144,64.8 g,4.8 (249),In Stock,https://www.zeptonow.com/pn/nescafe-classic-instant-coffee/pvid/2d7f478c-d842-413c-96af-c037c505fc24,"https://cdn.zeptonow.com/production/tr:w-1280,ar-2000-2000,pr-true,f-auto,q-80/cms/product_variant/01016fba-9f03-4a5d-9e1a-f882056ca678.jpeg"
Homegrown Brands,Tea & Coffee,"https://cdn.zeptonow.com/production/tr:w-90,ar-120-120,pr-true,f-auto,q-80/cms/sub_category/247.png",Bevzilla Assorted Instant Coffee Powder,Bevzilla,99,120,1 pack (24 pcs),4.5 (13.2k),In Stock,https://www.zeptonow.com/pn/bevzilla-assorted-instant-coffee-powder/pvid/6cde0893-58d9-4adc-9348-f0fa299541d7,"https://cdn.zeptonow.com/production/tr:w-1280,ar-1500-1500,pr-true,f-auto,q-80/cms/product_variant/3ab0eff0-799a-4d08-b5f0-e4aa8bc566ec.jpeg"
Homegrown Brands,Tea & Coffee,"https://cdn.zeptonow.com/production/tr:w-90,ar-120-120,pr-true,f-auto,q-80/cms/sub_category/247.png",Nescafe Classic - Instant Coffee Powder - 100% Pure Coffee,Nescafe,866,950,180 g,4.2 (295),In Stock,https://www.zeptonow.com/pn/nescafe-classic-instant-coffee-powder-100-pure-coffee/pvid/777028b6-f2f0-4ce2-aec2-23a0b99cfb41,"https://cdn.zeptonow.com/production/tr:w-1280,ar-2000-2000,pr-true,f-auto,q-80/cms/product_variant/4f18c087-a70f-4cb7-8eda-b43533ba8ce2.jpeg"
Homegrown Brands,Tea & Coffee,"https://cdn.zeptonow.com/production/tr:w-90,ar-120-120,pr-true,f-auto,q-80/cms/sub_category/247.png",Colombian Brew Mini Assorted Instant Coffee,Colombian,90,99,20 g,4.6 (809),In Stock,https://www.zeptonow.com/pn/colombian-brew-mini-assorted-instant-coffee/pvid/07f9dad1-e24e-4f44-8ed6-cfe2f27c2684,"https://cdn.zeptonow.com/production/tr:w-1280,ar-2757-3009,pr-true,f-auto,q-80/cms/product_variant/4db7fdfc-17cd-49bc-8f4d-8ebac5c94123.png"
Homegrown Brands,Tea & Coffee,"https://cdn.zeptonow.com/production/tr:w-90,ar-120-120,pr-true,f-auto,q-80/cms/sub_category/247.png",Bevzilla 10 Instant Coffee Cubes| 5 Assorted Flavours,Bevzilla,205,249,1 pack (10 pcs),4.5 (185),In Stock,https://www.zeptonow.com/pn/bevzilla-10-instant-coffee-cubes-5-assorted-flavours/pvid/02543f53-3b4c-4c00-805e-5749c81dfea5,"https://cdn.zeptonow.com/production/tr:w-1280,ar-1000-1000,pr-true,f-auto,q-80/cms/product_variant/395e0b7b-375d-4c5a-86f2-22d6e6b4a236.jpeg"
Homegrown Brands,Tea & Coffee,"https://cdn.zeptonow.com/production/tr:w-90,ar-120-120,pr-true,f-auto,q-80/cms/sub_category/247.png",Bevzilla Hazelnut Instant Cofffee Powder,Bevzilla,196,220,1 pack (45 pcs),4.6 (499),In Stock,https://www.zeptonow.com/pn/bevzilla-hazelnut-instant-cofffee-powder/pvid/aba776d2-5b71-4e04-9c10-8a9981af30c0,"https://cdn.zeptonow.com/production/tr:w-1280,ar-1500-1500,pr-true,f-auto,q-80/cms/product_variant/8cd320fc-846a-47a4-9ec6-bb8a7e03df5b.jpeg"
Homegrown Brands,Tea & Coffee,"https://cdn.zeptonow.com/production/tr:w-90,ar-120-120,pr-true,f-auto,q-80/cms/sub_category/247.png",Bevzilla Vanilla Instant Cofffee Powder,Bevzilla,196,220,1 pack (45 pcs),4.8 (88),In Stock,https://www.zeptonow.com/pn/bevzilla-vanilla-instant-cofffee-powder/pvid/ca2b652b-78a5-47ed-b049-29da21caf4b2,"https://cdn.zeptonow.com/production/tr:w-1280,ar-2000-2000,pr-true,f-auto,q-80/cms/product_variant/7c3fed17-bc4e-4440-9fdc-9405cadba5dd.jpeg"
Homegrown Brands,Tea & Coffee,"https://cdn.zeptonow.com/production/tr:w-90,ar-120-120,pr-true,f-auto,q-80/cms/sub_category/247.png",Tata Coffee Gold 100% Pure Classic Instant Coffee,Tata,381,425,50 g,4.5 (1.3k),In Stock,https://www.zeptonow.com/pn/tata-coffee-gold-100-pure-classic-instant-coffee/pvid/832ea1e3-13ff-4b33-b148-d0aed93c3a21,"https://cdn.zeptonow.com/production/tr:w-1280,ar-1200-1200,pr-true,f-auto,q-80/cms/product_variant/e6f4b893-3e86-482c-b338-593f80bde54c.jpeg"
Homegrown Brands,Tea & Coffee,"https://cdn.zeptonow.com/production/tr:w-90,ar-120-120,pr-true,f-auto,q-80/cms/sub_category/247.png","Nescafe Classic Instant Coffee, Stabilo Pouch",Nescafe,850,920,200 g,4.5 (145),In Stock,https://www.zeptonow.com/pn/nescafe-classic-instant-coffee-stabilo-pouch/pvid/8427ff82-d12c-407e-8343-bfabd964a2f4,"https://cdn.zeptonow.com/production/tr:w-1280,ar-2000-2000,pr-true,f-auto,q-80/cms/product_variant/051ca2d2-94c1-4bf8-9a1b-f9d1cb4af730.jpeg"
Homegrown Brands,Tea & Coffee,"https://cdn.zeptonow.com/production/tr:w-90,ar-120-120,pr-true,f-auto,q-80/cms/sub_category/247.png",Tata Coffee Gold Vanilla Flavoured Instant Coffee,Tata,360,375,50 g,4.3 (177),In Stock,https://www.zeptonow.com/pn/tata-coffee-gold-vanilla-flavoured-instant-coffee/pvid/445ab459-5b29-4e94-9d25-ddc1f6d1b2e7,"https://cdn.zeptonow.com/production/tr:w-1280,ar-1200-1200,pr-true,f-auto,q-80/cms/product_variant/13a50d7a-276d-4fe2-9cb3-52b1c81d5de2.jpeg"
Homegrown Brands,Tea & Coffee,"https://cdn.zeptonow.com/production/tr:w-90,ar-120-120,pr-true,f-auto,q-80/cms/sub_category/247.png",Tata Coffee Gold 100% Pure Instant Coffee,Tata,598,675,90 g,4.3 (67),In Stock,https://www.zeptonow.com/pn/tata-coffee-gold-100-pure-instant-coffee/pvid/5ff1be41-0298-4961-aba5-5a985e202364,"https://cdn.zeptonow.com/production/tr:w-1280,ar-1000-1000,pr-true,f-auto,q-80/cms/product_variant/a079bfd9-31aa-47ce-b649-79b9f4078018.jpg"
Homegrown Brands,Tea & Coffee,"https://cdn.zeptonow.com/production/tr:w-90,ar-120-120,pr-true,f-auto,q-80/cms/sub_category/247.png",Bevzilla Hazelnut Instant Coffee Powder | Jar,Bevzilla,198,225,70 g,4.7 (565),In Stock,https://www.zeptonow.com/pn/bevzilla-hazelnut-instant-coffee-powder-jar/pvid/9922177c-2edc-49e2-bf5d-94ae144a3b9e,"https://cdn.zeptonow.com/production/tr:w-1280,ar-1500-1500,pr-true,f-auto,q-80/cms/product_variant/9f4103f6-92d3-4488-b7a7-ecfd935489fe.jpeg"
Homegrown Brands,Tea & Coffee,"https://cdn.zeptonow.com/production/tr:w-90,ar-120-120,pr-true,f-auto,q-80/cms/sub_category/247.png",Bevzilla 24 Sachets Pack (4 Flavors) X (6 Sachets Each) Assorted Instant Coffee 48 g Combo,Bevzilla,180,240,48 g X 2,4.2 (862),In Stock,https://www.zeptonow.com/pn/bevzilla-24-sachets-pack-4-flavors-x-6-sachets-each-assorted-instant-coffee-48-g-combo/pvid/aabab4ab-1046-4525-8f54-fde87125a2e8,"https://cdn.zeptonow.com/production/tr:w-1280,ar-1500-1500,pr-true,f-auto,q-80/cms/product_variant/ec594b22-adb4-430d-9224-63b17753fc45.jpg"
Homegrown Brands,Tea & Coffee,"https://cdn.zeptonow.com/production/tr:w-90,ar-120-120,pr-true,f-auto,q-80/cms/sub_category/247.png",Bru Instant Coffee 100 g Combo,Bru,711,975,100 g X 3,4.5 (837),In Stock,https://www.zeptonow.com/pn/bru-instant-coffee-100-g-combo/pvid/926cacd1-ae87-480e-a7fb-fee3c7fc0e5a,"https://cdn.zeptonow.com/production/tr:w-1280,ar-1500-1500,pr-true,f-auto,q-80/cms/product_variant/0debe4aa-eb6e-43a1-88e7-6a5c60e7a79b.jpg"
Homegrown Brands,Tea & Coffee,"https://cdn.zeptonow.com/production/tr:w-90,ar-120-120,pr-true,f-auto,q-80/cms/sub_category/247.png",Bevzilla 24 Sachets Pack (4 Flavors) X (6 Sachets Each) Assorted Instant Coffee 48 g Combo,Bevzilla,255,360,48 g X 3,4.6 (749),In Stock,https://www.zeptonow.com/pn/bevzilla-24-sachets-pack-4-flavors-x-6-sachets-each-assorted-instant-coffee-48-g-combo/pvid/e6504131-3128-48e0-9d70-0dbebc177ba9,"https://cdn.zeptonow.com/production/tr:w-1280,ar-1500-1500,pr-true,f-auto,q-80/cms/product_variant/87b57304-9d16-4070-b2c6-5769078d3efd.jpg"
Homegrown Brands,Tea & Coffee,"https://cdn.zeptonow.com/production/tr:w-90,ar-120-120,pr-true,f-auto,q-80/cms/sub_category/247.png",Levista Strong pouch 100 g Combo,Levista,726,1020,100 g X 2,4.6 (436),In Stock,https://www.zeptonow.com/pn/levista-strong-pouch-100-g-combo/pvid/0a6d9d2a-c08b-412b-917a-e2ec86425007,"https://cdn.zeptonow.com/production/tr:w-1280,ar-1500-1500,pr-true,f-auto,q-80/cms/product_variant/3ae8e07e-980a-44bd-8971-e89a3ae771c4.jpg"
Homegrown Brands,Tea & Coffee,"https://cdn.zeptonow.com/production/tr:w-90,ar-120-120,pr-true,f-auto,q-80/cms/sub_category/247.png",iD Instant Coffee Powder 50 g Combo,iD,390,435,50 g X 3,4.7 (243),In Stock,https://www.zeptonow.com/pn/id-instant-coffee-powder-50-g-combo/pvid/f6e4bc01-a559-4da7-bf38-b9bb95f81123,"https://cdn.zeptonow.com/production/tr:w-1280,ar-1500-1500,pr-true,f-auto,q-80/cms/product_variant/45568fc1-5c8a-4551-9b6d-94c6f28fb608.jpg"
Homegrown Brands,Tea & Coffee,"https://cdn.zeptonow.com/production/tr:w-90,ar-120-120,pr-true,f-auto,q-80/cms/sub_category/247.png",Nescafe Classic Dawn Jar(90gms) & Pringles Potato Chips Sour Cream & Onion Flavour(134gms) Combo,Nescafe,576,660,2 combo,4.7 (709),In Stock,https://www.zeptonow.com/pn/nescafe-classic-dawn-jar90gms-pringles-potato-chips-sour-cream-onion-flavour134gms-combo/pvid/29c685ef-8113-4287-9707-3e7a0d34e729,"https://cdn.zeptonow.com/production/tr:w-1280,ar-1494-1494,pr-true,f-auto,q-80/cms/product_variant/81f46cd6-b176-4587-b4c9-e968177807ce.jpg"
Homegrown Brands,Tea & Coffee,"https://cdn.zeptonow.com/production/tr:w-90,ar-120-120,pr-true,f-auto,q-80/cms/sub_category/247.png",Narasus Strong Classic Instant Coffee,Narasus,145,145,50 g,4.9 (477),Sold Out,https://www.zeptonow.com/pn/narasus-strong-classic-instant-coffee/pvid/f632aca1-d2aa-41be-9519-8885cbfe9852,"https://cdn.zeptonow.com/production/tr:w-1280,ar-1021-1021,pr-true,f-auto,q-80/cms/product_variant/444090ea-bd36-49e5-a008-a3f9b93ada7e.jpeg"
Homegrown Brands,Tea & Coffee,"https://cdn.zeptonow.com/production/tr:w-90,ar-120-120,pr-true,f-auto,q-80/cms/sub_category/247.png",Narasus Pure Instant Coffee,Narasus,180,180,50 g,5 (122),Sold Out,https://www.zeptonow.com/pn/narasus-pure-instant-coffee/pvid/4c2be604-7ab3-46fa-b5ae-29c4793b4137,"https://cdn.zeptonow.com/production/tr:w-1280,ar-2400-2400,pr-true,f-auto,q-80/cms/product_variant/14aff50a-3099-4787-8488-c3458b2c0c05.jpg"
Homegrown Brands,Tea & Coffee,"https://cdn.zeptonow.com/production/tr:w-90,ar-120-120,pr-true,f-auto,q-80/cms/sub_category/247.png",Country Bean Vanilla Bold Instant Coffee,Country,293,325,50 g,4.3 (499),Sold Out,https://www.zeptonow.com/pn/country-bean-vanilla-bold-instant-coffee/pvid/1ea8e7b8-0c21-4d72-9917-b24490cb8262,"https://cdn.zeptonow.com/production/tr:w-1280,ar-2400-2400,pr-true,f-auto,q-80/cms/product_variant/4d637371-d267-4e08-b940-ccbc142469db.jpeg"
Homegrown Brands,Tea & Coffee,"https://cdn.zeptonow.com/production/tr:w-90,ar-120-120,pr-true,f-auto,q-80/cms/sub_category/247.png",Nescafe Classic Instant Coffee Powder | Free Frosty Cafe Glass,Nescafe,908,920,180 g,4.6 (565),Sold Out,https://www.zeptonow.com/pn/nescafe-classic-instant-coffee-powder-free-frosty-cafe-glass/pvid/c2c77276-f199-4e34-ad54-783a40092bd9,"https://cdn.zeptonow.com/production/tr:w-1280,ar-1200-1200,pr-true,f-auto,q-80/cms/product_variant/88c6fb6d-6d44-450b-8924-e758e2aa0871.jpeg"
Homegrown Brands,Tea & Coffee,"https://cdn.zeptonow.com/production/tr:w-90,ar-120-120,pr-true,f-auto,q-80/cms/sub_category/247.png",Country Bean Hazelnut Bold Instant Coffee,Country,293,325,50 g,4.5 (675),Sold Out,https://www.zeptonow.com/pn/country-bean-hazelnut-bold-instant-coffee/pvid/c03dedd3-55e0-4a6d-8c7e-00761a992000,"https://cdn.zeptonow.com/production/tr:w-1280,ar-2400-2400,pr-true,f-auto,q-80/cms/product_variant/acd59e63-1186-4599-9129-3d024ab7c32f.jpeg"
Homegrown Brands,Tea & Coffee,"https://cdn.zeptonow.com/production/tr:w-90,ar-120-120,pr-true,f-auto,q-80/cms/sub_category/247.png",Country Bean Hazelnut Blend Instant Coffee,Country,293,325,50 g,4.6 (799),Sold Out,https://www.zeptonow.com/pn/country-bean-hazelnut-blend-instant-coffee/pvid/b026beeb-b707-4aa9-a1f1-9be46500ee18,"https://cdn.zeptonow.com/production/tr:w-1280,ar-1080-1080,pr-true,f-auto,q-80/cms/product_variant/3d1f7e7f-d73f-4f0d-ab29-a8f8623d2e06.jpg"
Homegrown Brands,Tea & Coffee,"https://cdn.zeptonow.com/production/tr:w-90,ar-120-120,pr-true,f-auto,q-80/cms/sub_category/247.png",Colombian Brew Creamy Hazelnut Instant Coffee Powder,Colombian,203,225,40 g,4.2 (773),Sold Out,https://www.zeptonow.com/pn/colombian-brew-creamy-hazelnut-instant-coffee-powder/pvid/56d3d56a-274e-4355-bb87-e58cdbc838eb,"https://cdn.zeptonow.com/production/tr:w-1280,ar-3000-3000,pr-true,f-auto,q-80/cms/product_variant/fcb23dfa-1bca-477f-9363-319d7687f568.jpeg"
Homegrown Brands,Tea & Coffee,"https://cdn.zeptonow.com/production/tr:w-90,ar-120-120,pr-true,f-auto,q-80/cms/sub_category/247.png",Sunbean Rich and Intense Aroma Medium Roast Instant Coffee,Sunbean,189,210,60 g,5 (58),Sold Out,https://www.zeptonow.com/pn/sunbean-rich-and-intense-aroma-medium-roast-instant-coffee/pvid/42d46435-5e76-47d4-910b-adae974aeb99,"https://cdn.zeptonow.com/production/tr:w-1280,ar-3508-3685,pr-true,f-auto,q-80/cms/product_variant/86ea85c5-ee54-47fd-b0af-0ba23b92a643.jpeg"
Homegrown Brands,Tea & Coffee,"https://cdn.zeptonow.com/production/tr:w-90,ar-120-120,pr-true,f-auto,q-80/cms/sub_category/247.png",Bevzilla Assorted Instant Coffee Powder,Bevzilla,187,225,1 pack (48 pcs),4.5 (3.5k),Sold Out,https://www.zeptonow.com/pn/bevzilla-assorted-instant-coffee-powder/pvid/83e719ca-9985-4ce1-aed4-b7c284c62e24,"https://cdn.zeptonow.com/production/tr:w-1280,ar-1000-1000,pr-true,f-auto,q-80/cms/product_variant/ca3a6b35-697d-4585-ae85-fc72cb71d0e6.jpeg"
Homegrown Brands,Tea & Coffee,"https://cdn.zeptonow.com/production/tr:w-90,ar-120-120,pr-true,f-auto,q-80/cms/sub_category/247.png",BRU Instant Coffee,BRU,517,650,200 g,4.8 (6.9k),Sold Out,https://www.zeptonow.com/pn/bru-instant-coffee/pvid/289a7635-5779-4562-b37a-26ffba23737a,"https://cdn.zeptonow.com/production/tr:w-1280,ar-1500-1500,pr-true,f-auto,q-80/cms/product_variant/029b8fe4-6477-40f6-b060-1dfe1d7d5c23.jpeg"
Homegrown Brands,Tea & Coffee,"https://cdn.zeptonow.com/production/tr:w-90,ar-120-120,pr-true,f-auto,q-80/cms/sub_category/247.png",Bru Instant Coffee Jar,Bru,160,160,40 g,4.6 (146),Sold Out,https://www.zeptonow.com/pn/bru-instant-coffee-jar/pvid/fcd908d2-1ebb-4fcf-8c2b-73c2a9f2d77a,"https://cdn.zeptonow.com/production/tr:w-1280,ar-1200-1200,pr-true,f-auto,q-80/cms/product_variant/865dd258-ba48-4323-832b-9f228f6787b1.jpeg"
Homegrown Brands,Tea & Coffee,"https://cdn.zeptonow.com/production/tr:w-90,ar-120-120,pr-true,f-auto,q-80/cms/sub_category/247.png",Continental Xtra Instant Coffee,Continental,84,96,1 pack (48 pcs),4.8 (383),Sold Out,https://www.zeptonow.com/pn/continental-xtra-instant-coffee/pvid/57c7fe19-6264-4c16-b0f2-6e28fd029410,"https://cdn.zeptonow.com/production/tr:w-1280,ar-3000-3000,pr-true,f-auto,q-80/cms/product_variant/798dd816-cb2f-486a-8e7d-127e2deb948a.jpeg"
Homegrown Brands,Tea & Coffee,"https://cdn.zeptonow.com/production/tr:w-90,ar-120-120,pr-true,f-auto,q-80/cms/sub_category/247.png",Sleepy Owl Assorted Premium Instant Coffee,Sleepy,98,140,10 pcs,4.7 (3.5k),Sold Out,https://www.zeptonow.com/pn/sleepy-owl-assorted-premium-instant-coffee/pvid/6a7a5e55-a718-405f-8435-536276c19f92,"https://cdn.zeptonow.com/production/tr:w-1280,ar-1000-1000,pr-true,f-auto,q-80/cms/product_variant/16eb3d8e-b9f0-4815-9b46-493fae1f5e38.jpeg"
Homegrown Brands,Tea & Coffee,"https://cdn.zeptonow.com/production/tr:w-90,ar-120-120,pr-true,f-auto,q-80/cms/sub_category/247.png",Continental Speciale Instant Coffee,Continental,96,96,1 pack (48 pcs),4.7 (2.0k),Sold Out,https://www.zeptonow.com/pn/continental-speciale-instant-coffee/pvid/c0bd9068-967d-459a-8e43-d2f1f575a953,"https://cdn.zeptonow.com/production/tr:w-1280,ar-3000-3000,pr-true,f-auto,q-80/cms/product_variant/6d71f41a-3e1a-47d8-befd-b2a28af08b52.jpeg"
Homegrown Brands,Tea & Coffee,"https://cdn.zeptonow.com/production/tr:w-90,ar-120-120,pr-true,f-auto,q-80/cms/sub_category/247.png",Bru Gold Edition | Premium Freeze Dried Coffee | Experience Intense Coffee Taste | Aromatic Instant Coffee,Bru,528,700,100 g,4.6 (666),Sold Out,https://www.zeptonow.com/pn/bru-gold-edition-premium-freeze-dried-coffee-experience-intense-coffee-taste-aromatic-instant-coffee/pvid/dd3fdde0-6cbe-4269-a567-8165f67327da,"https://cdn.zeptonow.com/production/tr:w-1280,ar-2000-2000,pr-true,f-auto,q-80/cms/product_variant/c9a08874-6966-4803-9810-fc0e89d42c29.jpeg"
Homegrown Brands,Tea & Coffee,"https://cdn.zeptonow.com/production/tr:w-90,ar-120-120,pr-true,f-auto,q-80/cms/sub_category/247.png",Bru Instant Pure Coffee,Bru,473,580,100 g,4.8 (2.9k),Sold Out,https://www.zeptonow.com/pn/bru-instant-pure-coffee/pvid/fafa0c32-7fc3-47b6-a9ef-1f79393a3a9a,"https://cdn.zeptonow.com/production/tr:w-1280,ar-490-490,pr-true,f-auto,q-80/cms/product_variant/9ab41d02-16b1-4aa1-ab9a-e1a5a84d1b63.jpeg"
Homegrown Brands,Tea & Coffee,"https://cdn.zeptonow.com/production/tr:w-90,ar-120-120,pr-true,f-auto,q-80/cms/sub_category/247.png",Continental Speciale Instant Coffee - Pouch,Continental,140,180,50 g,4.8 (642),Sold Out,https://www.zeptonow.com/pn/continental-speciale-instant-coffee-pouch/pvid/14908807-8273-44b0-accf-e07f9087fbc3,"https://cdn.zeptonow.com/production/tr:w-1280,ar-1500-1500,pr-true,f-auto,q-80/cms/product_variant/ab22a976-e51a-4cae-9ac1-1db6e281212d.jpg"
Homegrown Brands,Tea & Coffee,"https://cdn.zeptonow.com/production/tr:w-90,ar-120-120,pr-true,f-auto,q-80/cms/sub_category/247.png",Continental Speciale Instant Coffee - Jar,Continental,244,420,100 g,4.5 (591),Sold Out,https://www.zeptonow.com/pn/continental-speciale-instant-coffee-jar/pvid/7b27ea9c-de44-4d7c-a457-cb3c39b7ed67,"https://cdn.zeptonow.com/production/tr:w-1280,ar-4500-6600,pr-true,f-auto,q-80/cms/product_variant/6a2546cf-38c3-4c19-ad96-f49e538d55cc.jpeg"
Homegrown Brands,Tea & Coffee,"https://cdn.zeptonow.com/production/tr:w-90,ar-120-120,pr-true,f-auto,q-80/cms/sub_category/247.png",Toffee Coffee Roasters Assorted Medium Roast Instant Coffee,Toffee,650,650,150 g,4.5 (81),Sold Out,https://www.zeptonow.com/pn/toffee-coffee-roasters-assorted-medium-roast-instant-coffee/pvid/3b6d7633-c495-4a01-a6da-88308a9655fb,"https://cdn.zeptonow.com/production/tr:w-1280,ar-1080-1080,pr-true,f-auto,q-80/cms/product_variant/f1c1ebdb-2948-4c70-88b4-ba518a6c820f.jpg"
Homegrown Brands,Tea & Coffee,"https://cdn.zeptonow.com/production/tr:w-90,ar-120-120,pr-true,f-auto,q-80/cms/sub_category/247.png",Rage Coffee Dark Chocolate Flavour - Premium Arabica Instant Coffee,Rage,338,399,50 g,5 (113),Sold Out,https://www.zeptonow.com/pn/rage-coffee-dark-chocolate-flavour-premium-arabica-instant-coffee/pvid/9368ba8f-5b0d-4c0a-b16a-e74c0d78f00e,"https://cdn.zeptonow.com/production/tr:w-1280,ar-2000-2000,pr-true,f-auto,q-80/cms/product_variant/91af6400-a008-44d3-9178-83cdaaf90df1.jpeg"
