main_category,sub_category,sub_category_image_url,product_name,brand,price,original_price,quantity,rating,stock_status,product_url,image_url
Masala & Dry Fruits,Top Picks,"https://cdn.zeptonow.com/production/tr:w-90,ar-120-121,pr-true,f-auto,q-80/cms/sub_category/40.png",Open Secret Premium Walnut Kernels (Akhrot),Open Secret,601,1250,500 g,4.5 (102),In Stock,https://www.zeptonow.com/pn/open-secret-premium-walnut-kernels-akhrot/pvid/98e0cc78-3ab8-4fff-883d-8c0df70c62e5,"https://cdn.zeptonow.com/production/tr:w-1280,ar-1500-1500,pr-true,f-auto,q-80/cms/product_variant/8cbbd919-902b-4fa1-8e7c-8f83b06b4bad.jpg"
Masala & Dry Fruits,Top Picks,"https://cdn.zeptonow.com/production/tr:w-90,ar-120-121,pr-true,f-auto,q-80/cms/sub_category/40.png",Farmley Watermelon Seeds | Raw Magaj Seeds I Tarbuj Beej | Rich In Protein,Farmley,447,999,500 g,4.7 (133),In Stock,https://www.zeptonow.com/pn/farmley-watermelon-seeds-raw-magaj-seeds-i-tarbuj-beej-rich-in-protein/pvid/f6a892c5-4177-4a5c-a484-fdea3dd92c63,"https://cdn.zeptonow.com/production/tr:w-1280,ar-1500-1500,pr-true,f-auto,q-80/cms/product_variant/27ef58f5-3345-49c7-a3be-d9b4b3c2b9cb.jpg"
Masala & Dry Fruits,Top Picks,"https://cdn.zeptonow.com/production/tr:w-90,ar-120-121,pr-true,f-auto,q-80/cms/sub_category/40.png",CRISTA Whole Green Cardamom,CRISTA,482,750,100 g,4.6 (298),In Stock,https://www.zeptonow.com/pn/crista-whole-green-cardamom/pvid/f41bd4ee-ecca-4ab2-b598-5b3ae103be82,"https://cdn.zeptonow.com/production/tr:w-1280,ar-1200-1200,pr-true,f-auto,q-80/cms/product_variant/3167194c-9ce4-4dca-b60d-2b4f6e8c9f4d.jpeg"
Masala & Dry Fruits,Top Picks,"https://cdn.zeptonow.com/production/tr:w-90,ar-120-121,pr-true,f-auto,q-80/cms/sub_category/40.png",Aashirvaad Black Pepper | Pure Kali Mirch,Aashirvaad,177,200,100 g,4.9 (1.7k),In Stock,https://www.zeptonow.com/pn/aashirvaad-black-pepper-pure-kali-mirch/pvid/0aeb4034-1baa-4fa7-a84a-7e8dc9c319f9,"https://cdn.zeptonow.com/production/tr:w-1280,ar-1000-1000,pr-true,f-auto,q-80/cms/product_variant/29721f54-1572-4047-ba37-a4b437ac3a4a.jpeg"
Masala & Dry Fruits,Top Picks,"https://cdn.zeptonow.com/production/tr:w-90,ar-120-121,pr-true,f-auto,q-80/cms/sub_category/40.png","Farmley Trail Mix Dry Fruit- Almonds, Cashews, Cranberries, Blueberries, Blackcurrant & More",Farmley,486,799,450 g,4.4 (657),In Stock,https://www.zeptonow.com/pn/farmley-trail-mix-dry-fruit-almonds-cashews-cranberries-blueberries-blackcurrant-more/pvid/3c107848-73c9-4e71-85b7-e30e9eb11be1,"https://cdn.zeptonow.com/production/tr:w-1280,ar-2000-2000,pr-true,f-auto,q-80/cms/product_variant/18962109-a2bf-48a3-bac1-317bc8a54f91.jpg"
Masala & Dry Fruits,Top Picks,"https://cdn.zeptonow.com/production/tr:w-90,ar-120-121,pr-true,f-auto,q-80/cms/sub_category/40.png",Nutraj Cashew/Kaju,Nutraj,1113,1499,1 kg,4.3 (604),In Stock,https://www.zeptonow.com/pn/nutraj-cashewkaju/pvid/f3b1311c-a2aa-4d2e-94e6-b49c7399fd55,"https://cdn.zeptonow.com/production/tr:w-1280,ar-2400-2400,pr-true,f-auto,q-80/cms/product_variant/69f873fa-ef88-4a15-ae3d-2120a138c84a.jpeg"
Masala & Dry Fruits,Top Picks,"https://cdn.zeptonow.com/production/tr:w-90,ar-120-121,pr-true,f-auto,q-80/cms/sub_category/40.png",Organic India Jaggery Powder,Organic,99,110,500 g,4.6 (2.8k),In Stock,https://www.zeptonow.com/pn/organic-india-jaggery-powder/pvid/205e77c5-774b-40a8-9af1-543100cc7290,"https://cdn.zeptonow.com/production/tr:w-1280,ar-1200-1200,pr-true,f-auto,q-80/cms/product_variant/8b7467ae-8639-4bd8-8ce8-a73e29f18ceb.jpeg"
Masala & Dry Fruits,Top Picks,"https://cdn.zeptonow.com/production/tr:w-90,ar-120-121,pr-true,f-auto,q-80/cms/sub_category/40.png",Farmley Premium Natural Chia Seeds Rich in Protein & Fiber,Farmley,118,199,200 g,4.7 (10.7k),In Stock,https://www.zeptonow.com/pn/farmley-premium-natural-chia-seeds-rich-in-protein-fiber/pvid/9c08efe4-18d1-4d8d-bb62-15ceec5433cb,"https://cdn.zeptonow.com/production/tr:w-1280,ar-1000-1000,pr-true,f-auto,q-80/cms/product_variant/7acd9e60-a6dd-4c5f-a0d2-a52112e44a8c.jpeg"
Masala & Dry Fruits,Top Picks,"https://cdn.zeptonow.com/production/tr:w-90,ar-120-121,pr-true,f-auto,q-80/cms/sub_category/40.png",Aashirvaad Cardamom | Elaichi | 100% Pure,Aashirvaad,275,300,50 g,5 (254),In Stock,https://www.zeptonow.com/pn/aashirvaad-cardamom-elaichi-100-pure/pvid/e06b7f25-5bb9-4858-acbd-ee882637b0ea,"https://cdn.zeptonow.com/production/tr:w-1280,ar-1000-1000,pr-true,f-auto,q-80/cms/product_variant/89e87ab8-1f23-4af8-9221-c9e3716d3613.jpeg"
Masala & Dry Fruits,Top Picks,"https://cdn.zeptonow.com/production/tr:w-90,ar-120-121,pr-true,f-auto,q-80/cms/sub_category/40.png",Open Secret Roasted And Salted Pistachio,Open Secret,676,1100,500 g,4.8 (488),In Stock,https://www.zeptonow.com/pn/open-secret-roasted-and-salted-pistachio/pvid/195083c7-6672-44f6-89a8-4a2f91bd6a40,"https://cdn.zeptonow.com/production/tr:w-1280,ar-2400-2400,pr-true,f-auto,q-80/cms/product_variant/e0a55872-ffc2-41e9-a242-e87b4b9e3e73.jpeg"
Masala & Dry Fruits,Top Picks,"https://cdn.zeptonow.com/production/tr:w-90,ar-120-121,pr-true,f-auto,q-80/cms/sub_category/40.png",Farmley Premium Dried Figs (Anjeer),Farmley,409,499,200 g,4.5 (1.1k),In Stock,https://www.zeptonow.com/pn/farmley-premium-dried-figs-anjeer/pvid/49f9ad56-0871-45d9-b4f9-f036254ec5b2,"https://cdn.zeptonow.com/production/tr:w-1280,ar-2000-2000,pr-true,f-auto,q-80/cms/product_variant/c7564cb5-9705-4358-80e4-97d2b30dcfa0.jpeg"
Masala & Dry Fruits,Top Picks,"https://cdn.zeptonow.com/production/tr:w-90,ar-120-121,pr-true,f-auto,q-80/cms/sub_category/40.png",ZOFF Foods Black Pepper Whole-Kali Mirch,ZOFF,72,90,50 g,4.6 (6.8k),In Stock,https://www.zeptonow.com/pn/zoff-foods-black-pepper-whole-kali-mirch/pvid/2ea0cdc9-d681-4d5a-b497-6fc73cc5f47d,"https://cdn.zeptonow.com/production/tr:w-1280,ar-1500-1500,pr-true,f-auto,q-80/cms/product_variant/9fe28e96-a03d-41fe-9ece-0e29dec35c25.jpeg"
Masala & Dry Fruits,Top Picks,"https://cdn.zeptonow.com/production/tr:w-90,ar-120-121,pr-true,f-auto,q-80/cms/sub_category/40.png","Organic India Stevia Powder, Natural Sweetener, Sugar Free, 25 Sachets",Sugar free,96,105,75 g,4.6 (457),In Stock,https://www.zeptonow.com/pn/organic-india-stevia-powder-natural-sweetener-sugar-free-25-sachets/pvid/50bdf453-2322-42bb-abf7-65ea32af7bb9,"https://cdn.zeptonow.com/production/tr:w-1280,ar-1200-1200,pr-true,f-auto,q-80/cms/product_variant/4e48195f-ce95-4745-96a0-8f275190e62d.jpg"
Masala & Dry Fruits,Top Picks,"https://cdn.zeptonow.com/production/tr:w-90,ar-120-121,pr-true,f-auto,q-80/cms/sub_category/40.png",Happilo Premium International Omani Dates,Happilo,142,220,250 g,4.2 (1.2k),In Stock,https://www.zeptonow.com/pn/happilo-premium-international-omani-dates/pvid/7f7844da-e706-42b9-9fe4-6e4d6644ba34,"https://cdn.zeptonow.com/production/tr:w-1280,ar-1200-1200,pr-true,f-auto,q-80/cms/product_variant/9ed34a2e-6f56-4424-9baf-833ff560acb2.jpeg"
Masala & Dry Fruits,Top Picks,"https://cdn.zeptonow.com/production/tr:w-90,ar-120-121,pr-true,f-auto,q-80/cms/sub_category/40.png","Organic India Stevia Powder, Natural Sweetener, Sugar Free",Sugar free,196,225,75 g,4.7 (232),In Stock,https://www.zeptonow.com/pn/organic-india-stevia-powder-natural-sweetener-sugar-free/pvid/8d48be49-8b1f-4dfe-a291-84dce6f65e48,"https://cdn.zeptonow.com/production/tr:w-1280,ar-1200-1200,pr-true,f-auto,q-80/cms/product_variant/1fdcd6e3-a1d2-4df4-bcd4-abb4f384b6fc.jpg"
Masala & Dry Fruits,Top Picks,"https://cdn.zeptonow.com/production/tr:w-90,ar-120-121,pr-true,f-auto,q-80/cms/sub_category/40.png",Tata Sampann Coriander Powder With Natural Oils Dhania Powder,Tata,180,205,500 g,4.9 (2.0k),In Stock,https://www.zeptonow.com/pn/tata-sampann-coriander-powder-with-natural-oils-dhania-powder/pvid/1dec35fe-fb35-4091-822b-204ab50caa77,"https://cdn.zeptonow.com/production/tr:w-1280,ar-1200-1200,pr-true,f-auto,q-80/cms/product_variant/8a8e5e65-80c0-49bc-90dd-5145ef5c30f8.jpeg"
Masala & Dry Fruits,Top Picks,"https://cdn.zeptonow.com/production/tr:w-90,ar-120-121,pr-true,f-auto,q-80/cms/sub_category/40.png",Tata Sampann Whole Spices Cumin Whole,Tata,141,155,200 g,4.8 (93),In Stock,https://www.zeptonow.com/pn/tata-sampann-whole-spices-cumin-whole/pvid/f0ed0836-e3b3-41a8-949d-6d48cea476b6,"https://cdn.zeptonow.com/production/tr:w-1280,ar-2000-2000,pr-true,f-auto,q-80/cms/product_variant/478d3fbf-ef90-408a-aeeb-364075b29d74.jpg"
Masala & Dry Fruits,Top Picks,"https://cdn.zeptonow.com/production/tr:w-90,ar-120-121,pr-true,f-auto,q-80/cms/sub_category/40.png",Conscious Food Sugarcane Jaggery Natural,Conscious,159,199,925 g,4.7 (179),In Stock,https://www.zeptonow.com/pn/conscious-food-sugarcane-jaggery-natural/pvid/e6759037-0cb2-40a5-9dc4-9d9e72166e91,"https://cdn.zeptonow.com/production/tr:w-1280,ar-1080-1080,pr-true,f-auto,q-80/cms/product_variant/a04fb1f7-36b4-4cbc-8654-97d2bd020e84.jpeg"
Masala & Dry Fruits,Top Picks,"https://cdn.zeptonow.com/production/tr:w-90,ar-120-121,pr-true,f-auto,q-80/cms/sub_category/40.png",Nutraj Flax Seeds,Nutraj,65,199,200 g,4.8 (1.0k),In Stock,https://www.zeptonow.com/pn/nutraj-flax-seeds/pvid/67225846-416f-4add-9588-0ccf966a9e98,"https://cdn.zeptonow.com/production/tr:w-1280,ar-2400-2400,pr-true,f-auto,q-80/cms/product_variant/a2bf0582-bb21-4bdb-aac9-39db0785727e.jpg"
Masala & Dry Fruits,Top Picks,"https://cdn.zeptonow.com/production/tr:w-90,ar-120-121,pr-true,f-auto,q-80/cms/sub_category/40.png",ZOFF Foods Tamarind Whole - Imli,ZOFF,149,175,500 g,4.6 (2.1k),In Stock,https://www.zeptonow.com/pn/zoff-foods-tamarind-whole-imli/pvid/01fd0b00-5394-4222-97e9-a5e3e7b7fe4c,"https://cdn.zeptonow.com/production/tr:w-1280,ar-1500-1500,pr-true,f-auto,q-80/cms/product_variant/8d97a8cb-5047-4547-86ba-3f4636f7ff39.jpeg"
Masala & Dry Fruits,Top Picks,"https://cdn.zeptonow.com/production/tr:w-90,ar-120-121,pr-true,f-auto,q-80/cms/sub_category/40.png",Nutraj Roasted & Salted Pistachio,Nutraj,171,249,100 g,4.3 (1.8k),In Stock,https://www.zeptonow.com/pn/nutraj-roasted-salted-pistachio/pvid/6b79b0e0-c5f3-4f00-8b66-f387a079abed,"https://cdn.zeptonow.com/production/tr:w-1280,ar-1500-1500,pr-true,f-auto,q-80/cms/product_variant/c5bf8b5e-4781-4220-96ed-d62cba37250a.jpg"
Masala & Dry Fruits,Top Picks,"https://cdn.zeptonow.com/production/tr:w-90,ar-120-121,pr-true,f-auto,q-80/cms/sub_category/40.png",Nutraj Arabian Premium Dates,Nutraj,128,199,500 g,4.3 (23.3k),In Stock,https://www.zeptonow.com/pn/nutraj-arabian-premium-dates/pvid/a91f49e7-ca09-411f-8de0-2a34540c1cc0,"https://cdn.zeptonow.com/production/tr:w-1280,ar-1021-1021,pr-true,f-auto,q-80/cms/product_variant/21d9a421-cfa4-47a6-b0ad-5c0947e9c347.jpeg"
Masala & Dry Fruits,Top Picks,"https://cdn.zeptonow.com/production/tr:w-90,ar-120-121,pr-true,f-auto,q-80/cms/sub_category/40.png",Badshah Kashmiri Chilli Powder,Badshah,79,118,100 g,4.4 (209),In Stock,https://www.zeptonow.com/pn/badshah-kashmiri-chilli-powder/pvid/9363e642-9693-4602-bfd1-fdab82a8ca73,"https://cdn.zeptonow.com/production/tr:w-1280,ar-2000-2000,pr-true,f-auto,q-80/cms/product_variant/31ad1eed-96c2-4b74-9578-264b1100ea4b.jpeg"
Masala & Dry Fruits,Top Picks,"https://cdn.zeptonow.com/production/tr:w-90,ar-120-121,pr-true,f-auto,q-80/cms/sub_category/40.png",Conscious Food Unrefined Organic Raw Sugar,Conscious,89,99,500 g,4.6 (491),In Stock,https://www.zeptonow.com/pn/conscious-food-unrefined-organic-raw-sugar/pvid/bdf776b4-2dab-415d-9bd6-082b7d0076e6,"https://cdn.zeptonow.com/production/tr:w-1280,ar-1080-1080,pr-true,f-auto,q-80/cms/product_variant/e6c9b21b-238d-4938-92f8-87ea022b9ce2.jpeg"
Masala & Dry Fruits,Top Picks,"https://cdn.zeptonow.com/production/tr:w-90,ar-120-121,pr-true,f-auto,q-80/cms/sub_category/40.png",ZOFF Foods Whole Cumin Seeds - Jeera,ZOFF,38,65,100 g,4.6 (4.4k),In Stock,https://www.zeptonow.com/pn/zoff-foods-whole-cumin-seeds-jeera/pvid/e3486eca-4eb9-4f08-b09b-c2cfced17880,"https://cdn.zeptonow.com/production/tr:w-1280,ar-2400-2400,pr-true,f-auto,q-80/cms/product_variant/ba7845d6-ee29-4a3a-9d17-5176e9d248c9.jpeg"
Masala & Dry Fruits,Top Picks,"https://cdn.zeptonow.com/production/tr:w-90,ar-120-121,pr-true,f-auto,q-80/cms/sub_category/40.png",Open Secret Arabian Dates (Khajur) With Seed,Open Secret,150,250,400 g,4.3 (12.7k),In Stock,https://www.zeptonow.com/pn/open-secret-arabian-dates-khajur-with-seed/pvid/575e1880-a5c7-41fb-b74f-a27af11e8c0f,"https://cdn.zeptonow.com/production/tr:w-1280,ar-1201-1201,pr-true,f-auto,q-80/cms/product_variant/f85ec6d2-d2e7-43a4-b1b4-2fb91bda827e.jpeg"
Masala & Dry Fruits,Top Picks,"https://cdn.zeptonow.com/production/tr:w-90,ar-120-121,pr-true,f-auto,q-80/cms/sub_category/40.png","Farmley Mix Dry Fruit Gift Pack Potli | 700g | Almonds 250g, Cashews 250g, Raisins 200g",Farmley,798,1199,700 g,4.7 (101),In Stock,https://www.zeptonow.com/pn/farmley-mix-dry-fruit-gift-pack-potli-700g-almonds-250g-cashews-250g-raisins-200g/pvid/4bbdf714-e71a-45f8-a1af-539b3c51f2a3,"https://cdn.zeptonow.com/production/tr:w-1280,ar-1080-1080,pr-true,f-auto,q-80/cms/product_variant/32bc4b4b-78cb-4b81-81c5-ce4ef7107ac2.jpg"
Masala & Dry Fruits,Top Picks,"https://cdn.zeptonow.com/production/tr:w-90,ar-120-121,pr-true,f-auto,q-80/cms/sub_category/40.png",Praakritik Himalayan Pink Salt Natural,Praakritik,110,150,500 g,4.9 (225),In Stock,https://www.zeptonow.com/pn/praakritik-himalayan-pink-salt-natural/pvid/95b133e2-e9bd-431a-ad36-67e1f949c26e,"https://cdn.zeptonow.com/production/tr:w-1280,ar-1200-1200,pr-true,f-auto,q-80/cms/product_variant/2054fffe-9713-407b-8ecf-02cb529a030c.jpg"
Masala & Dry Fruits,Top Picks,"https://cdn.zeptonow.com/production/tr:w-90,ar-120-121,pr-true,f-auto,q-80/cms/sub_category/40.png","Farmley Seed Mix Superfood Rich In Protein- Pumpkin, Watermelon, Sunflower, Flax, Chia Seeds",Farmley,216,229,200 g,4.7 (4.7k),In Stock,https://www.zeptonow.com/pn/farmley-seed-mix-superfood-rich-in-protein-pumpkin-watermelon-sunflower-flax-chia-seeds/pvid/e7730760-9d61-49b9-a635-3847b81f8c89,"https://cdn.zeptonow.com/production/tr:w-1280,ar-781-781,pr-true,f-auto,q-80/cms/product_variant/d8582017-255b-44c1-86f5-eb79a2d91f10.jpeg"
Masala & Dry Fruits,Top Picks,"https://cdn.zeptonow.com/production/tr:w-90,ar-120-121,pr-true,f-auto,q-80/cms/sub_category/40.png",Farmley Premium Cashews - Kaju,Farmley,288,469,250 g,4.6 (1.9k),In Stock,https://www.zeptonow.com/pn/farmley-premium-cashews-kaju/pvid/4b567ad2-5ed1-43a8-be5e-450e7a14716d,"https://cdn.zeptonow.com/production/tr:w-1280,ar-2400-2400,pr-true,f-auto,q-80/cms/product_variant/c18a1d4d-ef04-4840-ba87-001672eb251d.jpeg"
Masala & Dry Fruits,Top Picks,"https://cdn.zeptonow.com/production/tr:w-90,ar-120-121,pr-true,f-auto,q-80/cms/sub_category/40.png",ZOFF Black Mustard Seeds Whole - Rai,ZOFF,30,46,200 g,4.7 (3.0k),In Stock,https://www.zeptonow.com/pn/zoff-black-mustard-seeds-whole-rai/pvid/fe73061e-3e34-49e0-bfca-83989047d982,"https://cdn.zeptonow.com/production/tr:w-1280,ar-1500-1500,pr-true,f-auto,q-80/cms/product_variant/5f6be878-90a4-42c1-b755-4d2e796877b9.jpeg"
Masala & Dry Fruits,Top Picks,"https://cdn.zeptonow.com/production/tr:w-90,ar-120-121,pr-true,f-auto,q-80/cms/sub_category/40.png",Tata Sampann Coriander Powder With Natural Oils Dhania Powder,Tata,79,86,200 g,4.8 (6.9k),In Stock,https://www.zeptonow.com/pn/tata-sampann-coriander-powder-with-natural-oils-dhania-powder/pvid/7e1fae34-2ccd-43bb-a1b0-cda91f042349,"https://cdn.zeptonow.com/production/tr:w-1280,ar-1200-1200,pr-true,f-auto,q-80/cms/product_variant/5994d2b1-71e0-4759-b77a-97ff0f955fdb.jpeg"
Masala & Dry Fruits,Top Picks,"https://cdn.zeptonow.com/production/tr:w-90,ar-120-121,pr-true,f-auto,q-80/cms/sub_category/40.png",Farmley Premium Turkish Dried Apricots (Khubani),Farmley,276,369,200 g,5 (526),In Stock,https://www.zeptonow.com/pn/farmley-premium-turkish-dried-apricots-khubani/pvid/50b815a2-2e38-4d70-9981-09ea965a097c,"https://cdn.zeptonow.com/production/tr:w-1280,ar-1731-2000,pr-true,f-auto,q-80/cms/product_variant/e7962dc7-6f28-4af3-9569-940126a5bbba.jpeg"
Masala & Dry Fruits,Top Picks,"https://cdn.zeptonow.com/production/tr:w-90,ar-120-121,pr-true,f-auto,q-80/cms/sub_category/40.png",Farmley Premium California Almonds,Farmley,531,899,500 g,4.5 (1.6k),In Stock,https://www.zeptonow.com/pn/farmley-premium-california-almonds/pvid/0cae2a94-8c8e-4746-a60d-a07b2f6ac270,"https://cdn.zeptonow.com/production/tr:w-1280,ar-2000-2000,pr-true,f-auto,q-80/cms/product_variant/6e03eb8e-a79e-4f3f-87bd-44de25324ced.jpeg"
Masala & Dry Fruits,Top Picks,"https://cdn.zeptonow.com/production/tr:w-90,ar-120-121,pr-true,f-auto,q-80/cms/sub_category/40.png",Tata Sampann Whole Spices Fennel Whole,Tata,150,165,200 g,4.5 (100),In Stock,https://www.zeptonow.com/pn/tata-sampann-whole-spices-fennel-whole/pvid/10cf1e37-0db4-4da4-a9c2-4cb73339a089,"https://cdn.zeptonow.com/production/tr:w-1280,ar-2000-2000,pr-true,f-auto,q-80/cms/product_variant/6c112e2a-e159-4873-8694-7b87fed0869a.jpg"
Masala & Dry Fruits,Top Picks,"https://cdn.zeptonow.com/production/tr:w-90,ar-120-121,pr-true,f-auto,q-80/cms/sub_category/40.png",Farmley Premium Pumpkin Seeds AAA Grade,Farmley,191,259,200 g,4.7 (2.3k),In Stock,https://www.zeptonow.com/pn/farmley-premium-pumpkin-seeds-aaa-grade/pvid/4a7e2785-b625-4b36-9baf-c06ef443fa79,"https://cdn.zeptonow.com/production/tr:w-1280,ar-1200-1200,pr-true,f-auto,q-80/cms/product_variant/128d0932-17a8-421f-9391-c4216ff50ca9.jpeg"
Masala & Dry Fruits,Top Picks,"https://cdn.zeptonow.com/production/tr:w-90,ar-120-121,pr-true,f-auto,q-80/cms/sub_category/40.png",Aashirvaad Chaat Masala,Aashirvaad,68,90,100 g,4.7 (224),In Stock,https://www.zeptonow.com/pn/aashirvaad-chaat-masala/pvid/2065325c-96af-4902-8a79-739dd27e66ed,"https://cdn.zeptonow.com/production/tr:w-1280,ar-2560-2560,pr-true,f-auto,q-80/cms/product_variant/6386606d-2e95-40f4-9506-1b23adb06b4c.jpeg"
Masala & Dry Fruits,Top Picks,"https://cdn.zeptonow.com/production/tr:w-90,ar-120-121,pr-true,f-auto,q-80/cms/sub_category/40.png",Farmley Premium California Natural Dried Cranberry,Farmley,200,260,200 g,4.8 (1.2k),In Stock,https://www.zeptonow.com/pn/farmley-premium-california-natural-dried-cranberry/pvid/4b719ec2-13bc-47db-a846-d0e460625be5,"https://cdn.zeptonow.com/production/tr:w-1280,ar-1200-1200,pr-true,f-auto,q-80/cms/product_variant/3b65a7c7-4a8f-4747-a4f2-9f5d4eb707ac.jpeg"
Masala & Dry Fruits,Top Picks,"https://cdn.zeptonow.com/production/tr:w-90,ar-120-121,pr-true,f-auto,q-80/cms/sub_category/40.png",ZOFF Indian Bay Leaf - Tej Patta,ZOFF,19,28,50 g,4.6 (1.2k),In Stock,https://www.zeptonow.com/pn/zoff-indian-bay-leaf-tej-patta/pvid/f7530259-bc28-4023-9119-ea2870ec0ccd,"https://cdn.zeptonow.com/production/tr:w-1280,ar-1500-1500,pr-true,f-auto,q-80/cms/product_variant/0f83fdb4-56a5-44cf-a2c3-76fe9758a043.jpeg"
Masala & Dry Fruits,Top Picks,"https://cdn.zeptonow.com/production/tr:w-90,ar-120-121,pr-true,f-auto,q-80/cms/sub_category/40.png","Farmley Premium Seeds- Chia, Flax, Pumpkin & Sunflower Seeds 4 Pack Combo",Farmley,487,716,4 x 200 g,4.5 (531),In Stock,https://www.zeptonow.com/pn/farmley-premium-seeds-chia-flax-pumpkin-sunflower-seeds-4-pack-combo/pvid/f8d5146e-21ae-4ba6-bf55-974f4c1564ee,"https://cdn.zeptonow.com/production/tr:w-1280,ar-1605-2000,pr-true,f-auto,q-80/cms/product_variant/87dbf22d-5363-4078-94e1-52e5915b62d4.jpg"
Masala & Dry Fruits,Top Picks,"https://cdn.zeptonow.com/production/tr:w-90,ar-120-121,pr-true,f-auto,q-80/cms/sub_category/40.png",Nutraj California Roasted & Salted Pista,Nutraj,333,499,250 g,4.8 (811),In Stock,https://www.zeptonow.com/pn/nutraj-california-roasted-salted-pista/pvid/1de838f2-71c2-4c3a-895c-f632ee41ae60,"https://cdn.zeptonow.com/production/tr:w-1280,ar-1500-1500,pr-true,f-auto,q-80/cms/product_variant/9575ceb4-95e6-4bbe-ae93-efb328e0c471.jpg"
Masala & Dry Fruits,Top Picks,"https://cdn.zeptonow.com/production/tr:w-90,ar-120-121,pr-true,f-auto,q-80/cms/sub_category/40.png",Tata Sampann Kashmiri Red Chilli Powder with Natural Oils Kashmiri Lal Mirch Powder,Tata,101,107,100 g,4.8 (1.3k),In Stock,https://www.zeptonow.com/pn/tata-sampann-kashmiri-red-chilli-powder-with-natural-oils-kashmiri-lal-mirch-powder/pvid/d1c7944d-d2f1-4111-bb7d-7b841b1f6acf,"https://cdn.zeptonow.com/production/tr:w-1280,ar-1200-1200,pr-true,f-auto,q-80/cms/product_variant/42924179-5fc8-45e0-9b9b-ff91100121c6.jpeg"
Masala & Dry Fruits,Top Picks,"https://cdn.zeptonow.com/production/tr:w-90,ar-120-121,pr-true,f-auto,q-80/cms/sub_category/40.png",Farmley Premium Flax Seeds,Farmley,65,99,200 g,4.6 (1.8k),In Stock,https://www.zeptonow.com/pn/farmley-premium-flax-seeds/pvid/57bf06e0-f729-42fe-8313-27154bd9cb71,"https://cdn.zeptonow.com/production/tr:w-1280,ar-1200-1200,pr-true,f-auto,q-80/cms/product_variant/a4367b5c-4ab7-46ff-b124-4e7799ce9444.jpeg"
Masala & Dry Fruits,Top Picks,"https://cdn.zeptonow.com/production/tr:w-90,ar-120-121,pr-true,f-auto,q-80/cms/sub_category/40.png",Aashirvaad Saunf | 100% Fennel,Aashirvaad,68,70,100 g,4.9 (896),In Stock,https://www.zeptonow.com/pn/aashirvaad-saunf-100-fennel/pvid/a81f6bb4-48d3-4d7b-972e-b7460b56005e,"https://cdn.zeptonow.com/production/tr:w-1280,ar-1000-1000,pr-true,f-auto,q-80/cms/product_variant/ac2b38b8-152d-4f6a-b66e-08d4202ac5d4.jpeg"
Masala & Dry Fruits,Top Picks,"https://cdn.zeptonow.com/production/tr:w-90,ar-120-121,pr-true,f-auto,q-80/cms/sub_category/40.png",Nutraj California Walnut/Akhrot Inshell,Nutraj,310,549,500 g,4.4 (1.1k),In Stock,https://www.zeptonow.com/pn/nutraj-california-walnutakhrot-inshell/pvid/447f7c3a-3608-400b-a1f5-c8925131bd67,"https://cdn.zeptonow.com/production/tr:w-1280,ar-1500-1500,pr-true,f-auto,q-80/cms/product_variant/525c4c20-6ccb-436e-8583-2b6369b46ed0.jpeg"
Masala & Dry Fruits,Top Picks,"https://cdn.zeptonow.com/production/tr:w-90,ar-120-121,pr-true,f-auto,q-80/cms/sub_category/40.png",Nutraj Anjeer/Fig,Nutraj,421,499,250 g,4.1 (1.0k),In Stock,https://www.zeptonow.com/pn/nutraj-anjeerfig/pvid/73407e8e-35b7-4f27-94fb-7817f643a9e1,"https://cdn.zeptonow.com/production/tr:w-1280,ar-2400-2400,pr-true,f-auto,q-80/cms/product_variant/d232d8cc-2d3a-4461-ae52-7518f43c5c04.jpg"
Masala & Dry Fruits,Top Picks,"https://cdn.zeptonow.com/production/tr:w-90,ar-120-121,pr-true,f-auto,q-80/cms/sub_category/40.png",Farmley Premium Cashews - Kaju,Farmley,567,899,500 g,4.6 (1.4k),In Stock,https://www.zeptonow.com/pn/farmley-premium-cashews-kaju/pvid/ee377aca-3ccc-466b-9ed6-4d7b22b81db0,"https://cdn.zeptonow.com/production/tr:w-1280,ar-2000-2000,pr-true,f-auto,q-80/cms/product_variant/31fcfe80-b653-418d-9e37-4d2ad45103bc.jpeg"
Masala & Dry Fruits,Top Picks,"https://cdn.zeptonow.com/production/tr:w-90,ar-120-121,pr-true,f-auto,q-80/cms/sub_category/40.png",CRISTA Tangy Peri-Peri Spice Mix,CRISTA,72,109,45 g,4.7 (367),In Stock,https://www.zeptonow.com/pn/crista-tangy-peri-peri-spice-mix/pvid/794f89f7-92c9-40c8-812a-26b9fab0b2c9,"https://cdn.zeptonow.com/production/tr:w-1280,ar-1200-1200,pr-true,f-auto,q-80/cms/product_variant/13248d7b-c7fd-4e9c-a331-fe2661018bd2.jpeg"
Masala & Dry Fruits,Top Picks,"https://cdn.zeptonow.com/production/tr:w-90,ar-120-121,pr-true,f-auto,q-80/cms/sub_category/40.png",Farmley Premium Omani Fard Dates,Farmley,244,349,400 g,4.4 (1.4k),In Stock,https://www.zeptonow.com/pn/farmley-premium-omani-fard-dates/pvid/36bf82fa-e3d2-47fe-ab27-8ed18d951a9b,"https://cdn.zeptonow.com/production/tr:w-1280,ar-1817-2000,pr-true,f-auto,q-80/cms/product_variant/96be4f77-a141-47aa-8c85-8961e1c4d6da.jpeg"
Masala & Dry Fruits,Top Picks,"https://cdn.zeptonow.com/production/tr:w-90,ar-120-121,pr-true,f-auto,q-80/cms/sub_category/40.png",Aashirvaad Turmeric Powder,Aashirvaad,169,200,500 g,4.8 (639),In Stock,https://www.zeptonow.com/pn/aashirvaad-turmeric-powder/pvid/9ea4543e-fd6e-4fc2-b6bb-abcd1f4ef896,"https://cdn.zeptonow.com/production/tr:w-1280,ar-1200-1200,pr-true,f-auto,q-80/cms/product_variant/f9fe4d0b-d70e-4554-b683-b8e5f71318e8.jpg"
Masala & Dry Fruits,Top Picks,"https://cdn.zeptonow.com/production/tr:w-90,ar-120-121,pr-true,f-auto,q-80/cms/sub_category/40.png",Parrys White Label Sugar,Parrys,250,330,5 kg,4.8 (60.7k),In Stock,https://www.zeptonow.com/pn/parrys-white-label-sugar/pvid/cafcd259-9eea-4ed1-b6bb-ef1596326d93,"https://cdn.zeptonow.com/production/tr:w-1280,ar-2400-2400,pr-true,f-auto,q-80/cms/product_variant/65faf224-4419-4cbb-954a-61a74ddf00a2.jpeg"
Masala & Dry Fruits,Top Picks,"https://cdn.zeptonow.com/production/tr:w-90,ar-120-121,pr-true,f-auto,q-80/cms/sub_category/40.png",Tata Sampann Garam Masala Powder with Natural Oils Rich Aroma & Flavour,Tata,100,105,100 g,4.8 (3.6k),In Stock,https://www.zeptonow.com/pn/tata-sampann-garam-masala-powder-with-natural-oils-rich-aroma-flavour/pvid/f307408d-c167-4a43-b5b9-83d4a4cb2813,"https://cdn.zeptonow.com/production/tr:w-1280,ar-1200-1200,pr-true,f-auto,q-80/cms/product_variant/696bcf26-8400-4b35-9da0-dbd50f2d8d5a.jpeg"
Masala & Dry Fruits,Top Picks,"https://cdn.zeptonow.com/production/tr:w-90,ar-120-121,pr-true,f-auto,q-80/cms/sub_category/40.png","Farmley Trail Mix Dry Fruit- Almonds, Cashews, Cranberries, Blueberries, Blackcurrant & More",Farmley,282,349,200 g,4.6 (1.7k),In Stock,https://www.zeptonow.com/pn/farmley-trail-mix-dry-fruit-almonds-cashews-cranberries-blueberries-blackcurrant-more/pvid/f9b60cdf-3fc1-48e6-90a0-0d4bdaf54baa,"https://cdn.zeptonow.com/production/tr:w-1280,ar-3125-3125,pr-true,f-auto,q-80/cms/product_variant/2f7e2bb4-3a36-4707-a62c-d984b686ec11.jpeg"
Masala & Dry Fruits,Top Picks,"https://cdn.zeptonow.com/production/tr:w-90,ar-120-121,pr-true,f-auto,q-80/cms/sub_category/40.png","Farmley Mix Dry Fruits Panchmeva- Almonds, Cashews, Dates, Black Raisins, Green Raisins",Farmley,449,549,405 g,4.6 (5.0k),In Stock,https://www.zeptonow.com/pn/farmley-mix-dry-fruits-panchmeva-almonds-cashews-dates-black-raisins-green-raisins/pvid/78bc556c-916f-49cb-a37b-e7ebfe678c11,"https://cdn.zeptonow.com/production/tr:w-1280,ar-2000-2000,pr-true,f-auto,q-80/cms/product_variant/a398cc81-f085-4f78-847c-9dcb0d374a62.jpeg"
Masala & Dry Fruits,Top Picks,"https://cdn.zeptonow.com/production/tr:w-90,ar-120-121,pr-true,f-auto,q-80/cms/sub_category/40.png",ZOFF Star Anise Whole - Chakri Phool,ZOFF,25,40,20 g,4.6 (1.9k),In Stock,https://www.zeptonow.com/pn/zoff-star-anise-whole-chakri-phool/pvid/f915abbc-a4e6-4e5a-8d02-de258d1fbf94,"https://cdn.zeptonow.com/production/tr:w-1280,ar-1500-1500,pr-true,f-auto,q-80/cms/product_variant/cc2f03e0-67cf-402a-b8aa-d7bc4e56bac8.jpeg"
Masala & Dry Fruits,Top Picks,"https://cdn.zeptonow.com/production/tr:w-90,ar-120-121,pr-true,f-auto,q-80/cms/sub_category/40.png",Parry's Jaggery Powder,Parry's,50,55,500 g,4.7 (20.4k),In Stock,https://www.zeptonow.com/pn/parrys-jaggery-powder/pvid/ba0053cc-0566-445c-a582-c2498245c962,"https://cdn.zeptonow.com/production/tr:w-1280,ar-1200-1200,pr-true,f-auto,q-80/cms/product_variant/dd4bd49e-414e-4549-8c5c-f30878723724.jpeg"
Masala & Dry Fruits,Top Picks,"https://cdn.zeptonow.com/production/tr:w-90,ar-120-121,pr-true,f-auto,q-80/cms/sub_category/40.png",Parrys White Label Sugar,Parrys,51,65,1 kg,4.8 (99.6k),In Stock,https://www.zeptonow.com/pn/parrys-white-label-sugar/pvid/07bbeb5e-e670-4c4e-b282-4f51c1e9f4cb,"https://cdn.zeptonow.com/production/tr:w-1280,ar-1200-1200,pr-true,f-auto,q-80/cms/product_variant/93b3a1c7-d6c6-47f4-8b71-6a2cc3a43c94.jpeg"
Masala & Dry Fruits,Top Picks,"https://cdn.zeptonow.com/production/tr:w-90,ar-120-121,pr-true,f-auto,q-80/cms/sub_category/40.png",Nutraj Almond/Badam California,Nutraj,219,299,200 g,4.6 (5.5k),In Stock,https://www.zeptonow.com/pn/nutraj-almondbadam-california/pvid/1d498cca-e84b-42d9-9ac0-f6b5a4a2559b,"https://cdn.zeptonow.com/production/tr:w-1280,ar-2400-2400,pr-true,f-auto,q-80/cms/product_variant/4bd453d1-e429-4963-a53c-7fd0c4485d86.jpeg"
Masala & Dry Fruits,Top Picks,"https://cdn.zeptonow.com/production/tr:w-90,ar-120-121,pr-true,f-auto,q-80/cms/sub_category/40.png",Tata Sampann Pav Bhaji Masala with Natural Oils Rich Aroma & Flavour,Tata,95,95,100 g,4.5 (1.5k),In Stock,https://www.zeptonow.com/pn/tata-sampann-pav-bhaji-masala-with-natural-oils-rich-aroma-flavour/pvid/a5dff5d6-001a-4d6d-99ae-3c587a633e9a,"https://cdn.zeptonow.com/production/tr:w-1280,ar-1200-1200,pr-true,f-auto,q-80/cms/product_variant/f2ea0902-13ba-4c4a-9277-a2c82698c8d4.jpeg"
Masala & Dry Fruits,Top Picks,"https://cdn.zeptonow.com/production/tr:w-90,ar-120-121,pr-true,f-auto,q-80/cms/sub_category/40.png",Khari Foods Black Afghan Seedless Dates / Khajur,Khari,279,475,400 g,4.4 (89),In Stock,https://www.zeptonow.com/pn/khari-foods-black-afghan-seedless-dates-khajur/pvid/06fe09d6-3d07-4a64-90ae-0c6160caf3f1,"https://cdn.zeptonow.com/production/tr:w-1280,ar-1500-1500,pr-true,f-auto,q-80/cms/product_variant/770b6019-08af-4c61-ae97-433be5ad8cbe.jpeg"
Masala & Dry Fruits,Top Picks,"https://cdn.zeptonow.com/production/tr:w-90,ar-120-121,pr-true,f-auto,q-80/cms/sub_category/40.png",Happilo 100% Natural Premium Californian Almonds,Happilo,450,725,450 g,4.4 (1.4k),In Stock,https://www.zeptonow.com/pn/happilo-100-natural-premium-californian-almonds/pvid/f745287f-81bd-4e0f-adb0-d97a9b3d3a76,"https://cdn.zeptonow.com/production/tr:w-1280,ar-1000-1000,pr-true,f-auto,q-80/cms/product_variant/b6706130-2033-467a-a72c-b22d16ea0c46.jpeg"
Masala & Dry Fruits,Top Picks,"https://cdn.zeptonow.com/production/tr:w-90,ar-120-121,pr-true,f-auto,q-80/cms/sub_category/40.png",Aashirvaad Sambar Masala | Blended Spice for Authentic Taste and Colour,Aashirvaad,80,90,100 g,4.7 (212),In Stock,https://www.zeptonow.com/pn/aashirvaad-sambar-masala-blended-spice-for-authentic-taste-and-colour/pvid/bcdabdc2-e746-4851-b281-dce577e8eecd,"https://cdn.zeptonow.com/production/tr:w-1280,ar-2560-2560,pr-true,f-auto,q-80/cms/product_variant/cb0525e1-612d-4a93-8fcd-c36fb21c929a.jpeg"
Masala & Dry Fruits,Top Picks,"https://cdn.zeptonow.com/production/tr:w-90,ar-120-121,pr-true,f-auto,q-80/cms/sub_category/40.png",ZOFF Fenugreek - Methi Seeds,ZOFF,17,25,100 g,4.7 (3.1k),In Stock,https://www.zeptonow.com/pn/zoff-fenugreek-methi-seeds/pvid/e8b19779-9c94-4fb5-b4d8-722f88d70928,"https://cdn.zeptonow.com/production/tr:w-1280,ar-1500-1500,pr-true,f-auto,q-80/cms/product_variant/b9d8f289-6cd5-429f-bf05-4dd3ca1f816d.jpeg"
Masala & Dry Fruits,Top Picks,"https://cdn.zeptonow.com/production/tr:w-90,ar-120-121,pr-true,f-auto,q-80/cms/sub_category/40.png",Aadisha Jageery Bites,Aadisha,138,140,500 g,4.8 (655),In Stock,https://www.zeptonow.com/pn/aadisha-jageery-bites/pvid/d466086c-103e-4e12-8458-7e3712608c8f,"https://cdn.zeptonow.com/production/tr:w-1280,ar-136-197,pr-true,f-auto,q-80/cms/product_variant/264ac781-5367-4b29-93ba-a159038e98b7.jpg"
Masala & Dry Fruits,Top Picks,"https://cdn.zeptonow.com/production/tr:w-90,ar-120-121,pr-true,f-auto,q-80/cms/sub_category/40.png",Happilo Essentials Classic Sultan Dates,Happilo,147,210,500 g,4 (469),In Stock,https://www.zeptonow.com/pn/happilo-essentials-classic-sultan-dates/pvid/46b0b720-c938-4fd9-adfa-a7bec210ecce,"https://cdn.zeptonow.com/production/tr:w-1280,ar-1200-1200,pr-true,f-auto,q-80/cms/product_variant/95ce0f5f-c32c-4e71-a5b4-c997f90f32e9.jpeg"
Masala & Dry Fruits,Top Picks,"https://cdn.zeptonow.com/production/tr:w-90,ar-120-121,pr-true,f-auto,q-80/cms/sub_category/40.png",Farmley Premium Broken Chile Walnut Kernels (Akhrot),Farmley,335,429,200 g,4.3 (1.7k),In Stock,https://www.zeptonow.com/pn/farmley-premium-broken-chile-walnut-kernels-akhrot/pvid/d54ec131-dbfb-4476-8117-e61e3991112e,"https://cdn.zeptonow.com/production/tr:w-1280,ar-2000-2000,pr-true,f-auto,q-80/cms/product_variant/0b3bd839-3ad7-41d9-ae35-2184d45cdf7f.jpeg"
Masala & Dry Fruits,Top Picks,"https://cdn.zeptonow.com/production/tr:w-90,ar-120-121,pr-true,f-auto,q-80/cms/sub_category/40.png",Parrys Amrit Brown Sugar,Parrys,53,60,500 g,4.8 (6.1k),In Stock,https://www.zeptonow.com/pn/parrys-amrit-brown-sugar/pvid/4b99fb29-0e0f-4f18-bcdf-6661648a7fda,"https://cdn.zeptonow.com/production/tr:w-1280,ar-1200-1200,pr-true,f-auto,q-80/cms/product_variant/90d14a04-d444-457f-8fa7-c6c562633b33.jpeg"
Masala & Dry Fruits,Top Picks,"https://cdn.zeptonow.com/production/tr:w-90,ar-120-121,pr-true,f-auto,q-80/cms/sub_category/40.png",Farmley Premium Sunflower Seeds,Farmley,119,159,200 g,4.6 (1.9k),In Stock,https://www.zeptonow.com/pn/farmley-premium-sunflower-seeds/pvid/29e56d16-81c2-4742-8f38-2e080ffbcc72,"https://cdn.zeptonow.com/production/tr:w-1280,ar-1200-1200,pr-true,f-auto,q-80/cms/product_variant/e0315f49-25ee-4c58-a89d-70370f5a2160.jpeg"
Masala & Dry Fruits,Top Picks,"https://cdn.zeptonow.com/production/tr:w-90,ar-120-121,pr-true,f-auto,q-80/cms/sub_category/40.png",Nutraj Cashew/Kaju,Nutraj,251,399,200 g,4.6 (4.5k),In Stock,https://www.zeptonow.com/pn/nutraj-cashewkaju/pvid/36b05f1b-af2c-463e-9ead-af8655363efd,"https://cdn.zeptonow.com/production/tr:w-1280,ar-1000-1000,pr-true,f-auto,q-80/cms/product_variant/e11c3945-1a8e-4132-9b0f-566d4b502c6c.jpeg"
Masala & Dry Fruits,Top Picks,"https://cdn.zeptonow.com/production/tr:w-90,ar-120-121,pr-true,f-auto,q-80/cms/sub_category/40.png",Orika Jaljeera Lemonade Mix 10 Sachets,Orika,82,145,190 g,4.8 (473),In Stock,https://www.zeptonow.com/pn/orika-jaljeera-lemonade-mix-10-sachets/pvid/fc484bca-2863-4809-8378-d095a743e5c7,"https://cdn.zeptonow.com/production/tr:w-1280,ar-2000-2000,pr-true,f-auto,q-80/cms/product_variant/2f8bf7b4-cff4-41fc-9c52-a194895892b7.jpg"
Masala & Dry Fruits,Top Picks,"https://cdn.zeptonow.com/production/tr:w-90,ar-120-121,pr-true,f-auto,q-80/cms/sub_category/40.png",Aashirvaad Jeera,Aashirvaad,57,75,100 g,4.6 (7.9k),In Stock,https://www.zeptonow.com/pn/aashirvaad-jeera/pvid/d89a6034-01e4-4d64-9e02-b90d18d8c85d,"https://cdn.zeptonow.com/production/tr:w-1280,ar-1500-1500,pr-true,f-auto,q-80/cms/product_variant/17bfe78d-a60f-4e4f-a32e-e414e2339f86.jpg"
Masala & Dry Fruits,Top Picks,"https://cdn.zeptonow.com/production/tr:w-90,ar-120-121,pr-true,f-auto,q-80/cms/sub_category/40.png",Khari Foods Kimia Gold Dates / Khajur,Khari,216,349,400 g,4.1 (2.6k),In Stock,https://www.zeptonow.com/pn/khari-foods-kimia-gold-dates-khajur/pvid/ec44f742-6110-42a0-ba10-73b45b7ff260,"https://cdn.zeptonow.com/production/tr:w-1280,ar-1500-1500,pr-true,f-auto,q-80/cms/product_variant/d7cd0ce0-119e-47a3-a09d-fcc35f9be1ef.jpeg"
Masala & Dry Fruits,Top Picks,"https://cdn.zeptonow.com/production/tr:w-90,ar-120-121,pr-true,f-auto,q-80/cms/sub_category/40.png",Nutraj Black Raisin/Kismish,Nutraj,162,249,200 g,4.3 (1.0k),In Stock,https://www.zeptonow.com/pn/nutraj-black-raisinkismish/pvid/d02fe1bd-2918-4635-b108-b7b574ef862b,"https://cdn.zeptonow.com/production/tr:w-1280,ar-1000-1000,pr-true,f-auto,q-80/cms/product_variant/14855688-2e3a-4514-808c-aca667de4747.jpeg"
Masala & Dry Fruits,Top Picks,"https://cdn.zeptonow.com/production/tr:w-90,ar-120-121,pr-true,f-auto,q-80/cms/sub_category/40.png",Khari Foods Fig / Anjeer Dried,Khari,476,599,200 g,4.6 (634),In Stock,https://www.zeptonow.com/pn/khari-foods-fig-anjeer-dried/pvid/a89e50ab-afff-49e7-8e82-fbb45f6fcf58,"https://cdn.zeptonow.com/production/tr:w-1280,ar-1500-1500,pr-true,f-auto,q-80/cms/product_variant/bc0d81e2-20db-4a6c-894f-8b2e528651f7.jpeg"
Masala & Dry Fruits,Top Picks,"https://cdn.zeptonow.com/production/tr:w-90,ar-120-121,pr-true,f-auto,q-80/cms/sub_category/40.png",Aashirvaad Methi,Aashirvaad,50,50,200 g,4.7 (425),In Stock,https://www.zeptonow.com/pn/aashirvaad-methi/pvid/07cabc21-e8af-473b-98ef-aac419b9db6f,"https://cdn.zeptonow.com/production/tr:w-1280,ar-1500-1500,pr-true,f-auto,q-80/cms/product_variant/3d917d81-59b2-4589-baf6-7d00f5c71441.jpg"
Masala & Dry Fruits,Top Picks,"https://cdn.zeptonow.com/production/tr:w-90,ar-120-121,pr-true,f-auto,q-80/cms/sub_category/40.png",Badshah Chat Masala,Badshah,57,85,100 g,4.8 (462),In Stock,https://www.zeptonow.com/pn/badshah-chat-masala/pvid/97e3d89d-78c1-481b-965c-788e856c721a,"https://cdn.zeptonow.com/production/tr:w-1280,ar-2000-2000,pr-true,f-auto,q-80/cms/product_variant/8d63d579-7b47-427d-b786-efef93473d55.jpeg"
Masala & Dry Fruits,Top Picks,"https://cdn.zeptonow.com/production/tr:w-90,ar-120-121,pr-true,f-auto,q-80/cms/sub_category/40.png",Tata Sampann Premium Kalmi Dates Rich In Fibre Naturally Sweet Naturally Low-Fat Food,Tata,248,265,200 g,4.2 (330),In Stock,https://www.zeptonow.com/pn/tata-sampann-premium-kalmi-dates-rich-in-fibre-naturally-sweet-naturally-low-fat-food/pvid/f0e6e0d0-57e2-4bc2-aab7-130ac3711436,"https://cdn.zeptonow.com/production/tr:w-1280,ar-1500-1500,pr-true,f-auto,q-80/cms/product_variant/481cf09c-6828-4ea6-be51-21320fc1ec26.jpg"
Masala & Dry Fruits,Top Picks,"https://cdn.zeptonow.com/production/tr:w-90,ar-120-121,pr-true,f-auto,q-80/cms/sub_category/40.png",Nutraj Broken California Walnut/Akhrot,Nutraj,327,435,250 g,4.3 (797),In Stock,https://www.zeptonow.com/pn/nutraj-broken-california-walnutakhrot/pvid/98599c24-e8cd-4768-b315-47d1aa91a8c2,"https://cdn.zeptonow.com/production/tr:w-1280,ar-1500-1500,pr-true,f-auto,q-80/cms/product_variant/f6d4c482-fbec-4ba7-8381-8a659a6d4114.jpg"
Masala & Dry Fruits,Top Picks,"https://cdn.zeptonow.com/production/tr:w-90,ar-120-121,pr-true,f-auto,q-80/cms/sub_category/40.png",Orika Old Delhi Chat Masala,Orika,63,96,90 g,5 (680),In Stock,https://www.zeptonow.com/pn/orika-old-delhi-chat-masala/pvid/53145b92-48b0-4232-87c0-09b732a76181,"https://cdn.zeptonow.com/production/tr:w-1280,ar-1500-1500,pr-true,f-auto,q-80/cms/product_variant/bba6c285-23c1-4b37-8f52-c9f4798d563e.jpg"
Masala & Dry Fruits,Top Picks,"https://cdn.zeptonow.com/production/tr:w-90,ar-120-121,pr-true,f-auto,q-80/cms/sub_category/40.png",Nutraj Mix dry fruits Panchmeva superfood mix,Nutraj,429,699,500 g,4.2 (176),In Stock,https://www.zeptonow.com/pn/nutraj-mix-dry-fruits-panchmeva-superfood-mix/pvid/923b2855-62f3-40d0-a083-873e53660004,"https://cdn.zeptonow.com/production/tr:w-1280,ar-2000-2000,pr-true,f-auto,q-80/cms/product_variant/df6bf69c-22ee-4cb2-826f-f45989831ba1.jpg"
Masala & Dry Fruits,Top Picks,"https://cdn.zeptonow.com/production/tr:w-90,ar-120-121,pr-true,f-auto,q-80/cms/sub_category/40.png",Tata Sampann Chilli Powder with Natural Oils Lal Mirchi Powder,Tata,111,124,200 g,4.8 (3.3k),In Stock,https://www.zeptonow.com/pn/tata-sampann-chilli-powder-with-natural-oils-lal-mirchi-powder/pvid/d4c4e196-c6c2-4012-b97e-8868f880dad5,"https://cdn.zeptonow.com/production/tr:w-1280,ar-1200-1200,pr-true,f-auto,q-80/cms/product_variant/9d2a244b-34f3-4b4d-b13d-c498d9c73455.jpeg"
Masala & Dry Fruits,Top Picks,"https://cdn.zeptonow.com/production/tr:w-90,ar-120-121,pr-true,f-auto,q-80/cms/sub_category/40.png",CRISTA Zesty Chilli Lime Seasoning,CRISTA,107,159,50 g,5 (124),In Stock,https://www.zeptonow.com/pn/crista-zesty-chilli-lime-seasoning/pvid/cfba9cbb-ca81-404d-b2d2-66c2aa93dffd,"https://cdn.zeptonow.com/production/tr:w-1280,ar-2774-2759,pr-true,f-auto,q-80/cms/product_variant/dc01a744-1130-4678-b6d4-0522dead7c97.jpeg"
Masala & Dry Fruits,Top Picks,"https://cdn.zeptonow.com/production/tr:w-90,ar-120-121,pr-true,f-auto,q-80/cms/sub_category/40.png",Tata Sampann 100% Pure Premium Cashews/Kaju Whole,Tata,300,315,200 g,4.8 (4.4k),In Stock,https://www.zeptonow.com/pn/tata-sampann-100-pure-premium-cashewskaju-whole/pvid/2ef4991c-b8a8-4320-842d-1ded3388f918,"https://cdn.zeptonow.com/production/tr:w-1280,ar-1200-1200,pr-true,f-auto,q-80/cms/product_variant/ec5d7e85-cec8-4a7b-acd3-fc38eb496bfb.jpeg"
Masala & Dry Fruits,Top Picks,"https://cdn.zeptonow.com/production/tr:w-90,ar-120-121,pr-true,f-auto,q-80/cms/sub_category/40.png",Khari Foods Cherry Dried,Khari,141,149,100 g,4.4 (139),In Stock,https://www.zeptonow.com/pn/khari-foods-cherry-dried/pvid/03ef9829-7232-4efc-843d-194a42b68f15,"https://cdn.zeptonow.com/production/tr:w-1280,ar-1500-1500,pr-true,f-auto,q-80/cms/product_variant/d03c912b-8031-450d-883e-3426a5d58ed1.jpeg"
Masala & Dry Fruits,Top Picks,"https://cdn.zeptonow.com/production/tr:w-90,ar-120-121,pr-true,f-auto,q-80/cms/sub_category/40.png",Parrys Pure Refined Sugar,Parrys,61,70,1 kg,4.7 (2.2k),In Stock,https://www.zeptonow.com/pn/parrys-pure-refined-sugar/pvid/995a854b-e433-4dd0-932a-8288bea30801,"https://cdn.zeptonow.com/production/tr:w-1280,ar-1200-1200,pr-true,f-auto,q-80/cms/product_variant/3a9495ea-b92b-44c9-a8a3-7c76dc870bd0.jpeg"
Masala & Dry Fruits,Top Picks,"https://cdn.zeptonow.com/production/tr:w-90,ar-120-121,pr-true,f-auto,q-80/cms/sub_category/40.png",Happilo Classic Panchmewa Dry Fruit Mix Jar,Happilo,404,535,405 g,4.7 (624),In Stock,https://www.zeptonow.com/pn/happilo-classic-panchmewa-dry-fruit-mix-jar/pvid/d47f1629-14e8-40f7-afcf-02c62ada5b23,"https://cdn.zeptonow.com/production/tr:w-1280,ar-2225-2225,pr-true,f-auto,q-80/cms/product_variant/2b5d0e6b-dbde-44fa-8622-d9536c28699c.jpeg"
Masala & Dry Fruits,Top Picks,"https://cdn.zeptonow.com/production/tr:w-90,ar-120-121,pr-true,f-auto,q-80/cms/sub_category/40.png",Tata Sampann Turmeric Powder With Natural Oils Haldi Powder,Tata,206,235,500 g,4.8 (1.4k),In Stock,https://www.zeptonow.com/pn/tata-sampann-turmeric-powder-with-natural-oils-haldi-powder/pvid/f79f5f40-190b-40dd-98a7-86feac62eab8,"https://cdn.zeptonow.com/production/tr:w-1280,ar-1200-1200,pr-true,f-auto,q-80/cms/product_variant/31b96c2a-e2db-4365-bc93-f970ff73b447.jpeg"
Masala & Dry Fruits,Top Picks,"https://cdn.zeptonow.com/production/tr:w-90,ar-120-121,pr-true,f-auto,q-80/cms/sub_category/40.png",Aashirvaad Masala Karam | Multi-Purpose Masala for Tasty Dishes,Aashirvaad,120,150,200 g,4.6 (387),In Stock,https://www.zeptonow.com/pn/aashirvaad-masala-karam-multi-purpose-masala-for-tasty-dishes/pvid/b335cbf2-abcc-426b-bf24-331c484564ac,"https://cdn.zeptonow.com/production/tr:w-1280,ar-2560-2560,pr-true,f-auto,q-80/cms/product_variant/3bd6a14c-61e2-4b5c-bafb-1e795aa15912.jpeg"
Masala & Dry Fruits,Top Picks,"https://cdn.zeptonow.com/production/tr:w-90,ar-120-121,pr-true,f-auto,q-80/cms/sub_category/40.png",Tata Sampann Premium Arabian Dates Rich In Fibre Naturally Fat-Free Good For Gut Health,Tata,200,220,500 g,4.5 (706),In Stock,https://www.zeptonow.com/pn/tata-sampann-premium-arabian-dates-rich-in-fibre-naturally-fat-free-good-for-gut-health/pvid/c1e5b6e8-1c54-4377-9742-8daa28cd1c62,"https://cdn.zeptonow.com/production/tr:w-1280,ar-2400-2400,pr-true,f-auto,q-80/cms/product_variant/fa4f9d70-5b4d-4165-ade2-fdc279c69cb1.jpg"
Masala & Dry Fruits,Top Picks,"https://cdn.zeptonow.com/production/tr:w-90,ar-120-121,pr-true,f-auto,q-80/cms/sub_category/40.png",Open Secret Premium Black Raisins-Kishmish,Open Secret,353,525,500 g,4.5 (864),In Stock,https://www.zeptonow.com/pn/open-secret-premium-black-raisins-kishmish/pvid/005f3e2f-1d3b-4c60-87e4-33849a249ca1,"https://cdn.zeptonow.com/production/tr:w-1280,ar-2400-2400,pr-true,f-auto,q-80/cms/product_variant/f6e7bb44-81cb-4b09-8ac8-9de60d543c18.jpeg"
Masala & Dry Fruits,Top Picks,"https://cdn.zeptonow.com/production/tr:w-90,ar-120-121,pr-true,f-auto,q-80/cms/sub_category/40.png",Sugarfree Green 100% Natural Made From Stevia,Sugarfree,259,275,200 g,4.7 (1.4k),In Stock,https://www.zeptonow.com/pn/sugarfree-green-100-natural-made-from-stevia/pvid/1b5013a7-4a55-4df0-9c6a-4e2d17874248,"https://cdn.zeptonow.com/production/tr:w-1280,ar-2000-2000,pr-true,f-auto,q-80/cms/product_variant/3f8b80da-8837-4e1a-8f37-6209c8cb3ed5.jpeg"
Masala & Dry Fruits,Top Picks,"https://cdn.zeptonow.com/production/tr:w-90,ar-120-121,pr-true,f-auto,q-80/cms/sub_category/40.png",Farmley Kalmi Dates | Naturally Sweet Khajoor,Farmley,240,299,200 g,4.2 (253),In Stock,https://www.zeptonow.com/pn/farmley-kalmi-dates-naturally-sweet-khajoor/pvid/9703407c-caaa-4e3e-a839-a898faf3c6bc,"https://cdn.zeptonow.com/production/tr:w-1280,ar-6250-6250,pr-true,f-auto,q-80/cms/product_variant/45f05e67-b718-4517-943e-e274d9640cdc.jpg"
Masala & Dry Fruits,Top Picks,"https://cdn.zeptonow.com/production/tr:w-90,ar-120-121,pr-true,f-auto,q-80/cms/sub_category/40.png",Aashirvaad Himalayan Pink Salt,Aashirvaad,98,120,1 kg,4.7 (1.9k),In Stock,https://www.zeptonow.com/pn/aashirvaad-himalayan-pink-salt/pvid/70fda850-6ce7-43b8-9c3d-626fa5058df8,"https://cdn.zeptonow.com/production/tr:w-1280,ar-1500-1500,pr-true,f-auto,q-80/cms/product_variant/615f0b7d-bfb2-4b75-9b2c-242a4381f24f.jpg"
Masala & Dry Fruits,Top Picks,"https://cdn.zeptonow.com/production/tr:w-90,ar-120-121,pr-true,f-auto,q-80/cms/sub_category/40.png",ZOFF Cassia Bark - Dalchini Sticks,ZOFF,49,74,100 g,4.6 (2.5k),In Stock,https://www.zeptonow.com/pn/zoff-cassia-bark-dalchini-sticks/pvid/da76008f-e5f1-4a04-800a-c4052a218d0c,"https://cdn.zeptonow.com/production/tr:w-1280,ar-1500-1500,pr-true,f-auto,q-80/cms/product_variant/575b4367-77cb-4dd4-a523-3a733e788cb0.jpeg"
Masala & Dry Fruits,Top Picks,"https://cdn.zeptonow.com/production/tr:w-90,ar-120-121,pr-true,f-auto,q-80/cms/sub_category/40.png",Nutraj Sunflower Seeds,Nutraj,104,199,200 g,4.8 (994),In Stock,https://www.zeptonow.com/pn/nutraj-sunflower-seeds/pvid/c3480d95-a311-43ca-8429-27fe7dfeb40a,"https://cdn.zeptonow.com/production/tr:w-1280,ar-2400-2400,pr-true,f-auto,q-80/cms/product_variant/bd5d57a5-5db1-4323-9420-dddc6e83fa35.jpg"
Masala & Dry Fruits,Top Picks,"https://cdn.zeptonow.com/production/tr:w-90,ar-120-121,pr-true,f-auto,q-80/cms/sub_category/40.png",Tata Sampann Kitchen King Masala with Natural Oils Rich Aroma & Flavour,Tata,88,95,100 g,4.8 (2.8k),In Stock,https://www.zeptonow.com/pn/tata-sampann-kitchen-king-masala-with-natural-oils-rich-aroma-flavour/pvid/a9f2a58f-5155-4f93-8693-282742aa353c,"https://cdn.zeptonow.com/production/tr:w-1280,ar-1200-1200,pr-true,f-auto,q-80/cms/product_variant/050ed26a-b8bb-424b-8d06-23cfa3f22dcb.jpeg"
Masala & Dry Fruits,Top Picks,"https://cdn.zeptonow.com/production/tr:w-90,ar-120-121,pr-true,f-auto,q-80/cms/sub_category/40.png",Tata Sampann High Protein Makhana (Foxnut) | Phool Makhana for Prasadam - 100% Natural and Fat Free,Tata,425,630,200 g,4.1 (366),In Stock,https://www.zeptonow.com/pn/tata-sampann-high-protein-makhana-foxnut-phool-makhana-for-prasadam-100-natural-and-fat-free/pvid/de21641b-a10b-4da8-a0fa-039d35dc319a,"https://cdn.zeptonow.com/production/tr:w-1280,ar-1200-1200,pr-true,f-auto,q-80/cms/product_variant/6e5b0652-bf55-4592-a269-6451006068ce.jpeg"
Masala & Dry Fruits,Top Picks,"https://cdn.zeptonow.com/production/tr:w-90,ar-120-121,pr-true,f-auto,q-80/cms/sub_category/40.png",ZOFF Foods Clove Whole / Laung,ZOFF,78,100,50 g,4.7 (1.8k),In Stock,https://www.zeptonow.com/pn/zoff-foods-clove-whole-laung/pvid/eb9656aa-da85-43b8-893c-2e26addaa335,"https://cdn.zeptonow.com/production/tr:w-1280,ar-1500-1500,pr-true,f-auto,q-80/cms/product_variant/cfc4d063-ba17-4f80-8e65-1a13284dfd10.jpeg"
Masala & Dry Fruits,Top Picks,"https://cdn.zeptonow.com/production/tr:w-90,ar-120-121,pr-true,f-auto,q-80/cms/sub_category/40.png",Nutraj Broken Walnut/Akhrot Giri,Nutraj,314,449,250 g,4.1 (739),In Stock,https://www.zeptonow.com/pn/nutraj-broken-walnutakhrot-giri/pvid/8fc14520-c060-47bb-a12b-29706baf89d0,"https://cdn.zeptonow.com/production/tr:w-1280,ar-1500-1500,pr-true,f-auto,q-80/cms/product_variant/1580bef5-9a52-4424-999d-8f45ee70de5e.jpg"
Masala & Dry Fruits,Top Picks,"https://cdn.zeptonow.com/production/tr:w-90,ar-120-121,pr-true,f-auto,q-80/cms/sub_category/40.png",Orika Kasoori Methi Whole | Sabut Kasoori Methi,Orika,38,60,50 g,4.7 (1.3k),In Stock,https://www.zeptonow.com/pn/orika-kasoori-methi-whole-sabut-kasoori-methi/pvid/d76b8d37-3c45-4d12-a78a-3a73acac3221,"https://cdn.zeptonow.com/production/tr:w-1280,ar-1000-1000,pr-true,f-auto,q-80/cms/product_variant/c6aa5cec-fe06-49e3-8d14-92ef93df34ce.jpg"
Masala & Dry Fruits,Top Picks,"https://cdn.zeptonow.com/production/tr:w-90,ar-120-121,pr-true,f-auto,q-80/cms/sub_category/40.png",Nutraj Pumpkin Seeds,Nutraj,157,249,200 g,4.7 (1.4k),In Stock,https://www.zeptonow.com/pn/nutraj-pumpkin-seeds/pvid/cfe37b98-858c-4bd5-afd5-fa5c2cf0c212,"https://cdn.zeptonow.com/production/tr:w-1280,ar-2400-2400,pr-true,f-auto,q-80/cms/product_variant/29bc0540-1219-4fc7-97c0-d83e9f44fefc.jpeg"
Masala & Dry Fruits,Top Picks,"https://cdn.zeptonow.com/production/tr:w-90,ar-120-121,pr-true,f-auto,q-80/cms/sub_category/40.png",Aashirvaad Punjabi Chole Masala,Aashirvaad,97,110,100 g,4.5 (286),In Stock,https://www.zeptonow.com/pn/aashirvaad-punjabi-chole-masala/pvid/f6ee080e-93a5-4e4e-bb3b-b25b5749c73e,"https://cdn.zeptonow.com/production/tr:w-1280,ar-1500-1500,pr-true,f-auto,q-80/cms/product_variant/678405fa-31e5-4a63-81ec-1a7d6683e7d8.jpg"
Masala & Dry Fruits,Top Picks,"https://cdn.zeptonow.com/production/tr:w-90,ar-120-121,pr-true,f-auto,q-80/cms/sub_category/40.png",Tata Sampann Spices Punjabi Chhole Masala,Tata,89,93,100 g,4.8 (964),In Stock,https://www.zeptonow.com/pn/tata-sampann-spices-punjabi-chhole-masala/pvid/035d066b-ced2-4af6-8458-d3a84c66d889,"https://cdn.zeptonow.com/production/tr:w-1280,ar-1200-1200,pr-true,f-auto,q-80/cms/product_variant/a1c6e348-98c0-4241-9cc4-a1749765d446.jpeg"
Masala & Dry Fruits,Top Picks,"https://cdn.zeptonow.com/production/tr:w-90,ar-120-121,pr-true,f-auto,q-80/cms/sub_category/40.png",Happilo Premium International Omani Dates,Happilo,357,549,680 g,4.2 (144),In Stock,https://www.zeptonow.com/pn/happilo-premium-international-omani-dates/pvid/207f33d3-0f55-4539-9e67-a99390472f4a,"https://cdn.zeptonow.com/production/tr:w-1280,ar-1200-1200,pr-true,f-auto,q-80/cms/product_variant/9e629990-3e1f-4396-8103-7eedb2f7dba0.jpeg"
Masala & Dry Fruits,Top Picks,"https://cdn.zeptonow.com/production/tr:w-90,ar-120-121,pr-true,f-auto,q-80/cms/sub_category/40.png",Farmley Whole Cashews | Kaju,Farmley,538,899,500 g,4.3 (502),In Stock,https://www.zeptonow.com/pn/farmley-whole-cashews-kaju/pvid/3bf7fe9e-8b67-4216-9a07-df5a14177930,"https://cdn.zeptonow.com/production/tr:w-1280,ar-2000-2000,pr-true,f-auto,q-80/cms/product_variant/5a48bf5c-4966-4feb-848b-33e8219ce9e7.jpeg"
Masala & Dry Fruits,Top Picks,"https://cdn.zeptonow.com/production/tr:w-90,ar-120-121,pr-true,f-auto,q-80/cms/sub_category/40.png",Forgreen Natural Palm Jaggery Powder,Forgreen,235,249,250 g,4.1 (122),In Stock,https://www.zeptonow.com/pn/forgreen-natural-palm-jaggery-powder/pvid/a90ff556-98ad-4598-9343-f1260f75e35d,"https://cdn.zeptonow.com/production/tr:w-1280,ar-585-778,pr-true,f-auto,q-80/cms/product_variant/ebdef996-76dc-45bd-b35b-5a040e3ee5dd.jpg"
Masala & Dry Fruits,Top Picks,"https://cdn.zeptonow.com/production/tr:w-90,ar-120-121,pr-true,f-auto,q-80/cms/sub_category/40.png",Orika Black Pepper Powder | Kaali Mirch Powder,Orika,126,185,100 g,4.4 (428),In Stock,https://www.zeptonow.com/pn/orika-black-pepper-powder-kaali-mirch-powder/pvid/a1e2b106-ef03-4d03-80ed-707f0b177180,"https://cdn.zeptonow.com/production/tr:w-1280,ar-1205-1500,pr-true,f-auto,q-80/cms/product_variant/c33b07ad-414b-475f-b999-a9a7665da8c9.jpg"
Masala & Dry Fruits,Top Picks,"https://cdn.zeptonow.com/production/tr:w-90,ar-120-121,pr-true,f-auto,q-80/cms/sub_category/40.png",Aashirvaad Ajwain,Aashirvaad,94,110,200 g,4.7 (185),In Stock,https://www.zeptonow.com/pn/aashirvaad-ajwain/pvid/88f5836f-72f6-4ad1-b744-133b17c1969c,"https://cdn.zeptonow.com/production/tr:w-1280,ar-1500-1500,pr-true,f-auto,q-80/cms/product_variant/c8ca83fd-2aa6-48b8-9c63-b2ad183999d1.jpg"
Masala & Dry Fruits,Top Picks,"https://cdn.zeptonow.com/production/tr:w-90,ar-120-121,pr-true,f-auto,q-80/cms/sub_category/40.png",Farmley Prasadam Makhana | Foxnuts,Farmley,430,595,200 g,4.6 (5.1k),In Stock,https://www.zeptonow.com/pn/farmley-prasadam-makhana-foxnuts/pvid/10c66780-4d00-46f5-aa7b-66c255a567d6,"https://cdn.zeptonow.com/production/tr:w-1280,ar-1000-1000,pr-true,f-auto,q-80/cms/product_variant/34944a57-e120-4d67-bbdb-aceeaad19b40.jpeg"
Masala & Dry Fruits,Top Picks,"https://cdn.zeptonow.com/production/tr:w-90,ar-120-121,pr-true,f-auto,q-80/cms/sub_category/40.png",Orika Kashmiri Chilli Powder | Kashmiri Lal Mirch,Orika,76,124,100 g,4.6 (421),In Stock,https://www.zeptonow.com/pn/orika-kashmiri-chilli-powder-kashmiri-lal-mirch/pvid/0e80434f-0d35-48b3-89b9-6fc50520b9ff,"https://cdn.zeptonow.com/production/tr:w-1280,ar-1205-1500,pr-true,f-auto,q-80/cms/product_variant/a8bf8c7b-fef9-4aa5-9c36-892330a252e7.jpg"
Masala & Dry Fruits,Top Picks,"https://cdn.zeptonow.com/production/tr:w-90,ar-120-121,pr-true,f-auto,q-80/cms/sub_category/40.png",Tata Sampann 100% Pure Premium Chia Seed,Tata,182,209,200 g,4.6 (575),In Stock,https://www.zeptonow.com/pn/tata-sampann-100-pure-premium-chia-seed/pvid/7663214d-e2d6-47aa-b5ba-401e3cf702ba,"https://cdn.zeptonow.com/production/tr:w-1280,ar-1000-1000,pr-true,f-auto,q-80/cms/product_variant/9e6f7f63-e8f3-4894-8390-21107a933fd7.jpeg"
Masala & Dry Fruits,Top Picks,"https://cdn.zeptonow.com/production/tr:w-90,ar-120-121,pr-true,f-auto,q-80/cms/sub_category/40.png",Tata Sampann Turmeric Powder With Natural Oils Haldi Powder,Tata,43,48,100 g,4.7 (2.0k),In Stock,https://www.zeptonow.com/pn/tata-sampann-turmeric-powder-with-natural-oils-haldi-powder/pvid/bd960e2d-f8db-4ebc-97f6-058e2310de4d,"https://cdn.zeptonow.com/production/tr:w-1280,ar-1200-1200,pr-true,f-auto,q-80/cms/product_variant/688b49c1-c09b-4c52-91c1-12c827115009.jpeg"
Masala & Dry Fruits,Top Picks,"https://cdn.zeptonow.com/production/tr:w-90,ar-120-121,pr-true,f-auto,q-80/cms/sub_category/40.png",Farmley Premium Natural Chia Seeds Jar Rich In Protein & Fiber,Farmley,530,1199,1 kg,4.8 (160),In Stock,https://www.zeptonow.com/pn/farmley-premium-natural-chia-seeds-jar-rich-in-protein-fiber/pvid/7382f9ca-f634-47bd-a653-1d30bd3ed68b,"https://cdn.zeptonow.com/production/tr:w-1280,ar-469-469,pr-true,f-auto,q-80/cms/product_variant/49c2f6f6-67e7-48da-9dbb-08bbad59821c.jpeg"
Masala & Dry Fruits,Top Picks,"https://cdn.zeptonow.com/production/tr:w-90,ar-120-121,pr-true,f-auto,q-80/cms/sub_category/40.png",ZOFF Cumin - Jeera Powder,ZOFF,49,80,100 g,4.6 (1.3k),In Stock,https://www.zeptonow.com/pn/zoff-cumin-jeera-powder/pvid/19c5361d-b2a5-456e-9685-120251779398,"https://cdn.zeptonow.com/production/tr:w-1280,ar-1500-1500,pr-true,f-auto,q-80/cms/product_variant/ed9c5a66-bbdd-456c-adf0-3461b079e580.jpeg"
Masala & Dry Fruits,Top Picks,"https://cdn.zeptonow.com/production/tr:w-90,ar-120-121,pr-true,f-auto,q-80/cms/sub_category/40.png",CRISTA Woody Oregano Seasoning,CRISTA,67,95,50 g,4.5 (539),In Stock,https://www.zeptonow.com/pn/crista-woody-oregano-seasoning/pvid/df5f9a5e-8cd5-428f-a7df-c68125d8046c,"https://cdn.zeptonow.com/production/tr:w-1280,ar-2774-2771,pr-true,f-auto,q-80/cms/product_variant/c18da7c2-2003-4b3f-8760-c5b7a5b4a82b.jpeg"
Masala & Dry Fruits,Top Picks,"https://cdn.zeptonow.com/production/tr:w-90,ar-120-121,pr-true,f-auto,q-80/cms/sub_category/40.png",Daily Good Jaggery / Gur / Gud,Daily Good,85,170,1 kg,4.5 (2.0k),In Stock,https://www.zeptonow.com/pn/daily-good-jaggery-gur-gud/pvid/ad74eb5d-c63d-4b3a-92cd-fbbcdf609ac6,"https://cdn.zeptonow.com/production/tr:w-1280,ar-1200-1200,pr-true,f-auto,q-80/cms/product_variant/9f3ee098-2391-4504-a873-f7670b2ff946.jpg"
Masala & Dry Fruits,Top Picks,"https://cdn.zeptonow.com/production/tr:w-90,ar-120-121,pr-true,f-auto,q-80/cms/sub_category/40.png",Tata Sampann Protein 7-In-1 Seed & Nut Mix,Tata,235,270,200 g,4.4 (472),In Stock,https://www.zeptonow.com/pn/tata-sampann-protein-7-in-1-seed-nut-mix/pvid/5efbc319-e202-4485-8f4f-02f96dbc04b2,"https://cdn.zeptonow.com/production/tr:w-1280,ar-1000-1000,pr-true,f-auto,q-80/cms/product_variant/f465eb58-6693-45bf-a485-d944753428e5.jpg"
Masala & Dry Fruits,Top Picks,"https://cdn.zeptonow.com/production/tr:w-90,ar-120-121,pr-true,f-auto,q-80/cms/sub_category/40.png",Happilo 100% Natural Premium Whole Cashews,Happilo,574,995,500 g,4.5 (673),In Stock,https://www.zeptonow.com/pn/happilo-100-natural-premium-whole-cashews/pvid/acb799d8-6207-4c87-bb10-16424cd9bf12,"https://cdn.zeptonow.com/production/tr:w-1280,ar-1200-1200,pr-true,f-auto,q-80/cms/product_variant/5ca3e5e2-0873-495d-96ee-da7155150135.jpeg"
Masala & Dry Fruits,Top Picks,"https://cdn.zeptonow.com/production/tr:w-90,ar-120-121,pr-true,f-auto,q-80/cms/sub_category/40.png",Happilo Premium Turkish Apricots,Happilo Premium,314,365,200 g,4.6 (149),In Stock,https://www.zeptonow.com/pn/happilo-premium-turkish-apricots/pvid/1f866188-7491-43ef-9b9a-abdce99545d5,"https://cdn.zeptonow.com/production/tr:w-1280,ar-1200-1200,pr-true,f-auto,q-80/cms/product_variant/675f744d-1761-402c-95c7-1eb2ee96c4ed.jpeg"
Masala & Dry Fruits,Top Picks,"https://cdn.zeptonow.com/production/tr:w-90,ar-120-121,pr-true,f-auto,q-80/cms/sub_category/40.png","Tata Salt, Free Flowing and Iodised Namak, Vacuum Evaporated, Salt in Fresh",Tata,28,30,1 kg,4.7 (222.4k),In Stock,https://www.zeptonow.com/pn/tata-salt-free-flowing-and-iodised-namak-vacuum-evaporated-salt-in-fresh/pvid/208bdb3c-da54-493a-9cb1-5b6c159ae9e1,"https://cdn.zeptonow.com/production/tr:w-1280,ar-1200-1200,pr-true,f-auto,q-80/cms/product_variant/e5aa24aa-efba-40ac-9e81-930e26468036.jpeg"
Masala & Dry Fruits,Top Picks,"https://cdn.zeptonow.com/production/tr:w-90,ar-120-121,pr-true,f-auto,q-80/cms/sub_category/40.png",Orika Neemuch Ajwain,Orika,53,80,100 g,4.9 (475),In Stock,https://www.zeptonow.com/pn/orika-neemuch-ajwain/pvid/7171c246-becb-46eb-98c2-e6a28252c8a8,"https://cdn.zeptonow.com/production/tr:w-1280,ar-1198-1500,pr-true,f-auto,q-80/cms/product_variant/7f0f33d2-a1dc-4ba6-9781-d4b4626740bd.jpg"
Masala & Dry Fruits,Top Picks,"https://cdn.zeptonow.com/production/tr:w-90,ar-120-121,pr-true,f-auto,q-80/cms/sub_category/40.png","Open Secret Chia Seeds - Protein Rich, High In Fibre",Open Secret,139,299,200 g,4.7 (543),In Stock,https://www.zeptonow.com/pn/open-secret-chia-seeds-protein-rich-high-in-fibre/pvid/b6f7e945-55c7-48da-8375-d7293350e4ac,"https://cdn.zeptonow.com/production/tr:w-1280,ar-1000-1000,pr-true,f-auto,q-80/cms/product_variant/a9cd129e-9099-449d-b406-a35d7a615d9c.jpg"
Masala & Dry Fruits,Top Picks,"https://cdn.zeptonow.com/production/tr:w-90,ar-120-121,pr-true,f-auto,q-80/cms/sub_category/40.png",Happilo Premium Unsalted Pistachio Kernels,Happilo,486,549,150 g,4.5 (67),In Stock,https://www.zeptonow.com/pn/happilo-premium-unsalted-pistachio-kernels/pvid/236b3306-4c0a-4b07-a316-b47886ff6051,"https://cdn.zeptonow.com/production/tr:w-1280,ar-1200-1200,pr-true,f-auto,q-80/cms/product_variant/0ac9d59c-2592-4b36-b3c8-4c1dbe7c05aa.jpeg"
Masala & Dry Fruits,Top Picks,"https://cdn.zeptonow.com/production/tr:w-90,ar-120-121,pr-true,f-auto,q-80/cms/sub_category/40.png",Aashirvaad Mustard,Aashirvaad,48,50,200 g,4.6 (363),In Stock,https://www.zeptonow.com/pn/aashirvaad-mustard/pvid/a1b601eb-d301-4799-b6e6-f6cb823be3aa,"https://cdn.zeptonow.com/production/tr:w-1280,ar-1500-1500,pr-true,f-auto,q-80/cms/product_variant/c35af5d1-9931-4500-8b36-8b518211887e.jpg"
Masala & Dry Fruits,Top Picks,"https://cdn.zeptonow.com/production/tr:w-90,ar-120-121,pr-true,f-auto,q-80/cms/sub_category/40.png",By Nature Himalayan Pink Salt Salt In Fresh Mineral Rich Low Sodium Pink Salt Flavorful Vegan Food,By,146,160,400 g,4.9 (436),In Stock,https://www.zeptonow.com/pn/by-nature-himalayan-pink-salt-salt-in-fresh-mineral-rich-low-sodium-pink-salt-flavorful-vegan-food/pvid/ac14e0cb-d98e-41cf-a3e6-e46ff9724506,"https://cdn.zeptonow.com/production/tr:w-1280,ar-1200-1200,pr-true,f-auto,q-80/cms/product_variant/edea0cb3-f958-4175-bdad-270af2d0439e.jpeg"
Masala & Dry Fruits,Top Picks,"https://cdn.zeptonow.com/production/tr:w-90,ar-120-121,pr-true,f-auto,q-80/cms/sub_category/40.png",Farmley Premium California Roasted & Salted Pistachios,Farmley,357,469,200 g,4.4 (1.0k),In Stock,https://www.zeptonow.com/pn/farmley-premium-california-roasted-salted-pistachios/pvid/0be94530-cef5-43e2-9c12-6220f7453957,"https://cdn.zeptonow.com/production/tr:w-1280,ar-1000-1000,pr-true,f-auto,q-80/cms/product_variant/28d510bb-4c8a-4c58-a95c-aa011fbc533b.jpeg"
Masala & Dry Fruits,Top Picks,"https://cdn.zeptonow.com/production/tr:w-90,ar-120-121,pr-true,f-auto,q-80/cms/sub_category/40.png",Khari Foods Kalmi Dates / Khajur,Khari,276,399,250 g,4.2 (791),In Stock,https://www.zeptonow.com/pn/khari-foods-kalmi-dates-khajur/pvid/1ecdb7f5-9ab8-4cc6-a5a7-0433f068ad21,"https://cdn.zeptonow.com/production/tr:w-1280,ar-1500-1500,pr-true,f-auto,q-80/cms/product_variant/49d6dfee-94f8-45c3-af07-6cec81a06a3b.jpeg"
Masala & Dry Fruits,Top Picks,"https://cdn.zeptonow.com/production/tr:w-90,ar-120-121,pr-true,f-auto,q-80/cms/sub_category/40.png",Popular Essentials Pure Jaggery,Popular Essentials,65,70,450 g,4.7 (1.5k),In Stock,https://www.zeptonow.com/pn/popular-essentials-pure-jaggery/pvid/8b9057d8-9fe8-4396-a953-2461b2288251,"https://cdn.zeptonow.com/production/tr:w-1280,ar-1200-1200,pr-true,f-auto,q-80/cms/product_variant/6a15842a-9684-4a74-ab51-64597cb0de48.jpeg"
Masala & Dry Fruits,Top Picks,"https://cdn.zeptonow.com/production/tr:w-90,ar-120-121,pr-true,f-auto,q-80/cms/sub_category/40.png",Nutraj Raw Chia Seeds,Nutraj,127,299,200 g,4.7 (3.7k),In Stock,https://www.zeptonow.com/pn/nutraj-raw-chia-seeds/pvid/2d663dbb-b37a-499d-8d7e-69d0e6280691,"https://cdn.zeptonow.com/production/tr:w-1280,ar-1000-1000,pr-true,f-auto,q-80/cms/product_variant/711ac1fe-add8-49f9-aba5-f5f5d02a0096.jpeg"
Masala & Dry Fruits,Top Picks,"https://cdn.zeptonow.com/production/tr:w-90,ar-120-121,pr-true,f-auto,q-80/cms/sub_category/40.png",Tata Sampann 100% Pure Premium Walnuts/Akhrot,Tata,427,500,200 g,4.9 (221),In Stock,https://www.zeptonow.com/pn/tata-sampann-100-pure-premium-walnutsakhrot/pvid/c484a3a3-659a-497b-a8c9-76956d5b771c,"https://cdn.zeptonow.com/production/tr:w-1280,ar-1000-1000,pr-true,f-auto,q-80/inventory/product/dbe9b861-9680-4d17-ac65-1dec86c4e8d7-/tmp/20230805-0737591.jpeg"
Masala & Dry Fruits,Top Picks,"https://cdn.zeptonow.com/production/tr:w-90,ar-120-121,pr-true,f-auto,q-80/cms/sub_category/40.png",Happilo Premium Californian Pitted Prunes,Happilo,316,375,200 g,4.6 (80),In Stock,https://www.zeptonow.com/pn/happilo-premium-californian-pitted-prunes/pvid/62e8bdc9-014f-4695-a1c5-56ce33c4b9a3,"https://cdn.zeptonow.com/production/tr:w-1280,ar-1200-1200,pr-true,f-auto,q-80/cms/product_variant/46478994-30c0-492e-b056-edf1deb53c6e.jpeg"
Masala & Dry Fruits,Top Picks,"https://cdn.zeptonow.com/production/tr:w-90,ar-120-121,pr-true,f-auto,q-80/cms/sub_category/40.png",Aashirvaad Iodized Salt | Natural | Solar Evaporated Everyday Salt,Aashirvaad,26,30,1 kg,4.7 (55.5k),In Stock,https://www.zeptonow.com/pn/aashirvaad-iodized-salt-natural-solar-evaporated-everyday-salt/pvid/f5e3e70b-f1f0-4295-943b-62b5a214a412,"https://cdn.zeptonow.com/production/tr:w-1280,ar-1200-1200,pr-true,f-auto,q-80/cms/product_variant/4be43806-36a3-4bc7-a3ef-70a727f4fe64.jpeg"
Masala & Dry Fruits,Top Picks,"https://cdn.zeptonow.com/production/tr:w-90,ar-120-121,pr-true,f-auto,q-80/cms/sub_category/40.png",CRISTA Earthy Oregano,CRISTA,72,109,20 g,4.8 (565),In Stock,https://www.zeptonow.com/pn/crista-earthy-oregano/pvid/c03f213e-513c-46d3-8b97-dccd26661712,"https://cdn.zeptonow.com/production/tr:w-1280,ar-2772-2767,pr-true,f-auto,q-80/cms/product_variant/15bc29ab-2165-45cf-90b8-0964b4a9f683.jpeg"
Masala & Dry Fruits,Top Picks,"https://cdn.zeptonow.com/production/tr:w-90,ar-120-121,pr-true,f-auto,q-80/cms/sub_category/40.png",Farmley Barkat Dates | Naturally Sweet Khajoor,Farmley,120,149,250 g,4.4 (1.5k),In Stock,https://www.zeptonow.com/pn/farmley-barkat-dates-naturally-sweet-khajoor/pvid/46d71574-3511-4315-8931-d337ad084418,"https://cdn.zeptonow.com/production/tr:w-1280,ar-6250-6250,pr-true,f-auto,q-80/cms/product_variant/63091cd1-a831-4fcd-b7fa-d1c01a8d93a3.jpg"
Masala & Dry Fruits,Top Picks,"https://cdn.zeptonow.com/production/tr:w-90,ar-120-121,pr-true,f-auto,q-80/cms/sub_category/40.png",Tata Sampann 100% Pure | Seedless Black Raisins,Tata,193,240,200 g,4.6 (1.4k),In Stock,https://www.zeptonow.com/pn/tata-sampann-100-pure-seedless-black-raisins/pvid/73525afc-6e59-4a69-bb7b-f88f57730b59,"https://cdn.zeptonow.com/production/tr:w-1280,ar-1200-1200,pr-true,f-auto,q-80/cms/product_variant/ec83e056-1402-4ae6-8b19-443afde92576.jpeg"
Masala & Dry Fruits,Top Picks,"https://cdn.zeptonow.com/production/tr:w-90,ar-120-121,pr-true,f-auto,q-80/cms/sub_category/40.png",CRISTA Kashmiri Chilli Powder,CRISTA,79,125,100 g,5 (229),In Stock,https://www.zeptonow.com/pn/crista-kashmiri-chilli-powder/pvid/3818a970-f86b-470d-a7b6-cff597e94774,"https://cdn.zeptonow.com/production/tr:w-1280,ar-2776-2760,pr-true,f-auto,q-80/cms/product_variant/1eab2639-5f4c-4943-87e6-b63dc594dfc9.jpeg"
Masala & Dry Fruits,Top Picks,"https://cdn.zeptonow.com/production/tr:w-90,ar-120-121,pr-true,f-auto,q-80/cms/sub_category/40.png",Tata Sampann 100% Premium Pumpkin Seeds,Tata,219,270,200 g,4.4 (346),In Stock,https://www.zeptonow.com/pn/tata-sampann-100-premium-pumpkin-seeds/pvid/2798d577-4216-4b34-a68e-95475f0285f9,"https://cdn.zeptonow.com/production/tr:w-1280,ar-1200-1200,pr-true,f-auto,q-80/cms/product_variant/580eed52-7a85-46bb-a508-bd5fc3d25d91.jpeg"
Masala & Dry Fruits,Top Picks,"https://cdn.zeptonow.com/production/tr:w-90,ar-120-121,pr-true,f-auto,q-80/cms/sub_category/40.png",ZOFF Foods Garam Masala Whole Spices,ZOFF,67,84,50 g,4.5 (811),In Stock,https://www.zeptonow.com/pn/zoff-foods-garam-masala-whole-spices/pvid/3da45ad4-7d6e-4fac-b2c5-af8374ae9ffe,"https://cdn.zeptonow.com/production/tr:w-1280,ar-1200-1200,pr-true,f-auto,q-80/cms/product_variant/635e3c85-9178-4b40-a731-63ad3eb25f47.jpeg"
Masala & Dry Fruits,Top Picks,"https://cdn.zeptonow.com/production/tr:w-90,ar-120-121,pr-true,f-auto,q-80/cms/sub_category/40.png",Farmley Premium Extra Light Halves Walnut (Akhrot) Kernels,Farmley,430,569,200 g,4.3 (498),In Stock,https://www.zeptonow.com/pn/farmley-premium-extra-light-halves-walnut-akhrot-kernels/pvid/d0347835-6af5-4174-90dc-e5ebb9df5cd4,"https://cdn.zeptonow.com/production/tr:w-1280,ar-2000-2000,pr-true,f-auto,q-80/cms/product_variant/621e7422-749d-4715-b6eb-5ec9bfa31f8e.jpeg"
Masala & Dry Fruits,Top Picks,"https://cdn.zeptonow.com/production/tr:w-90,ar-120-121,pr-true,f-auto,q-80/cms/sub_category/40.png",Town Grocer Dried Figs / Anjeer,Town,154,235,100 g,4.7 (984),In Stock,https://www.zeptonow.com/pn/town-grocer-dried-figs-anjeer/pvid/c2608345-09d4-4943-938f-5cc28a3ee963,"https://cdn.zeptonow.com/production/tr:w-1280,ar-1000-1000,pr-true,f-auto,q-80/cms/product_variant/db97e801-a847-4a67-92e5-b49f6a7c900b.jpeg"
Masala & Dry Fruits,Top Picks,"https://cdn.zeptonow.com/production/tr:w-90,ar-120-121,pr-true,f-auto,q-80/cms/sub_category/40.png",Daily Good Jaggery - Gur - Gud,Daily Good,43,90,500 g,4.4 (7.6k),In Stock,https://www.zeptonow.com/pn/daily-good-jaggery-gur-gud/pvid/bbe1ebd8-41ba-4150-b15b-3885a814b261,"https://cdn.zeptonow.com/production/tr:w-1280,ar-1200-1200,pr-true,f-auto,q-80/cms/product_variant/b770dd91-6035-4fec-8507-a0b85a3ebd63.jpg"
Masala & Dry Fruits,Top Picks,"https://cdn.zeptonow.com/production/tr:w-90,ar-120-121,pr-true,f-auto,q-80/cms/sub_category/40.png",Orika Italian Seasoning,Orika,70,95,75 g,4.9 (868),In Stock,https://www.zeptonow.com/pn/orika-italian-seasoning/pvid/417b01af-55f2-4f6e-8814-f37ec3f52e89,"https://cdn.zeptonow.com/production/tr:w-1280,ar-1000-1000,pr-true,f-auto,q-80/cms/product_variant/f977102d-46e3-47d8-b164-872b20cea23f.jpeg"
Masala & Dry Fruits,Top Picks,"https://cdn.zeptonow.com/production/tr:w-90,ar-120-121,pr-true,f-auto,q-80/cms/sub_category/40.png",Badshah Red Chilli Powder,Badshah,167,270,500 g,4.8 (196),In Stock,https://www.zeptonow.com/pn/badshah-red-chilli-powder/pvid/98e938c6-dea7-4740-8e4e-7df1dddc861c,"https://cdn.zeptonow.com/production/tr:w-1280,ar-2000-2000,pr-true,f-auto,q-80/cms/product_variant/27e45afa-f809-46fb-ad98-530c8febd0a1.jpeg"
Masala & Dry Fruits,Top Picks,"https://cdn.zeptonow.com/production/tr:w-90,ar-120-121,pr-true,f-auto,q-80/cms/sub_category/40.png",Daily Good Black Salt Powder,Daily Good,19,35,200 g,4.7 (4.2k),In Stock,https://www.zeptonow.com/pn/daily-good-black-salt-powder/pvid/7b4ca00d-ade4-4732-bffc-e20b5a11a686,"https://cdn.zeptonow.com/production/tr:w-1280,ar-2069-2069,pr-true,f-auto,q-80/cms/product_variant/99ee6158-7c9c-4d0f-aa9e-5249be053475.jpeg"
Masala & Dry Fruits,Top Picks,"https://cdn.zeptonow.com/production/tr:w-90,ar-120-121,pr-true,f-auto,q-80/cms/sub_category/40.png",Badshah Amchur Powder,Badshah,64,96,100 g,4.9 (190),In Stock,https://www.zeptonow.com/pn/badshah-amchur-powder/pvid/cee0dcb4-8d1f-4b15-9582-d7631c6d1daf,"https://cdn.zeptonow.com/production/tr:w-1280,ar-2000-2000,pr-true,f-auto,q-80/cms/product_variant/03119354-f4fc-4599-ad28-7e68da8f35d8.jpeg"
Masala & Dry Fruits,Top Picks,"https://cdn.zeptonow.com/production/tr:w-90,ar-120-121,pr-true,f-auto,q-80/cms/sub_category/40.png",Nutraj Almond/Badam California,Nutraj,442,599,500 g,4.4 (3.0k),In Stock,https://www.zeptonow.com/pn/nutraj-almondbadam-california/pvid/975b7149-bc29-4206-b840-f3033c27ce63,"https://cdn.zeptonow.com/production/tr:w-1280,ar-1500-1500,pr-true,f-auto,q-80/cms/product_variant/43723756-f7c2-408b-ad85-dfe5d9882df8.jpg"
Masala & Dry Fruits,Top Picks,"https://cdn.zeptonow.com/production/tr:w-90,ar-120-121,pr-true,f-auto,q-80/cms/sub_category/40.png",ZOFF Big Fennel Seeds Whole - Saunf,ZOFF,54,79,100 g,4.5 (3.2k),In Stock,https://www.zeptonow.com/pn/zoff-big-fennel-seeds-whole-saunf/pvid/60e7dd3c-fa6d-4ad0-b7ce-ad9bb827d169,"https://cdn.zeptonow.com/production/tr:w-1280,ar-1500-1500,pr-true,f-auto,q-80/cms/product_variant/86d3840d-f76b-45fa-91a4-1e53d8f6a505.jpeg"
Masala & Dry Fruits,Top Picks,"https://cdn.zeptonow.com/production/tr:w-90,ar-120-121,pr-true,f-auto,q-80/cms/sub_category/40.png",Himalayan Natives Himalayan Pink Salt - Powder,Himalayan,89,189,1 kg,4.1 (367),In Stock,https://www.zeptonow.com/pn/himalayan-natives-himalayan-pink-salt-powder/pvid/5b5dfcaa-75db-4f91-8732-a48d1da52f9b,"https://cdn.zeptonow.com/production/tr:w-1280,ar-1080-1080,pr-true,f-auto,q-80/cms/product_variant/1a25227b-1178-4bf5-b76a-d4d16960a712.jpeg"
Masala & Dry Fruits,Top Picks,"https://cdn.zeptonow.com/production/tr:w-90,ar-120-121,pr-true,f-auto,q-80/cms/sub_category/40.png",Tata Sampann 100% Pure Premium Sunflower Seeds,Tata,132,149,200 g,4.6 (490),In Stock,https://www.zeptonow.com/pn/tata-sampann-100-pure-premium-sunflower-seeds/pvid/b309f275-334e-4cc5-b941-b0c08e314c55,"https://cdn.zeptonow.com/production/tr:w-1280,ar-1200-1200,pr-true,f-auto,q-80/cms/product_variant/8ff5b872-7614-462d-a3d5-0a64cc1e5275.jpeg"
Masala & Dry Fruits,Top Picks,"https://cdn.zeptonow.com/production/tr:w-90,ar-120-121,pr-true,f-auto,q-80/cms/sub_category/40.png",Tata Sampann Spices Chaat Masala,Tata,90,90,100 g,4.7 (654),In Stock,https://www.zeptonow.com/pn/tata-sampann-spices-chaat-masala/pvid/bdce8972-4d23-47ac-aec3-b01aff5c8fdd,"https://cdn.zeptonow.com/production/tr:w-1280,ar-1200-1200,pr-true,f-auto,q-80/cms/product_variant/6a28d7c3-5283-45c5-9abf-5efeffddf908.jpeg"
Masala & Dry Fruits,Top Picks,"https://cdn.zeptonow.com/production/tr:w-90,ar-120-121,pr-true,f-auto,q-80/cms/sub_category/40.png",Sugarfree Natura Low Calorie Sweetener,Sugarfree,162,165,100 g,4.6 (1.5k),In Stock,https://www.zeptonow.com/pn/sugarfree-natura-low-calorie-sweetener/pvid/38c5d9b3-0ab3-43ab-8012-8ffefc5cdeed,"https://cdn.zeptonow.com/production/tr:w-1280,ar-1200-1200,pr-true,f-auto,q-80/cms/product_variant/9f4352ee-e594-45b7-a7a9-3afd22d57e7a.jpeg"
Masala & Dry Fruits,Top Picks,"https://cdn.zeptonow.com/production/tr:w-90,ar-120-121,pr-true,f-auto,q-80/cms/sub_category/40.png","Farmley Snack Mix Dry Fruits - Cranberries, Blueberries, Mango, Almonds, Cashews & More",Farmley,267,299,160 g,4.2 (442),In Stock,https://www.zeptonow.com/pn/farmley-snack-mix-dry-fruits-cranberries-blueberries-mango-almonds-cashews-more/pvid/d12ade3f-18a8-4c42-ac7e-a5b7672cae9b,"https://cdn.zeptonow.com/production/tr:w-1280,ar-2000-2000,pr-true,f-auto,q-80/cms/product_variant/3fa39c76-4af3-4dea-97df-2991c0e41360.jpg"
Masala & Dry Fruits,Top Picks,"https://cdn.zeptonow.com/production/tr:w-90,ar-120-121,pr-true,f-auto,q-80/cms/sub_category/40.png",Happilo Premium Dried Californian Blueberries,Happilo Premium,399,485,150 g,4.7 (141),In Stock,https://www.zeptonow.com/pn/happilo-premium-dried-californian-blueberries/pvid/30651820-bbdb-4241-8dd3-5553181c138b,"https://cdn.zeptonow.com/production/tr:w-1280,ar-1200-1200,pr-true,f-auto,q-80/cms/product_variant/1e1e0fa0-0444-43f0-89cb-5246cdf861e3.jpeg"
Masala & Dry Fruits,Top Picks,"https://cdn.zeptonow.com/production/tr:w-90,ar-120-121,pr-true,f-auto,q-80/cms/sub_category/40.png",Tata Salt Crystal,Tata,22,22,1 kg,4.6 (35.3k),In Stock,https://www.zeptonow.com/pn/tata-salt-crystal/pvid/90d2b1f8-461e-4493-9710-44f491f8cf21,"https://cdn.zeptonow.com/production/tr:w-1280,ar-1200-1200,pr-true,f-auto,q-80/cms/product_variant/7e786a33-995b-491b-a64a-eeab5ebe36ca.jpeg"
Masala & Dry Fruits,Top Picks,"https://cdn.zeptonow.com/production/tr:w-90,ar-120-121,pr-true,f-auto,q-80/cms/sub_category/40.png",Badshah Biryani Masala,Badshah,110,165,100 g,4.8 (135),In Stock,https://www.zeptonow.com/pn/badshah-biryani-masala/pvid/68e4be5e-8747-4fc3-9120-f7e8bd799c43,"https://cdn.zeptonow.com/production/tr:w-1280,ar-2000-2000,pr-true,f-auto,q-80/cms/product_variant/7de22034-904b-4612-8573-3403e72d6ee1.jpeg"
Masala & Dry Fruits,Top Picks,"https://cdn.zeptonow.com/production/tr:w-90,ar-120-121,pr-true,f-auto,q-80/cms/sub_category/40.png",Tata Sampann 100% Pure Premium Raisins/Kishmish Seedless,Tata,322,360,500 g,4.5 (1.2k),In Stock,https://www.zeptonow.com/pn/tata-sampann-100-pure-premium-raisinskishmish-seedless/pvid/37293f5d-858e-49d1-b273-001f32c4809a,"https://cdn.zeptonow.com/production/tr:w-1280,ar-1200-1200,pr-true,f-auto,q-80/cms/product_variant/940081a4-97de-4ab8-8f36-efb189039d5c.jpeg"
Masala & Dry Fruits,Top Picks,"https://cdn.zeptonow.com/production/tr:w-90,ar-120-121,pr-true,f-auto,q-80/cms/sub_category/40.png",Badshah Jaljira Masala,Badshah,44,66,100 g,4.7 (202),In Stock,https://www.zeptonow.com/pn/badshah-jaljira-masala/pvid/377fc1b5-32a5-4e3e-bf89-496e50f5cd4f,"https://cdn.zeptonow.com/production/tr:w-1280,ar-1000-1000,pr-true,f-auto,q-80/cms/product_variant/32e29075-05f8-4ac8-882f-01686b0a326f.jpeg"
Masala & Dry Fruits,Top Picks,"https://cdn.zeptonow.com/production/tr:w-90,ar-120-121,pr-true,f-auto,q-80/cms/sub_category/40.png",ZOFF Big Cardamom Whole - Badi Elaichi,MOM,82,128,25 g,4.6 (1.1k),In Stock,https://www.zeptonow.com/pn/zoff-big-cardamom-whole-badi-elaichi/pvid/9a00845a-c34a-4f2c-bf1d-8a46e0543698,"https://cdn.zeptonow.com/production/tr:w-1280,ar-1500-1500,pr-true,f-auto,q-80/cms/product_variant/27138050-73b1-487d-a791-36790066f790.jpeg"
Masala & Dry Fruits,Top Picks,"https://cdn.zeptonow.com/production/tr:w-90,ar-120-121,pr-true,f-auto,q-80/cms/sub_category/40.png",Tata Sampann Delight Dry Fruit & Seed Mix,Tata,259,310,200 g,5 (169),In Stock,https://www.zeptonow.com/pn/tata-sampann-delight-dry-fruit-seed-mix/pvid/9ab36aab-5457-467c-bedf-1cfc6e6aa79a,"https://cdn.zeptonow.com/production/tr:w-1280,ar-1000-1000,pr-true,f-auto,q-80/cms/product_variant/77d47fd3-1bc9-42eb-bedb-15cdd56a632c.jpg"
Masala & Dry Fruits,Top Picks,"https://cdn.zeptonow.com/production/tr:w-90,ar-120-121,pr-true,f-auto,q-80/cms/sub_category/40.png",Badshah Chicken Masala,Badshah,62,92,100 g,4.8 (223),In Stock,https://www.zeptonow.com/pn/badshah-chicken-masala/pvid/9f3c135b-64c1-4943-821e-65ab3d622df5,"https://cdn.zeptonow.com/production/tr:w-1280,ar-2000-2000,pr-true,f-auto,q-80/cms/product_variant/d9ccce2d-4067-45d5-b4cc-b0adfb474446.jpeg"
Masala & Dry Fruits,Top Picks,"https://cdn.zeptonow.com/production/tr:w-90,ar-120-121,pr-true,f-auto,q-80/cms/sub_category/40.png",Tata Sampann Whole Spices Coriander Whole,Tata,78,80,200 g,4.7 (99),In Stock,https://www.zeptonow.com/pn/tata-sampann-whole-spices-coriander-whole/pvid/97b183d8-76e6-4861-9a7d-c5d1785b07db,"https://cdn.zeptonow.com/production/tr:w-1280,ar-2000-2000,pr-true,f-auto,q-80/cms/product_variant/2b2a8f94-b235-42a4-b50f-e0915fcfb666.jpg"
Masala & Dry Fruits,Top Picks,"https://cdn.zeptonow.com/production/tr:w-90,ar-120-121,pr-true,f-auto,q-80/cms/sub_category/40.png",Farmley Premium Raisins,Farmley,302,379,500 g,4.6 (2.5k),In Stock,https://www.zeptonow.com/pn/farmley-premium-raisins/pvid/57fecd99-580f-4a1b-aed1-2ee95ca23bde,"https://cdn.zeptonow.com/production/tr:w-1280,ar-2000-2000,pr-true,f-auto,q-80/cms/product_variant/fbad17ed-760b-4477-8d42-7ae7ed8977b4.jpeg"
Masala & Dry Fruits,Top Picks,"https://cdn.zeptonow.com/production/tr:w-90,ar-120-121,pr-true,f-auto,q-80/cms/sub_category/40.png",Aashirvaad Coriander Powder | Dhaniya Powder,Aashirvaad,28,46,100 g,4.6 (5.8k),In Stock,https://www.zeptonow.com/pn/aashirvaad-coriander-powder-dhaniya-powder/pvid/a4d3642c-ea28-4633-a785-df3f796a4281,"https://cdn.zeptonow.com/production/tr:w-1280,ar-2560-2560,pr-true,f-auto,q-80/cms/product_variant/304baa99-3dd8-4dda-967a-f7ad0152a0dc.jpeg"
Masala & Dry Fruits,Top Picks,"https://cdn.zeptonow.com/production/tr:w-90,ar-120-121,pr-true,f-auto,q-80/cms/sub_category/40.png",Nutraj Cashew/Kaju,Nutraj,525,699,500 g,4.4 (1.7k),In Stock,https://www.zeptonow.com/pn/nutraj-cashewkaju/pvid/fd3b8f1d-d5c2-40d5-8ebf-5b88eeee264e,"https://cdn.zeptonow.com/production/tr:w-1280,ar-2400-2400,pr-true,f-auto,q-80/cms/product_variant/8032d9c7-1b80-4e8a-b833-097d51ec9f45.jpeg"
Masala & Dry Fruits,Top Picks,"https://cdn.zeptonow.com/production/tr:w-90,ar-120-121,pr-true,f-auto,q-80/cms/sub_category/40.png",Wonderland Foods Sliced Dried Cranberries,Wonderland,149,290,200 g,4.5 (509),In Stock,https://www.zeptonow.com/pn/wonderland-foods-sliced-dried-cranberries/pvid/8a58cc74-5e32-4f22-a6b3-2407f1660062,"https://cdn.zeptonow.com/production/tr:w-1280,ar-1200-1200,pr-true,f-auto,q-80/cms/product_variant/46152996-a504-45f8-bd7a-49d1c02e6075.jpeg"
Masala & Dry Fruits,Top Picks,"https://cdn.zeptonow.com/production/tr:w-90,ar-120-121,pr-true,f-auto,q-80/cms/sub_category/40.png",Orika Coriander Whole | Sabut Dhania Jar,Orika,47,69,150 g,4.8 (625),In Stock,https://www.zeptonow.com/pn/orika-coriander-whole-sabut-dhania-jar/pvid/fc3d8c47-bdfd-445d-9881-15566aff469a,"https://cdn.zeptonow.com/production/tr:w-1280,ar-427-402,pr-true,f-auto,q-80/cms/product_variant/7772fe9d-9b2b-433a-9053-773104b10323.jpg"
Masala & Dry Fruits,Top Picks,"https://cdn.zeptonow.com/production/tr:w-90,ar-120-121,pr-true,f-auto,q-80/cms/sub_category/40.png",CRISTA Smoked Paprika Powder,CRISTA,135,210,45 g,4.1 (142),In Stock,https://www.zeptonow.com/pn/crista-smoked-paprika-powder/pvid/f5cfd1d3-525a-4493-bbb2-18b419d02dde,"https://cdn.zeptonow.com/production/tr:w-1280,ar-2774-2774,pr-true,f-auto,q-80/cms/product_variant/ac8d8bc4-5e6b-4b61-a839-1fc00acd9501.jpeg"
Masala & Dry Fruits,Top Picks,"https://cdn.zeptonow.com/production/tr:w-90,ar-120-121,pr-true,f-auto,q-80/cms/sub_category/40.png","Open Secret Raw Pumpkin Seeds - Healthy Diet Snack, Protein Rich, High In Fibre",Open Secret,137,299,200 g,5 (412),In Stock,https://www.zeptonow.com/pn/open-secret-raw-pumpkin-seeds-healthy-diet-snack-protein-rich-high-in-fibre/pvid/321024a0-7818-4803-8aab-373164a1f77e,"https://cdn.zeptonow.com/production/tr:w-1280,ar-1000-1000,pr-true,f-auto,q-80/cms/product_variant/55ae768d-b43d-466e-a0c2-83cf1dde2e67.jpg"
Masala & Dry Fruits,Top Picks,"https://cdn.zeptonow.com/production/tr:w-90,ar-120-121,pr-true,f-auto,q-80/cms/sub_category/40.png",Happilo Premium Afghani Anjeer,Happilo,404,495,200 g,4.1 (399),In Stock,https://www.zeptonow.com/pn/happilo-premium-afghani-anjeer/pvid/79e426d2-1751-4e35-9eae-b7e34b5aaf78,"https://cdn.zeptonow.com/production/tr:w-1280,ar-2400-2400,pr-true,f-auto,q-80/cms/product_variant/df7e9fed-2ac0-4fbc-bf28-924fdff074d9.jpeg"
Masala & Dry Fruits,Top Picks,"https://cdn.zeptonow.com/production/tr:w-90,ar-120-121,pr-true,f-auto,q-80/cms/sub_category/40.png",Nutraj Raisin/Kismish,Nutraj,287,299,500 g,4.5 (3.0k),In Stock,https://www.zeptonow.com/pn/nutraj-raisinkismish/pvid/f98192bd-d862-4001-954a-8ffd500a2d00,"https://cdn.zeptonow.com/production/tr:w-1280,ar-1000-1000,pr-true,f-auto,q-80/cms/product_variant/a2a40445-6d8a-4669-a7dd-fed02b232745.jpeg"
Masala & Dry Fruits,Top Picks,"https://cdn.zeptonow.com/production/tr:w-90,ar-120-121,pr-true,f-auto,q-80/cms/sub_category/40.png",Orika Ratlam Bold Fenugreek | Sabut Methi Dana,Orika,25,40,150 g,4.6 (539),In Stock,https://www.zeptonow.com/pn/orika-ratlam-bold-fenugreek-sabut-methi-dana/pvid/30db0d3d-1b0a-4114-97fd-41adf86a1a5e,"https://cdn.zeptonow.com/production/tr:w-1280,ar-1198-1500,pr-true,f-auto,q-80/cms/product_variant/1c7a91c7-6fd4-4b09-addf-e79d28bfebae.jpg"
Masala & Dry Fruits,Top Picks,"https://cdn.zeptonow.com/production/tr:w-90,ar-120-121,pr-true,f-auto,q-80/cms/sub_category/40.png",Orika Red Chilli Flakes,Orika,52,88,45 g,4.6 (1.1k),In Stock,https://www.zeptonow.com/pn/orika-red-chilli-flakes/pvid/e7a44815-4caa-4917-a116-784a60cab09c,"https://cdn.zeptonow.com/production/tr:w-1280,ar-1000-1000,pr-true,f-auto,q-80/cms/product_variant/2883fcb6-8334-4519-95bc-7ed97bfae97d.jpg"
Masala & Dry Fruits,Top Picks,"https://cdn.zeptonow.com/production/tr:w-90,ar-120-121,pr-true,f-auto,q-80/cms/sub_category/40.png",Nutraj Anymany Almond/Badam,Nutraj,396,549,400 g,4.8 (161),In Stock,https://www.zeptonow.com/pn/nutraj-anymany-almondbadam/pvid/a63fa892-ad6e-4d20-b3f3-c2724a8658eb,"https://cdn.zeptonow.com/production/tr:w-1280,ar-1500-1500,pr-true,f-auto,q-80/cms/product_variant/025c7021-c027-43ba-88d5-1fd412636841.jpg"
Masala & Dry Fruits,Top Picks,"https://cdn.zeptonow.com/production/tr:w-90,ar-120-121,pr-true,f-auto,q-80/cms/sub_category/40.png",Orika Nagauri Cumin Whole | Sabut Jeera Jar,Naga,164,199,250 g,4.7 (618),In Stock,https://www.zeptonow.com/pn/orika-nagauri-cumin-whole-sabut-jeera-jar/pvid/649f8dec-0faa-4f72-8934-cc14596d49a7,"https://cdn.zeptonow.com/production/tr:w-1280,ar-1500-1191,pr-true,f-auto,q-80/cms/product_variant/6562671c-a982-439b-83f5-8dd692a65c0f.jpg"
Masala & Dry Fruits,Top Picks,"https://cdn.zeptonow.com/production/tr:w-90,ar-120-121,pr-true,f-auto,q-80/cms/sub_category/40.png",Badshah Black Pepper Powder,Badshah,124,185,100 g,4.7 (148),In Stock,https://www.zeptonow.com/pn/badshah-black-pepper-powder/pvid/614ac942-db2b-403e-8f31-4a0942be8fb8,"https://cdn.zeptonow.com/production/tr:w-1280,ar-2000-2000,pr-true,f-auto,q-80/cms/product_variant/2cbe7c37-61b4-408d-b04b-bfe23f5fbfc5.jpeg"
Masala & Dry Fruits,Top Picks,"https://cdn.zeptonow.com/production/tr:w-90,ar-120-121,pr-true,f-auto,q-80/cms/sub_category/40.png",Safe Harvest Pesticide - Free Jaggery Powder,Safe,79,88,500 g,4.6 (2.6k),In Stock,https://www.zeptonow.com/pn/safe-harvest-pesticide-free-jaggery-powder/pvid/38ae02ba-78b1-4339-b444-1b9e8ce54f17,"https://cdn.zeptonow.com/production/tr:w-1280,ar-2400-2400,pr-true,f-auto,q-80/cms/product_variant/375959dd-c7d7-4ffe-8454-d04cf4685ef8.jpg"
Masala & Dry Fruits,Top Picks,"https://cdn.zeptonow.com/production/tr:w-90,ar-120-121,pr-true,f-auto,q-80/cms/sub_category/40.png",Nutraj Makhana/Foxnuts,Nutraj,370,629,200 g,4.5 (1.6k),In Stock,https://www.zeptonow.com/pn/nutraj-makhanafoxnuts/pvid/8f8a9c74-9c27-49b2-bf37-292d0a16855e,"https://cdn.zeptonow.com/production/tr:w-1280,ar-2000-2000,pr-true,f-auto,q-80/cms/product_variant/8daa55cf-59b6-4cf8-bace-edea73c3797e.jpg"
Masala & Dry Fruits,Top Picks,"https://cdn.zeptonow.com/production/tr:w-90,ar-120-121,pr-true,f-auto,q-80/cms/sub_category/40.png",Aashirvaad Cardamom | Elaichi | 100% Pure,Aashirvaad,493,600,100 g,4.4 (252),In Stock,https://www.zeptonow.com/pn/aashirvaad-cardamom-elaichi-100-pure/pvid/f157b762-4671-485d-a674-c076c07b8660,"https://cdn.zeptonow.com/production/tr:w-1280,ar-1000-1000,pr-true,f-auto,q-80/cms/product_variant/e427f4ec-5664-4d7b-851b-a6b57476cdba.jpeg"
Masala & Dry Fruits,Top Picks,"https://cdn.zeptonow.com/production/tr:w-90,ar-120-121,pr-true,f-auto,q-80/cms/sub_category/40.png",Farmley Premium Raisins,Farmley,120,169,200 g,4.6 (3.9k),In Stock,https://www.zeptonow.com/pn/farmley-premium-raisins/pvid/60145a0d-d704-47e0-a44f-6164297020fb,"https://cdn.zeptonow.com/production/tr:w-1280,ar-2000-2000,pr-true,f-auto,q-80/cms/product_variant/d9f24bc5-0607-40ab-b67b-13824c918e3c.jpeg"
Masala & Dry Fruits,Top Picks,"https://cdn.zeptonow.com/production/tr:w-90,ar-120-121,pr-true,f-auto,q-80/cms/sub_category/40.png",CRISTA Cochin Dry Ginger Powder,CRISTA,67,95,40 g,5 (214),In Stock,https://www.zeptonow.com/pn/crista-cochin-dry-ginger-powder/pvid/bc7f490a-9320-425a-acda-668fe463b3df,"https://cdn.zeptonow.com/production/tr:w-1280,ar-1200-1200,pr-true,f-auto,q-80/cms/product_variant/612b9f0e-f876-4ce6-9f6b-4e6474db650e.jpeg"
Masala & Dry Fruits,Top Picks,"https://cdn.zeptonow.com/production/tr:w-90,ar-120-121,pr-true,f-auto,q-80/cms/sub_category/40.png",Khari Foods Zahidi Dates / Khajur,Khari,67,99,250 g,4.5 (3.6k),In Stock,https://www.zeptonow.com/pn/khari-foods-zahidi-dates-khajur/pvid/d9479b90-5718-4303-aee9-5f5a40b28bb4,"https://cdn.zeptonow.com/production/tr:w-1280,ar-1500-1500,pr-true,f-auto,q-80/cms/product_variant/4129695b-ab5f-4671-8282-15f0d6b45e8d.jpeg"
Masala & Dry Fruits,Top Picks,"https://cdn.zeptonow.com/production/tr:w-90,ar-120-121,pr-true,f-auto,q-80/cms/sub_category/40.png",Orika Sabut Garam Masala,Orika,88,135,70 g,4.2 (404),In Stock,https://www.zeptonow.com/pn/orika-sabut-garam-masala/pvid/ce6dd114-878d-4b4b-9b60-e5a715f83105,"https://cdn.zeptonow.com/production/tr:w-1280,ar-1080-1080,pr-true,f-auto,q-80/cms/product_variant/b1ca7306-0cdd-4b90-90fb-6ada545248ed.jpg"
Masala & Dry Fruits,Top Picks,"https://cdn.zeptonow.com/production/tr:w-90,ar-120-121,pr-true,f-auto,q-80/cms/sub_category/40.png",Khetika Turkish apricot,Khetika,250,349,200 g,4.5 (427),In Stock,https://www.zeptonow.com/pn/khetika-turkish-apricot/pvid/053a14fb-09bd-4560-8cb8-9418913382a0,"https://cdn.zeptonow.com/production/tr:w-1280,ar-2003-2003,pr-true,f-auto,q-80/cms/product_variant/68731242-229e-4b63-ab0c-021097de4783.jpg"
Masala & Dry Fruits,Top Picks,"https://cdn.zeptonow.com/production/tr:w-90,ar-120-121,pr-true,f-auto,q-80/cms/sub_category/40.png",Tata Sampann Classic Salted & Roasted Cashews,Tata,388,395,190 g,5 (109),In Stock,https://www.zeptonow.com/pn/tata-sampann-classic-salted-roasted-cashews/pvid/16af9636-8799-4552-81a2-c4821756e2bb,"https://cdn.zeptonow.com/production/tr:w-1280,ar-1000-1000,pr-true,f-auto,q-80/cms/product_variant/e2723554-ccf6-4856-9797-d3342f109915.jpg"
Masala & Dry Fruits,Top Picks,"https://cdn.zeptonow.com/production/tr:w-90,ar-120-121,pr-true,f-auto,q-80/cms/sub_category/40.png",Orika Red Chilli Flakes,Orika,50,79,52 g,4.6 (138),In Stock,https://www.zeptonow.com/pn/orika-red-chilli-flakes/pvid/d789619f-45ed-45f9-875d-a03ce756a725,"https://cdn.zeptonow.com/production/tr:w-1280,ar-2000-2000,pr-true,f-auto,q-80/cms/product_variant/6737f6b6-0239-41ca-b9e5-199d8b6fa12a.jpg"
Masala & Dry Fruits,Top Picks,"https://cdn.zeptonow.com/production/tr:w-90,ar-120-121,pr-true,f-auto,q-80/cms/sub_category/40.png",CRISTA Chatpata Chaat Masala,CRISTA,70,95,100 g,4.7 (223),In Stock,https://www.zeptonow.com/pn/crista-chatpata-chaat-masala/pvid/679ca23f-3074-4d6b-a908-00bf4477fd9c,"https://cdn.zeptonow.com/production/tr:w-1280,ar-1500-1500,pr-true,f-auto,q-80/cms/product_variant/c26d929b-810d-4539-8130-d35b858f5858.jpeg"
Masala & Dry Fruits,Top Picks,"https://cdn.zeptonow.com/production/tr:w-90,ar-120-121,pr-true,f-auto,q-80/cms/sub_category/40.png","Tata Sampann High Protein Makhana (Foxnut), Phool Makhana for Prasadam, Healthy Snacking, Fasting",Tata,308,320,100 g,4.6 (390),In Stock,https://www.zeptonow.com/pn/tata-sampann-high-protein-makhana-foxnut-phool-makhana-for-prasadam-healthy-snacking-fasting/pvid/abb2a780-73bf-42c8-b852-048a2e725b69,"https://cdn.zeptonow.com/production/tr:w-1280,ar-1200-1200,pr-true,f-auto,q-80/cms/product_variant/407e4c3a-a5b0-41dd-90fe-9c2148488cce.jpeg"
Masala & Dry Fruits,Top Picks,"https://cdn.zeptonow.com/production/tr:w-90,ar-120-121,pr-true,f-auto,q-80/cms/sub_category/40.png",Daily Good Apricots / Khubani / Jardalu,Daily Good,221,395,200 g,4.3 (515),In Stock,https://www.zeptonow.com/pn/daily-good-apricots-khubani-jardalu/pvid/5a52fbff-a1f1-4419-bd1e-875ff1861315,"https://cdn.zeptonow.com/production/tr:w-1280,ar-3881-3881,pr-true,f-auto,q-80/cms/product_variant/80d241f0-a222-4745-b106-7b84ca41514e.jpeg"
Masala & Dry Fruits,Top Picks,"https://cdn.zeptonow.com/production/tr:w-90,ar-120-121,pr-true,f-auto,q-80/cms/sub_category/40.png",Daily Good Apricots / Khubani / Jardalu,Daily Good,112,205,100 g,4.3 (437),In Stock,https://www.zeptonow.com/pn/daily-good-apricots-khubani-jardalu/pvid/7a853b1c-db50-45e9-aeda-7bb730aaf6a6,"https://cdn.zeptonow.com/production/tr:w-1280,ar-1941-1941,pr-true,f-auto,q-80/cms/product_variant/e36cf82e-2594-4e40-8a9f-78d3dc9d818d.jpg"
Masala & Dry Fruits,Top Picks,"https://cdn.zeptonow.com/production/tr:w-90,ar-120-121,pr-true,f-auto,q-80/cms/sub_category/40.png",Aashirvaad Turmeric/Haldi Powder,Aashirvaad,29,40,100 g,4.7 (32.0k),In Stock,https://www.zeptonow.com/pn/aashirvaad-turmerichaldi-powder/pvid/be8a521e-b38b-4cd3-8450-2ed6158d3f70,"https://cdn.zeptonow.com/production/tr:w-1280,ar-2560-2560,pr-true,f-auto,q-80/cms/product_variant/8810453f-c56f-4c13-9f69-68a020249c24.jpeg"
Masala & Dry Fruits,Top Picks,"https://cdn.zeptonow.com/production/tr:w-90,ar-120-121,pr-true,f-auto,q-80/cms/sub_category/40.png",Parry's Gold Premium Brown Sugar,Parry's,46,50,500 g,4.5 (6.8k),In Stock,https://www.zeptonow.com/pn/parrys-gold-premium-brown-sugar/pvid/b5dc5537-7e02-4ad0-b5d4-3fee6b411df8,"https://cdn.zeptonow.com/production/tr:w-1280,ar-1200-1200,pr-true,f-auto,q-80/cms/product_variant/d4a2aafa-ed6e-424c-84a6-ca0f77e2e124.jpeg"
Masala & Dry Fruits,Top Picks,"https://cdn.zeptonow.com/production/tr:w-90,ar-120-121,pr-true,f-auto,q-80/cms/sub_category/40.png",Tata Sampann 100% Iranian Pistachios Roasted & Salted,Rani,369,395,200 g,5 (1.0k),In Stock,https://www.zeptonow.com/pn/tata-sampann-100-iranian-pistachios-roasted-salted/pvid/0805dfb5-d5e9-4588-a47f-063e276a8fd2,"https://cdn.zeptonow.com/production/tr:w-1280,ar-1200-1200,pr-true,f-auto,q-80/cms/product_variant/62f5f327-ca53-4803-b413-03379c798afd.jpeg"
Masala & Dry Fruits,Top Picks,"https://cdn.zeptonow.com/production/tr:w-90,ar-120-121,pr-true,f-auto,q-80/cms/sub_category/40.png",Khari Foods Medjool Dates / Khajur,Khari,429,699,200 g,3.9 (69),In Stock,https://www.zeptonow.com/pn/khari-foods-medjool-dates-khajur/pvid/e2f0267f-43de-4012-8939-cbe35cb04b43,"https://cdn.zeptonow.com/production/tr:w-1280,ar-2400-2400,pr-true,f-auto,q-80/cms/product_variant/6244b101-d09b-439f-9956-194404d090ef.jpeg"
Masala & Dry Fruits,Top Picks,"https://cdn.zeptonow.com/production/tr:w-90,ar-120-121,pr-true,f-auto,q-80/cms/sub_category/40.png",Sugarfree Gold+ Low Calorie Sweetener,Sugarfree,164,165,100 g,4.8 (2.6k),In Stock,https://www.zeptonow.com/pn/sugarfree-gold-low-calorie-sweetener/pvid/fa8ad377-90fa-4418-b4fa-33cd098ef660,"https://cdn.zeptonow.com/production/tr:w-1280,ar-1500-1500,pr-true,f-auto,q-80/cms/product_variant/be1b5361-c5e8-4a7d-b5a1-7aafbd40f65b.jpeg"
Masala & Dry Fruits,Top Picks,"https://cdn.zeptonow.com/production/tr:w-90,ar-120-121,pr-true,f-auto,q-80/cms/sub_category/40.png",Nutraj Raisin/Kismish,Nutraj,153,199,250 g,4.4 (2.4k),In Stock,https://www.zeptonow.com/pn/nutraj-raisinkismish/pvid/35fef82a-9f18-4b26-9e7d-42a8996d29c5,"https://cdn.zeptonow.com/production/tr:w-1280,ar-2400-2400,pr-true,f-auto,q-80/cms/product_variant/869857b1-f8c2-4f7f-8753-3bb72cf50653.jpg"
Masala & Dry Fruits,Top Picks,"https://cdn.zeptonow.com/production/tr:w-90,ar-120-121,pr-true,f-auto,q-80/cms/sub_category/40.png",Badshah Coriander Powder,Badshah,124,200,500 g,4.9 (148),In Stock,https://www.zeptonow.com/pn/badshah-coriander-powder/pvid/51f8b6ba-b32e-4357-bf18-bdaf9f85e056,"https://cdn.zeptonow.com/production/tr:w-1280,ar-2000-2000,pr-true,f-auto,q-80/cms/product_variant/e756b9c2-7b88-48dc-9839-4c16389dde2f.jpeg"
Masala & Dry Fruits,Top Picks,"https://cdn.zeptonow.com/production/tr:w-90,ar-120-121,pr-true,f-auto,q-80/cms/sub_category/40.png",Farmley 100% Natural California Almonds - Badam,Farmley,516,899,500 g,4 (364),In Stock,https://www.zeptonow.com/pn/farmley-100-natural-california-almonds-badam/pvid/df1f4b00-777f-499e-8149-c0a335aadd43,"https://cdn.zeptonow.com/production/tr:w-1280,ar-1200-1200,pr-true,f-auto,q-80/cms/product_variant/7fea3a4b-d67d-44bf-b502-584dc30a0382.jpg"
Masala & Dry Fruits,Top Picks,"https://cdn.zeptonow.com/production/tr:w-90,ar-120-121,pr-true,f-auto,q-80/cms/sub_category/40.png",Sugarfree Natura Low Calorie Sweetener,Sugarfree,299,320,42.4 g,4.8 (652),In Stock,https://www.zeptonow.com/pn/sugarfree-natura-low-calorie-sweetener/pvid/f20b7628-fb7e-4472-87f4-04574061d544,"https://cdn.zeptonow.com/production/tr:w-1280,ar-1200-1200,pr-true,f-auto,q-80/cms/product_variant/b7c1c549-4dfb-4ca6-bee6-5e52ffd63fdd.jpeg"
Masala & Dry Fruits,Top Picks,"https://cdn.zeptonow.com/production/tr:w-90,ar-120-121,pr-true,f-auto,q-80/cms/sub_category/40.png",Farmley Prasadam Makhana | Foxnuts,Farmley,199,299,100 g,4.6 (6.6k),In Stock,https://www.zeptonow.com/pn/farmley-prasadam-makhana-foxnuts/pvid/2d4a5eba-80a2-4382-ad26-efb6100a18e2,"https://cdn.zeptonow.com/production/tr:w-1280,ar-2400-2400,pr-true,f-auto,q-80/cms/product_variant/194a1ba3-4c69-478b-b7aa-89883b38567e.jpg"
Masala & Dry Fruits,Top Picks,"https://cdn.zeptonow.com/production/tr:w-90,ar-120-121,pr-true,f-auto,q-80/cms/sub_category/40.png",Organic Tattva Brown Sugar,Organic Tattva,160,175,1 kg,4.9 (561),In Stock,https://www.zeptonow.com/pn/organic-tattva-brown-sugar/pvid/017bbffe-863f-47ef-a5cc-713a4e1215fc,"https://cdn.zeptonow.com/production/tr:w-1280,ar-1500-1500,pr-true,f-auto,q-80/cms/product_variant/9529a09e-1827-4889-b463-a54399518b9f.jpeg"
Masala & Dry Fruits,Top Picks,"https://cdn.zeptonow.com/production/tr:w-90,ar-120-121,pr-true,f-auto,q-80/cms/sub_category/40.png",Khari Foods Pumpkin Seeds Dried,Khari,207,299,200 g,4.4 (298),In Stock,https://www.zeptonow.com/pn/khari-foods-pumpkin-seeds-dried/pvid/b21d111e-d2cb-4738-8c68-600012055628,"https://cdn.zeptonow.com/production/tr:w-1280,ar-1500-1500,pr-true,f-auto,q-80/cms/product_variant/f3a2da67-0a1f-4e23-a7cf-66ace2fd1cf1.jpeg"
Masala & Dry Fruits,Top Picks,"https://cdn.zeptonow.com/production/tr:w-90,ar-120-121,pr-true,f-auto,q-80/cms/sub_category/40.png",Safe Harvest Pesticide-Free Khandsari Sugar | Artisanal | No Artificial Flavors,Safe,138,149,1 kg,4.7 (1.0k),In Stock,https://www.zeptonow.com/pn/safe-harvest-pesticide-free-khandsari-sugar-artisanal-no-artificial-flavors/pvid/8bf5fdf4-fc5a-45e0-9623-7b3222e103ce,"https://cdn.zeptonow.com/production/tr:w-1280,ar-1021-1021,pr-true,f-auto,q-80/cms/product_variant/f53bb969-c3ee-47aa-bf32-e778ef53fcf6.jpeg"
Masala & Dry Fruits,Top Picks,"https://cdn.zeptonow.com/production/tr:w-90,ar-120-121,pr-true,f-auto,q-80/cms/sub_category/40.png",Badshah Kitchen King Masala,Badshah,60,90,100 g,4.7 (275),In Stock,https://www.zeptonow.com/pn/badshah-kitchen-king-masala/pvid/fecc61ef-2e9a-4b63-92ea-343e90b4e462,"https://cdn.zeptonow.com/production/tr:w-1280,ar-2000-2000,pr-true,f-auto,q-80/cms/product_variant/c11799d7-c3e0-45f4-9cb8-49182bcf5717.jpeg"
Masala & Dry Fruits,Top Picks,"https://cdn.zeptonow.com/production/tr:w-90,ar-120-121,pr-true,f-auto,q-80/cms/sub_category/40.png",Happilo Premium American Dried Whole Blueberry Cranberry Duet,Happilo,283,380,200 g,4.7 (166),In Stock,https://www.zeptonow.com/pn/happilo-premium-american-dried-whole-blueberry-cranberry-duet/pvid/2479964b-aaa8-460b-9424-a77e05ebedf0,"https://cdn.zeptonow.com/production/tr:w-1280,ar-1200-1200,pr-true,f-auto,q-80/cms/product_variant/8388cd8e-dd4d-4034-a49e-551f7910ac2b.jpeg"
Masala & Dry Fruits,Top Picks,"https://cdn.zeptonow.com/production/tr:w-90,ar-120-121,pr-true,f-auto,q-80/cms/sub_category/40.png",Khari FOODs Dried Mix Fruit Fun Trail Mix | Snack Mix,Khari,60,60,40 g,4.3 (528),In Stock,https://www.zeptonow.com/pn/khari-foods-dried-mix-fruit-fun-trail-mix-snack-mix/pvid/fbd87392-5f84-4306-8ec6-d39f3f073421,"https://cdn.zeptonow.com/production/tr:w-1280,ar-1500-1500,pr-true,f-auto,q-80/cms/product_variant/cce44ae0-0fcb-418d-86c1-ad1db92669a7.jpeg"
Masala & Dry Fruits,Top Picks,"https://cdn.zeptonow.com/production/tr:w-90,ar-120-121,pr-true,f-auto,q-80/cms/sub_category/40.png",Open Secret Premium Whole Cashews-Kaju | Fasting Special | Vrat,Open Secret,555,899,501 g,4.7 (964),In Stock,https://www.zeptonow.com/pn/open-secret-premium-whole-cashews-kaju-fasting-special-vrat/pvid/5071ab1e-ede0-42d8-b55b-515d45b9f2f9,"https://cdn.zeptonow.com/production/tr:w-1280,ar-2400-2400,pr-true,f-auto,q-80/cms/product_variant/30fa37c0-6423-4294-a6e8-2901b514d8eb.jpeg"
Masala & Dry Fruits,Top Picks,"https://cdn.zeptonow.com/production/tr:w-90,ar-120-121,pr-true,f-auto,q-80/cms/sub_category/40.png",CRISTA American Barbeque Spice Rub,CRISTA,109,169,50 g,5 (79),In Stock,https://www.zeptonow.com/pn/crista-american-barbeque-spice-rub/pvid/0b265e99-29e3-4e25-aa6a-4295ba7fa58b,"https://cdn.zeptonow.com/production/tr:w-1280,ar-1500-1500,pr-true,f-auto,q-80/cms/product_variant/3c62b7bb-3d1f-4520-ac4c-0dfc79f90ff6.jpeg"
Masala & Dry Fruits,Top Picks,"https://cdn.zeptonow.com/production/tr:w-90,ar-120-121,pr-true,f-auto,q-80/cms/sub_category/40.png",Tata Sampann Dal Tadka Masala,Tata,85,85,100 g,4.6 (354),In Stock,https://www.zeptonow.com/pn/tata-sampann-dal-tadka-masala/pvid/24280d57-1833-4d39-b510-a3e49d4909a5,"https://cdn.zeptonow.com/production/tr:w-1280,ar-1200-1200,pr-true,f-auto,q-80/cms/product_variant/58b2fdc2-c68d-432c-ad04-f1c23aae9f3b.jpeg"
Masala & Dry Fruits,Top Picks,"https://cdn.zeptonow.com/production/tr:w-90,ar-120-121,pr-true,f-auto,q-80/cms/sub_category/40.png",Orika Coriander Whole | Sabut Dhania,Orika,35,54,100 g,4.7 (149),In Stock,https://www.zeptonow.com/pn/orika-coriander-whole-sabut-dhania/pvid/0fca31de-dc58-4417-ae93-0b8fe3d50804,"https://cdn.zeptonow.com/production/tr:w-1280,ar-2500-2500,pr-true,f-auto,q-80/cms/product_variant/b2a6adcd-f83a-4478-a902-587cfeaa635b.jpg"
Masala & Dry Fruits,Top Picks,"https://cdn.zeptonow.com/production/tr:w-90,ar-120-121,pr-true,f-auto,q-80/cms/sub_category/40.png",Dr. Brand Mount84 Rock Salt,Dr.,84,99,1 kg,4.2 (456),In Stock,https://www.zeptonow.com/pn/dr-brand-mount84-rock-salt/pvid/ede85ec2-c3a0-4072-93f9-07f05d286c95,"https://cdn.zeptonow.com/production/tr:w-0.98,h-0.98,f-auto/cms/product_variant/4e01aa17-038f-442a-871f-8dc58f09d01f.jpg"
Masala & Dry Fruits,Top Picks,"https://cdn.zeptonow.com/production/tr:w-90,ar-120-121,pr-true,f-auto,q-80/cms/sub_category/40.png",Open Secret Panchmeva Dry Fruit Mix | Healthy Snacks,Open Secret,289,400,200 g,4 (735),In Stock,https://www.zeptonow.com/pn/open-secret-panchmeva-dry-fruit-mix-healthy-snacks/pvid/0b678dd9-6df0-4dc2-8091-9fcb8ef71204,"https://cdn.zeptonow.com/production/tr:w-1280,ar-1200-1200,pr-true,f-auto,q-80/cms/product_variant/5afa9db4-815a-4aef-9452-2773a9969b15.jpg"
Masala & Dry Fruits,Top Picks,"https://cdn.zeptonow.com/production/tr:w-90,ar-120-121,pr-true,f-auto,q-80/cms/sub_category/40.png",Zoff Foods Coriander Powder,ZOFF,40,60,200 g,4.7 (1.8k),In Stock,https://www.zeptonow.com/pn/zoff-foods-coriander-powder/pvid/e720e357-8834-444c-bcfc-7c13fc5ae3dd,"https://cdn.zeptonow.com/production/tr:w-1280,ar-1500-1500,pr-true,f-auto,q-80/cms/product_variant/c81af0be-50ce-47c9-b96d-ccb0346fa675.jpeg"
Masala & Dry Fruits,Top Picks,"https://cdn.zeptonow.com/production/tr:w-90,ar-120-121,pr-true,f-auto,q-80/cms/sub_category/40.png",Tata Sampann Golden Saffron | Natural Aroma And Colour | Pure Kesar,Tata,299,380,1 g,4.5 (536),In Stock,https://www.zeptonow.com/pn/tata-sampann-golden-saffron-natural-aroma-and-colour-pure-kesar/pvid/ab0dfb44-9a67-42d3-84bb-34647ee2cdd8,"https://cdn.zeptonow.com/production/tr:w-1280,ar-1200-1200,pr-true,f-auto,q-80/cms/product_variant/deaee061-a056-479a-81a7-6f570b5371d0.jpeg"
Masala & Dry Fruits,Top Picks,"https://cdn.zeptonow.com/production/tr:w-90,ar-120-121,pr-true,f-auto,q-80/cms/sub_category/40.png",24 Mantra Organic Jaggery Powder,24 Mantra,75,80,500 g,4.8 (615),In Stock,https://www.zeptonow.com/pn/24-mantra-organic-jaggery-powder/pvid/bd152528-7939-444c-9d02-e2a77151c546,"https://cdn.zeptonow.com/production/tr:w-1280,ar-1200-1200,pr-true,f-auto,q-80/cms/product_variant/c47d981e-a0d1-44dc-b8f1-9b2c8b6a6fc7.jpeg"
Masala & Dry Fruits,Top Picks,"https://cdn.zeptonow.com/production/tr:w-90,ar-120-121,pr-true,f-auto,q-80/cms/sub_category/40.png",Aashirvaad Kashmiri Mirch Powder,Aashirvaad,105,140,100 g,4.5 (332),In Stock,https://www.zeptonow.com/pn/aashirvaad-kashmiri-mirch-powder/pvid/1406fbe7-4a94-41c3-983d-85cae8b3e7a7,"https://cdn.zeptonow.com/production/tr:w-1280,ar-2560-2560,pr-true,f-auto,q-80/cms/product_variant/8c38bb36-b536-49ab-8d64-50aff897ffd2.jpeg"
Masala & Dry Fruits,Top Picks,"https://cdn.zeptonow.com/production/tr:w-90,ar-120-121,pr-true,f-auto,q-80/cms/sub_category/40.png",ZOFF Fenugreek Seeds,ZOFF,36,48,200 g,4.3 (876),In Stock,https://www.zeptonow.com/pn/zoff-fenugreek-seeds/pvid/fd8fbb45-eeab-458f-906f-6fff19bcb82c,"https://cdn.zeptonow.com/production/tr:w-1280,ar-1050-1050,pr-true,f-auto,q-80/cms/product_variant/b6872d7b-824e-41e6-a267-7b617cea97b1.jpeg"
Masala & Dry Fruits,Top Picks,"https://cdn.zeptonow.com/production/tr:w-90,ar-120-121,pr-true,f-auto,q-80/cms/sub_category/40.png",Badshah Fish Masala,Badshah,58,87,100 g,5 (96),In Stock,https://www.zeptonow.com/pn/badshah-fish-masala/pvid/1f980bee-2599-4f53-9a9e-256764d897a0,"https://cdn.zeptonow.com/production/tr:w-1280,ar-1000-1000,pr-true,f-auto,q-80/cms/product_variant/5fa13aa7-909c-405b-9c7a-e6352f441d67.jpeg"
Masala & Dry Fruits,Top Picks,"https://cdn.zeptonow.com/production/tr:w-90,ar-120-121,pr-true,f-auto,q-80/cms/sub_category/40.png",Orika Malai Tikka All Purpose Seasoning,Orika,58,99,85 g,5 (75),In Stock,https://www.zeptonow.com/pn/orika-malai-tikka-all-purpose-seasoning/pvid/72de9ebe-b223-4e1e-86ed-5a352bf10113,"https://cdn.zeptonow.com/production/tr:w-1280,ar-1205-1500,pr-true,f-auto,q-80/cms/product_variant/ee096529-79b1-47d6-871d-e6848b0fd3ee.jpg"
Masala & Dry Fruits,Top Picks,"https://cdn.zeptonow.com/production/tr:w-90,ar-120-121,pr-true,f-auto,q-80/cms/sub_category/40.png",Sugarfree Natura Low Calorie Sweetener,Sugarfree,209,220,25.5 g,4.4 (707),In Stock,https://www.zeptonow.com/pn/sugarfree-natura-low-calorie-sweetener/pvid/2d888b6f-9a34-4f0c-b918-85c144f6dd71,"https://cdn.zeptonow.com/production/tr:w-1280,ar-1080-1080,pr-true,f-auto,q-80/cms/product_variant/05197e80-cf5c-4e1a-8916-7514adb241f9.jpg"
Masala & Dry Fruits,Top Picks,"https://cdn.zeptonow.com/production/tr:w-90,ar-120-121,pr-true,f-auto,q-80/cms/sub_category/40.png",Khari Foods Sunflower Seeds Dried,Khari,127,225,200 g,4.5 (462),In Stock,https://www.zeptonow.com/pn/khari-foods-sunflower-seeds-dried/pvid/0ef0a328-7d17-4bb4-a656-f8b11afe3885,"https://cdn.zeptonow.com/production/tr:w-1280,ar-1500-1500,pr-true,f-auto,q-80/cms/product_variant/e188d5b7-167e-41d4-8733-7765b749f934.jpeg"
Masala & Dry Fruits,Top Picks,"https://cdn.zeptonow.com/production/tr:w-90,ar-120-121,pr-true,f-auto,q-80/cms/sub_category/40.png",CRISTA Smoky Tandoori Masala Spice Mix,CRISTA,82,115,45 g,4.6 (104),In Stock,https://www.zeptonow.com/pn/crista-smoky-tandoori-masala-spice-mix/pvid/4e114bd4-0b03-4c91-a8db-e15de396caff,"https://cdn.zeptonow.com/production/tr:w-1280,ar-2000-2000,pr-true,f-auto,q-80/cms/product_variant/5107e21c-ea89-4738-a58d-68e8b998d51c.jpeg"
Masala & Dry Fruits,Top Picks,"https://cdn.zeptonow.com/production/tr:w-90,ar-120-121,pr-true,f-auto,q-80/cms/sub_category/40.png",Sugarfree Green 100% Natural Made From Stevia,Sugarfree,305,330,30 g,4.9 (587),In Stock,https://www.zeptonow.com/pn/sugarfree-green-100-natural-made-from-stevia/pvid/09ce34ac-cc79-4113-a2f8-96881e4e9c29,"https://cdn.zeptonow.com/production/tr:w-1280,ar-1000-1000,pr-true,f-auto,q-80/cms/product_variant/92751e4d-8b25-4641-aaa4-bf064bb01548.jpeg"
Masala & Dry Fruits,Top Picks,"https://cdn.zeptonow.com/production/tr:w-90,ar-120-121,pr-true,f-auto,q-80/cms/sub_category/40.png",On1y Pink Salt,On1y,90,119,1 kg,4.8 (768),In Stock,https://www.zeptonow.com/pn/on1y-pink-salt/pvid/d24eb9f2-f7ce-45ab-998c-cb842e717723,"https://cdn.zeptonow.com/production/tr:w-1280,ar-2000-2000,pr-true,f-auto,q-80/cms/product_variant/08508c19-e1e3-45b2-8703-1b75a67c9934.jpeg"
Masala & Dry Fruits,Top Picks,"https://cdn.zeptonow.com/production/tr:w-90,ar-120-121,pr-true,f-auto,q-80/cms/sub_category/40.png",Open Secret Premium Whole Cashews-Kaju | Fasting Special | Vrat,Open Secret,1072,1798,1 kg,4.8 (176),In Stock,https://www.zeptonow.com/pn/open-secret-premium-whole-cashews-kaju-fasting-special-vrat/pvid/7b55c691-603d-4739-9ba8-a72832e4bb87,"https://cdn.zeptonow.com/production/tr:w-1280,ar-2400-2400,pr-true,f-auto,q-80/cms/product_variant/fc21a9ab-2bf0-47c0-a2b7-a56ea640f416.jpeg"
Masala & Dry Fruits,Top Picks,"https://cdn.zeptonow.com/production/tr:w-90,ar-120-121,pr-true,f-auto,q-80/cms/sub_category/40.png","Open Secret Premium Dry Fruit Mix, 6 SuperFOOD In 1 Mix",Open Secret,285,400,200 g,4.2 (820),In Stock,https://www.zeptonow.com/pn/open-secret-premium-dry-fruit-mix-6-superfood-in-1-mix/pvid/36647125-f5f0-4445-8f87-40b5fe9644ac,"https://cdn.zeptonow.com/production/tr:w-1280,ar-1200-1200,pr-true,f-auto,q-80/cms/product_variant/e694af84-1cac-4414-beab-73c7906942ba.jpg"
Masala & Dry Fruits,Top Picks,"https://cdn.zeptonow.com/production/tr:w-90,ar-120-121,pr-true,f-auto,q-80/cms/sub_category/40.png",CRISTA Cumin Seed,CRISTA,84,130,100 g,4.8 (93),In Stock,https://www.zeptonow.com/pn/crista-cumin-seed/pvid/9bfae0ef-2b78-4faf-9279-d8f82fe198b2,"https://cdn.zeptonow.com/production/tr:w-1280,ar-1500-1500,pr-true,f-auto,q-80/cms/product_variant/78d19643-c84b-4687-9a48-c1a2d2834e75.jpeg"
Masala & Dry Fruits,Top Picks,"https://cdn.zeptonow.com/production/tr:w-90,ar-120-121,pr-true,f-auto,q-80/cms/sub_category/40.png",Nutraj Makhana/Foxnuts,Nutraj,188,309,100 g,4.5 (2.1k),In Stock,https://www.zeptonow.com/pn/nutraj-makhanafoxnuts/pvid/4bb0aaab-070a-4525-8d5c-282de1e7c7c2,"https://cdn.zeptonow.com/production/tr:w-1280,ar-1021-1021,pr-true,f-auto,q-80/cms/product_variant/8cacf207-5900-4cff-99f5-2b6cececde9e.jpeg"
Masala & Dry Fruits,Top Picks,"https://cdn.zeptonow.com/production/tr:w-90,ar-120-121,pr-true,f-auto,q-80/cms/sub_category/40.png",Natural Tattva Rock Salt,Natural,60,60,500 g,4.8 (2.0k),In Stock,https://www.zeptonow.com/pn/natural-tattva-rock-salt/pvid/ca9ba161-3cee-4ae8-a1b2-2f7cdc67ff12,"https://cdn.zeptonow.com/production/tr:w-1280,ar-1500-1500,pr-true,f-auto,q-80/cms/product_variant/f37c5612-2afa-4735-ab5e-2c497ec6a4cf.jpeg"
Masala & Dry Fruits,Top Picks,"https://cdn.zeptonow.com/production/tr:w-90,ar-120-121,pr-true,f-auto,q-80/cms/sub_category/40.png",Orika Turmeric Powder | Haldi Powder,Orika,51,88,200 g,4.5 (557),In Stock,https://www.zeptonow.com/pn/orika-turmeric-powder-haldi-powder/pvid/22f0ef35-1d74-46e0-a690-d353222a04c5,"https://cdn.zeptonow.com/production/tr:w-1280,ar-1205-1500,pr-true,f-auto,q-80/cms/product_variant/e3e9b509-f549-4307-9814-958003a845fa.jpg"
Masala & Dry Fruits,Top Picks,"https://cdn.zeptonow.com/production/tr:w-90,ar-120-121,pr-true,f-auto,q-80/cms/sub_category/40.png",Daily Good Jeera / Cumin,Daily Good,316,325,500 g,4.3 (1.8k),In Stock,https://www.zeptonow.com/pn/daily-good-jeera-cumin/pvid/6bae6db2-8fc0-4f6c-b44b-48935392c24b,"https://cdn.zeptonow.com/production/tr:w-1280,ar-2400-2400,pr-true,f-auto,q-80/cms/product_variant/e0c77811-29be-46c4-bf10-c2d3302c88fe.jpeg"
Masala & Dry Fruits,Top Picks,"https://cdn.zeptonow.com/production/tr:w-90,ar-120-121,pr-true,f-auto,q-80/cms/sub_category/40.png",Tata Sampann 100% Pure Premium Raisins/Kishmish Seedless,Tata,130,149,200 g,4.7 (6.1k),In Stock,https://www.zeptonow.com/pn/tata-sampann-100-pure-premium-raisinskishmish-seedless/pvid/7763c280-d938-486b-b603-d6ecd76d31ee,"https://cdn.zeptonow.com/production/tr:w-1280,ar-2400-2400,pr-true,f-auto,q-80/cms/product_variant/57d894d8-7d93-4689-83ac-d1788ca485a1.jpeg"
Masala & Dry Fruits,Top Picks,"https://cdn.zeptonow.com/production/tr:w-90,ar-120-121,pr-true,f-auto,q-80/cms/sub_category/40.png",Catch Sprinklers Iodized Table Salt,Catch,49,50,200 g,5 (406),In Stock,https://www.zeptonow.com/pn/catch-sprinklers-iodized-table-salt/pvid/cbbedfcc-75a1-49e5-b0e7-730a29febe14,"https://cdn.zeptonow.com/production/tr:w-1280,ar-1000-1000,pr-true,f-auto,q-80/cms/product_variant/3a6c787a-f13f-405b-99e7-158ce259b022.jpeg"
Masala & Dry Fruits,Top Picks,"https://cdn.zeptonow.com/production/tr:w-90,ar-120-121,pr-true,f-auto,q-80/cms/sub_category/40.png",Orika Meat Masala,Orika,54,88,100 g,4.7 (285),In Stock,https://www.zeptonow.com/pn/orika-meat-masala/pvid/7bc48638-a826-43a4-8fd2-c5ad90e7ee8a,"https://cdn.zeptonow.com/production/tr:w-1280,ar-1205-1500,pr-true,f-auto,q-80/cms/product_variant/ec76f894-92a9-49b6-8620-c6f4e6f1fae9.jpg"
Masala & Dry Fruits,Top Picks,"https://cdn.zeptonow.com/production/tr:w-90,ar-120-121,pr-true,f-auto,q-80/cms/sub_category/40.png",Daily Good Cinnamon Quills,Daily Good,161,165,50 g,4.3 (494),In Stock,https://www.zeptonow.com/pn/daily-good-cinnamon-quills/pvid/bc31555e-fb4e-452f-8d6d-efdfc2e50e6c,"https://cdn.zeptonow.com/production/tr:w-1280,ar-4596-4596,pr-true,f-auto,q-80/cms/product_variant/22d5efc9-7dea-4c55-8053-173219e2654d.jpeg"
Masala & Dry Fruits,Top Picks,"https://cdn.zeptonow.com/production/tr:w-90,ar-120-121,pr-true,f-auto,q-80/cms/sub_category/40.png",Nutraj California Walnut/Akhrot kernels Halves,Nutraj,336,499,250 g,3.9 (927),In Stock,https://www.zeptonow.com/pn/nutraj-california-walnutakhrot-kernels-halves/pvid/e551aa90-2af1-4fdc-8654-dbee1fbb28c3,"https://cdn.zeptonow.com/production/tr:w-1280,ar-1000-1000,pr-true,f-auto,q-80/cms/product_variant/38ac82c1-8dae-4ca4-b470-bb177fcc773d.jpeg"
Masala & Dry Fruits,Top Picks,"https://cdn.zeptonow.com/production/tr:w-90,ar-120-121,pr-true,f-auto,q-80/cms/sub_category/40.png","Tata Himalayan Rock Pink Salt Pouch, Premium Sendha Namak, With Natural Trace Minerals, Low Sodium, Crystal Salt",Tata,112,120,1 kg,4.7 (21.9k),In Stock,https://www.zeptonow.com/pn/tata-himalayan-rock-pink-salt-pouch-premium-sendha-namak-with-natural-trace-minerals-low-sodium-crystal-salt/pvid/c727ebd6-3bb2-41c5-8403-037b2b421ca2,"https://cdn.zeptonow.com/production/tr:w-1280,ar-1200-1200,pr-true,f-auto,q-80/cms/product_variant/2e498cf7-f400-4f09-86dd-1836b0169065.jpeg"
Masala & Dry Fruits,Top Picks,"https://cdn.zeptonow.com/production/tr:w-90,ar-120-121,pr-true,f-auto,q-80/cms/sub_category/40.png",Nutraj Munakka Raisin/Abjosh,Nutraj,167,249,200 g,4.5 (1.4k),In Stock,https://www.zeptonow.com/pn/nutraj-munakka-raisinabjosh/pvid/102be2c8-4833-4841-b15f-27a7cc9af409,"https://cdn.zeptonow.com/production/tr:w-1280,ar-1200-1200,pr-true,f-auto,q-80/cms/product_variant/c081ba94-46cd-4909-a119-660437507192.jpeg"
Masala & Dry Fruits,Top Picks,"https://cdn.zeptonow.com/production/tr:w-90,ar-120-121,pr-true,f-auto,q-80/cms/sub_category/40.png",Smart One Black Pepper,Smart One,139,150,100 g,4.6 (2.2k),In Stock,https://www.zeptonow.com/pn/smart-one-black-pepper/pvid/6ac9a335-a4ad-46f2-bb14-09bd3980eae0,"https://cdn.zeptonow.com/production/tr:w-1280,ar-1500-1500,pr-true,f-auto,q-80/cms/product_variant/1f9c8218-faea-4865-bfa1-b517cb39c21c.jpeg"
Masala & Dry Fruits,Top Picks,"https://cdn.zeptonow.com/production/tr:w-90,ar-120-121,pr-true,f-auto,q-80/cms/sub_category/40.png",CRISTA Exotic Biryani Masala Spice Mix,CRISTA,84,125,45 g,4.8 (78),In Stock,https://www.zeptonow.com/pn/crista-exotic-biryani-masala-spice-mix/pvid/657d1b10-6a43-4985-a327-cc8c8ab80d19,"https://cdn.zeptonow.com/production/tr:w-1280,ar-1200-1200,pr-true,f-auto,q-80/cms/product_variant/c4af53f2-cdf6-44b5-b4d3-e2e37de686b3.jpeg"
Masala & Dry Fruits,Top Picks,"https://cdn.zeptonow.com/production/tr:w-90,ar-120-121,pr-true,f-auto,q-80/cms/sub_category/40.png",Daily Good Black Pepper - Kali Mirch,Daily Good,145,195,100 g,4.7 (6.3k),In Stock,https://www.zeptonow.com/pn/daily-good-black-pepper-kali-mirch/pvid/9912ef15-f5d2-446d-b32c-75f5d14318e9,"https://cdn.zeptonow.com/production/tr:w-1280,ar-1200-1200,pr-true,f-auto,q-80/cms/product_variant/576212de-e780-4012-b95a-7817e28adfb8.jpeg"
Masala & Dry Fruits,Top Picks,"https://cdn.zeptonow.com/production/tr:w-90,ar-120-121,pr-true,f-auto,q-80/cms/sub_category/40.png",Farmley Premium California Almonds,Farmley,274,469,250 g,4.5 (2.5k),In Stock,https://www.zeptonow.com/pn/farmley-premium-california-almonds/pvid/45d7ec47-6425-44e8-bacc-e3f433a0a03f,"https://cdn.zeptonow.com/production/tr:w-1280,ar-2400-2400,pr-true,f-auto,q-80/cms/product_variant/66ef7119-80a0-40db-a66b-f8b3e677ae07.jpeg"
Masala & Dry Fruits,Top Picks,"https://cdn.zeptonow.com/production/tr:w-90,ar-120-121,pr-true,f-auto,q-80/cms/sub_category/40.png",Forgreen Natural Coconut Jaggery Powder,Forgreen,240,249,250 g,4.7 (77),In Stock,https://www.zeptonow.com/pn/forgreen-natural-coconut-jaggery-powder/pvid/6f1187e5-4520-4252-a123-f629b000258d,"https://cdn.zeptonow.com/production/tr:w-1280,ar-1393-1928,pr-true,f-auto,q-80/cms/product_variant/351b174d-7ba5-47d2-aa85-bea75746590b.jpg"
Masala & Dry Fruits,Top Picks,"https://cdn.zeptonow.com/production/tr:w-90,ar-120-121,pr-true,f-auto,q-80/cms/sub_category/40.png",Catch Sprinklers Black Salt,Catch,46,47,200 g,4.7 (8.2k),In Stock,https://www.zeptonow.com/pn/catch-sprinklers-black-salt/pvid/7421d521-46b7-46ac-b8fe-ca3934ff357d,"https://cdn.zeptonow.com/production/tr:w-1280,ar-1000-1000,pr-true,f-auto,q-80/cms/product_variant/08569d95-8896-4c2b-8e2a-d18150508548.jpeg"
Masala & Dry Fruits,Top Picks,"https://cdn.zeptonow.com/production/tr:w-90,ar-120-121,pr-true,f-auto,q-80/cms/sub_category/40.png",Daily Good Chilli With Stem / Guntur With Steam,Daily Good,58,90,100 g,4.7 (9.5k),In Stock,https://www.zeptonow.com/pn/daily-good-chilli-with-stem-guntur-with-steam/pvid/b0fdb7cf-8be4-4b0f-bd71-b6fe05cb943c,"https://cdn.zeptonow.com/production/tr:w-1280,ar-1200-1200,pr-true,f-auto,q-80/cms/product_variant/45492131-09df-420b-a546-a9eb89b57c1d.jpeg"
Masala & Dry Fruits,Top Picks,"https://cdn.zeptonow.com/production/tr:w-90,ar-120-121,pr-true,f-auto,q-80/cms/sub_category/40.png",CRISTA Kerala Nutmeg Powder,CRISTA,132,215,50 g,4.9 (151),In Stock,https://www.zeptonow.com/pn/crista-kerala-nutmeg-powder/pvid/df626857-ef59-4a84-8397-8d677c19f3a3,"https://cdn.zeptonow.com/production/tr:w-1280,ar-1200-1200,pr-true,f-auto,q-80/cms/product_variant/07b86a93-2b13-475d-819d-531ebf866016.jpeg"
Masala & Dry Fruits,Top Picks,"https://cdn.zeptonow.com/production/tr:w-90,ar-120-121,pr-true,f-auto,q-80/cms/sub_category/40.png",Daily Good Chilli Stemless / Guntur Stemless,Daily Good,124,215,200 g,4.7 (406),In Stock,https://www.zeptonow.com/pn/daily-good-chilli-stemless-guntur-stemless/pvid/aff36634-e4a3-4c52-af42-1f35666807be,"https://cdn.zeptonow.com/production/tr:w-1280,ar-1941-1941,pr-true,f-auto,q-80/cms/product_variant/f168c34a-38af-4fde-8998-8b46fe6702c9.jpg"
Masala & Dry Fruits,Top Picks,"https://cdn.zeptonow.com/production/tr:w-90,ar-120-121,pr-true,f-auto,q-80/cms/sub_category/40.png",Orika Tandoori Marinade,Orika,64,109,85 g,4.1 (289),In Stock,https://www.zeptonow.com/pn/orika-tandoori-marinade/pvid/1a6004d5-f8c7-48a1-885c-da7b849e90b3,"https://cdn.zeptonow.com/production/tr:w-1280,ar-1500-1500,pr-true,f-auto,q-80/cms/product_variant/99c6a348-c0b3-468b-a489-af9be1b18f39.jpg"
Masala & Dry Fruits,Top Picks,"https://cdn.zeptonow.com/production/tr:w-90,ar-120-121,pr-true,f-auto,q-80/cms/sub_category/40.png",Daily Good Mustard / Rai / Sarso Small,Daily Good,24,65,200 g,4.8 (15.8k),In Stock,https://www.zeptonow.com/pn/daily-good-mustard-rai-sarso-small/pvid/ec1174dd-d7e6-438a-beb5-38e1cdba3e4e,"https://cdn.zeptonow.com/production/tr:w-1280,ar-1200-1200,pr-true,f-auto,q-80/cms/product_variant/bdca4712-a427-42a8-a735-4a3de1eb08cf.jpeg"
Masala & Dry Fruits,Top Picks,"https://cdn.zeptonow.com/production/tr:w-90,ar-120-121,pr-true,f-auto,q-80/cms/sub_category/40.png",Daily Good Mustard / Rai / Sarso Big,Daily Good,50,60,200 g,4.7 (10.7k),In Stock,https://www.zeptonow.com/pn/daily-good-mustard-rai-sarso-big/pvid/864b5802-e062-4eda-9824-eca415ecf704,"https://cdn.zeptonow.com/production/tr:w-1280,ar-1200-1200,pr-true,f-auto,q-80/cms/product_variant/256d2630-9ae5-49ba-9769-ef001b91e965.jpeg"
Masala & Dry Fruits,Top Picks,"https://cdn.zeptonow.com/production/tr:w-90,ar-120-121,pr-true,f-auto,q-80/cms/sub_category/40.png",Aashirvaad Shahi Garam Masala | Blended Spice for Authentic Taste and Colour,Aashirvaad,115,125,100 g,5 (144),In Stock,https://www.zeptonow.com/pn/aashirvaad-shahi-garam-masala-blended-spice-for-authentic-taste-and-colour/pvid/5ffbd9a5-fc29-4725-a3aa-0412b4d359ae,"https://cdn.zeptonow.com/production/tr:w-1280,ar-2400-2400,pr-true,f-auto,q-80/cms/product_variant/fe86bffd-9c88-49cb-b0c9-92a9c58f85c5.jpeg"
Masala & Dry Fruits,Top Picks,"https://cdn.zeptonow.com/production/tr:w-90,ar-120-121,pr-true,f-auto,q-80/cms/sub_category/40.png",Nutraj Almond/Badam Australian,Nutraj,450,699,500 g,4.5 (1.8k),In Stock,https://www.zeptonow.com/pn/nutraj-almondbadam-australian/pvid/77d5f543-508a-402d-9dae-0f29849e9143,"https://cdn.zeptonow.com/production/tr:w-1280,ar-2400-2400,pr-true,f-auto,q-80/cms/product_variant/c1315f81-9799-4093-a6e4-bc512f0a8d0b.jpeg"
Masala & Dry Fruits,Top Picks,"https://cdn.zeptonow.com/production/tr:w-90,ar-120-121,pr-true,f-auto,q-80/cms/sub_category/40.png",Himalayan Natives Himalayan Pink Salt | Powder,Himalayan,55,99,500 g,4.9 (478),In Stock,https://www.zeptonow.com/pn/himalayan-natives-himalayan-pink-salt-powder/pvid/6e9462d6-2835-47ec-ba8f-fb1ec0b3fd0b,"https://cdn.zeptonow.com/production/tr:w-1280,ar-1080-1080,pr-true,f-auto,q-80/cms/product_variant/03de0f2f-2cfa-4aaf-9811-df7eb626cc0b.jpeg"
Masala & Dry Fruits,Top Picks,"https://cdn.zeptonow.com/production/tr:w-90,ar-120-121,pr-true,f-auto,q-80/cms/sub_category/40.png",Daily Good Rock Salt / Sendha Namak Powder,Daily Good,28,35,200 g,4.1 (2.0k),In Stock,https://www.zeptonow.com/pn/daily-good-rock-salt-sendha-namak-powder/pvid/dd6fc6ea-f80d-4faf-8ecf-581cc331ecd8,"https://cdn.zeptonow.com/production/tr:w-1280,ar-1600-1600,pr-true,f-auto,q-80/cms/product_variant/cb07e28c-b06b-4e5c-b3b5-2b31c3bc5318.jpeg"
Masala & Dry Fruits,Top Picks,"https://cdn.zeptonow.com/production/tr:w-90,ar-120-121,pr-true,f-auto,q-80/cms/sub_category/40.png",Daily Good Saunf / Fennel Lucknow,Daily Good,72,130,100 g,4.6 (8.0k),In Stock,https://www.zeptonow.com/pn/daily-good-saunf-fennel-lucknow/pvid/2f42bf51-8078-43b5-ab91-91e1e0c537d6,"https://cdn.zeptonow.com/production/tr:w-1280,ar-1200-1200,pr-true,f-auto,q-80/cms/product_variant/43c8314c-e803-43a4-ad42-523bcf9d80ff.jpeg"
Masala & Dry Fruits,Top Picks,"https://cdn.zeptonow.com/production/tr:w-90,ar-120-121,pr-true,f-auto,q-80/cms/sub_category/40.png",Nutraj Classic Kalonji (Kala Jeera) - Pouch,Nutraj,55,250,100 g,4.5 (214),In Stock,https://www.zeptonow.com/pn/nutraj-classic-kalonji-kala-jeera-pouch/pvid/9ca74d38-3fef-4873-b0a9-7abd54eab914,"https://cdn.zeptonow.com/production/tr:w-1280,ar-2000-2000,pr-true,f-auto,q-80/cms/product_variant/59d1330f-50af-4c6a-94be-4e057676d7dd.jpg"
Masala & Dry Fruits,Top Picks,"https://cdn.zeptonow.com/production/tr:w-90,ar-120-121,pr-true,f-auto,q-80/cms/sub_category/40.png",Happilo Premium Afghani Seedless Black Raisins | Kali Kishmish,Happilo,229,275,250 g,3.9 (198),In Stock,https://www.zeptonow.com/pn/happilo-premium-afghani-seedless-black-raisins-kali-kishmish/pvid/3661cc69-1df0-430f-b4ff-219454741ada,"https://cdn.zeptonow.com/production/tr:w-1280,ar-1500-1500,pr-true,f-auto,q-80/cms/product_variant/d2e0d1b7-64d6-485f-8d0b-227fb2ae3327.jpg"
Masala & Dry Fruits,Top Picks,"https://cdn.zeptonow.com/production/tr:w-90,ar-120-121,pr-true,f-auto,q-80/cms/sub_category/40.png",Flyberry Gourmet Majestic Medjoul Dates All Natural,Flyberry,1151,1299,400 g,5 (125),In Stock,https://www.zeptonow.com/pn/flyberry-gourmet-majestic-medjoul-dates-all-natural/pvid/d1997220-5694-422a-b571-d175cd3c603a,"https://cdn.zeptonow.com/production/tr:w-1280,ar-1500-1500,pr-true,f-auto,q-80/inventory/product/d65aabf3-e1e7-4bc3-baa2-5092c31c86c0-/tmp/20230313-1011431.jpeg"
Masala & Dry Fruits,Top Picks,"https://cdn.zeptonow.com/production/tr:w-90,ar-120-121,pr-true,f-auto,q-80/cms/sub_category/40.png",Shan Kharai Masala,Shan,84,99,50 g,4.9 (86),In Stock,https://www.zeptonow.com/pn/shan-kharai-masala/pvid/0801f9a9-d7fc-4adc-ba41-f236276efdc6,"https://cdn.zeptonow.com/production/tr:w-1280,ar-750-750,pr-true,f-auto,q-80/cms/product_variant/f720a6bb-2a54-4114-9a09-f10549dbffd8.jpeg"
Masala & Dry Fruits,Top Picks,"https://cdn.zeptonow.com/production/tr:w-90,ar-120-121,pr-true,f-auto,q-80/cms/sub_category/40.png",Tata Salt Superlite With 30% Low Sodium,Tata,73,75,1 kg,4.6 (1.8k),In Stock,https://www.zeptonow.com/pn/tata-salt-superlite-with-30-low-sodium/pvid/fe63146f-3e16-4ae0-b731-59796f616714,"https://cdn.zeptonow.com/production/tr:w-1280,ar-1200-1200,pr-true,f-auto,q-80/cms/product_variant/86b3d35e-1e41-473e-aea3-e0f5c66dc279.jpeg"
Masala & Dry Fruits,Top Picks,"https://cdn.zeptonow.com/production/tr:w-90,ar-120-121,pr-true,f-auto,q-80/cms/sub_category/40.png",Daily Good Black Pepper / Kali Mirch,Daily Good,73,105,50 g,4.7 (1.7k),In Stock,https://www.zeptonow.com/pn/daily-good-black-pepper-kali-mirch/pvid/c40c2e09-4297-4c00-81fc-afe64c75ee5c,"https://cdn.zeptonow.com/production/tr:w-1280,ar-1979-1979,pr-true,f-auto,q-80/cms/product_variant/e1f24d94-c09f-4c4f-acde-38131372f7f7.jpg"
Masala & Dry Fruits,Top Picks,"https://cdn.zeptonow.com/production/tr:w-90,ar-120-121,pr-true,f-auto,q-80/cms/sub_category/40.png",Open Secret Diwali Dry Fruit Gift Box,Open Secret,534,1000,400 g,5 (110),In Stock,https://www.zeptonow.com/pn/open-secret-diwali-dry-fruit-gift-box/pvid/5a05a483-b7d3-474d-885d-ef19bea3d242,"https://cdn.zeptonow.com/production/tr:w-1280,ar-1502-1242,pr-true,f-auto,q-80/cms/product_variant/47c144c6-8062-4011-8350-6d0257f9c503.jpeg"
Masala & Dry Fruits,Top Picks,"https://cdn.zeptonow.com/production/tr:w-90,ar-120-121,pr-true,f-auto,q-80/cms/sub_category/40.png",Safe Harvest Pesticide-Free Khandsari Sugar | Artisanal | No Artificial Flavors,Safe,72,80,500 g,4.7 (1.2k),In Stock,https://www.zeptonow.com/pn/safe-harvest-pesticide-free-khandsari-sugar-artisanal-no-artificial-flavors/pvid/1a154d43-3689-42cb-a6d3-4212b2720470,"https://cdn.zeptonow.com/production/tr:w-1280,ar-1021-1021,pr-true,f-auto,q-80/cms/product_variant/71442b12-ce2d-4a80-bb3b-9bb6d0825934.jpeg"
Masala & Dry Fruits,Top Picks,"https://cdn.zeptonow.com/production/tr:w-90,ar-120-121,pr-true,f-auto,q-80/cms/sub_category/40.png",Daily Good Shahjeera / Caraway Seeds,Daily Good,189,195,100 g,4.9 (1.2k),In Stock,https://www.zeptonow.com/pn/daily-good-shahjeera-caraway-seeds/pvid/4d366adb-7aa2-4d60-845b-8175e380a75a,"https://cdn.zeptonow.com/production/tr:w-1280,ar-1200-1200,pr-true,f-auto,q-80/cms/product_variant/98c6dbe5-4dea-4e63-960e-2199ba009c7d.jpeg"
Masala & Dry Fruits,Top Picks,"https://cdn.zeptonow.com/production/tr:w-90,ar-120-121,pr-true,f-auto,q-80/cms/sub_category/40.png",Nutty Gritties Ajwa Dates,Nutty,590,950,350 g,4.2 (98),In Stock,https://www.zeptonow.com/pn/nutty-gritties-ajwa-dates/pvid/583aab66-0c2a-4952-ae64-fa89f872ec9a,"https://cdn.zeptonow.com/production/tr:w-1280,ar-1300-1300,pr-true,f-auto,q-80/cms/product_variant/d44890b7-61e3-45cf-ab5e-16253fe3e544.jpeg"
Masala & Dry Fruits,Top Picks,"https://cdn.zeptonow.com/production/tr:w-90,ar-120-121,pr-true,f-auto,q-80/cms/sub_category/40.png",Shan Achar Ghost,Shan,84,99,50 g,4.7 (117),In Stock,https://www.zeptonow.com/pn/shan-achar-ghost/pvid/40d45e51-a508-46b4-ae31-8186f8edfe2a,"https://cdn.zeptonow.com/production/tr:w-1280,ar-1500-1500,pr-true,f-auto,q-80/cms/product_variant/3ebf547e-fe52-469e-bd75-a7e0d5e2d2dc.jpeg"
Masala & Dry Fruits,Top Picks,"https://cdn.zeptonow.com/production/tr:w-90,ar-120-121,pr-true,f-auto,q-80/cms/sub_category/40.png","Tata Himalayan Rock Pink Salt Pouch, Premium Sendha Namak, With Natural Trace Minerals, Low Sodium, Crystal Salt",Tata,60,65,500 g,4.7 (19.2k),In Stock,https://www.zeptonow.com/pn/tata-himalayan-rock-pink-salt-pouch-premium-sendha-namak-with-natural-trace-minerals-low-sodium-crystal-salt/pvid/b2d5ef85-e2d9-426f-af07-97efe3c249b7,"https://cdn.zeptonow.com/production/tr:w-1280,ar-1200-1200,pr-true,f-auto,q-80/cms/product_variant/5da3628e-acba-460f-a3c9-7c7ddc2afc22.jpeg"
Masala & Dry Fruits,Top Picks,"https://cdn.zeptonow.com/production/tr:w-90,ar-120-121,pr-true,f-auto,q-80/cms/sub_category/40.png",Nutraj Classic Green Cardamom (Elaichi) - Pouch,MOM,115,120,20 g,4.6 (963),In Stock,https://www.zeptonow.com/pn/nutraj-classic-green-cardamom-elaichi-pouch/pvid/c7c9eeee-ebcd-47c2-be30-80a1f3c1fde3,"https://cdn.zeptonow.com/production/tr:w-1280,ar-1200-1200,pr-true,f-auto,q-80/cms/product_variant/46e5d0a4-67d4-442d-9e8a-f945cc67033f.jpg"
Masala & Dry Fruits,Top Picks,"https://cdn.zeptonow.com/production/tr:w-90,ar-120-121,pr-true,f-auto,q-80/cms/sub_category/40.png",Nutraj California Walnut/Akhrot Inshell,Nutraj,570,999,1 kg,4.1 (728),In Stock,https://www.zeptonow.com/pn/nutraj-california-walnutakhrot-inshell/pvid/d1e1a51f-d267-49ea-b487-3890d5013657,"https://cdn.zeptonow.com/production/tr:w-1280,ar-1021-1021,pr-true,f-auto,q-80/cms/product_variant/38b8fbcf-08a2-4e3f-b046-b29213932773.jpeg"
Masala & Dry Fruits,Top Picks,"https://cdn.zeptonow.com/production/tr:w-90,ar-120-121,pr-true,f-auto,q-80/cms/sub_category/40.png",Southern Gun Powder ( Podi Masala),Southern,99,135,70 g,3.9 (296),In Stock,https://www.zeptonow.com/pn/southern-gun-powder-podi-masala/pvid/832acd4e-b10e-4a48-9f1a-9fe4eacf02c3,"https://cdn.zeptonow.com/production/tr:w-1280,ar-1000-1000,pr-true,f-auto,q-80/cms/product_variant/f171448e-6221-45c3-9c2c-f0d7747358e8.jpg"
Masala & Dry Fruits,Top Picks,"https://cdn.zeptonow.com/production/tr:w-90,ar-120-121,pr-true,f-auto,q-80/cms/sub_category/40.png",Daily Good Coriander / Dhania Whole,Daily Good,65,90,200 g,4.7 (6.6k),In Stock,https://www.zeptonow.com/pn/daily-good-coriander-dhania-whole/pvid/ca6aaac7-e898-43e7-9b8a-8dd7745df828,"https://cdn.zeptonow.com/production/tr:w-1280,ar-2400-2400,pr-true,f-auto,q-80/cms/product_variant/b6742cab-df6a-4488-8e83-2a4071388854.jpeg"
Masala & Dry Fruits,Top Picks,"https://cdn.zeptonow.com/production/tr:w-90,ar-120-121,pr-true,f-auto,q-80/cms/sub_category/40.png",Daily Good Watermelon Seeds / Tarbuj Beej,Daily Good,90,195,100 g,4.6 (5.3k),In Stock,https://www.zeptonow.com/pn/daily-good-watermelon-seeds-tarbuj-beej/pvid/d5c219af-72db-4667-8d48-eb318d89af2e,"https://cdn.zeptonow.com/production/tr:w-1280,ar-3881-3881,pr-true,f-auto,q-80/cms/product_variant/2eb218b5-83cc-4daf-b20b-9173e5c4e500.jpeg"
Masala & Dry Fruits,Top Picks,"https://cdn.zeptonow.com/production/tr:w-90,ar-120-121,pr-true,f-auto,q-80/cms/sub_category/40.png",ZOFF Chironji - Charoli Nuts,ZOFF,176,365,50 g,4.9 (276),In Stock,https://www.zeptonow.com/pn/zoff-chironji-charoli-nuts/pvid/589736f8-d8b6-40e9-904e-365f7b993fc4,"https://cdn.zeptonow.com/production/tr:w-1280,ar-1500-1500,pr-true,f-auto,q-80/cms/product_variant/89120efb-5f5a-46eb-84f0-a0ef15b23a9a.jpg"
Masala & Dry Fruits,Top Picks,"https://cdn.zeptonow.com/production/tr:w-90,ar-120-121,pr-true,f-auto,q-80/cms/sub_category/40.png",Daily Good Mustard / Rai / Sarso Big,Daily Good,25,35,100 g,4.7 (3.1k),In Stock,https://www.zeptonow.com/pn/daily-good-mustard-rai-sarso-big/pvid/fe73d279-92c5-4582-b0e6-3ae6b61f9c4d,"https://cdn.zeptonow.com/production/tr:w-1280,ar-1941-1941,pr-true,f-auto,q-80/cms/product_variant/402eaeb9-357d-4e42-93a3-060be9a203ef.jpg"
Masala & Dry Fruits,Top Picks,"https://cdn.zeptonow.com/production/tr:w-90,ar-120-121,pr-true,f-auto,q-80/cms/sub_category/40.png",Popular Essentials Organic Jaggery Powder,Popular Essentials,63,80,500 g,4.9 (1.3k),In Stock,https://www.zeptonow.com/pn/popular-essentials-organic-jaggery-powder/pvid/5ce44a7c-6f0b-4253-a226-3bfd722b846f,"https://cdn.zeptonow.com/production/tr:w-1280,ar-1000-1000,pr-true,f-auto,q-80/cms/product_variant/5eb2ca17-ee97-43d8-b625-8705560a5343.jpeg"
Masala & Dry Fruits,Top Picks,"https://cdn.zeptonow.com/production/tr:w-90,ar-120-121,pr-true,f-auto,q-80/cms/sub_category/40.png",Daily Good Chilli Stemless / Guntur Stemless,Daily Good,59,110,100 g,4.7 (6.9k),In Stock,https://www.zeptonow.com/pn/daily-good-chilli-stemless-guntur-stemless/pvid/47ed5e6d-9671-46d1-b270-d63bb2a8cf83,"https://cdn.zeptonow.com/production/tr:w-1280,ar-1200-1200,pr-true,f-auto,q-80/cms/product_variant/2c695bc2-2707-47d8-887c-6610afbd36e5.jpeg"
Masala & Dry Fruits,Top Picks,"https://cdn.zeptonow.com/production/tr:w-90,ar-120-121,pr-true,f-auto,q-80/cms/sub_category/40.png",Open Secret Premium Green Raisins | Kishmish,Open Secret,257,325,500 g,4.5 (577),In Stock,https://www.zeptonow.com/pn/open-secret-premium-green-raisins-kishmish/pvid/e6cbc4fb-5733-4f63-bbf9-b4fcd695cb7a,"https://cdn.zeptonow.com/production/tr:w-1280,ar-1000-1000,pr-true,f-auto,q-80/cms/product_variant/88a91ea6-43cd-43c6-82da-e25b98bd542d.jpg"
Masala & Dry Fruits,Top Picks,"https://cdn.zeptonow.com/production/tr:w-90,ar-120-121,pr-true,f-auto,q-80/cms/sub_category/40.png",Badshah Turmeric Powder,Badshah,157,254,500 g,4.3 (150),In Stock,https://www.zeptonow.com/pn/badshah-turmeric-powder/pvid/41557405-32e0-494a-8a00-7e6310836bd4,"https://cdn.zeptonow.com/production/tr:w-1280,ar-2000-2000,pr-true,f-auto,q-80/cms/product_variant/ab8e4b31-bbb0-4214-8425-11afee3169c4.jpeg"
Masala & Dry Fruits,Top Picks,"https://cdn.zeptonow.com/production/tr:w-90,ar-120-121,pr-true,f-auto,q-80/cms/sub_category/40.png",Badshah Mutton Masala,Badshah,62,92,100 g,4.8 (164),In Stock,https://www.zeptonow.com/pn/badshah-mutton-masala/pvid/67445ab3-cb3e-4c17-b6db-f49f50615407,"https://cdn.zeptonow.com/production/tr:w-1280,ar-2000-2000,pr-true,f-auto,q-80/cms/product_variant/642ede11-7d72-422e-ad96-d928660f85b8.jpeg"
Masala & Dry Fruits,Top Picks,"https://cdn.zeptonow.com/production/tr:w-90,ar-120-121,pr-true,f-auto,q-80/cms/sub_category/40.png",Daily Good Byadgi Chilli,Daily Good,64,155,100 g,4.7 (3.9k),In Stock,https://www.zeptonow.com/pn/daily-good-byadgi-chilli/pvid/b1c937d1-9261-4c67-8a65-0c9e8150a579,"https://cdn.zeptonow.com/production/tr:w-1280,ar-1200-1200,pr-true,f-auto,q-80/cms/product_variant/5ed09192-b462-4787-918e-4d5bde6f729d.jpeg"
Masala & Dry Fruits,Top Picks,"https://cdn.zeptonow.com/production/tr:w-90,ar-120-121,pr-true,f-auto,q-80/cms/sub_category/40.png",Sugarfree Natura Low Calorie Sweetener - 100 Sachet,Sugarfree,151,159,100 piece,4.8 (116),In Stock,https://www.zeptonow.com/pn/sugarfree-natura-low-calorie-sweetener-100-sachet/pvid/6dc3bf84-7830-46d0-a11c-2f53aab22a2a,"https://cdn.zeptonow.com/production/tr:w-1280,ar-1021-1021,pr-true,f-auto,q-80/cms/product_variant/cb6add14-746b-465a-bc5f-46ccb8946a54.jpeg"
Masala & Dry Fruits,Top Picks,"https://cdn.zeptonow.com/production/tr:w-90,ar-120-121,pr-true,f-auto,q-80/cms/sub_category/40.png",Aashirvaad Himalayan Pink Salt,Aashirvaad,52,65,500 g,4.6 (195),In Stock,https://www.zeptonow.com/pn/aashirvaad-himalayan-pink-salt/pvid/8fc087dd-4a38-40d7-be95-649c7d3ef920,"https://cdn.zeptonow.com/production/tr:w-1280,ar-1500-1500,pr-true,f-auto,q-80/cms/product_variant/9891bcb1-da97-49d3-9833-6c133ac5d5f4.jpg"
Masala & Dry Fruits,Top Picks,"https://cdn.zeptonow.com/production/tr:w-90,ar-120-121,pr-true,f-auto,q-80/cms/sub_category/40.png",Orika Amchur Powder,Orika,64,95,100 g,4.9 (118),In Stock,https://www.zeptonow.com/pn/orika-amchur-powder/pvid/b05e3d51-dacb-4f9a-9bdc-3922b0f82763,"https://cdn.zeptonow.com/production/tr:w-1280,ar-1205-1500,pr-true,f-auto,q-80/cms/product_variant/74a9de76-d920-4b65-baa8-34b5cd4946ef.jpg"
Masala & Dry Fruits,Top Picks,"https://cdn.zeptonow.com/production/tr:w-90,ar-120-121,pr-true,f-auto,q-80/cms/sub_category/40.png",24 Mantra Organic Bura (Brown )Sugar Demerara,24 Mantra,70,80,500 g,4.3 (453),In Stock,https://www.zeptonow.com/pn/24-mantra-organic-bura-brown-sugar-demerara/pvid/9926bb07-66ff-4270-affe-ae6dcd49e227,"https://cdn.zeptonow.com/production/tr:w-1280,ar-1200-1200,pr-true,f-auto,q-80/cms/product_variant/b8df80dc-5cd8-40e8-b4f2-afb66605b015.jpeg"
Masala & Dry Fruits,Top Picks,"https://cdn.zeptonow.com/production/tr:w-90,ar-120-121,pr-true,f-auto,q-80/cms/sub_category/40.png",Daily Good Tamarind / Imli,Daily Good,119,220,500 g,4.5 (4.9k),In Stock,https://www.zeptonow.com/pn/daily-good-tamarind-imli/pvid/b7f8365b-e892-4c7e-9a49-8bcfe6b1022d,"https://cdn.zeptonow.com/production/tr:w-1280,ar-1200-1200,pr-true,f-auto,q-80/cms/product_variant/482dd772-d9e3-4777-b9e6-096f443da29b.jpeg"
Masala & Dry Fruits,Top Picks,"https://cdn.zeptonow.com/production/tr:w-90,ar-120-121,pr-true,f-auto,q-80/cms/sub_category/40.png",CRISTA Bombay Sandwich Masala,CRISTA,86,125,50 g,4.9 (124),In Stock,https://www.zeptonow.com/pn/crista-bombay-sandwich-masala/pvid/a468aede-4c0a-4c0b-be69-80a8c4367fa7,"https://cdn.zeptonow.com/production/tr:w-1280,ar-1200-1200,pr-true,f-auto,q-80/cms/product_variant/f97cad6c-1f4b-4dbc-ac00-7b8a4297f5d1.jpeg"
Masala & Dry Fruits,Top Picks,"https://cdn.zeptonow.com/production/tr:w-90,ar-120-121,pr-true,f-auto,q-80/cms/sub_category/40.png",Orika Coriander Powder | Dhania Powder,Orika,27,43,100 g,4.7 (184),In Stock,https://www.zeptonow.com/pn/orika-coriander-powder-dhania-powder/pvid/b42f8fe4-8ecc-452b-ac36-3718e42d5c2f,"https://cdn.zeptonow.com/production/tr:w-1280,ar-2500-2500,pr-true,f-auto,q-80/cms/product_variant/415cae2e-9fcd-4ae7-8f28-60dbf45aab62.jpg"
Masala & Dry Fruits,Powders & Pastes,"https://cdn.zeptonow.com/production/tr:w-90,ar-120-121,pr-true,f-auto,q-80/cms/sub_category/45.png",Tata Sampann Coriander Powder With Natural Oils Dhania Powder,Tata,180,205,500 g,4.9 (2.0k),In Stock,https://www.zeptonow.com/pn/tata-sampann-coriander-powder-with-natural-oils-dhania-powder/pvid/1dec35fe-fb35-4091-822b-204ab50caa77,"https://cdn.zeptonow.com/production/tr:w-1280,ar-1200-1200,pr-true,f-auto,q-80/cms/product_variant/8a8e5e65-80c0-49bc-90dd-5145ef5c30f8.jpeg"
Masala & Dry Fruits,Powders & Pastes,"https://cdn.zeptonow.com/production/tr:w-90,ar-120-121,pr-true,f-auto,q-80/cms/sub_category/45.png",Badshah Kashmiri Chilli Powder,Badshah,79,118,100 g,4.4 (209),In Stock,https://www.zeptonow.com/pn/badshah-kashmiri-chilli-powder/pvid/9363e642-9693-4602-bfd1-fdab82a8ca73,"https://cdn.zeptonow.com/production/tr:w-1280,ar-2000-2000,pr-true,f-auto,q-80/cms/product_variant/31ad1eed-96c2-4b74-9578-264b1100ea4b.jpeg"
Masala & Dry Fruits,Powders & Pastes,"https://cdn.zeptonow.com/production/tr:w-90,ar-120-121,pr-true,f-auto,q-80/cms/sub_category/45.png",Tata Sampann Coriander Powder With Natural Oils Dhania Powder,Tata,79,86,200 g,4.8 (6.9k),In Stock,https://www.zeptonow.com/pn/tata-sampann-coriander-powder-with-natural-oils-dhania-powder/pvid/7e1fae34-2ccd-43bb-a1b0-cda91f042349,"https://cdn.zeptonow.com/production/tr:w-1280,ar-1200-1200,pr-true,f-auto,q-80/cms/product_variant/5994d2b1-71e0-4759-b77a-97ff0f955fdb.jpeg"
Masala & Dry Fruits,Powders & Pastes,"https://cdn.zeptonow.com/production/tr:w-90,ar-120-121,pr-true,f-auto,q-80/cms/sub_category/45.png",Aashirvaad Chaat Masala,Aashirvaad,68,90,100 g,4.7 (224),In Stock,https://www.zeptonow.com/pn/aashirvaad-chaat-masala/pvid/2065325c-96af-4902-8a79-739dd27e66ed,"https://cdn.zeptonow.com/production/tr:w-1280,ar-2560-2560,pr-true,f-auto,q-80/cms/product_variant/6386606d-2e95-40f4-9506-1b23adb06b4c.jpeg"
Masala & Dry Fruits,Powders & Pastes,"https://cdn.zeptonow.com/production/tr:w-90,ar-120-121,pr-true,f-auto,q-80/cms/sub_category/45.png",Tata Sampann Kashmiri Red Chilli Powder with Natural Oils Kashmiri Lal Mirch Powder,Tata,101,107,100 g,4.8 (1.3k),In Stock,https://www.zeptonow.com/pn/tata-sampann-kashmiri-red-chilli-powder-with-natural-oils-kashmiri-lal-mirch-powder/pvid/d1c7944d-d2f1-4111-bb7d-7b841b1f6acf,"https://cdn.zeptonow.com/production/tr:w-1280,ar-1200-1200,pr-true,f-auto,q-80/cms/product_variant/42924179-5fc8-45e0-9b9b-ff91100121c6.jpeg"
Masala & Dry Fruits,Powders & Pastes,"https://cdn.zeptonow.com/production/tr:w-90,ar-120-121,pr-true,f-auto,q-80/cms/sub_category/45.png",Aashirvaad Turmeric Powder,Aashirvaad,169,200,500 g,4.8 (639),In Stock,https://www.zeptonow.com/pn/aashirvaad-turmeric-powder/pvid/9ea4543e-fd6e-4fc2-b6bb-abcd1f4ef896,"https://cdn.zeptonow.com/production/tr:w-1280,ar-1200-1200,pr-true,f-auto,q-80/cms/product_variant/f9fe4d0b-d70e-4554-b683-b8e5f71318e8.jpg"
Masala & Dry Fruits,Powders & Pastes,"https://cdn.zeptonow.com/production/tr:w-90,ar-120-121,pr-true,f-auto,q-80/cms/sub_category/45.png",Tata Sampann Garam Masala Powder with Natural Oils Rich Aroma & Flavour,Tata,100,105,100 g,4.8 (3.6k),In Stock,https://www.zeptonow.com/pn/tata-sampann-garam-masala-powder-with-natural-oils-rich-aroma-flavour/pvid/f307408d-c167-4a43-b5b9-83d4a4cb2813,"https://cdn.zeptonow.com/production/tr:w-1280,ar-1200-1200,pr-true,f-auto,q-80/cms/product_variant/696bcf26-8400-4b35-9da0-dbd50f2d8d5a.jpeg"
Masala & Dry Fruits,Powders & Pastes,"https://cdn.zeptonow.com/production/tr:w-90,ar-120-121,pr-true,f-auto,q-80/cms/sub_category/45.png",Tata Sampann Pav Bhaji Masala with Natural Oils Rich Aroma & Flavour,Tata,95,95,100 g,4.5 (1.5k),In Stock,https://www.zeptonow.com/pn/tata-sampann-pav-bhaji-masala-with-natural-oils-rich-aroma-flavour/pvid/a5dff5d6-001a-4d6d-99ae-3c587a633e9a,"https://cdn.zeptonow.com/production/tr:w-1280,ar-1200-1200,pr-true,f-auto,q-80/cms/product_variant/f2ea0902-13ba-4c4a-9277-a2c82698c8d4.jpeg"
Masala & Dry Fruits,Powders & Pastes,"https://cdn.zeptonow.com/production/tr:w-90,ar-120-121,pr-true,f-auto,q-80/cms/sub_category/45.png",Aashirvaad Sambar Masala | Blended Spice for Authentic Taste and Colour,Aashirvaad,80,90,100 g,4.7 (212),In Stock,https://www.zeptonow.com/pn/aashirvaad-sambar-masala-blended-spice-for-authentic-taste-and-colour/pvid/bcdabdc2-e746-4851-b281-dce577e8eecd,"https://cdn.zeptonow.com/production/tr:w-1280,ar-2560-2560,pr-true,f-auto,q-80/cms/product_variant/cb0525e1-612d-4a93-8fcd-c36fb21c929a.jpeg"
Masala & Dry Fruits,Powders & Pastes,"https://cdn.zeptonow.com/production/tr:w-90,ar-120-121,pr-true,f-auto,q-80/cms/sub_category/45.png",Orika Jaljeera Lemonade Mix 10 Sachets,Orika,82,145,190 g,4.8 (473),In Stock,https://www.zeptonow.com/pn/orika-jaljeera-lemonade-mix-10-sachets/pvid/fc484bca-2863-4809-8378-d095a743e5c7,"https://cdn.zeptonow.com/production/tr:w-1280,ar-2000-2000,pr-true,f-auto,q-80/cms/product_variant/2f8bf7b4-cff4-41fc-9c52-a194895892b7.jpg"
Masala & Dry Fruits,Powders & Pastes,"https://cdn.zeptonow.com/production/tr:w-90,ar-120-121,pr-true,f-auto,q-80/cms/sub_category/45.png",Badshah Chat Masala,Badshah,57,85,100 g,4.8 (462),In Stock,https://www.zeptonow.com/pn/badshah-chat-masala/pvid/97e3d89d-78c1-481b-965c-788e856c721a,"https://cdn.zeptonow.com/production/tr:w-1280,ar-2000-2000,pr-true,f-auto,q-80/cms/product_variant/8d63d579-7b47-427d-b786-efef93473d55.jpeg"
Masala & Dry Fruits,Powders & Pastes,"https://cdn.zeptonow.com/production/tr:w-90,ar-120-121,pr-true,f-auto,q-80/cms/sub_category/45.png",Orika Old Delhi Chat Masala,Orika,63,96,90 g,5 (680),In Stock,https://www.zeptonow.com/pn/orika-old-delhi-chat-masala/pvid/53145b92-48b0-4232-87c0-09b732a76181,"https://cdn.zeptonow.com/production/tr:w-1280,ar-1500-1500,pr-true,f-auto,q-80/cms/product_variant/bba6c285-23c1-4b37-8f52-c9f4798d563e.jpg"
Masala & Dry Fruits,Powders & Pastes,"https://cdn.zeptonow.com/production/tr:w-90,ar-120-121,pr-true,f-auto,q-80/cms/sub_category/45.png",Tata Sampann Chilli Powder with Natural Oils Lal Mirchi Powder,Tata,111,124,200 g,4.8 (3.3k),In Stock,https://www.zeptonow.com/pn/tata-sampann-chilli-powder-with-natural-oils-lal-mirchi-powder/pvid/d4c4e196-c6c2-4012-b97e-8868f880dad5,"https://cdn.zeptonow.com/production/tr:w-1280,ar-1200-1200,pr-true,f-auto,q-80/cms/product_variant/9d2a244b-34f3-4b4d-b13d-c498d9c73455.jpeg"
Masala & Dry Fruits,Powders & Pastes,"https://cdn.zeptonow.com/production/tr:w-90,ar-120-121,pr-true,f-auto,q-80/cms/sub_category/45.png",Tata Sampann Turmeric Powder With Natural Oils Haldi Powder,Tata,206,235,500 g,4.8 (1.4k),In Stock,https://www.zeptonow.com/pn/tata-sampann-turmeric-powder-with-natural-oils-haldi-powder/pvid/f79f5f40-190b-40dd-98a7-86feac62eab8,"https://cdn.zeptonow.com/production/tr:w-1280,ar-1200-1200,pr-true,f-auto,q-80/cms/product_variant/31b96c2a-e2db-4365-bc93-f970ff73b447.jpeg"
Masala & Dry Fruits,Powders & Pastes,"https://cdn.zeptonow.com/production/tr:w-90,ar-120-121,pr-true,f-auto,q-80/cms/sub_category/45.png",Aashirvaad Masala Karam | Multi-Purpose Masala for Tasty Dishes,Aashirvaad,120,150,200 g,4.6 (387),In Stock,https://www.zeptonow.com/pn/aashirvaad-masala-karam-multi-purpose-masala-for-tasty-dishes/pvid/b335cbf2-abcc-426b-bf24-331c484564ac,"https://cdn.zeptonow.com/production/tr:w-1280,ar-2560-2560,pr-true,f-auto,q-80/cms/product_variant/3bd6a14c-61e2-4b5c-bafb-1e795aa15912.jpeg"
Masala & Dry Fruits,Powders & Pastes,"https://cdn.zeptonow.com/production/tr:w-90,ar-120-121,pr-true,f-auto,q-80/cms/sub_category/45.png",Tata Sampann Kitchen King Masala with Natural Oils Rich Aroma & Flavour,Tata,88,95,100 g,4.8 (2.8k),In Stock,https://www.zeptonow.com/pn/tata-sampann-kitchen-king-masala-with-natural-oils-rich-aroma-flavour/pvid/a9f2a58f-5155-4f93-8693-282742aa353c,"https://cdn.zeptonow.com/production/tr:w-1280,ar-1200-1200,pr-true,f-auto,q-80/cms/product_variant/050ed26a-b8bb-424b-8d06-23cfa3f22dcb.jpeg"
Masala & Dry Fruits,Powders & Pastes,"https://cdn.zeptonow.com/production/tr:w-90,ar-120-121,pr-true,f-auto,q-80/cms/sub_category/45.png",Aashirvaad Punjabi Chole Masala,Aashirvaad,97,110,100 g,4.5 (286),In Stock,https://www.zeptonow.com/pn/aashirvaad-punjabi-chole-masala/pvid/f6ee080e-93a5-4e4e-bb3b-b25b5749c73e,"https://cdn.zeptonow.com/production/tr:w-1280,ar-1500-1500,pr-true,f-auto,q-80/cms/product_variant/678405fa-31e5-4a63-81ec-1a7d6683e7d8.jpg"
Masala & Dry Fruits,Powders & Pastes,"https://cdn.zeptonow.com/production/tr:w-90,ar-120-121,pr-true,f-auto,q-80/cms/sub_category/45.png",Tata Sampann Spices Punjabi Chhole Masala,Tata,89,93,100 g,4.8 (964),In Stock,https://www.zeptonow.com/pn/tata-sampann-spices-punjabi-chhole-masala/pvid/035d066b-ced2-4af6-8458-d3a84c66d889,"https://cdn.zeptonow.com/production/tr:w-1280,ar-1200-1200,pr-true,f-auto,q-80/cms/product_variant/a1c6e348-98c0-4241-9cc4-a1749765d446.jpeg"
Masala & Dry Fruits,Powders & Pastes,"https://cdn.zeptonow.com/production/tr:w-90,ar-120-121,pr-true,f-auto,q-80/cms/sub_category/45.png",Orika Black Pepper Powder | Kaali Mirch Powder,Orika,126,185,100 g,4.4 (428),In Stock,https://www.zeptonow.com/pn/orika-black-pepper-powder-kaali-mirch-powder/pvid/a1e2b106-ef03-4d03-80ed-707f0b177180,"https://cdn.zeptonow.com/production/tr:w-1280,ar-1205-1500,pr-true,f-auto,q-80/cms/product_variant/c33b07ad-414b-475f-b999-a9a7665da8c9.jpg"
Masala & Dry Fruits,Powders & Pastes,"https://cdn.zeptonow.com/production/tr:w-90,ar-120-121,pr-true,f-auto,q-80/cms/sub_category/45.png",Orika Kashmiri Chilli Powder | Kashmiri Lal Mirch,Orika,76,124,100 g,4.6 (421),In Stock,https://www.zeptonow.com/pn/orika-kashmiri-chilli-powder-kashmiri-lal-mirch/pvid/0e80434f-0d35-48b3-89b9-6fc50520b9ff,"https://cdn.zeptonow.com/production/tr:w-1280,ar-1205-1500,pr-true,f-auto,q-80/cms/product_variant/a8bf8c7b-fef9-4aa5-9c36-892330a252e7.jpg"
Masala & Dry Fruits,Powders & Pastes,"https://cdn.zeptonow.com/production/tr:w-90,ar-120-121,pr-true,f-auto,q-80/cms/sub_category/45.png",Tata Sampann Turmeric Powder With Natural Oils Haldi Powder,Tata,43,48,100 g,4.7 (2.0k),In Stock,https://www.zeptonow.com/pn/tata-sampann-turmeric-powder-with-natural-oils-haldi-powder/pvid/bd960e2d-f8db-4ebc-97f6-058e2310de4d,"https://cdn.zeptonow.com/production/tr:w-1280,ar-1200-1200,pr-true,f-auto,q-80/cms/product_variant/688b49c1-c09b-4c52-91c1-12c827115009.jpeg"
Masala & Dry Fruits,Powders & Pastes,"https://cdn.zeptonow.com/production/tr:w-90,ar-120-121,pr-true,f-auto,q-80/cms/sub_category/45.png",ZOFF Cumin - Jeera Powder,ZOFF,49,80,100 g,4.6 (1.3k),In Stock,https://www.zeptonow.com/pn/zoff-cumin-jeera-powder/pvid/19c5361d-b2a5-456e-9685-120251779398,"https://cdn.zeptonow.com/production/tr:w-1280,ar-1500-1500,pr-true,f-auto,q-80/cms/product_variant/ed9c5a66-bbdd-456c-adf0-3461b079e580.jpeg"
Masala & Dry Fruits,Powders & Pastes,"https://cdn.zeptonow.com/production/tr:w-90,ar-120-121,pr-true,f-auto,q-80/cms/sub_category/45.png",CRISTA Kashmiri Chilli Powder,CRISTA,79,125,100 g,5 (229),In Stock,https://www.zeptonow.com/pn/crista-kashmiri-chilli-powder/pvid/3818a970-f86b-470d-a7b6-cff597e94774,"https://cdn.zeptonow.com/production/tr:w-1280,ar-2776-2760,pr-true,f-auto,q-80/cms/product_variant/1eab2639-5f4c-4943-87e6-b63dc594dfc9.jpeg"
Masala & Dry Fruits,Powders & Pastes,"https://cdn.zeptonow.com/production/tr:w-90,ar-120-121,pr-true,f-auto,q-80/cms/sub_category/45.png",Badshah Red Chilli Powder,Badshah,167,270,500 g,4.8 (196),In Stock,https://www.zeptonow.com/pn/badshah-red-chilli-powder/pvid/98e938c6-dea7-4740-8e4e-7df1dddc861c,"https://cdn.zeptonow.com/production/tr:w-1280,ar-2000-2000,pr-true,f-auto,q-80/cms/product_variant/27e45afa-f809-46fb-ad98-530c8febd0a1.jpeg"
Masala & Dry Fruits,Powders & Pastes,"https://cdn.zeptonow.com/production/tr:w-90,ar-120-121,pr-true,f-auto,q-80/cms/sub_category/45.png",Badshah Amchur Powder,Badshah,64,96,100 g,4.9 (190),In Stock,https://www.zeptonow.com/pn/badshah-amchur-powder/pvid/cee0dcb4-8d1f-4b15-9582-d7631c6d1daf,"https://cdn.zeptonow.com/production/tr:w-1280,ar-2000-2000,pr-true,f-auto,q-80/cms/product_variant/03119354-f4fc-4599-ad28-7e68da8f35d8.jpeg"
Masala & Dry Fruits,Powders & Pastes,"https://cdn.zeptonow.com/production/tr:w-90,ar-120-121,pr-true,f-auto,q-80/cms/sub_category/45.png",Tata Sampann Spices Chaat Masala,Tata,90,90,100 g,4.7 (654),In Stock,https://www.zeptonow.com/pn/tata-sampann-spices-chaat-masala/pvid/bdce8972-4d23-47ac-aec3-b01aff5c8fdd,"https://cdn.zeptonow.com/production/tr:w-1280,ar-1200-1200,pr-true,f-auto,q-80/cms/product_variant/6a28d7c3-5283-45c5-9abf-5efeffddf908.jpeg"
Masala & Dry Fruits,Powders & Pastes,"https://cdn.zeptonow.com/production/tr:w-90,ar-120-121,pr-true,f-auto,q-80/cms/sub_category/45.png",Badshah Biryani Masala,Badshah,110,165,100 g,4.8 (135),In Stock,https://www.zeptonow.com/pn/badshah-biryani-masala/pvid/68e4be5e-8747-4fc3-9120-f7e8bd799c43,"https://cdn.zeptonow.com/production/tr:w-1280,ar-2000-2000,pr-true,f-auto,q-80/cms/product_variant/7de22034-904b-4612-8573-3403e72d6ee1.jpeg"
Masala & Dry Fruits,Powders & Pastes,"https://cdn.zeptonow.com/production/tr:w-90,ar-120-121,pr-true,f-auto,q-80/cms/sub_category/45.png",Badshah Jaljira Masala,Badshah,44,66,100 g,4.7 (202),In Stock,https://www.zeptonow.com/pn/badshah-jaljira-masala/pvid/377fc1b5-32a5-4e3e-bf89-496e50f5cd4f,"https://cdn.zeptonow.com/production/tr:w-1280,ar-1000-1000,pr-true,f-auto,q-80/cms/product_variant/32e29075-05f8-4ac8-882f-01686b0a326f.jpeg"
Masala & Dry Fruits,Powders & Pastes,"https://cdn.zeptonow.com/production/tr:w-90,ar-120-121,pr-true,f-auto,q-80/cms/sub_category/45.png",Badshah Chicken Masala,Badshah,62,92,100 g,4.8 (223),In Stock,https://www.zeptonow.com/pn/badshah-chicken-masala/pvid/9f3c135b-64c1-4943-821e-65ab3d622df5,"https://cdn.zeptonow.com/production/tr:w-1280,ar-2000-2000,pr-true,f-auto,q-80/cms/product_variant/d9ccce2d-4067-45d5-b4cc-b0adfb474446.jpeg"
Masala & Dry Fruits,Powders & Pastes,"https://cdn.zeptonow.com/production/tr:w-90,ar-120-121,pr-true,f-auto,q-80/cms/sub_category/45.png",Aashirvaad Coriander Powder | Dhaniya Powder,Aashirvaad,28,46,100 g,4.6 (5.8k),In Stock,https://www.zeptonow.com/pn/aashirvaad-coriander-powder-dhaniya-powder/pvid/a4d3642c-ea28-4633-a785-df3f796a4281,"https://cdn.zeptonow.com/production/tr:w-1280,ar-2560-2560,pr-true,f-auto,q-80/cms/product_variant/304baa99-3dd8-4dda-967a-f7ad0152a0dc.jpeg"
Masala & Dry Fruits,Powders & Pastes,"https://cdn.zeptonow.com/production/tr:w-90,ar-120-121,pr-true,f-auto,q-80/cms/sub_category/45.png",CRISTA Smoked Paprika Powder,CRISTA,135,210,45 g,4.1 (142),In Stock,https://www.zeptonow.com/pn/crista-smoked-paprika-powder/pvid/f5cfd1d3-525a-4493-bbb2-18b419d02dde,"https://cdn.zeptonow.com/production/tr:w-1280,ar-2774-2774,pr-true,f-auto,q-80/cms/product_variant/ac8d8bc4-5e6b-4b61-a839-1fc00acd9501.jpeg"
Masala & Dry Fruits,Powders & Pastes,"https://cdn.zeptonow.com/production/tr:w-90,ar-120-121,pr-true,f-auto,q-80/cms/sub_category/45.png",Badshah Black Pepper Powder,Badshah,124,185,100 g,4.7 (148),In Stock,https://www.zeptonow.com/pn/badshah-black-pepper-powder/pvid/614ac942-db2b-403e-8f31-4a0942be8fb8,"https://cdn.zeptonow.com/production/tr:w-1280,ar-2000-2000,pr-true,f-auto,q-80/cms/product_variant/2cbe7c37-61b4-408d-b04b-bfe23f5fbfc5.jpeg"
Masala & Dry Fruits,Powders & Pastes,"https://cdn.zeptonow.com/production/tr:w-90,ar-120-121,pr-true,f-auto,q-80/cms/sub_category/45.png",CRISTA Cochin Dry Ginger Powder,CRISTA,67,95,40 g,5 (214),In Stock,https://www.zeptonow.com/pn/crista-cochin-dry-ginger-powder/pvid/bc7f490a-9320-425a-acda-668fe463b3df,"https://cdn.zeptonow.com/production/tr:w-1280,ar-1200-1200,pr-true,f-auto,q-80/cms/product_variant/612b9f0e-f876-4ce6-9f6b-4e6474db650e.jpeg"
Masala & Dry Fruits,Powders & Pastes,"https://cdn.zeptonow.com/production/tr:w-90,ar-120-121,pr-true,f-auto,q-80/cms/sub_category/45.png",CRISTA Chatpata Chaat Masala,CRISTA,70,95,100 g,4.7 (223),In Stock,https://www.zeptonow.com/pn/crista-chatpata-chaat-masala/pvid/679ca23f-3074-4d6b-a908-00bf4477fd9c,"https://cdn.zeptonow.com/production/tr:w-1280,ar-1500-1500,pr-true,f-auto,q-80/cms/product_variant/c26d929b-810d-4539-8130-d35b858f5858.jpeg"
Masala & Dry Fruits,Powders & Pastes,"https://cdn.zeptonow.com/production/tr:w-90,ar-120-121,pr-true,f-auto,q-80/cms/sub_category/45.png",Aashirvaad Turmeric/Haldi Powder,Aashirvaad,29,40,100 g,4.7 (32.0k),In Stock,https://www.zeptonow.com/pn/aashirvaad-turmerichaldi-powder/pvid/be8a521e-b38b-4cd3-8450-2ed6158d3f70,"https://cdn.zeptonow.com/production/tr:w-1280,ar-2560-2560,pr-true,f-auto,q-80/cms/product_variant/8810453f-c56f-4c13-9f69-68a020249c24.jpeg"
Masala & Dry Fruits,Powders & Pastes,"https://cdn.zeptonow.com/production/tr:w-90,ar-120-121,pr-true,f-auto,q-80/cms/sub_category/45.png",Badshah Coriander Powder,Badshah,124,200,500 g,4.9 (148),In Stock,https://www.zeptonow.com/pn/badshah-coriander-powder/pvid/51f8b6ba-b32e-4357-bf18-bdaf9f85e056,"https://cdn.zeptonow.com/production/tr:w-1280,ar-2000-2000,pr-true,f-auto,q-80/cms/product_variant/e756b9c2-7b88-48dc-9839-4c16389dde2f.jpeg"
Masala & Dry Fruits,Powders & Pastes,"https://cdn.zeptonow.com/production/tr:w-90,ar-120-121,pr-true,f-auto,q-80/cms/sub_category/45.png",Badshah Kitchen King Masala,Badshah,60,90,100 g,4.7 (275),In Stock,https://www.zeptonow.com/pn/badshah-kitchen-king-masala/pvid/fecc61ef-2e9a-4b63-92ea-343e90b4e462,"https://cdn.zeptonow.com/production/tr:w-1280,ar-2000-2000,pr-true,f-auto,q-80/cms/product_variant/c11799d7-c3e0-45f4-9cb8-49182bcf5717.jpeg"
Masala & Dry Fruits,Powders & Pastes,"https://cdn.zeptonow.com/production/tr:w-90,ar-120-121,pr-true,f-auto,q-80/cms/sub_category/45.png",Tata Sampann Dal Tadka Masala,Tata,85,85,100 g,4.6 (354),In Stock,https://www.zeptonow.com/pn/tata-sampann-dal-tadka-masala/pvid/24280d57-1833-4d39-b510-a3e49d4909a5,"https://cdn.zeptonow.com/production/tr:w-1280,ar-1200-1200,pr-true,f-auto,q-80/cms/product_variant/58b2fdc2-c68d-432c-ad04-f1c23aae9f3b.jpeg"
Masala & Dry Fruits,Powders & Pastes,"https://cdn.zeptonow.com/production/tr:w-90,ar-120-121,pr-true,f-auto,q-80/cms/sub_category/45.png",Zoff Foods Coriander Powder,ZOFF,40,60,200 g,4.7 (1.8k),In Stock,https://www.zeptonow.com/pn/zoff-foods-coriander-powder/pvid/e720e357-8834-444c-bcfc-7c13fc5ae3dd,"https://cdn.zeptonow.com/production/tr:w-1280,ar-1500-1500,pr-true,f-auto,q-80/cms/product_variant/c81af0be-50ce-47c9-b96d-ccb0346fa675.jpeg"
Masala & Dry Fruits,Powders & Pastes,"https://cdn.zeptonow.com/production/tr:w-90,ar-120-121,pr-true,f-auto,q-80/cms/sub_category/45.png",Aashirvaad Kashmiri Mirch Powder,Aashirvaad,105,140,100 g,4.5 (332),In Stock,https://www.zeptonow.com/pn/aashirvaad-kashmiri-mirch-powder/pvid/1406fbe7-4a94-41c3-983d-85cae8b3e7a7,"https://cdn.zeptonow.com/production/tr:w-1280,ar-2560-2560,pr-true,f-auto,q-80/cms/product_variant/8c38bb36-b536-49ab-8d64-50aff897ffd2.jpeg"
Masala & Dry Fruits,Powders & Pastes,"https://cdn.zeptonow.com/production/tr:w-90,ar-120-121,pr-true,f-auto,q-80/cms/sub_category/45.png",Badshah Fish Masala,Badshah,58,87,100 g,5 (96),In Stock,https://www.zeptonow.com/pn/badshah-fish-masala/pvid/1f980bee-2599-4f53-9a9e-256764d897a0,"https://cdn.zeptonow.com/production/tr:w-1280,ar-1000-1000,pr-true,f-auto,q-80/cms/product_variant/5fa13aa7-909c-405b-9c7a-e6352f441d67.jpeg"
Masala & Dry Fruits,Powders & Pastes,"https://cdn.zeptonow.com/production/tr:w-90,ar-120-121,pr-true,f-auto,q-80/cms/sub_category/45.png",Orika Turmeric Powder | Haldi Powder,Orika,51,88,200 g,4.5 (557),In Stock,https://www.zeptonow.com/pn/orika-turmeric-powder-haldi-powder/pvid/22f0ef35-1d74-46e0-a690-d353222a04c5,"https://cdn.zeptonow.com/production/tr:w-1280,ar-1205-1500,pr-true,f-auto,q-80/cms/product_variant/e3e9b509-f549-4307-9814-958003a845fa.jpg"
Masala & Dry Fruits,Powders & Pastes,"https://cdn.zeptonow.com/production/tr:w-90,ar-120-121,pr-true,f-auto,q-80/cms/sub_category/45.png",Orika Meat Masala,Orika,54,88,100 g,4.7 (285),In Stock,https://www.zeptonow.com/pn/orika-meat-masala/pvid/7bc48638-a826-43a4-8fd2-c5ad90e7ee8a,"https://cdn.zeptonow.com/production/tr:w-1280,ar-1205-1500,pr-true,f-auto,q-80/cms/product_variant/ec76f894-92a9-49b6-8620-c6f4e6f1fae9.jpg"
Masala & Dry Fruits,Powders & Pastes,"https://cdn.zeptonow.com/production/tr:w-90,ar-120-121,pr-true,f-auto,q-80/cms/sub_category/45.png",CRISTA Exotic Biryani Masala Spice Mix,CRISTA,84,125,45 g,4.8 (78),In Stock,https://www.zeptonow.com/pn/crista-exotic-biryani-masala-spice-mix/pvid/657d1b10-6a43-4985-a327-cc8c8ab80d19,"https://cdn.zeptonow.com/production/tr:w-1280,ar-1200-1200,pr-true,f-auto,q-80/cms/product_variant/c4af53f2-cdf6-44b5-b4d3-e2e37de686b3.jpeg"
Masala & Dry Fruits,Powders & Pastes,"https://cdn.zeptonow.com/production/tr:w-90,ar-120-121,pr-true,f-auto,q-80/cms/sub_category/45.png",CRISTA Kerala Nutmeg Powder,CRISTA,132,215,50 g,4.9 (151),In Stock,https://www.zeptonow.com/pn/crista-kerala-nutmeg-powder/pvid/df626857-ef59-4a84-8397-8d677c19f3a3,"https://cdn.zeptonow.com/production/tr:w-1280,ar-1200-1200,pr-true,f-auto,q-80/cms/product_variant/07b86a93-2b13-475d-819d-531ebf866016.jpeg"
Masala & Dry Fruits,Powders & Pastes,"https://cdn.zeptonow.com/production/tr:w-90,ar-120-121,pr-true,f-auto,q-80/cms/sub_category/45.png",Orika Tandoori Marinade,Orika,64,109,85 g,4.1 (289),In Stock,https://www.zeptonow.com/pn/orika-tandoori-marinade/pvid/1a6004d5-f8c7-48a1-885c-da7b849e90b3,"https://cdn.zeptonow.com/production/tr:w-1280,ar-1500-1500,pr-true,f-auto,q-80/cms/product_variant/99c6a348-c0b3-468b-a489-af9be1b18f39.jpg"
Masala & Dry Fruits,Powders & Pastes,"https://cdn.zeptonow.com/production/tr:w-90,ar-120-121,pr-true,f-auto,q-80/cms/sub_category/45.png",Aashirvaad Shahi Garam Masala | Blended Spice for Authentic Taste and Colour,Aashirvaad,115,125,100 g,5 (144),In Stock,https://www.zeptonow.com/pn/aashirvaad-shahi-garam-masala-blended-spice-for-authentic-taste-and-colour/pvid/5ffbd9a5-fc29-4725-a3aa-0412b4d359ae,"https://cdn.zeptonow.com/production/tr:w-1280,ar-2400-2400,pr-true,f-auto,q-80/cms/product_variant/fe86bffd-9c88-49cb-b0c9-92a9c58f85c5.jpeg"
Masala & Dry Fruits,Powders & Pastes,"https://cdn.zeptonow.com/production/tr:w-90,ar-120-121,pr-true,f-auto,q-80/cms/sub_category/45.png",Shan Kharai Masala,Shan,84,99,50 g,4.9 (86),In Stock,https://www.zeptonow.com/pn/shan-kharai-masala/pvid/0801f9a9-d7fc-4adc-ba41-f236276efdc6,"https://cdn.zeptonow.com/production/tr:w-1280,ar-750-750,pr-true,f-auto,q-80/cms/product_variant/f720a6bb-2a54-4114-9a09-f10549dbffd8.jpeg"
Masala & Dry Fruits,Powders & Pastes,"https://cdn.zeptonow.com/production/tr:w-90,ar-120-121,pr-true,f-auto,q-80/cms/sub_category/45.png",Shan Achar Ghost,Shan,84,99,50 g,4.7 (117),In Stock,https://www.zeptonow.com/pn/shan-achar-ghost/pvid/40d45e51-a508-46b4-ae31-8186f8edfe2a,"https://cdn.zeptonow.com/production/tr:w-1280,ar-1500-1500,pr-true,f-auto,q-80/cms/product_variant/3ebf547e-fe52-469e-bd75-a7e0d5e2d2dc.jpeg"
Masala & Dry Fruits,Powders & Pastes,"https://cdn.zeptonow.com/production/tr:w-90,ar-120-121,pr-true,f-auto,q-80/cms/sub_category/45.png",Southern Gun Powder ( Podi Masala),Southern,99,135,70 g,3.9 (296),In Stock,https://www.zeptonow.com/pn/southern-gun-powder-podi-masala/pvid/832acd4e-b10e-4a48-9f1a-9fe4eacf02c3,"https://cdn.zeptonow.com/production/tr:w-1280,ar-1000-1000,pr-true,f-auto,q-80/cms/product_variant/f171448e-6221-45c3-9c2c-f0d7747358e8.jpg"
Masala & Dry Fruits,Powders & Pastes,"https://cdn.zeptonow.com/production/tr:w-90,ar-120-121,pr-true,f-auto,q-80/cms/sub_category/45.png",Badshah Turmeric Powder,Badshah,157,254,500 g,4.3 (150),In Stock,https://www.zeptonow.com/pn/badshah-turmeric-powder/pvid/41557405-32e0-494a-8a00-7e6310836bd4,"https://cdn.zeptonow.com/production/tr:w-1280,ar-2000-2000,pr-true,f-auto,q-80/cms/product_variant/ab8e4b31-bbb0-4214-8425-11afee3169c4.jpeg"
Masala & Dry Fruits,Powders & Pastes,"https://cdn.zeptonow.com/production/tr:w-90,ar-120-121,pr-true,f-auto,q-80/cms/sub_category/45.png",Badshah Mutton Masala,Badshah,62,92,100 g,4.8 (164),In Stock,https://www.zeptonow.com/pn/badshah-mutton-masala/pvid/67445ab3-cb3e-4c17-b6db-f49f50615407,"https://cdn.zeptonow.com/production/tr:w-1280,ar-2000-2000,pr-true,f-auto,q-80/cms/product_variant/642ede11-7d72-422e-ad96-d928660f85b8.jpeg"
Masala & Dry Fruits,Powders & Pastes,"https://cdn.zeptonow.com/production/tr:w-90,ar-120-121,pr-true,f-auto,q-80/cms/sub_category/45.png",Orika Amchur Powder,Orika,64,95,100 g,4.9 (118),In Stock,https://www.zeptonow.com/pn/orika-amchur-powder/pvid/b05e3d51-dacb-4f9a-9bdc-3922b0f82763,"https://cdn.zeptonow.com/production/tr:w-1280,ar-1205-1500,pr-true,f-auto,q-80/cms/product_variant/74a9de76-d920-4b65-baa8-34b5cd4946ef.jpg"
Masala & Dry Fruits,Powders & Pastes,"https://cdn.zeptonow.com/production/tr:w-90,ar-120-121,pr-true,f-auto,q-80/cms/sub_category/45.png",CRISTA Bombay Sandwich Masala,CRISTA,86,125,50 g,4.9 (124),In Stock,https://www.zeptonow.com/pn/crista-bombay-sandwich-masala/pvid/a468aede-4c0a-4c0b-be69-80a8c4367fa7,"https://cdn.zeptonow.com/production/tr:w-1280,ar-1200-1200,pr-true,f-auto,q-80/cms/product_variant/f97cad6c-1f4b-4dbc-ac00-7b8a4297f5d1.jpeg"
Masala & Dry Fruits,Powders & Pastes,"https://cdn.zeptonow.com/production/tr:w-90,ar-120-121,pr-true,f-auto,q-80/cms/sub_category/45.png",Orika Coriander Powder | Dhania Powder,Orika,27,43,100 g,4.7 (184),In Stock,https://www.zeptonow.com/pn/orika-coriander-powder-dhania-powder/pvid/b42f8fe4-8ecc-452b-ac36-3718e42d5c2f,"https://cdn.zeptonow.com/production/tr:w-1280,ar-2500-2500,pr-true,f-auto,q-80/cms/product_variant/415cae2e-9fcd-4ae7-8f28-60dbf45aab62.jpg"
Masala & Dry Fruits,Powders & Pastes,"https://cdn.zeptonow.com/production/tr:w-90,ar-120-121,pr-true,f-auto,q-80/cms/sub_category/45.png",Wok N Roll Honey Chilli,Wok,121,130,160 g,4.7 (77),In Stock,https://www.zeptonow.com/pn/wok-n-roll-honey-chilli/pvid/e4f2f8f9-5b6e-4955-8870-3202052fa491,"https://cdn.zeptonow.com/production/tr:w-1280,ar-4500-4500,pr-true,f-auto,q-80/cms/product_variant/0ae1af45-e6b1-496a-89a5-51909dcea396.jpg"
Masala & Dry Fruits,Powders & Pastes,"https://cdn.zeptonow.com/production/tr:w-90,ar-120-121,pr-true,f-auto,q-80/cms/sub_category/45.png",Wok N Roll Hot Garlic,Wok,117,130,160 g,4.7 (448),In Stock,https://www.zeptonow.com/pn/wok-n-roll-hot-garlic/pvid/5df94d1c-661b-4e3b-a616-3e306be076c8,"https://cdn.zeptonow.com/production/tr:w-1280,ar-4500-4500,pr-true,f-auto,q-80/cms/product_variant/8db62b4a-3b6f-4e10-8952-104827d8e74d.jpg"
Masala & Dry Fruits,Powders & Pastes,"https://cdn.zeptonow.com/production/tr:w-90,ar-120-121,pr-true,f-auto,q-80/cms/sub_category/45.png",ZOFF Dry Mango - Amchur Powder,ZOFF,66,76,100 g,4.9 (1.4k),In Stock,https://www.zeptonow.com/pn/zoff-dry-mango-amchur-powder/pvid/1c09c491-39cc-45df-8c0d-aa7b6eddf143,"https://cdn.zeptonow.com/production/tr:w-1280,ar-1500-1500,pr-true,f-auto,q-80/cms/product_variant/182a8d87-d3a8-40f5-b787-008b49581d7a.jpeg"
Masala & Dry Fruits,Powders & Pastes,"https://cdn.zeptonow.com/production/tr:w-90,ar-120-121,pr-true,f-auto,q-80/cms/sub_category/45.png",Orika African Peri Peri Seasoning,Orika,75,99,85 g,4.9 (430),In Stock,https://www.zeptonow.com/pn/orika-african-peri-peri-seasoning/pvid/226257b8-2d9e-432b-a153-e7f45b3e00c2,"https://cdn.zeptonow.com/production/tr:w-1280,ar-1080-1080,pr-true,f-auto,q-80/cms/product_variant/ebd00437-825a-4b13-89f3-5875e6d16a07.jpg"
Masala & Dry Fruits,Powders & Pastes,"https://cdn.zeptonow.com/production/tr:w-90,ar-120-121,pr-true,f-auto,q-80/cms/sub_category/45.png",Shan Malay Chicken Biryani Masala,Shan,84,99,60 g,4.3 (187),In Stock,https://www.zeptonow.com/pn/shan-malay-chicken-biryani-masala/pvid/3265c4ff-4193-4097-9ead-5e395fe803a2,"https://cdn.zeptonow.com/production/tr:w-1280,ar-1500-1500,pr-true,f-auto,q-80/cms/product_variant/c9211df0-95a8-49bd-9b42-71008f740b9e.jpeg"
Masala & Dry Fruits,Powders & Pastes,"https://cdn.zeptonow.com/production/tr:w-90,ar-120-121,pr-true,f-auto,q-80/cms/sub_category/45.png",Orika Kitchen King,Orika,57,89,100 g,4.9 (297),In Stock,https://www.zeptonow.com/pn/orika-kitchen-king/pvid/57581d4b-e5fc-464c-bc80-a1e4cec5eaa7,"https://cdn.zeptonow.com/production/tr:w-1280,ar-1205-1500,pr-true,f-auto,q-80/cms/product_variant/a1d2a171-5a1d-43e5-864d-f00fb53c0509.jpg"
Masala & Dry Fruits,Powders & Pastes,"https://cdn.zeptonow.com/production/tr:w-90,ar-120-121,pr-true,f-auto,q-80/cms/sub_category/45.png",Wok N Roll Thai Roasted,Wok,144,160,160 g,4.6 (271),In Stock,https://www.zeptonow.com/pn/wok-n-roll-thai-roasted/pvid/6c14f52b-3a04-477b-8261-36beb0e4ba8c,"https://cdn.zeptonow.com/production/tr:w-1280,ar-4500-4500,pr-true,f-auto,q-80/cms/product_variant/1673996f-6c0f-486f-b293-ca177b7031d5.jpg"
Masala & Dry Fruits,Powders & Pastes,"https://cdn.zeptonow.com/production/tr:w-90,ar-120-121,pr-true,f-auto,q-80/cms/sub_category/45.png",Tata Sampann Chilli Powder with Natural Oils Lal Mirchi Powder,Tata,235,300,500 g,5 (811),In Stock,https://www.zeptonow.com/pn/tata-sampann-chilli-powder-with-natural-oils-lal-mirchi-powder/pvid/7f2e0bf3-e915-465a-934b-e42f7d16d9ff,"https://cdn.zeptonow.com/production/tr:w-1280,ar-1200-1200,pr-true,f-auto,q-80/cms/product_variant/a6777617-f2eb-498f-a2e7-92d0c78dd8fe.jpeg"
Masala & Dry Fruits,Powders & Pastes,"https://cdn.zeptonow.com/production/tr:w-90,ar-120-121,pr-true,f-auto,q-80/cms/sub_category/45.png",Orika Coriander Powder | Dhania Powder,Orika,43,78,200 g,4.6 (601),In Stock,https://www.zeptonow.com/pn/orika-coriander-powder-dhania-powder/pvid/03c72eac-2203-4460-a4ec-f9a73b89e9af,"https://cdn.zeptonow.com/production/tr:w-1280,ar-1205-1500,pr-true,f-auto,q-80/cms/product_variant/10980cbf-5745-4c18-94bf-da86680bd90d.jpg"
Masala & Dry Fruits,Powders & Pastes,"https://cdn.zeptonow.com/production/tr:w-90,ar-120-121,pr-true,f-auto,q-80/cms/sub_category/45.png",CRISTA Dhaniya Jeera Powder,CRISTA,59,80,100 g,4.6 (152),In Stock,https://www.zeptonow.com/pn/crista-dhaniya-jeera-powder/pvid/37010383-fe16-4438-8052-52dd4b6d6898,"https://cdn.zeptonow.com/production/tr:w-1280,ar-1500-1500,pr-true,f-auto,q-80/cms/product_variant/8a9cd4c9-5eb4-43e9-8d60-1458018e2cd3.jpeg"
Masala & Dry Fruits,Powders & Pastes,"https://cdn.zeptonow.com/production/tr:w-90,ar-120-121,pr-true,f-auto,q-80/cms/sub_category/45.png",Orika Chicken Masala,Orika,58,89,100 g,4.4 (246),In Stock,https://www.zeptonow.com/pn/orika-chicken-masala/pvid/d5d1ceca-e779-4c32-a223-8af6f3c07d41,"https://cdn.zeptonow.com/production/tr:w-1280,ar-1500-1500,pr-true,f-auto,q-80/cms/product_variant/809b2540-6fe4-4108-af95-d372fc7acef1.jpg"
Masala & Dry Fruits,Powders & Pastes,"https://cdn.zeptonow.com/production/tr:w-90,ar-120-121,pr-true,f-auto,q-80/cms/sub_category/45.png",ZOFF Foods Garam Masala Powder,ZOFF,63,105,100 g,4.5 (806),In Stock,https://www.zeptonow.com/pn/zoff-foods-garam-masala-powder/pvid/43d22f75-1146-4cb8-a2bc-6db16ac61c0d,"https://cdn.zeptonow.com/production/tr:w-1280,ar-1500-1500,pr-true,f-auto,q-80/cms/product_variant/70e75d69-a986-43d2-8218-824e01fe433d.jpeg"
Masala & Dry Fruits,Powders & Pastes,"https://cdn.zeptonow.com/production/tr:w-90,ar-120-121,pr-true,f-auto,q-80/cms/sub_category/45.png",Shan Bombay Biryani,Shan,93,110,60 g,5 (319),In Stock,https://www.zeptonow.com/pn/shan-bombay-biryani/pvid/5d968ca3-1eb4-46fc-970a-8c88a61d2ee0,"https://cdn.zeptonow.com/production/tr:w-1280,ar-750-750,pr-true,f-auto,q-80/cms/product_variant/48b52c9b-eaf0-4d0a-ba61-062b03a4ad1e.jpeg"
Masala & Dry Fruits,Powders & Pastes,"https://cdn.zeptonow.com/production/tr:w-90,ar-120-121,pr-true,f-auto,q-80/cms/sub_category/45.png",Badshah Garam Masala,Badshah,48,72,100 g,4.4 (289),In Stock,https://www.zeptonow.com/pn/badshah-garam-masala/pvid/45408fa9-c0f8-499e-9f71-69b520551711,"https://cdn.zeptonow.com/production/tr:w-1280,ar-1000-1000,pr-true,f-auto,q-80/cms/product_variant/e6d98965-3627-44c0-8905-98b8fdbcaa21.jpeg"
Masala & Dry Fruits,Powders & Pastes,"https://cdn.zeptonow.com/production/tr:w-90,ar-120-121,pr-true,f-auto,q-80/cms/sub_category/45.png",Badshah Panipuri Masala,Badshah,52,78,100 g,4.7 (299),In Stock,https://www.zeptonow.com/pn/badshah-panipuri-masala/pvid/5d4d825f-349b-4cb7-a61b-75b59f73f250,"https://cdn.zeptonow.com/production/tr:w-1280,ar-2000-2000,pr-true,f-auto,q-80/cms/product_variant/9f7616f1-5994-442f-8abd-78c5e9b4cd28.jpeg"
Masala & Dry Fruits,Powders & Pastes,"https://cdn.zeptonow.com/production/tr:w-90,ar-120-121,pr-true,f-auto,q-80/cms/sub_category/45.png",Badshah Coriander Powder,Badshah,28,42,100 g,4.5 (404),In Stock,https://www.zeptonow.com/pn/badshah-coriander-powder/pvid/d692c50f-527c-4231-87a5-48fef3dc9678,"https://cdn.zeptonow.com/production/tr:w-1280,ar-2000-2000,pr-true,f-auto,q-80/cms/product_variant/cb799125-226a-4008-b708-05d07198a4a0.jpeg"
Masala & Dry Fruits,Powders & Pastes,"https://cdn.zeptonow.com/production/tr:w-90,ar-120-121,pr-true,f-auto,q-80/cms/sub_category/45.png",Orika Kaccha Aam Lemonade 10 Sachets,Orika,76,145,190 g,5 (214),In Stock,https://www.zeptonow.com/pn/orika-kaccha-aam-lemonade-10-sachets/pvid/a4f1af38-30b2-4e35-b2e1-4b41fbe8d26e,"https://cdn.zeptonow.com/production/tr:w-1280,ar-679-679,pr-true,f-auto,q-80/cms/product_variant/04c2df8a-b33e-4cc2-b5c3-c2337a8c694b.jpg"
Masala & Dry Fruits,Powders & Pastes,"https://cdn.zeptonow.com/production/tr:w-90,ar-120-121,pr-true,f-auto,q-80/cms/sub_category/45.png",Orika Shahi Paneer Masala,Orika,53,94,100 g,4.8 (491),In Stock,https://www.zeptonow.com/pn/orika-shahi-paneer-masala/pvid/931e9a41-398a-493c-94d3-d66b4fab87e0,"https://cdn.zeptonow.com/production/tr:w-1280,ar-1500-1500,pr-true,f-auto,q-80/cms/product_variant/d9022fa9-75e2-4a7d-b786-39d82ca9d45a.jpg"
Masala & Dry Fruits,Powders & Pastes,"https://cdn.zeptonow.com/production/tr:w-90,ar-120-121,pr-true,f-auto,q-80/cms/sub_category/45.png",Wok N Roll Pan Asian Combo Multipack,Wok,74,80,100 g,4.3 (766),In Stock,https://www.zeptonow.com/pn/wok-n-roll-pan-asian-combo-multipack/pvid/f9f66f57-a7c1-4ae0-a30c-79b52d2fd26e,"https://cdn.zeptonow.com/production/tr:w-1280,ar-3000-3000,pr-true,f-auto,q-80/cms/product_variant/faf22caf-b738-4597-b884-4c1471ba7fba.jpg"
Masala & Dry Fruits,Powders & Pastes,"https://cdn.zeptonow.com/production/tr:w-90,ar-120-121,pr-true,f-auto,q-80/cms/sub_category/45.png",Wok N Roll Schezwan Masala Pack of 4,Wok,59,64,80 g,4.6 (217),In Stock,https://www.zeptonow.com/pn/wok-n-roll-schezwan-masala-pack-of-4/pvid/4947df21-9a3a-47af-aa44-409239b0e4ef,"https://cdn.zeptonow.com/production/tr:w-1280,ar-3000-3000,pr-true,f-auto,q-80/cms/product_variant/b3ca9707-a4b3-40c9-ac95-11c74cd70a97.jpg"
Masala & Dry Fruits,Powders & Pastes,"https://cdn.zeptonow.com/production/tr:w-90,ar-120-121,pr-true,f-auto,q-80/cms/sub_category/45.png",Orika Masala Lemonade Mix 10 Sachets,Orika,82,145,190 g,4.5 (254),In Stock,https://www.zeptonow.com/pn/orika-masala-lemonade-mix-10-sachets/pvid/743b8651-95fa-444f-85e8-d8d09df3f85e,"https://cdn.zeptonow.com/production/tr:w-1280,ar-2400-2400,pr-true,f-auto,q-80/cms/product_variant/9266f7c9-e474-4375-b9ce-f05d9bdd931f.jpg"
Masala & Dry Fruits,Powders & Pastes,"https://cdn.zeptonow.com/production/tr:w-90,ar-120-121,pr-true,f-auto,q-80/cms/sub_category/45.png",ZOFF Foods Turmeric - Haldi Powder,ZOFF,54,82,200 g,4.7 (943),In Stock,https://www.zeptonow.com/pn/zoff-foods-turmeric-haldi-powder/pvid/88f9243e-a8b3-406f-b0e1-01cc752d7bd5,"https://cdn.zeptonow.com/production/tr:w-1280,ar-1500-1500,pr-true,f-auto,q-80/cms/product_variant/b2d8eaa9-08fd-4ad8-ba04-975d15f82cc5.jpeg"
Masala & Dry Fruits,Powders & Pastes,"https://cdn.zeptonow.com/production/tr:w-90,ar-120-121,pr-true,f-auto,q-80/cms/sub_category/45.png",Wok N Roll Korean BBQ,Wok,144,160,160 g,4.3 (503),In Stock,https://www.zeptonow.com/pn/wok-n-roll-korean-bbq/pvid/fc043fc7-eaa9-4536-968b-180f74156b1c,"https://cdn.zeptonow.com/production/tr:w-1280,ar-4500-4500,pr-true,f-auto,q-80/cms/product_variant/ccbfa662-7b26-4775-bd26-16df517b0dcc.jpg"
Masala & Dry Fruits,Powders & Pastes,"https://cdn.zeptonow.com/production/tr:w-90,ar-120-121,pr-true,f-auto,q-80/cms/sub_category/45.png",CRISTA Sweet 'n' Spicy Dalchini Powder,CRISTA,94,120,40 g,4.5 (171),In Stock,https://www.zeptonow.com/pn/crista-sweet-n-spicy-dalchini-powder/pvid/2ca9f861-218a-4205-bfb9-f81a7ac7a184,"https://cdn.zeptonow.com/production/tr:w-1280,ar-1500-1500,pr-true,f-auto,q-80/cms/product_variant/8d52a910-cdaa-4eef-9424-629d4c65b608.jpeg"
Masala & Dry Fruits,Powders & Pastes,"https://cdn.zeptonow.com/production/tr:w-90,ar-120-121,pr-true,f-auto,q-80/cms/sub_category/45.png",CRISTA Creamy Paneer Makhani Spice Mix,CRISTA,79,110,50 g,4.9 (98),In Stock,https://www.zeptonow.com/pn/crista-creamy-paneer-makhani-spice-mix/pvid/4a5828d3-6221-4ff5-920c-b0fc30d729bf,"https://cdn.zeptonow.com/production/tr:w-1280,ar-1500-1500,pr-true,f-auto,q-80/cms/product_variant/57127912-ad41-499d-845a-8f00c78e7773.jpeg"
Masala & Dry Fruits,Powders & Pastes,"https://cdn.zeptonow.com/production/tr:w-90,ar-120-121,pr-true,f-auto,q-80/cms/sub_category/45.png",Badshah Chana Masala,Badshah,52,78,100 g,4.6 (150),In Stock,https://www.zeptonow.com/pn/badshah-chana-masala/pvid/b21e423a-bcd1-4d48-a4ee-ca53c196fb13,"https://cdn.zeptonow.com/production/tr:w-1280,ar-1000-1000,pr-true,f-auto,q-80/cms/product_variant/7fafa99f-7425-4990-921d-91da683c5a5d.jpeg"
Masala & Dry Fruits,Powders & Pastes,"https://cdn.zeptonow.com/production/tr:w-90,ar-120-121,pr-true,f-auto,q-80/cms/sub_category/45.png","Aashirvaad Chilli Powder, Red Hot Chilli Powder with No Added Flavours and Colours",Aashirvaad,33,50,100 g,4.6 (14.0k),In Stock,https://www.zeptonow.com/pn/aashirvaad-chilli-powder-red-hot-chilli-powder-with-no-added-flavours-and-colours/pvid/1234e74d-458e-433e-b4d1-cc9258641d48,"https://cdn.zeptonow.com/production/tr:w-1280,ar-1000-1000,pr-true,f-auto,q-80/cms/product_variant/06a29b9c-28c6-491b-a116-f7184e17d522.jpeg"
Masala & Dry Fruits,Powders & Pastes,"https://cdn.zeptonow.com/production/tr:w-90,ar-120-121,pr-true,f-auto,q-80/cms/sub_category/45.png",Zoff Marinade Mix Paneer Tikka,ZOFF,29,75,25 g,4.7 (530),In Stock,https://www.zeptonow.com/pn/zoff-marinade-mix-paneer-tikka/pvid/341788e6-d6ed-42bd-b7d9-fbf8ab6cb429,"https://cdn.zeptonow.com/production/tr:w-1280,ar-1080-1080,pr-true,f-auto,q-80/cms/product_variant/3232d764-6591-41ec-81c0-5c04ca51a7b3.jpeg"
Masala & Dry Fruits,Powders & Pastes,"https://cdn.zeptonow.com/production/tr:w-90,ar-120-121,pr-true,f-auto,q-80/cms/sub_category/45.png",ZOFF Meat Masala - Spicy Meat Curry Masala,ZOFF,68,105,100 g,4.1 (217),In Stock,https://www.zeptonow.com/pn/zoff-meat-masala-spicy-meat-curry-masala/pvid/5915ba30-d9c7-4ffa-a970-3f232c035e32,"https://cdn.zeptonow.com/production/tr:w-1280,ar-2400-2400,pr-true,f-auto,q-80/cms/product_variant/e18acd83-6f27-44ba-8759-6d47250a9f47.jpeg"
Masala & Dry Fruits,Powders & Pastes,"https://cdn.zeptonow.com/production/tr:w-90,ar-120-121,pr-true,f-auto,q-80/cms/sub_category/45.png",Zoff 5Mins Gravy Paneer,ZOFF,59,150,90 g,4.5 (487),In Stock,https://www.zeptonow.com/pn/zoff-5mins-gravy-paneer/pvid/52f6f93c-ff7f-496d-8313-59dc13faa16d,"https://cdn.zeptonow.com/production/tr:w-1280,ar-1080-1080,pr-true,f-auto,q-80/cms/product_variant/48a45990-ac78-4eaa-b421-1799d45dd4c1.jpeg"
Masala & Dry Fruits,Powders & Pastes,"https://cdn.zeptonow.com/production/tr:w-90,ar-120-121,pr-true,f-auto,q-80/cms/sub_category/45.png",Shan Chicken Masala,Shan,84,99,50 g,4.3 (117),In Stock,https://www.zeptonow.com/pn/shan-chicken-masala/pvid/1f491b66-20fa-4528-abc0-b7987fbb1e00,"https://cdn.zeptonow.com/production/tr:w-1280,ar-750-750,pr-true,f-auto,q-80/cms/product_variant/d9cc4aa6-809b-4fe0-b4c0-57e177a1af6d.jpeg"
Masala & Dry Fruits,Powders & Pastes,"https://cdn.zeptonow.com/production/tr:w-90,ar-120-121,pr-true,f-auto,q-80/cms/sub_category/45.png",Shan Chicken Tikka,Shan,84,99,50 g,4.6 (105),In Stock,https://www.zeptonow.com/pn/shan-chicken-tikka/pvid/b983bdc0-7632-4dde-8f8f-1f5d5c9928e7,"https://cdn.zeptonow.com/production/tr:w-1280,ar-750-750,pr-true,f-auto,q-80/cms/product_variant/426c7af5-7b0b-42ce-a603-7e26f42cf3fc.jpeg"
Masala & Dry Fruits,Powders & Pastes,"https://cdn.zeptonow.com/production/tr:w-90,ar-120-121,pr-true,f-auto,q-80/cms/sub_category/45.png",Zoff 5Mins Gravy Mutton,ZOFF,59,150,90 g,4.7 (71),In Stock,https://www.zeptonow.com/pn/zoff-5mins-gravy-mutton/pvid/b4f6c30d-88ae-4795-b1c7-ca439cb8271d,"https://cdn.zeptonow.com/production/tr:w-1280,ar-1080-1080,pr-true,f-auto,q-80/cms/product_variant/2b6f655c-0053-44f8-9744-99b81ad88025.jpeg"
Masala & Dry Fruits,Powders & Pastes,"https://cdn.zeptonow.com/production/tr:w-90,ar-120-121,pr-true,f-auto,q-80/cms/sub_category/45.png",Zoff 5Mins Gravy Magic Mix,ZOFF,59,150,90 g,4.5 (260),In Stock,https://www.zeptonow.com/pn/zoff-5mins-gravy-magic-mix/pvid/679a2137-df04-4aee-b64c-5d92a6e7ff02,"https://cdn.zeptonow.com/production/tr:w-1280,ar-1080-1080,pr-true,f-auto,q-80/cms/product_variant/4acbf972-e49c-45ef-86a6-91f17c782f39.jpeg"
Masala & Dry Fruits,Powders & Pastes,"https://cdn.zeptonow.com/production/tr:w-90,ar-120-121,pr-true,f-auto,q-80/cms/sub_category/45.png",Aachi Kulambu Chilli Masala Powder,Aachi,95,110,200 g,4.7 (4.7k),In Stock,https://www.zeptonow.com/pn/aachi-kulambu-chilli-masala-powder/pvid/56f9a980-ec4e-4a4b-88c8-fd9ff87603e6,"https://cdn.zeptonow.com/production/tr:w-1280,ar-1200-1200,pr-true,f-auto,q-80/cms/product_variant/280e13fb-3dcb-49ed-995f-05ee96681df3.jpeg"
Masala & Dry Fruits,Powders & Pastes,"https://cdn.zeptonow.com/production/tr:w-90,ar-120-121,pr-true,f-auto,q-80/cms/sub_category/45.png",L.G Asafoetida Powder,L.G,92,92,50 g,4.8 (5.0k),In Stock,https://www.zeptonow.com/pn/lg-asafoetida-powder/pvid/5245940e-83c1-4fe1-92b5-c0916dc7b070,"https://cdn.zeptonow.com/production/tr:w-1280,ar-2400-2400,pr-true,f-auto,q-80/cms/product_variant/562b1353-71bc-4e0c-a5dd-e9d88a877f27.jpeg"
Masala & Dry Fruits,Powders & Pastes,"https://cdn.zeptonow.com/production/tr:w-90,ar-120-121,pr-true,f-auto,q-80/cms/sub_category/45.png",Sakthi Powder Chilli Pouch,Sakthi,82,83,200 g,4.6 (1.4k),In Stock,https://www.zeptonow.com/pn/sakthi-powder-chilli-pouch/pvid/66ab751d-35b5-487b-b4df-adc1284ee484,"https://cdn.zeptonow.com/production/tr:w-1280,ar-1021-1021,pr-true,f-auto,q-80/cms/product_variant/d74f2f13-eaa0-4709-9dc9-0398b28197ef.jpeg"
Masala & Dry Fruits,Powders & Pastes,"https://cdn.zeptonow.com/production/tr:w-90,ar-120-121,pr-true,f-auto,q-80/cms/sub_category/45.png",Sakthi Powder Sambar Pouch,Sakthi,56,56,100 g,4.8 (2.1k),In Stock,https://www.zeptonow.com/pn/sakthi-powder-sambar-pouch/pvid/04cad40e-7793-4273-bf32-fe10bdecd471,"https://cdn.zeptonow.com/production/tr:w-1280,ar-1200-1200,pr-true,f-auto,q-80/cms/product_variant/7e2f5079-965d-4040-a691-e5e7a86cdff2.png"
Masala & Dry Fruits,Powders & Pastes,"https://cdn.zeptonow.com/production/tr:w-90,ar-120-121,pr-true,f-auto,q-80/cms/sub_category/45.png",Aachi Masala Garam,Aachi,65,72,100 g,4.8 (4.8k),In Stock,https://www.zeptonow.com/pn/aachi-masala-garam/pvid/ba13000e-85a3-427a-81ce-534d4905c6e9,"https://cdn.zeptonow.com/production/tr:w-1280,ar-1200-1200,pr-true,f-auto,q-80/cms/product_variant/50d9357a-bb8f-426d-a707-d0a5f35f579f.jpeg"
Masala & Dry Fruits,Powders & Pastes,"https://cdn.zeptonow.com/production/tr:w-90,ar-120-121,pr-true,f-auto,q-80/cms/sub_category/45.png",Sakthi Pepper Powder,Sakthi,88,90,50 g,4.8 (852),In Stock,https://www.zeptonow.com/pn/sakthi-pepper-powder/pvid/1e75f082-4c1c-4086-b9ae-da88da2c3f8e,"https://cdn.zeptonow.com/production/tr:w-1280,ar-1200-1200,pr-true,f-auto,q-80/cms/product_variant/2cab68b1-c40a-4bd7-b071-93dc12871c80.jpeg"
Masala & Dry Fruits,Powders & Pastes,"https://cdn.zeptonow.com/production/tr:w-90,ar-120-121,pr-true,f-auto,q-80/cms/sub_category/45.png",Aachi Black Pepper Powder,Aachi,76,76,50 g,4.8 (2.1k),In Stock,https://www.zeptonow.com/pn/aachi-black-pepper-powder/pvid/cbb9375c-1d0e-4b7c-ac31-3bcf4ff84d31,"https://cdn.zeptonow.com/production/tr:w-1280,ar-600-600,pr-true,f-auto,q-80/inventory/product/cbb9375c-1d0e-4b7c-ac31-3bcf4ff84d31-1aU03ND1gwcXxvf7K1Z70xJo8ZF4Bh2Je.jpeg"
Masala & Dry Fruits,Powders & Pastes,"https://cdn.zeptonow.com/production/tr:w-90,ar-120-121,pr-true,f-auto,q-80/cms/sub_category/45.png",Aachi Sambar Powder,Aachi,50,50,100 g,4.7 (3.7k),In Stock,https://www.zeptonow.com/pn/aachi-sambar-powder/pvid/95d91d8c-89c4-430d-9413-8bea4a96b13a,"https://cdn.zeptonow.com/production/tr:w-1280,ar-1021-1021,pr-true,f-auto,q-80/cms/product_variant/11283c20-25e3-435b-ad88-4cbee6bcd9da.jpeg"
Masala & Dry Fruits,Powders & Pastes,"https://cdn.zeptonow.com/production/tr:w-90,ar-120-121,pr-true,f-auto,q-80/cms/sub_category/45.png",Aachi Coriander Powder,Aachi,51,56,200 g,4.8 (3.7k),In Stock,https://www.zeptonow.com/pn/aachi-coriander-powder/pvid/368b0154-5d98-4c5e-9384-12f1f5a4d4a5,"https://cdn.zeptonow.com/production/tr:w-1280,ar-2926-2926,pr-true,f-auto,q-80/cms/product_variant/53017a30-5c40-4b36-be81-10786535c993.jpeg"
Masala & Dry Fruits,Powders & Pastes,"https://cdn.zeptonow.com/production/tr:w-90,ar-120-121,pr-true,f-auto,q-80/cms/sub_category/45.png",Aachi Asafoetida Powder Special,Aachi,77,85,50 g,4.6 (1.4k),In Stock,https://www.zeptonow.com/pn/aachi-asafoetida-powder-special/pvid/85b6c910-ae1b-4920-9f63-1a84703e7d67,"https://cdn.zeptonow.com/production/tr:w-1280,ar-1000-1000,pr-true,f-auto,q-80/cms/product_variant/be86265b-be3d-4852-9aff-f00dcc32caea.jpeg"
Masala & Dry Fruits,Powders & Pastes,"https://cdn.zeptonow.com/production/tr:w-90,ar-120-121,pr-true,f-auto,q-80/cms/sub_category/45.png",Aachi Chicken 65 Masala Powder,Aachi,56,64,100 g,4.8 (1.3k),In Stock,https://www.zeptonow.com/pn/aachi-chicken-65-masala-powder/pvid/8f627c34-ab88-4696-b004-602b2b60ef98,"https://cdn.zeptonow.com/production/tr:w-1280,ar-2400-2400,pr-true,f-auto,q-80/cms/product_variant/aa4a9d30-28c9-4b42-9365-b9b257f4f028.jpeg"
Masala & Dry Fruits,Powders & Pastes,"https://cdn.zeptonow.com/production/tr:w-90,ar-120-121,pr-true,f-auto,q-80/cms/sub_category/45.png",Sakthi Super Garam Masala,Sakthi,29,29,50 g,4.5 (2.2k),In Stock,https://www.zeptonow.com/pn/sakthi-super-garam-masala/pvid/19f34384-62eb-47cd-8918-8abdd87efc11,"https://cdn.zeptonow.com/production/tr:w-1280,ar-419-587,pr-true,f-auto,q-80/inventory/product/19f34384-62eb-47cd-8918-8abdd87efc11-1R1IhJvR9L3k8qaRM4CSuI7MeO0WaRFzD.jpeg"
Masala & Dry Fruits,Powders & Pastes,"https://cdn.zeptonow.com/production/tr:w-90,ar-120-121,pr-true,f-auto,q-80/cms/sub_category/45.png",Sakthi Garam Masala,Sakthi,40,40,50 g,4.7 (745),In Stock,https://www.zeptonow.com/pn/sakthi-garam-masala/pvid/f1fdf351-6967-41bb-bb98-9c4a5a291fa0,"https://cdn.zeptonow.com/production/tr:w-1280,ar-409-580,pr-true,f-auto,q-80/inventory/product/f1fdf351-6967-41bb-bb98-9c4a5a291fa0-1HcXY6crD_xjpGyBkqrcN74YsQs-mernd.jpeg"
Masala & Dry Fruits,Powders & Pastes,"https://cdn.zeptonow.com/production/tr:w-90,ar-120-121,pr-true,f-auto,q-80/cms/sub_category/45.png",Aachi Chicken Masala Powder,Aachi,40,52,100 g,4.8 (7.2k),In Stock,https://www.zeptonow.com/pn/aachi-chicken-masala-powder/pvid/1f5ba093-dfca-49fd-9aa9-0aec83b54c36,"https://cdn.zeptonow.com/production/tr:w-1280,ar-2000-2000,pr-true,f-auto,q-80/cms/product_variant/5dfce451-bd7e-470d-980f-aa1b665c48e4.jpeg"
Masala & Dry Fruits,Powders & Pastes,"https://cdn.zeptonow.com/production/tr:w-90,ar-120-121,pr-true,f-auto,q-80/cms/sub_category/45.png",Sakthi Powder Chilli Pouch,Sakthi,46,46,100 g,4.6 (2.0k),In Stock,https://www.zeptonow.com/pn/sakthi-powder-chilli-pouch/pvid/1be80c3c-71bc-4ccc-b222-2b6e5b0e3ff7,"https://cdn.zeptonow.com/production/tr:w-1280,ar-1000-1000,pr-true,f-auto,q-80/cms/product_variant/0d9cda4a-aa58-4401-82a7-a6f55cda222f.jpeg"
Masala & Dry Fruits,Powders & Pastes,"https://cdn.zeptonow.com/production/tr:w-90,ar-120-121,pr-true,f-auto,q-80/cms/sub_category/45.png",MTR Foods Spice Hing Powder,MTR,75,90,50 g,4.8 (4.5k),In Stock,https://www.zeptonow.com/pn/mtr-foods-spice-hing-powder/pvid/84d1ccbd-6079-486d-9a3b-8fe224c77d8f,"https://cdn.zeptonow.com/production/tr:w-1280,ar-1200-1200,pr-true,f-auto,q-80/cms/product_variant/3ebb8417-c226-45bc-8787-e2a83c86cd7b.jpeg"
Masala & Dry Fruits,Powders & Pastes,"https://cdn.zeptonow.com/production/tr:w-90,ar-120-121,pr-true,f-auto,q-80/cms/sub_category/45.png",Sakthi Turmeric Powder,Sakthi,48,48,100 g,4.8 (801),In Stock,https://www.zeptonow.com/pn/sakthi-turmeric-powder/pvid/0b92887b-c575-4ada-a636-df3727b89809,"https://cdn.zeptonow.com/production/tr:w-1280,ar-1021-1021,pr-true,f-auto,q-80/cms/product_variant/a1d9818e-8efc-4862-9e4a-76cd8b65ceeb.jpeg"
Masala & Dry Fruits,Powders & Pastes,"https://cdn.zeptonow.com/production/tr:w-90,ar-120-121,pr-true,f-auto,q-80/cms/sub_category/45.png",Aachi Chilli Powder,Aachi,38,40,100 g,4.7 (10.7k),In Stock,https://www.zeptonow.com/pn/aachi-chilli-powder/pvid/5b129078-129b-449d-8e48-2859fd362988,"https://cdn.zeptonow.com/production/tr:w-1280,ar-1200-1200,pr-true,f-auto,q-80/cms/product_variant/5656f5b6-d44b-43de-a246-77c12f72fa5c.jpeg"
Masala & Dry Fruits,Powders & Pastes,"https://cdn.zeptonow.com/production/tr:w-90,ar-120-121,pr-true,f-auto,q-80/cms/sub_category/45.png",Sakthi Chilly Powder Pouch,Sakthi,174,207,500 g,5 (287),In Stock,https://www.zeptonow.com/pn/sakthi-chilly-powder-pouch/pvid/2354a4f3-bb2e-4983-b38b-facd7129bac8,"https://cdn.zeptonow.com/production/tr:w-1280,ar-1200-1200,pr-true,f-auto,q-80/cms/product_variant/49a17130-cf84-4284-a88e-afa7d394a675.jpeg"
Masala & Dry Fruits,Powders & Pastes,"https://cdn.zeptonow.com/production/tr:w-90,ar-120-121,pr-true,f-auto,q-80/cms/sub_category/45.png",Everest Kashmiri Lal Chilli Powder,Everest,90,100,100 g,4.7 (13.6k),In Stock,https://www.zeptonow.com/pn/everest-kashmiri-lal-chilli-powder/pvid/b5968a05-9660-4aa0-af5d-2841695352e8,"https://cdn.zeptonow.com/production/tr:w-1280,ar-2400-2400,pr-true,f-auto,q-80/cms/product_variant/df82f237-50c0-45a9-99fd-cba6a4cbe5fe.jpeg"
Masala & Dry Fruits,Powders & Pastes,"https://cdn.zeptonow.com/production/tr:w-90,ar-120-121,pr-true,f-auto,q-80/cms/sub_category/45.png",Aachi Kulambu Chilli Masala Powder,Aachi,42,55,100 g,4.7 (4.9k),In Stock,https://www.zeptonow.com/pn/aachi-kulambu-chilli-masala-powder/pvid/0f8d6488-61f4-40c1-b970-db600b506062,"https://cdn.zeptonow.com/production/tr:w-1280,ar-1201-1201,pr-true,f-auto,q-80/cms/product_variant/71024921-c054-4c40-a70a-96dae3bcdabc.jpeg"
Masala & Dry Fruits,Powders & Pastes,"https://cdn.zeptonow.com/production/tr:w-90,ar-120-121,pr-true,f-auto,q-80/cms/sub_category/45.png",Sakthi Masala - Fish Fry Pouch,Sakthi,34,35,50 g,4.3 (862),In Stock,https://www.zeptonow.com/pn/sakthi-masala-fish-fry-pouch/pvid/d9377c05-15e2-4e36-8f60-51b2f7be308b,"https://cdn.zeptonow.com/production/tr:w-1280,ar-1200-1200,pr-true,f-auto,q-80/cms/product_variant/6aa63afb-1cc4-433f-ab0a-83634c65d5d6.jpeg"
Masala & Dry Fruits,Powders & Pastes,"https://cdn.zeptonow.com/production/tr:w-90,ar-120-121,pr-true,f-auto,q-80/cms/sub_category/45.png",Aachi Biryani Masala,Aachi,39,41,50 g,4.8 (1.2k),In Stock,https://www.zeptonow.com/pn/aachi-biryani-masala/pvid/efdf8f00-7a55-4605-b15c-78fc5940d3a3,"https://cdn.zeptonow.com/production/tr:w-1280,ar-1500-1500,pr-true,f-auto,q-80/cms/product_variant/05269e3d-f5bd-433e-a1c3-99f54a16c116.jpeg"
Masala & Dry Fruits,Powders & Pastes,"https://cdn.zeptonow.com/production/tr:w-90,ar-120-121,pr-true,f-auto,q-80/cms/sub_category/45.png",Daily Good Desiccated Coconut Powder / Nariyal Burada / Khopra Bura,Daily Good,124,130,200 g,4.8 (888),In Stock,https://www.zeptonow.com/pn/daily-good-desiccated-coconut-powder-nariyal-burada-khopra-bura/pvid/991c09f4-91fb-4728-8137-8c128819c5ba,"https://cdn.zeptonow.com/production/tr:w-1280,ar-3881-3881,pr-true,f-auto,q-80/cms/product_variant/58fe131a-bffa-466a-b820-46c3fa0d3b80.jpeg"
Masala & Dry Fruits,Powders & Pastes,"https://cdn.zeptonow.com/production/tr:w-90,ar-120-121,pr-true,f-auto,q-80/cms/sub_category/45.png",Aachi Chilli Powder,Aachi,74,84,200 g,4.7 (7.3k),In Stock,https://www.zeptonow.com/pn/aachi-chilli-powder/pvid/57dd00b6-4570-45fb-b896-7a9147a74ff7,"https://cdn.zeptonow.com/production/tr:w-1280,ar-1000-1000,pr-true,f-auto,q-80/cms/product_variant/59ed02b4-3488-4836-9ae0-6860b5b9fa48.jpeg"
Masala & Dry Fruits,Powders & Pastes,"https://cdn.zeptonow.com/production/tr:w-90,ar-120-121,pr-true,f-auto,q-80/cms/sub_category/45.png",Sakthi Masala Biriyani Pouch,Sakthi,45,45,50 g,4.5 (1.1k),In Stock,https://www.zeptonow.com/pn/sakthi-masala-biriyani-pouch/pvid/b68b846a-1c3f-41eb-87be-a039c3e77e06,"https://cdn.zeptonow.com/production/tr:w-1280,ar-1201-1201,pr-true,f-auto,q-80/cms/product_variant/4b70e74d-bb20-4864-8719-4f6c78da4457.jpeg"
Masala & Dry Fruits,Powders & Pastes,"https://cdn.zeptonow.com/production/tr:w-90,ar-120-121,pr-true,f-auto,q-80/cms/sub_category/45.png",Aachi Cumin Powder,Aachi,69,74,100 g,4.7 (202),In Stock,https://www.zeptonow.com/pn/aachi-cumin-powder/pvid/c7b4164b-7d39-433e-a975-ae45f6361c94,"https://cdn.zeptonow.com/production/tr:w-1280,ar-1500-1500,pr-true,f-auto,q-80/cms/product_variant/abf82a20-50ba-424a-8576-945907dffbe9.jpeg"
Masala & Dry Fruits,Powders & Pastes,"https://cdn.zeptonow.com/production/tr:w-90,ar-120-121,pr-true,f-auto,q-80/cms/sub_category/45.png",Aachi Idly Chilly Powder,Aachi,40,40,100 g,4.8 (4.0k),In Stock,https://www.zeptonow.com/pn/aachi-idly-chilly-powder/pvid/098cd3d0-c24d-4d7b-80b7-2108d4f798aa,"https://cdn.zeptonow.com/production/tr:w-1280,ar-1021-1021,pr-true,f-auto,q-80/cms/product_variant/ee36dccc-4407-4e5d-bf77-0810e3f3d71a.jpeg"
Masala & Dry Fruits,Powders & Pastes,"https://cdn.zeptonow.com/production/tr:w-90,ar-120-121,pr-true,f-auto,q-80/cms/sub_category/45.png",Aachi Masala - Rasam,Aachi,57,76,100 g,4.9 (578),In Stock,https://www.zeptonow.com/pn/aachi-masala-rasam/pvid/e1a75338-9345-4891-aef7-d62df9055487,"https://cdn.zeptonow.com/production/tr:w-1280,ar-1021-1021,pr-true,f-auto,q-80/cms/product_variant/4e478971-6604-40e9-be55-b2f930c4e45d.jpeg"
Masala & Dry Fruits,Powders & Pastes,"https://cdn.zeptonow.com/production/tr:w-90,ar-120-121,pr-true,f-auto,q-80/cms/sub_category/45.png",Aachi Hotel Sambar,Aachi,38,50,100 g,4.8 (1.2k),In Stock,https://www.zeptonow.com/pn/aachi-hotel-sambar/pvid/b5795dea-1f5d-45c7-8272-4c2230806652,"https://cdn.zeptonow.com/production/tr:w-1280,ar-2179-2854,pr-true,f-auto,q-80/cms/product_variant/d0302e5f-babc-4232-b334-90cb51f4ceea.jpg"
Masala & Dry Fruits,Powders & Pastes,"https://cdn.zeptonow.com/production/tr:w-90,ar-120-121,pr-true,f-auto,q-80/cms/sub_category/45.png",Everest Chhole Masala,Everest,86,88,100 g,4.7 (3.0k),In Stock,https://www.zeptonow.com/pn/everest-chhole-masala/pvid/93b7e045-0f16-4a84-a76a-f9d030b7fe11,"https://cdn.zeptonow.com/production/tr:w-1280,ar-1200-1200,pr-true,f-auto,q-80/cms/product_variant/f1e9c49c-f893-4ddc-ab63-3b51537f8d38.jpeg"
Masala & Dry Fruits,Powders & Pastes,"https://cdn.zeptonow.com/production/tr:w-90,ar-120-121,pr-true,f-auto,q-80/cms/sub_category/45.png",Keya Sri Lankan Cinnamon Powder,Keya,152,199,45 g,5 (349),In Stock,https://www.zeptonow.com/pn/keya-sri-lankan-cinnamon-powder/pvid/5c38528e-3085-47a0-818f-35a17c731616,"https://cdn.zeptonow.com/production/tr:w-1280,ar-1200-1200,pr-true,f-auto,q-80/cms/product_variant/7b9460c9-2234-4668-8880-529c5372e67d.jpeg"
Masala & Dry Fruits,Powders & Pastes,"https://cdn.zeptonow.com/production/tr:w-90,ar-120-121,pr-true,f-auto,q-80/cms/sub_category/45.png",KLF Coconad - Coconut Milk Powder,KLF,132,149,100 g,4.9 (1.0k),In Stock,https://www.zeptonow.com/pn/klf-coconad-coconut-milk-powder/pvid/1d199c2e-c47e-43d3-a978-540de5608bba,"https://cdn.zeptonow.com/production/tr:w-1280,ar-1200-1200,pr-true,f-auto,q-80/cms/product_variant/af07d010-aa16-40cc-9222-f178789c6b92.jpeg"
Masala & Dry Fruits,Powders & Pastes,"https://cdn.zeptonow.com/production/tr:w-90,ar-120-121,pr-true,f-auto,q-80/cms/sub_category/45.png",Eastern Asafoetida Powder,Eastern,57,80,50 g,4.7 (519),In Stock,https://www.zeptonow.com/pn/eastern-asafoetida-powder/pvid/20b52c12-5b64-4c64-ad89-f81fdbf0c54c,"https://cdn.zeptonow.com/production/tr:w-1280,ar-1500-1500,pr-true,f-auto,q-80/cms/product_variant/643bc01f-dde6-4d79-ae18-d8832929242c.jpg"
Masala & Dry Fruits,Powders & Pastes,"https://cdn.zeptonow.com/production/tr:w-90,ar-120-121,pr-true,f-auto,q-80/cms/sub_category/45.png",Everest Chaat Masala,Everest,84,85,100 g,4.8 (7.0k),In Stock,https://www.zeptonow.com/pn/everest-chaat-masala/pvid/1f662ef1-2bb5-411a-9046-d29a4416eec4,"https://cdn.zeptonow.com/production/tr:w-1280,ar-1021-1021,pr-true,f-auto,q-80/cms/product_variant/72b9ff0c-934c-462b-9565-5165dc2f56a5.jpeg"
Masala & Dry Fruits,Powders & Pastes,"https://cdn.zeptonow.com/production/tr:w-90,ar-120-121,pr-true,f-auto,q-80/cms/sub_category/45.png",Aachi Mutton Masala,Aachi,54,64,100 g,4.7 (1.3k),In Stock,https://www.zeptonow.com/pn/aachi-mutton-masala/pvid/97ae2a18-3095-43a8-b17d-483489f8e0db,"https://cdn.zeptonow.com/production/tr:w-1280,ar-1021-1021,pr-true,f-auto,q-80/cms/product_variant/5b90396c-6644-48a0-8ff1-9630918b9b48.jpeg"
Masala & Dry Fruits,Powders & Pastes,"https://cdn.zeptonow.com/production/tr:w-90,ar-120-121,pr-true,f-auto,q-80/cms/sub_category/45.png",Sakthi Powder - Cumin Pouch,Sakthi,39,39,50 g,4.9 (860),In Stock,https://www.zeptonow.com/pn/sakthi-powder-cumin-pouch/pvid/fff63729-3860-4331-96ad-14304f297f06,"https://cdn.zeptonow.com/production/tr:w-1280,ar-500-500,pr-true,f-auto,q-80/inventory/product/6a4db46f-cf68-43c1-927b-32207692a9d8-tmp/56b1303e-c036-4d58-8087-b69d2ef08a0a.jpeg"
Masala & Dry Fruits,Powders & Pastes,"https://cdn.zeptonow.com/production/tr:w-90,ar-120-121,pr-true,f-auto,q-80/cms/sub_category/45.png",Keya Piri Piri Exotic Spices Mix,Keya,103,119,90 g,4.6 (2.1k),In Stock,https://www.zeptonow.com/pn/keya-piri-piri-exotic-spices-mix/pvid/31aa02a7-d60e-4eed-b030-1439416135ba,"https://cdn.zeptonow.com/production/tr:w-1280,ar-1200-1200,pr-true,f-auto,q-80/cms/product_variant/e80521b0-7c3e-4c14-bc99-d04146f743f9.jpeg"
Masala & Dry Fruits,Powders & Pastes,"https://cdn.zeptonow.com/production/tr:w-90,ar-120-121,pr-true,f-auto,q-80/cms/sub_category/45.png",Keya Chaat Masala,Keya,59,75,80 g,4.7 (269),In Stock,https://www.zeptonow.com/pn/keya-chaat-masala/pvid/6e19a6ed-cf21-4348-a5c7-15f5b5771b2e,"https://cdn.zeptonow.com/production/tr:w-1280,ar-2400-2400,pr-true,f-auto,q-80/cms/product_variant/fc4743a2-170c-4319-9bf4-591b054a7a62.jpg"
Masala & Dry Fruits,Powders & Pastes,"https://cdn.zeptonow.com/production/tr:w-90,ar-120-121,pr-true,f-auto,q-80/cms/sub_category/45.png",Everest Dry Ginger Powder,Everest,83,90,100 g,4.6 (965),In Stock,https://www.zeptonow.com/pn/everest-dry-ginger-powder/pvid/4ecb60a1-629d-4087-8e79-5d4bd48afb39,"https://cdn.zeptonow.com/production/tr:w-1280,ar-1200-1200,pr-true,f-auto,q-80/cms/product_variant/0d55f00d-adb7-4a62-9f3c-eb8b7f8177b1.jpeg"
Masala & Dry Fruits,Powders & Pastes,"https://cdn.zeptonow.com/production/tr:w-90,ar-120-121,pr-true,f-auto,q-80/cms/sub_category/45.png",Everest Garam Masala,Everest,81,100,100 g,4.9 (5.3k),In Stock,https://www.zeptonow.com/pn/everest-garam-masala/pvid/bfa09404-e2eb-4d85-843f-e5eb9cd41323,"https://cdn.zeptonow.com/production/tr:w-1280,ar-1200-1200,pr-true,f-auto,q-80/cms/product_variant/eef72052-55fc-4797-8368-0a25ec343574.jpeg"
Masala & Dry Fruits,Powders & Pastes,"https://cdn.zeptonow.com/production/tr:w-90,ar-120-121,pr-true,f-auto,q-80/cms/sub_category/45.png",Aachi Powder Turmeric,Aachi,36,42,100 g,4.7 (4.8k),In Stock,https://www.zeptonow.com/pn/aachi-powder-turmeric/pvid/dc8fe839-6196-4adb-ae28-bf2ed097b4d5,"https://cdn.zeptonow.com/production/tr:w-1280,ar-1000-1000,pr-true,f-auto,q-80/cms/product_variant/27968b41-6b94-4355-9321-ef3c136df2d2.jpeg"
Masala & Dry Fruits,Powders & Pastes,"https://cdn.zeptonow.com/production/tr:w-90,ar-120-121,pr-true,f-auto,q-80/cms/sub_category/45.png",Sakthi Turmeric Powder Pouch,Sakthi,169,200,500 g,5 (174),In Stock,https://www.zeptonow.com/pn/sakthi-turmeric-powder-pouch/pvid/b55bcc7b-d27c-44bb-bd68-b226570fcaba,"https://cdn.zeptonow.com/production/tr:w-1280,ar-1000-1000,pr-true,f-auto,q-80/cms/product_variant/e2633214-c998-402b-8cf5-94a721b72a37.jpeg"
Masala & Dry Fruits,Powders & Pastes,"https://cdn.zeptonow.com/production/tr:w-90,ar-120-121,pr-true,f-auto,q-80/cms/sub_category/45.png",Mother's Recipe Ginger & Garlic Paste,Mother's Recipe,39,50,200 g,4.7 (10.3k),In Stock,https://www.zeptonow.com/pn/mothers-recipe-ginger-garlic-paste/pvid/c6bbd8af-67f0-4e75-a2f7-b380cbf2a4cf,"https://cdn.zeptonow.com/production/tr:w-1280,ar-1000-1000,pr-true,f-auto,q-80/cms/product_variant/efceeb9e-6ec3-48d2-b9ca-62b75590083a.jpeg"
Masala & Dry Fruits,Powders & Pastes,"https://cdn.zeptonow.com/production/tr:w-90,ar-120-121,pr-true,f-auto,q-80/cms/sub_category/45.png",Snapin Cinnamon (Dalchini) Powder,Snapin,104,129,45 g,4.3 (853),In Stock,https://www.zeptonow.com/pn/snapin-cinnamon-dalchini-powder/pvid/3d1a6159-c569-48f5-ae2f-0e3f2d096ece,"https://cdn.zeptonow.com/production/tr:w-1280,ar-1358-1358,pr-true,f-auto,q-80/cms/product_variant/088f3986-7ccd-48cb-a1df-ce7d8ce4e4e4.jpeg"
Masala & Dry Fruits,Powders & Pastes,"https://cdn.zeptonow.com/production/tr:w-90,ar-120-121,pr-true,f-auto,q-80/cms/sub_category/45.png",Daily Good Desicated Coconut Powder / Nariyal Burada / Khopra Bura,Daily Good,66,70,100 g,4.7 (8.4k),In Stock,https://www.zeptonow.com/pn/daily-good-desicated-coconut-powder-nariyal-burada-khopra-bura/pvid/f7902e08-fc8f-45fc-9a00-e971985904a2,"https://cdn.zeptonow.com/production/tr:w-1280,ar-2400-2400,pr-true,f-auto,q-80/cms/product_variant/1a120201-02a2-443a-9b9e-60a964d06777.jpeg"
Masala & Dry Fruits,Powders & Pastes,"https://cdn.zeptonow.com/production/tr:w-90,ar-120-121,pr-true,f-auto,q-80/cms/sub_category/45.png",Catch Jeera Powder Pouch,Catch,65,88,100 g,4.8 (7.0k),In Stock,https://www.zeptonow.com/pn/catch-jeera-powder-pouch/pvid/0d69ae00-9a44-4a9e-b532-03c3439b7125,"https://cdn.zeptonow.com/production/tr:w-1280,ar-1000-1000,pr-true,f-auto,q-80/cms/product_variant/2700b7d9-7026-449e-9f61-1165bc9aa6c7.jpeg"
Masala & Dry Fruits,Powders & Pastes,"https://cdn.zeptonow.com/production/tr:w-90,ar-120-121,pr-true,f-auto,q-80/cms/sub_category/45.png",Everest Yellow Hing,Everest,85,96,50 g,4.8 (5.4k),In Stock,https://www.zeptonow.com/pn/everest-yellow-hing/pvid/d2823fcf-d24d-44b3-a325-e0e34f5024e1,"https://cdn.zeptonow.com/production/tr:w-1280,ar-1200-1200,pr-true,f-auto,q-80/cms/product_variant/91b29af8-2a7d-445b-8edf-4e20f1fafabd.jpeg"
Masala & Dry Fruits,Powders & Pastes,"https://cdn.zeptonow.com/production/tr:w-90,ar-120-121,pr-true,f-auto,q-80/cms/sub_category/45.png",Eastern Black Pepper Powder Pouch,Eastern,154,165,100 g,5 (305),In Stock,https://www.zeptonow.com/pn/eastern-black-pepper-powder-pouch/pvid/b8fe0ca0-bf63-464e-8ec0-d5fefccb8985,"https://cdn.zeptonow.com/production/tr:w-1280,ar-1500-1500,pr-true,f-auto,q-80/cms/product_variant/c5dfab07-a9c6-467a-8b63-abf99f26b09c.jpg"
Masala & Dry Fruits,Powders & Pastes,"https://cdn.zeptonow.com/production/tr:w-90,ar-120-121,pr-true,f-auto,q-80/cms/sub_category/45.png",Piri Piri Spice Mix Multipack,Piri,47,60,40 g,4.8 (2.2k),In Stock,https://www.zeptonow.com/pn/piri-piri-spice-mix-multipack/pvid/9fd65378-bcdf-43b1-bfdf-3dd3954d67f4,"https://cdn.zeptonow.com/production/tr:w-1280,ar-1000-1000,pr-true,f-auto,q-80/cms/product_variant/0816356e-8f75-4da6-926f-a50115b27070.jpg"
Masala & Dry Fruits,Powders & Pastes,"https://cdn.zeptonow.com/production/tr:w-90,ar-120-121,pr-true,f-auto,q-80/cms/sub_category/45.png",Everest Black Pepper Powder,Everest,146,152,100 g,4.8 (2.0k),In Stock,https://www.zeptonow.com/pn/everest-black-pepper-powder/pvid/d20938d5-b1ab-4045-b20b-7e88cf05624b,"https://cdn.zeptonow.com/production/tr:w-1280,ar-1200-1200,pr-true,f-auto,q-80/cms/product_variant/96041ddd-5ecb-4d26-85ef-59dc71f5404f.jpeg"
Masala & Dry Fruits,Powders & Pastes,"https://cdn.zeptonow.com/production/tr:w-90,ar-120-121,pr-true,f-auto,q-80/cms/sub_category/45.png",MTR Kashmiri Chilli Powder (Pouch),MTR,63,110,100 g,4.6 (2.1k),In Stock,https://www.zeptonow.com/pn/mtr-kashmiri-chilli-powder-pouch/pvid/deba936f-5c6a-47ca-b672-9e5a1bdc6f46,"https://cdn.zeptonow.com/production/tr:w-1280,ar-1000-1000,pr-true,f-auto,q-80/cms/product_variant/9d69251a-caca-441f-bcc9-0dcfcda254af.jpeg"
Masala & Dry Fruits,Powders & Pastes,"https://cdn.zeptonow.com/production/tr:w-90,ar-120-121,pr-true,f-auto,q-80/cms/sub_category/45.png",L.G. Cumin Powder Pouch,L.G.,82,85,100 g,4.4 (181),In Stock,https://www.zeptonow.com/pn/lg-cumin-powder-pouch/pvid/7cb2add2-6aa1-495b-959a-351fda413050,"https://cdn.zeptonow.com/production/tr:w-1280,ar-3543-4359,pr-true,f-auto,q-80/cms/product_variant/bd3df311-d5ff-4056-9080-4b021d9af9bd.jpg"
Masala & Dry Fruits,Powders & Pastes,"https://cdn.zeptonow.com/production/tr:w-90,ar-120-121,pr-true,f-auto,q-80/cms/sub_category/45.png",MTR Masala - Puliogare Powder (Pouch),MTR,125,135,200 g,4.7 (3.1k),In Stock,https://www.zeptonow.com/pn/mtr-masala-puliogare-powder-pouch/pvid/4ec7b30e-59fc-4292-bd5a-01cb2902610d,"https://cdn.zeptonow.com/production/tr:w-1280,ar-1000-1000,pr-true,f-auto,q-80/cms/product_variant/462209f5-adf4-47d9-80f9-69c4e8dc0ed0.jpeg"
Masala & Dry Fruits,Powders & Pastes,"https://cdn.zeptonow.com/production/tr:w-90,ar-120-121,pr-true,f-auto,q-80/cms/sub_category/45.png",Catch Sprinkler Chat Masala,Catch,90,90,100 g,4.6 (7.9k),In Stock,https://www.zeptonow.com/pn/catch-sprinkler-chat-masala/pvid/3926ee2b-0ca8-4e40-b740-d9175db7c82e,"https://cdn.zeptonow.com/production/tr:w-1280,ar-1000-1000,pr-true,f-auto,q-80/cms/product_variant/9d2c1dd9-5df6-4dce-844b-0a3e71e4dfc7.jpeg"
Masala & Dry Fruits,Powders & Pastes,"https://cdn.zeptonow.com/production/tr:w-90,ar-120-121,pr-true,f-auto,q-80/cms/sub_category/45.png",Sakthi Masala - Chilli Chicken 65 Pouch,Sakthi,39,39,50 g,4.7 (1.0k),In Stock,https://www.zeptonow.com/pn/sakthi-masala-chilli-chicken-65-pouch/pvid/8377aa0c-1ae0-4479-8018-3eb7b31f66f0,"https://cdn.zeptonow.com/production/tr:w-1280,ar-418-585,pr-true,f-auto,q-80/inventory/product/8377aa0c-1ae0-4479-8018-3eb7b31f66f0-1xxpDQleZkWzO8yEFosMG9N_3L7Vq6o8S.jpeg"
Masala & Dry Fruits,Powders & Pastes,"https://cdn.zeptonow.com/production/tr:w-90,ar-120-121,pr-true,f-auto,q-80/cms/sub_category/45.png",On1y Cinnamon Powder,On1y,120,139,45 g,4.6 (440),In Stock,https://www.zeptonow.com/pn/on1y-cinnamon-powder/pvid/57f94939-f6c8-4f09-b1d0-06dd6b536fb3,"https://cdn.zeptonow.com/production/tr:w-1280,ar-2400-2400,pr-true,f-auto,q-80/cms/product_variant/1fa72d43-65a9-4517-93cf-f2a9dfdcf0fb.jpeg"
Masala & Dry Fruits,Powders & Pastes,"https://cdn.zeptonow.com/production/tr:w-90,ar-120-121,pr-true,f-auto,q-80/cms/sub_category/45.png",Snapin Piri Piri Mix Seasoning,Snapin,80,99,50 g,4.8 (634),In Stock,https://www.zeptonow.com/pn/snapin-piri-piri-mix-seasoning/pvid/c60d5d44-006f-478f-b4a6-d804618f6e06,"https://cdn.zeptonow.com/production/tr:w-1280,ar-1417-1417,pr-true,f-auto,q-80/cms/product_variant/e995ac92-e99a-4e92-8044-887449e13d7c.jpeg"
Masala & Dry Fruits,Powders & Pastes,"https://cdn.zeptonow.com/production/tr:w-90,ar-120-121,pr-true,f-auto,q-80/cms/sub_category/45.png",On1y Paprika Powder,On1y,75,99,52 g,4.9 (281),In Stock,https://www.zeptonow.com/pn/on1y-paprika-powder/pvid/085814a7-8c85-4eb6-8b23-51983bfc3811,"https://cdn.zeptonow.com/production/tr:w-1280,ar-1500-1500,pr-true,f-auto,q-80/cms/product_variant/990343e3-c6f6-4448-81ad-7b59e2a2c67f.jpeg"
Masala & Dry Fruits,Powders & Pastes,"https://cdn.zeptonow.com/production/tr:w-90,ar-120-121,pr-true,f-auto,q-80/cms/sub_category/45.png",MTR Idli/Dosa/Chilly Chutney Powder,MTR,139,155,200 g,4.8 (824),In Stock,https://www.zeptonow.com/pn/mtr-idlidosachilly-chutney-powder/pvid/b4ed7898-6b22-4c13-9b39-e8563debc1bd,"https://cdn.zeptonow.com/production/tr:w-1280,ar-1200-1200,pr-true,f-auto,q-80/cms/product_variant/69648969-b1e2-4eec-82f4-b5e84485fc1a.jpeg"
Masala & Dry Fruits,Powders & Pastes,"https://cdn.zeptonow.com/production/tr:w-90,ar-120-121,pr-true,f-auto,q-80/cms/sub_category/45.png",Everest Pav Bhaji Masala,Everest,89,90,100 g,4.8 (6.9k),In Stock,https://www.zeptonow.com/pn/everest-pav-bhaji-masala/pvid/635690ec-5528-4bcd-8c8a-5a796ea4192a,"https://cdn.zeptonow.com/production/tr:w-1280,ar-1200-1200,pr-true,f-auto,q-80/cms/product_variant/e280f01c-9cf5-4cf6-b065-efba93943abc.jpeg"
Masala & Dry Fruits,Powders & Pastes,"https://cdn.zeptonow.com/production/tr:w-90,ar-120-121,pr-true,f-auto,q-80/cms/sub_category/45.png",Eastern Sambar Powder,Eastern,51,60,100 g,4.6 (2.9k),In Stock,https://www.zeptonow.com/pn/eastern-sambar-powder/pvid/ce3aeb26-2900-4db3-9407-2b201f84d902,"https://cdn.zeptonow.com/production/tr:w-1280,ar-2400-2400,pr-true,f-auto,q-80/cms/product_variant/451a3ff7-5643-41f5-bf17-38fdac4d5cd0.jpeg"
Masala & Dry Fruits,Powders & Pastes,"https://cdn.zeptonow.com/production/tr:w-90,ar-120-121,pr-true,f-auto,q-80/cms/sub_category/45.png",Aachi Bajji Bonda Powder,Aachi,39,42,200 g,4.8 (2.9k),In Stock,https://www.zeptonow.com/pn/aachi-bajji-bonda-powder/pvid/2ef8ec55-b888-41df-b29e-e947cd137a88,"https://cdn.zeptonow.com/production/tr:w-1280,ar-1200-1200,pr-true,f-auto,q-80/cms/product_variant/3e5f18de-c5a8-485c-96be-f6336f283a81.png"
Masala & Dry Fruits,Powders & Pastes,"https://cdn.zeptonow.com/production/tr:w-90,ar-120-121,pr-true,f-auto,q-80/cms/sub_category/45.png",Super Garam Masala Powder Pouch,Super,79,105,200 g,4.6 (1.1k),In Stock,https://www.zeptonow.com/pn/super-garam-masala-powder-pouch/pvid/5be25061-2136-4405-9528-ec055ef7a142,"https://cdn.zeptonow.com/production/tr:w-1280,ar-1500-1500,pr-true,f-auto,q-80/cms/product_variant/095bc4ac-57fe-42cb-9d6f-f49730c3cd33.jpeg"
Masala & Dry Fruits,Powders & Pastes,"https://cdn.zeptonow.com/production/tr:w-90,ar-120-121,pr-true,f-auto,q-80/cms/sub_category/45.png",MTR Masala - Sambar Powder,MTR,131,150,200 g,4.8 (578),In Stock,https://www.zeptonow.com/pn/mtr-masala-sambar-powder/pvid/d149f895-641a-4bde-a1b8-797a74230372,"https://cdn.zeptonow.com/production/tr:w-1280,ar-1000-1000,pr-true,f-auto,q-80/cms/product_variant/32684e2d-0936-4b30-9064-63e78907856b.jpeg"
Masala & Dry Fruits,Powders & Pastes,"https://cdn.zeptonow.com/production/tr:w-90,ar-120-121,pr-true,f-auto,q-80/cms/sub_category/45.png",MTR Spice Chilli Powder,MTR,76,100,250 g,4.8 (4.0k),In Stock,https://www.zeptonow.com/pn/mtr-spice-chilli-powder/pvid/27729848-2896-4717-bc81-00d39dc6efac,"https://cdn.zeptonow.com/production/tr:w-1280,ar-1200-1200,pr-true,f-auto,q-80/cms/product_variant/3e018693-0c1d-45aa-81bc-f54b774d8a1c.jpeg"
Masala & Dry Fruits,Powders & Pastes,"https://cdn.zeptonow.com/production/tr:w-90,ar-120-121,pr-true,f-auto,q-80/cms/sub_category/45.png",Catch Pav Bhaji Masala,Catch,64,90,100 g,4.7 (2.4k),In Stock,https://www.zeptonow.com/pn/catch-pav-bhaji-masala/pvid/60e1648e-e1c1-43e0-bc71-b80dd0522b49,"https://cdn.zeptonow.com/production/tr:w-1280,ar-1000-1000,pr-true,f-auto,q-80/cms/product_variant/6aada94c-297a-49f0-9c21-cdc47d2ef34c.jpeg"
Masala & Dry Fruits,Powders & Pastes,"https://cdn.zeptonow.com/production/tr:w-90,ar-120-121,pr-true,f-auto,q-80/cms/sub_category/45.png",Eastern Coriander Powder,Eastern,56,86,250 g,4.7 (6.5k),In Stock,https://www.zeptonow.com/pn/eastern-coriander-powder/pvid/02e20a20-cff7-4d48-b67c-22be748d0979,"https://cdn.zeptonow.com/production/tr:w-1280,ar-1200-1200,pr-true,f-auto,q-80/cms/product_variant/ee05c9df-0500-4afd-8311-deb6f7f7660f.jpeg"
Masala & Dry Fruits,Powders & Pastes,"https://cdn.zeptonow.com/production/tr:w-90,ar-120-121,pr-true,f-auto,q-80/cms/sub_category/45.png",Everest White Pepper Powder,Everest,106,115,50 g,4.7 (498),In Stock,https://www.zeptonow.com/pn/everest-white-pepper-powder/pvid/0c8cdc0f-4e7c-42d4-bcf3-717fae4e2e61,"https://cdn.zeptonow.com/production/tr:w-1280,ar-2400-2400,pr-true,f-auto,q-80/cms/product_variant/ca9dc141-8aec-4222-9858-eca920669c27.jpeg"
Masala & Dry Fruits,Powders & Pastes,"https://cdn.zeptonow.com/production/tr:w-90,ar-120-121,pr-true,f-auto,q-80/cms/sub_category/45.png",Keya Garlic Powder,Keya,78,99,55 g,4.3 (739),In Stock,https://www.zeptonow.com/pn/keya-garlic-powder/pvid/701ea84d-ffe3-470e-a2c3-88d41b1ad8e8,"https://cdn.zeptonow.com/production/tr:w-1280,ar-2400-2400,pr-true,f-auto,q-80/cms/product_variant/652078b1-94ad-4ea2-97ff-011927fa86d1.jpeg"
Masala & Dry Fruits,Powders & Pastes,"https://cdn.zeptonow.com/production/tr:w-90,ar-120-121,pr-true,f-auto,q-80/cms/sub_category/45.png",L.G. Rasam Powder Pouch,L.G.,68,70,100 g,5 (64),In Stock,https://www.zeptonow.com/pn/lg-rasam-powder-pouch/pvid/1f69658d-afbe-4add-8f51-9b79c4e78c99,"https://cdn.zeptonow.com/production/tr:w-1280,ar-3543-4359,pr-true,f-auto,q-80/cms/product_variant/e0ed0117-002a-480e-ac1f-1e6a0d4ebf8f.jpg"
Masala & Dry Fruits,Powders & Pastes,"https://cdn.zeptonow.com/production/tr:w-90,ar-120-121,pr-true,f-auto,q-80/cms/sub_category/45.png",Aachi Powder Turmeric,Aachi,74,84,200 g,4.7 (3.1k),In Stock,https://www.zeptonow.com/pn/aachi-powder-turmeric/pvid/427aea51-4d98-41a0-b56f-76c76b8053a1,"https://cdn.zeptonow.com/production/tr:w-1280,ar-2400-2400,pr-true,f-auto,q-80/cms/product_variant/9e53f1d6-be39-40a9-8520-a583ad55f071.jpeg"
Masala & Dry Fruits,Powders & Pastes,"https://cdn.zeptonow.com/production/tr:w-90,ar-120-121,pr-true,f-auto,q-80/cms/sub_category/45.png",Catch Makhani Gravy Pouch,Catch,58,80,100 g,4.8 (101),In Stock,https://www.zeptonow.com/pn/catch-makhani-gravy-pouch/pvid/e6447700-0ec8-4cf4-8032-b104c50a7b10,"https://cdn.zeptonow.com/production/tr:w-1280,ar-900-900,pr-true,f-auto,q-80/cms/product_variant/17f3c256-995c-42f7-b06e-8b9495fea7b9.jpg"
Masala & Dry Fruits,Powders & Pastes,"https://cdn.zeptonow.com/production/tr:w-90,ar-120-121,pr-true,f-auto,q-80/cms/sub_category/45.png",Snapin Street Jaljeera,Snapin,41,60,125 g,4.4 (287),In Stock,https://www.zeptonow.com/pn/snapin-street-jaljeera/pvid/59be4c89-7e2b-4c25-aaea-7718d4406e68,"https://cdn.zeptonow.com/production/tr:w-1280,ar-5000-5000,pr-true,f-auto,q-80/cms/product_variant/1e8f38dc-eaa0-4a5d-befc-8d03de7e9a2c.jpeg"
Masala & Dry Fruits,Powders & Pastes,"https://cdn.zeptonow.com/production/tr:w-90,ar-120-121,pr-true,f-auto,q-80/cms/sub_category/45.png","Smith & Jones Ginger Garlic Paste, Thick & Coarse Paste for Cooking",Smith,47,50,200 g,4.8 (23.3k),In Stock,https://www.zeptonow.com/pn/smith-jones-ginger-garlic-paste-thick-coarse-paste-for-cooking/pvid/739c60d2-e3b0-43ea-8440-cb65cbdcfa6d,"https://cdn.zeptonow.com/production/tr:w-1280,ar-1200-1200,pr-true,f-auto,q-80/cms/product_variant/143ccf91-dbe4-4a2d-8ebb-759e9083e9dd.jpeg"
Masala & Dry Fruits,Powders & Pastes,"https://cdn.zeptonow.com/production/tr:w-90,ar-120-121,pr-true,f-auto,q-80/cms/sub_category/45.png",Everest Tikhalal Powder Pouch,Everest,226,260,500 g,4.7 (8.3k),In Stock,https://www.zeptonow.com/pn/everest-tikhalal-powder-pouch/pvid/fec22b06-40cc-4d7f-8f4a-efb5e352082b,"https://cdn.zeptonow.com/production/tr:w-1280,ar-1200-1200,pr-true,f-auto,q-80/cms/product_variant/04450af6-a8e0-4bcb-80f1-28309b9f4efb.jpeg"
Masala & Dry Fruits,Powders & Pastes,"https://cdn.zeptonow.com/production/tr:w-90,ar-120-121,pr-true,f-auto,q-80/cms/sub_category/45.png",Aachi Coriander Powder,Aachi,27,28,100 g,4.8 (3.4k),In Stock,https://www.zeptonow.com/pn/aachi-coriander-powder/pvid/41a4d14e-645a-476a-8134-ae8c82f87ba6,"https://cdn.zeptonow.com/production/tr:w-1280,ar-1021-1021,pr-true,f-auto,q-80/cms/product_variant/63b2b757-d770-45bb-b3c1-c4db35c160ec.jpeg"
Masala & Dry Fruits,Powders & Pastes,"https://cdn.zeptonow.com/production/tr:w-90,ar-120-121,pr-true,f-auto,q-80/cms/sub_category/45.png",Catch Super Garam Masala,Catch,71,100,200 g,4.8 (5.1k),In Stock,https://www.zeptonow.com/pn/catch-super-garam-masala/pvid/218c2dfd-6b79-42aa-93db-9513e8afab8c,"https://cdn.zeptonow.com/production/tr:w-1280,ar-1200-1200,pr-true,f-auto,q-80/cms/product_variant/8ffe9b90-7096-466a-8b90-366795804b3e.jpeg"
Masala & Dry Fruits,Powders & Pastes,"https://cdn.zeptonow.com/production/tr:w-90,ar-120-121,pr-true,f-auto,q-80/cms/sub_category/45.png",MTR Masala - Puliogare Powder (Pouch),MTR,68,70,100 g,4.7 (3.7k),In Stock,https://www.zeptonow.com/pn/mtr-masala-puliogare-powder-pouch/pvid/f678499e-67bd-4e8c-aaee-aabbf916e099,"https://cdn.zeptonow.com/production/tr:w-1280,ar-1000-1000,pr-true,f-auto,q-80/cms/product_variant/7100629d-b819-4f91-a6b9-a75b0e8a8b69.jpeg"
Masala & Dry Fruits,Powders & Pastes,"https://cdn.zeptonow.com/production/tr:w-90,ar-120-121,pr-true,f-auto,q-80/cms/sub_category/45.png",Keya Kashmiri Paprika Powder,Keya,121,159,55 g,4.4 (182),In Stock,https://www.zeptonow.com/pn/keya-kashmiri-paprika-powder/pvid/becaeb70-34cb-4648-836c-f1c4d0336b98,"https://cdn.zeptonow.com/production/tr:w-1280,ar-1000-1000,pr-true,f-auto,q-80/cms/product_variant/da90b02c-0bed-4d63-84a7-1ca371fb38f2.jpg"
Masala & Dry Fruits,Powders & Pastes,"https://cdn.zeptonow.com/production/tr:w-90,ar-120-121,pr-true,f-auto,q-80/cms/sub_category/45.png",Catch Compounded Hing,Catch,55,74,25 g,4.6 (7.3k),In Stock,https://www.zeptonow.com/pn/catch-compounded-hing/pvid/2a74c2c6-1352-411e-b973-14b5e66f1c90,"https://cdn.zeptonow.com/production/tr:w-1280,ar-1200-1200,pr-true,f-auto,q-80/cms/product_variant/e7edfa54-4981-4b05-a8f7-f093b40b01f0.jpeg"
Masala & Dry Fruits,Powders & Pastes,"https://cdn.zeptonow.com/production/tr:w-90,ar-120-121,pr-true,f-auto,q-80/cms/sub_category/45.png",Everest Kitchen King Masala,Everest,90,90,100 g,4.8 (3.5k),In Stock,https://www.zeptonow.com/pn/everest-kitchen-king-masala/pvid/1c7ca96b-c1f4-4adb-be39-43dff6b6d22b,"https://cdn.zeptonow.com/production/tr:w-1280,ar-2400-2400,pr-true,f-auto,q-80/cms/product_variant/400819d2-6641-44fe-b4d5-4a31fb6cf138.jpeg"
Masala & Dry Fruits,Powders & Pastes,"https://cdn.zeptonow.com/production/tr:w-90,ar-120-121,pr-true,f-auto,q-80/cms/sub_category/45.png",Mother's Recipe Tamarind Paste,Mother's Recipe,52,60,200 g,4.8 (3.0k),In Stock,https://www.zeptonow.com/pn/mothers-recipe-tamarind-paste/pvid/407042a6-b538-45d7-9bc9-d2b280c0f947,"https://cdn.zeptonow.com/production/tr:w-1280,ar-1200-1200,pr-true,f-auto,q-80/cms/product_variant/268ec35f-8a79-4376-86a4-5418bf1f5cbd.jpeg"
Masala & Dry Fruits,Powders & Pastes,"https://cdn.zeptonow.com/production/tr:w-90,ar-120-121,pr-true,f-auto,q-80/cms/sub_category/45.png",Organic Tattva Amchur (Dry Mango) Powder,Organic Tattva,66,80,100 g,4.1 (77),In Stock,https://www.zeptonow.com/pn/organic-tattva-amchur-dry-mango-powder/pvid/454f4a67-03fe-4f37-8a9d-780340db9f95,"https://cdn.zeptonow.com/production/tr:w-1280,ar-1500-1500,pr-true,f-auto,q-80/cms/product_variant/6a33a4f5-b0a3-4b38-9f8a-6a7720a26819.jpeg"
Masala & Dry Fruits,Powders & Pastes,"https://cdn.zeptonow.com/production/tr:w-90,ar-120-121,pr-true,f-auto,q-80/cms/sub_category/45.png",On1y Pepper Grinder,On1y,120,159,50 g,4.6 (399),In Stock,https://www.zeptonow.com/pn/on1y-pepper-grinder/pvid/b2c82d2c-82b4-4de7-a350-56a98830d274,"https://cdn.zeptonow.com/production/tr:w-1280,ar-2400-2400,pr-true,f-auto,q-80/cms/product_variant/e9526aa6-6b2c-4d2a-bebc-bc9500af511a.jpeg"
Masala & Dry Fruits,Powders & Pastes,"https://cdn.zeptonow.com/production/tr:w-90,ar-120-121,pr-true,f-auto,q-80/cms/sub_category/45.png",Brahmins Kashmiri Chilli Powder,Brahmins,76,90,100 g,5 (135),In Stock,https://www.zeptonow.com/pn/brahmins-kashmiri-chilli-powder/pvid/4d28b9c3-b979-443a-923c-f8564c4125a9,"https://cdn.zeptonow.com/production/tr:w-1280,ar-2400-2400,pr-true,f-auto,q-80/cms/product_variant/a104ec59-7938-4d18-9184-33f8653c719b.jpeg"
Masala & Dry Fruits,Powders & Pastes,"https://cdn.zeptonow.com/production/tr:w-90,ar-120-121,pr-true,f-auto,q-80/cms/sub_category/45.png",777 Madras Sambar Powder,777,70,72,100 g,4.9 (74),In Stock,https://www.zeptonow.com/pn/777-madras-sambar-powder/pvid/aee456e2-f17e-417e-a454-e2b819f378b3,"https://cdn.zeptonow.com/production/tr:w-0.98,h-0.98,f-auto/cms/product_variant/5dad4cd4-4b0c-4f1f-a06c-3452ce177e06.jpeg"
Masala & Dry Fruits,Powders & Pastes,"https://cdn.zeptonow.com/production/tr:w-90,ar-120-121,pr-true,f-auto,q-80/cms/sub_category/45.png",L.G. Kashmiri Chilly Powder Pouch,L.G.,115,115,100 g,5 (72),In Stock,https://www.zeptonow.com/pn/lg-kashmiri-chilly-powder-pouch/pvid/7823ac3b-6fc1-4f43-a1ca-c5d19f56c062,"https://cdn.zeptonow.com/production/tr:w-1280,ar-3543-4359,pr-true,f-auto,q-80/cms/product_variant/7b569b63-7e72-4f0a-b08a-941aecab235a.jpg"
Masala & Dry Fruits,Powders & Pastes,"https://cdn.zeptonow.com/production/tr:w-90,ar-120-121,pr-true,f-auto,q-80/cms/sub_category/45.png",MTR Special Garam Masala,MTR,67,100,100 g,4.5 (928),In Stock,https://www.zeptonow.com/pn/mtr-special-garam-masala/pvid/aef640a8-edaf-4ce2-8bc1-9c62e297fb9c,"https://cdn.zeptonow.com/production/tr:w-1280,ar-1000-1000,pr-true,f-auto,q-80/cms/product_variant/1deb17eb-408c-4df1-982a-3170df996729.jpg"
Masala & Dry Fruits,Powders & Pastes,"https://cdn.zeptonow.com/production/tr:w-90,ar-120-121,pr-true,f-auto,q-80/cms/sub_category/45.png",Eastern Kabab Masala,Eastern,50,55,100 g,4.5 (1.6k),In Stock,https://www.zeptonow.com/pn/eastern-kabab-masala/pvid/60b95f06-2c1d-49f9-80c7-4f6b8fa10154,"https://cdn.zeptonow.com/production/tr:w-1280,ar-1021-1021,pr-true,f-auto,q-80/cms/product_variant/762cce4a-2e14-405e-bb59-c83f4b64cab4.jpeg"
Masala & Dry Fruits,Powders & Pastes,"https://cdn.zeptonow.com/production/tr:w-90,ar-120-121,pr-true,f-auto,q-80/cms/sub_category/45.png",Catch Hing (Bottle),Catch,104,143,50 g,4.3 (2.3k),In Stock,https://www.zeptonow.com/pn/catch-hing-bottle/pvid/fe43c615-454f-45d6-80c1-6ad41a2fb27e,"https://cdn.zeptonow.com/production/tr:w-1280,ar-1200-1200,pr-true,f-auto,q-80/cms/product_variant/843e0c09-8915-4439-a035-84c58c78800d.jpeg"
Masala & Dry Fruits,Powders & Pastes,"https://cdn.zeptonow.com/production/tr:w-90,ar-120-121,pr-true,f-auto,q-80/cms/sub_category/45.png",Everest Cumin Powder,Everest,92,92,100 g,4.8 (2.2k),In Stock,https://www.zeptonow.com/pn/everest-cumin-powder/pvid/3f60de00-7fe4-4953-b1b4-31d3b7510f79,"https://cdn.zeptonow.com/production/tr:w-1280,ar-1200-1200,pr-true,f-auto,q-80/cms/product_variant/abb564a6-cc3f-4da1-98d5-d502f1de1153.jpeg"
Masala & Dry Fruits,Powders & Pastes,"https://cdn.zeptonow.com/production/tr:w-90,ar-120-121,pr-true,f-auto,q-80/cms/sub_category/45.png",MTR Spice Pav Bhaji Masala,MTR,106,110,100 g,5 (111),In Stock,https://www.zeptonow.com/pn/mtr-spice-pav-bhaji-masala/pvid/71cb7223-84ce-4c2e-83c0-cebec9bab105,"https://cdn.zeptonow.com/production/tr:w-1280,ar-600-600,pr-true,f-auto,q-80/inventory/product/71cb7223-84ce-4c2e-83c0-cebec9bab105-1_ezpQm1HAcCBbHWLi7jBKYwagvMqqV5u.jpeg"
Masala & Dry Fruits,Powders & Pastes,"https://cdn.zeptonow.com/production/tr:w-90,ar-120-121,pr-true,f-auto,q-80/cms/sub_category/45.png",Aachi Fish Curry Masala,Aachi,25,26,50 g,4.5 (388),In Stock,https://www.zeptonow.com/pn/aachi-fish-curry-masala/pvid/6412c36a-7b46-440a-82df-ae34298f804a,"https://cdn.zeptonow.com/production/tr:w-1280,ar-600-600,pr-true,f-auto,q-80/inventory/product/6412c36a-7b46-440a-82df-ae34298f804a-1szU_XUWLOVOj5yeKkKaBbY3m3IS2kty6.jpeg"
Masala & Dry Fruits,Powders & Pastes,"https://cdn.zeptonow.com/production/tr:w-90,ar-120-121,pr-true,f-auto,q-80/cms/sub_category/45.png",Everest Chicken Masala,Everest,89,92,100 g,4.6 (5.6k),In Stock,https://www.zeptonow.com/pn/everest-chicken-masala/pvid/e7c43093-7b5d-41df-9bf3-4edae6400e69,"https://cdn.zeptonow.com/production/tr:w-1280,ar-2400-2400,pr-true,f-auto,q-80/cms/product_variant/4aec40c7-1aaf-4728-849e-a63f4286a658.jpg"
Masala & Dry Fruits,Powders & Pastes,"https://cdn.zeptonow.com/production/tr:w-90,ar-120-121,pr-true,f-auto,q-80/cms/sub_category/45.png",Eastern Coriander Powder,Eastern,32,37,100 g,4.7 (5.8k),In Stock,https://www.zeptonow.com/pn/eastern-coriander-powder/pvid/8d7dd4fd-57bf-496d-8799-b2973bc628b8,"https://cdn.zeptonow.com/production/tr:w-1280,ar-2400-2400,pr-true,f-auto,q-80/cms/product_variant/7cf2f8df-6134-4688-a072-7f644715451c.jpeg"
Masala & Dry Fruits,Powders & Pastes,"https://cdn.zeptonow.com/production/tr:w-90,ar-120-121,pr-true,f-auto,q-80/cms/sub_category/45.png",MTR Spice Jeera Powder,MTR,74,85,100 g,4.5 (1.0k),In Stock,https://www.zeptonow.com/pn/mtr-spice-jeera-powder/pvid/21bbc418-cfc9-495e-84f3-273b6b72627b,"https://cdn.zeptonow.com/production/tr:w-1280,ar-2400-2400,pr-true,f-auto,q-80/cms/product_variant/32f96e95-25a5-4337-9fde-d2ce1289aeef.jpeg"
Masala & Dry Fruits,Powders & Pastes,"https://cdn.zeptonow.com/production/tr:w-90,ar-120-121,pr-true,f-auto,q-80/cms/sub_category/45.png",Eastern Kashmiri Chilli,Eastern,475,530,500 g,4.7 (1.5k),In Stock,https://www.zeptonow.com/pn/eastern-kashmiri-chilli/pvid/a4136640-bbdd-42c6-a8b8-1816995c62d1,"https://cdn.zeptonow.com/production/tr:w-1280,ar-1000-1000,pr-true,f-auto,q-80/cms/product_variant/d61d1990-6cbd-4981-a691-83ca6a4e7caf.jpeg"
Masala & Dry Fruits,Powders & Pastes,"https://cdn.zeptonow.com/production/tr:w-90,ar-120-121,pr-true,f-auto,q-80/cms/sub_category/45.png",Everest - Ginger Garlic Paste,Everest,50,50,200 g,4.9 (1.8k),In Stock,https://www.zeptonow.com/pn/everest-ginger-garlic-paste/pvid/5a452ea3-867e-4e11-a5b6-a42329464d38,"https://cdn.zeptonow.com/production/tr:w-1280,ar-1500-1500,pr-true,f-auto,q-80/cms/product_variant/3cc726ff-7910-4fb0-ba42-e09b50c6d4be.jpg"
Masala & Dry Fruits,Powders & Pastes,"https://cdn.zeptonow.com/production/tr:w-90,ar-120-121,pr-true,f-auto,q-80/cms/sub_category/45.png",Eastern Cumin Powder,Eastern,81,90,100 g,4.8 (542),In Stock,https://www.zeptonow.com/pn/eastern-cumin-powder/pvid/b966a3a3-60a6-4b96-aebf-fb7b8d5dafa2,"https://cdn.zeptonow.com/production/tr:w-1280,ar-1021-1021,pr-true,f-auto,q-80/cms/product_variant/43d76207-30d3-4af8-ab07-750c5053d4a7.jpeg"
Masala & Dry Fruits,Powders & Pastes,"https://cdn.zeptonow.com/production/tr:w-90,ar-120-121,pr-true,f-auto,q-80/cms/sub_category/45.png",Everest - Ginger Garlic Paste,Everest,25,25,100 g,4.6 (13.8k),In Stock,https://www.zeptonow.com/pn/everest-ginger-garlic-paste/pvid/43432591-4c1c-4a09-8c28-a3e565bae435,"https://cdn.zeptonow.com/production/tr:w-1280,ar-1200-1200,pr-true,f-auto,q-80/cms/product_variant/0d742f26-f99a-431f-9f8e-ffb6991af94f.jpeg"
Masala & Dry Fruits,Powders & Pastes,"https://cdn.zeptonow.com/production/tr:w-90,ar-120-121,pr-true,f-auto,q-80/cms/sub_category/45.png",Catch Kashmiri Mirch Powder,Catch,73,100,100 g,4.7 (3.7k),In Stock,https://www.zeptonow.com/pn/catch-kashmiri-mirch-powder/pvid/e39913be-6aeb-45d9-a8d5-055d0a7ce796,"https://cdn.zeptonow.com/production/tr:w-1280,ar-1200-1200,pr-true,f-auto,q-80/cms/product_variant/a82f8415-65d2-4be1-b11f-ebc794dc8cb2.jpeg"
Masala & Dry Fruits,Powders & Pastes,"https://cdn.zeptonow.com/production/tr:w-90,ar-120-121,pr-true,f-auto,q-80/cms/sub_category/45.png",Everest Tandoori Chicken Masala,Everest,89,92,100 g,4.9 (2.1k),In Stock,https://www.zeptonow.com/pn/everest-tandoori-chicken-masala/pvid/fa2bef52-cb87-4e44-b479-ef4e2737408d,"https://cdn.zeptonow.com/production/tr:w-1280,ar-1021-1021,pr-true,f-auto,q-80/cms/product_variant/bb4d2920-713a-4dba-be9d-981d6a4bb10b.jpeg"
Masala & Dry Fruits,Powders & Pastes,"https://cdn.zeptonow.com/production/tr:w-90,ar-120-121,pr-true,f-auto,q-80/cms/sub_category/45.png",Organic Tattva Turmeric Powder,Organic Tattva,63,70,100 g,4.7 (672),In Stock,https://www.zeptonow.com/pn/organic-tattva-turmeric-powder/pvid/48f3b0f7-f06a-4a19-9753-3e91370d17dc,"https://cdn.zeptonow.com/production/tr:w-1280,ar-1500-1500,pr-true,f-auto,q-80/cms/product_variant/ad624c8f-2584-454c-98af-18361e559ddf.jpeg"
Masala & Dry Fruits,Powders & Pastes,"https://cdn.zeptonow.com/production/tr:w-90,ar-120-121,pr-true,f-auto,q-80/cms/sub_category/45.png",Catch Black Pepper Sprinkler,Catch,97,100,50 g,4.8 (2.8k),In Stock,https://www.zeptonow.com/pn/catch-black-pepper-sprinkler/pvid/f30549f8-6527-4429-bc57-a6d4c34d8392,"https://cdn.zeptonow.com/production/tr:w-1280,ar-1000-1000,pr-true,f-auto,q-80/cms/product_variant/e1a4a102-e1f0-41ba-954e-03f8a90140f8.jpeg"
Masala & Dry Fruits,Powders & Pastes,"https://cdn.zeptonow.com/production/tr:w-90,ar-120-121,pr-true,f-auto,q-80/cms/sub_category/45.png",Catch Peri Peri Sprinkler,Catch,72,99,90 g,4.8 (3.7k),In Stock,https://www.zeptonow.com/pn/catch-peri-peri-sprinkler/pvid/025c2da8-fc9f-45d5-a731-5ea9e0685885,"https://cdn.zeptonow.com/production/tr:w-1280,ar-1000-1000,pr-true,f-auto,q-80/cms/product_variant/22396672-564a-4445-a42c-42cedb2b4f1d.jpeg"
Masala & Dry Fruits,Powders & Pastes,"https://cdn.zeptonow.com/production/tr:w-90,ar-120-121,pr-true,f-auto,q-80/cms/sub_category/45.png",Everest Coriander Powder,Everest,37,40,100 g,4.7 (11.7k),In Stock,https://www.zeptonow.com/pn/everest-coriander-powder/pvid/a6c4e6f6-d7e5-4249-b7a6-ee6c4510736a,"https://cdn.zeptonow.com/production/tr:w-1280,ar-1200-1200,pr-true,f-auto,q-80/cms/product_variant/e1825464-4e2c-46a5-8cbe-e9dae2dab754.jpeg"
Masala & Dry Fruits,Powders & Pastes,"https://cdn.zeptonow.com/production/tr:w-90,ar-120-121,pr-true,f-auto,q-80/cms/sub_category/45.png",Eastern Turmeric Powder,Eastern,35,40,100 g,4.5 (7.9k),In Stock,https://www.zeptonow.com/pn/eastern-turmeric-powder/pvid/3939ad63-2815-45d3-afc3-40342b14dde6,"https://cdn.zeptonow.com/production/tr:w-1280,ar-1200-1200,pr-true,f-auto,q-80/cms/product_variant/3a8cc0be-8b56-4697-ad30-294cf1a60df2.jpeg"
Masala & Dry Fruits,Powders & Pastes,"https://cdn.zeptonow.com/production/tr:w-90,ar-120-121,pr-true,f-auto,q-80/cms/sub_category/45.png",Eastern Biryani Masala Powder,Eastern,79,88,100 g,4.7 (3.4k),In Stock,https://www.zeptonow.com/pn/eastern-biryani-masala-powder/pvid/464b9c3e-0a69-4d49-8f82-7fe8c41df391,"https://cdn.zeptonow.com/production/tr:w-1280,ar-1200-1200,pr-true,f-auto,q-80/cms/product_variant/27e783f4-38fe-4c0d-a73f-43f574e6d8e7.jpeg"
Masala & Dry Fruits,Powders & Pastes,"https://cdn.zeptonow.com/production/tr:w-90,ar-120-121,pr-true,f-auto,q-80/cms/sub_category/45.png",Catch Garam Masala,Catch,75,107,100 g,4.8 (1.5k),In Stock,https://www.zeptonow.com/pn/catch-garam-masala/pvid/721f104c-c5fb-461e-bca2-d3e41bb9a294,"https://cdn.zeptonow.com/production/tr:w-1280,ar-1000-1000,pr-true,f-auto,q-80/cms/product_variant/0b635135-d0d7-4bad-a6f9-4ae17545f101.jpeg"
Masala & Dry Fruits,Powders & Pastes,"https://cdn.zeptonow.com/production/tr:w-90,ar-120-121,pr-true,f-auto,q-80/cms/sub_category/45.png",Brahmins Chutney Powder,Brahmins,76,80,100 g,3.9 (75),In Stock,https://www.zeptonow.com/pn/brahmins-chutney-powder/pvid/ddd4476a-9af0-48bf-9be5-edc9b2e0059b,"https://cdn.zeptonow.com/production/tr:w-1280,ar-2400-2400,pr-true,f-auto,q-80/cms/product_variant/0bbc12b3-5cfe-46ae-8d4f-9bd0b4e49dba.jpeg"
Masala & Dry Fruits,Powders & Pastes,"https://cdn.zeptonow.com/production/tr:w-90,ar-120-121,pr-true,f-auto,q-80/cms/sub_category/45.png",Eastern Masala - Garam,Eastern,96,100,100 g,4.8 (1.1k),In Stock,https://www.zeptonow.com/pn/eastern-masala-garam/pvid/a27900c2-af2c-4849-ac38-9c0237690b63,"https://cdn.zeptonow.com/production/tr:w-1280,ar-405-591,pr-true,f-auto,q-80/inventory/product/a27900c2-af2c-4849-ac38-9c0237690b63-1T-UpIm5qZC6m94llo2YU9u8XAz3nMRKo.jpeg"
Masala & Dry Fruits,Powders & Pastes,"https://cdn.zeptonow.com/production/tr:w-90,ar-120-121,pr-true,f-auto,q-80/cms/sub_category/45.png",Eastern Fish Masala,Eastern,58,59,100 g,4 (1.0k),In Stock,https://www.zeptonow.com/pn/eastern-fish-masala/pvid/436e02c2-634c-4729-8250-247d885c11a9,"https://cdn.zeptonow.com/production/tr:w-1280,ar-1021-1021,pr-true,f-auto,q-80/cms/product_variant/073db299-171c-4c4a-b45e-3436ef95bbb8.jpeg"
Masala & Dry Fruits,Powders & Pastes,"https://cdn.zeptonow.com/production/tr:w-90,ar-120-121,pr-true,f-auto,q-80/cms/sub_category/45.png",Everest Tikhalal Powder Pouch,Everest,49,54,100 g,4.7 (13.3k),In Stock,https://www.zeptonow.com/pn/everest-tikhalal-powder-pouch/pvid/52d0cad2-05e2-40b2-a8f5-62c0849d2496,"https://cdn.zeptonow.com/production/tr:w-1280,ar-1200-1200,pr-true,f-auto,q-80/cms/product_variant/9cda5ee4-7e75-4cec-b242-ff084b654610.jpeg"
Masala & Dry Fruits,Powders & Pastes,"https://cdn.zeptonow.com/production/tr:w-90,ar-120-121,pr-true,f-auto,q-80/cms/sub_category/45.png",Snapin Nutmeg (Jaiphal) Powder,Snapin,120,149,50 g,5 (320),In Stock,https://www.zeptonow.com/pn/snapin-nutmeg-jaiphal-powder/pvid/9d3093c7-cc6d-4c33-b7bf-17aa5b28a6f7,"https://cdn.zeptonow.com/production/tr:w-1280,ar-1299-1299,pr-true,f-auto,q-80/cms/product_variant/57472713-db29-40af-b7c5-385a688af4d3.jpeg"
Masala & Dry Fruits,Powders & Pastes,"https://cdn.zeptonow.com/production/tr:w-90,ar-120-121,pr-true,f-auto,q-80/cms/sub_category/45.png",Everest Meat Masala,Everest,89,92,100 g,4.7 (3.1k),In Stock,https://www.zeptonow.com/pn/everest-meat-masala/pvid/f433ddca-52ef-47ae-a2e1-f18b26b88adc,"https://cdn.zeptonow.com/production/tr:w-1280,ar-1200-1200,pr-true,f-auto,q-80/cms/product_variant/e614e0cd-9874-443c-b38c-654f70e1d749.jpeg"
Masala & Dry Fruits,Powders & Pastes,"https://cdn.zeptonow.com/production/tr:w-90,ar-120-121,pr-true,f-auto,q-80/cms/sub_category/45.png",Aachi Kerala Sambar Powder,Aachi,29,40,100 g,4.4 (95),In Stock,https://www.zeptonow.com/pn/aachi-kerala-sambar-powder/pvid/3a73e7c0-d50a-41c2-8651-ce347f49aec7,"https://cdn.zeptonow.com/production/tr:w-1280,ar-2179-2854,pr-true,f-auto,q-80/cms/product_variant/51050ff1-77a0-4b68-a762-804f3a5378e3.jpg"
Masala & Dry Fruits,Powders & Pastes,"https://cdn.zeptonow.com/production/tr:w-90,ar-120-121,pr-true,f-auto,q-80/cms/sub_category/45.png",Catch Compounded Hing,Catch,198,275,100 g,4.5 (875),In Stock,https://www.zeptonow.com/pn/catch-compounded-hing/pvid/78707196-2363-498d-88e9-bd9592ee86fd,"https://cdn.zeptonow.com/production/tr:w-1280,ar-1200-1200,pr-true,f-auto,q-80/cms/product_variant/ede66260-8676-4714-8107-069f302e2886.jpeg"
Masala & Dry Fruits,Powders & Pastes,"https://cdn.zeptonow.com/production/tr:w-90,ar-120-121,pr-true,f-auto,q-80/cms/sub_category/45.png",SitaVatika Garam Masala,SitaVatika,68,105,100 g,4.3 (681),In Stock,https://www.zeptonow.com/pn/sitavatika-garam-masala/pvid/dee258c8-a527-468f-ae2b-1d01f225bb44,"https://cdn.zeptonow.com/production/tr:w-1280,ar-1500-1500,pr-true,f-auto,q-80/cms/product_variant/2d3a5a59-8ee0-4cca-98fa-86cfe86101ff.jpeg"
Masala & Dry Fruits,Powders & Pastes,"https://cdn.zeptonow.com/production/tr:w-90,ar-120-121,pr-true,f-auto,q-80/cms/sub_category/45.png",Sparsh Rasam Powder,Sparsh,61,70,100 g,4.9 (239),In Stock,https://www.zeptonow.com/pn/sparsh-rasam-powder/pvid/75f12aa0-7407-4233-8ba3-aa331c5ceda0,"https://cdn.zeptonow.com/production/tr:w-1280,ar-1080-1080,pr-true,f-auto,q-80/cms/product_variant/714a770d-a645-4366-b65d-c11009cba6bb.jpg"
Masala & Dry Fruits,Powders & Pastes,"https://cdn.zeptonow.com/production/tr:w-90,ar-120-121,pr-true,f-auto,q-80/cms/sub_category/45.png",Jk Hing Powder (Asafoetida),Jk,78,98,50 g,4.7 (292),In Stock,https://www.zeptonow.com/pn/jk-hing-powder-asafoetida/pvid/3a743a8b-9b33-4c90-af5d-d1d6c378192c,"https://cdn.zeptonow.com/production/tr:w-1280,ar-1000-1000,pr-true,f-auto,q-80/cms/product_variant/310d9244-4070-47f9-ac05-92579b0ee9cd.jpeg"
Masala & Dry Fruits,Powders & Pastes,"https://cdn.zeptonow.com/production/tr:w-90,ar-120-121,pr-true,f-auto,q-80/cms/sub_category/45.png",Everest Amchur Powder,Everest,48,50,50 g,4.8 (413),In Stock,https://www.zeptonow.com/pn/everest-amchur-powder/pvid/03b78e09-72f8-4782-9cb7-80d473c499b0,"https://cdn.zeptonow.com/production/tr:w-1280,ar-1021-1021,pr-true,f-auto,q-80/cms/product_variant/c2d84aab-c592-48ee-91b6-54e4a502920d.jpeg"
Masala & Dry Fruits,Powders & Pastes,"https://cdn.zeptonow.com/production/tr:w-90,ar-120-121,pr-true,f-auto,q-80/cms/sub_category/45.png",Eastern Fresh Amchur Powder,Eastern,34,40,100 g,4.7 (2.1k),In Stock,https://www.zeptonow.com/pn/eastern-fresh-amchur-powder/pvid/da30c103-63c6-4c5d-af4d-19f54f8f4e06,"https://cdn.zeptonow.com/production/tr:w-1280,ar-1200-1200,pr-true,f-auto,q-80/cms/product_variant/67144553-2c1f-4b51-80a3-100f020a08a5.jpeg"
Masala & Dry Fruits,Powders & Pastes,"https://cdn.zeptonow.com/production/tr:w-90,ar-120-121,pr-true,f-auto,q-80/cms/sub_category/45.png",On1y Ginger Powder,On1y,88,99,40 g,4.6 (503),In Stock,https://www.zeptonow.com/pn/on1y-ginger-powder/pvid/270b6993-423b-4a9e-8867-cf1e6a861982,"https://cdn.zeptonow.com/production/tr:w-1280,ar-2400-2400,pr-true,f-auto,q-80/cms/product_variant/39ae34e9-7ba7-466f-bf64-b31126e350a9.jpeg"
Masala & Dry Fruits,Powders & Pastes,"https://cdn.zeptonow.com/production/tr:w-90,ar-120-121,pr-true,f-auto,q-80/cms/sub_category/45.png",Catch Ginger Garlic Paste,Catch,29,50,200 g,4.7 (20.9k),In Stock,https://www.zeptonow.com/pn/catch-ginger-garlic-paste/pvid/d4a2e0d9-d683-49be-a93a-a0844980878f,"https://cdn.zeptonow.com/production/tr:w-1280,ar-1200-1200,pr-true,f-auto,q-80/cms/product_variant/46ede558-6343-4724-843e-c7852bcbfe6e.jpeg"
Masala & Dry Fruits,Powders & Pastes,"https://cdn.zeptonow.com/production/tr:w-90,ar-120-121,pr-true,f-auto,q-80/cms/sub_category/45.png",Catch Chicken Masala,Catch,66,90,100 g,4.5 (2.3k),In Stock,https://www.zeptonow.com/pn/catch-chicken-masala/pvid/51767fe4-1a99-4925-95e0-2a2109a3039d,"https://cdn.zeptonow.com/production/tr:w-1280,ar-2400-2400,pr-true,f-auto,q-80/cms/product_variant/2ced2377-ddea-4ac6-80bd-ccd4d0a13cf5.jpeg"
Masala & Dry Fruits,Powders & Pastes,"https://cdn.zeptonow.com/production/tr:w-90,ar-120-121,pr-true,f-auto,q-80/cms/sub_category/45.png",MTR Spice Chilli Powder,MTR,177,250,500 g,4.8 (3.1k),In Stock,https://www.zeptonow.com/pn/mtr-spice-chilli-powder/pvid/f9d9c70a-2eae-4510-ab5e-a5bb90e08688,"https://cdn.zeptonow.com/production/tr:w-1280,ar-1000-1000,pr-true,f-auto,q-80/cms/product_variant/3c8e17dc-eeec-4ce2-b2fe-af0c45709a3f.jpeg"
Masala & Dry Fruits,Powders & Pastes,"https://cdn.zeptonow.com/production/tr:w-90,ar-120-121,pr-true,f-auto,q-80/cms/sub_category/45.png",Everest Chicken Biryani Masala,Everest,68,68,50 g,4.6 (1.2k),In Stock,https://www.zeptonow.com/pn/everest-chicken-biryani-masala/pvid/23512f3c-0cdd-4e4b-bc73-1db2a7123192,"https://cdn.zeptonow.com/production/tr:w-1280,ar-617-622,pr-true,f-auto,q-80/cms/product_variant/d7d7b84f-aa6a-4f19-8e87-f4d13f3d3e1e.jpg"
Masala & Dry Fruits,Powders & Pastes,"https://cdn.zeptonow.com/production/tr:w-90,ar-120-121,pr-true,f-auto,q-80/cms/sub_category/45.png",Everest Shahi Paneer Masala,Everest,47,51,50 g,4.9 (1.4k),In Stock,https://www.zeptonow.com/pn/everest-shahi-paneer-masala/pvid/a97bc845-9e20-44b0-b20c-a95045d0c3be,"https://cdn.zeptonow.com/production/tr:w-1280,ar-700-700,pr-true,f-auto,q-80/inventory/product/5b5efd90-2235-4393-b6bd-6f64d484833e-image_file.webp"
Masala & Dry Fruits,Powders & Pastes,"https://cdn.zeptonow.com/production/tr:w-90,ar-120-121,pr-true,f-auto,q-80/cms/sub_category/45.png",Catch Dry Ginger Powder,Catch,58,80,90 g,4.8 (1.1k),In Stock,https://www.zeptonow.com/pn/catch-dry-ginger-powder/pvid/f45156d7-5892-49f0-a69c-c7aa2a89de5b,"https://cdn.zeptonow.com/production/tr:w-1280,ar-1100-1100,pr-true,f-auto,q-80/cms/product_variant/27280d38-844f-4ff4-b856-c16b3d992577.jpeg"
Masala & Dry Fruits,Powders & Pastes,"https://cdn.zeptonow.com/production/tr:w-90,ar-120-121,pr-true,f-auto,q-80/cms/sub_category/45.png",Catch Kitchen King Masala Powder,Catch,67,95,100 g,4.7 (2.6k),In Stock,https://www.zeptonow.com/pn/catch-kitchen-king-masala-powder/pvid/61638c6a-9927-4d17-8c3a-7ed085372f21,"https://cdn.zeptonow.com/production/tr:w-1280,ar-1000-1000,pr-true,f-auto,q-80/cms/product_variant/a0bce7d4-cb1f-429c-a6f6-4acc5d6e17a4.jpeg"
Masala & Dry Fruits,Powders & Pastes,"https://cdn.zeptonow.com/production/tr:w-90,ar-120-121,pr-true,f-auto,q-80/cms/sub_category/45.png",Catch Turmeric Powder/Haldi,Catch,33,45,100 g,4.7 (19.0k),In Stock,https://www.zeptonow.com/pn/catch-turmeric-powderhaldi/pvid/6e806cbf-5507-4dad-ac97-a0cfe3b13d01,"https://cdn.zeptonow.com/production/tr:w-1280,ar-1200-1200,pr-true,f-auto,q-80/cms/product_variant/ce0f5646-0231-4254-94d0-9b4b75421d1c.jpeg"
Masala & Dry Fruits,Powders & Pastes,"https://cdn.zeptonow.com/production/tr:w-90,ar-120-121,pr-true,f-auto,q-80/cms/sub_category/45.png",Snapin Street Schezwan Fried Rice Masala Pouch | Pack Of 5,Snapin,41,60,100 g,4.8 (188),In Stock,https://www.zeptonow.com/pn/snapin-street-schezwan-fried-rice-masala-pouch-pack-of-5/pvid/83055b79-80d0-4630-a332-41ee88d11610,"https://cdn.zeptonow.com/production/tr:w-1280,ar-5000-5000,pr-true,f-auto,q-80/cms/product_variant/c61bbdda-0d85-4638-9ed1-db7d15f4b8b8.jpg"
Masala & Dry Fruits,Powders & Pastes,"https://cdn.zeptonow.com/production/tr:w-90,ar-120-121,pr-true,f-auto,q-80/cms/sub_category/45.png",Everest Turmeric Powder,Everest,43,46,100 g,4.6 (14.5k),In Stock,https://www.zeptonow.com/pn/everest-turmeric-powder/pvid/a8085d58-dd35-4389-8b83-a0b4e6194243,"https://cdn.zeptonow.com/production/tr:w-1280,ar-1200-1200,pr-true,f-auto,q-80/cms/product_variant/ee060ed6-69f0-4c1e-a318-537dbfe99cdf.jpeg"
Masala & Dry Fruits,Powders & Pastes,"https://cdn.zeptonow.com/production/tr:w-90,ar-120-121,pr-true,f-auto,q-80/cms/sub_category/45.png",Milagro Farm Cinnamon Powder,Milagro,102,149,35 g,4.5 (131),In Stock,https://www.zeptonow.com/pn/milagro-farm-cinnamon-powder/pvid/51bcc074-7139-4f14-9444-e9d00059b99d,"https://cdn.zeptonow.com/production/tr:w-1280,ar-4514-4514,pr-true,f-auto,q-80/cms/product_variant/a4814450-2f6e-4c59-a61e-07c9446eb0cb.jpg"
Masala & Dry Fruits,Powders & Pastes,"https://cdn.zeptonow.com/production/tr:w-90,ar-120-121,pr-true,f-auto,q-80/cms/sub_category/45.png",Eastern Chicken Masala,Eastern,38,63,100 g,4.8 (7.5k),In Stock,https://www.zeptonow.com/pn/eastern-chicken-masala/pvid/9791e4ff-f79a-48f7-8774-38e4dbd482e0,"https://cdn.zeptonow.com/production/tr:w-1280,ar-2400-2400,pr-true,f-auto,q-80/cms/product_variant/9f337fe3-b35e-4805-8d52-cc5d6875bb1b.jpg"
Masala & Dry Fruits,Powders & Pastes,"https://cdn.zeptonow.com/production/tr:w-90,ar-120-121,pr-true,f-auto,q-80/cms/sub_category/45.png",Sakthi Egg Kurma Masala,Sakthi,37,40.5,50 g,4.9 (85),In Stock,https://www.zeptonow.com/pn/sakthi-egg-kurma-masala/pvid/b87e439f-47d8-48b4-80ef-9a1d9283295a,"https://cdn.zeptonow.com/production/tr:w-1280,ar-678-934,pr-true,f-auto,q-80/cms/product_variant/50b55942-630d-48bb-a26f-722ac589af21.jpg"
Masala & Dry Fruits,Powders & Pastes,"https://cdn.zeptonow.com/production/tr:w-90,ar-120-121,pr-true,f-auto,q-80/cms/sub_category/45.png",Organic Tattva Rajma Masala,Organic Tattva,148,180,100 g,5 (59),In Stock,https://www.zeptonow.com/pn/organic-tattva-rajma-masala/pvid/422b48c2-99e0-4d4a-b3fb-84cf1d2aa196,"https://cdn.zeptonow.com/production/tr:w-1280,ar-1500-1500,pr-true,f-auto,q-80/cms/product_variant/9fee661f-978f-41cd-be6c-9df1c9a96e81.jpeg"
Masala & Dry Fruits,Powders & Pastes,"https://cdn.zeptonow.com/production/tr:w-90,ar-120-121,pr-true,f-auto,q-80/cms/sub_category/45.png",Brahmins Rasam Powder,Brahmins,64,85,100 g,5 (114),In Stock,https://www.zeptonow.com/pn/brahmins-rasam-powder/pvid/a270f5d5-24cb-488e-b64c-13067d51ef3c,"https://cdn.zeptonow.com/production/tr:w-1280,ar-2400-2400,pr-true,f-auto,q-80/cms/product_variant/db16836c-fbec-4157-99e9-8dc02d4352b4.jpeg"
Masala & Dry Fruits,Powders & Pastes,"https://cdn.zeptonow.com/production/tr:w-90,ar-120-121,pr-true,f-auto,q-80/cms/sub_category/45.png",Catch Chana Masala,Catch,63,89,100 g,4.8 (736),In Stock,https://www.zeptonow.com/pn/catch-chana-masala/pvid/7aa080b3-0151-4b6c-8f43-c5f21a005531,"https://cdn.zeptonow.com/production/tr:w-1280,ar-1000-1000,pr-true,f-auto,q-80/cms/product_variant/587869ad-e34c-40a4-9f56-d8015ab418b6.jpeg"
Masala & Dry Fruits,Powders & Pastes,"https://cdn.zeptonow.com/production/tr:w-90,ar-120-121,pr-true,f-auto,q-80/cms/sub_category/45.png",Keya Ginger Powder,Keya,86,109,40 g,4.5 (149),In Stock,https://www.zeptonow.com/pn/keya-ginger-powder/pvid/66f3a5ee-e4c7-4642-a1f3-8a87109cbbf6,"https://cdn.zeptonow.com/production/tr:w-1280,ar-1000-1000,pr-true,f-auto,q-80/cms/product_variant/51a0cea9-483c-42f6-8ae9-95cb979d3c86.jpg"
Masala & Dry Fruits,Powders & Pastes,"https://cdn.zeptonow.com/production/tr:w-90,ar-120-121,pr-true,f-auto,q-80/cms/sub_category/45.png",Eastern Pepper Chicken Masala Pouch,Eastern,51,60,100 g,4.8 (234),In Stock,https://www.zeptonow.com/pn/eastern-pepper-chicken-masala-pouch/pvid/5d2a1035-e14c-48df-8a5f-a10179b546e3,"https://cdn.zeptonow.com/production/tr:w-1280,ar-1500-1500,pr-true,f-auto,q-80/cms/product_variant/5a739931-d924-4baf-b930-af465286c8aa.jpg"
Masala & Dry Fruits,Powders & Pastes,"https://cdn.zeptonow.com/production/tr:w-90,ar-120-121,pr-true,f-auto,q-80/cms/sub_category/45.png",Catch Super Garam Masala,Catch,38,52,100 g,4.7 (8.7k),In Stock,https://www.zeptonow.com/pn/catch-super-garam-masala/pvid/dca194f1-f2da-41ac-a096-996074411f71,"https://cdn.zeptonow.com/production/tr:w-1280,ar-2400-2400,pr-true,f-auto,q-80/cms/product_variant/df4a5344-38fd-4a83-b114-d3bc17b2e111.jpeg"
Masala & Dry Fruits,Powders & Pastes,"https://cdn.zeptonow.com/production/tr:w-90,ar-120-121,pr-true,f-auto,q-80/cms/sub_category/45.png",On1y Garlic Powder,On1y,89,99,50 g,5 (281),In Stock,https://www.zeptonow.com/pn/on1y-garlic-powder/pvid/423fc4eb-74b2-461f-b8ee-ffe935a4f0ea,"https://cdn.zeptonow.com/production/tr:w-1280,ar-2400-2400,pr-true,f-auto,q-80/cms/product_variant/46695284-df1a-4d07-8f27-dfd4776c5f46.jpeg"
Masala & Dry Fruits,Powders & Pastes,"https://cdn.zeptonow.com/production/tr:w-90,ar-120-121,pr-true,f-auto,q-80/cms/sub_category/45.png",Everest Powder - Tea Masala,Everest,132,132,100 g,4.7 (1.3k),In Stock,https://www.zeptonow.com/pn/everest-powder-tea-masala/pvid/071b1654-475b-4261-9946-8a281f9befd3,"https://cdn.zeptonow.com/production/tr:w-1280,ar-500-500,pr-true,f-auto,q-80/cms/product_variant/3e8921c9-4f63-4dd7-ba92-bae67a5a4d21.jpg"
Masala & Dry Fruits,Powders & Pastes,"https://cdn.zeptonow.com/production/tr:w-90,ar-120-121,pr-true,f-auto,q-80/cms/sub_category/45.png",Catch Red Chilli Powder,Catch,78,112,200 g,4.7 (6.4k),In Stock,https://www.zeptonow.com/pn/catch-red-chilli-powder/pvid/e01f92ee-9bb7-411a-835c-07d07f9e786b,"https://cdn.zeptonow.com/production/tr:w-1280,ar-1000-1000,pr-true,f-auto,q-80/cms/product_variant/0bf68b6d-5fa9-4122-8c3c-a621eb888611.jpeg"
Masala & Dry Fruits,Powders & Pastes,"https://cdn.zeptonow.com/production/tr:w-90,ar-120-121,pr-true,f-auto,q-80/cms/sub_category/45.png",Catch Turmeric Powder,Catch,154,220,500 g,4.7 (6.5k),In Stock,https://www.zeptonow.com/pn/catch-turmeric-powder/pvid/a3b10414-0e42-4d8b-90a8-1fb55117ec68,"https://cdn.zeptonow.com/production/tr:w-1280,ar-1000-1000,pr-true,f-auto,q-80/cms/product_variant/37641184-8d7e-4baa-a579-94b6c2a1d5c4.jpeg"
Masala & Dry Fruits,Powders & Pastes,"https://cdn.zeptonow.com/production/tr:w-90,ar-120-121,pr-true,f-auto,q-80/cms/sub_category/45.png",Eastern Meat Masala Powder Pouch,Eastern,55,62,100 g,4.6 (656),In Stock,https://www.zeptonow.com/pn/eastern-meat-masala-powder-pouch/pvid/c6af3d91-e954-4e1a-9e8c-7130867104e8,"https://cdn.zeptonow.com/production/tr:w-1280,ar-1500-1500,pr-true,f-auto,q-80/cms/product_variant/ad7c9516-6428-428c-8886-8ffef28a4123.jpg"
Masala & Dry Fruits,Powders & Pastes,"https://cdn.zeptonow.com/production/tr:w-90,ar-120-121,pr-true,f-auto,q-80/cms/sub_category/45.png",Eastern Mutton Masala,Eastern,56,62,100 g,4.7 (1.6k),In Stock,https://www.zeptonow.com/pn/eastern-mutton-masala/pvid/1397dd56-8c6e-4c45-843e-91483efc9863,"https://cdn.zeptonow.com/production/tr:w-1280,ar-1021-1021,pr-true,f-auto,q-80/cms/product_variant/6cc191e1-c8b5-41b1-a88c-9ccf3717b9ca.jpeg"
Masala & Dry Fruits,Powders & Pastes,"https://cdn.zeptonow.com/production/tr:w-90,ar-120-121,pr-true,f-auto,q-80/cms/sub_category/45.png",Everest Tikhalal Hot & Red Chilli Powder (Pouch),Everest,91,108,200 g,4.8 (874),In Stock,https://www.zeptonow.com/pn/everest-tikhalal-hot-red-chilli-powder-pouch/pvid/dd95360c-744b-4e28-9333-05ede21ea1d7,"https://cdn.zeptonow.com/production/tr:w-1280,ar-1021-1021,pr-true,f-auto,q-80/cms/product_variant/15cbbf00-c047-499f-b9a5-f081914e5058.jpeg"
Masala & Dry Fruits,Powders & Pastes,"https://cdn.zeptonow.com/production/tr:w-90,ar-120-121,pr-true,f-auto,q-80/cms/sub_category/45.png",Aachi Masala Egg Curry,Aachi,30,30,50 g,4.1 (186),In Stock,https://www.zeptonow.com/pn/aachi-masala-egg-curry/pvid/c136036c-89eb-4b12-8c66-11966d1a7422,"https://cdn.zeptonow.com/production/tr:w-1280,ar-2400-2400,pr-true,f-auto,q-80/cms/product_variant/62ff70b6-6d13-4904-8093-9deac21dc773.jpeg"
Masala & Dry Fruits,Powders & Pastes,"https://cdn.zeptonow.com/production/tr:w-90,ar-120-121,pr-true,f-auto,q-80/cms/sub_category/45.png",Aachi Pepper Chicken Masala,Aachi,45,45,50 g,4.9 (296),In Stock,https://www.zeptonow.com/pn/aachi-pepper-chicken-masala/pvid/128b35bc-aa1b-4031-b3ff-17ab5be4f962,"https://cdn.zeptonow.com/production/tr:w-1280,ar-600-600,pr-true,f-auto,q-80/inventory/product/128b35bc-aa1b-4031-b3ff-17ab5be4f962-1SU_bSSSNxWY6aUCfJ0NluBiRCB_tpa1y.jpeg"
Masala & Dry Fruits,Powders & Pastes,"https://cdn.zeptonow.com/production/tr:w-90,ar-120-121,pr-true,f-auto,q-80/cms/sub_category/45.png",Keya Ginger Garlic Powder,Keya,78,99,50 g,4.9 (245),In Stock,https://www.zeptonow.com/pn/keya-ginger-garlic-powder/pvid/afb5b041-7d69-4dbd-9e5e-8b6e6436325f,"https://cdn.zeptonow.com/production/tr:w-1280,ar-1000-1000,pr-true,f-auto,q-80/cms/product_variant/4969f399-3ab5-413e-aa8a-02fb355c7b85.jpg"
Masala & Dry Fruits,Powders & Pastes,"https://cdn.zeptonow.com/production/tr:w-90,ar-120-121,pr-true,f-auto,q-80/cms/sub_category/45.png",Catch Dhania Powder,Catch,56,80,200 g,4.7 (8.5k),In Stock,https://www.zeptonow.com/pn/catch-dhania-powder/pvid/bd9b5ffb-08bc-4e16-a84b-e829785e61e3,"https://cdn.zeptonow.com/production/tr:w-1280,ar-1000-1000,pr-true,f-auto,q-80/cms/product_variant/00df9728-354b-463c-a438-c113817fa9d7.jpeg"
Masala & Dry Fruits,Powders & Pastes,"https://cdn.zeptonow.com/production/tr:w-90,ar-120-121,pr-true,f-auto,q-80/cms/sub_category/45.png",Swetha Telugu FOODs Palli Karam Pouch,Swetha,49,49,100 g,5 (107),In Stock,https://www.zeptonow.com/pn/swetha-telugu-foods-palli-karam-pouch/pvid/78638640-100f-4742-ac6f-afccb5f63e71,"https://cdn.zeptonow.com/production/tr:w-1280,ar-1200-1200,pr-true,f-auto,q-80/cms/product_variant/ca79b981-92a0-4b79-820a-d73f3e42180e.jpg"
Masala & Dry Fruits,Powders & Pastes,"https://cdn.zeptonow.com/production/tr:w-90,ar-120-121,pr-true,f-auto,q-80/cms/sub_category/45.png",24 Mantra Organic Turmeric-Haldi Powder,24 Mantra,112,120,200 g,4.3 (220),In Stock,https://www.zeptonow.com/pn/24-mantra-organic-turmeric-haldi-powder/pvid/df194344-16cb-4115-9e92-57468f91dc72,"https://cdn.zeptonow.com/production/tr:w-1280,ar-1200-1200,pr-true,f-auto,q-80/cms/product_variant/483d20be-6d20-4ead-b7de-4d57208c1ad9.jpeg"
Masala & Dry Fruits,Powders & Pastes,"https://cdn.zeptonow.com/production/tr:w-90,ar-120-121,pr-true,f-auto,q-80/cms/sub_category/45.png",MTR Chilli - Powder,MTR,32,40,100 g,4.8 (1.4k),In Stock,https://www.zeptonow.com/pn/mtr-chilli-powder/pvid/9fe95783-4578-4a13-bfa2-b11313cef1e4,"https://cdn.zeptonow.com/production/tr:w-1280,ar-1500-1500,pr-true,f-auto,q-80/cms/product_variant/367e5de6-c298-4ca1-b753-54cc2dee526c.jpg"
Masala & Dry Fruits,Powders & Pastes,"https://cdn.zeptonow.com/production/tr:w-90,ar-120-121,pr-true,f-auto,q-80/cms/sub_category/45.png",Swetha Telugu FOODs Munagaku Karam Pouch,Naga,49,49,100 g,5 (114),In Stock,https://www.zeptonow.com/pn/swetha-telugu-foods-munagaku-karam-pouch/pvid/971409d4-2b98-4a70-bf71-d7d325f5c349,"https://cdn.zeptonow.com/production/tr:w-1280,ar-1200-1200,pr-true,f-auto,q-80/cms/product_variant/9469f41b-9632-4f46-b6a3-b0c3d4bcf5ae.jpg"
Masala & Dry Fruits,Powders & Pastes,"https://cdn.zeptonow.com/production/tr:w-90,ar-120-121,pr-true,f-auto,q-80/cms/sub_category/45.png",Keya Onion Powder,Keya,78,99,50 g,4.6 (206),In Stock,https://www.zeptonow.com/pn/keya-onion-powder/pvid/4ec91bbe-0457-4243-83a8-c8fb30ea31e5,"https://cdn.zeptonow.com/production/tr:w-1280,ar-1151-1151,pr-true,f-auto,q-80/cms/product_variant/6dbd7e25-8a06-4020-9352-b941edfc259a.jpeg"
Masala & Dry Fruits,Powders & Pastes,"https://cdn.zeptonow.com/production/tr:w-90,ar-120-121,pr-true,f-auto,q-80/cms/sub_category/45.png",Sparsh Chicken Kabab Masala,Sparsh,58,74,100 g,5 (166),In Stock,https://www.zeptonow.com/pn/sparsh-chicken-kabab-masala/pvid/bb392a47-c0ba-4d17-b7a2-15bc24940da0,"https://cdn.zeptonow.com/production/tr:w-1280,ar-2404-2688,pr-true,f-auto,q-80/cms/product_variant/41dec9f9-405a-4af3-981a-de2b37decbf4.jpg"
Masala & Dry Fruits,Powders & Pastes,"https://cdn.zeptonow.com/production/tr:w-90,ar-120-121,pr-true,f-auto,q-80/cms/sub_category/45.png",Eastern Chilli Powder,Eastern,168,200,500 g,4.6 (3.3k),In Stock,https://www.zeptonow.com/pn/eastern-chilli-powder/pvid/987813b9-7d68-446c-868b-8d9f8a2bbca4,"https://cdn.zeptonow.com/production/tr:w-1280,ar-1000-1000,pr-true,f-auto,q-80/cms/product_variant/0308bfce-9cab-47fd-94ef-4fa485d3c1e6.jpeg"
Masala & Dry Fruits,Powders & Pastes,"https://cdn.zeptonow.com/production/tr:w-90,ar-120-121,pr-true,f-auto,q-80/cms/sub_category/45.png",Everest Powder - JaljiraPowder - Jaljira,Everest,35,35,50 g,4.5 (1.7k),In Stock,https://www.zeptonow.com/pn/everest-powder-jaljirapowder-jaljira/pvid/481caf9c-c989-4d86-bef8-1fa2a2b2117c,"https://cdn.zeptonow.com/production/tr:w-1280,ar-2400-2400,pr-true,f-auto,q-80/cms/product_variant/7031115d-6be9-402a-bf3a-4f3be7c8b6cd.jpeg"
Masala & Dry Fruits,Powders & Pastes,"https://cdn.zeptonow.com/production/tr:w-90,ar-120-121,pr-true,f-auto,q-80/cms/sub_category/45.png",On1y Low Sodium Fruit chaat Masala,On1y,112,149,150 g,4.5 (250),In Stock,https://www.zeptonow.com/pn/on1y-low-sodium-fruit-chaat-masala/pvid/e0e1739c-da67-4fdc-a24f-542d38e2c16b,"https://cdn.zeptonow.com/production/tr:w-1280,ar-3840-5760,pr-true,f-auto,q-80/cms/product_variant/c64c74e2-6bf7-4916-832c-7e8f35611f9a.jpeg"
Masala & Dry Fruits,Powders & Pastes,"https://cdn.zeptonow.com/production/tr:w-90,ar-120-121,pr-true,f-auto,q-80/cms/sub_category/45.png",Catch Dhania Powder,Catch,142,195,500 g,4.8 (544),In Stock,https://www.zeptonow.com/pn/catch-dhania-powder/pvid/58f8f653-a8e7-4e09-8752-72d172c8da66,"https://cdn.zeptonow.com/production/tr:w-1280,ar-1000-1000,pr-true,f-auto,q-80/cms/product_variant/4c271a64-2f06-48ae-811d-348160c98af3.jpeg"
Masala & Dry Fruits,Powders & Pastes,"https://cdn.zeptonow.com/production/tr:w-90,ar-120-121,pr-true,f-auto,q-80/cms/sub_category/45.png",Everest Kadai Mirch Box,Everest,485,530,500 g,4.2 (930),In Stock,https://www.zeptonow.com/pn/everest-kadai-mirch-box/pvid/4825eb1e-d92c-41e8-9a8a-aeed2e8caedf,"https://cdn.zeptonow.com/production/tr:w-1280,ar-3750-3750,pr-true,f-auto,q-80/cms/product_variant/c6285ba8-8ac3-4d6b-b9e6-e72e67b86c04.jpg"
Masala & Dry Fruits,Powders & Pastes,"https://cdn.zeptonow.com/production/tr:w-90,ar-120-121,pr-true,f-auto,q-80/cms/sub_category/45.png",Patanjali Turmeric Powder,Patanjali,78,82,200 g,4.9 (104),In Stock,https://www.zeptonow.com/pn/patanjali-turmeric-powder/pvid/c2ea2ea8-5fee-433f-b8a2-bdf00eebcfd9,"https://cdn.zeptonow.com/production/tr:w-1280,ar-1200-1200,pr-true,f-auto,q-80/cms/product_variant/161def71-4d2e-49ad-8e81-2fcf08f1b569.jpeg"
Masala & Dry Fruits,Powders & Pastes,"https://cdn.zeptonow.com/production/tr:w-90,ar-120-121,pr-true,f-auto,q-80/cms/sub_category/45.png",Daily Good Amchur Powder,Daily Good,61,70,100 g,4.8 (340),In Stock,https://www.zeptonow.com/pn/daily-good-amchur-powder/pvid/3c23f257-b96d-4ef2-8464-0902d19eb723,"https://cdn.zeptonow.com/production/tr:w-1280,ar-1000-1000,pr-true,f-auto,q-80/cms/product_variant/57efbed6-842a-4261-b556-7e69943a3985.jpeg"
Masala & Dry Fruits,Powders & Pastes,"https://cdn.zeptonow.com/production/tr:w-90,ar-120-121,pr-true,f-auto,q-80/cms/sub_category/45.png",Jk Chat Masala,Jk,54,80,100 g,4.7 (258),In Stock,https://www.zeptonow.com/pn/jk-chat-masala/pvid/eecd353c-b204-41db-a349-4bc4111b6dc9,"https://cdn.zeptonow.com/production/tr:w-1280,ar-600-600,pr-true,f-auto,q-80/inventory/product/90c9fec3-4c46-41f0-8b67-42063cb8c9a8-/tmp/20230310-0649051.jpeg"
Masala & Dry Fruits,Powders & Pastes,"https://cdn.zeptonow.com/production/tr:w-90,ar-120-121,pr-true,f-auto,q-80/cms/sub_category/45.png",Brahmins Palada Mix Instant,Brahmins,71,88,200 g,4.7 (127),In Stock,https://www.zeptonow.com/pn/brahmins-palada-mix-instant/pvid/a2e8c319-240b-4951-9421-9efc7957d5de,"https://cdn.zeptonow.com/production/tr:w-1280,ar-1500-1500,pr-true,f-auto,q-80/cms/product_variant/a2422c55-4331-4237-a627-45677cc45eff.jpg"
Masala & Dry Fruits,Powders & Pastes,"https://cdn.zeptonow.com/production/tr:w-90,ar-120-121,pr-true,f-auto,q-80/cms/sub_category/45.png",Catch White Gravy Pouch,Catch,58,80,100 g,5 (74),In Stock,https://www.zeptonow.com/pn/catch-white-gravy-pouch/pvid/6f9b3cd9-8ac7-4330-9154-20da015c5f8e,"https://cdn.zeptonow.com/production/tr:w-1280,ar-900-900,pr-true,f-auto,q-80/cms/product_variant/5473f05e-eefe-4f1d-ad51-a10677bea55b.jpg"
Masala & Dry Fruits,Powders & Pastes,"https://cdn.zeptonow.com/production/tr:w-90,ar-120-121,pr-true,f-auto,q-80/cms/sub_category/45.png",777 Pepper Powder,777,78,78,50 g,4.2 (95),In Stock,https://www.zeptonow.com/pn/777-pepper-powder/pvid/d9df399c-caee-45e9-bb1d-7b77706dc92d,"https://cdn.zeptonow.com/production/tr:w-1280,ar-796-1006,pr-true,f-auto,q-80/inventory/product/012d5e01-0234-4e25-9270-2f0661be8057-8d7c2be7-88e6-42ad-be00-6f66c001c6fa.jpeg"
Masala & Dry Fruits,Powders & Pastes,"https://cdn.zeptonow.com/production/tr:w-90,ar-120-121,pr-true,f-auto,q-80/cms/sub_category/45.png",Organic Tattva Tandoori Masala,Organic Tattva,123,150,100 g,5 (178),In Stock,https://www.zeptonow.com/pn/organic-tattva-tandoori-masala/pvid/bed7a40f-0e71-4153-8fea-a4b7dd0c55b9,"https://cdn.zeptonow.com/production/tr:w-1280,ar-1200-1200,pr-true,f-auto,q-80/cms/product_variant/24d8661b-76b5-446f-82c9-089ba59dfc6a.jpeg"
Masala & Dry Fruits,Powders & Pastes,"https://cdn.zeptonow.com/production/tr:w-90,ar-120-121,pr-true,f-auto,q-80/cms/sub_category/45.png",Jk Haldi Powder (Turmeric),Jk,146,195,500 g,4.9 (361),In Stock,https://www.zeptonow.com/pn/jk-haldi-powder-turmeric/pvid/ec26d8a4-e1fa-401c-90fc-863a1b0bd303,"https://cdn.zeptonow.com/production/tr:w-1280,ar-1200-1200,pr-true,f-auto,q-80/cms/product_variant/180ad159-7420-485a-9bf5-d49f81ef25a8.jpeg"
Masala & Dry Fruits,Powders & Pastes,"https://cdn.zeptonow.com/production/tr:w-90,ar-120-121,pr-true,f-auto,q-80/cms/sub_category/45.png",Ching's Secret Desi Chinese Ka Combo Pack | Pack of 5 Pouches | Meal Kit,Ching's Secret,50,50,100 g,4.6 (1.1k),In Stock,https://www.zeptonow.com/pn/chings-secret-desi-chinese-ka-combo-pack-pack-of-5-pouches-meal-kit/pvid/75293da9-6a9f-4670-9560-c5c3b44773dc,"https://cdn.zeptonow.com/production/tr:w-1280,ar-1176-1176,pr-true,f-auto,q-80/cms/product_variant/6dccd668-e501-4f32-b7ee-3fdc0ade466b.jpeg"
Masala & Dry Fruits,Powders & Pastes,"https://cdn.zeptonow.com/production/tr:w-90,ar-120-121,pr-true,f-auto,q-80/cms/sub_category/45.png",Patanjali Red Chilli Powder,Patanjali,104,115,200 g,5 (82),In Stock,https://www.zeptonow.com/pn/patanjali-red-chilli-powder/pvid/0d44e517-6986-4627-a660-8912e99ce790,"https://cdn.zeptonow.com/production/tr:w-1280,ar-1200-1200,pr-true,f-auto,q-80/cms/product_variant/5c73f5a8-c744-4c47-a2a2-f89943d4a302.jpeg"
Masala & Dry Fruits,Powders & Pastes,"https://cdn.zeptonow.com/production/tr:w-90,ar-120-121,pr-true,f-auto,q-80/cms/sub_category/45.png",Nirapara Thalassery Biryani Masala,Nirapara,64,71,100 g,5 (82),In Stock,https://www.zeptonow.com/pn/nirapara-thalassery-biryani-masala/pvid/8c80be38-2031-4e04-993e-e637268621de,"https://cdn.zeptonow.com/production/tr:w-1280,ar-1000-1000,pr-true,f-auto,q-80/cms/product_variant/ee2f9c46-81af-45d2-ac5d-9e8b41fc9633.jpg"
Masala & Dry Fruits,Powders & Pastes,"https://cdn.zeptonow.com/production/tr:w-90,ar-120-121,pr-true,f-auto,q-80/cms/sub_category/45.png",Catch Red Chilli Powder,Catch,40,57,100 g,4.7 (15.2k),In Stock,https://www.zeptonow.com/pn/catch-red-chilli-powder/pvid/093c96e7-eef7-43ec-abd4-ab2cf96138c8,"https://cdn.zeptonow.com/production/tr:w-1280,ar-1000-1000,pr-true,f-auto,q-80/cms/product_variant/fc392ea2-6f85-40f8-a106-649567507307.jpeg"
Masala & Dry Fruits,Powders & Pastes,"https://cdn.zeptonow.com/production/tr:w-90,ar-120-121,pr-true,f-auto,q-80/cms/sub_category/45.png",Jk Green Coconut Powder,Jk,67,78,100 g,4.7 (267),In Stock,https://www.zeptonow.com/pn/jk-green-coconut-powder/pvid/c1f79611-bace-40fb-962b-2e457fbb6b7d,"https://cdn.zeptonow.com/production/tr:w-1280,ar-1000-1000,pr-true,f-auto,q-80/cms/product_variant/ecacfd5a-755e-4c49-b462-6f822cad4ac9.jpg"
Masala & Dry Fruits,Powders & Pastes,"https://cdn.zeptonow.com/production/tr:w-90,ar-120-121,pr-true,f-auto,q-80/cms/sub_category/45.png",Keya Tacos Nachos Spice Mix,Keya,87,119,110 g,4.6 (100),In Stock,https://www.zeptonow.com/pn/keya-tacos-nachos-spice-mix/pvid/9d262bbc-3910-412b-bdd9-e4554fa9b4ab,"https://cdn.zeptonow.com/production/tr:w-1280,ar-2000-2000,pr-true,f-auto,q-80/cms/product_variant/9a4b4183-0117-489f-95b0-a743e0d201e6.jpg"
Masala & Dry Fruits,Powders & Pastes,"https://cdn.zeptonow.com/production/tr:w-90,ar-120-121,pr-true,f-auto,q-80/cms/sub_category/45.png",Snapin Pasta Mix Seasoning,Snapin,88,109,25 g,4.6 (296),In Stock,https://www.zeptonow.com/pn/snapin-pasta-mix-seasoning/pvid/e1006431-3576-4e43-889d-ba76ada0dd0d,"https://cdn.zeptonow.com/production/tr:w-1280,ar-1417-1417,pr-true,f-auto,q-80/cms/product_variant/881f34ac-1e05-42c6-8fb1-aa0bcea2b9c4.jpeg"
Masala & Dry Fruits,Powders & Pastes,"https://cdn.zeptonow.com/production/tr:w-90,ar-120-121,pr-true,f-auto,q-80/cms/sub_category/45.png",Organic Tattva Cumin Powder,Organic Tattva,168,190,100 g,5 (86),In Stock,https://www.zeptonow.com/pn/organic-tattva-cumin-powder/pvid/5d7ee467-3670-48a0-bfbe-893fa002bffc,"https://cdn.zeptonow.com/production/tr:w-1280,ar-1500-1500,pr-true,f-auto,q-80/cms/product_variant/e10d872d-733a-43a5-8047-a76f9e5db055.jpeg"
Masala & Dry Fruits,Powders & Pastes,"https://cdn.zeptonow.com/production/tr:w-90,ar-120-121,pr-true,f-auto,q-80/cms/sub_category/45.png",Sparsh Samber Powder,Sparsh,59,70,100 g,4.7 (63),In Stock,https://www.zeptonow.com/pn/sparsh-samber-powder/pvid/a5dadce6-dce8-4bb7-85d2-9f9aabcaf5e2,"https://cdn.zeptonow.com/production/tr:w-1280,ar-2404-2688,pr-true,f-auto,q-80/cms/product_variant/43fa6a23-c1b1-47b4-bfb5-3115a7477552.jpg"
Masala & Dry Fruits,Powders & Pastes,"https://cdn.zeptonow.com/production/tr:w-90,ar-120-121,pr-true,f-auto,q-80/cms/sub_category/45.png",L.G. Turmeric Powder Pouch,L.G.,37,37,100 g,4.8 (135),In Stock,https://www.zeptonow.com/pn/lg-turmeric-powder-pouch/pvid/2bb44a46-5cee-45fa-bc93-c94a2e09eae4,"https://cdn.zeptonow.com/production/tr:w-1280,ar-2926-2926,pr-true,f-auto,q-80/cms/product_variant/dcd5659e-9623-46c7-97af-3865c05ac92a.jpeg"
Masala & Dry Fruits,Powders & Pastes,"https://cdn.zeptonow.com/production/tr:w-90,ar-120-121,pr-true,f-auto,q-80/cms/sub_category/45.png",Catch Sabzi Masala,Catch,52,72,100 g,4.6 (4.7k),In Stock,https://www.zeptonow.com/pn/catch-sabzi-masala/pvid/87ec0ae9-5b7c-4cda-8f59-d8fce070f13c,"https://cdn.zeptonow.com/production/tr:w-1280,ar-1000-1000,pr-true,f-auto,q-80/cms/product_variant/54961f74-8765-4224-aebc-ae3a56f968cf.jpeg"
Masala & Dry Fruits,Powders & Pastes,"https://cdn.zeptonow.com/production/tr:w-90,ar-120-121,pr-true,f-auto,q-80/cms/sub_category/45.png",Swetha Telugu FOODs Vellulli Karam Pouch,Swetha,49,49,100 g,4.8 (114),In Stock,https://www.zeptonow.com/pn/swetha-telugu-foods-vellulli-karam-pouch/pvid/9f77363d-c5b2-4ac1-b78d-15a62f41fe52,"https://cdn.zeptonow.com/production/tr:w-1280,ar-1200-1200,pr-true,f-auto,q-80/cms/product_variant/10c32648-eae6-4b07-8b0c-51de31eb1920.jpg"
Masala & Dry Fruits,Powders & Pastes,"https://cdn.zeptonow.com/production/tr:w-90,ar-120-121,pr-true,f-auto,q-80/cms/sub_category/45.png",Catch Palak Gravy Pouch,Catch,58,80,100 g,5 (64),In Stock,https://www.zeptonow.com/pn/catch-palak-gravy-pouch/pvid/412fbe48-dc88-4898-9eaa-e1f6aa30f7c6,"https://cdn.zeptonow.com/production/tr:w-1280,ar-900-900,pr-true,f-auto,q-80/cms/product_variant/959616f0-c03c-4756-ae97-de30afa35434.jpg"
Masala & Dry Fruits,Powders & Pastes,"https://cdn.zeptonow.com/production/tr:w-90,ar-120-121,pr-true,f-auto,q-80/cms/sub_category/45.png",SitaVatika Coriander Powder,SitaVatika,58,90,200 g,4.7 (176),In Stock,https://www.zeptonow.com/pn/sitavatika-coriander-powder/pvid/c163bdef-ed8b-4123-8ec3-414e9974f3eb,"https://cdn.zeptonow.com/production/tr:w-1280,ar-1500-1500,pr-true,f-auto,q-80/cms/product_variant/ccf55f1b-8edb-4590-8016-310a2db6892a.jpeg"
Masala & Dry Fruits,Powders & Pastes,"https://cdn.zeptonow.com/production/tr:w-90,ar-120-121,pr-true,f-auto,q-80/cms/sub_category/45.png",Jk Black Pepper Powder,Jk,72,90,50 g,5 (225),In Stock,https://www.zeptonow.com/pn/jk-black-pepper-powder/pvid/befa6ca7-4a76-4fc2-bb95-cfb8057adc14,"https://cdn.zeptonow.com/production/tr:w-1280,ar-500-500,pr-true,f-auto,q-80/cms/product_variant/6b1e8dcd-63e3-4c6a-9bcd-2dfe1db85111.jpg"
Masala & Dry Fruits,Powders & Pastes,"https://cdn.zeptonow.com/production/tr:w-90,ar-120-121,pr-true,f-auto,q-80/cms/sub_category/45.png",Chukde Soya Chaap Masala,Chukde,85,85,100 g,5 (135),In Stock,https://www.zeptonow.com/pn/chukde-soya-chaap-masala/pvid/2e46c59e-a374-4ccb-8a71-0104d289faa3,"https://cdn.zeptonow.com/production/tr:w-1280,ar-1000-1000,pr-true,f-auto,q-80/cms/product_variant/1e6b0465-0eb4-4396-8bb0-8f14238446f7.jpg"
Masala & Dry Fruits,Powders & Pastes,"https://cdn.zeptonow.com/production/tr:w-90,ar-120-121,pr-true,f-auto,q-80/cms/sub_category/45.png",SitaVatika Red Chilli Powder,SitaVatika,33,66,100 g,4.4 (544),In Stock,https://www.zeptonow.com/pn/sitavatika-red-chilli-powder/pvid/c2615c97-039f-413d-b1dc-447557b0eddc,"https://cdn.zeptonow.com/production/tr:w-1280,ar-1500-1500,pr-true,f-auto,q-80/cms/product_variant/0c16ca3d-8d8e-4ded-a70c-d045fdb7363e.jpeg"
Masala & Dry Fruits,Powders & Pastes,"https://cdn.zeptonow.com/production/tr:w-90,ar-120-121,pr-true,f-auto,q-80/cms/sub_category/45.png",24 Mantra Turmeric Powder,24 Mantra,60,60,100 g,4.7 (789),In Stock,https://www.zeptonow.com/pn/24-mantra-turmeric-powder/pvid/177e1e40-f737-4ef0-a70b-513c6c1f8486,"https://cdn.zeptonow.com/production/tr:w-1280,ar-1200-1200,pr-true,f-auto,q-80/cms/product_variant/059549d6-cb53-402d-ac46-15151c356e75.jpeg"
Masala & Dry Fruits,Powders & Pastes,"https://cdn.zeptonow.com/production/tr:w-90,ar-120-121,pr-true,f-auto,q-80/cms/sub_category/45.png",Catch Raita Masala Carton,Catch,70,94,100 g,4 (320),In Stock,https://www.zeptonow.com/pn/catch-raita-masala-carton/pvid/beae95e1-64f8-4fac-b3c0-b67dc692db06,"https://cdn.zeptonow.com/production/tr:w-1280,ar-1000-1000,pr-true,f-auto,q-80/cms/product_variant/9d7bda3a-6b03-455c-b478-60a4286c908a.jpeg"
Masala & Dry Fruits,Powders & Pastes,"https://cdn.zeptonow.com/production/tr:w-90,ar-120-121,pr-true,f-auto,q-80/cms/sub_category/45.png",Organic Tattva Amla Powder,Organic Tattva,128,155,100 g,4.3 (360),In Stock,https://www.zeptonow.com/pn/organic-tattva-amla-powder/pvid/6a787735-d039-4af4-9e51-bb981e4c1e11,"https://cdn.zeptonow.com/production/tr:w-1280,ar-1500-1500,pr-true,f-auto,q-80/cms/product_variant/e256ebdc-12af-4585-8f7f-c72d32c5b992.jpeg"
Masala & Dry Fruits,Powders & Pastes,"https://cdn.zeptonow.com/production/tr:w-90,ar-120-121,pr-true,f-auto,q-80/cms/sub_category/45.png",Ching's Secret Desi Chinese Ka Combo Pack | Pack of 5 Pouches | Meal Kit,Ching's Secret,60,60,120 g,4.6 (708),In Stock,https://www.zeptonow.com/pn/chings-secret-desi-chinese-ka-combo-pack-pack-of-5-pouches-meal-kit/pvid/6766bce1-6d64-49d0-ae5f-bbe471564dad,"https://cdn.zeptonow.com/production/tr:w-1280,ar-1200-1200,pr-true,f-auto,q-80/cms/product_variant/d32f0f7a-784c-4975-9620-1e8cd70c5929.jpeg"
Masala & Dry Fruits,Powders & Pastes,"https://cdn.zeptonow.com/production/tr:w-90,ar-120-121,pr-true,f-auto,q-80/cms/sub_category/45.png",Snapin Street Chowmain Hakka Noodle Masala,Snapin,36,60,100 g,4.6 (180),In Stock,https://www.zeptonow.com/pn/snapin-street-chowmain-hakka-noodle-masala/pvid/41f003c4-60b8-4b16-b824-19e3f29b4767,"https://cdn.zeptonow.com/production/tr:w-1280,ar-5000-5000,pr-true,f-auto,q-80/cms/product_variant/ddfe9c1a-2408-4670-8491-e7015058e03f.jpg"
Masala & Dry Fruits,Powders & Pastes,"https://cdn.zeptonow.com/production/tr:w-90,ar-120-121,pr-true,f-auto,q-80/cms/sub_category/45.png",L.G. Chicken Masala Pouch,L.G.,50,50,100 g,5 (79),In Stock,https://www.zeptonow.com/pn/lg-chicken-masala-pouch/pvid/bfad359c-b23c-4fe4-8f0d-6a3dc5e899a4,"https://cdn.zeptonow.com/production/tr:w-1280,ar-3543-4359,pr-true,f-auto,q-80/cms/product_variant/0e97ab0d-8886-4494-a92a-df14140bdee2.jpg"
Masala & Dry Fruits,Powders & Pastes,"https://cdn.zeptonow.com/production/tr:w-90,ar-120-121,pr-true,f-auto,q-80/cms/sub_category/45.png",Snapin Garlic (Lahsun) Powder,Snapin,80,99,40 g,4.5 (685),In Stock,https://www.zeptonow.com/pn/snapin-garlic-lahsun-powder/pvid/1fa6adc7-a5d2-4542-b3d7-b79d21836325,"https://cdn.zeptonow.com/production/tr:w-1280,ar-1358-1358,pr-true,f-auto,q-80/cms/product_variant/c63cb0d2-a906-4742-91fb-dc1e427a8766.jpeg"
Masala & Dry Fruits,Powders & Pastes,"https://cdn.zeptonow.com/production/tr:w-90,ar-120-121,pr-true,f-auto,q-80/cms/sub_category/45.png",Swetha Telugu FOODs Kobbari Karam Pouch,Swetha,48,49,100 g,4.4 (274),In Stock,https://www.zeptonow.com/pn/swetha-telugu-foods-kobbari-karam-pouch/pvid/930b3972-a403-407b-b804-9125bea6e4a1,"https://cdn.zeptonow.com/production/tr:w-1280,ar-1200-1200,pr-true,f-auto,q-80/cms/product_variant/b89ef37d-b31d-4c44-a3a2-80ac08bee017.jpg"
Masala & Dry Fruits,Powders & Pastes,"https://cdn.zeptonow.com/production/tr:w-90,ar-120-121,pr-true,f-auto,q-80/cms/sub_category/45.png",Nirapara Mutton Masala,Nirapara,54,71,100 g,5 (128),In Stock,https://www.zeptonow.com/pn/nirapara-mutton-masala/pvid/30a6d882-7e5a-4cc4-aaec-9baf00ea3778,"https://cdn.zeptonow.com/production/tr:w-1280,ar-1000-1000,pr-true,f-auto,q-80/cms/product_variant/5a3a72ed-292c-4e80-9014-a82625aba866.jpg"
Masala & Dry Fruits,Dry Fruits & Nuts,"https://cdn.zeptonow.com/production/tr:w-90,ar-120-121,pr-true,f-auto,q-80/cms/sub_category/42.png",Open Secret Premium Walnut Kernels (Akhrot),Open Secret,601,1250,500 g,4.5 (102),In Stock,https://www.zeptonow.com/pn/open-secret-premium-walnut-kernels-akhrot/pvid/98e0cc78-3ab8-4fff-883d-8c0df70c62e5,"https://cdn.zeptonow.com/production/tr:w-1280,ar-1500-1500,pr-true,f-auto,q-80/cms/product_variant/8cbbd919-902b-4fa1-8e7c-8f83b06b4bad.jpg"
Masala & Dry Fruits,Dry Fruits & Nuts,"https://cdn.zeptonow.com/production/tr:w-90,ar-120-121,pr-true,f-auto,q-80/cms/sub_category/42.png",Nutraj Cashew/Kaju,Nutraj,1113,1499,1 kg,4.3 (604),In Stock,https://www.zeptonow.com/pn/nutraj-cashewkaju/pvid/f3b1311c-a2aa-4d2e-94e6-b49c7399fd55,"https://cdn.zeptonow.com/production/tr:w-1280,ar-2400-2400,pr-true,f-auto,q-80/cms/product_variant/69f873fa-ef88-4a15-ae3d-2120a138c84a.jpeg"
Masala & Dry Fruits,Dry Fruits & Nuts,"https://cdn.zeptonow.com/production/tr:w-90,ar-120-121,pr-true,f-auto,q-80/cms/sub_category/42.png",Open Secret Roasted And Salted Pistachio,Open Secret,676,1100,500 g,4.8 (488),In Stock,https://www.zeptonow.com/pn/open-secret-roasted-and-salted-pistachio/pvid/195083c7-6672-44f6-89a8-4a2f91bd6a40,"https://cdn.zeptonow.com/production/tr:w-1280,ar-2400-2400,pr-true,f-auto,q-80/cms/product_variant/e0a55872-ffc2-41e9-a242-e87b4b9e3e73.jpeg"
Masala & Dry Fruits,Dry Fruits & Nuts,"https://cdn.zeptonow.com/production/tr:w-90,ar-120-121,pr-true,f-auto,q-80/cms/sub_category/42.png",Nutraj Roasted & Salted Pistachio,Nutraj,171,249,100 g,4.3 (1.8k),In Stock,https://www.zeptonow.com/pn/nutraj-roasted-salted-pistachio/pvid/6b79b0e0-c5f3-4f00-8b66-f387a079abed,"https://cdn.zeptonow.com/production/tr:w-1280,ar-1500-1500,pr-true,f-auto,q-80/cms/product_variant/c5bf8b5e-4781-4220-96ed-d62cba37250a.jpg"
Masala & Dry Fruits,Dry Fruits & Nuts,"https://cdn.zeptonow.com/production/tr:w-90,ar-120-121,pr-true,f-auto,q-80/cms/sub_category/42.png","Farmley Mix Dry Fruit Gift Pack Potli | 700g | Almonds 250g, Cashews 250g, Raisins 200g",Farmley,798,1199,700 g,4.7 (101),In Stock,https://www.zeptonow.com/pn/farmley-mix-dry-fruit-gift-pack-potli-700g-almonds-250g-cashews-250g-raisins-200g/pvid/4bbdf714-e71a-45f8-a1af-539b3c51f2a3,"https://cdn.zeptonow.com/production/tr:w-1280,ar-1080-1080,pr-true,f-auto,q-80/cms/product_variant/32bc4b4b-78cb-4b81-81c5-ce4ef7107ac2.jpg"
Masala & Dry Fruits,Dry Fruits & Nuts,"https://cdn.zeptonow.com/production/tr:w-90,ar-120-121,pr-true,f-auto,q-80/cms/sub_category/42.png",Farmley Premium Cashews - Kaju,Farmley,288,469,250 g,4.6 (1.9k),In Stock,https://www.zeptonow.com/pn/farmley-premium-cashews-kaju/pvid/4b567ad2-5ed1-43a8-be5e-450e7a14716d,"https://cdn.zeptonow.com/production/tr:w-1280,ar-2400-2400,pr-true,f-auto,q-80/cms/product_variant/c18a1d4d-ef04-4840-ba87-001672eb251d.jpeg"
Masala & Dry Fruits,Dry Fruits & Nuts,"https://cdn.zeptonow.com/production/tr:w-90,ar-120-121,pr-true,f-auto,q-80/cms/sub_category/42.png",Farmley Premium California Almonds,Farmley,531,899,500 g,4.5 (1.6k),In Stock,https://www.zeptonow.com/pn/farmley-premium-california-almonds/pvid/0cae2a94-8c8e-4746-a60d-a07b2f6ac270,"https://cdn.zeptonow.com/production/tr:w-1280,ar-2000-2000,pr-true,f-auto,q-80/cms/product_variant/6e03eb8e-a79e-4f3f-87bd-44de25324ced.jpeg"
Masala & Dry Fruits,Dry Fruits & Nuts,"https://cdn.zeptonow.com/production/tr:w-90,ar-120-121,pr-true,f-auto,q-80/cms/sub_category/42.png",Nutraj California Roasted & Salted Pista,Nutraj,333,499,250 g,4.8 (811),In Stock,https://www.zeptonow.com/pn/nutraj-california-roasted-salted-pista/pvid/1de838f2-71c2-4c3a-895c-f632ee41ae60,"https://cdn.zeptonow.com/production/tr:w-1280,ar-1500-1500,pr-true,f-auto,q-80/cms/product_variant/9575ceb4-95e6-4bbe-ae93-efb328e0c471.jpg"
Masala & Dry Fruits,Dry Fruits & Nuts,"https://cdn.zeptonow.com/production/tr:w-90,ar-120-121,pr-true,f-auto,q-80/cms/sub_category/42.png",Nutraj California Walnut/Akhrot Inshell,Nutraj,310,549,500 g,4.4 (1.1k),In Stock,https://www.zeptonow.com/pn/nutraj-california-walnutakhrot-inshell/pvid/447f7c3a-3608-400b-a1f5-c8925131bd67,"https://cdn.zeptonow.com/production/tr:w-1280,ar-1500-1500,pr-true,f-auto,q-80/cms/product_variant/525c4c20-6ccb-436e-8583-2b6369b46ed0.jpeg"
Masala & Dry Fruits,Dry Fruits & Nuts,"https://cdn.zeptonow.com/production/tr:w-90,ar-120-121,pr-true,f-auto,q-80/cms/sub_category/42.png",Farmley Premium Cashews - Kaju,Farmley,567,899,500 g,4.6 (1.4k),In Stock,https://www.zeptonow.com/pn/farmley-premium-cashews-kaju/pvid/ee377aca-3ccc-466b-9ed6-4d7b22b81db0,"https://cdn.zeptonow.com/production/tr:w-1280,ar-2000-2000,pr-true,f-auto,q-80/cms/product_variant/31fcfe80-b653-418d-9e37-4d2ad45103bc.jpeg"
Masala & Dry Fruits,Dry Fruits & Nuts,"https://cdn.zeptonow.com/production/tr:w-90,ar-120-121,pr-true,f-auto,q-80/cms/sub_category/42.png","Farmley Mix Dry Fruits Panchmeva- Almonds, Cashews, Dates, Black Raisins, Green Raisins",Farmley,449,549,405 g,4.6 (5.0k),In Stock,https://www.zeptonow.com/pn/farmley-mix-dry-fruits-panchmeva-almonds-cashews-dates-black-raisins-green-raisins/pvid/78bc556c-916f-49cb-a37b-e7ebfe678c11,"https://cdn.zeptonow.com/production/tr:w-1280,ar-2000-2000,pr-true,f-auto,q-80/cms/product_variant/a398cc81-f085-4f78-847c-9dcb0d374a62.jpeg"
Masala & Dry Fruits,Dry Fruits & Nuts,"https://cdn.zeptonow.com/production/tr:w-90,ar-120-121,pr-true,f-auto,q-80/cms/sub_category/42.png",Nutraj Almond/Badam California,Nutraj,219,299,200 g,4.6 (5.5k),In Stock,https://www.zeptonow.com/pn/nutraj-almondbadam-california/pvid/1d498cca-e84b-42d9-9ac0-f6b5a4a2559b,"https://cdn.zeptonow.com/production/tr:w-1280,ar-2400-2400,pr-true,f-auto,q-80/cms/product_variant/4bd453d1-e429-4963-a53c-7fd0c4485d86.jpeg"
Masala & Dry Fruits,Dry Fruits & Nuts,"https://cdn.zeptonow.com/production/tr:w-90,ar-120-121,pr-true,f-auto,q-80/cms/sub_category/42.png",Happilo 100% Natural Premium Californian Almonds,Happilo,450,725,450 g,4.4 (1.4k),In Stock,https://www.zeptonow.com/pn/happilo-100-natural-premium-californian-almonds/pvid/f745287f-81bd-4e0f-adb0-d97a9b3d3a76,"https://cdn.zeptonow.com/production/tr:w-1280,ar-1000-1000,pr-true,f-auto,q-80/cms/product_variant/b6706130-2033-467a-a72c-b22d16ea0c46.jpeg"
Masala & Dry Fruits,Dry Fruits & Nuts,"https://cdn.zeptonow.com/production/tr:w-90,ar-120-121,pr-true,f-auto,q-80/cms/sub_category/42.png",Farmley Premium Broken Chile Walnut Kernels (Akhrot),Farmley,335,429,200 g,4.3 (1.7k),In Stock,https://www.zeptonow.com/pn/farmley-premium-broken-chile-walnut-kernels-akhrot/pvid/d54ec131-dbfb-4476-8117-e61e3991112e,"https://cdn.zeptonow.com/production/tr:w-1280,ar-2000-2000,pr-true,f-auto,q-80/cms/product_variant/0b3bd839-3ad7-41d9-ae35-2184d45cdf7f.jpeg"
Masala & Dry Fruits,Dry Fruits & Nuts,"https://cdn.zeptonow.com/production/tr:w-90,ar-120-121,pr-true,f-auto,q-80/cms/sub_category/42.png",Nutraj Cashew/Kaju,Nutraj,251,399,200 g,4.6 (4.5k),In Stock,https://www.zeptonow.com/pn/nutraj-cashewkaju/pvid/36b05f1b-af2c-463e-9ead-af8655363efd,"https://cdn.zeptonow.com/production/tr:w-1280,ar-1000-1000,pr-true,f-auto,q-80/cms/product_variant/e11c3945-1a8e-4132-9b0f-566d4b502c6c.jpeg"
Masala & Dry Fruits,Dry Fruits & Nuts,"https://cdn.zeptonow.com/production/tr:w-90,ar-120-121,pr-true,f-auto,q-80/cms/sub_category/42.png",Nutraj Black Raisin/Kismish,Nutraj,162,249,200 g,4.3 (1.0k),In Stock,https://www.zeptonow.com/pn/nutraj-black-raisinkismish/pvid/d02fe1bd-2918-4635-b108-b7b574ef862b,"https://cdn.zeptonow.com/production/tr:w-1280,ar-1000-1000,pr-true,f-auto,q-80/cms/product_variant/14855688-2e3a-4514-808c-aca667de4747.jpeg"
Masala & Dry Fruits,Dry Fruits & Nuts,"https://cdn.zeptonow.com/production/tr:w-90,ar-120-121,pr-true,f-auto,q-80/cms/sub_category/42.png",Nutraj Broken California Walnut/Akhrot,Nutraj,327,435,250 g,4.3 (797),In Stock,https://www.zeptonow.com/pn/nutraj-broken-california-walnutakhrot/pvid/98599c24-e8cd-4768-b315-47d1aa91a8c2,"https://cdn.zeptonow.com/production/tr:w-1280,ar-1500-1500,pr-true,f-auto,q-80/cms/product_variant/f6d4c482-fbec-4ba7-8381-8a659a6d4114.jpg"
Masala & Dry Fruits,Dry Fruits & Nuts,"https://cdn.zeptonow.com/production/tr:w-90,ar-120-121,pr-true,f-auto,q-80/cms/sub_category/42.png",Nutraj Mix dry fruits Panchmeva superfood mix,Nutraj,429,699,500 g,4.2 (176),In Stock,https://www.zeptonow.com/pn/nutraj-mix-dry-fruits-panchmeva-superfood-mix/pvid/923b2855-62f3-40d0-a083-873e53660004,"https://cdn.zeptonow.com/production/tr:w-1280,ar-2000-2000,pr-true,f-auto,q-80/cms/product_variant/df6bf69c-22ee-4cb2-826f-f45989831ba1.jpg"
Masala & Dry Fruits,Dry Fruits & Nuts,"https://cdn.zeptonow.com/production/tr:w-90,ar-120-121,pr-true,f-auto,q-80/cms/sub_category/42.png",Tata Sampann 100% Pure Premium Cashews/Kaju Whole,Tata,300,315,200 g,4.8 (4.4k),In Stock,https://www.zeptonow.com/pn/tata-sampann-100-pure-premium-cashewskaju-whole/pvid/2ef4991c-b8a8-4320-842d-1ded3388f918,"https://cdn.zeptonow.com/production/tr:w-1280,ar-1200-1200,pr-true,f-auto,q-80/cms/product_variant/ec5d7e85-cec8-4a7b-acd3-fc38eb496bfb.jpeg"
Masala & Dry Fruits,Dry Fruits & Nuts,"https://cdn.zeptonow.com/production/tr:w-90,ar-120-121,pr-true,f-auto,q-80/cms/sub_category/42.png",Happilo Classic Panchmewa Dry Fruit Mix Jar,Happilo,404,535,405 g,4.7 (624),In Stock,https://www.zeptonow.com/pn/happilo-classic-panchmewa-dry-fruit-mix-jar/pvid/d47f1629-14e8-40f7-afcf-02c62ada5b23,"https://cdn.zeptonow.com/production/tr:w-1280,ar-2225-2225,pr-true,f-auto,q-80/cms/product_variant/2b5d0e6b-dbde-44fa-8622-d9536c28699c.jpeg"
Masala & Dry Fruits,Dry Fruits & Nuts,"https://cdn.zeptonow.com/production/tr:w-90,ar-120-121,pr-true,f-auto,q-80/cms/sub_category/42.png",Open Secret Premium Black Raisins-Kishmish,Open Secret,353,525,500 g,4.5 (864),In Stock,https://www.zeptonow.com/pn/open-secret-premium-black-raisins-kishmish/pvid/005f3e2f-1d3b-4c60-87e4-33849a249ca1,"https://cdn.zeptonow.com/production/tr:w-1280,ar-2400-2400,pr-true,f-auto,q-80/cms/product_variant/f6e7bb44-81cb-4b09-8ac8-9de60d543c18.jpeg"
Masala & Dry Fruits,Dry Fruits & Nuts,"https://cdn.zeptonow.com/production/tr:w-90,ar-120-121,pr-true,f-auto,q-80/cms/sub_category/42.png",Tata Sampann High Protein Makhana (Foxnut) | Phool Makhana for Prasadam - 100% Natural and Fat Free,Tata,425,630,200 g,4.1 (366),In Stock,https://www.zeptonow.com/pn/tata-sampann-high-protein-makhana-foxnut-phool-makhana-for-prasadam-100-natural-and-fat-free/pvid/de21641b-a10b-4da8-a0fa-039d35dc319a,"https://cdn.zeptonow.com/production/tr:w-1280,ar-1200-1200,pr-true,f-auto,q-80/cms/product_variant/6e5b0652-bf55-4592-a269-6451006068ce.jpeg"
Masala & Dry Fruits,Dry Fruits & Nuts,"https://cdn.zeptonow.com/production/tr:w-90,ar-120-121,pr-true,f-auto,q-80/cms/sub_category/42.png",Nutraj Broken Walnut/Akhrot Giri,Nutraj,314,449,250 g,4.1 (739),In Stock,https://www.zeptonow.com/pn/nutraj-broken-walnutakhrot-giri/pvid/8fc14520-c060-47bb-a12b-29706baf89d0,"https://cdn.zeptonow.com/production/tr:w-1280,ar-1500-1500,pr-true,f-auto,q-80/cms/product_variant/1580bef5-9a52-4424-999d-8f45ee70de5e.jpg"
Masala & Dry Fruits,Dry Fruits & Nuts,"https://cdn.zeptonow.com/production/tr:w-90,ar-120-121,pr-true,f-auto,q-80/cms/sub_category/42.png",Farmley Whole Cashews | Kaju,Farmley,538,899,500 g,4.3 (502),In Stock,https://www.zeptonow.com/pn/farmley-whole-cashews-kaju/pvid/3bf7fe9e-8b67-4216-9a07-df5a14177930,"https://cdn.zeptonow.com/production/tr:w-1280,ar-2000-2000,pr-true,f-auto,q-80/cms/product_variant/5a48bf5c-4966-4feb-848b-33e8219ce9e7.jpeg"
Masala & Dry Fruits,Dry Fruits & Nuts,"https://cdn.zeptonow.com/production/tr:w-90,ar-120-121,pr-true,f-auto,q-80/cms/sub_category/42.png",Farmley Prasadam Makhana | Foxnuts,Farmley,430,595,200 g,4.6 (5.1k),In Stock,https://www.zeptonow.com/pn/farmley-prasadam-makhana-foxnuts/pvid/10c66780-4d00-46f5-aa7b-66c255a567d6,"https://cdn.zeptonow.com/production/tr:w-1280,ar-1000-1000,pr-true,f-auto,q-80/cms/product_variant/34944a57-e120-4d67-bbdb-aceeaad19b40.jpeg"
Masala & Dry Fruits,Dry Fruits & Nuts,"https://cdn.zeptonow.com/production/tr:w-90,ar-120-121,pr-true,f-auto,q-80/cms/sub_category/42.png",Happilo 100% Natural Premium Whole Cashews,Happilo,574,995,500 g,4.5 (673),In Stock,https://www.zeptonow.com/pn/happilo-100-natural-premium-whole-cashews/pvid/acb799d8-6207-4c87-bb10-16424cd9bf12,"https://cdn.zeptonow.com/production/tr:w-1280,ar-1200-1200,pr-true,f-auto,q-80/cms/product_variant/5ca3e5e2-0873-495d-96ee-da7155150135.jpeg"
Masala & Dry Fruits,Dry Fruits & Nuts,"https://cdn.zeptonow.com/production/tr:w-90,ar-120-121,pr-true,f-auto,q-80/cms/sub_category/42.png",Happilo Premium Unsalted Pistachio Kernels,Happilo,486,549,150 g,4.5 (67),In Stock,https://www.zeptonow.com/pn/happilo-premium-unsalted-pistachio-kernels/pvid/236b3306-4c0a-4b07-a316-b47886ff6051,"https://cdn.zeptonow.com/production/tr:w-1280,ar-1200-1200,pr-true,f-auto,q-80/cms/product_variant/0ac9d59c-2592-4b36-b3c8-4c1dbe7c05aa.jpeg"
Masala & Dry Fruits,Dry Fruits & Nuts,"https://cdn.zeptonow.com/production/tr:w-90,ar-120-121,pr-true,f-auto,q-80/cms/sub_category/42.png",Farmley Premium California Roasted & Salted Pistachios,Farmley,357,469,200 g,4.4 (1.0k),In Stock,https://www.zeptonow.com/pn/farmley-premium-california-roasted-salted-pistachios/pvid/0be94530-cef5-43e2-9c12-6220f7453957,"https://cdn.zeptonow.com/production/tr:w-1280,ar-1000-1000,pr-true,f-auto,q-80/cms/product_variant/28d510bb-4c8a-4c58-a95c-aa011fbc533b.jpeg"
Masala & Dry Fruits,Dry Fruits & Nuts,"https://cdn.zeptonow.com/production/tr:w-90,ar-120-121,pr-true,f-auto,q-80/cms/sub_category/42.png",Tata Sampann 100% Pure Premium Walnuts/Akhrot,Tata,427,500,200 g,4.9 (221),In Stock,https://www.zeptonow.com/pn/tata-sampann-100-pure-premium-walnutsakhrot/pvid/c484a3a3-659a-497b-a8c9-76956d5b771c,"https://cdn.zeptonow.com/production/tr:w-1280,ar-1000-1000,pr-true,f-auto,q-80/inventory/product/dbe9b861-9680-4d17-ac65-1dec86c4e8d7-/tmp/20230805-0737591.jpeg"
Masala & Dry Fruits,Dry Fruits & Nuts,"https://cdn.zeptonow.com/production/tr:w-90,ar-120-121,pr-true,f-auto,q-80/cms/sub_category/42.png",Tata Sampann 100% Pure | Seedless Black Raisins,Tata,193,240,200 g,4.6 (1.4k),In Stock,https://www.zeptonow.com/pn/tata-sampann-100-pure-seedless-black-raisins/pvid/73525afc-6e59-4a69-bb7b-f88f57730b59,"https://cdn.zeptonow.com/production/tr:w-1280,ar-1200-1200,pr-true,f-auto,q-80/cms/product_variant/ec83e056-1402-4ae6-8b19-443afde92576.jpeg"
Masala & Dry Fruits,Dry Fruits & Nuts,"https://cdn.zeptonow.com/production/tr:w-90,ar-120-121,pr-true,f-auto,q-80/cms/sub_category/42.png",Farmley Premium Extra Light Halves Walnut (Akhrot) Kernels,Farmley,430,569,200 g,4.3 (498),In Stock,https://www.zeptonow.com/pn/farmley-premium-extra-light-halves-walnut-akhrot-kernels/pvid/d0347835-6af5-4174-90dc-e5ebb9df5cd4,"https://cdn.zeptonow.com/production/tr:w-1280,ar-2000-2000,pr-true,f-auto,q-80/cms/product_variant/621e7422-749d-4715-b6eb-5ec9bfa31f8e.jpeg"
Masala & Dry Fruits,Dry Fruits & Nuts,"https://cdn.zeptonow.com/production/tr:w-90,ar-120-121,pr-true,f-auto,q-80/cms/sub_category/42.png",Nutraj Almond/Badam California,Nutraj,442,599,500 g,4.4 (3.0k),In Stock,https://www.zeptonow.com/pn/nutraj-almondbadam-california/pvid/975b7149-bc29-4206-b840-f3033c27ce63,"https://cdn.zeptonow.com/production/tr:w-1280,ar-1500-1500,pr-true,f-auto,q-80/cms/product_variant/43723756-f7c2-408b-ad85-dfe5d9882df8.jpg"
Masala & Dry Fruits,Dry Fruits & Nuts,"https://cdn.zeptonow.com/production/tr:w-90,ar-120-121,pr-true,f-auto,q-80/cms/sub_category/42.png","Farmley Snack Mix Dry Fruits - Cranberries, Blueberries, Mango, Almonds, Cashews & More",Farmley,267,299,160 g,4.2 (442),In Stock,https://www.zeptonow.com/pn/farmley-snack-mix-dry-fruits-cranberries-blueberries-mango-almonds-cashews-more/pvid/d12ade3f-18a8-4c42-ac7e-a5b7672cae9b,"https://cdn.zeptonow.com/production/tr:w-1280,ar-2000-2000,pr-true,f-auto,q-80/cms/product_variant/3fa39c76-4af3-4dea-97df-2991c0e41360.jpg"
Masala & Dry Fruits,Dry Fruits & Nuts,"https://cdn.zeptonow.com/production/tr:w-90,ar-120-121,pr-true,f-auto,q-80/cms/sub_category/42.png",Tata Sampann 100% Pure Premium Raisins/Kishmish Seedless,Tata,322,360,500 g,4.5 (1.2k),In Stock,https://www.zeptonow.com/pn/tata-sampann-100-pure-premium-raisinskishmish-seedless/pvid/37293f5d-858e-49d1-b273-001f32c4809a,"https://cdn.zeptonow.com/production/tr:w-1280,ar-1200-1200,pr-true,f-auto,q-80/cms/product_variant/940081a4-97de-4ab8-8f36-efb189039d5c.jpeg"
Masala & Dry Fruits,Dry Fruits & Nuts,"https://cdn.zeptonow.com/production/tr:w-90,ar-120-121,pr-true,f-auto,q-80/cms/sub_category/42.png",Farmley Premium Raisins,Farmley,302,379,500 g,4.6 (2.5k),In Stock,https://www.zeptonow.com/pn/farmley-premium-raisins/pvid/57fecd99-580f-4a1b-aed1-2ee95ca23bde,"https://cdn.zeptonow.com/production/tr:w-1280,ar-2000-2000,pr-true,f-auto,q-80/cms/product_variant/fbad17ed-760b-4477-8d42-7ae7ed8977b4.jpeg"
Masala & Dry Fruits,Dry Fruits & Nuts,"https://cdn.zeptonow.com/production/tr:w-90,ar-120-121,pr-true,f-auto,q-80/cms/sub_category/42.png",Nutraj Cashew/Kaju,Nutraj,525,699,500 g,4.4 (1.7k),In Stock,https://www.zeptonow.com/pn/nutraj-cashewkaju/pvid/fd3b8f1d-d5c2-40d5-8ebf-5b88eeee264e,"https://cdn.zeptonow.com/production/tr:w-1280,ar-2400-2400,pr-true,f-auto,q-80/cms/product_variant/8032d9c7-1b80-4e8a-b833-097d51ec9f45.jpeg"
Masala & Dry Fruits,Dry Fruits & Nuts,"https://cdn.zeptonow.com/production/tr:w-90,ar-120-121,pr-true,f-auto,q-80/cms/sub_category/42.png",Nutraj Raisin/Kismish,Nutraj,287,299,500 g,4.5 (3.0k),In Stock,https://www.zeptonow.com/pn/nutraj-raisinkismish/pvid/f98192bd-d862-4001-954a-8ffd500a2d00,"https://cdn.zeptonow.com/production/tr:w-1280,ar-1000-1000,pr-true,f-auto,q-80/cms/product_variant/a2a40445-6d8a-4669-a7dd-fed02b232745.jpeg"
Masala & Dry Fruits,Dry Fruits & Nuts,"https://cdn.zeptonow.com/production/tr:w-90,ar-120-121,pr-true,f-auto,q-80/cms/sub_category/42.png",Nutraj Anymany Almond/Badam,Nutraj,396,549,400 g,4.8 (161),In Stock,https://www.zeptonow.com/pn/nutraj-anymany-almondbadam/pvid/a63fa892-ad6e-4d20-b3f3-c2724a8658eb,"https://cdn.zeptonow.com/production/tr:w-1280,ar-1500-1500,pr-true,f-auto,q-80/cms/product_variant/025c7021-c027-43ba-88d5-1fd412636841.jpg"
Masala & Dry Fruits,Dry Fruits & Nuts,"https://cdn.zeptonow.com/production/tr:w-90,ar-120-121,pr-true,f-auto,q-80/cms/sub_category/42.png",Nutraj Makhana/Foxnuts,Nutraj,370,629,200 g,4.5 (1.6k),In Stock,https://www.zeptonow.com/pn/nutraj-makhanafoxnuts/pvid/8f8a9c74-9c27-49b2-bf37-292d0a16855e,"https://cdn.zeptonow.com/production/tr:w-1280,ar-2000-2000,pr-true,f-auto,q-80/cms/product_variant/8daa55cf-59b6-4cf8-bace-edea73c3797e.jpg"
Masala & Dry Fruits,Dry Fruits & Nuts,"https://cdn.zeptonow.com/production/tr:w-90,ar-120-121,pr-true,f-auto,q-80/cms/sub_category/42.png",Farmley Premium Raisins,Farmley,120,169,200 g,4.6 (3.9k),In Stock,https://www.zeptonow.com/pn/farmley-premium-raisins/pvid/60145a0d-d704-47e0-a44f-6164297020fb,"https://cdn.zeptonow.com/production/tr:w-1280,ar-2000-2000,pr-true,f-auto,q-80/cms/product_variant/d9f24bc5-0607-40ab-b67b-13824c918e3c.jpeg"
Masala & Dry Fruits,Dry Fruits & Nuts,"https://cdn.zeptonow.com/production/tr:w-90,ar-120-121,pr-true,f-auto,q-80/cms/sub_category/42.png",Tata Sampann Classic Salted & Roasted Cashews,Tata,388,395,190 g,5 (109),In Stock,https://www.zeptonow.com/pn/tata-sampann-classic-salted-roasted-cashews/pvid/16af9636-8799-4552-81a2-c4821756e2bb,"https://cdn.zeptonow.com/production/tr:w-1280,ar-1000-1000,pr-true,f-auto,q-80/cms/product_variant/e2723554-ccf6-4856-9797-d3342f109915.jpg"
Masala & Dry Fruits,Dry Fruits & Nuts,"https://cdn.zeptonow.com/production/tr:w-90,ar-120-121,pr-true,f-auto,q-80/cms/sub_category/42.png","Tata Sampann High Protein Makhana (Foxnut), Phool Makhana for Prasadam, Healthy Snacking, Fasting",Tata,308,320,100 g,4.6 (390),In Stock,https://www.zeptonow.com/pn/tata-sampann-high-protein-makhana-foxnut-phool-makhana-for-prasadam-healthy-snacking-fasting/pvid/abb2a780-73bf-42c8-b852-048a2e725b69,"https://cdn.zeptonow.com/production/tr:w-1280,ar-1200-1200,pr-true,f-auto,q-80/cms/product_variant/407e4c3a-a5b0-41dd-90fe-9c2148488cce.jpeg"
Masala & Dry Fruits,Dry Fruits & Nuts,"https://cdn.zeptonow.com/production/tr:w-90,ar-120-121,pr-true,f-auto,q-80/cms/sub_category/42.png",Tata Sampann 100% Iranian Pistachios Roasted & Salted,Rani,369,395,200 g,5 (1.0k),In Stock,https://www.zeptonow.com/pn/tata-sampann-100-iranian-pistachios-roasted-salted/pvid/0805dfb5-d5e9-4588-a47f-063e276a8fd2,"https://cdn.zeptonow.com/production/tr:w-1280,ar-1200-1200,pr-true,f-auto,q-80/cms/product_variant/62f5f327-ca53-4803-b413-03379c798afd.jpeg"
Masala & Dry Fruits,Dry Fruits & Nuts,"https://cdn.zeptonow.com/production/tr:w-90,ar-120-121,pr-true,f-auto,q-80/cms/sub_category/42.png",Nutraj Raisin/Kismish,Nutraj,153,199,250 g,4.4 (2.4k),In Stock,https://www.zeptonow.com/pn/nutraj-raisinkismish/pvid/35fef82a-9f18-4b26-9e7d-42a8996d29c5,"https://cdn.zeptonow.com/production/tr:w-1280,ar-2400-2400,pr-true,f-auto,q-80/cms/product_variant/869857b1-f8c2-4f7f-8753-3bb72cf50653.jpg"
Masala & Dry Fruits,Dry Fruits & Nuts,"https://cdn.zeptonow.com/production/tr:w-90,ar-120-121,pr-true,f-auto,q-80/cms/sub_category/42.png",Farmley 100% Natural California Almonds - Badam,Farmley,516,899,500 g,4 (364),In Stock,https://www.zeptonow.com/pn/farmley-100-natural-california-almonds-badam/pvid/df1f4b00-777f-499e-8149-c0a335aadd43,"https://cdn.zeptonow.com/production/tr:w-1280,ar-1200-1200,pr-true,f-auto,q-80/cms/product_variant/7fea3a4b-d67d-44bf-b502-584dc30a0382.jpg"
Masala & Dry Fruits,Dry Fruits & Nuts,"https://cdn.zeptonow.com/production/tr:w-90,ar-120-121,pr-true,f-auto,q-80/cms/sub_category/42.png",Farmley Prasadam Makhana | Foxnuts,Farmley,199,299,100 g,4.6 (6.6k),In Stock,https://www.zeptonow.com/pn/farmley-prasadam-makhana-foxnuts/pvid/2d4a5eba-80a2-4382-ad26-efb6100a18e2,"https://cdn.zeptonow.com/production/tr:w-1280,ar-2400-2400,pr-true,f-auto,q-80/cms/product_variant/194a1ba3-4c69-478b-b7aa-89883b38567e.jpg"
Masala & Dry Fruits,Dry Fruits & Nuts,"https://cdn.zeptonow.com/production/tr:w-90,ar-120-121,pr-true,f-auto,q-80/cms/sub_category/42.png",Open Secret Premium Whole Cashews-Kaju | Fasting Special | Vrat,Open Secret,555,899,501 g,4.7 (964),In Stock,https://www.zeptonow.com/pn/open-secret-premium-whole-cashews-kaju-fasting-special-vrat/pvid/5071ab1e-ede0-42d8-b55b-515d45b9f2f9,"https://cdn.zeptonow.com/production/tr:w-1280,ar-2400-2400,pr-true,f-auto,q-80/cms/product_variant/30fa37c0-6423-4294-a6e8-2901b514d8eb.jpeg"
Masala & Dry Fruits,Dry Fruits & Nuts,"https://cdn.zeptonow.com/production/tr:w-90,ar-120-121,pr-true,f-auto,q-80/cms/sub_category/42.png",Open Secret Panchmeva Dry Fruit Mix | Healthy Snacks,Open Secret,289,400,200 g,4 (735),In Stock,https://www.zeptonow.com/pn/open-secret-panchmeva-dry-fruit-mix-healthy-snacks/pvid/0b678dd9-6df0-4dc2-8091-9fcb8ef71204,"https://cdn.zeptonow.com/production/tr:w-1280,ar-1200-1200,pr-true,f-auto,q-80/cms/product_variant/5afa9db4-815a-4aef-9452-2773a9969b15.jpg"
Masala & Dry Fruits,Dry Fruits & Nuts,"https://cdn.zeptonow.com/production/tr:w-90,ar-120-121,pr-true,f-auto,q-80/cms/sub_category/42.png",Open Secret Premium Whole Cashews-Kaju | Fasting Special | Vrat,Open Secret,1072,1798,1 kg,4.8 (176),In Stock,https://www.zeptonow.com/pn/open-secret-premium-whole-cashews-kaju-fasting-special-vrat/pvid/7b55c691-603d-4739-9ba8-a72832e4bb87,"https://cdn.zeptonow.com/production/tr:w-1280,ar-2400-2400,pr-true,f-auto,q-80/cms/product_variant/fc21a9ab-2bf0-47c0-a2b7-a56ea640f416.jpeg"
Masala & Dry Fruits,Dry Fruits & Nuts,"https://cdn.zeptonow.com/production/tr:w-90,ar-120-121,pr-true,f-auto,q-80/cms/sub_category/42.png","Open Secret Premium Dry Fruit Mix, 6 SuperFOOD In 1 Mix",Open Secret,285,400,200 g,4.2 (820),In Stock,https://www.zeptonow.com/pn/open-secret-premium-dry-fruit-mix-6-superfood-in-1-mix/pvid/36647125-f5f0-4445-8f87-40b5fe9644ac,"https://cdn.zeptonow.com/production/tr:w-1280,ar-1200-1200,pr-true,f-auto,q-80/cms/product_variant/e694af84-1cac-4414-beab-73c7906942ba.jpg"
Masala & Dry Fruits,Dry Fruits & Nuts,"https://cdn.zeptonow.com/production/tr:w-90,ar-120-121,pr-true,f-auto,q-80/cms/sub_category/42.png",Nutraj Makhana/Foxnuts,Nutraj,188,309,100 g,4.5 (2.1k),In Stock,https://www.zeptonow.com/pn/nutraj-makhanafoxnuts/pvid/4bb0aaab-070a-4525-8d5c-282de1e7c7c2,"https://cdn.zeptonow.com/production/tr:w-1280,ar-1021-1021,pr-true,f-auto,q-80/cms/product_variant/8cacf207-5900-4cff-99f5-2b6cececde9e.jpeg"
Masala & Dry Fruits,Dry Fruits & Nuts,"https://cdn.zeptonow.com/production/tr:w-90,ar-120-121,pr-true,f-auto,q-80/cms/sub_category/42.png",Tata Sampann 100% Pure Premium Raisins/Kishmish Seedless,Tata,130,149,200 g,4.7 (6.1k),In Stock,https://www.zeptonow.com/pn/tata-sampann-100-pure-premium-raisinskishmish-seedless/pvid/7763c280-d938-486b-b603-d6ecd76d31ee,"https://cdn.zeptonow.com/production/tr:w-1280,ar-2400-2400,pr-true,f-auto,q-80/cms/product_variant/57d894d8-7d93-4689-83ac-d1788ca485a1.jpeg"
Masala & Dry Fruits,Dry Fruits & Nuts,"https://cdn.zeptonow.com/production/tr:w-90,ar-120-121,pr-true,f-auto,q-80/cms/sub_category/42.png",Nutraj California Walnut/Akhrot kernels Halves,Nutraj,336,499,250 g,3.9 (927),In Stock,https://www.zeptonow.com/pn/nutraj-california-walnutakhrot-kernels-halves/pvid/e551aa90-2af1-4fdc-8654-dbee1fbb28c3,"https://cdn.zeptonow.com/production/tr:w-1280,ar-1000-1000,pr-true,f-auto,q-80/cms/product_variant/38ac82c1-8dae-4ca4-b470-bb177fcc773d.jpeg"
Masala & Dry Fruits,Dry Fruits & Nuts,"https://cdn.zeptonow.com/production/tr:w-90,ar-120-121,pr-true,f-auto,q-80/cms/sub_category/42.png",Nutraj Munakka Raisin/Abjosh,Nutraj,167,249,200 g,4.5 (1.4k),In Stock,https://www.zeptonow.com/pn/nutraj-munakka-raisinabjosh/pvid/102be2c8-4833-4841-b15f-27a7cc9af409,"https://cdn.zeptonow.com/production/tr:w-1280,ar-1200-1200,pr-true,f-auto,q-80/cms/product_variant/c081ba94-46cd-4909-a119-660437507192.jpeg"
Masala & Dry Fruits,Dry Fruits & Nuts,"https://cdn.zeptonow.com/production/tr:w-90,ar-120-121,pr-true,f-auto,q-80/cms/sub_category/42.png",Farmley Premium California Almonds,Farmley,274,469,250 g,4.5 (2.5k),In Stock,https://www.zeptonow.com/pn/farmley-premium-california-almonds/pvid/45d7ec47-6425-44e8-bacc-e3f433a0a03f,"https://cdn.zeptonow.com/production/tr:w-1280,ar-2400-2400,pr-true,f-auto,q-80/cms/product_variant/66ef7119-80a0-40db-a66b-f8b3e677ae07.jpeg"
Masala & Dry Fruits,Dry Fruits & Nuts,"https://cdn.zeptonow.com/production/tr:w-90,ar-120-121,pr-true,f-auto,q-80/cms/sub_category/42.png",Nutraj Almond/Badam Australian,Nutraj,450,699,500 g,4.5 (1.8k),In Stock,https://www.zeptonow.com/pn/nutraj-almondbadam-australian/pvid/77d5f543-508a-402d-9dae-0f29849e9143,"https://cdn.zeptonow.com/production/tr:w-1280,ar-2400-2400,pr-true,f-auto,q-80/cms/product_variant/c1315f81-9799-4093-a6e4-bc512f0a8d0b.jpeg"
Masala & Dry Fruits,Dry Fruits & Nuts,"https://cdn.zeptonow.com/production/tr:w-90,ar-120-121,pr-true,f-auto,q-80/cms/sub_category/42.png",Happilo Premium Afghani Seedless Black Raisins | Kali Kishmish,Happilo,229,275,250 g,3.9 (198),In Stock,https://www.zeptonow.com/pn/happilo-premium-afghani-seedless-black-raisins-kali-kishmish/pvid/3661cc69-1df0-430f-b4ff-219454741ada,"https://cdn.zeptonow.com/production/tr:w-1280,ar-1500-1500,pr-true,f-auto,q-80/cms/product_variant/d2e0d1b7-64d6-485f-8d0b-227fb2ae3327.jpg"
Masala & Dry Fruits,Dry Fruits & Nuts,"https://cdn.zeptonow.com/production/tr:w-90,ar-120-121,pr-true,f-auto,q-80/cms/sub_category/42.png",Open Secret Diwali Dry Fruit Gift Box,Open Secret,534,1000,400 g,5 (110),In Stock,https://www.zeptonow.com/pn/open-secret-diwali-dry-fruit-gift-box/pvid/5a05a483-b7d3-474d-885d-ef19bea3d242,"https://cdn.zeptonow.com/production/tr:w-1280,ar-1502-1242,pr-true,f-auto,q-80/cms/product_variant/47c144c6-8062-4011-8350-6d0257f9c503.jpeg"
Masala & Dry Fruits,Dry Fruits & Nuts,"https://cdn.zeptonow.com/production/tr:w-90,ar-120-121,pr-true,f-auto,q-80/cms/sub_category/42.png",Nutraj California Walnut/Akhrot Inshell,Nutraj,570,999,1 kg,4.1 (728),In Stock,https://www.zeptonow.com/pn/nutraj-california-walnutakhrot-inshell/pvid/d1e1a51f-d267-49ea-b487-3890d5013657,"https://cdn.zeptonow.com/production/tr:w-1280,ar-1021-1021,pr-true,f-auto,q-80/cms/product_variant/38b8fbcf-08a2-4e3f-b046-b29213932773.jpeg"
Masala & Dry Fruits,Dry Fruits & Nuts,"https://cdn.zeptonow.com/production/tr:w-90,ar-120-121,pr-true,f-auto,q-80/cms/sub_category/42.png",ZOFF Chironji - Charoli Nuts,ZOFF,176,365,50 g,4.9 (276),In Stock,https://www.zeptonow.com/pn/zoff-chironji-charoli-nuts/pvid/589736f8-d8b6-40e9-904e-365f7b993fc4,"https://cdn.zeptonow.com/production/tr:w-1280,ar-1500-1500,pr-true,f-auto,q-80/cms/product_variant/89120efb-5f5a-46eb-84f0-a0ef15b23a9a.jpg"
Masala & Dry Fruits,Dry Fruits & Nuts,"https://cdn.zeptonow.com/production/tr:w-90,ar-120-121,pr-true,f-auto,q-80/cms/sub_category/42.png",Open Secret Premium Green Raisins | Kishmish,Open Secret,257,325,500 g,4.5 (577),In Stock,https://www.zeptonow.com/pn/open-secret-premium-green-raisins-kishmish/pvid/e6cbc4fb-5733-4f63-bbf9-b4fcd695cb7a,"https://cdn.zeptonow.com/production/tr:w-1280,ar-1000-1000,pr-true,f-auto,q-80/cms/product_variant/88a91ea6-43cd-43c6-82da-e25b98bd542d.jpg"
Masala & Dry Fruits,Dry Fruits & Nuts,"https://cdn.zeptonow.com/production/tr:w-90,ar-120-121,pr-true,f-auto,q-80/cms/sub_category/42.png",Open Secret Premium California Almonds | Badam | Fasting Special | Vrat,Open Secret,967,1598,1 kg,3.9 (484),In Stock,https://www.zeptonow.com/pn/open-secret-premium-california-almonds-badam-fasting-special-vrat/pvid/dcd241cf-3ba1-4677-a146-d94027ed8ad4,"https://cdn.zeptonow.com/production/tr:w-1280,ar-2400-2400,pr-true,f-auto,q-80/cms/product_variant/6d950b46-f73c-4add-b1d2-956aeb6e0bc5.jpeg"
Masala & Dry Fruits,Dry Fruits & Nuts,"https://cdn.zeptonow.com/production/tr:w-90,ar-120-121,pr-true,f-auto,q-80/cms/sub_category/42.png",Open Secret Premium California Almonds-Badam | Fasting Special | Vrat,Open Secret,524,799,501 g,4.1 (720),In Stock,https://www.zeptonow.com/pn/open-secret-premium-california-almonds-badam-fasting-special-vrat/pvid/bfef5986-ffed-49a4-828b-3f813e799564,"https://cdn.zeptonow.com/production/tr:w-1280,ar-1021-1021,pr-true,f-auto,q-80/cms/product_variant/8481ab19-4ac5-4a91-bb2a-195e94026ce5.jpeg"
Masala & Dry Fruits,Dry Fruits & Nuts,"https://cdn.zeptonow.com/production/tr:w-90,ar-120-121,pr-true,f-auto,q-80/cms/sub_category/42.png",Happilo Snack Pack International Healthy Nutmix,Happilo,61,75,35 g,3.9 (651),In Stock,https://www.zeptonow.com/pn/happilo-snack-pack-international-healthy-nutmix/pvid/749f7912-1443-44b7-a278-8599afdae5a5,"https://cdn.zeptonow.com/production/tr:w-1280,ar-1500-1500,pr-true,f-auto,q-80/cms/product_variant/0e751e7e-ddd3-4137-9578-0826ccef133e.jpg"
Masala & Dry Fruits,Dry Fruits & Nuts,"https://cdn.zeptonow.com/production/tr:w-90,ar-120-121,pr-true,f-auto,q-80/cms/sub_category/42.png",Nutraj Almond/Badam California,Nutraj,950,1399,1 kg,4.6 (2.8k),In Stock,https://www.zeptonow.com/pn/nutraj-almondbadam-california/pvid/a1f1d768-3cf7-47fb-a71a-2ac829cde9a5,"https://cdn.zeptonow.com/production/tr:w-1280,ar-2400-2400,pr-true,f-auto,q-80/cms/product_variant/24ed6af1-b20f-4bf5-a74c-65e8132616c5.jpeg"
Masala & Dry Fruits,Dry Fruits & Nuts,"https://cdn.zeptonow.com/production/tr:w-90,ar-120-121,pr-true,f-auto,q-80/cms/sub_category/42.png",Open Secret Plain Makhana | Phool Makhana | Fox Nuts,Open Secret,357,549,200 g,4.1 (260),In Stock,https://www.zeptonow.com/pn/open-secret-plain-makhana-phool-makhana-fox-nuts/pvid/60628e82-bd18-40a7-afce-87fc23e5b116,"https://cdn.zeptonow.com/production/tr:w-1280,ar-846-866,pr-true,f-auto,q-80/cms/product_variant/65901eb7-4963-48f1-a6fb-0efc06c56c78.jpg"
Masala & Dry Fruits,Dry Fruits & Nuts,"https://cdn.zeptonow.com/production/tr:w-90,ar-120-121,pr-true,f-auto,q-80/cms/sub_category/42.png",Tata Sampann 100% Pure Premium Cashews/Kaju Whole,Tata,601,775,500 g,4.4 (987),In Stock,https://www.zeptonow.com/pn/tata-sampann-100-pure-premium-cashewskaju-whole/pvid/00e9993a-f99f-4665-b27b-08986a4656ba,"https://cdn.zeptonow.com/production/tr:w-1280,ar-2400-2400,pr-true,f-auto,q-80/cms/product_variant/2aa3a699-01ca-4bd5-ace4-b155f30f58e2.jpeg"
Masala & Dry Fruits,Dry Fruits & Nuts,"https://cdn.zeptonow.com/production/tr:w-90,ar-120-121,pr-true,f-auto,q-80/cms/sub_category/42.png",Nutty Gritties Exotic Brazil Nuts,Nutty,694,925,150 g,4.1 (176),In Stock,https://www.zeptonow.com/pn/nutty-gritties-exotic-brazil-nuts/pvid/8488aea5-bc75-42eb-8993-4bd3dc23d8d1,"https://cdn.zeptonow.com/production/tr:w-1280,ar-1000-1000,pr-true,f-auto,q-80/cms/product_variant/42b00dca-fb60-4c6f-bce0-e3b7986c8511.jpeg"
Masala & Dry Fruits,Dry Fruits & Nuts,"https://cdn.zeptonow.com/production/tr:w-90,ar-120-121,pr-true,f-auto,q-80/cms/sub_category/42.png",Nutty Gritties California Almonds,Nutty,1112,1600,1 kg,4.3 (191),In Stock,https://www.zeptonow.com/pn/nutty-gritties-california-almonds/pvid/57f9da93-f815-49c7-bf33-185e06169c8a,"https://cdn.zeptonow.com/production/tr:w-1280,ar-1200-1200,pr-true,f-auto,q-80/cms/product_variant/30c559b8-202f-4b60-8eef-8222027bdf72.jpeg"
Masala & Dry Fruits,Dry Fruits & Nuts,"https://cdn.zeptonow.com/production/tr:w-90,ar-120-121,pr-true,f-auto,q-80/cms/sub_category/42.png",Daily Good Pistachios California Salted,Daily Good,711,1095,500 g,4.3 (77),In Stock,https://www.zeptonow.com/pn/daily-good-pistachios-california-salted/pvid/138a48ca-64fb-4d72-ab95-e486d8d39df8,"https://cdn.zeptonow.com/production/tr:w-1280,ar-1000-1000,pr-true,f-auto,q-80/cms/product_variant/3b275d65-948a-4c0f-af74-ebbc7ae0566f.jpeg"
Masala & Dry Fruits,Dry Fruits & Nuts,"https://cdn.zeptonow.com/production/tr:w-90,ar-120-121,pr-true,f-auto,q-80/cms/sub_category/42.png",Daily Good Almond / Badam | California,Daily Good,573,625,500 g,4.5 (6.8k),In Stock,https://www.zeptonow.com/pn/daily-good-almond-badam-california/pvid/26510ea9-60a1-403c-a384-0c18b76b80fb,"https://cdn.zeptonow.com/production/tr:w-1280,ar-1200-1200,pr-true,f-auto,q-80/cms/product_variant/5f3bc542-4e9a-46f9-8cd0-5276c09ead8c.jpeg"
Masala & Dry Fruits,Dry Fruits & Nuts,"https://cdn.zeptonow.com/production/tr:w-90,ar-120-121,pr-true,f-auto,q-80/cms/sub_category/42.png",Daily Good Walnut / Akhrot Broken Kernels,Daily Good,336,380,200 g,4.1 (6.6k),In Stock,https://www.zeptonow.com/pn/daily-good-walnut-akhrot-broken-kernels/pvid/b4ab548e-a7ca-475c-8f54-28961b400a29,"https://cdn.zeptonow.com/production/tr:w-1280,ar-1000-1000,pr-true,f-auto,q-80/cms/product_variant/c9603d5d-1854-4d9a-8b1f-ea633f1c9ee7.jpeg"
Masala & Dry Fruits,Dry Fruits & Nuts,"https://cdn.zeptonow.com/production/tr:w-90,ar-120-121,pr-true,f-auto,q-80/cms/sub_category/42.png",Daily Good Raisin Black (Kismish) - Seedless,Daily Good,168,270,250 g,4.8 (3.6k),In Stock,https://www.zeptonow.com/pn/daily-good-raisin-black-kismish-seedless/pvid/7d13838a-8288-45fd-9d12-5fed9e2b8b76,"https://cdn.zeptonow.com/production/tr:w-1280,ar-1200-1200,pr-true,f-auto,q-80/cms/product_variant/7cf8bcc3-3600-46e6-b6f1-ea49e07a9b04.jpeg"
Masala & Dry Fruits,Dry Fruits & Nuts,"https://cdn.zeptonow.com/production/tr:w-90,ar-120-121,pr-true,f-auto,q-80/cms/sub_category/42.png",Town Grocer Independent Almonds,Town,279,300,200 g,4.6 (538),In Stock,https://www.zeptonow.com/pn/town-grocer-independent-almonds/pvid/ec372fd8-a0e9-425c-a22b-b623f677e473,"https://cdn.zeptonow.com/production/tr:w-1280,ar-3000-3000,pr-true,f-auto,q-80/cms/product_variant/44bde2e5-f9a2-435e-ae55-73421211c2fb.jpeg"
Masala & Dry Fruits,Dry Fruits & Nuts,"https://cdn.zeptonow.com/production/tr:w-90,ar-120-121,pr-true,f-auto,q-80/cms/sub_category/42.png",Town Grocer Whole Cashew W400,Town,307,325,200 g,4.3 (867),In Stock,https://www.zeptonow.com/pn/town-grocer-whole-cashew-w400/pvid/31a6da73-7d29-4fb7-9d16-ebcb8ce10b2e,"https://cdn.zeptonow.com/production/tr:w-1280,ar-1280-1280,pr-true,f-auto,q-80/cms/product_variant/3ed03fda-8435-4733-b445-1b50b92c206d.jpeg"
Masala & Dry Fruits,Dry Fruits & Nuts,"https://cdn.zeptonow.com/production/tr:w-90,ar-120-121,pr-true,f-auto,q-80/cms/sub_category/42.png",Daily Good Raisin,Daily Good,58,65,100 g,4.5 (2.4k),In Stock,https://www.zeptonow.com/pn/daily-good-raisin/pvid/7d71123a-7d5a-4588-9b02-0b364fd2ea77,"https://cdn.zeptonow.com/production/tr:w-1280,ar-2400-2400,pr-true,f-auto,q-80/cms/product_variant/22346723-b064-4cea-b6ad-68bc72169f91.jpg"
Masala & Dry Fruits,Dry Fruits & Nuts,"https://cdn.zeptonow.com/production/tr:w-90,ar-120-121,pr-true,f-auto,q-80/cms/sub_category/42.png",Daily Good Cashew (W320),Daily Good,600,890,500 g,4.3 (3.9k),In Stock,https://www.zeptonow.com/pn/daily-good-cashew-w320/pvid/e6718341-7434-4716-af82-1a5641b0f9fd,"https://cdn.zeptonow.com/production/tr:w-1280,ar-3881-3881,pr-true,f-auto,q-80/cms/product_variant/fc9ad136-a6cd-42a8-8d05-c09ea53fe8bf.jpeg"
Masala & Dry Fruits,Dry Fruits & Nuts,"https://cdn.zeptonow.com/production/tr:w-90,ar-120-121,pr-true,f-auto,q-80/cms/sub_category/42.png",Smart One Cashew Whole,Smart One,545,755,500 g,4.2 (1.1k),In Stock,https://www.zeptonow.com/pn/smart-one-cashew-whole/pvid/7a0abebf-3bb2-4fd2-b94d-64d678b924e7,"https://cdn.zeptonow.com/production/tr:w-1280,ar-1500-1500,pr-true,f-auto,q-80/cms/product_variant/e59ecec5-21da-4e13-8d8c-09dc82f53150.jpeg"
Masala & Dry Fruits,Dry Fruits & Nuts,"https://cdn.zeptonow.com/production/tr:w-90,ar-120-121,pr-true,f-auto,q-80/cms/sub_category/42.png",Daily Good Walnut / Akhrot Kernels,Daily Good,422,470,200 g,4.1 (2.5k),In Stock,https://www.zeptonow.com/pn/daily-good-walnut-akhrot-kernels/pvid/d93647c5-d17c-4f41-aef9-40368c613781,"https://cdn.zeptonow.com/production/tr:w-1280,ar-1200-1200,pr-true,f-auto,q-80/cms/product_variant/546d3504-739b-4c25-9d88-e264c88e6fcc.jpeg"
Masala & Dry Fruits,Dry Fruits & Nuts,"https://cdn.zeptonow.com/production/tr:w-90,ar-120-121,pr-true,f-auto,q-80/cms/sub_category/42.png",Daily Good Cashew - Kaju Split,Daily Good,129,195,100 g,4.5 (23.0k),In Stock,https://www.zeptonow.com/pn/daily-good-cashew-kaju-split/pvid/7c27dce1-41e7-487a-9d01-d96fa08022a2,"https://cdn.zeptonow.com/production/tr:w-1280,ar-1200-1200,pr-true,f-auto,q-80/cms/product_variant/ddf98266-d04d-482d-9e59-be465d12eda6.jpeg"
Masala & Dry Fruits,Dry Fruits & Nuts,"https://cdn.zeptonow.com/production/tr:w-90,ar-120-121,pr-true,f-auto,q-80/cms/sub_category/42.png",Daily Good Raisin Golden (Kismish),Daily Good,286,295,500 g,4.5 (5.7k),In Stock,https://www.zeptonow.com/pn/daily-good-raisin-golden-kismish/pvid/5812cb43-29bd-40d8-819a-bb267dc44087,"https://cdn.zeptonow.com/production/tr:w-1280,ar-5000-5000,pr-true,f-auto,q-80/cms/product_variant/0ffe99c5-5c9d-45f8-add4-2d54d355955b.jpeg"
Masala & Dry Fruits,Dry Fruits & Nuts,"https://cdn.zeptonow.com/production/tr:w-90,ar-120-121,pr-true,f-auto,q-80/cms/sub_category/42.png",Wonderland Foods Walnut Kernels (Akhrot Giri),Wonderland,275,435,200 g,4.4 (1.3k),In Stock,https://www.zeptonow.com/pn/wonderland-foods-walnut-kernels-akhrot-giri/pvid/ea76e19f-e191-4f8d-ae4d-1a4c2675d1ec,"https://cdn.zeptonow.com/production/tr:w-1280,ar-1500-1500,pr-true,f-auto,q-80/cms/product_variant/51be5bda-86ea-4709-b6f3-ecbcf2f7fbd4.jpg"
Masala & Dry Fruits,Dry Fruits & Nuts,"https://cdn.zeptonow.com/production/tr:w-90,ar-120-121,pr-true,f-auto,q-80/cms/sub_category/42.png",Daily Good Pistachios Plain,Daily Good,269,325,100 g,4 (3.6k),In Stock,https://www.zeptonow.com/pn/daily-good-pistachios-plain/pvid/e9c8d153-b2e7-435d-9558-f07f56453742,"https://cdn.zeptonow.com/production/tr:w-1280,ar-1200-1200,pr-true,f-auto,q-80/cms/product_variant/532e65a9-84fe-4c77-98c0-2d999beda39d.jpeg"
Masala & Dry Fruits,Dry Fruits & Nuts,"https://cdn.zeptonow.com/production/tr:w-90,ar-120-121,pr-true,f-auto,q-80/cms/sub_category/42.png",Town Grocer Salted Pistacheos,Town,350,350,200 g,4.3 (841),In Stock,https://www.zeptonow.com/pn/town-grocer-salted-pistacheos/pvid/a54d720d-f7bb-4b10-95f8-2d9b6df42366,"https://cdn.zeptonow.com/production/tr:w-1280,ar-3000-3000,pr-true,f-auto,q-80/cms/product_variant/f2a7b592-d07f-4cab-b16e-cb09ebedfc5c.jpeg"
Masala & Dry Fruits,Dry Fruits & Nuts,"https://cdn.zeptonow.com/production/tr:w-90,ar-120-121,pr-true,f-auto,q-80/cms/sub_category/42.png",Town Grocer Whole Cashew W400 Economy,Town,432,650,500 g,4.6 (599),In Stock,https://www.zeptonow.com/pn/town-grocer-whole-cashew-w400-economy/pvid/d82f13c5-49e7-43e3-ae75-ec56146cb5a9,"https://cdn.zeptonow.com/production/tr:w-1280,ar-1000-1000,pr-true,f-auto,q-80/cms/product_variant/4704e9fd-ed31-4554-9231-8f24ea5eb385.jpeg"
Masala & Dry Fruits,Dry Fruits & Nuts,"https://cdn.zeptonow.com/production/tr:w-90,ar-120-121,pr-true,f-auto,q-80/cms/sub_category/42.png",Daily Good Cashew / Kaju Broken,Daily Good,251,340,200 g,4 (3.8k),In Stock,https://www.zeptonow.com/pn/daily-good-cashew-kaju-broken/pvid/8aeea8ef-3621-46f0-a0a0-7ac55dc208dd,"https://cdn.zeptonow.com/production/tr:w-1280,ar-1200-1200,pr-true,f-auto,q-80/cms/product_variant/2a16374d-cada-4df6-93b9-54a4efae855d.jpeg"
Masala & Dry Fruits,Dry Fruits & Nuts,"https://cdn.zeptonow.com/production/tr:w-90,ar-120-121,pr-true,f-auto,q-80/cms/sub_category/42.png",Daily Good Walnut / Akhrot Kernels,Daily Good,212,260,100 g,4.7 (5.4k),In Stock,https://www.zeptonow.com/pn/daily-good-walnut-akhrot-kernels/pvid/01624b7e-f308-4ccf-92fe-4e24f8373c52,"https://cdn.zeptonow.com/production/tr:w-1280,ar-1200-1200,pr-true,f-auto,q-80/cms/product_variant/ac7af140-1965-4ed1-93b8-f3c20fa417b5.jpeg"
Masala & Dry Fruits,Dry Fruits & Nuts,"https://cdn.zeptonow.com/production/tr:w-90,ar-120-121,pr-true,f-auto,q-80/cms/sub_category/42.png",Wonderland Foods California Pistachios,Wonderland,515,725,400 g,4.4 (81),In Stock,https://www.zeptonow.com/pn/wonderland-foods-california-pistachios/pvid/92739986-5cfe-4c36-a731-522337576255,"https://cdn.zeptonow.com/production/tr:w-1280,ar-1000-1000,pr-true,f-auto,q-80/cms/product_variant/d28099d4-0621-4846-a8c5-2536f37cbff7.jpeg"
Masala & Dry Fruits,Dry Fruits & Nuts,"https://cdn.zeptonow.com/production/tr:w-90,ar-120-121,pr-true,f-auto,q-80/cms/sub_category/42.png",Daily Good Raisin Golden | Kismish,Daily Good,117,120,200 g,4.7 (26.8k),In Stock,https://www.zeptonow.com/pn/daily-good-raisin-golden-kismish/pvid/55d3e249-d64f-4474-84e8-b061e4694e7c,"https://cdn.zeptonow.com/production/tr:w-1280,ar-1200-1200,pr-true,f-auto,q-80/cms/product_variant/f25ae20e-259a-4fa0-9ccc-1ed3de2a1e8d.jpeg"
Masala & Dry Fruits,Dry Fruits & Nuts,"https://cdn.zeptonow.com/production/tr:w-90,ar-120-121,pr-true,f-auto,q-80/cms/sub_category/42.png",Daily Good Cashew / Kaju Broken,Daily Good,127,180,100 g,4.3 (2.8k),In Stock,https://www.zeptonow.com/pn/daily-good-cashew-kaju-broken/pvid/dcaf9185-df23-46ea-9ed9-56e4c4dbc880,"https://cdn.zeptonow.com/production/tr:w-1280,ar-3881-3881,pr-true,f-auto,q-80/cms/product_variant/a26f814b-85ae-4d87-a318-ba409873b3c2.jpg"
Masala & Dry Fruits,Dry Fruits & Nuts,"https://cdn.zeptonow.com/production/tr:w-90,ar-120-121,pr-true,f-auto,q-80/cms/sub_category/42.png",Daily Good Raisin Green | Kismish,Daily Good,104,125,200 g,4.5 (5.6k),In Stock,https://www.zeptonow.com/pn/daily-good-raisin-green-kismish/pvid/11549760-5879-4316-bec6-0cc8cb3b0ca3,"https://cdn.zeptonow.com/production/tr:w-1280,ar-1200-1200,pr-true,f-auto,q-80/cms/product_variant/89632be7-2541-43ed-8d9e-098b01790ff9.jpeg"
Masala & Dry Fruits,Dry Fruits & Nuts,"https://cdn.zeptonow.com/production/tr:w-90,ar-120-121,pr-true,f-auto,q-80/cms/sub_category/42.png",Popular Essentials Pista Salted (With Shell),Popular Essentials,454,480,250 g,4 (196),In Stock,https://www.zeptonow.com/pn/popular-essentials-pista-salted-with-shell/pvid/e0dcad83-0a6f-4230-8e24-fac6eee5cf4d,"https://cdn.zeptonow.com/production/tr:w-1280,ar-1200-1200,pr-true,f-auto,q-80/cms/product_variant/da1a63be-d0da-427a-aa35-a7b88a40b713.jpg"
Masala & Dry Fruits,Dry Fruits & Nuts,"https://cdn.zeptonow.com/production/tr:w-90,ar-120-121,pr-true,f-auto,q-80/cms/sub_category/42.png",Daily Good Almond / Badam | California,Daily Good,122,130,100 g,4.6 (37.0k),In Stock,https://www.zeptonow.com/pn/daily-good-almond-badam-california/pvid/7496ad02-953e-44a2-8894-b9b0dc309386,"https://cdn.zeptonow.com/production/tr:w-1280,ar-1200-1200,pr-true,f-auto,q-80/cms/product_variant/e1a85dde-1e95-4a15-8e52-4f23d4098727.jpeg"
Masala & Dry Fruits,Dry Fruits & Nuts,"https://cdn.zeptonow.com/production/tr:w-90,ar-120-121,pr-true,f-auto,q-80/cms/sub_category/42.png",Popular Essentials Cashew Split,Popular Essentials,748,950,500 g,4.9 (104),In Stock,https://www.zeptonow.com/pn/popular-essentials-cashew-split/pvid/00b7f3dd-7820-4f90-8499-1893b898b7a1,"https://cdn.zeptonow.com/production/tr:w-1280,ar-1000-1000,pr-true,f-auto,q-80/cms/product_variant/02ddf2be-19d7-48f5-8213-ed24593b5f68.jpeg"
Masala & Dry Fruits,Dry Fruits & Nuts,"https://cdn.zeptonow.com/production/tr:w-90,ar-120-121,pr-true,f-auto,q-80/cms/sub_category/42.png",Daily Good Pistachios California Salted,Daily Good,304,450,200 g,4.2 (907),In Stock,https://www.zeptonow.com/pn/daily-good-pistachios-california-salted/pvid/890ac239-11b0-43be-8103-3432b1de6d5c,"https://cdn.zeptonow.com/production/tr:w-1280,ar-600-600,pr-true,f-auto,q-80/cms/product_variant/bb0e0694-d9bf-45da-977b-905292390fc1.jpg"
Masala & Dry Fruits,Dry Fruits & Nuts,"https://cdn.zeptonow.com/production/tr:w-90,ar-120-121,pr-true,f-auto,q-80/cms/sub_category/42.png",Daily Good Cashew (W400),Daily Good,568,855,500 g,4.8 (598),In Stock,https://www.zeptonow.com/pn/daily-good-cashew-w400/pvid/6e05255e-c395-4497-bc04-0845aa7a00d2,"https://cdn.zeptonow.com/production/tr:w-1280,ar-3881-3881,pr-true,f-auto,q-80/cms/product_variant/19913991-5c8a-4ca8-9d2e-2374bcadd892.jpeg"
Masala & Dry Fruits,Dry Fruits & Nuts,"https://cdn.zeptonow.com/production/tr:w-90,ar-120-121,pr-true,f-auto,q-80/cms/sub_category/42.png",Town Grocer Black Raisins,Town,41,85,100 g,4.4 (694),In Stock,https://www.zeptonow.com/pn/town-grocer-black-raisins/pvid/90e31ef3-725d-485a-ace1-571e28f0f303,"https://cdn.zeptonow.com/production/tr:w-1280,ar-1000-1000,pr-true,f-auto,q-80/cms/product_variant/0ee91924-fc2a-4922-b82d-b124fa046932.jpeg"
Masala & Dry Fruits,Dry Fruits & Nuts,"https://cdn.zeptonow.com/production/tr:w-90,ar-120-121,pr-true,f-auto,q-80/cms/sub_category/42.png",Daily Good Cashew (W400),Daily Good,129,180,100 g,4.5 (6.0k),In Stock,https://www.zeptonow.com/pn/daily-good-cashew-w400/pvid/3145077b-a503-43b8-98ff-8f625497611f,"https://cdn.zeptonow.com/production/tr:w-1280,ar-3881-3881,pr-true,f-auto,q-80/cms/product_variant/47c8eaf2-3fd3-4454-abeb-ffba931fe9b3.jpeg"
Masala & Dry Fruits,Dry Fruits & Nuts,"https://cdn.zeptonow.com/production/tr:w-90,ar-120-121,pr-true,f-auto,q-80/cms/sub_category/42.png",Daily Good Cashew | W400,Daily Good,245,360,200 g,4.7 (3.1k),In Stock,https://www.zeptonow.com/pn/daily-good-cashew-w400/pvid/fc46bf54-928d-4c57-a81d-ddd2f68af3ec,"https://cdn.zeptonow.com/production/tr:w-1280,ar-3881-3881,pr-true,f-auto,q-80/cms/product_variant/b012815d-101d-495c-ab94-2dceedb5bc38.jpeg"
Masala & Dry Fruits,Dry Fruits & Nuts,"https://cdn.zeptonow.com/production/tr:w-90,ar-120-121,pr-true,f-auto,q-80/cms/sub_category/42.png",Daily Good Panchmeva Dry Fruit Mix,Daily Good,213,305,200 g,4.4 (10.2k),In Stock,https://www.zeptonow.com/pn/daily-good-panchmeva-dry-fruit-mix/pvid/abba7cb2-3874-43d4-a5e2-5d78b403dd47,"https://cdn.zeptonow.com/production/tr:w-1280,ar-1941-1941,pr-true,f-auto,q-80/cms/product_variant/66eaedb4-ddaf-4f69-8e71-1b20657499c6.png"
Masala & Dry Fruits,Dry Fruits & Nuts,"https://cdn.zeptonow.com/production/tr:w-90,ar-120-121,pr-true,f-auto,q-80/cms/sub_category/42.png",Daily Good Almond - Badam | California,Daily Good,242,255,200 g,4.5 (14.1k),In Stock,https://www.zeptonow.com/pn/daily-good-almond-badam-california/pvid/e079d563-e6f0-43c5-ac3a-9f918aeece73,"https://cdn.zeptonow.com/production/tr:w-1280,ar-1200-1200,pr-true,f-auto,q-80/cms/product_variant/4fe35be0-218e-4293-8b62-013cf8df456f.jpeg"
Masala & Dry Fruits,Dry Fruits & Nuts,"https://cdn.zeptonow.com/production/tr:w-90,ar-120-121,pr-true,f-auto,q-80/cms/sub_category/42.png",Wonderland Foods Roasted & Salted Pistachios,Wonderland,260,390,200 g,4.5 (233),In Stock,https://www.zeptonow.com/pn/wonderland-foods-roasted-salted-pistachios/pvid/0c4db936-0d14-43db-9f88-4c5191c8cf11,"https://cdn.zeptonow.com/production/tr:w-1280,ar-1200-1200,pr-true,f-auto,q-80/cms/product_variant/ee3be83f-5ef9-4990-b2e8-9c9f3af65acf.jpg"
Masala & Dry Fruits,Dry Fruits & Nuts,"https://cdn.zeptonow.com/production/tr:w-90,ar-120-121,pr-true,f-auto,q-80/cms/sub_category/42.png",Bolas Cashew Value,Bolas,524,749,500 g,4.4 (425),In Stock,https://www.zeptonow.com/pn/bolas-cashew-value/pvid/a95532a7-a2b1-47f2-bf09-f06bc35dfd1b,"https://cdn.zeptonow.com/production/tr:w-1280,ar-1080-1080,pr-true,f-auto,q-80/cms/product_variant/c0b300da-7ad9-44cf-b007-fb53d891ec0f.jpg"
Masala & Dry Fruits,Dry Fruits & Nuts,"https://cdn.zeptonow.com/production/tr:w-90,ar-120-121,pr-true,f-auto,q-80/cms/sub_category/42.png",Daily Good Raisin Green | Kismish,Daily Good,257,305,500 g,4.7 (1.9k),In Stock,https://www.zeptonow.com/pn/daily-good-raisin-green-kismish/pvid/7ec5ec19-7230-4d40-94e3-71b4cb613f28,"https://cdn.zeptonow.com/production/tr:w-1280,ar-1200-1200,pr-true,f-auto,q-80/cms/product_variant/32867f95-f859-42f1-83fb-46c42a24bf39.jpeg"
Masala & Dry Fruits,Dry Fruits & Nuts,"https://cdn.zeptonow.com/production/tr:w-90,ar-120-121,pr-true,f-auto,q-80/cms/sub_category/42.png",Wonderland Foods Cashew Nuts,Wonderland,506,770,500 g,4.4 (182),In Stock,https://www.zeptonow.com/pn/wonderland-foods-cashew-nuts/pvid/91a2c1b6-0f0c-4cee-9268-1d0c8894a670,"https://cdn.zeptonow.com/production/tr:w-1280,ar-2000-2000,pr-true,f-auto,q-80/cms/product_variant/7aefd4b9-f97b-44cb-a38f-41a65042ba12.jpg"
Masala & Dry Fruits,Dry Fruits & Nuts,"https://cdn.zeptonow.com/production/tr:w-90,ar-120-121,pr-true,f-auto,q-80/cms/sub_category/42.png",Town Grocer Whole Cashew W320 Premium,Town,447,700,500 g,4.3 (377),In Stock,https://www.zeptonow.com/pn/town-grocer-whole-cashew-w320-premium/pvid/07430c53-8dce-4a15-a67a-9fd2dfa62927,"https://cdn.zeptonow.com/production/tr:w-1280,ar-1021-1021,pr-true,f-auto,q-80/cms/product_variant/702302f1-ab78-4ea3-b03c-28c5cc9daa5e.jpeg"
Masala & Dry Fruits,Dry Fruits & Nuts,"https://cdn.zeptonow.com/production/tr:w-90,ar-120-121,pr-true,f-auto,q-80/cms/sub_category/42.png",Town Grocer Whole Cashew W320 Premium,Town,92,140,100 g,4.3 (333),In Stock,https://www.zeptonow.com/pn/town-grocer-whole-cashew-w320-premium/pvid/9cfbfc41-f010-49c4-ad15-06971d74365d,"https://cdn.zeptonow.com/production/tr:w-1280,ar-1021-1021,pr-true,f-auto,q-80/cms/product_variant/c155eec1-2906-4e2c-8202-c961fb0ae1bc.jpeg"
Masala & Dry Fruits,Dry Fruits & Nuts,"https://cdn.zeptonow.com/production/tr:w-90,ar-120-121,pr-true,f-auto,q-80/cms/sub_category/42.png",Wonderland Foods Cashew Nuts,Wonderland,989,1550,1 kg,4.5 (100),In Stock,https://www.zeptonow.com/pn/wonderland-foods-cashew-nuts/pvid/72d0ea4b-24fa-4ed3-a984-161d1810809e,"https://cdn.zeptonow.com/production/tr:w-1280,ar-2000-2000,pr-true,f-auto,q-80/cms/product_variant/6373b1e6-bc2b-43bd-86fd-f4f40f6c85b0.jpg"
Masala & Dry Fruits,Dry Fruits & Nuts,"https://cdn.zeptonow.com/production/tr:w-90,ar-120-121,pr-true,f-auto,q-80/cms/sub_category/42.png",Wonderland Foods California Almonds,Wonderland,989,1450,1 kg,4.6 (89),In Stock,https://www.zeptonow.com/pn/wonderland-foods-california-almonds/pvid/8d8430e7-7b92-40e3-9448-6c5c3a09bc56,"https://cdn.zeptonow.com/production/tr:w-1280,ar-1280-1280,pr-true,f-auto,q-80/cms/product_variant/a2b661d7-9e06-45b3-ada6-456e07889a86.jpeg"
Masala & Dry Fruits,Dry Fruits & Nuts,"https://cdn.zeptonow.com/production/tr:w-90,ar-120-121,pr-true,f-auto,q-80/cms/sub_category/42.png",Daily Good Cashew | W320,Daily Good,253,385,200 g,4.6 (12.5k),In Stock,https://www.zeptonow.com/pn/daily-good-cashew-w320/pvid/83f8f397-5e02-42fa-b310-61844a7669f5,"https://cdn.zeptonow.com/production/tr:w-1280,ar-3881-3881,pr-true,f-auto,q-80/cms/product_variant/86e3700c-9d7e-44b6-abad-6a49dcb0fa31.jpeg"
Masala & Dry Fruits,Dry Fruits & Nuts,"https://cdn.zeptonow.com/production/tr:w-90,ar-120-121,pr-true,f-auto,q-80/cms/sub_category/42.png",Wonderland Foods Raisins,Wonderland,236,300,500 g,4.2 (405),In Stock,https://www.zeptonow.com/pn/wonderland-foods-raisins/pvid/cce2141f-eb40-4748-aab1-d70cf807a055,"https://cdn.zeptonow.com/production/tr:w-1280,ar-2000-2000,pr-true,f-auto,q-80/cms/product_variant/63423d5f-4dd3-4ef6-b394-31b99a741fe4.jpg"
Masala & Dry Fruits,Dry Fruits & Nuts,"https://cdn.zeptonow.com/production/tr:w-90,ar-120-121,pr-true,f-auto,q-80/cms/sub_category/42.png",Let's Try Panchmeva | Mixed Dry Fruits | Fasting Special,Let's,374,550,400 g,4.3 (1.0k),In Stock,https://www.zeptonow.com/pn/lets-try-panchmeva-mixed-dry-fruits-fasting-special/pvid/3f93ce9e-d1b0-4ffa-8796-d2fb0dc31065,"https://cdn.zeptonow.com/production/tr:w-1280,ar-1000-1000,pr-true,f-auto,q-80/cms/product_variant/801609ca-2677-4405-9ffa-c52fb884c493.jpeg"
Masala & Dry Fruits,Dry Fruits & Nuts,"https://cdn.zeptonow.com/production/tr:w-90,ar-120-121,pr-true,f-auto,q-80/cms/sub_category/42.png",Town Grocer Salted Pistacheos,Town,135,180,100 g,4.6 (437),In Stock,https://www.zeptonow.com/pn/town-grocer-salted-pistacheos/pvid/ab51983d-3ce2-4a52-9f61-90e5958110fd,"https://cdn.zeptonow.com/production/tr:w-1280,ar-1000-1000,pr-true,f-auto,q-80/cms/product_variant/a285a960-1ec4-42aa-86ad-3f5731db1bcb.jpeg"
Masala & Dry Fruits,Dry Fruits & Nuts,"https://cdn.zeptonow.com/production/tr:w-90,ar-120-121,pr-true,f-auto,q-80/cms/sub_category/42.png",Daily Good Cashew (W240),Daily Good,358,495,250 g,4.3 (984),In Stock,https://www.zeptonow.com/pn/daily-good-cashew-w240/pvid/a4ca6ac4-a4eb-44a2-bf65-a29aa5cbfc38,"https://cdn.zeptonow.com/production/tr:w-1280,ar-1200-1200,pr-true,f-auto,q-80/cms/product_variant/7364c8ee-baa8-4f53-ae38-b335eb8034bd.jpeg"
Masala & Dry Fruits,Dry Fruits & Nuts,"https://cdn.zeptonow.com/production/tr:w-90,ar-120-121,pr-true,f-auto,q-80/cms/sub_category/42.png",Popular Essentials Dry Grapes/Raisins,Popular Essentials,175,180,250 g,5 (501),In Stock,https://www.zeptonow.com/pn/popular-essentials-dry-grapesraisins/pvid/40ca01a9-7cd7-4ad1-8e9f-f86e93bbee56,"https://cdn.zeptonow.com/production/tr:w-1280,ar-1000-1000,pr-true,f-auto,q-80/cms/product_variant/896be3a3-dbac-4af1-a9d2-6c9c2f582b57.jpeg"
Masala & Dry Fruits,Dry Fruits & Nuts,"https://cdn.zeptonow.com/production/tr:w-90,ar-120-121,pr-true,f-auto,q-80/cms/sub_category/42.png",Town Grocer Plain Pista Kernels,Town,248,400,100 g,4.7 (502),In Stock,https://www.zeptonow.com/pn/town-grocer-plain-pista-kernels/pvid/7396b63b-e62e-4e93-8b2e-c41f6e4b552c,"https://cdn.zeptonow.com/production/tr:w-1280,ar-1021-1021,pr-true,f-auto,q-80/cms/product_variant/c7c5bf18-c1e9-45b3-b44b-609b47fc8656.jpeg"
Masala & Dry Fruits,Dry Fruits & Nuts,"https://cdn.zeptonow.com/production/tr:w-90,ar-120-121,pr-true,f-auto,q-80/cms/sub_category/42.png",Wonderland Foods Australian Almonds,Wonderland,477,599,500 g,4.1 (826),In Stock,https://www.zeptonow.com/pn/wonderland-foods-australian-almonds/pvid/f9062f3b-2491-48a9-b99f-810b11384187,"https://cdn.zeptonow.com/production/tr:w-1280,ar-1001-1001,pr-true,f-auto,q-80/cms/product_variant/1f7c8047-9825-409b-a683-30677b641db2.jpg"
Masala & Dry Fruits,Dry Fruits & Nuts,"https://cdn.zeptonow.com/production/tr:w-90,ar-120-121,pr-true,f-auto,q-80/cms/sub_category/42.png",Daily Good Chironji / Cuddapah Almond,Daily Good,111,275,50 g,4.4 (988),In Stock,https://www.zeptonow.com/pn/daily-good-chironji-cuddapah-almond/pvid/538d21ea-ef6e-41eb-935b-dfd4c0824f27,"https://cdn.zeptonow.com/production/tr:w-1280,ar-1200-1200,pr-true,f-auto,q-80/cms/product_variant/ac045e40-352c-4211-8a2a-9dc67b52c235.jpeg"
Masala & Dry Fruits,Dry Fruits & Nuts,"https://cdn.zeptonow.com/production/tr:w-90,ar-120-121,pr-true,f-auto,q-80/cms/sub_category/42.png",Daily Good Pistachios California Salted,Daily Good,152,230,100 g,4.4 (14.1k),In Stock,https://www.zeptonow.com/pn/daily-good-pistachios-california-salted/pvid/a2ecf7d9-3e0d-4557-ba5b-af57b11c7b5d,"https://cdn.zeptonow.com/production/tr:w-1280,ar-5000-5000,pr-true,f-auto,q-80/cms/product_variant/e3a5e0c3-3310-4184-a6e1-a8227e45f8e5.jpeg"
Masala & Dry Fruits,Dry Fruits & Nuts,"https://cdn.zeptonow.com/production/tr:w-90,ar-120-121,pr-true,f-auto,q-80/cms/sub_category/42.png",Smart One Raisin Yellow,Smart One,215,275,500 g,4.6 (2.2k),In Stock,https://www.zeptonow.com/pn/smart-one-raisin-yellow/pvid/9d95ae8a-87ae-40a8-8b98-e1d6441cc27b,"https://cdn.zeptonow.com/production/tr:w-1280,ar-1125-1125,pr-true,f-auto,q-80/cms/product_variant/e035d7b8-8b13-4a15-bbb4-979cb728ddc8.jpeg"
Masala & Dry Fruits,Dry Fruits & Nuts,"https://cdn.zeptonow.com/production/tr:w-90,ar-120-121,pr-true,f-auto,q-80/cms/sub_category/42.png",TMI Colman Almond,TMI,489,749,500 g,4.2 (245),In Stock,https://www.zeptonow.com/pn/tmi-colman-almond/pvid/6a1ea5a3-ec03-4059-aa53-4d8c0f4d2b32,"https://cdn.zeptonow.com/production/tr:w-1280,ar-1200-1200,pr-true,f-auto,q-80/cms/product_variant/57ffa3f8-dc07-4cb1-883e-bf72bae2c208.jpeg"
Masala & Dry Fruits,Dry Fruits & Nuts,"https://cdn.zeptonow.com/production/tr:w-90,ar-120-121,pr-true,f-auto,q-80/cms/sub_category/42.png",Daily Good Raisin Afghan | Kismish,Daily Good,94,175,100 g,4.6 (276),In Stock,https://www.zeptonow.com/pn/daily-good-raisin-afghan-kismish/pvid/68dabdac-21f8-4d10-b39c-c0d2374ea770,"https://cdn.zeptonow.com/production/tr:w-1280,ar-1000-1000,pr-true,f-auto,q-80/cms/product_variant/c45ba74e-ef6d-4e5d-aa84-3c4f1c4cb713.jpeg"
Masala & Dry Fruits,Dry Fruits & Nuts,"https://cdn.zeptonow.com/production/tr:w-90,ar-120-121,pr-true,f-auto,q-80/cms/sub_category/42.png",Smart One Makhana,Smart One,162,220,100 g,4.4 (2.4k),In Stock,https://www.zeptonow.com/pn/smart-one-makhana/pvid/de5613c6-6ee6-4a58-b5c3-0362afbb36ae,"https://cdn.zeptonow.com/production/tr:w-1280,ar-1500-1500,pr-true,f-auto,q-80/cms/product_variant/203bffae-0e0d-4c54-96de-14a836a5ee8f.jpeg"
Masala & Dry Fruits,Dry Fruits & Nuts,"https://cdn.zeptonow.com/production/tr:w-90,ar-120-121,pr-true,f-auto,q-80/cms/sub_category/42.png",Wonderland Foods Turkish Hazelnuts,Wonderland,325,599,200 g,5 (193),In Stock,https://www.zeptonow.com/pn/wonderland-foods-turkish-hazelnuts/pvid/40f36579-288b-4f74-9fb2-5db9e89da574,"https://cdn.zeptonow.com/production/tr:w-1280,ar-1500-1500,pr-true,f-auto,q-80/cms/product_variant/b183488b-bbba-407f-bd21-3d07cb92eb46.jpg"
Masala & Dry Fruits,Dry Fruits & Nuts,"https://cdn.zeptonow.com/production/tr:w-90,ar-120-121,pr-true,f-auto,q-80/cms/sub_category/42.png",Wonderland Foods California In-shell Walnuts,Wonderland,280,475,500 g,4.2 (118),In Stock,https://www.zeptonow.com/pn/wonderland-foods-california-in-shell-walnuts/pvid/a2820050-f8ce-477a-8308-4085888d796f,"https://cdn.zeptonow.com/production/tr:w-1280,ar-1500-1500,pr-true,f-auto,q-80/cms/product_variant/0ef78e73-b4c3-4f1a-92e2-aecfc1751aa9.jpg"
Masala & Dry Fruits,Dry Fruits & Nuts,"https://cdn.zeptonow.com/production/tr:w-90,ar-120-121,pr-true,f-auto,q-80/cms/sub_category/42.png","Nutty Gritties Roasted Pistachios - Lightly Salted, Non-Fried, Zero-Oil",Nutty,376,465,200 g,4.8 (197),In Stock,https://www.zeptonow.com/pn/nutty-gritties-roasted-pistachios-lightly-salted-non-fried-zero-oil/pvid/82615835-7e9b-438d-a4ca-5a2065044322,"https://cdn.zeptonow.com/production/tr:w-1280,ar-1500-1500,pr-true,f-auto,q-80/cms/product_variant/062fa855-3666-47a5-82cb-b1f696b30529.jpg"
Masala & Dry Fruits,Dry Fruits & Nuts,"https://cdn.zeptonow.com/production/tr:w-90,ar-120-121,pr-true,f-auto,q-80/cms/sub_category/42.png",Smart One Cashew Broken,Smart One,228,305,200 g,4.1 (750),In Stock,https://www.zeptonow.com/pn/smart-one-cashew-broken/pvid/d4f7d1c0-ecc8-4621-a9fc-9e0114963c02,"https://cdn.zeptonow.com/production/tr:w-1280,ar-1500-1500,pr-true,f-auto,q-80/cms/product_variant/4d7be1c8-2158-495c-9e47-8443f0538045.jpeg"
Masala & Dry Fruits,Dry Fruits & Nuts,"https://cdn.zeptonow.com/production/tr:w-90,ar-120-121,pr-true,f-auto,q-80/cms/sub_category/42.png",TMI Colman Pista,TMI,335,500,250 g,4.1 (376),In Stock,https://www.zeptonow.com/pn/tmi-colman-pista/pvid/ab8d148b-2a8b-4dcc-8c36-255f52a4970d,"https://cdn.zeptonow.com/production/tr:w-1280,ar-1145-1600,pr-true,f-auto,q-80/inventory/product/39e1e351-84f8-41d3-a32e-721595442a59-/tmp/20230918-1650041.jpeg"
Masala & Dry Fruits,Dry Fruits & Nuts,"https://cdn.zeptonow.com/production/tr:w-90,ar-120-121,pr-true,f-auto,q-80/cms/sub_category/42.png",TMI Colman Cashew 320N,TMI,452,820,500 g,4.1 (658),In Stock,https://www.zeptonow.com/pn/tmi-colman-cashew-320n/pvid/16615784-4fe0-4798-be5d-2eba3ce46dfd,"https://cdn.zeptonow.com/production/tr:w-1280,ar-2400-2400,pr-true,f-auto,q-80/cms/product_variant/7cfd22a8-5176-44b9-a334-9cbf8b5d6054.jpeg"
Masala & Dry Fruits,Dry Fruits & Nuts,"https://cdn.zeptonow.com/production/tr:w-90,ar-120-121,pr-true,f-auto,q-80/cms/sub_category/42.png",Town Grocer Chironji,Town,150,150,50 g,4.7 (823),In Stock,https://www.zeptonow.com/pn/town-grocer-chironji/pvid/4033479c-87f2-4c07-badd-35c57eeb0b5c,"https://cdn.zeptonow.com/production/tr:w-1280,ar-1600-1600,pr-true,f-auto,q-80/cms/product_variant/7ff798c0-b165-4bc1-8358-27da4cb5503a.jpeg"
Masala & Dry Fruits,Dry Fruits & Nuts,"https://cdn.zeptonow.com/production/tr:w-90,ar-120-121,pr-true,f-auto,q-80/cms/sub_category/42.png",Wonderland Foods Macadamia Nuts,Wonderland,749,999,200 g,4.6 (308),In Stock,https://www.zeptonow.com/pn/wonderland-foods-macadamia-nuts/pvid/6d63712b-be75-41ec-a44f-a29471d9b60d,"https://cdn.zeptonow.com/production/tr:w-1280,ar-1200-1200,pr-true,f-auto,q-80/cms/product_variant/795f0890-e87e-41fa-abf9-64c5d5b87438.jpeg"
Masala & Dry Fruits,Dry Fruits & Nuts,"https://cdn.zeptonow.com/production/tr:w-90,ar-120-121,pr-true,f-auto,q-80/cms/sub_category/42.png",DeHaat Honest Farms Pesticide Free Mithila Makhana (Premium),DeHaat,384,590,200 g,4.6 (407),In Stock,https://www.zeptonow.com/pn/dehaat-honest-farms-pesticide-free-mithila-makhana-premium/pvid/3587cf18-24b1-4a3e-8526-cf5c3ea4b409,"https://cdn.zeptonow.com/production/tr:w-1280,ar-900-900,pr-true,f-auto,q-80/cms/product_variant/24056c45-ec88-4896-be4f-505a885917ad.jpg"
Masala & Dry Fruits,Dry Fruits & Nuts,"https://cdn.zeptonow.com/production/tr:w-90,ar-120-121,pr-true,f-auto,q-80/cms/sub_category/42.png",TMI Colman Phool Makhana (Premium),TMI,349,499,200 g,4.4 (872),In Stock,https://www.zeptonow.com/pn/tmi-colman-phool-makhana-premium/pvid/e96432ca-e674-4473-aa21-392d71ebd2ee,"https://cdn.zeptonow.com/production/tr:w-1280,ar-1214-1600,pr-true,f-auto,q-80/cms/product_variant/359efc58-75cb-4811-a914-c28a063c54d6.jpg"
Masala & Dry Fruits,Dry Fruits & Nuts,"https://cdn.zeptonow.com/production/tr:w-90,ar-120-121,pr-true,f-auto,q-80/cms/sub_category/42.png",Khari Foods Black Raisins Dried,Khari,174,249,200 g,4.3 (946),In Stock,https://www.zeptonow.com/pn/khari-foods-black-raisins-dried/pvid/45022dca-44e1-44cd-8cdf-2d69ec0dd1fc,"https://cdn.zeptonow.com/production/tr:w-1280,ar-1500-1500,pr-true,f-auto,q-80/cms/product_variant/97d8c8c4-d2bf-4c9e-b526-becc7672526a.jpeg"
Masala & Dry Fruits,Dry Fruits & Nuts,"https://cdn.zeptonow.com/production/tr:w-90,ar-120-121,pr-true,f-auto,q-80/cms/sub_category/42.png",TMI Fresh Phool Makhana,TMI,169,259,100 g,4.6 (5.6k),In Stock,https://www.zeptonow.com/pn/tmi-fresh-phool-makhana/pvid/13cac533-2015-4ed8-ab17-45f127390cc9,"https://cdn.zeptonow.com/production/tr:w-1280,ar-1130-1600,pr-true,f-auto,q-80/cms/product_variant/c059dfb2-1d78-44af-9ec1-6a3c5ff4fd60.jpg"
Masala & Dry Fruits,Dry Fruits & Nuts,"https://cdn.zeptonow.com/production/tr:w-90,ar-120-121,pr-true,f-auto,q-80/cms/sub_category/42.png",Daily Good Munakka | Abjosh - Raisin,Daily Good,168,255,200 g,4.7 (1.2k),In Stock,https://www.zeptonow.com/pn/daily-good-munakka-abjosh-raisin/pvid/15b2eac7-25fa-4e73-8d05-a52a695a491b,"https://cdn.zeptonow.com/production/tr:w-1280,ar-1200-1200,pr-true,f-auto,q-80/cms/product_variant/f5a85d12-0d0a-45a8-85c9-59d07cecc136.jpeg"
Masala & Dry Fruits,Dry Fruits & Nuts,"https://cdn.zeptonow.com/production/tr:w-90,ar-120-121,pr-true,f-auto,q-80/cms/sub_category/42.png",Daily Good Makhana,Daily Good,351,495,200 g,4.5 (153),In Stock,https://www.zeptonow.com/pn/daily-good-makhana/pvid/0a4678b3-091e-46a4-a9b5-60107dc5d46f,"https://cdn.zeptonow.com/production/tr:w-1280,ar-3881-3881,pr-true,f-auto,q-80/cms/product_variant/da15821b-41f7-4be9-a620-8a2fe54769f4.jpeg"
Masala & Dry Fruits,Dry Fruits & Nuts,"https://cdn.zeptonow.com/production/tr:w-90,ar-120-121,pr-true,f-auto,q-80/cms/sub_category/42.png",Bolas Daily Trail Mix,Bolas,311,360,200 g,4.5 (215),In Stock,https://www.zeptonow.com/pn/bolas-daily-trail-mix/pvid/d7026dc0-2f3e-4350-8e4b-f76a3aa2feb9,"https://cdn.zeptonow.com/production/tr:w-1280,ar-3000-3000,pr-true,f-auto,q-80/cms/product_variant/7f9e3e40-acb2-43db-9d56-314e973f61aa.jpg"
Masala & Dry Fruits,Dry Fruits & Nuts,"https://cdn.zeptonow.com/production/tr:w-90,ar-120-121,pr-true,f-auto,q-80/cms/sub_category/42.png",Natureland Organic Raisins,Natureland,181,225,250 g,4.3 (125),In Stock,https://www.zeptonow.com/pn/natureland-organic-raisins/pvid/6cdc8fec-47ce-434d-8f63-38cd5ccaea16,"https://cdn.zeptonow.com/production/tr:w-1280,ar-2400-2400,pr-true,f-auto,q-80/cms/product_variant/3eb99812-3d69-4174-891c-34511c85a4f2.jpg"
Masala & Dry Fruits,Dry Fruits & Nuts,"https://cdn.zeptonow.com/production/tr:w-90,ar-120-121,pr-true,f-auto,q-80/cms/sub_category/42.png",Daily Good Raisin Afghan,Daily Good,188,340,200 g,4.4 (498),In Stock,https://www.zeptonow.com/pn/daily-good-raisin-afghan/pvid/343ddb8f-580a-4fd2-a3b9-c1e1ff8e00a9,"https://cdn.zeptonow.com/production/tr:w-1280,ar-1941-1941,pr-true,f-auto,q-80/cms/product_variant/23dd8566-87c4-4dfb-88b1-60964a677f62.jpg"
Masala & Dry Fruits,Dry Fruits & Nuts,"https://cdn.zeptonow.com/production/tr:w-90,ar-120-121,pr-true,f-auto,q-80/cms/sub_category/42.png",Rajdhani Makhana,Rajdhani,452,550,250 g,4.6 (322),In Stock,https://www.zeptonow.com/pn/rajdhani-makhana/pvid/0b9d5f4b-0def-4c1c-b80b-d9782a634bdd,"https://cdn.zeptonow.com/production/tr:w-1280,ar-1021-1021,pr-true,f-auto,q-80/cms/product_variant/7809ab01-42e3-429b-b495-026c25b5af5c.jpeg"
Masala & Dry Fruits,Dry Fruits & Nuts,"https://cdn.zeptonow.com/production/tr:w-90,ar-120-121,pr-true,f-auto,q-80/cms/sub_category/42.png",TMI Colman California Almond,TMI,114,149,100 g,4.4 (703),In Stock,https://www.zeptonow.com/pn/tmi-colman-california-almond/pvid/53a6ba59-7769-41bb-89e0-f2864d55c259,"https://cdn.zeptonow.com/production/tr:w-1280,ar-1145-1600,pr-true,f-auto,q-80/inventory/product/5ae605db-2997-49d6-825c-50b59e251cd1-/tmp/20230918-1649421.jpeg"
Masala & Dry Fruits,Dry Fruits & Nuts,"https://cdn.zeptonow.com/production/tr:w-90,ar-120-121,pr-true,f-auto,q-80/cms/sub_category/42.png",Khetika Naturale Premium Makhana,Khetika,349,599,200 g,5 (82),In Stock,https://www.zeptonow.com/pn/khetika-naturale-premium-makhana/pvid/fc4df7c8-65a6-4ff5-a642-1d9c11d1ce14,"https://cdn.zeptonow.com/production/tr:w-1280,ar-721-1029,pr-true,f-auto,q-80/cms/product_variant/89d606ab-2d8f-4b63-b232-1f0fd55aea37.jpeg"
Masala & Dry Fruits,Dry Fruits & Nuts,"https://cdn.zeptonow.com/production/tr:w-90,ar-120-121,pr-true,f-auto,q-80/cms/sub_category/42.png",Wonderland Foods Mamra Badam,Wonderland,599,599,200 g,3.9 (236),In Stock,https://www.zeptonow.com/pn/wonderland-foods-mamra-badam/pvid/ad69c81b-fc62-420e-99c5-3a02c33648e6,"https://cdn.zeptonow.com/production/tr:w-1280,ar-1200-1286,pr-true,f-auto,q-80/cms/product_variant/8d4755ad-b32e-4158-a171-eb8b334cc39f.jpg"
Masala & Dry Fruits,Dry Fruits & Nuts,"https://cdn.zeptonow.com/production/tr:w-90,ar-120-121,pr-true,f-auto,q-80/cms/sub_category/42.png",Town Grocer Kishmis / Raisins,Town,249,340,500 g,4.6 (155),In Stock,https://www.zeptonow.com/pn/town-grocer-kishmis-raisins/pvid/6dc200b6-a297-4e1c-8b75-1156e87e1a28,"https://cdn.zeptonow.com/production/tr:w-1280,ar-1021-1021,pr-true,f-auto,q-80/cms/product_variant/f5a871ba-9d44-41ea-8ff2-f90b92256fa9.jpeg"
Masala & Dry Fruits,Dry Fruits & Nuts,"https://cdn.zeptonow.com/production/tr:w-90,ar-120-121,pr-true,f-auto,q-80/cms/sub_category/42.png",Wonderland Foods Phool Makhana Fox Nuts,Wonderland,485,849,300 g,3.9 (71),In Stock,https://www.zeptonow.com/pn/wonderland-foods-phool-makhana-fox-nuts/pvid/ddcd4f33-8be5-4c6d-b3a4-4f6216d09048,"https://cdn.zeptonow.com/production/tr:w-1280,ar-2000-2000,pr-true,f-auto,q-80/cms/product_variant/d784d940-e6fc-4c74-a648-86e7c1c19494.jpg"
Masala & Dry Fruits,Dry Fruits & Nuts,"https://cdn.zeptonow.com/production/tr:w-90,ar-120-121,pr-true,f-auto,q-80/cms/sub_category/42.png",TMI Colman Walnut Kernel,TMI,362,599,200 g,4.2 (245),In Stock,https://www.zeptonow.com/pn/tmi-colman-walnut-kernel/pvid/4b8405a1-2e7a-4603-8ab7-21df7680f66d,"https://cdn.zeptonow.com/production/tr:w-1280,ar-1389-1389,pr-true,f-auto,q-80/cms/product_variant/1e1bc528-ffe4-4f6e-927a-0d602def5dd3.jpg"
Masala & Dry Fruits,Dry Fruits & Nuts,"https://cdn.zeptonow.com/production/tr:w-90,ar-120-121,pr-true,f-auto,q-80/cms/sub_category/42.png",TMI Colman Raisins Premium,TMI,49,75,100 g,4.1 (546),In Stock,https://www.zeptonow.com/pn/tmi-colman-raisins-premium/pvid/447b35ac-09d1-4770-b534-74a5d6877fa0,"https://cdn.zeptonow.com/production/tr:w-1280,ar-1145-1600,pr-true,f-auto,q-80/inventory/product/056844b0-b86d-485e-a6ba-fedc653a4916-/tmp/20230918-1654541.jpeg"
Masala & Dry Fruits,Dry Fruits & Nuts,"https://cdn.zeptonow.com/production/tr:w-90,ar-120-121,pr-true,f-auto,q-80/cms/sub_category/42.png",Rajdhani Makahan | Plain Fox Nuts,Rajdhani,201,225,100 g,4.7 (102),In Stock,https://www.zeptonow.com/pn/rajdhani-makahan-plain-fox-nuts/pvid/ececbb32-de9e-43f2-9d87-93b70faf1a9e,"https://cdn.zeptonow.com/production/tr:w-1280,ar-1254-1658,pr-true,f-auto,q-80/cms/product_variant/cad98b47-3f89-4b11-9be3-01dad58a2d8e.jpg"
Masala & Dry Fruits,Dry Fruits & Nuts,"https://cdn.zeptonow.com/production/tr:w-90,ar-120-121,pr-true,f-auto,q-80/cms/sub_category/42.png",Smart One Cashew Whole,Smart One,174,345,200 g,4.3 (2.5k),In Stock,https://www.zeptonow.com/pn/smart-one-cashew-whole/pvid/9d3ecf0a-2309-4155-9e38-c896939035fe,"https://cdn.zeptonow.com/production/tr:w-1280,ar-1500-1500,pr-true,f-auto,q-80/cms/product_variant/dba3d0d5-796d-465b-b696-fc1495ded7c7.jpeg"
Masala & Dry Fruits,Dry Fruits & Nuts,"https://cdn.zeptonow.com/production/tr:w-90,ar-120-121,pr-true,f-auto,q-80/cms/sub_category/42.png",Organic Tattva Organic Walnuts,Organic Tattva,615,750,100 g,4.7 (95),In Stock,https://www.zeptonow.com/pn/organic-tattva-organic-walnuts/pvid/fad2e09e-6191-40d0-ab3e-f9ed11a90178,"https://cdn.zeptonow.com/production/tr:w-1280,ar-885-1050,pr-true,f-auto,q-80/inventory/product/f87a112f-8625-452f-bd78-ebab0a52bc24-/tmp/20230314-1318151.jpeg"
Masala & Dry Fruits,Dry Fruits & Nuts,"https://cdn.zeptonow.com/production/tr:w-90,ar-120-121,pr-true,f-auto,q-80/cms/sub_category/42.png",Smart One Cashew Broken,Smart One,434,710,500 g,4.5 (519),In Stock,https://www.zeptonow.com/pn/smart-one-cashew-broken/pvid/6373d202-3051-44b9-a93a-3f212ce89bae,"https://cdn.zeptonow.com/production/tr:w-1280,ar-1500-1500,pr-true,f-auto,q-80/cms/product_variant/0bac7b56-ed44-4882-a7ca-0776a0dbf365.jpeg"
Masala & Dry Fruits,Dry Fruits & Nuts,"https://cdn.zeptonow.com/production/tr:w-90,ar-120-121,pr-true,f-auto,q-80/cms/sub_category/42.png",Daily Good Walnut / Akhrot Inshell,Daily Good,122,235,200 g,4.1 (722),In Stock,https://www.zeptonow.com/pn/daily-good-walnut-akhrot-inshell/pvid/7e3dfe34-f1bf-40e4-9db3-548d3998c077,"https://cdn.zeptonow.com/production/tr:w-1280,ar-1200-1200,pr-true,f-auto,q-80/cms/product_variant/2af1b969-5792-4eb7-a34b-5c858265dca3.jpeg"
Masala & Dry Fruits,Dry Fruits & Nuts,"https://cdn.zeptonow.com/production/tr:w-90,ar-120-121,pr-true,f-auto,q-80/cms/sub_category/42.png",Town Grocer Kishmis / Raisins,Town,170,170,200 g,4.2 (653),In Stock,https://www.zeptonow.com/pn/town-grocer-kishmis-raisins/pvid/521592f5-d780-4df2-b679-ad64e73869da,"https://cdn.zeptonow.com/production/tr:w-1280,ar-3000-3000,pr-true,f-auto,q-80/cms/product_variant/58b0542a-8a53-4f77-80f8-e64d937f14b2.jpeg"
Masala & Dry Fruits,Dry Fruits & Nuts,"https://cdn.zeptonow.com/production/tr:w-90,ar-120-121,pr-true,f-auto,q-80/cms/sub_category/42.png",Daily Good Walnut / Akhrot Inshell,Daily Good,300,580,500 g,4.1 (374),In Stock,https://www.zeptonow.com/pn/daily-good-walnut-akhrot-inshell/pvid/5d2a9b94-3d7e-45b8-8173-20c5fa1db107,"https://cdn.zeptonow.com/production/tr:w-1280,ar-1200-1200,pr-true,f-auto,q-80/cms/product_variant/0b9e1c5d-023d-45ad-a0ae-4ab13d6e9c1a.jpeg"
Masala & Dry Fruits,Dry Fruits & Nuts,"https://cdn.zeptonow.com/production/tr:w-90,ar-120-121,pr-true,f-auto,q-80/cms/sub_category/42.png",Farmley Prasadam Makhana | Foxnuts 200 g Combo,Farmley,832,1190,200 g X 2,4.3 (922),In Stock,https://www.zeptonow.com/pn/farmley-prasadam-makhana-foxnuts-200-g-combo/pvid/bb9f08c7-1d92-4bbe-af14-fbdac95129a7,"https://cdn.zeptonow.com/production/tr:w-1280,ar-1500-1500,pr-true,f-auto,q-80/cms/product_variant/6555.jpg"
Masala & Dry Fruits,Dry Fruits & Nuts,"https://cdn.zeptonow.com/production/tr:w-90,ar-120-121,pr-true,f-auto,q-80/cms/sub_category/42.png",Daily Good Almond / Badam (California)(100gms) & Daily Good Dried Dates(200gms) Combo,Daily Good,226,285,2 combo,4.2 (788),In Stock,https://www.zeptonow.com/pn/daily-good-almond-badam-california100gms-daily-good-dried-dates200gms-combo/pvid/765ad1f7-d66c-4d6a-bf05-298eaa78161e,"https://cdn.zeptonow.com/production/tr:w-1280,ar-1494-1494,pr-true,f-auto,q-80/cms/product_variant/518b0633-a7c0-4dfb-9472-416639bffd3f.jpg"
Masala & Dry Fruits,Dry Fruits & Nuts,"https://cdn.zeptonow.com/production/tr:w-90,ar-120-121,pr-true,f-auto,q-80/cms/sub_category/42.png",Nutraj Classic Super Value Cashew 200 g Combo,Nutraj,462,798,200 g X 2,4.6 (838),In Stock,https://www.zeptonow.com/pn/nutraj-classic-super-value-cashew-200-g-combo/pvid/6cf2b7c3-b594-4510-9ada-184290cde98a,"https://cdn.zeptonow.com/production/tr:w-1280,ar-1500-1500,pr-true,f-auto,q-80/cms/product_variant/ee568048-422e-4cac-8e61-bf633875c2a3.jpg"
Masala & Dry Fruits,Dry Fruits & Nuts,"https://cdn.zeptonow.com/production/tr:w-90,ar-120-121,pr-true,f-auto,q-80/cms/sub_category/42.png",Daily Good Panchmeva Dry Fruit Mix 200 g Combo,Daily Good,388,610,200 g X 2,4.4 (850),In Stock,https://www.zeptonow.com/pn/daily-good-panchmeva-dry-fruit-mix-200-g-combo/pvid/87891d05-6eaa-43bf-825c-e8e9a8c3969f,"https://cdn.zeptonow.com/production/tr:w-1280,ar-1280-1280,pr-true,f-auto,q-80/cms/product_variant/c153052c-bda3-4fc0-b804-42d64b4f9007.jpg"
Masala & Dry Fruits,Dry Fruits & Nuts,"https://cdn.zeptonow.com/production/tr:w-90,ar-120-121,pr-true,f-auto,q-80/cms/sub_category/42.png",Daily Good Walnut / Akhrot Broken Kernels(200gms) & Daily Good Almond / Badam (California)(100gms) Combo,Daily Good,443,510,2 combo,4.4 (334),In Stock,https://www.zeptonow.com/pn/daily-good-walnut-akhrot-broken-kernels200gms-daily-good-almond-badam-california100gms-combo/pvid/a3d01b38-e3ad-45b4-879d-fe9c83b6cb43,"https://cdn.zeptonow.com/production/tr:w-1280,ar-1494-1494,pr-true,f-auto,q-80/cms/product_variant/093b1ee6-1267-47d8-9b2d-754459fc9e29.jpg"
Masala & Dry Fruits,Dry Fruits & Nuts,"https://cdn.zeptonow.com/production/tr:w-90,ar-120-121,pr-true,f-auto,q-80/cms/sub_category/42.png","Daily Good Cashew / Kaju Split(100gms), Daily Good Raisin Golden (Kismish)(200gms) & Daily Good Almond / Badam (California)(100gms) Combo",Daily Good,354,445,3 combo,4.2 (233),In Stock,https://www.zeptonow.com/pn/daily-good-cashew-kaju-split100gms-daily-good-raisin-golden-kismish200gms-daily-good-almond-badam-california100gms-combo/pvid/9ade2406-ae04-4ed1-b55d-b0e2886d145f,"https://cdn.zeptonow.com/production/tr:w-1280,ar-1494-1494,pr-true,f-auto,q-80/cms/product_variant/57f00502-190a-41d0-be4e-542ce4d43cd0.jpg"
Masala & Dry Fruits,Dry Fruits & Nuts,"https://cdn.zeptonow.com/production/tr:w-90,ar-120-121,pr-true,f-auto,q-80/cms/sub_category/42.png",Daily Good Cashew / Kaju Broken 200 g Combo,Daily Good,482,680,200 g X 2,4.6 (614),In Stock,https://www.zeptonow.com/pn/daily-good-cashew-kaju-broken-200-g-combo/pvid/986c0b97-43c7-43d7-990f-799be67ba570,"https://cdn.zeptonow.com/production/tr:w-1280,ar-1500-1500,pr-true,f-auto,q-80/cms/product_variant/b47ff82c-e02e-4719-a996-90a53cca0136.jpg"
Masala & Dry Fruits,Dry Fruits & Nuts,"https://cdn.zeptonow.com/production/tr:w-90,ar-120-121,pr-true,f-auto,q-80/cms/sub_category/42.png",Daily Good Almond (California)(200gms) & Daily Good Raisin Golden(200gms) Combo,Daily Good,347,375,2 combo,4.6 (69),In Stock,https://www.zeptonow.com/pn/daily-good-almond-california200gms-daily-good-raisin-golden200gms-combo/pvid/5f473a06-c64f-4150-a17e-a8386e482ee0,"https://cdn.zeptonow.com/production/tr:w-1280,ar-1494-1494,pr-true,f-auto,q-80/cms/product_variant/7a81da66-1182-4f3b-8638-3352c93991d0.jpg"
Masala & Dry Fruits,Dry Fruits & Nuts,"https://cdn.zeptonow.com/production/tr:w-90,ar-120-121,pr-true,f-auto,q-80/cms/sub_category/42.png",Daily Good Pistachios Plain 100 g Combo,Daily Good,498,650,100 g X 2,4.2 (544),In Stock,https://www.zeptonow.com/pn/daily-good-pistachios-plain-100-g-combo/pvid/63a766ba-2ef7-49c0-87c2-6094fd54ddb0,"https://cdn.zeptonow.com/production/tr:w-1280,ar-1500-1500,pr-true,f-auto,q-80/cms/product_variant/647d1f00-646d-4db2-8f46-966b8ad4fa8c.jpg"
Masala & Dry Fruits,Dry Fruits & Nuts,"https://cdn.zeptonow.com/production/tr:w-90,ar-120-121,pr-true,f-auto,q-80/cms/sub_category/42.png",Nutraj Black Raisin Pouch 200 g Combo,Nutraj,294,498,200 g X 2,4.6 (87),In Stock,https://www.zeptonow.com/pn/nutraj-black-raisin-pouch-200-g-combo/pvid/33714c5b-7928-475f-897e-01e065622f21,"https://cdn.zeptonow.com/production/tr:w-1280,ar-1500-1500,pr-true,f-auto,q-80/inventory/product/893a5eb6-f33d-416c-a86c-3a55de39cb10-1027.jpg"
Masala & Dry Fruits,Dry Fruits & Nuts,"https://cdn.zeptonow.com/production/tr:w-90,ar-120-121,pr-true,f-auto,q-80/cms/sub_category/42.png",Daily Good Cashew (W320)(500gms) & Daily Good Almond (California)(500gms) Combo,Daily Good,1127,1515,2 combo,4.2 (124),In Stock,https://www.zeptonow.com/pn/daily-good-cashew-w320500gms-daily-good-almond-california500gms-combo/pvid/b8b6521d-5be3-424c-9d74-502f89c86090,"https://cdn.zeptonow.com/production/tr:w-1280,ar-1494-1494,pr-true,f-auto,q-80/cms/product_variant/a8ddca0a-6f4b-4bef-939f-2274b793e597.jpg"
Masala & Dry Fruits,Dry Fruits & Nuts,"https://cdn.zeptonow.com/production/tr:w-90,ar-120-121,pr-true,f-auto,q-80/cms/sub_category/42.png",Farmley Premium Broken Chile Walnut Kernels (Akhrot) 200 g Combo,Farmley,624,858,200 g X 2,4.7 (772),In Stock,https://www.zeptonow.com/pn/farmley-premium-broken-chile-walnut-kernels-akhrot-200-g-combo/pvid/b90bfe80-564e-4dfd-861c-037974432d12,"https://cdn.zeptonow.com/production/tr:w-1280,ar-1500-1500,pr-true,f-auto,q-80/cms/product_variant/6580.jpg"
Masala & Dry Fruits,Dry Fruits & Nuts,"https://cdn.zeptonow.com/production/tr:w-90,ar-120-121,pr-true,f-auto,q-80/cms/sub_category/42.png",Daily Good Cashew ( W320)(200gms) & Daily Good Almond (California)(200gms) Combo,Daily Good,475,640,2 combo,4.2 (658),In Stock,https://www.zeptonow.com/pn/daily-good-cashew-w320200gms-daily-good-almond-california200gms-combo/pvid/7e1fe5ea-1538-4b72-ae8e-5a021954f7e1,"https://cdn.zeptonow.com/production/tr:w-1280,ar-1494-1494,pr-true,f-auto,q-80/cms/product_variant/3df60db9-7356-4d5a-a9f6-4f2c1ae0ac7c.jpg"
Masala & Dry Fruits,Dry Fruits & Nuts,"https://cdn.zeptonow.com/production/tr:w-90,ar-120-121,pr-true,f-auto,q-80/cms/sub_category/42.png",Daily Good Cashew | W320 200 g Combo,Daily Good,482,770,200 g X 2,4.7 (203),In Stock,https://www.zeptonow.com/pn/daily-good-cashew-w320-200-g-combo/pvid/fca44381-1dd0-4222-85a0-7d391d4fa939,"https://cdn.zeptonow.com/production/tr:w-1280,ar-1500-1500,pr-true,f-auto,q-80/cms/product_variant/7362b96b-0cb7-4f93-93f1-cbf598ccd367.jpg"
Masala & Dry Fruits,Dry Fruits & Nuts,"https://cdn.zeptonow.com/production/tr:w-90,ar-120-121,pr-true,f-auto,q-80/cms/sub_category/42.png",Nutraj Cashew 1 kg Combo,Nutraj,2130,2998,1 kg X 2,4.5 (597),In Stock,https://www.zeptonow.com/pn/nutraj-cashew-1-kg-combo/pvid/50931c37-4562-481d-96ba-6e5ffb721716,"https://cdn.zeptonow.com/production/tr:w-1280,ar-1500-1500,pr-true,f-auto,q-80/cms/product_variant/4b396a6e-5832-4cbe-9f79-e4889f0a8b6d.jpg"
Masala & Dry Fruits,Dry Fruits & Nuts,"https://cdn.zeptonow.com/production/tr:w-90,ar-120-121,pr-true,f-auto,q-80/cms/sub_category/42.png",Daily Good Cashew ( W320)(200gms) & Daily Good Raisin Golden(200gms) Combo,Daily Good,354,505,2 combo,4.3 (643),In Stock,https://www.zeptonow.com/pn/daily-good-cashew-w320200gms-daily-good-raisin-golden200gms-combo/pvid/ada3b2e0-9784-47b5-8522-c2d988fd00c2,"https://cdn.zeptonow.com/production/tr:w-1280,ar-1494-1494,pr-true,f-auto,q-80/cms/product_variant/8c1904df-4507-4113-97dd-08c10ea3baf1.jpg"
Masala & Dry Fruits,Dry Fruits & Nuts,"https://cdn.zeptonow.com/production/tr:w-90,ar-120-121,pr-true,f-auto,q-80/cms/sub_category/42.png",Open Secret Premium Walnut Kernels (Akhrot) 500 g Combo,Open Secret,1132,2500,500 g X 2,4.7 (934),In Stock,https://www.zeptonow.com/pn/open-secret-premium-walnut-kernels-akhrot-500-g-combo/pvid/2c882cc1-6fa9-45c1-91de-7c05fbaf0637,"https://cdn.zeptonow.com/production/tr:w-1280,ar-1500-1500,pr-true,f-auto,q-80/cms/product_variant/d6246279-cdbd-4342-b8fa-680c94078baa.jpg"
Masala & Dry Fruits,Dry Fruits & Nuts,"https://cdn.zeptonow.com/production/tr:w-90,ar-120-121,pr-true,f-auto,q-80/cms/sub_category/42.png",Open Secret Roasted And Salted Pistachio 500 g Combo,Open Secret,1282,2200,500 g X 2,4.3 (571),In Stock,https://www.zeptonow.com/pn/open-secret-roasted-and-salted-pistachio-500-g-combo/pvid/296487a1-9094-4435-9952-b3919003cb8a,"https://cdn.zeptonow.com/production/tr:w-1280,ar-1500-1500,pr-true,f-auto,q-80/cms/product_variant/f4384482-e0d9-4e98-bfda-fdd5a39b7266.jpg"
Masala & Dry Fruits,Dry Fruits & Nuts,"https://cdn.zeptonow.com/production/tr:w-90,ar-120-121,pr-true,f-auto,q-80/cms/sub_category/42.png",Daily Good Almond (California)(500gms) & Daily Good Raisin Golden(500gms) Combo,Daily Good,831,920,2 combo,4.2 (198),In Stock,https://www.zeptonow.com/pn/daily-good-almond-california500gms-daily-good-raisin-golden500gms-combo/pvid/946dc92f-17f3-4c55-bba6-3dcf5f418b2e,"https://cdn.zeptonow.com/production/tr:w-1280,ar-1494-1494,pr-true,f-auto,q-80/cms/product_variant/0d93ba29-7bbc-4003-a0f1-e6e5113011c3.jpg"
Masala & Dry Fruits,Dry Fruits & Nuts,"https://cdn.zeptonow.com/production/tr:w-90,ar-120-121,pr-true,f-auto,q-80/cms/sub_category/42.png","Daily Good Cashew ( W320)(200gms), Daily Good Almond (California)(200gms) & Daily Good Raisin Golden(200gms) Combo",Daily Good,588,760,3 combo,4.4 (497),In Stock,https://www.zeptonow.com/pn/daily-good-cashew-w320200gms-daily-good-almond-california200gms-daily-good-raisin-golden200gms-combo/pvid/ac1011c5-d894-4431-8f86-e77d493b6acd,"https://cdn.zeptonow.com/production/tr:w-1280,ar-1494-1494,pr-true,f-auto,q-80/cms/product_variant/4c4e06a9-499c-4713-9f1f-d022765f94bd.jpg"
Masala & Dry Fruits,Dry Fruits & Nuts,"https://cdn.zeptonow.com/production/tr:w-90,ar-120-121,pr-true,f-auto,q-80/cms/sub_category/42.png",Daily Good Raisin Golden (Kismish) 500 g Combo,Daily Good,554,590,500 g X 2,4.4 (942),In Stock,https://www.zeptonow.com/pn/daily-good-raisin-golden-kismish-500-g-combo/pvid/0a4086a4-0413-4db0-9e30-6d6740b39d5c,"https://cdn.zeptonow.com/production/tr:w-1280,ar-1500-1500,pr-true,f-auto,q-80/cms/product_variant/30504e35-ea32-48f9-a477-bd58c05f73ce.jpg"
Masala & Dry Fruits,Dry Fruits & Nuts,"https://cdn.zeptonow.com/production/tr:w-90,ar-120-121,pr-true,f-auto,q-80/cms/sub_category/42.png","Daily Good Cashew / Kaju Split(100gms), Daily Good Almond / Badam (California)(100gms) & Daily Good Walnut / Akhrot Broken Kernels(200gms) Combo",Daily Good,566,705,3 combo,4.2 (687),In Stock,https://www.zeptonow.com/pn/daily-good-cashew-kaju-split100gms-daily-good-almond-badam-california100gms-daily-good-walnut-akhrot-broken-kernels200gms-combo/pvid/3400e764-38f0-4fa4-a9cf-5edef5e3425a,"https://cdn.zeptonow.com/production/tr:w-1280,ar-1494-1494,pr-true,f-auto,q-80/cms/product_variant/58a59b94-9bd9-4590-94db-fd5c4b4e7e64.jpg"
Masala & Dry Fruits,Dry Fruits & Nuts,"https://cdn.zeptonow.com/production/tr:w-90,ar-120-121,pr-true,f-auto,q-80/cms/sub_category/42.png",Nutraj California Walnut Kernels 250 g Combo,Nutraj,630,998,250 g X 2,4.3 (850),In Stock,https://www.zeptonow.com/pn/nutraj-california-walnut-kernels-250-g-combo/pvid/b64aa289-bb1a-47d2-bfb9-402ecb5af1e8,"https://cdn.zeptonow.com/production/tr:w-1280,ar-1500-1500,pr-true,f-auto,q-80/cms/product_variant/6579.jpg"
Masala & Dry Fruits,Dry Fruits & Nuts,"https://cdn.zeptonow.com/production/tr:w-90,ar-120-121,pr-true,f-auto,q-80/cms/sub_category/42.png","Daily Good Cashew (W320)(500gms), Daily Good Almond (California)(500gms) & Daily Good Raisin Golden(500gms) Combo",Daily Good,1404,1810,3 combo,4.2 (244),In Stock,https://www.zeptonow.com/pn/daily-good-cashew-w320500gms-daily-good-almond-california500gms-daily-good-raisin-golden500gms-combo/pvid/fa6382a8-9241-480a-bdd7-bae0cd691de0,"https://cdn.zeptonow.com/production/tr:w-1280,ar-1494-1494,pr-true,f-auto,q-80/cms/product_variant/19f230df-1365-495a-a12b-7fdcfcfb38f6.jpg"
Masala & Dry Fruits,Dry Fruits & Nuts,"https://cdn.zeptonow.com/production/tr:w-90,ar-120-121,pr-true,f-auto,q-80/cms/sub_category/42.png",Open Secret Premium Walnut Kernels (Akhrot) 500 g X 2 Combo,Open Secret,1076,2500,500 g X 2,4.3 (702),In Stock,https://www.zeptonow.com/pn/open-secret-premium-walnut-kernels-akhrot-500-g-x-2-combo/pvid/64b51bd8-1f6c-4464-9e68-0e4ed56c2625,"https://cdn.zeptonow.com/production/tr:w-1280,ar-1200-1200,pr-true,f-auto,q-80/cms/product_variant/bcab3d14-9761-40ba-b7b2-db7fb6735725.jpg"
Masala & Dry Fruits,Dry Fruits & Nuts,"https://cdn.zeptonow.com/production/tr:w-90,ar-120-121,pr-true,f-auto,q-80/cms/sub_category/42.png",Daily Good Cashew | W400 200 g Combo,Daily Good,468,720,200 g X 2,4.6 (210),In Stock,https://www.zeptonow.com/pn/daily-good-cashew-w400-200-g-combo/pvid/961bbc9f-9e2f-4231-9c68-8e0928c0e28d,"https://cdn.zeptonow.com/production/tr:w-1280,ar-1500-1500,pr-true,f-auto,q-80/cms/product_variant/ebd27650-8d92-4052-9066-11dc7700f979.jpg"
Masala & Dry Fruits,Dry Fruits & Nuts,"https://cdn.zeptonow.com/production/tr:w-90,ar-120-121,pr-true,f-auto,q-80/cms/sub_category/42.png",Daily Good Raisin Green | Kismish 200 g Combo,Daily Good,200,250,200 g X 2,4.2 (320),In Stock,https://www.zeptonow.com/pn/daily-good-raisin-green-kismish-200-g-combo/pvid/dfd947fe-93b3-4788-9c6c-97d6057b1035,"https://cdn.zeptonow.com/production/tr:w-1280,ar-1200-1200,pr-true,f-auto,q-80/cms/product_variant/1d0f0ba4-6d9a-4b84-a87e-be891a24621b.jpg"
Masala & Dry Fruits,Dry Fruits & Nuts,"https://cdn.zeptonow.com/production/tr:w-90,ar-120-121,pr-true,f-auto,q-80/cms/sub_category/42.png",Happilo Classic Panchmewa Dry Fruit Mix Jar 450 g X 2 Combo,Happilo,808,1070,450 g X 2,4.7 (758),In Stock,https://www.zeptonow.com/pn/happilo-classic-panchmewa-dry-fruit-mix-jar-450-g-x-2-combo/pvid/fa4bd23d-5587-4301-bf8e-2cd4f68892a5,"https://cdn.zeptonow.com/production/tr:w-1280,ar-1500-1500,pr-true,f-auto,q-80/cms/product_variant/875b2667-a1da-4c91-9fbc-0fcd49346595.jpg"
Masala & Dry Fruits,Dry Fruits & Nuts,"https://cdn.zeptonow.com/production/tr:w-90,ar-120-121,pr-true,f-auto,q-80/cms/sub_category/42.png",Daily Good Raisin Afghan | Kismish Combo,Daily Good,170,350,100 g X 2,4.2 (687),In Stock,https://www.zeptonow.com/pn/daily-good-raisin-afghan-kismish-combo/pvid/62577b68-55bc-4c0d-8747-ca8d232de932,"https://cdn.zeptonow.com/production/tr:w-1280,ar-1200-1200,pr-true,f-auto,q-80/cms/product_variant/82900145-f3b4-457d-b799-f204b08fd691.jpg"
Masala & Dry Fruits,Dry Fruits & Nuts,"https://cdn.zeptonow.com/production/tr:w-90,ar-120-121,pr-true,f-auto,q-80/cms/sub_category/42.png",Daily Good Cashew (W400) 500 g Combo,Daily Good,1084,1710,500 g X 2,4.5 (127),In Stock,https://www.zeptonow.com/pn/daily-good-cashew-w400-500-g-combo/pvid/1ae43d64-3d78-405e-b776-04bdb68f6a96,"https://cdn.zeptonow.com/production/tr:w-1280,ar-1500-1500,pr-true,f-auto,q-80/cms/product_variant/2cddc8b5-482b-42a3-b78e-70cda0a970f4.jpg"
Masala & Dry Fruits,Dry Fruits & Nuts,"https://cdn.zeptonow.com/production/tr:w-90,ar-120-121,pr-true,f-auto,q-80/cms/sub_category/42.png",Open Secret Premium Black Raisins-Kishmish 500 g Combo,Open Secret,656,1050,500 g X 2,4.2 (648),In Stock,https://www.zeptonow.com/pn/open-secret-premium-black-raisins-kishmish-500-g-combo/pvid/c305a62c-b45b-4a09-b029-c2cbd04b42e8,"https://cdn.zeptonow.com/production/tr:w-1280,ar-1500-1500,pr-true,f-auto,q-80/cms/product_variant/d4a525fb-a8a7-47d8-97bd-99a1da5c49b1.jpg"
Masala & Dry Fruits,Dry Fruits & Nuts,"https://cdn.zeptonow.com/production/tr:w-90,ar-120-121,pr-true,f-auto,q-80/cms/sub_category/42.png","Daily Good Cashew / Kaju Split(100gms), Daily Good Almond / Badam (California)(100gms) & Daily Good Pistachios California Salted(100gms) & Daily Good Walnut / Akhrot Broken Kernels(200gms) Combo",Daily Good,711,935,4 combo,4.7 (598),In Stock,https://www.zeptonow.com/pn/daily-good-cashew-kaju-split100gms-daily-good-almond-badam-california100gms-daily-good-pistachios-california-salted100gms-daily-good-walnut-akhrot-broken-kernels200gms-combo/pvid/484ea167-01bc-4130-a69b-ae626c50b36f,"https://cdn.zeptonow.com/production/tr:w-1280,ar-1494-1494,pr-true,f-auto,q-80/cms/product_variant/99648496-d6cc-4a24-b25d-0700e1df1ed8.jpg"
Masala & Dry Fruits,Dry Fruits & Nuts,"https://cdn.zeptonow.com/production/tr:w-90,ar-120-121,pr-true,f-auto,q-80/cms/sub_category/42.png",Open Secret Premium Whole Cashews-Kaju | Fasting Special | Vrat 501 g Combo,Open Secret,1110,1798,501 g X 2,4.7 (462),In Stock,https://www.zeptonow.com/pn/open-secret-premium-whole-cashews-kaju-fasting-special-vrat-501-g-combo/pvid/c7e95450-e62e-44c4-875d-b198c677a89c,"https://cdn.zeptonow.com/production/tr:w-1280,ar-1500-1500,pr-true,f-auto,q-80/cms/product_variant/9eeeaee8-fcb2-4bdf-b45e-4817f0c78e90.jpg"
Masala & Dry Fruits,Dry Fruits & Nuts,"https://cdn.zeptonow.com/production/tr:w-90,ar-120-121,pr-true,f-auto,q-80/cms/sub_category/42.png",Daily Good Cashew (W320)(500gms) & Daily Good Raisin Golden(500gms) Combo,Daily Good,850,1185,2 combo,4.3 (68),In Stock,https://www.zeptonow.com/pn/daily-good-cashew-w320500gms-daily-good-raisin-golden500gms-combo/pvid/f85dfce2-6b3a-40db-b5a7-b4799efd5ec0,"https://cdn.zeptonow.com/production/tr:w-1280,ar-1494-1494,pr-true,f-auto,q-80/cms/product_variant/e4339640-3dcb-4523-802d-2342ecab8cbb.jpg"
Masala & Dry Fruits,Dry Fruits & Nuts,"https://cdn.zeptonow.com/production/tr:w-90,ar-120-121,pr-true,f-auto,q-80/cms/sub_category/42.png",Daily Good Walnut / Akhrot Kernels 100 g Combo,Daily Good,408,520,100 g X 2,4.7 (549),In Stock,https://www.zeptonow.com/pn/daily-good-walnut-akhrot-kernels-100-g-combo/pvid/68ef19f7-38d6-4d12-ab52-e935fc0a9cb2,"https://cdn.zeptonow.com/production/tr:w-1280,ar-1500-1500,pr-true,f-auto,q-80/cms/product_variant/f2560090-c4b0-4c5e-91c7-0e09fda4b2a0.jpg"
Masala & Dry Fruits,Dry Fruits & Nuts,"https://cdn.zeptonow.com/production/tr:w-90,ar-120-121,pr-true,f-auto,q-80/cms/sub_category/42.png",Daily Good Raisin Golden | Kismish 200 g Combo,Daily Good,226,240,200 g X 2,4.7 (84),In Stock,https://www.zeptonow.com/pn/daily-good-raisin-golden-kismish-200-g-combo/pvid/9a983c6c-115a-4e76-b359-1ecefb5f65f4,"https://cdn.zeptonow.com/production/tr:w-1280,ar-1500-1500,pr-true,f-auto,q-80/cms/product_variant/485d5ecb-7d19-4023-82dd-e406bf59f5c9.jpg"
Masala & Dry Fruits,Dry Fruits & Nuts,"https://cdn.zeptonow.com/production/tr:w-90,ar-120-121,pr-true,f-auto,q-80/cms/sub_category/42.png",Open Secret Premium Black Raisins-Kishmish 500 g X 2 Combo,Open Secret,654,1050,500 g X 2,4.4 (353),In Stock,https://www.zeptonow.com/pn/open-secret-premium-black-raisins-kishmish-500-g-x-2-combo/pvid/77e20e2c-c70b-496b-8fab-02d2e5e054b7,"https://cdn.zeptonow.com/production/tr:w-1280,ar-1200-1200,pr-true,f-auto,q-80/cms/product_variant/5e430b4c-7cdb-4182-98a9-0a6f36a2410b.jpg"
Masala & Dry Fruits,Dry Fruits & Nuts,"https://cdn.zeptonow.com/production/tr:w-90,ar-120-121,pr-true,f-auto,q-80/cms/sub_category/42.png",Nutraj Special Cashew W320 500 g Combo,Nutraj,980,1398,500 g X 2,4.7 (264),In Stock,https://www.zeptonow.com/pn/nutraj-special-cashew-w320-500-g-combo/pvid/2749d42a-2c2e-48ba-8b3a-dcc83bd6872d,"https://cdn.zeptonow.com/production/tr:w-1280,ar-1500-1500,pr-true,f-auto,q-80/cms/product_variant/7e961b9c-b34b-4d25-ba2b-5ba5322b4226.jpg"
Masala & Dry Fruits,Dry Fruits & Nuts,"https://cdn.zeptonow.com/production/tr:w-90,ar-120-121,pr-true,f-auto,q-80/cms/sub_category/42.png",Daily Good Cashew (W320) 500 g Combo,Daily Good,1146,1780,500 g X 2,4.7 (294),In Stock,https://www.zeptonow.com/pn/daily-good-cashew-w320-500-g-combo/pvid/41cc97bb-11a0-4dfb-b879-f704808e5b6d,"https://cdn.zeptonow.com/production/tr:w-1280,ar-1500-1500,pr-true,f-auto,q-80/cms/product_variant/bdb9d106-be9e-4f86-ac1d-a96e61323d47.jpg"
Masala & Dry Fruits,Dry Fruits & Nuts,"https://cdn.zeptonow.com/production/tr:w-90,ar-120-121,pr-true,f-auto,q-80/cms/sub_category/42.png",Daily Good Cashew (W400) 100 g Combo,Daily Good,248,360,100 g X 2,4.4 (935),In Stock,https://www.zeptonow.com/pn/daily-good-cashew-w400-100-g-combo/pvid/694ba1e9-e800-465e-8dcc-76a44fce226b,"https://cdn.zeptonow.com/production/tr:w-1280,ar-1500-1500,pr-true,f-auto,q-80/cms/product_variant/c5411b8c-9cca-4bc8-9d5b-b6d1f01f3b21.jpg"
Masala & Dry Fruits,Dry Fruits & Nuts,"https://cdn.zeptonow.com/production/tr:w-90,ar-120-121,pr-true,f-auto,q-80/cms/sub_category/42.png",Daily Good Cashew (W240) 250 g Combo,Daily Good,662,990,250 g X 2,4.3 (552),In Stock,https://www.zeptonow.com/pn/daily-good-cashew-w240-250-g-combo/pvid/b31d9f93-6e11-4def-acce-fe61e20474a1,"https://cdn.zeptonow.com/production/tr:w-1280,ar-1500-1500,pr-true,f-auto,q-80/cms/product_variant/a40edd55-d332-4a63-92d4-e52884c38ed4.jpg"
Masala & Dry Fruits,Dates & Seeds,"https://cdn.zeptonow.com/production/tr:w-90,ar-120-121,pr-true,f-auto,q-80/cms/sub_category/43.png",Farmley Watermelon Seeds | Raw Magaj Seeds I Tarbuj Beej | Rich In Protein,Farmley,447,999,500 g,4.7 (133),In Stock,https://www.zeptonow.com/pn/farmley-watermelon-seeds-raw-magaj-seeds-i-tarbuj-beej-rich-in-protein/pvid/f6a892c5-4177-4a5c-a484-fdea3dd92c63,"https://cdn.zeptonow.com/production/tr:w-1280,ar-1500-1500,pr-true,f-auto,q-80/cms/product_variant/27ef58f5-3345-49c7-a3be-d9b4b3c2b9cb.jpg"
Masala & Dry Fruits,Dates & Seeds,"https://cdn.zeptonow.com/production/tr:w-90,ar-120-121,pr-true,f-auto,q-80/cms/sub_category/43.png","Farmley Trail Mix Dry Fruit- Almonds, Cashews, Cranberries, Blueberries, Blackcurrant & More",Farmley,486,799,450 g,4.4 (657),In Stock,https://www.zeptonow.com/pn/farmley-trail-mix-dry-fruit-almonds-cashews-cranberries-blueberries-blackcurrant-more/pvid/3c107848-73c9-4e71-85b7-e30e9eb11be1,"https://cdn.zeptonow.com/production/tr:w-1280,ar-2000-2000,pr-true,f-auto,q-80/cms/product_variant/18962109-a2bf-48a3-bac1-317bc8a54f91.jpg"
Masala & Dry Fruits,Dates & Seeds,"https://cdn.zeptonow.com/production/tr:w-90,ar-120-121,pr-true,f-auto,q-80/cms/sub_category/43.png",Farmley Premium Natural Chia Seeds Rich in Protein & Fiber,Farmley,118,199,200 g,4.7 (10.7k),In Stock,https://www.zeptonow.com/pn/farmley-premium-natural-chia-seeds-rich-in-protein-fiber/pvid/9c08efe4-18d1-4d8d-bb62-15ceec5433cb,"https://cdn.zeptonow.com/production/tr:w-1280,ar-1000-1000,pr-true,f-auto,q-80/cms/product_variant/7acd9e60-a6dd-4c5f-a0d2-a52112e44a8c.jpeg"
Masala & Dry Fruits,Dates & Seeds,"https://cdn.zeptonow.com/production/tr:w-90,ar-120-121,pr-true,f-auto,q-80/cms/sub_category/43.png",Happilo Premium International Omani Dates,Happilo,142,220,250 g,4.2 (1.2k),In Stock,https://www.zeptonow.com/pn/happilo-premium-international-omani-dates/pvid/7f7844da-e706-42b9-9fe4-6e4d6644ba34,"https://cdn.zeptonow.com/production/tr:w-1280,ar-1200-1200,pr-true,f-auto,q-80/cms/product_variant/9ed34a2e-6f56-4424-9baf-833ff560acb2.jpeg"
Masala & Dry Fruits,Dates & Seeds,"https://cdn.zeptonow.com/production/tr:w-90,ar-120-121,pr-true,f-auto,q-80/cms/sub_category/43.png",Nutraj Flax Seeds,Nutraj,65,199,200 g,4.8 (1.0k),In Stock,https://www.zeptonow.com/pn/nutraj-flax-seeds/pvid/67225846-416f-4add-9588-0ccf966a9e98,"https://cdn.zeptonow.com/production/tr:w-1280,ar-2400-2400,pr-true,f-auto,q-80/cms/product_variant/a2bf0582-bb21-4bdb-aac9-39db0785727e.jpg"
Masala & Dry Fruits,Dates & Seeds,"https://cdn.zeptonow.com/production/tr:w-90,ar-120-121,pr-true,f-auto,q-80/cms/sub_category/43.png",Nutraj Arabian Premium Dates,Nutraj,128,199,500 g,4.3 (23.3k),In Stock,https://www.zeptonow.com/pn/nutraj-arabian-premium-dates/pvid/a91f49e7-ca09-411f-8de0-2a34540c1cc0,"https://cdn.zeptonow.com/production/tr:w-1280,ar-1021-1021,pr-true,f-auto,q-80/cms/product_variant/21d9a421-cfa4-47a6-b0ad-5c0947e9c347.jpeg"
Masala & Dry Fruits,Dates & Seeds,"https://cdn.zeptonow.com/production/tr:w-90,ar-120-121,pr-true,f-auto,q-80/cms/sub_category/43.png",Open Secret Arabian Dates (Khajur) With Seed,Open Secret,150,250,400 g,4.3 (12.7k),In Stock,https://www.zeptonow.com/pn/open-secret-arabian-dates-khajur-with-seed/pvid/575e1880-a5c7-41fb-b74f-a27af11e8c0f,"https://cdn.zeptonow.com/production/tr:w-1280,ar-1201-1201,pr-true,f-auto,q-80/cms/product_variant/f85ec6d2-d2e7-43a4-b1b4-2fb91bda827e.jpeg"
Masala & Dry Fruits,Dates & Seeds,"https://cdn.zeptonow.com/production/tr:w-90,ar-120-121,pr-true,f-auto,q-80/cms/sub_category/43.png","Farmley Seed Mix Superfood Rich In Protein- Pumpkin, Watermelon, Sunflower, Flax, Chia Seeds",Farmley,216,229,200 g,4.7 (4.7k),In Stock,https://www.zeptonow.com/pn/farmley-seed-mix-superfood-rich-in-protein-pumpkin-watermelon-sunflower-flax-chia-seeds/pvid/e7730760-9d61-49b9-a635-3847b81f8c89,"https://cdn.zeptonow.com/production/tr:w-1280,ar-781-781,pr-true,f-auto,q-80/cms/product_variant/d8582017-255b-44c1-86f5-eb79a2d91f10.jpeg"
Masala & Dry Fruits,Dates & Seeds,"https://cdn.zeptonow.com/production/tr:w-90,ar-120-121,pr-true,f-auto,q-80/cms/sub_category/43.png",Farmley Premium Pumpkin Seeds AAA Grade,Farmley,191,259,200 g,4.7 (2.3k),In Stock,https://www.zeptonow.com/pn/farmley-premium-pumpkin-seeds-aaa-grade/pvid/4a7e2785-b625-4b36-9baf-c06ef443fa79,"https://cdn.zeptonow.com/production/tr:w-1280,ar-1200-1200,pr-true,f-auto,q-80/cms/product_variant/128d0932-17a8-421f-9391-c4216ff50ca9.jpeg"
Masala & Dry Fruits,Dates & Seeds,"https://cdn.zeptonow.com/production/tr:w-90,ar-120-121,pr-true,f-auto,q-80/cms/sub_category/43.png","Farmley Premium Seeds- Chia, Flax, Pumpkin & Sunflower Seeds 4 Pack Combo",Farmley,487,716,4 x 200 g,4.5 (531),In Stock,https://www.zeptonow.com/pn/farmley-premium-seeds-chia-flax-pumpkin-sunflower-seeds-4-pack-combo/pvid/f8d5146e-21ae-4ba6-bf55-974f4c1564ee,"https://cdn.zeptonow.com/production/tr:w-1280,ar-1605-2000,pr-true,f-auto,q-80/cms/product_variant/87dbf22d-5363-4078-94e1-52e5915b62d4.jpg"
Masala & Dry Fruits,Dates & Seeds,"https://cdn.zeptonow.com/production/tr:w-90,ar-120-121,pr-true,f-auto,q-80/cms/sub_category/43.png",Farmley Premium Flax Seeds,Farmley,65,99,200 g,4.6 (1.8k),In Stock,https://www.zeptonow.com/pn/farmley-premium-flax-seeds/pvid/57bf06e0-f729-42fe-8313-27154bd9cb71,"https://cdn.zeptonow.com/production/tr:w-1280,ar-1200-1200,pr-true,f-auto,q-80/cms/product_variant/a4367b5c-4ab7-46ff-b124-4e7799ce9444.jpeg"
Masala & Dry Fruits,Dates & Seeds,"https://cdn.zeptonow.com/production/tr:w-90,ar-120-121,pr-true,f-auto,q-80/cms/sub_category/43.png",Farmley Premium Omani Fard Dates,Farmley,244,349,400 g,4.4 (1.4k),In Stock,https://www.zeptonow.com/pn/farmley-premium-omani-fard-dates/pvid/36bf82fa-e3d2-47fe-ab27-8ed18d951a9b,"https://cdn.zeptonow.com/production/tr:w-1280,ar-1817-2000,pr-true,f-auto,q-80/cms/product_variant/96be4f77-a141-47aa-8c85-8961e1c4d6da.jpeg"
Masala & Dry Fruits,Dates & Seeds,"https://cdn.zeptonow.com/production/tr:w-90,ar-120-121,pr-true,f-auto,q-80/cms/sub_category/43.png","Farmley Trail Mix Dry Fruit- Almonds, Cashews, Cranberries, Blueberries, Blackcurrant & More",Farmley,282,349,200 g,4.6 (1.7k),In Stock,https://www.zeptonow.com/pn/farmley-trail-mix-dry-fruit-almonds-cashews-cranberries-blueberries-blackcurrant-more/pvid/f9b60cdf-3fc1-48e6-90a0-0d4bdaf54baa,"https://cdn.zeptonow.com/production/tr:w-1280,ar-3125-3125,pr-true,f-auto,q-80/cms/product_variant/2f7e2bb4-3a36-4707-a62c-d984b686ec11.jpeg"
Masala & Dry Fruits,Dates & Seeds,"https://cdn.zeptonow.com/production/tr:w-90,ar-120-121,pr-true,f-auto,q-80/cms/sub_category/43.png",Khari Foods Black Afghan Seedless Dates / Khajur,Khari,279,475,400 g,4.4 (89),In Stock,https://www.zeptonow.com/pn/khari-foods-black-afghan-seedless-dates-khajur/pvid/06fe09d6-3d07-4a64-90ae-0c6160caf3f1,"https://cdn.zeptonow.com/production/tr:w-1280,ar-1500-1500,pr-true,f-auto,q-80/cms/product_variant/770b6019-08af-4c61-ae97-433be5ad8cbe.jpeg"
Masala & Dry Fruits,Dates & Seeds,"https://cdn.zeptonow.com/production/tr:w-90,ar-120-121,pr-true,f-auto,q-80/cms/sub_category/43.png",Happilo Essentials Classic Sultan Dates,Happilo,147,210,500 g,4 (469),In Stock,https://www.zeptonow.com/pn/happilo-essentials-classic-sultan-dates/pvid/46b0b720-c938-4fd9-adfa-a7bec210ecce,"https://cdn.zeptonow.com/production/tr:w-1280,ar-1200-1200,pr-true,f-auto,q-80/cms/product_variant/95ce0f5f-c32c-4e71-a5b4-c997f90f32e9.jpeg"
Masala & Dry Fruits,Dates & Seeds,"https://cdn.zeptonow.com/production/tr:w-90,ar-120-121,pr-true,f-auto,q-80/cms/sub_category/43.png",Farmley Premium Sunflower Seeds,Farmley,119,159,200 g,4.6 (1.9k),In Stock,https://www.zeptonow.com/pn/farmley-premium-sunflower-seeds/pvid/29e56d16-81c2-4742-8f38-2e080ffbcc72,"https://cdn.zeptonow.com/production/tr:w-1280,ar-1200-1200,pr-true,f-auto,q-80/cms/product_variant/e0315f49-25ee-4c58-a89d-70370f5a2160.jpeg"
Masala & Dry Fruits,Dates & Seeds,"https://cdn.zeptonow.com/production/tr:w-90,ar-120-121,pr-true,f-auto,q-80/cms/sub_category/43.png",Khari Foods Kimia Gold Dates / Khajur,Khari,216,349,400 g,4.1 (2.6k),In Stock,https://www.zeptonow.com/pn/khari-foods-kimia-gold-dates-khajur/pvid/ec44f742-6110-42a0-ba10-73b45b7ff260,"https://cdn.zeptonow.com/production/tr:w-1280,ar-1500-1500,pr-true,f-auto,q-80/cms/product_variant/d7cd0ce0-119e-47a3-a09d-fcc35f9be1ef.jpeg"
Masala & Dry Fruits,Dates & Seeds,"https://cdn.zeptonow.com/production/tr:w-90,ar-120-121,pr-true,f-auto,q-80/cms/sub_category/43.png",Tata Sampann Premium Kalmi Dates Rich In Fibre Naturally Sweet Naturally Low-Fat Food,Tata,248,265,200 g,4.2 (330),In Stock,https://www.zeptonow.com/pn/tata-sampann-premium-kalmi-dates-rich-in-fibre-naturally-sweet-naturally-low-fat-food/pvid/f0e6e0d0-57e2-4bc2-aab7-130ac3711436,"https://cdn.zeptonow.com/production/tr:w-1280,ar-1500-1500,pr-true,f-auto,q-80/cms/product_variant/481cf09c-6828-4ea6-be51-21320fc1ec26.jpg"
Masala & Dry Fruits,Dates & Seeds,"https://cdn.zeptonow.com/production/tr:w-90,ar-120-121,pr-true,f-auto,q-80/cms/sub_category/43.png",Tata Sampann Premium Arabian Dates Rich In Fibre Naturally Fat-Free Good For Gut Health,Tata,200,220,500 g,4.5 (706),In Stock,https://www.zeptonow.com/pn/tata-sampann-premium-arabian-dates-rich-in-fibre-naturally-fat-free-good-for-gut-health/pvid/c1e5b6e8-1c54-4377-9742-8daa28cd1c62,"https://cdn.zeptonow.com/production/tr:w-1280,ar-2400-2400,pr-true,f-auto,q-80/cms/product_variant/fa4f9d70-5b4d-4165-ade2-fdc279c69cb1.jpg"
Masala & Dry Fruits,Dates & Seeds,"https://cdn.zeptonow.com/production/tr:w-90,ar-120-121,pr-true,f-auto,q-80/cms/sub_category/43.png",Farmley Kalmi Dates | Naturally Sweet Khajoor,Farmley,240,299,200 g,4.2 (253),In Stock,https://www.zeptonow.com/pn/farmley-kalmi-dates-naturally-sweet-khajoor/pvid/9703407c-caaa-4e3e-a839-a898faf3c6bc,"https://cdn.zeptonow.com/production/tr:w-1280,ar-6250-6250,pr-true,f-auto,q-80/cms/product_variant/45f05e67-b718-4517-943e-e274d9640cdc.jpg"
Masala & Dry Fruits,Dates & Seeds,"https://cdn.zeptonow.com/production/tr:w-90,ar-120-121,pr-true,f-auto,q-80/cms/sub_category/43.png",Nutraj Sunflower Seeds,Nutraj,104,199,200 g,4.8 (994),In Stock,https://www.zeptonow.com/pn/nutraj-sunflower-seeds/pvid/c3480d95-a311-43ca-8429-27fe7dfeb40a,"https://cdn.zeptonow.com/production/tr:w-1280,ar-2400-2400,pr-true,f-auto,q-80/cms/product_variant/bd5d57a5-5db1-4323-9420-dddc6e83fa35.jpg"
Masala & Dry Fruits,Dates & Seeds,"https://cdn.zeptonow.com/production/tr:w-90,ar-120-121,pr-true,f-auto,q-80/cms/sub_category/43.png",Nutraj Pumpkin Seeds,Nutraj,157,249,200 g,4.7 (1.4k),In Stock,https://www.zeptonow.com/pn/nutraj-pumpkin-seeds/pvid/cfe37b98-858c-4bd5-afd5-fa5c2cf0c212,"https://cdn.zeptonow.com/production/tr:w-1280,ar-2400-2400,pr-true,f-auto,q-80/cms/product_variant/29bc0540-1219-4fc7-97c0-d83e9f44fefc.jpeg"
Masala & Dry Fruits,Dates & Seeds,"https://cdn.zeptonow.com/production/tr:w-90,ar-120-121,pr-true,f-auto,q-80/cms/sub_category/43.png",Happilo Premium International Omani Dates,Happilo,357,549,680 g,4.2 (144),In Stock,https://www.zeptonow.com/pn/happilo-premium-international-omani-dates/pvid/207f33d3-0f55-4539-9e67-a99390472f4a,"https://cdn.zeptonow.com/production/tr:w-1280,ar-1200-1200,pr-true,f-auto,q-80/cms/product_variant/9e629990-3e1f-4396-8103-7eedb2f7dba0.jpeg"
Masala & Dry Fruits,Dates & Seeds,"https://cdn.zeptonow.com/production/tr:w-90,ar-120-121,pr-true,f-auto,q-80/cms/sub_category/43.png",Tata Sampann 100% Pure Premium Chia Seed,Tata,182,209,200 g,4.6 (575),In Stock,https://www.zeptonow.com/pn/tata-sampann-100-pure-premium-chia-seed/pvid/7663214d-e2d6-47aa-b5ba-401e3cf702ba,"https://cdn.zeptonow.com/production/tr:w-1280,ar-1000-1000,pr-true,f-auto,q-80/cms/product_variant/9e6f7f63-e8f3-4894-8390-21107a933fd7.jpeg"
Masala & Dry Fruits,Dates & Seeds,"https://cdn.zeptonow.com/production/tr:w-90,ar-120-121,pr-true,f-auto,q-80/cms/sub_category/43.png",Farmley Premium Natural Chia Seeds Jar Rich In Protein & Fiber,Farmley,530,1199,1 kg,4.8 (160),In Stock,https://www.zeptonow.com/pn/farmley-premium-natural-chia-seeds-jar-rich-in-protein-fiber/pvid/7382f9ca-f634-47bd-a653-1d30bd3ed68b,"https://cdn.zeptonow.com/production/tr:w-1280,ar-469-469,pr-true,f-auto,q-80/cms/product_variant/49c2f6f6-67e7-48da-9dbb-08bbad59821c.jpeg"
Masala & Dry Fruits,Dates & Seeds,"https://cdn.zeptonow.com/production/tr:w-90,ar-120-121,pr-true,f-auto,q-80/cms/sub_category/43.png",Tata Sampann Protein 7-In-1 Seed & Nut Mix,Tata,235,270,200 g,4.4 (472),In Stock,https://www.zeptonow.com/pn/tata-sampann-protein-7-in-1-seed-nut-mix/pvid/5efbc319-e202-4485-8f4f-02f96dbc04b2,"https://cdn.zeptonow.com/production/tr:w-1280,ar-1000-1000,pr-true,f-auto,q-80/cms/product_variant/f465eb58-6693-45bf-a485-d944753428e5.jpg"
Masala & Dry Fruits,Dates & Seeds,"https://cdn.zeptonow.com/production/tr:w-90,ar-120-121,pr-true,f-auto,q-80/cms/sub_category/43.png","Open Secret Chia Seeds - Protein Rich, High In Fibre",Open Secret,139,299,200 g,4.7 (543),In Stock,https://www.zeptonow.com/pn/open-secret-chia-seeds-protein-rich-high-in-fibre/pvid/b6f7e945-55c7-48da-8375-d7293350e4ac,"https://cdn.zeptonow.com/production/tr:w-1280,ar-1000-1000,pr-true,f-auto,q-80/cms/product_variant/a9cd129e-9099-449d-b406-a35d7a615d9c.jpg"
Masala & Dry Fruits,Dates & Seeds,"https://cdn.zeptonow.com/production/tr:w-90,ar-120-121,pr-true,f-auto,q-80/cms/sub_category/43.png",Khari Foods Kalmi Dates / Khajur,Khari,276,399,250 g,4.2 (791),In Stock,https://www.zeptonow.com/pn/khari-foods-kalmi-dates-khajur/pvid/1ecdb7f5-9ab8-4cc6-a5a7-0433f068ad21,"https://cdn.zeptonow.com/production/tr:w-1280,ar-1500-1500,pr-true,f-auto,q-80/cms/product_variant/49d6dfee-94f8-45c3-af07-6cec81a06a3b.jpeg"
Masala & Dry Fruits,Dates & Seeds,"https://cdn.zeptonow.com/production/tr:w-90,ar-120-121,pr-true,f-auto,q-80/cms/sub_category/43.png",Nutraj Raw Chia Seeds,Nutraj,127,299,200 g,4.7 (3.7k),In Stock,https://www.zeptonow.com/pn/nutraj-raw-chia-seeds/pvid/2d663dbb-b37a-499d-8d7e-69d0e6280691,"https://cdn.zeptonow.com/production/tr:w-1280,ar-1000-1000,pr-true,f-auto,q-80/cms/product_variant/711ac1fe-add8-49f9-aba5-f5f5d02a0096.jpeg"
Masala & Dry Fruits,Dates & Seeds,"https://cdn.zeptonow.com/production/tr:w-90,ar-120-121,pr-true,f-auto,q-80/cms/sub_category/43.png",Farmley Barkat Dates | Naturally Sweet Khajoor,Farmley,120,149,250 g,4.4 (1.5k),In Stock,https://www.zeptonow.com/pn/farmley-barkat-dates-naturally-sweet-khajoor/pvid/46d71574-3511-4315-8931-d337ad084418,"https://cdn.zeptonow.com/production/tr:w-1280,ar-6250-6250,pr-true,f-auto,q-80/cms/product_variant/63091cd1-a831-4fcd-b7fa-d1c01a8d93a3.jpg"
Masala & Dry Fruits,Dates & Seeds,"https://cdn.zeptonow.com/production/tr:w-90,ar-120-121,pr-true,f-auto,q-80/cms/sub_category/43.png",Tata Sampann 100% Premium Pumpkin Seeds,Tata,219,270,200 g,4.4 (346),In Stock,https://www.zeptonow.com/pn/tata-sampann-100-premium-pumpkin-seeds/pvid/2798d577-4216-4b34-a68e-95475f0285f9,"https://cdn.zeptonow.com/production/tr:w-1280,ar-1200-1200,pr-true,f-auto,q-80/cms/product_variant/580eed52-7a85-46bb-a508-bd5fc3d25d91.jpeg"
Masala & Dry Fruits,Dates & Seeds,"https://cdn.zeptonow.com/production/tr:w-90,ar-120-121,pr-true,f-auto,q-80/cms/sub_category/43.png",Tata Sampann 100% Pure Premium Sunflower Seeds,Tata,132,149,200 g,4.6 (490),In Stock,https://www.zeptonow.com/pn/tata-sampann-100-pure-premium-sunflower-seeds/pvid/b309f275-334e-4cc5-b941-b0c08e314c55,"https://cdn.zeptonow.com/production/tr:w-1280,ar-1200-1200,pr-true,f-auto,q-80/cms/product_variant/8ff5b872-7614-462d-a3d5-0a64cc1e5275.jpeg"
Masala & Dry Fruits,Dates & Seeds,"https://cdn.zeptonow.com/production/tr:w-90,ar-120-121,pr-true,f-auto,q-80/cms/sub_category/43.png",Tata Sampann Delight Dry Fruit & Seed Mix,Tata,259,310,200 g,5 (169),In Stock,https://www.zeptonow.com/pn/tata-sampann-delight-dry-fruit-seed-mix/pvid/9ab36aab-5457-467c-bedf-1cfc6e6aa79a,"https://cdn.zeptonow.com/production/tr:w-1280,ar-1000-1000,pr-true,f-auto,q-80/cms/product_variant/77d47fd3-1bc9-42eb-bedb-15cdd56a632c.jpg"
Masala & Dry Fruits,Dates & Seeds,"https://cdn.zeptonow.com/production/tr:w-90,ar-120-121,pr-true,f-auto,q-80/cms/sub_category/43.png","Open Secret Raw Pumpkin Seeds - Healthy Diet Snack, Protein Rich, High In Fibre",Open Secret,137,299,200 g,5 (412),In Stock,https://www.zeptonow.com/pn/open-secret-raw-pumpkin-seeds-healthy-diet-snack-protein-rich-high-in-fibre/pvid/321024a0-7818-4803-8aab-373164a1f77e,"https://cdn.zeptonow.com/production/tr:w-1280,ar-1000-1000,pr-true,f-auto,q-80/cms/product_variant/55ae768d-b43d-466e-a0c2-83cf1dde2e67.jpg"
Masala & Dry Fruits,Dates & Seeds,"https://cdn.zeptonow.com/production/tr:w-90,ar-120-121,pr-true,f-auto,q-80/cms/sub_category/43.png",Khari Foods Zahidi Dates / Khajur,Khari,67,99,250 g,4.5 (3.6k),In Stock,https://www.zeptonow.com/pn/khari-foods-zahidi-dates-khajur/pvid/d9479b90-5718-4303-aee9-5f5a40b28bb4,"https://cdn.zeptonow.com/production/tr:w-1280,ar-1500-1500,pr-true,f-auto,q-80/cms/product_variant/4129695b-ab5f-4671-8282-15f0d6b45e8d.jpeg"
Masala & Dry Fruits,Dates & Seeds,"https://cdn.zeptonow.com/production/tr:w-90,ar-120-121,pr-true,f-auto,q-80/cms/sub_category/43.png",Khari Foods Medjool Dates / Khajur,Khari,429,699,200 g,3.9 (69),In Stock,https://www.zeptonow.com/pn/khari-foods-medjool-dates-khajur/pvid/e2f0267f-43de-4012-8939-cbe35cb04b43,"https://cdn.zeptonow.com/production/tr:w-1280,ar-2400-2400,pr-true,f-auto,q-80/cms/product_variant/6244b101-d09b-439f-9956-194404d090ef.jpeg"
Masala & Dry Fruits,Dates & Seeds,"https://cdn.zeptonow.com/production/tr:w-90,ar-120-121,pr-true,f-auto,q-80/cms/sub_category/43.png",Khari Foods Pumpkin Seeds Dried,Khari,207,299,200 g,4.4 (298),In Stock,https://www.zeptonow.com/pn/khari-foods-pumpkin-seeds-dried/pvid/b21d111e-d2cb-4738-8c68-600012055628,"https://cdn.zeptonow.com/production/tr:w-1280,ar-1500-1500,pr-true,f-auto,q-80/cms/product_variant/f3a2da67-0a1f-4e23-a7cf-66ace2fd1cf1.jpeg"
Masala & Dry Fruits,Dates & Seeds,"https://cdn.zeptonow.com/production/tr:w-90,ar-120-121,pr-true,f-auto,q-80/cms/sub_category/43.png",Khari FOODs Dried Mix Fruit Fun Trail Mix | Snack Mix,Khari,60,60,40 g,4.3 (528),In Stock,https://www.zeptonow.com/pn/khari-foods-dried-mix-fruit-fun-trail-mix-snack-mix/pvid/fbd87392-5f84-4306-8ec6-d39f3f073421,"https://cdn.zeptonow.com/production/tr:w-1280,ar-1500-1500,pr-true,f-auto,q-80/cms/product_variant/cce44ae0-0fcb-418d-86c1-ad1db92669a7.jpeg"
Masala & Dry Fruits,Dates & Seeds,"https://cdn.zeptonow.com/production/tr:w-90,ar-120-121,pr-true,f-auto,q-80/cms/sub_category/43.png",Khari Foods Sunflower Seeds Dried,Khari,127,225,200 g,4.5 (462),In Stock,https://www.zeptonow.com/pn/khari-foods-sunflower-seeds-dried/pvid/0ef0a328-7d17-4bb4-a656-f8b11afe3885,"https://cdn.zeptonow.com/production/tr:w-1280,ar-1500-1500,pr-true,f-auto,q-80/cms/product_variant/e188d5b7-167e-41d4-8733-7765b749f934.jpeg"
Masala & Dry Fruits,Dates & Seeds,"https://cdn.zeptonow.com/production/tr:w-90,ar-120-121,pr-true,f-auto,q-80/cms/sub_category/43.png",Flyberry Gourmet Majestic Medjoul Dates All Natural,Flyberry,1151,1299,400 g,5 (125),In Stock,https://www.zeptonow.com/pn/flyberry-gourmet-majestic-medjoul-dates-all-natural/pvid/d1997220-5694-422a-b571-d175cd3c603a,"https://cdn.zeptonow.com/production/tr:w-1280,ar-1500-1500,pr-true,f-auto,q-80/inventory/product/d65aabf3-e1e7-4bc3-baa2-5092c31c86c0-/tmp/20230313-1011431.jpeg"
Masala & Dry Fruits,Dates & Seeds,"https://cdn.zeptonow.com/production/tr:w-90,ar-120-121,pr-true,f-auto,q-80/cms/sub_category/43.png",Nutty Gritties Ajwa Dates,Nutty,590,950,350 g,4.2 (98),In Stock,https://www.zeptonow.com/pn/nutty-gritties-ajwa-dates/pvid/583aab66-0c2a-4952-ae64-fa89f872ec9a,"https://cdn.zeptonow.com/production/tr:w-1280,ar-1300-1300,pr-true,f-auto,q-80/cms/product_variant/d44890b7-61e3-45cf-ab5e-16253fe3e544.jpeg"
Masala & Dry Fruits,Dates & Seeds,"https://cdn.zeptonow.com/production/tr:w-90,ar-120-121,pr-true,f-auto,q-80/cms/sub_category/43.png",Daily Good Watermelon Seeds / Tarbuj Beej,Daily Good,90,195,100 g,4.6 (5.3k),In Stock,https://www.zeptonow.com/pn/daily-good-watermelon-seeds-tarbuj-beej/pvid/d5c219af-72db-4667-8d48-eb318d89af2e,"https://cdn.zeptonow.com/production/tr:w-1280,ar-3881-3881,pr-true,f-auto,q-80/cms/product_variant/2eb218b5-83cc-4daf-b20b-9173e5c4e500.jpeg"
Masala & Dry Fruits,Dates & Seeds,"https://cdn.zeptonow.com/production/tr:w-90,ar-120-121,pr-true,f-auto,q-80/cms/sub_category/43.png",TMI Colman Kimia Dates,TMI,224,299,450 g,4.7 (170),In Stock,https://www.zeptonow.com/pn/tmi-colman-kimia-dates/pvid/3f2b0aef-932c-4445-a364-722012cb1f25,"https://cdn.zeptonow.com/production/tr:w-1280,ar-1200-1200,pr-true,f-auto,q-80/cms/product_variant/42421819-9062-41fd-8f3c-c60aa2b7f040.jpeg"
Masala & Dry Fruits,Dates & Seeds,"https://cdn.zeptonow.com/production/tr:w-90,ar-120-121,pr-true,f-auto,q-80/cms/sub_category/43.png",Daily Good Arabian Dates,Daily Good,129,199,500 g,4.4 (1.1k),In Stock,https://www.zeptonow.com/pn/daily-good-arabian-dates/pvid/eeb0466b-22ad-41d3-961b-a0b850878fb0,"https://cdn.zeptonow.com/production/tr:w-1280,ar-1080-1080,pr-true,f-auto,q-80/cms/product_variant/d00a28e2-9e56-44c6-8fb8-7f112964a46c.jpg"
Masala & Dry Fruits,Dates & Seeds,"https://cdn.zeptonow.com/production/tr:w-90,ar-120-121,pr-true,f-auto,q-80/cms/sub_category/43.png",Daily Good Basil Seeds / Sabja,Daily Good,55,85,100 g,4.6 (8.1k),In Stock,https://www.zeptonow.com/pn/daily-good-basil-seeds-sabja/pvid/1b80362c-1dfd-4a1a-ac93-c609fdd801f4,"https://cdn.zeptonow.com/production/tr:w-1280,ar-1000-1000,pr-true,f-auto,q-80/cms/product_variant/dab49a3d-410c-4aba-8c50-d2b5cd09105d.jpeg"
Masala & Dry Fruits,Dates & Seeds,"https://cdn.zeptonow.com/production/tr:w-90,ar-120-121,pr-true,f-auto,q-80/cms/sub_category/43.png",Daily Good Pumpkin Seeds,Daily Good,134,280,200 g,4.5 (15.5k),In Stock,https://www.zeptonow.com/pn/daily-good-pumpkin-seeds/pvid/74e2ca8d-5309-476c-86e8-0333ef844d38,"https://cdn.zeptonow.com/production/tr:w-1280,ar-1000-1000,pr-true,f-auto,q-80/cms/product_variant/b07fc106-4ac1-4469-acf6-e4f56017d583.jpeg"
Masala & Dry Fruits,Dates & Seeds,"https://cdn.zeptonow.com/production/tr:w-90,ar-120-121,pr-true,f-auto,q-80/cms/sub_category/43.png",Lion Arabian Dates,Lion,242,242,2 x 500 g,4 (7.1k),In Stock,https://www.zeptonow.com/pn/lion-arabian-dates/pvid/a425a169-fe6b-4271-a5f9-f81d20e63cbd,"https://cdn.zeptonow.com/production/tr:w-1280,ar-2400-2400,pr-true,f-auto,q-80/cms/product_variant/3cff02f3-0821-4f79-a97f-a174a16c5278.jpeg"
Masala & Dry Fruits,Dates & Seeds,"https://cdn.zeptonow.com/production/tr:w-90,ar-120-121,pr-true,f-auto,q-80/cms/sub_category/43.png",Daily Good Chia Seeds,Daily Good,125,200,200 g,4.4 (20.4k),In Stock,https://www.zeptonow.com/pn/daily-good-chia-seeds/pvid/7d84f99e-a168-46a0-9710-0f02dd49d7a5,"https://cdn.zeptonow.com/production/tr:w-1280,ar-1000-1000,pr-true,f-auto,q-80/cms/product_variant/324d710d-8a6d-484d-a352-fb924bcb773d.jpeg"
Masala & Dry Fruits,Dates & Seeds,"https://cdn.zeptonow.com/production/tr:w-90,ar-120-121,pr-true,f-auto,q-80/cms/sub_category/43.png",Unifit Chia Seeds |Healthy Snack and Topping,Unifit,112,230,200 g,4.7 (479),In Stock,https://www.zeptonow.com/pn/unifit-chia-seeds-healthy-snack-and-topping/pvid/b9e83f59-fe34-47a9-a956-b332611d8ec1,"https://cdn.zeptonow.com/production/tr:w-1280,ar-2000-2000,pr-true,f-auto,q-80/cms/product_variant/fd282a17-c367-4488-8abd-f1c6a80247a9.jpg"
Masala & Dry Fruits,Dates & Seeds,"https://cdn.zeptonow.com/production/tr:w-90,ar-120-121,pr-true,f-auto,q-80/cms/sub_category/43.png",Lion Qyno Deseeded Dates Cup,Lion,160,160,500 g,4.3 (2.7k),In Stock,https://www.zeptonow.com/pn/lion-qyno-deseeded-dates-cup/pvid/8b0f5ca5-36a8-46a3-931d-c03ee296441a,"https://cdn.zeptonow.com/production/tr:w-1280,ar-2400-2400,pr-true,f-auto,q-80/cms/product_variant/35f33a2d-7836-4014-bf6f-6f7e45628c9e.jpeg"
Masala & Dry Fruits,Dates & Seeds,"https://cdn.zeptonow.com/production/tr:w-90,ar-120-121,pr-true,f-auto,q-80/cms/sub_category/43.png",Lion Qyno Dates,Lion,105,105,250 g,4.3 (6.0k),In Stock,https://www.zeptonow.com/pn/lion-qyno-dates/pvid/c24749ce-193a-40cc-80e1-54c1a602af2c,"https://cdn.zeptonow.com/production/tr:w-1280,ar-2400-2400,pr-true,f-auto,q-80/cms/product_variant/c8ec7b29-84cc-4d40-9968-e64f06609328.jpeg"
Masala & Dry Fruits,Dates & Seeds,"https://cdn.zeptonow.com/production/tr:w-90,ar-120-121,pr-true,f-auto,q-80/cms/sub_category/43.png",Daily Good Flax Seeds (Alsi Seeds),Daily Good,43,105,200 g,4.6 (15.0k),In Stock,https://www.zeptonow.com/pn/daily-good-flax-seeds-alsi-seeds/pvid/31aaaeaf-04a9-418a-865c-dda37dde84b4,"https://cdn.zeptonow.com/production/tr:w-1280,ar-1000-1000,pr-true,f-auto,q-80/cms/product_variant/a1b2e3d2-30f0-4e5f-9327-40329e6a842a.jpeg"
Masala & Dry Fruits,Dates & Seeds,"https://cdn.zeptonow.com/production/tr:w-90,ar-120-121,pr-true,f-auto,q-80/cms/sub_category/43.png",True Elements Flax Seeds Roasted,True,95,125,125 g,4.8 (500),In Stock,https://www.zeptonow.com/pn/true-elements-flax-seeds-roasted/pvid/0056b981-4aec-4fb4-a6bf-557a70f2cd8e,"https://cdn.zeptonow.com/production/tr:w-1280,ar-1830-1960,pr-true,f-auto,q-80/cms/product_variant/c0fb3295-3f1e-4cc2-80d4-8632bdadf4b7.jpg"
Masala & Dry Fruits,Dates & Seeds,"https://cdn.zeptonow.com/production/tr:w-90,ar-120-121,pr-true,f-auto,q-80/cms/sub_category/43.png",Bolas Safawi Dates,Bolas,295,375,250 g,4.9 (87),In Stock,https://www.zeptonow.com/pn/bolas-safawi-dates/pvid/d9fe5b05-7100-45bf-9682-65bb53d97d35,"https://cdn.zeptonow.com/production/tr:w-1280,ar-1200-1200,pr-true,f-auto,q-80/cms/product_variant/59a12a78-468a-47a1-a356-c1f559e7f9d3.jpg"
Masala & Dry Fruits,Dates & Seeds,"https://cdn.zeptonow.com/production/tr:w-90,ar-120-121,pr-true,f-auto,q-80/cms/sub_category/43.png",Flyberry Gourmet Ajwa Dates All Natural,Flyberry,961,1199,400 g,5 (60),In Stock,https://www.zeptonow.com/pn/flyberry-gourmet-ajwa-dates-all-natural/pvid/ec4d793f-e2c8-4113-9573-5c044d6dc6db,"https://cdn.zeptonow.com/production/tr:w-1280,ar-2400-2400,pr-true,f-auto,q-80/cms/product_variant/353340b0-15c1-4686-8315-6d4ee79aded9.jpg"
Masala & Dry Fruits,Dates & Seeds,"https://cdn.zeptonow.com/production/tr:w-90,ar-120-121,pr-true,f-auto,q-80/cms/sub_category/43.png",Bolas Fard Dates,Bolas,223,295,500 g,4.6 (627),In Stock,https://www.zeptonow.com/pn/bolas-fard-dates/pvid/7d703227-c543-4d5f-b5fb-52ee5e9f2a20,"https://cdn.zeptonow.com/production/tr:w-1280,ar-2000-2229,pr-true,f-auto,q-80/cms/product_variant/931a4302-c6d1-49a5-8c46-03d7c9c58c9c.jpg"
Masala & Dry Fruits,Dates & Seeds,"https://cdn.zeptonow.com/production/tr:w-90,ar-120-121,pr-true,f-auto,q-80/cms/sub_category/43.png",Unifit Pumpkin Seeds | Healthy Snack and Topping,Unifit,128,285,200 g,4.6 (499),In Stock,https://www.zeptonow.com/pn/unifit-pumpkin-seeds-healthy-snack-and-topping/pvid/ba393e95-dd23-47ae-b2c7-6490140a9cc9,"https://cdn.zeptonow.com/production/tr:w-1280,ar-1500-1500,pr-true,f-auto,q-80/cms/product_variant/6e19b856-4cc6-4396-8df0-3bcbf4f9c227.jpg"
Masala & Dry Fruits,Dates & Seeds,"https://cdn.zeptonow.com/production/tr:w-90,ar-120-121,pr-true,f-auto,q-80/cms/sub_category/43.png","Flyberry Gourmet Date Powder, 100% Natural Sweetener",Flyberry,417,599,300 g,4.5 (84),In Stock,https://www.zeptonow.com/pn/flyberry-gourmet-date-powder-100-natural-sweetener/pvid/5fbc3a0f-7383-4821-be8e-1b680e547248,"https://cdn.zeptonow.com/production/tr:w-1280,ar-2693-2693,pr-true,f-auto,q-80/cms/product_variant/b01c7373-54b3-4170-a13a-f63fb4c6ba94.jpg"
Masala & Dry Fruits,Dates & Seeds,"https://cdn.zeptonow.com/production/tr:w-90,ar-120-121,pr-true,f-auto,q-80/cms/sub_category/43.png",Daily Good Khalas/Red Dates,Daily Good,145,149,500 g,4 (338),In Stock,https://www.zeptonow.com/pn/daily-good-khalasred-dates/pvid/e5368144-27b2-415f-aff1-ddec6b163bce,"https://cdn.zeptonow.com/production/tr:w-1280,ar-1080-1080,pr-true,f-auto,q-80/cms/product_variant/894c2853-461f-4509-bf5f-e9c4a4db7fd2.jpg"
Masala & Dry Fruits,Dates & Seeds,"https://cdn.zeptonow.com/production/tr:w-90,ar-120-121,pr-true,f-auto,q-80/cms/sub_category/43.png",Daily Good Zahidi Dates,Daily Good,142,175,500 g,4.4 (632),In Stock,https://www.zeptonow.com/pn/daily-good-zahidi-dates/pvid/b44a2f19-508a-4115-ad52-9bd5faf3e5ea,"https://cdn.zeptonow.com/production/tr:w-1280,ar-1080-1080,pr-true,f-auto,q-80/cms/product_variant/f4a142f2-d488-4c68-813a-c1d27d515263.jpg"
Masala & Dry Fruits,Dates & Seeds,"https://cdn.zeptonow.com/production/tr:w-90,ar-120-121,pr-true,f-auto,q-80/cms/sub_category/43.png",Chukde Kharbooz Magaz / Musk Melon Seeds,Chukde,223,250,100 g,4.7 (208),In Stock,https://www.zeptonow.com/pn/chukde-kharbooz-magaz-musk-melon-seeds/pvid/ab5d0bfa-9c5f-40c8-8d30-2967d5946210,"https://cdn.zeptonow.com/production/tr:w-1280,ar-1000-1000,pr-true,f-auto,q-80/cms/product_variant/fa114d77-7733-4da5-9245-06eacc328e41.jpeg"
Masala & Dry Fruits,Dates & Seeds,"https://cdn.zeptonow.com/production/tr:w-90,ar-120-121,pr-true,f-auto,q-80/cms/sub_category/43.png",Town Grocer Basil Seeds,Town,29,40,100 g,4.7 (927),In Stock,https://www.zeptonow.com/pn/town-grocer-basil-seeds/pvid/1ad616c5-c292-4d39-97e0-75382b20ff5d,"https://cdn.zeptonow.com/production/tr:w-1280,ar-1600-1600,pr-true,f-auto,q-80/cms/product_variant/09d4544c-c5ba-4733-8cb0-8537c5777d1f.jpeg"
Masala & Dry Fruits,Dates & Seeds,"https://cdn.zeptonow.com/production/tr:w-90,ar-120-121,pr-true,f-auto,q-80/cms/sub_category/43.png",Daily Good Dried Dates,Daily Good,104,155,200 g,4.7 (2.9k),In Stock,https://www.zeptonow.com/pn/daily-good-dried-dates/pvid/6eac5b92-118c-4c33-aca6-791ab268a868,"https://cdn.zeptonow.com/production/tr:w-1280,ar-3881-3881,pr-true,f-auto,q-80/cms/product_variant/6a12cb02-694e-427f-812c-1dd859aa99c3.jpeg"
Masala & Dry Fruits,Dates & Seeds,"https://cdn.zeptonow.com/production/tr:w-90,ar-120-121,pr-true,f-auto,q-80/cms/sub_category/43.png",Daily Good Dried Dates,Daily Good,56,85,100 g,4.5 (1.2k),In Stock,https://www.zeptonow.com/pn/daily-good-dried-dates/pvid/af7b1c50-1aaf-444f-ba66-b81a5c13acf2,"https://cdn.zeptonow.com/production/tr:w-1280,ar-1941-1941,pr-true,f-auto,q-80/cms/product_variant/78841338-2ceb-461a-a52a-a7bb4f713384.jpg"
Masala & Dry Fruits,Dates & Seeds,"https://cdn.zeptonow.com/production/tr:w-90,ar-120-121,pr-true,f-auto,q-80/cms/sub_category/43.png",Flyberry Gourmet Kalmi Dates All Natural,Flyberry,299,399,200 g,5 (104),In Stock,https://www.zeptonow.com/pn/flyberry-gourmet-kalmi-dates-all-natural/pvid/30d55e8f-2965-48d6-8aa2-1957ca70b215,"https://cdn.zeptonow.com/production/tr:w-1280,ar-1000-1000,pr-true,f-auto,q-80/cms/product_variant/40af7f90-1654-4899-a3fa-5c839e34e05f.jpeg"
Masala & Dry Fruits,Dates & Seeds,"https://cdn.zeptonow.com/production/tr:w-90,ar-120-121,pr-true,f-auto,q-80/cms/sub_category/43.png",Wonderland Foods Pumpkin Seeds,Wonderland,76,150,100 g,4.8 (865),In Stock,https://www.zeptonow.com/pn/wonderland-foods-pumpkin-seeds/pvid/e03a2cb8-3145-4f2e-bf48-ac330a5157be,"https://cdn.zeptonow.com/production/tr:w-1280,ar-1200-1200,pr-true,f-auto,q-80/cms/product_variant/a10a163e-8323-4e7b-9e3e-76709d34ccb3.jpg"
Masala & Dry Fruits,Dates & Seeds,"https://cdn.zeptonow.com/production/tr:w-90,ar-120-121,pr-true,f-auto,q-80/cms/sub_category/43.png",Lion Muscat Dates,Lion,139,142,250 g,5 (352),In Stock,https://www.zeptonow.com/pn/lion-muscat-dates/pvid/3e90f5e5-d79c-40dc-9fa4-c5321aba71ef,"https://cdn.zeptonow.com/production/tr:w-1280,ar-1021-1021,pr-true,f-auto,q-80/cms/product_variant/403f1463-155a-43f4-b7d2-67d906d41a1d.jpeg"
Masala & Dry Fruits,Dates & Seeds,"https://cdn.zeptonow.com/production/tr:w-90,ar-120-121,pr-true,f-auto,q-80/cms/sub_category/43.png",Flyberry Gourmet Ameri Dates,Flyberry,319,399,200 g,4.4 (71),In Stock,https://www.zeptonow.com/pn/flyberry-gourmet-ameri-dates/pvid/9b11269d-a892-48ca-aaba-3dd8f537ee87,"https://cdn.zeptonow.com/production/tr:w-1280,ar-1500-1500,pr-true,f-auto,q-80/cms/product_variant/016db779-7f41-4992-a60d-191cbddf93b8.jpg"
Masala & Dry Fruits,Dates & Seeds,"https://cdn.zeptonow.com/production/tr:w-90,ar-120-121,pr-true,f-auto,q-80/cms/sub_category/43.png",Wonderland Foods Ajwa Dates,Wonderland,288,599,200 g,4.6 (492),In Stock,https://www.zeptonow.com/pn/wonderland-foods-ajwa-dates/pvid/531b0cbc-582e-4651-80f3-75fa86c4bb54,"https://cdn.zeptonow.com/production/tr:w-1280,ar-1500-1500,pr-true,f-auto,q-80/cms/product_variant/3a210563-2400-40dc-aed0-1254b15f2e4a.jpg"
Masala & Dry Fruits,Dates & Seeds,"https://cdn.zeptonow.com/production/tr:w-90,ar-120-121,pr-true,f-auto,q-80/cms/sub_category/43.png",Popular Essentials Dry Dates (Kharak),Popular Essentials,220,220,250 g,5 (71),In Stock,https://www.zeptonow.com/pn/popular-essentials-dry-dates-kharak/pvid/6ad09186-c306-4b4b-984f-234725fae8b7,"https://cdn.zeptonow.com/production/tr:w-1280,ar-1021-1021,pr-true,f-auto,q-80/cms/product_variant/9fed25a2-237f-4848-91b7-ca6d5ec6340f.jpeg"
Masala & Dry Fruits,Dates & Seeds,"https://cdn.zeptonow.com/production/tr:w-90,ar-120-121,pr-true,f-auto,q-80/cms/sub_category/43.png",Organic Tattva Organic Chia Seeds,Organic Tattva,103,125,100 g,5 (384),In Stock,https://www.zeptonow.com/pn/organic-tattva-organic-chia-seeds/pvid/444b576f-f323-46b9-8408-3f14518600e1,"https://cdn.zeptonow.com/production/tr:w-1280,ar-1500-1500,pr-true,f-auto,q-80/cms/product_variant/dc356df5-f0fd-4e63-a10e-8c1c309e611a.jpeg"
Masala & Dry Fruits,Dates & Seeds,"https://cdn.zeptonow.com/production/tr:w-90,ar-120-121,pr-true,f-auto,q-80/cms/sub_category/43.png",True Elements Raw Pumpkin Seeds - High Fibre & Protein,True,238,325,250 g,4.9 (344),In Stock,https://www.zeptonow.com/pn/true-elements-raw-pumpkin-seeds-high-fibre-protein/pvid/de345e65-17bd-443e-b2a4-b9fd7fab62c3,"https://cdn.zeptonow.com/production/tr:w-1280,ar-1991-2789,pr-true,f-auto,q-80/cms/product_variant/da26fb55-cfcc-4651-bec2-d369198a849a.jpeg"
Masala & Dry Fruits,Dates & Seeds,"https://cdn.zeptonow.com/production/tr:w-90,ar-120-121,pr-true,f-auto,q-80/cms/sub_category/43.png",Daily Good Fard Dates,Daily Good,217,299,500 g,4.5 (419),In Stock,https://www.zeptonow.com/pn/daily-good-fard-dates/pvid/e02a7705-b295-4e17-9241-73dbeb374b65,"https://cdn.zeptonow.com/production/tr:w-1280,ar-1000-1000,pr-true,f-auto,q-80/cms/product_variant/c973750b-af28-4930-a9fa-a64981a8edf9.jpg"
Masala & Dry Fruits,Dates & Seeds,"https://cdn.zeptonow.com/production/tr:w-90,ar-120-121,pr-true,f-auto,q-80/cms/sub_category/43.png",Daily Good Bumaan Dates,Daily Good,138,199,500 g,4.6 (323),In Stock,https://www.zeptonow.com/pn/daily-good-bumaan-dates/pvid/459420fd-ab11-4140-8109-9172861d52c5,"https://cdn.zeptonow.com/production/tr:w-1280,ar-500-348,pr-true,f-auto,q-80/cms/product_variant/a33710b9-edef-4f53-8566-ffe38ca661f2.jpg"
Masala & Dry Fruits,Dates & Seeds,"https://cdn.zeptonow.com/production/tr:w-90,ar-120-121,pr-true,f-auto,q-80/cms/sub_category/43.png","Nutty Gritties Daily Mix Nuts roasted in Himalayan Pink Salt - Macadamias, Hazelnuts, Pistachios, Almonds, Cashews",Nutty,80,99,35 g,3.9 (101),In Stock,https://www.zeptonow.com/pn/nutty-gritties-daily-mix-nuts-roasted-in-himalayan-pink-salt-macadamias-hazelnuts-pistachios-almonds-cashews/pvid/e3aa3129-7e7a-4281-9b07-f51a176a1200,"https://cdn.zeptonow.com/production/tr:w-1280,ar-1000-1000,pr-true,f-auto,q-80/cms/product_variant/af329a07-153a-4ad7-a560-c9fedcb8a02d.jpeg"
Masala & Dry Fruits,Dates & Seeds,"https://cdn.zeptonow.com/production/tr:w-90,ar-120-121,pr-true,f-auto,q-80/cms/sub_category/43.png",Popular Fit Eats Dates - Ajwa,Popular,503,600,250 g,4.5 (305),In Stock,https://www.zeptonow.com/pn/popular-fit-eats-dates-ajwa/pvid/aab663f2-5068-4c8e-8421-c0619d549db3,"https://cdn.zeptonow.com/production/tr:w-1280,ar-4167-4167,pr-true,f-auto,q-80/cms/product_variant/edab8574-edec-4704-a640-04f36ce9b4d2.jpg"
Masala & Dry Fruits,Dates & Seeds,"https://cdn.zeptonow.com/production/tr:w-90,ar-120-121,pr-true,f-auto,q-80/cms/sub_category/43.png",Daily Good Dried Dates,Daily Good,200,375,500 g,4.6 (1.3k),In Stock,https://www.zeptonow.com/pn/daily-good-dried-dates/pvid/36d95c96-d5ab-4716-9eed-26f6d0aea727,"https://cdn.zeptonow.com/production/tr:w-1280,ar-1000-1000,pr-true,f-auto,q-80/cms/product_variant/275db9b8-7a51-44f3-a96e-835ff46080f0.jpeg"
Masala & Dry Fruits,Dates & Seeds,"https://cdn.zeptonow.com/production/tr:w-90,ar-120-121,pr-true,f-auto,q-80/cms/sub_category/43.png",Khetika 7 in 1 Trail mix,Khetika,239,299,200 g,4.6 (575),In Stock,https://www.zeptonow.com/pn/khetika-7-in-1-trail-mix/pvid/224fbf66-688c-4fc8-b07b-af72154d42df,"https://cdn.zeptonow.com/production/tr:w-1280,ar-1307-1919,pr-true,f-auto,q-80/cms/product_variant/f28d0eff-9f05-4540-b041-0c2d69a88313.jpeg"
Masala & Dry Fruits,Dates & Seeds,"https://cdn.zeptonow.com/production/tr:w-90,ar-120-121,pr-true,f-auto,q-80/cms/sub_category/43.png",Flyberry Gourmet Deri Dates,Flyberry,394,600,500 g,4.7 (173),In Stock,https://www.zeptonow.com/pn/flyberry-gourmet-deri-dates/pvid/ef19938c-0abf-457f-b6ca-99bfec5bb2f5,"https://cdn.zeptonow.com/production/tr:w-1280,ar-1000-1000,pr-true,f-auto,q-80/cms/product_variant/5d15e778-2351-4eab-bc68-7495da545854.jpg"
Masala & Dry Fruits,Dates & Seeds,"https://cdn.zeptonow.com/production/tr:w-90,ar-120-121,pr-true,f-auto,q-80/cms/sub_category/43.png",Popular Fit Eats Dates - Medjoul,Popular,909,1100,500 g,5 (58),In Stock,https://www.zeptonow.com/pn/popular-fit-eats-dates-medjoul/pvid/c10ba325-7227-4bf7-9609-cbb82d447bb9,"https://cdn.zeptonow.com/production/tr:w-1280,ar-4167-4168,pr-true,f-auto,q-80/cms/product_variant/66956fe3-f92c-4f71-9dd3-c72450617c1e.jpg"
Masala & Dry Fruits,Dates & Seeds,"https://cdn.zeptonow.com/production/tr:w-90,ar-120-121,pr-true,f-auto,q-80/cms/sub_category/43.png",Daily Good Raisin Deri Dates,Daily Good,290,399,500 g,4.4 (458),In Stock,https://www.zeptonow.com/pn/daily-good-raisin-deri-dates/pvid/78e51299-2a89-44d8-a727-bfeea2d4cf62,"https://cdn.zeptonow.com/production/tr:w-1280,ar-427-320,pr-true,f-auto,q-80/cms/product_variant/5df60299-113f-43bc-b6fb-947c246354b3.jpg"
Masala & Dry Fruits,Dates & Seeds,"https://cdn.zeptonow.com/production/tr:w-90,ar-120-121,pr-true,f-auto,q-80/cms/sub_category/43.png",Daily Good Flax Seeds (Alsi Seeds) 200 g X 2 Combo,Daily Good,76,210,200 g X 2,4.3 (607),In Stock,https://www.zeptonow.com/pn/daily-good-flax-seeds-alsi-seeds-200-g-x-2-combo/pvid/503722d8-ff0f-4a0d-94f6-ba8c28674b83,"https://cdn.zeptonow.com/production/tr:w-1280,ar-1200-1200,pr-true,f-auto,q-80/cms/product_variant/b436fa97-3b4d-48b3-8590-04cfe712adbb.jpg"
Masala & Dry Fruits,Dates & Seeds,"https://cdn.zeptonow.com/production/tr:w-90,ar-120-121,pr-true,f-auto,q-80/cms/sub_category/43.png",Daily Good Pumpkin Seeds(200gms) & Daily Good Flax Seeds (Alsi Seeds)(200gms) Combo,Daily Good,166,385,2 combo,4.7 (154),In Stock,https://www.zeptonow.com/pn/daily-good-pumpkin-seeds200gms-daily-good-flax-seeds-alsi-seeds200gms-combo/pvid/c81210e1-d012-466f-9258-dd87bb438a98,"https://cdn.zeptonow.com/production/tr:w-1280,ar-1494-1494,pr-true,f-auto,q-80/cms/product_variant/9df0574f-cb1a-4304-8b77-30d32f61f4a5.jpg"
Masala & Dry Fruits,Dates & Seeds,"https://cdn.zeptonow.com/production/tr:w-90,ar-120-121,pr-true,f-auto,q-80/cms/sub_category/43.png",Daily Good Pumpkin Seeds(200gms) & Daily Good Watermelon Seeds / Tarbuj Beej(100gms) Combo,Daily Good,210,475,2 combo,4.3 (261),In Stock,https://www.zeptonow.com/pn/daily-good-pumpkin-seeds200gms-daily-good-watermelon-seeds-tarbuj-beej100gms-combo/pvid/6093d7a6-7e8b-4dac-b584-1a98d439c58c,"https://cdn.zeptonow.com/production/tr:w-1280,ar-1494-1494,pr-true,f-auto,q-80/cms/product_variant/90ed598b-8ed3-4742-94ff-da4875772d31.jpg"
Masala & Dry Fruits,Dates & Seeds,"https://cdn.zeptonow.com/production/tr:w-90,ar-120-121,pr-true,f-auto,q-80/cms/sub_category/43.png",Open Secret Arabian Dates (Khajur) With Seed 400 g Combo,Open Secret,272,500,400 g X 2,4.4 (266),In Stock,https://www.zeptonow.com/pn/open-secret-arabian-dates-khajur-with-seed-400-g-combo/pvid/21dda45f-2bc7-4fb8-b1eb-d3589699adaa,"https://cdn.zeptonow.com/production/tr:w-1280,ar-1500-1500,pr-true,f-auto,q-80/cms/product_variant/757b47fd-0e35-4cc6-bdd4-6989ffe05b3e.jpg"
Masala & Dry Fruits,Dates & Seeds,"https://cdn.zeptonow.com/production/tr:w-90,ar-120-121,pr-true,f-auto,q-80/cms/sub_category/43.png",Nutraj Gold Arabian Dates 500 g Combo,Nutraj,234,398,500 g X 2,4.2 (973),In Stock,https://www.zeptonow.com/pn/nutraj-gold-arabian-dates-500-g-combo/pvid/9efff5aa-a865-4ec0-9916-18e206ecb6d5,"https://cdn.zeptonow.com/production/tr:w-1280,ar-1500-1500,pr-true,f-auto,q-80/cms/product_variant/74c8d239-4da4-4d0e-b71f-438f900f8005.jpg"
Masala & Dry Fruits,Dates & Seeds,"https://cdn.zeptonow.com/production/tr:w-90,ar-120-121,pr-true,f-auto,q-80/cms/sub_category/43.png",Farmley Premium Flax Seeds Combo,Farmley,120,198,200 g X 2,4.4 (82),In Stock,https://www.zeptonow.com/pn/farmley-premium-flax-seeds-combo/pvid/d24057bb-2814-4148-a28a-2dab3233ad12,"https://cdn.zeptonow.com/production/tr:w-1280,ar-1200-1200,pr-true,f-auto,q-80/cms/product_variant/baa63335-7bf1-40a7-8424-5e8f29c48bf0.jpg"
Masala & Dry Fruits,Dates & Seeds,"https://cdn.zeptonow.com/production/tr:w-90,ar-120-121,pr-true,f-auto,q-80/cms/sub_category/43.png",Farmley Watermelon Seeds | Raw Magaj Seeds I Tarbuj Beej | Rich In Protein 500 g X 2 Combo,Farmley,894,1998,500 g X 2,4.7 (887),In Stock,https://www.zeptonow.com/pn/farmley-watermelon-seeds-raw-magaj-seeds-i-tarbuj-beej-rich-in-protein-500-g-x-2-combo/pvid/3d61c4d7-60d7-4ce4-8aa3-0474345d8cf2,"https://cdn.zeptonow.com/production/tr:w-1280,ar-1200-1200,pr-true,f-auto,q-80/cms/product_variant/9b31493b-9a27-4397-a00d-02027aa3c398.jpg"
Masala & Dry Fruits,Dates & Seeds,"https://cdn.zeptonow.com/production/tr:w-90,ar-120-121,pr-true,f-auto,q-80/cms/sub_category/43.png",Nutraj Gold Arabian Dates 500 g Combo,Nutraj,330,597,500 g X 3,4.7 (142),In Stock,https://www.zeptonow.com/pn/nutraj-gold-arabian-dates-500-g-combo/pvid/25b7cfd4-5abe-471a-b2cd-a7eee7a90ed1,"https://cdn.zeptonow.com/production/tr:w-1280,ar-1500-1500,pr-true,f-auto,q-80/cms/product_variant/ba9676a9-6b44-4f1a-9253-80dd14cb8a50.jpg"
Masala & Dry Fruits,Dates & Seeds,"https://cdn.zeptonow.com/production/tr:w-90,ar-120-121,pr-true,f-auto,q-80/cms/sub_category/43.png",Khari Foods Sunflower Seeds Dried Combo,Khari,232,450,200 g X 2,4.5 (812),In Stock,https://www.zeptonow.com/pn/khari-foods-sunflower-seeds-dried-combo/pvid/1f52bb06-bfe6-4f87-a646-6f196a8ef448,"https://cdn.zeptonow.com/production/tr:w-1280,ar-1500-1500,pr-true,f-auto,q-80/cms/product_variant/e70130cb-83cb-49b3-b7dc-51a0d6e8fa55.jpg"
Masala & Dry Fruits,Dates & Seeds,"https://cdn.zeptonow.com/production/tr:w-90,ar-120-121,pr-true,f-auto,q-80/cms/sub_category/43.png",Wonderland Foods Ajwa Dates 200 g X 2 Combo,Wonderland,576,1198,200 g X 2,4.7 (74),In Stock,https://www.zeptonow.com/pn/wonderland-foods-ajwa-dates-200-g-x-2-combo/pvid/9c750dcc-bb3e-40df-9ed3-a5e2cc1862ad,"https://cdn.zeptonow.com/production/tr:w-1280,ar-1200-1200,pr-true,f-auto,q-80/cms/product_variant/a3d41104-54e2-468d-9d09-fdc1d90ae54a.jpg"
Masala & Dry Fruits,Dates & Seeds,"https://cdn.zeptonow.com/production/tr:w-90,ar-120-121,pr-true,f-auto,q-80/cms/sub_category/43.png",Nutraj Raw Chia Seeds Combo,Nutraj,224,598,200 g X 2,4.7 (409),In Stock,https://www.zeptonow.com/pn/nutraj-raw-chia-seeds-combo/pvid/5480adb8-054f-4a6a-9b1e-09c71608aa18,"https://cdn.zeptonow.com/production/tr:w-1280,ar-1200-1200,pr-true,f-auto,q-80/cms/product_variant/48ad353c-7965-41d0-807e-208bdb4322da.jpg"
Masala & Dry Fruits,Dates & Seeds,"https://cdn.zeptonow.com/production/tr:w-90,ar-120-121,pr-true,f-auto,q-80/cms/sub_category/43.png",Farmley Premium Natural Chia Seeds Jar Rich In Protein & Fiber 1 kg X 2 Combo,Farmley,1060,2398,1 kg X 2,4.3 (678),In Stock,https://www.zeptonow.com/pn/farmley-premium-natural-chia-seeds-jar-rich-in-protein-fiber-1-kg-x-2-combo/pvid/a3767649-c852-498f-be63-2cedc3360800,"https://cdn.zeptonow.com/production/tr:w-1280,ar-1200-1200,pr-true,f-auto,q-80/cms/product_variant/26a131cb-ebe1-4da2-94cc-d103844b347d.jpg"
Masala & Dry Fruits,Dates & Seeds,"https://cdn.zeptonow.com/production/tr:w-90,ar-120-121,pr-true,f-auto,q-80/cms/sub_category/43.png",Lion Arabian Dates 1 kg Combo,Lion,460,484,1 kg X 2,4.7 (282),In Stock,https://www.zeptonow.com/pn/lion-arabian-dates-1-kg-combo/pvid/340d16a7-e998-467c-b3ac-642c332789bd,"https://cdn.zeptonow.com/production/tr:w-1280,ar-1500-1500,pr-true,f-auto,q-80/cms/product_variant/daa4cbcb-c1f0-4f2d-a750-ed920567092c.jpg"
Masala & Dry Fruits,Dates & Seeds,"https://cdn.zeptonow.com/production/tr:w-90,ar-120-121,pr-true,f-auto,q-80/cms/sub_category/43.png","Open Secret Chia Seeds - Protein Rich, High In Fibre Combo",Open Secret,248,598,200 g X 2,4.2 (552),In Stock,https://www.zeptonow.com/pn/open-secret-chia-seeds-protein-rich-high-in-fibre-combo/pvid/c23a95b3-69f4-40ce-a681-83ea8c727d1e,"https://cdn.zeptonow.com/production/tr:w-1280,ar-1500-1500,pr-true,f-auto,q-80/cms/product_variant/e50ba903-f206-4b18-a591-dacb89309f9b.jpg"
Masala & Dry Fruits,Dates & Seeds,"https://cdn.zeptonow.com/production/tr:w-90,ar-120-121,pr-true,f-auto,q-80/cms/sub_category/43.png",Unifit Chia Seeds |Healthy Snack and Topping Combo,Unifit,200,460,200 g X 2,4.4 (513),In Stock,https://www.zeptonow.com/pn/unifit-chia-seeds-healthy-snack-and-topping-combo/pvid/7756c022-60e0-4610-bb61-08ecd0b5a851,"https://cdn.zeptonow.com/production/tr:w-1280,ar-1500-1500,pr-true,f-auto,q-80/cms/product_variant/8b6207bc-9a38-4afa-9634-8adf2209a74f.jpg"
Masala & Dry Fruits,Dates & Seeds,"https://cdn.zeptonow.com/production/tr:w-90,ar-120-121,pr-true,f-auto,q-80/cms/sub_category/43.png",Open Secret Arabian Dates (Khajur) With Seed 400 g X 2 Combo,Open Secret,276,500,400 g X 2,4.4 (487),In Stock,https://www.zeptonow.com/pn/open-secret-arabian-dates-khajur-with-seed-400-g-x-2-combo/pvid/81e08d4e-8415-4c40-9088-0d1e367b10ec,"https://cdn.zeptonow.com/production/tr:w-1280,ar-1200-1200,pr-true,f-auto,q-80/cms/product_variant/36bd6e0c-68be-4747-a5e2-cf0e705a00b1.jpg"
Masala & Dry Fruits,Dates & Seeds,"https://cdn.zeptonow.com/production/tr:w-90,ar-120-121,pr-true,f-auto,q-80/cms/sub_category/43.png",Farmley Premium Omani Fard Dates 400 g Combo,Farmley,448,698,400 g X 2,4.2 (455),In Stock,https://www.zeptonow.com/pn/farmley-premium-omani-fard-dates-400-g-combo/pvid/7ed5f78e-b6f0-43f7-a7ae-85f060a5f15d,"https://cdn.zeptonow.com/production/tr:w-1280,ar-1500-1500,pr-true,f-auto,q-80/cms/product_variant/12c2e06e-3580-4055-a907-4695120230b5.jpg"
Masala & Dry Fruits,Dates & Seeds,"https://cdn.zeptonow.com/production/tr:w-90,ar-120-121,pr-true,f-auto,q-80/cms/sub_category/43.png",Nutraj Raw Chia Seeds Combo,Nutraj,224,598,200 g X 2,4.7 (517),In Stock,https://www.zeptonow.com/pn/nutraj-raw-chia-seeds-combo/pvid/e0aec221-5d95-443b-bd3d-c40bad725f86,"https://cdn.zeptonow.com/production/tr:w-1280,ar-1200-1200,pr-true,f-auto,q-80/cms/product_variant/e7e325c7-fd4c-4727-af6d-69a934a1d1ef.jpg"
Masala & Dry Fruits,Dates & Seeds,"https://cdn.zeptonow.com/production/tr:w-90,ar-120-121,pr-true,f-auto,q-80/cms/sub_category/43.png",Nutraj Flax Seeds Combo,Nutraj,110,398,200 g X 2,4.5 (171),In Stock,https://www.zeptonow.com/pn/nutraj-flax-seeds-combo/pvid/82ce7332-22d5-407c-a568-a1c2e84ecee6,"https://cdn.zeptonow.com/production/tr:w-1280,ar-1200-1200,pr-true,f-auto,q-80/cms/product_variant/da4fc829-03a0-46c6-8ff8-e9dfff01484b.jpg"
Masala & Dry Fruits,Dates & Seeds,"https://cdn.zeptonow.com/production/tr:w-90,ar-120-121,pr-true,f-auto,q-80/cms/sub_category/43.png",Tata Sampann 100% Pure Premium Sunflower Seeds Combo,Tata,250,298,200 g X 2,4.2 (709),In Stock,https://www.zeptonow.com/pn/tata-sampann-100-pure-premium-sunflower-seeds-combo/pvid/c17c8068-28d4-4e31-9f20-113b965a7678,"https://cdn.zeptonow.com/production/tr:w-1280,ar-1200-1200,pr-true,f-auto,q-80/cms/product_variant/e86529dd-25f3-47c0-92b0-6c1548367080.jpg"
Masala & Dry Fruits,Dates & Seeds,"https://cdn.zeptonow.com/production/tr:w-90,ar-120-121,pr-true,f-auto,q-80/cms/sub_category/43.png",Nutraj Flax Seeds Combo,Nutraj,130,398,200 g X 2,4.2 (574),In Stock,https://www.zeptonow.com/pn/nutraj-flax-seeds-combo/pvid/c573543a-65a9-49cc-85fb-16c9282f1e69,"https://cdn.zeptonow.com/production/tr:w-1280,ar-1200-1200,pr-true,f-auto,q-80/cms/product_variant/b9bd8cea-b6b4-4a90-a61b-53fc1d045ea4.jpg"
Masala & Dry Fruits,Dates & Seeds,"https://cdn.zeptonow.com/production/tr:w-90,ar-120-121,pr-true,f-auto,q-80/cms/sub_category/43.png",Open Secret Arabian Dates (Khajur) With Seed 400 g Combo,Open Secret,375,750,400 g X 3,4.2 (883),In Stock,https://www.zeptonow.com/pn/open-secret-arabian-dates-khajur-with-seed-400-g-combo/pvid/b28c20e7-ab39-4868-b12e-a961f2fa2760,"https://cdn.zeptonow.com/production/tr:w-1280,ar-1500-1500,pr-true,f-auto,q-80/cms/product_variant/3488dc49-c499-48e9-8076-e5a2ba4bf9ca.jpg"
Masala & Dry Fruits,Dates & Seeds,"https://cdn.zeptonow.com/production/tr:w-90,ar-120-121,pr-true,f-auto,q-80/cms/sub_category/43.png",True Elements Flax Seeds Roasted Combo,True,178,250,125 g X 2,4.4 (765),In Stock,https://www.zeptonow.com/pn/true-elements-flax-seeds-roasted-combo/pvid/ed562942-b134-4b68-904f-78c09dcdb501,"https://cdn.zeptonow.com/production/tr:w-1280,ar-1200-1200,pr-true,f-auto,q-80/cms/product_variant/6b74cbcd-0878-43b8-93b6-06fc17e310d1.jpg"
Masala & Dry Fruits,Dates & Seeds,"https://cdn.zeptonow.com/production/tr:w-90,ar-120-121,pr-true,f-auto,q-80/cms/sub_category/43.png",Organic Tattva Organic Chia Seeds Combo,Organic Tattva,206,250,100 g X 2,4.2 (149),In Stock,https://www.zeptonow.com/pn/organic-tattva-organic-chia-seeds-combo/pvid/9260fd49-f67f-4edd-b0ce-53e5cc61eb45,"https://cdn.zeptonow.com/production/tr:w-1280,ar-1500-1500,pr-true,f-auto,q-80/cms/product_variant/6e995809-c152-43be-a937-fb3188821ca9.jpg"
Masala & Dry Fruits,Dates & Seeds,"https://cdn.zeptonow.com/production/tr:w-90,ar-120-121,pr-true,f-auto,q-80/cms/sub_category/43.png",Nutty Gritties Premium Kalmi Dates - High Fibre,Nutty,484,550,350 g,4.4 (123),Sold Out,https://www.zeptonow.com/pn/nutty-gritties-premium-kalmi-dates-high-fibre/pvid/bfb5526d-3f96-4eb2-bf2c-cd9d0e15f84d,"https://cdn.zeptonow.com/production/tr:w-1280,ar-1000-1000,pr-true,f-auto,q-80/cms/product_variant/e5ed4faa-d892-41e4-9786-d841dab4ed7d.jpeg"
Masala & Dry Fruits,Dates & Seeds,"https://cdn.zeptonow.com/production/tr:w-90,ar-120-121,pr-true,f-auto,q-80/cms/sub_category/43.png",Delight Nuts Fard Dates Value Pack,Delight,269,349,500 g,4.2 (900),Sold Out,https://www.zeptonow.com/pn/delight-nuts-fard-dates-value-pack/pvid/b27d6507-b32f-4252-a564-03e53c9542e5,"https://cdn.zeptonow.com/production/tr:w-1280,ar-1000-1000,pr-true,f-auto,q-80/cms/product_variant/93c61b56-2c96-4d04-860b-d0639a476d10.jpg"
Masala & Dry Fruits,Dates & Seeds,"https://cdn.zeptonow.com/production/tr:w-90,ar-120-121,pr-true,f-auto,q-80/cms/sub_category/43.png",Nutty Gritties Antioxidant Trail Mix,Nutty,307,390,200 g,4.6 (172),Sold Out,https://www.zeptonow.com/pn/nutty-gritties-antioxidant-trail-mix/pvid/10a29325-8445-4b60-a98b-735c201481ce,"https://cdn.zeptonow.com/production/tr:w-1280,ar-1021-1021,pr-true,f-auto,q-80/cms/product_variant/29cc945a-f261-49f3-8aa5-ff2baf05f3ca.jpeg"
Masala & Dry Fruits,Dates & Seeds,"https://cdn.zeptonow.com/production/tr:w-90,ar-120-121,pr-true,f-auto,q-80/cms/sub_category/43.png",Rs By True Elements Dryfruits Mix,Rs,250,300,125 g,5 (307),Sold Out,https://www.zeptonow.com/pn/rs-by-true-elements-dryfruits-mix/pvid/d5f3a9c0-f2f4-43da-9d30-58ba760de8f7,"https://cdn.zeptonow.com/production/tr:w-1280,ar-1500-1500,pr-true,f-auto,q-80/cms/product_variant/0cfff657-cb49-4671-8438-f19e4a311a00.jpg"
Masala & Dry Fruits,Dates & Seeds,"https://cdn.zeptonow.com/production/tr:w-90,ar-120-121,pr-true,f-auto,q-80/cms/sub_category/43.png",Earthen Story Organic Raw Flax Seeds,Earthen,119,200,250 g,4.6 (102),Sold Out,https://www.zeptonow.com/pn/earthen-story-organic-raw-flax-seeds/pvid/9bbffd30-d567-4bd6-bfad-dc52983f3850,"https://cdn.zeptonow.com/production/tr:w-1280,ar-1500-1500,pr-true,f-auto,q-80/cms/product_variant/393a5be2-910e-490e-b3bb-d924f180638d.jpeg"
Masala & Dry Fruits,Dates & Seeds,"https://cdn.zeptonow.com/production/tr:w-90,ar-120-121,pr-true,f-auto,q-80/cms/sub_category/43.png",Earthen Story Organic Raw Sunflower Seeds,Earthen,175,250,250 g,5 (85),Sold Out,https://www.zeptonow.com/pn/earthen-story-organic-raw-sunflower-seeds/pvid/2911f241-aa73-48e3-925d-62364b0b8dd6,"https://cdn.zeptonow.com/production/tr:w-1280,ar-1500-1500,pr-true,f-auto,q-80/cms/product_variant/6250a7f1-3240-40c3-b463-3220714d36a7.jpeg"
Masala & Dry Fruits,Dates & Seeds,"https://cdn.zeptonow.com/production/tr:w-90,ar-120-121,pr-true,f-auto,q-80/cms/sub_category/43.png",Earthen Story Organic Raw Pumpkin Seeds,Earthen,255,375,250 g,4.2 (54),Sold Out,https://www.zeptonow.com/pn/earthen-story-organic-raw-pumpkin-seeds/pvid/67ec3c74-9bff-4427-a286-f73612719d33,"https://cdn.zeptonow.com/production/tr:w-1280,ar-1500-1500,pr-true,f-auto,q-80/cms/product_variant/7e370db9-7d30-4abb-89b4-4e47ef6c32ea.jpeg"
Masala & Dry Fruits,Dates & Seeds,"https://cdn.zeptonow.com/production/tr:w-90,ar-120-121,pr-true,f-auto,q-80/cms/sub_category/43.png",Earthen Story Organic Raw Chia Seeds,Earthen,169,250,250 g,4.6 (76),Sold Out,https://www.zeptonow.com/pn/earthen-story-organic-raw-chia-seeds/pvid/c3f89909-b5ac-42de-b87e-530b4be056e3,"https://cdn.zeptonow.com/production/tr:w-1280,ar-1500-1500,pr-true,f-auto,q-80/cms/product_variant/fa3e1d4d-2bc5-45e3-a0f2-ad3a110aec7f.jpeg"
Masala & Dry Fruits,Dates & Seeds,"https://cdn.zeptonow.com/production/tr:w-90,ar-120-121,pr-true,f-auto,q-80/cms/sub_category/43.png",Earthen Story Organic Raw Basil Seeds,Earthen,190,325,250 g,5 (60),Sold Out,https://www.zeptonow.com/pn/earthen-story-organic-raw-basil-seeds/pvid/aa3329f7-3a63-4ac0-b038-bec12f6efd06,"https://cdn.zeptonow.com/production/tr:w-1280,ar-2500-2500,pr-true,f-auto,q-80/cms/product_variant/909babf7-b984-4841-953f-fc6b84d65c62.jpeg"
Masala & Dry Fruits,Dates & Seeds,"https://cdn.zeptonow.com/production/tr:w-90,ar-120-121,pr-true,f-auto,q-80/cms/sub_category/43.png",Farmley Raw Basil Seeds | Rich In Protein | Fiber Diet Sabja Seeds | Tukmaria Basil Seeds,Farmley,172,399,300 g,4.9 (717),Sold Out,https://www.zeptonow.com/pn/farmley-raw-basil-seeds-rich-in-protein-fiber-diet-sabja-seeds-tukmaria-basil-seeds/pvid/b90d71a6-3a76-4bcd-a5f1-38290e06a2c8,"https://cdn.zeptonow.com/production/tr:w-1280,ar-3125-3125,pr-true,f-auto,q-80/cms/product_variant/0125f259-1be1-4570-80aa-c50ca039dd75.jpg"
Masala & Dry Fruits,Dates & Seeds,"https://cdn.zeptonow.com/production/tr:w-90,ar-120-121,pr-true,f-auto,q-80/cms/sub_category/43.png",Khari Foods Black Royal Dates / Khajur,Khari,135,199,400 g,4 (2.0k),Sold Out,https://www.zeptonow.com/pn/khari-foods-black-royal-dates-khajur/pvid/440b49ad-8034-406e-b084-3a87057a2bc4,"https://cdn.zeptonow.com/production/tr:w-1280,ar-1500-1500,pr-true,f-auto,q-80/cms/product_variant/1c626c2a-0a95-4ae8-b813-06ec666975a8.jpeg"
Masala & Dry Fruits,Dates & Seeds,"https://cdn.zeptonow.com/production/tr:w-90,ar-120-121,pr-true,f-auto,q-80/cms/sub_category/43.png",Khari Foods Black Afghan Dates / Khajur,Khari,122,225,200 g,4.4 (2.8k),Sold Out,https://www.zeptonow.com/pn/khari-foods-black-afghan-dates-khajur/pvid/5f7c8ade-8ada-4e57-bdcc-5bc877cbea6e,"https://cdn.zeptonow.com/production/tr:w-1280,ar-1500-1500,pr-true,f-auto,q-80/cms/product_variant/f8fd078c-7c2d-462c-9fde-590ee239e210.jpeg"
Masala & Dry Fruits,Dates & Seeds,"https://cdn.zeptonow.com/production/tr:w-90,ar-120-121,pr-true,f-auto,q-80/cms/sub_category/43.png",Happilo Premium International Arabian Dates,Happilo,116,225,500 g,4.2 (869),Sold Out,https://www.zeptonow.com/pn/happilo-premium-international-arabian-dates/pvid/8625f885-ce9c-4553-8497-6927fe4306b3,"https://cdn.zeptonow.com/production/tr:w-1280,ar-1200-1200,pr-true,f-auto,q-80/cms/product_variant/47bc2c85-c01b-454e-95ec-42900418e1dd.jpeg"
Masala & Dry Fruits,Dates & Seeds,"https://cdn.zeptonow.com/production/tr:w-90,ar-120-121,pr-true,f-auto,q-80/cms/sub_category/43.png",Tata Sampann Premium Kalmi Dates Rich In Fibre Naturally Sweet Naturally Low-Fat Food,Tata,606,660,500 g,4.7 (98),Sold Out,https://www.zeptonow.com/pn/tata-sampann-premium-kalmi-dates-rich-in-fibre-naturally-sweet-naturally-low-fat-food/pvid/518cec14-e9e6-460b-ba86-033d432772ec,"https://cdn.zeptonow.com/production/tr:w-1280,ar-1000-1000,pr-true,f-auto,q-80/cms/product_variant/37ad59c4-004d-4716-85ed-a49dd93efa51.jpg"
Masala & Dry Fruits,Dates & Seeds,"https://cdn.zeptonow.com/production/tr:w-90,ar-120-121,pr-true,f-auto,q-80/cms/sub_category/43.png","Farmley Mix Dry Fruits Panchmeva - Almonds, Cashews, Dates, Black Raisins, Green Raisins",Farmley,1022,1249,1 kg,4.5 (129),Sold Out,https://www.zeptonow.com/pn/farmley-mix-dry-fruits-panchmeva-almonds-cashews-dates-black-raisins-green-raisins/pvid/190cb9b0-3ff3-4034-a3fa-f5e78547f724,"https://cdn.zeptonow.com/production/tr:w-1280,ar-1200-1200,pr-true,f-auto,q-80/cms/product_variant/634d6514-7544-4fbb-a0a5-5cbca7f0cad4.jpeg"
Masala & Dry Fruits,Dates & Seeds,"https://cdn.zeptonow.com/production/tr:w-90,ar-120-121,pr-true,f-auto,q-80/cms/sub_category/43.png",Happilo Premium International Trail Mix,Happilo,275,365,200 g,4.7 (95),Sold Out,https://www.zeptonow.com/pn/happilo-premium-international-trail-mix/pvid/bf82f55c-d34a-4a00-af54-85735711d0d5,"https://cdn.zeptonow.com/production/tr:w-1280,ar-1200-1200,pr-true,f-auto,q-80/cms/product_variant/d9a44813-7565-4d5c-8546-0a276a38bcca.jpeg"
Masala & Dry Fruits,Dates & Seeds,"https://cdn.zeptonow.com/production/tr:w-90,ar-120-121,pr-true,f-auto,q-80/cms/sub_category/43.png",Khari Foods Flax Seeds Dried,Khari,59,99,200 g,4.6 (733),Sold Out,https://www.zeptonow.com/pn/khari-foods-flax-seeds-dried/pvid/0cd54945-b03e-4f7b-aa49-e506f839d36c,"https://cdn.zeptonow.com/production/tr:w-1280,ar-1500-1500,pr-true,f-auto,q-80/cms/product_variant/35b575a7-61e7-412c-ad47-3de969f54f4b.jpeg"
Masala & Dry Fruits,Dates & Seeds,"https://cdn.zeptonow.com/production/tr:w-90,ar-120-121,pr-true,f-auto,q-80/cms/sub_category/43.png",Happilo Premium Lightly Salted & Roasted Pumpkin Seeds,Happilo,225,275,200 g,4.6 (235),Sold Out,https://www.zeptonow.com/pn/happilo-premium-lightly-salted-roasted-pumpkin-seeds/pvid/262e8175-8c8d-437e-bbcd-e7d7cc21974f,"https://cdn.zeptonow.com/production/tr:w-1280,ar-1200-1200,pr-true,f-auto,q-80/cms/product_variant/7ec59ccf-26ac-409f-8ead-de3d2c662a16.jpeg"
Masala & Dry Fruits,Dates & Seeds,"https://cdn.zeptonow.com/production/tr:w-90,ar-120-121,pr-true,f-auto,q-80/cms/sub_category/43.png",Happilo Premium International Healthy Nutmix,Happilo,304,365,200 g,4.7 (996),Sold Out,https://www.zeptonow.com/pn/happilo-premium-international-healthy-nutmix/pvid/8ac24706-1f14-4a4a-b60b-4b32a3724187,"https://cdn.zeptonow.com/production/tr:w-1280,ar-1200-1200,pr-true,f-auto,q-80/cms/product_variant/59024b0f-76f9-491b-bff1-5f9ab77182ec.jpeg"
Masala & Dry Fruits,Dates & Seeds,"https://cdn.zeptonow.com/production/tr:w-90,ar-120-121,pr-true,f-auto,q-80/cms/sub_category/43.png",Khari Foods Zahidi Dates / Khajur,Khari,127,225,500 g,4 (1.5k),Sold Out,https://www.zeptonow.com/pn/khari-foods-zahidi-dates-khajur/pvid/3deb866f-e626-448a-a8a3-2e2284cc11dd,"https://cdn.zeptonow.com/production/tr:w-1280,ar-1500-1500,pr-true,f-auto,q-80/cms/product_variant/10b16e9a-9d43-4c78-b953-a04625b3e9c9.jpeg"
Masala & Dry Fruits,Dates & Seeds,"https://cdn.zeptonow.com/production/tr:w-90,ar-120-121,pr-true,f-auto,q-80/cms/sub_category/43.png",Happilo Premium International King Medjoul Dates,Happilo,375,495,200 g,4.8 (46),Sold Out,https://www.zeptonow.com/pn/happilo-premium-international-king-medjoul-dates/pvid/7c5f095c-17c6-4de0-8b32-c9475b445b5c,"https://cdn.zeptonow.com/production/tr:w-1280,ar-1200-1200,pr-true,f-auto,q-80/cms/product_variant/38cc2937-76b0-4740-8e4c-c8bc505478bd.jpeg"
Masala & Dry Fruits,Dates & Seeds,"https://cdn.zeptonow.com/production/tr:w-90,ar-120-121,pr-true,f-auto,q-80/cms/sub_category/43.png",Happilo Premium International Queen Kalmi Dates,Happilo,219,335,200 g,4.5 (233),Sold Out,https://www.zeptonow.com/pn/happilo-premium-international-queen-kalmi-dates/pvid/a5517033-d855-4e86-bff2-2c05a4905da9,"https://cdn.zeptonow.com/production/tr:w-1280,ar-1200-1200,pr-true,f-auto,q-80/cms/product_variant/041e4bc5-6f1a-4491-8f7a-682eb9ed3829.jpeg"
Masala & Dry Fruits,Dates & Seeds,"https://cdn.zeptonow.com/production/tr:w-90,ar-120-121,pr-true,f-auto,q-80/cms/sub_category/43.png",Happilo Premium International Super Mix Berries,Happilo,335,395,200 g,5 (141),Sold Out,https://www.zeptonow.com/pn/happilo-premium-international-super-mix-berries/pvid/d3a94863-31e8-435a-8aad-3501a9955f18,"https://cdn.zeptonow.com/production/tr:w-1280,ar-1200-1200,pr-true,f-auto,q-80/cms/product_variant/8ca3a0f6-bd81-4658-9c9d-f92fcef52d95.jpeg"
Masala & Dry Fruits,Dates & Seeds,"https://cdn.zeptonow.com/production/tr:w-90,ar-120-121,pr-true,f-auto,q-80/cms/sub_category/43.png",Khari Foods Chia Seeds Dried,Khari,125,225,200 g,4.8 (645),Sold Out,https://www.zeptonow.com/pn/khari-foods-chia-seeds-dried/pvid/5dac6f03-5ea5-4a1c-9c99-1a96e16a3a49,"https://cdn.zeptonow.com/production/tr:w-1280,ar-1500-1500,pr-true,f-auto,q-80/cms/product_variant/cf1f60b2-d0f3-41b9-a2ff-26cc208cc197.jpeg"
Masala & Dry Fruits,Dates & Seeds,"https://cdn.zeptonow.com/production/tr:w-90,ar-120-121,pr-true,f-auto,q-80/cms/sub_category/43.png",Khari Foods Seeds and Berries Trail Mix,Khari,255,299,200 g,4.7 (262),Sold Out,https://www.zeptonow.com/pn/khari-foods-seeds-and-berries-trail-mix/pvid/db0479d1-62c7-4024-885e-47508e5bf34f,"https://cdn.zeptonow.com/production/tr:w-1280,ar-1500-1500,pr-true,f-auto,q-80/cms/product_variant/ada2b374-11bb-462b-bed7-e9e7f7303c22.jpeg"
Masala & Dry Fruits,Dates & Seeds,"https://cdn.zeptonow.com/production/tr:w-90,ar-120-121,pr-true,f-auto,q-80/cms/sub_category/43.png",Happilo Premium Raw Authentic Chia Seeds,Happilo,169,275,250 g,4.8 (363),Sold Out,https://www.zeptonow.com/pn/happilo-premium-raw-authentic-chia-seeds/pvid/f6e2afd0-5f7e-4c43-beee-a86ab6d3be1e,"https://cdn.zeptonow.com/production/tr:w-1280,ar-1200-1200,pr-true,f-auto,q-80/cms/product_variant/40836d60-e09a-4ab3-b954-4609719bd00e.jpeg"
Masala & Dry Fruits,Dates & Seeds,"https://cdn.zeptonow.com/production/tr:w-90,ar-120-121,pr-true,f-auto,q-80/cms/sub_category/43.png",Happilo Premium Raw Sunflower Seeds,Happilo,144,155,250 g,4.8 (345),Sold Out,https://www.zeptonow.com/pn/happilo-premium-raw-sunflower-seeds/pvid/4f04b57a-27c1-4b1c-9867-600fde6bbccf,"https://cdn.zeptonow.com/production/tr:w-1280,ar-1200-1200,pr-true,f-auto,q-80/cms/product_variant/fa2a7efa-7dc7-405f-afcd-299315cef479.jpeg"
Masala & Dry Fruits,Dates & Seeds,"https://cdn.zeptonow.com/production/tr:w-90,ar-120-121,pr-true,f-auto,q-80/cms/sub_category/43.png",Happilo Premium International Nuts and Berries,Happilo,330,365,200 g,3.9 (55),Sold Out,https://www.zeptonow.com/pn/happilo-premium-international-nuts-and-berries/pvid/7aab1b40-dec5-4662-86ff-40747b52af2f,"https://cdn.zeptonow.com/production/tr:w-1280,ar-1080-1080,pr-true,f-auto,q-80/cms/product_variant/c1e56ef7-31ba-40aa-a90b-972cbaae77dd.jpeg"
Masala & Dry Fruits,Dates & Seeds,"https://cdn.zeptonow.com/production/tr:w-90,ar-120-121,pr-true,f-auto,q-80/cms/sub_category/43.png",Happilo Premium Raw Pumpkin Seeds,Happilo,259,275,200 g,4.6 (213),Sold Out,https://www.zeptonow.com/pn/happilo-premium-raw-pumpkin-seeds/pvid/ac502f4e-be42-4e22-a7e0-b423ab174912,"https://cdn.zeptonow.com/production/tr:w-1280,ar-1200-1200,pr-true,f-auto,q-80/cms/product_variant/b45dcf0a-771b-44fd-9f3b-c9df509c7c8c.jpeg"
Masala & Dry Fruits,Dates & Seeds,"https://cdn.zeptonow.com/production/tr:w-90,ar-120-121,pr-true,f-auto,q-80/cms/sub_category/43.png",Khari Foods Tunisia Dates / Khajur,Khari,158,250,200 g,4.7 (548),Sold Out,https://www.zeptonow.com/pn/khari-foods-tunisia-dates-khajur/pvid/512d917e-6058-43d8-84ad-92137fbd6fdf,"https://cdn.zeptonow.com/production/tr:w-1280,ar-1200-1200,pr-true,f-auto,q-80/cms/product_variant/d10b4654-1550-43bf-bdce-556931124edb.jpeg"
Masala & Dry Fruits,Dates & Seeds,"https://cdn.zeptonow.com/production/tr:w-90,ar-120-121,pr-true,f-auto,q-80/cms/sub_category/43.png","Nutty Gritties Sports Mix - Almonds, Cashews, Pistachios, Berries, Protein-Rich Snack",Nutty,545,645,350 g,4.3 (118),Sold Out,https://www.zeptonow.com/pn/nutty-gritties-sports-mix-almonds-cashews-pistachios-berries-protein-rich-snack/pvid/422cb5bf-8521-43e3-acf2-210ea12ef621,"https://cdn.zeptonow.com/production/tr:w-1280,ar-1000-1000,pr-true,f-auto,q-80/cms/product_variant/baddc104-d484-4b3b-97fb-4d2079e96f9b.jpeg"
Masala & Dry Fruits,Dates & Seeds,"https://cdn.zeptonow.com/production/tr:w-90,ar-120-121,pr-true,f-auto,q-80/cms/sub_category/43.png",Daily Good Chia Seeds,Daily Good,63,105,100 g,4.5 (4.2k),Sold Out,https://www.zeptonow.com/pn/daily-good-chia-seeds/pvid/c35911a7-7b2b-4815-adea-4c200b907517,"https://cdn.zeptonow.com/production/tr:w-1280,ar-1941-1941,pr-true,f-auto,q-80/cms/product_variant/ea0defa4-eb75-4c6c-b8cc-701818c5e4b1.jpg"
Masala & Dry Fruits,Dates & Seeds,"https://cdn.zeptonow.com/production/tr:w-90,ar-120-121,pr-true,f-auto,q-80/cms/sub_category/43.png",Daily Good Sunflower Seeds,Daily Good,84,160,200 g,4.6 (11.3k),Sold Out,https://www.zeptonow.com/pn/daily-good-sunflower-seeds/pvid/cde7ab52-1f1a-4d33-8a17-77769524feb3,"https://cdn.zeptonow.com/production/tr:w-1280,ar-1000-1000,pr-true,f-auto,q-80/cms/product_variant/48475ea7-512f-44a9-b86e-a0a46621bf69.jpeg"
Masala & Dry Fruits,Dates & Seeds,"https://cdn.zeptonow.com/production/tr:w-90,ar-120-121,pr-true,f-auto,q-80/cms/sub_category/43.png",TMI Colman Zahidi Dates,TMI,106,189,500 g,4 (3.8k),Sold Out,https://www.zeptonow.com/pn/tmi-colman-zahidi-dates/pvid/93484ac4-cb8f-4c79-8097-bc654645da02,"https://cdn.zeptonow.com/production/tr:w-1280,ar-1600-1592,pr-true,f-auto,q-80/cms/product_variant/dca990ef-bfbe-4ef8-b669-7a8ab1585f81.jpg"
Masala & Dry Fruits,Dates & Seeds,"https://cdn.zeptonow.com/production/tr:w-90,ar-120-121,pr-true,f-auto,q-80/cms/sub_category/43.png",Lion Dates Kimia Dates,Lion,218,220,500 g,4.6 (1.3k),Sold Out,https://www.zeptonow.com/pn/lion-dates-kimia-dates/pvid/9e881c4e-b6a8-4b62-bdab-92bf575d0c86,"https://cdn.zeptonow.com/production/tr:w-1280,ar-1201-1201,pr-true,f-auto,q-80/cms/product_variant/73da7669-01a8-4aa6-af1b-a717e60c4d09.jpeg"
Masala & Dry Fruits,Dates & Seeds,"https://cdn.zeptonow.com/production/tr:w-90,ar-120-121,pr-true,f-auto,q-80/cms/sub_category/43.png",Delight Nuts Kalmi Dates - Premium Quality,Delight,257,349,200 g,4.7 (64),Sold Out,https://www.zeptonow.com/pn/delight-nuts-kalmi-dates-premium-quality/pvid/748cac3f-b296-4443-b152-4eda4c47b952,"https://cdn.zeptonow.com/production/tr:w-1280,ar-1000-1000,pr-true,f-auto,q-80/inventory/product/b0039bd9-4ddc-4d04-9463-3a2b5ebd290d-/tmp/20230607-0918461.jpeg"
Masala & Dry Fruits,Dates & Seeds,"https://cdn.zeptonow.com/production/tr:w-90,ar-120-121,pr-true,f-auto,q-80/cms/sub_category/43.png",Flyberry Gourmet Mini Medjoul Dates All Natural,Flyberry,447,499,200 g,4.2 (67),Sold Out,https://www.zeptonow.com/pn/flyberry-gourmet-mini-medjoul-dates-all-natural/pvid/e71c7c8d-7492-41c7-96b2-5353231af7e4,"https://cdn.zeptonow.com/production/tr:w-1280,ar-2400-2400,pr-true,f-auto,q-80/cms/product_variant/5d1b9e40-31ac-470a-b494-60a21219fb06.jpg"
Masala & Dry Fruits,Dates & Seeds,"https://cdn.zeptonow.com/production/tr:w-90,ar-120-121,pr-true,f-auto,q-80/cms/sub_category/43.png",Wonderland Foods Arabian Dates,Wonderland,64,99,250 g,4.4 (5.3k),Sold Out,https://www.zeptonow.com/pn/wonderland-foods-arabian-dates/pvid/92f7b4eb-12a8-4ec0-b3b6-0965aba5bae1,"https://cdn.zeptonow.com/production/tr:w-1280,ar-2000-2000,pr-true,f-auto,q-80/cms/product_variant/7d01afb9-ca76-41ee-8973-df174e71fcac.jpg"
Masala & Dry Fruits,Dates & Seeds,"https://cdn.zeptonow.com/production/tr:w-90,ar-120-121,pr-true,f-auto,q-80/cms/sub_category/43.png",Daily Good Pumpkin Seeds,Daily Good,67,145,100 g,4.6 (3.4k),Sold Out,https://www.zeptonow.com/pn/daily-good-pumpkin-seeds/pvid/156bd331-65fa-4a0f-a752-5d9aa4a5b20a,"https://cdn.zeptonow.com/production/tr:w-1280,ar-1941-1941,pr-true,f-auto,q-80/cms/product_variant/86b56e1d-3053-47c4-a7ac-05dceb5c9953.jpg"
Masala & Dry Fruits,Dates & Seeds,"https://cdn.zeptonow.com/production/tr:w-90,ar-120-121,pr-true,f-auto,q-80/cms/sub_category/43.png",Popular Fit Eats Chia Seeds - Raw,Popular,52,95,100 g,4.4 (2.5k),Sold Out,https://www.zeptonow.com/pn/popular-fit-eats-chia-seeds-raw/pvid/0497fa0c-5a9f-4d02-a7cd-b87517d29dbc,"https://cdn.zeptonow.com/production/tr:w-1280,ar-1000-1000,pr-true,f-auto,q-80/cms/product_variant/ca3f40f4-83d3-4e29-829b-c7d162b2d3b2.jpeg"
Masala & Dry Fruits,Dates & Seeds,"https://cdn.zeptonow.com/production/tr:w-90,ar-120-121,pr-true,f-auto,q-80/cms/sub_category/43.png",Daily Good Basil Seeds / Sabja,Daily Good,115,140,200 g,4.4 (2.1k),Sold Out,https://www.zeptonow.com/pn/daily-good-basil-seeds-sabja/pvid/ee3e35c1-f5a7-49a7-a612-98d628436bf1,"https://cdn.zeptonow.com/production/tr:w-1280,ar-1000-1000,pr-true,f-auto,q-80/cms/product_variant/d61a1bea-58cc-4475-b2a1-350b7c90ffde.jpeg"
Masala & Dry Fruits,Dates & Seeds,"https://cdn.zeptonow.com/production/tr:w-90,ar-120-121,pr-true,f-auto,q-80/cms/sub_category/43.png",Bolas Black Dates Jar,Bolas,198,499,400 g,4.5 (692),Sold Out,https://www.zeptonow.com/pn/bolas-black-dates-jar/pvid/0f57a3cb-34ee-49d2-886d-baa114320ef4,"https://cdn.zeptonow.com/production/tr:w-1280,ar-6374-6374,pr-true,f-auto,q-80/cms/product_variant/bce21f63-9466-4249-83a5-7383c32941f8.jpg"
Masala & Dry Fruits,Dates & Seeds,"https://cdn.zeptonow.com/production/tr:w-90,ar-120-121,pr-true,f-auto,q-80/cms/sub_category/43.png",Unifit Royal Dates | Naturally Sweet and Nutritious |Premium Quality,Unifit,147,320,500 g,4.2 (604),Sold Out,https://www.zeptonow.com/pn/unifit-royal-dates-naturally-sweet-and-nutritious-premium-quality/pvid/567c0fab-5ce3-4724-afcb-ab02966b2d00,"https://cdn.zeptonow.com/production/tr:w-1280,ar-1500-1500,pr-true,f-auto,q-80/cms/product_variant/5a025e10-1b6a-440f-b7a9-84a386a44654.jpg"
Masala & Dry Fruits,Dates & Seeds,"https://cdn.zeptonow.com/production/tr:w-90,ar-120-121,pr-true,f-auto,q-80/cms/sub_category/43.png",Delight Nuts Mixed Nuts Roasted And Salted - Premium Quality,Delight,465,499,200 g,5 (73),Sold Out,https://www.zeptonow.com/pn/delight-nuts-mixed-nuts-roasted-and-salted-premium-quality/pvid/166f1d6c-29c3-4e82-a477-f040d2b4250e,"https://cdn.zeptonow.com/production/tr:w-1280,ar-2400-2400,pr-true,f-auto,q-80/cms/product_variant/c4800a1d-6bfc-4ffd-b3da-f9d3a2854dff.jpeg"
Masala & Dry Fruits,Dates & Seeds,"https://cdn.zeptonow.com/production/tr:w-90,ar-120-121,pr-true,f-auto,q-80/cms/sub_category/43.png",Lion Desert King Dates,Lion,143,152,250 g,4.1 (3.7k),Sold Out,https://www.zeptonow.com/pn/lion-desert-king-dates/pvid/081792dd-d197-406d-991c-7801409c9458,"https://cdn.zeptonow.com/production/tr:w-1280,ar-2400-2400,pr-true,f-auto,q-80/cms/product_variant/7d23982b-3bbf-4c7b-b707-dbbcc6001387.jpeg"
Masala & Dry Fruits,Dates & Seeds,"https://cdn.zeptonow.com/production/tr:w-90,ar-120-121,pr-true,f-auto,q-80/cms/sub_category/43.png",True Elements Chia Seeds Non-Gmo Seeds For Eating Rich In Omega -3 And Fibre Healthy Snacks,True,149,350,250 g,4.9 (1.3k),Sold Out,https://www.zeptonow.com/pn/true-elements-chia-seeds-non-gmo-seeds-for-eating-rich-in-omega-3-and-fibre-healthy-snacks/pvid/2741ddaf-1ce4-4c73-b0db-2117358b9f0c,"https://cdn.zeptonow.com/production/tr:w-1280,ar-2400-2400,pr-true,f-auto,q-80/cms/product_variant/56c01882-c66f-43b5-afbc-5edd1ffe0f65.jpeg"
Masala & Dry Fruits,Dates & Seeds,"https://cdn.zeptonow.com/production/tr:w-90,ar-120-121,pr-true,f-auto,q-80/cms/sub_category/43.png",Popular Fit Eats Dates - Kimia,Popular,274,295,500 g,4.8 (1.2k),Sold Out,https://www.zeptonow.com/pn/popular-fit-eats-dates-kimia/pvid/53ac7159-f4be-40a0-8f8a-dbfd34e62e06,"https://cdn.zeptonow.com/production/tr:w-1280,ar-2400-2400,pr-true,f-auto,q-80/cms/product_variant/1b0236e6-6c2d-4ccc-9637-56b59a3981b9.jpeg"
Masala & Dry Fruits,Dates & Seeds,"https://cdn.zeptonow.com/production/tr:w-90,ar-120-121,pr-true,f-auto,q-80/cms/sub_category/43.png",Wonderland Foods Chia Seeds,Wonderland,49,150,100 g,4.6 (1.1k),Sold Out,https://www.zeptonow.com/pn/wonderland-foods-chia-seeds/pvid/f6e98bd7-5ca8-4786-a65f-96b9901bf230,"https://cdn.zeptonow.com/production/tr:w-1280,ar-1200-1200,pr-true,f-auto,q-80/cms/product_variant/9388c8df-3ce2-4ebe-ad46-49f440e06628.jpg"
Masala & Dry Fruits,Dates & Seeds,"https://cdn.zeptonow.com/production/tr:w-90,ar-120-121,pr-true,f-auto,q-80/cms/sub_category/43.png",Nutty Gritties Omani Dates,Nutty,340,395,500 g,4.8 (179),Sold Out,https://www.zeptonow.com/pn/nutty-gritties-omani-dates/pvid/461617f0-7e5b-4b5f-bc38-2fa1421ed262,"https://cdn.zeptonow.com/production/tr:w-1280,ar-1300-1600,pr-true,f-auto,q-80/cms/product_variant/e54068f7-0792-4eb4-be15-50dff2a399f2.jpeg"
Masala & Dry Fruits,Dates & Seeds,"https://cdn.zeptonow.com/production/tr:w-90,ar-120-121,pr-true,f-auto,q-80/cms/sub_category/43.png",Wonderland Foods Sunflower Seeds,Wonderland,36,199,100 g,4.4 (663),Sold Out,https://www.zeptonow.com/pn/wonderland-foods-sunflower-seeds/pvid/2c51237d-034b-46c8-8a95-7ea6ec68a82c,"https://cdn.zeptonow.com/production/tr:w-1280,ar-420-420,pr-true,f-auto,q-80/cms/product_variant/b6e8e73d-00b1-4977-a8c4-1701a404cb88.jpg"
Masala & Dry Fruits,Dates & Seeds,"https://cdn.zeptonow.com/production/tr:w-90,ar-120-121,pr-true,f-auto,q-80/cms/sub_category/43.png",Popular Fit Eats Sunflower Seeds - Raw,Popular,48,65,100 g,5 (462),Sold Out,https://www.zeptonow.com/pn/popular-fit-eats-sunflower-seeds-raw/pvid/6c1abe4d-4931-4afc-8e28-cad98c4a9eb5,"https://cdn.zeptonow.com/production/tr:w-1280,ar-1000-1000,pr-true,f-auto,q-80/cms/product_variant/28c69e00-6991-4361-b80f-6824002938b0.jpeg"
Masala & Dry Fruits,Dates & Seeds,"https://cdn.zeptonow.com/production/tr:w-90,ar-120-121,pr-true,f-auto,q-80/cms/sub_category/43.png",True Elements Edible Seeds Combo,True,419,698,700 g,4.2 (415),Sold Out,https://www.zeptonow.com/pn/true-elements-edible-seeds-combo/pvid/e33d7597-844f-47f3-b12c-5cbe1dbe9c93,"https://cdn.zeptonow.com/production/tr:w-1280,ar-2000-2000,pr-true,f-auto,q-80/cms/product_variant/cb360517-4565-4cb3-a44f-40bfd5ab4c29.jpeg"
Masala & Dry Fruits,Dates & Seeds,"https://cdn.zeptonow.com/production/tr:w-90,ar-120-121,pr-true,f-auto,q-80/cms/sub_category/43.png",Nutty Gritties Smoked Cocktail Mixed Nuts,Nutty,403,495,200 g,4.9 (69),Sold Out,https://www.zeptonow.com/pn/nutty-gritties-smoked-cocktail-mixed-nuts/pvid/ceeb7b78-32a5-454b-bc7e-0cbf1043f484,"https://cdn.zeptonow.com/production/tr:w-1280,ar-1021-1021,pr-true,f-auto,q-80/cms/product_variant/c0b41a95-c659-41da-be83-7a0a8c0aa033.jpeg"
Masala & Dry Fruits,Dates & Seeds,"https://cdn.zeptonow.com/production/tr:w-90,ar-120-121,pr-true,f-auto,q-80/cms/sub_category/43.png",Popular Fit Eats Pumpkin Seeds - Raw,Popular,74,100,100 g,4.9 (1.4k),Sold Out,https://www.zeptonow.com/pn/popular-fit-eats-pumpkin-seeds-raw/pvid/098fce8a-a755-4137-8967-c089c6335763,"https://cdn.zeptonow.com/production/tr:w-1280,ar-2400-2400,pr-true,f-auto,q-80/cms/product_variant/e6a6ba89-13cc-420e-89f3-da1931f32a9e.jpeg"
Masala & Dry Fruits,Dates & Seeds,"https://cdn.zeptonow.com/production/tr:w-90,ar-120-121,pr-true,f-auto,q-80/cms/sub_category/43.png",Popular Fit Eats Watermelon Seeds Raw,Popular,129,160,100 g,4.6 (205),Sold Out,https://www.zeptonow.com/pn/popular-fit-eats-watermelon-seeds-raw/pvid/6a72e016-6d1b-4c93-b9e3-87f6931c21b9,"https://cdn.zeptonow.com/production/tr:w-1280,ar-1280-853,pr-true,f-auto,q-80/cms/product_variant/dd373ef7-b56b-4222-8639-f40e3f34452c.jpg"
Masala & Dry Fruits,Dates & Seeds,"https://cdn.zeptonow.com/production/tr:w-90,ar-120-121,pr-true,f-auto,q-80/cms/sub_category/43.png",Daily Good Sunflower Seeds,Daily Good,41,85,100 g,4.4 (1.9k),Sold Out,https://www.zeptonow.com/pn/daily-good-sunflower-seeds/pvid/3a58a2b9-a374-4eb0-a356-85ecce011b9b,"https://cdn.zeptonow.com/production/tr:w-1280,ar-980-980,pr-true,f-auto,q-80/cms/product_variant/c8beb1ba-8185-443a-9e8f-10f30a15f590.png"
Masala & Dry Fruits,Dates & Seeds,"https://cdn.zeptonow.com/production/tr:w-90,ar-120-121,pr-true,f-auto,q-80/cms/sub_category/43.png","True Elements 7 in 1 Super seeds & Nut Mix - Pumpkin, Flax, Watermelon, Sunflower, Chia, Sesame Seeds",True,219,295,250 g,4.6 (1.5k),Sold Out,https://www.zeptonow.com/pn/true-elements-7-in-1-super-seeds-nut-mix-pumpkin-flax-watermelon-sunflower-chia-sesame-seeds/pvid/d3705f98-7651-46a2-8c50-0b0e4f9f9236,"https://cdn.zeptonow.com/production/tr:w-1280,ar-1991-2789,pr-true,f-auto,q-80/cms/product_variant/67882f03-0ad3-4fb9-a3f7-34bdb8cd4e10.jpeg"
Masala & Dry Fruits,Dates & Seeds,"https://cdn.zeptonow.com/production/tr:w-90,ar-120-121,pr-true,f-auto,q-80/cms/sub_category/43.png",Town Grocer Pumpkin Seeds,Town,50,60,100 g,4.5 (832),Sold Out,https://www.zeptonow.com/pn/town-grocer-pumpkin-seeds/pvid/7539ad15-2ca5-4fdc-b2b7-4d3192ae879d,"https://cdn.zeptonow.com/production/tr:w-1280,ar-1600-1600,pr-true,f-auto,q-80/cms/product_variant/06b987dc-89d0-41e1-8b5d-9e20f058af15.jpeg"
Masala & Dry Fruits,Dates & Seeds,"https://cdn.zeptonow.com/production/tr:w-90,ar-120-121,pr-true,f-auto,q-80/cms/sub_category/43.png",Lion Dates Sultan Dates,Lion,134,148,500 g,4.6 (825),Sold Out,https://www.zeptonow.com/pn/lion-dates-sultan-dates/pvid/ed86f621-ef1b-4dff-901d-cdb044b05c00,"https://cdn.zeptonow.com/production/tr:w-1280,ar-1000-1000,pr-true,f-auto,q-80/cms/product_variant/a468b8b8-884d-40bf-9ce9-a41a956399d8.jpg"
Masala & Dry Fruits,Dates & Seeds,"https://cdn.zeptonow.com/production/tr:w-90,ar-120-121,pr-true,f-auto,q-80/cms/sub_category/43.png",Del Monte Royal Arabian Dates,Del Monte,195,340,500 g,4 (641),Sold Out,https://www.zeptonow.com/pn/del-monte-royal-arabian-dates/pvid/2e576735-7098-4e39-bfb3-39f463de01a5,"https://cdn.zeptonow.com/production/tr:w-1280,ar-1200-1200,pr-true,f-auto,q-80/cms/product_variant/26d3d728-5d2a-4eac-9d43-10011b19c816.jpeg"
Masala & Dry Fruits,Dates & Seeds,"https://cdn.zeptonow.com/production/tr:w-90,ar-120-121,pr-true,f-auto,q-80/cms/sub_category/43.png",Town Grocer Chia Seeds,Town,32,40,100 g,4.7 (234),Sold Out,https://www.zeptonow.com/pn/town-grocer-chia-seeds/pvid/05872bbd-f2a0-458e-93e0-991c3883fa0d,"https://cdn.zeptonow.com/production/tr:w-1280,ar-1600-1600,pr-true,f-auto,q-80/cms/product_variant/29cba389-3ff1-4997-974f-3e90704fee8f.jpeg"
Masala & Dry Fruits,Dates & Seeds,"https://cdn.zeptonow.com/production/tr:w-90,ar-120-121,pr-true,f-auto,q-80/cms/sub_category/43.png",Bolas Roasted Seeds Mix,Bolas,181,220,200 g,4.1 (405),Sold Out,https://www.zeptonow.com/pn/bolas-roasted-seeds-mix/pvid/c0ecd0f1-7e27-4db6-848b-c0dbe118e02b,"https://cdn.zeptonow.com/production/tr:w-1280,ar-1500-1500,pr-true,f-auto,q-80/cms/product_variant/e5c5f113-6302-462a-9491-72a34585da75.jpg"
Masala & Dry Fruits,Dates & Seeds,"https://cdn.zeptonow.com/production/tr:w-90,ar-120-121,pr-true,f-auto,q-80/cms/sub_category/43.png",Yogabar Chia Seeds,Yogabar,230,299,250 g,4.3 (496),Sold Out,https://www.zeptonow.com/pn/yogabar-chia-seeds/pvid/d252b4b1-06da-40be-94fd-cd90d10d9aea,"https://cdn.zeptonow.com/production/tr:w-1280,ar-3000-3000,pr-true,f-auto,q-80/cms/product_variant/85b36928-f776-4972-b723-40c52a7004b8.jpeg"
Masala & Dry Fruits,Dates & Seeds,"https://cdn.zeptonow.com/production/tr:w-90,ar-120-121,pr-true,f-auto,q-80/cms/sub_category/43.png",Wonderland Foods Flax Seeds,Wonderland,25,75,100 g,4.6 (725),Sold Out,https://www.zeptonow.com/pn/wonderland-foods-flax-seeds/pvid/14717171-bc4d-455d-af35-1747ec330b73,"https://cdn.zeptonow.com/production/tr:w-1280,ar-1200-1200,pr-true,f-auto,q-80/cms/product_variant/76a030d3-fd5d-4b93-8291-b267ebd4d98c.jpg"
Masala & Dry Fruits,Dates & Seeds,"https://cdn.zeptonow.com/production/tr:w-90,ar-120-121,pr-true,f-auto,q-80/cms/sub_category/43.png",Town Grocer Watermelon Seeds,Town,105,120,100 g,4.2 (203),Sold Out,https://www.zeptonow.com/pn/town-grocer-watermelon-seeds/pvid/e1f938f4-a620-4449-b913-eeb0d9381164,"https://cdn.zeptonow.com/production/tr:w-1280,ar-1600-1600,pr-true,f-auto,q-80/cms/product_variant/54458226-82f3-4344-ba87-3127e26ccb22.jpeg"
Masala & Dry Fruits,Dates & Seeds,"https://cdn.zeptonow.com/production/tr:w-90,ar-120-121,pr-true,f-auto,q-80/cms/sub_category/43.png",Prov Premium-Dates,Prov,206,399,250 g,4.7 (525),Sold Out,https://www.zeptonow.com/pn/prov-premium-dates/pvid/63503e2d-a31f-4f4e-bfcb-0653e17a1ac4,"https://cdn.zeptonow.com/production/tr:w-1280,ar-1098-1566,pr-true,f-auto,q-80/cms/product_variant/50229806-7e47-4544-ba34-099ea517610b.jpeg"
Masala & Dry Fruits,Dates & Seeds,"https://cdn.zeptonow.com/production/tr:w-90,ar-120-121,pr-true,f-auto,q-80/cms/sub_category/43.png",Nutty Gritties Super Seed Mix - Omega-3 & Protein-Rich,Nutty,213,270,200 g,4 (208),Sold Out,https://www.zeptonow.com/pn/nutty-gritties-super-seed-mix-omega-3-protein-rich/pvid/57eda98b-bcf8-433e-959a-3067189458b8,"https://cdn.zeptonow.com/production/tr:w-1280,ar-1000-1000,pr-true,f-auto,q-80/cms/product_variant/3b737f00-2751-405e-a7c1-4364ef3bf56d.jpeg"
Masala & Dry Fruits,Dates & Seeds,"https://cdn.zeptonow.com/production/tr:w-90,ar-120-121,pr-true,f-auto,q-80/cms/sub_category/43.png","Nutty Gritties Mom's Trail Mix - High Protein, Omega-3, Energy Boost",MOM,232,350,200 g,4.9 (145),Sold Out,https://www.zeptonow.com/pn/nutty-gritties-moms-trail-mix-high-protein-omega-3-energy-boost/pvid/a58c2ca3-7aca-47bc-8ce4-d18bd6b372e1,"https://cdn.zeptonow.com/production/tr:w-1280,ar-1000-1000,pr-true,f-auto,q-80/cms/product_variant/66122393-af5a-46ce-9ef8-421f7eec74c1.jpeg"
Masala & Dry Fruits,Dates & Seeds,"https://cdn.zeptonow.com/production/tr:w-90,ar-120-121,pr-true,f-auto,q-80/cms/sub_category/43.png",Heka Bites Premium Fard Dates With Seeds,Heka,105,185,250 g,4.7 (63),Sold Out,https://www.zeptonow.com/pn/heka-bites-premium-fard-dates-with-seeds/pvid/b03313a0-f82f-4f38-8f46-570b0a367c4d,"https://cdn.zeptonow.com/production/tr:w-1280,ar-1118-1688,pr-true,f-auto,q-80/cms/product_variant/0043d860-b0a3-43c8-bc36-84b0206d2af5.png"
Masala & Dry Fruits,Dates & Seeds,"https://cdn.zeptonow.com/production/tr:w-90,ar-120-121,pr-true,f-auto,q-80/cms/sub_category/43.png",Lion Desert King Dates,Lion,548,590,1 kg,5 (125),Sold Out,https://www.zeptonow.com/pn/lion-desert-king-dates/pvid/1a384a59-7382-451c-a3ed-511eb2f6642e,"https://cdn.zeptonow.com/production/tr:w-1280,ar-1120-1200,pr-true,f-auto,q-80/cms/product_variant/8d1b5f30-9153-41f2-ae2b-24c0cd11eed4.jpg"
Masala & Dry Fruits,Dates & Seeds,"https://cdn.zeptonow.com/production/tr:w-90,ar-120-121,pr-true,f-auto,q-80/cms/sub_category/43.png",TMI Kalmi Dates,TMI,176,399,200 g,4 (208),Sold Out,https://www.zeptonow.com/pn/tmi-kalmi-dates/pvid/95d26adb-b773-4aa8-bfba-a35dfaf21adf,"https://cdn.zeptonow.com/production/tr:w-1280,ar-1600-1333,pr-true,f-auto,q-80/cms/product_variant/3ec67f0a-e966-49e9-b41e-15f04572bf68.jpg"
Masala & Dry Fruits,Dates & Seeds,"https://cdn.zeptonow.com/production/tr:w-90,ar-120-121,pr-true,f-auto,q-80/cms/sub_category/43.png","Nutty Gritties Jumbo Medjool Dates - High Fibre, Rich Caramel Taste",Nutty,786,975,350 g,4 (110),Sold Out,https://www.zeptonow.com/pn/nutty-gritties-jumbo-medjool-dates-high-fibre-rich-caramel-taste/pvid/a0c28297-0eac-4cf0-b8fa-c084824e08c6,"https://cdn.zeptonow.com/production/tr:w-1280,ar-1000-1000,pr-true,f-auto,q-80/cms/product_variant/5d58abaa-feb2-4703-8540-e1e48c7e6c31.jpeg"
Masala & Dry Fruits,Dates & Seeds,"https://cdn.zeptonow.com/production/tr:w-90,ar-120-121,pr-true,f-auto,q-80/cms/sub_category/43.png",Delight Nuts Fruits & Berries Mix- Delicious Fruits & Berries For Nutritious Snack,Delicious,273,349,200 g,4.2 (568),Sold Out,https://www.zeptonow.com/pn/delight-nuts-fruits-berries-mix-delicious-fruits-berries-for-nutritious-snack/pvid/837a3964-a9a8-4a3a-8106-eb7a1c509a82,"https://cdn.zeptonow.com/production/tr:w-1280,ar-1021-1021,pr-true,f-auto,q-80/cms/product_variant/6b558d43-55db-4eca-aee9-fa0be38070f7.jpeg"
Masala & Dry Fruits,Whole Spices & Seasonings,"https://cdn.zeptonow.com/production/tr:w-90,ar-120-121,pr-true,f-auto,q-80/cms/sub_category/44.png",CRISTA Whole Green Cardamom,CRISTA,482,750,100 g,4.6 (298),In Stock,https://www.zeptonow.com/pn/crista-whole-green-cardamom/pvid/f41bd4ee-ecca-4ab2-b598-5b3ae103be82,"https://cdn.zeptonow.com/production/tr:w-1280,ar-1200-1200,pr-true,f-auto,q-80/cms/product_variant/3167194c-9ce4-4dca-b60d-2b4f6e8c9f4d.jpeg"
Masala & Dry Fruits,Whole Spices & Seasonings,"https://cdn.zeptonow.com/production/tr:w-90,ar-120-121,pr-true,f-auto,q-80/cms/sub_category/44.png",Aashirvaad Black Pepper | Pure Kali Mirch,Aashirvaad,177,200,100 g,4.9 (1.7k),In Stock,https://www.zeptonow.com/pn/aashirvaad-black-pepper-pure-kali-mirch/pvid/0aeb4034-1baa-4fa7-a84a-7e8dc9c319f9,"https://cdn.zeptonow.com/production/tr:w-1280,ar-1000-1000,pr-true,f-auto,q-80/cms/product_variant/29721f54-1572-4047-ba37-a4b437ac3a4a.jpeg"
Masala & Dry Fruits,Whole Spices & Seasonings,"https://cdn.zeptonow.com/production/tr:w-90,ar-120-121,pr-true,f-auto,q-80/cms/sub_category/44.png",Aashirvaad Cardamom | Elaichi | 100% Pure,Aashirvaad,275,300,50 g,5 (254),In Stock,https://www.zeptonow.com/pn/aashirvaad-cardamom-elaichi-100-pure/pvid/e06b7f25-5bb9-4858-acbd-ee882637b0ea,"https://cdn.zeptonow.com/production/tr:w-1280,ar-1000-1000,pr-true,f-auto,q-80/cms/product_variant/89e87ab8-1f23-4af8-9221-c9e3716d3613.jpeg"
Masala & Dry Fruits,Whole Spices & Seasonings,"https://cdn.zeptonow.com/production/tr:w-90,ar-120-121,pr-true,f-auto,q-80/cms/sub_category/44.png",ZOFF Foods Black Pepper Whole-Kali Mirch,ZOFF,72,90,50 g,4.6 (6.8k),In Stock,https://www.zeptonow.com/pn/zoff-foods-black-pepper-whole-kali-mirch/pvid/2ea0cdc9-d681-4d5a-b497-6fc73cc5f47d,"https://cdn.zeptonow.com/production/tr:w-1280,ar-1500-1500,pr-true,f-auto,q-80/cms/product_variant/9fe28e96-a03d-41fe-9ece-0e29dec35c25.jpeg"
Masala & Dry Fruits,Whole Spices & Seasonings,"https://cdn.zeptonow.com/production/tr:w-90,ar-120-121,pr-true,f-auto,q-80/cms/sub_category/44.png",Tata Sampann Whole Spices Cumin Whole,Tata,141,155,200 g,4.8 (93),In Stock,https://www.zeptonow.com/pn/tata-sampann-whole-spices-cumin-whole/pvid/f0ed0836-e3b3-41a8-949d-6d48cea476b6,"https://cdn.zeptonow.com/production/tr:w-1280,ar-2000-2000,pr-true,f-auto,q-80/cms/product_variant/478d3fbf-ef90-408a-aeeb-364075b29d74.jpg"
Masala & Dry Fruits,Whole Spices & Seasonings,"https://cdn.zeptonow.com/production/tr:w-90,ar-120-121,pr-true,f-auto,q-80/cms/sub_category/44.png",ZOFF Foods Tamarind Whole - Imli,ZOFF,149,175,500 g,4.6 (2.1k),In Stock,https://www.zeptonow.com/pn/zoff-foods-tamarind-whole-imli/pvid/01fd0b00-5394-4222-97e9-a5e3e7b7fe4c,"https://cdn.zeptonow.com/production/tr:w-1280,ar-1500-1500,pr-true,f-auto,q-80/cms/product_variant/8d97a8cb-5047-4547-86ba-3f4636f7ff39.jpeg"
Masala & Dry Fruits,Whole Spices & Seasonings,"https://cdn.zeptonow.com/production/tr:w-90,ar-120-121,pr-true,f-auto,q-80/cms/sub_category/44.png",ZOFF Foods Whole Cumin Seeds - Jeera,ZOFF,38,65,100 g,4.6 (4.4k),In Stock,https://www.zeptonow.com/pn/zoff-foods-whole-cumin-seeds-jeera/pvid/e3486eca-4eb9-4f08-b09b-c2cfced17880,"https://cdn.zeptonow.com/production/tr:w-1280,ar-2400-2400,pr-true,f-auto,q-80/cms/product_variant/ba7845d6-ee29-4a3a-9d17-5176e9d248c9.jpeg"
Masala & Dry Fruits,Whole Spices & Seasonings,"https://cdn.zeptonow.com/production/tr:w-90,ar-120-121,pr-true,f-auto,q-80/cms/sub_category/44.png",ZOFF Black Mustard Seeds Whole - Rai,ZOFF,30,46,200 g,4.7 (3.0k),In Stock,https://www.zeptonow.com/pn/zoff-black-mustard-seeds-whole-rai/pvid/fe73061e-3e34-49e0-bfca-83989047d982,"https://cdn.zeptonow.com/production/tr:w-1280,ar-1500-1500,pr-true,f-auto,q-80/cms/product_variant/5f6be878-90a4-42c1-b755-4d2e796877b9.jpeg"
Masala & Dry Fruits,Whole Spices & Seasonings,"https://cdn.zeptonow.com/production/tr:w-90,ar-120-121,pr-true,f-auto,q-80/cms/sub_category/44.png",Tata Sampann Whole Spices Fennel Whole,Tata,150,165,200 g,4.5 (100),In Stock,https://www.zeptonow.com/pn/tata-sampann-whole-spices-fennel-whole/pvid/10cf1e37-0db4-4da4-a9c2-4cb73339a089,"https://cdn.zeptonow.com/production/tr:w-1280,ar-2000-2000,pr-true,f-auto,q-80/cms/product_variant/6c112e2a-e159-4873-8694-7b87fed0869a.jpg"
Masala & Dry Fruits,Whole Spices & Seasonings,"https://cdn.zeptonow.com/production/tr:w-90,ar-120-121,pr-true,f-auto,q-80/cms/sub_category/44.png",ZOFF Indian Bay Leaf - Tej Patta,ZOFF,19,28,50 g,4.6 (1.2k),In Stock,https://www.zeptonow.com/pn/zoff-indian-bay-leaf-tej-patta/pvid/f7530259-bc28-4023-9119-ea2870ec0ccd,"https://cdn.zeptonow.com/production/tr:w-1280,ar-1500-1500,pr-true,f-auto,q-80/cms/product_variant/0f83fdb4-56a5-44cf-a2c3-76fe9758a043.jpeg"
Masala & Dry Fruits,Whole Spices & Seasonings,"https://cdn.zeptonow.com/production/tr:w-90,ar-120-121,pr-true,f-auto,q-80/cms/sub_category/44.png",Aashirvaad Saunf | 100% Fennel,Aashirvaad,68,70,100 g,4.9 (896),In Stock,https://www.zeptonow.com/pn/aashirvaad-saunf-100-fennel/pvid/a81f6bb4-48d3-4d7b-972e-b7460b56005e,"https://cdn.zeptonow.com/production/tr:w-1280,ar-1000-1000,pr-true,f-auto,q-80/cms/product_variant/ac2b38b8-152d-4f6a-b66e-08d4202ac5d4.jpeg"
Masala & Dry Fruits,Whole Spices & Seasonings,"https://cdn.zeptonow.com/production/tr:w-90,ar-120-121,pr-true,f-auto,q-80/cms/sub_category/44.png",CRISTA Tangy Peri-Peri Spice Mix,CRISTA,72,109,45 g,4.7 (367),In Stock,https://www.zeptonow.com/pn/crista-tangy-peri-peri-spice-mix/pvid/794f89f7-92c9-40c8-812a-26b9fab0b2c9,"https://cdn.zeptonow.com/production/tr:w-1280,ar-1200-1200,pr-true,f-auto,q-80/cms/product_variant/13248d7b-c7fd-4e9c-a331-fe2661018bd2.jpeg"
Masala & Dry Fruits,Whole Spices & Seasonings,"https://cdn.zeptonow.com/production/tr:w-90,ar-120-121,pr-true,f-auto,q-80/cms/sub_category/44.png",ZOFF Star Anise Whole - Chakri Phool,ZOFF,25,40,20 g,4.6 (1.9k),In Stock,https://www.zeptonow.com/pn/zoff-star-anise-whole-chakri-phool/pvid/f915abbc-a4e6-4e5a-8d02-de258d1fbf94,"https://cdn.zeptonow.com/production/tr:w-1280,ar-1500-1500,pr-true,f-auto,q-80/cms/product_variant/cc2f03e0-67cf-402a-b8aa-d7bc4e56bac8.jpeg"
Masala & Dry Fruits,Whole Spices & Seasonings,"https://cdn.zeptonow.com/production/tr:w-90,ar-120-121,pr-true,f-auto,q-80/cms/sub_category/44.png",ZOFF Fenugreek - Methi Seeds,ZOFF,17,25,100 g,4.7 (3.1k),In Stock,https://www.zeptonow.com/pn/zoff-fenugreek-methi-seeds/pvid/e8b19779-9c94-4fb5-b4d8-722f88d70928,"https://cdn.zeptonow.com/production/tr:w-1280,ar-1500-1500,pr-true,f-auto,q-80/cms/product_variant/b9d8f289-6cd5-429f-bf05-4dd3ca1f816d.jpeg"
Masala & Dry Fruits,Whole Spices & Seasonings,"https://cdn.zeptonow.com/production/tr:w-90,ar-120-121,pr-true,f-auto,q-80/cms/sub_category/44.png",Aashirvaad Jeera,Aashirvaad,57,75,100 g,4.6 (7.9k),In Stock,https://www.zeptonow.com/pn/aashirvaad-jeera/pvid/d89a6034-01e4-4d64-9e02-b90d18d8c85d,"https://cdn.zeptonow.com/production/tr:w-1280,ar-1500-1500,pr-true,f-auto,q-80/cms/product_variant/17bfe78d-a60f-4e4f-a32e-e414e2339f86.jpg"
Masala & Dry Fruits,Whole Spices & Seasonings,"https://cdn.zeptonow.com/production/tr:w-90,ar-120-121,pr-true,f-auto,q-80/cms/sub_category/44.png",Aashirvaad Methi,Aashirvaad,50,50,200 g,4.7 (425),In Stock,https://www.zeptonow.com/pn/aashirvaad-methi/pvid/07cabc21-e8af-473b-98ef-aac419b9db6f,"https://cdn.zeptonow.com/production/tr:w-1280,ar-1500-1500,pr-true,f-auto,q-80/cms/product_variant/3d917d81-59b2-4589-baf6-7d00f5c71441.jpg"
Masala & Dry Fruits,Whole Spices & Seasonings,"https://cdn.zeptonow.com/production/tr:w-90,ar-120-121,pr-true,f-auto,q-80/cms/sub_category/44.png",CRISTA Zesty Chilli Lime Seasoning,CRISTA,107,159,50 g,5 (124),In Stock,https://www.zeptonow.com/pn/crista-zesty-chilli-lime-seasoning/pvid/cfba9cbb-ca81-404d-b2d2-66c2aa93dffd,"https://cdn.zeptonow.com/production/tr:w-1280,ar-2774-2759,pr-true,f-auto,q-80/cms/product_variant/dc01a744-1130-4678-b6d4-0522dead7c97.jpeg"
Masala & Dry Fruits,Whole Spices & Seasonings,"https://cdn.zeptonow.com/production/tr:w-90,ar-120-121,pr-true,f-auto,q-80/cms/sub_category/44.png",ZOFF Cassia Bark - Dalchini Sticks,ZOFF,49,74,100 g,4.6 (2.5k),In Stock,https://www.zeptonow.com/pn/zoff-cassia-bark-dalchini-sticks/pvid/da76008f-e5f1-4a04-800a-c4052a218d0c,"https://cdn.zeptonow.com/production/tr:w-1280,ar-1500-1500,pr-true,f-auto,q-80/cms/product_variant/575b4367-77cb-4dd4-a523-3a733e788cb0.jpeg"
Masala & Dry Fruits,Whole Spices & Seasonings,"https://cdn.zeptonow.com/production/tr:w-90,ar-120-121,pr-true,f-auto,q-80/cms/sub_category/44.png",ZOFF Foods Clove Whole / Laung,ZOFF,78,100,50 g,4.7 (1.8k),In Stock,https://www.zeptonow.com/pn/zoff-foods-clove-whole-laung/pvid/eb9656aa-da85-43b8-893c-2e26addaa335,"https://cdn.zeptonow.com/production/tr:w-1280,ar-1500-1500,pr-true,f-auto,q-80/cms/product_variant/cfc4d063-ba17-4f80-8e65-1a13284dfd10.jpeg"
Masala & Dry Fruits,Whole Spices & Seasonings,"https://cdn.zeptonow.com/production/tr:w-90,ar-120-121,pr-true,f-auto,q-80/cms/sub_category/44.png",Orika Kasoori Methi Whole | Sabut Kasoori Methi,Orika,38,60,50 g,4.7 (1.3k),In Stock,https://www.zeptonow.com/pn/orika-kasoori-methi-whole-sabut-kasoori-methi/pvid/d76b8d37-3c45-4d12-a78a-3a73acac3221,"https://cdn.zeptonow.com/production/tr:w-1280,ar-1000-1000,pr-true,f-auto,q-80/cms/product_variant/c6aa5cec-fe06-49e3-8d14-92ef93df34ce.jpg"
Masala & Dry Fruits,Whole Spices & Seasonings,"https://cdn.zeptonow.com/production/tr:w-90,ar-120-121,pr-true,f-auto,q-80/cms/sub_category/44.png",Aashirvaad Ajwain,Aashirvaad,94,110,200 g,4.7 (185),In Stock,https://www.zeptonow.com/pn/aashirvaad-ajwain/pvid/88f5836f-72f6-4ad1-b744-133b17c1969c,"https://cdn.zeptonow.com/production/tr:w-1280,ar-1500-1500,pr-true,f-auto,q-80/cms/product_variant/c8ca83fd-2aa6-48b8-9c63-b2ad183999d1.jpg"
Masala & Dry Fruits,Whole Spices & Seasonings,"https://cdn.zeptonow.com/production/tr:w-90,ar-120-121,pr-true,f-auto,q-80/cms/sub_category/44.png",CRISTA Woody Oregano Seasoning,CRISTA,67,95,50 g,4.5 (539),In Stock,https://www.zeptonow.com/pn/crista-woody-oregano-seasoning/pvid/df5f9a5e-8cd5-428f-a7df-c68125d8046c,"https://cdn.zeptonow.com/production/tr:w-1280,ar-2774-2771,pr-true,f-auto,q-80/cms/product_variant/c18da7c2-2003-4b3f-8760-c5b7a5b4a82b.jpeg"
Masala & Dry Fruits,Whole Spices & Seasonings,"https://cdn.zeptonow.com/production/tr:w-90,ar-120-121,pr-true,f-auto,q-80/cms/sub_category/44.png",Orika Neemuch Ajwain,Orika,53,80,100 g,4.9 (475),In Stock,https://www.zeptonow.com/pn/orika-neemuch-ajwain/pvid/7171c246-becb-46eb-98c2-e6a28252c8a8,"https://cdn.zeptonow.com/production/tr:w-1280,ar-1198-1500,pr-true,f-auto,q-80/cms/product_variant/7f0f33d2-a1dc-4ba6-9781-d4b4626740bd.jpg"
Masala & Dry Fruits,Whole Spices & Seasonings,"https://cdn.zeptonow.com/production/tr:w-90,ar-120-121,pr-true,f-auto,q-80/cms/sub_category/44.png",Aashirvaad Mustard,Aashirvaad,48,50,200 g,4.6 (363),In Stock,https://www.zeptonow.com/pn/aashirvaad-mustard/pvid/a1b601eb-d301-4799-b6e6-f6cb823be3aa,"https://cdn.zeptonow.com/production/tr:w-1280,ar-1500-1500,pr-true,f-auto,q-80/cms/product_variant/c35af5d1-9931-4500-8b36-8b518211887e.jpg"
Masala & Dry Fruits,Whole Spices & Seasonings,"https://cdn.zeptonow.com/production/tr:w-90,ar-120-121,pr-true,f-auto,q-80/cms/sub_category/44.png",CRISTA Earthy Oregano,CRISTA,72,109,20 g,4.8 (565),In Stock,https://www.zeptonow.com/pn/crista-earthy-oregano/pvid/c03f213e-513c-46d3-8b97-dccd26661712,"https://cdn.zeptonow.com/production/tr:w-1280,ar-2772-2767,pr-true,f-auto,q-80/cms/product_variant/15bc29ab-2165-45cf-90b8-0964b4a9f683.jpeg"
Masala & Dry Fruits,Whole Spices & Seasonings,"https://cdn.zeptonow.com/production/tr:w-90,ar-120-121,pr-true,f-auto,q-80/cms/sub_category/44.png",ZOFF Foods Garam Masala Whole Spices,ZOFF,67,84,50 g,4.5 (811),In Stock,https://www.zeptonow.com/pn/zoff-foods-garam-masala-whole-spices/pvid/3da45ad4-7d6e-4fac-b2c5-af8374ae9ffe,"https://cdn.zeptonow.com/production/tr:w-1280,ar-1200-1200,pr-true,f-auto,q-80/cms/product_variant/635e3c85-9178-4b40-a731-63ad3eb25f47.jpeg"
Masala & Dry Fruits,Whole Spices & Seasonings,"https://cdn.zeptonow.com/production/tr:w-90,ar-120-121,pr-true,f-auto,q-80/cms/sub_category/44.png",Orika Italian Seasoning,Orika,70,95,75 g,4.9 (868),In Stock,https://www.zeptonow.com/pn/orika-italian-seasoning/pvid/417b01af-55f2-4f6e-8814-f37ec3f52e89,"https://cdn.zeptonow.com/production/tr:w-1280,ar-1000-1000,pr-true,f-auto,q-80/cms/product_variant/f977102d-46e3-47d8-b164-872b20cea23f.jpeg"
Masala & Dry Fruits,Whole Spices & Seasonings,"https://cdn.zeptonow.com/production/tr:w-90,ar-120-121,pr-true,f-auto,q-80/cms/sub_category/44.png",ZOFF Big Fennel Seeds Whole - Saunf,ZOFF,54,79,100 g,4.5 (3.2k),In Stock,https://www.zeptonow.com/pn/zoff-big-fennel-seeds-whole-saunf/pvid/60e7dd3c-fa6d-4ad0-b7ce-ad9bb827d169,"https://cdn.zeptonow.com/production/tr:w-1280,ar-1500-1500,pr-true,f-auto,q-80/cms/product_variant/86d3840d-f76b-45fa-91a4-1e53d8f6a505.jpeg"
Masala & Dry Fruits,Whole Spices & Seasonings,"https://cdn.zeptonow.com/production/tr:w-90,ar-120-121,pr-true,f-auto,q-80/cms/sub_category/44.png",ZOFF Big Cardamom Whole - Badi Elaichi,MOM,82,128,25 g,4.6 (1.1k),In Stock,https://www.zeptonow.com/pn/zoff-big-cardamom-whole-badi-elaichi/pvid/9a00845a-c34a-4f2c-bf1d-8a46e0543698,"https://cdn.zeptonow.com/production/tr:w-1280,ar-1500-1500,pr-true,f-auto,q-80/cms/product_variant/27138050-73b1-487d-a791-36790066f790.jpeg"
Masala & Dry Fruits,Whole Spices & Seasonings,"https://cdn.zeptonow.com/production/tr:w-90,ar-120-121,pr-true,f-auto,q-80/cms/sub_category/44.png",Tata Sampann Whole Spices Coriander Whole,Tata,78,80,200 g,4.7 (99),In Stock,https://www.zeptonow.com/pn/tata-sampann-whole-spices-coriander-whole/pvid/97b183d8-76e6-4861-9a7d-c5d1785b07db,"https://cdn.zeptonow.com/production/tr:w-1280,ar-2000-2000,pr-true,f-auto,q-80/cms/product_variant/2b2a8f94-b235-42a4-b50f-e0915fcfb666.jpg"
Masala & Dry Fruits,Whole Spices & Seasonings,"https://cdn.zeptonow.com/production/tr:w-90,ar-120-121,pr-true,f-auto,q-80/cms/sub_category/44.png",Orika Coriander Whole | Sabut Dhania Jar,Orika,47,69,150 g,4.8 (625),In Stock,https://www.zeptonow.com/pn/orika-coriander-whole-sabut-dhania-jar/pvid/fc3d8c47-bdfd-445d-9881-15566aff469a,"https://cdn.zeptonow.com/production/tr:w-1280,ar-427-402,pr-true,f-auto,q-80/cms/product_variant/7772fe9d-9b2b-433a-9053-773104b10323.jpg"
Masala & Dry Fruits,Whole Spices & Seasonings,"https://cdn.zeptonow.com/production/tr:w-90,ar-120-121,pr-true,f-auto,q-80/cms/sub_category/44.png",Orika Ratlam Bold Fenugreek | Sabut Methi Dana,Orika,25,40,150 g,4.6 (539),In Stock,https://www.zeptonow.com/pn/orika-ratlam-bold-fenugreek-sabut-methi-dana/pvid/30db0d3d-1b0a-4114-97fd-41adf86a1a5e,"https://cdn.zeptonow.com/production/tr:w-1280,ar-1198-1500,pr-true,f-auto,q-80/cms/product_variant/1c7a91c7-6fd4-4b09-addf-e79d28bfebae.jpg"
Masala & Dry Fruits,Whole Spices & Seasonings,"https://cdn.zeptonow.com/production/tr:w-90,ar-120-121,pr-true,f-auto,q-80/cms/sub_category/44.png",Orika Red Chilli Flakes,Orika,52,88,45 g,4.6 (1.1k),In Stock,https://www.zeptonow.com/pn/orika-red-chilli-flakes/pvid/e7a44815-4caa-4917-a116-784a60cab09c,"https://cdn.zeptonow.com/production/tr:w-1280,ar-1000-1000,pr-true,f-auto,q-80/cms/product_variant/2883fcb6-8334-4519-95bc-7ed97bfae97d.jpg"
Masala & Dry Fruits,Whole Spices & Seasonings,"https://cdn.zeptonow.com/production/tr:w-90,ar-120-121,pr-true,f-auto,q-80/cms/sub_category/44.png",Orika Nagauri Cumin Whole | Sabut Jeera Jar,Naga,164,199,250 g,4.7 (618),In Stock,https://www.zeptonow.com/pn/orika-nagauri-cumin-whole-sabut-jeera-jar/pvid/649f8dec-0faa-4f72-8934-cc14596d49a7,"https://cdn.zeptonow.com/production/tr:w-1280,ar-1500-1191,pr-true,f-auto,q-80/cms/product_variant/6562671c-a982-439b-83f5-8dd692a65c0f.jpg"
Masala & Dry Fruits,Whole Spices & Seasonings,"https://cdn.zeptonow.com/production/tr:w-90,ar-120-121,pr-true,f-auto,q-80/cms/sub_category/44.png",Aashirvaad Cardamom | Elaichi | 100% Pure,Aashirvaad,493,600,100 g,4.4 (252),In Stock,https://www.zeptonow.com/pn/aashirvaad-cardamom-elaichi-100-pure/pvid/f157b762-4671-485d-a674-c076c07b8660,"https://cdn.zeptonow.com/production/tr:w-1280,ar-1000-1000,pr-true,f-auto,q-80/cms/product_variant/e427f4ec-5664-4d7b-851b-a6b57476cdba.jpeg"
Masala & Dry Fruits,Whole Spices & Seasonings,"https://cdn.zeptonow.com/production/tr:w-90,ar-120-121,pr-true,f-auto,q-80/cms/sub_category/44.png",Orika Sabut Garam Masala,Orika,88,135,70 g,4.2 (404),In Stock,https://www.zeptonow.com/pn/orika-sabut-garam-masala/pvid/ce6dd114-878d-4b4b-9b60-e5a715f83105,"https://cdn.zeptonow.com/production/tr:w-1280,ar-1080-1080,pr-true,f-auto,q-80/cms/product_variant/b1ca7306-0cdd-4b90-90fb-6ada545248ed.jpg"
Masala & Dry Fruits,Whole Spices & Seasonings,"https://cdn.zeptonow.com/production/tr:w-90,ar-120-121,pr-true,f-auto,q-80/cms/sub_category/44.png",Orika Red Chilli Flakes,Orika,50,79,52 g,4.6 (138),In Stock,https://www.zeptonow.com/pn/orika-red-chilli-flakes/pvid/d789619f-45ed-45f9-875d-a03ce756a725,"https://cdn.zeptonow.com/production/tr:w-1280,ar-2000-2000,pr-true,f-auto,q-80/cms/product_variant/6737f6b6-0239-41ca-b9e5-199d8b6fa12a.jpg"
Masala & Dry Fruits,Whole Spices & Seasonings,"https://cdn.zeptonow.com/production/tr:w-90,ar-120-121,pr-true,f-auto,q-80/cms/sub_category/44.png",CRISTA American Barbeque Spice Rub,CRISTA,109,169,50 g,5 (79),In Stock,https://www.zeptonow.com/pn/crista-american-barbeque-spice-rub/pvid/0b265e99-29e3-4e25-aa6a-4295ba7fa58b,"https://cdn.zeptonow.com/production/tr:w-1280,ar-1500-1500,pr-true,f-auto,q-80/cms/product_variant/3c62b7bb-3d1f-4520-ac4c-0dfc79f90ff6.jpeg"
Masala & Dry Fruits,Whole Spices & Seasonings,"https://cdn.zeptonow.com/production/tr:w-90,ar-120-121,pr-true,f-auto,q-80/cms/sub_category/44.png",Orika Coriander Whole | Sabut Dhania,Orika,35,54,100 g,4.7 (149),In Stock,https://www.zeptonow.com/pn/orika-coriander-whole-sabut-dhania/pvid/0fca31de-dc58-4417-ae93-0b8fe3d50804,"https://cdn.zeptonow.com/production/tr:w-1280,ar-2500-2500,pr-true,f-auto,q-80/cms/product_variant/b2a6adcd-f83a-4478-a902-587cfeaa635b.jpg"
Masala & Dry Fruits,Whole Spices & Seasonings,"https://cdn.zeptonow.com/production/tr:w-90,ar-120-121,pr-true,f-auto,q-80/cms/sub_category/44.png",Tata Sampann Golden Saffron | Natural Aroma And Colour | Pure Kesar,Tata,299,380,1 g,4.5 (536),In Stock,https://www.zeptonow.com/pn/tata-sampann-golden-saffron-natural-aroma-and-colour-pure-kesar/pvid/ab0dfb44-9a67-42d3-84bb-34647ee2cdd8,"https://cdn.zeptonow.com/production/tr:w-1280,ar-1200-1200,pr-true,f-auto,q-80/cms/product_variant/deaee061-a056-479a-81a7-6f570b5371d0.jpeg"
Masala & Dry Fruits,Whole Spices & Seasonings,"https://cdn.zeptonow.com/production/tr:w-90,ar-120-121,pr-true,f-auto,q-80/cms/sub_category/44.png",ZOFF Fenugreek Seeds,ZOFF,36,48,200 g,4.3 (876),In Stock,https://www.zeptonow.com/pn/zoff-fenugreek-seeds/pvid/fd8fbb45-eeab-458f-906f-6fff19bcb82c,"https://cdn.zeptonow.com/production/tr:w-1280,ar-1050-1050,pr-true,f-auto,q-80/cms/product_variant/b6872d7b-824e-41e6-a267-7b617cea97b1.jpeg"
Masala & Dry Fruits,Whole Spices & Seasonings,"https://cdn.zeptonow.com/production/tr:w-90,ar-120-121,pr-true,f-auto,q-80/cms/sub_category/44.png",Orika Malai Tikka All Purpose Seasoning,Orika,58,99,85 g,5 (75),In Stock,https://www.zeptonow.com/pn/orika-malai-tikka-all-purpose-seasoning/pvid/72de9ebe-b223-4e1e-86ed-5a352bf10113,"https://cdn.zeptonow.com/production/tr:w-1280,ar-1205-1500,pr-true,f-auto,q-80/cms/product_variant/ee096529-79b1-47d6-871d-e6848b0fd3ee.jpg"
Masala & Dry Fruits,Whole Spices & Seasonings,"https://cdn.zeptonow.com/production/tr:w-90,ar-120-121,pr-true,f-auto,q-80/cms/sub_category/44.png",CRISTA Smoky Tandoori Masala Spice Mix,CRISTA,82,115,45 g,4.6 (104),In Stock,https://www.zeptonow.com/pn/crista-smoky-tandoori-masala-spice-mix/pvid/4e114bd4-0b03-4c91-a8db-e15de396caff,"https://cdn.zeptonow.com/production/tr:w-1280,ar-2000-2000,pr-true,f-auto,q-80/cms/product_variant/5107e21c-ea89-4738-a58d-68e8b998d51c.jpeg"
Masala & Dry Fruits,Whole Spices & Seasonings,"https://cdn.zeptonow.com/production/tr:w-90,ar-120-121,pr-true,f-auto,q-80/cms/sub_category/44.png",CRISTA Cumin Seed,CRISTA,84,130,100 g,4.8 (93),In Stock,https://www.zeptonow.com/pn/crista-cumin-seed/pvid/9bfae0ef-2b78-4faf-9279-d8f82fe198b2,"https://cdn.zeptonow.com/production/tr:w-1280,ar-1500-1500,pr-true,f-auto,q-80/cms/product_variant/78d19643-c84b-4687-9a48-c1a2d2834e75.jpeg"
Masala & Dry Fruits,Whole Spices & Seasonings,"https://cdn.zeptonow.com/production/tr:w-90,ar-120-121,pr-true,f-auto,q-80/cms/sub_category/44.png",Daily Good Jeera / Cumin,Daily Good,316,325,500 g,4.3 (1.8k),In Stock,https://www.zeptonow.com/pn/daily-good-jeera-cumin/pvid/6bae6db2-8fc0-4f6c-b44b-48935392c24b,"https://cdn.zeptonow.com/production/tr:w-1280,ar-2400-2400,pr-true,f-auto,q-80/cms/product_variant/e0c77811-29be-46c4-bf10-c2d3302c88fe.jpeg"
Masala & Dry Fruits,Whole Spices & Seasonings,"https://cdn.zeptonow.com/production/tr:w-90,ar-120-121,pr-true,f-auto,q-80/cms/sub_category/44.png",Daily Good Cinnamon Quills,Daily Good,161,165,50 g,4.3 (494),In Stock,https://www.zeptonow.com/pn/daily-good-cinnamon-quills/pvid/bc31555e-fb4e-452f-8d6d-efdfc2e50e6c,"https://cdn.zeptonow.com/production/tr:w-1280,ar-4596-4596,pr-true,f-auto,q-80/cms/product_variant/22d5efc9-7dea-4c55-8053-173219e2654d.jpeg"
Masala & Dry Fruits,Whole Spices & Seasonings,"https://cdn.zeptonow.com/production/tr:w-90,ar-120-121,pr-true,f-auto,q-80/cms/sub_category/44.png",Smart One Black Pepper,Smart One,139,150,100 g,4.6 (2.2k),In Stock,https://www.zeptonow.com/pn/smart-one-black-pepper/pvid/6ac9a335-a4ad-46f2-bb14-09bd3980eae0,"https://cdn.zeptonow.com/production/tr:w-1280,ar-1500-1500,pr-true,f-auto,q-80/cms/product_variant/1f9c8218-faea-4865-bfa1-b517cb39c21c.jpeg"
Masala & Dry Fruits,Whole Spices & Seasonings,"https://cdn.zeptonow.com/production/tr:w-90,ar-120-121,pr-true,f-auto,q-80/cms/sub_category/44.png",Daily Good Black Pepper - Kali Mirch,Daily Good,145,195,100 g,4.7 (6.3k),In Stock,https://www.zeptonow.com/pn/daily-good-black-pepper-kali-mirch/pvid/9912ef15-f5d2-446d-b32c-75f5d14318e9,"https://cdn.zeptonow.com/production/tr:w-1280,ar-1200-1200,pr-true,f-auto,q-80/cms/product_variant/576212de-e780-4012-b95a-7817e28adfb8.jpeg"
Masala & Dry Fruits,Whole Spices & Seasonings,"https://cdn.zeptonow.com/production/tr:w-90,ar-120-121,pr-true,f-auto,q-80/cms/sub_category/44.png",Daily Good Chilli With Stem / Guntur With Steam,Daily Good,58,90,100 g,4.7 (9.5k),In Stock,https://www.zeptonow.com/pn/daily-good-chilli-with-stem-guntur-with-steam/pvid/b0fdb7cf-8be4-4b0f-bd71-b6fe05cb943c,"https://cdn.zeptonow.com/production/tr:w-1280,ar-1200-1200,pr-true,f-auto,q-80/cms/product_variant/45492131-09df-420b-a546-a9eb89b57c1d.jpeg"
Masala & Dry Fruits,Whole Spices & Seasonings,"https://cdn.zeptonow.com/production/tr:w-90,ar-120-121,pr-true,f-auto,q-80/cms/sub_category/44.png",Daily Good Chilli Stemless / Guntur Stemless,Daily Good,124,215,200 g,4.7 (406),In Stock,https://www.zeptonow.com/pn/daily-good-chilli-stemless-guntur-stemless/pvid/aff36634-e4a3-4c52-af42-1f35666807be,"https://cdn.zeptonow.com/production/tr:w-1280,ar-1941-1941,pr-true,f-auto,q-80/cms/product_variant/f168c34a-38af-4fde-8998-8b46fe6702c9.jpg"
Masala & Dry Fruits,Whole Spices & Seasonings,"https://cdn.zeptonow.com/production/tr:w-90,ar-120-121,pr-true,f-auto,q-80/cms/sub_category/44.png",Daily Good Mustard / Rai / Sarso Small,Daily Good,24,65,200 g,4.8 (15.8k),In Stock,https://www.zeptonow.com/pn/daily-good-mustard-rai-sarso-small/pvid/ec1174dd-d7e6-438a-beb5-38e1cdba3e4e,"https://cdn.zeptonow.com/production/tr:w-1280,ar-1200-1200,pr-true,f-auto,q-80/cms/product_variant/bdca4712-a427-42a8-a735-4a3de1eb08cf.jpeg"
Masala & Dry Fruits,Whole Spices & Seasonings,"https://cdn.zeptonow.com/production/tr:w-90,ar-120-121,pr-true,f-auto,q-80/cms/sub_category/44.png",Daily Good Mustard / Rai / Sarso Big,Daily Good,50,60,200 g,4.7 (10.7k),In Stock,https://www.zeptonow.com/pn/daily-good-mustard-rai-sarso-big/pvid/864b5802-e062-4eda-9824-eca415ecf704,"https://cdn.zeptonow.com/production/tr:w-1280,ar-1200-1200,pr-true,f-auto,q-80/cms/product_variant/256d2630-9ae5-49ba-9769-ef001b91e965.jpeg"
Masala & Dry Fruits,Whole Spices & Seasonings,"https://cdn.zeptonow.com/production/tr:w-90,ar-120-121,pr-true,f-auto,q-80/cms/sub_category/44.png",Daily Good Saunf / Fennel Lucknow,Daily Good,72,130,100 g,4.6 (8.0k),In Stock,https://www.zeptonow.com/pn/daily-good-saunf-fennel-lucknow/pvid/2f42bf51-8078-43b5-ab91-91e1e0c537d6,"https://cdn.zeptonow.com/production/tr:w-1280,ar-1200-1200,pr-true,f-auto,q-80/cms/product_variant/43c8314c-e803-43a4-ad42-523bcf9d80ff.jpeg"
Masala & Dry Fruits,Whole Spices & Seasonings,"https://cdn.zeptonow.com/production/tr:w-90,ar-120-121,pr-true,f-auto,q-80/cms/sub_category/44.png",Nutraj Classic Kalonji (Kala Jeera) - Pouch,Nutraj,55,250,100 g,4.5 (214),In Stock,https://www.zeptonow.com/pn/nutraj-classic-kalonji-kala-jeera-pouch/pvid/9ca74d38-3fef-4873-b0a9-7abd54eab914,"https://cdn.zeptonow.com/production/tr:w-1280,ar-2000-2000,pr-true,f-auto,q-80/cms/product_variant/59d1330f-50af-4c6a-94be-4e057676d7dd.jpg"
Masala & Dry Fruits,Whole Spices & Seasonings,"https://cdn.zeptonow.com/production/tr:w-90,ar-120-121,pr-true,f-auto,q-80/cms/sub_category/44.png",Daily Good Black Pepper / Kali Mirch,Daily Good,73,105,50 g,4.7 (1.7k),In Stock,https://www.zeptonow.com/pn/daily-good-black-pepper-kali-mirch/pvid/c40c2e09-4297-4c00-81fc-afe64c75ee5c,"https://cdn.zeptonow.com/production/tr:w-1280,ar-1979-1979,pr-true,f-auto,q-80/cms/product_variant/e1f24d94-c09f-4c4f-acde-38131372f7f7.jpg"
Masala & Dry Fruits,Whole Spices & Seasonings,"https://cdn.zeptonow.com/production/tr:w-90,ar-120-121,pr-true,f-auto,q-80/cms/sub_category/44.png",Daily Good Shahjeera / Caraway Seeds,Daily Good,189,195,100 g,4.9 (1.2k),In Stock,https://www.zeptonow.com/pn/daily-good-shahjeera-caraway-seeds/pvid/4d366adb-7aa2-4d60-845b-8175e380a75a,"https://cdn.zeptonow.com/production/tr:w-1280,ar-1200-1200,pr-true,f-auto,q-80/cms/product_variant/98c6dbe5-4dea-4e63-960e-2199ba009c7d.jpeg"
Masala & Dry Fruits,Whole Spices & Seasonings,"https://cdn.zeptonow.com/production/tr:w-90,ar-120-121,pr-true,f-auto,q-80/cms/sub_category/44.png",Nutraj Classic Green Cardamom (Elaichi) - Pouch,MOM,115,120,20 g,4.6 (963),In Stock,https://www.zeptonow.com/pn/nutraj-classic-green-cardamom-elaichi-pouch/pvid/c7c9eeee-ebcd-47c2-be30-80a1f3c1fde3,"https://cdn.zeptonow.com/production/tr:w-1280,ar-1200-1200,pr-true,f-auto,q-80/cms/product_variant/46e5d0a4-67d4-442d-9e8a-f945cc67033f.jpg"
Masala & Dry Fruits,Whole Spices & Seasonings,"https://cdn.zeptonow.com/production/tr:w-90,ar-120-121,pr-true,f-auto,q-80/cms/sub_category/44.png",Daily Good Coriander / Dhania Whole,Daily Good,65,90,200 g,4.7 (6.6k),In Stock,https://www.zeptonow.com/pn/daily-good-coriander-dhania-whole/pvid/ca6aaac7-e898-43e7-9b8a-8dd7745df828,"https://cdn.zeptonow.com/production/tr:w-1280,ar-2400-2400,pr-true,f-auto,q-80/cms/product_variant/b6742cab-df6a-4488-8e83-2a4071388854.jpeg"
Masala & Dry Fruits,Whole Spices & Seasonings,"https://cdn.zeptonow.com/production/tr:w-90,ar-120-121,pr-true,f-auto,q-80/cms/sub_category/44.png",Daily Good Mustard / Rai / Sarso Big,Daily Good,25,35,100 g,4.7 (3.1k),In Stock,https://www.zeptonow.com/pn/daily-good-mustard-rai-sarso-big/pvid/fe73d279-92c5-4582-b0e6-3ae6b61f9c4d,"https://cdn.zeptonow.com/production/tr:w-1280,ar-1941-1941,pr-true,f-auto,q-80/cms/product_variant/402eaeb9-357d-4e42-93a3-060be9a203ef.jpg"
Masala & Dry Fruits,Whole Spices & Seasonings,"https://cdn.zeptonow.com/production/tr:w-90,ar-120-121,pr-true,f-auto,q-80/cms/sub_category/44.png",Daily Good Chilli Stemless / Guntur Stemless,Daily Good,59,110,100 g,4.7 (6.9k),In Stock,https://www.zeptonow.com/pn/daily-good-chilli-stemless-guntur-stemless/pvid/47ed5e6d-9671-46d1-b270-d63bb2a8cf83,"https://cdn.zeptonow.com/production/tr:w-1280,ar-1200-1200,pr-true,f-auto,q-80/cms/product_variant/2c695bc2-2707-47d8-887c-6610afbd36e5.jpeg"
Masala & Dry Fruits,Whole Spices & Seasonings,"https://cdn.zeptonow.com/production/tr:w-90,ar-120-121,pr-true,f-auto,q-80/cms/sub_category/44.png",Daily Good Byadgi Chilli,Daily Good,64,155,100 g,4.7 (3.9k),In Stock,https://www.zeptonow.com/pn/daily-good-byadgi-chilli/pvid/b1c937d1-9261-4c67-8a65-0c9e8150a579,"https://cdn.zeptonow.com/production/tr:w-1280,ar-1200-1200,pr-true,f-auto,q-80/cms/product_variant/5ed09192-b462-4787-918e-4d5bde6f729d.jpeg"
Masala & Dry Fruits,Whole Spices & Seasonings,"https://cdn.zeptonow.com/production/tr:w-90,ar-120-121,pr-true,f-auto,q-80/cms/sub_category/44.png",Daily Good Tamarind / Imli,Daily Good,119,220,500 g,4.5 (4.9k),In Stock,https://www.zeptonow.com/pn/daily-good-tamarind-imli/pvid/b7f8365b-e892-4c7e-9a49-8bcfe6b1022d,"https://cdn.zeptonow.com/production/tr:w-1280,ar-1200-1200,pr-true,f-auto,q-80/cms/product_variant/482dd772-d9e3-4777-b9e6-096f443da29b.jpeg"
Masala & Dry Fruits,Whole Spices & Seasonings,"https://cdn.zeptonow.com/production/tr:w-90,ar-120-121,pr-true,f-auto,q-80/cms/sub_category/44.png",Daily Good Gundu Chilli Whole / Bore Chilli,Daily Good,72,75,100 g,4.4 (1.6k),In Stock,https://www.zeptonow.com/pn/daily-good-gundu-chilli-whole-bore-chilli/pvid/cc80eb34-d1fe-422a-8d77-709e2d3f9b0e,"https://cdn.zeptonow.com/production/tr:w-1280,ar-1200-1200,pr-true,f-auto,q-80/cms/product_variant/be800212-0269-41a0-881c-4d93a6ebad8c.jpeg"
Masala & Dry Fruits,Whole Spices & Seasonings,"https://cdn.zeptonow.com/production/tr:w-90,ar-120-121,pr-true,f-auto,q-80/cms/sub_category/44.png",Daily Good Saunf - Fennel,Daily Good,81,175,200 g,4.7 (5.6k),In Stock,https://www.zeptonow.com/pn/daily-good-saunf-fennel/pvid/03932916-1bb5-4316-a467-206cb0c9fd33,"https://cdn.zeptonow.com/production/tr:w-1280,ar-1200-1200,pr-true,f-auto,q-80/cms/product_variant/880287fe-e773-47b2-b5fa-9f8b5b7fc303.jpeg"
Masala & Dry Fruits,Whole Spices & Seasonings,"https://cdn.zeptonow.com/production/tr:w-90,ar-120-121,pr-true,f-auto,q-80/cms/sub_category/44.png",Safe Harvest Pesticide-Free Black Pepper,Safe,160,210,100 g,5 (232),In Stock,https://www.zeptonow.com/pn/safe-harvest-pesticide-free-black-pepper/pvid/e9918b10-3f46-4a76-ba01-c57306846ca1,"https://cdn.zeptonow.com/production/tr:w-1280,ar-817-1113,pr-true,f-auto,q-80/inventory/product/e9918b10-3f46-4a76-ba01-c57306846ca1-1zQ9hlOsNcbtYZbEb3qWgqlweX29y5jKA.jpeg"
Masala & Dry Fruits,Whole Spices & Seasonings,"https://cdn.zeptonow.com/production/tr:w-90,ar-120-121,pr-true,f-auto,q-80/cms/sub_category/44.png",Smart One Cardamom / Elaichi Green,MOM,99,145,25 g,4.1 (2.6k),In Stock,https://www.zeptonow.com/pn/smart-one-cardamom-elaichi-green/pvid/52fcaaca-1665-449e-8fec-858833ce736d,"https://cdn.zeptonow.com/production/tr:w-1280,ar-4596-4596,pr-true,f-auto,q-80/cms/product_variant/3250ccb5-a640-4f9a-8352-ddb545d18316.jpeg"
Masala & Dry Fruits,Whole Spices & Seasonings,"https://cdn.zeptonow.com/production/tr:w-90,ar-120-121,pr-true,f-auto,q-80/cms/sub_category/44.png",Everest Saffron Box,Everest,189,210,0.5 g,4.9 (692),In Stock,https://www.zeptonow.com/pn/everest-saffron-box/pvid/52e35469-bafb-4c38-9ac2-51fe14162b6b,"https://cdn.zeptonow.com/production/tr:w-1280,ar-2400-2400,pr-true,f-auto,q-80/cms/product_variant/ace653e8-395d-4ec8-b5b5-59d0a59efc49.jpeg"
Masala & Dry Fruits,Whole Spices & Seasonings,"https://cdn.zeptonow.com/production/tr:w-90,ar-120-121,pr-true,f-auto,q-80/cms/sub_category/44.png",On1y Cardamom,MOM,204,299,50 g,4.5 (3.0k),In Stock,https://www.zeptonow.com/pn/on1y-cardamom/pvid/e0f64fce-9be9-4b2d-b7f1-c214b29c680e,"https://cdn.zeptonow.com/production/tr:w-1280,ar-2400-2400,pr-true,f-auto,q-80/cms/product_variant/31462bc7-89b2-4e2e-9fa4-c26bab2c66ea.jpeg"
Masala & Dry Fruits,Whole Spices & Seasonings,"https://cdn.zeptonow.com/production/tr:w-90,ar-120-121,pr-true,f-auto,q-80/cms/sub_category/44.png",Daily Good Till - Sesame White,Daily Good,31,70,100 g,4.6 (11.4k),In Stock,https://www.zeptonow.com/pn/daily-good-till-sesame-white/pvid/33db442d-c8b4-477e-8fc4-222848bb4594,"https://cdn.zeptonow.com/production/tr:w-1280,ar-1200-1200,pr-true,f-auto,q-80/cms/product_variant/01e6fe5c-2dc4-44ec-8e47-f7e367397421.jpeg"
Masala & Dry Fruits,Whole Spices & Seasonings,"https://cdn.zeptonow.com/production/tr:w-90,ar-120-121,pr-true,f-auto,q-80/cms/sub_category/44.png",Nutraj Classic Kali Mirch (Black Pepper) - Pouch,Nutraj,125,200,100 g,4.1 (148),In Stock,https://www.zeptonow.com/pn/nutraj-classic-kali-mirch-black-pepper-pouch/pvid/e7e52ecc-9d9c-4ef7-b350-ae8fd796147d,"https://cdn.zeptonow.com/production/tr:w-1280,ar-1500-1500,pr-true,f-auto,q-80/cms/product_variant/7ce3ae68-abd4-4773-a72d-d2cdf93e8e3d.jpg"
Masala & Dry Fruits,Whole Spices & Seasonings,"https://cdn.zeptonow.com/production/tr:w-90,ar-120-121,pr-true,f-auto,q-80/cms/sub_category/44.png",On1y Garlic Herb Bread seasoning,On1y,82,99,48 g,4.9 (249),In Stock,https://www.zeptonow.com/pn/on1y-garlic-herb-bread-seasoning/pvid/00a59209-0c27-4280-b42e-38de8ace24d1,"https://cdn.zeptonow.com/production/tr:w-1280,ar-2400-2400,pr-true,f-auto,q-80/cms/product_variant/067a504e-6295-4db8-a514-0faec5952b4d.jpeg"
Masala & Dry Fruits,Whole Spices & Seasonings,"https://cdn.zeptonow.com/production/tr:w-90,ar-120-121,pr-true,f-auto,q-80/cms/sub_category/44.png",Popular Essentials Tamarind,Popular Essentials,156,170,500 g,4.7 (653),In Stock,https://www.zeptonow.com/pn/popular-essentials-tamarind/pvid/230e8043-86f2-47f2-9845-5f2fa83e327d,"https://cdn.zeptonow.com/production/tr:w-1280,ar-1200-1200,pr-true,f-auto,q-80/cms/product_variant/16213482-4891-4cd0-a8ea-f7ac7e43ff5d.jpeg"
Masala & Dry Fruits,Whole Spices & Seasonings,"https://cdn.zeptonow.com/production/tr:w-90,ar-120-121,pr-true,f-auto,q-80/cms/sub_category/44.png",Safe Harvest Pesticide-Free Seedless Tamarind | Seedless Imli | Soft & Delicious,Delicious,194,270,500 g,4.5 (1.1k),In Stock,https://www.zeptonow.com/pn/safe-harvest-pesticide-free-seedless-tamarind-seedless-imli-soft-delicious/pvid/90be2763-4008-40b9-be2b-7e9ae96161c6,"https://cdn.zeptonow.com/production/tr:w-1280,ar-1021-1021,pr-true,f-auto,q-80/cms/product_variant/8e1f270b-85c8-4c9c-af75-b82b4e6c74fc.jpeg"
Masala & Dry Fruits,Whole Spices & Seasonings,"https://cdn.zeptonow.com/production/tr:w-90,ar-120-121,pr-true,f-auto,q-80/cms/sub_category/44.png",Smart One Jeera,Smart One,237,305,500 g,4.7 (1.1k),In Stock,https://www.zeptonow.com/pn/smart-one-jeera/pvid/3cd24fbe-c7b7-4ef6-8941-b3460461fdeb,"https://cdn.zeptonow.com/production/tr:w-1280,ar-1125-1125,pr-true,f-auto,q-80/cms/product_variant/47f764fc-f923-4670-ae4c-af8d5da543f3.jpeg"
Masala & Dry Fruits,Whole Spices & Seasonings,"https://cdn.zeptonow.com/production/tr:w-90,ar-120-121,pr-true,f-auto,q-80/cms/sub_category/44.png",Daily Good Cloves - Lavang - Laung,Daily Good,97,120,50 g,4.7 (3.2k),In Stock,https://www.zeptonow.com/pn/daily-good-cloves-lavang-laung/pvid/d9a9abea-8f40-44da-9649-578938d4eb2f,"https://cdn.zeptonow.com/production/tr:w-1280,ar-1000-1000,pr-true,f-auto,q-80/cms/product_variant/ffbc10f4-6fd2-414e-be4c-72af498134bb.jpeg"
Masala & Dry Fruits,Whole Spices & Seasonings,"https://cdn.zeptonow.com/production/tr:w-90,ar-120-121,pr-true,f-auto,q-80/cms/sub_category/44.png",Organic Tattva Tamarind Whole,Organic Tattva,247,270,500 g,4.9 (52),In Stock,https://www.zeptonow.com/pn/organic-tattva-tamarind-whole/pvid/dca32657-5dd6-4848-a852-1b306ff87226,"https://cdn.zeptonow.com/production/tr:w-1280,ar-1500-1500,pr-true,f-auto,q-80/cms/product_variant/24879ec7-d722-4cf1-ae53-6377c39b578a.jpeg"
Masala & Dry Fruits,Whole Spices & Seasonings,"https://cdn.zeptonow.com/production/tr:w-90,ar-120-121,pr-true,f-auto,q-80/cms/sub_category/44.png",Daily Good Jeera / Cumin,Daily Good,56,70,100 g,4.7 (20.9k),In Stock,https://www.zeptonow.com/pn/daily-good-jeera-cumin/pvid/7a3dd73e-256d-44c3-b630-d2b48f41986e,"https://cdn.zeptonow.com/production/tr:w-1280,ar-1200-1200,pr-true,f-auto,q-80/cms/product_variant/a2ce6a00-f670-4155-baf2-1764712e5797.jpeg"
Masala & Dry Fruits,Whole Spices & Seasonings,"https://cdn.zeptonow.com/production/tr:w-90,ar-120-121,pr-true,f-auto,q-80/cms/sub_category/44.png",Daily Good Bay Leaf / Tejpatta,Daily Good,32,35,50 g,4.8 (7.5k),In Stock,https://www.zeptonow.com/pn/daily-good-bay-leaf-tejpatta/pvid/de6da78d-24d7-4c8d-a30e-3bd3b04bc7e1,"https://cdn.zeptonow.com/production/tr:w-1280,ar-1200-1200,pr-true,f-auto,q-80/cms/product_variant/bbd62051-600a-4d04-a383-a1e8c4b3bb5e.jpeg"
Masala & Dry Fruits,Whole Spices & Seasonings,"https://cdn.zeptonow.com/production/tr:w-90,ar-120-121,pr-true,f-auto,q-80/cms/sub_category/44.png",Daily Good Coriander / Dhania Whole,Daily Good,37,50,100 g,4.8 (5.9k),In Stock,https://www.zeptonow.com/pn/daily-good-coriander-dhania-whole/pvid/09f5a0af-a2b7-4eeb-96d9-32889c75ea36,"https://cdn.zeptonow.com/production/tr:w-1280,ar-1200-1200,pr-true,f-auto,q-80/cms/product_variant/7c33fbdb-8e56-415c-812f-da4ad8d4c8f9.jpeg"
Masala & Dry Fruits,Whole Spices & Seasonings,"https://cdn.zeptonow.com/production/tr:w-90,ar-120-121,pr-true,f-auto,q-80/cms/sub_category/44.png",Daily Good Cardamom Green,Daily Good,104,150,25 g,4.3 (2.7k),In Stock,https://www.zeptonow.com/pn/daily-good-cardamom-green/pvid/ca65a05e-60ea-4cc3-a066-a6c06696465b,"https://cdn.zeptonow.com/production/tr:w-1280,ar-3425-4961,pr-true,f-auto,q-80/cms/product_variant/1d59fc11-c51c-4efe-9443-d3148fbf9f3e.png"
Masala & Dry Fruits,Whole Spices & Seasonings,"https://cdn.zeptonow.com/production/tr:w-90,ar-120-121,pr-true,f-auto,q-80/cms/sub_category/44.png",Daily Good Katira Gond | Tragacanth Gum,Daily Good,64,65,50 g,4.6 (5.4k),In Stock,https://www.zeptonow.com/pn/daily-good-katira-gond-tragacanth-gum/pvid/811f5e97-c175-4adb-b7d9-d1a6bd8ea9b1,"https://cdn.zeptonow.com/production/tr:w-1280,ar-1000-1000,pr-true,f-auto,q-80/cms/product_variant/00a4233c-abd4-4ce1-9476-980ab1c40fb4.jpeg"
Masala & Dry Fruits,Whole Spices & Seasonings,"https://cdn.zeptonow.com/production/tr:w-90,ar-120-121,pr-true,f-auto,q-80/cms/sub_category/44.png",Daily Good Fenugreek / Methi Seeds,Daily Good,29,60,200 g,4.7 (9.3k),In Stock,https://www.zeptonow.com/pn/daily-good-fenugreek-methi-seeds/pvid/e821e973-7764-4ec4-8135-eb52677331c9,"https://cdn.zeptonow.com/production/tr:w-1280,ar-1200-1200,pr-true,f-auto,q-80/cms/product_variant/d24f4557-872b-45c1-9a36-bedc8b8f1f5c.jpeg"
Masala & Dry Fruits,Whole Spices & Seasonings,"https://cdn.zeptonow.com/production/tr:w-90,ar-120-121,pr-true,f-auto,q-80/cms/sub_category/44.png",Keya Oregano Seasoning,Keya,115,139,50 g,4.4 (1.3k),In Stock,https://www.zeptonow.com/pn/keya-oregano-seasoning/pvid/ee319a5a-14fc-44da-8306-e9a245aa39ae,"https://cdn.zeptonow.com/production/tr:w-1280,ar-2400-2400,pr-true,f-auto,q-80/cms/product_variant/8202fb38-dee1-49fb-9fd6-becb7991f256.jpg"
Masala & Dry Fruits,Whole Spices & Seasonings,"https://cdn.zeptonow.com/production/tr:w-90,ar-120-121,pr-true,f-auto,q-80/cms/sub_category/44.png",Everest Hingraj Powder,Everest,142,143,50 g,4.6 (2.1k),In Stock,https://www.zeptonow.com/pn/everest-hingraj-powder/pvid/44299f64-464f-4f3a-8b7a-e4573090c007,"https://cdn.zeptonow.com/production/tr:w-1280,ar-1500-1500,pr-true,f-auto,q-80/cms/product_variant/1508ac89-8e70-457f-9107-66d3631ea909.jpg"
Masala & Dry Fruits,Whole Spices & Seasonings,"https://cdn.zeptonow.com/production/tr:w-90,ar-120-121,pr-true,f-auto,q-80/cms/sub_category/44.png",Nutraj Classic Jeera (Cumin) - Pouch,Nutraj,175,400,500 g,4.9 (284),In Stock,https://www.zeptonow.com/pn/nutraj-classic-jeera-cumin-pouch/pvid/e2a9ed3d-a101-4cbf-bf92-97f9290072e3,"https://cdn.zeptonow.com/production/tr:w-1280,ar-5904-4725,pr-true,f-auto,q-80/cms/product_variant/bbe647ab-ad5f-402c-81b3-9b2e5a974f7c.jpg"
Masala & Dry Fruits,Whole Spices & Seasonings,"https://cdn.zeptonow.com/production/tr:w-90,ar-120-121,pr-true,f-auto,q-80/cms/sub_category/44.png",Popular Essentials Poppy Seeds (Gasagase),Popular Essentials,309,360,100 g,4.8 (237),In Stock,https://www.zeptonow.com/pn/popular-essentials-poppy-seeds-gasagase/pvid/fbc44ac7-96f0-43f2-8302-e1761c241d08,"https://cdn.zeptonow.com/production/tr:w-1280,ar-1500-1500,pr-true,f-auto,q-80/cms/product_variant/f521f812-46a1-4293-8379-e47d8f3d3823.jpeg"
Masala & Dry Fruits,Whole Spices & Seasonings,"https://cdn.zeptonow.com/production/tr:w-90,ar-120-121,pr-true,f-auto,q-80/cms/sub_category/44.png",TMI Colman Javitri Mace,TMI,90,140,25 g,4.9 (257),In Stock,https://www.zeptonow.com/pn/tmi-colman-javitri-mace/pvid/18d68168-d7dc-4e64-bee0-f19450829a55,"https://cdn.zeptonow.com/production/tr:w-1280,ar-2400-2400,pr-true,f-auto,q-80/cms/product_variant/6630985b-e3f3-4d29-90aa-74df0da79fa8.jpg"
Masala & Dry Fruits,Whole Spices & Seasonings,"https://cdn.zeptonow.com/production/tr:w-90,ar-120-121,pr-true,f-auto,q-80/cms/sub_category/44.png",Daily Good Javitri / Mace,Daily Good,204,295,50 g,4.7 (500),In Stock,https://www.zeptonow.com/pn/daily-good-javitri-mace/pvid/79c1666b-2a88-45de-89b3-5744f1b8cacd,"https://cdn.zeptonow.com/production/tr:w-1280,ar-1200-1200,pr-true,f-auto,q-80/cms/product_variant/361744a5-7110-4403-9ef5-da5e5165a16e.jpeg"
Masala & Dry Fruits,Whole Spices & Seasonings,"https://cdn.zeptonow.com/production/tr:w-90,ar-120-121,pr-true,f-auto,q-80/cms/sub_category/44.png",TMI Colman Jeera Sabut/Cumin Whole,TMI,222,299,500 g,4.7 (795),In Stock,https://www.zeptonow.com/pn/tmi-colman-jeera-sabutcumin-whole/pvid/dbae905d-c0de-4fc3-aaaa-ef75d58785d8,"https://cdn.zeptonow.com/production/tr:w-1280,ar-964-1280,pr-true,f-auto,q-80/cms/product_variant/f67dd4d1-aef4-4269-bd66-4ce2f2de825e.jpg"
Masala & Dry Fruits,Whole Spices & Seasonings,"https://cdn.zeptonow.com/production/tr:w-90,ar-120-121,pr-true,f-auto,q-80/cms/sub_category/44.png",Daily Good Turmeric / Haldi Whole,Daily Good,101,150,200 g,4.6 (664),In Stock,https://www.zeptonow.com/pn/daily-good-turmeric-haldi-whole/pvid/07324d78-480a-44d5-a923-248935f6c91a,"https://cdn.zeptonow.com/production/tr:w-1280,ar-1200-1200,pr-true,f-auto,q-80/cms/product_variant/59f81e81-3b1e-473e-b037-9129399c4e29.jpeg"
Masala & Dry Fruits,Whole Spices & Seasonings,"https://cdn.zeptonow.com/production/tr:w-90,ar-120-121,pr-true,f-auto,q-80/cms/sub_category/44.png",On1y Whole Black Pepper Kali Mirch Sabut,On1y,112,149,75 g,4.8 (507),In Stock,https://www.zeptonow.com/pn/on1y-whole-black-pepper-kali-mirch-sabut/pvid/e600a44a-08b9-4779-9020-2ce6267313e1,"https://cdn.zeptonow.com/production/tr:w-1280,ar-2400-2400,pr-true,f-auto,q-80/cms/product_variant/d614ca1a-dc3b-45bf-8ca3-7cd75833dcb6.jpeg"
Masala & Dry Fruits,Whole Spices & Seasonings,"https://cdn.zeptonow.com/production/tr:w-90,ar-120-121,pr-true,f-auto,q-80/cms/sub_category/44.png",Daily Good Edible Gum / Dink,Daily Good,129,215,200 g,4.3 (1.1k),In Stock,https://www.zeptonow.com/pn/daily-good-edible-gum-dink/pvid/850aab83-b344-4dc5-a476-a8d6d6945021,"https://cdn.zeptonow.com/production/tr:w-1280,ar-1200-1200,pr-true,f-auto,q-80/cms/product_variant/49fba799-4b29-4e89-a3e0-bb55689f2bca.jpeg"
Masala & Dry Fruits,Whole Spices & Seasonings,"https://cdn.zeptonow.com/production/tr:w-90,ar-120-121,pr-true,f-auto,q-80/cms/sub_category/44.png",Organic Tattva Black Pepper Whole,Organic Tattva,205,235,100 g,4.5 (268),In Stock,https://www.zeptonow.com/pn/organic-tattva-black-pepper-whole/pvid/0f3bc1ab-e5fc-41f1-b9e1-cc5c856893d0,"https://cdn.zeptonow.com/production/tr:w-1280,ar-1500-1500,pr-true,f-auto,q-80/cms/product_variant/4eed12c7-5033-40c7-9815-4c79ee803e10.jpeg"
Masala & Dry Fruits,Whole Spices & Seasonings,"https://cdn.zeptonow.com/production/tr:w-90,ar-120-121,pr-true,f-auto,q-80/cms/sub_category/44.png",Safe Harvest Pesticide-Free Jeera,Safe,156,240,200 g,4 (173),In Stock,https://www.zeptonow.com/pn/safe-harvest-pesticide-free-jeera/pvid/88868931-c4db-4e26-af8d-afb8c27608cc,"https://cdn.zeptonow.com/production/tr:w-1280,ar-1000-1000,pr-true,f-auto,q-80/cms/product_variant/ee759454-aee9-4114-b524-6b635d39a02f.jpeg"
Masala & Dry Fruits,Whole Spices & Seasonings,"https://cdn.zeptonow.com/production/tr:w-90,ar-120-121,pr-true,f-auto,q-80/cms/sub_category/44.png",Daily Good Jeera / Cumin,Daily Good,62,140,200 g,4.6 (18.5k),In Stock,https://www.zeptonow.com/pn/daily-good-jeera-cumin/pvid/0544be06-1489-42cc-85c9-c75ca38f28c5,"https://cdn.zeptonow.com/production/tr:w-1280,ar-1200-1200,pr-true,f-auto,q-80/cms/product_variant/045032d5-efc7-4ccc-9496-0126035888c6.jpeg"
Masala & Dry Fruits,Whole Spices & Seasonings,"https://cdn.zeptonow.com/production/tr:w-90,ar-120-121,pr-true,f-auto,q-80/cms/sub_category/44.png",Daily Good Stone Flower / Patthar Ke Phool / Dagad Phool,Daily Good,89,115,100 g,4.5 (389),In Stock,https://www.zeptonow.com/pn/daily-good-stone-flower-patthar-ke-phool-dagad-phool/pvid/16177ffd-089e-4ebf-81e2-255506e60673,"https://cdn.zeptonow.com/production/tr:w-1280,ar-1200-1200,pr-true,f-auto,q-80/cms/product_variant/982d18c4-2ebe-4b35-a0a2-eb4221efffc9.jpeg"
Masala & Dry Fruits,Whole Spices & Seasonings,"https://cdn.zeptonow.com/production/tr:w-90,ar-120-121,pr-true,f-auto,q-80/cms/sub_category/44.png",Daily Good Tamarind / Imli,Daily Good,45,95,200 g,4.6 (15.6k),In Stock,https://www.zeptonow.com/pn/daily-good-tamarind-imli/pvid/1d16dc74-4e95-4efe-aa89-e190a3f0db37,"https://cdn.zeptonow.com/production/tr:w-1280,ar-1200-1200,pr-true,f-auto,q-80/cms/product_variant/55824b0a-e339-4729-9f05-493aab4088ca.jpeg"
Masala & Dry Fruits,Whole Spices & Seasonings,"https://cdn.zeptonow.com/production/tr:w-90,ar-120-121,pr-true,f-auto,q-80/cms/sub_category/44.png",Daily Good Fenugreek / Methi Seeds,Daily Good,17,35,100 g,4.7 (8.8k),In Stock,https://www.zeptonow.com/pn/daily-good-fenugreek-methi-seeds/pvid/5ba54c12-afcc-4e0d-bbf0-2db247824c78,"https://cdn.zeptonow.com/production/tr:w-1280,ar-1200-1200,pr-true,f-auto,q-80/cms/product_variant/1bab4995-5564-43e4-8fe9-4a1567682c1e.jpeg"
Masala & Dry Fruits,Whole Spices & Seasonings,"https://cdn.zeptonow.com/production/tr:w-90,ar-120-121,pr-true,f-auto,q-80/cms/sub_category/44.png",Catch Jeera Whole,Catch,49,65,100 g,4.7 (45.3k),In Stock,https://www.zeptonow.com/pn/catch-jeera-whole/pvid/857b2613-87f3-4d3c-a26f-2a7fbac6e6a2,"https://cdn.zeptonow.com/production/tr:w-1280,ar-568-567,pr-true,f-auto,q-80/cms/product_variant/2a520a17-d191-4e13-878e-511bb003ee6f.jpeg"
Masala & Dry Fruits,Whole Spices & Seasonings,"https://cdn.zeptonow.com/production/tr:w-90,ar-120-121,pr-true,f-auto,q-80/cms/sub_category/44.png",Daily Good Till - Sesame Nylon White,Daily Good,45,70,100 g,4.8 (2.5k),In Stock,https://www.zeptonow.com/pn/daily-good-till-sesame-nylon-white/pvid/52307443-1765-459a-b23d-5fdb64265c92,"https://cdn.zeptonow.com/production/tr:w-1280,ar-1200-1200,pr-true,f-auto,q-80/cms/product_variant/cf9d6720-ebe9-4b92-a6ed-0ad5cf88fe8d.jpeg"
Masala & Dry Fruits,Whole Spices & Seasonings,"https://cdn.zeptonow.com/production/tr:w-90,ar-120-121,pr-true,f-auto,q-80/cms/sub_category/44.png",Popular Essentials Jeera/Cumin Seeds,Popular Essentials,55,80,100 g,4.7 (2.2k),In Stock,https://www.zeptonow.com/pn/popular-essentials-jeeracumin-seeds/pvid/f0247dd0-e49d-4552-aeab-c1894d568aba,"https://cdn.zeptonow.com/production/tr:w-1280,ar-4167-4167,pr-true,f-auto,q-80/cms/product_variant/62d64a97-65f6-4633-8693-fa1cdcf3da45.jpeg"
Masala & Dry Fruits,Whole Spices & Seasonings,"https://cdn.zeptonow.com/production/tr:w-90,ar-120-121,pr-true,f-auto,q-80/cms/sub_category/44.png",Daily Good Kasoori Methi (Fenugreek Leaves / Dried Methi Leaves),Daily Good,22,35,25 g,4.7 (1.7k),In Stock,https://www.zeptonow.com/pn/daily-good-kasoori-methi-fenugreek-leaves-dried-methi-leaves/pvid/6eb1f6b4-a6ab-40a1-973b-2bc34a2f255a,"https://cdn.zeptonow.com/production/tr:w-1280,ar-1200-1200,pr-true,f-auto,q-80/cms/product_variant/722b4826-9f5b-4ea3-8601-d38ddc7524cf.jpg"
Masala & Dry Fruits,Whole Spices & Seasonings,"https://cdn.zeptonow.com/production/tr:w-90,ar-120-121,pr-true,f-auto,q-80/cms/sub_category/44.png",Daily Good Cloves / Lavang / Laung,Daily Good,40,50,20 g,4.8 (3.6k),In Stock,https://www.zeptonow.com/pn/daily-good-cloves-lavang-laung/pvid/55a84c11-e73a-47d9-909c-ca685c33d2ed,"https://cdn.zeptonow.com/production/tr:w-1280,ar-1000-1449,pr-true,f-auto,q-80/cms/product_variant/f4597c7a-aea3-4183-82e7-5270773aa798.jpeg"
Masala & Dry Fruits,Whole Spices & Seasonings,"https://cdn.zeptonow.com/production/tr:w-90,ar-120-121,pr-true,f-auto,q-80/cms/sub_category/44.png",Popular Essentials Saunf/Fennel Seeds,Popular Essentials,75,90,100 g,4.7 (868),In Stock,https://www.zeptonow.com/pn/popular-essentials-saunffennel-seeds/pvid/870056e6-aad4-43e6-8e38-e757dc2b028c,"https://cdn.zeptonow.com/production/tr:w-1280,ar-1200-1200,pr-true,f-auto,q-80/cms/product_variant/58ef6e24-d428-42ba-a1b9-181cc6d2ab28.jpg"
Masala & Dry Fruits,Whole Spices & Seasonings,"https://cdn.zeptonow.com/production/tr:w-90,ar-120-121,pr-true,f-auto,q-80/cms/sub_category/44.png",Keya Italian Seasoning,Keya,117,139,35 g,4.7 (436),In Stock,https://www.zeptonow.com/pn/keya-italian-seasoning/pvid/50b75a6f-6ff8-4230-b190-7f3c48b88bc1,"https://cdn.zeptonow.com/production/tr:w-1280,ar-1021-1021,pr-true,f-auto,q-80/cms/product_variant/826a6a40-ac7c-496c-9553-8b1e70ce791f.jpeg"
Masala & Dry Fruits,Whole Spices & Seasonings,"https://cdn.zeptonow.com/production/tr:w-90,ar-120-121,pr-true,f-auto,q-80/cms/sub_category/44.png",Smart One Saunf,Smart One,70,160,200 g,4.8 (1.3k),In Stock,https://www.zeptonow.com/pn/smart-one-saunf/pvid/7bc3538f-90dd-4f9b-b633-2fb3e2c72e00,"https://cdn.zeptonow.com/production/tr:w-1280,ar-1125-1125,pr-true,f-auto,q-80/cms/product_variant/973e206c-04b1-4a9b-81fe-a3ceeb3b6a10.jpeg"
Masala & Dry Fruits,Whole Spices & Seasonings,"https://cdn.zeptonow.com/production/tr:w-90,ar-120-121,pr-true,f-auto,q-80/cms/sub_category/44.png",Daily Good Kasoori Methi-Fenugreek Leaves-Dried Methi Leaves,Daily Good,44,60,50 g,4.6 (9.0k),In Stock,https://www.zeptonow.com/pn/daily-good-kasoori-methi-fenugreek-leaves-dried-methi-leaves/pvid/87f3c92d-de10-41d0-8616-580f3f5281e1,"https://cdn.zeptonow.com/production/tr:w-1280,ar-1200-1200,pr-true,f-auto,q-80/cms/product_variant/838758b3-f670-41e4-b458-815f346282f0.jpeg"
Masala & Dry Fruits,Whole Spices & Seasonings,"https://cdn.zeptonow.com/production/tr:w-90,ar-120-121,pr-true,f-auto,q-80/cms/sub_category/44.png",Smart One Jeera / Cumin,Smart One,51,65,100 g,4.7 (3.2k),In Stock,https://www.zeptonow.com/pn/smart-one-jeera-cumin/pvid/27c2319a-424a-4759-a5e3-a4a6907fb252,"https://cdn.zeptonow.com/production/tr:w-1280,ar-1125-1125,pr-true,f-auto,q-80/cms/product_variant/72422df3-17d7-4b21-b9ef-ab82cdf51231.jpeg"
Masala & Dry Fruits,Whole Spices & Seasonings,"https://cdn.zeptonow.com/production/tr:w-90,ar-120-121,pr-true,f-auto,q-80/cms/sub_category/44.png",Popular Essentials Guntur Chilli Stemless,Popular Essentials,115,135,200 g,5 (275),In Stock,https://www.zeptonow.com/pn/popular-essentials-guntur-chilli-stemless/pvid/cae3460b-8376-4e67-ae19-0f4ecdb61d88,"https://cdn.zeptonow.com/production/tr:w-1280,ar-3375-3375,pr-true,f-auto,q-80/cms/product_variant/eebe6848-d870-41ac-a608-2a83bebe97e7.jpeg"
Masala & Dry Fruits,Whole Spices & Seasonings,"https://cdn.zeptonow.com/production/tr:w-90,ar-120-121,pr-true,f-auto,q-80/cms/sub_category/44.png",TMI Colman Khus Khus (Poppy Seeds),TMI,243,299,100 g,4.7 (163),In Stock,https://www.zeptonow.com/pn/tmi-colman-khus-khus-poppy-seeds/pvid/8d28a58a-0522-49a4-9911-2c578b0f42cb,"https://cdn.zeptonow.com/production/tr:w-1280,ar-1005-1403,pr-true,f-auto,q-80/cms/product_variant/2e49751b-955c-4e8c-ac0e-76be11bcfa4c8d28a58a-0522-49a4-9911-2c578b0f42cb2023-11-21 08:23:14.307344634 +0000 UTC m=+9664.100174790.jpg"
Masala & Dry Fruits,Whole Spices & Seasonings,"https://cdn.zeptonow.com/production/tr:w-90,ar-120-121,pr-true,f-auto,q-80/cms/sub_category/44.png",TMI Colman Kaali Mirch Black Pepper,TMI,66,80,50 g,4.5 (3.6k),In Stock,https://www.zeptonow.com/pn/tmi-colman-kaali-mirch-black-pepper/pvid/f54e2bf4-38ef-4b7f-a010-4a7f9219660d,"https://cdn.zeptonow.com/production/tr:w-1280,ar-1000-1000,pr-true,f-auto,q-80/cms/product_variant/7a15f005-fa85-4648-b5d0-a4afe08885aa.jpeg"
Masala & Dry Fruits,Whole Spices & Seasonings,"https://cdn.zeptonow.com/production/tr:w-90,ar-120-121,pr-true,f-auto,q-80/cms/sub_category/44.png",Popular Essentials Dhania (Coriander Seeds),Popular Essentials,60,80,200 g,4.8 (1.8k),In Stock,https://www.zeptonow.com/pn/popular-essentials-dhania-coriander-seeds/pvid/f8bf1099-3a16-456f-97f2-58febe8e63b6,"https://cdn.zeptonow.com/production/tr:w-1280,ar-1000-1000,pr-true,f-auto,q-80/cms/product_variant/a3819da7-a36d-474a-a69a-d4391c0b4860.jpeg"
Masala & Dry Fruits,Whole Spices & Seasonings,"https://cdn.zeptonow.com/production/tr:w-90,ar-120-121,pr-true,f-auto,q-80/cms/sub_category/44.png",Nutraj Classic Safed Til (Sesame Seeds Natural),Nutraj,59,100,200 g,4.4 (361),In Stock,https://www.zeptonow.com/pn/nutraj-classic-safed-til-sesame-seeds-natural/pvid/a66e5a78-58d4-4c98-b914-be873ecf5f09,"https://cdn.zeptonow.com/production/tr:w-1280,ar-2000-2000,pr-true,f-auto,q-80/cms/product_variant/bb794140-7371-46cd-b259-401af921f885.jpg"
Masala & Dry Fruits,Whole Spices & Seasonings,"https://cdn.zeptonow.com/production/tr:w-90,ar-120-121,pr-true,f-auto,q-80/cms/sub_category/44.png",TMI Colman Elaichi Cardamom Green,MOM,128,135,25 g,4.6 (5.2k),In Stock,https://www.zeptonow.com/pn/tmi-colman-elaichi-cardamom-green/pvid/f78646fc-d0c6-44e4-ace8-2be57c39ecb0,"https://cdn.zeptonow.com/production/tr:w-1280,ar-1500-1500,pr-true,f-auto,q-80/cms/product_variant/ff715d3d-b8c2-4a9d-b8b3-c0d3d3369cba.jpeg"
Masala & Dry Fruits,Whole Spices & Seasonings,"https://cdn.zeptonow.com/production/tr:w-90,ar-120-121,pr-true,f-auto,q-80/cms/sub_category/44.png",Organic Tattva Organic Cinnamon,Organic Tattva,91,95,50 g,4.7 (1.1k),In Stock,https://www.zeptonow.com/pn/organic-tattva-organic-cinnamon/pvid/b988203f-e670-4ec5-a546-ffe7ec1faac4,"https://cdn.zeptonow.com/production/tr:w-1280,ar-1500-1500,pr-true,f-auto,q-80/cms/product_variant/8e670062-65d5-47d4-9276-260acbd55f06.jpeg"
Masala & Dry Fruits,Whole Spices & Seasonings,"https://cdn.zeptonow.com/production/tr:w-90,ar-120-121,pr-true,f-auto,q-80/cms/sub_category/44.png",Safe Harvest Pesticide-Free Red Chili Long,Safe,59,95,100 g,5 (414),In Stock,https://www.zeptonow.com/pn/safe-harvest-pesticide-free-red-chili-long/pvid/1567e347-8e01-47ca-ab3a-1b52b35d0104,"https://cdn.zeptonow.com/production/tr:w-1280,ar-1000-1000,pr-true,f-auto,q-80/cms/product_variant/98c39e1e-4fab-437a-ae00-46c07a53001e.jpeg"
Masala & Dry Fruits,Whole Spices & Seasonings,"https://cdn.zeptonow.com/production/tr:w-90,ar-120-121,pr-true,f-auto,q-80/cms/sub_category/44.png",Nutraj Classic Jeera (Cumin) - Pouch,Nutraj,45,80,100 g,4.8 (1.3k),In Stock,https://www.zeptonow.com/pn/nutraj-classic-jeera-cumin-pouch/pvid/f628cdaa-5120-44ee-a4f7-6d3e91db08a1,"https://cdn.zeptonow.com/production/tr:w-1280,ar-1500-1500,pr-true,f-auto,q-80/cms/product_variant/bcaafceb-b3a3-48d4-867d-fe0927b977bc.jpg"
Masala & Dry Fruits,Whole Spices & Seasonings,"https://cdn.zeptonow.com/production/tr:w-90,ar-120-121,pr-true,f-auto,q-80/cms/sub_category/44.png",Everest Kasuri Methi,Everest,29,30,25 g,4.8 (3.7k),In Stock,https://www.zeptonow.com/pn/everest-kasuri-methi/pvid/c0ea6ac2-70a4-4dbc-a309-57153392f444,"https://cdn.zeptonow.com/production/tr:w-1280,ar-2400-2400,pr-true,f-auto,q-80/cms/product_variant/2e427986-da52-4325-9802-beb451cfcb8f.jpeg"
Masala & Dry Fruits,Whole Spices & Seasonings,"https://cdn.zeptonow.com/production/tr:w-90,ar-120-121,pr-true,f-auto,q-80/cms/sub_category/44.png",Keya Italian Pizza Oregano,Keya,101,119,75 g,4.8 (4.7k),In Stock,https://www.zeptonow.com/pn/keya-italian-pizza-oregano/pvid/bea736e8-7c9c-4124-87ce-5fabd82432e5,"https://cdn.zeptonow.com/production/tr:w-1280,ar-1000-1000,pr-true,f-auto,q-80/cms/product_variant/a4be2c30-9e2b-4780-9323-e992f137c492.jpeg"
Masala & Dry Fruits,Whole Spices & Seasonings,"https://cdn.zeptonow.com/production/tr:w-90,ar-120-121,pr-true,f-auto,q-80/cms/sub_category/44.png",Jk Cardamom Small,MOM,132,160,25 g,4.5 (440),In Stock,https://www.zeptonow.com/pn/jk-cardamom-small/pvid/82ba3bd8-6367-47bd-901a-8a9df4e6104f,"https://cdn.zeptonow.com/production/tr:w-1280,ar-1021-1021,pr-true,f-auto,q-80/cms/product_variant/6752d64c-303b-403d-9e88-cb88d29723de.jpeg"
Masala & Dry Fruits,Whole Spices & Seasonings,"https://cdn.zeptonow.com/production/tr:w-90,ar-120-121,pr-true,f-auto,q-80/cms/sub_category/44.png",Nutraj Classic Dhania (Coriander Seeds) - Pouch,Nutraj,55,80,200 g,4.8 (609),In Stock,https://www.zeptonow.com/pn/nutraj-classic-dhania-coriander-seeds-pouch/pvid/362c6da3-4f9a-426f-bf3c-fa51887d3d6e,"https://cdn.zeptonow.com/production/tr:w-1280,ar-1500-1500,pr-true,f-auto,q-80/cms/product_variant/5e31aab4-2eb7-4a66-ba40-4a1d9cda0121.jpg"
Masala & Dry Fruits,Whole Spices & Seasonings,"https://cdn.zeptonow.com/production/tr:w-90,ar-120-121,pr-true,f-auto,q-80/cms/sub_category/44.png",Keya Wonder Hot Red Chilli Flakes,Keya,89,99,40 g,4.6 (2.6k),In Stock,https://www.zeptonow.com/pn/keya-wonder-hot-red-chilli-flakes/pvid/6911c919-ff0e-46f0-a6b1-17b7ea495495,"https://cdn.zeptonow.com/production/tr:w-1280,ar-1021-1021,pr-true,f-auto,q-80/cms/product_variant/92ba445a-89d1-4136-adb8-0305c85af6df.jpeg"
Masala & Dry Fruits,Whole Spices & Seasonings,"https://cdn.zeptonow.com/production/tr:w-90,ar-120-121,pr-true,f-auto,q-80/cms/sub_category/44.png",Daily Good Chilli Stemless,Daily Good,31,50,50 g,4.6 (1.8k),In Stock,https://www.zeptonow.com/pn/daily-good-chilli-stemless/pvid/53d8879d-4b17-4963-accc-e53f5d4eb7d8,"https://cdn.zeptonow.com/production/tr:w-1280,ar-1979-1979,pr-true,f-auto,q-80/cms/product_variant/04ae4371-e12e-44c7-bbd9-77af1de2c565.jpeg"
Masala & Dry Fruits,Whole Spices & Seasonings,"https://cdn.zeptonow.com/production/tr:w-90,ar-120-121,pr-true,f-auto,q-80/cms/sub_category/44.png",Badshah Kasuri Methi,Badshah,68,102,100 g,4.7 (299),In Stock,https://www.zeptonow.com/pn/badshah-kasuri-methi/pvid/865bd892-bb22-40c3-9e83-216e6dd0471d,"https://cdn.zeptonow.com/production/tr:w-1280,ar-2000-2000,pr-true,f-auto,q-80/cms/product_variant/0553a4d2-c50f-49af-85e6-63395b87e2fc.jpeg"
Masala & Dry Fruits,Whole Spices & Seasonings,"https://cdn.zeptonow.com/production/tr:w-90,ar-120-121,pr-true,f-auto,q-80/cms/sub_category/44.png",Snapin Oregano Pizza Seasoning Sachet Pouch,Snapin,50,60,1 pack (10 pcs),4.8 (12.7k),In Stock,https://www.zeptonow.com/pn/snapin-oregano-pizza-seasoning-sachet-pouch/pvid/02d15023-d32e-46a2-9eb9-310534560da8,"https://cdn.zeptonow.com/production/tr:w-1280,ar-1063-1063,pr-true,f-auto,q-80/cms/product_variant/8b807e23-0113-4167-8e1f-43ab94afd2d0.jpeg"
Masala & Dry Fruits,Whole Spices & Seasonings,"https://cdn.zeptonow.com/production/tr:w-90,ar-120-121,pr-true,f-auto,q-80/cms/sub_category/44.png",Jk Poppy Seed(Posta),Jk,245,260,100 g,4.9 (1.2k),In Stock,https://www.zeptonow.com/pn/jk-poppy-seedposta/pvid/dd44dd25-0f82-42a4-8283-49bddccb9db3,"https://cdn.zeptonow.com/production/tr:w-1280,ar-1021-1021,pr-true,f-auto,q-80/cms/product_variant/7e5967d3-0a0c-4cbb-bdad-41b9b0641e5e.jpeg"
Masala & Dry Fruits,Whole Spices & Seasonings,"https://cdn.zeptonow.com/production/tr:w-90,ar-120-121,pr-true,f-auto,q-80/cms/sub_category/44.png",On1y Carom Seeds ( Ajwain ),On1y,61,79,100 g,4.8 (778),In Stock,https://www.zeptonow.com/pn/on1y-carom-seeds-ajwain/pvid/16430a31-b357-49dc-916f-75f643e09347,"https://cdn.zeptonow.com/production/tr:w-1280,ar-2400-2400,pr-true,f-auto,q-80/cms/product_variant/a573b3d2-9670-4357-8309-7d48f7cdc20b.jpeg"
Masala & Dry Fruits,Whole Spices & Seasonings,"https://cdn.zeptonow.com/production/tr:w-90,ar-120-121,pr-true,f-auto,q-80/cms/sub_category/44.png",Daily Good Kalonji (Nigella Seeds),Daily Good,55,60,100 g,4.6 (4.6k),In Stock,https://www.zeptonow.com/pn/daily-good-kalonji-nigella-seeds/pvid/9d113143-0eee-4cbc-b9ef-4c48811a14df,"https://cdn.zeptonow.com/production/tr:w-1280,ar-1200-1200,pr-true,f-auto,q-80/cms/product_variant/b7fd1681-f2b3-483b-b8e8-01c1c6853138.jpeg"
Masala & Dry Fruits,Whole Spices & Seasonings,"https://cdn.zeptonow.com/production/tr:w-90,ar-120-121,pr-true,f-auto,q-80/cms/sub_category/44.png",Double Horse Indian Tamarind,Double Horse,75,80,200 g,4.2 (949),In Stock,https://www.zeptonow.com/pn/double-horse-indian-tamarind/pvid/2ef2cd68-8cc3-4fdb-8b51-9c0e7fb85b54,"https://cdn.zeptonow.com/production/tr:w-1280,ar-1500-1500,pr-true,f-auto,q-80/cms/product_variant/3ea22835-5608-4a9b-9609-cb3131710eb6.jpeg"
Masala & Dry Fruits,Whole Spices & Seasonings,"https://cdn.zeptonow.com/production/tr:w-90,ar-120-121,pr-true,f-auto,q-80/cms/sub_category/44.png",Smart One Cardamom Green,MOM,187,265,50 g,4.2 (1.0k),In Stock,https://www.zeptonow.com/pn/smart-one-cardamom-green/pvid/417c7c41-fab1-4147-828e-462003281344,"https://cdn.zeptonow.com/production/tr:w-1280,ar-4596-4596,pr-true,f-auto,q-80/cms/product_variant/cf378d68-1cdd-4218-853d-3933ca63d4ff.jpeg"
Masala & Dry Fruits,Whole Spices & Seasonings,"https://cdn.zeptonow.com/production/tr:w-90,ar-120-121,pr-true,f-auto,q-80/cms/sub_category/44.png",Popular Essentials Mustard Seeds Rai Small,Popular Essentials,24,28,100 g,4.8 (5.0k),In Stock,https://www.zeptonow.com/pn/popular-essentials-mustard-seeds-rai-small/pvid/d564ba77-dee0-4be5-93e3-d6b1cc4d686e,"https://cdn.zeptonow.com/production/tr:w-1280,ar-4167-4168,pr-true,f-auto,q-80/cms/product_variant/5142eb80-7ac5-4692-bcd0-fe96dc1528d1.jpeg"
Masala & Dry Fruits,Whole Spices & Seasonings,"https://cdn.zeptonow.com/production/tr:w-90,ar-120-121,pr-true,f-auto,q-80/cms/sub_category/44.png",Safe Harvest Pesticide - Free Fenugreek Seeds (Methi),Safe,49,75,200 g,4.5 (234),In Stock,https://www.zeptonow.com/pn/safe-harvest-pesticide-free-fenugreek-seeds-methi/pvid/45f5cb2e-995f-47fc-916b-6f3d329dad97,"https://cdn.zeptonow.com/production/tr:w-1280,ar-1859-2641,pr-true,f-auto,q-80/cms/product_variant/92235182-cb3f-4ec9-9c6a-b340f6d8c0c2.jpg"
Masala & Dry Fruits,Whole Spices & Seasonings,"https://cdn.zeptonow.com/production/tr:w-90,ar-120-121,pr-true,f-auto,q-80/cms/sub_category/44.png",Organic Tattva Cumin Whole,Organic Tattva,169,180,100 g,4.9 (292),In Stock,https://www.zeptonow.com/pn/organic-tattva-cumin-whole/pvid/463829d2-3f2e-4a72-8c3c-f53ba486f494,"https://cdn.zeptonow.com/production/tr:w-1280,ar-1500-1500,pr-true,f-auto,q-80/cms/product_variant/25efc0fb-a6dc-4a78-a60c-46a420cf70a5.jpeg"
Masala & Dry Fruits,Whole Spices & Seasonings,"https://cdn.zeptonow.com/production/tr:w-90,ar-120-121,pr-true,f-auto,q-80/cms/sub_category/44.png",On1y Onion Powder,On1y,75,99,50 g,4.6 (317),In Stock,https://www.zeptonow.com/pn/on1y-onion-powder/pvid/ea528bd4-c454-4c6a-b538-5d55dce45130,"https://cdn.zeptonow.com/production/tr:w-1280,ar-3600-5400,pr-true,f-auto,q-80/cms/product_variant/c1724e0a-0868-4c3c-99c3-96c632d1a85b.jpeg"
Masala & Dry Fruits,Whole Spices & Seasonings,"https://cdn.zeptonow.com/production/tr:w-90,ar-120-121,pr-true,f-auto,q-80/cms/sub_category/44.png",Keya Classic All Purpose Seasoning,Keya,109,139,60 g,4.8 (85),In Stock,https://www.zeptonow.com/pn/keya-classic-all-purpose-seasoning/pvid/0045ec52-0f21-443c-90ea-72ae8b2fb5ae,"https://cdn.zeptonow.com/production/tr:w-1280,ar-1000-1000,pr-true,f-auto,q-80/cms/product_variant/4f339de2-0f94-4c3a-8744-a85fdcb0d1cc.jpg"
Masala & Dry Fruits,Whole Spices & Seasonings,"https://cdn.zeptonow.com/production/tr:w-90,ar-120-121,pr-true,f-auto,q-80/cms/sub_category/44.png",Popular Essentials Fenugreek/Methi Seeds,Popular Essentials,41,55,200 g,4.9 (272),In Stock,https://www.zeptonow.com/pn/popular-essentials-fenugreekmethi-seeds/pvid/673ed315-8ec7-4ba7-988c-b0ae6efe8ae5,"https://cdn.zeptonow.com/production/tr:w-1280,ar-618-885,pr-true,f-auto,q-80/cms/product_variant/110943e9-1643-4059-99d3-84aa76d616dc.jpeg"
Masala & Dry Fruits,Whole Spices & Seasonings,"https://cdn.zeptonow.com/production/tr:w-90,ar-120-121,pr-true,f-auto,q-80/cms/sub_category/44.png",Popular Essentials Black Cardamom/Elaichi,MOM,243,250,50 g,4.6 (128),In Stock,https://www.zeptonow.com/pn/popular-essentials-black-cardamomelaichi/pvid/19926144-70e3-410e-a732-060ad19d9307,"https://cdn.zeptonow.com/production/tr:w-1280,ar-2400-2400,pr-true,f-auto,q-80/cms/product_variant/4ae4da5b-e974-4e87-bb29-e29378f9afa4.jpg"
Masala & Dry Fruits,Whole Spices & Seasonings,"https://cdn.zeptonow.com/production/tr:w-90,ar-120-121,pr-true,f-auto,q-80/cms/sub_category/44.png",Snapin Mixed Herbs,Snapin,102,109,20 g,4.6 (925),In Stock,https://www.zeptonow.com/pn/snapin-mixed-herbs/pvid/333f473e-7ab8-43ed-a586-4592806e9164,"https://cdn.zeptonow.com/production/tr:w-1280,ar-1299-1299,pr-true,f-auto,q-80/cms/product_variant/1d950196-89da-4bc2-8113-06f5de7efd66.jpeg"
Masala & Dry Fruits,Whole Spices & Seasonings,"https://cdn.zeptonow.com/production/tr:w-90,ar-120-121,pr-true,f-auto,q-80/cms/sub_category/44.png",Popular Essentials Cinnamon Whole (Dalchini),Popular Essentials,34,35,25 g,4.6 (2.3k),In Stock,https://www.zeptonow.com/pn/popular-essentials-cinnamon-whole-dalchini/pvid/70b6574c-77b3-4715-a370-8bba207c0f4a,"https://cdn.zeptonow.com/production/tr:w-1280,ar-2400-2400,pr-true,f-auto,q-80/cms/product_variant/6f634117-5eab-4f55-8c92-c3f59ea3a1cb.jpeg"
Masala & Dry Fruits,Whole Spices & Seasonings,"https://cdn.zeptonow.com/production/tr:w-90,ar-120-121,pr-true,f-auto,q-80/cms/sub_category/44.png",Popular Essentials Tamarind Seedless,Popular Essentials,75,80,200 g,4.2 (335),In Stock,https://www.zeptonow.com/pn/popular-essentials-tamarind-seedless/pvid/b6237f78-b238-47e9-9a92-9ab78ff475be,"https://cdn.zeptonow.com/production/tr:w-1280,ar-4167-4167,pr-true,f-auto,q-80/cms/product_variant/527a1215-29ae-4384-93fa-3e400f74b126.jpg"
Masala & Dry Fruits,Whole Spices & Seasonings,"https://cdn.zeptonow.com/production/tr:w-90,ar-120-121,pr-true,f-auto,q-80/cms/sub_category/44.png",On1y Pasta Seasoning,On1y,75,99,30 g,4.6 (713),In Stock,https://www.zeptonow.com/pn/on1y-pasta-seasoning/pvid/6eb1332d-7076-435b-959b-18f8a0e2835a,"https://cdn.zeptonow.com/production/tr:w-1280,ar-2400-2400,pr-true,f-auto,q-80/cms/product_variant/4dd1851d-3e9f-4d1b-a56d-9f00755f2712.jpeg"
Masala & Dry Fruits,Whole Spices & Seasonings,"https://cdn.zeptonow.com/production/tr:w-90,ar-120-121,pr-true,f-auto,q-80/cms/sub_category/44.png",Eastern Tamarind,Eastern,70,70,200 g,4.4 (642),In Stock,https://www.zeptonow.com/pn/eastern-tamarind/pvid/95b27938-7c18-439d-9528-dbbe4848414f,"https://cdn.zeptonow.com/production/tr:w-1280,ar-1025-1500,pr-true,f-auto,q-80/inventory/product/99df0cb9-9683-4db9-b5a8-285245dd576b-91210267.jpeg"
Masala & Dry Fruits,Whole Spices & Seasonings,"https://cdn.zeptonow.com/production/tr:w-90,ar-120-121,pr-true,f-auto,q-80/cms/sub_category/44.png",Keya Italian Pizza Chilli,Keya,93,119,70 g,4.7 (474),In Stock,https://www.zeptonow.com/pn/keya-italian-pizza-chilli/pvid/e0f6782e-9b68-443a-8b96-77b6296416c7,"https://cdn.zeptonow.com/production/tr:w-1280,ar-2000-2000,pr-true,f-auto,q-80/cms/product_variant/e1749791-4594-4de0-8b50-1d3d66cc8856.jpeg"
Masala & Dry Fruits,Whole Spices & Seasonings,"https://cdn.zeptonow.com/production/tr:w-90,ar-120-121,pr-true,f-auto,q-80/cms/sub_category/44.png",Natureland - Organic Bay Leaf,Natureland,46,55,50 g,4 (148),In Stock,https://www.zeptonow.com/pn/natureland-organic-bay-leaf/pvid/b6505bbe-388b-4da5-90a4-e2f8450779aa,"https://cdn.zeptonow.com/production/tr:w-1280,ar-2300-2958,pr-true,f-auto,q-80/cms/product_variant/9382daba-4080-46f0-aaab-4e947476fbe7.jpg"
Masala & Dry Fruits,Whole Spices & Seasonings,"https://cdn.zeptonow.com/production/tr:w-90,ar-120-121,pr-true,f-auto,q-80/cms/sub_category/44.png",On1y Chilli Flakes,On1y,73,99,34 g,4.8 (1.0k),In Stock,https://www.zeptonow.com/pn/on1y-chilli-flakes/pvid/0a34efa7-55ae-49f3-bcac-7a1122a6b241,"https://cdn.zeptonow.com/production/tr:w-1280,ar-2400-2400,pr-true,f-auto,q-80/cms/product_variant/df6b5121-fe10-45e6-84d9-3d10f1baa578.jpeg"
Masala & Dry Fruits,Whole Spices & Seasonings,"https://cdn.zeptonow.com/production/tr:w-90,ar-120-121,pr-true,f-auto,q-80/cms/sub_category/44.png",Nutraj Classic Badi Saunf (Fennel Seeds) - Pouch,Nutraj,45,75,100 g,4.4 (648),In Stock,https://www.zeptonow.com/pn/nutraj-classic-badi-saunf-fennel-seeds-pouch/pvid/71d9e830-1492-46a5-9604-36df727917f5,"https://cdn.zeptonow.com/production/tr:w-1280,ar-2000-2000,pr-true,f-auto,q-80/cms/product_variant/5302f725-a32d-46cb-8b09-28e88e403b4b.jpg"
Masala & Dry Fruits,Whole Spices & Seasonings,"https://cdn.zeptonow.com/production/tr:w-90,ar-120-121,pr-true,f-auto,q-80/cms/sub_category/44.png",Pizza Oregano Spice Mix Multipack,Pizza,41,60,40 g,4.8 (4.5k),In Stock,https://www.zeptonow.com/pn/pizza-oregano-spice-mix-multipack/pvid/68523b8e-92b6-4daf-8d37-94cadacae1d8,"https://cdn.zeptonow.com/production/tr:w-1280,ar-1000-1000,pr-true,f-auto,q-80/cms/product_variant/69a134f0-41c1-416d-995f-7e114fdebf96.jpg"
Masala & Dry Fruits,Whole Spices & Seasonings,"https://cdn.zeptonow.com/production/tr:w-90,ar-120-121,pr-true,f-auto,q-80/cms/sub_category/44.png",Safe Harvest Pesticide- Free Bay Leaf,Safe,27,35,30 g,4 (109),In Stock,https://www.zeptonow.com/pn/safe-harvest-pesticide-free-bay-leaf/pvid/9d26f1ca-f546-4529-a695-45631b9accbf,"https://cdn.zeptonow.com/production/tr:w-1280,ar-1859-2641,pr-true,f-auto,q-80/cms/product_variant/5f801265-8160-45b4-a919-61bacafb9e03.jpg"
Masala & Dry Fruits,Whole Spices & Seasonings,"https://cdn.zeptonow.com/production/tr:w-90,ar-120-121,pr-true,f-auto,q-80/cms/sub_category/44.png",Daily Good Ajwain Whole,Daily Good,35,70,100 g,4.6 (7.8k),In Stock,https://www.zeptonow.com/pn/daily-good-ajwain-whole/pvid/d427fd4b-90f9-4813-9dc0-2b2b12e37a14,"https://cdn.zeptonow.com/production/tr:w-1280,ar-1200-1200,pr-true,f-auto,q-80/cms/product_variant/aae72f42-72f3-4690-98b0-59e91f1b1851.jpeg"
Masala & Dry Fruits,Whole Spices & Seasonings,"https://cdn.zeptonow.com/production/tr:w-90,ar-120-121,pr-true,f-auto,q-80/cms/sub_category/44.png",On1y Sesame Seeds,On1y,58,70,100 g,4.8 (1.8k),In Stock,https://www.zeptonow.com/pn/on1y-sesame-seeds/pvid/87e93292-2751-4894-95ac-81938abbc36a,"https://cdn.zeptonow.com/production/tr:w-1280,ar-2400-2400,pr-true,f-auto,q-80/cms/product_variant/b60c9ff4-aadb-4057-b762-6f93971b2d94.jpeg"
Masala & Dry Fruits,Whole Spices & Seasonings,"https://cdn.zeptonow.com/production/tr:w-90,ar-120-121,pr-true,f-auto,q-80/cms/sub_category/44.png",On1y Parsley Herbs,On1y,82,109,9 g,4.8 (264),In Stock,https://www.zeptonow.com/pn/on1y-parsley-herbs/pvid/5460bf3c-4dc7-407b-a7b2-695ce602580c,"https://cdn.zeptonow.com/production/tr:w-1280,ar-747-748,pr-true,f-auto,q-80/cms/product_variant/7b4f4ce0-97d2-4f6a-b688-ddefd19c67f6.jpeg"
Masala & Dry Fruits,Whole Spices & Seasonings,"https://cdn.zeptonow.com/production/tr:w-90,ar-120-121,pr-true,f-auto,q-80/cms/sub_category/44.png",Safe Harvest Pesticide-Free Mustard,Safe,36,45,100 g,4.7 (428),In Stock,https://www.zeptonow.com/pn/safe-harvest-pesticide-free-mustard/pvid/087ed418-3c1a-46d2-b8a9-e317d4aab158,"https://cdn.zeptonow.com/production/tr:w-1280,ar-1000-1000,pr-true,f-auto,q-80/cms/product_variant/c7eb648c-3163-4e3d-ad7e-1e58a15ed24a.jpeg"
Masala & Dry Fruits,Whole Spices & Seasonings,"https://cdn.zeptonow.com/production/tr:w-90,ar-120-121,pr-true,f-auto,q-80/cms/sub_category/44.png",Popular Essentials Dessicated Coconut,Popular Essentials,113,115,200 g,4.1 (1.0k),In Stock,https://www.zeptonow.com/pn/popular-essentials-dessicated-coconut/pvid/ce69f98d-ba1f-4034-8d1d-d4a88c34143c,"https://cdn.zeptonow.com/production/tr:w-1280,ar-1000-1000,pr-true,f-auto,q-80/cms/product_variant/9d9983c9-ff96-4854-9848-d64b2234645d.jpeg"
Masala & Dry Fruits,Whole Spices & Seasonings,"https://cdn.zeptonow.com/production/tr:w-90,ar-120-121,pr-true,f-auto,q-80/cms/sub_category/44.png",On1y Coriander Whole ( Dhania ),On1y,42,59,100 g,4.9 (506),In Stock,https://www.zeptonow.com/pn/on1y-coriander-whole-dhania/pvid/c7431f97-8615-448a-8c3e-10a6b41aa962,"https://cdn.zeptonow.com/production/tr:w-1280,ar-2400-2400,pr-true,f-auto,q-80/cms/product_variant/60775551-ce3b-46d5-bb19-29c9dbb3ebef.jpeg"
Masala & Dry Fruits,Whole Spices & Seasonings,"https://cdn.zeptonow.com/production/tr:w-90,ar-120-121,pr-true,f-auto,q-80/cms/sub_category/44.png","On1y Whole Cumin Seeds, Sabut Jeera Spices",On1y,72,99,100 g,4.7 (1.4k),In Stock,https://www.zeptonow.com/pn/on1y-whole-cumin-seeds-sabut-jeera-spices/pvid/476a60f3-a357-4e73-887a-a3e36bfd039c,"https://cdn.zeptonow.com/production/tr:w-1280,ar-2400-2400,pr-true,f-auto,q-80/cms/product_variant/281240a5-1bb5-45a4-8ca1-f6a7fcc29ea2.jpeg"
Masala & Dry Fruits,Whole Spices & Seasonings,"https://cdn.zeptonow.com/production/tr:w-90,ar-120-121,pr-true,f-auto,q-80/cms/sub_category/44.png",Smart One Cardamom Black,MOM,131,185,50 g,4.3 (297),In Stock,https://www.zeptonow.com/pn/smart-one-cardamom-black/pvid/1600d7a0-30ef-4e2f-b00c-ae1be56820f8,"https://cdn.zeptonow.com/production/tr:w-1280,ar-1000-1000,pr-true,f-auto,q-80/cms/product_variant/3d391374-1b8a-4ab6-b1dd-7266950641fa.jpeg"
Masala & Dry Fruits,Whole Spices & Seasonings,"https://cdn.zeptonow.com/production/tr:w-90,ar-120-121,pr-true,f-auto,q-80/cms/sub_category/44.png",Natureland Fennel Organic Saunf Seeds,Natureland,73,95,100 g,4.5 (185),In Stock,https://www.zeptonow.com/pn/natureland-fennel-organic-saunf-seeds/pvid/e85f037e-0ef9-459f-ac00-4021bebe28ab,"https://cdn.zeptonow.com/production/tr:w-1280,ar-1000-1000,pr-true,f-auto,q-80/cms/product_variant/ca63e229-62a6-41ce-8a6b-89c6caa5b080.jpg"
Masala & Dry Fruits,Whole Spices & Seasonings,"https://cdn.zeptonow.com/production/tr:w-90,ar-120-121,pr-true,f-auto,q-80/cms/sub_category/44.png",Natureland Organics Kasuri Methi,Natureland,53,60,50 g,3.9 (243),In Stock,https://www.zeptonow.com/pn/natureland-organics-kasuri-methi/pvid/c1907ca6-349e-4f31-8889-b09a7a370863,"https://cdn.zeptonow.com/production/tr:w-1280,ar-2000-2000,pr-true,f-auto,q-80/cms/product_variant/53693adc-a852-4b7a-a299-6cf831e88340.jpg"
Masala & Dry Fruits,"Salt, Sugar & Jaggery","https://cdn.zeptonow.com/production/tr:w-90,ar-120-121,pr-true,f-auto,q-80/cms/sub_category/46.png",Organic India Jaggery Powder,Organic,99,110,500 g,4.6 (2.8k),In Stock,https://www.zeptonow.com/pn/organic-india-jaggery-powder/pvid/205e77c5-774b-40a8-9af1-543100cc7290,"https://cdn.zeptonow.com/production/tr:w-1280,ar-1200-1200,pr-true,f-auto,q-80/cms/product_variant/8b7467ae-8639-4bd8-8ce8-a73e29f18ceb.jpeg"
Masala & Dry Fruits,"Salt, Sugar & Jaggery","https://cdn.zeptonow.com/production/tr:w-90,ar-120-121,pr-true,f-auto,q-80/cms/sub_category/46.png",Conscious Food Sugarcane Jaggery Natural,Conscious,159,199,925 g,4.7 (179),In Stock,https://www.zeptonow.com/pn/conscious-food-sugarcane-jaggery-natural/pvid/e6759037-0cb2-40a5-9dc4-9d9e72166e91,"https://cdn.zeptonow.com/production/tr:w-1280,ar-1080-1080,pr-true,f-auto,q-80/cms/product_variant/a04fb1f7-36b4-4cbc-8654-97d2bd020e84.jpeg"
Masala & Dry Fruits,"Salt, Sugar & Jaggery","https://cdn.zeptonow.com/production/tr:w-90,ar-120-121,pr-true,f-auto,q-80/cms/sub_category/46.png",Conscious Food Unrefined Organic Raw Sugar,Conscious,89,99,500 g,4.6 (491),In Stock,https://www.zeptonow.com/pn/conscious-food-unrefined-organic-raw-sugar/pvid/bdf776b4-2dab-415d-9bd6-082b7d0076e6,"https://cdn.zeptonow.com/production/tr:w-1280,ar-1080-1080,pr-true,f-auto,q-80/cms/product_variant/e6c9b21b-238d-4938-92f8-87ea022b9ce2.jpeg"
Masala & Dry Fruits,"Salt, Sugar & Jaggery","https://cdn.zeptonow.com/production/tr:w-90,ar-120-121,pr-true,f-auto,q-80/cms/sub_category/46.png",Parrys White Label Sugar,Parrys,250,330,5 kg,4.8 (60.7k),In Stock,https://www.zeptonow.com/pn/parrys-white-label-sugar/pvid/cafcd259-9eea-4ed1-b6bb-ef1596326d93,"https://cdn.zeptonow.com/production/tr:w-1280,ar-2400-2400,pr-true,f-auto,q-80/cms/product_variant/65faf224-4419-4cbb-954a-61a74ddf00a2.jpeg"
Masala & Dry Fruits,"Salt, Sugar & Jaggery","https://cdn.zeptonow.com/production/tr:w-90,ar-120-121,pr-true,f-auto,q-80/cms/sub_category/46.png",Parry's Jaggery Powder,Parry's,50,55,500 g,4.7 (20.4k),In Stock,https://www.zeptonow.com/pn/parrys-jaggery-powder/pvid/ba0053cc-0566-445c-a582-c2498245c962,"https://cdn.zeptonow.com/production/tr:w-1280,ar-1200-1200,pr-true,f-auto,q-80/cms/product_variant/dd4bd49e-414e-4549-8c5c-f30878723724.jpeg"
Masala & Dry Fruits,"Salt, Sugar & Jaggery","https://cdn.zeptonow.com/production/tr:w-90,ar-120-121,pr-true,f-auto,q-80/cms/sub_category/46.png",Parrys White Label Sugar,Parrys,51,65,1 kg,4.8 (99.6k),In Stock,https://www.zeptonow.com/pn/parrys-white-label-sugar/pvid/07bbeb5e-e670-4c4e-b282-4f51c1e9f4cb,"https://cdn.zeptonow.com/production/tr:w-1280,ar-1200-1200,pr-true,f-auto,q-80/cms/product_variant/93b3a1c7-d6c6-47f4-8b71-6a2cc3a43c94.jpeg"
Masala & Dry Fruits,"Salt, Sugar & Jaggery","https://cdn.zeptonow.com/production/tr:w-90,ar-120-121,pr-true,f-auto,q-80/cms/sub_category/46.png",Aadisha Jageery Bites,Aadisha,138,140,500 g,4.8 (655),In Stock,https://www.zeptonow.com/pn/aadisha-jageery-bites/pvid/d466086c-103e-4e12-8458-7e3712608c8f,"https://cdn.zeptonow.com/production/tr:w-1280,ar-136-197,pr-true,f-auto,q-80/cms/product_variant/264ac781-5367-4b29-93ba-a159038e98b7.jpg"
Masala & Dry Fruits,"Salt, Sugar & Jaggery","https://cdn.zeptonow.com/production/tr:w-90,ar-120-121,pr-true,f-auto,q-80/cms/sub_category/46.png",Parrys Amrit Brown Sugar,Parrys,53,60,500 g,4.8 (6.1k),In Stock,https://www.zeptonow.com/pn/parrys-amrit-brown-sugar/pvid/4b99fb29-0e0f-4f18-bcdf-6661648a7fda,"https://cdn.zeptonow.com/production/tr:w-1280,ar-1200-1200,pr-true,f-auto,q-80/cms/product_variant/90d14a04-d444-457f-8fa7-c6c562633b33.jpeg"
Masala & Dry Fruits,"Salt, Sugar & Jaggery","https://cdn.zeptonow.com/production/tr:w-90,ar-120-121,pr-true,f-auto,q-80/cms/sub_category/46.png",Parrys Pure Refined Sugar,Parrys,61,70,1 kg,4.7 (2.2k),In Stock,https://www.zeptonow.com/pn/parrys-pure-refined-sugar/pvid/995a854b-e433-4dd0-932a-8288bea30801,"https://cdn.zeptonow.com/production/tr:w-1280,ar-1200-1200,pr-true,f-auto,q-80/cms/product_variant/3a9495ea-b92b-44c9-a8a3-7c76dc870bd0.jpeg"
Masala & Dry Fruits,"Salt, Sugar & Jaggery","https://cdn.zeptonow.com/production/tr:w-90,ar-120-121,pr-true,f-auto,q-80/cms/sub_category/46.png",Sugarfree Green 100% Natural Made From Stevia,Sugarfree,259,275,200 g,4.7 (1.4k),In Stock,https://www.zeptonow.com/pn/sugarfree-green-100-natural-made-from-stevia/pvid/1b5013a7-4a55-4df0-9c6a-4e2d17874248,"https://cdn.zeptonow.com/production/tr:w-1280,ar-2000-2000,pr-true,f-auto,q-80/cms/product_variant/3f8b80da-8837-4e1a-8f37-6209c8cb3ed5.jpeg"
Masala & Dry Fruits,"Salt, Sugar & Jaggery","https://cdn.zeptonow.com/production/tr:w-90,ar-120-121,pr-true,f-auto,q-80/cms/sub_category/46.png",Forgreen Natural Palm Jaggery Powder,Forgreen,235,249,250 g,4.1 (122),In Stock,https://www.zeptonow.com/pn/forgreen-natural-palm-jaggery-powder/pvid/a90ff556-98ad-4598-9343-f1260f75e35d,"https://cdn.zeptonow.com/production/tr:w-1280,ar-585-778,pr-true,f-auto,q-80/cms/product_variant/ebdef996-76dc-45bd-b35b-5a040e3ee5dd.jpg"
Masala & Dry Fruits,"Salt, Sugar & Jaggery","https://cdn.zeptonow.com/production/tr:w-90,ar-120-121,pr-true,f-auto,q-80/cms/sub_category/46.png",Daily Good Jaggery / Gur / Gud,Daily Good,85,170,1 kg,4.5 (2.0k),In Stock,https://www.zeptonow.com/pn/daily-good-jaggery-gur-gud/pvid/ad74eb5d-c63d-4b3a-92cd-fbbcdf609ac6,"https://cdn.zeptonow.com/production/tr:w-1280,ar-1200-1200,pr-true,f-auto,q-80/cms/product_variant/9f3ee098-2391-4504-a873-f7670b2ff946.jpg"
Masala & Dry Fruits,"Salt, Sugar & Jaggery","https://cdn.zeptonow.com/production/tr:w-90,ar-120-121,pr-true,f-auto,q-80/cms/sub_category/46.png",Popular Essentials Pure Jaggery,Popular Essentials,65,70,450 g,4.7 (1.5k),In Stock,https://www.zeptonow.com/pn/popular-essentials-pure-jaggery/pvid/8b9057d8-9fe8-4396-a953-2461b2288251,"https://cdn.zeptonow.com/production/tr:w-1280,ar-1200-1200,pr-true,f-auto,q-80/cms/product_variant/6a15842a-9684-4a74-ab51-64597cb0de48.jpeg"
Masala & Dry Fruits,"Salt, Sugar & Jaggery","https://cdn.zeptonow.com/production/tr:w-90,ar-120-121,pr-true,f-auto,q-80/cms/sub_category/46.png",Daily Good Jaggery - Gur - Gud,Daily Good,43,90,500 g,4.4 (7.6k),In Stock,https://www.zeptonow.com/pn/daily-good-jaggery-gur-gud/pvid/bbe1ebd8-41ba-4150-b15b-3885a814b261,"https://cdn.zeptonow.com/production/tr:w-1280,ar-1200-1200,pr-true,f-auto,q-80/cms/product_variant/b770dd91-6035-4fec-8507-a0b85a3ebd63.jpg"
Masala & Dry Fruits,"Salt, Sugar & Jaggery","https://cdn.zeptonow.com/production/tr:w-90,ar-120-121,pr-true,f-auto,q-80/cms/sub_category/46.png",Sugarfree Natura Low Calorie Sweetener,Sugarfree,162,165,100 g,4.6 (1.5k),In Stock,https://www.zeptonow.com/pn/sugarfree-natura-low-calorie-sweetener/pvid/38c5d9b3-0ab3-43ab-8012-8ffefc5cdeed,"https://cdn.zeptonow.com/production/tr:w-1280,ar-1200-1200,pr-true,f-auto,q-80/cms/product_variant/9f4352ee-e594-45b7-a7a9-3afd22d57e7a.jpeg"
Masala & Dry Fruits,"Salt, Sugar & Jaggery","https://cdn.zeptonow.com/production/tr:w-90,ar-120-121,pr-true,f-auto,q-80/cms/sub_category/46.png",Safe Harvest Pesticide - Free Jaggery Powder,Safe,79,88,500 g,4.6 (2.6k),In Stock,https://www.zeptonow.com/pn/safe-harvest-pesticide-free-jaggery-powder/pvid/38ae02ba-78b1-4339-b444-1b9e8ce54f17,"https://cdn.zeptonow.com/production/tr:w-1280,ar-2400-2400,pr-true,f-auto,q-80/cms/product_variant/375959dd-c7d7-4ffe-8454-d04cf4685ef8.jpg"
Masala & Dry Fruits,"Salt, Sugar & Jaggery","https://cdn.zeptonow.com/production/tr:w-90,ar-120-121,pr-true,f-auto,q-80/cms/sub_category/46.png",Parry's Gold Premium Brown Sugar,Parry's,46,50,500 g,4.5 (6.8k),In Stock,https://www.zeptonow.com/pn/parrys-gold-premium-brown-sugar/pvid/b5dc5537-7e02-4ad0-b5d4-3fee6b411df8,"https://cdn.zeptonow.com/production/tr:w-1280,ar-1200-1200,pr-true,f-auto,q-80/cms/product_variant/d4a2aafa-ed6e-424c-84a6-ca0f77e2e124.jpeg"
Masala & Dry Fruits,"Salt, Sugar & Jaggery","https://cdn.zeptonow.com/production/tr:w-90,ar-120-121,pr-true,f-auto,q-80/cms/sub_category/46.png",Sugarfree Gold+ Low Calorie Sweetener,Sugarfree,164,165,100 g,4.8 (2.6k),In Stock,https://www.zeptonow.com/pn/sugarfree-gold-low-calorie-sweetener/pvid/fa8ad377-90fa-4418-b4fa-33cd098ef660,"https://cdn.zeptonow.com/production/tr:w-1280,ar-1500-1500,pr-true,f-auto,q-80/cms/product_variant/be1b5361-c5e8-4a7d-b5a1-7aafbd40f65b.jpeg"
Masala & Dry Fruits,"Salt, Sugar & Jaggery","https://cdn.zeptonow.com/production/tr:w-90,ar-120-121,pr-true,f-auto,q-80/cms/sub_category/46.png",Sugarfree Natura Low Calorie Sweetener,Sugarfree,299,320,42.4 g,4.8 (652),In Stock,https://www.zeptonow.com/pn/sugarfree-natura-low-calorie-sweetener/pvid/f20b7628-fb7e-4472-87f4-04574061d544,"https://cdn.zeptonow.com/production/tr:w-1280,ar-1200-1200,pr-true,f-auto,q-80/cms/product_variant/b7c1c549-4dfb-4ca6-bee6-5e52ffd63fdd.jpeg"
Masala & Dry Fruits,"Salt, Sugar & Jaggery","https://cdn.zeptonow.com/production/tr:w-90,ar-120-121,pr-true,f-auto,q-80/cms/sub_category/46.png",Organic Tattva Brown Sugar,Organic Tattva,160,175,1 kg,4.9 (561),In Stock,https://www.zeptonow.com/pn/organic-tattva-brown-sugar/pvid/017bbffe-863f-47ef-a5cc-713a4e1215fc,"https://cdn.zeptonow.com/production/tr:w-1280,ar-1500-1500,pr-true,f-auto,q-80/cms/product_variant/9529a09e-1827-4889-b463-a54399518b9f.jpeg"
Masala & Dry Fruits,"Salt, Sugar & Jaggery","https://cdn.zeptonow.com/production/tr:w-90,ar-120-121,pr-true,f-auto,q-80/cms/sub_category/46.png",Safe Harvest Pesticide-Free Khandsari Sugar | Artisanal | No Artificial Flavors,Safe,138,149,1 kg,4.7 (1.0k),In Stock,https://www.zeptonow.com/pn/safe-harvest-pesticide-free-khandsari-sugar-artisanal-no-artificial-flavors/pvid/8bf5fdf4-fc5a-45e0-9623-7b3222e103ce,"https://cdn.zeptonow.com/production/tr:w-1280,ar-1021-1021,pr-true,f-auto,q-80/cms/product_variant/f53bb969-c3ee-47aa-bf32-e778ef53fcf6.jpeg"
Masala & Dry Fruits,"Salt, Sugar & Jaggery","https://cdn.zeptonow.com/production/tr:w-90,ar-120-121,pr-true,f-auto,q-80/cms/sub_category/46.png",24 Mantra Organic Jaggery Powder,24 Mantra,75,80,500 g,4.8 (615),In Stock,https://www.zeptonow.com/pn/24-mantra-organic-jaggery-powder/pvid/bd152528-7939-444c-9d02-e2a77151c546,"https://cdn.zeptonow.com/production/tr:w-1280,ar-1200-1200,pr-true,f-auto,q-80/cms/product_variant/c47d981e-a0d1-44dc-b8f1-9b2c8b6a6fc7.jpeg"
Masala & Dry Fruits,"Salt, Sugar & Jaggery","https://cdn.zeptonow.com/production/tr:w-90,ar-120-121,pr-true,f-auto,q-80/cms/sub_category/46.png",Sugarfree Natura Low Calorie Sweetener,Sugarfree,209,220,25.5 g,4.4 (707),In Stock,https://www.zeptonow.com/pn/sugarfree-natura-low-calorie-sweetener/pvid/2d888b6f-9a34-4f0c-b918-85c144f6dd71,"https://cdn.zeptonow.com/production/tr:w-1280,ar-1080-1080,pr-true,f-auto,q-80/cms/product_variant/05197e80-cf5c-4e1a-8916-7514adb241f9.jpg"
Masala & Dry Fruits,"Salt, Sugar & Jaggery","https://cdn.zeptonow.com/production/tr:w-90,ar-120-121,pr-true,f-auto,q-80/cms/sub_category/46.png",Sugarfree Green 100% Natural Made From Stevia,Sugarfree,305,330,30 g,4.9 (587),In Stock,https://www.zeptonow.com/pn/sugarfree-green-100-natural-made-from-stevia/pvid/09ce34ac-cc79-4113-a2f8-96881e4e9c29,"https://cdn.zeptonow.com/production/tr:w-1280,ar-1000-1000,pr-true,f-auto,q-80/cms/product_variant/92751e4d-8b25-4641-aaa4-bf064bb01548.jpeg"
Masala & Dry Fruits,"Salt, Sugar & Jaggery","https://cdn.zeptonow.com/production/tr:w-90,ar-120-121,pr-true,f-auto,q-80/cms/sub_category/46.png",Forgreen Natural Coconut Jaggery Powder,Forgreen,240,249,250 g,4.7 (77),In Stock,https://www.zeptonow.com/pn/forgreen-natural-coconut-jaggery-powder/pvid/6f1187e5-4520-4252-a123-f629b000258d,"https://cdn.zeptonow.com/production/tr:w-1280,ar-1393-1928,pr-true,f-auto,q-80/cms/product_variant/351b174d-7ba5-47d2-aa85-bea75746590b.jpg"
Masala & Dry Fruits,"Salt, Sugar & Jaggery","https://cdn.zeptonow.com/production/tr:w-90,ar-120-121,pr-true,f-auto,q-80/cms/sub_category/46.png",Safe Harvest Pesticide-Free Khandsari Sugar | Artisanal | No Artificial Flavors,Safe,72,80,500 g,4.7 (1.2k),In Stock,https://www.zeptonow.com/pn/safe-harvest-pesticide-free-khandsari-sugar-artisanal-no-artificial-flavors/pvid/1a154d43-3689-42cb-a6d3-4212b2720470,"https://cdn.zeptonow.com/production/tr:w-1280,ar-1021-1021,pr-true,f-auto,q-80/cms/product_variant/71442b12-ce2d-4a80-bb3b-9bb6d0825934.jpeg"
Masala & Dry Fruits,"Salt, Sugar & Jaggery","https://cdn.zeptonow.com/production/tr:w-90,ar-120-121,pr-true,f-auto,q-80/cms/sub_category/46.png",Popular Essentials Organic Jaggery Powder,Popular Essentials,63,80,500 g,4.9 (1.3k),In Stock,https://www.zeptonow.com/pn/popular-essentials-organic-jaggery-powder/pvid/5ce44a7c-6f0b-4253-a226-3bfd722b846f,"https://cdn.zeptonow.com/production/tr:w-1280,ar-1000-1000,pr-true,f-auto,q-80/cms/product_variant/5eb2ca17-ee97-43d8-b625-8705560a5343.jpeg"
Masala & Dry Fruits,"Salt, Sugar & Jaggery","https://cdn.zeptonow.com/production/tr:w-90,ar-120-121,pr-true,f-auto,q-80/cms/sub_category/46.png",Sugarfree Natura Low Calorie Sweetener - 100 Sachet,Sugarfree,151,159,100 piece,4.8 (116),In Stock,https://www.zeptonow.com/pn/sugarfree-natura-low-calorie-sweetener-100-sachet/pvid/6dc3bf84-7830-46d0-a11c-2f53aab22a2a,"https://cdn.zeptonow.com/production/tr:w-1280,ar-1021-1021,pr-true,f-auto,q-80/cms/product_variant/cb6add14-746b-465a-bc5f-46ccb8946a54.jpeg"
Masala & Dry Fruits,"Salt, Sugar & Jaggery","https://cdn.zeptonow.com/production/tr:w-90,ar-120-121,pr-true,f-auto,q-80/cms/sub_category/46.png",24 Mantra Organic Bura (Brown )Sugar Demerara,24 Mantra,70,80,500 g,4.3 (453),In Stock,https://www.zeptonow.com/pn/24-mantra-organic-bura-brown-sugar-demerara/pvid/9926bb07-66ff-4270-affe-ae6dcd49e227,"https://cdn.zeptonow.com/production/tr:w-1280,ar-1200-1200,pr-true,f-auto,q-80/cms/product_variant/b8df80dc-5cd8-40e8-b4f2-afb66605b015.jpeg"
Masala & Dry Fruits,"Salt, Sugar & Jaggery","https://cdn.zeptonow.com/production/tr:w-90,ar-120-121,pr-true,f-auto,q-80/cms/sub_category/46.png",Aadisha Jaggery Block,Aadisha,83,100,900 g,4.5 (3.6k),In Stock,https://www.zeptonow.com/pn/aadisha-jaggery-block/pvid/cee048ca-9c33-4d6c-8ab2-0934a4eff316,"https://cdn.zeptonow.com/production/tr:w-1280,ar-1200-1200,pr-true,f-auto,q-80/cms/product_variant/db43bef5-9c0b-4b3d-8af2-c20982466450.jpeg"
Masala & Dry Fruits,"Salt, Sugar & Jaggery","https://cdn.zeptonow.com/production/tr:w-90,ar-120-121,pr-true,f-auto,q-80/cms/sub_category/46.png",Organic Tattva Jaggery Powder Pouch,Organic Tattva,81,90,500 g,4.6 (2.0k),In Stock,https://www.zeptonow.com/pn/organic-tattva-jaggery-powder-pouch/pvid/766d9864-db09-4a59-8867-d7bc5d495d0a,"https://cdn.zeptonow.com/production/tr:w-1280,ar-1500-1500,pr-true,f-auto,q-80/cms/product_variant/0250c562-566a-4ec5-8963-22b1a9d0c01b.jpeg"
Masala & Dry Fruits,"Salt, Sugar & Jaggery","https://cdn.zeptonow.com/production/tr:w-90,ar-120-121,pr-true,f-auto,q-80/cms/sub_category/46.png",Parry's Sweet Care Low Gi Sugar,Parry's,51,60,500 g,4.8 (3.8k),In Stock,https://www.zeptonow.com/pn/parrys-sweet-care-low-gi-sugar/pvid/5ecfbc4b-75de-4151-91f6-a44f0ad9e2b1,"https://cdn.zeptonow.com/production/tr:w-1280,ar-1200-1200,pr-true,f-auto,q-80/cms/product_variant/b03e71d7-ed2c-4466-9841-aa119dff4282.jpeg"
Masala & Dry Fruits,"Salt, Sugar & Jaggery","https://cdn.zeptonow.com/production/tr:w-90,ar-120-121,pr-true,f-auto,q-80/cms/sub_category/46.png",Organic Tattva Sugar,Organic Tattva,72,85,500 g,4.8 (469),In Stock,https://www.zeptonow.com/pn/organic-tattva-sugar/pvid/7ef11d9d-c2d3-4c17-81ac-ffcfc8a4f64c,"https://cdn.zeptonow.com/production/tr:w-1280,ar-1500-1500,pr-true,f-auto,q-80/cms/product_variant/3fde7c22-9010-4039-91fe-760e18124cb8.jpeg"
Masala & Dry Fruits,"Salt, Sugar & Jaggery","https://cdn.zeptonow.com/production/tr:w-90,ar-120-121,pr-true,f-auto,q-80/cms/sub_category/46.png",Miltop Kolhapuri Jaggery,Miltop,83,100,900 g,4.9 (789),In Stock,https://www.zeptonow.com/pn/miltop-kolhapuri-jaggery/pvid/13efb30b-626f-40a7-b9b5-0accd6b9a822,"https://cdn.zeptonow.com/production/tr:w-1280,ar-1021-1021,pr-true,f-auto,q-80/cms/product_variant/d34140ce-0b53-4b9e-8bbf-13a93d55f365.jpeg"
Masala & Dry Fruits,"Salt, Sugar & Jaggery","https://cdn.zeptonow.com/production/tr:w-90,ar-120-121,pr-true,f-auto,q-80/cms/sub_category/46.png",Daily Good Jaggery / Gur / Gud Powder,Daily Good,49,90,500 g,4.5 (5.6k),In Stock,https://www.zeptonow.com/pn/daily-good-jaggery-gur-gud-powder/pvid/03f0ff20-db8e-4668-8bd3-b76cd8953a63,"https://cdn.zeptonow.com/production/tr:w-1280,ar-1200-1200,pr-true,f-auto,q-80/cms/product_variant/bf7fd77d-44f0-4331-a3da-2e57866cc160.jpeg"
Masala & Dry Fruits,"Salt, Sugar & Jaggery","https://cdn.zeptonow.com/production/tr:w-90,ar-120-121,pr-true,f-auto,q-80/cms/sub_category/46.png",Aadisha Jaggery Candy - Container,Aadisha,94,110,450 g,4.7 (960),In Stock,https://www.zeptonow.com/pn/aadisha-jaggery-candy-container/pvid/87a450b1-b616-400e-838a-bd0eceea65f7,"https://cdn.zeptonow.com/production/tr:w-1280,ar-1000-1000,pr-true,f-auto,q-80/cms/product_variant/b3c96c00-32cd-4510-bffa-d9f481534e39.jpeg"
Masala & Dry Fruits,"Salt, Sugar & Jaggery","https://cdn.zeptonow.com/production/tr:w-90,ar-120-121,pr-true,f-auto,q-80/cms/sub_category/46.png",Patanjali Madhuram,Patanjali,85,85,1 kg,5 (62),In Stock,https://www.zeptonow.com/pn/patanjali-madhuram/pvid/38053c0e-18ec-4181-b02e-39a596cc5948,"https://cdn.zeptonow.com/production/tr:w-1280,ar-2400-2400,pr-true,f-auto,q-80/cms/product_variant/c3a7475a-bee4-4145-932d-03a731fba285.jpeg"
Masala & Dry Fruits,"Salt, Sugar & Jaggery","https://cdn.zeptonow.com/production/tr:w-90,ar-120-121,pr-true,f-auto,q-80/cms/sub_category/46.png",Two Brothers Jaggery Powder | Pouch,Two Brothers,138,150,500 g,4.5 (694),In Stock,https://www.zeptonow.com/pn/two-brothers-jaggery-powder-pouch/pvid/b774767c-66d1-4f7c-8bdb-03ed4eb5bd0b,"https://cdn.zeptonow.com/production/tr:w-1280,ar-2000-2000,pr-true,f-auto,q-80/cms/product_variant/c66ab2ac-8249-465d-ab0d-de0de6d0cd0b.jpeg"
Masala & Dry Fruits,"Salt, Sugar & Jaggery","https://cdn.zeptonow.com/production/tr:w-90,ar-120-121,pr-true,f-auto,q-80/cms/sub_category/46.png",Forgreen Natural Palm Jaggery Powder With Ginger,Forgreen,205,249,250 g,4.9 (77),In Stock,https://www.zeptonow.com/pn/forgreen-natural-palm-jaggery-powder-with-ginger/pvid/349dbf73-2345-4e55-8d56-b2e05e644299,"https://cdn.zeptonow.com/production/tr:w-1280,ar-1490-2054,pr-true,f-auto,q-80/cms/product_variant/dd5e749c-02ec-4cc6-8d25-80973e2baf80.jpg"
Masala & Dry Fruits,"Salt, Sugar & Jaggery","https://cdn.zeptonow.com/production/tr:w-90,ar-120-121,pr-true,f-auto,q-80/cms/sub_category/46.png",Forgreen Natural Palm Jaggery Blocks,Forgreen,207,249,250 g,4.3 (189),In Stock,https://www.zeptonow.com/pn/forgreen-natural-palm-jaggery-blocks/pvid/fae42f1a-083d-4b2f-8889-f434328aa75a,"https://cdn.zeptonow.com/production/tr:w-1280,ar-1416-1928,pr-true,f-auto,q-80/cms/product_variant/a021d642-3ebc-4646-844f-2b9a805549fe.jpg"
Masala & Dry Fruits,"Salt, Sugar & Jaggery","https://cdn.zeptonow.com/production/tr:w-90,ar-120-121,pr-true,f-auto,q-80/cms/sub_category/46.png",Anveshan Premium Jaggery Powder - Sustainable Alternative To Refined Sugar,Anveshan,79,105,500 g,4.9 (226),In Stock,https://www.zeptonow.com/pn/anveshan-premium-jaggery-powder-sustainable-alternative-to-refined-sugar/pvid/213b0483-41f7-435c-a34f-88262b15f688,"https://cdn.zeptonow.com/production/tr:w-1280,ar-2048-2048,pr-true,f-auto,q-80/cms/product_variant/224781a7-83d2-4b3d-9f0f-51fe914e93da.jpeg"
Masala & Dry Fruits,"Salt, Sugar & Jaggery","https://cdn.zeptonow.com/production/tr:w-90,ar-120-121,pr-true,f-auto,q-80/cms/sub_category/46.png",Organic Tattva Organic Sugar,Organic Tattva,133,160,1 kg,4.8 (59),In Stock,https://www.zeptonow.com/pn/organic-tattva-organic-sugar/pvid/9dde4cf3-1041-44ac-8aa1-b3f2fed6b800,"https://cdn.zeptonow.com/production/tr:w-1280,ar-1500-1500,pr-true,f-auto,q-80/cms/product_variant/94d07ac8-4811-4851-ae63-16039f855fb8.jpeg"
Masala & Dry Fruits,"Salt, Sugar & Jaggery","https://cdn.zeptonow.com/production/tr:w-90,ar-120-121,pr-true,f-auto,q-80/cms/sub_category/46.png",Aadisha Jaggery Powder,Aadisha,76,80,450 g,4.3 (384),In Stock,https://www.zeptonow.com/pn/aadisha-jaggery-powder/pvid/be803764-e97c-4ad2-ab4e-161f0127fb38,"https://cdn.zeptonow.com/production/tr:w-1280,ar-1200-1200,pr-true,f-auto,q-80/cms/product_variant/74c53a2e-9cb8-4ec1-bf42-aed6abba2e09.jpeg"
Masala & Dry Fruits,"Salt, Sugar & Jaggery","https://cdn.zeptonow.com/production/tr:w-90,ar-120-121,pr-true,f-auto,q-80/cms/sub_category/46.png",Sugarfree Gold+ Low Calorie Sweetener,Sugarfree,149,159,100 piece,4.8 (2.1k),In Stock,https://www.zeptonow.com/pn/sugarfree-gold-low-calorie-sweetener/pvid/468ed3ed-b5db-4fe7-a956-c12988409b6c,"https://cdn.zeptonow.com/production/tr:w-1280,ar-1500-1500,pr-true,f-auto,q-80/inventory/product/468ed3ed-b5db-4fe7-a956-c12988409b6c-1VG2fPOANmxMUuYLzME9-qnnDY-6eoOJP.jpeg"
Masala & Dry Fruits,"Salt, Sugar & Jaggery","https://cdn.zeptonow.com/production/tr:w-90,ar-120-121,pr-true,f-auto,q-80/cms/sub_category/46.png",Fortune Pure & Hygienic Fine Grain Sugar,Fortune,55,75,1 kg,4.7 (192),In Stock,https://www.zeptonow.com/pn/fortune-pure-hygienic-fine-grain-sugar/pvid/3ebbb85f-ac17-49af-b44e-7dea40fb9a27,"https://cdn.zeptonow.com/production/tr:w-1280,ar-839-1000,pr-true,f-auto,q-80/cms/product_variant/508a0ab5-f755-45b1-9364-a39e89998db4.jpeg"
Masala & Dry Fruits,"Salt, Sugar & Jaggery","https://cdn.zeptonow.com/production/tr:w-90,ar-120-121,pr-true,f-auto,q-80/cms/sub_category/46.png",Parry's Superfine Sugar,Parry's,75,75,1 kg,5 (88),In Stock,https://www.zeptonow.com/pn/parrys-superfine-sugar/pvid/479486c7-ac6b-4d9c-bce8-599196739365,"https://cdn.zeptonow.com/production/tr:w-1280,ar-1200-1200,pr-true,f-auto,q-80/cms/product_variant/a3333ed5-258c-4e48-a5ec-885757d0da9d.jpeg"
Masala & Dry Fruits,"Salt, Sugar & Jaggery","https://cdn.zeptonow.com/production/tr:w-90,ar-120-121,pr-true,f-auto,q-80/cms/sub_category/46.png",Aadisha Jaggery Block,Aadisha,38,50,450 g,4.5 (13.8k),In Stock,https://www.zeptonow.com/pn/aadisha-jaggery-block/pvid/8b2d11f6-d1a6-41ba-9091-feabce4f1230,"https://cdn.zeptonow.com/production/tr:w-1280,ar-1200-1200,pr-true,f-auto,q-80/cms/product_variant/c880a2c5-0e74-44e5-af27-051605c98d56.jpeg"
Masala & Dry Fruits,"Salt, Sugar & Jaggery","https://cdn.zeptonow.com/production/tr:w-90,ar-120-121,pr-true,f-auto,q-80/cms/sub_category/46.png",I'M Lite 50% Less Calories Sugar,I'M,189,230,1 kg,4.7 (628),In Stock,https://www.zeptonow.com/pn/im-lite-50-less-calories-sugar/pvid/f58b79f4-e79e-42b7-af91-867c4be99044,"https://cdn.zeptonow.com/production/tr:w-1280,ar-1200-1200,pr-true,f-auto,q-80/cms/product_variant/c8dec30a-bda3-4f10-92bf-630977abdaa4.jpeg"
Masala & Dry Fruits,"Salt, Sugar & Jaggery","https://cdn.zeptonow.com/production/tr:w-90,ar-120-121,pr-true,f-auto,q-80/cms/sub_category/46.png",Sugar Free Natura Sweet Drops,Sugar free,128,145,10 ml,4.7 (107),In Stock,https://www.zeptonow.com/pn/sugar-free-natura-sweet-drops/pvid/43ce562b-8e50-47b5-95d5-13311f87b3cd,"https://cdn.zeptonow.com/production/tr:w-1280,ar-1200-1200,pr-true,f-auto,q-80/cms/product_variant/05429b01-c8b8-42da-932a-41b40dcf4802.jpeg"
Masala & Dry Fruits,"Salt, Sugar & Jaggery","https://cdn.zeptonow.com/production/tr:w-90,ar-120-121,pr-true,f-auto,q-80/cms/sub_category/46.png",Dr.Brand Jaggery Powder,Dr.Brand,64,90,500 g,4.8 (311),In Stock,https://www.zeptonow.com/pn/drbrand-jaggery-powder/pvid/ccd5376a-5c64-4d8f-8534-ad11ad7b3688,"https://cdn.zeptonow.com/production/tr:w-0.98,h-0.98,f-auto/cms/product_variant/9b0510dd-80f0-4de4-bd1d-548a19cd5a7f.jpg"
Masala & Dry Fruits,"Salt, Sugar & Jaggery","https://cdn.zeptonow.com/production/tr:w-90,ar-120-121,pr-true,f-auto,q-80/cms/sub_category/46.png",Daily Good Grocery Nakul Dana / Elaichi Dana / Sweet Makhana,Daily Good,21,45,200 g,4.7 (2.8k),In Stock,https://www.zeptonow.com/pn/daily-good-grocery-nakul-dana-elaichi-dana-sweet-makhana/pvid/8389c1df-3739-4508-849c-4fa285281238,"https://cdn.zeptonow.com/production/tr:w-1280,ar-1200-1200,pr-true,f-auto,q-80/cms/product_variant/800a7455-6504-40eb-92b1-a5742d088650.jpeg"
Masala & Dry Fruits,"Salt, Sugar & Jaggery","https://cdn.zeptonow.com/production/tr:w-90,ar-120-121,pr-true,f-auto,q-80/cms/sub_category/46.png",Equal Stevia Plant Based Natural Sweetener100% Natural Sweetness from Stevia Zero Calorie from Stevia Tastes Like Sugar,Equal,297,400,50 g,4.4 (62),Sold Out,https://www.zeptonow.com/pn/equal-stevia-plant-based-natural-sweetener100-natural-sweetness-from-stevia-zero-calorie-from-stevia-tastes-like-sugar/pvid/56f2617a-232a-4056-b959-412cbc08b0cc,"https://cdn.zeptonow.com/production/tr:w-1280,ar-1021-1021,pr-true,f-auto,q-80/cms/product_variant/8cd538be-137b-4036-b9fb-5934329739e0.jpeg"
Masala & Dry Fruits,"Salt, Sugar & Jaggery","https://cdn.zeptonow.com/production/tr:w-90,ar-120-121,pr-true,f-auto,q-80/cms/sub_category/46.png",Equal Sugar Lo Sugar Blended With Stevia 50% Less Calories,Equal,98,130,500 g,4 (71),Sold Out,https://www.zeptonow.com/pn/equal-sugar-lo-sugar-blended-with-stevia-50-less-calories/pvid/91c9cbe0-656d-41c1-852f-1ea6faf367cb,"https://cdn.zeptonow.com/production/tr:w-1280,ar-2400-2400,pr-true,f-auto,q-80/cms/product_variant/3590365b-54e2-475a-8cef-619a797b43b1.jpg"
Masala & Dry Fruits,"Salt, Sugar & Jaggery","https://cdn.zeptonow.com/production/tr:w-90,ar-120-121,pr-true,f-auto,q-80/cms/sub_category/46.png",Smart One Sugar,Smart One,52,63,1 kg,4.7 (32.0k),Sold Out,https://www.zeptonow.com/pn/smart-one-sugar/pvid/ee1ed69d-9aa6-441b-8cba-8769f40bec1d,"https://cdn.zeptonow.com/production/tr:w-1280,ar-1500-1500,pr-true,f-auto,q-80/cms/product_variant/4ff7fab5-19ca-4628-8ac8-3280c5d25c02.jpeg"
Masala & Dry Fruits,"Salt, Sugar & Jaggery","https://cdn.zeptonow.com/production/tr:w-90,ar-120-121,pr-true,f-auto,q-80/cms/sub_category/46.png",I'M Lite 50% Less Calories Sugar,I'M,102,120,500 g,4.8 (499),Sold Out,https://www.zeptonow.com/pn/im-lite-50-less-calories-sugar/pvid/09367b7b-dfb4-4d4c-8a87-efd00ced3f93,"https://cdn.zeptonow.com/production/tr:w-1280,ar-1200-1200,pr-true,f-auto,q-80/cms/product_variant/b7abb456-60a5-4370-8aa1-68199bf39852.jpeg"
Masala & Dry Fruits,"Salt, Sugar & Jaggery","https://cdn.zeptonow.com/production/tr:w-90,ar-120-121,pr-true,f-auto,q-80/cms/sub_category/46.png",Sugarfree Gold+ Low Calorie Sweetener,Sugarfree,317,320,50 g,4.8 (2.5k),Sold Out,https://www.zeptonow.com/pn/sugarfree-gold-low-calorie-sweetener/pvid/4dd1919c-45f5-4eaf-9851-4f1f32a8f79d,"https://cdn.zeptonow.com/production/tr:w-1280,ar-1200-1200,pr-true,f-auto,q-80/cms/product_variant/52d7c400-bc72-4fba-8a7c-e803b0786ecc.jpeg"
Masala & Dry Fruits,"Salt, Sugar & Jaggery","https://cdn.zeptonow.com/production/tr:w-90,ar-120-121,pr-true,f-auto,q-80/cms/sub_category/46.png",Equal Xylitol Low Calorie Natural Sweetener 100% Natural Sweetness from Xylitol Tooth Friendly Tastes Just Like Sugar,Equal,488,995,500 g,4.7 (90),Sold Out,https://www.zeptonow.com/pn/equal-xylitol-low-calorie-natural-sweetener-100-natural-sweetness-from-xylitol-tooth-friendly-tastes-just-like-sugar/pvid/1877cef9-4ecb-4d12-b7fe-e97bf94a9e5a,"https://cdn.zeptonow.com/production/tr:w-1280,ar-2000-2000,pr-true,f-auto,q-80/cms/product_variant/30ef88d2-c8db-4f3b-bb07-d5002b53f15c.jpeg"
Masala & Dry Fruits,"Salt, Sugar & Jaggery","https://cdn.zeptonow.com/production/tr:w-90,ar-120-121,pr-true,f-auto,q-80/cms/sub_category/46.png",Two Brothers Jaggery Block | Cartton,Two Brothers,287,299,900 g,5 (154),Sold Out,https://www.zeptonow.com/pn/two-brothers-jaggery-block-cartton/pvid/0ddb5432-eb0c-4fe5-b59c-0a819f32f294,"https://cdn.zeptonow.com/production/tr:w-1280,ar-1500-1500,pr-true,f-auto,q-80/cms/product_variant/8f57e4f8-2a18-490b-afc8-008935250ea1.jpg"
Masala & Dry Fruits,"Salt, Sugar & Jaggery","https://cdn.zeptonow.com/production/tr:w-90,ar-120-121,pr-true,f-auto,q-80/cms/sub_category/46.png",Natureland Organics Brown Sugar,Natureland,70,90,500 g,4.1 (357),Sold Out,https://www.zeptonow.com/pn/natureland-organics-brown-sugar/pvid/ed4a43a9-a287-4b01-9041-4373e1f1c1ac,"https://cdn.zeptonow.com/production/tr:w-1280,ar-1500-1500,pr-true,f-auto,q-80/cms/product_variant/04b2a616-030c-4ad3-b251-95ca9e583de4.jpg"
Masala & Dry Fruits,"Salt, Sugar & Jaggery","https://cdn.zeptonow.com/production/tr:w-90,ar-120-121,pr-true,f-auto,q-80/cms/sub_category/46.png",Daily Good Kolhapuri Jaggery - Gud,Daily Good,83,110,900 g,4.6 (4.3k),Sold Out,https://www.zeptonow.com/pn/daily-good-kolhapuri-jaggery-gud/pvid/148e786e-0584-4eeb-84fc-9dfb922697dd,"https://cdn.zeptonow.com/production/tr:w-1280,ar-1000-1000,pr-true,f-auto,q-80/cms/product_variant/12a2323a-9bb5-4f43-a992-5c33d5dbb5ee.jpeg"
Masala & Dry Fruits,"Salt, Sugar & Jaggery","https://cdn.zeptonow.com/production/tr:w-90,ar-120-121,pr-true,f-auto,q-80/cms/sub_category/46.png",24 Mantra Organic Sugar,24 Mantra,131,145,1 kg,4.2 (518),Sold Out,https://www.zeptonow.com/pn/24-mantra-organic-sugar/pvid/1823cc05-7591-4d2f-afb5-612a298e798c,"https://cdn.zeptonow.com/production/tr:w-1280,ar-1200-1200,pr-true,f-auto,q-80/cms/product_variant/6d421bb9-5a59-4a70-b986-2ea4ed48bede.jpeg"
Masala & Dry Fruits,"Salt, Sugar & Jaggery","https://cdn.zeptonow.com/production/tr:w-90,ar-120-121,pr-true,f-auto,q-80/cms/sub_category/46.png",Daily Good Diamond Mishri,Daily Good,17,25,100 g,4.7 (19.2k),Sold Out,https://www.zeptonow.com/pn/daily-good-diamond-mishri/pvid/993da3ce-8b07-4c04-9768-d10fb131dfa1,"https://cdn.zeptonow.com/production/tr:w-1280,ar-3881-3881,pr-true,f-auto,q-80/cms/product_variant/f6d2e868-2e76-4b8c-9a39-3b8013ca8275.jpeg"
Masala & Dry Fruits,"Salt, Sugar & Jaggery","https://cdn.zeptonow.com/production/tr:w-90,ar-120-121,pr-true,f-auto,q-80/cms/sub_category/46.png",Equal Stevia Plant Based Natural Sweetener 100% Natural Sweetness From Stevia Zero Calorie (Jar),Equal,178,250,150 g,5 (73),Sold Out,https://www.zeptonow.com/pn/equal-stevia-plant-based-natural-sweetener-100-natural-sweetness-from-stevia-zero-calorie-jar/pvid/ed002638-2e10-4436-8478-18a1f4eea89f,"https://cdn.zeptonow.com/production/tr:w-1280,ar-1021-1021,pr-true,f-auto,q-80/cms/product_variant/32ed710a-4b23-428a-a57f-047f29087b5a.jpeg"
Masala & Dry Fruits,"Salt, Sugar & Jaggery","https://cdn.zeptonow.com/production/tr:w-90,ar-120-121,pr-true,f-auto,q-80/cms/sub_category/46.png",Indic Wisdom Khandsari Sugar Unprocessed Unrefined,Indic,108,150,800 g,4.1 (335),Sold Out,https://www.zeptonow.com/pn/indic-wisdom-khandsari-sugar-unprocessed-unrefined/pvid/b4c3ed31-a414-490d-8759-9ccd3829fbc4,"https://cdn.zeptonow.com/production/tr:w-1280,ar-1080-1080,pr-true,f-auto,q-80/cms/product_variant/da453601-a815-4554-b5ae-706846c4f0ea.jpg"
Masala & Dry Fruits,"Salt, Sugar & Jaggery","https://cdn.zeptonow.com/production/tr:w-90,ar-120-121,pr-true,f-auto,q-80/cms/sub_category/46.png",Organic Tattva Brown Sugar Pouch,Organic Tattva,80,90,500 g,4.9 (2.5k),Sold Out,https://www.zeptonow.com/pn/organic-tattva-brown-sugar-pouch/pvid/5527238d-4230-4633-862f-090e5c73502a,"https://cdn.zeptonow.com/production/tr:w-1280,ar-1500-1500,pr-true,f-auto,q-80/cms/product_variant/66d83e62-a20d-42b4-8d13-6696d6ffa829.jpeg"
Masala & Dry Fruits,"Salt, Sugar & Jaggery","https://cdn.zeptonow.com/production/tr:w-90,ar-120-121,pr-true,f-auto,q-80/cms/sub_category/46.png",Fortune Fine Grain Sugar,Fortune,270,370,5 kg,4 (103),Sold Out,https://www.zeptonow.com/pn/fortune-fine-grain-sugar/pvid/dbc2719c-c52a-4506-ab1d-16363cf03f25,"https://cdn.zeptonow.com/production/tr:w-1280,ar-839-1000,pr-true,f-auto,q-80/cms/product_variant/47fd1cb8-1a94-4919-814d-35695627af6b.jpeg"
Masala & Dry Fruits,"Salt, Sugar & Jaggery","https://cdn.zeptonow.com/production/tr:w-90,ar-120-121,pr-true,f-auto,q-80/cms/sub_category/46.png",Sugarfree Natura Low Calorie Sweetener,Sugarfree,78,80,8.9 g,4.8 (711),Sold Out,https://www.zeptonow.com/pn/sugarfree-natura-low-calorie-sweetener/pvid/bd566457-1ac8-42b0-a086-38e54bcfdb78,"https://cdn.zeptonow.com/production/tr:w-1280,ar-1200-1200,pr-true,f-auto,q-80/cms/product_variant/4a5b68cc-38ad-4b4e-9349-f1516915b86b.jpeg"
Masala & Dry Fruits,"Salt, Sugar & Jaggery","https://cdn.zeptonow.com/production/tr:w-90,ar-120-121,pr-true,f-auto,q-80/cms/sub_category/46.png",Daily Good Sugar Powder,Daily Good,52,75,500 g,4.8 (1.5k),Sold Out,https://www.zeptonow.com/pn/daily-good-sugar-powder/pvid/fee497c8-5ba2-4418-bdec-53dfe5315d5b,"https://cdn.zeptonow.com/production/tr:w-1280,ar-2027-2027,pr-true,f-auto,q-80/cms/product_variant/c399d074-4031-4b5c-a22d-28cc00411672.jpeg"
Masala & Dry Fruits,"Salt, Sugar & Jaggery","https://cdn.zeptonow.com/production/tr:w-90,ar-120-121,pr-true,f-auto,q-80/cms/sub_category/46.png",Forgreen Natural Sugarcane Jaggery Powder,Forgreen,76,79,500 g,4.2 (165),Sold Out,https://www.zeptonow.com/pn/forgreen-natural-sugarcane-jaggery-powder/pvid/2f2cf79f-afc1-4b65-856e-faec01843eee,"https://cdn.zeptonow.com/production/tr:w-1280,ar-2000-2000,pr-true,f-auto,q-80/cms/product_variant/76d2ea86-50b7-4f20-9ef5-d45a2add815c.jpg"
Masala & Dry Fruits,Dehydrated & Dried,"https://cdn.zeptonow.com/production/tr:w-90,ar-120-120,pr-true,f-auto,q-80/cms/sub_category/dbfc9795-fada-4bc5-b817-2d6463d92801.png",Farmley Premium Dried Figs (Anjeer),Farmley,409,499,200 g,4.5 (1.1k),In Stock,https://www.zeptonow.com/pn/farmley-premium-dried-figs-anjeer/pvid/49f9ad56-0871-45d9-b4f9-f036254ec5b2,"https://cdn.zeptonow.com/production/tr:w-1280,ar-2000-2000,pr-true,f-auto,q-80/cms/product_variant/c7564cb5-9705-4358-80e4-97d2b30dcfa0.jpeg"
Masala & Dry Fruits,Dehydrated & Dried,"https://cdn.zeptonow.com/production/tr:w-90,ar-120-120,pr-true,f-auto,q-80/cms/sub_category/dbfc9795-fada-4bc5-b817-2d6463d92801.png",Farmley Premium Turkish Dried Apricots (Khubani),Farmley,276,369,200 g,5 (526),In Stock,https://www.zeptonow.com/pn/farmley-premium-turkish-dried-apricots-khubani/pvid/50b815a2-2e38-4d70-9981-09ea965a097c,"https://cdn.zeptonow.com/production/tr:w-1280,ar-1731-2000,pr-true,f-auto,q-80/cms/product_variant/e7962dc7-6f28-4af3-9569-940126a5bbba.jpeg"
Masala & Dry Fruits,Dehydrated & Dried,"https://cdn.zeptonow.com/production/tr:w-90,ar-120-120,pr-true,f-auto,q-80/cms/sub_category/dbfc9795-fada-4bc5-b817-2d6463d92801.png",Farmley Premium California Natural Dried Cranberry,Farmley,200,260,200 g,4.8 (1.2k),In Stock,https://www.zeptonow.com/pn/farmley-premium-california-natural-dried-cranberry/pvid/4b719ec2-13bc-47db-a846-d0e460625be5,"https://cdn.zeptonow.com/production/tr:w-1280,ar-1200-1200,pr-true,f-auto,q-80/cms/product_variant/3b65a7c7-4a8f-4747-a4f2-9f5d4eb707ac.jpeg"
Masala & Dry Fruits,Dehydrated & Dried,"https://cdn.zeptonow.com/production/tr:w-90,ar-120-120,pr-true,f-auto,q-80/cms/sub_category/dbfc9795-fada-4bc5-b817-2d6463d92801.png",Nutraj Anjeer/Fig,Nutraj,421,499,250 g,4.1 (1.0k),In Stock,https://www.zeptonow.com/pn/nutraj-anjeerfig/pvid/73407e8e-35b7-4f27-94fb-7817f643a9e1,"https://cdn.zeptonow.com/production/tr:w-1280,ar-2400-2400,pr-true,f-auto,q-80/cms/product_variant/d232d8cc-2d3a-4461-ae52-7518f43c5c04.jpg"
Masala & Dry Fruits,Dehydrated & Dried,"https://cdn.zeptonow.com/production/tr:w-90,ar-120-120,pr-true,f-auto,q-80/cms/sub_category/dbfc9795-fada-4bc5-b817-2d6463d92801.png",Khari Foods Fig / Anjeer Dried,Khari,476,599,200 g,4.6 (634),In Stock,https://www.zeptonow.com/pn/khari-foods-fig-anjeer-dried/pvid/a89e50ab-afff-49e7-8e82-fbb45f6fcf58,"https://cdn.zeptonow.com/production/tr:w-1280,ar-1500-1500,pr-true,f-auto,q-80/cms/product_variant/bc0d81e2-20db-4a6c-894f-8b2e528651f7.jpeg"
Masala & Dry Fruits,Dehydrated & Dried,"https://cdn.zeptonow.com/production/tr:w-90,ar-120-120,pr-true,f-auto,q-80/cms/sub_category/dbfc9795-fada-4bc5-b817-2d6463d92801.png",Khari Foods Cherry Dried,Khari,141,149,100 g,4.4 (139),In Stock,https://www.zeptonow.com/pn/khari-foods-cherry-dried/pvid/03ef9829-7232-4efc-843d-194a42b68f15,"https://cdn.zeptonow.com/production/tr:w-1280,ar-1500-1500,pr-true,f-auto,q-80/cms/product_variant/d03c912b-8031-450d-883e-3426a5d58ed1.jpeg"
Masala & Dry Fruits,Dehydrated & Dried,"https://cdn.zeptonow.com/production/tr:w-90,ar-120-120,pr-true,f-auto,q-80/cms/sub_category/dbfc9795-fada-4bc5-b817-2d6463d92801.png",Happilo Premium Turkish Apricots,Happilo Premium,314,365,200 g,4.6 (149),In Stock,https://www.zeptonow.com/pn/happilo-premium-turkish-apricots/pvid/1f866188-7491-43ef-9b9a-abdce99545d5,"https://cdn.zeptonow.com/production/tr:w-1280,ar-1200-1200,pr-true,f-auto,q-80/cms/product_variant/675f744d-1761-402c-95c7-1eb2ee96c4ed.jpeg"
Masala & Dry Fruits,Dehydrated & Dried,"https://cdn.zeptonow.com/production/tr:w-90,ar-120-120,pr-true,f-auto,q-80/cms/sub_category/dbfc9795-fada-4bc5-b817-2d6463d92801.png",Happilo Premium Californian Pitted Prunes,Happilo,316,375,200 g,4.6 (80),In Stock,https://www.zeptonow.com/pn/happilo-premium-californian-pitted-prunes/pvid/62e8bdc9-014f-4695-a1c5-56ce33c4b9a3,"https://cdn.zeptonow.com/production/tr:w-1280,ar-1200-1200,pr-true,f-auto,q-80/cms/product_variant/46478994-30c0-492e-b056-edf1deb53c6e.jpeg"
Masala & Dry Fruits,Dehydrated & Dried,"https://cdn.zeptonow.com/production/tr:w-90,ar-120-120,pr-true,f-auto,q-80/cms/sub_category/dbfc9795-fada-4bc5-b817-2d6463d92801.png",Happilo Premium Dried Californian Blueberries,Happilo Premium,399,485,150 g,4.7 (141),In Stock,https://www.zeptonow.com/pn/happilo-premium-dried-californian-blueberries/pvid/30651820-bbdb-4241-8dd3-5553181c138b,"https://cdn.zeptonow.com/production/tr:w-1280,ar-1200-1200,pr-true,f-auto,q-80/cms/product_variant/1e1e0fa0-0444-43f0-89cb-5246cdf861e3.jpeg"
Masala & Dry Fruits,Dehydrated & Dried,"https://cdn.zeptonow.com/production/tr:w-90,ar-120-120,pr-true,f-auto,q-80/cms/sub_category/dbfc9795-fada-4bc5-b817-2d6463d92801.png",Wonderland Foods Sliced Dried Cranberries,Wonderland,149,290,200 g,4.5 (509),In Stock,https://www.zeptonow.com/pn/wonderland-foods-sliced-dried-cranberries/pvid/8a58cc74-5e32-4f22-a6b3-2407f1660062,"https://cdn.zeptonow.com/production/tr:w-1280,ar-1200-1200,pr-true,f-auto,q-80/cms/product_variant/46152996-a504-45f8-bd7a-49d1c02e6075.jpeg"
Masala & Dry Fruits,Dehydrated & Dried,"https://cdn.zeptonow.com/production/tr:w-90,ar-120-120,pr-true,f-auto,q-80/cms/sub_category/dbfc9795-fada-4bc5-b817-2d6463d92801.png",Happilo Premium Afghani Anjeer,Happilo,404,495,200 g,4.1 (399),In Stock,https://www.zeptonow.com/pn/happilo-premium-afghani-anjeer/pvid/79e426d2-1751-4e35-9eae-b7e34b5aaf78,"https://cdn.zeptonow.com/production/tr:w-1280,ar-2400-2400,pr-true,f-auto,q-80/cms/product_variant/df7e9fed-2ac0-4fbc-bf28-924fdff074d9.jpeg"
Masala & Dry Fruits,Dehydrated & Dried,"https://cdn.zeptonow.com/production/tr:w-90,ar-120-120,pr-true,f-auto,q-80/cms/sub_category/dbfc9795-fada-4bc5-b817-2d6463d92801.png",Khetika Turkish apricot,Khetika,250,349,200 g,4.5 (427),In Stock,https://www.zeptonow.com/pn/khetika-turkish-apricot/pvid/053a14fb-09bd-4560-8cb8-9418913382a0,"https://cdn.zeptonow.com/production/tr:w-1280,ar-2003-2003,pr-true,f-auto,q-80/cms/product_variant/68731242-229e-4b63-ab0c-021097de4783.jpg"
Masala & Dry Fruits,Dehydrated & Dried,"https://cdn.zeptonow.com/production/tr:w-90,ar-120-120,pr-true,f-auto,q-80/cms/sub_category/dbfc9795-fada-4bc5-b817-2d6463d92801.png",Daily Good Apricots / Khubani / Jardalu,Daily Good,221,395,200 g,4.3 (515),In Stock,https://www.zeptonow.com/pn/daily-good-apricots-khubani-jardalu/pvid/5a52fbff-a1f1-4419-bd1e-875ff1861315,"https://cdn.zeptonow.com/production/tr:w-1280,ar-3881-3881,pr-true,f-auto,q-80/cms/product_variant/80d241f0-a222-4745-b106-7b84ca41514e.jpeg"
Masala & Dry Fruits,Dehydrated & Dried,"https://cdn.zeptonow.com/production/tr:w-90,ar-120-120,pr-true,f-auto,q-80/cms/sub_category/dbfc9795-fada-4bc5-b817-2d6463d92801.png",Daily Good Apricots / Khubani / Jardalu,Daily Good,112,205,100 g,4.3 (437),In Stock,https://www.zeptonow.com/pn/daily-good-apricots-khubani-jardalu/pvid/7a853b1c-db50-45e9-aeda-7bb730aaf6a6,"https://cdn.zeptonow.com/production/tr:w-1280,ar-1941-1941,pr-true,f-auto,q-80/cms/product_variant/e36cf82e-2594-4e40-8a9f-78d3dc9d818d.jpg"
Masala & Dry Fruits,Dehydrated & Dried,"https://cdn.zeptonow.com/production/tr:w-90,ar-120-120,pr-true,f-auto,q-80/cms/sub_category/dbfc9795-fada-4bc5-b817-2d6463d92801.png",Happilo Premium American Dried Whole Blueberry Cranberry Duet,Happilo,283,380,200 g,4.7 (166),In Stock,https://www.zeptonow.com/pn/happilo-premium-american-dried-whole-blueberry-cranberry-duet/pvid/2479964b-aaa8-460b-9424-a77e05ebedf0,"https://cdn.zeptonow.com/production/tr:w-1280,ar-1200-1200,pr-true,f-auto,q-80/cms/product_variant/8388cd8e-dd4d-4034-a49e-551f7910ac2b.jpeg"
Masala & Dry Fruits,Dehydrated & Dried,"https://cdn.zeptonow.com/production/tr:w-90,ar-120-120,pr-true,f-auto,q-80/cms/sub_category/dbfc9795-fada-4bc5-b817-2d6463d92801.png",Farmley Premium Dried Figs (Anjeer) 200 g Combo,Farmley,768,998,200 g X 2,4.7 (775),In Stock,https://www.zeptonow.com/pn/farmley-premium-dried-figs-anjeer-200-g-combo/pvid/87d47517-9e78-40c4-8514-3d4b66b4735c,"https://cdn.zeptonow.com/production/tr:w-1280,ar-1500-1500,pr-true,f-auto,q-80/cms/product_variant/01705480-20f6-469b-ba28-914a8c9ced2d.jpg"
Masala & Dry Fruits,Dehydrated & Dried,"https://cdn.zeptonow.com/production/tr:w-90,ar-120-120,pr-true,f-auto,q-80/cms/sub_category/dbfc9795-fada-4bc5-b817-2d6463d92801.png",Happilo Premium Afghani Anjeer 200 g Combo,Happilo,758,990,200 g X 2,4.4 (678),In Stock,https://www.zeptonow.com/pn/happilo-premium-afghani-anjeer-200-g-combo/pvid/b6f0658c-a398-4077-9f84-63dddc7f2626,"https://cdn.zeptonow.com/production/tr:w-1280,ar-1500-1500,pr-true,f-auto,q-80/cms/product_variant/6565.jpg"
Masala & Dry Fruits,Dehydrated & Dried,"https://cdn.zeptonow.com/production/tr:w-90,ar-120-120,pr-true,f-auto,q-80/cms/sub_category/dbfc9795-fada-4bc5-b817-2d6463d92801.png",Nutraj Anjeer 250 g Combo,Nutraj,792,998,250 g X 2,4.5 (232),In Stock,https://www.zeptonow.com/pn/nutraj-anjeer-250-g-combo/pvid/1565ec49-7723-45d5-a697-4f563eb01924,"https://cdn.zeptonow.com/production/tr:w-1280,ar-1500-1500,pr-true,f-auto,q-80/cms/product_variant/98737832-253a-4bab-99ff-9420f3992e9c.jpg"
Masala & Dry Fruits,Dehydrated & Dried,"https://cdn.zeptonow.com/production/tr:w-90,ar-120-120,pr-true,f-auto,q-80/cms/sub_category/dbfc9795-fada-4bc5-b817-2d6463d92801.png",Wonderland Foods Dried Prunes,Wonderland,199,349,200 g,4 (311),Sold Out,https://www.zeptonow.com/pn/wonderland-foods-dried-prunes/pvid/b7ddc06d-c6d1-471c-84c5-c40178bfc895,"https://cdn.zeptonow.com/production/tr:w-1280,ar-1500-1500,pr-true,f-auto,q-80/cms/product_variant/2fc4f527-f33e-47f7-bf1d-d990b3dcc95f.jpg"
Masala & Dry Fruits,Dehydrated & Dried,"https://cdn.zeptonow.com/production/tr:w-90,ar-120-120,pr-true,f-auto,q-80/cms/sub_category/dbfc9795-fada-4bc5-b817-2d6463d92801.png",Nutty Gritties Cranberries,Nutty,238,285,200 g,3.9 (64),Sold Out,https://www.zeptonow.com/pn/nutty-gritties-cranberries/pvid/d2739052-e089-480d-844f-f4ee27dc745f,"https://cdn.zeptonow.com/production/tr:w-1280,ar-1200-1200,pr-true,f-auto,q-80/cms/product_variant/74a4193c-f675-43e8-a201-80cc7425f1dc.jpeg"
Masala & Dry Fruits,Dehydrated & Dried,"https://cdn.zeptonow.com/production/tr:w-90,ar-120-120,pr-true,f-auto,q-80/cms/sub_category/dbfc9795-fada-4bc5-b817-2d6463d92801.png",Daily Good Dried Amla / Indian Gooseberries Sugar Coated,Daily Good,75,105,200 g,4.2 (3.3k),Sold Out,https://www.zeptonow.com/pn/daily-good-dried-amla-indian-gooseberries-sugar-coated/pvid/a8182a10-aaa1-4f27-abf2-92a5339f49ad,"https://cdn.zeptonow.com/production/tr:w-1280,ar-2400-2400,pr-true,f-auto,q-80/cms/product_variant/97455f14-257d-4ff8-99f0-47627cd8b605.jpeg"
Masala & Dry Fruits,Dehydrated & Dried,"https://cdn.zeptonow.com/production/tr:w-90,ar-120-120,pr-true,f-auto,q-80/cms/sub_category/dbfc9795-fada-4bc5-b817-2d6463d92801.png",Wonderland Foods Dried Blueberries,Wonderland,299,495,150 g,4.6 (170),Sold Out,https://www.zeptonow.com/pn/wonderland-foods-dried-blueberries/pvid/70191679-186d-4277-a550-800888e8a589,"https://cdn.zeptonow.com/production/tr:w-1280,ar-1500-1500,pr-true,f-auto,q-80/cms/product_variant/6ff354ce-1a96-4190-949f-7a4e077d9419.jpg"
Masala & Dry Fruits,Dehydrated & Dried,"https://cdn.zeptonow.com/production/tr:w-90,ar-120-120,pr-true,f-auto,q-80/cms/sub_category/dbfc9795-fada-4bc5-b817-2d6463d92801.png",Prov Premium-Cranberry,Prov,169,399,250 g,4.1 (391),Sold Out,https://www.zeptonow.com/pn/prov-premium-cranberry/pvid/3f6218c9-6033-4f22-b2ec-3f1933f1181e,"https://cdn.zeptonow.com/production/tr:w-1280,ar-1200-1200,pr-true,f-auto,q-80/cms/product_variant/a70c5100-1a0c-4323-a1aa-5471094a0b16.jpeg"
Masala & Dry Fruits,Dehydrated & Dried,"https://cdn.zeptonow.com/production/tr:w-90,ar-120-120,pr-true,f-auto,q-80/cms/sub_category/dbfc9795-fada-4bc5-b817-2d6463d92801.png",Popular Fit Eats Blueberry,Popular,395,500,150 g,5 (67),Sold Out,https://www.zeptonow.com/pn/popular-fit-eats-blueberry/pvid/31c84f45-bb46-4070-bb0b-77067839f5f1,"https://cdn.zeptonow.com/production/tr:w-1280,ar-1280-853,pr-true,f-auto,q-80/cms/product_variant/dc98e68c-a5ef-4067-8003-b919d5e1e9bf.jpg"
Masala & Dry Fruits,Dehydrated & Dried,"https://cdn.zeptonow.com/production/tr:w-90,ar-120-120,pr-true,f-auto,q-80/cms/sub_category/dbfc9795-fada-4bc5-b817-2d6463d92801.png",Khari Foods Fig / Anjeer Dried,Khari,432,449,250 g,4.9 (201),Sold Out,https://www.zeptonow.com/pn/khari-foods-fig-anjeer-dried/pvid/d69da216-2f97-4b75-9b57-a7ff16eea004,"https://cdn.zeptonow.com/production/tr:w-1280,ar-1500-1500,pr-true,f-auto,q-80/cms/product_variant/2a421a10-dcde-4091-911d-29c430f5c81b.jpeg"
Masala & Dry Fruits,Dehydrated & Dried,"https://cdn.zeptonow.com/production/tr:w-90,ar-120-120,pr-true,f-auto,q-80/cms/sub_category/dbfc9795-fada-4bc5-b817-2d6463d92801.png",Tata Sampann Premium Anjeer (Dried Figs)Rich In Calcium & Fibre,Tata,415,435,200 g,4.7 (402),Sold Out,https://www.zeptonow.com/pn/tata-sampann-premium-anjeer-dried-figsrich-in-calcium-fibre/pvid/655ca681-544c-46f3-99f7-c3504a7c3cab,"https://cdn.zeptonow.com/production/tr:w-1280,ar-1500-1500,pr-true,f-auto,q-80/cms/product_variant/65bc663e-11b8-4807-8b0e-190d030a7ea6.jpg"
Masala & Dry Fruits,Dehydrated & Dried,"https://cdn.zeptonow.com/production/tr:w-90,ar-120-120,pr-true,f-auto,q-80/cms/sub_category/dbfc9795-fada-4bc5-b817-2d6463d92801.png",Khari Foods Prunes Dried,Khari,369,399,200 g,4.6 (531),Sold Out,https://www.zeptonow.com/pn/khari-foods-prunes-dried/pvid/61e0ed59-e4c7-4bef-94d2-d40eebd23c97,"https://cdn.zeptonow.com/production/tr:w-1280,ar-1500-1500,pr-true,f-auto,q-80/cms/product_variant/21097f6d-55a4-4d65-8baf-a1472250ca85.jpeg"
Masala & Dry Fruits,Dehydrated & Dried,"https://cdn.zeptonow.com/production/tr:w-90,ar-120-120,pr-true,f-auto,q-80/cms/sub_category/dbfc9795-fada-4bc5-b817-2d6463d92801.png","Farmley Mix Dried Berries- Cranberries, Blueberries, Strawberries, Black Raisins, Peach & More",Farmley,345,349,200 g,4.6 (1.3k),Sold Out,https://www.zeptonow.com/pn/farmley-mix-dried-berries-cranberries-blueberries-strawberries-black-raisins-peach-more/pvid/820f17b5-7935-476f-8a34-68e83811d942,"https://cdn.zeptonow.com/production/tr:w-1280,ar-2250-2250,pr-true,f-auto,q-80/cms/product_variant/4dc55f33-076a-4fc4-a872-7ad74ef743ca.jpeg"
Masala & Dry Fruits,Dehydrated & Dried,"https://cdn.zeptonow.com/production/tr:w-90,ar-120-120,pr-true,f-auto,q-80/cms/sub_category/dbfc9795-fada-4bc5-b817-2d6463d92801.png",Nutraj American Dried Blueberries,Nutraj,493,599,200 g,4.3 (61),Sold Out,https://www.zeptonow.com/pn/nutraj-american-dried-blueberries/pvid/f8b25c85-590c-4269-bc79-70e1eac8d670,"https://cdn.zeptonow.com/production/tr:w-1280,ar-2400-2400,pr-true,f-auto,q-80/cms/product_variant/f5441a52-38ee-448d-9323-75884df9d6c8.jpg"
Masala & Dry Fruits,Dehydrated & Dried,"https://cdn.zeptonow.com/production/tr:w-90,ar-120-120,pr-true,f-auto,q-80/cms/sub_category/dbfc9795-fada-4bc5-b817-2d6463d92801.png",Khari Foods Mango Dried,Khari,199,199,200 g,3.9 (51),Sold Out,https://www.zeptonow.com/pn/khari-foods-mango-dried/pvid/cd561742-b8ac-417f-8273-3f2b1bebe18f,"https://cdn.zeptonow.com/production/tr:w-1280,ar-1500-1500,pr-true,f-auto,q-80/cms/product_variant/8dc0378b-5a62-4729-b310-d74b1fe8a584.jpeg"
Masala & Dry Fruits,Dehydrated & Dried,"https://cdn.zeptonow.com/production/tr:w-90,ar-120-120,pr-true,f-auto,q-80/cms/sub_category/dbfc9795-fada-4bc5-b817-2d6463d92801.png",Daily Good Figs / Anjeer,Daily Good,511,580,250 g,4.3 (585),Sold Out,https://www.zeptonow.com/pn/daily-good-figs-anjeer/pvid/eb587a83-af37-4988-9a68-4b4cacbd5810,"https://cdn.zeptonow.com/production/tr:w-1280,ar-1000-1000,pr-true,f-auto,q-80/cms/product_variant/76cb3e06-5f6c-4b9f-a993-ab44d10fedb3.jpeg"
Masala & Dry Fruits,Dehydrated & Dried,"https://cdn.zeptonow.com/production/tr:w-90,ar-120-120,pr-true,f-auto,q-80/cms/sub_category/dbfc9795-fada-4bc5-b817-2d6463d92801.png",Daily Good Figs / Anjeer,Daily Good,205,250,100 g,4.5 (7.9k),Sold Out,https://www.zeptonow.com/pn/daily-good-figs-anjeer/pvid/87cbbebf-fa0d-4cc6-aaa4-4c010f8db815,"https://cdn.zeptonow.com/production/tr:w-1280,ar-1000-1000,pr-true,f-auto,q-80/cms/product_variant/0b59d3fd-bc60-4320-92ff-5feeaa330659.jpeg"
Masala & Dry Fruits,Dehydrated & Dried,"https://cdn.zeptonow.com/production/tr:w-90,ar-120-120,pr-true,f-auto,q-80/cms/sub_category/dbfc9795-fada-4bc5-b817-2d6463d92801.png",Smart One Figs - Anjeer,Smart One,388,425,200 g,3.9 (135),Sold Out,https://www.zeptonow.com/pn/smart-one-figs-anjeer/pvid/848744b9-5b52-4f78-abf1-c74933384d0f,"https://cdn.zeptonow.com/production/tr:w-1280,ar-1000-1000,pr-true,f-auto,q-80/cms/product_variant/fa3dbef6-c2c8-4c1d-a5df-82c63c34593a.jpeg"
Masala & Dry Fruits,Dehydrated & Dried,"https://cdn.zeptonow.com/production/tr:w-90,ar-120-120,pr-true,f-auto,q-80/cms/sub_category/dbfc9795-fada-4bc5-b817-2d6463d92801.png",Nutty Gritties Blueberries,Nutty,461,545,150 g,4.1 (103),Sold Out,https://www.zeptonow.com/pn/nutty-gritties-blueberries/pvid/7d117783-6281-4b3f-95fa-2b7c3992efee,"https://cdn.zeptonow.com/production/tr:w-1280,ar-1500-1500,pr-true,f-auto,q-80/cms/product_variant/0c4ba620-4a65-42be-9791-8ec1768858a1.jpeg"
Masala & Dry Fruits,Dehydrated & Dried,"https://cdn.zeptonow.com/production/tr:w-90,ar-120-120,pr-true,f-auto,q-80/cms/sub_category/dbfc9795-fada-4bc5-b817-2d6463d92801.png",Nutty Gritties Premium Soft & Juicy Pitted Prunes,Nutty,286,350,200 g,4 (113),Sold Out,https://www.zeptonow.com/pn/nutty-gritties-premium-soft-juicy-pitted-prunes/pvid/cd628aed-6fc7-4366-978e-efc0ebe4f205,"https://cdn.zeptonow.com/production/tr:w-1280,ar-1000-1000,pr-true,f-auto,q-80/cms/product_variant/abc1821f-cdb5-4486-a60d-fc7f02d9eca4.jpeg"
Masala & Dry Fruits,Dehydrated & Dried,"https://cdn.zeptonow.com/production/tr:w-90,ar-120-120,pr-true,f-auto,q-80/cms/sub_category/dbfc9795-fada-4bc5-b817-2d6463d92801.png",Town Grocer Dried Figs / Anjeer,Town,154,235,100 g,4.7 (984),Sold Out,https://www.zeptonow.com/pn/town-grocer-dried-figs-anjeer/pvid/c2608345-09d4-4943-938f-5cc28a3ee963,"https://cdn.zeptonow.com/production/tr:w-1280,ar-1000-1000,pr-true,f-auto,q-80/cms/product_variant/db97e801-a847-4a67-92e5-b49f6a7c900b.jpeg"
Masala & Dry Fruits,Dehydrated & Dried,"https://cdn.zeptonow.com/production/tr:w-90,ar-120-120,pr-true,f-auto,q-80/cms/sub_category/dbfc9795-fada-4bc5-b817-2d6463d92801.png",TMI Colman Anjeer,TMI,268,399,200 g,4.7 (553),Sold Out,https://www.zeptonow.com/pn/tmi-colman-anjeer/pvid/d9737ae3-77a8-4994-83e8-231d68d80f76,"https://cdn.zeptonow.com/production/tr:w-1280,ar-1389-1389,pr-true,f-auto,q-80/cms/product_variant/9c4263ea-68b8-4675-aa9a-ffa081b2efcf.jpg"
Masala & Dry Fruits,Organic,"https://cdn.zeptonow.com/production/tr:w-90,ar-500-500,pr-true,f-auto,q-80/cms/sub_category/b5fd0879-d421-4036-9d60-f7f5510e91f0.png",Unifit Pumpkin Seeds | Healthy Snack and Topping,Unifit,128,285,200 g,4.6 (499),In Stock,https://www.zeptonow.com/pn/unifit-pumpkin-seeds-healthy-snack-and-topping/pvid/ba393e95-dd23-47ae-b2c7-6490140a9cc9,"https://cdn.zeptonow.com/production/tr:w-1280,ar-1500-1500,pr-true,f-auto,q-80/cms/product_variant/6e19b856-4cc6-4396-8df0-3bcbf4f9c227.jpg"
Masala & Dry Fruits,Organic,"https://cdn.zeptonow.com/production/tr:w-90,ar-500-500,pr-true,f-auto,q-80/cms/sub_category/b5fd0879-d421-4036-9d60-f7f5510e91f0.png",Unifit Chia Seeds |Healthy Snack and Topping,Unifit,112,230,200 g,4.7 (479),In Stock,https://www.zeptonow.com/pn/unifit-chia-seeds-healthy-snack-and-topping/pvid/b9e83f59-fe34-47a9-a956-b332611d8ec1,"https://cdn.zeptonow.com/production/tr:w-1280,ar-2000-2000,pr-true,f-auto,q-80/cms/product_variant/fd282a17-c367-4488-8abd-f1c6a80247a9.jpg"
Masala & Dry Fruits,Organic,"https://cdn.zeptonow.com/production/tr:w-90,ar-500-500,pr-true,f-auto,q-80/cms/sub_category/b5fd0879-d421-4036-9d60-f7f5510e91f0.png",Organic Tattva Brown Sugar,Organic Tattva,160,175,1 kg,4.9 (561),In Stock,https://www.zeptonow.com/pn/organic-tattva-brown-sugar/pvid/017bbffe-863f-47ef-a5cc-713a4e1215fc,"https://cdn.zeptonow.com/production/tr:w-1280,ar-1500-1500,pr-true,f-auto,q-80/cms/product_variant/9529a09e-1827-4889-b463-a54399518b9f.jpeg"
Masala & Dry Fruits,Organic,"https://cdn.zeptonow.com/production/tr:w-90,ar-500-500,pr-true,f-auto,q-80/cms/sub_category/b5fd0879-d421-4036-9d60-f7f5510e91f0.png",24 Mantra Organic Jaggery Powder,24 Mantra,75,80,500 g,4.8 (615),In Stock,https://www.zeptonow.com/pn/24-mantra-organic-jaggery-powder/pvid/bd152528-7939-444c-9d02-e2a77151c546,"https://cdn.zeptonow.com/production/tr:w-1280,ar-1200-1200,pr-true,f-auto,q-80/cms/product_variant/c47d981e-a0d1-44dc-b8f1-9b2c8b6a6fc7.jpeg"
Masala & Dry Fruits,Organic,"https://cdn.zeptonow.com/production/tr:w-90,ar-500-500,pr-true,f-auto,q-80/cms/sub_category/b5fd0879-d421-4036-9d60-f7f5510e91f0.png",Natural Tattva Rock Salt,Natural,60,60,500 g,4.8 (2.0k),In Stock,https://www.zeptonow.com/pn/natural-tattva-rock-salt/pvid/ca9ba161-3cee-4ae8-a1b2-2f7cdc67ff12,"https://cdn.zeptonow.com/production/tr:w-1280,ar-1500-1500,pr-true,f-auto,q-80/cms/product_variant/f37c5612-2afa-4735-ab5e-2c497ec6a4cf.jpeg"
Masala & Dry Fruits,Organic,"https://cdn.zeptonow.com/production/tr:w-90,ar-500-500,pr-true,f-auto,q-80/cms/sub_category/b5fd0879-d421-4036-9d60-f7f5510e91f0.png",24 Mantra Organic Bura (Brown )Sugar Demerara,24 Mantra,70,80,500 g,4.3 (453),In Stock,https://www.zeptonow.com/pn/24-mantra-organic-bura-brown-sugar-demerara/pvid/9926bb07-66ff-4270-affe-ae6dcd49e227,"https://cdn.zeptonow.com/production/tr:w-1280,ar-1200-1200,pr-true,f-auto,q-80/cms/product_variant/b8df80dc-5cd8-40e8-b4f2-afb66605b015.jpeg"
Masala & Dry Fruits,Organic,"https://cdn.zeptonow.com/production/tr:w-90,ar-500-500,pr-true,f-auto,q-80/cms/sub_category/b5fd0879-d421-4036-9d60-f7f5510e91f0.png",Organic Tattva Himalayan Pink Salt Granules,Organic Tattva,68,80,500 g,4.6 (344),In Stock,https://www.zeptonow.com/pn/organic-tattva-himalayan-pink-salt-granules/pvid/cfcf7f9e-1f63-475c-a2f5-0bd2bcf3064c,"https://cdn.zeptonow.com/production/tr:w-1280,ar-1500-1500,pr-true,f-auto,q-80/cms/product_variant/a1e1619d-f543-45be-ba7a-7ac92f2bfa12.jpeg"
Masala & Dry Fruits,Organic,"https://cdn.zeptonow.com/production/tr:w-90,ar-500-500,pr-true,f-auto,q-80/cms/sub_category/b5fd0879-d421-4036-9d60-f7f5510e91f0.png",Organic Tattva Jaggery Powder Pouch,Organic Tattva,81,90,500 g,4.6 (2.0k),In Stock,https://www.zeptonow.com/pn/organic-tattva-jaggery-powder-pouch/pvid/766d9864-db09-4a59-8867-d7bc5d495d0a,"https://cdn.zeptonow.com/production/tr:w-1280,ar-1500-1500,pr-true,f-auto,q-80/cms/product_variant/0250c562-566a-4ec5-8963-22b1a9d0c01b.jpeg"
Masala & Dry Fruits,Organic,"https://cdn.zeptonow.com/production/tr:w-90,ar-500-500,pr-true,f-auto,q-80/cms/sub_category/b5fd0879-d421-4036-9d60-f7f5510e91f0.png",Organic Tattva Sugar,Organic Tattva,72,85,500 g,4.8 (469),In Stock,https://www.zeptonow.com/pn/organic-tattva-sugar/pvid/7ef11d9d-c2d3-4c17-81ac-ffcfc8a4f64c,"https://cdn.zeptonow.com/production/tr:w-1280,ar-1500-1500,pr-true,f-auto,q-80/cms/product_variant/3fde7c22-9010-4039-91fe-760e18124cb8.jpeg"
Masala & Dry Fruits,Organic,"https://cdn.zeptonow.com/production/tr:w-90,ar-500-500,pr-true,f-auto,q-80/cms/sub_category/b5fd0879-d421-4036-9d60-f7f5510e91f0.png",Popular Essentials Organic Jaggery Powder,Popular Essentials,63,80,500 g,4.9 (1.3k),In Stock,https://www.zeptonow.com/pn/popular-essentials-organic-jaggery-powder/pvid/5ce44a7c-6f0b-4253-a226-3bfd722b846f,"https://cdn.zeptonow.com/production/tr:w-1280,ar-1000-1000,pr-true,f-auto,q-80/cms/product_variant/5eb2ca17-ee97-43d8-b625-8705560a5343.jpeg"
Masala & Dry Fruits,Organic,"https://cdn.zeptonow.com/production/tr:w-90,ar-500-500,pr-true,f-auto,q-80/cms/sub_category/b5fd0879-d421-4036-9d60-f7f5510e91f0.png",Organic Tattva Organic Sugar,Organic Tattva,133,160,1 kg,4.8 (59),In Stock,https://www.zeptonow.com/pn/organic-tattva-organic-sugar/pvid/9dde4cf3-1041-44ac-8aa1-b3f2fed6b800,"https://cdn.zeptonow.com/production/tr:w-1280,ar-1500-1500,pr-true,f-auto,q-80/cms/product_variant/94d07ac8-4811-4851-ae63-16039f855fb8.jpeg"
Masala & Dry Fruits,Organic,"https://cdn.zeptonow.com/production/tr:w-90,ar-500-500,pr-true,f-auto,q-80/cms/sub_category/b5fd0879-d421-4036-9d60-f7f5510e91f0.png",Organic India Jaggery Powder,Organic,99,110,500 g,4.6 (2.8k),In Stock,https://www.zeptonow.com/pn/organic-india-jaggery-powder/pvid/205e77c5-774b-40a8-9af1-543100cc7290,"https://cdn.zeptonow.com/production/tr:w-1280,ar-1200-1200,pr-true,f-auto,q-80/cms/product_variant/8b7467ae-8639-4bd8-8ce8-a73e29f18ceb.jpeg"
Masala & Dry Fruits,Organic,"https://cdn.zeptonow.com/production/tr:w-90,ar-500-500,pr-true,f-auto,q-80/cms/sub_category/b5fd0879-d421-4036-9d60-f7f5510e91f0.png","Organic India Stevia Powder, Natural Sweetener, Sugar Free, 25 Sachets",Sugar free,96,105,75 g,4.6 (457),In Stock,https://www.zeptonow.com/pn/organic-india-stevia-powder-natural-sweetener-sugar-free-25-sachets/pvid/50bdf453-2322-42bb-abf7-65ea32af7bb9,"https://cdn.zeptonow.com/production/tr:w-1280,ar-1200-1200,pr-true,f-auto,q-80/cms/product_variant/4e48195f-ce95-4745-96a0-8f275190e62d.jpg"
Masala & Dry Fruits,Organic,"https://cdn.zeptonow.com/production/tr:w-90,ar-500-500,pr-true,f-auto,q-80/cms/sub_category/b5fd0879-d421-4036-9d60-f7f5510e91f0.png",Natureland Organics Himalayan Pink Rock Salt,Natureland,87,98,1 kg,4.9 (629),In Stock,https://www.zeptonow.com/pn/natureland-organics-himalayan-pink-rock-salt/pvid/48351a29-ddb7-45db-96b6-d4d3fde7f359,"https://cdn.zeptonow.com/production/tr:w-1280,ar-1021-1021,pr-true,f-auto,q-80/cms/product_variant/ebc61381-d3d9-40fb-9d3e-4a7e59409733.jpeg"
Masala & Dry Fruits,Organic,"https://cdn.zeptonow.com/production/tr:w-90,ar-500-500,pr-true,f-auto,q-80/cms/sub_category/b5fd0879-d421-4036-9d60-f7f5510e91f0.png",Organic Tattva Organic Chia Seeds,Organic Tattva,103,125,100 g,5 (384),In Stock,https://www.zeptonow.com/pn/organic-tattva-organic-chia-seeds/pvid/444b576f-f323-46b9-8408-3f14518600e1,"https://cdn.zeptonow.com/production/tr:w-1280,ar-1500-1500,pr-true,f-auto,q-80/cms/product_variant/dc356df5-f0fd-4e63-a10e-8c1c309e611a.jpeg"
Masala & Dry Fruits,Organic,"https://cdn.zeptonow.com/production/tr:w-90,ar-500-500,pr-true,f-auto,q-80/cms/sub_category/b5fd0879-d421-4036-9d60-f7f5510e91f0.png",Natureland - Organic Bay Leaf,Natureland,46,55,50 g,4 (148),In Stock,https://www.zeptonow.com/pn/natureland-organic-bay-leaf/pvid/b6505bbe-388b-4da5-90a4-e2f8450779aa,"https://cdn.zeptonow.com/production/tr:w-1280,ar-2300-2958,pr-true,f-auto,q-80/cms/product_variant/9382daba-4080-46f0-aaab-4e947476fbe7.jpg"
Masala & Dry Fruits,Organic,"https://cdn.zeptonow.com/production/tr:w-90,ar-500-500,pr-true,f-auto,q-80/cms/sub_category/b5fd0879-d421-4036-9d60-f7f5510e91f0.png",Forgreen Natural Palm Jaggery Powder With Ginger,Forgreen,205,249,250 g,4.9 (77),In Stock,https://www.zeptonow.com/pn/forgreen-natural-palm-jaggery-powder-with-ginger/pvid/349dbf73-2345-4e55-8d56-b2e05e644299,"https://cdn.zeptonow.com/production/tr:w-1280,ar-1490-2054,pr-true,f-auto,q-80/cms/product_variant/dd5e749c-02ec-4cc6-8d25-80973e2baf80.jpg"
Masala & Dry Fruits,Organic,"https://cdn.zeptonow.com/production/tr:w-90,ar-500-500,pr-true,f-auto,q-80/cms/sub_category/b5fd0879-d421-4036-9d60-f7f5510e91f0.png","Organic India Stevia Powder, Natural Sweetener, Sugar Free",Sugar free,196,225,75 g,4.7 (232),In Stock,https://www.zeptonow.com/pn/organic-india-stevia-powder-natural-sweetener-sugar-free/pvid/8d48be49-8b1f-4dfe-a291-84dce6f65e48,"https://cdn.zeptonow.com/production/tr:w-1280,ar-1200-1200,pr-true,f-auto,q-80/cms/product_variant/1fdcd6e3-a1d2-4df4-bcd4-abb4f384b6fc.jpg"
Masala & Dry Fruits,Organic,"https://cdn.zeptonow.com/production/tr:w-90,ar-500-500,pr-true,f-auto,q-80/cms/sub_category/b5fd0879-d421-4036-9d60-f7f5510e91f0.png",Organic Tattva Turmeric Powder,Organic Tattva,63,70,100 g,4.7 (672),In Stock,https://www.zeptonow.com/pn/organic-tattva-turmeric-powder/pvid/48f3b0f7-f06a-4a19-9753-3e91370d17dc,"https://cdn.zeptonow.com/production/tr:w-1280,ar-1500-1500,pr-true,f-auto,q-80/cms/product_variant/ad624c8f-2584-454c-98af-18361e559ddf.jpeg"
Masala & Dry Fruits,Organic,"https://cdn.zeptonow.com/production/tr:w-90,ar-500-500,pr-true,f-auto,q-80/cms/sub_category/b5fd0879-d421-4036-9d60-f7f5510e91f0.png",24 Mantra Organic Mustard Small,24 Mantra,38,38,100 g,4.4 (196),In Stock,https://www.zeptonow.com/pn/24-mantra-organic-mustard-small/pvid/64a2d9df-1fdd-4ece-af15-ea953d8ff8e4,"https://cdn.zeptonow.com/production/tr:w-1280,ar-1200-1200,pr-true,f-auto,q-80/cms/product_variant/514bf857-d6e3-4e7b-aa43-1b8872c3a1e9.jpeg"
Masala & Dry Fruits,Organic,"https://cdn.zeptonow.com/production/tr:w-90,ar-500-500,pr-true,f-auto,q-80/cms/sub_category/b5fd0879-d421-4036-9d60-f7f5510e91f0.png",Farmley 100% Natural California Almonds - Badam,Farmley,516,899,500 g,4 (364),In Stock,https://www.zeptonow.com/pn/farmley-100-natural-california-almonds-badam/pvid/df1f4b00-777f-499e-8149-c0a335aadd43,"https://cdn.zeptonow.com/production/tr:w-1280,ar-1200-1200,pr-true,f-auto,q-80/cms/product_variant/7fea3a4b-d67d-44bf-b502-584dc30a0382.jpg"
Masala & Dry Fruits,Organic,"https://cdn.zeptonow.com/production/tr:w-90,ar-500-500,pr-true,f-auto,q-80/cms/sub_category/b5fd0879-d421-4036-9d60-f7f5510e91f0.png",Conscious Food Unrefined Organic Raw Sugar,Conscious,89,99,500 g,4.6 (491),In Stock,https://www.zeptonow.com/pn/conscious-food-unrefined-organic-raw-sugar/pvid/bdf776b4-2dab-415d-9bd6-082b7d0076e6,"https://cdn.zeptonow.com/production/tr:w-1280,ar-1080-1080,pr-true,f-auto,q-80/cms/product_variant/e6c9b21b-238d-4938-92f8-87ea022b9ce2.jpeg"
Masala & Dry Fruits,Organic,"https://cdn.zeptonow.com/production/tr:w-90,ar-500-500,pr-true,f-auto,q-80/cms/sub_category/b5fd0879-d421-4036-9d60-f7f5510e91f0.png",Organic Tattva Black Mustard,Organic Tattva,40,40,100 g,5 (391),In Stock,https://www.zeptonow.com/pn/organic-tattva-black-mustard/pvid/e49cbd68-a6fb-428d-aa2c-845cc61f5867,"https://cdn.zeptonow.com/production/tr:w-1280,ar-1500-1500,pr-true,f-auto,q-80/cms/product_variant/615782b5-2e92-40fb-be32-004c98b3c0d3.jpeg"
Masala & Dry Fruits,Organic,"https://cdn.zeptonow.com/production/tr:w-90,ar-500-500,pr-true,f-auto,q-80/cms/sub_category/b5fd0879-d421-4036-9d60-f7f5510e91f0.png",Praakritik Himalayan Pink Salt Natural,Praakritik,110,150,500 g,4.9 (225),In Stock,https://www.zeptonow.com/pn/praakritik-himalayan-pink-salt-natural/pvid/95b133e2-e9bd-431a-ad36-67e1f949c26e,"https://cdn.zeptonow.com/production/tr:w-1280,ar-1200-1200,pr-true,f-auto,q-80/cms/product_variant/2054fffe-9713-407b-8ecf-02cb529a030c.jpg"
Masala & Dry Fruits,Organic,"https://cdn.zeptonow.com/production/tr:w-90,ar-500-500,pr-true,f-auto,q-80/cms/sub_category/b5fd0879-d421-4036-9d60-f7f5510e91f0.png",Organic Tattva Organic Cinnamon,Organic Tattva,91,95,50 g,4.7 (1.1k),In Stock,https://www.zeptonow.com/pn/organic-tattva-organic-cinnamon/pvid/b988203f-e670-4ec5-a546-ffe7ec1faac4,"https://cdn.zeptonow.com/production/tr:w-1280,ar-1500-1500,pr-true,f-auto,q-80/cms/product_variant/8e670062-65d5-47d4-9276-260acbd55f06.jpeg"
Masala & Dry Fruits,Organic,"https://cdn.zeptonow.com/production/tr:w-90,ar-500-500,pr-true,f-auto,q-80/cms/sub_category/b5fd0879-d421-4036-9d60-f7f5510e91f0.png",Natureland Organics Kasuri Methi,Natureland,53,60,50 g,3.9 (243),In Stock,https://www.zeptonow.com/pn/natureland-organics-kasuri-methi/pvid/c1907ca6-349e-4f31-8889-b09a7a370863,"https://cdn.zeptonow.com/production/tr:w-1280,ar-2000-2000,pr-true,f-auto,q-80/cms/product_variant/53693adc-a852-4b7a-a299-6cf831e88340.jpg"
Masala & Dry Fruits,Organic,"https://cdn.zeptonow.com/production/tr:w-90,ar-500-500,pr-true,f-auto,q-80/cms/sub_category/b5fd0879-d421-4036-9d60-f7f5510e91f0.png",Milagro Farm Smoked Paprika,Milagro,75,109,30 g,4.9 (105),In Stock,https://www.zeptonow.com/pn/milagro-farm-smoked-paprika/pvid/03d9d2a5-1f17-4ee7-86ca-93316b38151b,"https://cdn.zeptonow.com/production/tr:w-1280,ar-4514-4514,pr-true,f-auto,q-80/cms/product_variant/f591f203-30bc-4823-919d-f09aa91a4010.jpg"
Masala & Dry Fruits,Organic,"https://cdn.zeptonow.com/production/tr:w-90,ar-500-500,pr-true,f-auto,q-80/cms/sub_category/b5fd0879-d421-4036-9d60-f7f5510e91f0.png","Tata Sampann High Protein Makhana (Foxnut), Phool Makhana for Prasadam, Healthy Snacking, Fasting",Tata,308,320,100 g,4.6 (390),In Stock,https://www.zeptonow.com/pn/tata-sampann-high-protein-makhana-foxnut-phool-makhana-for-prasadam-healthy-snacking-fasting/pvid/abb2a780-73bf-42c8-b852-048a2e725b69,"https://cdn.zeptonow.com/production/tr:w-1280,ar-1200-1200,pr-true,f-auto,q-80/cms/product_variant/407e4c3a-a5b0-41dd-90fe-9c2148488cce.jpeg"
Masala & Dry Fruits,Organic,"https://cdn.zeptonow.com/production/tr:w-90,ar-500-500,pr-true,f-auto,q-80/cms/sub_category/b5fd0879-d421-4036-9d60-f7f5510e91f0.png",Organic Tattva Amchur (Dry Mango) Powder,Organic Tattva,66,80,100 g,4.1 (77),In Stock,https://www.zeptonow.com/pn/organic-tattva-amchur-dry-mango-powder/pvid/454f4a67-03fe-4f37-8a9d-780340db9f95,"https://cdn.zeptonow.com/production/tr:w-1280,ar-1500-1500,pr-true,f-auto,q-80/cms/product_variant/6a33a4f5-b0a3-4b38-9f8a-6a7720a26819.jpeg"
Masala & Dry Fruits,Organic,"https://cdn.zeptonow.com/production/tr:w-90,ar-500-500,pr-true,f-auto,q-80/cms/sub_category/b5fd0879-d421-4036-9d60-f7f5510e91f0.png",Natureland Organic Raisins,Natureland,181,225,250 g,4.3 (125),In Stock,https://www.zeptonow.com/pn/natureland-organic-raisins/pvid/6cdc8fec-47ce-434d-8f63-38cd5ccaea16,"https://cdn.zeptonow.com/production/tr:w-1280,ar-2400-2400,pr-true,f-auto,q-80/cms/product_variant/3eb99812-3d69-4174-891c-34511c85a4f2.jpg"
Masala & Dry Fruits,Organic,"https://cdn.zeptonow.com/production/tr:w-90,ar-500-500,pr-true,f-auto,q-80/cms/sub_category/b5fd0879-d421-4036-9d60-f7f5510e91f0.png",Organic Tattva Fenugreek,Organic Tattva,40,40,100 g,4.8 (324),In Stock,https://www.zeptonow.com/pn/organic-tattva-fenugreek/pvid/5177aa7e-0208-4e42-b995-72db54d903fb,"https://cdn.zeptonow.com/production/tr:w-1280,ar-1500-1500,pr-true,f-auto,q-80/cms/product_variant/1cbbb07e-1211-4770-a56a-bd4588fad879.jpeg"
Masala & Dry Fruits,Organic,"https://cdn.zeptonow.com/production/tr:w-90,ar-500-500,pr-true,f-auto,q-80/cms/sub_category/b5fd0879-d421-4036-9d60-f7f5510e91f0.png",24 Mantra Organic Red Chilly Whole,24 Mantra,72,85,100 g,5 (514),In Stock,https://www.zeptonow.com/pn/24-mantra-organic-red-chilly-whole/pvid/2a90cdf2-1784-4960-8bfb-e518441791c0,"https://cdn.zeptonow.com/production/tr:w-1280,ar-1200-1200,pr-true,f-auto,q-80/cms/product_variant/1107a73e-8a0d-4aec-8122-38622e10ccd1.jpeg"
Masala & Dry Fruits,Organic,"https://cdn.zeptonow.com/production/tr:w-90,ar-500-500,pr-true,f-auto,q-80/cms/sub_category/b5fd0879-d421-4036-9d60-f7f5510e91f0.png",Conscious Food Organic Saunf Seeds,Conscious,71,89,100 g,3.9 (279),In Stock,https://www.zeptonow.com/pn/conscious-food-organic-saunf-seeds/pvid/0c7ca041-8dc6-4265-ab7f-5d0c46cf8182,"https://cdn.zeptonow.com/production/tr:w-1280,ar-1080-1080,pr-true,f-auto,q-80/cms/product_variant/3c9f7d13-d9ab-48db-afd4-4ebb96868691.jpeg"
Masala & Dry Fruits,Organic,"https://cdn.zeptonow.com/production/tr:w-90,ar-500-500,pr-true,f-auto,q-80/cms/sub_category/b5fd0879-d421-4036-9d60-f7f5510e91f0.png",Rajdhani Makahan | Plain Fox Nuts,Rajdhani,201,225,100 g,4.7 (102),In Stock,https://www.zeptonow.com/pn/rajdhani-makahan-plain-fox-nuts/pvid/ececbb32-de9e-43f2-9d87-93b70faf1a9e,"https://cdn.zeptonow.com/production/tr:w-1280,ar-1254-1658,pr-true,f-auto,q-80/cms/product_variant/cad98b47-3f89-4b11-9be3-01dad58a2d8e.jpg"
Masala & Dry Fruits,Organic,"https://cdn.zeptonow.com/production/tr:w-90,ar-500-500,pr-true,f-auto,q-80/cms/sub_category/b5fd0879-d421-4036-9d60-f7f5510e91f0.png",Organic Tattva Tamarind Whole,Organic Tattva,247,270,500 g,4.9 (52),In Stock,https://www.zeptonow.com/pn/organic-tattva-tamarind-whole/pvid/dca32657-5dd6-4848-a852-1b306ff87226,"https://cdn.zeptonow.com/production/tr:w-1280,ar-1500-1500,pr-true,f-auto,q-80/cms/product_variant/24879ec7-d722-4cf1-ae53-6377c39b578a.jpeg"
Masala & Dry Fruits,Organic,"https://cdn.zeptonow.com/production/tr:w-90,ar-500-500,pr-true,f-auto,q-80/cms/sub_category/b5fd0879-d421-4036-9d60-f7f5510e91f0.png",Milagro Farm Cinnamon Powder,Milagro,102,149,35 g,4.5 (131),In Stock,https://www.zeptonow.com/pn/milagro-farm-cinnamon-powder/pvid/51bcc074-7139-4f14-9444-e9d00059b99d,"https://cdn.zeptonow.com/production/tr:w-1280,ar-4514-4514,pr-true,f-auto,q-80/cms/product_variant/a4814450-2f6e-4c59-a61e-07c9446eb0cb.jpg"
Masala & Dry Fruits,Organic,"https://cdn.zeptonow.com/production/tr:w-90,ar-500-500,pr-true,f-auto,q-80/cms/sub_category/b5fd0879-d421-4036-9d60-f7f5510e91f0.png",Organic Tattva Ajwain Whole,Organic Tattva,84,90,100 g,5 (616),In Stock,https://www.zeptonow.com/pn/organic-tattva-ajwain-whole/pvid/2b256ffe-d391-4de5-8133-6565be407b48,"https://cdn.zeptonow.com/production/tr:w-1280,ar-1500-1500,pr-true,f-auto,q-80/cms/product_variant/b4eeffe0-575c-4447-87d7-ebba763c8639.jpeg"
Masala & Dry Fruits,Organic,"https://cdn.zeptonow.com/production/tr:w-90,ar-500-500,pr-true,f-auto,q-80/cms/sub_category/b5fd0879-d421-4036-9d60-f7f5510e91f0.png",Organic Tattva Black Pepper Whole,Organic Tattva,205,235,100 g,4.5 (268),In Stock,https://www.zeptonow.com/pn/organic-tattva-black-pepper-whole/pvid/0f3bc1ab-e5fc-41f1-b9e1-cc5c856893d0,"https://cdn.zeptonow.com/production/tr:w-1280,ar-1500-1500,pr-true,f-auto,q-80/cms/product_variant/4eed12c7-5033-40c7-9815-4c79ee803e10.jpeg"
Masala & Dry Fruits,Organic,"https://cdn.zeptonow.com/production/tr:w-90,ar-500-500,pr-true,f-auto,q-80/cms/sub_category/b5fd0879-d421-4036-9d60-f7f5510e91f0.png",Natureland Fennel Organic Saunf Seeds,Natureland,73,95,100 g,4.5 (185),In Stock,https://www.zeptonow.com/pn/natureland-fennel-organic-saunf-seeds/pvid/e85f037e-0ef9-459f-ac00-4021bebe28ab,"https://cdn.zeptonow.com/production/tr:w-1280,ar-1000-1000,pr-true,f-auto,q-80/cms/product_variant/ca63e229-62a6-41ce-8a6b-89c6caa5b080.jpg"
Masala & Dry Fruits,Organic,"https://cdn.zeptonow.com/production/tr:w-90,ar-500-500,pr-true,f-auto,q-80/cms/sub_category/b5fd0879-d421-4036-9d60-f7f5510e91f0.png",Milagro Farm Oregano,Milagro,75,109,20 g,4.7 (285),In Stock,https://www.zeptonow.com/pn/milagro-farm-oregano/pvid/c70f8068-84bf-43d8-a8ad-0908aad93e06,"https://cdn.zeptonow.com/production/tr:w-1280,ar-4514-4514,pr-true,f-auto,q-80/cms/product_variant/68a58e91-cf1d-42a2-b2bd-b5fde7eb6bb7.jpg"
Masala & Dry Fruits,Organic,"https://cdn.zeptonow.com/production/tr:w-90,ar-500-500,pr-true,f-auto,q-80/cms/sub_category/b5fd0879-d421-4036-9d60-f7f5510e91f0.png",Organic Tattva Cumin Whole,Organic Tattva,169,180,100 g,4.9 (292),In Stock,https://www.zeptonow.com/pn/organic-tattva-cumin-whole/pvid/463829d2-3f2e-4a72-8c3c-f53ba486f494,"https://cdn.zeptonow.com/production/tr:w-1280,ar-1500-1500,pr-true,f-auto,q-80/cms/product_variant/25efc0fb-a6dc-4a78-a60c-46a420cf70a5.jpeg"
Masala & Dry Fruits,Organic,"https://cdn.zeptonow.com/production/tr:w-90,ar-500-500,pr-true,f-auto,q-80/cms/sub_category/b5fd0879-d421-4036-9d60-f7f5510e91f0.png",Milagro Farm Mixed Herbs,Milagro,88,129,20 g,4.7 (152),In Stock,https://www.zeptonow.com/pn/milagro-farm-mixed-herbs/pvid/b3897a07-22d2-4faa-aafe-ee45f982c813,"https://cdn.zeptonow.com/production/tr:w-1280,ar-4514-4514,pr-true,f-auto,q-80/cms/product_variant/eb9d72de-70ef-47c6-a988-8435eeb2dbff.jpg"
Masala & Dry Fruits,Organic,"https://cdn.zeptonow.com/production/tr:w-90,ar-500-500,pr-true,f-auto,q-80/cms/sub_category/b5fd0879-d421-4036-9d60-f7f5510e91f0.png",Milagro Farm Chilli Flakes,Milagro,75,109,25 g,5 (236),In Stock,https://www.zeptonow.com/pn/milagro-farm-chilli-flakes/pvid/d65cb125-cfe3-43fe-82b6-1ab02d22198d,"https://cdn.zeptonow.com/production/tr:w-1280,ar-4514-4514,pr-true,f-auto,q-80/cms/product_variant/b3b6992e-9868-4bd4-bd9f-94649be8e8f9.jpg"
Masala & Dry Fruits,Organic,"https://cdn.zeptonow.com/production/tr:w-90,ar-500-500,pr-true,f-auto,q-80/cms/sub_category/b5fd0879-d421-4036-9d60-f7f5510e91f0.png",Milagro Farm Parlsey,Milagro,75,109,10 g,4.4 (518),In Stock,https://www.zeptonow.com/pn/milagro-farm-parlsey/pvid/fa9a26d6-e32f-497c-b28e-b3006200c221,"https://cdn.zeptonow.com/production/tr:w-1280,ar-4514-4514,pr-true,f-auto,q-80/cms/product_variant/56a9fb5d-3f6f-46f8-ab8b-8214e6d8b212.jpg"
Masala & Dry Fruits,Organic,"https://cdn.zeptonow.com/production/tr:w-90,ar-500-500,pr-true,f-auto,q-80/cms/sub_category/b5fd0879-d421-4036-9d60-f7f5510e91f0.png",Organic Tattva Kalonji,Organic Tattva,70,85,100 g,4.7 (364),In Stock,https://www.zeptonow.com/pn/organic-tattva-kalonji/pvid/af5e63f7-4c68-4468-bf7b-843864f6ca02,"https://cdn.zeptonow.com/production/tr:w-1280,ar-1500-1500,pr-true,f-auto,q-80/cms/product_variant/ca05f8f0-b244-4673-b16b-a15a82b0350b.jpeg"
Masala & Dry Fruits,Organic,"https://cdn.zeptonow.com/production/tr:w-90,ar-500-500,pr-true,f-auto,q-80/cms/sub_category/b5fd0879-d421-4036-9d60-f7f5510e91f0.png",Organic Tattva Organic Walnuts,Organic Tattva,615,750,100 g,4.7 (95),In Stock,https://www.zeptonow.com/pn/organic-tattva-organic-walnuts/pvid/fad2e09e-6191-40d0-ab3e-f9ed11a90178,"https://cdn.zeptonow.com/production/tr:w-1280,ar-885-1050,pr-true,f-auto,q-80/inventory/product/f87a112f-8625-452f-bd78-ebab0a52bc24-/tmp/20230314-1318151.jpeg"
Masala & Dry Fruits,Organic,"https://cdn.zeptonow.com/production/tr:w-90,ar-500-500,pr-true,f-auto,q-80/cms/sub_category/b5fd0879-d421-4036-9d60-f7f5510e91f0.png",Natureland Organics Cinnamon Stick,Natureland,82,140,75 g,4.8 (82),In Stock,https://www.zeptonow.com/pn/natureland-organics-cinnamon-stick/pvid/eacb487f-1d9e-4fdc-a06c-55e7afb8be2b,"https://cdn.zeptonow.com/production/tr:w-1280,ar-1024-1463,pr-true,f-auto,q-80/cms/product_variant/a92c9401-d6f7-4dab-8c58-a439f22ca062.jpg"
Masala & Dry Fruits,Organic,"https://cdn.zeptonow.com/production/tr:w-90,ar-500-500,pr-true,f-auto,q-80/cms/sub_category/b5fd0879-d421-4036-9d60-f7f5510e91f0.png",24 Mantra Organic Turmeric-Haldi Powder,24 Mantra,112,120,200 g,4.3 (220),In Stock,https://www.zeptonow.com/pn/24-mantra-organic-turmeric-haldi-powder/pvid/df194344-16cb-4115-9e92-57468f91dc72,"https://cdn.zeptonow.com/production/tr:w-1280,ar-1200-1200,pr-true,f-auto,q-80/cms/product_variant/483d20be-6d20-4ead-b7de-4d57208c1ad9.jpeg"
Masala & Dry Fruits,Organic,"https://cdn.zeptonow.com/production/tr:w-90,ar-500-500,pr-true,f-auto,q-80/cms/sub_category/b5fd0879-d421-4036-9d60-f7f5510e91f0.png",Natureland Organics Ajwain Carom Seeds,Natureland,68,90,100 g,5 (133),In Stock,https://www.zeptonow.com/pn/natureland-organics-ajwain-carom-seeds/pvid/d101728a-1690-48fc-bbf5-f7991d84e4e4,"https://cdn.zeptonow.com/production/tr:w-1280,ar-1024-1463,pr-true,f-auto,q-80/cms/product_variant/2419631f-479a-482e-9be8-1575b74d8e62.jpg"
Masala & Dry Fruits,Organic,"https://cdn.zeptonow.com/production/tr:w-90,ar-500-500,pr-true,f-auto,q-80/cms/sub_category/b5fd0879-d421-4036-9d60-f7f5510e91f0.png",Organic Tattva Tandoori Masala,Organic Tattva,123,150,100 g,5 (178),In Stock,https://www.zeptonow.com/pn/organic-tattva-tandoori-masala/pvid/bed7a40f-0e71-4153-8fea-a4b7dd0c55b9,"https://cdn.zeptonow.com/production/tr:w-1280,ar-1200-1200,pr-true,f-auto,q-80/cms/product_variant/24d8661b-76b5-446f-82c9-089ba59dfc6a.jpeg"
Masala & Dry Fruits,Organic,"https://cdn.zeptonow.com/production/tr:w-90,ar-500-500,pr-true,f-auto,q-80/cms/sub_category/b5fd0879-d421-4036-9d60-f7f5510e91f0.png",24 Mantra Organic Cumin,24 Mantra,97,130,100 g,4.8 (84),In Stock,https://www.zeptonow.com/pn/24-mantra-organic-cumin/pvid/89e6c6bc-797a-499f-bcff-05d2a907beee,"https://cdn.zeptonow.com/production/tr:w-1280,ar-1200-1200,pr-true,f-auto,q-80/cms/product_variant/5937f349-2a17-4507-9c8e-ade25d565cc7.jpeg"
Masala & Dry Fruits,Organic,"https://cdn.zeptonow.com/production/tr:w-90,ar-500-500,pr-true,f-auto,q-80/cms/sub_category/b5fd0879-d421-4036-9d60-f7f5510e91f0.png",Badshah Chicken Masala,Badshah,62,92,100 g,4.8 (223),In Stock,https://www.zeptonow.com/pn/badshah-chicken-masala/pvid/9f3c135b-64c1-4943-821e-65ab3d622df5,"https://cdn.zeptonow.com/production/tr:w-1280,ar-2000-2000,pr-true,f-auto,q-80/cms/product_variant/d9ccce2d-4067-45d5-b4cc-b0adfb474446.jpeg"
Masala & Dry Fruits,Organic,"https://cdn.zeptonow.com/production/tr:w-90,ar-500-500,pr-true,f-auto,q-80/cms/sub_category/b5fd0879-d421-4036-9d60-f7f5510e91f0.png",Milagro Farm Bbq Seasoning,Milagro,88,129,45 g,4 (66),In Stock,https://www.zeptonow.com/pn/milagro-farm-bbq-seasoning/pvid/6544c75c-ecba-4331-a975-a1a57af5464c,"https://cdn.zeptonow.com/production/tr:w-1280,ar-4514-4514,pr-true,f-auto,q-80/cms/product_variant/c3359bb2-4f34-4399-b101-a9cb7103cfcb.jpg"
Masala & Dry Fruits,Organic,"https://cdn.zeptonow.com/production/tr:w-90,ar-500-500,pr-true,f-auto,q-80/cms/sub_category/b5fd0879-d421-4036-9d60-f7f5510e91f0.png",Milagro Farm Rosemary,Milagro,75,109,15 g,4.9 (69),In Stock,https://www.zeptonow.com/pn/milagro-farm-rosemary/pvid/fcd81882-4869-4fe9-a81f-d3803a4d692d,"https://cdn.zeptonow.com/production/tr:w-1280,ar-4514-4514,pr-true,f-auto,q-80/cms/product_variant/50925771-0956-4268-8324-7f349afbb8d2.jpg"
Masala & Dry Fruits,Organic,"https://cdn.zeptonow.com/production/tr:w-90,ar-500-500,pr-true,f-auto,q-80/cms/sub_category/b5fd0879-d421-4036-9d60-f7f5510e91f0.png",Conscious Food Organic Cumin Seeds / Jeera Seeds,Conscious,113,175,100 g,4.5 (136),In Stock,https://www.zeptonow.com/pn/conscious-food-organic-cumin-seeds-jeera-seeds/pvid/b90a9ff0-bca7-48ca-b5a4-aa48fa655d10,"https://cdn.zeptonow.com/production/tr:w-1280,ar-1080-1080,pr-true,f-auto,q-80/cms/product_variant/e932f1ef-ca05-4ee6-a59f-78bf111dd821.jpeg"
Masala & Dry Fruits,Organic,"https://cdn.zeptonow.com/production/tr:w-90,ar-500-500,pr-true,f-auto,q-80/cms/sub_category/b5fd0879-d421-4036-9d60-f7f5510e91f0.png",Organic Tattva Rajma Masala,Organic Tattva,148,180,100 g,5 (59),In Stock,https://www.zeptonow.com/pn/organic-tattva-rajma-masala/pvid/422b48c2-99e0-4d4a-b3fb-84cf1d2aa196,"https://cdn.zeptonow.com/production/tr:w-1280,ar-1500-1500,pr-true,f-auto,q-80/cms/product_variant/9fee661f-978f-41cd-be6c-9df1c9a96e81.jpeg"
Masala & Dry Fruits,Organic,"https://cdn.zeptonow.com/production/tr:w-90,ar-500-500,pr-true,f-auto,q-80/cms/sub_category/b5fd0879-d421-4036-9d60-f7f5510e91f0.png",Milagro Farm Chipotle Seasoning,Milagro,102,149,40 g,4.5 (662),In Stock,https://www.zeptonow.com/pn/milagro-farm-chipotle-seasoning/pvid/047e7bca-659b-45a2-9ea0-b963a2b16044,"https://cdn.zeptonow.com/production/tr:w-1280,ar-4514-4514,pr-true,f-auto,q-80/cms/product_variant/e7d9c230-d035-46ad-8d6e-70f9c8b09b05.jpg"
Masala & Dry Fruits,Organic,"https://cdn.zeptonow.com/production/tr:w-90,ar-500-500,pr-true,f-auto,q-80/cms/sub_category/b5fd0879-d421-4036-9d60-f7f5510e91f0.png",24 Mantra Turmeric Powder,24 Mantra,60,60,100 g,4.7 (789),In Stock,https://www.zeptonow.com/pn/24-mantra-turmeric-powder/pvid/177e1e40-f737-4ef0-a70b-513c6c1f8486,"https://cdn.zeptonow.com/production/tr:w-1280,ar-1200-1200,pr-true,f-auto,q-80/cms/product_variant/059549d6-cb53-402d-ac46-15151c356e75.jpeg"
Masala & Dry Fruits,Organic,"https://cdn.zeptonow.com/production/tr:w-90,ar-500-500,pr-true,f-auto,q-80/cms/sub_category/b5fd0879-d421-4036-9d60-f7f5510e91f0.png",Milagro Farm Pizza Seasoning,Milagro,102,149,35 g,4.9 (104),In Stock,https://www.zeptonow.com/pn/milagro-farm-pizza-seasoning/pvid/7ef4c863-c785-454d-9860-ef549a6f893b,"https://cdn.zeptonow.com/production/tr:w-1280,ar-4514-4514,pr-true,f-auto,q-80/cms/product_variant/59425b7a-4643-4ba0-8857-e6a3c657103f.jpg"
Masala & Dry Fruits,Organic,"https://cdn.zeptonow.com/production/tr:w-90,ar-500-500,pr-true,f-auto,q-80/cms/sub_category/b5fd0879-d421-4036-9d60-f7f5510e91f0.png",Milagro Farm Black Pepper Powder,Milagro,129,189,40 g,4.2 (527),In Stock,https://www.zeptonow.com/pn/milagro-farm-black-pepper-powder/pvid/3a73e228-f6da-4f0d-a11b-d9432dbc6f31,"https://cdn.zeptonow.com/production/tr:w-1280,ar-4514-4514,pr-true,f-auto,q-80/cms/product_variant/1f217269-aff8-439f-867b-48742b0c0aed.jpg"
Masala & Dry Fruits,Organic,"https://cdn.zeptonow.com/production/tr:w-90,ar-500-500,pr-true,f-auto,q-80/cms/sub_category/b5fd0879-d421-4036-9d60-f7f5510e91f0.png",Organic Tattva Amla Powder,Organic Tattva,128,155,100 g,4.3 (360),In Stock,https://www.zeptonow.com/pn/organic-tattva-amla-powder/pvid/6a787735-d039-4af4-9e51-bb981e4c1e11,"https://cdn.zeptonow.com/production/tr:w-1280,ar-1500-1500,pr-true,f-auto,q-80/cms/product_variant/e256ebdc-12af-4585-8f7f-c72d32c5b992.jpeg"
Masala & Dry Fruits,Organic,"https://cdn.zeptonow.com/production/tr:w-90,ar-500-500,pr-true,f-auto,q-80/cms/sub_category/b5fd0879-d421-4036-9d60-f7f5510e91f0.png",Milagro Farm Garlic Bread Seasoning,Milagro,102,149,40 g,4.9 (54),In Stock,https://www.zeptonow.com/pn/milagro-farm-garlic-bread-seasoning/pvid/1bf985ee-e0d6-48a6-9d20-f2db06641528,"https://cdn.zeptonow.com/production/tr:w-1280,ar-4514-4514,pr-true,f-auto,q-80/cms/product_variant/03607839-a6b4-4e95-9b8b-1c283540f2ac.jpg"
Masala & Dry Fruits,Organic,"https://cdn.zeptonow.com/production/tr:w-90,ar-500-500,pr-true,f-auto,q-80/cms/sub_category/b5fd0879-d421-4036-9d60-f7f5510e91f0.png",Organic Tattva Pav Bhaji Masala,Organic Tattva,115,140,100 g,4.8 (103),In Stock,https://www.zeptonow.com/pn/organic-tattva-pav-bhaji-masala/pvid/42ce89c9-3ee2-4393-8312-a062e5840d09,"https://cdn.zeptonow.com/production/tr:w-1280,ar-2400-2400,pr-true,f-auto,q-80/cms/product_variant/1147d9b0-16a2-485b-a637-0e57f0c4f0f4.jpg"
Masala & Dry Fruits,Organic,"https://cdn.zeptonow.com/production/tr:w-90,ar-500-500,pr-true,f-auto,q-80/cms/sub_category/b5fd0879-d421-4036-9d60-f7f5510e91f0.png",Organic Tattva Cumin Powder,Organic Tattva,168,190,100 g,5 (86),In Stock,https://www.zeptonow.com/pn/organic-tattva-cumin-powder/pvid/5d7ee467-3670-48a0-bfbe-893fa002bffc,"https://cdn.zeptonow.com/production/tr:w-1280,ar-1500-1500,pr-true,f-auto,q-80/cms/product_variant/e10d872d-733a-43a5-8047-a76f9e5db055.jpeg"
Masala & Dry Fruits,Organic,"https://cdn.zeptonow.com/production/tr:w-90,ar-500-500,pr-true,f-auto,q-80/cms/sub_category/b5fd0879-d421-4036-9d60-f7f5510e91f0.png",Organic Tattva Kitchen King Masala,Organic Tattva,105,115,100 g,4.1 (162),In Stock,https://www.zeptonow.com/pn/organic-tattva-kitchen-king-masala/pvid/2c802957-8978-4262-8ba9-ba2035c1be53,"https://cdn.zeptonow.com/production/tr:w-1280,ar-1500-1500,pr-true,f-auto,q-80/cms/product_variant/43caea74-445f-4cd4-93eb-d0bcd6e6ba6f.jpeg"
Masala & Dry Fruits,Organic,"https://cdn.zeptonow.com/production/tr:w-90,ar-500-500,pr-true,f-auto,q-80/cms/sub_category/b5fd0879-d421-4036-9d60-f7f5510e91f0.png",Khari Foods Prunes Dried,Khari,369,399,200 g,4.6 (531),Sold Out,https://www.zeptonow.com/pn/khari-foods-prunes-dried/pvid/61e0ed59-e4c7-4bef-94d2-d40eebd23c97,"https://cdn.zeptonow.com/production/tr:w-1280,ar-1500-1500,pr-true,f-auto,q-80/cms/product_variant/21097f6d-55a4-4d65-8baf-a1472250ca85.jpeg"
Masala & Dry Fruits,Organic,"https://cdn.zeptonow.com/production/tr:w-90,ar-500-500,pr-true,f-auto,q-80/cms/sub_category/b5fd0879-d421-4036-9d60-f7f5510e91f0.png",Natureland Organics Brown Sugar,Natureland,70,90,500 g,4.1 (357),Sold Out,https://www.zeptonow.com/pn/natureland-organics-brown-sugar/pvid/ed4a43a9-a287-4b01-9041-4373e1f1c1ac,"https://cdn.zeptonow.com/production/tr:w-1280,ar-1500-1500,pr-true,f-auto,q-80/cms/product_variant/04b2a616-030c-4ad3-b251-95ca9e583de4.jpg"
Masala & Dry Fruits,Organic,"https://cdn.zeptonow.com/production/tr:w-90,ar-500-500,pr-true,f-auto,q-80/cms/sub_category/b5fd0879-d421-4036-9d60-f7f5510e91f0.png",24 Mantra Organic Sugar,24 Mantra,131,145,1 kg,4.2 (518),Sold Out,https://www.zeptonow.com/pn/24-mantra-organic-sugar/pvid/1823cc05-7591-4d2f-afb5-612a298e798c,"https://cdn.zeptonow.com/production/tr:w-1280,ar-1200-1200,pr-true,f-auto,q-80/cms/product_variant/6d421bb9-5a59-4a70-b986-2ea4ed48bede.jpeg"
Masala & Dry Fruits,Organic,"https://cdn.zeptonow.com/production/tr:w-90,ar-500-500,pr-true,f-auto,q-80/cms/sub_category/b5fd0879-d421-4036-9d60-f7f5510e91f0.png",Organic Tattva Brown Sugar Pouch,Organic Tattva,80,90,500 g,4.9 (2.5k),Sold Out,https://www.zeptonow.com/pn/organic-tattva-brown-sugar-pouch/pvid/5527238d-4230-4633-862f-090e5c73502a,"https://cdn.zeptonow.com/production/tr:w-1280,ar-1500-1500,pr-true,f-auto,q-80/cms/product_variant/66d83e62-a20d-42b4-8d13-6696d6ffa829.jpeg"
Masala & Dry Fruits,Organic,"https://cdn.zeptonow.com/production/tr:w-90,ar-500-500,pr-true,f-auto,q-80/cms/sub_category/b5fd0879-d421-4036-9d60-f7f5510e91f0.png",Nutraj Classic Safed Til (Sesame Seeds Natural),Nutraj,30,50,100 g,4.5 (451),Sold Out,https://www.zeptonow.com/pn/nutraj-classic-safed-til-sesame-seeds-natural/pvid/821084f8-0a0b-4afa-858e-27daa797ecdf,"https://cdn.zeptonow.com/production/tr:w-1280,ar-2000-2000,pr-true,f-auto,q-80/cms/product_variant/2f6e012e-c214-4ff1-b516-f07c06aafbea.jpg"
Masala & Dry Fruits,Organic,"https://cdn.zeptonow.com/production/tr:w-90,ar-500-500,pr-true,f-auto,q-80/cms/sub_category/b5fd0879-d421-4036-9d60-f7f5510e91f0.png",Organic Tattva Coriander Powder,Organic Tattva,73,80,100 g,4.9 (155),Sold Out,https://www.zeptonow.com/pn/organic-tattva-coriander-powder/pvid/9a0959c9-6276-4e71-bc92-d2720657088b,"https://cdn.zeptonow.com/production/tr:w-1280,ar-1500-1500,pr-true,f-auto,q-80/cms/product_variant/996b5f06-7f34-4ab3-bf2d-d06834079cf4.jpeg"
Masala & Dry Fruits,Organic,"https://cdn.zeptonow.com/production/tr:w-90,ar-500-500,pr-true,f-auto,q-80/cms/sub_category/b5fd0879-d421-4036-9d60-f7f5510e91f0.png",Milagro Farm Italian Pasta Seasoning,Milagro,102,149,35 g,4.4 (100),Sold Out,https://www.zeptonow.com/pn/milagro-farm-italian-pasta-seasoning/pvid/8514fa42-392a-46c1-b44f-d760e89c0574,"https://cdn.zeptonow.com/production/tr:w-1280,ar-4514-4514,pr-true,f-auto,q-80/cms/product_variant/dbb5c7f8-343f-4c8e-b50b-e5263d745d01.jpg"
Masala & Dry Fruits,Organic,"https://cdn.zeptonow.com/production/tr:w-90,ar-500-500,pr-true,f-auto,q-80/cms/sub_category/b5fd0879-d421-4036-9d60-f7f5510e91f0.png",Organic Tattva Red Chilly Powder,Organic Tattva,96,110,100 g,5 (142),Sold Out,https://www.zeptonow.com/pn/organic-tattva-red-chilly-powder/pvid/ad52a33c-c3d1-4a8c-bf02-c5d79136127c,"https://cdn.zeptonow.com/production/tr:w-1280,ar-1000-1000,pr-true,f-auto,q-80/cms/product_variant/a6ad1c69-30a4-4c80-afed-8c5803aa9a76.jpeg"
Masala & Dry Fruits,Organic,"https://cdn.zeptonow.com/production/tr:w-90,ar-500-500,pr-true,f-auto,q-80/cms/sub_category/b5fd0879-d421-4036-9d60-f7f5510e91f0.png",Organic Tattva Sambar Powder,Organic Tattva,111,135,100 g,5 (85),Sold Out,https://www.zeptonow.com/pn/organic-tattva-sambar-powder/pvid/9f571573-2833-4138-8667-9d4a15c4ced6,"https://cdn.zeptonow.com/production/tr:w-1280,ar-1500-1500,pr-true,f-auto,q-80/cms/product_variant/9ceb6fb9-9475-4189-a47e-2fb282dd354b.jpeg"
Masala & Dry Fruits,Organic,"https://cdn.zeptonow.com/production/tr:w-90,ar-500-500,pr-true,f-auto,q-80/cms/sub_category/b5fd0879-d421-4036-9d60-f7f5510e91f0.png",Natureland Organics Cumin Whole,Natureland,86,145,100 g,4.3 (99),Sold Out,https://www.zeptonow.com/pn/natureland-organics-cumin-whole/pvid/26db3409-fd0f-47c5-a948-72a0df695a2d,"https://cdn.zeptonow.com/production/tr:w-1280,ar-1024-1463,pr-true,f-auto,q-80/cms/product_variant/dee8eba6-a8e6-4e2d-b988-69764e01fc78.jpg"
Masala & Dry Fruits,Organic,"https://cdn.zeptonow.com/production/tr:w-90,ar-500-500,pr-true,f-auto,q-80/cms/sub_category/b5fd0879-d421-4036-9d60-f7f5510e91f0.png",Organic Tattva Brown Mustard (Rai),Organic Tattva,40,40,100 g,4.4 (339),Sold Out,https://www.zeptonow.com/pn/organic-tattva-brown-mustard-rai/pvid/3c3d32bd-96cc-4652-8b3e-9fd46dc16b28,"https://cdn.zeptonow.com/production/tr:w-1280,ar-1500-1500,pr-true,f-auto,q-80/cms/product_variant/c3a3f3f3-1368-4264-b567-c501fe07007b.jpeg"
Masala & Dry Fruits,Organic,"https://cdn.zeptonow.com/production/tr:w-90,ar-500-500,pr-true,f-auto,q-80/cms/sub_category/b5fd0879-d421-4036-9d60-f7f5510e91f0.png",Organic Tattva Coriander Whole,Organic Tattva,58,70,100 g,4.2 (336),Sold Out,https://www.zeptonow.com/pn/organic-tattva-coriander-whole/pvid/34cd0422-d7cc-4f40-8366-5e07b8f4a682,"https://cdn.zeptonow.com/production/tr:w-1280,ar-1500-1500,pr-true,f-auto,q-80/cms/product_variant/aaa85a2f-951d-4fc6-87af-5c3108f9fb39.jpeg"
Masala & Dry Fruits,Organic,"https://cdn.zeptonow.com/production/tr:w-90,ar-500-500,pr-true,f-auto,q-80/cms/sub_category/b5fd0879-d421-4036-9d60-f7f5510e91f0.png",24 Mantra Organic Chilly Powder,24 Mantra,89,100,100 g,5 (67),Sold Out,https://www.zeptonow.com/pn/24-mantra-organic-chilly-powder/pvid/50521ef2-9234-4d06-960f-2bb3ff17727d,"https://cdn.zeptonow.com/production/tr:w-1280,ar-1200-1200,pr-true,f-auto,q-80/cms/product_variant/7679c8f1-d902-4b7b-ab13-f50782dadc33.jpeg"
Masala & Dry Fruits,Organic,"https://cdn.zeptonow.com/production/tr:w-90,ar-500-500,pr-true,f-auto,q-80/cms/sub_category/b5fd0879-d421-4036-9d60-f7f5510e91f0.png",Pro Nature 100% Organic Cardamom (Small),MOM,354,465,50 g,4.1 (72),Sold Out,https://www.zeptonow.com/pn/pro-nature-100-organic-cardamom-small/pvid/7d4a6513-8242-420d-a998-0e340dbbafd6,"https://cdn.zeptonow.com/production/tr:w-1280,ar-1000-1000,pr-true,f-auto,q-80/cms/product_variant/04ef2ad8-9f9d-41dd-b7ee-5666e8acca49.jpg"
Masala & Dry Fruits,Organic,"https://cdn.zeptonow.com/production/tr:w-90,ar-500-500,pr-true,f-auto,q-80/cms/sub_category/b5fd0879-d421-4036-9d60-f7f5510e91f0.png",Organic Tattva Chana Masala,Organic Tattva,119,145,100 g,5 (68),Sold Out,https://www.zeptonow.com/pn/organic-tattva-chana-masala/pvid/419d6619-54d0-45df-88fc-ded04b59fbd4,"https://cdn.zeptonow.com/production/tr:w-1280,ar-1500-1500,pr-true,f-auto,q-80/cms/product_variant/f150793d-73f3-457a-a60a-30d34e7eb0f3.jpeg"
Masala & Dry Fruits,Organic,"https://cdn.zeptonow.com/production/tr:w-90,ar-500-500,pr-true,f-auto,q-80/cms/sub_category/b5fd0879-d421-4036-9d60-f7f5510e91f0.png",Milagro Farm Tandoori Seasoning,Milagro,102,149,45 g,4.2 (67),Sold Out,https://www.zeptonow.com/pn/milagro-farm-tandoori-seasoning/pvid/461d4a64-b5ee-4248-af2b-b6316fb918e2,"https://cdn.zeptonow.com/production/tr:w-1280,ar-4514-4514,pr-true,f-auto,q-80/cms/product_variant/8a03eb54-3f31-49ca-8838-1be3eca6d5dc.jpg"
Masala & Dry Fruits,Organic,"https://cdn.zeptonow.com/production/tr:w-90,ar-500-500,pr-true,f-auto,q-80/cms/sub_category/b5fd0879-d421-4036-9d60-f7f5510e91f0.png",Conscious Food Turmeric Powder Organic & Iron-Pounded,Conscious,48,60,100 g,5 (347),Sold Out,https://www.zeptonow.com/pn/conscious-food-turmeric-powder-organic-iron-pounded/pvid/a2f14a22-9bd4-4f5c-8196-abcaa5ee486f,"https://cdn.zeptonow.com/production/tr:w-1280,ar-1080-1080,pr-true,f-auto,q-80/cms/product_variant/095c37c8-fb23-40dd-acf4-774fbd72836a.jpeg"
Masala & Dry Fruits,Organic,"https://cdn.zeptonow.com/production/tr:w-90,ar-500-500,pr-true,f-auto,q-80/cms/sub_category/b5fd0879-d421-4036-9d60-f7f5510e91f0.png",Organic Tattva Cinnamon powder,Organic Tattva,206,225,100 g,4.7 (109),Sold Out,https://www.zeptonow.com/pn/organic-tattva-cinnamon-powder/pvid/a65f6d50-6a9b-4ef2-80e5-7a308a0f405f,"https://cdn.zeptonow.com/production/tr:w-1280,ar-1500-1500,pr-true,f-auto,q-80/cms/product_variant/c6ca4164-1c3d-4c35-b714-a21abe1cc4dc.jpeg"
Masala & Dry Fruits,Organic,"https://cdn.zeptonow.com/production/tr:w-90,ar-500-500,pr-true,f-auto,q-80/cms/sub_category/b5fd0879-d421-4036-9d60-f7f5510e91f0.png",Organic Tattva Rasam Powder,Organic Tattva,119,145,100 g,4.6 (151),Sold Out,https://www.zeptonow.com/pn/organic-tattva-rasam-powder/pvid/275b53eb-47af-4805-8656-f30e902cfb4d,"https://cdn.zeptonow.com/production/tr:w-1280,ar-1500-1500,pr-true,f-auto,q-80/cms/product_variant/639af012-009d-40b5-ba7d-1abe314479c0.jpeg"
Masala & Dry Fruits,Organic,"https://cdn.zeptonow.com/production/tr:w-90,ar-500-500,pr-true,f-auto,q-80/cms/sub_category/b5fd0879-d421-4036-9d60-f7f5510e91f0.png",Earthen Story Organic Raw Flax Seeds,Earthen,119,200,250 g,4.6 (102),Sold Out,https://www.zeptonow.com/pn/earthen-story-organic-raw-flax-seeds/pvid/9bbffd30-d567-4bd6-bfad-dc52983f3850,"https://cdn.zeptonow.com/production/tr:w-1280,ar-1500-1500,pr-true,f-auto,q-80/cms/product_variant/393a5be2-910e-490e-b3bb-d924f180638d.jpeg"
Masala & Dry Fruits,Organic,"https://cdn.zeptonow.com/production/tr:w-90,ar-500-500,pr-true,f-auto,q-80/cms/sub_category/b5fd0879-d421-4036-9d60-f7f5510e91f0.png",Earthen Story Organic Raw Sunflower Seeds,Earthen,175,250,250 g,5 (85),Sold Out,https://www.zeptonow.com/pn/earthen-story-organic-raw-sunflower-seeds/pvid/2911f241-aa73-48e3-925d-62364b0b8dd6,"https://cdn.zeptonow.com/production/tr:w-1280,ar-1500-1500,pr-true,f-auto,q-80/cms/product_variant/6250a7f1-3240-40c3-b463-3220714d36a7.jpeg"
Masala & Dry Fruits,Organic,"https://cdn.zeptonow.com/production/tr:w-90,ar-500-500,pr-true,f-auto,q-80/cms/sub_category/b5fd0879-d421-4036-9d60-f7f5510e91f0.png",Earthen Story Organic Raw Pumpkin Seeds,Earthen,255,375,250 g,4.2 (54),Sold Out,https://www.zeptonow.com/pn/earthen-story-organic-raw-pumpkin-seeds/pvid/67ec3c74-9bff-4427-a286-f73612719d33,"https://cdn.zeptonow.com/production/tr:w-1280,ar-1500-1500,pr-true,f-auto,q-80/cms/product_variant/7e370db9-7d30-4abb-89b4-4e47ef6c32ea.jpeg"
Masala & Dry Fruits,Organic,"https://cdn.zeptonow.com/production/tr:w-90,ar-500-500,pr-true,f-auto,q-80/cms/sub_category/b5fd0879-d421-4036-9d60-f7f5510e91f0.png",Earthen Story Organic Raw Chia Seeds,Earthen,169,250,250 g,4.6 (76),Sold Out,https://www.zeptonow.com/pn/earthen-story-organic-raw-chia-seeds/pvid/c3f89909-b5ac-42de-b87e-530b4be056e3,"https://cdn.zeptonow.com/production/tr:w-1280,ar-1500-1500,pr-true,f-auto,q-80/cms/product_variant/fa3e1d4d-2bc5-45e3-a0f2-ad3a110aec7f.jpeg"
Masala & Dry Fruits,Organic,"https://cdn.zeptonow.com/production/tr:w-90,ar-500-500,pr-true,f-auto,q-80/cms/sub_category/b5fd0879-d421-4036-9d60-f7f5510e91f0.png",Earthen Story Organic Raw Basil Seeds,Earthen,190,325,250 g,5 (60),Sold Out,https://www.zeptonow.com/pn/earthen-story-organic-raw-basil-seeds/pvid/aa3329f7-3a63-4ac0-b038-bec12f6efd06,"https://cdn.zeptonow.com/production/tr:w-1280,ar-2500-2500,pr-true,f-auto,q-80/cms/product_variant/909babf7-b984-4841-953f-fc6b84d65c62.jpeg"
Masala & Dry Fruits,Organic,"https://cdn.zeptonow.com/production/tr:w-90,ar-500-500,pr-true,f-auto,q-80/cms/sub_category/b5fd0879-d421-4036-9d60-f7f5510e91f0.png",Praakritik Organic Ginger Powder,Praakritik,139,139,100 g,4.8 (130),Sold Out,https://www.zeptonow.com/pn/praakritik-organic-ginger-powder/pvid/a2861309-95e4-48d0-8d62-470230907267,"https://cdn.zeptonow.com/production/tr:w-1280,ar-1000-1000,pr-true,f-auto,q-80/cms/product_variant/f71f3912-350a-4ece-8ff9-2a59c6b854f5.jpeg"
Masala & Dry Fruits,Organic,"https://cdn.zeptonow.com/production/tr:w-90,ar-500-500,pr-true,f-auto,q-80/cms/sub_category/b5fd0879-d421-4036-9d60-f7f5510e91f0.png",Khari Foods Fig / Anjeer Dried,Khari,432,449,250 g,4.9 (201),Sold Out,https://www.zeptonow.com/pn/khari-foods-fig-anjeer-dried/pvid/d69da216-2f97-4b75-9b57-a7ff16eea004,"https://cdn.zeptonow.com/production/tr:w-1280,ar-1500-1500,pr-true,f-auto,q-80/cms/product_variant/2a421a10-dcde-4091-911d-29c430f5c81b.jpeg"
Masala & Dry Fruits,Organic,"https://cdn.zeptonow.com/production/tr:w-90,ar-500-500,pr-true,f-auto,q-80/cms/sub_category/b5fd0879-d421-4036-9d60-f7f5510e91f0.png",Unifit Royal Dates | Naturally Sweet and Nutritious |Premium Quality,Unifit,147,320,500 g,4.2 (604),Sold Out,https://www.zeptonow.com/pn/unifit-royal-dates-naturally-sweet-and-nutritious-premium-quality/pvid/567c0fab-5ce3-4724-afcb-ab02966b2d00,"https://cdn.zeptonow.com/production/tr:w-1280,ar-1500-1500,pr-true,f-auto,q-80/cms/product_variant/5a025e10-1b6a-440f-b7a9-84a386a44654.jpg"
Masala & Dry Fruits,Premium,"https://cdn.zeptonow.com/production/tr:w-90,ar-500-500,pr-true,f-auto,q-80/cms/sub_category/846b3ce5-5d83-48e5-ad82-853bc49453d3.png",Safe Harvest Pesticide - Free Jaggery Powder,Safe,79,88,500 g,4.6 (2.6k),In Stock,https://www.zeptonow.com/pn/safe-harvest-pesticide-free-jaggery-powder/pvid/38ae02ba-78b1-4339-b444-1b9e8ce54f17,"https://cdn.zeptonow.com/production/tr:w-1280,ar-2400-2400,pr-true,f-auto,q-80/cms/product_variant/375959dd-c7d7-4ffe-8454-d04cf4685ef8.jpg"
Masala & Dry Fruits,Premium,"https://cdn.zeptonow.com/production/tr:w-90,ar-500-500,pr-true,f-auto,q-80/cms/sub_category/846b3ce5-5d83-48e5-ad82-853bc49453d3.png",Safe Harvest Pesticide-Free Khandsari Sugar | Artisanal | No Artificial Flavors,Safe,72,80,500 g,4.7 (1.2k),In Stock,https://www.zeptonow.com/pn/safe-harvest-pesticide-free-khandsari-sugar-artisanal-no-artificial-flavors/pvid/1a154d43-3689-42cb-a6d3-4212b2720470,"https://cdn.zeptonow.com/production/tr:w-1280,ar-1021-1021,pr-true,f-auto,q-80/cms/product_variant/71442b12-ce2d-4a80-bb3b-9bb6d0825934.jpeg"
Masala & Dry Fruits,Premium,"https://cdn.zeptonow.com/production/tr:w-90,ar-500-500,pr-true,f-auto,q-80/cms/sub_category/846b3ce5-5d83-48e5-ad82-853bc49453d3.png",Safe Harvest Pesticide-Free Khandsari Sugar | Artisanal | No Artificial Flavors,Safe,138,149,1 kg,4.7 (1.0k),In Stock,https://www.zeptonow.com/pn/safe-harvest-pesticide-free-khandsari-sugar-artisanal-no-artificial-flavors/pvid/8bf5fdf4-fc5a-45e0-9623-7b3222e103ce,"https://cdn.zeptonow.com/production/tr:w-1280,ar-1021-1021,pr-true,f-auto,q-80/cms/product_variant/f53bb969-c3ee-47aa-bf32-e778ef53fcf6.jpeg"
Masala & Dry Fruits,Premium,"https://cdn.zeptonow.com/production/tr:w-90,ar-500-500,pr-true,f-auto,q-80/cms/sub_category/846b3ce5-5d83-48e5-ad82-853bc49453d3.png",Conscious Food Raw Sugar Natural Unprocessed,Conscious,140,175,1 kg,4.8 (719),In Stock,https://www.zeptonow.com/pn/conscious-food-raw-sugar-natural-unprocessed/pvid/ecff990d-d15e-4612-a5e0-974381f4ff0f,"https://cdn.zeptonow.com/production/tr:w-1280,ar-1080-1080,pr-true,f-auto,q-80/cms/product_variant/a6d23252-f246-4620-bd22-fd0a781945da.jpeg"
Masala & Dry Fruits,Premium,"https://cdn.zeptonow.com/production/tr:w-90,ar-500-500,pr-true,f-auto,q-80/cms/sub_category/846b3ce5-5d83-48e5-ad82-853bc49453d3.png",Two Brothers Jaggery Powder | Pouch,Two Brothers,138,150,500 g,4.5 (694),In Stock,https://www.zeptonow.com/pn/two-brothers-jaggery-powder-pouch/pvid/b774767c-66d1-4f7c-8bdb-03ed4eb5bd0b,"https://cdn.zeptonow.com/production/tr:w-1280,ar-2000-2000,pr-true,f-auto,q-80/cms/product_variant/c66ab2ac-8249-465d-ab0d-de0de6d0cd0b.jpeg"
Masala & Dry Fruits,Premium,"https://cdn.zeptonow.com/production/tr:w-90,ar-500-500,pr-true,f-auto,q-80/cms/sub_category/846b3ce5-5d83-48e5-ad82-853bc49453d3.png",Conscious Food Sugarcane Jaggery Natural,Conscious,159,199,925 g,4.7 (179),In Stock,https://www.zeptonow.com/pn/conscious-food-sugarcane-jaggery-natural/pvid/e6759037-0cb2-40a5-9dc4-9d9e72166e91,"https://cdn.zeptonow.com/production/tr:w-1280,ar-1080-1080,pr-true,f-auto,q-80/cms/product_variant/a04fb1f7-36b4-4cbc-8654-97d2bd020e84.jpeg"
Masala & Dry Fruits,Premium,"https://cdn.zeptonow.com/production/tr:w-90,ar-500-500,pr-true,f-auto,q-80/cms/sub_category/846b3ce5-5d83-48e5-ad82-853bc49453d3.png",Safe Harvest Pesticide - Free Fennel (Seeds)(Saunf),Safe,60,110,100 g,4.6 (116),In Stock,https://www.zeptonow.com/pn/safe-harvest-pesticide-free-fennel-seedssaunf/pvid/0bcbcc0e-0dfd-4240-b9c7-a9586905dc74,"https://cdn.zeptonow.com/production/tr:w-1280,ar-1859-2641,pr-true,f-auto,q-80/cms/product_variant/084cdc5e-e4ff-420a-bd19-d9671461f7d0.jpg"
Masala & Dry Fruits,Premium,"https://cdn.zeptonow.com/production/tr:w-90,ar-500-500,pr-true,f-auto,q-80/cms/sub_category/846b3ce5-5d83-48e5-ad82-853bc49453d3.png",Milagro Farm Smoked Paprika,Milagro,75,109,30 g,4.9 (105),In Stock,https://www.zeptonow.com/pn/milagro-farm-smoked-paprika/pvid/03d9d2a5-1f17-4ee7-86ca-93316b38151b,"https://cdn.zeptonow.com/production/tr:w-1280,ar-4514-4514,pr-true,f-auto,q-80/cms/product_variant/f591f203-30bc-4823-919d-f09aa91a4010.jpg"
Masala & Dry Fruits,Premium,"https://cdn.zeptonow.com/production/tr:w-90,ar-500-500,pr-true,f-auto,q-80/cms/sub_category/846b3ce5-5d83-48e5-ad82-853bc49453d3.png",Safe Harvest Pesticide-Free Jeera,Safe,156,240,200 g,4 (173),In Stock,https://www.zeptonow.com/pn/safe-harvest-pesticide-free-jeera/pvid/88868931-c4db-4e26-af8d-afb8c27608cc,"https://cdn.zeptonow.com/production/tr:w-1280,ar-1000-1000,pr-true,f-auto,q-80/cms/product_variant/ee759454-aee9-4114-b524-6b635d39a02f.jpeg"
Masala & Dry Fruits,Premium,"https://cdn.zeptonow.com/production/tr:w-90,ar-500-500,pr-true,f-auto,q-80/cms/sub_category/846b3ce5-5d83-48e5-ad82-853bc49453d3.png",Milagro Farm Pizza Seasoning,Milagro,102,149,35 g,4.9 (104),In Stock,https://www.zeptonow.com/pn/milagro-farm-pizza-seasoning/pvid/7ef4c863-c785-454d-9860-ef549a6f893b,"https://cdn.zeptonow.com/production/tr:w-1280,ar-4514-4514,pr-true,f-auto,q-80/cms/product_variant/59425b7a-4643-4ba0-8857-e6a3c657103f.jpg"
Masala & Dry Fruits,Premium,"https://cdn.zeptonow.com/production/tr:w-90,ar-500-500,pr-true,f-auto,q-80/cms/sub_category/846b3ce5-5d83-48e5-ad82-853bc49453d3.png",Natural Tattva Rock Salt,Natural,60,60,500 g,4.8 (2.0k),In Stock,https://www.zeptonow.com/pn/natural-tattva-rock-salt/pvid/ca9ba161-3cee-4ae8-a1b2-2f7cdc67ff12,"https://cdn.zeptonow.com/production/tr:w-1280,ar-1500-1500,pr-true,f-auto,q-80/cms/product_variant/f37c5612-2afa-4735-ab5e-2c497ec6a4cf.jpeg"
Masala & Dry Fruits,Premium,"https://cdn.zeptonow.com/production/tr:w-90,ar-500-500,pr-true,f-auto,q-80/cms/sub_category/846b3ce5-5d83-48e5-ad82-853bc49453d3.png",By Nature Himalayan Pink Salt Salt In Fresh Mineral Rich Low Sodium Pink Salt Flavorful Vegan Food,By,146,160,400 g,4.9 (436),In Stock,https://www.zeptonow.com/pn/by-nature-himalayan-pink-salt-salt-in-fresh-mineral-rich-low-sodium-pink-salt-flavorful-vegan-food/pvid/ac14e0cb-d98e-41cf-a3e6-e46ff9724506,"https://cdn.zeptonow.com/production/tr:w-1280,ar-1200-1200,pr-true,f-auto,q-80/cms/product_variant/edea0cb3-f958-4175-bdad-270af2d0439e.jpeg"
Masala & Dry Fruits,Premium,"https://cdn.zeptonow.com/production/tr:w-90,ar-500-500,pr-true,f-auto,q-80/cms/sub_category/846b3ce5-5d83-48e5-ad82-853bc49453d3.png",Himalayan Natives Himalayan Pink Salt - Powder,Himalayan,89,189,1 kg,4.1 (367),In Stock,https://www.zeptonow.com/pn/himalayan-natives-himalayan-pink-salt-powder/pvid/5b5dfcaa-75db-4f91-8732-a48d1da52f9b,"https://cdn.zeptonow.com/production/tr:w-1280,ar-1080-1080,pr-true,f-auto,q-80/cms/product_variant/1a25227b-1178-4bf5-b76a-d4d16960a712.jpeg"
Masala & Dry Fruits,Premium,"https://cdn.zeptonow.com/production/tr:w-90,ar-500-500,pr-true,f-auto,q-80/cms/sub_category/846b3ce5-5d83-48e5-ad82-853bc49453d3.png",Safe Harvest Pesticide-Free Seedless Tamarind | Seedless Imli | Soft & Delicious,Delicious,194,270,500 g,4.5 (1.1k),In Stock,https://www.zeptonow.com/pn/safe-harvest-pesticide-free-seedless-tamarind-seedless-imli-soft-delicious/pvid/90be2763-4008-40b9-be2b-7e9ae96161c6,"https://cdn.zeptonow.com/production/tr:w-1280,ar-1021-1021,pr-true,f-auto,q-80/cms/product_variant/8e1f270b-85c8-4c9c-af75-b82b4e6c74fc.jpeg"
Masala & Dry Fruits,Premium,"https://cdn.zeptonow.com/production/tr:w-90,ar-500-500,pr-true,f-auto,q-80/cms/sub_category/846b3ce5-5d83-48e5-ad82-853bc49453d3.png",Safe Harvest Pesticide - Free Fenugreek Seeds (Methi),Safe,49,75,200 g,4.5 (234),In Stock,https://www.zeptonow.com/pn/safe-harvest-pesticide-free-fenugreek-seeds-methi/pvid/45f5cb2e-995f-47fc-916b-6f3d329dad97,"https://cdn.zeptonow.com/production/tr:w-1280,ar-1859-2641,pr-true,f-auto,q-80/cms/product_variant/92235182-cb3f-4ec9-9c6a-b340f6d8c0c2.jpg"
Masala & Dry Fruits,Premium,"https://cdn.zeptonow.com/production/tr:w-90,ar-500-500,pr-true,f-auto,q-80/cms/sub_category/846b3ce5-5d83-48e5-ad82-853bc49453d3.png",Safe Harvest Pesticide-Free Black Pepper,Safe,160,210,100 g,5 (232),In Stock,https://www.zeptonow.com/pn/safe-harvest-pesticide-free-black-pepper/pvid/e9918b10-3f46-4a76-ba01-c57306846ca1,"https://cdn.zeptonow.com/production/tr:w-1280,ar-817-1113,pr-true,f-auto,q-80/inventory/product/e9918b10-3f46-4a76-ba01-c57306846ca1-1zQ9hlOsNcbtYZbEb3qWgqlweX29y5jKA.jpeg"
Masala & Dry Fruits,Premium,"https://cdn.zeptonow.com/production/tr:w-90,ar-500-500,pr-true,f-auto,q-80/cms/sub_category/846b3ce5-5d83-48e5-ad82-853bc49453d3.png",DeHaat Honest Farms Pesticide Free Saunf | Fennel,DeHaat,55,82,100 g,4.8 (1.7k),In Stock,https://www.zeptonow.com/pn/dehaat-honest-farms-pesticide-free-saunf-fennel/pvid/9fca27fb-f8bf-4874-a7e2-5eb906e9a8d1,"https://cdn.zeptonow.com/production/tr:w-1280,ar-900-900,pr-true,f-auto,q-80/cms/product_variant/1eb85bd4-61b2-4409-b311-e715991739d6.jpg"
Masala & Dry Fruits,Premium,"https://cdn.zeptonow.com/production/tr:w-90,ar-500-500,pr-true,f-auto,q-80/cms/sub_category/846b3ce5-5d83-48e5-ad82-853bc49453d3.png",Praakritik Himalayan Pink Salt Natural,Praakritik,110,150,500 g,4.9 (225),In Stock,https://www.zeptonow.com/pn/praakritik-himalayan-pink-salt-natural/pvid/95b133e2-e9bd-431a-ad36-67e1f949c26e,"https://cdn.zeptonow.com/production/tr:w-1280,ar-1200-1200,pr-true,f-auto,q-80/cms/product_variant/2054fffe-9713-407b-8ecf-02cb529a030c.jpg"
Masala & Dry Fruits,Premium,"https://cdn.zeptonow.com/production/tr:w-90,ar-500-500,pr-true,f-auto,q-80/cms/sub_category/846b3ce5-5d83-48e5-ad82-853bc49453d3.png",Milagro Farm Cinnamon Powder,Milagro,102,149,35 g,4.5 (131),In Stock,https://www.zeptonow.com/pn/milagro-farm-cinnamon-powder/pvid/51bcc074-7139-4f14-9444-e9d00059b99d,"https://cdn.zeptonow.com/production/tr:w-1280,ar-4514-4514,pr-true,f-auto,q-80/cms/product_variant/a4814450-2f6e-4c59-a61e-07c9446eb0cb.jpg"
Masala & Dry Fruits,Premium,"https://cdn.zeptonow.com/production/tr:w-90,ar-500-500,pr-true,f-auto,q-80/cms/sub_category/846b3ce5-5d83-48e5-ad82-853bc49453d3.png",Milagro Farm Oregano,Milagro,75,109,20 g,4.7 (285),In Stock,https://www.zeptonow.com/pn/milagro-farm-oregano/pvid/c70f8068-84bf-43d8-a8ad-0908aad93e06,"https://cdn.zeptonow.com/production/tr:w-1280,ar-4514-4514,pr-true,f-auto,q-80/cms/product_variant/68a58e91-cf1d-42a2-b2bd-b5fde7eb6bb7.jpg"
Masala & Dry Fruits,Premium,"https://cdn.zeptonow.com/production/tr:w-90,ar-500-500,pr-true,f-auto,q-80/cms/sub_category/846b3ce5-5d83-48e5-ad82-853bc49453d3.png",Milagro Farm Mixed Herbs,Milagro,88,129,20 g,4.7 (152),In Stock,https://www.zeptonow.com/pn/milagro-farm-mixed-herbs/pvid/b3897a07-22d2-4faa-aafe-ee45f982c813,"https://cdn.zeptonow.com/production/tr:w-1280,ar-4514-4514,pr-true,f-auto,q-80/cms/product_variant/eb9d72de-70ef-47c6-a988-8435eeb2dbff.jpg"
Masala & Dry Fruits,Premium,"https://cdn.zeptonow.com/production/tr:w-90,ar-500-500,pr-true,f-auto,q-80/cms/sub_category/846b3ce5-5d83-48e5-ad82-853bc49453d3.png",DeHaat Honest Farms Pesticide Free Black Pepper Whole,DeHaat,122,190,100 g,4.4 (352),In Stock,https://www.zeptonow.com/pn/dehaat-honest-farms-pesticide-free-black-pepper-whole/pvid/630e67e9-498a-4ebc-a7ea-09fa351209cb,"https://cdn.zeptonow.com/production/tr:w-1280,ar-900-900,pr-true,f-auto,q-80/cms/product_variant/8d8d187b-4049-45c7-af53-66b9d7cb52ec.jpg"
Masala & Dry Fruits,Premium,"https://cdn.zeptonow.com/production/tr:w-90,ar-500-500,pr-true,f-auto,q-80/cms/sub_category/846b3ce5-5d83-48e5-ad82-853bc49453d3.png",Milagro Farm Chilli Flakes,Milagro,75,109,25 g,5 (236),In Stock,https://www.zeptonow.com/pn/milagro-farm-chilli-flakes/pvid/d65cb125-cfe3-43fe-82b6-1ab02d22198d,"https://cdn.zeptonow.com/production/tr:w-1280,ar-4514-4514,pr-true,f-auto,q-80/cms/product_variant/b3b6992e-9868-4bd4-bd9f-94649be8e8f9.jpg"
Masala & Dry Fruits,Premium,"https://cdn.zeptonow.com/production/tr:w-90,ar-500-500,pr-true,f-auto,q-80/cms/sub_category/846b3ce5-5d83-48e5-ad82-853bc49453d3.png",DeHaat Honest Farms Pesticide Free Mithila Makhana (Premium),DeHaat,384,590,200 g,4.6 (407),In Stock,https://www.zeptonow.com/pn/dehaat-honest-farms-pesticide-free-mithila-makhana-premium/pvid/3587cf18-24b1-4a3e-8526-cf5c3ea4b409,"https://cdn.zeptonow.com/production/tr:w-1280,ar-900-900,pr-true,f-auto,q-80/cms/product_variant/24056c45-ec88-4896-be4f-505a885917ad.jpg"
Masala & Dry Fruits,Premium,"https://cdn.zeptonow.com/production/tr:w-90,ar-500-500,pr-true,f-auto,q-80/cms/sub_category/846b3ce5-5d83-48e5-ad82-853bc49453d3.png",DeHaat Honest Farms Pesticide Free Ajwain,DeHaat,52,80,100 g,4.9 (395),In Stock,https://www.zeptonow.com/pn/dehaat-honest-farms-pesticide-free-ajwain/pvid/41243137-cb40-4ece-8552-e705ff6a4833,"https://cdn.zeptonow.com/production/tr:w-1280,ar-900-900,pr-true,f-auto,q-80/cms/product_variant/834dffaf-b2d1-4db8-9e13-68d24bb0ef3f.jpg"
Masala & Dry Fruits,Premium,"https://cdn.zeptonow.com/production/tr:w-90,ar-500-500,pr-true,f-auto,q-80/cms/sub_category/846b3ce5-5d83-48e5-ad82-853bc49453d3.png",DeHaat Honest Farms Pesticide Free Cumin (Jeera ) Whole,DeHaat,80,125,100 g,5 (270),In Stock,https://www.zeptonow.com/pn/dehaat-honest-farms-pesticide-free-cumin-jeera-whole/pvid/0564963e-d592-4a9b-808d-ff1850491cbf,"https://cdn.zeptonow.com/production/tr:w-1280,ar-900-900,pr-true,f-auto,q-80/cms/product_variant/8572f56e-7bc3-4386-ae53-f49eafa8cb7f.jpg"
Masala & Dry Fruits,Premium,"https://cdn.zeptonow.com/production/tr:w-90,ar-500-500,pr-true,f-auto,q-80/cms/sub_category/846b3ce5-5d83-48e5-ad82-853bc49453d3.png",DeHaat Honest Farms Pesticide Free Green Cardamom,MOM,282,440,50 g,4.8 (462),In Stock,https://www.zeptonow.com/pn/dehaat-honest-farms-pesticide-free-green-cardamom/pvid/b00cb535-7bd8-4ae3-a2d8-3202349e1428,"https://cdn.zeptonow.com/production/tr:w-1280,ar-900-900,pr-true,f-auto,q-80/cms/product_variant/e2527f44-c357-499f-9902-6611126be932.jpg"
Masala & Dry Fruits,Premium,"https://cdn.zeptonow.com/production/tr:w-90,ar-500-500,pr-true,f-auto,q-80/cms/sub_category/846b3ce5-5d83-48e5-ad82-853bc49453d3.png",Safe Harvest Pesticide - Free Black Cardamom (Badi Elachi),MOM,125,156,40 g,4.2 (76),Sold Out,https://www.zeptonow.com/pn/safe-harvest-pesticide-free-black-cardamom-badi-elachi/pvid/23c55a71-c9ba-43cc-af50-9dc331b7bf5b,"https://cdn.zeptonow.com/production/tr:w-1280,ar-1859-2641,pr-true,f-auto,q-80/cms/product_variant/e11592bb-2ac9-4823-981c-cc204349af90.jpg"
Masala & Dry Fruits,Premium,"https://cdn.zeptonow.com/production/tr:w-90,ar-500-500,pr-true,f-auto,q-80/cms/sub_category/846b3ce5-5d83-48e5-ad82-853bc49453d3.png",Safe Harvest Pesticide-Free Coriander Seeds,Safe,64,79,200 g,5 (522),Sold Out,https://www.zeptonow.com/pn/safe-harvest-pesticide-free-coriander-seeds/pvid/08860201-8aac-48ce-8234-23648e2eac2c,"https://cdn.zeptonow.com/production/tr:w-1280,ar-1000-1000,pr-true,f-auto,q-80/cms/product_variant/57df10a5-b9ce-46dc-96d9-e1b6545ce9df.jpeg"
Masala & Dry Fruits,Premium,"https://cdn.zeptonow.com/production/tr:w-90,ar-500-500,pr-true,f-auto,q-80/cms/sub_category/846b3ce5-5d83-48e5-ad82-853bc49453d3.png",Two Brothers Jaggery Block | Cartton,Two Brothers,287,299,900 g,5 (154),Sold Out,https://www.zeptonow.com/pn/two-brothers-jaggery-block-cartton/pvid/0ddb5432-eb0c-4fe5-b59c-0a819f32f294,"https://cdn.zeptonow.com/production/tr:w-1280,ar-1500-1500,pr-true,f-auto,q-80/cms/product_variant/8f57e4f8-2a18-490b-afc8-008935250ea1.jpg"
Masala & Dry Fruits,Premium,"https://cdn.zeptonow.com/production/tr:w-90,ar-500-500,pr-true,f-auto,q-80/cms/sub_category/846b3ce5-5d83-48e5-ad82-853bc49453d3.png",Safe Harvest Pesticide-Free Seedless Tamarind | Seedless Imli | Soft & Delicious,Delicious,69,135,200 g,4.5 (1.2k),Sold Out,https://www.zeptonow.com/pn/safe-harvest-pesticide-free-seedless-tamarind-seedless-imli-soft-delicious/pvid/4eab02a5-1154-4560-8810-d2c51cadd6fd,"https://cdn.zeptonow.com/production/tr:w-1280,ar-1000-1000,pr-true,f-auto,q-80/cms/product_variant/6c0d0b68-97df-4da7-9b71-97b86d4f7603.jpeg"
Masala & Dry Fruits,Premium,"https://cdn.zeptonow.com/production/tr:w-90,ar-500-500,pr-true,f-auto,q-80/cms/sub_category/846b3ce5-5d83-48e5-ad82-853bc49453d3.png",Indic Wisdom Khandsari Sugar Unprocessed Unrefined,Indic,108,150,800 g,4.1 (335),Sold Out,https://www.zeptonow.com/pn/indic-wisdom-khandsari-sugar-unprocessed-unrefined/pvid/b4c3ed31-a414-490d-8759-9ccd3829fbc4,"https://cdn.zeptonow.com/production/tr:w-1280,ar-1080-1080,pr-true,f-auto,q-80/cms/product_variant/da453601-a815-4554-b5ae-706846c4f0ea.jpg"
Masala & Dry Fruits,Premium,"https://cdn.zeptonow.com/production/tr:w-90,ar-500-500,pr-true,f-auto,q-80/cms/sub_category/846b3ce5-5d83-48e5-ad82-853bc49453d3.png",Safe Harvest Pesticide - Free Cassia Sticks (Dalchini),Safe,57,75,50 g,4.3 (124),Sold Out,https://www.zeptonow.com/pn/safe-harvest-pesticide-free-cassia-sticks-dalchini/pvid/ab56f9d6-2f6d-45e7-a048-d2e298650632,"https://cdn.zeptonow.com/production/tr:w-1280,ar-1859-2641,pr-true,f-auto,q-80/cms/product_variant/385d0de3-e7d5-4df0-afa2-77b0721a6fb2.jpg"
Masala & Dry Fruits,Premium,"https://cdn.zeptonow.com/production/tr:w-90,ar-500-500,pr-true,f-auto,q-80/cms/sub_category/846b3ce5-5d83-48e5-ad82-853bc49453d3.png",Safe Harvest Pesticide - Free Cloves Whole (Laung),Safe,69,95,30 g,4.9 (130),Sold Out,https://www.zeptonow.com/pn/safe-harvest-pesticide-free-cloves-whole-laung/pvid/9f71e646-abd9-43e7-bd9c-4d87108e8a89,"https://cdn.zeptonow.com/production/tr:w-1280,ar-1802-2560,pr-true,f-auto,q-80/cms/product_variant/4ff1ff2f-4146-4ddd-aec5-16823d4e9931.jpg"
Masala & Dry Fruits,Premium,"https://cdn.zeptonow.com/production/tr:w-90,ar-500-500,pr-true,f-auto,q-80/cms/sub_category/846b3ce5-5d83-48e5-ad82-853bc49453d3.png",DeHaat Honest Farms Pesticide Free Black Cardamom,MOM,103,160,30 g,4.2 (754),Sold Out,https://www.zeptonow.com/pn/dehaat-honest-farms-pesticide-free-black-cardamom/pvid/3e541b62-0276-4da6-b35f-c39776814364,"https://cdn.zeptonow.com/production/tr:w-1280,ar-4096-4096,pr-true,f-auto,q-80/cms/product_variant/7da9ecd4-c54e-4648-a390-10d492311709.jpg"
Masala & Dry Fruits,Premium,"https://cdn.zeptonow.com/production/tr:w-90,ar-500-500,pr-true,f-auto,q-80/cms/sub_category/846b3ce5-5d83-48e5-ad82-853bc49453d3.png",DeHaat Honest Farms Pesticide Free Tamarind | Seedless,DeHaat,173,270,500 g,4.8 (170),Sold Out,https://www.zeptonow.com/pn/dehaat-honest-farms-pesticide-free-tamarind-seedless/pvid/e95140f7-f023-4db1-af9a-c445dc64bc46,"https://cdn.zeptonow.com/production/tr:w-1280,ar-900-900,pr-true,f-auto,q-80/cms/product_variant/7700ca8f-e69f-4d42-ad67-e4d19ec93967.jpg"
Masala & Dry Fruits,Premium,"https://cdn.zeptonow.com/production/tr:w-90,ar-500-500,pr-true,f-auto,q-80/cms/sub_category/846b3ce5-5d83-48e5-ad82-853bc49453d3.png",DeHaat Honest Farms Pesticide Free Fenugreek (Methi),DeHaat,43,67,200 g,4.6 (382),Sold Out,https://www.zeptonow.com/pn/dehaat-honest-farms-pesticide-free-fenugreek-methi/pvid/10b7f483-a8b8-4f00-92cc-4948f730153c,"https://cdn.zeptonow.com/production/tr:w-1280,ar-900-900,pr-true,f-auto,q-80/cms/product_variant/3cf238e1-9d43-459d-bd13-a172d854e70e.jpg"
Masala & Dry Fruits,Premium,"https://cdn.zeptonow.com/production/tr:w-90,ar-500-500,pr-true,f-auto,q-80/cms/sub_category/846b3ce5-5d83-48e5-ad82-853bc49453d3.png",Safe Harvest Pesticide - Free Carom Seeds (Ajwain),Safe,52,90,100 g,4.5 (121),Sold Out,https://www.zeptonow.com/pn/safe-harvest-pesticide-free-carom-seeds-ajwain/pvid/11fba67b-5f46-466e-81b4-d157eb7c155a,"https://cdn.zeptonow.com/production/tr:w-1280,ar-1859-2641,pr-true,f-auto,q-80/cms/product_variant/8c21536e-e04c-4c08-b915-ec4fd9125e1c.jpg"
