main_category,sub_category,sub_category_image_url,product_name,brand,price,original_price,quantity,rating,stock_status,product_url,image_url
"Meats, Fish & Eggs",Top Picks,"https://cdn.zeptonow.com/production/tr:w-90,ar-120-121,pr-true,f-auto,q-80/cms/sub_category/117.png",Relish Chicken Curry Cut Without Skin,Relish,149,185,480 - 500 g (11-13 Pieces),4.5 (22.4k),In Stock,https://www.zeptonow.com/pn/relish-chicken-curry-cut-without-skin/pvid/85bdc499-07fc-46e9-a3dc-1ee9be917418,"https://cdn.zeptonow.com/production/tr:w-1280,ar-1500-1500,pr-true,f-auto,q-80/cms/product_variant/6b0c8a22-d477-4bb4-8b86-8c559a939ff8.jpeg"
"Meats, Fish & Eggs",Top Picks,"https://cdn.zeptonow.com/production/tr:w-90,ar-120-121,pr-true,f-auto,q-80/cms/sub_category/117.png",Relish Tandoori Chicken Spread,Relish,139,210,200 g,4.7 (87),In Stock,https://www.zeptonow.com/pn/relish-tandoori-chicken-spread/pvid/6141d0b1-f230-4409-b56b-cb059c0d3dcc,"https://cdn.zeptonow.com/production/tr:w-1280,ar-2400-2400,pr-true,f-auto,q-80/cms/product_variant/48b3f494-bf18-4314-b03d-653843307694.jpeg"
"Meats, Fish & Eggs",Top Picks,"https://cdn.zeptonow.com/production/tr:w-90,ar-120-121,pr-true,f-auto,q-80/cms/sub_category/117.png",Relish Chicken Breast Boneless,Relish,259,269,480 - 500 g (2-3 Pieces),4.7 (3.3k),In Stock,https://www.zeptonow.com/pn/relish-chicken-breast-boneless/pvid/d44df3e9-a3e9-465e-9c3a-18efc8b6bcbd,"https://cdn.zeptonow.com/production/tr:w-1280,ar-1500-1500,pr-true,f-auto,q-80/cms/product_variant/dd0df89a-5562-4087-9e82-7fc72b12d31b.jpeg"
"Meats, Fish & Eggs",Top Picks,"https://cdn.zeptonow.com/production/tr:w-90,ar-120-121,pr-true,f-auto,q-80/cms/sub_category/117.png",Nandus Chicken Curry Cut without Skin,Nandus,169,169,500 g,4.2 (13.9k),In Stock,https://www.zeptonow.com/pn/nandus-chicken-curry-cut-without-skin/pvid/ff0fead7-56ad-4add-90ec-cbba8c417377,"https://cdn.zeptonow.com/production/tr:w-1280,ar-1021-1021,pr-true,f-auto,q-80/cms/product_variant/affddb6d-ed08-4c27-8bfe-e76021cd48b4.jpeg"
"Meats, Fish & Eggs",Top Picks,"https://cdn.zeptonow.com/production/tr:w-90,ar-120-121,pr-true,f-auto,q-80/cms/sub_category/117.png",Relish Chicken Thigh Boneless,Relish,189,249,330 - 350 g (3-5 Pieces),4.7 (1.2k),In Stock,https://www.zeptonow.com/pn/relish-chicken-thigh-boneless/pvid/2734de4b-0f68-4bf6-9f1e-15e128a09c56,"https://cdn.zeptonow.com/production/tr:w-1280,ar-1280-1280,pr-true,f-auto,q-80/cms/product_variant/bbe14def-2471-4c0c-ac52-b8abca962986.jpeg"
"Meats, Fish & Eggs",Top Picks,"https://cdn.zeptonow.com/production/tr:w-90,ar-120-121,pr-true,f-auto,q-80/cms/sub_category/117.png",Relish Rohu Curry Cut With Head,Relish,209,279,480 - 500 g (8-10 Pieces),4.3 (1.6k),In Stock,https://www.zeptonow.com/pn/relish-rohu-curry-cut-with-head/pvid/7b75157f-114e-4125-8466-a42054b8d2e1,"https://cdn.zeptonow.com/production/tr:w-1280,ar-1500-1500,pr-true,f-auto,q-80/cms/product_variant/a8d3764c-e9b4-4e9a-b98b-5b5ebdfcfafe.jpeg"
"Meats, Fish & Eggs",Top Picks,"https://cdn.zeptonow.com/production/tr:w-90,ar-120-121,pr-true,f-auto,q-80/cms/sub_category/117.png",Relish Goat Curry Cut,Relish,369,449,350 - 370 g (8-11 Pieces),4.5 (1.8k),In Stock,https://www.zeptonow.com/pn/relish-goat-curry-cut/pvid/65e82821-1bc8-4d47-8e09-2ee699a9cd39,"https://cdn.zeptonow.com/production/tr:w-1280,ar-1500-1500,pr-true,f-auto,q-80/cms/product_variant/679c8859-8c23-4737-bda3-0977fc51e099.jpeg"
"Meats, Fish & Eggs",Top Picks,"https://cdn.zeptonow.com/production/tr:w-90,ar-120-121,pr-true,f-auto,q-80/cms/sub_category/117.png",Relish Chicken Curry Cut With Skin,Relish,145,169,480 - 500 g (11-13 Pieces),4.5 (9.9k),In Stock,https://www.zeptonow.com/pn/relish-chicken-curry-cut-with-skin/pvid/cc898a6f-82fa-45fb-b062-8da47b3c147b,"https://cdn.zeptonow.com/production/tr:w-1280,ar-1500-1500,pr-true,f-auto,q-80/cms/product_variant/14bce7c8-df14-45dd-9b98-e417300d8a9c.jpeg"
"Meats, Fish & Eggs",Top Picks,"https://cdn.zeptonow.com/production/tr:w-90,ar-120-121,pr-true,f-auto,q-80/cms/sub_category/117.png",Relish Roopchand / Rupchanda Steaks,Relish,219,289,520 - 540 g (10-13 Pieces),4.5 (3.4k),In Stock,https://www.zeptonow.com/pn/relish-roopchand-rupchanda-steaks/pvid/b4d619fc-d05b-46f2-91dd-952e56acfe1a,"https://cdn.zeptonow.com/production/tr:w-1280,ar-1500-1500,pr-true,f-auto,q-80/cms/product_variant/9f7619fc-504f-415b-a05a-f4a07c5706e6.jpeg"
"Meats, Fish & Eggs",Top Picks,"https://cdn.zeptonow.com/production/tr:w-90,ar-120-121,pr-true,f-auto,q-80/cms/sub_category/117.png",Relish Chicken Liver,Relish,89,129,230 - 250 g (8-10 Pieces),4.7 (3.0k),In Stock,https://www.zeptonow.com/pn/relish-chicken-liver/pvid/10b563c7-952a-43bf-aa50-4fb22f7b8c29,"https://cdn.zeptonow.com/production/tr:w-1280,ar-1500-1500,pr-true,f-auto,q-80/cms/product_variant/be4c9d3b-fcae-4657-9e2c-d88b9c4a384e.jpg"
"Meats, Fish & Eggs",Top Picks,"https://cdn.zeptonow.com/production/tr:w-90,ar-120-121,pr-true,f-auto,q-80/cms/sub_category/117.png",Relish Chicken Leg Boneless,Relish,189,239,330 - 350 g (2-3 Pieces),4.6 (485),In Stock,https://www.zeptonow.com/pn/relish-chicken-leg-boneless/pvid/ebd30936-a738-45e9-943b-1522615acdc7,"https://cdn.zeptonow.com/production/tr:w-1280,ar-1500-1500,pr-true,f-auto,q-80/cms/product_variant/8525bf3c-1160-41f4-a84d-2c2ed800c7a2.jpeg"
"Meats, Fish & Eggs",Top Picks,"https://cdn.zeptonow.com/production/tr:w-90,ar-120-121,pr-true,f-auto,q-80/cms/sub_category/117.png",TenderCuts-Prawns (Medium),TenderCuts-Prawns,225,225,250 g,4.2 (81),In Stock,https://www.zeptonow.com/pn/tendercuts-prawns-medium/pvid/73bc7fe5-9bcb-42df-a388-b11ce6a3c522,"https://cdn.zeptonow.com/production/tr:w-1280,ar-2592-2368,pr-true,f-auto,q-80/cms/product_variant/23945151-a16d-4db6-b7e0-932d052ab461.jpeg"
"Meats, Fish & Eggs",Top Picks,"https://cdn.zeptonow.com/production/tr:w-90,ar-120-121,pr-true,f-auto,q-80/cms/sub_category/117.png",Relish Dry Medium Prawns,Relish,119,159,80 g,4.1 (67),In Stock,https://www.zeptonow.com/pn/relish-dry-medium-prawns/pvid/07c778d5-9d16-4c3c-85bf-c9c64a18d11b,"https://cdn.zeptonow.com/production/tr:w-1280,ar-2400-2400,pr-true,f-auto,q-80/cms/product_variant/42b14f8b-1d4f-4e48-ac8d-f537db7820d8.jpg"
"Meats, Fish & Eggs",Top Picks,"https://cdn.zeptonow.com/production/tr:w-90,ar-120-121,pr-true,f-auto,q-80/cms/sub_category/117.png",Relish Dry Bombay Duck,Relish,123,159,80 g,4.1 (87),In Stock,https://www.zeptonow.com/pn/relish-dry-bombay-duck/pvid/f6403837-f83b-4624-b3fa-b29daa3d2d91,"https://cdn.zeptonow.com/production/tr:w-1280,ar-2400-2400,pr-true,f-auto,q-80/cms/product_variant/c91394b1-478d-40b9-a379-5dbc7f73cf13.jpg"
"Meats, Fish & Eggs",Top Picks,"https://cdn.zeptonow.com/production/tr:w-90,ar-120-121,pr-true,f-auto,q-80/cms/sub_category/117.png",Freshtohome Chicken Boneless Breast,Freshtohome,265,265,400 g,4.2 (1.4k),In Stock,https://www.zeptonow.com/pn/freshtohome-chicken-boneless-breast/pvid/b74f72f5-5ce0-4ed7-a82c-82cfa049374d,"https://cdn.zeptonow.com/production/tr:w-1280,ar-1000-700,pr-true,f-auto,q-80/cms/product_variant/721b66a3-fb80-4129-9930-031f203e7fd3.jpeg"
"Meats, Fish & Eggs",Top Picks,"https://cdn.zeptonow.com/production/tr:w-90,ar-120-121,pr-true,f-auto,q-80/cms/sub_category/117.png",Tasty Nibbles Kerala Fish Curry With Chilli,Tasty,136,180,185 g,4.3 (88),In Stock,https://www.zeptonow.com/pn/tasty-nibbles-kerala-fish-curry-with-chilli/pvid/b26fa503-fd4a-4757-9475-70c866a92f7c,"https://cdn.zeptonow.com/production/tr:w-1280,ar-300-300,pr-true,f-auto,q-80/inventory/product/f35770a4-039f-4517-ae73-61a68c4b9520-image"
"Meats, Fish & Eggs",Top Picks,"https://cdn.zeptonow.com/production/tr:w-90,ar-120-121,pr-true,f-auto,q-80/cms/sub_category/117.png",Freshtohome Chicken Skinless Curry Cut,Freshtohome,159,159,450 g,4 (7.8k),In Stock,https://www.zeptonow.com/pn/freshtohome-chicken-skinless-curry-cut/pvid/ee47ddd2-f0ff-48b7-9215-48e8a47d1472,"https://cdn.zeptonow.com/production/tr:w-1280,ar-1000-1000,pr-true,f-auto,q-80/cms/product_variant/fa046c0f-27b3-47ad-923c-eed4cdb3015e.jpeg"
"Meats, Fish & Eggs",Top Picks,"https://cdn.zeptonow.com/production/tr:w-90,ar-120-121,pr-true,f-auto,q-80/cms/sub_category/117.png",Relish Chicken Curry Cut With Skin 500 g Combo,Relish,270,338,500 g X 2,4.2 (519),In Stock,https://www.zeptonow.com/pn/relish-chicken-curry-cut-with-skin-500-g-combo/pvid/e72a97a7-e5c2-44bd-9825-db507abefccc,"https://cdn.zeptonow.com/production/tr:w-1280,ar-1500-1500,pr-true,f-auto,q-80/cms/product_variant/48a07e6b-b00e-41d4-b320-9df808c87a9b.jpg"
"Meats, Fish & Eggs",Top Picks,"https://cdn.zeptonow.com/production/tr:w-90,ar-120-121,pr-true,f-auto,q-80/cms/sub_category/117.png",Nandus Chicken Curry Cut without Skin 500 g Combo,Nandus,465,507,500 g X 3,4.2 (387),In Stock,https://www.zeptonow.com/pn/nandus-chicken-curry-cut-without-skin-500-g-combo/pvid/226c76a4-2076-4bcc-9a7c-1e8cda97faff,"https://cdn.zeptonow.com/production/tr:w-1280,ar-1500-1500,pr-true,f-auto,q-80/cms/product_variant/250863d4-c11e-48a4-b9cd-57c8641f2057.jpg"
"Meats, Fish & Eggs",Top Picks,"https://cdn.zeptonow.com/production/tr:w-90,ar-120-121,pr-true,f-auto,q-80/cms/sub_category/117.png",Nandus Chicken Curry Cut without Skin 500 g Combo,Nandus,324,338,500 g X 2,4.7 (83),In Stock,https://www.zeptonow.com/pn/nandus-chicken-curry-cut-without-skin-500-g-combo/pvid/f2dce7ad-5b54-4d5a-a57f-d3a6c5dc0f0d,"https://cdn.zeptonow.com/production/tr:w-1280,ar-1500-1500,pr-true,f-auto,q-80/inventory/product/1bc21db2-bc27-4fd0-b378-f7f0b5f2a96d-405.jpg"
"Meats, Fish & Eggs",Top Picks,"https://cdn.zeptonow.com/production/tr:w-90,ar-120-121,pr-true,f-auto,q-80/cms/sub_category/117.png",Relish Chicken Curry Cut With Skin 500 g Combo,Relish,384,507,500 g X 3,4.7 (488),In Stock,https://www.zeptonow.com/pn/relish-chicken-curry-cut-with-skin-500-g-combo/pvid/2699c7ee-fb7e-4594-93d5-4f8cd145f80b,"https://cdn.zeptonow.com/production/tr:w-1280,ar-1500-1500,pr-true,f-auto,q-80/cms/product_variant/8dc97212-2f20-4dbe-868e-8cdfaf43627c.jpg"
"Meats, Fish & Eggs",Top Picks,"https://cdn.zeptonow.com/production/tr:w-90,ar-120-121,pr-true,f-auto,q-80/cms/sub_category/117.png",Relish Roopchand / Rupchanda Steaks 540 g Combo,Relish,406,578,540 g X 2,4.3 (505),In Stock,https://www.zeptonow.com/pn/relish-roopchand-rupchanda-steaks-540-g-combo/pvid/147b621c-7a4a-4c5c-bd9b-6f3026b48609,"https://cdn.zeptonow.com/production/tr:w-1280,ar-1530-1530,pr-true,f-auto,q-80/cms/product_variant/ced43e83-0f64-4421-9d0e-572d15e77cc1.jpeg"
"Meats, Fish & Eggs",Top Picks,"https://cdn.zeptonow.com/production/tr:w-90,ar-120-121,pr-true,f-auto,q-80/cms/sub_category/117.png",Relish Chicken Breast Boneless 500 g Combo,Relish,492,538,500 g X 2,4.7 (504),In Stock,https://www.zeptonow.com/pn/relish-chicken-breast-boneless-500-g-combo/pvid/4648210d-08a4-49f8-8442-668147d01837,"https://cdn.zeptonow.com/production/tr:w-1280,ar-1344-1344,pr-true,f-auto,q-80/cms/product_variant/95a3cae1-4376-423f-80be-98c25c14e05d.jpeg"
"Meats, Fish & Eggs",Top Picks,"https://cdn.zeptonow.com/production/tr:w-90,ar-120-121,pr-true,f-auto,q-80/cms/sub_category/117.png",Relish Chicken Breast Boneless 500 g Combo,Relish,928,1076,500 g X 4,4.7 (506),In Stock,https://www.zeptonow.com/pn/relish-chicken-breast-boneless-500-g-combo/pvid/afbe2042-9c14-4d6c-9899-7910ffa2487b,"https://cdn.zeptonow.com/production/tr:w-1280,ar-1344-1344,pr-true,f-auto,q-80/cms/product_variant/0f2a2641-0e0b-4d41-8577-90bb2a617eb7.jpeg"
"Meats, Fish & Eggs",Top Picks,"https://cdn.zeptonow.com/production/tr:w-90,ar-120-121,pr-true,f-auto,q-80/cms/sub_category/117.png",Relish Roopchand / Rupchanda Steaks 540 g Combo,Relish,579,867,540 g X 3,4.2 (971),In Stock,https://www.zeptonow.com/pn/relish-roopchand-rupchanda-steaks-540-g-combo/pvid/d583c3f9-c541-4f91-a508-abc2b6443836,"https://cdn.zeptonow.com/production/tr:w-1280,ar-1530-1530,pr-true,f-auto,q-80/cms/product_variant/99b6b4d4-41d0-4386-a985-a1ad2021eaa9.jpeg"
"Meats, Fish & Eggs",Top Picks,"https://cdn.zeptonow.com/production/tr:w-90,ar-120-121,pr-true,f-auto,q-80/cms/sub_category/117.png",Relish Chicken Thigh Boneless 350 g Combo,Relish,492,747,350 g X 3,4.2 (891),In Stock,https://www.zeptonow.com/pn/relish-chicken-thigh-boneless-350-g-combo/pvid/6742e513-117f-425a-bd78-cc990600a945,"https://cdn.zeptonow.com/production/tr:w-1280,ar-1500-1500,pr-true,f-auto,q-80/cms/product_variant/0262a0ba-6a5c-407d-8e5e-7aa36fc08d48.jpg"
"Meats, Fish & Eggs",Top Picks,"https://cdn.zeptonow.com/production/tr:w-90,ar-120-121,pr-true,f-auto,q-80/cms/sub_category/117.png",Nandus Chicken Curry Cut without Skin 500 g Combo,Nandus,648,676,500 g X 4,4.5 (272),In Stock,https://www.zeptonow.com/pn/nandus-chicken-curry-cut-without-skin-500-g-combo/pvid/cf2d6f9e-3606-4e72-92d0-44e5a4f7df85,"https://cdn.zeptonow.com/production/tr:w-1280,ar-1500-1500,pr-true,f-auto,q-80/cms/product_variant/8ffa280a-2097-4625-80af-ae8799fd9cbd.jpg"
"Meats, Fish & Eggs",Top Picks,"https://cdn.zeptonow.com/production/tr:w-90,ar-120-121,pr-true,f-auto,q-80/cms/sub_category/117.png",Relish Chicken Thigh Boneless 350 g Combo,Relish,354,498,350 g X 2,4.5 (683),In Stock,https://www.zeptonow.com/pn/relish-chicken-thigh-boneless-350-g-combo/pvid/fd448a20-78f3-4aa1-8517-3ec78d56377e,"https://cdn.zeptonow.com/production/tr:w-1280,ar-1500-1500,pr-true,f-auto,q-80/cms/product_variant/bc1595dc-1ba8-4145-804b-dd5fccd468d8.jpg"
"Meats, Fish & Eggs",Top Picks,"https://cdn.zeptonow.com/production/tr:w-90,ar-120-121,pr-true,f-auto,q-80/cms/sub_category/117.png",Meatzza Fresh Boneless Chicken Thighs 500 g Combo,Meatzza,502,560,500 g X 2,4.2 (136),In Stock,https://www.zeptonow.com/pn/meatzza-fresh-boneless-chicken-thighs-500-g-combo/pvid/4be07f80-68f3-4aae-b1b8-beb891be1888,"https://cdn.zeptonow.com/production/tr:w-1280,ar-1500-1500,pr-true,f-auto,q-80/cms/product_variant/629a1449-b730-45b8-9c61-79cd1023cac7.jpg"
"Meats, Fish & Eggs",Top Picks,"https://cdn.zeptonow.com/production/tr:w-90,ar-120-121,pr-true,f-auto,q-80/cms/sub_category/117.png",Relish Chicken Curry Cut Without Skin 500 g Combo,Relish,444,555,500 g X 3,4.4 (764),In Stock,https://www.zeptonow.com/pn/relish-chicken-curry-cut-without-skin-500-g-combo/pvid/a42e396d-e4be-47f7-be33-540cabec01ec,"https://cdn.zeptonow.com/production/tr:w-1280,ar-1280-1280,pr-true,f-auto,q-80/cms/product_variant/fb9961dd-ca78-48f8-b397-ef330dd77e15.jpeg"
"Meats, Fish & Eggs",Top Picks,"https://cdn.zeptonow.com/production/tr:w-90,ar-120-121,pr-true,f-auto,q-80/cms/sub_category/117.png",Relish Chicken Curry Cut Without Skin 500 g Combo,Relish,298,370,500 g X 2,4.6 (229),In Stock,https://www.zeptonow.com/pn/relish-chicken-curry-cut-without-skin-500-g-combo/pvid/b57bc403-c352-4e31-8d01-17464bbf431b,"https://cdn.zeptonow.com/production/tr:w-1280,ar-1280-1280,pr-true,f-auto,q-80/cms/product_variant/8126b225-0ae0-4e28-8708-8a34a8fcef07.jpeg"
"Meats, Fish & Eggs",Top Picks,"https://cdn.zeptonow.com/production/tr:w-90,ar-120-121,pr-true,f-auto,q-80/cms/sub_category/117.png",Relish Rohu Curry Cut With Head(500gms) & Relish Roopchand / Rupchanda Steaks(540gms) Combo,Relish,413,568,2 combo,4.7 (999),In Stock,https://www.zeptonow.com/pn/relish-rohu-curry-cut-with-head500gms-relish-roopchand-rupchanda-steaks540gms-combo/pvid/37db4fab-3cf0-4dd5-9a52-85fa94c364f7,"https://cdn.zeptonow.com/production/tr:w-1280,ar-1500-1500,pr-true,f-auto,q-80/cms/product_variant/32606840-7c3b-49fb-9ae0-c5ff4ce82c74.jpg"
"Meats, Fish & Eggs",Top Picks,"https://cdn.zeptonow.com/production/tr:w-90,ar-120-121,pr-true,f-auto,q-80/cms/sub_category/117.png",Relish Chicken Drumstick,Relish,189,249,4 pcs,4.4 (1.4k),Sold Out,https://www.zeptonow.com/pn/relish-chicken-drumstick/pvid/e3279a55-7025-4f80-9dcd-79bb2f185a38,"https://cdn.zeptonow.com/production/tr:w-1280,ar-1500-1500,pr-true,f-auto,q-80/cms/product_variant/c6e42677-a6e1-4ea4-933d-feb848f25428.jpeg"
"Meats, Fish & Eggs",Top Picks,"https://cdn.zeptonow.com/production/tr:w-90,ar-120-121,pr-true,f-auto,q-80/cms/sub_category/117.png",Tasty Nibbles Prawn Pickle,Tasty,208,245,400 g,3.9 (229),Sold Out,https://www.zeptonow.com/pn/tasty-nibbles-prawn-pickle/pvid/70ebaac6-df3a-4d18-b80d-49e39a580cca,"https://cdn.zeptonow.com/production/tr:w-1280,ar-2400-2400,pr-true,f-auto,q-80/cms/product_variant/f3a86baa-a24b-4ae8-9033-5837a81c17c4.jpg"
"Meats, Fish & Eggs",Top Picks,"https://cdn.zeptonow.com/production/tr:w-90,ar-120-121,pr-true,f-auto,q-80/cms/sub_category/117.png",Relish Dry Anchovy With Head,Relish,93,119,80 g,4.1 (61),Sold Out,https://www.zeptonow.com/pn/relish-dry-anchovy-with-head/pvid/aad10a1c-b916-46c9-bb25-f7f8c7ae984e,"https://cdn.zeptonow.com/production/tr:w-1280,ar-2400-2400,pr-true,f-auto,q-80/cms/product_variant/92a8728f-24d9-4127-a153-13f8ffc7e7ee.jpg"
"Meats, Fish & Eggs",Top Picks,"https://cdn.zeptonow.com/production/tr:w-90,ar-120-121,pr-true,f-auto,q-80/cms/sub_category/117.png",Relish Chicken Mince,Relish,189,229,340 - 360 g,4.6 (543),Sold Out,https://www.zeptonow.com/pn/relish-chicken-mince/pvid/7cce71bd-656d-41a3-ae8a-6f67fa9d489d,"https://cdn.zeptonow.com/production/tr:w-1280,ar-1500-1500,pr-true,f-auto,q-80/cms/product_variant/9359b823-e69f-4d4c-8096-117c57bb8ba1.jpeg"
"Meats, Fish & Eggs",Top Picks,"https://cdn.zeptonow.com/production/tr:w-90,ar-120-121,pr-true,f-auto,q-80/cms/sub_category/117.png",Relish Chicken Gizzard,Relish,89,139,230 - 250 g (8-11 Pieces),4.4 (1.7k),Sold Out,https://www.zeptonow.com/pn/relish-chicken-gizzard/pvid/13bb4f93-6c33-4bf3-a4a0-9ea4280fe75b,"https://cdn.zeptonow.com/production/tr:w-1280,ar-1536-1536,pr-true,f-auto,q-80/cms/product_variant/ec6aa9b1-8e95-402a-a2f6-9b71dc92d211.jpeg"
"Meats, Fish & Eggs",Top Picks,"https://cdn.zeptonow.com/production/tr:w-90,ar-120-121,pr-true,f-auto,q-80/cms/sub_category/117.png",Relish Chicken Malai Tikka,Relish,149,169,200 g (5-7 Pieces),3.9 (1.2k),Sold Out,https://www.zeptonow.com/pn/relish-chicken-malai-tikka/pvid/90f83b58-a6ff-45a1-8e1e-9c2e7c13032f,"https://cdn.zeptonow.com/production/tr:w-1280,ar-1500-1500,pr-true,f-auto,q-80/cms/product_variant/a64f2551-4a99-4686-ade1-39c7f07165c0.jpeg"
"Meats, Fish & Eggs",Top Picks,"https://cdn.zeptonow.com/production/tr:w-90,ar-120-121,pr-true,f-auto,q-80/cms/sub_category/117.png",Relish Gongura Chicken,Relish,149,169,200 g (5-7 Pieces),3.9 (384),Sold Out,https://www.zeptonow.com/pn/relish-gongura-chicken/pvid/9701bbe4-0484-4071-81b2-1f5d74ec2dca,"https://cdn.zeptonow.com/production/tr:w-1280,ar-1500-1500,pr-true,f-auto,q-80/cms/product_variant/62d811e9-cb2e-4acc-a193-be3f26494ff8.jpg"
"Meats, Fish & Eggs",Top Picks,"https://cdn.zeptonow.com/production/tr:w-90,ar-120-121,pr-true,f-auto,q-80/cms/sub_category/117.png",Relish Tilapia Whole And Cleaned,Relish,129,219,2 pcs,4 (379),Sold Out,https://www.zeptonow.com/pn/relish-tilapia-whole-and-cleaned/pvid/66ee266f-76c4-414a-9344-27a9584476ed,"https://cdn.zeptonow.com/production/tr:w-1280,ar-4708-3531,pr-true,f-auto,q-80/cms/product_variant/50905412-f970-4930-ab57-2561c99153b2.jpeg"
"Meats, Fish & Eggs",Top Picks,"https://cdn.zeptonow.com/production/tr:w-90,ar-120-121,pr-true,f-auto,q-80/cms/sub_category/117.png",Relish Chicken Lollipop,Relish,149,179,1 pack (8 pcs),4 (287),Sold Out,https://www.zeptonow.com/pn/relish-chicken-lollipop/pvid/9c15860e-10fa-4cbb-a1ed-f5065498d25f,"https://cdn.zeptonow.com/production/tr:w-1280,ar-1500-1500,pr-true,f-auto,q-80/cms/product_variant/4c61167d-d92e-4f8c-8190-e94e355ead28.jpeg"
"Meats, Fish & Eggs",Top Picks,"https://cdn.zeptonow.com/production/tr:w-90,ar-120-121,pr-true,f-auto,q-80/cms/sub_category/117.png",Relish Chicken Drumstick,Relish,99,129,2 pcs,4.3 (934),Sold Out,https://www.zeptonow.com/pn/relish-chicken-drumstick/pvid/b3a0fad5-1431-4bed-9aba-ba2a3c402857,"https://cdn.zeptonow.com/production/tr:w-1280,ar-1500-1500,pr-true,f-auto,q-80/cms/product_variant/f6277cbc-3330-41bc-a4bb-2373f199dd38.jpeg"
"Meats, Fish & Eggs",Top Picks,"https://cdn.zeptonow.com/production/tr:w-90,ar-120-121,pr-true,f-auto,q-80/cms/sub_category/117.png",H.S Dry Nathli Chutney (Ready To Eat),H.S,90,95,80 g,4 (170),Sold Out,https://www.zeptonow.com/pn/hs-dry-nathli-chutney-ready-to-eat/pvid/3c024714-45a2-4504-89e6-c2ea1fcaddfb,"https://cdn.zeptonow.com/production/tr:w-1280,ar-2400-2400,pr-true,f-auto,q-80/cms/product_variant/6659dd06-c611-4833-8ec8-8aed2b90f1f0.jpg"
"Meats, Fish & Eggs",Top Picks,"https://cdn.zeptonow.com/production/tr:w-90,ar-120-121,pr-true,f-auto,q-80/cms/sub_category/117.png",John West Tuna Chunks In Brine,John,304,395,145 g,4.2 (426),Sold Out,https://www.zeptonow.com/pn/john-west-tuna-chunks-in-brine/pvid/3c3ef4e9-b60e-49ee-9e5b-656b8df57ebb,"https://cdn.zeptonow.com/production/tr:w-1280,ar-2400-2400,pr-true,f-auto,q-80/cms/product_variant/a859b1fe-ca4c-4f8a-81a8-996294efe257.jpg"
"Meats, Fish & Eggs",Top Picks,"https://cdn.zeptonow.com/production/tr:w-90,ar-120-121,pr-true,f-auto,q-80/cms/sub_category/117.png",John West Tuna Chunks In Sunflower Oil,John,314,395,145 g,5 (59),Sold Out,https://www.zeptonow.com/pn/john-west-tuna-chunks-in-sunflower-oil/pvid/eb2503a7-c4ab-40c6-bd74-ce43e3784436,"https://cdn.zeptonow.com/production/tr:w-1280,ar-1021-1021,pr-true,f-auto,q-80/cms/product_variant/bf61ed34-4f00-4453-841a-b932eaa1dbdd.jpeg"
"Meats, Fish & Eggs",Top Picks,"https://cdn.zeptonow.com/production/tr:w-90,ar-120-121,pr-true,f-auto,q-80/cms/sub_category/117.png",John West Tuna Chunks In Spring Water,John,302,395,145 g,4.5 (110),Sold Out,https://www.zeptonow.com/pn/john-west-tuna-chunks-in-spring-water/pvid/54315141-5516-4be5-baf0-14340c14fddb,"https://cdn.zeptonow.com/production/tr:w-1280,ar-1000-1000,pr-true,f-auto,q-80/cms/product_variant/f47e39f3-a483-460f-af5a-b43343fa5312.jpeg"
"Meats, Fish & Eggs",Top Picks,"https://cdn.zeptonow.com/production/tr:w-90,ar-120-121,pr-true,f-auto,q-80/cms/sub_category/117.png",Relish Continental Chicken Spread,Relish,139,210,200 g,4.1 (74),Sold Out,https://www.zeptonow.com/pn/relish-continental-chicken-spread/pvid/049412b7-f9e1-43b5-b7c8-855fb549446e,"https://cdn.zeptonow.com/production/tr:w-1280,ar-1000-1000,pr-true,f-auto,q-80/cms/product_variant/d6008dee-1850-4c90-b8e2-af108146a20b.jpeg"
"Meats, Fish & Eggs",Top Picks,"https://cdn.zeptonow.com/production/tr:w-90,ar-120-121,pr-true,f-auto,q-80/cms/sub_category/117.png",Relish Dry Ribbon Fish,Relish,99,139,80 g,4.1 (85),Sold Out,https://www.zeptonow.com/pn/relish-dry-ribbon-fish/pvid/8407d481-f18d-402c-9155-6c18677d6d02,"https://cdn.zeptonow.com/production/tr:w-1280,ar-2400-2400,pr-true,f-auto,q-80/cms/product_variant/ef181214-38e7-4070-8411-7a834dd23b5b.jpg"
"Meats, Fish & Eggs",Top Picks,"https://cdn.zeptonow.com/production/tr:w-90,ar-120-121,pr-true,f-auto,q-80/cms/sub_category/117.png",Relish Prawns Peeled & Deveined,Relish,359,399,280 - 300 g (20-30 Pieces),4.6 (245),Sold Out,https://www.zeptonow.com/pn/relish-prawns-peeled-deveined/pvid/a935de54-2cae-4fe2-82ef-268f0a593618,"https://cdn.zeptonow.com/production/tr:w-1280,ar-1500-1500,pr-true,f-auto,q-80/cms/product_variant/40ef2614-3dfd-4398-9660-3350848f236a.jpeg"
"Meats, Fish & Eggs",Top Picks,"https://cdn.zeptonow.com/production/tr:w-90,ar-120-121,pr-true,f-auto,q-80/cms/sub_category/117.png",Relish Dry Small Shrimp,Relish,119,149,80 g,4.5 (73),Sold Out,https://www.zeptonow.com/pn/relish-dry-small-shrimp/pvid/6da1ccad-477f-494e-acc2-c832638d9ce4,"https://cdn.zeptonow.com/production/tr:w-1280,ar-2400-2400,pr-true,f-auto,q-80/cms/product_variant/6d3972d8-2f5d-4e35-8123-046c83e92df8.jpg"
"Meats, Fish & Eggs",Top Picks,"https://cdn.zeptonow.com/production/tr:w-90,ar-120-121,pr-true,f-auto,q-80/cms/sub_category/117.png",Relish Dry Mackerel Fish,Relish,129,159,80 g,4.3 (60),Sold Out,https://www.zeptonow.com/pn/relish-dry-mackerel-fish/pvid/67865474-600f-4060-86e9-d040e68b4976,"https://cdn.zeptonow.com/production/tr:w-1280,ar-2400-2400,pr-true,f-auto,q-80/cms/product_variant/f63c3c2f-35ff-436f-8511-2af164ab0ad4.jpg"
"Meats, Fish & Eggs",Top Picks,"https://cdn.zeptonow.com/production/tr:w-90,ar-120-121,pr-true,f-auto,q-80/cms/sub_category/117.png",Relish Chettinad Chicken,Relish,149,169,200 g (5-7 Pieces),4 (1.2k),Sold Out,https://www.zeptonow.com/pn/relish-chettinad-chicken/pvid/e87d3ec1-69c1-41e2-a006-5bf93bb71b66,"https://cdn.zeptonow.com/production/tr:w-1280,ar-1500-1500,pr-true,f-auto,q-80/cms/product_variant/29545648-a0aa-4365-8c95-98ceff94f71d.jpeg"
"Meats, Fish & Eggs",Top Picks,"https://cdn.zeptonow.com/production/tr:w-90,ar-120-121,pr-true,f-auto,q-80/cms/sub_category/117.png",Relish Chicken Hot Wings,Relish,119,139,1 pack (6 pcs),4.4 (19.4k),Sold Out,https://www.zeptonow.com/pn/relish-chicken-hot-wings/pvid/7463abf5-b1f3-4456-8971-04ba2c95d4b5,"https://cdn.zeptonow.com/production/tr:w-1280,ar-1500-1500,pr-true,f-auto,q-80/cms/product_variant/2988a66f-19b4-4f34-bbd9-e50271f54ad5.jpeg"
"Meats, Fish & Eggs",Chicken,"https://cdn.zeptonow.com/production/tr:w-90,ar-120-121,pr-true,f-auto,q-80/cms/sub_category/118.png",Relish Chicken Breast Boneless,Relish,259,269,480 - 500 g (2-3 Pieces),4.7 (3.3k),In Stock,https://www.zeptonow.com/pn/relish-chicken-breast-boneless/pvid/d44df3e9-a3e9-465e-9c3a-18efc8b6bcbd,"https://cdn.zeptonow.com/production/tr:w-1280,ar-1500-1500,pr-true,f-auto,q-80/cms/product_variant/dd0df89a-5562-4087-9e82-7fc72b12d31b.jpeg"
"Meats, Fish & Eggs",Chicken,"https://cdn.zeptonow.com/production/tr:w-90,ar-120-121,pr-true,f-auto,q-80/cms/sub_category/118.png",Relish Chicken Curry Cut Without Skin,Relish,149,185,480 - 500 g (11-13 Pieces),4.5 (22.4k),In Stock,https://www.zeptonow.com/pn/relish-chicken-curry-cut-without-skin/pvid/85bdc499-07fc-46e9-a3dc-1ee9be917418,"https://cdn.zeptonow.com/production/tr:w-1280,ar-1500-1500,pr-true,f-auto,q-80/cms/product_variant/6b0c8a22-d477-4bb4-8b86-8c559a939ff8.jpeg"
"Meats, Fish & Eggs",Chicken,"https://cdn.zeptonow.com/production/tr:w-90,ar-120-121,pr-true,f-auto,q-80/cms/sub_category/118.png",Relish Chicken Thigh Boneless,Relish,189,249,330 - 350 g (3-5 Pieces),4.7 (1.2k),In Stock,https://www.zeptonow.com/pn/relish-chicken-thigh-boneless/pvid/2734de4b-0f68-4bf6-9f1e-15e128a09c56,"https://cdn.zeptonow.com/production/tr:w-1280,ar-1280-1280,pr-true,f-auto,q-80/cms/product_variant/bbe14def-2471-4c0c-ac52-b8abca962986.jpeg"
"Meats, Fish & Eggs",Chicken,"https://cdn.zeptonow.com/production/tr:w-90,ar-120-121,pr-true,f-auto,q-80/cms/sub_category/118.png",Relish Chicken Curry Cut With Skin,Relish,145,169,480 - 500 g (11-13 Pieces),4.5 (9.9k),In Stock,https://www.zeptonow.com/pn/relish-chicken-curry-cut-with-skin/pvid/cc898a6f-82fa-45fb-b062-8da47b3c147b,"https://cdn.zeptonow.com/production/tr:w-1280,ar-1500-1500,pr-true,f-auto,q-80/cms/product_variant/14bce7c8-df14-45dd-9b98-e417300d8a9c.jpeg"
"Meats, Fish & Eggs",Chicken,"https://cdn.zeptonow.com/production/tr:w-90,ar-120-121,pr-true,f-auto,q-80/cms/sub_category/118.png",Relish Chicken Liver,Relish,89,129,230 - 250 g (8-10 Pieces),4.7 (3.0k),In Stock,https://www.zeptonow.com/pn/relish-chicken-liver/pvid/10b563c7-952a-43bf-aa50-4fb22f7b8c29,"https://cdn.zeptonow.com/production/tr:w-1280,ar-1500-1500,pr-true,f-auto,q-80/cms/product_variant/be4c9d3b-fcae-4657-9e2c-d88b9c4a384e.jpg"
"Meats, Fish & Eggs",Chicken,"https://cdn.zeptonow.com/production/tr:w-90,ar-120-121,pr-true,f-auto,q-80/cms/sub_category/118.png",Relish Chicken Leg Boneless,Relish,189,239,330 - 350 g (2-3 Pieces),4.6 (485),In Stock,https://www.zeptonow.com/pn/relish-chicken-leg-boneless/pvid/ebd30936-a738-45e9-943b-1522615acdc7,"https://cdn.zeptonow.com/production/tr:w-1280,ar-1500-1500,pr-true,f-auto,q-80/cms/product_variant/8525bf3c-1160-41f4-a84d-2c2ed800c7a2.jpeg"
"Meats, Fish & Eggs",Chicken,"https://cdn.zeptonow.com/production/tr:w-90,ar-120-121,pr-true,f-auto,q-80/cms/sub_category/118.png",Nandus Chicken Curry Cut without Skin,Nandus,169,169,500 g,4.2 (13.9k),In Stock,https://www.zeptonow.com/pn/nandus-chicken-curry-cut-without-skin/pvid/ff0fead7-56ad-4add-90ec-cbba8c417377,"https://cdn.zeptonow.com/production/tr:w-1280,ar-1021-1021,pr-true,f-auto,q-80/cms/product_variant/affddb6d-ed08-4c27-8bfe-e76021cd48b4.jpeg"
"Meats, Fish & Eggs",Chicken,"https://cdn.zeptonow.com/production/tr:w-90,ar-120-121,pr-true,f-auto,q-80/cms/sub_category/118.png",Freshtohome Chicken Boneless Breast,Freshtohome,265,265,400 g,4.2 (1.4k),In Stock,https://www.zeptonow.com/pn/freshtohome-chicken-boneless-breast/pvid/b74f72f5-5ce0-4ed7-a82c-82cfa049374d,"https://cdn.zeptonow.com/production/tr:w-1280,ar-1000-700,pr-true,f-auto,q-80/cms/product_variant/721b66a3-fb80-4129-9930-031f203e7fd3.jpeg"
"Meats, Fish & Eggs",Chicken,"https://cdn.zeptonow.com/production/tr:w-90,ar-120-121,pr-true,f-auto,q-80/cms/sub_category/118.png",Freshtohome Chicken Skinless Curry Cut,Freshtohome,159,159,450 g,4 (7.8k),In Stock,https://www.zeptonow.com/pn/freshtohome-chicken-skinless-curry-cut/pvid/ee47ddd2-f0ff-48b7-9215-48e8a47d1472,"https://cdn.zeptonow.com/production/tr:w-1280,ar-1000-1000,pr-true,f-auto,q-80/cms/product_variant/fa046c0f-27b3-47ad-923c-eed4cdb3015e.jpeg"
"Meats, Fish & Eggs",Chicken,"https://cdn.zeptonow.com/production/tr:w-90,ar-120-121,pr-true,f-auto,q-80/cms/sub_category/118.png",Relish Chicken Curry Cut With Skin 500 g Combo,Relish,270,338,500 g X 2,4.2 (519),In Stock,https://www.zeptonow.com/pn/relish-chicken-curry-cut-with-skin-500-g-combo/pvid/e72a97a7-e5c2-44bd-9825-db507abefccc,"https://cdn.zeptonow.com/production/tr:w-1280,ar-1500-1500,pr-true,f-auto,q-80/cms/product_variant/48a07e6b-b00e-41d4-b320-9df808c87a9b.jpg"
"Meats, Fish & Eggs",Chicken,"https://cdn.zeptonow.com/production/tr:w-90,ar-120-121,pr-true,f-auto,q-80/cms/sub_category/118.png",Nandus Chicken Curry Cut without Skin 500 g Combo,Nandus,465,507,500 g X 3,4.2 (387),In Stock,https://www.zeptonow.com/pn/nandus-chicken-curry-cut-without-skin-500-g-combo/pvid/226c76a4-2076-4bcc-9a7c-1e8cda97faff,"https://cdn.zeptonow.com/production/tr:w-1280,ar-1500-1500,pr-true,f-auto,q-80/cms/product_variant/250863d4-c11e-48a4-b9cd-57c8641f2057.jpg"
"Meats, Fish & Eggs",Chicken,"https://cdn.zeptonow.com/production/tr:w-90,ar-120-121,pr-true,f-auto,q-80/cms/sub_category/118.png",Nandus Chicken Curry Cut without Skin 500 g Combo,Nandus,324,338,500 g X 2,4.7 (83),In Stock,https://www.zeptonow.com/pn/nandus-chicken-curry-cut-without-skin-500-g-combo/pvid/f2dce7ad-5b54-4d5a-a57f-d3a6c5dc0f0d,"https://cdn.zeptonow.com/production/tr:w-1280,ar-1500-1500,pr-true,f-auto,q-80/inventory/product/1bc21db2-bc27-4fd0-b378-f7f0b5f2a96d-405.jpg"
"Meats, Fish & Eggs",Chicken,"https://cdn.zeptonow.com/production/tr:w-90,ar-120-121,pr-true,f-auto,q-80/cms/sub_category/118.png",Relish Chicken Curry Cut With Skin 500 g Combo,Relish,384,507,500 g X 3,4.7 (488),In Stock,https://www.zeptonow.com/pn/relish-chicken-curry-cut-with-skin-500-g-combo/pvid/2699c7ee-fb7e-4594-93d5-4f8cd145f80b,"https://cdn.zeptonow.com/production/tr:w-1280,ar-1500-1500,pr-true,f-auto,q-80/cms/product_variant/8dc97212-2f20-4dbe-868e-8cdfaf43627c.jpg"
"Meats, Fish & Eggs",Chicken,"https://cdn.zeptonow.com/production/tr:w-90,ar-120-121,pr-true,f-auto,q-80/cms/sub_category/118.png",Relish Chicken Breast Boneless 500 g Combo,Relish,492,538,500 g X 2,4.7 (504),In Stock,https://www.zeptonow.com/pn/relish-chicken-breast-boneless-500-g-combo/pvid/4648210d-08a4-49f8-8442-668147d01837,"https://cdn.zeptonow.com/production/tr:w-1280,ar-1344-1344,pr-true,f-auto,q-80/cms/product_variant/95a3cae1-4376-423f-80be-98c25c14e05d.jpeg"
"Meats, Fish & Eggs",Chicken,"https://cdn.zeptonow.com/production/tr:w-90,ar-120-121,pr-true,f-auto,q-80/cms/sub_category/118.png",Relish Chicken Breast Boneless 500 g Combo,Relish,928,1076,500 g X 4,4.7 (506),In Stock,https://www.zeptonow.com/pn/relish-chicken-breast-boneless-500-g-combo/pvid/afbe2042-9c14-4d6c-9899-7910ffa2487b,"https://cdn.zeptonow.com/production/tr:w-1280,ar-1344-1344,pr-true,f-auto,q-80/cms/product_variant/0f2a2641-0e0b-4d41-8577-90bb2a617eb7.jpeg"
"Meats, Fish & Eggs",Chicken,"https://cdn.zeptonow.com/production/tr:w-90,ar-120-121,pr-true,f-auto,q-80/cms/sub_category/118.png",Relish Chicken Thigh Boneless 350 g Combo,Relish,492,747,350 g X 3,4.2 (891),In Stock,https://www.zeptonow.com/pn/relish-chicken-thigh-boneless-350-g-combo/pvid/6742e513-117f-425a-bd78-cc990600a945,"https://cdn.zeptonow.com/production/tr:w-1280,ar-1500-1500,pr-true,f-auto,q-80/cms/product_variant/0262a0ba-6a5c-407d-8e5e-7aa36fc08d48.jpg"
"Meats, Fish & Eggs",Chicken,"https://cdn.zeptonow.com/production/tr:w-90,ar-120-121,pr-true,f-auto,q-80/cms/sub_category/118.png",Nandus Chicken Curry Cut without Skin 500 g Combo,Nandus,648,676,500 g X 4,4.5 (272),In Stock,https://www.zeptonow.com/pn/nandus-chicken-curry-cut-without-skin-500-g-combo/pvid/cf2d6f9e-3606-4e72-92d0-44e5a4f7df85,"https://cdn.zeptonow.com/production/tr:w-1280,ar-1500-1500,pr-true,f-auto,q-80/cms/product_variant/8ffa280a-2097-4625-80af-ae8799fd9cbd.jpg"
"Meats, Fish & Eggs",Chicken,"https://cdn.zeptonow.com/production/tr:w-90,ar-120-121,pr-true,f-auto,q-80/cms/sub_category/118.png",Relish Chicken Thigh Boneless 350 g Combo,Relish,354,498,350 g X 2,4.5 (683),In Stock,https://www.zeptonow.com/pn/relish-chicken-thigh-boneless-350-g-combo/pvid/fd448a20-78f3-4aa1-8517-3ec78d56377e,"https://cdn.zeptonow.com/production/tr:w-1280,ar-1500-1500,pr-true,f-auto,q-80/cms/product_variant/bc1595dc-1ba8-4145-804b-dd5fccd468d8.jpg"
"Meats, Fish & Eggs",Chicken,"https://cdn.zeptonow.com/production/tr:w-90,ar-120-121,pr-true,f-auto,q-80/cms/sub_category/118.png",Meatzza Fresh Boneless Chicken Thighs 500 g Combo,Meatzza,502,560,500 g X 2,4.2 (136),In Stock,https://www.zeptonow.com/pn/meatzza-fresh-boneless-chicken-thighs-500-g-combo/pvid/4be07f80-68f3-4aae-b1b8-beb891be1888,"https://cdn.zeptonow.com/production/tr:w-1280,ar-1500-1500,pr-true,f-auto,q-80/cms/product_variant/629a1449-b730-45b8-9c61-79cd1023cac7.jpg"
"Meats, Fish & Eggs",Chicken,"https://cdn.zeptonow.com/production/tr:w-90,ar-120-121,pr-true,f-auto,q-80/cms/sub_category/118.png",Relish Chicken Curry Cut Without Skin 500 g Combo,Relish,444,555,500 g X 3,4.4 (764),In Stock,https://www.zeptonow.com/pn/relish-chicken-curry-cut-without-skin-500-g-combo/pvid/a42e396d-e4be-47f7-be33-540cabec01ec,"https://cdn.zeptonow.com/production/tr:w-1280,ar-1280-1280,pr-true,f-auto,q-80/cms/product_variant/fb9961dd-ca78-48f8-b397-ef330dd77e15.jpeg"
"Meats, Fish & Eggs",Chicken,"https://cdn.zeptonow.com/production/tr:w-90,ar-120-121,pr-true,f-auto,q-80/cms/sub_category/118.png",Relish Chicken Curry Cut Without Skin 500 g Combo,Relish,298,370,500 g X 2,4.6 (229),In Stock,https://www.zeptonow.com/pn/relish-chicken-curry-cut-without-skin-500-g-combo/pvid/b57bc403-c352-4e31-8d01-17464bbf431b,"https://cdn.zeptonow.com/production/tr:w-1280,ar-1280-1280,pr-true,f-auto,q-80/cms/product_variant/8126b225-0ae0-4e28-8708-8a34a8fcef07.jpeg"
"Meats, Fish & Eggs",Chicken,"https://cdn.zeptonow.com/production/tr:w-90,ar-120-121,pr-true,f-auto,q-80/cms/sub_category/118.png",Relish Chicken Drumstick,Relish,189,249,4 pcs,4.4 (1.4k),Sold Out,https://www.zeptonow.com/pn/relish-chicken-drumstick/pvid/e3279a55-7025-4f80-9dcd-79bb2f185a38,"https://cdn.zeptonow.com/production/tr:w-1280,ar-1500-1500,pr-true,f-auto,q-80/cms/product_variant/c6e42677-a6e1-4ea4-933d-feb848f25428.jpeg"
"Meats, Fish & Eggs",Chicken,"https://cdn.zeptonow.com/production/tr:w-90,ar-120-121,pr-true,f-auto,q-80/cms/sub_category/118.png",Relish Chicken Mince,Relish,189,229,340 - 360 g,4.6 (543),Sold Out,https://www.zeptonow.com/pn/relish-chicken-mince/pvid/7cce71bd-656d-41a3-ae8a-6f67fa9d489d,"https://cdn.zeptonow.com/production/tr:w-1280,ar-1500-1500,pr-true,f-auto,q-80/cms/product_variant/9359b823-e69f-4d4c-8096-117c57bb8ba1.jpeg"
"Meats, Fish & Eggs",Chicken,"https://cdn.zeptonow.com/production/tr:w-90,ar-120-121,pr-true,f-auto,q-80/cms/sub_category/118.png",Relish Chicken Gizzard,Relish,89,139,230 - 250 g (8-11 Pieces),4.4 (1.7k),Sold Out,https://www.zeptonow.com/pn/relish-chicken-gizzard/pvid/13bb4f93-6c33-4bf3-a4a0-9ea4280fe75b,"https://cdn.zeptonow.com/production/tr:w-1280,ar-1536-1536,pr-true,f-auto,q-80/cms/product_variant/ec6aa9b1-8e95-402a-a2f6-9b71dc92d211.jpeg"
"Meats, Fish & Eggs",Chicken,"https://cdn.zeptonow.com/production/tr:w-90,ar-120-121,pr-true,f-auto,q-80/cms/sub_category/118.png",Relish Chicken Lollipop,Relish,149,179,1 pack (8 pcs),4 (287),Sold Out,https://www.zeptonow.com/pn/relish-chicken-lollipop/pvid/9c15860e-10fa-4cbb-a1ed-f5065498d25f,"https://cdn.zeptonow.com/production/tr:w-1280,ar-1500-1500,pr-true,f-auto,q-80/cms/product_variant/4c61167d-d92e-4f8c-8190-e94e355ead28.jpeg"
"Meats, Fish & Eggs",Chicken,"https://cdn.zeptonow.com/production/tr:w-90,ar-120-121,pr-true,f-auto,q-80/cms/sub_category/118.png",Relish Chicken Drumstick,Relish,99,129,2 pcs,4.3 (934),Sold Out,https://www.zeptonow.com/pn/relish-chicken-drumstick/pvid/b3a0fad5-1431-4bed-9aba-ba2a3c402857,"https://cdn.zeptonow.com/production/tr:w-1280,ar-1500-1500,pr-true,f-auto,q-80/cms/product_variant/f6277cbc-3330-41bc-a4bb-2373f199dd38.jpeg"
"Meats, Fish & Eggs",Fish & Sea Food,"https://cdn.zeptonow.com/production/tr:w-90,ar-120-121,pr-true,f-auto,q-80/cms/sub_category/119.png",Relish Rohu Curry Cut With Head,Relish,209,279,480 - 500 g (8-10 Pieces),4.3 (1.6k),In Stock,https://www.zeptonow.com/pn/relish-rohu-curry-cut-with-head/pvid/7b75157f-114e-4125-8466-a42054b8d2e1,"https://cdn.zeptonow.com/production/tr:w-1280,ar-1500-1500,pr-true,f-auto,q-80/cms/product_variant/a8d3764c-e9b4-4e9a-b98b-5b5ebdfcfafe.jpeg"
"Meats, Fish & Eggs",Fish & Sea Food,"https://cdn.zeptonow.com/production/tr:w-90,ar-120-121,pr-true,f-auto,q-80/cms/sub_category/119.png",Relish Roopchand / Rupchanda Steaks,Relish,219,289,520 - 540 g (10-13 Pieces),4.5 (3.4k),In Stock,https://www.zeptonow.com/pn/relish-roopchand-rupchanda-steaks/pvid/b4d619fc-d05b-46f2-91dd-952e56acfe1a,"https://cdn.zeptonow.com/production/tr:w-1280,ar-1500-1500,pr-true,f-auto,q-80/cms/product_variant/9f7619fc-504f-415b-a05a-f4a07c5706e6.jpeg"
"Meats, Fish & Eggs",Fish & Sea Food,"https://cdn.zeptonow.com/production/tr:w-90,ar-120-121,pr-true,f-auto,q-80/cms/sub_category/119.png",TenderCuts-Prawns (Medium),TenderCuts-Prawns,225,225,250 g,4.2 (81),In Stock,https://www.zeptonow.com/pn/tendercuts-prawns-medium/pvid/73bc7fe5-9bcb-42df-a388-b11ce6a3c522,"https://cdn.zeptonow.com/production/tr:w-1280,ar-2592-2368,pr-true,f-auto,q-80/cms/product_variant/23945151-a16d-4db6-b7e0-932d052ab461.jpeg"
"Meats, Fish & Eggs",Fish & Sea Food,"https://cdn.zeptonow.com/production/tr:w-90,ar-120-121,pr-true,f-auto,q-80/cms/sub_category/119.png",Relish Roopchand / Rupchanda Steaks 540 g Combo,Relish,406,578,540 g X 2,4.3 (505),In Stock,https://www.zeptonow.com/pn/relish-roopchand-rupchanda-steaks-540-g-combo/pvid/147b621c-7a4a-4c5c-bd9b-6f3026b48609,"https://cdn.zeptonow.com/production/tr:w-1280,ar-1530-1530,pr-true,f-auto,q-80/cms/product_variant/ced43e83-0f64-4421-9d0e-572d15e77cc1.jpeg"
"Meats, Fish & Eggs",Fish & Sea Food,"https://cdn.zeptonow.com/production/tr:w-90,ar-120-121,pr-true,f-auto,q-80/cms/sub_category/119.png",Relish Roopchand / Rupchanda Steaks 540 g Combo,Relish,579,867,540 g X 3,4.2 (971),In Stock,https://www.zeptonow.com/pn/relish-roopchand-rupchanda-steaks-540-g-combo/pvid/d583c3f9-c541-4f91-a508-abc2b6443836,"https://cdn.zeptonow.com/production/tr:w-1280,ar-1530-1530,pr-true,f-auto,q-80/cms/product_variant/99b6b4d4-41d0-4386-a985-a1ad2021eaa9.jpeg"
"Meats, Fish & Eggs",Fish & Sea Food,"https://cdn.zeptonow.com/production/tr:w-90,ar-120-121,pr-true,f-auto,q-80/cms/sub_category/119.png",Relish Rohu Curry Cut With Head(500gms) & Relish Roopchand / Rupchanda Steaks(540gms) Combo,Relish,413,568,2 combo,4.7 (999),In Stock,https://www.zeptonow.com/pn/relish-rohu-curry-cut-with-head500gms-relish-roopchand-rupchanda-steaks540gms-combo/pvid/37db4fab-3cf0-4dd5-9a52-85fa94c364f7,"https://cdn.zeptonow.com/production/tr:w-1280,ar-1500-1500,pr-true,f-auto,q-80/cms/product_variant/32606840-7c3b-49fb-9ae0-c5ff4ce82c74.jpg"
"Meats, Fish & Eggs",Fish & Sea Food,"https://cdn.zeptonow.com/production/tr:w-90,ar-120-121,pr-true,f-auto,q-80/cms/sub_category/119.png",Relish Prawns Peeled & Deveined,Relish,359,399,280 - 300 g (20-30 Pieces),4.6 (245),Sold Out,https://www.zeptonow.com/pn/relish-prawns-peeled-deveined/pvid/a935de54-2cae-4fe2-82ef-268f0a593618,"https://cdn.zeptonow.com/production/tr:w-1280,ar-1500-1500,pr-true,f-auto,q-80/cms/product_variant/40ef2614-3dfd-4398-9660-3350848f236a.jpeg"
"Meats, Fish & Eggs",Fish & Sea Food,"https://cdn.zeptonow.com/production/tr:w-90,ar-120-121,pr-true,f-auto,q-80/cms/sub_category/119.png",Relish Tilapia Whole And Cleaned,Relish,129,219,2 pcs,4 (379),Sold Out,https://www.zeptonow.com/pn/relish-tilapia-whole-and-cleaned/pvid/66ee266f-76c4-414a-9344-27a9584476ed,"https://cdn.zeptonow.com/production/tr:w-1280,ar-4708-3531,pr-true,f-auto,q-80/cms/product_variant/50905412-f970-4930-ab57-2561c99153b2.jpeg"
"Meats, Fish & Eggs",Mutton,"https://cdn.zeptonow.com/production/tr:w-90,ar-120-120,pr-true,f-auto,q-80/cms/sub_category/414c7f6a-e566-4137-832c-eb00a10af01d.png",Relish Goat Curry Cut,Relish,369,449,350 - 370 g (8-11 Pieces),4.5 (1.8k),In Stock,https://www.zeptonow.com/pn/relish-goat-curry-cut/pvid/65e82821-1bc8-4d47-8e09-2ee699a9cd39,"https://cdn.zeptonow.com/production/tr:w-1280,ar-1500-1500,pr-true,f-auto,q-80/cms/product_variant/679c8859-8c23-4737-bda3-0977fc51e099.jpeg"
"Meats, Fish & Eggs",Marinades & Kebabs,"https://cdn.zeptonow.com/production/tr:w-90,ar-120-120,pr-true,f-auto,q-80/cms/sub_category/3b78b8bb-1391-4ee9-95b6-bc4381b2c69d.png",Relish Tandoori Chicken Spread,Relish,139,210,200 g,4.7 (87),In Stock,https://www.zeptonow.com/pn/relish-tandoori-chicken-spread/pvid/6141d0b1-f230-4409-b56b-cb059c0d3dcc,"https://cdn.zeptonow.com/production/tr:w-1280,ar-2400-2400,pr-true,f-auto,q-80/cms/product_variant/48b3f494-bf18-4314-b03d-653843307694.jpeg"
"Meats, Fish & Eggs",Marinades & Kebabs,"https://cdn.zeptonow.com/production/tr:w-90,ar-120-120,pr-true,f-auto,q-80/cms/sub_category/3b78b8bb-1391-4ee9-95b6-bc4381b2c69d.png",Relish Chettinad Chicken,Relish,149,169,200 g (5-7 Pieces),4 (1.2k),Sold Out,https://www.zeptonow.com/pn/relish-chettinad-chicken/pvid/e87d3ec1-69c1-41e2-a006-5bf93bb71b66,"https://cdn.zeptonow.com/production/tr:w-1280,ar-1500-1500,pr-true,f-auto,q-80/cms/product_variant/29545648-a0aa-4365-8c95-98ceff94f71d.jpeg"
"Meats, Fish & Eggs",Marinades & Kebabs,"https://cdn.zeptonow.com/production/tr:w-90,ar-120-120,pr-true,f-auto,q-80/cms/sub_category/3b78b8bb-1391-4ee9-95b6-bc4381b2c69d.png",Relish Chicken Hot Wings,Relish,119,139,1 pack (6 pcs),4.4 (19.4k),Sold Out,https://www.zeptonow.com/pn/relish-chicken-hot-wings/pvid/7463abf5-b1f3-4456-8971-04ba2c95d4b5,"https://cdn.zeptonow.com/production/tr:w-1280,ar-1500-1500,pr-true,f-auto,q-80/cms/product_variant/2988a66f-19b4-4f34-bbd9-e50271f54ad5.jpeg"
"Meats, Fish & Eggs",Marinades & Kebabs,"https://cdn.zeptonow.com/production/tr:w-90,ar-120-120,pr-true,f-auto,q-80/cms/sub_category/3b78b8bb-1391-4ee9-95b6-bc4381b2c69d.png",Relish Chicken Malai Tikka,Relish,149,169,200 g (5-7 Pieces),3.9 (1.2k),Sold Out,https://www.zeptonow.com/pn/relish-chicken-malai-tikka/pvid/90f83b58-a6ff-45a1-8e1e-9c2e7c13032f,"https://cdn.zeptonow.com/production/tr:w-1280,ar-1500-1500,pr-true,f-auto,q-80/cms/product_variant/a64f2551-4a99-4686-ade1-39c7f07165c0.jpeg"
"Meats, Fish & Eggs",Marinades & Kebabs,"https://cdn.zeptonow.com/production/tr:w-90,ar-120-120,pr-true,f-auto,q-80/cms/sub_category/3b78b8bb-1391-4ee9-95b6-bc4381b2c69d.png",Relish Gongura Chicken,Relish,149,169,200 g (5-7 Pieces),3.9 (384),Sold Out,https://www.zeptonow.com/pn/relish-gongura-chicken/pvid/9701bbe4-0484-4071-81b2-1f5d74ec2dca,"https://cdn.zeptonow.com/production/tr:w-1280,ar-1500-1500,pr-true,f-auto,q-80/cms/product_variant/62d811e9-cb2e-4acc-a193-be3f26494ff8.jpg"
"Meats, Fish & Eggs",Marinades & Kebabs,"https://cdn.zeptonow.com/production/tr:w-90,ar-120-120,pr-true,f-auto,q-80/cms/sub_category/3b78b8bb-1391-4ee9-95b6-bc4381b2c69d.png",Relish Continental Chicken Spread,Relish,139,210,200 g,4.1 (74),Sold Out,https://www.zeptonow.com/pn/relish-continental-chicken-spread/pvid/049412b7-f9e1-43b5-b7c8-855fb549446e,"https://cdn.zeptonow.com/production/tr:w-1280,ar-1000-1000,pr-true,f-auto,q-80/cms/product_variant/d6008dee-1850-4c90-b8e2-af108146a20b.jpeg"
"Meats, Fish & Eggs","Canned & Dry Fish, Pickles","https://cdn.zeptonow.com/production/tr:w-90,ar-120-120,pr-true,f-auto,q-80/cms/sub_category/31b6bef0-ec32-4b6f-be49-3a0a824c119b.png",Relish Dry Medium Prawns,Relish,119,159,80 g,4.1 (67),In Stock,https://www.zeptonow.com/pn/relish-dry-medium-prawns/pvid/07c778d5-9d16-4c3c-85bf-c9c64a18d11b,"https://cdn.zeptonow.com/production/tr:w-1280,ar-2400-2400,pr-true,f-auto,q-80/cms/product_variant/42b14f8b-1d4f-4e48-ac8d-f537db7820d8.jpg"
"Meats, Fish & Eggs","Canned & Dry Fish, Pickles","https://cdn.zeptonow.com/production/tr:w-90,ar-120-120,pr-true,f-auto,q-80/cms/sub_category/31b6bef0-ec32-4b6f-be49-3a0a824c119b.png",Relish Dry Bombay Duck,Relish,123,159,80 g,4.1 (87),In Stock,https://www.zeptonow.com/pn/relish-dry-bombay-duck/pvid/f6403837-f83b-4624-b3fa-b29daa3d2d91,"https://cdn.zeptonow.com/production/tr:w-1280,ar-2400-2400,pr-true,f-auto,q-80/cms/product_variant/c91394b1-478d-40b9-a379-5dbc7f73cf13.jpg"
"Meats, Fish & Eggs","Canned & Dry Fish, Pickles","https://cdn.zeptonow.com/production/tr:w-90,ar-120-120,pr-true,f-auto,q-80/cms/sub_category/31b6bef0-ec32-4b6f-be49-3a0a824c119b.png",Tasty Nibbles Kerala Fish Curry With Chilli,Tasty,136,180,185 g,4.3 (88),In Stock,https://www.zeptonow.com/pn/tasty-nibbles-kerala-fish-curry-with-chilli/pvid/b26fa503-fd4a-4757-9475-70c866a92f7c,"https://cdn.zeptonow.com/production/tr:w-1280,ar-300-300,pr-true,f-auto,q-80/inventory/product/f35770a4-039f-4517-ae73-61a68c4b9520-image"
"Meats, Fish & Eggs","Canned & Dry Fish, Pickles","https://cdn.zeptonow.com/production/tr:w-90,ar-120-120,pr-true,f-auto,q-80/cms/sub_category/31b6bef0-ec32-4b6f-be49-3a0a824c119b.png",Relish Dry Ribbon Fish,Relish,99,139,80 g,4.1 (85),Sold Out,https://www.zeptonow.com/pn/relish-dry-ribbon-fish/pvid/8407d481-f18d-402c-9155-6c18677d6d02,"https://cdn.zeptonow.com/production/tr:w-1280,ar-2400-2400,pr-true,f-auto,q-80/cms/product_variant/ef181214-38e7-4070-8411-7a834dd23b5b.jpg"
"Meats, Fish & Eggs","Canned & Dry Fish, Pickles","https://cdn.zeptonow.com/production/tr:w-90,ar-120-120,pr-true,f-auto,q-80/cms/sub_category/31b6bef0-ec32-4b6f-be49-3a0a824c119b.png",Relish Dry Small Shrimp,Relish,119,149,80 g,4.5 (73),Sold Out,https://www.zeptonow.com/pn/relish-dry-small-shrimp/pvid/6da1ccad-477f-494e-acc2-c832638d9ce4,"https://cdn.zeptonow.com/production/tr:w-1280,ar-2400-2400,pr-true,f-auto,q-80/cms/product_variant/6d3972d8-2f5d-4e35-8123-046c83e92df8.jpg"
"Meats, Fish & Eggs","Canned & Dry Fish, Pickles","https://cdn.zeptonow.com/production/tr:w-90,ar-120-120,pr-true,f-auto,q-80/cms/sub_category/31b6bef0-ec32-4b6f-be49-3a0a824c119b.png",Relish Dry Mackerel Fish,Relish,129,159,80 g,4.3 (60),Sold Out,https://www.zeptonow.com/pn/relish-dry-mackerel-fish/pvid/67865474-600f-4060-86e9-d040e68b4976,"https://cdn.zeptonow.com/production/tr:w-1280,ar-2400-2400,pr-true,f-auto,q-80/cms/product_variant/f63c3c2f-35ff-436f-8511-2af164ab0ad4.jpg"
"Meats, Fish & Eggs","Canned & Dry Fish, Pickles","https://cdn.zeptonow.com/production/tr:w-90,ar-120-120,pr-true,f-auto,q-80/cms/sub_category/31b6bef0-ec32-4b6f-be49-3a0a824c119b.png",Tasty Nibbles Prawn Pickle,Tasty,208,245,400 g,3.9 (229),Sold Out,https://www.zeptonow.com/pn/tasty-nibbles-prawn-pickle/pvid/70ebaac6-df3a-4d18-b80d-49e39a580cca,"https://cdn.zeptonow.com/production/tr:w-1280,ar-2400-2400,pr-true,f-auto,q-80/cms/product_variant/f3a86baa-a24b-4ae8-9033-5837a81c17c4.jpg"
"Meats, Fish & Eggs","Canned & Dry Fish, Pickles","https://cdn.zeptonow.com/production/tr:w-90,ar-120-120,pr-true,f-auto,q-80/cms/sub_category/31b6bef0-ec32-4b6f-be49-3a0a824c119b.png",Relish Dry Anchovy With Head,Relish,93,119,80 g,4.1 (61),Sold Out,https://www.zeptonow.com/pn/relish-dry-anchovy-with-head/pvid/aad10a1c-b916-46c9-bb25-f7f8c7ae984e,"https://cdn.zeptonow.com/production/tr:w-1280,ar-2400-2400,pr-true,f-auto,q-80/cms/product_variant/92a8728f-24d9-4127-a153-13f8ffc7e7ee.jpg"
"Meats, Fish & Eggs","Canned & Dry Fish, Pickles","https://cdn.zeptonow.com/production/tr:w-90,ar-120-120,pr-true,f-auto,q-80/cms/sub_category/31b6bef0-ec32-4b6f-be49-3a0a824c119b.png",H.S Dry Nathli Chutney (Ready To Eat),H.S,90,95,80 g,4 (170),Sold Out,https://www.zeptonow.com/pn/hs-dry-nathli-chutney-ready-to-eat/pvid/3c024714-45a2-4504-89e6-c2ea1fcaddfb,"https://cdn.zeptonow.com/production/tr:w-1280,ar-2400-2400,pr-true,f-auto,q-80/cms/product_variant/6659dd06-c611-4833-8ec8-8aed2b90f1f0.jpg"
"Meats, Fish & Eggs","Canned & Dry Fish, Pickles","https://cdn.zeptonow.com/production/tr:w-90,ar-120-120,pr-true,f-auto,q-80/cms/sub_category/31b6bef0-ec32-4b6f-be49-3a0a824c119b.png",John West Tuna Chunks In Brine,John,304,395,145 g,4.2 (426),Sold Out,https://www.zeptonow.com/pn/john-west-tuna-chunks-in-brine/pvid/3c3ef4e9-b60e-49ee-9e5b-656b8df57ebb,"https://cdn.zeptonow.com/production/tr:w-1280,ar-2400-2400,pr-true,f-auto,q-80/cms/product_variant/a859b1fe-ca4c-4f8a-81a8-996294efe257.jpg"
"Meats, Fish & Eggs","Canned & Dry Fish, Pickles","https://cdn.zeptonow.com/production/tr:w-90,ar-120-120,pr-true,f-auto,q-80/cms/sub_category/31b6bef0-ec32-4b6f-be49-3a0a824c119b.png",John West Tuna Chunks In Sunflower Oil,John,314,395,145 g,5 (59),Sold Out,https://www.zeptonow.com/pn/john-west-tuna-chunks-in-sunflower-oil/pvid/eb2503a7-c4ab-40c6-bd74-ce43e3784436,"https://cdn.zeptonow.com/production/tr:w-1280,ar-1021-1021,pr-true,f-auto,q-80/cms/product_variant/bf61ed34-4f00-4453-841a-b932eaa1dbdd.jpeg"
"Meats, Fish & Eggs","Canned & Dry Fish, Pickles","https://cdn.zeptonow.com/production/tr:w-90,ar-120-120,pr-true,f-auto,q-80/cms/sub_category/31b6bef0-ec32-4b6f-be49-3a0a824c119b.png",John West Tuna Chunks In Spring Water,John,302,395,145 g,4.5 (110),Sold Out,https://www.zeptonow.com/pn/john-west-tuna-chunks-in-spring-water/pvid/54315141-5516-4be5-baf0-14340c14fddb,"https://cdn.zeptonow.com/production/tr:w-1280,ar-1000-1000,pr-true,f-auto,q-80/cms/product_variant/f47e39f3-a483-460f-af5a-b43343fa5312.jpeg"
"Meats, Fish & Eggs",Combos,"https://cdn.zeptonow.com/production/tr:w-90,ar-120-121,pr-true,f-auto,q-80/cms/sub_category/120.png",Deli Chic Chicken Boneless Cubes Freshly Frozen,Deli,257,280,500 g,4.5 (218),In Stock,https://www.zeptonow.com/pn/deli-chic-chicken-boneless-cubes-freshly-frozen/pvid/499c52f6-1fdf-4d87-81ea-f882365c9844,"https://cdn.zeptonow.com/production/tr:w-1280,ar-834-1000,pr-true,f-auto,q-80/cms/product_variant/a4523134-160e-46b7-9306-d02ba780cbb7.jpg"
"Meats, Fish & Eggs",Combos,"https://cdn.zeptonow.com/production/tr:w-90,ar-120-121,pr-true,f-auto,q-80/cms/sub_category/120.png",Godrej Chicken Lollipop (Freshly Frozen),Godrej,197,200,350 g,3.9 (688),Sold Out,https://www.zeptonow.com/pn/godrej-chicken-lollipop-freshly-frozen/pvid/f64cd035-122e-4f6b-b788-3f74739e6f75,"https://cdn.zeptonow.com/production/tr:w-1280,ar-1200-1286,pr-true,f-auto,q-80/cms/product_variant/c454be90-64b1-44f4-ba15-79a17a7d0a72.jpg"
"Meats, Fish & Eggs",Egg,"https://cdn.zeptonow.com/production/tr:w-90,ar-120-121,pr-true,f-auto,q-80/cms/sub_category/126.png",Eggoz Protein Rich Farm Fresh White Eggs,Eggoz,319,419,1 pack (30 pcs),4.3 (29.3k),In Stock,https://www.zeptonow.com/pn/eggoz-protein-rich-farm-fresh-white-eggs/pvid/919c9cd8-8961-41cb-841f-b0bbcdcf6b62,"https://cdn.zeptonow.com/production/tr:w-1280,ar-2500-2500,pr-true,f-auto,q-80/cms/product_variant/044a0893-3136-416a-978b-36da192b4443.jpeg"
"Meats, Fish & Eggs",Egg,"https://cdn.zeptonow.com/production/tr:w-90,ar-120-121,pr-true,f-auto,q-80/cms/sub_category/126.png",Farm Made Free Range Brown Eggs - Protein Rich | Veg Feed | Non-Fertile,Farm,536,569,1 pack (24 pcs),4.5 (734),In Stock,https://www.zeptonow.com/pn/farm-made-free-range-brown-eggs-protein-rich-veg-feed-non-fertile/pvid/270c3832-e239-4466-bfec-e0dbfed3081e,"https://cdn.zeptonow.com/production/tr:w-1280,ar-1000-1000,pr-true,f-auto,q-80/cms/product_variant/17784bc9-abb0-4b96-b091-2661318410d6.jpeg"
"Meats, Fish & Eggs",Egg,"https://cdn.zeptonow.com/production/tr:w-90,ar-120-121,pr-true,f-auto,q-80/cms/sub_category/126.png",Eggoz Protein Rich Farm Fresh White Eggs,Eggoz,117,155,1 pack (10 pcs),4.3 (35.3k),In Stock,https://www.zeptonow.com/pn/eggoz-protein-rich-farm-fresh-white-eggs/pvid/3e5b5972-959f-4862-b1f9-b478d4c710a4,"https://cdn.zeptonow.com/production/tr:w-1280,ar-2500-2500,pr-true,f-auto,q-80/cms/product_variant/822dafe6-d7cb-4935-8143-3a873f270931.jpeg"
"Meats, Fish & Eggs",Egg,"https://cdn.zeptonow.com/production/tr:w-90,ar-120-121,pr-true,f-auto,q-80/cms/sub_category/126.png",Abhi Nutri+ White Eggs,Abhi,260,325,1 pack (24 pcs),3.9 (5.1k),In Stock,https://www.zeptonow.com/pn/abhi-nutri-white-eggs/pvid/f04a4aaa-6af1-4f86-9584-85d470c53465,"https://cdn.zeptonow.com/production/tr:w-1280,ar-1200-1200,pr-true,f-auto,q-80/cms/product_variant/6cedd27c-dafd-49f2-810d-1efa7eeeb0a8.jpeg"
"Meats, Fish & Eggs",Egg,"https://cdn.zeptonow.com/production/tr:w-90,ar-120-121,pr-true,f-auto,q-80/cms/sub_category/126.png","The Ethical Eggs Co. Free Range Eggs, 12 Pieces - Free to roam outdoors, Veg Feed, Non-fertile",The,304,310,1 pack (12 pcs),5 (450),In Stock,https://www.zeptonow.com/pn/the-ethical-eggs-co-free-range-eggs-12-pieces-free-to-roam-outdoors-veg-feed-non-fertile/pvid/52e0c185-0a31-41b5-a283-87defea7816d,"https://cdn.zeptonow.com/production/tr:w-1280,ar-1000-1000,pr-true,f-auto,q-80/cms/product_variant/84f1f37d-e99b-431b-a089-083410cf76a7.jpeg"
"Meats, Fish & Eggs",Egg,"https://cdn.zeptonow.com/production/tr:w-90,ar-120-121,pr-true,f-auto,q-80/cms/sub_category/126.png","UPF Healthy Brown - Large Eggs, 6 Pieces | Protein Rich | Veg Feed | Infertile",UPF,93,99,1 pack (6 pcs),4.4 (21.7k),In Stock,https://www.zeptonow.com/pn/upf-healthy-brown-large-eggs-6-pieces-protein-rich-veg-feed-infertile/pvid/01639c72-4f92-4142-ab87-362b42dfe23d,"https://cdn.zeptonow.com/production/tr:w-1280,ar-2400-2400,pr-true,f-auto,q-80/cms/product_variant/6cd7d515-8e32-42f9-b446-c504226535bb.jpeg"
"Meats, Fish & Eggs",Egg,"https://cdn.zeptonow.com/production/tr:w-90,ar-120-121,pr-true,f-auto,q-80/cms/sub_category/126.png",Suguna Delfrez White Eggs,Suguna,319,370,1 pack (30 pcs),4.3 (2.8k),In Stock,https://www.zeptonow.com/pn/suguna-delfrez-white-eggs/pvid/0f076401-3a9d-45eb-93ac-f71b0e9171d7,"https://cdn.zeptonow.com/production/tr:w-1280,ar-1200-1200,pr-true,f-auto,q-80/cms/product_variant/2be8d852-e1e0-4111-a06c-df07e3d55b0a.jpeg"
"Meats, Fish & Eggs",Egg,"https://cdn.zeptonow.com/production/tr:w-90,ar-120-121,pr-true,f-auto,q-80/cms/sub_category/126.png","Farm Made Free Range Brown Eggs, 6 Pieces - Protein Rich, Veg Feed, Non-Fertile",Farm,133,149,1 pack (6 pcs),4.5 (7.7k),In Stock,https://www.zeptonow.com/pn/farm-made-free-range-brown-eggs-6-pieces-protein-rich-veg-feed-non-fertile/pvid/d259d494-f6da-43a0-810d-1ea10d6f26ac,"https://cdn.zeptonow.com/production/tr:w-1280,ar-1000-1000,pr-true,f-auto,q-80/cms/product_variant/561f7449-6d79-406d-8107-2c45cb4a6dfc.jpeg"
"Meats, Fish & Eggs",Egg,"https://cdn.zeptonow.com/production/tr:w-90,ar-120-121,pr-true,f-auto,q-80/cms/sub_category/126.png",Abhi Vit D3 White Eggs With Immunity Boosters | Pack Of 24,Abhi,280,365,1 pack (24 pcs),4.3 (547),In Stock,https://www.zeptonow.com/pn/abhi-vit-d3-white-eggs-with-immunity-boosters-pack-of-24/pvid/e2b2c19f-1eca-4900-9c9e-c997ac193fdb,"https://cdn.zeptonow.com/production/tr:w-1280,ar-2400-2400,pr-true,f-auto,q-80/cms/product_variant/11fbb6c4-af22-42b0-aecc-a96cbe3be027.jpg"
"Meats, Fish & Eggs",Egg,"https://cdn.zeptonow.com/production/tr:w-90,ar-120-121,pr-true,f-auto,q-80/cms/sub_category/126.png",Abhi Eggs Vit D3 White Eggs With Immunity Boosters | Pack Of 10,Abhi,132,155,1 pack (10 pcs),4.5 (322),In Stock,https://www.zeptonow.com/pn/abhi-eggs-vit-d3-white-eggs-with-immunity-boosters-pack-of-10/pvid/66b2ac7e-d2e7-4856-8d12-ee460bb16a28,"https://cdn.zeptonow.com/production/tr:w-1280,ar-3704-3704,pr-true,f-auto,q-80/cms/product_variant/ff13b788-9997-4b19-b28b-55d3f6a39e2e.jpg"
"Meats, Fish & Eggs",Egg,"https://cdn.zeptonow.com/production/tr:w-90,ar-120-121,pr-true,f-auto,q-80/cms/sub_category/126.png",Eggoz Protein Rich Farm Fresh White Eggs,Eggoz,72,94,1 pack (6 pcs),4.3 (29.2k),In Stock,https://www.zeptonow.com/pn/eggoz-protein-rich-farm-fresh-white-eggs/pvid/edfe97bc-aec9-47ba-a6ab-ecd6ecebf9c0,"https://cdn.zeptonow.com/production/tr:w-1280,ar-2500-2500,pr-true,f-auto,q-80/cms/product_variant/1c15def1-10b4-4467-b7d0-bd930ecb45dd.jpeg"
"Meats, Fish & Eggs",Egg,"https://cdn.zeptonow.com/production/tr:w-90,ar-120-121,pr-true,f-auto,q-80/cms/sub_category/126.png","UPF Healthy White - Large Eggs, 6 Pieces | Protein Rich | Veg Feed | Infertile",UPF,84,89,1 pack (6 pcs),4.5 (5.7k),In Stock,https://www.zeptonow.com/pn/upf-healthy-white-large-eggs-6-pieces-protein-rich-veg-feed-infertile/pvid/3815500c-83f0-4ad8-a869-7aa7fe9e4fbe,"https://cdn.zeptonow.com/production/tr:w-1280,ar-1000-1000,pr-true,f-auto,q-80/cms/product_variant/ed6e79b4-63cf-4cff-95ef-13f159930a5a.jpeg"
"Meats, Fish & Eggs",Egg,"https://cdn.zeptonow.com/production/tr:w-90,ar-120-121,pr-true,f-auto,q-80/cms/sub_category/126.png",Abhi Vitamin D3 White Eggs With Immunity Boosters,Abhi,73,94,1 pack (6 pcs),4.5 (20.8k),In Stock,https://www.zeptonow.com/pn/abhi-vitamin-d3-white-eggs-with-immunity-boosters/pvid/c66973d8-66c2-4d14-9b76-20374e38dda3,"https://cdn.zeptonow.com/production/tr:w-1280,ar-1200-1200,pr-true,f-auto,q-80/cms/product_variant/35241f67-e64e-4f15-8c9e-175186993049.jpeg"
"Meats, Fish & Eggs",Egg,"https://cdn.zeptonow.com/production/tr:w-90,ar-120-121,pr-true,f-auto,q-80/cms/sub_category/126.png",Abhi Nutri + White Eggs With Immunity Boosters,Abhi,77,84,1 pack (6 pcs),4.5 (5.7k),In Stock,https://www.zeptonow.com/pn/abhi-nutri-white-eggs-with-immunity-boosters/pvid/4a0bf364-9eca-41f9-8037-778507bc45ae,"https://cdn.zeptonow.com/production/tr:w-1280,ar-1000-1000,pr-true,f-auto,q-80/cms/product_variant/2879f174-c5ae-43a5-8f3a-64c40ed821a8.jpeg"
"Meats, Fish & Eggs",Egg,"https://cdn.zeptonow.com/production/tr:w-90,ar-120-121,pr-true,f-auto,q-80/cms/sub_category/126.png",Suguna Delfrez Nourish White Eggs,Suguna,75,88,1 pack (6 pcs),4.6 (4.9k),In Stock,https://www.zeptonow.com/pn/suguna-delfrez-nourish-white-eggs/pvid/7e26603f-1343-427d-a539-244a7919894b,"https://cdn.zeptonow.com/production/tr:w-1280,ar-1000-1000,pr-true,f-auto,q-80/cms/product_variant/5b2d556e-360a-47c3-a815-8795876d7cfe.jpeg"
"Meats, Fish & Eggs",Egg,"https://cdn.zeptonow.com/production/tr:w-90,ar-120-121,pr-true,f-auto,q-80/cms/sub_category/126.png",Vijay White Eggs,Vijay,241,345,1 pack (30 pcs),4.5 (9.0k),In Stock,https://www.zeptonow.com/pn/vijay-white-eggs/pvid/1e4048aa-735c-4856-950e-63ea3227a5c4,"https://cdn.zeptonow.com/production/tr:w-1280,ar-2926-2926,pr-true,f-auto,q-80/cms/product_variant/0f0764c7-b6e5-4b56-89fe-52d0e42af79f.jpeg"
"Meats, Fish & Eggs",Egg,"https://cdn.zeptonow.com/production/tr:w-90,ar-120-121,pr-true,f-auto,q-80/cms/sub_category/126.png",Skm Best Plus Eggs,Skm,175,175,1 pack (12 pcs),4.4 (817),In Stock,https://www.zeptonow.com/pn/skm-best-plus-eggs/pvid/403bad3c-6a0e-42f5-b54e-5c1f53c37ec1,"https://cdn.zeptonow.com/production/tr:w-1280,ar-2400-2400,pr-true,f-auto,q-80/cms/product_variant/54e885be-fbeb-4505-a981-4e5938597447.jpeg"
"Meats, Fish & Eggs",Egg,"https://cdn.zeptonow.com/production/tr:w-90,ar-120-121,pr-true,f-auto,q-80/cms/sub_category/126.png",Akshayakalpa Organic Country Eggs,Akshayakalpa,261,290,1 pack (12 pcs),4.7 (945),In Stock,https://www.zeptonow.com/pn/akshayakalpa-organic-country-eggs/pvid/bc6ea8f5-f1a0-4b27-954d-20aa42e59d50,"https://cdn.zeptonow.com/production/tr:w-1280,ar-1200-1200,pr-true,f-auto,q-80/cms/product_variant/4d53ddf4-b662-418d-8e2f-e86734d8972a.jpeg"
"Meats, Fish & Eggs",Egg,"https://cdn.zeptonow.com/production/tr:w-90,ar-120-121,pr-true,f-auto,q-80/cms/sub_category/126.png",K K White Egg,K,95,110,1 pack (12 pcs),4.5 (24.2k),In Stock,https://www.zeptonow.com/pn/k-k-white-egg/pvid/5d1960a2-cfa0-4873-b37f-4937c0bf77d8,"https://cdn.zeptonow.com/production/tr:w-1280,ar-1021-1021,pr-true,f-auto,q-80/cms/product_variant/7e5f3b52-792e-4206-a3ef-5eaed6eb9734.jpeg"
"Meats, Fish & Eggs",Egg,"https://cdn.zeptonow.com/production/tr:w-90,ar-120-121,pr-true,f-auto,q-80/cms/sub_category/126.png",Akshayakalpa Organic Country Brown Eggs,Akshayakalpa,146,150,1 pack (6 pcs),4.6 (1.4k),In Stock,https://www.zeptonow.com/pn/akshayakalpa-organic-country-brown-eggs/pvid/1e39b6ff-9e4b-4190-b02b-e484b928cc8d,"https://cdn.zeptonow.com/production/tr:w-1280,ar-1300-1000,pr-true,f-auto,q-80/cms/product_variant/6cd9324f-66c5-473d-a84d-bae60849a9f1.jpeg"
"Meats, Fish & Eggs",Egg,"https://cdn.zeptonow.com/production/tr:w-90,ar-120-121,pr-true,f-auto,q-80/cms/sub_category/126.png",Skm Best Brown Eggs,Skm,95,95,1 pack (6 pcs),4.5 (1.5k),In Stock,https://www.zeptonow.com/pn/skm-best-brown-eggs/pvid/090c6f91-b745-4fc7-b019-d15e8f28f0c7,"https://cdn.zeptonow.com/production/tr:w-1280,ar-1080-1080,pr-true,f-auto,q-80/cms/product_variant/7022eb63-26fe-4cfa-b779-87271d88124d.jpeg"
"Meats, Fish & Eggs",Egg,"https://cdn.zeptonow.com/production/tr:w-90,ar-120-121,pr-true,f-auto,q-80/cms/sub_category/126.png",Skm Best Plus Eggs,Skm,89,89,1 pack (6 pcs),4.7 (1.1k),In Stock,https://www.zeptonow.com/pn/skm-best-plus-eggs/pvid/6c5328c7-900e-4187-bae2-c43561cb7e95,"https://cdn.zeptonow.com/production/tr:w-1280,ar-2400-2400,pr-true,f-auto,q-80/cms/product_variant/37b67abc-e0a3-4b89-8a36-c341ec075c6c.jpeg"
"Meats, Fish & Eggs",Egg,"https://cdn.zeptonow.com/production/tr:w-90,ar-120-121,pr-true,f-auto,q-80/cms/sub_category/126.png",K K White Egg,K,48,50,1 pack (6 pcs),4.6 (33.4k),In Stock,https://www.zeptonow.com/pn/k-k-white-egg/pvid/c523e2b2-e016-4944-9d96-ca76a13f3094,"https://cdn.zeptonow.com/production/tr:w-1280,ar-2400-2400,pr-true,f-auto,q-80/cms/product_variant/5bb5da15-b15e-42bc-bc36-83f4d8dc5962.jpeg"
"Meats, Fish & Eggs",Egg,"https://cdn.zeptonow.com/production/tr:w-90,ar-120-121,pr-true,f-auto,q-80/cms/sub_category/126.png",Vijay White Eggs,Vijay,50,75,1 pack (6 pcs),4.5 (10.6k),In Stock,https://www.zeptonow.com/pn/vijay-white-eggs/pvid/6a3a08f7-e8a1-41ec-8e3b-c825e2be04e5,"https://cdn.zeptonow.com/production/tr:w-1280,ar-1500-1500,pr-true,f-auto,q-80/cms/product_variant/b3cb1516-8409-4074-b30d-a8162c1d976b.jpeg"
"Meats, Fish & Eggs",Egg,"https://cdn.zeptonow.com/production/tr:w-90,ar-120-121,pr-true,f-auto,q-80/cms/sub_category/126.png",K K White Egg 6.0 Piece(1pc) & Tomato Country / Naattu Thakkali(1pc) Combo,K,78,84,2 combo,4.2 (765),In Stock,https://www.zeptonow.com/pn/k-k-white-egg-60-piece1pc-tomato-country-naattu-thakkali1pc-combo/pvid/e7b026b2-c139-44be-bee2-c3bdd3af34e6,"https://cdn.zeptonow.com/production/tr:w-1280,ar-1494-1494,pr-true,f-auto,q-80/cms/product_variant/c6bbf6a6-ec59-45ad-9b61-e3191f9c67d6.jpg"
"Meats, Fish & Eggs",Egg,"https://cdn.zeptonow.com/production/tr:w-90,ar-120-121,pr-true,f-auto,q-80/cms/sub_category/126.png",Eggoz Nutrition White Egg(6pc) & Modern Bread 100% Whole Wheat(400gms) Combo,Modern,116,144,2 combo,4.6 (737),In Stock,https://www.zeptonow.com/pn/eggoz-nutrition-white-egg6pc-modern-bread-100-whole-wheat400gms-combo/pvid/ea33b1cc-ace3-4931-860d-898f2b097405,"https://cdn.zeptonow.com/production/tr:w-1280,ar-1500-1500,pr-true,f-auto,q-80/cms/product_variant/4f4ace85-550f-4e75-b4d1-a19e15a723d61773.jpg"
"Meats, Fish & Eggs",Egg,"https://cdn.zeptonow.com/production/tr:w-90,ar-120-121,pr-true,f-auto,q-80/cms/sub_category/126.png",K K White Egg 12.0 Piece(1pc) & Green Chilli (Pachchai Milagai)(1pc) Combo,K,107,122,2 combo,4.2 (728),In Stock,https://www.zeptonow.com/pn/k-k-white-egg-120-piece1pc-green-chilli-pachchai-milagai1pc-combo/pvid/7029e210-3962-4f9c-8a6a-fe0bfe45a0ec,"https://cdn.zeptonow.com/production/tr:w-1280,ar-1494-1494,pr-true,f-auto,q-80/cms/product_variant/e1d2f138-5bcb-417d-8bfa-580cae5a5028.jpg"
"Meats, Fish & Eggs",Egg,"https://cdn.zeptonow.com/production/tr:w-90,ar-120-121,pr-true,f-auto,q-80/cms/sub_category/126.png","UPF Healthy White - Large Eggs, 6 Pieces | Protein Rich | Veg Feed | Infertile 6 pc Combo",UPF,154,178,6 pc X 2,4.7 (229),In Stock,https://www.zeptonow.com/pn/upf-healthy-white-large-eggs-6-pieces-protein-rich-veg-feed-infertile-6-pc-combo/pvid/b944346f-bc21-44e0-9940-a7de36dbc7ab,"https://cdn.zeptonow.com/production/tr:w-1280,ar-1000-1000,pr-true,f-auto,q-80/cms/product_variant/0df235f6-d12b-40ab-b67b-5fd5e42597ec.jpeg"
"Meats, Fish & Eggs",Egg,"https://cdn.zeptonow.com/production/tr:w-90,ar-120-121,pr-true,f-auto,q-80/cms/sub_category/126.png","Farm Made Free Range Brown Eggs, 6 Pieces - Protein Rich, Veg Feed, Non-Fertile 6 pc Combo",Farm,250,298,6 pc X 2,4.7 (850),In Stock,https://www.zeptonow.com/pn/farm-made-free-range-brown-eggs-6-pieces-protein-rich-veg-feed-non-fertile-6-pc-combo/pvid/2fd3d8a7-b874-4860-8cc7-23791bc761e8,"https://cdn.zeptonow.com/production/tr:w-1280,ar-1500-1500,pr-true,f-auto,q-80/inventory/product/f109fca2-229c-4e17-b9e3-10108d00dab5-5921.jpg"
"Meats, Fish & Eggs",Egg,"https://cdn.zeptonow.com/production/tr:w-90,ar-120-121,pr-true,f-auto,q-80/cms/sub_category/126.png",Abhi Vitamin D3 White Eggs With Immunity Boosters (6pc) & Relish Chicken Curry Cut Without Skin (500g) Combo,Relish,222,279,2 combo,4.6 (541),In Stock,https://www.zeptonow.com/pn/abhi-vitamin-d3-white-eggs-with-immunity-boosters-6pc-relish-chicken-curry-cut-without-skin-500g-combo/pvid/74adac1d-397c-4fcc-a520-520c5fc01106,"https://cdn.zeptonow.com/production/tr:w-1280,ar-1200-1200,pr-true,f-auto,q-80/cms/product_variant/51ba8457-989f-42fa-8204-6cc289873b56.jpg"
"Meats, Fish & Eggs",Egg,"https://cdn.zeptonow.com/production/tr:w-90,ar-120-121,pr-true,f-auto,q-80/cms/sub_category/126.png",Relish White Eggs - Pack of 6,Relish,47,75,1 pack (6 pcs),4.7 (39.3k),Sold Out,https://www.zeptonow.com/pn/relish-white-eggs-pack-of-6/pvid/c97cc9ff-8bd0-48c4-9ca6-9025efb9fecc,"https://cdn.zeptonow.com/production/tr:w-1280,ar-4799-4798,pr-true,f-auto,q-80/cms/product_variant/3e09e3e8-33f5-46c5-9e1d-089b24b1326d.jpeg"
"Meats, Fish & Eggs",Egg,"https://cdn.zeptonow.com/production/tr:w-90,ar-120-121,pr-true,f-auto,q-80/cms/sub_category/126.png","The Good Egg Co. Cage Free Eggs, 6 Pieces - Portein Rich, Veg Feed, Infertile",The,127,129,1 pack (6 pcs),4.5 (4.3k),Sold Out,https://www.zeptonow.com/pn/the-good-egg-co-cage-free-eggs-6-pieces-portein-rich-veg-feed-infertile/pvid/c6896968-1321-4dfc-b5be-b49424eb103b,"https://cdn.zeptonow.com/production/tr:w-1280,ar-1000-1000,pr-true,f-auto,q-80/cms/product_variant/b4c8ee60-b4a0-49c3-bd5b-00162c30df36.jpeg"
"Meats, Fish & Eggs",Egg,"https://cdn.zeptonow.com/production/tr:w-90,ar-120-121,pr-true,f-auto,q-80/cms/sub_category/126.png","The Ethical Eggs Co. Free Range Eggs, 6 Pieces - Free to roam outdoors, Veg Feed, Non-fertile",The,157,160,1 pack (6 pcs),4.9 (446),Sold Out,https://www.zeptonow.com/pn/the-ethical-eggs-co-free-range-eggs-6-pieces-free-to-roam-outdoors-veg-feed-non-fertile/pvid/0d726084-da3f-46ec-bd6f-27bfa117091d,"https://cdn.zeptonow.com/production/tr:w-1280,ar-1000-1000,pr-true,f-auto,q-80/cms/product_variant/8d808e6a-bc4e-4fc0-a24f-545f269c0988.jpeg"
"Meats, Fish & Eggs",Egg,"https://cdn.zeptonow.com/production/tr:w-90,ar-120-121,pr-true,f-auto,q-80/cms/sub_category/126.png",Suguna Fit White Eggs,Suguna,75,80,1 pack (6 pcs),4.5 (830),Sold Out,https://www.zeptonow.com/pn/suguna-fit-white-eggs/pvid/e1f690ad-b8cc-45e9-a1fc-567af4ac8f01,"https://cdn.zeptonow.com/production/tr:w-1280,ar-1021-1021,pr-true,f-auto,q-80/cms/product_variant/361a2548-2d0f-4f57-9aa2-c410e37a942a.jpeg"
"Meats, Fish & Eggs",Egg,"https://cdn.zeptonow.com/production/tr:w-90,ar-120-121,pr-true,f-auto,q-80/cms/sub_category/126.png",K K White Egg,K,225,250,1 pack (30 pcs),4.3 (4.2k),Sold Out,https://www.zeptonow.com/pn/k-k-white-egg/pvid/5b3a5fb7-4c13-4f5b-baad-1fef5a0f0f0d,"https://cdn.zeptonow.com/production/tr:w-1280,ar-1000-1000,pr-true,f-auto,q-80/cms/product_variant/23e40387-9ccb-4e57-89c9-8a5937a829b6.jpeg"
"Meats, Fish & Eggs",Egg,"https://cdn.zeptonow.com/production/tr:w-90,ar-120-121,pr-true,f-auto,q-80/cms/sub_category/126.png",Akshayakalpa Organic Country Eggs,Akshayakalpa,512,570,1 pack (24 pcs),4.3 (67),Sold Out,https://www.zeptonow.com/pn/akshayakalpa-organic-country-eggs/pvid/84e7f693-0be3-4889-bab6-c96958a202f1,"https://cdn.zeptonow.com/production/tr:w-1280,ar-1000-800,pr-true,f-auto,q-80/cms/product_variant/f14ba8cc-bacf-4f01-ba4c-d4416c0f36da.jpg"
"Meats, Fish & Eggs",Frozen Meat,"https://cdn.zeptonow.com/production/tr:w-90,ar-120-120,pr-true,f-auto,q-80/cms/sub_category/7cf4597a-2594-403b-91ef-28ba1db91d97.png",Deli Chic Mutton Curry Cut Freshly Frozen),Deli,511,625,500 g,4.2 (71),In Stock,https://www.zeptonow.com/pn/deli-chic-mutton-curry-cut-freshly-frozen/pvid/6f100891-1a24-4663-8e67-ea069dc8cf14,"https://cdn.zeptonow.com/production/tr:w-1280,ar-834-1000,pr-true,f-auto,q-80/cms/product_variant/785a3588-d02c-4696-9c1b-3713d3d8483a.jpg"
"Meats, Fish & Eggs",Frozen Meat,"https://cdn.zeptonow.com/production/tr:w-90,ar-120-120,pr-true,f-auto,q-80/cms/sub_category/7cf4597a-2594-403b-91ef-28ba1db91d97.png",ITC Master Chef Medium Prawns | Freshly Frozen | 15 hours from the Time of Harvesting,ITC,223,250,200 g,4.6 (2.8k),In Stock,https://www.zeptonow.com/pn/itc-master-chef-medium-prawns-freshly-frozen-15-hours-from-the-time-of-harvesting/pvid/d8beb5e6-c810-4435-97dd-4b9974e52bba,"https://cdn.zeptonow.com/production/tr:w-1280,ar-2560-2560,pr-true,f-auto,q-80/cms/product_variant/8ed4a05f-0242-49c4-8f3f-669e05d1da8c.jpeg"
"Meats, Fish & Eggs",Frozen Meat,"https://cdn.zeptonow.com/production/tr:w-90,ar-120-120,pr-true,f-auto,q-80/cms/sub_category/7cf4597a-2594-403b-91ef-28ba1db91d97.png",Deli Chic Chicken Liver,Deli,137,150,500 g,3.9 (425),In Stock,https://www.zeptonow.com/pn/deli-chic-chicken-liver/pvid/43e2d3fb-81f3-428a-9afd-345b75c3a14b,"https://cdn.zeptonow.com/production/tr:w-1280,ar-2370-2834,pr-true,f-auto,q-80/cms/product_variant/cf1a910a-b46d-4e3d-9f1c-f89bfd06cada.jpg"
"Meats, Fish & Eggs",Frozen Meat,"https://cdn.zeptonow.com/production/tr:w-90,ar-120-120,pr-true,f-auto,q-80/cms/sub_category/7cf4597a-2594-403b-91ef-28ba1db91d97.png",Godrej Chicken Curry Cut (Freshly Frozen),Godrej,166,200,500 g,4.2 (82),In Stock,https://www.zeptonow.com/pn/godrej-chicken-curry-cut-freshly-frozen/pvid/a643afc9-31f0-4e5d-98ca-b0aed4df1b47,"https://cdn.zeptonow.com/production/tr:w-1280,ar-1080-1080,pr-true,f-auto,q-80/cms/product_variant/d8bca61a-c4f3-4dc5-b4c5-11d8a0c4a3cf.jpeg"
"Meats, Fish & Eggs",Frozen Meat,"https://cdn.zeptonow.com/production/tr:w-90,ar-120-120,pr-true,f-auto,q-80/cms/sub_category/7cf4597a-2594-403b-91ef-28ba1db91d97.png",Deli Chic Chicken Curry Cut Freshly Frozen,Deli,178,220,500 g,4 (255),In Stock,https://www.zeptonow.com/pn/deli-chic-chicken-curry-cut-freshly-frozen/pvid/980db988-29a0-47e3-8623-55ecd5c9bf88,"https://cdn.zeptonow.com/production/tr:w-1280,ar-835-1000,pr-true,f-auto,q-80/cms/product_variant/b3b16d8f-d401-4b5a-a81f-8b6d52241c90.jpg"
"Meats, Fish & Eggs",Frozen Meat,"https://cdn.zeptonow.com/production/tr:w-90,ar-120-120,pr-true,f-auto,q-80/cms/sub_category/7cf4597a-2594-403b-91ef-28ba1db91d97.png",Godrej Chicken Breast Boneless (Freshly Frozen),Godrej,244,270,450 g,4 (564),In Stock,https://www.zeptonow.com/pn/godrej-chicken-breast-boneless-freshly-frozen/pvid/6d87a3b9-2658-4a5c-be58-c4d620c7f14a,"https://cdn.zeptonow.com/production/tr:w-1280,ar-1080-1080,pr-true,f-auto,q-80/cms/product_variant/6feaf362-6023-4850-a0ce-2913df260484.jpeg"
"Meats, Fish & Eggs",Frozen Meat,"https://cdn.zeptonow.com/production/tr:w-90,ar-120-120,pr-true,f-auto,q-80/cms/sub_category/7cf4597a-2594-403b-91ef-28ba1db91d97.png",Meatigo Frozen Chicken Curry Cuts,Meatigo,186,195,450 g,4.1 (247),In Stock,https://www.zeptonow.com/pn/meatigo-frozen-chicken-curry-cuts/pvid/01d4e286-97ec-4ad8-bfd4-93595c51ca5f,"https://cdn.zeptonow.com/production/tr:w-1280,ar-1200-1200,pr-true,f-auto,q-80/cms/product_variant/cf6b6bf6-cf0c-4ec8-b71f-9ccf713ef19e.jpeg"
"Meats, Fish & Eggs",Frozen Meat,"https://cdn.zeptonow.com/production/tr:w-90,ar-120-120,pr-true,f-auto,q-80/cms/sub_category/7cf4597a-2594-403b-91ef-28ba1db91d97.png",Deli Chic Chicken Boneless Cubes Freshly Frozen,Deli,257,280,500 g,4.5 (218),In Stock,https://www.zeptonow.com/pn/deli-chic-chicken-boneless-cubes-freshly-frozen/pvid/499c52f6-1fdf-4d87-81ea-f882365c9844,"https://cdn.zeptonow.com/production/tr:w-1280,ar-834-1000,pr-true,f-auto,q-80/cms/product_variant/a4523134-160e-46b7-9306-d02ba780cbb7.jpg"
"Meats, Fish & Eggs",Frozen Meat,"https://cdn.zeptonow.com/production/tr:w-90,ar-120-120,pr-true,f-auto,q-80/cms/sub_category/7cf4597a-2594-403b-91ef-28ba1db91d97.png",Meatigo Frozen Chicken Boneless Breast,Meatigo,262,275,450 g,3.9 (577),In Stock,https://www.zeptonow.com/pn/meatigo-frozen-chicken-boneless-breast/pvid/3475f3b8-ecc7-4eaa-a566-337e457fbe1d,"https://cdn.zeptonow.com/production/tr:w-1280,ar-1000-1000,pr-true,f-auto,q-80/cms/product_variant/34282313-eabc-4ce3-bf9c-73537f578a90.jpeg"
"Meats, Fish & Eggs",Frozen Meat,"https://cdn.zeptonow.com/production/tr:w-90,ar-120-120,pr-true,f-auto,q-80/cms/sub_category/7cf4597a-2594-403b-91ef-28ba1db91d97.png",Meatzza Fresh Boneless Chicken Breast,Meatzza,258,260,500 g,4.3 (297),In Stock,https://www.zeptonow.com/pn/meatzza-fresh-boneless-chicken-breast/pvid/1ceb72be-34e6-4169-bff8-90fde6cbf985,"https://cdn.zeptonow.com/production/tr:w-1280,ar-1500-1500,pr-true,f-auto,q-80/cms/product_variant/8379ae36-d2a4-4164-a8e1-c3585dcf0f62.jpeg"
"Meats, Fish & Eggs",Frozen Meat,"https://cdn.zeptonow.com/production/tr:w-90,ar-120-120,pr-true,f-auto,q-80/cms/sub_category/7cf4597a-2594-403b-91ef-28ba1db91d97.png",Meatzza Fresh Chicken Curry Cut Bone In,Meatzza,195,195,500 g,4.1 (64),In Stock,https://www.zeptonow.com/pn/meatzza-fresh-chicken-curry-cut-bone-in/pvid/82657ccd-a561-400d-99d0-2d6e3fb7eb83,"https://cdn.zeptonow.com/production/tr:w-1280,ar-1500-1500,pr-true,f-auto,q-80/cms/product_variant/4355d5e7-3dd9-442a-84b4-3e11304c12fe.jpeg"
"Meats, Fish & Eggs",Frozen Meat,"https://cdn.zeptonow.com/production/tr:w-90,ar-120-120,pr-true,f-auto,q-80/cms/sub_category/7cf4597a-2594-403b-91ef-28ba1db91d97.png",Meatzza Fresh -Mutton Curry Cut,Meatzza,550,550,500 g,4.4 (56),In Stock,https://www.zeptonow.com/pn/meatzza-fresh-mutton-curry-cut/pvid/6a77bf6e-b134-4599-a6df-06be6ac9ab4d,"https://cdn.zeptonow.com/production/tr:w-1280,ar-1200-1200,pr-true,f-auto,q-80/cms/product_variant/f8a249a9-c4a3-4004-aa91-d87b5eea5da9.jpeg"
"Meats, Fish & Eggs",Frozen Meat,"https://cdn.zeptonow.com/production/tr:w-90,ar-120-120,pr-true,f-auto,q-80/cms/sub_category/7cf4597a-2594-403b-91ef-28ba1db91d97.png",Meatigo Chicken Drumsticks (Frozen),Meatigo,247,260,450 g,4 (661),In Stock,https://www.zeptonow.com/pn/meatigo-chicken-drumsticks-frozen/pvid/365b9347-f946-447d-aab4-4fb5f98a1768,"https://cdn.zeptonow.com/production/tr:w-1280,ar-1000-1000,pr-true,f-auto,q-80/cms/product_variant/977f1910-481a-49a2-a851-0568f7709e65.jpeg"
"Meats, Fish & Eggs",Frozen Meat,"https://cdn.zeptonow.com/production/tr:w-90,ar-120-120,pr-true,f-auto,q-80/cms/sub_category/7cf4597a-2594-403b-91ef-28ba1db91d97.png",Godrej Yummiez Large Prawns,Yu,233,280,200 g,4.5 (458),In Stock,https://www.zeptonow.com/pn/godrej-yummiez-large-prawns/pvid/27f20e4d-dc39-43b7-a586-aa5d36595fbd,"https://cdn.zeptonow.com/production/tr:w-1280,ar-1200-1200,pr-true,f-auto,q-80/cms/product_variant/78944c74-fe70-43ea-8c16-950c2534e955.jpeg"
"Meats, Fish & Eggs",Frozen Meat,"https://cdn.zeptonow.com/production/tr:w-90,ar-120-120,pr-true,f-auto,q-80/cms/sub_category/7cf4597a-2594-403b-91ef-28ba1db91d97.png",Prasuma Pork Cubes Frozen (Curry Cut Boneless),Prasuma,513,540,500 g,4.1 (359),In Stock,https://www.zeptonow.com/pn/prasuma-pork-cubes-frozen-curry-cut-boneless/pvid/a5d00dac-6dac-47b5-b5bf-75577539b24c,"https://cdn.zeptonow.com/production/tr:w-1280,ar-1000-1000,pr-true,f-auto,q-80/cms/product_variant/822c0d9b-f191-4591-a027-ea44be42d349.jpeg"
"Meats, Fish & Eggs",Frozen Meat,"https://cdn.zeptonow.com/production/tr:w-90,ar-120-120,pr-true,f-auto,q-80/cms/sub_category/7cf4597a-2594-403b-91ef-28ba1db91d97.png",Meatzza Fresh Boneless Chicken Thighs,Meatzza,266,280,500 g,4.3 (143),In Stock,https://www.zeptonow.com/pn/meatzza-fresh-boneless-chicken-thighs/pvid/55070fb5-0efc-48dc-ad81-6e2c097602fc,"https://cdn.zeptonow.com/production/tr:w-1280,ar-1500-1500,pr-true,f-auto,q-80/cms/product_variant/21e44fcb-d664-47f9-a39a-1e4b560bc3d7.jpeg"
"Meats, Fish & Eggs",Frozen Meat,"https://cdn.zeptonow.com/production/tr:w-90,ar-120-120,pr-true,f-auto,q-80/cms/sub_category/7cf4597a-2594-403b-91ef-28ba1db91d97.png",Meatigo Everyday Herb & Lime Chicken Breast (Frozen),Meatigo,200,210,175 g,4.2 (231),In Stock,https://www.zeptonow.com/pn/meatigo-everyday-herb-lime-chicken-breast-frozen/pvid/541b6fa3-a834-4d40-b04b-59cdc674680b,"https://cdn.zeptonow.com/production/tr:w-1280,ar-1000-1000,pr-true,f-auto,q-80/cms/product_variant/b2884f76-f41a-4c85-97b8-d455e045edac.jpeg"
"Meats, Fish & Eggs",Frozen Meat,"https://cdn.zeptonow.com/production/tr:w-90,ar-120-120,pr-true,f-auto,q-80/cms/sub_category/7cf4597a-2594-403b-91ef-28ba1db91d97.png",Meatigo Everyday Harissa Chicken Breast (Frozen),Meatigo,200,210,175 g,4.6 (136),In Stock,https://www.zeptonow.com/pn/meatigo-everyday-harissa-chicken-breast-frozen/pvid/86f025d1-d9fd-406b-befe-d0d5bcb8c9f1,"https://cdn.zeptonow.com/production/tr:w-1280,ar-1000-1000,pr-true,f-auto,q-80/cms/product_variant/511f4111-ee60-4368-bd77-ba8824df97f8.jpeg"
"Meats, Fish & Eggs",Frozen Meat,"https://cdn.zeptonow.com/production/tr:w-90,ar-120-120,pr-true,f-auto,q-80/cms/sub_category/7cf4597a-2594-403b-91ef-28ba1db91d97.png",Meatigo Boneless Chicken Thigh (Frozen),Meatigo,272,295,450 g,4 (298),In Stock,https://www.zeptonow.com/pn/meatigo-boneless-chicken-thigh-frozen/pvid/74169fb6-65c4-4e6b-a45a-3a1585f8c4de,"https://cdn.zeptonow.com/production/tr:w-1280,ar-1000-1000,pr-true,f-auto,q-80/cms/product_variant/d8c63e84-3d45-4bd2-8aa2-34831a193d38.jpeg"
"Meats, Fish & Eggs",Frozen Meat,"https://cdn.zeptonow.com/production/tr:w-90,ar-120-120,pr-true,f-auto,q-80/cms/sub_category/7cf4597a-2594-403b-91ef-28ba1db91d97.png",Meatigo Everyday Chicken Breast (Frozen),Meatigo,167,175,150 g,4.1 (162),In Stock,https://www.zeptonow.com/pn/meatigo-everyday-chicken-breast-frozen/pvid/45aa3125-a1d5-458f-b2e0-5b6fcedc15b4,"https://cdn.zeptonow.com/production/tr:w-1280,ar-1000-1000,pr-true,f-auto,q-80/cms/product_variant/7ab4b3cb-7bdf-4e5b-9f29-df32dce1df12.jpeg"
"Meats, Fish & Eggs",Frozen Meat,"https://cdn.zeptonow.com/production/tr:w-90,ar-120-120,pr-true,f-auto,q-80/cms/sub_category/7cf4597a-2594-403b-91ef-28ba1db91d97.png",Godrej Yummiez Real Good Chicken Drumstick,Yu,250,250,500 g,3.9 (85),In Stock,https://www.zeptonow.com/pn/godrej-yummiez-real-good-chicken-drumstick/pvid/b14fbf64-ab1b-4144-be64-8239f1c0a234,"https://cdn.zeptonow.com/production/tr:w-1280,ar-3611-3611,pr-true,f-auto,q-80/cms/product_variant/543c09cb-64c5-4753-a792-eae6ed945b3e.jpg"
"Meats, Fish & Eggs",Frozen Meat,"https://cdn.zeptonow.com/production/tr:w-90,ar-120-120,pr-true,f-auto,q-80/cms/sub_category/7cf4597a-2594-403b-91ef-28ba1db91d97.png",Meatzza Fresh Chicken Drumsticks,Meatzza,245,245,500 g,4.1 (152),In Stock,https://www.zeptonow.com/pn/meatzza-fresh-chicken-drumsticks/pvid/d39ea99d-65fa-49c0-8b5f-f8ecd0868c9c,"https://cdn.zeptonow.com/production/tr:w-1280,ar-500-500,pr-true,f-auto,q-80/inventory/product/80cc1db9-b5b4-429b-abcd-78c97a61abc6-tmp/3d787b52-f42e-4c8c-8c9a-7ee3d6a608d9.jpeg"
"Meats, Fish & Eggs",Frozen Meat,"https://cdn.zeptonow.com/production/tr:w-90,ar-120-120,pr-true,f-auto,q-80/cms/sub_category/7cf4597a-2594-403b-91ef-28ba1db91d97.png",Sneha Supercool Fz Lollipop,Sneha,173,180,450 g,4 (127),In Stock,https://www.zeptonow.com/pn/sneha-supercool-fz-lollipop/pvid/cb45f587-ab1f-4eac-88b3-e55eb6479810,"https://cdn.zeptonow.com/production/tr:w-1280,ar-1000-1000,pr-true,f-auto,q-80/cms/product_variant/7f7ea2ec-d3e4-4da1-9814-ac8b9b529476.jpg"
"Meats, Fish & Eggs",Frozen Meat,"https://cdn.zeptonow.com/production/tr:w-90,ar-120-120,pr-true,f-auto,q-80/cms/sub_category/7cf4597a-2594-403b-91ef-28ba1db91d97.png",Deli Chic Chicken Whole Tandori Freshly Frozen,Deli,272,299,500 g,4 (120),In Stock,https://www.zeptonow.com/pn/deli-chic-chicken-whole-tandori-freshly-frozen/pvid/37568f30-38ff-452c-b946-805e164e83c6,"https://cdn.zeptonow.com/production/tr:w-1280,ar-834-1000,pr-true,f-auto,q-80/cms/product_variant/bde8313d-8c29-48e2-977b-178455a55266.jpg"
"Meats, Fish & Eggs",Frozen Meat,"https://cdn.zeptonow.com/production/tr:w-90,ar-120-120,pr-true,f-auto,q-80/cms/sub_category/7cf4597a-2594-403b-91ef-28ba1db91d97.png",Deli Chic Chicken Thigh Boneless Freshly Frozen,Deli,300,300,500 g,4.6 (998),In Stock,https://www.zeptonow.com/pn/deli-chic-chicken-thigh-boneless-freshly-frozen/pvid/908e3bf1-f4eb-45ca-a853-74eb726882f7,"https://cdn.zeptonow.com/production/tr:w-1280,ar-834-1000,pr-true,f-auto,q-80/cms/product_variant/a4ebfe8b-8542-42cc-bc45-d7d95e30c861.jpg"
"Meats, Fish & Eggs",Frozen Meat,"https://cdn.zeptonow.com/production/tr:w-90,ar-120-120,pr-true,f-auto,q-80/cms/sub_category/7cf4597a-2594-403b-91ef-28ba1db91d97.png",Sneha Supercool Fz Drumsticks Skinless,Sneha,185,185,450 g,4.3 (147),In Stock,https://www.zeptonow.com/pn/sneha-supercool-fz-drumsticks-skinless/pvid/b718dc2e-da67-41e6-bed8-94c7ac8169db,"https://cdn.zeptonow.com/production/tr:w-1280,ar-1000-1000,pr-true,f-auto,q-80/cms/product_variant/83dcd411-728c-41b7-8572-4e6a9b94151b.jpg"
"Meats, Fish & Eggs",Frozen Meat,"https://cdn.zeptonow.com/production/tr:w-90,ar-120-120,pr-true,f-auto,q-80/cms/sub_category/7cf4597a-2594-403b-91ef-28ba1db91d97.png",Pork Passion Pork Bacon,Pork,349,349,200 g,4.5 (96),In Stock,https://www.zeptonow.com/pn/pork-passion-pork-bacon/pvid/a10f29fb-4694-4f90-9076-fc20aad2dfaf,"https://cdn.zeptonow.com/production/tr:w-1280,ar-2364-3072,pr-true,f-auto,q-80/cms/product_variant/b943f516-b894-4d0a-9b92-873e292cb6e4.jpg"
"Meats, Fish & Eggs",Frozen Meat,"https://cdn.zeptonow.com/production/tr:w-90,ar-120-120,pr-true,f-auto,q-80/cms/sub_category/7cf4597a-2594-403b-91ef-28ba1db91d97.png",Sneha Supercool Fz Leg Boneless,Sneha,222,222,450 g,4.7 (76),In Stock,https://www.zeptonow.com/pn/sneha-supercool-fz-leg-boneless/pvid/22e287fa-dfa1-428b-94df-6adc4302f749,"https://cdn.zeptonow.com/production/tr:w-1280,ar-1000-1000,pr-true,f-auto,q-80/cms/product_variant/579c3857-2df6-4d22-a123-1f537b39ff76.jpg"
"Meats, Fish & Eggs",Frozen Meat,"https://cdn.zeptonow.com/production/tr:w-90,ar-120-120,pr-true,f-auto,q-80/cms/sub_category/7cf4597a-2594-403b-91ef-28ba1db91d97.png",Godrej Yummiez Chicken Punjabi Tikka,Yu,315,325,360 g,4.9 (80),In Stock,https://www.zeptonow.com/pn/godrej-yummiez-chicken-punjabi-tikka/pvid/28e428c5-172d-46c6-9830-cd7f6e4fb99a,"https://cdn.zeptonow.com/production/tr:w-1280,ar-1200-1286,pr-true,f-auto,q-80/cms/product_variant/5170fe70-2166-4eff-90d6-75df15566299.jpeg"
"Meats, Fish & Eggs",Frozen Meat,"https://cdn.zeptonow.com/production/tr:w-90,ar-120-120,pr-true,f-auto,q-80/cms/sub_category/7cf4597a-2594-403b-91ef-28ba1db91d97.png",Deli Chic Chicken Drumsticks Freshly Frozen,Deli,270,270,500 g,4.1 (88),In Stock,https://www.zeptonow.com/pn/deli-chic-chicken-drumsticks-freshly-frozen/pvid/f0e99448-3468-478f-97ff-c1ed3edfde18,"https://cdn.zeptonow.com/production/tr:w-1280,ar-834-1000,pr-true,f-auto,q-80/cms/product_variant/6d2992ff-f202-413c-8c35-26beb4dccac5.jpg"
"Meats, Fish & Eggs",Frozen Meat,"https://cdn.zeptonow.com/production/tr:w-90,ar-120-120,pr-true,f-auto,q-80/cms/sub_category/7cf4597a-2594-403b-91ef-28ba1db91d97.png",ITC Master Chef Medium Prawns Peeled & Deveined 200 g Combo,ITC,416,500,200 g X 2,4.4 (152),In Stock,https://www.zeptonow.com/pn/itc-master-chef-medium-prawns-peeled-deveined-200-g-combo/pvid/67c73d3e-3749-4c6f-8182-979d574bdde3,"https://cdn.zeptonow.com/production/tr:w-1280,ar-1500-1500,pr-true,f-auto,q-80/cms/product_variant/f3bc2d7c-217c-4d6b-b3ba-dab159ebfa1f.jpg"
"Meats, Fish & Eggs",Frozen Meat,"https://cdn.zeptonow.com/production/tr:w-90,ar-120-120,pr-true,f-auto,q-80/cms/sub_category/7cf4597a-2594-403b-91ef-28ba1db91d97.png",ITC Master Chef Medium Prawns Peeled & Deveined 200 g Combo,ITC,594,750,200 g X 3,4.6 (504),In Stock,https://www.zeptonow.com/pn/itc-master-chef-medium-prawns-peeled-deveined-200-g-combo/pvid/2ac2406d-ecaf-44d7-b380-b159478e545c,"https://cdn.zeptonow.com/production/tr:w-1280,ar-1500-1500,pr-true,f-auto,q-80/cms/product_variant/46eabc84-0f78-46c5-b375-77cdb0d936e5.jpg"
"Meats, Fish & Eggs",Frozen Meat,"https://cdn.zeptonow.com/production/tr:w-90,ar-120-120,pr-true,f-auto,q-80/cms/sub_category/7cf4597a-2594-403b-91ef-28ba1db91d97.png",Godrej Yummiez Large Prawns 200 g Combo,Yu,436,560,200 g X 2,4.6 (498),In Stock,https://www.zeptonow.com/pn/godrej-yummiez-large-prawns-200-g-combo/pvid/7cf778a1-df7f-43d4-a796-cd7e4ab52bb4,"https://cdn.zeptonow.com/production/tr:w-1280,ar-1200-1200,pr-true,f-auto,q-80/cms/product_variant/efd42bc2-faa4-4e45-881a-fa1e7cdcc890.jpg"
"Meats, Fish & Eggs",Frozen Meat,"https://cdn.zeptonow.com/production/tr:w-90,ar-120-120,pr-true,f-auto,q-80/cms/sub_category/7cf4597a-2594-403b-91ef-28ba1db91d97.png",Meatigo Frozen Chicken Boneless Breast 450 g Combo,Meatigo,490,550,450 g X 2,4.4 (155),In Stock,https://www.zeptonow.com/pn/meatigo-frozen-chicken-boneless-breast-450-g-combo/pvid/28badc9e-6eac-419c-ab22-dc8e1eb6073e,"https://cdn.zeptonow.com/production/tr:w-1280,ar-1500-1500,pr-true,f-auto,q-80/cms/product_variant/356ad813-b44d-4ccc-9dab-7005b000905b.jpg"
"Meats, Fish & Eggs",Frozen Meat,"https://cdn.zeptonow.com/production/tr:w-90,ar-120-120,pr-true,f-auto,q-80/cms/sub_category/7cf4597a-2594-403b-91ef-28ba1db91d97.png",Meatigo Boneless Chicken Thigh (Frozen) 450 g Combo,Meatigo,514,590,450 g X 2,4.6 (95),In Stock,https://www.zeptonow.com/pn/meatigo-boneless-chicken-thigh-frozen-450-g-combo/pvid/e1cbf717-1109-47da-b356-2a2be33bd48f,"https://cdn.zeptonow.com/production/tr:w-1280,ar-1500-1500,pr-true,f-auto,q-80/cms/product_variant/a207e696-7375-44b9-be30-edb524bc3858.jpg"
"Meats, Fish & Eggs",Frozen Meat,"https://cdn.zeptonow.com/production/tr:w-90,ar-120-120,pr-true,f-auto,q-80/cms/sub_category/7cf4597a-2594-403b-91ef-28ba1db91d97.png",Meatzza Fresh Boneless Chicken Thighs 500 g Combo,Meatzza,723,840,500 g X 3,4.6 (313),In Stock,https://www.zeptonow.com/pn/meatzza-fresh-boneless-chicken-thighs-500-g-combo/pvid/972520d8-2069-4540-a182-d4f37a24fdd9,"https://cdn.zeptonow.com/production/tr:w-1280,ar-1500-1500,pr-true,f-auto,q-80/cms/product_variant/27722f03-b713-46ee-b3f0-41032009e974.jpg"
"Meats, Fish & Eggs",Frozen Meat,"https://cdn.zeptonow.com/production/tr:w-90,ar-120-120,pr-true,f-auto,q-80/cms/sub_category/7cf4597a-2594-403b-91ef-28ba1db91d97.png",Meatigo Chicken Drumsticks (Frozen) 450 g Combo,Meatigo,468,520,450 g X 2,4.4 (443),In Stock,https://www.zeptonow.com/pn/meatigo-chicken-drumsticks-frozen-450-g-combo/pvid/522d9d45-30a4-409c-b220-41e836120841,"https://cdn.zeptonow.com/production/tr:w-1280,ar-1500-1500,pr-true,f-auto,q-80/cms/product_variant/dc6ec26f-482b-4288-84c8-3f282301202b.jpg"
"Meats, Fish & Eggs",Frozen Meat,"https://cdn.zeptonow.com/production/tr:w-90,ar-120-120,pr-true,f-auto,q-80/cms/sub_category/7cf4597a-2594-403b-91ef-28ba1db91d97.png",Meatzza Fresh -Mutton Curry Cut 500 g Combo,Meatzza,1044,1100,500 g X 2,4.2 (785),In Stock,https://www.zeptonow.com/pn/meatzza-fresh-mutton-curry-cut-500-g-combo/pvid/d6c7e14e-264a-444f-9548-c9a2f16c6084,"https://cdn.zeptonow.com/production/tr:w-1280,ar-1500-1500,pr-true,f-auto,q-80/cms/product_variant/dc6da9fd-0d9d-4097-a218-80c117cab7e6.jpg"
"Meats, Fish & Eggs",Frozen Meat,"https://cdn.zeptonow.com/production/tr:w-90,ar-120-120,pr-true,f-auto,q-80/cms/sub_category/7cf4597a-2594-403b-91ef-28ba1db91d97.png",Godrej Chicken Lollipop (Freshly Frozen),Godrej,197,200,350 g,3.9 (688),Sold Out,https://www.zeptonow.com/pn/godrej-chicken-lollipop-freshly-frozen/pvid/f64cd035-122e-4f6b-b788-3f74739e6f75,"https://cdn.zeptonow.com/production/tr:w-1280,ar-1200-1286,pr-true,f-auto,q-80/cms/product_variant/c454be90-64b1-44f4-ba15-79a17a7d0a72.jpg"
"Meats, Fish & Eggs",Frozen Meat,"https://cdn.zeptonow.com/production/tr:w-90,ar-120-120,pr-true,f-auto,q-80/cms/sub_category/7cf4597a-2594-403b-91ef-28ba1db91d97.png",Godrej Yummiez Medium Prawns,Yu,209,265,200 g,4.5 (431),Sold Out,https://www.zeptonow.com/pn/godrej-yummiez-medium-prawns/pvid/e3d7c466-620a-470f-805e-c598f7d86597,"https://cdn.zeptonow.com/production/tr:w-1280,ar-1200-1286,pr-true,f-auto,q-80/cms/product_variant/e0d7c49e-ba78-496e-9a0d-b13c234f6da2.jpeg"
"Meats, Fish & Eggs",Frozen Meat,"https://cdn.zeptonow.com/production/tr:w-90,ar-120-120,pr-true,f-auto,q-80/cms/sub_category/7cf4597a-2594-403b-91ef-28ba1db91d97.png",Sneha Supercool Fz Minced Chicken,Sneha,183,190,450 g,4.5 (145),Sold Out,https://www.zeptonow.com/pn/sneha-supercool-fz-minced-chicken/pvid/5311d226-05db-4d7b-bcf6-1f0b4764a3a1,"https://cdn.zeptonow.com/production/tr:w-1280,ar-1000-1000,pr-true,f-auto,q-80/cms/product_variant/66a4ed5a-d03a-4100-ae13-29f09cf21518.jpg"
"Meats, Fish & Eggs",Frozen Meat,"https://cdn.zeptonow.com/production/tr:w-90,ar-120-120,pr-true,f-auto,q-80/cms/sub_category/7cf4597a-2594-403b-91ef-28ba1db91d97.png",ITC Master Chef Large Prawns | Freshly Frozen | 15 hours from the Time of Harvesting,ITC,263,285,200 g,4.6 (723),Sold Out,https://www.zeptonow.com/pn/itc-master-chef-large-prawns-freshly-frozen-15-hours-from-the-time-of-harvesting/pvid/46e17b37-897e-460e-a7ed-6962e43a81a1,"https://cdn.zeptonow.com/production/tr:w-1280,ar-2560-2560,pr-true,f-auto,q-80/cms/product_variant/4eb60096-947e-4ff3-86c9-8e223679b25e.jpeg"
"Meats, Fish & Eggs",Frozen Meat,"https://cdn.zeptonow.com/production/tr:w-90,ar-120-120,pr-true,f-auto,q-80/cms/sub_category/7cf4597a-2594-403b-91ef-28ba1db91d97.png",Meatzza Fresh-Chicken-Mince,Meatzza,260,260,500 g,4.3 (265),Sold Out,https://www.zeptonow.com/pn/meatzza-fresh-chicken-mince/pvid/7e6477bd-f211-4fad-bd1d-06cc219e8d3a,"https://cdn.zeptonow.com/production/tr:w-1280,ar-2400-2400,pr-true,f-auto,q-80/cms/product_variant/0c799b97-ac38-49a0-9e39-763f567844dc.jpeg"
"Meats, Fish & Eggs",Frozen Meat,"https://cdn.zeptonow.com/production/tr:w-90,ar-120-120,pr-true,f-auto,q-80/cms/sub_category/7cf4597a-2594-403b-91ef-28ba1db91d97.png",Deli Chic Chicken Breast Boneless Freshly Frozen,Deli,254,280,500 g,4.2 (115),Sold Out,https://www.zeptonow.com/pn/deli-chic-chicken-breast-boneless-freshly-frozen/pvid/963cfd5e-cefb-4d01-8e7d-77ec9199155b,"https://cdn.zeptonow.com/production/tr:w-1280,ar-836-1000,pr-true,f-auto,q-80/cms/product_variant/1f77bc73-d3de-4a33-8a10-cff67a3a39f9.jpg"
"Meats, Fish & Eggs",Frozen Meat,"https://cdn.zeptonow.com/production/tr:w-90,ar-120-120,pr-true,f-auto,q-80/cms/sub_category/7cf4597a-2594-403b-91ef-28ba1db91d97.png",Deli Chic Chicken Curry Cut Freshly Frozen,Deli,306,380,900 g,3.9 (122),Sold Out,https://www.zeptonow.com/pn/deli-chic-chicken-curry-cut-freshly-frozen/pvid/96c7cbb6-2eb2-426b-86be-5e92811e9178,"https://cdn.zeptonow.com/production/tr:w-1280,ar-1333-1600,pr-true,f-auto,q-80/cms/product_variant/b12c2dd4-34ae-4956-ac0f-7adbd1d8f927.jpg"
"Meats, Fish & Eggs",Frozen Meat,"https://cdn.zeptonow.com/production/tr:w-90,ar-120-120,pr-true,f-auto,q-80/cms/sub_category/7cf4597a-2594-403b-91ef-28ba1db91d97.png",Zorabian Pre Cut Chicken Skinless,Zorabian,323,340,900 g,4 (51),Sold Out,https://www.zeptonow.com/pn/zorabian-pre-cut-chicken-skinless/pvid/317c4562-4768-4d0f-9f63-e9b948ae2643,"https://cdn.zeptonow.com/production/tr:w-1280,ar-2400-2400,pr-true,f-auto,q-80/cms/product_variant/96c604c5-1eb3-43da-9840-0236d4b59595.jpeg"
"Meats, Fish & Eggs",Frozen Meat,"https://cdn.zeptonow.com/production/tr:w-90,ar-120-120,pr-true,f-auto,q-80/cms/sub_category/7cf4597a-2594-403b-91ef-28ba1db91d97.png",Meatzza Fresh -Chicken Wings,Meatzza,230,230,500 g,4.4 (210),Sold Out,https://www.zeptonow.com/pn/meatzza-fresh-chicken-wings/pvid/638a0d7b-a78d-4081-9113-c335fda1936a,"https://cdn.zeptonow.com/production/tr:w-1280,ar-1500-1500,pr-true,f-auto,q-80/cms/product_variant/948162c2-8465-44af-976b-48c810db2fbf.jpg"
"Meats, Fish & Eggs",Cold Cuts,"https://cdn.zeptonow.com/production/tr:w-90,ar-327-292,pr-true,f-auto,q-80/cms/sub_category/5b202ca4-04b5-4735-9d52-9a54d8f1f6db.png",Yummiez Chicken Breakfast Sausages,Yu,158,190,250 g,4.7 (1.7k),In Stock,https://www.zeptonow.com/pn/yummiez-chicken-breakfast-sausages/pvid/0e405453-3a78-4f20-8f7e-64edd479bbb8,"https://cdn.zeptonow.com/production/tr:w-1280,ar-1000-1000,pr-true,f-auto,q-80/cms/product_variant/dbf7da09-14ed-42a7-a652-ea7d8125314e.jpeg"
"Meats, Fish & Eggs",Cold Cuts,"https://cdn.zeptonow.com/production/tr:w-90,ar-327-292,pr-true,f-auto,q-80/cms/sub_category/5b202ca4-04b5-4735-9d52-9a54d8f1f6db.png",Venky's Breakfast Sausages,Venky's,220,265,500 g,4.7 (1.6k),In Stock,https://www.zeptonow.com/pn/venkys-breakfast-sausages/pvid/3a171aae-97b2-4c8c-8e2b-7fc86e24f0aa,"https://cdn.zeptonow.com/production/tr:w-1280,ar-2400-2400,pr-true,f-auto,q-80/cms/product_variant/2dba4fb7-64d9-4fd3-8d03-c4a89af5d2be.jpeg"
"Meats, Fish & Eggs",Cold Cuts,"https://cdn.zeptonow.com/production/tr:w-90,ar-327-292,pr-true,f-auto,q-80/cms/sub_category/5b202ca4-04b5-4735-9d52-9a54d8f1f6db.png",Godrej Yummiez Chilli Chicken Sausages,Yu,188,190,250 g,4.5 (910),In Stock,https://www.zeptonow.com/pn/godrej-yummiez-chilli-chicken-sausages/pvid/7d800526-66e6-4294-b24e-077c3685bce8,"https://cdn.zeptonow.com/production/tr:w-1280,ar-1200-1200,pr-true,f-auto,q-80/cms/product_variant/5ec61cbe-c444-498b-ae98-5ca667e058e3.jpeg"
"Meats, Fish & Eggs",Cold Cuts,"https://cdn.zeptonow.com/production/tr:w-90,ar-327-292,pr-true,f-auto,q-80/cms/sub_category/5b202ca4-04b5-4735-9d52-9a54d8f1f6db.png",Yummiez Chicken Pepper and Herb Sausage Pouch,Yu,189,199,250 g,4.5 (512),In Stock,https://www.zeptonow.com/pn/yummiez-chicken-pepper-and-herb-sausage-pouch/pvid/d5ec6917-0d77-45a6-8f38-c95c9e0bbc6f,"https://cdn.zeptonow.com/production/tr:w-1280,ar-1000-1000,pr-true,f-auto,q-80/cms/product_variant/89ea06c9-be01-4888-9800-a81a844a6dec.jpeg"
"Meats, Fish & Eggs",Cold Cuts,"https://cdn.zeptonow.com/production/tr:w-90,ar-327-292,pr-true,f-auto,q-80/cms/sub_category/5b202ca4-04b5-4735-9d52-9a54d8f1f6db.png",Prasuma Chicken Cheese & Chilli Sausage,Prasuma,166,195,250 g,4.6 (771),In Stock,https://www.zeptonow.com/pn/prasuma-chicken-cheese-chilli-sausage/pvid/5a32f237-f030-4b97-a5c9-361cc3090f0d,"https://cdn.zeptonow.com/production/tr:w-1280,ar-1000-1000,pr-true,f-auto,q-80/cms/product_variant/6e40aa3a-6c19-4747-bff9-76d9d75e4527.jpeg"
"Meats, Fish & Eggs",Cold Cuts,"https://cdn.zeptonow.com/production/tr:w-90,ar-327-292,pr-true,f-auto,q-80/cms/sub_category/5b202ca4-04b5-4735-9d52-9a54d8f1f6db.png",Godrej Yummiez Chicken Cheese Cocktail Sausages,Yu,239,250,400 g,4.5 (516),In Stock,https://www.zeptonow.com/pn/godrej-yummiez-chicken-cheese-cocktail-sausages/pvid/4b58aefb-af4d-47fa-8633-042a385d5799,"https://cdn.zeptonow.com/production/tr:w-1280,ar-2400-2400,pr-true,f-auto,q-80/cms/product_variant/28bb9cc4-a652-4a98-b2d4-09ee7a51054c.jpg"
"Meats, Fish & Eggs",Cold Cuts,"https://cdn.zeptonow.com/production/tr:w-90,ar-327-292,pr-true,f-auto,q-80/cms/sub_category/5b202ca4-04b5-4735-9d52-9a54d8f1f6db.png",Godrej Yummiez Chicken Pepper & Herb Salami,Yu,188,199,250 g,4.3 (606),In Stock,https://www.zeptonow.com/pn/godrej-yummiez-chicken-pepper-herb-salami/pvid/51769c4b-f6df-499a-82ff-dad02837da99,"https://cdn.zeptonow.com/production/tr:w-1280,ar-2400-2400,pr-true,f-auto,q-80/cms/product_variant/5359d67a-7045-4378-b5d7-18118811c078.jpeg"
"Meats, Fish & Eggs",Cold Cuts,"https://cdn.zeptonow.com/production/tr:w-90,ar-327-292,pr-true,f-auto,q-80/cms/sub_category/5b202ca4-04b5-4735-9d52-9a54d8f1f6db.png",Yummiez Chicken Sausages - Cheese & Onion,Yu,197,215,250 g,4.4 (124),In Stock,https://www.zeptonow.com/pn/yummiez-chicken-sausages-cheese-onion/pvid/2f1457b6-d1ec-441a-b7b6-3f2f8c86a3b4,"https://cdn.zeptonow.com/production/tr:w-1280,ar-1000-1000,pr-true,f-auto,q-80/cms/product_variant/58c41cd9-d3be-4bf4-a87c-7170f44f7dcb.jpeg"
"Meats, Fish & Eggs",Cold Cuts,"https://cdn.zeptonow.com/production/tr:w-90,ar-327-292,pr-true,f-auto,q-80/cms/sub_category/5b202ca4-04b5-4735-9d52-9a54d8f1f6db.png",Godrej Yummiez Chicken Breakfast Salami,Yu,158,190,250 g,4.8 (923),In Stock,https://www.zeptonow.com/pn/godrej-yummiez-chicken-breakfast-salami/pvid/4af9154d-b2b4-4afe-afb6-aee1231d7cdf,"https://cdn.zeptonow.com/production/tr:w-1280,ar-1200-1200,pr-true,f-auto,q-80/cms/product_variant/8d246eb9-be15-459b-8020-25d60fff7151.jpeg"
"Meats, Fish & Eggs",Cold Cuts,"https://cdn.zeptonow.com/production/tr:w-90,ar-327-292,pr-true,f-auto,q-80/cms/sub_category/5b202ca4-04b5-4735-9d52-9a54d8f1f6db.png",Prasuma Chicken Ham,Prasuma,175,195,200 g,4.5 (530),In Stock,https://www.zeptonow.com/pn/prasuma-chicken-ham/pvid/417e0248-653c-4f8f-b602-47e82710f444,"https://cdn.zeptonow.com/production/tr:w-1280,ar-1000-1000,pr-true,f-auto,q-80/cms/product_variant/9962486f-d22f-4cb4-8cef-7da8b7238c38.jpeg"
"Meats, Fish & Eggs",Cold Cuts,"https://cdn.zeptonow.com/production/tr:w-90,ar-327-292,pr-true,f-auto,q-80/cms/sub_category/5b202ca4-04b5-4735-9d52-9a54d8f1f6db.png",Venky's Chicken Sausages,Venky's,324,375,500 g,4.2 (209),In Stock,https://www.zeptonow.com/pn/venkys-chicken-sausages/pvid/606984c6-1016-4f17-85ad-2ce5bd4959d2,"https://cdn.zeptonow.com/production/tr:w-1280,ar-1000-978,pr-true,f-auto,q-80/cms/product_variant/aa1d2070-1e61-47b4-82f4-cb1d7090d23a.jpeg"
"Meats, Fish & Eggs",Cold Cuts,"https://cdn.zeptonow.com/production/tr:w-90,ar-327-292,pr-true,f-auto,q-80/cms/sub_category/5b202ca4-04b5-4735-9d52-9a54d8f1f6db.png",Prasuma Chicken Pepperoni Salami,Prasuma,151,160,100 g,4.5 (634),In Stock,https://www.zeptonow.com/pn/prasuma-chicken-pepperoni-salami/pvid/814a464e-c18a-4354-ac70-47260fa51fcc,"https://cdn.zeptonow.com/production/tr:w-1280,ar-1000-1000,pr-true,f-auto,q-80/cms/product_variant/e3ed8251-15cc-4662-9708-1ec31db6ace3.jpeg"
"Meats, Fish & Eggs",Cold Cuts,"https://cdn.zeptonow.com/production/tr:w-90,ar-327-292,pr-true,f-auto,q-80/cms/sub_category/5b202ca4-04b5-4735-9d52-9a54d8f1f6db.png",Uro Pork Smoked Back Bacon Sliced Imported 250G,Uro,316,395,250 g,4.3 (87),In Stock,https://www.zeptonow.com/pn/uro-pork-smoked-back-bacon-sliced-imported-250g/pvid/0e909c96-a652-4266-8fa0-68d06b9b4cee,"https://cdn.zeptonow.com/production/tr:w-1280,ar-3391-3600,pr-true,f-auto,q-80/cms/product_variant/5cc83067-3941-42ab-ad92-422ddeb1f550.jpg"
"Meats, Fish & Eggs",Cold Cuts,"https://cdn.zeptonow.com/production/tr:w-90,ar-327-292,pr-true,f-auto,q-80/cms/sub_category/5b202ca4-04b5-4735-9d52-9a54d8f1f6db.png",Godrej Yummiez Chicken Breakfast Sausage,Yu,259,325,500 g,4.6 (309),In Stock,https://www.zeptonow.com/pn/godrej-yummiez-chicken-breakfast-sausage/pvid/95503470-af74-4ff0-ae05-4dd1ea393069,"https://cdn.zeptonow.com/production/tr:w-1280,ar-1200-1200,pr-true,f-auto,q-80/cms/product_variant/ce4b4e05-af6c-4265-af47-f6aac30e354b.jpeg"
"Meats, Fish & Eggs",Cold Cuts,"https://cdn.zeptonow.com/production/tr:w-90,ar-327-292,pr-true,f-auto,q-80/cms/sub_category/5b202ca4-04b5-4735-9d52-9a54d8f1f6db.png",Zorabian Chicken Salami,Zorabian,167,175,250 g,4.8 (180),In Stock,https://www.zeptonow.com/pn/zorabian-chicken-salami/pvid/285e3fbf-d14e-4d66-b797-df2e98e0d64c,"https://cdn.zeptonow.com/production/tr:w-1280,ar-1001-1001,pr-true,f-auto,q-80/cms/product_variant/a81490b1-08be-40c0-a05c-7d65d6c3fda6.jpeg"
"Meats, Fish & Eggs",Cold Cuts,"https://cdn.zeptonow.com/production/tr:w-90,ar-327-292,pr-true,f-auto,q-80/cms/sub_category/5b202ca4-04b5-4735-9d52-9a54d8f1f6db.png",Godrej yummiez Pepper and Herb Sausages,Yu,316,345,500 g,4.2 (381),In Stock,https://www.zeptonow.com/pn/godrej-yummiez-pepper-and-herb-sausages/pvid/581cae53-c9d0-4252-8aa1-9685bbfce841,"https://cdn.zeptonow.com/production/tr:w-1280,ar-1200-1200,pr-true,f-auto,q-80/cms/product_variant/16bf3c36-5df2-4dc0-ac00-0a6dda51d92f.jpeg"
"Meats, Fish & Eggs",Cold Cuts,"https://cdn.zeptonow.com/production/tr:w-90,ar-327-292,pr-true,f-auto,q-80/cms/sub_category/5b202ca4-04b5-4735-9d52-9a54d8f1f6db.png",Prasuma Pork Breakfast Bacon,Prasuma,384,395,300 g,4.8 (309),In Stock,https://www.zeptonow.com/pn/prasuma-pork-breakfast-bacon/pvid/aaabbe07-af05-4ea8-973b-29e8bb744af0,"https://cdn.zeptonow.com/production/tr:w-1280,ar-1000-1000,pr-true,f-auto,q-80/cms/product_variant/e1277e43-6f10-47a4-acb6-61969e41d76b.jpeg"
"Meats, Fish & Eggs",Cold Cuts,"https://cdn.zeptonow.com/production/tr:w-90,ar-327-292,pr-true,f-auto,q-80/cms/sub_category/5b202ca4-04b5-4735-9d52-9a54d8f1f6db.png",Meatzza Chicken Salami Plain Sliced,Meatzza,172,185,250 g,4.6 (156),In Stock,https://www.zeptonow.com/pn/meatzza-chicken-salami-plain-sliced/pvid/9d9b9e3c-d29c-4109-90df-31f1c2e67dc7,"https://cdn.zeptonow.com/production/tr:w-1280,ar-500-500,pr-true,f-auto,q-80/cms/product_variant/e1f13ee1-09be-44b1-a02c-e4299505eca7.jpg"
"Meats, Fish & Eggs",Cold Cuts,"https://cdn.zeptonow.com/production/tr:w-90,ar-327-292,pr-true,f-auto,q-80/cms/sub_category/5b202ca4-04b5-4735-9d52-9a54d8f1f6db.png",Zorabian Chicken Smoked Ham,Zorabian,225,225,250 g,4.8 (276),In Stock,https://www.zeptonow.com/pn/zorabian-chicken-smoked-ham/pvid/1c28c1be-edb5-45a9-b98e-bd33cfc1817e,"https://cdn.zeptonow.com/production/tr:w-1280,ar-2400-2400,pr-true,f-auto,q-80/cms/product_variant/c7b03fe7-3ffb-40b8-b04c-317a1a730203.jpg"
"Meats, Fish & Eggs",Cold Cuts,"https://cdn.zeptonow.com/production/tr:w-90,ar-327-292,pr-true,f-auto,q-80/cms/sub_category/5b202ca4-04b5-4735-9d52-9a54d8f1f6db.png",Meatzza Chicken Ham Sliced,Meatzza,187,220,250 g,4.6 (200),In Stock,https://www.zeptonow.com/pn/meatzza-chicken-ham-sliced/pvid/d58b127b-0378-4231-93fe-691b831705f3,"https://cdn.zeptonow.com/production/tr:w-1280,ar-1500-1500,pr-true,f-auto,q-80/cms/product_variant/0d320b6a-43af-4764-94c4-b7ce549936ea.jpg"
"Meats, Fish & Eggs",Cold Cuts,"https://cdn.zeptonow.com/production/tr:w-90,ar-327-292,pr-true,f-auto,q-80/cms/sub_category/5b202ca4-04b5-4735-9d52-9a54d8f1f6db.png",Carnivore Chicken Salami Sliced (Plain),Carnivore,335,335,500 g,4.4 (83),In Stock,https://www.zeptonow.com/pn/carnivore-chicken-salami-sliced-plain/pvid/a5453c62-94be-4411-8246-65e2c0d37427,"https://cdn.zeptonow.com/production/tr:w-1280,ar-2000-2000,pr-true,f-auto,q-80/cms/product_variant/c03eb162-931b-4fa1-a38b-caab97f0859e.jpg"
"Meats, Fish & Eggs",Cold Cuts,"https://cdn.zeptonow.com/production/tr:w-90,ar-327-292,pr-true,f-auto,q-80/cms/sub_category/5b202ca4-04b5-4735-9d52-9a54d8f1f6db.png",Prasuma Pork Sausage,Prasuma,243,250,250 g,4.4 (375),In Stock,https://www.zeptonow.com/pn/prasuma-pork-sausage/pvid/db1d1083-c652-4db7-946c-06057deccbd7,"https://cdn.zeptonow.com/production/tr:w-1280,ar-1000-1000,pr-true,f-auto,q-80/cms/product_variant/dbcea38c-3eda-43fa-b609-e33a331ebeec.jpeg"
"Meats, Fish & Eggs",Cold Cuts,"https://cdn.zeptonow.com/production/tr:w-90,ar-327-292,pr-true,f-auto,q-80/cms/sub_category/5b202ca4-04b5-4735-9d52-9a54d8f1f6db.png",Prasuma Chicken Breakfast Bacon,Prasuma,285,320,200 g,4.5 (252),In Stock,https://www.zeptonow.com/pn/prasuma-chicken-breakfast-bacon/pvid/46db6fe2-77ba-42d9-92d7-8885a81ecd78,"https://cdn.zeptonow.com/production/tr:w-1280,ar-1000-1000,pr-true,f-auto,q-80/cms/product_variant/dff8d566-adc7-41b4-aa36-b32151186546.jpeg"
"Meats, Fish & Eggs",Cold Cuts,"https://cdn.zeptonow.com/production/tr:w-90,ar-327-292,pr-true,f-auto,q-80/cms/sub_category/5b202ca4-04b5-4735-9d52-9a54d8f1f6db.png",Carnivore Chicken Frank Furter,Carnivore,360,360,500 g,4.8 (67),In Stock,https://www.zeptonow.com/pn/carnivore-chicken-frank-furter/pvid/f295a8e5-f3ee-4b97-918c-35ba6ac69030,"https://cdn.zeptonow.com/production/tr:w-1280,ar-2000-2000,pr-true,f-auto,q-80/cms/product_variant/44108499-f11e-4f73-ad15-fdd1427e52ea.jpg"
"Meats, Fish & Eggs",Cold Cuts,"https://cdn.zeptonow.com/production/tr:w-90,ar-327-292,pr-true,f-auto,q-80/cms/sub_category/5b202ca4-04b5-4735-9d52-9a54d8f1f6db.png",Deli Chic Chicken Spicy Salami,Deli,190,190,250 g,4.8 (266),In Stock,https://www.zeptonow.com/pn/deli-chic-chicken-spicy-salami/pvid/3f0f0e0c-7600-4693-bae6-7cba28200086,"https://cdn.zeptonow.com/production/tr:w-1280,ar-1510-2138,pr-true,f-auto,q-80/cms/product_variant/e0f1769d-b1db-4347-a458-be7f70a3e3c7.jpg"
"Meats, Fish & Eggs",Cold Cuts,"https://cdn.zeptonow.com/production/tr:w-90,ar-327-292,pr-true,f-auto,q-80/cms/sub_category/5b202ca4-04b5-4735-9d52-9a54d8f1f6db.png",Deli Chic Chicken Sandwich Ham Slices,Deli,199,199,200 g,3.9 (99),In Stock,https://www.zeptonow.com/pn/deli-chic-chicken-sandwich-ham-slices/pvid/19f4ad81-ba8b-4b15-a967-626ff73fd513,"https://cdn.zeptonow.com/production/tr:w-1280,ar-1511-1979,pr-true,f-auto,q-80/cms/product_variant/647eea6a-8366-4b48-b924-e09f8326af1f.jpg"
"Meats, Fish & Eggs",Cold Cuts,"https://cdn.zeptonow.com/production/tr:w-90,ar-327-292,pr-true,f-auto,q-80/cms/sub_category/5b202ca4-04b5-4735-9d52-9a54d8f1f6db.png",Carnivore Chicken Salami Sliced (Spicy),Carnivore,335,335,500 g,5 (60),In Stock,https://www.zeptonow.com/pn/carnivore-chicken-salami-sliced-spicy/pvid/726d8dee-85b1-47d1-bc44-37f7da09162d,"https://cdn.zeptonow.com/production/tr:w-1280,ar-2000-2000,pr-true,f-auto,q-80/cms/product_variant/3be42180-4eeb-4fbe-99b3-f0907ef4793b.jpg"
"Meats, Fish & Eggs",Cold Cuts,"https://cdn.zeptonow.com/production/tr:w-90,ar-327-292,pr-true,f-auto,q-80/cms/sub_category/5b202ca4-04b5-4735-9d52-9a54d8f1f6db.png",Uro Pork Ham,Uro,276,345,250 g,4.4 (786),In Stock,https://www.zeptonow.com/pn/uro-pork-ham/pvid/388affe4-154a-4645-aa34-1c44fbd3a9b2,"https://cdn.zeptonow.com/production/tr:w-1280,ar-1500-1500,pr-true,f-auto,q-80/cms/product_variant/773f6ad2-3287-41d0-96c4-211f1b8c41a1.jpg"
"Meats, Fish & Eggs",Cold Cuts,"https://cdn.zeptonow.com/production/tr:w-90,ar-327-292,pr-true,f-auto,q-80/cms/sub_category/5b202ca4-04b5-4735-9d52-9a54d8f1f6db.png",Deli Chic Chicken Blackpepper Salami,Deli,158,190,250 g,4.9 (229),In Stock,https://www.zeptonow.com/pn/deli-chic-chicken-blackpepper-salami/pvid/8d16d3af-d58e-4296-9414-37f16b01b207,"https://cdn.zeptonow.com/production/tr:w-1280,ar-2030-2720,pr-true,f-auto,q-80/cms/product_variant/56f45947-33ee-4b97-bb60-fbd90493a5cb.jpg"
"Meats, Fish & Eggs",Cold Cuts,"https://cdn.zeptonow.com/production/tr:w-90,ar-327-292,pr-true,f-auto,q-80/cms/sub_category/5b202ca4-04b5-4735-9d52-9a54d8f1f6db.png",Carnivore Chicken Sausages Masala,Carnivore,190,190,250 g,4.8 (85),In Stock,https://www.zeptonow.com/pn/carnivore-chicken-sausages-masala/pvid/6c385332-5907-4785-89a6-987c4d82296c,"https://cdn.zeptonow.com/production/tr:w-1280,ar-2400-2400,pr-true,f-auto,q-80/cms/product_variant/d5220afe-5f27-4a3d-8823-aee8ff8b05e8.jpeg"
"Meats, Fish & Eggs",Cold Cuts,"https://cdn.zeptonow.com/production/tr:w-90,ar-327-292,pr-true,f-auto,q-80/cms/sub_category/5b202ca4-04b5-4735-9d52-9a54d8f1f6db.png",Sneha Snackster Chicken Breakfast Sausage,Sneha,243,300,340 g,4.4 (458),In Stock,https://www.zeptonow.com/pn/sneha-snackster-chicken-breakfast-sausage/pvid/511620ed-b4ef-493c-84ef-77c398237b15,"https://cdn.zeptonow.com/production/tr:w-1280,ar-1001-1001,pr-true,f-auto,q-80/cms/product_variant/8737c370-1317-4336-b947-3e9bb7563534.jpg"
"Meats, Fish & Eggs",Cold Cuts,"https://cdn.zeptonow.com/production/tr:w-90,ar-327-292,pr-true,f-auto,q-80/cms/sub_category/5b202ca4-04b5-4735-9d52-9a54d8f1f6db.png",Venky's Breakfast Sausages 500 g Combo,Venky's,339,795,500 g X 3,4.6 (336),In Stock,https://www.zeptonow.com/pn/venkys-breakfast-sausages-500-g-combo/pvid/4bf05e61-8318-495c-a635-20909a471f16,"https://cdn.zeptonow.com/production/tr:w-1280,ar-1500-1500,pr-true,f-auto,q-80/cms/product_variant/733965f2-e47f-49be-ab5e-4dc0888e4413.jpg"
"Meats, Fish & Eggs",Cold Cuts,"https://cdn.zeptonow.com/production/tr:w-90,ar-327-292,pr-true,f-auto,q-80/cms/sub_category/5b202ca4-04b5-4735-9d52-9a54d8f1f6db.png",Yummiez Chicken Breakfast Sausages 250 g Combo,Yu,296,380,250 g X 2,4.6 (381),In Stock,https://www.zeptonow.com/pn/yummiez-chicken-breakfast-sausages-250-g-combo/pvid/1049aff9-94f4-4896-979f-2bbe7067da45,"https://cdn.zeptonow.com/production/tr:w-1280,ar-1500-1500,pr-true,f-auto,q-80/cms/product_variant/e56d3444-18ae-4ae2-bb47-9f25095502ce.jpg"
"Meats, Fish & Eggs",Cold Cuts,"https://cdn.zeptonow.com/production/tr:w-90,ar-327-292,pr-true,f-auto,q-80/cms/sub_category/5b202ca4-04b5-4735-9d52-9a54d8f1f6db.png",Godrej Yummiez Chilli Chicken Sausages 250 g Combo,Yu,356,380,250 g X 2,4.3 (532),In Stock,https://www.zeptonow.com/pn/godrej-yummiez-chilli-chicken-sausages-250-g-combo/pvid/7e21926a-9e6e-4334-aa70-f095a42edee1,"https://cdn.zeptonow.com/production/tr:w-1280,ar-1500-1500,pr-true,f-auto,q-80/cms/product_variant/d47e86c9-dd8a-42cb-b323-ef0dd4d444e0.jpg"
"Meats, Fish & Eggs",Cold Cuts,"https://cdn.zeptonow.com/production/tr:w-90,ar-327-292,pr-true,f-auto,q-80/cms/sub_category/5b202ca4-04b5-4735-9d52-9a54d8f1f6db.png",Godrej Yummiez Chicken Pepper & Herb Sausages(250gms) & Godrej Yummiez Chicken Breakfast Sausages(250gms) Combo,Yu,347,389,2 combo,4.6 (236),In Stock,https://www.zeptonow.com/pn/godrej-yummiez-chicken-pepper-herb-sausages250gms-godrej-yummiez-chicken-breakfast-sausages250gms-combo/pvid/3ae4575d-8102-4ff4-b2ca-895e31364077,"https://cdn.zeptonow.com/production/tr:w-1280,ar-1494-1494,pr-true,f-auto,q-80/cms/product_variant/4bd01ad1-a9f5-4a3c-a845-97f71f6fb5f1.jpg"
"Meats, Fish & Eggs",Cold Cuts,"https://cdn.zeptonow.com/production/tr:w-90,ar-327-292,pr-true,f-auto,q-80/cms/sub_category/5b202ca4-04b5-4735-9d52-9a54d8f1f6db.png",Prasuma Frozen Pork Sausage(250gms) & Prasuma Frozen Chicken Cheese & Chilli Sausage(250gms) Combo,Prasuma,409,445,2 combo,4.7 (188),In Stock,https://www.zeptonow.com/pn/prasuma-frozen-pork-sausage250gms-prasuma-frozen-chicken-cheese-chilli-sausage250gms-combo/pvid/565c8cde-5233-4376-abd2-554455bf6560,"https://cdn.zeptonow.com/production/tr:w-1280,ar-1494-1494,pr-true,f-auto,q-80/cms/product_variant/89b181bd-de84-4d85-8982-be6db27c6d73.jpg"
"Meats, Fish & Eggs",Cold Cuts,"https://cdn.zeptonow.com/production/tr:w-90,ar-327-292,pr-true,f-auto,q-80/cms/sub_category/5b202ca4-04b5-4735-9d52-9a54d8f1f6db.png",Prasuma Frozen Chicken Pepperoni Salami 100 g Combo,Prasuma,282,320,100 g X 2,4.2 (272),In Stock,https://www.zeptonow.com/pn/prasuma-frozen-chicken-pepperoni-salami-100-g-combo/pvid/59bc2ee8-b1c8-4c96-bf78-e4813037b688,"https://cdn.zeptonow.com/production/tr:w-1280,ar-1500-1500,pr-true,f-auto,q-80/cms/product_variant/33283505-3704-46a7-98b6-d0ab853d1688.jpg"
"Meats, Fish & Eggs",Cold Cuts,"https://cdn.zeptonow.com/production/tr:w-90,ar-327-292,pr-true,f-auto,q-80/cms/sub_category/5b202ca4-04b5-4735-9d52-9a54d8f1f6db.png",Prasuma Frozen Pork Breakfast Bacon(300gms) & Prasuma Frozen Pork Sausage(250gms) Combo,Prasuma,627,645,2 combo,4.2 (167),In Stock,https://www.zeptonow.com/pn/prasuma-frozen-pork-breakfast-bacon300gms-prasuma-frozen-pork-sausage250gms-combo/pvid/0b32a46f-aac3-4ba0-8bcc-fae8530ac502,"https://cdn.zeptonow.com/production/tr:w-1280,ar-1494-1494,pr-true,f-auto,q-80/cms/product_variant/2dfade70-b0ca-4673-bb6d-01d53f988e37.jpg"
"Meats, Fish & Eggs",Cold Cuts,"https://cdn.zeptonow.com/production/tr:w-90,ar-327-292,pr-true,f-auto,q-80/cms/sub_category/5b202ca4-04b5-4735-9d52-9a54d8f1f6db.png",Prasuma Frozen Chicken Breakfast Bacon(200gms) & Prasuma Chicken Ham(200gms) Combo,Prasuma,460,515,2 combo,4.3 (451),In Stock,https://www.zeptonow.com/pn/prasuma-frozen-chicken-breakfast-bacon200gms-prasuma-chicken-ham200gms-combo/pvid/9eec3c73-2a2a-4b43-9604-4b1b87da8062,"https://cdn.zeptonow.com/production/tr:w-1280,ar-1494-1494,pr-true,f-auto,q-80/cms/product_variant/b131c722-26c7-4abc-8a04-bb5e7cd9e9a6.jpg"
"Meats, Fish & Eggs",Cold Cuts,"https://cdn.zeptonow.com/production/tr:w-90,ar-327-292,pr-true,f-auto,q-80/cms/sub_category/5b202ca4-04b5-4735-9d52-9a54d8f1f6db.png",Godrej Yummiez Chicken Pepper & Herb Sausages 250G(250gms) & Godrej Yummiez Chicken Pepper & Herb Salami(250gms) Combo,Yu,377,398,2 combo,4.6 (622),In Stock,https://www.zeptonow.com/pn/godrej-yummiez-chicken-pepper-herb-sausages-250g250gms-godrej-yummiez-chicken-pepper-herb-salami250gms-combo/pvid/2403ddcb-c358-4520-9948-a017a057def3,"https://cdn.zeptonow.com/production/tr:w-1280,ar-1494-1494,pr-true,f-auto,q-80/cms/product_variant/c31c2b65-20ce-4fd4-a778-6818b1c40797.jpg"
"Meats, Fish & Eggs",Cold Cuts,"https://cdn.zeptonow.com/production/tr:w-90,ar-327-292,pr-true,f-auto,q-80/cms/sub_category/5b202ca4-04b5-4735-9d52-9a54d8f1f6db.png",Godrej Yummiez Chicken Pepper & Herb Salami 250 g Combo,Yu,356,398,250 g X 2,4.6 (91),In Stock,https://www.zeptonow.com/pn/godrej-yummiez-chicken-pepper-herb-salami-250-g-combo/pvid/d3d576e5-cd2a-49ca-83cf-2d9ea53feaff,"https://cdn.zeptonow.com/production/tr:w-1280,ar-1500-1500,pr-true,f-auto,q-80/cms/product_variant/cde9cdd8-abbe-44aa-a900-c5f19bd10dca.jpg"
"Meats, Fish & Eggs",Cold Cuts,"https://cdn.zeptonow.com/production/tr:w-90,ar-327-292,pr-true,f-auto,q-80/cms/sub_category/5b202ca4-04b5-4735-9d52-9a54d8f1f6db.png",Venky's Breakfast Sausages 500 g Combo,Venky's,328,530,500 g X 2,4.6 (69),In Stock,https://www.zeptonow.com/pn/venkys-breakfast-sausages-500-g-combo/pvid/e6b911e4-3578-455f-80b1-37a1c164c089,"https://cdn.zeptonow.com/production/tr:w-1280,ar-1500-1500,pr-true,f-auto,q-80/cms/product_variant/f4802ea9-08e8-44c3-ae13-d747e4e729a9.jpg"
"Meats, Fish & Eggs",Cold Cuts,"https://cdn.zeptonow.com/production/tr:w-90,ar-327-292,pr-true,f-auto,q-80/cms/sub_category/5b202ca4-04b5-4735-9d52-9a54d8f1f6db.png",Godrej Yummiez Chicken Pepper & Herb Sausages(250gms) & Godrej Yummiez Chicken Cheese & Onion Sausages(250gms) Combo,Yu,386,414,2 combo,4.5 (381),In Stock,https://www.zeptonow.com/pn/godrej-yummiez-chicken-pepper-herb-sausages250gms-godrej-yummiez-chicken-cheese-onion-sausages250gms-combo/pvid/7ef550ae-6c8c-4d83-8053-219732e7e5ba,"https://cdn.zeptonow.com/production/tr:w-1280,ar-1494-1494,pr-true,f-auto,q-80/cms/product_variant/c0659f8b-bf84-4dfb-bf58-943c0efa6ebf.jpg"
"Meats, Fish & Eggs",Cold Cuts,"https://cdn.zeptonow.com/production/tr:w-90,ar-327-292,pr-true,f-auto,q-80/cms/sub_category/5b202ca4-04b5-4735-9d52-9a54d8f1f6db.png",Prasuma Frozen Pork Breakfast Bacon 300 g Combo,Prasuma,736,790,300 g X 2,4.5 (154),In Stock,https://www.zeptonow.com/pn/prasuma-frozen-pork-breakfast-bacon-300-g-combo/pvid/afbc3abc-0e66-469f-939b-b8e316e3caaf,"https://cdn.zeptonow.com/production/tr:w-1280,ar-1500-1500,pr-true,f-auto,q-80/cms/product_variant/6e65e2c1-2e2c-4a1f-a48c-0a5d27f55385.jpg"
"Meats, Fish & Eggs",Cold Cuts,"https://cdn.zeptonow.com/production/tr:w-90,ar-327-292,pr-true,f-auto,q-80/cms/sub_category/5b202ca4-04b5-4735-9d52-9a54d8f1f6db.png",Prasuma Frozen Chicken Breakfast Bacon 200 g Combo,Prasuma,532,640,200 g X 2,4.2 (591),In Stock,https://www.zeptonow.com/pn/prasuma-frozen-chicken-breakfast-bacon-200-g-combo/pvid/6e3ebe05-9573-4cc1-bf36-b77103505e14,"https://cdn.zeptonow.com/production/tr:w-1280,ar-1500-1500,pr-true,f-auto,q-80/cms/product_variant/9bdd26e8-ea21-4028-8224-62b5549d6dc5.jpg"
"Meats, Fish & Eggs",Cold Cuts,"https://cdn.zeptonow.com/production/tr:w-90,ar-327-292,pr-true,f-auto,q-80/cms/sub_category/5b202ca4-04b5-4735-9d52-9a54d8f1f6db.png",Prasuma Frozen Chicken Pepperoni Salami(100gms) & Prasuma Frozen Pork Sausage(250gms) Combo,Prasuma,394,410,2 combo,4.6 (518),In Stock,https://www.zeptonow.com/pn/prasuma-frozen-chicken-pepperoni-salami100gms-prasuma-frozen-pork-sausage250gms-combo/pvid/d129d7ec-99d2-45ac-a05b-c44409b58e0f,"https://cdn.zeptonow.com/production/tr:w-1280,ar-1494-1494,pr-true,f-auto,q-80/cms/product_variant/fc4cdefa-910c-4f32-b552-60f7c7cc4226.jpg"
"Meats, Fish & Eggs",Cold Cuts,"https://cdn.zeptonow.com/production/tr:w-90,ar-327-292,pr-true,f-auto,q-80/cms/sub_category/5b202ca4-04b5-4735-9d52-9a54d8f1f6db.png",Prasuma Chicken Ham 200 g Combo,Prasuma,330,390,200 g X 2,4.2 (88),In Stock,https://www.zeptonow.com/pn/prasuma-chicken-ham-200-g-combo/pvid/fbbfe2ab-ab57-474a-9aee-8dc24203db66,"https://cdn.zeptonow.com/production/tr:w-1280,ar-1500-1500,pr-true,f-auto,q-80/cms/product_variant/854e8a80-55d8-4c44-be99-3127cec1bca6.jpg"
"Meats, Fish & Eggs",Cold Cuts,"https://cdn.zeptonow.com/production/tr:w-90,ar-327-292,pr-true,f-auto,q-80/cms/sub_category/5b202ca4-04b5-4735-9d52-9a54d8f1f6db.png",Prasuma Frozen Chicken Cheese & Chilli Sausage 250 g Combo,Prasuma,308,390,250 g X 2,4.2 (828),In Stock,https://www.zeptonow.com/pn/prasuma-frozen-chicken-cheese-chilli-sausage-250-g-combo/pvid/a1d6dd03-7db2-4ec6-83c1-c825ff914b85,"https://cdn.zeptonow.com/production/tr:w-1280,ar-1500-1500,pr-true,f-auto,q-80/cms/product_variant/010ad08e-ceec-433f-a9ce-53c06ac04709.jpg"
"Meats, Fish & Eggs",Cold Cuts,"https://cdn.zeptonow.com/production/tr:w-90,ar-327-292,pr-true,f-auto,q-80/cms/sub_category/5b202ca4-04b5-4735-9d52-9a54d8f1f6db.png",Godrej Yummiez Chilli Chicken Sausages 250 g Combo,Yu,513,570,250 g X 3,4.4 (573),In Stock,https://www.zeptonow.com/pn/godrej-yummiez-chilli-chicken-sausages-250-g-combo/pvid/7522988d-1df9-445c-93f4-bd726a596d8a,"https://cdn.zeptonow.com/production/tr:w-1280,ar-1500-1500,pr-true,f-auto,q-80/cms/product_variant/81890274-d871-4b26-939c-18e5e0d79bf1.jpg"
"Meats, Fish & Eggs",Cold Cuts,"https://cdn.zeptonow.com/production/tr:w-90,ar-327-292,pr-true,f-auto,q-80/cms/sub_category/5b202ca4-04b5-4735-9d52-9a54d8f1f6db.png",Yummiez Chicken Breakfast Sausages 250 g Combo,Yu,423,570,250 g X 3,4.4 (789),In Stock,https://www.zeptonow.com/pn/yummiez-chicken-breakfast-sausages-250-g-combo/pvid/1b0078e0-8e34-4059-8a4b-727bf348b8be,"https://cdn.zeptonow.com/production/tr:w-1280,ar-1500-1500,pr-true,f-auto,q-80/cms/product_variant/9ba34d28-7127-43aa-9f48-89fa0a2d78b7.jpg"
"Meats, Fish & Eggs",Cold Cuts,"https://cdn.zeptonow.com/production/tr:w-90,ar-327-292,pr-true,f-auto,q-80/cms/sub_category/5b202ca4-04b5-4735-9d52-9a54d8f1f6db.png",Prasuma Chicken Sausage,Prasuma,164,190,250 g,4.6 (1.2k),Sold Out,https://www.zeptonow.com/pn/prasuma-chicken-sausage/pvid/ed593930-5106-437b-8cae-569203404fff,"https://cdn.zeptonow.com/production/tr:w-1280,ar-1000-1000,pr-true,f-auto,q-80/cms/product_variant/6f0bb776-5a6b-41b7-ae56-eb17156f16b8.jpeg"
"Meats, Fish & Eggs",Cold Cuts,"https://cdn.zeptonow.com/production/tr:w-90,ar-327-292,pr-true,f-auto,q-80/cms/sub_category/5b202ca4-04b5-4735-9d52-9a54d8f1f6db.png",Prasuma Chicken Chilli Salami,Prasuma,165,185,200 g,4.5 (534),Sold Out,https://www.zeptonow.com/pn/prasuma-chicken-chilli-salami/pvid/4c244cd6-9464-4136-b057-d81376593e51,"https://cdn.zeptonow.com/production/tr:w-1280,ar-1000-1000,pr-true,f-auto,q-80/cms/product_variant/0eac3be3-6519-4b34-83d1-5a617bdebae4.jpeg"
"Meats, Fish & Eggs",Cold Cuts,"https://cdn.zeptonow.com/production/tr:w-90,ar-327-292,pr-true,f-auto,q-80/cms/sub_category/5b202ca4-04b5-4735-9d52-9a54d8f1f6db.png",Venky's Chicken Cheese & Onion Sausages,Venky's,369,380,500 g,4.8 (88),Sold Out,https://www.zeptonow.com/pn/venkys-chicken-cheese-onion-sausages/pvid/f45dbe63-915a-49c0-861f-104c45d125e5,"https://cdn.zeptonow.com/production/tr:w-1280,ar-1000-904,pr-true,f-auto,q-80/cms/product_variant/e04dc46a-ec78-4648-b9b8-4bb1417a2c82.jpeg"
